#usda 1.0
(
    defaultPrim = "root"
    doc = "Blender v5.1.2"
    metersPerUnit = 1
    upAxis = "Y"
)

def Xform "root" (
    customData = {
        dictionary Blender = {
            bool generated = 1
        }
    }
)
{
    float3 xformOp:rotateXYZ = (-90, -0, 0)
    uniform token[] xformOpOrder = ["xformOp:rotateXYZ"]

    def Xform "Spear"
    {
        custom string userProperties:blender:object_name = "Spear"

        def Mesh "Cylinder_027" (
            active = true
            prepend apiSchemas = ["MaterialBindingAPI"]
        )
        {
            uniform bool doubleSided = 1
            float3[] extent = [(-0.058797527, -1.6869913, -0.045867484), (0.07782458, 0.3242852, 0.10811718)]
            int[] faceVertexCounts = [4, 4, 4, 4, 4, 4, 4, 4, 10, 4, 4, 4, 4, 4, 4, 4, 4, 4, 4, 4, 4, 4, 4, 4, 4, 4, 4, 4, 4, 4, 4, 10, 4, 4, 4, 4, 4, 4, 4, 4, 4, 4, 4, 4, 4, 4, 4, 4, 4, 4, 4, 4, 4, 4, 4, 4, 4, 4, 4, 4, 4, 4, 4, 4, 4, 4, 4, 4, 4, 4, 4, 4, 4, 4, 4, 4, 4, 4, 4, 4, 4, 4, 4, 4, 4, 4, 4, 4, 4, 4, 4, 4, 4, 4, 4, 4, 4, 4, 4, 4, 4, 4, 4, 4, 4, 4, 4, 4, 4, 4, 4, 4, 4, 4, 4, 4, 4, 4, 4, 4, 4, 4, 4, 4, 4, 4, 4, 4, 4, 4, 4, 4, 4, 4, 4, 4, 4, 4, 4, 4, 4, 4, 4, 4, 4, 4, 4, 4, 4, 4, 4, 4, 4, 4, 4, 4, 4, 4, 4, 4, 4, 4, 4, 4, 4, 4, 4, 4, 4, 4, 4, 4, 4, 4, 4, 4, 4, 4, 4, 4, 4, 4, 4, 4, 4, 4, 4, 4, 4, 4, 4, 4, 4, 4, 4, 4, 4, 4, 4, 4, 4, 4, 4, 4, 4, 4, 4, 4, 4, 4, 4, 4, 4, 4, 4, 4, 4, 4, 4, 4, 4, 4, 4, 4, 4, 4, 4, 4, 4, 4, 4, 4, 4, 4, 4, 4, 4, 4, 4, 4, 4, 4, 4, 4, 4, 4, 4, 4, 4, 4, 4, 4, 4, 4, 4, 4, 4, 4, 4, 4, 4, 4, 4, 4, 4, 4, 4, 4, 4, 4, 4, 4, 4, 4, 4, 4, 4, 4, 4, 4, 4, 4, 4, 4, 4, 4, 4, 4, 4, 4, 4, 4, 4, 4, 4, 4, 4, 4, 4, 4, 4, 4, 4, 4, 4, 4, 4, 4, 4, 4, 4, 4, 4, 4, 4, 4, 4, 4, 4, 4, 4, 4, 4, 4, 4, 4, 4, 4, 4, 4, 4, 4, 4, 4, 4, 4, 4, 4, 4, 4, 4, 4, 4, 4, 4, 4, 4, 4, 4, 4, 4, 4, 4, 4, 4, 4, 4, 4, 4, 4, 4, 4, 4, 4, 4, 4, 4, 4, 4, 4, 4, 4, 4, 4, 4, 4, 4, 4, 4, 4, 4, 4, 4, 4, 4, 4, 4, 4, 4, 4, 4, 4, 4, 4, 4, 4, 4, 4, 4, 4, 4, 4, 4, 4, 4, 4, 4, 4, 4, 4, 4, 4, 4, 4, 4, 4, 4, 4, 4, 4, 4, 4, 4, 4, 4, 4, 4, 4, 4, 4, 4, 4, 4, 4, 4, 4, 4, 4, 4, 4, 4, 4, 4, 4, 4, 4, 4, 4, 4, 4, 4, 4, 4, 4, 4, 4, 4, 4, 4, 4, 4, 4, 4, 4, 4, 4, 4, 4, 4, 4, 4, 4, 4, 4, 4, 4, 4, 4, 4, 4, 4, 4, 4, 4, 4, 4, 4, 4, 4, 4, 4, 4, 4, 4, 4, 4, 4, 4, 4, 4, 4, 4, 4, 4, 4, 4, 4, 4, 4, 4, 4, 4, 4, 4, 4, 4, 4, 4, 4, 4, 4, 4, 4, 4, 4, 4, 4, 4, 4, 4, 4, 4, 4, 4, 4, 4, 4, 4, 4, 4, 4, 4, 4, 4, 4, 4, 4, 4, 4, 4, 4, 4, 4, 4, 4, 4, 4, 4, 4, 4, 4, 4, 4, 4, 4, 4, 4, 4, 4, 4, 4, 4, 4, 4, 4, 4, 4, 4, 4, 4, 4, 4, 4, 4, 4, 4, 4, 4, 4, 4, 4, 4, 4, 4, 4, 4, 4, 4, 4, 4, 4, 4, 4, 4, 4, 4, 4, 4, 4, 4, 4, 4, 4, 4, 4, 4, 4, 4, 4, 4, 4, 4, 4, 4, 4, 4, 4, 4, 4, 4, 4, 4, 4, 4, 4, 4, 4, 4, 4, 4, 4, 4, 4, 4, 4, 4, 4, 4, 4, 4, 4, 4, 4, 4, 4, 4, 4, 4, 4, 4, 4, 4, 4, 4, 4, 4, 4, 4, 4, 4, 4, 4, 4, 4, 4, 4, 4, 4, 4, 4, 4, 4, 4, 4, 4, 4, 4, 4, 4, 4, 4, 4, 4, 4, 4, 4, 4, 4, 4, 4, 4, 4, 4, 4, 4, 4, 4, 4, 4, 4, 4, 4, 4, 4, 4, 4, 4, 4, 4, 4, 4, 4, 4, 4, 4, 4, 4, 4, 4, 4, 4, 4, 4, 4, 4, 4, 4, 4, 4, 4, 4, 4, 4, 4, 4, 4, 4, 4, 4, 4, 4, 4, 4, 4, 4, 4, 4, 4, 4, 4, 4, 4, 4, 4, 4, 4, 4, 4, 4, 4, 4, 4, 4, 4, 4, 4, 4, 4, 4, 4, 4, 4, 4, 4, 4, 4, 4, 4, 4, 4, 4, 4, 4, 4, 4, 4, 4, 4, 4, 4, 4, 4, 4, 4, 4, 4, 4, 4, 4, 4, 4, 4, 4, 4, 4, 4, 4, 4, 4, 4, 4, 4, 4, 4, 4, 4, 4, 4, 4, 4, 4, 4, 4, 4, 4, 4, 4, 4, 4, 4, 4, 4, 4, 4, 4, 4, 4, 4, 4, 4, 4, 4, 4, 4, 4, 4, 4, 4, 4, 4, 4, 4, 4, 4, 4, 4, 4, 4, 4, 4, 4, 4, 4, 4, 4, 4, 4, 4, 4, 4, 4, 4, 4, 4, 4, 4, 4, 4, 4, 4, 4, 4, 4, 4, 4, 4, 4, 4, 4, 4, 4, 4, 4, 4, 4, 4, 4, 4, 4, 4, 4, 4, 4, 4, 4, 4, 4, 4, 4, 4, 4, 4, 4, 4, 4, 4, 4, 4, 4, 4, 4, 4, 4, 4, 4, 4, 4, 4, 4, 4, 4, 4, 4, 4, 4, 4, 4, 4, 4, 4, 4, 4, 4, 4, 4, 4, 4, 4, 4, 4, 4, 4, 4, 4, 4, 4, 4, 4, 4, 4, 4, 4, 4, 4, 4, 4, 4, 4, 4, 4, 4, 4, 4, 4, 4, 4, 4, 4, 4, 4, 4, 4, 4, 4, 4, 4, 4, 4, 4, 4, 4, 4, 4, 4, 4, 4, 4, 4, 4, 4, 4, 4, 4, 4, 4, 4, 4, 4, 4, 4, 4, 4, 4, 4, 4, 4, 4, 4, 4, 4, 4, 4, 4, 4, 4, 4, 4, 4, 4, 4, 4, 4, 4, 4, 4, 4, 4, 4, 4, 4, 4, 4, 4, 4, 4, 4, 4, 4, 4, 4, 4, 4, 4, 4, 4, 4, 4, 4, 4, 4, 4, 4, 4, 4, 4, 4, 4, 4, 4, 4, 4, 4, 4, 4, 4, 4, 4, 4, 4, 4, 4, 4, 4, 4, 4, 4, 4, 4, 4, 4, 4, 4, 4, 4, 4, 4, 4, 4, 4, 4, 4, 4, 4, 4, 4, 4, 4, 4, 4, 4, 4, 4, 4, 4, 4, 4, 4, 4, 4, 4, 4, 4, 4, 4, 4, 4, 4, 4, 4, 4, 4, 4, 4, 4, 4, 4, 4, 4, 4, 4, 4, 4, 4, 4, 4, 4, 4, 4, 4, 4, 4, 4, 4, 4, 4, 4, 4, 4, 4, 4, 4, 4, 4, 4, 4, 4, 4, 4, 4, 4, 4, 4, 4, 4, 4, 4, 4, 4, 4, 4, 4, 4, 4, 4, 4, 4, 4, 4, 4, 4, 4, 4, 4, 4, 4, 4, 4, 4, 4, 4, 4, 4, 4, 4, 4, 4, 4, 4, 4, 4, 4, 4, 4, 4, 4, 4, 4, 4, 4, 4, 4, 4, 4, 4, 4, 4, 4, 4, 4, 4, 4, 4, 4, 4, 4, 4, 4, 4, 4, 4, 4, 4, 4, 4, 4, 4, 4, 4, 4, 4, 4, 4, 4, 4, 4, 4, 4, 4, 4, 4, 4, 4, 4, 4, 4, 4, 4, 4, 4, 4, 4, 4, 4, 4, 4, 4, 4, 4, 4, 4, 4, 4, 4, 4, 4, 4, 4, 4, 4, 4, 4, 4, 4, 4, 4, 4, 4, 4, 4, 4, 4, 4, 4, 4, 4, 4, 4, 4, 4, 4, 4, 4, 4, 4, 4, 4, 4, 4, 4, 4, 4, 4, 4, 4, 4, 4, 4, 4, 4, 4, 4, 4, 4, 4, 4, 4, 4, 4, 4, 4, 4, 4, 4, 4, 4, 4, 4, 4, 4, 4, 4, 4, 4, 4, 4, 4, 4, 4, 4, 4, 4, 4, 4, 4, 4, 4, 4, 4, 4, 4, 4, 4, 4, 4, 4, 4, 4, 4, 4, 4, 4, 4, 4, 4, 4, 4, 4, 4, 4, 4, 4, 4, 4, 4, 4, 8, 4, 4, 4, 4, 4, 4, 4, 4, 4, 4, 4, 4, 4, 4, 4, 4, 4, 4, 4, 4, 4, 4, 4, 4, 4, 4, 4, 4, 4, 4, 4, 8, 4, 4, 4, 4, 4, 4, 4, 4, 4, 4, 4, 4, 4, 4, 4, 4, 4, 4, 4, 4, 4, 4, 4, 4, 4, 4, 4, 4, 4, 4, 4, 4, 4, 4, 4, 4, 4, 4, 4, 4, 4, 4, 4, 4, 4, 4, 4, 4, 4, 4, 4, 4, 4, 4, 4, 4, 4, 4, 3, 3, 3, 3, 4, 4, 4, 4, 4, 4, 4, 4, 4, 4, 4, 4, 4, 3, 3, 3, 3, 4, 4, 4, 4, 4, 4, 4, 4, 3, 3, 3, 3, 4, 4, 4, 4, 4, 4, 4, 4, 4, 4, 4, 4, 4, 4, 4, 4, 4, 4, 4, 4, 4, 4, 4, 4, 4, 4, 4, 4, 4, 4, 4, 4, 4, 4, 4, 4, 4, 4, 4, 4, 4, 4, 4, 4, 4, 4, 4, 4, 4, 4, 4, 4, 4, 4, 4, 4, 4, 4, 4, 4, 4, 4, 4, 4, 4, 4, 4]
            int[] faceVertexIndices = [93, 100, 1, 0, 105, 106, 116, 115, 115, 116, 126, 125, 125, 126, 136, 135, 135, 136, 146, 145, 145, 146, 156, 155, 155, 156, 166, 165, 165, 166, 176, 175, 1, 2, 3, 4, 5, 6, 7, 8, 9, 0, 175, 176, 186, 185, 94, 91, 102, 109, 109, 102, 112, 119, 15, 25, 26, 16, 179, 172, 182, 189, 169, 162, 172, 179, 159, 152, 162, 169, 149, 142, 152, 159, 139, 132, 142, 149, 187, 188, 95, 96, 129, 122, 132, 139, 119, 112, 122, 129, 22, 32, 33, 23, 12, 22, 23, 13, 19, 29, 20, 10, 16, 26, 27, 17, 13, 23, 24, 14, 10, 20, 21, 11, 17, 27, 28, 18, 14, 24, 25, 15, 11, 21, 22, 12, 18, 28, 29, 19, 30, 39, 38, 37, 36, 35, 34, 33, 32, 31, 29, 39, 30, 20, 26, 36, 37, 27, 23, 33, 34, 24, 20, 30, 31, 21, 27, 37, 38, 28, 24, 34, 35, 25, 21, 31, 32, 22, 28, 38, 39, 29, 25, 35, 36, 26, 180, 93, 0, 9, 101, 104, 114, 111, 185, 186, 97, 98, 90, 10, 11, 103, 100, 110, 2, 1, 107, 108, 118, 117, 111, 114, 124, 121, 103, 11, 12, 113, 110, 120, 3, 2, 117, 118, 128, 127, 121, 124, 134, 131, 113, 12, 13, 123, 120, 130, 4, 3, 127, 128, 138, 137, 131, 134, 144, 141, 123, 13, 14, 133, 130, 140, 5, 4, 137, 138, 148, 147, 141, 144, 154, 151, 133, 14, 15, 143, 140, 150, 6, 5, 147, 148, 158, 157, 151, 154, 164, 161, 143, 15, 16, 153, 150, 160, 7, 6, 157, 158, 168, 167, 161, 164, 174, 171, 153, 16, 17, 163, 160, 170, 8, 7, 167, 168, 178, 177, 171, 174, 184, 181, 163, 17, 18, 173, 170, 180, 9, 8, 177, 178, 188, 187, 88, 89, 86, 87, 173, 18, 19, 183, 92, 99, 104, 101, 98, 97, 106, 105, 96, 95, 108, 107, 183, 19, 10, 90, 181, 184, 99, 92, 150, 200, 210, 160, 94, 75, 237, 189, 116, 65, 55, 126, 142, 198, 208, 152, 186, 234, 78, 97, 127, 54, 64, 117, 153, 209, 199, 143, 96, 79, 235, 187, 184, 232, 82, 99, 114, 67, 57, 124, 148, 196, 206, 158, 98, 83, 233, 185, 125, 56, 66, 115, 159, 207, 197, 149, 92, 89, 231, 181, 180, 230, 88, 93, 121, 58, 68, 111, 146, 194, 204, 156, 172, 228, 238, 182, 157, 205, 195, 147, 183, 239, 229, 173, 110, 69, 59, 120, 102, 73, 61, 112, 144, 192, 202, 154, 178, 226, 236, 188, 113, 60, 72, 103, 155, 203, 193, 145, 189, 237, 227, 179, 108, 77, 63, 118, 151, 201, 191, 141, 176, 224, 234, 186, 119, 62, 76, 109, 187, 235, 225, 177, 140, 190, 200, 150, 106, 81, 65, 116, 132, 41, 198, 142, 174, 222, 232, 184, 117, 64, 80, 107, 143, 199, 40, 133, 185, 233, 223, 175, 104, 85, 67, 114, 138, 43, 196, 148, 181, 231, 221, 171, 115, 66, 84, 105, 149, 197, 42, 139, 170, 220, 230, 180, 111, 68, 86, 101, 136, 45, 194, 146, 162, 218, 228, 172, 147, 195, 44, 137, 189, 182, 91, 94, 84, 85, 82, 83, 80, 81, 78, 79, 76, 77, 74, 75, 72, 73, 70, 71, 87, 86, 68, 69, 66, 67, 85, 84, 64, 65, 81, 80, 62, 63, 77, 76, 60, 61, 73, 72, 69, 68, 58, 59, 56, 57, 67, 66, 54, 55, 65, 64, 52, 53, 63, 62, 50, 51, 61, 60, 59, 58, 48, 49, 46, 47, 57, 56, 44, 45, 55, 54, 42, 43, 53, 52, 40, 41, 51, 50, 49, 48, 191, 190, 193, 192, 47, 46, 195, 194, 45, 44, 197, 196, 43, 42, 199, 198, 41, 40, 190, 191, 201, 200, 203, 202, 192, 193, 205, 204, 194, 195, 207, 206, 196, 197, 209, 208, 198, 199, 200, 201, 211, 210, 213, 212, 202, 203, 215, 214, 204, 205, 217, 216, 206, 207, 219, 218, 208, 209, 210, 211, 221, 220, 223, 222, 212, 213, 225, 224, 214, 215, 227, 226, 216, 217, 229, 228, 218, 219, 220, 221, 231, 230, 233, 232, 222, 223, 235, 234, 224, 225, 237, 236, 226, 227, 239, 238, 228, 229, 230, 231, 89, 88, 83, 82, 232, 233, 79, 78, 234, 235, 75, 74, 236, 237, 71, 70, 238, 239, 188, 236, 74, 95, 129, 52, 62, 119, 90, 71, 239, 183, 161, 211, 201, 151, 118, 63, 53, 128, 182, 238, 70, 91, 165, 213, 203, 155, 123, 50, 60, 113, 154, 202, 212, 164, 112, 61, 51, 122, 120, 59, 49, 130, 167, 215, 205, 157, 156, 204, 214, 166, 131, 48, 58, 121, 93, 88, 87, 100, 169, 217, 207, 159, 135, 46, 56, 125, 101, 86, 89, 92, 158, 206, 216, 168, 124, 57, 47, 134, 105, 84, 83, 98, 163, 219, 209, 153, 137, 44, 54, 127, 152, 208, 218, 162, 126, 55, 45, 136, 99, 82, 85, 104, 160, 210, 220, 170, 139, 42, 52, 129, 107, 80, 79, 96, 171, 221, 211, 161, 128, 53, 43, 138, 97, 78, 81, 106, 175, 223, 213, 165, 133, 40, 50, 123, 164, 212, 222, 174, 122, 51, 41, 132, 109, 76, 75, 94, 130, 49, 190, 140, 177, 225, 215, 167, 95, 74, 77, 108, 166, 214, 224, 176, 141, 191, 48, 131, 103, 72, 71, 90, 179, 227, 217, 169, 145, 193, 46, 135, 168, 216, 226, 178, 134, 47, 192, 144, 91, 70, 73, 102, 100, 87, 69, 110, 173, 229, 219, 163, 263, 253, 254, 257, 245, 248, 255, 252, 259, 249, 244, 266, 242, 241, 240, 243, 244, 245, 252, 253, 246, 247, 242, 243, 248, 249, 254, 255, 240, 241, 250, 251, 241, 242, 247, 250, 243, 265, 262, 246, 240, 260, 265, 243, 249, 248, 245, 244, 251, 250, 247, 246, 253, 252, 255, 254, 266, 244, 253, 263, 249, 259, 257, 254, 260, 240, 251, 256, 266, 267, 261, 259, 267, 265, 260, 261, 263, 264, 267, 266, 264, 262, 265, 267, 257, 258, 264, 263, 258, 256, 262, 264, 256, 258, 261, 260, 258, 257, 259, 261, 246, 262, 256, 251, 291, 281, 282, 285, 273, 276, 283, 280, 287, 277, 272, 294, 270, 269, 268, 271, 272, 273, 280, 281, 274, 275, 270, 271, 276, 277, 282, 283, 268, 269, 278, 279, 269, 270, 275, 278, 271, 293, 290, 274, 268, 288, 293, 271, 277, 276, 273, 272, 279, 278, 275, 274, 281, 280, 283, 282, 294, 272, 281, 291, 277, 287, 285, 282, 288, 268, 279, 284, 294, 295, 289, 287, 295, 293, 288, 289, 291, 292, 295, 294, 292, 290, 293, 295, 285, 286, 292, 291, 286, 284, 290, 292, 284, 286, 289, 288, 286, 285, 287, 289, 274, 290, 284, 279, 413, 353, 298, 412, 300, 334, 317, 307, 356, 394, 335, 302, 353, 354, 299, 298, 427, 356, 302, 426, 354, 357, 301, 299, 428, 426, 302, 300, 302, 335, 334, 300, 357, 355, 303, 301, 429, 430, 307, 306, 430, 428, 300, 307, 444, 429, 306, 414, 306, 307, 317, 315, 414, 306, 315, 415, 432, 433, 309, 311, 358, 359, 308, 310, 360, 358, 310, 296, 434, 432, 311, 304, 433, 308, 297, 431, 313, 332, 309, 305, 304, 311, 333, 331, 311, 309, 332, 333, 308, 359, 352, 297, 416, 417, 316, 386, 319, 326, 317, 334, 389, 321, 335, 394, 386, 316, 318, 387, 395, 396, 321, 389, 387, 318, 320, 390, 397, 319, 321, 396, 321, 319, 334, 335, 390, 320, 322, 388, 399, 325, 326, 398, 398, 326, 319, 397, 425, 418, 325, 399, 325, 315, 317, 326, 418, 415, 315, 325, 402, 330, 328, 401, 391, 329, 327, 392, 393, 312, 329, 391, 403, 323, 330, 402, 401, 400, 314, 327, 313, 324, 328, 332, 323, 331, 333, 330, 330, 333, 332, 328, 327, 314, 385, 392, 413, 419, 338, 353, 340, 347, 366, 383, 356, 342, 384, 394, 353, 338, 339, 354, 427, 435, 342, 356, 354, 339, 341, 357, 436, 340, 342, 435, 342, 340, 383, 384, 357, 341, 343, 355, 438, 346, 347, 437, 437, 347, 340, 436, 443, 420, 346, 438, 346, 364, 366, 347, 420, 421, 364, 346, 441, 351, 349, 440, 358, 350, 348, 359, 360, 336, 350, 358, 442, 344, 351, 441, 440, 439, 337, 348, 362, 345, 349, 381, 344, 380, 382, 351, 351, 382, 381, 349, 348, 337, 352, 359, 416, 386, 365, 422, 368, 383, 366, 375, 389, 394, 384, 370, 386, 387, 367, 365, 395, 389, 370, 404, 387, 390, 369, 367, 405, 404, 370, 368, 370, 384, 383, 368, 390, 388, 371, 369, 406, 407, 375, 374, 407, 405, 368, 375, 424, 406, 374, 423, 374, 375, 366, 364, 423, 374, 364, 421, 409, 410, 377, 379, 391, 392, 376, 378, 393, 391, 378, 361, 411, 409, 379, 372, 410, 376, 363, 408, 362, 381, 377, 373, 372, 379, 382, 380, 379, 377, 381, 382, 376, 392, 385, 363, 377, 410, 408, 373, 361, 378, 409, 411, 378, 376, 410, 409, 422, 365, 406, 424, 367, 369, 405, 407, 365, 367, 407, 406, 369, 371, 404, 405, 388, 395, 404, 371, 328, 324, 400, 401, 312, 403, 402, 329, 329, 402, 401, 327, 417, 425, 399, 316, 318, 398, 397, 320, 316, 399, 398, 318, 320, 397, 396, 322, 388, 322, 396, 395, 314, 400, 425, 417, 363, 422, 424, 408, 373, 423, 421, 362, 408, 424, 423, 373, 385, 416, 422, 363, 345, 362, 421, 420, 439, 345, 420, 443, 352, 337, 419, 413, 324, 313, 415, 418, 400, 324, 418, 425, 385, 314, 417, 416, 305, 414, 415, 313, 431, 444, 414, 305, 352, 413, 412, 297, 297, 412, 444, 431, 337, 439, 443, 419, 349, 345, 439, 440, 336, 442, 441, 350, 350, 441, 440, 348, 419, 443, 438, 338, 339, 437, 436, 341, 338, 438, 437, 339, 341, 436, 435, 343, 355, 343, 435, 427, 309, 433, 431, 305, 296, 310, 432, 434, 310, 308, 433, 432, 412, 298, 429, 444, 299, 301, 428, 430, 298, 299, 430, 429, 301, 303, 426, 428, 355, 427, 426, 303, 445, 447, 448, 446, 453, 451, 452, 454, 451, 449, 450, 452, 455, 445, 446, 456, 453, 455, 449, 451, 454, 456, 446, 448, 452, 450, 456, 454, 447, 445, 455, 453, 449, 455, 456, 450, 447, 453, 454, 448, 457, 459, 460, 458, 465, 463, 464, 466, 463, 461, 462, 464, 467, 457, 458, 468, 465, 467, 461, 463, 466, 468, 458, 460, 464, 462, 468, 466, 459, 457, 467, 465, 461, 467, 468, 462, 459, 465, 466, 460, 469, 471, 472, 470, 477, 475, 476, 478, 475, 473, 474, 476, 479, 469, 470, 480, 477, 479, 473, 475, 478, 480, 470, 472, 476, 474, 480, 478, 471, 469, 479, 477, 473, 479, 480, 474, 471, 477, 478, 472, 481, 483, 484, 482, 489, 487, 488, 490, 487, 485, 486, 488, 491, 481, 482, 492, 489, 491, 485, 487, 490, 492, 482, 484, 488, 486, 492, 490, 483, 481, 491, 489, 485, 491, 492, 486, 483, 489, 490, 484, 493, 495, 496, 494, 501, 499, 500, 502, 499, 497, 498, 500, 503, 493, 494, 504, 501, 503, 497, 499, 502, 504, 494, 496, 500, 498, 504, 502, 495, 493, 503, 501, 497, 503, 504, 498, 495, 501, 502, 496, 505, 507, 508, 506, 513, 511, 512, 514, 511, 509, 510, 512, 515, 505, 506, 516, 513, 515, 509, 511, 514, 516, 506, 508, 512, 510, 516, 514, 507, 505, 515, 513, 509, 515, 516, 510, 507, 513, 514, 508, 517, 519, 520, 518, 525, 523, 524, 526, 523, 521, 522, 524, 527, 517, 518, 528, 525, 527, 521, 523, 526, 528, 518, 520, 524, 522, 528, 526, 519, 517, 527, 525, 521, 527, 528, 522, 519, 525, 526, 520, 529, 531, 532, 530, 537, 535, 536, 538, 535, 533, 534, 536, 539, 529, 530, 540, 537, 539, 533, 535, 538, 540, 530, 532, 536, 534, 540, 538, 531, 529, 539, 537, 533, 539, 540, 534, 531, 537, 538, 532, 541, 543, 544, 542, 549, 547, 548, 550, 547, 545, 546, 548, 551, 541, 542, 552, 549, 551, 545, 547, 550, 552, 542, 544, 548, 546, 552, 550, 543, 541, 551, 549, 545, 551, 552, 546, 543, 549, 550, 544, 553, 555, 556, 554, 561, 559, 560, 562, 559, 557, 558, 560, 563, 553, 554, 564, 561, 563, 557, 559, 562, 564, 554, 556, 560, 558, 564, 562, 555, 553, 563, 561, 557, 563, 564, 558, 555, 561, 562, 556, 565, 567, 568, 566, 573, 571, 572, 574, 571, 569, 570, 572, 575, 565, 566, 576, 573, 575, 569, 571, 574, 576, 566, 568, 572, 570, 576, 574, 567, 565, 575, 573, 569, 575, 576, 570, 567, 573, 574, 568, 577, 579, 580, 578, 585, 583, 584, 586, 583, 581, 582, 584, 587, 577, 578, 588, 585, 587, 581, 583, 586, 588, 578, 580, 584, 582, 588, 586, 579, 577, 587, 585, 581, 587, 588, 582, 579, 585, 586, 580, 589, 591, 592, 590, 597, 595, 596, 598, 595, 593, 594, 596, 599, 589, 590, 600, 597, 599, 593, 595, 598, 600, 590, 592, 596, 594, 600, 598, 591, 589, 599, 597, 593, 599, 600, 594, 591, 597, 598, 592, 601, 603, 604, 602, 609, 607, 608, 610, 607, 605, 606, 608, 611, 601, 602, 612, 609, 611, 605, 607, 610, 612, 602, 604, 608, 606, 612, 610, 603, 601, 611, 609, 605, 611, 612, 606, 603, 609, 610, 604, 613, 615, 616, 614, 621, 619, 620, 622, 619, 617, 618, 620, 623, 613, 614, 624, 621, 623, 617, 619, 622, 624, 614, 616, 620, 618, 624, 622, 615, 613, 623, 621, 617, 623, 624, 618, 615, 621, 622, 616, 625, 627, 628, 626, 633, 631, 632, 634, 631, 629, 630, 632, 635, 625, 626, 636, 633, 635, 629, 631, 634, 636, 626, 628, 632, 630, 636, 634, 627, 625, 635, 633, 629, 635, 636, 630, 627, 633, 634, 628, 637, 639, 640, 638, 645, 643, 644, 646, 643, 641, 642, 644, 647, 637, 638, 648, 645, 647, 641, 643, 646, 648, 638, 640, 644, 642, 648, 646, 639, 637, 647, 645, 641, 647, 648, 642, 639, 645, 646, 640, 649, 651, 652, 650, 657, 655, 656, 658, 655, 653, 654, 656, 659, 649, 650, 660, 657, 659, 653, 655, 658, 660, 650, 652, 656, 654, 660, 658, 651, 649, 659, 657, 653, 659, 660, 654, 651, 657, 658, 652, 661, 663, 664, 662, 669, 667, 668, 670, 667, 665, 666, 668, 671, 661, 662, 672, 669, 671, 665, 667, 670, 672, 662, 664, 668, 666, 672, 670, 663, 661, 671, 669, 665, 671, 672, 666, 663, 669, 670, 664, 673, 675, 676, 674, 681, 679, 680, 682, 679, 677, 678, 680, 683, 673, 674, 684, 681, 683, 677, 679, 682, 684, 674, 676, 680, 678, 684, 682, 675, 673, 683, 681, 677, 683, 684, 678, 675, 681, 682, 676, 685, 687, 688, 686, 693, 691, 692, 694, 691, 689, 690, 692, 695, 685, 686, 696, 693, 695, 689, 691, 694, 696, 686, 688, 692, 690, 696, 694, 687, 685, 695, 693, 689, 695, 696, 690, 687, 693, 694, 688, 697, 699, 700, 698, 705, 703, 704, 706, 703, 701, 702, 704, 707, 697, 698, 708, 705, 707, 701, 703, 706, 708, 698, 700, 704, 702, 708, 706, 699, 697, 707, 705, 701, 707, 708, 702, 699, 705, 706, 700, 709, 711, 712, 710, 717, 715, 716, 718, 715, 713, 714, 716, 719, 709, 710, 720, 717, 719, 713, 715, 718, 720, 710, 712, 716, 714, 720, 718, 711, 709, 719, 717, 713, 719, 720, 714, 711, 717, 718, 712, 721, 723, 724, 722, 729, 727, 728, 730, 727, 725, 726, 728, 731, 721, 722, 732, 729, 731, 725, 727, 730, 732, 722, 724, 728, 726, 732, 730, 723, 721, 731, 729, 725, 731, 732, 726, 723, 729, 730, 724, 733, 735, 736, 734, 741, 739, 740, 742, 739, 737, 738, 740, 743, 733, 734, 744, 741, 743, 737, 739, 742, 744, 734, 736, 740, 738, 744, 742, 735, 733, 743, 741, 737, 743, 744, 738, 735, 741, 742, 736, 745, 747, 748, 746, 753, 751, 752, 754, 751, 749, 750, 752, 755, 745, 746, 756, 753, 755, 749, 751, 754, 756, 746, 748, 752, 750, 756, 754, 747, 745, 755, 753, 749, 755, 756, 750, 747, 753, 754, 748, 757, 759, 760, 758, 765, 763, 764, 766, 763, 761, 762, 764, 767, 757, 758, 768, 765, 767, 761, 763, 766, 768, 758, 760, 764, 762, 768, 766, 759, 757, 767, 765, 761, 767, 768, 762, 759, 765, 766, 760, 769, 771, 772, 770, 777, 775, 776, 778, 775, 773, 774, 776, 779, 769, 770, 780, 777, 779, 773, 775, 778, 780, 770, 772, 776, 774, 780, 778, 771, 769, 779, 777, 773, 779, 780, 774, 771, 777, 778, 772, 781, 783, 784, 782, 789, 787, 788, 790, 787, 785, 786, 788, 791, 781, 782, 792, 789, 791, 785, 787, 790, 792, 782, 784, 788, 786, 792, 790, 783, 781, 791, 789, 785, 791, 792, 786, 783, 789, 790, 784, 793, 795, 796, 794, 801, 799, 800, 802, 799, 797, 798, 800, 803, 793, 794, 804, 801, 803, 797, 799, 802, 804, 794, 796, 800, 798, 804, 802, 795, 793, 803, 801, 797, 803, 804, 798, 795, 801, 802, 796, 805, 808, 812, 809, 806, 805, 809, 810, 807, 806, 810, 811, 808, 807, 811, 812, 809, 812, 816, 813, 810, 809, 813, 814, 811, 810, 814, 815, 812, 811, 815, 816, 813, 816, 820, 817, 814, 813, 817, 818, 815, 814, 818, 819, 816, 815, 819, 820, 817, 820, 824, 821, 818, 817, 821, 822, 819, 818, 822, 823, 820, 819, 823, 824, 821, 824, 828, 825, 822, 821, 825, 826, 823, 822, 826, 827, 824, 823, 827, 828, 825, 828, 832, 829, 826, 825, 829, 830, 827, 826, 830, 831, 828, 827, 831, 832, 829, 832, 836, 833, 830, 829, 833, 834, 831, 830, 834, 835, 832, 831, 835, 836, 833, 836, 840, 837, 834, 833, 837, 838, 835, 834, 838, 839, 836, 835, 839, 840, 837, 840, 844, 841, 838, 837, 841, 842, 839, 838, 842, 843, 840, 839, 843, 844, 841, 844, 848, 845, 842, 841, 845, 846, 843, 842, 846, 847, 844, 843, 847, 848, 845, 848, 852, 849, 846, 845, 849, 850, 847, 846, 850, 851, 848, 847, 851, 852, 849, 852, 856, 853, 850, 849, 853, 854, 851, 850, 854, 855, 852, 851, 855, 856, 853, 856, 860, 857, 854, 853, 857, 858, 855, 854, 858, 859, 856, 855, 859, 860, 857, 860, 864, 861, 858, 857, 861, 862, 859, 858, 862, 863, 860, 859, 863, 864, 861, 864, 868, 865, 862, 861, 865, 866, 863, 862, 866, 867, 864, 863, 867, 868, 865, 868, 872, 869, 866, 865, 869, 870, 867, 866, 870, 871, 868, 867, 871, 872, 869, 872, 876, 873, 870, 869, 873, 874, 871, 870, 874, 875, 872, 871, 875, 876, 873, 876, 880, 877, 874, 873, 877, 878, 875, 874, 878, 879, 876, 875, 879, 880, 877, 880, 884, 881, 878, 877, 881, 882, 879, 878, 882, 883, 880, 879, 883, 884, 881, 884, 888, 885, 882, 881, 885, 886, 883, 882, 886, 887, 884, 883, 887, 888, 885, 888, 892, 889, 886, 885, 889, 890, 887, 886, 890, 891, 888, 887, 891, 892, 889, 892, 896, 893, 890, 889, 893, 894, 891, 890, 894, 895, 892, 891, 895, 896, 893, 896, 900, 897, 894, 893, 897, 898, 895, 894, 898, 899, 896, 895, 899, 900, 897, 900, 904, 901, 898, 897, 901, 902, 899, 898, 902, 903, 900, 899, 903, 904, 901, 904, 908, 905, 902, 901, 905, 906, 903, 902, 906, 907, 904, 903, 907, 908, 905, 908, 912, 909, 906, 905, 909, 910, 907, 906, 910, 911, 908, 907, 911, 912, 909, 912, 916, 913, 910, 909, 913, 914, 911, 910, 914, 915, 912, 911, 915, 916, 913, 916, 920, 917, 914, 913, 917, 918, 915, 914, 918, 919, 916, 915, 919, 920, 917, 920, 924, 921, 918, 917, 921, 922, 919, 918, 922, 923, 920, 919, 923, 924, 921, 924, 928, 925, 922, 921, 925, 926, 923, 922, 926, 927, 924, 923, 927, 928, 925, 928, 932, 929, 926, 925, 929, 930, 927, 926, 930, 931, 928, 927, 931, 932, 929, 932, 936, 933, 930, 929, 933, 934, 931, 930, 934, 935, 932, 931, 935, 936, 933, 936, 940, 937, 934, 933, 937, 938, 935, 934, 938, 939, 936, 935, 939, 940, 937, 940, 944, 941, 938, 937, 941, 942, 939, 938, 942, 943, 940, 939, 943, 944, 941, 944, 948, 945, 942, 941, 945, 946, 943, 942, 946, 947, 944, 943, 947, 948, 945, 948, 952, 949, 946, 945, 949, 950, 947, 946, 950, 951, 948, 947, 951, 952, 949, 952, 956, 953, 950, 949, 953, 954, 951, 950, 954, 955, 952, 951, 955, 956, 953, 956, 960, 957, 954, 953, 957, 958, 955, 954, 958, 959, 956, 955, 959, 960, 957, 960, 964, 961, 958, 957, 961, 962, 959, 958, 962, 963, 960, 959, 963, 964, 961, 964, 968, 965, 962, 961, 965, 966, 963, 962, 966, 967, 964, 963, 967, 968, 965, 968, 972, 969, 966, 965, 969, 970, 967, 966, 970, 971, 968, 967, 971, 972, 969, 972, 976, 973, 970, 969, 973, 974, 971, 970, 974, 975, 972, 971, 975, 976, 973, 976, 980, 977, 974, 973, 977, 978, 975, 974, 978, 979, 976, 975, 979, 980, 977, 980, 984, 981, 978, 977, 981, 982, 979, 978, 982, 983, 980, 979, 983, 984, 981, 984, 988, 985, 982, 981, 985, 986, 983, 982, 986, 987, 984, 983, 987, 988, 985, 988, 992, 989, 986, 985, 989, 990, 987, 986, 990, 991, 988, 987, 991, 992, 989, 992, 996, 993, 990, 989, 993, 994, 991, 990, 994, 995, 992, 991, 995, 996, 993, 996, 1000, 997, 994, 993, 997, 998, 995, 994, 998, 999, 996, 995, 999, 1000, 997, 1000, 1004, 1001, 998, 997, 1001, 1002, 999, 998, 1002, 1003, 1000, 999, 1003, 1004, 1001, 1004, 1008, 1005, 1002, 1001, 1005, 1006, 1003, 1002, 1006, 1007, 1004, 1003, 1007, 1008, 1005, 1008, 1012, 1009, 1006, 1005, 1009, 1010, 1007, 1006, 1010, 1011, 1008, 1007, 1011, 1012, 1009, 1012, 1016, 1013, 1010, 1009, 1013, 1014, 1011, 1010, 1014, 1015, 1012, 1011, 1015, 1016, 1013, 1016, 1020, 1017, 1014, 1013, 1017, 1018, 1015, 1014, 1018, 1019, 1016, 1015, 1019, 1020, 1017, 1020, 1024, 1021, 1018, 1017, 1021, 1022, 1019, 1018, 1022, 1023, 1020, 1019, 1023, 1024, 1021, 1024, 1028, 1025, 1022, 1021, 1025, 1026, 1023, 1022, 1026, 1027, 1024, 1023, 1027, 1028, 1025, 1028, 1032, 1029, 1026, 1025, 1029, 1030, 1027, 1026, 1030, 1031, 1028, 1027, 1031, 1032, 1029, 1032, 1036, 1033, 1030, 1029, 1033, 1034, 1031, 1030, 1034, 1035, 1032, 1031, 1035, 1036, 1033, 1036, 1040, 1037, 1034, 1033, 1037, 1038, 1035, 1034, 1038, 1039, 1036, 1035, 1039, 1040, 1037, 1040, 1044, 1041, 1038, 1037, 1041, 1042, 1039, 1038, 1042, 1043, 1040, 1039, 1043, 1044, 1041, 1044, 1048, 1045, 1042, 1041, 1045, 1046, 1043, 1042, 1046, 1047, 1044, 1043, 1047, 1048, 1045, 1048, 1052, 1049, 1046, 1045, 1049, 1050, 1047, 1046, 1050, 1051, 1048, 1047, 1051, 1052, 1049, 1052, 1056, 1053, 1050, 1049, 1053, 1054, 1051, 1050, 1054, 1055, 1052, 1051, 1055, 1056, 1053, 1056, 1060, 1057, 1054, 1053, 1057, 1058, 1055, 1054, 1058, 1059, 1056, 1055, 1059, 1060, 1057, 1060, 1064, 1061, 1058, 1057, 1061, 1062, 1059, 1058, 1062, 1063, 1060, 1059, 1063, 1064, 1061, 1064, 1068, 1065, 1062, 1061, 1065, 1066, 1063, 1062, 1066, 1067, 1064, 1063, 1067, 1068, 1065, 1068, 1072, 1069, 1066, 1065, 1069, 1070, 1067, 1066, 1070, 1071, 1068, 1067, 1071, 1072, 1069, 1072, 1076, 1073, 1070, 1069, 1073, 1074, 1071, 1070, 1074, 1075, 1072, 1071, 1075, 1076, 1073, 1076, 1080, 1077, 1074, 1073, 1077, 1078, 1075, 1074, 1078, 1079, 1076, 1075, 1079, 1080, 1077, 1080, 1084, 1081, 1078, 1077, 1081, 1082, 1079, 1078, 1082, 1083, 1080, 1079, 1083, 1084, 1081, 1084, 1088, 1085, 1082, 1081, 1085, 1086, 1083, 1082, 1086, 1087, 1084, 1083, 1087, 1088, 1085, 1088, 1092, 1089, 1086, 1085, 1089, 1090, 1087, 1086, 1090, 1091, 1088, 1087, 1091, 1092, 1089, 1092, 1096, 1093, 1090, 1089, 1093, 1094, 1091, 1090, 1094, 1095, 1092, 1091, 1095, 1096, 1093, 1096, 1100, 1097, 1094, 1093, 1097, 1098, 1095, 1094, 1098, 1099, 1096, 1095, 1099, 1100, 1097, 1100, 1104, 1101, 1098, 1097, 1101, 1102, 1099, 1098, 1102, 1103, 1100, 1099, 1103, 1104, 1101, 1104, 1108, 1105, 1102, 1101, 1105, 1106, 1103, 1102, 1106, 1107, 1104, 1103, 1107, 1108, 1105, 1108, 1112, 1109, 1106, 1105, 1109, 1110, 1107, 1106, 1110, 1111, 1108, 1107, 1111, 1112, 1109, 1112, 1116, 1113, 1110, 1109, 1113, 1114, 1111, 1110, 1114, 1115, 1112, 1111, 1115, 1116, 1113, 1116, 1120, 1117, 1114, 1113, 1117, 1118, 1115, 1114, 1118, 1119, 1116, 1115, 1119, 1120, 1117, 1120, 1124, 1121, 1118, 1117, 1121, 1122, 1119, 1118, 1122, 1123, 1120, 1119, 1123, 1124, 1121, 1124, 1128, 1125, 1122, 1121, 1125, 1126, 1123, 1122, 1126, 1127, 1124, 1123, 1127, 1128, 1125, 1128, 1132, 1129, 1126, 1125, 1129, 1130, 1127, 1126, 1130, 1131, 1128, 1127, 1131, 1132, 1129, 1132, 1136, 1133, 1130, 1129, 1133, 1134, 1131, 1130, 1134, 1135, 1132, 1131, 1135, 1136, 1133, 1136, 1140, 1137, 1134, 1133, 1137, 1138, 1135, 1134, 1138, 1139, 1136, 1135, 1139, 1140, 1137, 1140, 1144, 1141, 1138, 1137, 1141, 1142, 1139, 1138, 1142, 1143, 1140, 1139, 1143, 1144, 1141, 1144, 1148, 1145, 1142, 1141, 1145, 1146, 1143, 1142, 1146, 1147, 1144, 1143, 1147, 1148, 1145, 1148, 1152, 1149, 1146, 1145, 1149, 1150, 1147, 1146, 1150, 1151, 1148, 1147, 1151, 1152, 1149, 1152, 1156, 1153, 1150, 1149, 1153, 1154, 1151, 1150, 1154, 1155, 1152, 1151, 1155, 1156, 1153, 1156, 1160, 1157, 1154, 1153, 1157, 1158, 1155, 1154, 1158, 1159, 1156, 1155, 1159, 1160, 1157, 1160, 1164, 1161, 1158, 1157, 1161, 1162, 1159, 1158, 1162, 1163, 1160, 1159, 1163, 1164, 1161, 1164, 1168, 1165, 1162, 1161, 1165, 1166, 1163, 1162, 1166, 1167, 1164, 1163, 1167, 1168, 1165, 1168, 1172, 1169, 1166, 1165, 1169, 1170, 1167, 1166, 1170, 1171, 1168, 1167, 1171, 1172, 1169, 1172, 1176, 1173, 1170, 1169, 1173, 1174, 1171, 1170, 1174, 1175, 1172, 1171, 1175, 1176, 1173, 1176, 1180, 1177, 1174, 1173, 1177, 1178, 1175, 1174, 1178, 1179, 1176, 1175, 1179, 1180, 1177, 1180, 1184, 1181, 1178, 1177, 1181, 1182, 1179, 1178, 1182, 1183, 1180, 1179, 1183, 1184, 1181, 1184, 1188, 1185, 1182, 1181, 1185, 1186, 1183, 1182, 1186, 1187, 1184, 1183, 1187, 1188, 1185, 1188, 1192, 1189, 1186, 1185, 1189, 1190, 1187, 1186, 1190, 1191, 1188, 1187, 1191, 1192, 1189, 1192, 1196, 1193, 1190, 1189, 1193, 1194, 1191, 1190, 1194, 1195, 1192, 1191, 1195, 1196, 1193, 1196, 1200, 1197, 1194, 1193, 1197, 1198, 1195, 1194, 1198, 1199, 1196, 1195, 1199, 1200, 1197, 1200, 1204, 1201, 1198, 1197, 1201, 1202, 1199, 1198, 1202, 1203, 1200, 1199, 1203, 1204, 1201, 1204, 1208, 1205, 1202, 1201, 1205, 1206, 1203, 1202, 1206, 1207, 1204, 1203, 1207, 1208, 1205, 1208, 1212, 1209, 1206, 1205, 1209, 1210, 1207, 1206, 1210, 1211, 1208, 1207, 1211, 1212, 1209, 1212, 1216, 1213, 1210, 1209, 1213, 1214, 1211, 1210, 1214, 1215, 1212, 1211, 1215, 1216, 1213, 1216, 1220, 1217, 1214, 1213, 1217, 1218, 1215, 1214, 1218, 1219, 1216, 1215, 1219, 1220, 1217, 1220, 1224, 1221, 1218, 1217, 1221, 1222, 1219, 1218, 1222, 1223, 1220, 1219, 1223, 1224, 1221, 1224, 1228, 1225, 1222, 1221, 1225, 1226, 1223, 1222, 1226, 1227, 1224, 1223, 1227, 1228, 1225, 1228, 1232, 1229, 1226, 1225, 1229, 1230, 1227, 1226, 1230, 1231, 1228, 1227, 1231, 1232, 1229, 1232, 1236, 1233, 1230, 1229, 1233, 1234, 1231, 1230, 1234, 1235, 1232, 1231, 1235, 1236, 1233, 1236, 1240, 1237, 1234, 1233, 1237, 1238, 1235, 1234, 1238, 1239, 1236, 1235, 1239, 1240, 1237, 1240, 1244, 1241, 1238, 1237, 1241, 1242, 1239, 1238, 1242, 1243, 1240, 1239, 1243, 1244, 1241, 1244, 1248, 1245, 1242, 1241, 1245, 1246, 1243, 1242, 1246, 1247, 1244, 1243, 1247, 1248, 1245, 1248, 1252, 1249, 1246, 1245, 1249, 1250, 1247, 1246, 1250, 1251, 1248, 1247, 1251, 1252, 1249, 1252, 1256, 1253, 1250, 1249, 1253, 1254, 1251, 1250, 1254, 1255, 1252, 1251, 1255, 1256, 1253, 1256, 1260, 1257, 1254, 1253, 1257, 1258, 1255, 1254, 1258, 1259, 1256, 1255, 1259, 1260, 1257, 1260, 1264, 1261, 1258, 1257, 1261, 1262, 1259, 1258, 1262, 1263, 1260, 1259, 1263, 1264, 1261, 1264, 1268, 1265, 1262, 1261, 1265, 1266, 1263, 1262, 1266, 1267, 1264, 1263, 1267, 1268, 1265, 1268, 1272, 1269, 1266, 1265, 1269, 1270, 1267, 1266, 1270, 1271, 1268, 1267, 1271, 1272, 1269, 1272, 1276, 1273, 1270, 1269, 1273, 1274, 1271, 1270, 1274, 1275, 1272, 1271, 1275, 1276, 1273, 1276, 1280, 1277, 1274, 1273, 1277, 1278, 1275, 1274, 1278, 1279, 1276, 1275, 1279, 1280, 1277, 1280, 1284, 1281, 1278, 1277, 1281, 1282, 1279, 1278, 1282, 1283, 1280, 1279, 1283, 1284, 1281, 1284, 1288, 1285, 1282, 1281, 1285, 1286, 1283, 1282, 1286, 1287, 1284, 1283, 1287, 1288, 1285, 1288, 1292, 1289, 1286, 1285, 1289, 1290, 1287, 1286, 1290, 1291, 1288, 1287, 1291, 1292, 1289, 1292, 1296, 1293, 1290, 1289, 1293, 1294, 1291, 1290, 1294, 1295, 1292, 1291, 1295, 1296, 1293, 1296, 1300, 1297, 1294, 1293, 1297, 1298, 1295, 1294, 1298, 1299, 1296, 1295, 1299, 1300, 1297, 1300, 1304, 1301, 1298, 1297, 1301, 1302, 1299, 1298, 1302, 1303, 1300, 1299, 1303, 1304, 1301, 1304, 1308, 1305, 1302, 1301, 1305, 1306, 1303, 1302, 1306, 1307, 1304, 1303, 1307, 1308, 1305, 1308, 1312, 1309, 1306, 1305, 1309, 1310, 1307, 1306, 1310, 1311, 1308, 1307, 1311, 1312, 1309, 1312, 1316, 1313, 1310, 1309, 1313, 1314, 1311, 1310, 1314, 1315, 1312, 1311, 1315, 1316, 1313, 1316, 1320, 1317, 1314, 1313, 1317, 1318, 1315, 1314, 1318, 1319, 1316, 1315, 1319, 1320, 1317, 1320, 1324, 1321, 1318, 1317, 1321, 1322, 1319, 1318, 1322, 1323, 1320, 1319, 1323, 1324, 1321, 1324, 1328, 1325, 1322, 1321, 1325, 1326, 1323, 1322, 1326, 1327, 1324, 1323, 1327, 1328, 1325, 1328, 1332, 1329, 1326, 1325, 1329, 1330, 1327, 1326, 1330, 1331, 1328, 1327, 1331, 1332, 1329, 1332, 1336, 1333, 1330, 1329, 1333, 1334, 1331, 1330, 1334, 1335, 1332, 1331, 1335, 1336, 1333, 1336, 1340, 1337, 1334, 1333, 1337, 1338, 1335, 1334, 1338, 1339, 1336, 1335, 1339, 1340, 1337, 1340, 1344, 1341, 1338, 1337, 1341, 1342, 1339, 1338, 1342, 1343, 1340, 1339, 1343, 1344, 1341, 1344, 1348, 1345, 1342, 1341, 1345, 1346, 1343, 1342, 1346, 1347, 1344, 1343, 1347, 1348, 1345, 1348, 1352, 1349, 1346, 1345, 1349, 1350, 1347, 1346, 1350, 1351, 1348, 1347, 1351, 1352, 1349, 1352, 1356, 1353, 1350, 1349, 1353, 1354, 1351, 1350, 1354, 1355, 1352, 1351, 1355, 1356, 1353, 1356, 1360, 1357, 1354, 1353, 1357, 1358, 1355, 1354, 1358, 1359, 1356, 1355, 1359, 1360, 1357, 1360, 1364, 1361, 1358, 1357, 1361, 1362, 1359, 1358, 1362, 1363, 1360, 1359, 1363, 1364, 1361, 1364, 1368, 1365, 1362, 1361, 1365, 1366, 1363, 1362, 1366, 1367, 1364, 1363, 1367, 1368, 1365, 1368, 1372, 1369, 1366, 1365, 1369, 1370, 1367, 1366, 1370, 1371, 1368, 1367, 1371, 1372, 1369, 1372, 1376, 1373, 1370, 1369, 1373, 1374, 1371, 1370, 1374, 1375, 1372, 1371, 1375, 1376, 1373, 1376, 1380, 1377, 1374, 1373, 1377, 1378, 1375, 1374, 1378, 1379, 1376, 1375, 1379, 1380, 1377, 1380, 1384, 1381, 1378, 1377, 1381, 1382, 1379, 1378, 1382, 1383, 1380, 1379, 1383, 1384, 1381, 1384, 1388, 1385, 1382, 1381, 1385, 1386, 1383, 1382, 1386, 1387, 1384, 1383, 1387, 1388, 1385, 1388, 1392, 1389, 1386, 1385, 1389, 1390, 1387, 1386, 1390, 1391, 1388, 1387, 1391, 1392, 1389, 1392, 1396, 1393, 1390, 1389, 1393, 1394, 1391, 1390, 1394, 1395, 1392, 1391, 1395, 1396, 1393, 1396, 1400, 1397, 1394, 1393, 1397, 1398, 1395, 1394, 1398, 1399, 1396, 1395, 1399, 1400, 1397, 1400, 1404, 1401, 1398, 1397, 1401, 1402, 1399, 1398, 1402, 1403, 1400, 1399, 1403, 1404, 1401, 1404, 1408, 1405, 1402, 1401, 1405, 1406, 1403, 1402, 1406, 1407, 1404, 1403, 1407, 1408, 1405, 1408, 1412, 1409, 1406, 1405, 1409, 1410, 1407, 1406, 1410, 1411, 1408, 1407, 1411, 1412, 1409, 1412, 1416, 1413, 1410, 1409, 1413, 1414, 1411, 1410, 1414, 1415, 1412, 1411, 1415, 1416, 1413, 1416, 1420, 1417, 1414, 1413, 1417, 1418, 1415, 1414, 1418, 1419, 1416, 1415, 1419, 1420, 1417, 1420, 1424, 1421, 1418, 1417, 1421, 1422, 1419, 1418, 1422, 1423, 1420, 1419, 1423, 1424, 1421, 1424, 1428, 1425, 1422, 1421, 1425, 1426, 1423, 1422, 1426, 1427, 1424, 1423, 1427, 1428, 1425, 1428, 1432, 1429, 1426, 1425, 1429, 1430, 1427, 1426, 1430, 1431, 1428, 1427, 1431, 1432, 1429, 1432, 1436, 1433, 1430, 1429, 1433, 1434, 1431, 1430, 1434, 1435, 1432, 1431, 1435, 1436, 1433, 1436, 1440, 1437, 1434, 1433, 1437, 1438, 1435, 1434, 1438, 1439, 1436, 1435, 1439, 1440, 1437, 1440, 1444, 1441, 1438, 1437, 1441, 1442, 1439, 1438, 1442, 1443, 1440, 1439, 1443, 1444, 1441, 1444, 1448, 1445, 1442, 1441, 1445, 1446, 1443, 1442, 1446, 1447, 1444, 1443, 1447, 1448, 1445, 1448, 1452, 1449, 1446, 1445, 1449, 1450, 1447, 1446, 1450, 1451, 1448, 1447, 1451, 1452, 1449, 1452, 1456, 1453, 1450, 1449, 1453, 1454, 1451, 1450, 1454, 1455, 1452, 1451, 1455, 1456, 1453, 1456, 1460, 1457, 1454, 1453, 1457, 1458, 1455, 1454, 1458, 1459, 1456, 1455, 1459, 1460, 1457, 1460, 1464, 1461, 1458, 1457, 1461, 1462, 1459, 1458, 1462, 1463, 1460, 1459, 1463, 1464, 1461, 1464, 1468, 1465, 1462, 1461, 1465, 1466, 1463, 1462, 1466, 1467, 1464, 1463, 1467, 1468, 1465, 1468, 1472, 1469, 1466, 1465, 1469, 1470, 1467, 1466, 1470, 1471, 1468, 1467, 1471, 1472, 1469, 1472, 1476, 1473, 1470, 1469, 1473, 1474, 1471, 1470, 1474, 1475, 1472, 1471, 1475, 1476, 1473, 1476, 1480, 1477, 1474, 1473, 1477, 1478, 1475, 1474, 1478, 1479, 1476, 1475, 1479, 1480, 1537, 1538, 1484, 1482, 1538, 1539, 1486, 1484, 1539, 1540, 1488, 1486, 1540, 1541, 1490, 1488, 1541, 1542, 1492, 1490, 1543, 1549, 1548, 1542, 1494, 1582, 1596, 1492, 1492, 1546, 1545, 1494, 1544, 1537, 1482, 1496, 1481, 1495, 1493, 1491, 1489, 1487, 1485, 1483, 1495, 1481, 1497, 1504, 1493, 1495, 1504, 1503, 1491, 1493, 1503, 1502, 1489, 1491, 1502, 1501, 1487, 1489, 1501, 1500, 1485, 1487, 1500, 1499, 1483, 1485, 1499, 1498, 1481, 1483, 1498, 1497, 1551, 1612, 1608, 1554, 1484, 1588, 1599, 1482, 1490, 1594, 1602, 1488, 1587, 1505, 1506, 1600, 1486, 1590, 1588, 1484, 1593, 1509, 1508, 1603, 1496, 1584, 1582, 1494, 1492, 1596, 1594, 1490, 1566, 1528, 1527, 1565, 1608, 1513, 1514, 1605, 1605, 1514, 1520, 1606, 1609, 1519, 1518, 1607, 1552, 1614, 1612, 1551, 1606, 1520, 1519, 1609, 1607, 1518, 1517, 1610, 1525, 1533, 1532, 1524, 1568, 1526, 1525, 1567, 1570, 1524, 1523, 1569, 1572, 1521, 1522, 1571, 1571, 1522, 1528, 1566, 1565, 1527, 1526, 1568, 1567, 1525, 1524, 1570, 1569, 1523, 1521, 1572, 1529, 1531, 1532, 1533, 1534, 1535, 1536, 1530, 1523, 1531, 1529, 1521, 1528, 1536, 1535, 1527, 1526, 1534, 1533, 1525, 1524, 1532, 1531, 1523, 1521, 1529, 1530, 1522, 1522, 1530, 1536, 1528, 1527, 1535, 1534, 1526, 1504, 1497, 1537, 1544, 1503, 1504, 1544, 1543, 1502, 1503, 1543, 1542, 1501, 1502, 1542, 1541, 1500, 1501, 1541, 1540, 1499, 1500, 1540, 1539, 1498, 1499, 1539, 1538, 1497, 1498, 1538, 1537, 1548, 1549, 1545, 1546, 1549, 1550, 1547, 1545, 1494, 1545, 1547, 1496, 1544, 1550, 1549, 1543, 1496, 1547, 1550, 1544, 1542, 1548, 1546, 1492, 1510, 1556, 1558, 1509, 1512, 1555, 1557, 1511, 1551, 1564, 1562, 1552, 1509, 1558, 1552, 1508, 1511, 1557, 1556, 1510, 1506, 1553, 1555, 1512, 1505, 1554, 1553, 1506, 1507, 1559, 1560, 1505, 1559, 1564, 1563, 1560, 1561, 1562, 1564, 1559, 1508, 1561, 1559, 1507, 1505, 1560, 1563, 1554, 1554, 1563, 1564, 1551, 1552, 1562, 1561, 1508, 1579, 1569, 1572, 1576, 1578, 1567, 1570, 1575, 1577, 1565, 1568, 1574, 1580, 1571, 1566, 1573, 1576, 1572, 1571, 1580, 1575, 1570, 1569, 1579, 1574, 1568, 1567, 1578, 1573, 1566, 1565, 1577, 1520, 1573, 1577, 1519, 1518, 1574, 1578, 1517, 1516, 1575, 1579, 1515, 1513, 1576, 1580, 1514, 1514, 1580, 1573, 1520, 1519, 1577, 1574, 1518, 1517, 1578, 1575, 1516, 1515, 1579, 1576, 1513, 1482, 1599, 1584, 1496, 1603, 1508, 1507, 1591, 1488, 1602, 1590, 1486, 1600, 1506, 1512, 1585, 1597, 1510, 1509, 1593, 1591, 1507, 1505, 1587, 1585, 1512, 1511, 1581, 1603, 1604, 1593, 1604, 1602, 1594, 1597, 1583, 1581, 1598, 1596, 1583, 1591, 1592, 1604, 1603, 1592, 1590, 1602, 1604, 1600, 1601, 1589, 1587, 1601, 1599, 1588, 1589, 1585, 1586, 1601, 1600, 1586, 1584, 1599, 1601, 1593, 1595, 1598, 1597, 1595, 1594, 1596, 1598, 1587, 1589, 1592, 1591, 1589, 1588, 1590, 1592, 1581, 1583, 1586, 1585, 1583, 1582, 1584, 1586, 1581, 1511, 1510, 1597, 1596, 1582, 1583, 1583, 1597, 1598, 1594, 1595, 1604, 1604, 1595, 1593, 1556, 1607, 1610, 1558, 1555, 1606, 1609, 1557, 1558, 1610, 1614, 1552, 1610, 1517, 1516, 1615, 1557, 1609, 1607, 1556, 1553, 1605, 1606, 1555, 1554, 1608, 1605, 1553, 1615, 1516, 1515, 1611, 1611, 1608, 1613, 1613, 1608, 1612, 1614, 1610, 1616, 1616, 1610, 1615, 1611, 1613, 1616, 1615, 1613, 1612, 1614, 1616, 1611, 1515, 1513, 1608, 1639, 1640, 1672, 1671, 1618, 1619, 1652, 1651, 1638, 1639, 1671, 1670, 1617, 1618, 1651, 1637, 1633, 1626, 1659, 1666, 1635, 1636, 1669, 1668, 1632, 1633, 1666, 1665, 1634, 1635, 1668, 1667, 1631, 1632, 1665, 1664, 1650, 1643, 1675, 1682, 1630, 1631, 1664, 1663, 1649, 1650, 1682, 1681, 1629, 1630, 1663, 1662, 1648, 1649, 1681, 1680, 1627, 1628, 1661, 1660, 1625, 1617, 1637, 1658, 1647, 1648, 1680, 1679, 1626, 1627, 1660, 1659, 1624, 1625, 1658, 1657, 1646, 1647, 1679, 1678, 1619, 1629, 1662, 1652, 1623, 1624, 1657, 1656, 1644, 1645, 1677, 1676, 1642, 1634, 1667, 1674, 1622, 1623, 1656, 1655, 1643, 1644, 1676, 1675, 1641, 1642, 1674, 1673, 1621, 1622, 1655, 1654, 1636, 1646, 1678, 1669, 1640, 1641, 1673, 1672, 1620, 1621, 1654, 1653, 1628, 1638, 1670, 1661, 1705, 1737, 1738, 1706, 1684, 1717, 1718, 1685, 1704, 1736, 1737, 1705, 1683, 1703, 1717, 1684, 1699, 1732, 1725, 1692, 1701, 1734, 1735, 1702, 1698, 1731, 1732, 1699, 1700, 1733, 1734, 1701, 1697, 1730, 1731, 1698, 1716, 1748, 1741, 1709, 1696, 1729, 1730, 1697, 1715, 1747, 1748, 1716, 1695, 1728, 1729, 1696, 1714, 1746, 1747, 1715, 1693, 1726, 1727, 1694, 1691, 1724, 1703, 1683, 1713, 1745, 1746, 1714, 1692, 1725, 1726, 1693, 1690, 1723, 1724, 1691, 1712, 1744, 1745, 1713, 1685, 1718, 1728, 1695, 1689, 1722, 1723, 1690, 1710, 1742, 1743, 1711, 1708, 1740, 1733, 1700, 1688, 1721, 1722, 1689, 1709, 1741, 1742, 1710, 1707, 1739, 1740, 1708, 1687, 1720, 1721, 1688, 1702, 1735, 1744, 1712, 1706, 1738, 1739, 1707, 1686, 1719, 1720, 1687, 1694, 1727, 1736, 1704]
            rel material:binding = </root/_materials/Atlas>
            normal3f[] normals = [(-9.135665e-8, -0.090244934, 0.99591964), (-0.5853863, -0.09024488, 0.8057163), (-0.5853863, -0.09024489, 0.8057163), (-1.8614121e-7, -0.09024494, 0.99591964), (-0.5873912, -0.036636606, 0.8084734), (-0.5873912, -0.03663661, 0.8084735), (-0.95041806, -0.036636624, 0.30880952), (-0.95041806, -0.036636624, 0.30880958), (-0.95041806, -0.036636624, 0.30880958), (-0.95041806, -0.036636624, 0.30880952), (-0.950418, -0.03663677, -0.30880967), (-0.95041806, -0.03663677, -0.3088096), (-0.95041806, -0.03663677, -0.3088096), (-0.950418, -0.03663677, -0.30880967), (-0.58739066, -0.03663695, -0.8084739), (-0.5873907, -0.03663695, -0.8084738), (-0.5873907, -0.03663695, -0.8084738), (-0.58739066, -0.03663695, -0.8084739), (-3.7171125e-7, -0.036637083, -0.9993287), (-4.4561853e-7, -0.036637086, -0.9993287), (-4.4561853e-7, -0.036637086, -0.9993287), (-3.7171125e-7, -0.036637083, -0.9993287), (0.58739024, -0.036637146, -0.8084741), (0.58739024, -0.036637146, -0.8084741), (0.58739024, -0.036637146, -0.8084741), (0.58739024, -0.036637146, -0.8084741), (0.9504179, -0.036637165, -0.30881), (0.95041794, -0.03663716, -0.30880994), (0.95041794, -0.03663716, -0.30880994), (0.9504179, -0.036637165, -0.30881), (0.95041823, -0.036637045, 0.30880895), (0.95041823, -0.036637045, 0.30880904), (0, -1, 0), (0, -1, 0), (0, -1, 0), (0, -1, 0), (0, -1, 0), (0, -1, 0), (0, -1, 0), (0, -1, 0), (0, -1, 0), (0, -1, 0), (0.95041823, -0.036637045, 0.30880904), (0.95041823, -0.036637045, 0.30880895), (0.58739066, -0.036636803, 0.80847377), (0.5873906, -0.036636803, 0.8084739), (-9.080651e-7, 0.058854386, 0.9982666), (-8.084286e-7, 0.058854382, 0.9982666), (-0.5867663, 0.0588545, 0.8076146), (-0.5867663, 0.058854505, 0.8076146), (-0.5867663, 0.058854505, 0.8076146), (-0.5867663, 0.0588545, 0.8076146), (-0.9494077, 0.05885451, 0.30848208), (-0.9494077, 0.058854513, 0.30848214), (7.826897e-7, -0.26315945, -0.9647524), (-0.0000015628578, -0.24845544, -0.96864337), (0.5693527, -0.24845625, -0.7836498), (0.5670675, -0.26316017, -0.78050065), (0.9494081, 0.0588539, 0.30848086), (0.94940823, 0.05885391, 0.30848077), (0.5867664, 0.0588541, 0.8076146), (0.5867663, 0.05885409, 0.8076147), (0.94940794, 0.05885378, -0.3084813), (0.949408, 0.05885378, -0.3084814), (0.94940823, 0.05885391, 0.30848077), (0.9494081, 0.0588539, 0.30848086), (0.58676624, 0.058853686, -0.8076148), (0.5867662, 0.05885368, -0.80761474), (0.949408, 0.05885378, -0.3084814), (0.94940794, 0.05885378, -0.3084813), (-6.7600376e-7, 0.058853786, -0.9982666), (-5.718153e-7, 0.05885378, -0.9982666), (0.5867662, 0.05885368, -0.80761474), (0.58676624, 0.058853686, -0.8076148), (-0.58676726, 0.058854233, -0.8076141), (-0.58676714, 0.058854233, -0.8076141), (-5.718153e-7, 0.05885378, -0.9982666), (-6.7600376e-7, 0.058853786, -0.9982666), (0.5876748, 0.019314475, 0.8088666), (0.587675, 0.019314475, 0.8088665), (-0.0000011824642, 0.019314706, 0.99981344), (-0.000001281585, 0.019314706, 0.99981344), (-0.9494083, 0.058854453, -0.30848026), (-0.94940823, 0.05885446, -0.30848038), (-0.58676714, 0.058854233, -0.8076141), (-0.58676726, 0.058854233, -0.8076141), (-0.9494077, 0.058854513, 0.30848214), (-0.9494077, 0.05885451, 0.30848208), (-0.94940823, 0.05885446, -0.30848038), (-0.9494083, 0.058854453, -0.30848026), (-0.9212349, -0.24845563, 0.29932606), (-0.950107, 0.044680554, 0.3087076), (-0.95010656, 0.044680394, -0.3087089), (-0.9212344, -0.24845552, -0.2993277), (-0.917534, -0.2631597, 0.29812473), (-0.9212349, -0.24845563, 0.29932606), (-0.9212344, -0.24845552, -0.2993277), (-0.917534, -0.26315942, -0.2981247), (0.5670679, -0.26316082, 0.78050005), (0.5693534, -0.24845685, 0.783649), (-0.0000012812123, -0.24845576, 0.96864325), (6.940836e-7, -0.2631598, 0.9647523), (0.5670675, -0.26316017, -0.78050065), (0.5693527, -0.24845625, -0.7836498), (0.92123413, -0.24845618, -0.2993281), (0.9175338, -0.2631601, -0.29812482), (-0.917534, -0.26315942, -0.2981247), (-0.9212344, -0.24845552, -0.2993277), (-0.56935436, -0.24845493, -0.783649), (-0.5670668, -0.2631592, -0.7805014), (6.940836e-7, -0.2631598, 0.9647523), (-0.0000012812123, -0.24845576, 0.96864325), (-0.5693556, -0.24845508, 0.7836481), (-0.56706685, -0.26315922, 0.7805013), (0.9175338, -0.2631601, -0.29812482), (0.92123413, -0.24845618, -0.2993281), (0.9212343, -0.24845617, 0.2993274), (0.91753405, -0.26316017, 0.29812416), (-0.5670668, -0.2631592, -0.7805014), (-0.56935436, -0.24845493, -0.783649), (-0.0000015628578, -0.24845544, -0.96864337), (7.826897e-7, -0.26315945, -0.9647524), (-0.56706685, -0.26315922, 0.7805013), (-0.5693556, -0.24845508, 0.7836481), (-0.9212349, -0.24845563, 0.29932606), (-0.917534, -0.2631597, 0.29812473), (0.91753405, -0.26316017, 0.29812416), (0.9212343, -0.24845617, 0.2993274), (0.5693534, -0.24845685, 0.783649), (0.5670679, -0.26316082, 0.78050005), (0, 1, -3.5379225e-7), (0, 1, -3.5379225e-7), (0, 1, -3.5379225e-7), (0, 1, -3.5379225e-7), (0, 1, -3.5379225e-7), (0, 1, -3.5379225e-7), (0, 1, -3.5379225e-7), (0, 1, -3.5379225e-7), (0, 1, -3.5379225e-7), (0, 1, -3.5379225e-7), (0.5693534, -0.24845685, 0.783649), (0.5871953, 0.044680037, 0.80821127), (-0.0000032923062, 0.044680394, 0.99900126), (-0.0000012812123, -0.24845576, 0.96864325), (0.5693527, -0.24845625, -0.7836498), (0.5871953, 0.044679713, -0.8082112), (0.9501061, 0.04467992, -0.30871037), (0.92123413, -0.24845618, -0.2993281), (-0.9212344, -0.24845552, -0.2993277), (-0.95010656, 0.044680394, -0.3087089), (-0.58719903, 0.04468046, -0.8082084), (-0.56935436, -0.24845493, -0.783649), (-0.0000012812123, -0.24845576, 0.96864325), (-0.0000032923062, 0.044680394, 0.99900126), (-0.5872002, 0.044680826, 0.80820763), (-0.5693556, -0.24845508, 0.7836481), (0.92123413, -0.24845618, -0.2993281), (0.9501061, 0.04467992, -0.30871037), (0.95010614, 0.04468005, 0.30871013), (0.9212343, -0.24845617, 0.2993274), (-0.56935436, -0.24845493, -0.783649), (-0.58719903, 0.04468046, -0.8082084), (-0.000003272533, 0.04468005, -0.9990013), (-0.0000015628578, -0.24845544, -0.96864337), (-0.5693556, -0.24845508, 0.7836481), (-0.5872002, 0.044680826, 0.80820763), (-0.950107, 0.044680554, 0.3087076), (-0.9212349, -0.24845563, 0.29932606), (0.9212343, -0.24845617, 0.2993274), (0.95010614, 0.04468005, 0.30871013), (0.5871953, 0.044680037, 0.80821127), (0.5693534, -0.24845685, 0.783649), (-0.0000015628578, -0.24845544, -0.96864337), (-0.000003272533, 0.04468005, -0.9990013), (0.5871953, 0.044679713, -0.8082112), (0.5693527, -0.24845625, -0.7836498), (0.5853872, -0.09024522, 0.8057157), (-9.135665e-8, -0.090244934, 0.99591964), (-1.8614121e-7, -0.09024494, 0.99591964), (0.585387, -0.09024521, 0.80571574), (-0.5857833, -0.08245806, 0.8062621), (-0.5857833, -0.082458064, 0.80626214), (-0.9478175, -0.082458034, 0.30796522), (-0.94781756, -0.082458034, 0.30796525), (0.5873906, -0.036636803, 0.8084739), (0.58739066, -0.036636803, 0.80847377), (-9.644398e-7, -0.036636636, 0.9993287), (-0.000001059582, -0.03663664, 0.9993287), (1.3163873e-7, 0.07755975, 0.9969877), (6.940836e-7, -0.2631598, 0.9647523), (-0.56706685, -0.26315922, 0.7805013), (-0.5860136, 0.07755975, 0.8065808), (-0.5853863, -0.09024488, 0.8057163), (-0.9471756, -0.090245016, 0.3077567), (-0.9471756, -0.09024502, 0.30775672), (-0.5853863, -0.09024489, 0.8057163), (-0.58767587, 0.019314839, 0.8088659), (-0.58767587, 0.019314837, 0.80886585), (-0.95087904, 0.019314796, 0.30895957), (-0.950879, 0.019314796, 0.30895963), (-0.94781756, -0.082458034, 0.30796525), (-0.9478175, -0.082458034, 0.30796522), (-0.94781804, -0.082458235, -0.30796364), (-0.94781804, -0.08245824, -0.30796352), (-0.5860136, 0.07755975, 0.8065808), (-0.56706685, -0.26315922, 0.7805013), (-0.917534, -0.2631597, 0.29812473), (-0.94819117, 0.07755987, 0.30808753), (-0.9471756, -0.090245016, 0.3077567), (-0.9471756, -0.09024516, -0.3077567), (-0.9471756, -0.09024516, -0.3077566), (-0.9471756, -0.09024502, 0.30775672), (-0.950879, 0.019314796, 0.30895963), (-0.95087904, 0.019314796, 0.30895957), (-0.95087904, 0.019314565, -0.30895948), (-0.9508791, 0.019314565, -0.3089594), (-0.94781804, -0.08245824, -0.30796352), (-0.94781804, -0.082458235, -0.30796364), (-0.58578426, -0.08245849, -0.80626136), (-0.5857844, -0.08245849, -0.8062613), (-0.94819117, 0.07755987, 0.30808753), (-0.917534, -0.2631597, 0.29812473), (-0.917534, -0.26315942, -0.2981247), (-0.94819194, 0.07755982, -0.3080853), (-0.9471756, -0.09024516, -0.3077567), (-0.5853864, -0.09024528, -0.80571616), (-0.5853865, -0.09024529, -0.8057161), (-0.9471756, -0.09024516, -0.3077566), (-0.9508791, 0.019314565, -0.3089594), (-0.95087904, 0.019314565, -0.30895948), (-0.5876754, 0.019314243, -0.8088662), (-0.5876756, 0.019314244, -0.8088662), (-0.5857844, -0.08245849, -0.8062613), (-0.58578426, -0.08245849, -0.80626136), (-1.01355916e-7, -0.08245858, -0.99659455), (-1.9624594e-7, -0.08245858, -0.9965945), (-0.94819194, 0.07755982, -0.3080853), (-0.917534, -0.26315942, -0.2981247), (-0.5670668, -0.2631592, -0.7805014), (-0.58601487, 0.07755957, -0.8065799), (-0.5853864, -0.09024528, -0.80571616), (-8.12059e-7, -0.09024528, -0.9959196), (-8.9151814e-7, -0.090245284, -0.99591964), (-0.5853865, -0.09024529, -0.8057161), (-0.5876756, 0.019314244, -0.8088662), (-0.5876754, 0.019314243, -0.8088662), (4.570872e-7, 0.019314097, -0.99981344), (3.9048294e-7, 0.019314097, -0.99981344), (-1.9624594e-7, -0.08245858, -0.9965945), (-1.01355916e-7, -0.08245858, -0.99659455), (0.58578336, -0.08245863, -0.80626196), (0.58578336, -0.08245864, -0.806262), (-0.58601487, 0.07755957, -0.8065799), (-0.5670668, -0.2631592, -0.7805014), (7.826897e-7, -0.26315945, -0.9647524), (8.6071464e-7, 0.07755938, -0.9969877), (-8.12059e-7, -0.09024528, -0.9959196), (0.58538646, -0.09024539, -0.80571616), (0.58538646, -0.090245396, -0.80571616), (-8.9151814e-7, -0.090245284, -0.99591964), (3.9048294e-7, 0.019314097, -0.99981344), (4.570872e-7, 0.019314097, -0.99981344), (0.58767575, 0.019313995, -0.80886596), (0.5876757, 0.019313995, -0.8088661), (0.58578336, -0.08245864, -0.806262), (0.58578336, -0.08245863, -0.80626196), (0.9478176, -0.0824586, -0.30796507), (0.94781756, -0.08245861, -0.307965), (8.6071464e-7, 0.07755938, -0.9969877), (7.826897e-7, -0.26315945, -0.9647524), (0.5670675, -0.26316017, -0.78050065), (0.5860149, 0.07755936, -0.8065798), (0.58538646, -0.09024539, -0.80571616), (0.9471758, -0.09024551, -0.30775583), (0.94717586, -0.09024552, -0.30775577), (0.58538646, -0.090245396, -0.80571616), (0.5876757, 0.019313995, -0.8088661), (0.58767575, 0.019313995, -0.80886596), (0.950879, 0.01931407, -0.30895987), (0.95087904, 0.01931407, -0.30895978), (0.94781756, -0.08245861, -0.307965), (0.9478176, -0.0824586, -0.30796507), (0.9478179, -0.0824585, 0.3079638), (0.947818, -0.08245851, 0.3079639), (0.5860149, 0.07755936, -0.8065798), (0.5670675, -0.26316017, -0.78050065), (0.9175338, -0.2631601, -0.29812482), (0.94819164, 0.077559315, -0.3080864), (0.9471758, -0.09024551, -0.30775583), (0.94717586, -0.09024543, 0.3077556), (0.94717586, -0.09024544, 0.3077557), (0.94717586, -0.09024552, -0.30775577), (0.95087904, 0.01931407, -0.30895978), (0.950879, 0.01931407, -0.30895987), (0.9508791, 0.019314298, 0.30895925), (0.95087916, 0.019314298, 0.30895936), (0.947818, -0.08245851, 0.3079639), (0.9478179, -0.0824585, 0.3079638), (0.5857837, -0.082458355, 0.8062618), (0.58578354, -0.082458355, 0.80626184), (0.94819164, 0.077559315, -0.3080864), (0.9175338, -0.2631601, -0.29812482), (0.91753405, -0.26316017, 0.29812416), (0.94819146, 0.07755947, 0.30808663), (0.94717586, -0.09024543, 0.3077556), (0.5853872, -0.09024522, 0.8057157), (0.585387, -0.09024521, 0.80571574), (0.94717586, -0.09024544, 0.3077557), (0.95087916, 0.019314298, 0.30895936), (0.9508791, 0.019314298, 0.30895925), (0.587675, 0.019314475, 0.8088665), (0.5876748, 0.019314475, 0.8088666), (-0.0000034777156, -0.1182238, 0.9929869), (-0.0000033880892, -0.11822381, 0.992987), (-0.58366054, -0.118223615, 0.80334526), (-0.5836606, -0.11822361, 0.8033452), (0.94819146, 0.07755947, 0.30808663), (0.91753405, -0.26316017, 0.29812416), (0.5670679, -0.26316082, 0.78050005), (0.5860142, 0.07755961, 0.80658036), (-4.7099024e-7, -0.08245817, 0.9965945), (-3.7501678e-7, -0.08245817, 0.99659455), (-0.5857833, -0.082458064, 0.80626214), (-0.5857833, -0.08245806, 0.8062621), (-0.000001059582, -0.03663664, 0.9993287), (-9.644398e-7, -0.036636636, 0.9993287), (-0.5873912, -0.03663661, 0.8084735), (-0.5873912, -0.036636606, 0.8084734), (-0.000001281585, 0.019314706, 0.99981344), (-0.0000011824642, 0.019314706, 0.99981344), (-0.58767587, 0.019314837, 0.80886585), (-0.58767587, 0.019314839, 0.8088659), (0.5860142, 0.07755961, 0.80658036), (0.5670679, -0.26316082, 0.78050005), (6.940836e-7, -0.2631598, 0.9647523), (1.3163873e-7, 0.07755975, 0.9969877), (0.58578354, -0.082458355, 0.80626184), (0.5857837, -0.082458355, 0.8062618), (-3.7501678e-7, -0.08245817, 0.99659455), (-4.7099024e-7, -0.08245817, 0.9965945), (0.22177684, 0.92608684, -0.30525103), (0.22177684, 0.92608684, -0.305251), (0.35884243, 0.926087, -0.1165971), (0.35884243, 0.9260871, -0.11659712), (-4.7004427e-8, -0.94103783, 0.3383014), (-8.8375955e-8, -0.94103783, 0.33830142), (0.19883752, -0.94104093, 0.27368885), (0.19883765, -0.9410409, 0.27368873), (-0.31391445, 0.9439564, 0.10200019), (-0.31391442, 0.9439564, 0.10200023), (-0.31391457, 0.9439568, -0.10199611), (-0.3139146, 0.9439568, -0.10199602), (-6.457368e-8, 0.93531734, -0.35380992), (-3.620996e-8, 0.93531734, -0.35380992), (0.20796722, 0.93531924, -0.2862298), (0.20796716, 0.93531924, -0.28622982), (0.19400991, 0.9439574, 0.26702914), (0.19400984, 0.9439574, 0.26702914), (5.61948e-7, 0.9439568, 0.330069), (5.7606434e-7, 0.9439568, 0.330069), (-0.31336847, -0.94415784, -0.10181405), (-0.3133685, -0.9441579, -0.10181403), (-0.31336856, -0.9441576, 0.101816274), (-0.31336856, -0.94415766, 0.10181622), (0.21104576, -0.933319, -0.29047433), (0.21104571, -0.93331903, -0.29047436), (1.6102021e-7, -0.93332046, -0.35904452), (1.5844982e-7, -0.93332046, -0.35904452), (0.0000010287182, -0.94415593, 0.32949898), (9.873692e-7, -0.94415593, 0.32949898), (0.19367258, -0.9441597, 0.2665585), (0.1936726, -0.9441597, 0.26655844), (0.20361894, 0.93808186, 0.28025308), (0.20361893, 0.93808186, 0.28025305), (7.0355554e-7, 0.93807644, 0.3464283), (7.16488e-7, 0.93807644, 0.3464283), (-0.32946184, 0.93808055, 0.107049726), (-0.32946184, 0.9380806, 0.1070497), (-0.32946184, 0.9380809, -0.10704737), (-0.3294618, 0.93808085, -0.107047334), (-5.5826035e-7, 0.9420019, -0.33560765), (-5.4216645e-7, 0.9420018, -0.33560768), (0.19726965, 0.94199824, -0.2715219), (0.19726959, 0.9419982, -0.27152193), (-4.3469643e-7, -0.93963885, 0.34216794), (-4.7017832e-7, -0.9396388, 0.34216797), (0.20111725, -0.93963796, 0.27682564), (0.20111729, -0.9396379, 0.2768256), (-0.32541528, -0.9396413, -0.10573158), (-0.32541528, -0.9396413, -0.1057316), (-0.32541528, -0.9396413, 0.10573162), (-0.3254153, -0.9396413, 0.10573164), (0.19883811, -0.9410486, -0.27366215), (0.1988382, -0.94104856, -0.2736621), (0.0000010765797, -0.9410471, -0.33827558), (0.0000010811021, -0.94104713, -0.3382756), (-4.4570714e-7, -0.9289873, 0.3701116), (-4.7556497e-7, -0.92898726, 0.3701116), (0.21753639, -0.9289896, 0.29942653), (0.21753648, -0.92898965, 0.2994265), (0.221777, 0.9260872, 0.30524987), (0.22177704, 0.9260872, 0.30524984), (3.1863647e-7, 0.9260842, 0.3773168), (3.0481974e-7, 0.9260842, 0.37731683), (-0.35198197, -0.9289923, -0.11437692), (-0.35198194, -0.9289923, -0.11437696), (-0.35198277, -0.9289942, 0.114358515), (-0.3519827, -0.9289942, 0.11435858), (7.994363e-7, 0.9439578, -0.33006614), (8.148245e-7, 0.9439578, -0.33006614), (0.19401008, 0.9439592, -0.26702276), (0.19401002, 0.9439592, -0.26702276), (0.33649635, 0.93531525, 0.109342165), (0.3364963, 0.9353152, 0.10934221), (0.20796569, 0.935315, 0.28624475), (0.20796575, 0.9353151, 0.28624472), (0.19367263, -0.944157, -0.26656783), (0.19367266, -0.94415706, -0.26656786), (-2.6891755e-7, -0.9441553, -0.32950097), (-2.5864915e-7, -0.9441552, -0.32950097), (0.21104518, -0.93331414, 0.29049024), (0.21104513, -0.93331414, 0.2904903), (0.34147882, -0.9333171, 0.11095624), (0.34147882, -0.9333171, 0.110956185), (-0.358843, 0.9260882, 0.116586104), (-0.358843, 0.9260882, 0.11658605), (-0.35884273, 0.9260877, -0.11659149), (-0.35884273, 0.9260877, -0.11659145), (-0.20796601, 0.93531394, 0.28624815), (-0.20796594, 0.93531394, 0.2862482), (-0.3364967, 0.9353157, 0.10933624), (-0.33649668, 0.9353158, 0.10933629), (-9.3965673e-7, 0.93808573, -0.34640327), (-9.2869345e-7, 0.9380857, -0.34640327), (0.20361869, 0.93808, -0.28025964), (0.20361863, 0.9380799, -0.28025964), (0.319189, 0.9419996, 0.10370637), (0.31918898, 0.9419997, 0.10370643), (0.19726987, 0.94199926, 0.27151805), (0.19726992, 0.94199926, 0.27151802), (-0.3414793, -0.93331826, 0.11094522), (-0.34147927, -0.9333183, 0.11094519), (-0.21104632, -0.9333184, 0.29047585), (-0.21104637, -0.93331844, 0.29047585), (0.20111845, -0.93964565, -0.27679858), (0.20111847, -0.93964565, -0.27679858), (3.857873e-7, -0.93964595, -0.3421483), (3.877023e-7, -0.939646, -0.3421483), (0.19883765, -0.9410409, 0.27368873), (0.19883752, -0.94104093, 0.27368885), (0.3217266, -0.94104403, 0.104537636), (0.32172662, -0.941044, 0.10453762), (-0.19726984, 0.94200045, 0.27151394), (-0.19726981, 0.9420004, 0.2715139), (-0.31918898, 0.94199914, 0.1037108), (-0.31918898, 0.9419992, 0.103710786), (0.21753727, -0.9289963, -0.2994049), (0.21753737, -0.9289963, -0.29940486), (2.7808457e-7, -0.92899626, -0.37008902), (2.9322854e-7, -0.92899626, -0.37008905), (0.31391466, 0.9439561, 0.10200235), (0.3139147, 0.943956, 0.10200231), (0.19400984, 0.9439574, 0.26702914), (0.19400991, 0.9439574, 0.26702914), (-0.3217265, -0.9410441, 0.10453766), (-0.32172647, -0.9410441, 0.1045377), (-0.19883755, -0.9410411, 0.27368817), (-0.1988376, -0.9410412, 0.27368814), (0.1936726, -0.9441597, 0.26655844), (0.19367258, -0.9441597, 0.2665585), (0.31336862, -0.94415724, 0.10182035), (0.3133686, -0.9441571, 0.10182034), (-7.913591e-7, 0.92609376, -0.3772934), (-7.7440757e-7, 0.92609376, -0.37729344), (0.22177684, 0.92608684, -0.305251), (0.22177684, 0.92608684, -0.30525103), (-0.19400959, 0.94395375, 0.2670421), (-0.1940095, 0.9439539, 0.26704222), (-0.31391442, 0.9439564, 0.10200023), (-0.31391445, 0.9439564, 0.10200019), (-0.2079659, 0.9353144, -0.28624666), (-0.2079659, 0.93531436, -0.28624666), (-3.620996e-8, 0.93531734, -0.35380992), (-6.457368e-8, 0.93531734, -0.35380992), (0.3294623, 0.9380808, 0.107047416), (0.3294623, 0.9380807, 0.10704737), (0.20361893, 0.93808186, 0.28025305), (0.20361894, 0.93808186, 0.28025308), (-0.31336856, -0.94415766, 0.10181622), (-0.31336856, -0.9441576, 0.101816274), (-0.19367227, -0.9441539, 0.26657933), (-0.19367228, -0.9441539, 0.26657933), (1.5844982e-7, -0.93332046, -0.35904452), (1.6102021e-7, -0.93332046, -0.35904452), (-0.21104549, -0.93331736, -0.29047978), (-0.21104538, -0.93331736, -0.29047978), (0.20111729, -0.9396379, 0.2768256), (0.20111725, -0.93963796, 0.27682564), (0.32541513, -0.9396408, 0.10573607), (0.3254152, -0.9396408, 0.105736054), (-0.20361823, 0.9380761, 0.28027263), (-0.20361826, 0.9380762, 0.2802726), (-0.32946184, 0.9380806, 0.1070497), (-0.32946184, 0.93808055, 0.107049726), (-0.19727053, 0.9420047, -0.27149865), (-0.19727053, 0.9420047, -0.27149865), (-5.4216645e-7, 0.9420018, -0.33560768), (-5.5826035e-7, 0.9420019, -0.33560765), (0.21753648, -0.92898965, 0.2994265), (0.21753639, -0.9289896, 0.29942653), (0.35198218, -0.92899346, 0.11436628), (0.35198215, -0.92899346, 0.114366256), (-0.3254153, -0.9396413, 0.10573164), (-0.32541528, -0.9396413, 0.10573162), (-0.20111786, -0.93964237, 0.27681017), (-0.20111792, -0.9396423, 0.27681014), (0.0000010811021, -0.94104713, -0.3382756), (0.0000010765797, -0.9410471, -0.33827558), (-0.19883738, -0.9410411, -0.27368838), (-0.19883731, -0.94104105, -0.2736884), (0.35884258, 0.9260874, 0.116594285), (0.35884252, 0.9260873, 0.11659429), (0.22177704, 0.9260872, 0.30524984), (0.221777, 0.9260872, 0.30524987), (-0.3519827, -0.9289942, 0.11435858), (-0.35198277, -0.9289942, 0.114358515), (-0.21753766, -0.9289944, 0.29941058), (-0.21753773, -0.9289945, 0.29941058), (-0.19400983, 0.94395447, -0.2670396), (-0.19400981, 0.94395447, -0.26703963), (8.148245e-7, 0.9439578, -0.33006614), (7.994363e-7, 0.9439578, -0.33006614), (0.33649692, 0.93531716, -0.10932426), (0.33649692, 0.93531704, -0.109324254), (0.3364963, 0.9353152, 0.10934221), (0.33649635, 0.93531525, 0.109342165), (-2.5864915e-7, -0.9441552, -0.32950097), (-2.6891755e-7, -0.9441553, -0.32950097), (-0.19367266, -0.94415873, -0.26656178), (-0.1936727, -0.94415873, -0.26656178), (0.5867663, 0.05885409, 0.8076147), (0.5867664, 0.0588541, 0.8076146), (-8.084286e-7, 0.058854382, 0.9982666), (-9.080651e-7, 0.058854386, 0.9982666), (-0.5858173, -0.08168912, 0.80631566), (-0.5858172, -0.08168913, 0.8063157), (0.000007007069, -0.08169059, 0.9966577), (0.0000071344084, -0.081690595, 0.9966578), (-0.5877428, -0.01190163, 0.8089603), (-0.58774275, -0.011901632, 0.8089604), (0.0000021793192, -0.011901607, 0.99992925), (0.0000022995116, -0.011901607, 0.9999292), (-0.5869325, 0.053662136, 0.8078556), (-0.5869326, 0.053662136, 0.8078554), (0.000005110299, 0.053662494, 0.9985591), (0.0000051812854, 0.053662494, 0.9985591), (-0.5852074, 0.09349814, 0.8054753), (-0.5852074, 0.09349813, 0.8054753), (-2.9455498e-7, 0.09349884, 0.99561936), (-2.0559997e-7, 0.09349884, 0.99561936), (-0.5836606, -0.11822361, 0.8033452), (-0.58366054, -0.118223615, 0.80334526), (-0.9443852, -0.11822345, 0.30685493), (-0.94438505, -0.11822344, 0.30685508), (-0.9478773, -0.081689894, 0.30798596), (-0.9478773, -0.08168989, 0.30798596), (-0.5858172, -0.08168913, 0.8063157), (-0.5858173, -0.08168912, 0.80631566), (-0.95098907, -0.011902048, 0.30899537), (-0.9509891, -0.011902049, 0.3089954), (-0.58774275, -0.011901632, 0.8089604), (-0.5877428, -0.01190163, 0.8089603), (-0.9496848, 0.05366237, 0.30857605), (-0.94968474, 0.053662367, 0.30857614), (-0.5869326, 0.053662136, 0.8078554), (-0.5869325, 0.053662136, 0.8078556), (-0.94688886, 0.09349846, 0.30766794), (-0.94688886, 0.09349846, 0.30766797), (-0.5852074, 0.09349813, 0.8054753), (-0.5852074, 0.09349814, 0.8054753), (-0.94438505, -0.11822344, 0.30685508), (-0.9443852, -0.11822345, 0.30685493), (-0.944388, -0.11822358, -0.30684617), (-0.944388, -0.11822356, -0.306846), (-0.9478766, -0.08169019, -0.3079882), (-0.94787663, -0.0816902, -0.30798814), (-0.9478773, -0.08168989, 0.30798596), (-0.9478773, -0.081689894, 0.30798596), (-0.9509896, -0.011901875, -0.30899364), (-0.95098966, -0.011901874, -0.30899364), (-0.9509891, -0.011902049, 0.3089954), (-0.95098907, -0.011902048, 0.30899537), (-0.9496868, 0.053662438, -0.30856967), (-0.9496869, 0.05366244, -0.3085695), (-0.94968474, 0.053662367, 0.30857614), (-0.9496848, 0.05366237, 0.30857605), (-0.9468917, 0.09349875, -0.30765903), (-0.9468918, 0.09349875, -0.307659), (-0.94688886, 0.09349846, 0.30766797), (-0.94688886, 0.09349846, 0.30766794), (-0.944388, -0.11822356, -0.306846), (-0.944388, -0.11822358, -0.30684617), (-0.58366406, -0.11822262, -0.8033429), (-0.58366406, -0.11822261, -0.8033429), (-0.5858159, -0.081689864, -0.8063166), (-0.58581614, -0.08168986, -0.80631644), (-0.94787663, -0.0816902, -0.30798814), (-0.9478766, -0.08169019, -0.3079882), (-0.5877436, -0.011901867, -0.8089597), (-0.5877439, -0.011901866, -0.80895954), (-0.95098966, -0.011901874, -0.30899364), (-0.9509896, -0.011901875, -0.30899364), (-0.5869353, 0.05366216, -0.8078536), (-0.5869354, 0.05366216, -0.80785346), (-0.9496869, 0.05366244, -0.3085695), (-0.9496868, 0.053662438, -0.30856967), (-0.5852167, 0.093499355, -0.8054684), (-0.5852168, 0.09349936, -0.80546826), (-0.9468918, 0.09349875, -0.307659), (-0.9468917, 0.09349875, -0.30765903), (-0.58366406, -0.11822261, -0.8033429), (-0.58366406, -0.11822262, -0.8033429), (9.0825125e-7, -0.11822119, -0.99298733), (8.377676e-7, -0.118221186, -0.9929873), (7.803248e-7, -0.08168997, -0.9966578), (6.8696653e-7, -0.08168997, -0.9966578), (-0.58581614, -0.08168986, -0.80631644), (-0.5858159, -0.081689864, -0.8063166), (0.0000016296533, -0.011902476, -0.9999292), (0.000001532488, -0.011902476, -0.99992913), (-0.5877439, -0.011901866, -0.80895954), (-0.5877436, -0.011901867, -0.8089597), (0.000004036458, 0.053661853, -0.9985591), (0.0000039309907, 0.053661864, -0.9985592), (-0.5869354, 0.05366216, -0.80785346), (-0.5869353, 0.05366216, -0.8078536), (-0.000006863121, 0.0934978, -0.9956194), (-0.00000698806, 0.0934978, -0.9956195), (-0.5852168, 0.09349936, -0.80546826), (-0.5852167, 0.093499355, -0.8054684), (8.377676e-7, -0.118221186, -0.9929873), (9.0825125e-7, -0.11822119, -0.99298733), (0.5836626, -0.11822349, -0.8033438), (0.58366245, -0.11822347, -0.80334383), (0.5858204, -0.08169051, -0.8063133), (0.5858203, -0.08169051, -0.80631334), (6.8696653e-7, -0.08168997, -0.9966578), (7.803248e-7, -0.08168997, -0.9966578), (0.5877452, -0.011902523, -0.8089586), (0.58774525, -0.011902521, -0.8089585), (0.000001532488, -0.011902476, -0.99992913), (0.0000016296533, -0.011902476, -0.9999292), (0.5869345, 0.053662658, -0.80785406), (0.58693445, 0.053662658, -0.80785406), (0.0000039309907, 0.053661864, -0.9985592), (0.000004036458, 0.053661853, -0.9985591), (0.5852045, 0.0934966, -0.8054776), (0.5852045, 0.09349658, -0.80547756), (-0.00000698806, 0.0934978, -0.9956195), (-0.000006863121, 0.0934978, -0.9956194), (0.58366245, -0.11822347, -0.80334383), (0.5836626, -0.11822349, -0.8033438), (0.94438714, -0.11822453, -0.30684865), (0.944387, -0.11822452, -0.3068486), (0.947878, -0.0816906, -0.30798367), (0.94787806, -0.0816906, -0.30798367), (0.5858203, -0.08169051, -0.80631334), (0.5858204, -0.08169051, -0.8063133), (0.95098966, -0.011902558, -0.30899367), (0.9509896, -0.011902557, -0.30899358), (0.58774525, -0.011902521, -0.8089585), (0.5877452, -0.011902523, -0.8089586), (0.9496853, 0.053661957, -0.30857465), (0.9496853, 0.053661965, -0.30857456), (0.58693445, 0.053662658, -0.80785406), (0.5869345, 0.053662658, -0.80785406), (0.946889, 0.09349778, -0.30766743), (0.94688904, 0.09349779, -0.3076674), (0.5852045, 0.09349658, -0.80547756), (0.5852045, 0.0934966, -0.8054776), (0.944387, -0.11822452, -0.3068486), (0.94438714, -0.11822453, -0.30684865), (0.9443874, -0.11822394, 0.30684775), (0.9443873, -0.11822394, 0.30684802), (0.94787776, -0.08169029, 0.3079846), (0.9478777, -0.08169028, 0.30798465), (0.94787806, -0.0816906, -0.30798367), (0.947878, -0.0816906, -0.30798367), (0.9509891, -0.011902624, 0.30899522), (0.95098907, -0.011902623, 0.30899543), (0.9509896, -0.011902557, -0.30899358), (0.95098966, -0.011902558, -0.30899367), (0.94968605, 0.053661786, 0.30857232), (0.9496859, 0.053661782, 0.30857262), (0.9496853, 0.053661965, -0.30857456), (0.9496853, 0.053661957, -0.30857465), (0.946891, 0.093498036, 0.30766124), (0.946891, 0.09349803, 0.30766132), (0.94688904, 0.09349779, -0.3076674), (0.946889, 0.09349778, -0.30766743), (0.9443873, -0.11822394, 0.30684802), (0.9443874, -0.11822394, 0.30684775), (0.5836637, -0.11822333, 0.80334294), (0.58366376, -0.11822335, 0.80334294), (0.58582413, -0.08169109, 0.8063105), (0.58582413, -0.08169109, 0.8063106), (0.9478777, -0.08169028, 0.30798465), (0.94787776, -0.08169029, 0.3079846), (0.5877445, -0.0119020855, 0.808959), (0.5877444, -0.011902086, 0.8089592), (0.95098907, -0.011902623, 0.30899543), (0.9509891, -0.011902624, 0.30899522), (0.5869395, 0.05366265, 0.8078505), (0.58693963, 0.053662647, 0.8078503), (0.9496859, 0.053661782, 0.30857262), (0.94968605, 0.053661786, 0.30857232), (0.5852124, 0.09349855, 0.80547154), (0.5852123, 0.093498565, 0.8054717), (0.946891, 0.09349803, 0.30766132), (0.946891, 0.093498036, 0.30766124), (0.58366376, -0.11822335, 0.80334294), (0.5836637, -0.11822333, 0.80334294), (-0.0000033880892, -0.11822381, 0.992987), (-0.0000034777156, -0.1182238, 0.9929869), (0.0000071344084, -0.081690595, 0.9966578), (0.000007007069, -0.08169059, 0.9966577), (0.58582413, -0.08169109, 0.8063106), (0.58582413, -0.08169109, 0.8063105), (0.0000022995116, -0.011901607, 0.9999292), (0.0000021793192, -0.011901607, 0.99992925), (0.5877444, -0.011902086, 0.8089592), (0.5877445, -0.0119020855, 0.808959), (0.0000051812854, 0.053662494, 0.9985591), (0.000005110299, 0.053662494, 0.9985591), (0.58693963, 0.053662647, 0.8078503), (0.5869395, 0.05366265, 0.8078505), (-2.0559997e-7, 0.09349884, 0.99561936), (-2.9455498e-7, 0.09349884, 0.99561936), (0.5852123, 0.093498565, 0.8054717), (0.5852124, 0.09349855, 0.80547154), (0.19726992, 0.94199926, 0.27151802), (0.19726987, 0.94199926, 0.27151805), (-3.775085e-7, 0.9419994, 0.33561465), (-3.5258543e-7, 0.9419993, 0.33561462), (-0.32172635, -0.9410442, -0.10453752), (-0.32172632, -0.9410441, -0.10453754), (-0.32172647, -0.9410441, 0.1045377), (-0.3217265, -0.9410441, 0.10453766), (-1.8779235e-7, -0.9333129, 0.35906428), (-2.254283e-7, -0.93331283, 0.35906425), (0.21104513, -0.93331414, 0.2904903), (0.21104518, -0.93331414, 0.29049024), (0.3519823, -0.92899376, -0.11436378), (0.3519823, -0.92899376, -0.11436374), (0.21753737, -0.9289963, -0.29940486), (0.21753727, -0.9289963, -0.2994049), (-0.31918898, 0.9419992, 0.103710786), (-0.31918898, 0.94199914, 0.1037108), (-0.31918916, 0.9420001, -0.10370207), (-0.31918913, 0.9420001, -0.10370202), (0.20796575, 0.9353151, 0.28624472), (0.20796569, 0.935315, 0.28624475), (3.942863e-7, 0.93531555, 0.35381475), (3.9918265e-7, 0.9353155, 0.35381475), (0.32541546, -0.9396414, -0.105729446), (0.32541546, -0.9396415, -0.10572949), (0.20111847, -0.93964565, -0.27679858), (0.20111845, -0.93964565, -0.27679858), (-0.34147882, -0.9333171, -0.1109562), (-0.34147882, -0.9333172, -0.1109562), (-0.34147927, -0.9333183, 0.11094519), (-0.3414793, -0.93331826, 0.11094522), (0.20361863, 0.9380799, -0.28025964), (0.20361869, 0.93808, -0.28025964), (0.32946214, 0.9380807, -0.1070474), (0.3294622, 0.9380808, -0.107047416), (-0.33649668, 0.9353158, 0.10933629), (-0.3364967, 0.9353157, 0.10933624), (-0.33649665, 0.9353151, -0.109342344), (-0.33649662, 0.9353151, -0.109342314), (-0.35884273, 0.9260877, -0.11659145), (-0.35884273, 0.9260877, -0.11659149), (-0.22177781, 0.92609334, -0.30523065), (-0.22177784, 0.92609334, -0.30523062), (0.31336853, -0.9441576, -0.1018163), (0.31336856, -0.9441576, -0.10181627), (0.19367266, -0.94415706, -0.26656786), (0.19367263, -0.944157, -0.26656783), (0.19401002, 0.9439592, -0.26702276), (0.19401008, 0.9439592, -0.26702276), (0.31391466, 0.9439563, -0.10200028), (0.3139147, 0.9439564, -0.10200031), (-0.21753593, -0.92899036, -0.29942438), (-0.217536, -0.9289904, -0.29942435), (-0.35198194, -0.9289923, -0.11437696), (-0.35198197, -0.9289923, -0.11437692), (3.0481974e-7, 0.9260842, 0.37731683), (3.1863647e-7, 0.9260842, 0.3773168), (-0.22177757, 0.9260877, 0.30524796), (-0.22177763, 0.9260877, 0.30524793), (0.3217265, -0.94104403, -0.10453764), (0.3217265, -0.94104403, -0.104537666), (0.1988382, -0.94104856, -0.2736621), (0.19883811, -0.9410486, -0.27366215), (-0.20111787, -0.93964213, -0.2768107), (-0.2011179, -0.9396422, -0.27681068), (-0.32541528, -0.9396413, -0.1057316), (-0.32541528, -0.9396413, -0.10573158), (-0.21753773, -0.9289945, 0.29941058), (-0.21753766, -0.9289944, 0.29941058), (-4.7556497e-7, -0.92898726, 0.3701116), (-4.4570714e-7, -0.9289873, 0.3701116), (0.19726959, 0.9419982, -0.27152193), (0.19726965, 0.94199824, -0.2715219), (0.31918883, 0.9419992, -0.10371076), (0.3191889, 0.9419992, -0.103710696), (-0.3294618, 0.93808085, -0.107047334), (-0.32946184, 0.9380809, -0.10704737), (-0.20361933, 0.9380862, -0.28023815), (-0.20361926, 0.9380862, -0.28023818), (-0.20111792, -0.9396423, 0.27681014), (-0.20111786, -0.93964237, 0.27681017), (-4.7017832e-7, -0.9396388, 0.34216797), (-4.3469643e-7, -0.93963885, 0.34216794), (0.34147882, -0.9333174, -0.11095374), (0.34147885, -0.9333175, -0.110953756), (0.21104571, -0.93331903, -0.29047436), (0.21104576, -0.933319, -0.29047433), (-0.1936727, -0.94415873, -0.26656178), (-0.19367266, -0.94415873, -0.26656178), (-0.3133685, -0.9441579, -0.10181403), (-0.31336847, -0.94415784, -0.10181405), (0.20796716, 0.93531924, -0.28622982), (0.20796722, 0.93531924, -0.2862298), (0.33649692, 0.93531704, -0.109324254), (0.33649692, 0.93531716, -0.10932426), (-0.3139146, 0.9439568, -0.10199602), (-0.31391457, 0.9439568, -0.10199611), (-0.19400981, 0.94395447, -0.26703963), (-0.19400983, 0.94395447, -0.2670396), (7.16488e-7, 0.93807644, 0.3464283), (7.0355554e-7, 0.93807644, 0.3464283), (-0.20361826, 0.9380762, 0.2802726), (-0.20361823, 0.9380761, 0.28027263), (0.35884243, 0.9260871, -0.11659712), (0.35884243, 0.926087, -0.1165971), (0.35884252, 0.9260873, 0.11659429), (0.35884258, 0.9260874, 0.116594285), (-0.19883731, -0.94104105, -0.2736884), (-0.19883738, -0.9410411, -0.27368838), (-0.32172632, -0.9410441, -0.10453754), (-0.32172635, -0.9410442, -0.10453752), (-0.19367228, -0.9441539, 0.26657933), (-0.19367227, -0.9441539, 0.26657933), (9.873692e-7, -0.94415593, 0.32949898), (0.0000010287182, -0.94415593, 0.32949898), (0.35198215, -0.92899346, 0.114366256), (0.35198218, -0.92899346, 0.11436628), (0.3519823, -0.92899376, -0.11436374), (0.3519823, -0.92899376, -0.11436378), (-0.31918913, 0.9420001, -0.10370202), (-0.31918916, 0.9420001, -0.10370207), (-0.19727053, 0.9420047, -0.27149865), (-0.19727053, 0.9420047, -0.27149865), (5.7606434e-7, 0.9439568, 0.330069), (5.61948e-7, 0.9439568, 0.330069), (-0.1940095, 0.9439539, 0.26704222), (-0.19400959, 0.94395375, 0.2670421), (0.3254152, -0.9396408, 0.105736054), (0.32541513, -0.9396408, 0.10573607), (0.32541546, -0.9396415, -0.10572949), (0.32541546, -0.9396414, -0.105729446), (-0.21104538, -0.93331736, -0.29047978), (-0.21104549, -0.93331736, -0.29047978), (-0.34147882, -0.9333172, -0.1109562), (-0.34147882, -0.9333171, -0.1109562), (0.3294622, 0.9380808, -0.107047416), (0.32946214, 0.9380807, -0.1070474), (0.3294623, 0.9380807, 0.10704737), (0.3294623, 0.9380808, 0.107047416), (-0.33649662, 0.9353151, -0.109342314), (-0.33649665, 0.9353151, -0.109342344), (-0.2079659, 0.93531436, -0.28624666), (-0.2079659, 0.9353144, -0.28624666), (-0.1988376, -0.9410412, 0.27368814), (-0.19883755, -0.9410411, 0.27368817), (-8.8375955e-8, -0.94103783, 0.33830142), (-4.7004427e-8, -0.94103783, 0.3383014), (-0.22177784, 0.92609334, -0.30523062), (-0.22177781, 0.92609334, -0.30523065), (-7.7440757e-7, 0.92609376, -0.37729344), (-7.913591e-7, 0.92609376, -0.3772934), (0.3133686, -0.9441571, 0.10182034), (0.31336862, -0.94415724, 0.10182035), (0.31336856, -0.9441576, -0.10181627), (0.31336853, -0.9441576, -0.1018163), (-3.5258543e-7, 0.9419993, 0.33561462), (-3.775085e-7, 0.9419994, 0.33561465), (-0.19726981, 0.9420004, 0.2715139), (-0.19726984, 0.94200045, 0.27151394), (0.3139147, 0.9439564, -0.10200031), (0.31391466, 0.9439563, -0.10200028), (0.3139147, 0.943956, 0.10200231), (0.31391466, 0.9439561, 0.10200235), (2.9322854e-7, -0.92899626, -0.37008905), (2.7808457e-7, -0.92899626, -0.37008902), (-0.217536, -0.9289904, -0.29942435), (-0.21753593, -0.92899036, -0.29942438), (-0.21104637, -0.93331844, 0.29047585), (-0.21104632, -0.9333184, 0.29047585), (-2.254283e-7, -0.93331283, 0.35906425), (-1.8779235e-7, -0.9333129, 0.35906428), (0.32172662, -0.941044, 0.10453762), (0.3217266, -0.94104403, 0.104537636), (0.3217265, -0.94104403, -0.104537666), (0.3217265, -0.94104403, -0.10453764), (3.877023e-7, -0.939646, -0.3421483), (3.857873e-7, -0.93964595, -0.3421483), (-0.2011179, -0.9396422, -0.27681068), (-0.20111787, -0.93964213, -0.2768107), (0.3191889, 0.9419992, -0.103710696), (0.31918883, 0.9419992, -0.10371076), (0.31918898, 0.9419997, 0.10370643), (0.319189, 0.9419996, 0.10370637), (-0.20361926, 0.9380862, -0.28023818), (-0.20361933, 0.9380862, -0.28023815), (-9.2869345e-7, 0.9380857, -0.34640327), (-9.3965673e-7, 0.93808573, -0.34640327), (3.9918265e-7, 0.9353155, 0.35381475), (3.942863e-7, 0.93531555, 0.35381475), (-0.20796594, 0.93531394, 0.2862482), (-0.20796601, 0.93531394, 0.28624815), (-0.22177763, 0.9260877, 0.30524793), (-0.22177757, 0.9260877, 0.30524796), (-0.358843, 0.9260882, 0.11658605), (-0.358843, 0.9260882, 0.116586104), (0.34147882, -0.9333171, 0.110956185), (0.34147882, -0.9333171, 0.11095624), (0.34147885, -0.9333175, -0.110953756), (0.34147882, -0.9333174, -0.11095374), (0.1274017, 0.9918512, 0), (0.27605104, 0.961143, 0), (0.2760508, 0.961143, 0), (0.1274016, 0.9918512, 0), (-0.9626705, -0.014485173, -0.27028805), (-0.9626705, -0.014484772, 0.27028805), (-0.9748099, -0.014667511, 0.22255462), (-0.9748099, -0.014667841, -0.22255468), (-0.12740164, -0.9918512, 0), (-0.2760535, -0.9611423, 0), (-0.27605367, -0.96114224, 0), (-0.1274017, -0.9918512, 0), (0.52551997, -0.85078126, -2.8669965e-7), (0.52551997, -0.85078126, -2.8669965e-7), (0.2760472, -0.96114415, -7.820271e-8), (0.27604702, -0.96114415, -7.820253e-8), (-0.87613463, -0.013183039, -0.48188612), (-0.9626705, -0.014485173, -0.27028805), (-0.9748099, -0.014667841, -0.22255468), (-0.87613463, -0.013183039, -0.48188612), (0.8723063, 0.013125129, -0.48878348), (0.9736905, 0.014650781, -0.22740313), (0.96177524, 0.014471469, -0.2734575), (0.8723063, 0.013125129, -0.48878348), (-0.9626705, -0.014484772, 0.27028805), (-0.8761349, -0.013182328, 0.48188576), (-0.8761349, -0.013182328, 0.48188576), (-0.9748099, -0.014667511, 0.22255462), (0.8723061, 0.013125841, 0.48878402), (0.9617751, 0.014471865, 0.27345774), (0.9736905, 0.014651112, 0.22740309), (0.8723061, 0.013125841, 0.48878402), (0.9617751, 0.014471865, 0.27345774), (0.96177524, 0.014471469, -0.2734575), (0.9736905, 0.014650781, -0.22740313), (0.9736905, 0.014651112, 0.22740309), (8.7569845e-7, -2.6371887e-7, -1), (8.5975364e-7, -3.3730925e-7, -1), (8.6188174e-7, -3.274869e-7, -1), (8.7569845e-7, -2.6371887e-7, -1), (0.2760472, -0.96114415, -7.820271e-8), (0.12720075, -0.99187696, 6.475036e-7), (0.12720071, -0.991877, 6.4750446e-7), (0.27604702, -0.96114415, -7.820253e-8), (-0.2760535, -0.9611423, 0), (-0.5255196, -0.8507815, 0), (-0.5255196, -0.8507815, 0), (-0.27605367, -0.96114224, 0), (-0.27604726, 0.96114415, -9.4351526e-7), (-0.52552015, 0.8507812, 0), (-0.52552015, 0.8507812, 0), (-0.27604708, 0.96114403, -9.435156e-7), (0.27605104, 0.961143, 0), (0.52551186, 0.85078627, 0), (0.52551186, 0.85078627, 0), (0.2760508, 0.961143, 0), (8.6323956e-7, -4.699559e-7, -1), (8.828681e-7, -4.6973295e-7, -1), (8.828681e-7, -4.6973295e-7, -1), (8.6650465e-7, -4.699188e-7, -1), (-7.504337e-7, 4.6972997e-7, 1), (-8.393503e-7, 4.325002e-7, 1), (-8.245597e-7, 4.3869304e-7, 1), (-7.504337e-7, 4.6972997e-7, 1), (-8.125519e-7, 3.006223e-7, 1), (-8.7569845e-7, 2.6371904e-7, 1), (-8.7569845e-7, 2.6371904e-7, 1), (-8.209803e-7, 2.9569674e-7, 1), (-0.1274017, -0.9918512, 0), (-0.00019802875, -1, 6.4844664e-7), (-0.00019792173, -1, 6.484475e-7), (-0.12740164, -0.9918512, 0), (-0.00019802875, -1, 6.4844664e-7), (0.12720071, -0.991877, 6.4750446e-7), (0.12720075, -0.99187696, 6.475036e-7), (-0.00019792173, -1, 6.484475e-7), (8.6650465e-7, -4.699188e-7, -1), (8.46501e-7, -4.3576605e-7, -1), (8.4649145e-7, -4.3509107e-7, -1), (8.6323956e-7, -4.699559e-7, -1), (8.46501e-7, -4.3576605e-7, -1), (8.6188174e-7, -3.274869e-7, -1), (8.5975364e-7, -3.3730925e-7, -1), (8.4649145e-7, -4.3509107e-7, -1), (0.1274016, 0.9918512, 0), (0.00019791935, 1, 6.484475e-7), (0.00019802638, 1, 6.484466e-7), (0.1274017, 0.9918512, 0), (0.00019791935, 1, 6.484475e-7), (-0.12720075, 0.99187696, 1.00230935e-8), (-0.12720068, 0.9918771, 1.00249045e-8), (0.00019802638, 1, 6.484466e-7), (-8.209803e-7, 2.9569674e-7, 1), (-8.362667e-7, 3.6737302e-7, 1), (-8.347603e-7, 3.6669962e-7, 1), (-8.125519e-7, 3.006223e-7, 1), (-8.362667e-7, 3.6737302e-7, 1), (-8.245597e-7, 4.3869304e-7, 1), (-8.393503e-7, 4.325002e-7, 1), (-8.347603e-7, 3.6669962e-7, 1), (-0.27604708, 0.96114403, -9.435156e-7), (-0.12720068, 0.9918771, 1.00249045e-8), (-0.12720075, 0.99187696, 1.00230935e-8), (-0.27604726, 0.96114415, -9.4351526e-7), (0.12893327, 0.99165326, 1.2020267e-8), (0.27620298, 0.96109927, -0.0000023210978), (0.27620277, 0.9610994, -0.0000023210969), (0.12893319, 0.99165326, 1.20231665e-8), (-0.9658323, -0.008230869, -0.25903708), (-0.9658321, -0.00823039, 0.25903782), (-0.97660375, -0.008322197, 0.21488565), (-0.97660404, -0.008322597, -0.2148845), (-0.12893158, -0.9916535, 9.858222e-7), (-0.2762065, -0.9610983, 0.0000014742013), (-0.2762066, -0.9610983, 0.0000014742006), (-0.12893167, -0.9916535, 9.858237e-7), (0.5301716, -0.8478904, -3.7357444e-7), (0.5301716, -0.8478904, -3.7357444e-7), (0.27620104, -0.96109986, -9.90209e-8), (0.27620092, -0.96109986, -9.902079e-8), (-0.8856855, -0.0075481925, -0.46422437), (-0.9658323, -0.008230869, -0.25903708), (-0.97660404, -0.008322597, -0.2148845), (-0.8856855, -0.0075481925, -0.46422437), (0.8836379, 0.007530483, -0.4681104), (0.97601575, 0.0083177565, -0.21754092), (0.96534806, 0.008226842, -0.26083606), (0.8836379, 0.007530483, -0.4681104), (-0.9658321, -0.00823039, 0.25903782), (-0.8856849, -0.0075473315, 0.46422547), (-0.8856849, -0.0075473315, 0.46422547), (-0.97660375, -0.008322197, 0.21488565), (0.8836377, 0.0075306925, 0.46811062), (0.965348, 0.008226958, 0.26083624), (0.97601575, 0.008317854, 0.21754093), (0.8836377, 0.0075306925, 0.46811062), (0.965348, 0.008226958, 0.26083624), (0.96534806, 0.008226842, -0.26083606), (0.97601575, 0.0083177565, -0.21754092), (0.97601575, 0.008317854, 0.21754093), (0.0000010493783, -3.4025467e-7, -1), (9.855609e-7, -3.4041614e-7, -1), (9.946447e-7, -3.4039317e-7, -1), (0.0000010493783, -3.4025467e-7, -1), (0.27620104, -0.96109986, -9.90209e-8), (0.12872769, -0.99167997, -9.98991e-7), (0.12872761, -0.99168, -9.989926e-7), (0.27620092, -0.96109986, -9.902079e-8), (-0.2762065, -0.9610983, 0.0000014742013), (-0.5301703, -0.8478911, 0), (-0.5301703, -0.8478911, 0), (-0.2762066, -0.9610983, 0.0000014742006), (-0.27620298, 0.96109927, -0.000002940542), (-0.5301709, 0.84789085, 0), (-0.5301709, 0.84789085, 0), (-0.2762029, 0.9610993, -0.0000029405426), (0.27620298, 0.96109927, -0.0000023210978), (0.530166, 0.84789383, -0.0000031950728), (0.530166, 0.84789383, -0.0000031950728), (0.27620277, 0.9610994, -0.0000023210969), (8.864938e-7, -2.6890544e-7, -1), (0.0000010148951, -2.4071176e-7, -1), (0.0000010148951, -2.4071176e-7, -1), (9.0716895e-7, -2.643657e-7, -1), (-8.525119e-7, 2.4071176e-7, 1), (-8.126748e-7, 2.6890623e-7, 1), (-8.1908945e-7, 2.6436632e-7, 1), (-8.525119e-7, 2.4071176e-7, 1), (-9.696937e-7, 3.9057574e-7, 1), (-9.081064e-7, 3.9038756e-7, 1), (-9.081064e-7, 3.9038756e-7, 1), (-9.609273e-7, 3.9054893e-7, 1), (-0.12893167, -0.9916535, 9.858237e-7), (-0.0002016674, -1, -0.0000010004829), (-0.0002015556, -1, -0.0000010004843), (-0.12893158, -0.9916535, 9.858222e-7), (-0.0002016674, -1, -0.0000010004829), (0.12872761, -0.99168, -9.989926e-7), (0.12872769, -0.99167997, -9.98991e-7), (-0.0002015556, -1, -0.0000010004843), (9.0716895e-7, -2.643657e-7, -1), (8.548975e-7, -3.1635258e-7, -1), (8.557419e-7, -3.166206e-7, -1), (8.864938e-7, -2.6890544e-7, -1), (8.548975e-7, -3.1635258e-7, -1), (9.946447e-7, -3.4039317e-7, -1), (9.855609e-7, -3.4041614e-7, -1), (8.557419e-7, -3.166206e-7, -1), (0.12893319, 0.99165326, 1.20231665e-8), (0.00020308503, 1, 9.993458e-7), (0.00020318969, 1, 9.993472e-7), (0.12893327, 0.99165326, 1.2020267e-8), (0.00020308503, 1, 9.993458e-7), (-0.12873071, 0.99167955, -0.0000019664112), (-0.12873061, 0.99167955, -0.0000019664076), (0.00020318969, 1, 9.993472e-7), (-9.609273e-7, 3.9054893e-7, 1), (-9.002004e-7, 3.413116e-7, 1), (-9.0155174e-7, 3.41859e-7, 1), (-9.696937e-7, 3.9057574e-7, 1), (-9.002004e-7, 3.413116e-7, 1), (-8.1908945e-7, 2.6436632e-7, 1), (-8.126748e-7, 2.6890623e-7, 1), (-9.0155174e-7, 3.41859e-7, 1), (-0.2762029, 0.9610993, -0.0000029405426), (-0.12873061, 0.99167955, -0.0000019664076), (-0.12873071, 0.99167955, -0.0000019664112), (-0.27620298, 0.96109927, -0.000002940542), (0.99982333, -0.018797321, 0), (0.999008, -0.0445312, 0), (0.999008, -0.044531263, 0), (0.99982333, -0.018797405, 0), (0.15048687, -0.054262266, -0.9871217), (0.0000011773493, -0.09908018, -0.9950794), (0.0000010946356, -2.339771e-7, -1), (0.15671359, -0.02266854, -0.9873839), (0.82454187, -0.5658009, -0.0000032783578), (0.7983846, -0.6021479, -0.000006550138), (0.79838467, -0.6021479, 0), (0.8240845, -0.5664668, 0), (0.999008, -0.0445312, 0), (0.9890902, -0.14731106, 0), (0.9890902, -0.147311, 0), (0.999008, -0.044531263, 0), (0.84904575, -0.5283193, 0), (0.82454187, -0.5658009, -0.0000032783578), (0.8240845, -0.5664668, 0), (0.8490458, -0.5283192, 0), (0.9890902, -0.14731106, 0), (0.93625945, -0.35130936, 0), (0.9362595, -0.35130933, 0), (0.9890902, -0.147311, 0), (0.28265864, -0.09821454, -0.9541792), (0.27337053, -0.12691206, -0.95349985), (0.183497, -0.12417028, -0.9751465), (0.15048687, -0.054262266, -0.9871217), (0.183497, -0.12417028, -0.9751465), (0.0000012018843, -0.12539388, -0.9921071), (0.0000011773493, -0.09908018, -0.9950794), (0.15048687, -0.054262266, -0.9871217), (0.93625945, -0.35130936, 0), (0.8655361, -0.50084656, 0), (0.8652566, -0.50132924, 0), (0.9362595, -0.35130933, 0), (0.298707, -0.012260793, -0.95426613), (0.29531905, -0.043613672, -0.9544027), (0.15671359, -0.02266854, -0.9873839), (0.15392949, -0.0059106266, -0.9880641), (0.29531905, -0.043613672, -0.9544027), (0.28265864, -0.09821454, -0.9541792), (0.15048687, -0.054262266, -0.9871217), (0.15671359, -0.02266854, -0.9873839), (0.2965937, -0.00386122, -0.95499593), (0.298707, -0.012260793, -0.95426613), (0.15392949, -0.0059106266, -0.9880641), (0.14999264, -0.001511205, -0.9886859), (0.15392949, -0.0059106266, -0.9880641), (0.15671359, -0.02266854, -0.9873839), (0.0000010946356, -2.339771e-7, -1), (0.0000010715175, -2.4617367e-7, -1), (0.14999264, -0.001511205, -0.9886859), (0.15392949, -0.0059106266, -0.9880641), (0.0000010715175, -2.4617367e-7, -1), (0.0000010705583, -2.5402898e-7, -1), (0.257954, -0.4004876, -0.8792437), (0.40471372, -0.36909777, -0.83664435), (0.17242728, -0.09923653, -0.98001075), (0.13918175, -0.18860039, -0.9721411), (0.9999984, 0.0018139943, 0), (0.9999981, 0.0019315875, 0), (0.99999815, 0.0019448018, 0), (0.99999857, 0.0017051743, 0), (0.9999986, 0.0016475669, 0), (0.9999984, 0.0018139943, 0), (0.99999857, 0.0017051743, 0), (0.9999986, 0.0016475782, 0), (0.0000010686261, -2.2884724e-7, -1), (0.257954, -0.4004876, -0.8792437), (0.13918175, -0.18860039, -0.9721411), (0.0000011052858, -2.4212633e-7, -1), (0.40471372, -0.36909777, -0.83664435), (0.29305163, 0.00054243935, -0.9560964), (0.29397517, -0.0020316064, -0.9558109), (0.29399776, -0.0016630199, -0.95580465), (0.0000010928803, -2.4402425e-7, -1), (0.0000011042039, -1.2334354e-7, -1), (0.17242728, -0.09923653, -0.98001075), (0.14906652, -0.00063457026, -0.98882693), (0.0000011052858, -2.4212633e-7, -1), (0.13918175, -0.18860039, -0.9721411), (0.0000010948285, -1.1920378e-7, -1), (0.0000010895142, -2.5415238e-7, -1), (0.13918175, -0.18860039, -0.9721411), (0.17242728, -0.09923653, -0.98001075), (0.0000011042039, -1.2334354e-7, -1), (0.0000010948285, -1.1920378e-7, -1), (0.99999815, 0.0019448018, 0), (0.9999981, 0.0019315875, 0), (0.99996424, -0.008457608, 0), (0.99996424, -0.008457599, 0), (-0.99982333, -0.018796826, 6.876784e-7), (-0.99982333, -0.018796818, 0.000001375356), (-0.99900794, -0.04453231, 0.0000061730707), (-0.99900806, -0.044529542, 0.000003086295), (-0.1504844, -0.054262094, -0.98712206), (-0.15671077, -0.022668134, -0.98738444), (0.0000010946356, -2.339771e-7, -1), (0.0000011773493, -0.09908018, -0.9950794), (-0.82454205, -0.5658006, -0.000008178786), (-0.8240847, -0.56646657, -0.000016652448), (-0.7983848, -0.6021477, -0.00003268232), (-0.7983848, -0.6021477, -0.000016341151), (-0.99900806, -0.044529542, 0.000003086295), (-0.99900794, -0.04453231, 0.0000061730707), (-0.98909026, -0.14731051, 0.0000048098887), (-0.98909026, -0.14731055, 0.0000024049425), (-0.849046, -0.5283189, 0), (-0.84904605, -0.52831894, 0), (-0.8240847, -0.56646657, -0.000016652448), (-0.82454205, -0.5658006, -0.000008178786), (-0.98909026, -0.14731055, 0.0000024049425), (-0.98909026, -0.14731051, 0.0000048098887), (-0.9362596, -0.3513089, 0), (-0.93625957, -0.35130897, 0), (-0.28265688, -0.09821417, -0.95417976), (-0.1504844, -0.054262094, -0.98712206), (-0.18349494, -0.12417008, -0.9751469), (-0.2733695, -0.12691197, -0.95350015), (-0.18349494, -0.12417008, -0.9751469), (-0.1504844, -0.054262094, -0.98712206), (0.0000011773493, -0.09908018, -0.9950794), (0.0000012018843, -0.12539388, -0.9921071), (-0.93625957, -0.35130897, 0), (-0.9362596, -0.3513089, 0), (-0.8652568, -0.5013289, 0), (-0.8655362, -0.5008462, 0), (-0.29870498, -0.012260619, -0.9542668), (-0.15392761, -0.0059105535, -0.9880644), (-0.15671077, -0.022668134, -0.98738444), (-0.2953166, -0.04361363, -0.95440346), (-0.2953166, -0.04361363, -0.95440346), (-0.15671077, -0.022668134, -0.98738444), (-0.1504844, -0.054262094, -0.98712206), (-0.28265688, -0.09821417, -0.95417976), (-0.29659238, -0.0038610762, -0.95499635), (-0.14999124, -0.0015111497, -0.9886862), (-0.15392761, -0.0059105535, -0.9880644), (-0.29870498, -0.012260619, -0.9542668), (-0.15392761, -0.0059105535, -0.9880644), (0.0000010715175, -2.4617367e-7, -1), (0.0000010946356, -2.339771e-7, -1), (-0.15671077, -0.022668134, -0.98738444), (-0.14999124, -0.0015111497, -0.9886862), (0.0000010705583, -2.5402898e-7, -1), (0.0000010715175, -2.4617367e-7, -1), (-0.15392761, -0.0059105535, -0.9880644), (-0.25795206, -0.40048733, -0.8792444), (-0.13917522, -0.18859695, -0.9721427), (-0.17242308, -0.09923556, -0.98001146), (-0.4047103, -0.36909515, -0.8366471), (-0.99999833, 0.0018148801, 0), (-0.99999857, 0.001705539, 0), (-0.99999815, 0.0019444927, 0), (-0.9999981, 0.0019324081, 0), (-0.9999986, 0.0016481633, 0), (-0.9999987, 0.0016481705, 0), (-0.99999857, 0.001705539, 0), (-0.99999833, 0.0018148801, 0), (0.0000011725048, -2.326096e-7, -1), (0.0000011204423, -2.450498e-7, -1), (-0.13917522, -0.18859695, -0.9721427), (-0.25795206, -0.40048733, -0.8792444), (-0.4047103, -0.36909515, -0.8366471), (-0.29399624, -0.0016629009, -0.9558051), (-0.2939732, -0.0020314935, -0.9558115), (-0.29304945, 0.0005425724, -0.9560971), (0.0000010928803, -2.4402425e-7, -1), (-0.14906487, -0.00063451304, -0.98882717), (-0.17242308, -0.09923556, -0.98001146), (0.0000011042039, -1.2334354e-7, -1), (0.0000011204423, -2.450498e-7, -1), (0.0000010895142, -2.5415238e-7, -1), (0.0000010948285, -1.1920378e-7, -1), (-0.13917522, -0.18859695, -0.9721427), (-0.13917522, -0.18859695, -0.9721427), (0.0000010948285, -1.1920378e-7, -1), (0.0000011042039, -1.2334354e-7, -1), (-0.17242308, -0.09923556, -0.98001146), (-0.99999815, 0.0019444927, 0), (-0.99996424, -0.008457258, 0), (-0.99996424, -0.008457297, 0), (-0.9999981, 0.0019324081, 0), (0.99982333, -0.018797321, 0), (0.99982333, -0.018797236, 0), (0.999008, -0.044531137, 0), (0.999008, -0.0445312, 0), (0.15048464, -0.054261412, 0.98712206), (0.15671156, -0.022667738, 0.9873842), (-0.0000011121437, 5.6853486e-7, 1), (-8.860931e-7, -0.09907904, 0.9950796), (0.82454187, -0.5658009, -0.0000032783578), (0.82408446, -0.566467, -0.000006674919), (0.7983846, -0.6021479, -0.000013100281), (0.7983846, -0.6021479, -0.000006550138), (0.999008, -0.0445312, 0), (0.999008, -0.044531137, 0), (0.9890902, -0.14731112, 0), (0.9890902, -0.14731106, 0), (0.84904575, -0.5283193, 0), (0.8490457, -0.5283194, 0), (0.82408446, -0.566467, -0.000006674919), (0.82454187, -0.5658009, -0.0000032783578), (0.9890902, -0.14731106, 0), (0.9890902, -0.14731112, 0), (0.9362594, -0.35130933, 0), (0.93625945, -0.35130936, 0), (0.2826568, -0.0982138, 0.95417994), (0.15048464, -0.054261412, 0.98712206), (0.1834944, -0.124169216, 0.9751471), (0.27336815, -0.12691116, 0.95350057), (0.1834944, -0.124169216, 0.9751471), (0.15048464, -0.054261412, 0.98712206), (-8.860931e-7, -0.09907904, 0.9950796), (-9.143519e-7, -0.12539266, 0.99210715), (0.93625945, -0.35130936, 0), (0.9362594, -0.35130933, 0), (0.86525655, -0.5013293, 0), (0.8655361, -0.50084656, 0), (0.2987046, -0.012260029, 0.95426685), (0.15392716, -0.0059098382, 0.9880645), (0.15671156, -0.022667738, 0.9873842), (0.29531738, -0.043612957, 0.9544032), (0.29531738, -0.043612957, 0.9544032), (0.15671156, -0.022667738, 0.9873842), (0.15048464, -0.054261412, 0.98712206), (0.2826568, -0.0982138, 0.95417994), (0.29659134, -0.0038604422, 0.9549967), (0.1499906, -0.0015104349, 0.98868626), (0.15392716, -0.0059098382, 0.9880645), (0.2987046, -0.012260029, 0.95426685), (0.15392716, -0.0059098382, 0.9880645), (-0.0000010838831, 5.568204e-7, 1), (-0.0000011121437, 5.6853486e-7, 1), (0.15671156, -0.022667738, 0.9873842), (0.1499906, -0.0015104349, 0.98868626), (-0.0000010872379, 5.5713144e-7, 1), (-0.0000010838831, 5.568204e-7, 1), (0.15392716, -0.0059098382, 0.9880645), (0.25795203, -0.40048668, 0.8792446), (0.13917987, -0.18859972, 0.97214144), (0.17242536, -0.0992358, 0.9800111), (0.40471187, -0.36909673, 0.8366456), (0.9999984, 0.0018139943, 0), (0.99999857, 0.0017054869, 0), (0.99999815, 0.0019460291, 0), (0.9999981, 0.0019315875, 0), (0.9999986, 0.0016475669, 0), (0.9999987, 0.0016475557, 0), (0.99999857, 0.0017054869, 0), (0.9999984, 0.0018139943, 0), (-0.0000010967773, 5.4302495e-7, 1), (-0.0000010844518, 5.5208477e-7, 1), (0.13917987, -0.18859972, 0.97214144), (0.25795203, -0.40048668, 0.8792446), (0.40471187, -0.36909673, 0.8366456), (0.293996, -0.0016622444, 0.9558052), (0.29397285, -0.0020307992, 0.9558116), (0.29304972, 0.0005431947, 0.95609707), (-0.0000010863453, 5.664275e-7, 1), (0.14906481, -0.0006337898, 0.98882717), (0.17242536, -0.0992358, 0.9800111), (-0.0000010785961, 5.238148e-7, 1), (-0.0000010844518, 5.5208477e-7, 1), (-0.0000011130816, 5.6126345e-7, 1), (-0.000001088432, 5.181859e-7, 1), (0.13917987, -0.18859972, 0.97214144), (0.13917987, -0.18859972, 0.97214144), (-0.000001088432, 5.181859e-7, 1), (-0.0000010785961, 5.238148e-7, 1), (0.17242536, -0.0992358, 0.9800111), (0.99999815, 0.0019460291, 0), (0.99996424, -0.008457616, 0), (0.99996424, -0.008457608, 0), (0.9999981, 0.0019315875, 0), (-0.99982333, -0.018796826, 6.876784e-7), (-0.99900806, -0.044529542, 0.000003086295), (-0.999008, -0.044530407, 0), (-0.99982333, -0.018796828, 0), (-0.15048644, -0.054261208, 0.9871218), (-8.860931e-7, -0.09907904, 0.9950796), (-0.0000011121437, 5.6853486e-7, 1), (-0.15671307, -0.02266738, 0.987384), (-0.82454205, -0.5658006, -0.000008178786), (-0.7983848, -0.6021477, -0.000016341151), (-0.7983848, -0.6021476, 0), (-0.8240847, -0.56646657, 0), (-0.99900806, -0.044529542, 0.000003086295), (-0.98909026, -0.14731055, 0.0000024049425), (-0.98909026, -0.14731057, 0), (-0.999008, -0.044530407, 0), (-0.849046, -0.5283189, 0), (-0.82454205, -0.5658006, -0.000008178786), (-0.8240847, -0.56646657, 0), (-0.849046, -0.5283189, 0), (-0.98909026, -0.14731055, 0.0000024049425), (-0.93625957, -0.35130897, 0), (-0.93625957, -0.351309, 0), (-0.98909026, -0.14731057, 0), (-0.28265846, -0.0982132, 0.95417947), (-0.2733706, -0.12691069, 0.9535), (-0.18349625, -0.12416877, 0.9751468), (-0.15048644, -0.054261208, 0.9871218), (-0.18349625, -0.12416877, 0.9751468), (-9.143519e-7, -0.12539266, 0.99210715), (-8.860931e-7, -0.09907904, 0.9950796), (-0.15048644, -0.054261208, 0.9871218), (-0.93625957, -0.35130897, 0), (-0.8655362, -0.5008462, 0), (-0.8652568, -0.5013289, 0), (-0.93625957, -0.351309, 0), (-0.2987073, -0.012259877, 0.954266), (-0.29531863, -0.043612838, 0.95440286), (-0.15671307, -0.02266738, 0.987384), (-0.15392989, -0.005909766, 0.9880641), (-0.29531863, -0.043612838, 0.95440286), (-0.28265846, -0.0982132, 0.95417947), (-0.15048644, -0.054261208, 0.9871218), (-0.15671307, -0.02266738, 0.987384), (-0.29659474, -0.003860328, 0.9549956), (-0.2987073, -0.012259877, 0.954266), (-0.15392989, -0.005909766, 0.9880641), (-0.14999326, -0.0015103479, 0.9886859), (-0.15392989, -0.005909766, 0.9880641), (-0.15671307, -0.02266738, 0.987384), (-0.0000011121437, 5.6853486e-7, 1), (-0.0000010838831, 5.568204e-7, 1), (-0.14999326, -0.0015103479, 0.9886859), (-0.15392989, -0.005909766, 0.9880641), (-0.0000010838831, 5.568204e-7, 1), (-0.0000010872379, 5.5713144e-7, 1), (-0.25795195, -0.40048367, 0.87924606), (-0.40470988, -0.3690918, 0.83664876), (-0.1724241, -0.09923359, 0.9800116), (-0.13917547, -0.18859369, 0.97214335), (-0.99999833, 0.0018148801, 0), (-0.9999981, 0.0019324081, 0), (-0.99999815, 0.0019481804, 0), (-0.99999857, 0.0017065208, 0), (-0.9999986, 0.0016481633, 0), (-0.99999833, 0.0018148801, 0), (-0.99999857, 0.0017065208, 0), (-0.9999987, 0.0016481563, 0), (-0.0000011047575, 5.519395e-7, 1), (-0.25795195, -0.40048367, 0.87924606), (-0.13917547, -0.18859369, 0.97214335), (-0.0000011591796, 5.609448e-7, 1), (-0.40470988, -0.3690918, 0.83664876), (-0.29305148, 0.0005433434, 0.9560965), (-0.2939759, -0.0020307438, 0.95581067), (-0.29399842, -0.0016621404, 0.95580447), (-0.0000010863453, 5.664275e-7, 1), (-0.0000010785961, 5.238148e-7, 1), (-0.1724241, -0.09923359, 0.9800116), (-0.14906678, -0.00063370867, 0.9888269), (-0.0000011591796, 5.609448e-7, 1), (-0.13917547, -0.18859369, 0.97214335), (-0.000001088432, 5.181859e-7, 1), (-0.0000011130816, 5.6126345e-7, 1), (-0.13917547, -0.18859369, 0.97214335), (-0.1724241, -0.09923359, 0.9800116), (-0.0000010785961, 5.238148e-7, 1), (-0.000001088432, 5.181859e-7, 1), (-0.99999815, 0.0019481804, 0), (-0.9999981, 0.0019324081, 0), (-0.99996424, -0.008457297, 0), (-0.99996424, -0.0084573375, 0), (-0.1724241, -0.09923359, 0.9800116), (-0.40470988, -0.3690918, 0.83664876), (-0.29399842, -0.0016621404, 0.95580447), (-0.14906678, -0.00063370867, 0.9888269), (-0.0000010801282, 5.450774e-7, 1), (-0.0000010801282, 5.450774e-7, 1), (-0.25795195, -0.40048367, 0.87924606), (-0.0000011047575, 5.519395e-7, 1), (-0.47843632, -0.7989482, 0.3643905), (-0.47843632, -0.7989482, 0.3643905), (-0.40470988, -0.3690918, 0.83664876), (-0.25795195, -0.40048367, 0.87924606), (-0.29658464, -0.004733685, 0.95499486), (-0.29867706, -0.012969774, 0.9542661), (-0.2987073, -0.012259877, 0.954266), (-0.29659474, -0.003860328, 0.9549956), (-0.2951616, -0.04449744, 0.9544106), (-0.28222492, -0.10495206, 0.95359015), (-0.28265846, -0.0982132, 0.95417947), (-0.29531863, -0.043612838, 0.95440286), (-0.29867706, -0.012969774, 0.9542661), (-0.2951616, -0.04449744, 0.9544106), (-0.29531863, -0.043612838, 0.95440286), (-0.2987073, -0.012259877, 0.954266), (-0.28222492, -0.10495206, 0.95359015), (-0.27442893, -0.13634406, 0.9518923), (-0.2733706, -0.12691069, 0.9535), (-0.28265846, -0.0982132, 0.95417947), (-0.8655362, -0.5008462, 0), (-0.849046, -0.5283189, 0), (-0.849046, -0.5283189, 0), (-0.8652568, -0.5013289, 0), (-0.17242308, -0.09923556, -0.98001146), (-0.14906487, -0.00063451304, -0.98882717), (-0.29399624, -0.0016629009, -0.9558051), (-0.4047103, -0.36909515, -0.8366471), (0.0000012067057, -2.2938146e-7, -0.99999994), (0.0000011725048, -2.326096e-7, -1), (-0.25795206, -0.40048733, -0.8792444), (0.0000012067057, -2.2938146e-7, -0.99999994), (-0.47843674, -0.7989502, -0.36438552), (-0.25795206, -0.40048733, -0.8792444), (-0.4047103, -0.36909515, -0.8366471), (-0.47843674, -0.7989502, -0.36438552), (-0.29658172, -0.0047344184, -0.95499575), (-0.29659238, -0.0038610762, -0.95499635), (-0.29870498, -0.012260619, -0.9542668), (-0.29867464, -0.012970601, -0.95426685), (-0.29515988, -0.044498328, -0.9544111), (-0.2953166, -0.04361363, -0.95440346), (-0.28265688, -0.09821417, -0.95417976), (-0.28222328, -0.10495297, -0.95359045), (-0.29867464, -0.012970601, -0.95426685), (-0.29870498, -0.012260619, -0.9542668), (-0.2953166, -0.04361363, -0.95440346), (-0.29515988, -0.044498328, -0.9544111), (-0.28222328, -0.10495297, -0.95359045), (-0.28265688, -0.09821417, -0.95417976), (-0.2733695, -0.12691197, -0.95350015), (-0.274427, -0.13634491, -0.95189273), (-0.8655362, -0.5008462, 0), (-0.8652568, -0.5013289, 0), (-0.84904605, -0.52831894, 0), (-0.849046, -0.5283189, 0), (-0.2939732, -0.0020314935, -0.9558115), (-0.29399624, -0.0016629009, -0.9558051), (-0.29659238, -0.0038610762, -0.95499635), (-0.29658172, -0.0047344184, -0.95499575), (-0.2939759, -0.0020307438, 0.95581067), (-0.29658464, -0.004733685, 0.95499486), (-0.29659474, -0.003860328, 0.9549956), (-0.29399842, -0.0016621404, 0.95580447), (-0.14906678, -0.00063370867, 0.9888269), (-0.14999326, -0.0015103479, 0.9886859), (-0.0000010872379, 5.5713144e-7, 1), (-0.0000010863453, 5.664275e-7, 1), (-0.29399842, -0.0016621404, 0.95580447), (-0.29659474, -0.003860328, 0.9549956), (-0.14999326, -0.0015103479, 0.9886859), (-0.14906678, -0.00063370867, 0.9888269), (-0.99996424, -0.008457297, 0), (-0.99982333, -0.018796826, 6.876784e-7), (-0.99982333, -0.018796828, 0), (-0.99996424, -0.0084573375, 0), (0.14906481, -0.0006337898, 0.98882717), (-0.0000010863453, 5.664275e-7, 1), (-0.0000010872379, 5.5713144e-7, 1), (0.1499906, -0.0015104349, 0.98868626), (0.293996, -0.0016622444, 0.9558052), (0.14906481, -0.0006337898, 0.98882717), (0.1499906, -0.0015104349, 0.98868626), (0.29659134, -0.0038604422, 0.9549967), (0.99996424, -0.008457608, 0), (0.99996424, -0.008457616, 0), (0.99982333, -0.018797236, 0), (0.99982333, -0.018797321, 0), (-0.14906487, -0.00063451304, -0.98882717), (0.0000010928803, -2.4402425e-7, -1), (0.0000010705583, -2.5402898e-7, -1), (-0.14999124, -0.0015111497, -0.9886862), (-0.29399624, -0.0016629009, -0.9558051), (-0.14906487, -0.00063451304, -0.98882717), (-0.14999124, -0.0015111497, -0.9886862), (-0.29659238, -0.0038610762, -0.95499635), (-0.99996424, -0.008457297, 0), (-0.99996424, -0.008457258, 0), (-0.99982333, -0.018796818, 0.000001375356), (-0.99982333, -0.018796826, 6.876784e-7), (0.14906652, -0.00063457026, -0.98882693), (0.14999264, -0.001511205, -0.9886859), (0.0000010705583, -2.5402898e-7, -1), (0.0000010928803, -2.4402425e-7, -1), (0.29399776, -0.0016630199, -0.95580465), (0.2965937, -0.00386122, -0.95499593), (0.14999264, -0.001511205, -0.9886859), (0.14906652, -0.00063457026, -0.98882693), (0.99996424, -0.008457608, 0), (0.99982333, -0.018797321, 0), (0.99982333, -0.018797405, 0), (0.99996424, -0.008457599, 0), (0.29397517, -0.0020316064, -0.9558109), (0.29658368, -0.004734589, -0.95499516), (0.2965937, -0.00386122, -0.95499593), (0.29399776, -0.0016630199, -0.95580465), (0.29397285, -0.0020307992, 0.9558116), (0.293996, -0.0016622444, 0.9558052), (0.29659134, -0.0038604422, 0.9549967), (0.2965808, -0.0047337576, 0.95499605), (0.17242536, -0.0992358, 0.9800111), (0.14906481, -0.0006337898, 0.98882717), (0.293996, -0.0016622444, 0.9558052), (0.40471187, -0.36909673, 0.8366456), (-0.000001071692, 5.413539e-7, 1), (-0.0000010967773, 5.4302495e-7, 1), (0.25795203, -0.40048668, 0.8792446), (-0.000001071692, 5.413539e-7, 1), (0.4784308, -0.79894865, 0.36439708), (0.25795203, -0.40048668, 0.8792446), (0.40471187, -0.36909673, 0.8366456), (0.4784308, -0.79894865, 0.36439708), (0.2965808, -0.0047337576, 0.95499605), (0.29659134, -0.0038604422, 0.9549967), (0.2987046, -0.012260029, 0.95426685), (0.2986747, -0.01297004, 0.95426685), (0.29515994, -0.04449757, 0.9544111), (0.29531738, -0.043612957, 0.9544032), (0.2826568, -0.0982138, 0.95417994), (0.28222352, -0.10495229, 0.9535905), (0.2986747, -0.01297004, 0.95426685), (0.2987046, -0.012260029, 0.95426685), (0.29531738, -0.043612957, 0.9544032), (0.29515994, -0.04449757, 0.9544111), (0.28222352, -0.10495229, 0.9535905), (0.2826568, -0.0982138, 0.95417994), (0.27336815, -0.12691116, 0.95350057), (0.274428, -0.13634485, 0.9518925), (0.8655361, -0.50084656, 0), (0.86525655, -0.5013293, 0), (0.8490457, -0.5283194, 0), (0.84904575, -0.5283193, 0), (0.17242728, -0.09923653, -0.98001075), (0.40471372, -0.36909777, -0.83664435), (0.29399776, -0.0016630199, -0.95580465), (0.14906652, -0.00063457026, -0.98882693), (0.0000010126214, -2.256573e-7, -0.99999994), (0.0000010126214, -2.256573e-7, -0.99999994), (0.257954, -0.4004876, -0.8792437), (0.0000010686261, -2.2884724e-7, -1), (0.4784319, -0.7989494, -0.36439347), (0.4784319, -0.7989494, -0.36439347), (0.40471372, -0.36909777, -0.83664435), (0.257954, -0.4004876, -0.8792437), (0.29658368, -0.004734589, -0.95499516), (0.2986771, -0.012970812, -0.9542661), (0.298707, -0.012260793, -0.95426613), (0.2965937, -0.00386122, -0.95499593), (0.29516146, -0.044498228, -0.9544106), (0.28222516, -0.10495291, -0.95359), (0.28265864, -0.09821454, -0.9541792), (0.29531905, -0.043613672, -0.9544027), (0.2986771, -0.012970812, -0.9542661), (0.29516146, -0.044498228, -0.9544106), (0.29531905, -0.043613672, -0.9544027), (0.298707, -0.012260793, -0.95426613), (0.28222516, -0.10495291, -0.95359), (0.27442992, -0.1363455, -0.9518919), (0.27337053, -0.12691206, -0.95349985), (0.28265864, -0.09821454, -0.9541792), (0.8655361, -0.50084656, 0), (0.84904575, -0.5283193, 0), (0.8490458, -0.5283192, 0), (0.8652566, -0.50132924, 0), (-0.0641208, 0.7974642, 0.59994954), (-0.0641208, 0.7974642, 0.59994954), (-0.0641208, 0.7974642, 0.59994954), (-0.0641208, 0.7974642, 0.59994954), (-0.8105583, 0.3001532, -0.50289494), (-0.8105586, 0.30015263, -0.5028948), (-0.8105586, 0.30015263, -0.5028948), (-0.8105584, 0.30015317, -0.5028949), (0.06412133, -0.7974585, -0.59995705), (0.06412133, -0.7974585, -0.59995705), (0.06412133, -0.7974585, -0.59995705), (0.06412133, -0.7974585, -0.59995705), (0.81055737, -0.30015483, 0.50289536), (0.8105581, -0.300155, 0.5028942), (0.8105581, -0.300155, 0.5028942), (0.81055737, -0.30015483, 0.5028954), (0.75212973, -0.034334447, -0.65812), (0.75212973, -0.034334447, -0.65812), (0.75212973, -0.034334447, -0.65812), (0.75212973, -0.034334447, -0.65812), (-0.7176172, -0.6825651, 0.13831228), (-0.7176172, -0.6825651, 0.13831228), (-0.7176172, -0.6825651, 0.13831228), (-0.7176172, -0.6825651, 0.13831228), (-0.75213134, 0.03433358, 0.6581183), (-0.75213134, 0.03433358, 0.6581183), (-0.75213134, 0.03433358, 0.6581183), (-0.75213134, 0.03433358, 0.6581183), (0.71762276, 0.6825609, -0.13830484), (0.71762276, 0.6825609, -0.13830484), (0.71762276, 0.6825609, -0.13830484), (0.71762276, 0.6825609, -0.13830484), (0.8105567, -0.30015466, 0.5028966), (0.81055737, -0.30015483, 0.50289536), (0.81055737, -0.30015483, 0.5028954), (0.8105567, -0.30015466, 0.5028966), (-0.8105581, 0.30015373, -0.50289506), (-0.8105583, 0.3001532, -0.50289494), (-0.8105584, 0.30015317, -0.5028949), (-0.8105581, 0.30015373, -0.50289506), (0.07455866, -0.9273755, -0.36662745), (0.07455866, -0.9273755, -0.36662745), (0.07455866, -0.9273755, -0.36662745), (0.07455866, -0.9273755, -0.36662745), (0.73026913, -0.19533987, 0.65463686), (0.7302669, -0.1953366, 0.6546402), (0.7302669, -0.1953366, 0.6546402), (0.7302692, -0.19534, 0.6546367), (-0.07457206, 0.9273636, 0.36665478), (-0.07457206, 0.9273636, 0.36665478), (-0.07457206, 0.9273636, 0.36665478), (-0.07457206, 0.9273636, 0.36665478), (-0.7302742, 0.19534184, -0.6546305), (-0.7302746, 0.19534393, -0.65462947), (-0.7302746, 0.19534393, -0.65462947), (-0.7302743, 0.19534193, -0.6546304), (0.76956373, 0.5911305, -0.24152952), (0.76956373, 0.5911305, -0.24152952), (0.76956373, 0.5911305, -0.24152952), (0.76956373, 0.5911305, -0.24152952), (-0.8132311, 0.20528029, 0.544532), (-0.8132311, 0.20528029, 0.544532), (-0.8132311, 0.20528029, 0.544532), (-0.8132311, 0.20528029, 0.544532), (-0.7695727, -0.59112895, 0.2415046), (-0.7695727, -0.59112895, 0.2415046), (-0.7695727, -0.59112895, 0.2415046), (-0.7695727, -0.59112895, 0.2415046), (0.8132317, -0.20528056, -0.5445312), (0.8132317, -0.20528056, -0.5445312), (0.8132317, -0.20528056, -0.5445312), (0.8132317, -0.20528056, -0.5445312), (-0.7302739, 0.19533987, -0.6546315), (-0.7302742, 0.19534184, -0.6546305), (-0.7302743, 0.19534193, -0.6546304), (-0.7302739, 0.19533987, -0.6546315), (0.73027134, -0.1953433, 0.6546332), (0.73026913, -0.19533987, 0.65463686), (0.7302692, -0.19534, 0.6546367), (0.73027134, -0.1953433, 0.6546332), (-0.016769739, 0.20864996, 0.9778466), (-0.016769739, 0.20864996, 0.9778466), (-0.016769739, 0.20864996, 0.9778466), (-0.016769739, 0.20864996, 0.9778466), (-0.36762804, 0.9045942, -0.21577503), (-0.36763677, 0.90459085, -0.21577443), (-0.36763677, 0.90459085, -0.21577443), (-0.36762816, 0.9045942, -0.21577501), (0.01677695, -0.20864998, -0.97784644), (0.01677695, -0.20864998, -0.97784644), (0.01677695, -0.20864998, -0.97784644), (0.01677695, -0.20864998, -0.97784644), (0.3676285, -0.9045918, 0.21578462), (0.36762697, -0.9045882, 0.2158023), (0.36762697, -0.9045882, 0.2158023), (0.3676285, -0.9045918, 0.2157844), (0.89751863, 0.09453038, -0.4307255), (0.89751863, 0.09453038, -0.4307255), (0.89751863, 0.09453038, -0.4307255), (0.89751863, 0.09453038, -0.4307255), (-0.8888028, -0.26697809, -0.37249476), (-0.8888028, -0.26697809, -0.37249476), (-0.8888028, -0.26697809, -0.37249476), (-0.8888028, -0.26697809, -0.37249476), (-0.89751947, -0.0945323, 0.43072328), (-0.89751947, -0.0945323, 0.43072328), (-0.89751947, -0.0945323, 0.43072328), (-0.89751947, -0.0945323, 0.43072328), (0.888799, 0.26697913, 0.37250295), (0.888799, 0.26697913, 0.37250295), (0.888799, 0.26697913, 0.37250295), (0.888799, 0.26697913, 0.37250295), (0.36763006, -0.90459543, 0.21576667), (0.3676285, -0.9045918, 0.21578462), (0.3676285, -0.9045918, 0.2157844), (0.36763006, -0.90459543, 0.21576667), (-0.36761948, 0.90459764, -0.21577564), (-0.36762804, 0.9045942, -0.21577503), (-0.36762816, 0.9045942, -0.21577501), (-0.36761948, 0.90459764, -0.21577564), (-0.050575078, 0.62887925, -0.77585626), (-0.050575078, 0.62887925, -0.77585626), (-0.050575078, 0.62887925, -0.77585626), (-0.050575078, 0.62887925, -0.77585626), (0.98081756, -0.118761726, -0.15457265), (0.9808172, -0.11876304, -0.15457378), (0.9808172, -0.11876304, -0.15457378), (0.98081756, -0.11876177, -0.15457267), (0.050565176, -0.62887275, 0.7758623), (0.050565176, -0.62887275, 0.7758623), (0.050565176, -0.62887275, 0.7758623), (0.050565176, -0.62887275, 0.7758623), (-0.9808175, 0.11876234, 0.15457207), (-0.9808174, 0.11876423, 0.15457146), (-0.9808174, 0.11876423, 0.15457146), (-0.9808175, 0.118762255, 0.15457208), (0.3526078, 0.27312604, 0.89502513), (0.3526078, 0.27312604, 0.89502513), (0.3526078, 0.27312604, 0.89502513), (0.3526078, 0.27312604, 0.89502513), (-0.3140672, -0.9417646, -0.120172), (-0.3140672, -0.9417646, -0.120172), (-0.3140672, -0.9417646, -0.120172), (-0.3140672, -0.9417646, -0.120172), (-0.35260838, -0.27312836, -0.8950241), (-0.35260838, -0.27312836, -0.8950241), (-0.35260838, -0.27312836, -0.8950241), (-0.35260838, -0.27312836, -0.8950241), (0.3140683, 0.9417641, 0.120172195), (0.3140683, 0.9417641, 0.120172195), (0.3140683, 0.9417641, 0.120172195), (0.3140683, 0.9417641, 0.120172195), (-0.9808176, 0.11876035, 0.15457274), (-0.9808175, 0.11876234, 0.15457207), (-0.9808175, 0.118762255, 0.15457208), (-0.9808176, 0.11876035, 0.15457274), (0.98081785, -0.118760474, -0.15457155), (0.98081756, -0.118761726, -0.15457265), (0.98081756, -0.11876177, -0.15457267), (0.98081785, -0.118760474, -0.15457155), (-0.066941924, 0.8326832, 0.54968834), (-0.066941924, 0.8326832, 0.54968834), (-0.066941924, 0.8326832, 0.54968834), (-0.066941924, 0.8326832, 0.54968834), (-0.8600203, 0.22714446, -0.45691404), (-0.8600219, 0.22714598, -0.4569103), (-0.8600219, 0.22714598, -0.4569103), (-0.8600204, 0.22714452, -0.4569139), (0.06695441, -0.8326825, -0.5496881), (0.06695441, -0.8326825, -0.5496881), (0.06695441, -0.8326825, -0.5496881), (0.06695441, -0.8326825, -0.5496881), (0.8600219, -0.22714426, 0.45691127), (0.8600221, -0.22714388, 0.456911), (0.8600221, -0.22714388, 0.456911), (0.8600218, -0.22714429, 0.45691124), (0.69784087, -0.05110083, -0.7144276), (0.69784087, -0.05110083, -0.7144276), (0.69784087, -0.05110083, -0.7144276), (0.69784087, -0.05110083, -0.7144276), (-0.6589174, -0.71609527, 0.23029432), (-0.6589174, -0.71609527, 0.23029432), (-0.6589174, -0.71609527, 0.23029432), (-0.6589174, -0.71609527, 0.23029432), (-0.6978491, 0.051100373, 0.7144196), (-0.6978491, 0.051100373, 0.7144196), (-0.6978491, 0.051100373, 0.7144196), (-0.6978491, 0.051100373, 0.7144196), (0.658918, 0.7160985, -0.23028241), (0.658918, 0.7160985, -0.23028241), (0.658918, 0.7160985, -0.23028241), (0.658918, 0.7160985, -0.23028241), (0.8600216, -0.22714469, 0.45691153), (0.8600219, -0.22714426, 0.45691127), (0.8600218, -0.22714429, 0.45691124), (0.8600216, -0.22714469, 0.45691153), (-0.8600188, 0.22714302, -0.45691758), (-0.8600203, 0.22714446, -0.45691404), (-0.8600204, 0.22714452, -0.4569139), (-0.8600188, 0.22714302, -0.45691758), (-0.022158064, 0.27554342, 0.9610333), (-0.022158064, 0.27554342, 0.9610333), (-0.022158064, 0.27554342, 0.9610333), (-0.022158064, 0.27554342, 0.9610333), (0.9477894, 0.30873877, -0.079847425), (0.94778985, 0.30873713, -0.07984791), (0.94778985, 0.30873713, -0.07984791), (0.9477894, 0.30873883, -0.07984742), (0.02215588, -0.27554256, -0.9610335), (0.02215588, -0.27554256, -0.9610335), (0.02215588, -0.27554256, -0.9610335), (0.02215588, -0.27554256, -0.9610335), (-0.9477886, -0.30874175, 0.07984514), (-0.9477889, -0.30874044, 0.07984683), (-0.9477889, -0.30874044, 0.07984683), (-0.9477886, -0.30874172, 0.079845175), (0.49699464, -0.82417375, -0.27153987), (0.49699464, -0.82417375, -0.27153987), (0.49699464, -0.82417375, -0.27153987), (0.49699464, -0.82417375, -0.27153987), (-0.46707675, 0.5327393, -0.7057112), (-0.46707675, 0.5327393, -0.7057112), (-0.46707675, 0.5327393, -0.7057112), (-0.46707675, 0.5327393, -0.7057112), (-0.497002, 0.8241722, 0.27153113), (-0.497002, 0.8241722, 0.27153113), (-0.497002, 0.8241722, 0.27153113), (-0.497002, 0.8241722, 0.27153113), (0.4670755, -0.5327361, 0.70571434), (0.4670755, -0.5327361, 0.70571434), (0.4670755, -0.5327361, 0.70571434), (0.4670755, -0.5327361, 0.70571434), (-0.9477884, -0.30874306, 0.07984352), (-0.9477886, -0.30874175, 0.07984514), (-0.9477886, -0.30874172, 0.079845175), (-0.9477884, -0.30874306, 0.07984352), (0.94778883, 0.30874044, -0.07984693), (0.9477894, 0.30873877, -0.079847425), (0.9477894, 0.30873883, -0.07984742), (0.94778883, 0.30874044, -0.07984693), (-0.018366424, 0.22844863, -0.9733828), (-0.018366424, 0.22844863, -0.9733828), (-0.018366424, 0.22844863, -0.9733828), (-0.018366424, 0.22844863, -0.9733828), (0.5200906, -0.82548344, -0.21927783), (0.52009904, -0.8254796, -0.21927252), (0.52009904, -0.8254796, -0.21927252), (0.5200907, -0.8254834, -0.21927775), (0.018368721, -0.22844483, 0.9733835), (0.018368721, -0.22844483, 0.9733835), (0.018368721, -0.22844483, 0.9733835), (0.018368721, -0.22844483, 0.9733835), (-0.52008754, 0.8254841, 0.21928257), (-0.52009183, 0.82548153, 0.2192824), (-0.52009183, 0.82548153, 0.2192824), (-0.52008754, 0.8254842, 0.2192826), (0.8735354, 0.16313663, 0.45860916), (0.8735354, 0.16313663, 0.45860916), (0.8735354, 0.16313663, 0.45860916), (0.8735354, 0.16313663, 0.45860916), (-0.8648146, -0.355948, 0.3541143), (-0.8648146, -0.355948, 0.3541143), (-0.8648146, -0.355948, 0.3541143), (-0.8648146, -0.355948, 0.3541143), (-0.8735354, -0.1631348, -0.45860988), (-0.8735354, -0.1631348, -0.45860988), (-0.8735354, -0.1631348, -0.45860988), (-0.8735354, -0.1631348, -0.45860988), (0.86481416, 0.3559466, -0.35411638), (0.86481416, 0.3559466, -0.35411638), (0.86481416, 0.3559466, -0.35411638), (0.86481416, 0.3559466, -0.35411638), (-0.5200832, 0.8254868, 0.21928276), (-0.52008754, 0.8254841, 0.21928257), (-0.52008754, 0.8254842, 0.2192826), (-0.5200832, 0.8254868, 0.21928276), (0.52008235, -0.8254873, -0.21928306), (0.5200906, -0.82548344, -0.21927783), (0.5200907, -0.8254834, -0.21927775), (0.52008235, -0.8254873, -0.21928306), (-0.008132798, 0.10113776, -0.9948392), (-0.008132798, 0.10113776, -0.9948392), (-0.008132798, 0.10113776, -0.9948392), (-0.008132798, 0.10113776, -0.9948392), (0.23710181, -0.9653803, -0.10873629), (0.23710217, -0.9653818, -0.10872243), (0.23710217, -0.9653818, -0.10872243), (0.23710182, -0.9653803, -0.10873623), (0.00813229, -0.10113535, 0.99483943), (0.00813229, -0.10113535, 0.99483943), (0.00813229, -0.10113535, 0.99483943), (0.00813229, -0.10113535, 0.99483943), (-0.23710185, 0.9653809, 0.108731486), (-0.23710138, 0.96537983, 0.10874067), (-0.23710138, 0.96537983, 0.10874067), (-0.23710185, 0.96538085, 0.108731434), (0.9072213, 0.07949401, 0.4130741), (0.9072213, 0.07949401, 0.4130741), (0.9072213, 0.07949401, 0.4130741), (0.9072213, 0.07949401, 0.4130741), (-0.9026584, -0.16228756, 0.39858568), (-0.9026584, -0.16228756, 0.39858568), (-0.9026584, -0.16228756, 0.39858568), (-0.9026584, -0.16228756, 0.39858568), (-0.9072225, -0.07949472, -0.41307127), (-0.9072225, -0.07949472, -0.41307127), (-0.9072225, -0.07949472, -0.41307127), (-0.9072225, -0.07949472, -0.41307127), (0.90265983, 0.16228679, -0.39858273), (0.90265983, 0.16228679, -0.39858273), (0.90265983, 0.16228679, -0.39858273), (0.90265983, 0.16228679, -0.39858273), (-0.23710234, 0.96538186, 0.10872223), (-0.23710185, 0.9653809, 0.108731486), (-0.23710185, 0.96538085, 0.108731434), (-0.23710234, 0.96538186, 0.10872223), (0.2371015, -0.9653789, -0.10875009), (0.23710181, -0.9653803, -0.10873629), (0.23710182, -0.9653803, -0.10873623), (0.2371015, -0.9653789, -0.10875009), (0.037836224, -0.4706333, -0.8815173), (0.037836224, -0.4706333, -0.8815173), (0.037836224, -0.4706333, -0.8815173), (0.037836224, -0.4706333, -0.8815173), (0.83455616, -0.46336436, 0.29800904), (0.8345578, -0.46336406, 0.29800516), (0.8345578, -0.46336406, 0.29800516), (0.83455616, -0.46336445, 0.29800922), (-0.03783678, 0.47063658, 0.88151544), (-0.03783678, 0.47063658, 0.88151544), (-0.03783678, 0.47063658, 0.88151544), (-0.03783678, 0.47063658, 0.88151544), (-0.83455646, 0.46336448, -0.29800785), (-0.8345578, 0.46336406, -0.29800516), (-0.8345578, 0.46336406, -0.29800516), (-0.8345566, 0.46336445, -0.29800776), (0.7102677, 0.6865376, 0.15551832), (0.7102677, 0.6865376, 0.15551832), (0.7102677, 0.6865376, 0.15551832), (0.7102677, 0.6865376, 0.15551832), (-0.7273882, -0.24743263, 0.6400652), (-0.7273882, -0.24743263, 0.6400652), (-0.7273882, -0.24743263, 0.6400652), (-0.7273882, -0.24743263, 0.6400652), (-0.71027255, -0.68653125, -0.15552422), (-0.71027255, -0.68653125, -0.15552422), (-0.71027255, -0.68653125, -0.15552422), (-0.71027255, -0.68653125, -0.15552422), (0.72739106, 0.24742985, -0.64006305), (0.72739106, 0.24742985, -0.64006305), (0.72739106, 0.24742985, -0.64006305), (0.72739106, 0.24742985, -0.64006305), (-0.83455545, 0.463365, -0.2980105), (-0.83455646, 0.46336448, -0.29800785), (-0.8345566, 0.46336445, -0.29800776), (-0.83455545, 0.463365, -0.2980105), (0.83455455, -0.46336478, 0.29801315), (0.83455616, -0.46336436, 0.29800904), (0.83455616, -0.46336445, 0.29800922), (0.83455455, -0.46336478, 0.29801315), (-0.020225279, 0.25156757, -0.9676284), (-0.020225279, 0.25156757, -0.9676284), (-0.020225279, 0.25156757, -0.9676284), (-0.020225279, 0.25156757, -0.9676284), (0.008697576, -0.9618615, -0.2733987), (0.0086974045, -0.96186393, -0.27339017), (0.0086974045, -0.96186393, -0.27339017), (0.008697576, -0.96186143, -0.27339864), (0.020222511, -0.25156468, 0.96762913), (0.020222511, -0.25156468, 0.96762913), (0.020222511, -0.25156468, 0.96762913), (0.020222511, -0.25156468, 0.96762913), (-0.008686019, 0.96186155, 0.27339858), (-0.008685646, 0.96186423, 0.27338958), (-0.008685646, 0.96186423, 0.27338958), (-0.008686022, 0.9618616, 0.27339864), (0.9202462, -0.078515194, 0.3833827), (0.9202462, -0.078515194, 0.3833827), (0.9202462, -0.078515194, 0.3833827), (0.9202462, -0.078515194, 0.3833827), (-0.9073626, -0.12553424, 0.4011661), (-0.9073626, -0.12553424, 0.4011661), (-0.9073626, -0.12553424, 0.4011661), (-0.9073626, -0.12553424, 0.4011661), (-0.92024326, 0.07851443, -0.38338995), (-0.92024326, 0.07851443, -0.38338995), (-0.92024326, 0.07851443, -0.38338995), (-0.92024326, 0.07851443, -0.38338995), (0.907363, 0.12553406, -0.40116543), (0.907363, 0.12553406, -0.40116543), (0.907363, 0.12553406, -0.40116543), (0.907363, 0.12553406, -0.40116543), (-0.008686397, 0.96185905, 0.2734077), (-0.008686019, 0.96186155, 0.27339858), (-0.008686022, 0.9618616, 0.27339864), (-0.008686397, 0.96185905, 0.2734077), (0.008697749, -0.9618591, -0.2734072), (0.008697576, -0.9618615, -0.2733987), (0.008697576, -0.96186143, -0.27339864), (0.008697749, -0.9618591, -0.2734072), (0.03429127, -0.42652977, 0.90382326), (0.03429127, -0.42652977, 0.90382326), (0.03429127, -0.42652977, 0.90382326), (0.03429127, -0.42652977, 0.90382326), (0.990146, 0.13415852, 0.040156037), (0.9901458, 0.13415967, 0.040155936), (0.9901458, 0.13415967, 0.040155936), (0.9901459, 0.13415857, 0.040156033), (-0.034293346, 0.4265272, -0.90382445), (-0.034293346, 0.4265272, -0.90382445), (-0.034293346, 0.4265272, -0.90382445), (-0.034293346, 0.4265272, -0.90382445), (-0.990146, -0.13415812, -0.040155537), (-0.9901462, -0.13415714, -0.040155426), (-0.9901462, -0.13415714, -0.040155426), (-0.990146, -0.13415816, -0.04015554), (0.1892271, -0.49240848, -0.8495451), (0.1892271, -0.49240848, -0.8495451), (0.1892271, -0.49240848, -0.8495451), (0.1892271, -0.49240848, -0.8495451), (-0.23178369, 0.9674392, -0.10167433), (-0.23178369, 0.9674392, -0.10167433), (-0.23178369, 0.9674392, -0.10167433), (-0.23178369, 0.9674392, -0.10167433), (-0.18921918, 0.4924114, 0.84954524), (-0.18921918, 0.4924114, 0.84954524), (-0.18921918, 0.4924114, 0.84954524), (-0.18921918, 0.4924114, 0.84954524), (0.23180427, -0.96743506, 0.10166652), (0.23180427, -0.96743506, 0.10166652), (0.23180427, -0.96743506, 0.10166652), (0.23180427, -0.96743506, 0.10166652), (-0.9901458, -0.13415916, -0.04015566), (-0.990146, -0.13415812, -0.040155537), (-0.990146, -0.13415816, -0.04015554), (-0.9901458, -0.13415916, -0.04015566), (0.9901461, 0.13415743, 0.040156133), (0.990146, 0.13415852, 0.040156037), (0.9901459, 0.13415857, 0.040156033), (0.9901461, 0.13415743, 0.040156133), (-0.0025065236, 0.031147458, 0.9995117), (-0.0025065236, 0.031147458, 0.9995117), (-0.0025065236, 0.031147458, 0.9995117), (-0.0025065236, 0.031147458, 0.9995117), (0.5476361, 0.83626723, -0.02741936), (0.54763573, 0.83626753, -0.027415065), (0.54763573, 0.83626753, -0.027415065), (0.54763603, 0.8362672, -0.027419366), (0.0025031683, -0.031146597, -0.9995117), (0.0025031683, -0.031146597, -0.9995117), (0.0025031683, -0.031146597, -0.9995117), (0.0025031683, -0.031146597, -0.9995117), (-0.5476431, -0.8362627, 0.02741486), (-0.54764307, -0.83626306, 0.027406158), (-0.54764307, -0.83626306, 0.027406158), (-0.5476431, -0.83626276, 0.02741485), (0.8697422, -0.26859295, -0.4140126), (0.8697422, -0.26859295, -0.4140126), (0.8697422, -0.26859295, -0.4140126), (0.8697422, -0.26859295, -0.4140126), (-0.8674333, 0.2420935, -0.43468395), (-0.8674333, 0.2420935, -0.43468395), (-0.8674333, 0.2420935, -0.43468395), (-0.8674333, 0.2420935, -0.43468395), (-0.86974156, 0.26859447, 0.4140127), (-0.86974156, 0.26859447, 0.4140127), (-0.86974156, 0.26859447, 0.4140127), (-0.86974156, 0.26859447, 0.4140127), (0.86743444, -0.24209051, 0.4346834), (0.86743444, -0.24209051, 0.4346834), (0.86743444, -0.24209051, 0.4346834), (0.86743444, -0.24209051, 0.4346834), (-0.5476432, -0.8362624, 0.02742355), (-0.5476431, -0.8362627, 0.02741486), (-0.5476431, -0.83626276, 0.02741485), (-0.5476432, -0.8362624, 0.02742355), (0.54763633, 0.83626693, -0.027423663), (0.5476361, 0.83626723, -0.02741936), (0.54763603, 0.8362672, -0.027419366), (0.54763633, 0.83626693, -0.027423663), (0.00089253613, -0.011058085, -0.9999384), (0.00089253613, -0.011058085, -0.9999384), (0.00089253613, -0.011058085, -0.9999384), (0.00089253613, -0.011058085, -0.9999384), (0.21126688, -0.9773553, 0.011957796), (0.21126693, -0.9773553, 0.0119530335), (0.21126693, -0.9773553, 0.0119530335), (0.21126686, -0.9773553, 0.011957799), (-0.00089117966, 0.011058444, 0.9999385), (-0.00089117966, 0.011058444, 0.9999385), (-0.00089117966, 0.011058444, 0.9999385), (-0.00089117966, 0.011058444, 0.9999385), (-0.21127233, 0.97735393, -0.011962529), (-0.21126735, 0.9773549, -0.011981506), (-0.21126735, 0.9773549, -0.011981506), (-0.21127234, 0.97735405, -0.0119625395), (0.90631115, 0.11387432, 0.40698007), (0.90631115, 0.11387432, 0.40698007), (0.90631115, 0.11387432, 0.40698007), (0.90631115, 0.11387432, 0.40698007), (-0.9068128, -0.104833186, 0.4082898), (-0.9068128, -0.104833186, 0.4082898), (-0.9068128, -0.104833186, 0.4082898), (-0.9068128, -0.104833186, 0.4082898), (-0.90630835, -0.1138734, -0.40698653), (-0.90630835, -0.1138734, -0.40698653), (-0.90630835, -0.1138734, -0.40698653), (-0.90630835, -0.1138734, -0.40698653), (0.90681577, 0.10483254, -0.40828326), (0.90681577, 0.10483254, -0.40828326), (0.90681577, 0.10483254, -0.40828326), (0.90681577, 0.10483254, -0.40828326), (-0.21127734, 0.97735316, -0.011943566), (-0.21127233, 0.97735393, -0.011962529), (-0.21127234, 0.97735405, -0.0119625395), (-0.21127734, 0.97735316, -0.011943566), (0.2112668, -0.9773553, 0.011962562), (0.21126688, -0.9773553, 0.011957796), (0.21126686, -0.9773553, 0.011957799), (0.2112668, -0.9773553, 0.011962562), (-0.07977013, 0.99204844, -0.097348), (-0.07977013, 0.99204844, -0.097348), (-0.07977013, 0.99204844, -0.097348), (-0.07977013, 0.99204844, -0.097348), (-0.91659415, -0.087148294, -0.3902056), (-0.9165932, -0.08714953, -0.39020768), (-0.9165932, -0.08714953, -0.39020768), (-0.9165941, -0.087148294, -0.39020556), (0.079767026, -0.9920497, 0.09733737), (0.079767026, -0.9920497, 0.09733737), (0.079767026, -0.9920497, 0.09733737), (0.079767026, -0.9920497, 0.09733737), (0.9165935, 0.08714834, 0.3902072), (0.91659415, 0.08714714, 0.39020583), (0.91659415, 0.08714714, 0.39020583), (0.9165935, 0.08714834, 0.39020717), (0.6010483, -0.4925563, -0.62938786), (0.6010483, -0.4925563, -0.62938786), (0.6010483, -0.4925563, -0.62938786), (0.6010483, -0.4925563, -0.62938786), (-0.5302167, -0.43856716, 0.7256233), (-0.5302167, -0.43856716, 0.7256233), (-0.5302167, -0.43856716, 0.7256233), (-0.5302167, -0.43856716, 0.7256233), (-0.60104907, 0.49255446, 0.62938875), (-0.60104907, 0.49255446, 0.62938875), (-0.60104907, 0.49255446, 0.62938875), (-0.60104907, 0.49255446, 0.62938875), (0.5302165, 0.43856668, -0.7256237), (0.5302165, 0.43856668, -0.7256237), (0.5302165, 0.43856668, -0.7256237), (0.5302165, 0.43856668, -0.7256237), (0.9165927, 0.08714953, 0.39020848), (0.9165935, 0.08714834, 0.3902072), (0.9165935, 0.08714834, 0.39020717), (0.9165927, 0.08714953, 0.39020848), (-0.9165951, -0.087147065, -0.39020348), (-0.91659415, -0.087148294, -0.3902056), (-0.9165941, -0.087148294, -0.39020556), (-0.9165951, -0.087147065, -0.39020348), (0.0656559, -0.81657314, 0.5734959), (0.0656559, -0.81657314, 0.5734959), (0.0656559, -0.81657314, 0.5734959), (0.0656559, -0.81657314, 0.5734959), (0.065697305, 0.54214936, 0.83770996), (0.06569573, 0.5421493, 0.83771), (0.06569573, 0.5421493, 0.83771), (0.06569733, 0.54214936, 0.8377099), (-0.06564645, 0.81657916, -0.5734884), (-0.06564645, 0.81657916, -0.5734884), (-0.06564645, 0.81657916, -0.5734884), (-0.06564645, 0.81657916, -0.5734884), (-0.065696724, -0.5421508, -0.83770907), (-0.06569229, -0.54214615, -0.8377123), (-0.06569229, -0.54214615, -0.8377123), (-0.06569664, -0.54215074, -0.83770907), (0.89612544, 0.35101718, -0.2715626), (0.89612544, 0.35101718, -0.2715626), (0.89612544, 0.35101718, -0.2715626), (0.89612544, 0.35101718, -0.2715626), (-0.93689865, 0.29724628, -0.18402606), (-0.93689865, 0.29724628, -0.18402606), (-0.93689865, 0.29724628, -0.18402606), (-0.93689865, 0.29724628, -0.18402606), (-0.896126, -0.3510163, 0.2715619), (-0.896126, -0.3510163, 0.2715619), (-0.896126, -0.3510163, 0.2715619), (-0.896126, -0.3510163, 0.2715619), (0.93689847, -0.2972477, 0.18402453), (0.93689847, -0.2972477, 0.18402453), (0.93689847, -0.2972477, 0.18402453), (0.93689847, -0.2972477, 0.18402453), (-0.06570105, -0.5421553, -0.8377058), (-0.065696724, -0.5421508, -0.83770907), (-0.06569664, -0.54215074, -0.83770907), (-0.06570105, -0.5421553, -0.8377058), (0.0656989, 0.5421495, 0.8377098), (0.065697305, 0.54214936, 0.83770996), (0.06569733, 0.54214936, 0.8377099), (0.0656989, 0.5421495, 0.8377098), (0.005807466, -0.07221064, 0.9973725), (0.005807466, -0.07221064, 0.9973725), (0.005807466, -0.07221064, 0.9973725), (0.005807466, -0.07221064, 0.9973725), (0.30705288, 0.9488355, 0.07368655), (0.30705312, 0.9488376, 0.07365894), (0.30705312, 0.9488376, 0.07365894), (0.30705285, 0.9488355, 0.07368652), (-0.0058024786, 0.072210304, -0.99737257), (-0.0058024786, 0.072210304, -0.99737257), (-0.0058024786, 0.072210304, -0.99737257), (-0.0058024786, 0.072210304, -0.99737257), (-0.30704334, -0.9488386, -0.07368685), (-0.30704406, -0.9488398, -0.07366852), (-0.30704406, -0.9488398, -0.07366852), (-0.30704337, -0.94883865, -0.07368687), (0.90097606, -0.09116523, -0.42418286), (0.90097606, -0.09116523, -0.42418286), (0.90097606, -0.09116523, -0.42418286), (0.90097606, -0.09116523, -0.42418286), (-0.90546834, 0.15056284, -0.3968096), (-0.90546834, 0.15056284, -0.3968096), (-0.90546834, 0.15056284, -0.3968096), (-0.90546834, 0.15056284, -0.3968096), (-0.9009749, 0.09116365, 0.4241857), (-0.9009749, 0.09116365, 0.4241857), (-0.9009749, 0.09116365, 0.4241857), (-0.9009749, 0.09116365, 0.4241857), (0.905472, -0.15056531, 0.39680037), (0.905472, -0.15056531, 0.39680037), (0.905472, -0.15056531, 0.39680037), (0.905472, -0.15056531, 0.39680037), (-0.30704263, -0.94883734, -0.0737052), (-0.30704334, -0.9488386, -0.07368685), (-0.30704337, -0.94883865, -0.07368687), (-0.30704263, -0.94883734, -0.0737052), (0.3070526, 0.94883347, 0.07371412), (0.30705288, 0.9488355, 0.07368655), (0.30705285, 0.9488355, 0.07368652), (0.3070526, 0.94883347, 0.07371412), (-0.011706575, 0.14562796, 0.9892702), (-0.011706575, 0.14562796, 0.9892702), (-0.011706575, 0.14562796, 0.9892702), (-0.011706575, 0.14562796, 0.9892702), (0.88171625, 0.46699134, -0.067048006), (0.8817154, 0.4669923, -0.06705361), (0.8817154, 0.4669923, -0.06705361), (0.88171625, 0.4669913, -0.067047946), (0.011710692, -0.14562361, -0.9892707), (0.011710692, -0.14562361, -0.9892707), (0.011710692, -0.14562361, -0.9892707), (0.011710692, -0.14562361, -0.9892707), (-0.8817129, -0.46699643, 0.06705754), (-0.8817128, -0.4669961, 0.067060955), (-0.8817128, -0.4669961, 0.067060955), (-0.8817129, -0.46699643, 0.06705759), (0.65919334, -0.6491157, -0.37962237), (0.65919334, -0.6491157, -0.37962237), (0.65919334, -0.6491157, -0.37962237), (0.65919334, -0.6491157, -0.37962237), (-0.64408493, 0.50522333, -0.57437253), (-0.64408493, 0.50522333, -0.57437253), (-0.64408493, 0.50522333, -0.57437253), (-0.64408493, 0.50522333, -0.57437253), (-0.6591959, 0.6491102, 0.37962717), (-0.6591959, 0.6491102, 0.37962717), (-0.6591959, 0.6491102, 0.37962717), (-0.6591959, 0.6491102, 0.37962717), (0.6440843, -0.5052316, 0.57436603), (0.6440843, -0.5052316, 0.57436603), (0.6440843, -0.5052316, 0.57436603), (0.6440843, -0.5052316, 0.57436603), (-0.88171303, -0.46699676, 0.06705419), (-0.8817129, -0.46699643, 0.06705754), (-0.8817129, -0.46699643, 0.06705759), (-0.88171303, -0.46699676, 0.06705419), (0.88171726, 0.46699044, -0.067042336), (0.88171625, 0.46699134, -0.067048006), (0.88171625, 0.4669913, -0.067047946), (0.88171726, 0.46699044, -0.067042336), (-0.020835081, 0.25920123, -0.96559864), (-0.020835081, 0.25920123, -0.96559864), (-0.020835081, 0.25920123, -0.96559864), (-0.020835081, 0.25920123, -0.96559864), (0.9242122, -0.36200416, -0.12159306), (0.9242132, -0.36200318, -0.12158856), (0.9242132, -0.36200318, -0.12158856), (0.9242123, -0.36200413, -0.12159295), (0.020841468, -0.25920182, 0.9655983), (0.020841468, -0.25920182, 0.9655983), (0.020841468, -0.25920182, 0.9655983), (0.020841468, -0.25920182, 0.9655983), (-0.9242131, 0.36200237, 0.12159115), (-0.92421234, 0.3620038, 0.1215934), (-0.92421234, 0.3620038, 0.1215934), (-0.92421305, 0.3620023, 0.1215911), (0.58627504, 0.49799964, 0.63896626), (0.58627504, 0.49799964, 0.63896626), (0.58627504, 0.49799964, 0.63896626), (0.58627504, 0.49799964, 0.63896626), (-0.5760963, -0.7611991, 0.29780692), (-0.5760963, -0.7611991, 0.29780692), (-0.5760963, -0.7611991, 0.29780692), (-0.5760963, -0.7611991, 0.29780692), (-0.58627075, -0.49799395, -0.6389747), (-0.58627075, -0.49799395, -0.6389747), (-0.58627075, -0.49799395, -0.6389747), (-0.58627075, -0.49799395, -0.6389747), (0.5760956, 0.7611998, -0.29780653), (0.5760956, 0.7611998, -0.29780653), (0.5760956, 0.7611998, -0.29780653), (0.5760956, 0.7611998, -0.29780653), (-0.924214, 0.3620009, 0.12158884), (-0.9242131, 0.36200237, 0.12159115), (-0.92421305, 0.3620023, 0.1215911), (-0.924214, 0.3620009, 0.12158884), (0.9242112, -0.36200503, -0.121597394), (0.9242122, -0.36200416, -0.12159306), (0.9242123, -0.36200413, -0.12159295), (0.9242112, -0.36200503, -0.121597394), (0.029176032, -0.36287513, 0.9313809), (0.029176032, -0.36287513, 0.9313809), (0.029176032, -0.36287513, 0.9313809), (0.029176032, -0.36287513, 0.9313809), (0.78064704, 0.58161783, 0.22871563), (0.78064543, 0.58161956, 0.2287166), (0.78064543, 0.58161956, 0.2287166), (0.780647, 0.58161795, 0.22871569), (-0.029175805, 0.36286598, -0.9313845), (-0.029175805, 0.36286598, -0.9313845), (-0.029175805, 0.36286598, -0.9313845), (-0.029175805, 0.36286598, -0.9313845), (-0.78064615, -0.58161926, -0.22871518), (-0.7806463, -0.5816184, -0.22871654), (-0.7806463, -0.5816184, -0.22871654), (-0.78064615, -0.58161926, -0.22871517), (0.75037235, -0.24730188, -0.6130114), (0.75037235, -0.24730188, -0.6130114), (0.75037235, -0.24730188, -0.6130114), (0.75037235, -0.24730188, -0.6130114), (-0.78286415, 0.5788754, -0.2280942), (-0.78286415, 0.5788754, -0.2280942), (-0.78286415, 0.5788754, -0.2280942), (-0.78286415, 0.5788754, -0.2280942), (-0.7503694, 0.24729775, 0.6130167), (-0.7503694, 0.24729775, 0.6130167), (-0.7503694, 0.24729775, 0.6130167), (-0.7503694, 0.24729775, 0.6130167), (0.78286034, -0.57887894, 0.22809847), (0.78286034, -0.57887894, 0.22809847), (0.78286034, -0.57887894, 0.22809847), (0.78286034, -0.57887894, 0.22809847), (-0.78064597, -0.5816201, -0.2287138), (-0.78064615, -0.58161926, -0.22871518), (-0.78064615, -0.58161926, -0.22871517), (-0.78064597, -0.5816201, -0.2287138), (0.7806486, 0.5816162, 0.22871472), (0.78064704, 0.58161783, 0.22871563), (0.780647, 0.58161795, 0.22871569), (0.7806486, 0.5816162, 0.22871472), (0.05159725, -0.64177626, 0.7651542), (0.05159725, -0.64177626, 0.7651542), (0.05159725, -0.64177626, 0.7651542), (0.05159725, -0.64177626, 0.7651542), (0.3092203, 0.7090452, 0.6337489), (0.30921978, 0.70904356, 0.633751), (0.30921978, 0.70904356, 0.633751), (0.30922034, 0.7090452, 0.63374895), (-0.05159804, 0.641785, -0.76514673), (-0.05159804, 0.641785, -0.76514673), (-0.05159804, 0.641785, -0.76514673), (-0.05159804, 0.641785, -0.76514673), (-0.30922493, -0.70904714, -0.63374454), (-0.30922446, -0.70904344, -0.6337489), (-0.30922446, -0.70904344, -0.6337489), (-0.3092249, -0.70904714, -0.63374454), (0.8850653, 0.18550079, -0.42690617), (0.8850653, 0.18550079, -0.42690617), (0.8850653, 0.18550079, -0.42690617), (0.8850653, 0.18550079, -0.42690617), (-0.9223847, 0.33418503, -0.193718), (-0.9223847, 0.33418503, -0.193718), (-0.9223847, 0.33418503, -0.193718), (-0.9223847, 0.33418503, -0.193718), (-0.8850694, -0.18550125, 0.42689744), (-0.8850694, -0.18550125, 0.42689744), (-0.8850694, -0.18550125, 0.42689744), (-0.8850694, -0.18550125, 0.42689744), (0.92238665, -0.3341825, 0.19371378), (0.92238665, -0.3341825, 0.19371378), (0.92238665, -0.3341825, 0.19371378), (0.92238665, -0.3341825, 0.19371378), (-0.3092254, -0.7090509, -0.63374025), (-0.30922493, -0.70904714, -0.63374454), (-0.3092249, -0.70904714, -0.63374454), (-0.3092254, -0.7090509, -0.63374025), (0.30922088, 0.7090468, 0.6337469), (0.3092203, 0.7090452, 0.6337489), (0.30922034, 0.7090452, 0.63374895), (0.30922088, 0.7090468, 0.6337469), (0.010634649, -0.1322762, -0.9911559), (0.010634649, -0.1322762, -0.9911559), (0.010634649, -0.1322762, -0.9911559), (0.010634649, -0.1322762, -0.9911559), (0.63856417, -0.7607401, 0.11623414), (0.6385624, -0.76074153, 0.116234355), (0.6385624, -0.76074153, 0.116234355), (0.6385641, -0.76074004, 0.11623413), (-0.01063476, 0.13227794, 0.9911557), (-0.01063476, 0.13227794, 0.9911557), (-0.01063476, 0.13227794, 0.9911557), (-0.01063476, 0.13227794, 0.9911557), (-0.6385623, 0.76074153, -0.11623461), (-0.6385609, 0.7607427, -0.11623479), (-0.6385609, 0.7607427, -0.11623479), (-0.6385623, 0.76074153, -0.11623461), (0.835534, 0.39466324, 0.38226172), (0.835534, 0.39466324, 0.38226172), (0.835534, 0.39466324, 0.38226172), (0.835534, 0.39466324, 0.38226172), (-0.84021145, -0.27985665, 0.46446216), (-0.84021145, -0.27985665, 0.46446216), (-0.84021145, -0.27985665, 0.46446216), (-0.84021145, -0.27985665, 0.46446216), (-0.8355332, -0.39466166, -0.38226488), (-0.8355332, -0.39466166, -0.38226488), (-0.8355332, -0.39466166, -0.38226488), (-0.8355332, -0.39466166, -0.38226488), (0.8402117, 0.27985898, -0.46446025), (0.8402117, 0.27985898, -0.46446025), (0.8402117, 0.27985898, -0.46446025), (0.8402117, 0.27985898, -0.46446025), (-0.63856375, 0.7607404, -0.11623443), (-0.6385623, 0.76074153, -0.11623461), (-0.6385623, 0.76074153, -0.11623461), (-0.63856375, 0.7607404, -0.11623443), (0.63856596, -0.7607386, 0.116233915), (0.63856417, -0.7607401, 0.11623414), (0.6385641, -0.76074004, 0.11623413), (0.63856596, -0.7607386, 0.116233915), (-0.064637445, 0.80400956, 0.5910928), (-0.064637445, 0.80400956, 0.5910928), (-0.064637445, 0.80400956, 0.5910928), (-0.064637445, 0.80400956, 0.5910928), (0.9274709, 0.24357635, -0.28366932), (0.92746943, 0.24357682, -0.28367367), (0.92746943, 0.24357682, -0.28367367), (0.9274709, 0.24357635, -0.2836692), (0.06464344, -0.8040152, -0.5910845), (0.06464344, -0.8040152, -0.5910845), (0.06464344, -0.8040152, -0.5910845), (0.06464344, -0.8040152, -0.5910845), (-0.9274701, -0.24357441, 0.28367364), (-0.9274707, -0.24357523, 0.28367075), (-0.9274707, -0.24357523, 0.28367075), (-0.92747015, -0.24357444, 0.28367355), (0.5765907, -0.7590212, 0.30237368), (0.5765907, -0.7590212, 0.30237368), (0.5765907, -0.7590212, 0.30237368), (0.5765907, -0.7590212, 0.30237368), (-0.5040608, -0.02541656, -0.8632942), (-0.5040608, -0.02541656, -0.8632942), (-0.5040608, -0.02541656, -0.8632942), (-0.5040608, -0.02541656, -0.8632942), (-0.5765837, 0.7590236, -0.30238152), (-0.5765837, 0.7590236, -0.30238152), (-0.5765837, 0.7590236, -0.30238152), (-0.5765837, 0.7590236, -0.30238152), (0.50406194, 0.025417382, 0.8632934), (0.50406194, 0.025417382, 0.8632934), (0.50406194, 0.025417382, 0.8632934), (0.50406194, 0.025417382, 0.8632934), (-0.9274695, -0.2435736, 0.28367642), (-0.9274701, -0.24357441, 0.28367364), (-0.92747015, -0.24357444, 0.28367355), (-0.9274695, -0.2435736, 0.28367642), (0.9274725, 0.24357586, -0.28366482), (0.9274709, 0.24357635, -0.28366932), (0.9274709, 0.24357635, -0.2836692), (0.9274725, 0.24357586, -0.28366482), (0.05637913, -0.7010804, -0.7108501), (0.05637913, -0.7010804, -0.7108501), (0.05637913, -0.7010804, -0.7108501), (0.05637913, -0.7010804, -0.7108501), (0.119796254, -0.6716363, 0.7311318), (0.11979106, -0.67163175, 0.7311366), (0.11979106, -0.67163175, 0.7311366), (0.11979637, -0.67163634, 0.7311317), (-0.056362253, 0.70107365, 0.71085787), (-0.056362253, 0.70107365, 0.71085787), (-0.056362253, 0.70107365, 0.71085787), (-0.056362253, 0.70107365, 0.71085787), (-0.11980751, 0.6716297, -0.7311359), (-0.11981082, 0.6716298, -0.7311353), (-0.11981082, 0.6716298, -0.7311353), (-0.119807586, 0.6716297, -0.7311359), (0.89706635, 0.35456637, 0.26373205), (0.89706635, 0.35456637, 0.26373205), (0.89706635, 0.35456637, 0.26373205), (0.89706635, 0.35456637, 0.26373205), (-0.9301174, 0.20637637, 0.30379343), (-0.9301174, 0.20637637, 0.30379343), (-0.9301174, 0.20637637, 0.30379343), (-0.9301174, 0.20637637, 0.30379343), (-0.89706635, -0.35456824, -0.26372954), (-0.89706635, -0.35456824, -0.26372954), (-0.89706635, -0.35456824, -0.26372954), (-0.89706635, -0.35456824, -0.26372954), (0.9301165, -0.20637725, -0.3037957), (0.9301165, -0.20637725, -0.3037957), (0.9301165, -0.20637725, -0.3037957), (0.9301165, -0.20637725, -0.3037957), (-0.1198043, 0.6716297, -0.73113644), (-0.11980751, 0.6716297, -0.7311359), (-0.119807586, 0.6716297, -0.7311359), (-0.1198043, 0.6716297, -0.73113644), (0.11980157, -0.67164075, 0.7311267), (0.119796254, -0.6716363, 0.7311318), (0.11979637, -0.67163634, 0.7311317), (0.11980157, -0.67164075, 0.7311267), (0.061744507, -0.76787513, -0.63761693), (0.061744507, -0.76787513, -0.63761693), (0.061744507, -0.76787513, -0.63761693), (0.061744507, -0.76787513, -0.63761693), (0.01813218, -0.60429126, 0.79655725), (0.01813011, -0.60429907, 0.7965513), (0.01813011, -0.60429907, 0.7965513), (0.018132221, -0.604291, 0.7965573), (-0.061736044, 0.7678729, 0.6376204), (-0.061736044, 0.7678729, 0.6376204), (-0.061736044, 0.7678729, 0.6376204), (-0.061736044, 0.7678729, 0.6376204), (-0.018130373, 0.6042894, -0.79655856), (-0.018130925, 0.60428846, -0.7965592), (-0.018130925, 0.60428846, -0.7965592), (-0.018130384, 0.6042894, -0.7965586), (0.89765114, 0.35119173, 0.26624575), (0.89765114, 0.35119173, 0.26624575), (0.89765114, 0.35119173, 0.26624575), (0.89765114, 0.35119173, 0.26624575), (-0.93509877, 0.25992575, 0.24089207), (-0.93509877, 0.25992575, 0.24089207), (-0.93509877, 0.25992575, 0.24089207), (-0.93509877, 0.25992575, 0.24089207), (-0.8976531, -0.35119224, -0.2662384), (-0.8976531, -0.35119224, -0.2662384), (-0.8976531, -0.35119224, -0.2662384), (-0.8976531, -0.35119224, -0.2662384), (0.93509924, -0.25992772, -0.24088791), (0.93509924, -0.25992772, -0.24088791), (0.93509924, -0.25992772, -0.24088791), (0.93509924, -0.25992772, -0.24088791), (-0.018129837, 0.6042903, -0.7965579), (-0.018130373, 0.6042894, -0.79655856), (-0.018130384, 0.6042894, -0.7965586), (-0.018129837, 0.6042903, -0.7965579), (0.0181343, -0.6042831, 0.79656327), (0.01813218, -0.60429126, 0.79655725), (0.018132221, -0.604291, 0.7965573), (0.0181343, -0.6042831, 0.79656327), (-0.05454177, 0.6783132, -0.7327457), (-0.05454177, 0.6783132, -0.7327457), (-0.05454177, 0.6783132, -0.7327457), (-0.05454177, 0.6783132, -0.7327457), (-0.12561668, -0.7010783, -0.70193285), (-0.12561575, -0.7010683, -0.70194304), (-0.12561575, -0.7010683, -0.70194304), (-0.12561668, -0.7010782, -0.7019329), (0.054532643, -0.67830354, 0.7327554), (0.054532643, -0.67830354, 0.7327554), (0.054532643, -0.67830354, 0.7327554), (0.054532643, -0.67830354, 0.7327554), (0.12561387, 0.7010765, 0.701935), (0.12560943, 0.7010749, 0.7019375), (0.12560943, 0.7010749, 0.7019375), (0.1256139, 0.7010766, 0.701935), (0.9321978, -0.27655232, 0.23350815), (0.9321978, -0.27655232, 0.23350815), (0.9321978, -0.27655232, 0.23350815), (0.9321978, -0.27655232, 0.23350815), (-0.89654654, -0.26656726, 0.35376033), (-0.89654654, -0.26656726, 0.35376033), (-0.89654654, -0.26656726, 0.35376033), (-0.89654654, -0.26656726, 0.35376033), (-0.9321984, 0.276552, -0.23350602), (-0.9321984, 0.276552, -0.23350602), (-0.9321984, 0.276552, -0.23350602), (-0.9321984, 0.276552, -0.23350602), (0.8965456, 0.26656404, -0.35376513), (0.8965456, 0.26656404, -0.35376513), (0.8965456, 0.26656404, -0.35376513), (0.8965456, 0.26656404, -0.35376513), (0.12561835, 0.7010783, 0.70193255), (0.12561387, 0.7010765, 0.701935), (0.1256139, 0.7010766, 0.701935), (0.12561835, 0.7010783, 0.70193255), (-0.12561761, -0.7010882, -0.7019227), (-0.12561668, -0.7010783, -0.70193285), (-0.12561668, -0.7010782, -0.7019329), (-0.12561761, -0.7010882, -0.7019227), (-0.00551839, 0.06864769, 0.9976257), (-0.00551839, 0.06864769, 0.9976257), (-0.00551839, 0.06864769, 0.9976257), (-0.00551839, 0.06864769, 0.9976257), (0.12151624, 0.9898344, -0.0739029), (0.12151104, 0.98983544, -0.07389824), (0.12151104, 0.98983544, -0.07389824), (0.12151624, 0.98983437, -0.0739029), (0.0055188793, -0.06864881, -0.9976256), (0.0055188793, -0.06864881, -0.9976256), (0.0055188793, -0.06864881, -0.9976256), (0.0055188793, -0.06864881, -0.9976256), (-0.1215162, -0.9898344, 0.073902816), (-0.12152187, -0.98983413, 0.07389812), (-0.12152187, -0.98983413, 0.07389812), (-0.12151619, -0.98983437, 0.073902816), (0.9144898, -0.0632684, -0.39963162), (0.9144898, -0.0632684, -0.39963162), (0.9144898, -0.0632684, -0.39963162), (0.9144898, -0.0632684, -0.39963162), (-0.9106765, 0.007372732, -0.41305435), (-0.9106765, 0.007372732, -0.41305435), (-0.9106765, 0.007372732, -0.41305435), (-0.9106765, 0.007372732, -0.41305435), (-0.91449016, 0.06326991, 0.39963058), (-0.91449016, 0.06326991, 0.39963058), (-0.91449016, 0.06326991, 0.39963058), (-0.91449016, 0.06326991, 0.39963058), (0.91067666, -0.0073733684, 0.413054), (0.91067666, -0.0073733684, 0.413054), (0.91067666, -0.0073733684, 0.413054), (0.91067666, -0.0073733684, 0.413054), (-0.12151054, -0.9898348, 0.073907524), (-0.1215162, -0.9898344, 0.073902816), (-0.12151619, -0.98983437, 0.073902816), (-0.12151054, -0.9898348, 0.073907524), (0.12152145, 0.9898334, -0.073907554), (0.12151624, 0.9898344, -0.0739029), (0.12151624, 0.98983437, -0.0739029), (0.12152145, 0.9898334, -0.073907554), (0.059286933, -0.73741543, 0.67283255), (0.059286933, -0.73741543, 0.67283255), (0.059286933, -0.73741543, 0.67283255), (0.059286933, -0.73741543, 0.67283255), (-0.34715086, 0.5893757, 0.7294674), (-0.3471526, 0.5893723, 0.72946924), (-0.3471526, 0.5893723, 0.72946924), (-0.34715074, 0.58937573, 0.7294673), (-0.05929181, 0.73741674, -0.6728305), (-0.05929181, 0.73741674, -0.6728305), (-0.05929181, 0.73741674, -0.6728305), (-0.05929181, 0.73741674, -0.6728305), (0.3471492, -0.5893741, -0.7294694), (0.34714812, -0.58937633, -0.72946805), (0.34714812, -0.58937633, -0.72946805), (0.34714913, -0.5893742, -0.72946936), (0.8814307, 0.44300297, -0.16379316), (0.8814307, 0.44300297, -0.16379316), (0.8814307, 0.44300297, -0.16379316), (0.8814307, 0.44300297, -0.16379316), (-0.91344947, 0.15395698, -0.37670586), (-0.91344947, 0.15395698, -0.37670586), (-0.91344947, 0.15395698, -0.37670586), (-0.91344947, 0.15395698, -0.37670586), (-0.88143086, -0.44300374, 0.16379036), (-0.88143086, -0.44300374, 0.16379036), (-0.88143086, -0.44300374, 0.16379036), (-0.88143086, -0.44300374, 0.16379036), (0.91345143, -0.15395816, 0.37670076), (0.91345143, -0.15395816, 0.37670076), (0.91345143, -0.15395816, 0.37670076), (0.91345143, -0.15395816, 0.37670076), (0.34715015, -0.589372, -0.7294706), (0.3471492, -0.5893741, -0.7294694), (0.34714913, -0.5893742, -0.72946936), (0.34715015, -0.589372, -0.7294706), (-0.34714898, 0.58937913, 0.7294653), (-0.34715086, 0.5893757, 0.7294674), (-0.34715074, 0.58937573, 0.7294673), (-0.34714898, 0.58937913, 0.7294653), (0.060618516, -0.7539231, -0.6541599), (0.060618516, -0.7539231, -0.6541599), (0.060618516, -0.7539231, -0.6541599), (0.060618516, -0.7539231, -0.6541599), (0.9775966, -0.09397783, 0.18834336), (0.97759634, -0.09397679, 0.18834475), (0.97759634, -0.09397679, 0.18834475), (0.9775965, -0.0939779, 0.18834332), (-0.060614675, 0.7539233, 0.65416026), (-0.060614675, 0.7539233, 0.65416026), (-0.060614675, 0.7539233, 0.65416026), (-0.060614675, 0.7539233, 0.65416026), (-0.9775962, 0.09397964, -0.18834414), (-0.9775958, 0.09397898, -0.18834691), (-0.9775958, 0.09397898, -0.18834691), (-0.9775962, 0.09397961, -0.18834428), (0.3241755, 0.9026255, -0.28315622), (0.3241755, 0.9026255, -0.28315622), (0.3241755, 0.9026255, -0.28315622), (0.3241755, 0.9026255, -0.28315622), (-0.37144366, -0.1190344, 0.9207934), (-0.37144366, -0.1190344, 0.9207934), (-0.37144366, -0.1190344, 0.9207934), (-0.37144366, -0.1190344, 0.9207934), (-0.32417282, -0.90263087, 0.2831421), (-0.32417282, -0.90263087, 0.2831421), (-0.32417282, -0.90263087, 0.2831421), (-0.32417282, -0.90263087, 0.2831421), (0.37144625, 0.11903519, -0.9207922), (0.37144625, 0.11903519, -0.9207922), (0.37144625, 0.11903519, -0.9207922), (0.37144625, 0.11903519, -0.9207922), (-0.9775967, 0.09398026, -0.18834156), (-0.9775962, 0.09397964, -0.18834414), (-0.9775962, 0.09397961, -0.18834428), (-0.9775967, 0.09398026, -0.18834156), (0.9775967, -0.09397896, 0.1883419), (0.9775966, -0.09397783, 0.18834336), (0.9775965, -0.0939779, 0.18834332), (0.9775967, -0.09397896, 0.1883419), (-0.024690842, 0.30707386, -0.9513654), (-0.024690842, 0.30707386, -0.9513654), (-0.024690842, 0.30707386, -0.9513654), (-0.024690842, 0.30707386, -0.9513654), (-0.5469448, -0.79288435, -0.2686739), (-0.5469465, -0.7928884, -0.26865843), (-0.5469465, -0.7928884, -0.26865843), (-0.5469448, -0.79288435, -0.2686741), (0.024689164, -0.30707628, 0.95136464), (0.024689164, -0.30707628, 0.95136464), (0.024689164, -0.30707628, 0.95136464), (0.024689164, -0.30707628, 0.95136464), (0.5469631, 0.7928691, 0.26868182), (0.5469635, 0.7928729, 0.26866996), (0.5469635, 0.7928729, 0.26866996), (0.54696316, 0.7928691, 0.26868168), (0.8795177, -0.3685322, 0.3010523), (0.8795177, -0.3685322, 0.3010523), (0.8795177, -0.3685322, 0.3010523), (0.8795177, -0.3685322, 0.3010523), (-0.85722697, 0.108435616, 0.5033923), (-0.85722697, 0.108435616, 0.5033923), (-0.85722697, 0.108435616, 0.5033923), (-0.85722697, 0.108435616, 0.5033923), (-0.8795168, 0.36852285, -0.30106658), (-0.8795168, 0.36852285, -0.30106658), (-0.8795168, 0.36852285, -0.30106658), (-0.8795168, 0.36852285, -0.30106658), (0.8572266, -0.10843761, -0.50339234), (0.8572266, -0.10843761, -0.50339234), (0.8572266, -0.10843761, -0.50339234), (0.8572266, -0.10843761, -0.50339234), (0.54696286, 0.7928654, 0.26869357), (0.5469631, 0.7928691, 0.26868182), (0.54696316, 0.7928691, 0.26868168), (0.54696286, 0.7928654, 0.26869357), (-0.54694307, -0.7928803, -0.2686896), (-0.5469448, -0.79288435, -0.2686739), (-0.5469448, -0.79288435, -0.2686741), (-0.54694307, -0.7928803, -0.2686896), (-0.077869974, 0.96836865, 0.23706232), (-0.077869974, 0.96836865, 0.23706232), (-0.077869974, 0.96836865, 0.23706232), (-0.077869974, 0.96836865, 0.23706232), (0.96350944, 0.10949634, -0.24425419), (0.9635096, 0.10949811, -0.24425265), (0.9635096, 0.10949811, -0.24425265), (0.9635094, 0.1094963, -0.24425417), (0.07785004, -0.96836764, -0.23707293), (0.07785004, -0.96836764, -0.23707293), (0.07785004, -0.96836764, -0.23707293), (0.07785004, -0.96836764, -0.23707293), (-0.9635098, -0.109497316, 0.24425246), (-0.96350926, -0.10949569, 0.24425548), (-0.96350926, -0.10949569, 0.24425548), (-0.9635098, -0.109497294, 0.2442525), (0.4431074, -0.62482023, 0.64284956), (0.4431074, -0.62482023, 0.64284956), (0.4431074, -0.62482023, 0.64284956), (0.4431074, -0.62482023, 0.64284956), (-0.36413464, -0.32843548, -0.87151366), (-0.36413464, -0.32843548, -0.87151366), (-0.36413464, -0.32843548, -0.87151366), (-0.36413464, -0.32843548, -0.87151366), (-0.4431214, 0.6248185, -0.6428415), (-0.4431214, 0.6248185, -0.6428415), (-0.4431214, 0.6248185, -0.6428415), (-0.4431214, 0.6248185, -0.6428415), (0.36413333, 0.3284335, 0.871515), (0.36413333, 0.3284335, 0.871515), (0.36413333, 0.3284335, 0.871515), (0.36413333, 0.3284335, 0.871515), (-0.96351033, -0.109498896, 0.24424943), (-0.9635098, -0.109497316, 0.24425246), (-0.9635098, -0.109497294, 0.2442525), (-0.96351033, -0.109498896, 0.24424943), (0.96350926, 0.10949452, -0.2442557), (0.96350944, 0.10949634, -0.24425419), (0.9635094, 0.1094963, -0.24425417), (0.96350926, 0.10949452, -0.2442557), (-0.24097586, 0.6684234, 0.7036623), (-0.24097586, 0.6684234, 0.7036623), (-0.38921192, 0.6474023, 0.6552743), (-0.36990073, 0.6511513, 0.66270304), (-0.11655846, -0.6913086, 0.71309644), (-0.11655846, -0.6913086, 0.71309644), (-0.23700307, -0.6946332, 0.6792012), (-0.26373133, -0.69387704, 0.67006), (0.24037673, -0.668502, -0.7037927), (0.24037673, -0.668502, -0.7037927), (0.36956656, -0.65121585, -0.6628261), (0.38877606, -0.6474891, -0.6554472), (0.115836866, 0.6912939, -0.71322834), (0.115836866, 0.6912939, -0.71322834), (0.26300535, 0.69389784, -0.6703238), (0.2363251, 0.69464594, -0.6794244), (-0.36990073, 0.6511513, 0.66270304), (-0.38921192, 0.6474023, 0.6552743), (-0.6249867, 0.5892925, 0.5119824), (-0.60281414, 0.5957277, 0.53077656), (-0.26373133, -0.69387704, 0.67006), (-0.23700307, -0.6946332, 0.6792012), (-0.47976613, -0.6795992, 0.5549499), (-0.51059735, -0.67618555, 0.5310965), (0.38877606, -0.6474891, -0.6554472), (0.36956656, -0.65121585, -0.6628261), (0.6029405, -0.59570724, -0.53065574), (0.625124, -0.589268, -0.511843), (0.2363251, 0.69464594, -0.6794244), (0.26300535, 0.69389784, -0.6703238), (0.51035994, 0.6762477, -0.5312455), (0.47939032, 0.67967135, -0.5551862), (-0.60281414, 0.5957277, 0.53077656), (-0.6249867, 0.5892925, 0.5119824), (-0.76661557, 0.5426394, 0.34328282), (-0.75566584, 0.54629934, 0.36128414), (-0.51059735, -0.67618555, 0.5310965), (-0.47976613, -0.6795992, 0.5549499), (-0.6620013, -0.6522148, 0.36928305), (-0.6779935, -0.64903545, 0.34507656), (0.625124, -0.589268, -0.511843), (0.6029405, -0.59570724, -0.53065574), (0.7560224, -0.54617476, -0.36072618), (0.76696163, -0.54251915, -0.34269932), (0.47939032, 0.67967135, -0.5551862), (0.51035994, 0.6762477, -0.5312455), (0.6781444, 0.6490258, -0.3447981), (0.6620699, 0.6522237, -0.36914438), (-0.75566584, 0.54629934, 0.36128414), (-0.76661557, 0.5426394, 0.34328282), (-0.8300668, 0.52149516, 0.19756514), (-0.82746476, 0.52209014, 0.20669793), (-0.6779935, -0.64903545, 0.34507656), (-0.6620013, -0.6522148, 0.36928305), (-0.7594637, -0.6270536, 0.17325895), (-0.76349866, -0.62564325, 0.16012587), (0.76696163, -0.54251915, -0.34269932), (0.7560224, -0.54617476, -0.36072618), (0.82765687, -0.5220207, -0.20610322), (0.8302456, -0.52143186, -0.19697976), (0.6620699, 0.6522237, -0.36914438), (0.6781444, 0.6490258, -0.3447981), (0.7636153, 0.6256047, -0.15971974), (0.7595625, 0.6270234, -0.1729351), (-0.82746476, 0.52209014, 0.20669793), (-0.8300668, 0.52149516, 0.19756514), (-0.84945405, 0.52028626, 0.08792104), (-0.8493378, 0.52014965, 0.08983105), (-0.76349866, -0.62564325, 0.16012587), (-0.7594637, -0.6270536, 0.17325895), (-0.794013, -0.60786885, -0.006229361), (-0.7941585, -0.607652, -0.008446723), (0.8302456, -0.52143186, -0.19697976), (0.82765687, -0.5220207, -0.20610322), (0.849374, -0.5201533, -0.08946695), (0.8494883, -0.52029085, -0.08756112), (0.7595625, 0.6270234, -0.1729351), (0.7636153, 0.6256047, -0.15971974), (0.79417664, 0.60762465, 0.008701002), (0.7940279, 0.6078474, 0.006425773), (-0.8493378, 0.52014965, 0.08983105), (-0.84945405, 0.52028626, 0.08792104), (-0.8479119, 0.53003436, 0.010439184), (-0.8477203, 0.5303689, 0.008887883), (-0.7941585, -0.607652, -0.008446723), (-0.794013, -0.60786885, -0.006229361), (-0.78868014, -0.5902438, -0.17203447), (-0.7894885, -0.59095097, -0.1657859), (0.8494883, -0.52029085, -0.08756112), (0.849374, -0.5201533, -0.08946695), (0.8477019, -0.5304014, -0.008700254), (0.8478944, -0.5300661, -0.010251354), (0.7940279, 0.6078474, 0.006425773), (0.79417664, 0.60762465, 0.008701002), (0.78948855, 0.5909397, 0.16582556), (0.78868735, 0.5902387, 0.17201881), (-0.8477203, 0.5303689, 0.008887883), (-0.8479119, 0.53003436, 0.010439184), (-0.83781475, 0.54437727, -0.041471027), (-0.83710307, 0.5452875, -0.043817848), (-0.7894885, -0.59095097, -0.1657859), (-0.78868014, -0.5902438, -0.17203447), (-0.7512557, -0.5677214, -0.33661136), (-0.75569975, -0.5699795, -0.3225544), (0.8478944, -0.5300661, -0.010251354), (0.8477019, -0.5304014, -0.008700254), (0.8370758, -0.54532206, 0.04390846), (0.83778816, -0.54441124, 0.041563325), (0.78868735, 0.5902387, 0.17201881), (0.78948855, 0.5909397, 0.16582556), (0.7557549, 0.5700002, 0.32238862), (0.7513341, 0.5677539, 0.33638155), (-0.83710307, 0.5452875, -0.043817848), (-0.83781475, 0.54437727, -0.041471027), (-0.8260378, 0.5588902, -0.07282305), (-0.8251832, 0.5599341, -0.07447463), (-0.75569975, -0.5699795, -0.3225544), (-0.7512557, -0.5677214, -0.33661136), (-0.675746, -0.5311459, -0.51112753), (-0.6878763, -0.53695905, -0.48836577), (0.83778816, -0.54441124, 0.041563325), (0.8370758, -0.54532206, 0.04390846), (0.82516205, -0.5599604, 0.07451125), (0.82601666, -0.55891657, 0.0728611), (0.7513341, 0.5677539, 0.33638155), (0.7557549, 0.5700002, 0.32238862), (0.68805313, 0.5370409, 0.48802662), (0.6759741, 0.53125286, 0.51071465), (-0.8251832, 0.5599341, -0.07447463), (-0.8260378, 0.5588902, -0.07282305), (-0.81744313, 0.5693699, -0.08720497), (-0.81702155, 0.56990236, -0.0876757), (-0.6878763, -0.53695905, -0.48836577), (-0.675746, -0.5311459, -0.51112753), (-0.5453751, -0.46570054, -0.69691396), (-0.57188183, -0.47942513, -0.66565967), (0.82601666, -0.55891657, 0.0728611), (0.82516205, -0.5599604, 0.07451125), (0.8170147, -0.5699124, 0.0876744), (0.8174349, -0.5693813, 0.08720659), (0.6759741, 0.53125286, 0.51071465), (0.68805313, 0.5370409, 0.48802662), (0.57220054, 0.47958803, 0.6652683), (0.5457649, 0.4659033, 0.69647306), (-0.81702155, 0.56990236, -0.0876757), (-0.81744313, 0.5693699, -0.08720497), (-0.81605184, 0.57112354, -0.08875444), (-0.81622785, 0.57090235, -0.088558435), (-0.57188183, -0.47942513, -0.66565967), (-0.5453751, -0.46570054, -0.69691396), (-0.34375274, -0.35304242, -0.8701696), (-0.39096758, -0.38052213, -0.83806163), (0.8174349, -0.5693813, 0.08720659), (0.8170147, -0.5699124, 0.0876744), (0.8162335, -0.5708961, 0.08854604), (0.81605715, -0.57111794, 0.08874132), (0.5457649, 0.4659033, 0.69647306), (0.57220054, 0.47958803, 0.6652683), (0.39126107, 0.38068715, 0.8378497), (0.34405208, 0.3532146, 0.8699814), (-0.81622785, 0.57090235, -0.088558435), (-0.81605184, 0.57112354, -0.08875444), (-0.8236396, 0.56074876, -0.0847273), (-0.8238002, 0.56052154, -0.0846692), (-0.39096758, -0.38052213, -0.83806163), (-0.34375274, -0.35304242, -0.8701696), (-0.08575794, -0.19030732, -0.9779717), (-0.14747158, -0.23097657, -0.9617182), (0.81605715, -0.57111794, 0.08874132), (0.8162335, -0.5708961, 0.08854604), (0.8238009, -0.5605217, 0.08466067), (0.8236405, -0.5607487, 0.08471885), (0.34405208, 0.3532146, 0.8699814), (0.39126107, 0.38068715, 0.8378497), (0.1474007, 0.2309268, 0.96174103), (0.08552453, 0.19015071, 0.9780226), (-0.8238002, 0.56052154, -0.0846692), (-0.8236396, 0.56074876, -0.0847273), (-0.8279712, 0.5545504, -0.083291546), (-0.82805526, 0.55443066, -0.083253205), (-0.14747158, -0.23097657, -0.9617182), (-0.08575794, -0.19030732, -0.9779717), (0.16951841, -0.01240447, -0.98544896), (0.11397028, -0.052481152, -0.992097), (0.8236405, -0.5607487, 0.08471885), (0.8238009, -0.5605217, 0.08466067), (0.8280607, -0.5544227, 0.08325354), (0.82797724, -0.55454123, 0.08329252), (0.08552453, 0.19015071, 0.9780226), (0.1474007, 0.2309268, 0.96174103), (-0.11413855, 0.05236342, 0.99208397), (-0.16959646, 0.012347367, 0.9854362), (-0.82805526, 0.55443066, -0.083253205), (-0.8279712, 0.5545504, -0.083291546), (-0.8178411, 0.569826, -0.080213614), (-0.81885624, 0.56830394, -0.08065366), (0.11397028, -0.052481152, -0.992097), (0.16951841, -0.01240447, -0.98544896), (0.39780807, 0.15564619, -0.90416974), (0.35145754, 0.12104869, -0.9283452), (0.82797724, -0.55454123, 0.08329252), (0.8280607, -0.5544227, 0.08325354), (0.8188581, -0.5683013, 0.0806545), (0.8178409, -0.5698265, 0.080213055), (-0.16959646, 0.012347367, 0.9854362), (-0.11413855, 0.05236342, 0.99208397), (-0.35135075, -0.120969206, 0.928396), (-0.39776674, -0.15561469, 0.9041934), (-0.81885624, 0.56830394, -0.08065366), (-0.8178411, 0.569826, -0.080213614), (-0.80691195, 0.586129, -0.073115245), (-0.8073846, 0.58540595, -0.07368915), (0.35145754, 0.12104869, -0.9283452), (0.39780807, 0.15564619, -0.90416974), (0.5825918, 0.29583383, -0.7570134), (0.55323184, 0.2733137, -0.78691435), (0.8178409, -0.5698265, 0.080213055), (0.8188581, -0.5683013, 0.0806545), (0.80737364, -0.58542156, 0.07368426), (0.8069024, -0.58614266, 0.07311168), (-0.39776674, -0.15561469, 0.9041934), (-0.35135075, -0.120969206, 0.928396), (-0.55344146, -0.27347526, 0.7867108), (-0.5827977, -0.29599535, 0.75679165), (-0.8073846, 0.58540595, -0.07368915), (-0.80691195, 0.586129, -0.073115245), (-0.80671525, 0.5864161, -0.07298439), (-0.8063423, 0.5869868, -0.07251604), (0.55323184, 0.2733137, -0.78691435), (0.5825918, 0.29583383, -0.7570134), (0.70662665, 0.39580077, -0.58653265), (0.6929872, 0.38429546, -0.60998833), (0.8069024, -0.58614266, 0.07311168), (0.80737364, -0.58542156, 0.07368426), (0.8063486, -0.5869754, 0.07253775), (0.80672294, -0.5864024, 0.07300919), (-0.5827977, -0.29599535, 0.75679165), (-0.55344146, -0.27347526, 0.7867108), (-0.69330674, -0.38456896, 0.60945255), (-0.70689285, -0.39603356, 0.58605456), (-0.8063423, 0.5869868, -0.07251604), (-0.80671525, 0.5864161, -0.07298439), (-0.8138313, 0.5742366, -0.089056104), (-0.8132592, 0.57528573, -0.08749839), (0.6929872, 0.38429546, -0.60998833), (0.70662665, 0.39580077, -0.58653265), (0.77671146, 0.4619781, -0.4281302), (0.7718414, 0.45673144, -0.4423316), (0.80672294, -0.5864024, 0.07300919), (0.8063486, -0.5869754, 0.07253775), (0.81327873, -0.5752483, 0.08756131), (0.81385046, -0.5741996, 0.08911921), (-0.70689285, -0.39603356, 0.58605456), (-0.69330674, -0.38456896, 0.60945255), (-0.77203333, -0.45693055, 0.44179067), (-0.77687055, -0.46214703, 0.4276591), (-0.8132592, 0.57528573, -0.08749839), (-0.8138313, 0.5742366, -0.089056104), (-0.82242817, 0.5547434, -0.12598307), (-0.82220876, 0.55537647, -0.124618605), (0.7718414, 0.45673144, -0.4423316), (0.77671146, 0.4619781, -0.4281302), (0.80987537, 0.50757474, -0.2940573), (0.8087376, 0.5053691, -0.3009079), (0.81385046, -0.5741996, 0.08911921), (0.81327873, -0.5752483, 0.08756131), (0.822227, -0.5553192, 0.1247528), (0.82244503, -0.5546887, 0.12611358), (-0.77687055, -0.46214703, 0.4276591), (-0.77203333, -0.45693055, 0.44179067), (-0.8088062, -0.50548613, 0.3005267), (-0.8099324, -0.50767565, 0.29372606), (-0.82220876, 0.55537647, -0.124618605), (-0.82242817, 0.5547434, -0.12598307), (-0.8263456, 0.53115314, -0.18716085), (-0.8263404, 0.5308716, -0.18798116), (0.8087376, 0.5053691, -0.3009079), (0.80987537, 0.50757474, -0.2940573), (0.8194585, 0.543164, -0.182923), (0.8194449, 0.5426121, -0.1846136), (0.82244503, -0.5546887, 0.12611358), (0.822227, -0.5553192, 0.1247528), (0.82633215, -0.53078735, 0.18825497), (0.826338, -0.5310738, 0.18741958), (-0.8099324, -0.50767565, 0.29372606), (-0.8088062, -0.50548613, 0.3005267), (-0.8194488, -0.5426856, 0.18437947), (-0.8194616, -0.54322696, 0.18272185), (-0.8263404, 0.5308716, -0.18798116), (-0.8263456, 0.53115314, -0.18716085), (-0.8177371, 0.5040676, -0.27788827), (-0.8167191, 0.5024543, -0.2837419), (0.8194449, 0.5426121, -0.1846136), (0.8194585, 0.543164, -0.182923), (0.81273365, 0.5756875, -0.089709766), (0.8124131, 0.5764469, -0.08771531), (0.826338, -0.5310738, 0.18741958), (0.82633215, -0.53078735, 0.18825497), (0.81661147, -0.5023195, 0.28429005), (0.8176424, -0.50394374, 0.27839118), (-0.8194616, -0.54322696, 0.18272185), (-0.8194488, -0.5426856, 0.18437947), (-0.8123887, -0.57650244, 0.08757613), (-0.81271416, -0.5757326, 0.089597024), (-0.8167191, 0.5024543, -0.2837419), (-0.8177371, 0.5040676, -0.27788827), (-0.7827518, 0.47119787, -0.4065369), (-0.7769837, 0.467311, -0.4218019), (0.8124131, 0.5764469, -0.08771531), (0.81273365, 0.5756875, -0.089709766), (0.7924357, 0.6098636, -0.010589477), (0.7907594, 0.61209637, -0.006129923), (0.8176424, -0.50394374, 0.27839118), (0.81661147, -0.5023195, 0.28429005), (0.7765798, -0.4670785, 0.42280188), (0.7824096, -0.4709922, 0.40743276), (-0.81271416, -0.5757326, 0.089597024), (-0.8123887, -0.57650244, 0.08757613), (-0.7907158, -0.6121537, 0.0060367812), (-0.7924034, -0.6099066, 0.010522779), (-0.7769837, 0.467311, -0.4218019), (-0.7827518, 0.47119787, -0.4065369), (-0.6942354, 0.42548412, -0.5805174), (-0.6740215, 0.41667426, -0.6099818), (0.7907594, 0.61209637, -0.006129923), (0.7924357, 0.6098636, -0.010589477), (0.75912064, 0.6486549, 0.054614734), (0.75564826, 0.65226763, 0.059520684), (0.7824096, -0.4709922, 0.40743276), (0.7765798, -0.4670785, 0.42280188), (0.6731391, -0.4163015, 0.61120933), (0.6934879, -0.4251591, 0.58164793), (-0.7924034, -0.6099066, 0.010522779), (-0.7907158, -0.6121537, 0.0060367812), (-0.75557894, -0.65233976, -0.05960817), (-0.7590684, -0.6487103, -0.054680903), (-0.6740215, 0.41667426, -0.6099818), (-0.6942354, 0.42548412, -0.5805174), (-0.50886154, 0.3522418, -0.7854843), (-0.4584565, 0.3333221, -0.8238409), (0.75564826, 0.65226763, 0.059520684), (0.75912064, 0.6486549, 0.054614734), (0.715597, 0.69113964, 0.101227246), (0.7120273, 0.69443136, 0.103837), (0.6934879, -0.4251591, 0.58164793), (0.6731391, -0.4163015, 0.61120933), (0.45779744, -0.33303994, 0.8243215), (0.5081775, -0.3519481, 0.78605866), (-0.7590684, -0.6487103, -0.054680903), (-0.75557894, -0.65233976, -0.05960817), (-0.71193737, -0.69451225, -0.10391312), (-0.7155158, -0.69121313, -0.10129915), (-0.4584565, 0.3333221, -0.8238409), (-0.50886154, 0.3522418, -0.7854843), (-0.20455712, 0.23786968, -0.9495127), (-0.12810744, 0.20873448, -0.9695455), (0.7120273, 0.69443136, 0.103837), (0.715597, 0.69113964, 0.101227246), (0.6725846, 0.72940147, 0.12491356), (0.6716593, 0.7302042, 0.12520213), (0.5081775, -0.3519481, 0.78605866), (0.45779744, -0.33303994, 0.8243215), (0.1290407, -0.20906536, 0.9693504), (0.2051174, -0.23805282, 0.9493459), (-0.7155158, -0.69121313, -0.10129915), (-0.71193737, -0.69451225, -0.10391312), (-0.671644, -0.7302138, -0.12522839), (-0.6725621, -0.7294172, -0.12494274), (-0.12810744, 0.20873448, -0.9695455), (-0.20455712, 0.23786968, -0.9495127), (0.138478, 0.104740575, -0.9848113), (0.19995882, 0.08059395, -0.97648406), (0.6716593, 0.7302042, 0.12520213), (0.6725846, 0.72940147, 0.12491356), (0.62569696, 0.768921, 0.13139163), (0.6280868, 0.76697814, 0.13134427), (0.2051174, -0.23805282, 0.9493459), (0.1290407, -0.20906536, 0.9693504), (-0.19908495, -0.08095545, 0.9766327), (-0.13740882, -0.1051786, 0.98491436), (-0.6725621, -0.7294172, -0.12494274), (-0.671644, -0.7302138, -0.12522839), (-0.6282052, -0.7668808, -0.13134746), (-0.6258141, -0.7688249, -0.1313962), (0.19995882, 0.08059395, -0.97648406), (0.138478, 0.104740575, -0.9848113), (0.42402226, -0.0057891966, -0.9056333), (0.46634793, -0.021623261, -0.88433707), (0.6280868, 0.76697814, 0.13134427), (0.62569696, 0.768921, 0.13139163), (0.55273926, 0.82479966, 0.11910053), (0.56195474, 0.8181793, 0.12161178), (-0.13740882, -0.1051786, 0.98491436), (-0.19908495, -0.08095545, 0.9766327), (-0.46618772, 0.02156053, 0.884423), (-0.42385837, 0.0057242378, 0.9057104), (-0.6258141, -0.7688249, -0.1313962), (-0.6282052, -0.7668808, -0.13134746), (-0.5620203, -0.818134, -0.12161362), (-0.5527727, -0.8247777, -0.11909707), (0.46634793, -0.021623261, -0.88433707), (0.42402226, -0.0057891966, -0.9056333), (0.64886165, -0.08638996, -0.75598633), (0.6720772, -0.09398341, -0.7344926), (0.56195474, 0.8181793, 0.12161178), (0.55273926, 0.82479966, 0.11910053), (0.47203523, 0.8774941, 0.08477547), (0.4831914, 0.870758, 0.09114053), (-0.42385837, 0.0057242378, 0.9057104), (-0.46618772, 0.02156053, 0.884423), (-0.6719384, 0.093941346, 0.73462486), (-0.6486898, 0.08633644, 0.7561399), (-0.5527727, -0.8247777, -0.11909707), (-0.5620203, -0.818134, -0.12161362), (-0.4830902, -0.8708186, -0.09109781), (-0.47192553, -0.87755823, -0.08472247), (0.6720772, -0.09398341, -0.7344926), (0.64886165, -0.08638996, -0.75598633), (0.80412066, -0.13417423, -0.57912636), (0.81427246, -0.13686979, -0.5641162), (0.4831914, 0.870758, 0.09114053), (0.47203523, 0.8774941, 0.08477547), (0.41276962, 0.9098962, 0.04135394), (0.42099288, 0.9057439, 0.04891795), (-0.6486898, 0.08633644, 0.7561399), (-0.6719384, 0.093941346, 0.73462486), (-0.8141212, 0.13682644, 0.564345), (-0.8039215, 0.134117, 0.579416), (-0.47192553, -0.87755823, -0.08472247), (-0.4830902, -0.8708186, -0.09109781), (-0.42089275, -0.9057946, -0.04883941), (-0.41267353, -0.9099436, -0.041269407), (0.81427246, -0.13686979, -0.5641162), (0.80412066, -0.13417423, -0.57912636), (0.89927673, -0.157015, -0.4082249), (0.9031897, -0.15775076, -0.39920297), (0.42099288, 0.9057439, 0.04891795), (0.41276962, 0.9098962, 0.04135394), (0.37881386, 0.92546815, 0.0029486127), (0.3825521, 0.92389584, 0.008386337), (-0.8039215, 0.134117, 0.579416), (-0.8141212, 0.13682644, 0.564345), (-0.9031231, 0.15773593, 0.3993597), (-0.8991819, 0.1569943, 0.40844172), (-0.41267353, -0.9099436, -0.041269407), (-0.42089275, -0.9057946, -0.04883941), (-0.3825055, -0.9239158, -0.008311524), (-0.3787771, -0.9254835, -0.002877728), (0.9031897, -0.15775076, -0.39920297), (0.89927673, -0.157015, -0.4082249), (0.95412636, -0.1654278, -0.24955268), (0.95538086, -0.16553594, -0.24463263), (0.3825521, 0.92389584, 0.008386337), (0.37881386, 0.92546815, 0.0029486127), (0.3650321, 0.93073887, -0.021834886), (0.36577618, 0.9304933, -0.019747633), (-0.8991819, 0.1569943, 0.40844172), (-0.9031231, 0.15773593, 0.3993597), (-0.95538604, 0.16553546, 0.24461287), (-0.95411843, 0.16542621, 0.24958412), (-0.3787771, -0.9254835, -0.002877728), (-0.3825055, -0.9239158, -0.008311524), (-0.36577472, -0.9304932, 0.01978277), (-0.3650321, -0.93073815, 0.021864701), (0.95538086, -0.16553594, -0.24463263), (0.95412636, -0.1654278, -0.24955268), (0.9815304, -0.16620247, -0.094734736), (0.98170406, -0.16618061, -0.0929579), (0.36577618, 0.9304933, -0.019747633), (0.3650321, 0.93073887, -0.021834886), (0.36318144, 0.9312819, -0.028517308), (0.36308163, 0.93131673, -0.028649954), (-0.95411843, 0.16542621, 0.24958412), (-0.95538604, 0.16553546, 0.24461287), (-0.9817322, 0.16617747, 0.092666276), (-0.98155427, 0.16619998, 0.09449218), (-0.3650321, -0.93073815, 0.021864701), (-0.36577472, -0.9304932, 0.01978277), (-0.3630856, -0.9313155, 0.028640805), (-0.36318523, -0.9312808, 0.028506266), (0.98170406, -0.16618061, -0.0929579), (0.9815304, -0.16620247, -0.094734736), (0.98407096, -0.1631035, 0.07072178), (0.9841846, -0.16314761, 0.069017485), (0.36308163, 0.93131673, -0.028649954), (0.36318144, 0.9312819, -0.028517308), (0.363641, 0.93143386, -0.014004442), (0.36360517, 0.93146116, -0.013094732), (-0.98155427, 0.16619998, 0.09449218), (-0.9817322, 0.16617747, 0.092666276), (-0.98413765, 0.16313767, -0.06970681), (-0.98402685, 0.16309515, -0.07135259), (-0.36318523, -0.9312808, 0.028506266), (-0.3630856, -0.9313155, 0.028640805), (-0.36358687, -0.93146944, 0.013013033), (-0.3636239, -0.9314417, 0.013925079), (0.9841846, -0.16314761, 0.069017485), (0.98407096, -0.1631035, 0.07072178), (0.95110357, -0.15918577, 0.264692), (0.9529634, -0.15931521, 0.25783584), (0.36360517, 0.93146116, -0.013094732), (0.363641, 0.93143386, -0.014004442), (0.35315502, 0.93524677, 0.024391368), (0.35039625, 0.9360868, 0.031049773), (-0.98402685, 0.16309515, -0.07135259), (-0.98413765, 0.16313767, -0.06970681), (-0.9526673, 0.15931013, -0.258931), (-0.9508262, 0.15918326, -0.26568794), (-0.3636239, -0.9314417, 0.013925079), (-0.36358687, -0.93146944, 0.013013033), (-0.35029584, -0.936118, -0.031240845), (-0.35306564, -0.93527573, -0.024576059), (0.9529634, -0.15931521, 0.25783584), (0.95110357, -0.15918577, 0.264692), (0.8509436, -0.15930098, 0.5005178), (0.85856295, -0.15917395, 0.4873739), (0.35039625, 0.9360868, 0.031049773), (0.35315502, 0.93524677, 0.024391368), (0.31120926, 0.9464393, 0.0860311), (0.298299, 0.94926375, 0.099578865), (-0.9508262, 0.15918326, -0.26568794), (-0.9526673, 0.15931013, -0.258931), (-0.85806924, 0.15917417, -0.4882425), (-0.8505473, 0.15930046, -0.5011911), (-0.35306564, -0.93527573, -0.024576059), (-0.35029584, -0.936118, -0.031240845), (-0.2980923, -0.94930655, -0.09979004), (-0.3110116, -0.94648355, -0.08625958), (0.85856295, -0.15917395, 0.4873739), (0.8509436, -0.15930098, 0.5005178), (0.6351542, -0.16938818, 0.7535826), (0.65036714, -0.16860923, 0.740671), (0.298299, 0.94926375, 0.099578865), (0.31120926, 0.9464393, 0.0860311), (0.21431735, 0.9639552, 0.15766564), (0.19153519, 0.96681356, 0.1690732), (-0.8505473, 0.15930046, -0.5011911), (-0.85806924, 0.15917417, -0.4882425), (-0.65068233, 0.1685538, -0.7404067), (-0.6356593, 0.16932312, -0.75317127), (-0.3110116, -0.94648355, -0.08625958), (-0.2980923, -0.94930655, -0.09979004), (-0.19143185, -0.96681696, -0.16917084), (-0.21418625, -0.96396494, -0.15778393), (0.65036714, -0.16860923, 0.740671), (0.6351542, -0.16938818, 0.7535826), (0.30528346, -0.18779671, 0.9335601), (0.31454688, -0.18727012, 0.93058586), (0.19153519, 0.96681356, 0.1690732), (0.21431735, 0.9639552, 0.15766564), (0.064844884, 0.97580713, 0.20879564), (0.050382692, 0.9761144, 0.21133445), (-0.6356593, 0.16932312, -0.75317127), (-0.65068233, 0.1685538, -0.7404067), (-0.3160973, 0.18719131, -0.9300763), (-0.3066995, 0.18772557, -0.9331101), (-0.21418625, -0.96396494, -0.15778393), (-0.19143185, -0.96681696, -0.16917084), (-0.050604627, -0.97610545, -0.21132293), (-0.0650819, -0.9757945, -0.20878112), (0.31454688, -0.18727012, 0.93058586), (0.30528346, -0.18779671, 0.9335601), (-0.051682632, -0.20484805, 0.9774284), (-0.056123074, -0.20504048, 0.9771431), (0.050382692, 0.9761144, 0.21133445), (0.064844884, 0.97580713, 0.20879564), (-0.076183915, 0.97245866, 0.22027285), (-0.07420711, 0.9725849, 0.22039025), (-0.3066995, 0.18772557, -0.9331101), (-0.3160973, 0.18719131, -0.9300763), (0.055555407, 0.20504445, -0.9771747), (0.051301595, 0.20486009, -0.9774459), (-0.0650819, -0.9757945, -0.20878112), (-0.050604627, -0.97610545, -0.21132293), (0.07391114, -0.97260845, -0.22038613), (0.07588069, -0.9724828, -0.22027096), (-0.056123074, -0.20504048, 0.9771431), (-0.051682632, -0.20484805, 0.9774284), (-0.38309956, -0.21456644, 0.8984409), (-0.3942112, -0.21471319, 0.8935859), (-0.07420711, 0.9725849, 0.22039025), (-0.076183915, 0.97245866, 0.22027285), (-0.1687034, 0.96377903, 0.20656528), (-0.16031866, 0.9647349, 0.20876904), (0.051301595, 0.20486009, -0.9774459), (0.055555407, 0.20504445, -0.9771747), (0.39442018, 0.21471101, -0.8934942), (0.38340053, 0.21456562, -0.8983127), (0.07588069, -0.9724828, -0.22027096), (0.07391114, -0.97260845, -0.22038613), (0.16022949, -0.9647425, -0.20880215), (0.16863549, -0.9637841, -0.20659655), (-0.3942112, -0.21471319, 0.8935859), (-0.38309956, -0.21456644, 0.8984409), (-0.65235317, -0.21332252, 0.72727495), (-0.6614255, -0.21310791, 0.7190976), (-0.16031866, 0.9647349, 0.20876904), (-0.1687034, 0.96377903, 0.20656528), (-0.2362325, 0.9549147, 0.17981134), (-0.22510713, 0.9565043, 0.18554316), (0.38340053, 0.21456562, -0.8983127), (0.39442018, 0.21471101, -0.8934942), (0.66122055, 0.21311016, -0.71928537), (0.6521651, 0.21332426, -0.72744304), (0.16863549, -0.9637841, -0.20659655), (0.16022949, -0.9647425, -0.20880215), (0.22510311, -0.95650023, -0.185569), (0.2362246, -0.95491165, -0.17983775), (-0.6614255, -0.21310791, 0.7190976), (-0.65235317, -0.21332252, 0.72727495), (-0.82343626, -0.20622402, 0.52860606), (-0.8281872, -0.20594612, 0.52124095), (-0.22510713, 0.9565043, 0.18554316), (-0.2362325, 0.9549147, 0.17981134), (-0.28738776, 0.9469444, 0.14389043), (-0.2788734, 0.9483155, 0.1514175), (0.6521651, 0.21332426, -0.72744304), (0.66122055, 0.21311016, -0.71928537), (0.82793486, 0.20596096, -0.52163583), (0.82318485, 0.20623846, -0.52899194), (0.2362246, -0.95491165, -0.17983775), (0.22510311, -0.95650023, -0.185569), (0.27886656, -0.9483149, -0.15143405), (0.28737965, -0.9469446, -0.14390577), (-0.8281872, -0.20594612, 0.52124095), (-0.82343626, -0.20622402, 0.52860606), (-0.9177699, -0.19896528, 0.34367323), (-0.91960925, -0.19879168, 0.3388225), (-0.2788734, 0.9483155, 0.1514175), (-0.28738776, 0.9469444, 0.14389043), (-0.32078823, 0.9413463, 0.10469945), (-0.31641787, 0.9420729, 0.111257985), (0.82318485, 0.20623846, -0.52899194), (0.82793486, 0.20596096, -0.52163583), (0.91948664, 0.19880705, -0.33914608), (0.9176452, 0.19898064, -0.34399706), (0.28737965, -0.9469446, -0.14390577), (0.27886656, -0.9483149, -0.15143405), (0.3164183, -0.9420721, -0.111263536), (0.32078898, -0.9413453, -0.10470664), (-0.91960925, -0.19879168, 0.3388225), (-0.9177699, -0.19896528, 0.34367323), (-0.96482575, -0.19336501, 0.17810473), (-0.9652808, -0.19329517, 0.17569834), (-0.31641787, 0.9420729, 0.111257985), (-0.32078823, 0.9413463, 0.10469945), (-0.33966404, 0.93828267, 0.065223165), (-0.33834326, 0.9384766, 0.06917664), (0.9176452, 0.19898064, -0.34399706), (0.91948664, 0.19880705, -0.33914608), (0.9652565, 0.19330303, -0.1758232), (0.96480054, 0.19337296, -0.1782322), (0.32078898, -0.9413453, -0.10470664), (0.3164183, -0.9420721, -0.111263536), (0.3383455, -0.93847513, -0.06918586), (0.33966544, -0.93828136, -0.06523353), (-0.9652808, -0.19329517, 0.17569834), (-0.96482575, -0.19336501, 0.17810473), (-0.981644, -0.1894538, 0.021965452), (-0.98164904, -0.18944982, 0.021770786), (-0.33834326, 0.9384766, 0.06917664), (-0.33966404, 0.93828267, 0.065223165), (-0.3468876, 0.9375574, 0.025599435), (-0.3468579, 0.9375517, 0.02619973), (0.96480054, 0.19337296, -0.1782322), (0.9652565, 0.19330303, -0.1758232), (0.9816515, 0.18944985, -0.021660404), (0.9816463, 0.18945388, -0.021856803), (0.33966544, -0.93828136, -0.06523353), (0.3383455, -0.93847513, -0.06918586), (0.34685072, -0.93755454, -0.026192889), (0.34688023, -0.9375602, -0.025591338), (-0.98164904, -0.18944982, 0.021770786), (-0.981644, -0.1894538, 0.021965452), (-0.97246295, -0.1870322, -0.13904998), (-0.9727758, -0.18705757, -0.13680916), (-0.3468579, 0.9375517, 0.02619973), (-0.3468876, 0.9375574, 0.025599435), (-0.34298187, 0.939216, -0.015382995), (-0.34219965, 0.93944263, -0.018624408), (0.9816463, 0.18945388, -0.021856803), (0.9816515, 0.18944985, -0.021660404), (0.9727206, 0.18705744, 0.1372006), (0.97240686, 0.18703218, 0.13944134), (0.34688023, -0.9375602, -0.025591338), (0.34685072, -0.93755454, -0.026192889), (0.34218735, -0.9394467, 0.018646702), (0.34296897, -0.93922037, 0.015407981), (-0.9727758, -0.18705757, -0.13680916), (-0.97246295, -0.1870322, -0.13904998), (-0.9287698, -0.18611024, -0.32054576), (-0.93062013, -0.18612714, -0.31512347), (-0.34219965, 0.93944263, -0.018624408), (-0.34298187, 0.939216, -0.015382995), (-0.32545826, 0.94372135, -0.058880817), (-0.3212656, 0.9446917, -0.0659243), (0.97240686, 0.18703218, 0.13944134), (0.9727206, 0.18705744, 0.1372006), (0.9303913, 0.18613084, 0.31579652), (0.92853767, 0.18611401, 0.32121542), (0.34296897, -0.93922037, 0.015407981), (0.34218735, -0.9394467, 0.018646702), (0.32123995, -0.9446985, 0.06595203), (0.32543415, -0.9437278, 0.0589097), (-0.93062013, -0.18612714, -0.31512347), (-0.9287698, -0.18611024, -0.32054576), (-0.8246204, -0.18652177, -0.53405124), (-0.8303624, -0.18652226, -0.52507883), (-0.3212656, 0.9446917, -0.0659243), (-0.32545826, 0.94372135, -0.058880817), (-0.28887293, 0.9516964, -0.10404993), (-0.2790431, 0.95362914, -0.112811774), (0.92853767, 0.18611401, 0.32121542), (0.9303913, 0.18613084, 0.31579652), (0.8299446, 0.18652184, 0.525739), (0.82420886, 0.18652132, 0.53468645), (0.32543415, -0.9437278, 0.0589097), (0.32123995, -0.9446985, 0.06595203), (0.27900755, -0.9536363, 0.112839065), (0.2888328, -0.9517049, 0.10408398), (-0.8303624, -0.18652226, -0.52507883), (-0.8246204, -0.18652177, -0.53405124), (-0.61700124, -0.18593268, -0.76468194), (-0.62849736, -0.18607755, -0.7552259), (-0.2790431, 0.95362914, -0.112811774), (-0.28887293, 0.9516964, -0.10404993), (-0.22813606, 0.96275026, -0.14514063), (-0.21530823, 0.9647818, -0.15112378), (0.82420886, 0.18652132, 0.53468645), (0.8299446, 0.18652184, 0.525739), (0.6284039, 0.1860664, 0.75530636), (0.6169459, 0.18592216, 0.7647292), (0.2888328, -0.9517049, 0.10408398), (0.27900755, -0.9536363, 0.112839065), (0.21530813, -0.964779, 0.15114187), (0.22812437, -0.9627501, 0.14516062), (-0.62849736, -0.18607755, -0.7552259), (-0.61700124, -0.18593268, -0.76468194), (-0.29020977, -0.17811854, -0.94024044), (-0.30214277, -0.17854026, -0.9363937), (-0.21530823, 0.9647818, -0.15112378), (-0.22813606, 0.96275026, -0.14514063), (-0.14823098, 0.9738294, -0.17229027), (-0.1408607, 0.974666, -0.17373633), (0.6169459, 0.18592216, 0.7647292), (0.6284039, 0.1860664, 0.75530636), (0.30311328, 0.1785633, 0.9360756), (0.29132587, 0.17814735, 0.9398897), (0.22812437, -0.9627501, 0.14516062), (0.21530813, -0.964779, 0.15114187), (0.14073962, -0.9746784, 0.17376512), (0.14814685, -0.9738379, 0.17231439), (-0.30214277, -0.17854026, -0.9363937), (-0.29020977, -0.17811854, -0.94024044), (0.06818777, -0.16229257, -0.9843839), (0.06697153, -0.16235161, -0.9844576), (-0.1408607, 0.974666, -0.17373633), (-0.14823098, 0.9738294, -0.17229027), (-0.041296348, 0.98269355, -0.18057731), (-0.043659236, 0.9825877, -0.18059728), (0.29132587, 0.17814735, 0.9398897), (0.30311328, 0.1785633, 0.9360756), (-0.0664279, 0.16240628, 0.9844854), (-0.067378424, 0.16236015, 0.9844284), (0.14814685, -0.9738379, 0.17231439), (0.14073962, -0.9746784, 0.17376512), (0.043197326, -0.9826139, 0.1805657), (0.04083821, -0.9827189, 0.1805431), (0.06697153, -0.16235161, -0.9844576), (0.06818777, -0.16229257, -0.9843839), (0.3868006, -0.14970343, -0.9099309), (0.39926183, -0.14935164, -0.90459055), (-0.043659236, 0.9825877, -0.18059728), (-0.041296348, 0.98269355, -0.18057731), (0.12437137, 0.9798679, -0.15617512), (0.10279267, 0.98155427, -0.1611985), (-0.067378424, 0.16236015, 0.9844284), (-0.0664279, 0.16240628, 0.9844854), (-0.399724, 0.14934291, 0.90438783), (-0.38706967, 0.14969938, 0.90981716), (0.04083821, -0.9827189, 0.1805431), (0.043197326, -0.9826139, 0.1805657), (-0.10326942, -0.9815205, 0.16109961), (-0.12481572, -0.9798275, 0.1560738), (0.39926183, -0.14935164, -0.90459055), (0.3868006, -0.14970343, -0.9099309), (0.6492961, -0.14975135, -0.74564683), (0.666196, -0.15057409, -0.7304179), (0.10279267, 0.98155427, -0.1611985), (0.12437137, 0.9798679, -0.15617512), (0.3062039, 0.94815975, -0.08504233), (0.2778455, 0.9553981, -0.10008129), (-0.38706967, 0.14969938, 0.90981716), (-0.399724, 0.14934291, 0.90438783), (-0.6661577, 0.15054692, 0.73045844), (-0.64928776, 0.14972581, 0.7456592), (-0.12481572, -0.9798275, 0.1560738), (-0.10326942, -0.9815205, 0.16109961), (-0.27795732, -0.9553687, 0.10005149), (-0.30626386, -0.9481407, 0.085039526), (0.666196, -0.15057409, -0.7304179), (0.6492961, -0.14975135, -0.74564683), (0.82251173, -0.1678343, -0.54342073), (0.8323704, -0.17010885, -0.527468), (0.2778455, 0.9553981, -0.10008129), (0.3062039, 0.94815975, -0.08504233), (0.43992203, 0.897888, 0.01629911), (0.42167723, 0.9067439, -0.0020061303), (-0.64928776, 0.14972581, 0.7456592), (-0.6661577, 0.15054692, 0.73045844), (-0.8320329, 0.17002603, 0.5280269), (-0.8221833, 0.16776061, 0.5439402), (-0.30626386, -0.9481407, 0.085039526), (-0.27795732, -0.9553687, 0.10005149), (-0.4216091, -0.9067752, 0.0021025054), (-0.43981922, -0.897941, -0.01615821), (0.8323704, -0.17010885, -0.527468), (0.82251173, -0.1678343, -0.54342073), (0.9118666, -0.19991088, -0.35851765), (0.91534466, -0.20225024, -0.34819388), (0.42167723, 0.9067439, -0.0020061303), (0.43992203, 0.897888, 0.01629911), (0.5167898, 0.8470778, 0.124046475), (0.5104691, 0.8526289, 0.11155856), (-0.8221833, 0.16776061, 0.5439402), (-0.8320329, 0.17002603, 0.5280269), (-0.9151407, 0.20212536, 0.34880203), (-0.91165507, 0.19979009, 0.3591224), (-0.43981922, -0.897941, -0.01615821), (-0.4216091, -0.9067752, 0.0021025054), (-0.5103958, -0.8526934, -0.11140052), (-0.5167124, -0.8471514, -0.12386564), (0.91534466, -0.20225024, -0.34819388), (0.9118666, -0.19991088, -0.35851765), (0.9487099, -0.2391328, -0.20679697), (0.949374, -0.2406225, -0.20196497), (0.5104691, 0.8526289, 0.11155856), (0.5167898, 0.8470778, 0.124046475), (0.55098635, 0.8030112, 0.2271278), (0.5502503, 0.80467415, 0.22298923), (-0.91165507, 0.19979009, 0.3591224), (-0.9151407, 0.20212536, 0.34880203), (-0.9493171, 0.24051458, 0.2023607), (-0.9486499, 0.23902468, 0.20719674), (-0.5167124, -0.8471514, -0.12386564), (-0.5103958, -0.8526934, -0.11140052), (-0.5502401, -0.8047094, -0.2228871), (-0.5509753, -0.8030511, -0.22701326), (0.949374, -0.2406225, -0.20196497), (0.9487099, -0.2391328, -0.20679697), (0.95586574, -0.2824384, -0.08092694), (0.9558346, -0.28282607, -0.07993501), (0.5502503, 0.80467415, 0.22298923), (0.55098635, 0.8030112, 0.2271278), (0.55581963, 0.76493335, 0.32548684), (0.5555479, 0.76370233, 0.32882413), (-0.9486499, 0.23902468, 0.20719674), (-0.9493171, 0.24051458, 0.2023607), (-0.95583755, 0.28276506, 0.08011608), (-0.95586854, 0.28237572, 0.081112765), (-0.5509753, -0.8030511, -0.22701326), (-0.5502401, -0.8047094, -0.2228871), (-0.5555569, -0.76369625, -0.32882294), (-0.5558297, -0.76493144, -0.32547373), (0.9558346, -0.28282607, -0.07993501), (0.95586574, -0.2824384, -0.08092694), (0.9431538, -0.3309277, 0.030787442), (0.9434991, -0.33009836, 0.029062156), (0.5555479, 0.76370233, 0.32882413), (0.55581963, 0.76493335, 0.32548684), (0.53665745, 0.7297213, 0.42368087), (0.5333866, 0.7261851, 0.43376714), (-0.95586854, 0.28237572, 0.081112765), (-0.95583755, 0.28276506, 0.08011608), (-0.94350076, 0.33009472, -0.029048493), (-0.94315696, 0.33092058, -0.03076659), (-0.5558297, -0.76493144, -0.32547373), (-0.5555569, -0.76369625, -0.32882294), (-0.53335387, -0.7261492, -0.43386757), (-0.53663224, -0.7296892, -0.4237683), (0.9434991, -0.33009836, 0.029062156), (0.9431538, -0.3309277, 0.030787442), (0.91085505, -0.38879505, 0.13849734), (0.912395, -0.3865297, 0.13464823), (0.5333866, 0.7261851, 0.43376714), (0.53665745, 0.7297213, 0.42368087), (0.4905276, 0.69377697, 0.5273104), (0.48044807, 0.6878167, 0.5441303), (-0.94315696, 0.33092058, -0.03076659), (-0.94350076, 0.33009472, -0.029048493), (-0.912343, 0.38660726, -0.13477734), (-0.9108076, 0.38886505, -0.13861258), (-0.53663224, -0.7296892, -0.4237683), (-0.53335387, -0.7261492, -0.43386757), (-0.48030815, -0.6877446, -0.544345), (-0.4904061, -0.6937104, -0.527511), (0.912395, -0.3865297, 0.13464823), (0.91085505, -0.38879505, 0.13849734), (0.85082453, -0.46271458, 0.2489838), (0.85434496, -0.45894572, 0.24385151), (0.48044807, 0.6878167, 0.5441303), (0.4905276, 0.69377697, 0.5273104), (0.40527335, 0.6528372, 0.6399664), (0.38296065, 0.6437758, 0.6624906), (-0.9108076, 0.38886505, -0.13861258), (-0.912343, 0.38660726, -0.13477734), (-0.85417724, 0.45912904, -0.24409375), (-0.85067284, 0.46287867, -0.24919683), (-0.4904061, -0.6937104, -0.527511), (-0.48030815, -0.6877446, -0.544345), (-0.38261342, -0.6436507, -0.66281277), (-0.40496072, -0.65271837, -0.64028555), (0.85434496, -0.45894572, 0.24385151), (0.85082453, -0.46271458, 0.2489838), (0.74610484, -0.5593045, 0.36125612), (0.7508095, -0.55551356, 0.35733706), (0.38296065, 0.6437758, 0.6624906), (0.40527335, 0.6528372, 0.6399664), (0.2592068, 0.6011189, 0.755955), (0.22049183, 0.5884864, 0.77786064), (-0.85067284, 0.46287867, -0.24919683), (-0.85417724, 0.45912904, -0.24409375), (-0.75051475, 0.55575156, -0.3575861), (-0.74585825, 0.55950135, -0.36146054), (-0.40496072, -0.65271837, -0.64028555), (-0.38261342, -0.6436507, -0.66281277), (-0.2199795, -0.5883325, -0.7781221), (-0.25867862, -0.6009525, -0.7562681), (0.7508095, -0.55551356, 0.35733706), (0.74610484, -0.5593045, 0.36125612), (0.5776305, -0.67592007, 0.45768452), (0.5758223, -0.6769863, 0.4583866), (0.22049183, 0.5884864, 0.77786064), (0.2592068, 0.6011189, 0.755955), (0.034044113, 0.5323346, 0.8458492), (-0.011547417, 0.5185926, 0.8549435), (-0.74585825, 0.55950135, -0.36146054), (-0.75051475, 0.55575156, -0.3575861), (-0.5760829, 0.67679495, -0.45834166), (-0.57793385, 0.6757029, -0.4576221), (-0.25867862, -0.6009525, -0.7562681), (-0.2199795, -0.5883325, -0.7781221), (0.011911041, -0.5184737, -0.85501057), (-0.0336826, -0.5322175, -0.8459374), (0.5758223, -0.6769863, 0.4583866), (0.5776305, -0.67592007, 0.45768452), (0.37375546, -0.7783229, 0.5045001), (0.35714528, -0.78540146, 0.50556093), (-0.011547417, 0.5185926, 0.8549435), (0.034044113, 0.5323346, 0.8458492), (-0.24225678, 0.4472706, 0.86096495), (-0.2728787, 0.43744177, 0.8568442), (-0.57793385, 0.6757029, -0.4576221), (-0.5760829, 0.67679495, -0.45834166), (-0.35789412, 0.7850977, -0.505503), (-0.37458736, 0.7779753, -0.50441915), (-0.0336826, -0.5322175, -0.8459374), (0.011911041, -0.5184737, -0.85501057), (0.2734879, -0.43726087, -0.85674226), (0.24261348, -0.44717392, -0.8609147), (0.35714528, -0.78540146, 0.50556093), (0.37375546, -0.7783229, 0.5045001), (0.1862402, -0.8482931, 0.49569476), (0.15871073, -0.85707784, 0.49013102), (-0.2728787, 0.43744177, 0.8568442), (-0.24225678, 0.4472706, 0.86096495), (-0.5140886, 0.3534741, 0.78151715), (-0.5275891, 0.348348, 0.77479255), (-0.37458736, 0.7779753, -0.50441915), (-0.35789412, 0.7850977, -0.505503), (-0.15886055, 0.85703903, -0.49015045), (-0.18654282, 0.8482048, -0.4957321), (0.24261348, -0.44717392, -0.8609147), (0.2734879, -0.43726087, -0.85674226), (0.5281135, -0.3481414, -0.77452797), (0.51458365, -0.35327995, -0.781279), (0.15871073, -0.85707784, 0.49013102), (0.1862402, -0.8482931, 0.49569476), (0.017275045, -0.89702064, 0.44165093), (-0.016245425, -0.9051949, 0.42468613), (-0.5275891, 0.348348, 0.77479255), (-0.5140886, 0.3534741, 0.78151715), (-0.7351338, 0.26177692, 0.62534076), (-0.7369716, 0.2609434, 0.6235233), (-0.18654282, 0.8482048, -0.4957321), (-0.15886055, 0.85703903, -0.49015045), (0.016244235, 0.9051834, -0.42471072), (-0.017230043, 0.89701724, -0.4416596), (0.51458365, -0.35327995, -0.781279), (0.5281135, -0.3481414, -0.77452797), (0.73698837, -0.26092193, -0.6235125), (0.73515767, -0.26175243, -0.625323), (-0.016245425, -0.9051949, 0.42468613), (0.017275045, -0.89702064, 0.44165093), (-0.13111359, -0.92940646, 0.34498253), (-0.15483938, -0.9338483, 0.32241604), (-0.7369716, 0.2609434, 0.6235233), (-0.7351338, 0.26177692, 0.62534076), (-0.87644815, 0.19257398, 0.44130936), (-0.87515634, 0.19324195, 0.44357517), (-0.017230043, 0.89701724, -0.4416596), (0.016244235, 0.9051834, -0.42471072), (0.1546967, 0.93382466, -0.32255292), (0.13099903, 0.9293858, -0.34508142), (0.73515767, -0.26175243, -0.625323), (0.73698837, -0.26092193, -0.6235125), (0.87496877, -0.19333306, -0.44390544), (0.8762428, -0.19267438, -0.4416731), (-0.15483938, -0.9338483, 0.32241604), (-0.13111359, -0.92940646, 0.34498253), (-0.23204277, -0.9463825, 0.224758), (-0.242026, -0.94793075, 0.20700401), (-0.87515634, 0.19324195, 0.44357517), (-0.87644815, 0.19257398, 0.44130936), (-0.9519689, 0.1509294, 0.26641244), (-0.95117396, 0.15138012, 0.2689836), (0.13099903, 0.9293858, -0.34508142), (0.1546967, 0.93382466, -0.32255292), (0.24191266, 0.9479216, -0.2071787), (0.23192716, 0.94637305, -0.2249176), (0.8762428, -0.19267438, -0.4416731), (0.87496877, -0.19333306, -0.44390544), (0.9510498, -0.15145427, -0.2693804), (0.95183706, -0.15100798, -0.26683846), (-0.242026, -0.94793075, 0.20700401), (-0.23204277, -0.9463825, 0.224758), (-0.2829991, -0.9538284, 0.10061247), (-0.28474036, -0.9541119, 0.092700236), (-0.95117396, 0.15138012, 0.2689836), (-0.9519689, 0.1509294, 0.26641244), (-0.9853933, 0.13073578, 0.10912415), (-0.9852499, 0.1308259, 0.110305324), (0.23192716, 0.94637305, -0.2249176), (0.24191266, 0.9479216, -0.2071787), (0.284701, 0.9541121, -0.0928193), (0.28295764, 0.95382863, -0.10072747), (0.95183706, -0.15100798, -0.26683846), (0.9510498, -0.15145427, -0.2693804), (0.98521924, -0.13084935, -0.110551104), (0.9853614, -0.13076009, -0.10938358), (-0.28474036, -0.9541119, 0.092700236), (-0.2829991, -0.9538284, 0.10061247), (-0.2925578, -0.95603323, -0.020256728), (-0.29273638, -0.956028, -0.017775321), (-0.9852499, 0.1308259, 0.110305324), (-0.9853933, 0.13073578, 0.10912415), (-0.9913408, 0.12599038, -0.03701036), (-0.9913223, 0.12599674, -0.037482273), (0.28295764, 0.95382863, -0.10072747), (0.284701, 0.9541121, -0.0928193), (0.29272914, 0.9560305, 0.017756665), (0.2925506, 0.95603585, 0.020241227), (0.9853614, -0.13076009, -0.10938358), (0.98521924, -0.13084935, -0.110551104), (0.9913228, -0.12600072, 0.03745641), (0.99134135, -0.12599432, 0.03698263), (-0.29273638, -0.956028, -0.017775321), (-0.2925578, -0.95603323, -0.020256728), (-0.26536807, -0.9541014, -0.13881715), (-0.2698104, -0.95452994, -0.1267868), (-0.9913223, 0.12599674, -0.037482273), (-0.9913408, 0.12599038, -0.03701036), (-0.9739226, 0.1345715, -0.18266168), (-0.97352475, 0.13477357, -0.18462281), (0.2925506, 0.95603585, 0.020241227), (0.29272914, 0.9560305, 0.017756665), (0.26977655, 0.9545278, 0.12687518), (0.26533082, 0.95409864, 0.1389078), (0.99134135, -0.12599432, 0.03698263), (0.9913228, -0.12600072, 0.03745641), (0.97348404, -0.13480037, 0.18481812), (0.9738803, -0.13459903, 0.18286672), (-0.2698104, -0.95452994, -0.1267868), (-0.26536807, -0.9541014, -0.13881715), (-0.1981024, -0.9461741, -0.25594935), (-0.2123427, -0.94814014, -0.23651822), (-0.97352475, 0.13477357, -0.18462281), (-0.9739226, 0.1345715, -0.18266168), (-0.9275127, 0.15867317, -0.3384421), (-0.9263961, 0.15923509, -0.34122497), (0.26533082, 0.95409864, 0.1389078), (0.26977655, 0.9545278, 0.12687518), (0.21223395, 0.9481262, 0.23667198), (0.19799, 0.94615936, 0.25609082), (0.9738803, -0.13459903, 0.18286672), (0.97348404, -0.13480037, 0.18481812), (0.9262458, -0.15931709, 0.3415942), (0.9273535, -0.1587597, 0.3388373), (-0.2123427, -0.94814014, -0.23651822), (-0.1981024, -0.9461741, -0.25594935), (-0.084193915, -0.92729014, -0.36475253), (-0.111233644, -0.932443, -0.343769), (-0.9263961, 0.15923509, -0.34122497), (-0.9275127, 0.15867317, -0.3384421), (-0.8353485, 0.20437743, -0.5103164), (-0.8343741, 0.20483455, -0.5117251), (0.19799, 0.94615936, 0.25609082), (0.21223395, 0.9481262, 0.23667198), (0.11107647, 0.93241006, 0.34390905), (0.08406092, 0.9272581, 0.36486483), (0.9273535, -0.1587597, 0.3388373), (0.9262458, -0.15931709, 0.3415942), (0.8341368, -0.20494576, 0.51206744), (0.8350889, -0.20449911, 0.5106923), (-0.111233644, -0.932443, -0.343769), (-0.084193915, -0.92729014, -0.36475253), (0.07199999, -0.8914618, -0.44733864), (0.038822494, -0.9000789, -0.4339941), (-0.8343741, 0.20483455, -0.5117251), (-0.8353485, 0.20437743, -0.5103164), (-0.6711826, 0.2776036, -0.68735015), (-0.6756797, 0.27574298, -0.68368334), (0.08406092, 0.9272581, 0.36486483), (0.11107647, 0.93241006, 0.34390905), (-0.038866345, 0.90005064, 0.43404877), (-0.071995705, 0.8914447, 0.44737342), (0.8350889, -0.20449911, 0.5106923), (0.8341368, -0.20494576, 0.51206744), (0.6756199, -0.27575675, 0.6837368), (0.671125, -0.27761635, 0.6874012), (0.038822494, -0.9000789, -0.4339941), (0.07199999, -0.8914618, -0.44733864), (0.24487546, -0.839062, -0.48580962), (0.22116762, -0.8470077, -0.48338675), (-0.6756797, 0.27574298, -0.68368334), (-0.6711826, 0.2776036, -0.68735015), (-0.42251396, 0.37133804, -0.82679504), (-0.4424234, 0.364496, -0.81939256), (-0.071995705, 0.8914447, 0.44737342), (-0.038866345, 0.90005064, 0.43404877), (-0.22072394, 0.8471275, 0.48337966), (-0.24432746, 0.83922464, 0.48580468), (0.671125, -0.27761635, 0.6874012), (0.6756199, -0.27575675, 0.6837368), (0.44228303, -0.3645591, 0.81944025), (0.4225447, -0.37134132, 0.8267779), (0.22116762, -0.8470077, -0.48338675), (0.24487546, -0.839062, -0.48580962), (0.37115166, -0.79248077, -0.4839634), (0.36739522, -0.7938447, -0.48459402), (-0.4424234, 0.364496, -0.81939256), (-0.42251396, 0.37133804, -0.82679504), (-0.10272953, 0.46337608, -0.88018703), (-0.14120074, 0.4540659, -0.8797082), (-0.24432746, 0.83922464, 0.48580468), (-0.22072394, 0.8471275, 0.48337966), (-0.3668286, 0.7940775, 0.4846418), (-0.37059113, 0.792711, 0.4840159), (0.4225447, -0.37134132, 0.8267779), (0.44228303, -0.3645591, 0.81944025), (0.13976184, -0.45443887, 0.87974536), (0.10147289, -0.46368405, 0.8801706), (0.36739522, -0.7938447, -0.48459402), (0.37115166, -0.79248077, -0.4839634), (0.4340146, -0.7694318, -0.46862146), (0.4366359, -0.7685871, -0.46757132), (-0.14120074, 0.4540659, -0.8797082), (-0.10272953, 0.46337608, -0.88018703), (0.27486506, 0.5224984, -0.8071212), (0.22719264, 0.51852477, -0.8243273), (-0.37059113, 0.792711, 0.4840159), (-0.3668286, 0.7940775, 0.4846418), (-0.43655008, 0.7686279, 0.4675844), (-0.43390068, 0.76948273, 0.46864325), (0.10147289, -0.46368405, 0.8801706), (0.13976184, -0.45443887, 0.87974536), (-0.2285095, -0.51862437, 0.8239006), (-0.2757426, -0.5225375, 0.8067965), (0.4366359, -0.7685871, -0.46757132), (0.4340146, -0.7694318, -0.46862146), (0.4754209, -0.75783753, -0.4468302), (0.48267543, -0.75607216, -0.44201732), (0.22719264, 0.51852477, -0.8243273), (0.27486506, 0.5224984, -0.8071212), (0.60050255, 0.5145068, -0.6121106), (0.5730604, 0.5180191, -0.635026), (-0.43390068, 0.76948273, 0.46864325), (-0.43655008, 0.7686279, 0.4675844), (-0.4827459, 0.7560523, 0.4419743), (-0.4754942, 0.7578169, 0.44678733), (-0.2757426, -0.5225375, 0.8067965), (-0.2285095, -0.51862437, 0.8239006), (-0.57248414, -0.51807296, 0.6355017), (-0.5999671, -0.5145683, 0.6125838), (0.48267543, -0.75607216, -0.44201732), (0.4754209, -0.75783753, -0.4468302), (0.52213585, -0.7490773, -0.40774664), (0.52973104, -0.74827224, -0.39934164), (0.5730604, 0.5180191, -0.635026), (0.60050255, 0.5145068, -0.6121106), (0.79425514, 0.46560213, -0.3903504), (0.7842114, 0.46952683, -0.40565643), (-0.4754942, 0.7578169, 0.44678733), (-0.4827459, 0.7560523, 0.4419743), (-0.52979296, 0.7482649, 0.39927316), (-0.5222098, 0.74906516, 0.4076742), (-0.5999671, -0.5145683, 0.6125838), (-0.57248414, -0.51807296, 0.6355017), (-0.7834751, -0.46980596, 0.40675429), (-0.79361093, -0.46586055, 0.39135087), (0.52973104, -0.74827224, -0.39934164), (0.52213585, -0.7490773, -0.40774664), (0.5633683, -0.7480674, -0.3507297), (0.56790495, -0.74861187, -0.3421466), (0.7842114, 0.46952683, -0.40565643), (0.79425514, 0.46560213, -0.3903504), (0.8885932, 0.413058, -0.1994623), (0.88599116, 0.41508666, -0.20669469), (-0.5222098, 0.74906516, 0.4076742), (-0.52979296, 0.7482649, 0.39927316), (-0.5679537, 0.748618, 0.34205234), (-0.5634253, 0.7480732, 0.35062584), (-0.79361093, -0.46586055, 0.39135087), (-0.7834751, -0.46980596, 0.40675429), (-0.8856653, -0.4153438, 0.20757304), (-0.88830626, -0.41329142, 0.20025547), (0.56790495, -0.74861187, -0.3421466), (0.5633683, -0.7480674, -0.3507297), (0.59185404, -0.75677544, -0.27748832), (0.5932086, -0.75771564, -0.27197537), (0.88599116, 0.41508666, -0.20669469), (0.8885932, 0.413058, -0.1994623), (0.9283934, 0.3692648, -0.04158198), (0.9281266, 0.3697331, -0.04334134), (-0.5634253, 0.7480732, 0.35062584), (-0.5679537, 0.748618, 0.34205234), (-0.5932534, 0.75774044, 0.2718086), (-0.5919019, 0.7568004, 0.27731803), (-0.88830626, -0.41329142, 0.20025547), (-0.8856653, -0.4153438, 0.20757304), (-0.92805076, -0.36986917, 0.043802585), (-0.9283272, -0.36938557, 0.041986104), (0.5932086, -0.75771564, -0.27197537), (0.59185404, -0.75677544, -0.27748832), (0.602076, -0.7765264, -0.18577221), (0.60208005, -0.77641654, -0.18621753), (0.9281266, 0.3697331, -0.04334134), (0.9283934, 0.3692648, -0.04158198), (0.937217, 0.33468333, 0.09803666), (0.9371587, 0.33416858, 0.100324206), (-0.5919019, 0.7568004, 0.27731803), (-0.5932534, 0.75774044, 0.2718086), (-0.6020737, 0.7764983, 0.18589646), (-0.60206914, 0.7766108, 0.18544097), (-0.9283272, -0.36938557, 0.041986104), (-0.92805076, -0.36986917, 0.043802585), (-0.9371577, -0.33421, -0.10019512), (-0.93721455, -0.33471373, -0.09795732), (0.60208005, -0.77641654, -0.18621753), (0.602076, -0.7765264, -0.18577221), (0.58298945, -0.80955714, -0.068851195), (0.58583117, -0.80658346, -0.078898974), (0.9371587, 0.33416858, 0.100324206), (0.937217, 0.33468333, 0.09803666), (0.92175114, 0.30843538, 0.23503736), (0.92049277, 0.3074654, 0.24116018), (-0.60206914, 0.7766108, 0.18544097), (-0.6020737, 0.7764983, 0.18589646), (-0.58564824, 0.8067714, 0.078332454), (-0.5827833, 0.80975604, 0.06825627), (-0.93721455, -0.33471373, -0.09795732), (-0.9371577, -0.33421, -0.10019512), (-0.9204613, -0.30745587, -0.24129231), (-0.9217079, -0.30841535, -0.23523284), (0.58583117, -0.80658346, -0.078898974), (0.58298945, -0.80955714, -0.068851195), (0.5098175, -0.8565147, 0.08042829), (0.52463466, -0.8494102, 0.0571051), (0.92049277, 0.3074654, 0.24116018), (0.92175114, 0.30843538, 0.23503736), (0.87612754, 0.29257298, 0.38314706), (0.87204254, 0.2919869, 0.39279187), (-0.5827833, 0.80975604, 0.06825627), (-0.58564824, 0.8067714, 0.078332454), (-0.52408254, 0.8496943, -0.05794077), (-0.50919574, 0.85680336, -0.081287965), (-0.9217079, -0.30841535, -0.23523284), (-0.9204613, -0.30745587, -0.24129231), (-0.8719231, -0.29197887, -0.39306298), (-0.8759682, -0.29255617, -0.38352394), (0.52463466, -0.8494102, 0.0571051), (0.5098175, -0.8565147, 0.08042829), (0.3426964, -0.9043367, 0.25442976), (0.3822553, -0.8971563, 0.22134034), (0.87204254, 0.2919869, 0.39279187), (0.87612754, 0.29257298, 0.38314706), (0.7822327, 0.2946848, 0.5488832), (0.77544355, 0.29542637, 0.55804163), (-0.50919574, 0.85680336, -0.081287965), (-0.52408254, 0.8496943, -0.05794077), (-0.3814169, 0.89732605, -0.22209744), (-0.34187305, 0.9044606, -0.25509578), (-0.8759682, -0.29255617, -0.38352394), (-0.8719231, -0.29197887, -0.39306298), (-0.7753782, -0.29541683, -0.55813754), (-0.7820731, -0.2946846, -0.54911083), (0.3822553, -0.8971563, 0.22134034), (0.3426964, -0.9043367, 0.25442976), (0.06864255, -0.9115543, 0.40540975), (0.1261961, -0.9155847, 0.38181043), (0.77544355, 0.29542637, 0.55804163), (0.7822327, 0.2946848, 0.5488832), (0.6195546, 0.3253668, 0.71434486), (0.6193106, 0.32542375, 0.7145304), (-0.34187305, 0.9044606, -0.25509578), (-0.3814169, 0.89732605, -0.22209744), (-0.12599048, 0.91554743, -0.38196775), (-0.068577714, 0.91152114, -0.40549514), (-0.7820731, -0.2946846, -0.54911083), (-0.7753782, -0.29541683, -0.55813754), (-0.61962676, -0.32531896, -0.7143039), (-0.61984587, -0.3252679, -0.7141371), (0.1261961, -0.9155847, 0.38181043), (0.06864255, -0.9115543, 0.40540975), (-0.23769477, -0.84749556, 0.4746076), (-0.1969966, -0.8599762, 0.47077942), (0.6193106, 0.32542375, 0.7145304), (0.6195546, 0.3253668, 0.71434486), (0.40331227, 0.38292292, 0.8310892), (0.4218833, 0.37742686, 0.8243563), (-0.068577714, 0.91152114, -0.40549514), (-0.12599048, 0.91554743, -0.38196775), (0.19622695, 0.8601994, -0.47069302), (0.23703411, 0.8477086, -0.47455764), (-0.61984587, -0.3252679, -0.7141371), (-0.61962676, -0.32531896, -0.7143039), (-0.42244282, -0.3772768, -0.8241385), (-0.4039458, -0.38274866, -0.83086175), (-0.1969966, -0.8599762, 0.47077942), (-0.23769477, -0.84749556, 0.4746076), (-0.48722616, -0.74066335, 0.46263203), (-0.47173408, -0.74881715, 0.46555328), (0.4218833, 0.37742686, 0.8243563), (0.40331227, 0.38292292, 0.8310892), (0.18307242, 0.4512771, 0.8734033), (0.21646532, 0.44024286, 0.8713949), (0.23703411, 0.8477086, -0.47455764), (0.19622695, 0.8601994, -0.47069302), (0.47122067, 0.74910337, -0.46561283), (0.4868177, 0.7409003, -0.4626827), (-0.4039458, -0.38274866, -0.83086175), (-0.42244282, -0.3772768, -0.8241385), (-0.21675362, -0.44017106, -0.87135947), (-0.18332803, -0.45121437, -0.87338215), (-0.47173408, -0.74881715, 0.46555328), (-0.48722616, -0.74066335, 0.46263203), (-0.66881657, -0.62562114, 0.40159994), (-0.665148, -0.6283386, 0.40344614), (0.21646532, 0.44024286, 0.8713949), (0.18307242, 0.4512771, 0.8734033), (-0.021780854, 0.52302426, 0.85203946), (0.019082714, 0.5080036, 0.8611435), (0.4868177, 0.7409003, -0.4626827), (0.47122067, 0.74910337, -0.46561283), (0.6650109, 0.62843233, -0.40352604), (0.66869867, 0.62570125, -0.40167147), (-0.18332803, -0.45121437, -0.87338215), (-0.21675362, -0.44017106, -0.87135947), (-0.0191939, -0.50795543, -0.86116946), (0.021583172, -0.5229452, -0.852093), (-0.665148, -0.6283386, 0.40344614), (-0.66881657, -0.62562114, 0.40159994), (-0.7966342, -0.5163416, 0.31426948), (-0.79708856, -0.5158952, 0.31385034), (0.019082714, 0.5080036, 0.8611435), (-0.021780854, 0.52302426, 0.85203946), (-0.18670036, 0.5887696, 0.7864435), (-0.15550652, 0.57505345, 0.80320066), (0.66869867, 0.62570125, -0.40167147), (0.6650109, 0.62843233, -0.40352604), (0.7969436, 0.5160336, -0.31399083), (0.7965154, 0.51645416, -0.31438568), (0.021583172, -0.5229452, -0.852093), (-0.0191939, -0.50795543, -0.86116946), (0.15522, -0.5749449, -0.8033337), (0.18641873, -0.5886564, -0.786595), (-0.79708856, -0.5158952, 0.31385034), (-0.7966342, -0.5163416, 0.31426948), (-0.87902963, -0.42383313, 0.21834032), (-0.87976253, -0.42288145, 0.2172308), (-0.15550652, 0.57505345, 0.80320066), (-0.18670036, 0.5887696, 0.7864435), (-0.29688698, 0.64376134, 0.7052868), (-0.2788513, 0.63339233, 0.7218421), (0.7965154, 0.51645416, -0.31438568), (0.7969436, 0.5160336, -0.31399083), (0.879685, 0.42298302, -0.21734692), (0.8789649, 0.42391783, -0.2184366), (0.18641873, -0.5886564, -0.786595), (0.15522, -0.5749449, -0.8033337), (0.27865633, -0.6332975, -0.72200066), (0.29670972, -0.6436695, -0.70544523), (-0.87976253, -0.42288145, 0.2172308), (-0.87902963, -0.42383313, 0.21834032), (-0.9297888, -0.3472765, 0.1220313), (-0.93002874, -0.34684306, 0.121435165), (-0.2788513, 0.63339233, 0.7218421), (-0.29688698, 0.64376134, 0.7052868), (-0.36390573, 0.6900612, 0.6256102), (-0.3556557, 0.68310624, 0.6378674), (0.8789649, 0.42391783, -0.2184366), (0.879685, 0.42298302, -0.21734692), (0.93000966, 0.3468796, -0.121476404), (0.92977536, 0.34730312, -0.1220589), (0.29670972, -0.6436695, -0.70544523), (0.27865633, -0.6332975, -0.72200066), (0.35556298, -0.68303585, -0.6379944), (0.36382627, -0.689994, -0.62573063), (-0.93002874, -0.34684306, 0.121435165), (-0.9297888, -0.3472765, 0.1220313), (-0.9594287, -0.2808854, 0.024491688), (-0.959317, -0.2812205, 0.0250195), (-0.3556557, 0.68310624, 0.6378674), (-0.36390573, 0.6900612, 0.6256102), (-0.40080276, 0.73081803, 0.5525053), (-0.39822623, 0.72690535, 0.55948585), (0.92977536, 0.34730312, -0.1220589), (0.93000966, 0.3468796, -0.121476404), (0.9593283, 0.2811873, -0.024956573), (0.9594423, 0.2808455, -0.024418106), (0.36382627, -0.689994, -0.62573063), (0.35556298, -0.68303585, -0.6379944), (0.39820406, -0.72686255, -0.5595573), (0.4007861, -0.7307804, -0.5525672), (-0.959317, -0.2812205, 0.0250195), (-0.9594287, -0.2808854, 0.024491688), (-0.9725676, -0.21833652, -0.08025855), (-0.9724664, -0.2195838, -0.07805114), (-0.39822623, 0.72690535, 0.55948585), (-0.40080276, 0.73081803, 0.5525053), (-0.4159362, 0.7689385, 0.4855211), (-0.41577905, 0.7679477, 0.48722088), (0.9594423, 0.2808455, -0.024418106), (0.9593283, 0.2811873, -0.024956573), (0.97247565, 0.21946788, 0.078261666), (0.9725767, 0.21821378, 0.08048153), (0.4007861, -0.7307804, -0.5525672), (0.39820406, -0.72686255, -0.5595573), (0.4157769, -0.7679324, -0.48724675), (0.41593423, -0.7689265, -0.4855416), (-0.9724664, -0.2195838, -0.07805114), (-0.9725676, -0.21833652, -0.08025855), (-0.9673195, -0.15369381, -0.2016709), (-0.967916, -0.15613787, -0.19687434), (-0.41577905, 0.7679477, 0.48722088), (-0.4159362, 0.7689385, 0.4855211), (-0.41253516, 0.80695117, 0.42266366), (-0.4117797, 0.8091915, 0.41910198), (0.9725767, 0.21821378, 0.08048153), (0.97247565, 0.21946788, 0.078261666), (0.9678612, 0.15591715, 0.1973185), (0.9672592, 0.15346415, 0.20213452), (0.41593423, -0.7689265, -0.4855416), (0.4157769, -0.7679324, -0.48724675), (0.41176942, -0.8091898, -0.41911554), (0.41252363, -0.8069537, -0.42267016), (-0.967916, -0.15613787, -0.19687434), (-0.9673195, -0.15369381, -0.2016709), (-0.9324295, -0.08138022, -0.35206902), (-0.9353164, -0.085439734, -0.34334156), (-0.4117797, 0.8091915, 0.41910198), (-0.41253516, 0.80695117, 0.42266366), (-0.38921106, 0.84679806, 0.3625573), (-0.3841543, 0.8525822, 0.35430086), (0.9672592, 0.15346415, 0.20213452), (0.9678612, 0.15591715, 0.1973185), (0.9350814, 0.085114524, 0.34406155), (0.9321773, 0.08104555, 0.35281312), (0.41252363, -0.8069537, -0.42267016), (0.41176942, -0.8091898, -0.41911554), (0.38414815, -0.8525874, -0.35429487), (0.38919735, -0.84680974, -0.36254478), (-0.9353164, -0.085439734, -0.34334156), (-0.9324295, -0.08138022, -0.35206902), (-0.8406674, 0.0024679261, -0.5415461), (-0.84902614, -0.0032726438, -0.5283408), (-0.3841543, 0.8525822, 0.35430086), (-0.38921106, 0.84679806, 0.3625573), (-0.3410982, 0.8886684, 0.30646428), (-0.32869428, 0.8966894, 0.29649302), (0.9321773, 0.08104555, 0.35281312), (0.9350814, 0.085114524, 0.34406155), (0.84859025, 0.0029672969, 0.5290423), (0.8402146, -0.002772118, 0.5422469), (0.38919735, -0.84680974, -0.36254478), (0.38414815, -0.8525874, -0.35429487), (0.32870555, -0.8966791, -0.29651186), (0.341095, -0.88867027, -0.30646256), (-0.84902614, -0.0032726438, -0.5283408), (-0.8406674, 0.0024679261, -0.5415461), (-0.6483908, 0.09369456, -0.7555201), (-0.66447896, 0.08790258, -0.74211913), (-0.32869428, 0.8966894, 0.29649302), (-0.3410982, 0.8886684, 0.30646428), (-0.26529622, 0.9282548, 0.26069325), (-0.24924138, 0.9344515, 0.25432095), (0.8402146, -0.002772118, 0.5422469), (0.84859025, 0.0029672969, 0.5290423), (0.66441166, -0.08795087, 0.74217373), (0.6483351, -0.09373847, 0.75556254), (0.341095, -0.88867027, -0.30646256), (0.32870555, -0.8966791, -0.29651186), (0.24931371, -0.9344275, -0.25433835), (0.2653494, -0.92823297, -0.26071677), (-0.66447896, 0.08790258, -0.74211913), (-0.6483908, 0.09369456, -0.7555201), (-0.33935004, 0.17146972, -0.9248999), (-0.35553277, 0.16859323, -0.9193328), (-0.24924138, 0.9344515, 0.25432095), (-0.26529622, 0.9282548, 0.26069325), (-0.17274587, 0.95651567, 0.23502485), (-0.16338949, 0.9584472, 0.23384373), (0.6483351, -0.09373847, 0.75556254), (0.66441166, -0.08795087, 0.74217373), (0.3566133, -0.16840596, 0.9189485), (0.34017575, -0.17133309, 0.9246218), (0.2653494, -0.92823297, -0.26071677), (0.24931371, -0.9344275, -0.25433835), (0.16356698, -0.95841414, -0.23385489), (0.17291793, -0.95648205, -0.23503509), (-0.35553277, 0.16859323, -0.9193328), (-0.33935004, 0.17146972, -0.9248999), (0.014845964, 0.21484427, -0.9765355), (0.0048547224, 0.21411256, -0.9767969), (-0.16338949, 0.9584472, 0.23384373), (-0.17274587, 0.95651567, 0.23502485), (-0.12477587, 0.9649984, 0.23067087), (-0.12476506, 0.965004, 0.23065324), (0.34017575, -0.17133309, 0.9246218), (0.3566133, -0.16840596, 0.9189485), (-0.004086851, -0.21405268, 0.9768136), (-0.014565019, -0.21482173, 0.9765446), (0.17291793, -0.95648205, -0.23503509), (0.16356698, -0.95841414, -0.23385489), (0.12478089, -0.96499735, -0.23067275), (0.124789655, -0.96499205, -0.23069008), (0.0048547224, 0.21411256, -0.9767969), (0.014845964, 0.21484427, -0.9765355), (0.35123354, 0.23032504, -0.90751606), (0.33952892, 0.23010445, -0.9120154), (-0.12476506, 0.965004, 0.23065324), (-0.12477587, 0.9649984, 0.23067087), (-0.1724184, 0.9593131, 0.22358495), (-0.16354604, 0.9604458, 0.22538088), (-0.014565019, -0.21482173, 0.9765446), (-0.004086851, -0.21405268, 0.9768136), (-0.3397703, -0.23011498, 0.9119228), (-0.3516545, -0.2303386, 0.9073495), (0.124789655, -0.96499205, -0.23069008), (0.12478089, -0.96499735, -0.23067275), (0.1634219, -0.9604676, -0.22537832), (0.17231157, -0.959334, -0.22357792), (0.33952892, 0.23010445, -0.9120154), (0.35123354, 0.23032504, -0.90751606), (0.62963986, 0.23058966, -0.74187744), (0.61848104, 0.23076467, -0.75115174), (-0.16354604, 0.9604458, 0.22538088), (-0.1724184, 0.9593131, 0.22358495), (-0.25446555, 0.94728494, 0.1946754), (-0.24127217, 0.9494034, 0.20104949), (-0.3516545, -0.2303386, 0.9073495), (-0.3397703, -0.23011498, 0.9119228), (-0.6185067, -0.2307614, 0.7511316), (-0.6296445, -0.23058629, 0.7418745), (0.17231157, -0.959334, -0.22357792), (0.1634219, -0.9604676, -0.22537832), (0.24126954, -0.9494089, -0.20102666), (0.25447023, -0.94728774, -0.19465567), (0.61848104, 0.23076467, -0.75115174), (0.62963986, 0.23058966, -0.74187744), (0.81221044, 0.2246532, -0.5383727), (0.80591905, 0.22493239, -0.5476312), (-0.24127217, 0.9494034, 0.20104949), (-0.25446555, 0.94728494, 0.1946754), (-0.31913006, 0.9355933, 0.15106691), (-0.30834168, 0.9376721, 0.16030103), (-0.6296445, -0.23058629, 0.7418745), (-0.6185067, -0.2307614, 0.7511316), (-0.8057285, -0.22493823, 0.5479091), (-0.81201464, -0.22465946, 0.53866535), (0.25447023, -0.94728774, -0.19465567), (0.24126954, -0.9494089, -0.20102666), (0.3083616, -0.93766785, -0.16028774), (0.31915188, -0.9355884, -0.15105048), (0.80591905, 0.22493239, -0.5476312), (0.81221044, 0.2246532, -0.5383727), (0.9135267, 0.21872237, -0.3429714), (0.91109604, 0.21887901, -0.3492791), (-0.30834168, 0.9376721, 0.16030103), (-0.31913006, 0.9355933, 0.15106691), (-0.3618892, 0.92669106, 0.10138999), (-0.35638714, 0.9278762, 0.1097), (-0.81201464, -0.22465946, 0.53866535), (-0.8057285, -0.22493823, 0.5479091), (-0.91096914, -0.21888705, 0.3496051), (-0.9134016, -0.21873024, 0.34329954), (0.31915188, -0.9355884, -0.15105048), (0.3083616, -0.93766785, -0.16028774), (0.35640535, -0.9278713, -0.10968187), (0.361909, -0.92668563, -0.101368584), (0.91109604, 0.21887901, -0.3492791), (0.9135267, 0.21872237, -0.3429714), (0.9623929, 0.21504624, -0.1659969), (0.96185774, 0.215087, -0.16901885), (-0.35638714, 0.9278762, 0.1097), (-0.3618892, 0.92669106, 0.10138999), (-0.38522843, 0.9214332, 0.05059514), (-0.3837984, 0.9217599, 0.055295933), (-0.9134016, -0.21873024, 0.34329954), (-0.91096914, -0.21888705, 0.3496051), (-0.9618273, -0.21508828, 0.16919011), (-0.96236324, -0.21504743, 0.16616705), (0.361909, -0.92668563, -0.101368584), (0.35640535, -0.9278713, -0.10968187), (0.38381866, -0.92175215, -0.055282943), (0.38524944, -0.92142516, -0.05058273), (0.96185774, 0.215087, -0.16901885), (0.9623929, 0.21504624, -0.1659969), (0.97686833, 0.21384151, 0.00020739606), (0.9768684, 0.2138415, 0.00021218532), (-0.3837984, 0.9217599, 0.055295933), (-0.38522843, 0.9214332, 0.05059514), (-0.39258412, 0.9197161, -0.00007697603), (-0.3925841, 0.9197161, -0.000083852865), (-0.96236324, -0.21504743, 0.16616705), (-0.9618273, -0.21508828, 0.16919011), (-0.9768684, -0.21384114, -0.00025761445), (-0.9768684, -0.21384113, -0.0002538308), (0.38524944, -0.92142516, -0.05058273), (0.38381866, -0.92175215, -0.055282943), (0.39259586, -0.9197111, 0.00007612674), (0.3925959, -0.9197111, 0.000068796115), (0.9768684, 0.2138415, 0.00021218532), (0.97686833, 0.21384151, 0.00020739606), (0.9619836, 0.2150768, 0.16831325), (0.96142125, 0.2151187, 0.17144439), (-0.3925841, 0.9197161, -0.000083852865), (-0.39258412, 0.9197161, -0.00007697603), (-0.38503966, 0.92147547, -0.051259346), (-0.3835446, 0.9218154, -0.056123365), (-0.9768684, -0.21384113, -0.0002538308), (-0.9768684, -0.21384114, -0.00025761445), (-0.9613706, -0.21512476, -0.17172043), (-0.96193415, -0.21508281, -0.16858906), (0.3925959, -0.9197111, 0.000068796115), (0.39259586, -0.9197111, 0.00007612674), (0.38355285, -0.9218129, 0.05610888), (0.3850473, -0.9214732, 0.051242314), (0.96142125, 0.2151187, 0.17144439), (0.9619836, 0.2150768, 0.16831325), (0.91036123, 0.2189422, 0.3511507), (0.9077108, 0.21910943, 0.35784388), (-0.3835446, 0.9218154, -0.056123365), (-0.38503966, 0.92147547, -0.051259346), (-0.36053103, 0.92698926, -0.10348037), (-0.35460073, 0.9282592, -0.112219185), (-0.96193415, -0.21508281, -0.16858906), (-0.9613706, -0.21512476, -0.17172043), (-0.9075389, -0.21912184, -0.35827193), (-0.9101907, -0.21895464, -0.35158464), (0.3850473, -0.9214732, 0.051242314), (0.38355285, -0.9218129, 0.05610888), (0.35462523, -0.9282512, 0.11220772), (0.3605549, -0.9269817, 0.10346556), (0.9077108, 0.21910943, 0.35784388), (0.91036123, 0.2189422, 0.3511507), (0.8002332, 0.22522943, 0.55578655), (0.7932336, 0.22552288, 0.56561464), (-0.35460073, 0.9282592, -0.112219185), (-0.36053103, 0.92698926, -0.10348037), (-0.3146861, 0.9364675, -0.15492375), (-0.30302644, 0.93868476, -0.1644565), (-0.9101907, -0.21895464, -0.35158464), (-0.9075389, -0.21912184, -0.35827193), (-0.7930071, -0.2255258, -0.56593096), (-0.7999977, -0.22523324, -0.5561239), (0.3605549, -0.9269817, 0.10346556), (0.35462523, -0.9282512, 0.11220772), (0.3030524, -0.93867534, 0.16446277), (0.31471747, -0.9364572, 0.15492132), (0.7932336, 0.22552288, 0.56561464), (0.8002332, 0.22522943, 0.55578655), (0.5988849, 0.23109391, 0.7667676), (0.5867701, 0.23123199, 0.7760365), (-0.30302644, 0.93868476, -0.1644565), (-0.3146861, 0.9364675, -0.15492375), (-0.24491937, 0.9488416, -0.19928423), (-0.23132434, 0.950962, -0.20532991), (-0.7999977, -0.22523324, -0.5561239), (-0.7930071, -0.2255258, -0.56593096), (-0.5868695, -0.23121773, -0.7759656), (-0.5989588, -0.23107958, -0.7667141), (0.31471747, -0.9364572, 0.15492132), (0.3030524, -0.93867534, 0.16446277), (0.23131964, -0.95095795, 0.20535396), (0.24492158, -0.94883627, 0.19930682), (0.5867701, 0.23123199, 0.7760365), (0.5988849, 0.23109391, 0.7667676), (0.29665464, 0.22926313, 0.92705685), (0.28508893, 0.22898239, 0.93074775), (-0.23132434, 0.950962, -0.20532991), (-0.24491937, 0.9488416, -0.19928423), (-0.15798602, 0.9608042, -0.22780608), (-0.15015256, 0.9616998, -0.22932006), (-0.5989588, -0.23107958, -0.7667141), (-0.5868695, -0.23121773, -0.7759656), (-0.28577882, -0.22899629, -0.93053275), (-0.29729173, -0.22927472, -0.9268499), (0.24492158, -0.94883627, 0.19930682), (0.23131964, -0.95095795, 0.20535396), (0.15020643, -0.96168894, 0.22933045), (0.15801756, -0.9607955, 0.22782122), (0.28508893, 0.22898239, 0.93074775), (0.29665464, 0.22926313, 0.92705685), (-0.046865, 0.21548682, 0.97538155), (-0.0493822, 0.21535091, 0.9752873), (-0.15015256, 0.9616998, -0.22932006), (-0.15798602, 0.9608042, -0.22780608), (-0.054344423, 0.9700036, -0.23693809), (-0.05576393, 0.9699221, -0.23694201), (-0.29729173, -0.22927472, -0.9268499), (-0.28577882, -0.22899629, -0.93053275), (0.049127292, -0.21539116, -0.9752913), (0.04673925, -0.21552, -0.9753802), (0.15801756, -0.9607955, 0.22782122), (0.15020643, -0.96168894, 0.22933045), (0.055985074, -0.96990794, 0.23694812), (0.054566026, -0.96998966, 0.23694444), (-0.0493822, 0.21535091, 0.9752873), (-0.046865, 0.21548682, 0.97538155), (-0.37533376, 0.19600584, 0.90592843), (-0.36647293, 0.19658412, 0.9094242), (-0.05576393, 0.9699221, -0.23694201), (-0.054344423, 0.9700036, -0.23693809), (0.08304614, 0.97212946, -0.2192434), (0.06680409, 0.9725806, -0.2227647), (0.04673925, -0.21552, -0.9753802), (0.049127292, -0.21539116, -0.9752913), (0.36674756, -0.19656666, -0.9093172), (0.37570408, -0.19598174, -0.9057801), (0.054566026, -0.96998966, 0.23694444), (0.055985074, -0.96990794, 0.23694812), (-0.06658462, -0.97258765, 0.22280005), (-0.08284153, -0.9721374, 0.21928555), (-0.36647293, 0.19658412, 0.9094242), (-0.37533376, 0.19600584, 0.90592843), (-0.6453023, 0.17961381, 0.7425118), (-0.63246304, 0.18024099, 0.7533284), (0.06680409, 0.9725806, -0.2227647), (0.08304614, 0.97212946, -0.2192434), (0.22851479, 0.95920527, -0.16645198), (0.20540823, 0.96239775, -0.17775832), (0.37570408, -0.19598174, -0.9057801), (0.36674756, -0.19656666, -0.9093172), (0.6323884, -0.18023339, -0.7533929), (0.64521575, -0.17960675, -0.74258876), (-0.08284153, -0.9721374, 0.21928555), (-0.06658462, -0.97258765, 0.22280005), (-0.20536554, -0.96240216, 0.17778373), (-0.2284964, -0.9592081, 0.16646117), (-0.63246304, 0.18024099, 0.7533284), (-0.6453023, 0.17961381, 0.7425118), (-0.81880695, 0.1747723, 0.5468179), (-0.81041116, 0.17464074, 0.5592266), (0.20540823, 0.96239775, -0.17775832), (0.22851479, 0.95920527, -0.16645198), (0.34220028, 0.93546027, -0.088391095), (0.32434213, 0.9401984, -0.1040628), (0.64521575, -0.17960675, -0.74258876), (0.6323884, -0.18023339, -0.7533929), (0.81016415, -0.17463662, -0.55958563), (0.8185586, -0.17476636, -0.54719156), (-0.2284964, -0.9592081, 0.16646117), (-0.20536554, -0.96240216, 0.17778373), (-0.32436576, -0.9401928, 0.104039855), (-0.34223655, -0.9354504, 0.088356435), (-0.81041116, 0.17464074, 0.5592266), (-0.81880695, 0.1747723, 0.5468179), (-0.9133845, 0.18195486, 0.3641719), (-0.9097741, 0.18127304, 0.3734315), (0.32434213, 0.9401984, -0.1040628), (0.34220028, 0.93546027, -0.088391095), (0.41637778, 0.90919167, 0.0001524696), (0.40776643, 0.9129893, -0.013309988), (0.8185586, -0.17476636, -0.54719156), (0.81016415, -0.17463662, -0.55958563), (0.90962017, -0.18124981, -0.37381783), (0.9132369, -0.18193062, -0.3645541), (-0.34223655, -0.9354504, 0.088356435), (-0.32436576, -0.9401928, 0.104039855), (-0.40778723, -0.9129804, 0.013282632), (-0.41640338, -0.9091799, -0.00019122519), (-0.9097741, 0.18127304, 0.3734315), (-0.9133845, 0.18195486, 0.3641719), (-0.95873266, 0.19847418, 0.20356748), (-0.9577562, 0.19776136, 0.20879066), (0.40776643, 0.9129893, -0.013309988), (0.41637778, 0.90919167, 0.0001524696), (0.45689398, 0.88481003, 0.091427855), (0.45475903, 0.88663125, 0.0841387), (0.9132369, -0.18193062, -0.3645541), (0.90962017, -0.18124981, -0.37381783), (0.9577119, -0.1977343, -0.20901942), (0.95869154, -0.19844787, -0.20378675), (-0.41640338, -0.9091799, -0.00019122519), (-0.40778723, -0.9129804, 0.013282632), (-0.45476922, -0.8866255, -0.08414293), (-0.4569059, -0.8848032, -0.091435045), (-0.9577562, 0.19776136, 0.20879066), (-0.95873266, 0.19847418, 0.20356748), (-0.97310174, 0.22306086, 0.05759196), (-0.97308004, 0.22274038, 0.059176564), (0.45475903, 0.88663125, 0.0841387), (0.45689398, 0.88481003, 0.091427855), (0.47010076, 0.8630419, 0.18483515), (0.47010338, 0.86293983, 0.18530455), (0.95869154, -0.19844787, -0.20378675), (0.9577119, -0.1977343, -0.20901942), (0.9730785, -0.22273506, -0.05922237), (0.9731004, -0.223058, -0.057625655), (-0.4569059, -0.8848032, -0.091435045), (-0.45476922, -0.8866255, -0.08414293), (-0.4701125, -0.86294645, -0.18525033), (-0.4701099, -0.8630481, -0.18478286), (-0.97308004, 0.22274038, 0.059176564), (-0.97310174, 0.22306086, 0.05759196), (-0.96267134, 0.2571024, -0.08463048), (-0.9623839, 0.25758943, -0.08639913), (0.47010338, 0.86293983, 0.18530455), (0.47010076, 0.8630419, 0.18483515), (0.45709828, 0.84314185, 0.28314838), (0.45459634, 0.84140205, 0.2922066), (0.9731004, -0.223058, -0.057625655), (0.9730785, -0.22273506, -0.05922237), (0.9623625, -0.25762865, 0.08652093), (0.96264756, -0.25714588, 0.0847681), (-0.4701099, -0.8630481, -0.18478286), (-0.4701125, -0.86294645, -0.18525033), (-0.45462966, -0.8414242, -0.29209098), (-0.45712888, -0.8431635, -0.2830346), (-0.9623839, 0.25758943, -0.08639913), (-0.96267134, 0.2571024, -0.08463048), (-0.9234759, 0.3047169, -0.23310915), (-0.92164356, 0.30648476, -0.2379922), (0.45459634, 0.84140205, 0.2922066), (0.45709828, 0.84314185, 0.28314838), (0.41216496, 0.82383865, 0.38911432), (0.40156785, 0.8206371, 0.40656856), (0.96264756, -0.25714588, 0.0847681), (0.9623625, -0.25762865, 0.08652093), (0.9215529, -0.3065737, 0.23822854), (0.9233776, -0.30481446, 0.23337105), (-0.45712888, -0.8431635, -0.2830346), (-0.45462966, -0.8414242, -0.29209098), (-0.401685, -0.82066333, -0.40639997), (-0.41226962, -0.82386655, -0.38894418), (-0.92164356, 0.30648476, -0.2379922), (-0.9234759, 0.3047169, -0.23310915), (-0.8408437, 0.37189084, -0.39329258), (-0.836397, 0.37496272, -0.39980385), (0.40156785, 0.8206371, 0.40656856), (0.41216496, 0.82383865, 0.38911432), (0.32303292, 0.80296767, 0.5008918), (0.29930133, 0.7982348, 0.52272356), (0.9233776, -0.30481446, 0.23337105), (0.9215529, -0.3065737, 0.23822854), (0.8362564, -0.37505123, 0.4000148), (0.8406814, -0.371996, 0.39354017), (-0.41226962, -0.82386655, -0.38894418), (-0.401685, -0.82066333, -0.40639997), (-0.2994709, -0.79826003, -0.52258795), (-0.32321188, -0.8029965, -0.50073016), (-0.836397, 0.37496272, -0.39980385), (-0.8408437, 0.37189084, -0.39329258), (-0.6907583, 0.4614536, -0.55669886), (-0.6859286, 0.46391317, -0.5606128), (0.29930133, 0.7982348, 0.52272356), (0.32303292, 0.80296767, 0.5008918), (0.17743675, 0.7764146, 0.6047286), (0.1435437, 0.7702146, 0.62142146), (0.8406814, -0.371996, 0.39354017), (0.8362564, -0.37505123, 0.4000148), (0.6859275, -0.46389115, 0.56063205), (0.6907333, -0.461444, 0.55673784), (-0.32321188, -0.8029965, -0.50073016), (-0.2994709, -0.79826003, -0.52258795), (-0.143604, -0.77022177, -0.6213987), (-0.17753498, -0.7764293, -0.6046807), (-0.6859286, 0.46391317, -0.5606128), (-0.6907583, 0.4614536, -0.55669886), (-0.4589342, 0.5610275, -0.6889322), (-0.4630109, 0.5595681, -0.68738955), (0.1435437, 0.7702146, 0.62142146), (0.17743675, 0.7764146, 0.6047286), (-0.017290276, 0.7394888, 0.6729468), (-0.045611605, 0.7336737, 0.6779694), (0.6907333, -0.461444, 0.55673784), (0.6859275, -0.46389115, 0.56063205), (0.4632293, -0.55947524, 0.687318), (0.45919612, -0.56091964, 0.68884546), (-0.17753498, -0.7764293, -0.6046807), (-0.143604, -0.77022177, -0.6213987), (0.04578289, -0.7336384, -0.67799604), (0.017443743, -0.7394568, -0.672978), (-0.4630109, 0.5595681, -0.68738955), (-0.4589342, 0.5610275, -0.6889322), (-0.16889663, 0.6427597, -0.7472175), (-0.1891483, 0.6383536, -0.74614185), (-0.045611605, 0.7336737, 0.6779694), (-0.017290276, 0.7394888, 0.6729468), (-0.21918021, 0.6943764, 0.68542063), (-0.22917189, 0.69198555, 0.68457013), (0.45919612, -0.56091964, 0.68884546), (0.4632293, -0.55947524, 0.687318), (0.18895334, -0.63840795, 0.7461447), (0.16865079, -0.642823, 0.74721855), (0.017443743, -0.7394568, -0.672978), (0.04578289, -0.7336384, -0.67799604), (0.22924858, -0.69194776, -0.68458265), (0.21926619, -0.69433683, -0.68543315), (-0.1891483, 0.6383536, -0.74614185), (-0.16889663, 0.6427597, -0.7472175), (0.15604277, 0.68818146, -0.70855975), (0.11844136, 0.6855211, -0.7183539), (-0.22917189, 0.69198555, 0.68457013), (-0.21918021, 0.6943764, 0.68542063), (-0.40378493, 0.64805734, 0.6457394), (-0.39750665, 0.6497145, 0.64796555), (0.16865079, -0.642823, 0.74721855), (0.18895334, -0.63840795, 0.7461447), (-0.118937075, -0.68553823, 0.7182557), (-0.15650152, -0.68818724, 0.70845294), (0.21926619, -0.69433683, -0.68543315), (0.22924858, -0.69194776, -0.68458265), (0.3974007, -0.6497328, -0.6480123), (0.40364915, -0.64808357, -0.64579797), (0.11844136, 0.6855211, -0.7183539), (0.15604277, 0.68818146, -0.70855975), (0.4537929, 0.68335694, -0.5719225), (0.4183836, 0.6865378, -0.5946604), (-0.39750665, 0.6497145, 0.64796555), (-0.40378493, 0.64805734, 0.6457394), (-0.5653183, 0.604967, 0.56074077), (-0.55007577, 0.6089874, 0.57144636), (-0.15650152, -0.68818724, 0.70845294), (-0.118937075, -0.68553823, 0.7182557), (-0.4182962, -0.6865191, 0.59474343), (-0.45364767, -0.6833456, 0.57205117), (0.40364915, -0.64808357, -0.64579797), (0.3974007, -0.6497328, -0.6480123), (0.5500376, -0.60899466, -0.5714754), (0.5653074, -0.60496664, -0.5607522), (0.4183836, 0.6865378, -0.5946604), (0.4537929, 0.68335694, -0.5719225), (0.6556523, 0.6461671, -0.39062536), (0.63596624, 0.6514029, -0.41378888), (-0.55007577, 0.6089874, 0.57144636), (-0.5653183, 0.604967, 0.56074077), (-0.6828785, 0.5753083, 0.45021918), (-0.67035204, 0.57808346, 0.46523935), (-0.45364767, -0.6833456, 0.57205117), (-0.4182962, -0.6865191, 0.59474343), (-0.6356421, -0.65147614, 0.41417122), (-0.6553298, -0.64624923, 0.39103034), (0.5653074, -0.60496664, -0.5607522), (0.5500376, -0.60899466, -0.5714754), (0.67041165, -0.57806635, -0.46517482), (0.682957, -0.57528967, -0.4501238), (0.63596624, 0.6514029, -0.41378888), (0.6556523, 0.6461671, -0.39062536), (0.7679755, 0.6037103, -0.21388656), (0.76068664, 0.60730714, -0.22920272), (-0.67035204, 0.57808346, 0.46523935), (-0.6828785, 0.5753083, 0.45021918), (-0.75514615, 0.5625787, 0.3365405), (-0.7489804, 0.563152, 0.34912482), (-0.6553298, -0.64624923, 0.39103034), (-0.6356421, -0.65147614, 0.41417122), (-0.760481, -0.6074108, 0.22960971), (-0.7677832, -0.60381275, 0.21428719), (0.682957, -0.57528967, -0.4501238), (0.67041165, -0.57806635, -0.46517482), (0.74902403, -0.5631489, -0.34903628), (0.7551928, -0.5625768, -0.33643883), (0.76068664, 0.60730714, -0.22920272), (0.7679755, 0.6037103, -0.21388656), (0.8218155, 0.56710935, -0.05483049), (0.8203436, 0.5685522, -0.061520875), (-0.7489804, 0.563152, 0.34912482), (-0.75514615, 0.5625787, 0.3365405), (-0.79357016, 0.56414366, 0.22800967), (-0.79183865, 0.5636303, 0.23518607), (-0.7677832, -0.60381275, 0.21428719), (-0.760481, -0.6074108, 0.22960971), (-0.8202806, -0.56861573, 0.06177168), (-0.8217578, -0.5671697, 0.055069517), (0.7551928, -0.5625768, -0.33643883), (0.74902403, -0.5631489, -0.34903628), (0.7918446, -0.5636319, -0.23516183), (0.79357755, -0.5641454, -0.22797969), (0.8203436, 0.5685522, -0.061520875), (0.8218155, 0.56710935, -0.05483049), (0.8382752, 0.53737956, 0.0922931), (0.8382827, 0.5372006, 0.093261085), (-0.79183865, 0.5636303, 0.23518607), (-0.79357016, 0.56414366, 0.22800967), (-0.8071234, 0.5774878, 0.12271781), (-0.8070957, 0.5772877, 0.123836435), (-0.8217578, -0.5671697, 0.055069517), (-0.8202806, -0.56861573, 0.06177168), (-0.8382802, -0.5372126, -0.09321425), (-0.83827263, -0.53739005, -0.09225482), (0.79357755, -0.5641454, -0.22797969), (0.7918446, -0.5636319, -0.23516183), (0.80709946, -0.57726973, -0.12389575), (0.8071274, -0.5774702, -0.122774445), (0.8382827, 0.5372006, 0.093261085), (0.8382752, 0.53737956, 0.0922931), (0.824587, 0.5131656, 0.23815402), (0.822861, 0.5118965, 0.24670163), (-0.8070957, 0.5772877, 0.123836435), (-0.8071234, 0.5774878, 0.12271781), (-0.7978152, 0.6027152, 0.015009442), (-0.7967372, 0.6042491, 0.009630891), (-0.83827263, -0.53739005, -0.09225482), (-0.8382802, -0.5372126, -0.09321425), (-0.82282794, -0.51187927, -0.24684747), (-0.8245544, -0.5131465, -0.23830822), (0.8071274, -0.5774702, -0.122774445), (0.80709946, -0.57726973, -0.12389575), (0.7967772, -0.6041939, -0.009792501), (0.7978532, -0.6026609, -0.015169629), (0.822861, 0.5118965, 0.24670163), (0.824587, 0.5131656, 0.23815402), (0.77573186, 0.4935786, 0.3932178), (0.7682316, 0.49173623, 0.40989718), (-0.7967372, 0.6042491, 0.009630891), (-0.7978152, 0.6027152, 0.015009442), (-0.7595466, 0.64259565, -0.10079611), (-0.75371504, 0.6474243, -0.11293992), (-0.8245544, -0.5131465, -0.23830822), (-0.82282794, -0.51187927, -0.24684747), (-0.7680956, -0.49171236, -0.41018048), (-0.7755952, -0.4935513, -0.3935216), (0.7978532, -0.6026609, -0.015169629), (0.7967772, -0.6041939, -0.009792501), (0.7538421, -0.6473188, 0.11269657), (0.7596688, -0.6424903, 0.1005452), (0.7682316, 0.49173623, 0.40989718), (0.77573186, 0.4935786, 0.3932178), (0.6740395, 0.47853658, 0.5627375), (0.65562123, 0.47672975, 0.5855676), (-0.75371504, 0.6474243, -0.11293992), (-0.7595466, 0.64259565, -0.10079611), (-0.67671037, 0.70062244, -0.22625482), (-0.6618016, 0.7092617, -0.24283002), (-0.7755952, -0.4935513, -0.3935216), (-0.7680956, -0.49171236, -0.41018048), (-0.65544015, -0.47671562, -0.5857818), (-0.6738248, -0.47851557, -0.5630125), (0.7596688, -0.6424903, 0.1005452), (0.7538421, -0.6473188, 0.11269657), (0.6619942, -0.7091568, 0.24261144), (0.67691344, -0.70050514, 0.22601038), (0.65562123, 0.47672975, 0.5855676), (0.6740395, 0.47853658, 0.5627375), (0.49356607, 0.46705824, 0.7336546), (0.46473718, 0.4655845, 0.7531603), (-0.6618016, 0.7092617, -0.24283002), (-0.67671037, 0.70062244, -0.22625482), (-0.5274041, 0.7740454, -0.35028356), (-0.5048253, 0.78290665, -0.3636049), (-0.6738248, -0.47851557, -0.5630125), (-0.65544015, -0.47671562, -0.5857818), (-0.46479553, -0.4655813, -0.7531263), (-0.49355435, -0.46705183, -0.73366666), (0.67691344, -0.70050514, 0.22601038), (0.6619942, -0.7091568, 0.24261144), (0.5048808, -0.78290224, 0.36353743), (0.52749115, -0.7740267, 0.35019377), (0.46473718, 0.4655845, 0.7531603), (0.49356607, 0.46705824, 0.7336546), (0.230009, 0.45446318, 0.8605574), (0.20716844, 0.45329747, 0.86695015), (-0.5048253, 0.78290665, -0.3636049), (-0.5274041, 0.7740454, -0.35028356), (-0.3064257, 0.84319305, -0.44173384), (-0.29098812, 0.846679, -0.4454892), (-0.49355435, -0.46705183, -0.73366666), (-0.46479553, -0.4655813, -0.7531263), (-0.2073239, -0.4533184, -0.86690205), (-0.23029302, -0.4544902, -0.8604672), (0.52749115, -0.7740267, 0.35019377), (0.5048808, -0.78290224, 0.36353743), (0.29048604, -0.8468103, 0.44556722), (0.30595356, -0.8433234, 0.4418123), (0.20716844, 0.45329747, 0.86695015), (0.230009, 0.45446318, 0.8605574), (-0.07383501, 0.43415523, 0.8978072), (-0.07877885, 0.43373972, 0.8975878), (-0.29098812, 0.846679, -0.4454892), (-0.3064257, 0.84319305, -0.44173384), (-0.076322444, 0.87920576, -0.47028935), (-0.08031386, 0.8788205, -0.47034493), (-0.23029302, -0.4544902, -0.8604672), (-0.2073239, -0.4533184, -0.86690205), (0.07925399, -0.43372732, -0.89755195), (0.074124455, -0.43415898, -0.8977815), (0.30595356, -0.8433234, 0.4418123), (0.29048604, -0.8468103, 0.44556722), (0.07971082, -0.8788617, 0.47037044), (0.075760946, -0.8792416, 0.4703131), (-0.07877885, 0.43373972, 0.8975878), (-0.07383501, 0.43415523, 0.8978072), (-0.3847169, 0.39937118, 0.8321631), (-0.37509987, 0.40076798, 0.8358739), (-0.08031386, 0.8788205, -0.47034493), (-0.076322444, 0.87920576, -0.47028935), (0.1103548, 0.88806385, -0.4462784), (0.09248089, 0.8879054, -0.45063424), (0.074124455, -0.43415898, -0.8977815), (0.07925399, -0.43372732, -0.89755195), (0.37559274, -0.40068224, -0.8356937), (0.38517928, -0.399289, -0.8319887), (0.075760946, -0.8792416, 0.4703131), (0.07971082, -0.8788617, 0.47037044), (-0.09252958, -0.88789237, 0.45065004), (-0.1103239, -0.88805103, 0.44631153), (-0.37509987, 0.40076798, 0.8358739), (-0.3847169, 0.39937118, 0.8321631), (-0.6471469, 0.3520689, 0.67620146), (-0.63402015, 0.35484222, 0.68709934), (0.09248089, 0.8879054, -0.45063424), (0.1103548, 0.88806385, -0.4462784), (0.27394122, 0.88321435, -0.38064238), (0.24779107, 0.8848276, -0.3945626), (0.38517928, -0.399289, -0.8319887), (0.37559274, -0.40068224, -0.8356937), (0.63387233, -0.35486352, -0.6872246), (0.6470243, -0.35208496, -0.67631036), (-0.1103239, -0.88805103, 0.44631153), (-0.09252958, -0.88789237, 0.45065004), (-0.24762243, -0.88484234, 0.39463553), (-0.27380985, -0.883229, 0.3807028), (-0.63402015, 0.35484222, 0.68709934), (-0.6471469, 0.3520689, 0.67620146), (-0.8136387, 0.312563, 0.49020043), (-0.8052144, 0.31464076, 0.5026241), (0.24779107, 0.8848276, -0.3945626), (0.27394122, 0.88321435, -0.38064238), (0.40761954, 0.86919147, -0.2799152), (0.38684112, 0.872041, -0.29983073), (0.6470243, -0.35208496, -0.67631036), (0.63387233, -0.35486352, -0.6872246), (0.8049223, -0.3147091, -0.503049), (0.81336635, -0.31262633, -0.49061173), (-0.27380985, -0.883229, 0.3807028), (-0.24762243, -0.88484234, 0.39463553), (-0.38677585, -0.87205195, 0.29988304), (-0.40758815, -0.86919767, 0.2799418), (-0.8052144, 0.31464076, 0.5026241), (-0.8136387, 0.312563, 0.49020043), (-0.9024801, 0.29069063, 0.31785008), (-0.89902776, 0.29139996, 0.32685646), (0.38684112, 0.872041, -0.29983073), (0.40761954, 0.86919147, -0.2799152), (0.49856758, 0.8518665, -0.1604801), (0.4883223, 0.85430956, -0.17803524), (0.81336635, -0.31262633, -0.49061173), (0.8049223, -0.3147091, -0.503049), (0.8988462, -0.29144278, -0.32731715), (0.90231436, -0.29072937, -0.31828475), (-0.40758815, -0.86919767, 0.2799418), (-0.38677585, -0.87205195, 0.29988304), (-0.48828328, -0.8543199, 0.1780928), (-0.49854228, -0.8518751, 0.16051304), (-0.89902776, 0.29139996, 0.32685646), (-0.9024801, 0.29069063, 0.31785008), (-0.9433193, 0.2855164, 0.16920143), (-0.94251055, 0.28543922, 0.17377672), (0.4883223, 0.85430956, -0.17803524), (0.49856758, 0.8518665, -0.1604801), (0.5501103, 0.83448535, -0.03182619), (0.5475541, 0.8357395, -0.041521158), (0.90231436, -0.29072937, -0.31828475), (0.8988462, -0.29144278, -0.32731715), (0.9424508, -0.28544137, -0.17409658), (0.943266, -0.28551784, -0.16949588), (-0.49854228, -0.8518751, 0.16051304), (-0.48828328, -0.8543199, 0.1780928), (-0.54751253, -0.8357611, 0.041635238), (-0.5500766, -0.83450395, 0.031920314), (-0.94251055, 0.28543922, 0.17377672), (-0.9433193, 0.2855164, 0.16920143), (-0.95490855, 0.29429135, 0.03927177), (-0.9549064, 0.29420248, 0.0399839), (0.5475541, 0.8357395, -0.041521158), (0.5501103, 0.83448535, -0.03182619), (0.56688505, 0.8170054, 0.10556232), (0.5668831, 0.8168964, 0.10641344), (0.943266, -0.28551784, -0.16949588), (0.9424508, -0.28544137, -0.17409658), (0.9549048, -0.2941838, -0.040159117), (0.9549072, -0.29427546, -0.039423343), (-0.5500766, -0.83450395, 0.031920314), (-0.54751253, -0.8357611, 0.041635238), (-0.56688404, -0.8169261, -0.10618019), (-0.56688565, -0.8170323, -0.10535157), (-0.9549064, 0.29420248, 0.0399839), (-0.95490855, 0.29429135, 0.03927177), (-0.9453154, 0.3163804, -0.07926085), (-0.94492227, 0.31696704, -0.08157073), (0.5668831, 0.8168964, 0.10641344), (0.56688505, 0.8170054, 0.10556232), (0.5473266, 0.796992, 0.25541586), (0.5438317, 0.79502803, 0.26865846), (0.9549072, -0.29427546, -0.039423343), (0.9549048, -0.2941838, -0.040159117), (0.9449361, -0.31694648, 0.08148969), (0.94532484, -0.3163662, 0.07920403), (-0.56688565, -0.8170323, -0.10535157), (-0.56688404, -0.8169261, -0.10618019), (-0.543941, -0.7950763, -0.26829425), (-0.54741967, -0.7970355, -0.25508055), (-0.94492227, 0.31696704, -0.08157073), (-0.9453154, 0.3163804, -0.07926085), (-0.9156176, 0.35364974, -0.19124927), (-0.91409874, 0.35535467, -0.19531152), (0.5438317, 0.79502803, 0.26865846), (0.5473266, 0.796992, 0.25541586), (0.48142338, 0.7691699, 0.42024896), (0.46652678, 0.7636654, 0.4462824), (0.94532484, -0.3163662, 0.07920403), (0.9449361, -0.31694648, 0.08148969), (0.9141162, -0.3553333, 0.19526838), (0.9156252, -0.3536394, 0.19123174), (-0.54741967, -0.7970355, -0.25508055), (-0.543941, -0.7950763, -0.26829425), (-0.4667722, -0.76374584, -0.44588783), (-0.48164093, -0.769242, -0.4198676), (-0.91409874, 0.35535467, -0.19531152), (-0.9156176, 0.35364974, -0.19124927), (-0.8631421, 0.40894622, -0.2962242), (-0.86083144, 0.41124246, -0.29974794), (0.46652678, 0.7636654, 0.4462824), (0.48142338, 0.7691699, 0.42024896), (0.35262817, 0.7238361, 0.5930553), (0.31836534, 0.7115067, 0.62641984), (0.9156252, -0.3536394, 0.19123174), (0.9141162, -0.3553333, 0.19526838), (0.8608711, -0.41119713, 0.29969648), (0.8631695, -0.408913, 0.2961902), (-0.48164093, -0.769242, -0.4198676), (-0.4667722, -0.76374584, -0.44588783), (-0.3186068, -0.7115988, -0.62619233), (-0.35287198, -0.7239267, -0.5927997), (-0.86083144, 0.41124246, -0.29974794), (-0.8631421, 0.40894622, -0.2962242), (-0.78633654, 0.48206252, -0.38638148), (-0.7857036, 0.48264024, -0.38694718), (0.31836534, 0.7115067, 0.62641984), (0.35262817, 0.7238361, 0.5930553), (0.15111718, 0.64820457, 0.7463206), (0.099049956, 0.62698895, 0.7727056), (0.8631695, -0.408913, 0.2961902), (0.8608711, -0.41119713, 0.29969648), (0.78579384, -0.4825508, 0.38687554), (0.78642523, -0.4819744, 0.38631088), (-0.35287198, -0.7239267, -0.5927997), (-0.3186068, -0.7115988, -0.62619233), (-0.09901409, -0.62698525, -0.77271324), (-0.1511262, -0.64821976, -0.74630547), (-0.7857036, 0.48264024, -0.38694718), (-0.78633654, 0.48206252, -0.38638148), (-0.6915087, 0.5649932, -0.45010924), (-0.69578844, 0.5613731, -0.4480387), (0.099049956, 0.62698895, 0.7727056), (0.15111718, 0.64820457, 0.7463206), (-0.09976761, 0.53862566, 0.8366175), (-0.15235996, 0.51340735, 0.8445113), (0.78642523, -0.4819744, 0.38631088), (0.78579384, -0.4825508, 0.38687554), (0.69586486, -0.5613181, 0.4479889), (0.6915913, -0.564934, 0.45005664), (-0.1511262, -0.64821976, -0.74630547), (-0.09901409, -0.62698525, -0.77271324), (0.15262459, -0.513285, -0.8445379), (0.10004053, -0.5385014, -0.8366649), (-0.69578844, 0.5613731, -0.4480387), (-0.6915087, 0.5649932, -0.45010924), (-0.58331585, 0.6522707, -0.48403046), (-0.5948215, 0.6433681, -0.4819386), (-0.15235996, 0.51340735, 0.8445113), (-0.09976761, 0.53862566, 0.8366175), (-0.34602433, 0.41241047, 0.8427246), (-0.3844245, 0.3910216, 0.83625346), (0.6915913, -0.564934, 0.45005664), (0.69586486, -0.5613181, 0.4479889), (0.5947366, -0.64344656, 0.48193863), (0.5831938, -0.6523748, 0.48403725), (0.10004053, -0.5385014, -0.8366649), (0.15262459, -0.513285, -0.8445379), (0.38417095, -0.39113253, -0.8363182), (0.34590483, -0.41244885, -0.84275484), (-0.5948215, 0.6433681, -0.4819386), (-0.58331585, 0.6522707, -0.48403046), (-0.4480768, 0.75174284, -0.483849), (-0.47176608, 0.73525685, -0.4866562), (-0.3844245, 0.3910216, 0.83625346), (-0.34602433, 0.41241047, 0.8427246), (-0.56970114, 0.2818741, 0.7720024), (-0.5967597, 0.26479003, 0.7574723), (0.5831938, -0.6523748, 0.48403725), (0.5947366, -0.64344656, 0.48193863), (0.4716678, -0.7353087, 0.486673), (0.44799793, -0.75178164, 0.48386183), (0.34590483, -0.41244885, -0.84275484), (0.38417095, -0.39113253, -0.8363182), (0.59629, -0.2650833, -0.7577395), (0.5691714, -0.28219864, -0.77227443), (-0.47176608, 0.73525685, -0.4866562), (-0.4480768, 0.75174284, -0.483849), (-0.30514672, 0.8456808, -0.4378464), (-0.33155096, 0.828888, -0.45057592), (-0.5967597, 0.26479003, 0.7574723), (-0.56970114, 0.2818741, 0.7720024), (-0.7631725, 0.15313257, 0.62778825), (-0.7758235, 0.14409192, 0.61427635), (0.44799793, -0.75178164, 0.48386183), (0.4716678, -0.7353087, 0.486673), (0.33172467, -0.8287655, 0.45067337), (0.30535093, -0.845539, 0.4379779), (0.5691714, -0.28219864, -0.77227443), (0.59629, -0.2650833, -0.7577395), (0.77569073, -0.14420536, -0.6144173), (0.7630535, -0.1532351, -0.62790805), (-0.33155096, 0.828888, -0.45057592), (-0.30514672, 0.8456808, -0.4378464), (-0.20128721, 0.91012424, -0.36215666), (-0.21693094, 0.90011156, -0.37780967), (-0.7758235, 0.14409192, 0.61427635), (-0.7631725, 0.15313257, 0.62778825), (-0.89343315, 0.052567273, 0.44610986), (-0.89760923, 0.04904538, 0.43805504), (0.30535093, -0.845539, 0.4379779), (0.33172467, -0.8287655, 0.45067337), (0.21718962, -0.89994943, 0.37804702), (0.2015367, -0.9099677, 0.36241087), (0.7630535, -0.1532351, -0.62790805), (0.77569073, -0.14420536, -0.6144173), (0.89770424, -0.04897171, -0.43786865), (0.8935807, -0.05245011, -0.44582784), (-0.21693094, 0.90011156, -0.37780967), (-0.20128721, 0.91012424, -0.36215666), (-0.1495819, 0.9449637, -0.29097906), (-0.15382884, 0.9414927, -0.29988042), (-0.89760923, 0.04904538, 0.43805504), (-0.89343315, 0.052567273, 0.44610986), (-0.9633272, -0.014624713, 0.26793042), (-0.9644917, -0.015956983, 0.2636306), (0.2015367, -0.9099677, 0.36241087), (0.21718962, -0.89994943, 0.37804702), (0.15398078, -0.9413936, 0.30011317), (0.149718, -0.9448724, 0.2912058), (0.8935807, -0.05245011, -0.44582784), (0.89770424, -0.04897171, -0.43786865), (0.9645753, 0.016057245, -0.26331896), (0.963441, 0.014758304, -0.2675138), (-0.15382884, 0.9414927, -0.29988042), (-0.1495819, 0.9449637, -0.29097906), (-0.13449576, 0.9599485, -0.24578425), (-0.13464826, 0.95947737, -0.24753362), (-0.9644917, -0.015956983, 0.2636306), (-0.9633272, -0.014624713, 0.26793042), (-0.9924595, -0.059243027, 0.10730538), (-0.9926875, -0.059840493, 0.104836136), (0.149718, -0.9448724, 0.2912058), (0.15398078, -0.9413936, 0.30011317), (0.1346885, -0.9594411, 0.2476525), (0.13453203, -0.9599145, 0.24589649), (0.963441, 0.014758304, -0.2675138), (0.9645753, 0.016057245, -0.26331896), (0.9927064, 0.05989455, -0.104625694), (0.99248654, 0.059316944, -0.10701393), (-0.13464826, 0.95947737, -0.24753362), (-0.13449576, 0.9599485, -0.24578425), (-0.13417396, 0.9631307, -0.23318745), (-0.13424158, 0.9630822, -0.23334944), (-0.9926875, -0.059840493, 0.104836136), (-0.9924595, -0.059243027, 0.10730538), (-0.99484754, -0.09306921, -0.04020468), (-0.9947543, -0.09339728, -0.041723363), (0.13453203, -0.9599145, 0.24589649), (0.1346885, -0.9594411, 0.2476525), (0.13425253, -0.9630847, 0.23333271), (0.13418432, -0.96313244, 0.23317471), (0.99248654, 0.059316944, -0.10701393), (0.9927064, 0.05989455, -0.104625694), (0.99475175, 0.09340573, 0.04176528), (0.99484104, 0.09309209, 0.040313274), (-0.13424158, 0.9630822, -0.23334944), (-0.13417396, 0.9631307, -0.23318745), (-0.12910195, 0.9586835, -0.25349298), (-0.12753406, 0.9576922, -0.25799376), (-0.9947543, -0.09339728, -0.041723363), (-0.99484754, -0.09306921, -0.04020468), (-0.97483253, -0.124958664, -0.18462636), (-0.9746071, -0.12519073, -0.18565618), (0.13418432, -0.96313244, 0.23317471), (0.13425253, -0.9630847, 0.23333271), (0.12760153, -0.95771855, 0.25786233), (0.12915988, -0.9587076, 0.2533725), (0.99484104, 0.09309209, 0.040313274), (0.99475175, 0.09340573, 0.04176528), (0.9746336, 0.12516065, 0.18553793), (0.97484404, 0.124943845, 0.18457577), (-0.12753406, 0.9576922, -0.25799376), (-0.12910195, 0.9586835, -0.25349298), (-0.10026721, 0.9472394, -0.30444053), (-0.09131472, 0.9441704, -0.31654987), (-0.9746071, -0.12519073, -0.18565618), (-0.97483253, -0.124958664, -0.18462636), (-0.9279788, -0.16252626, -0.33532166), (-0.9274517, -0.16287504, -0.33660808), (0.12915988, -0.9587076, 0.2533725), (0.12760153, -0.95771855, 0.25786233), (0.09151278, -0.94422656, 0.3163254), (0.100439765, -0.9472895, 0.3042274), (0.97484404, 0.124943845, 0.18457577), (0.9746336, 0.12516065, 0.18553793), (0.9275466, 0.16280842, 0.33637884), (0.92804104, 0.16248108, 0.33517113), (-0.09131472, 0.9441704, -0.31654987), (-0.10026721, 0.9472394, -0.30444053), (-0.027156934, 0.925195, -0.3785192), (-0.0047842115, 0.9183773, -0.39567703), (-0.9274517, -0.16287504, -0.33660808), (-0.9279788, -0.16252626, -0.33532166), (-0.8418992, -0.21359612, -0.49556267), (-0.8395465, -0.21484728, -0.49900138), (0.100439765, -0.9472895, 0.3042274), (0.09151278, -0.94422656, 0.3163254), (0.005115374, -0.9184789, 0.39543703), (0.027469635, -0.92528796, 0.37826917), (0.92804104, 0.16248108, 0.33517113), (0.9275466, 0.16280842, 0.33637884), (0.83967215, 0.21477975, 0.49881893), (0.84197044, 0.21355751, 0.49545848), (-0.0047842115, 0.9183773, -0.39567703), (-0.027156934, 0.925195, -0.3785192), (0.104922056, 0.8840136, -0.45553398), (0.13774897, 0.87264454, -0.46852604), (-0.8395465, -0.21484728, -0.49900138), (-0.8418992, -0.21359612, -0.49556267), (-0.70154274, -0.2837697, -0.6536915), (-0.69209236, -0.28813234, -0.66180664), (0.027469635, -0.92528796, 0.37826917), (0.005115374, -0.9184789, 0.39543703), (-0.13749415, -0.8727359, 0.4684308), (-0.10463145, -0.88411796, 0.45539838), (0.84197044, 0.21355751, 0.49545848), (0.83967215, 0.21477975, 0.49881893), (0.6920469, 0.28816622, 0.6618394), (0.70145434, 0.28382272, 0.65376323), (0.13774897, 0.87264454, -0.46852604), (0.104922056, 0.8840136, -0.45553398), (0.2835226, 0.81665826, -0.502677), (0.31177396, 0.80456984, -0.5054347), (-0.69209236, -0.28813234, -0.66180664), (-0.70154274, -0.2837697, -0.6536915), (-0.50538397, -0.36936858, -0.7798422), (-0.48137042, -0.37915486, -0.7902684), (-0.10463145, -0.88411796, 0.45539838), (-0.13749415, -0.8727359, 0.4684308), (-0.31189245, -0.80451936, 0.50544214), (-0.28358367, -0.81663305, 0.5026835), (0.70145434, 0.28382272, 0.65376323), (0.6920469, 0.28816622, 0.6618394), (0.48114952, 0.37924495, 0.7903596), (0.5051799, 0.36945418, 0.77993387), (0.31177396, 0.80456984, -0.5054347), (0.2835226, 0.81665826, -0.502677), (0.4541381, 0.73665446, -0.5010977), (0.46602836, 0.73058, -0.4990697), (-0.48137042, -0.37915486, -0.7902684), (-0.50538397, -0.36936858, -0.7798422), (-0.2676377, -0.45947424, -0.84690815), (-0.22696936, -0.47347572, -0.85106146), (-0.28358367, -0.81663305, 0.5026835), (-0.31189245, -0.80451936, 0.50544214), (-0.4662039, -0.7304745, 0.49906), (-0.45432442, -0.73654395, 0.50109106), (0.5051799, 0.36945418, 0.77993387), (0.48114952, 0.37924495, 0.7903596), (0.22734177, 0.47332045, 0.85104847), (0.26789996, 0.45935452, 0.84689015), (0.46602836, 0.73058, -0.4990697), (0.4541381, 0.73665446, -0.5010977), (0.5865597, 0.665162, -0.46206847), (0.5879391, 0.664378, -0.46144292), (-0.22696936, -0.47347572, -0.85106146), (-0.2676377, -0.45947424, -0.84690815), (0.012737788, -0.5470766, -0.83698565), (0.0724524, -0.5625155, -0.8236061), (-0.45432442, -0.73654395, 0.50109106), (-0.4662039, -0.7304745, 0.49906), (-0.58790344, -0.6643842, 0.46147934), (-0.5865043, -0.66517943, 0.4621136), (0.26789996, 0.45935452, 0.84689015), (0.22734177, 0.47332045, 0.85104847), (-0.071931735, 0.56239665, 0.82373285), (-0.01211809, 0.54691905, 0.83709776), (0.5879391, 0.664378, -0.46144292), (0.5865597, 0.665162, -0.46206847), (0.69644725, 0.6009839, -0.3921474), (0.69163966, 0.60387504, -0.39619368), (0.0724524, -0.5625155, -0.8236061), (0.012737788, -0.5470766, -0.83698565), (0.3130166, -0.61326593, -0.7252072), (0.36579806, -0.62175006, -0.69254506), (-0.5865043, -0.66517943, 0.4621136), (-0.58790344, -0.6643842, 0.46147934), (-0.69156164, -0.6039156, 0.39626813), (-0.6963769, -0.60102004, 0.392217), (-0.01211809, 0.54691905, 0.83709776), (-0.071931735, 0.56239665, 0.82373285), (-0.3658559, 0.6217805, 0.69248724), (-0.313002, 0.6132842, 0.72519803), (0.69163966, 0.60387504, -0.39619368), (0.69644725, 0.6009839, -0.3921474), (0.7807291, 0.5491728, -0.29811278), (0.7755711, 0.5523642, -0.30558687), (0.36579806, -0.62175006, -0.69254506), (0.3130166, -0.61326593, -0.7252072), (0.5485438, -0.64224154, -0.53537405), (0.57764363, -0.6442721, -0.50123966), (-0.6963769, -0.60102004, 0.392217), (-0.69156164, -0.6039156, 0.39626813), (-0.775558, -0.5523683, 0.30561256), (-0.78073037, -0.5491687, 0.29811722), (-0.313002, 0.6132842, 0.72519803), (-0.3658559, 0.6217805, 0.69248724), (-0.57794523, 0.6443052, 0.50084937), (-0.5488536, 0.6422793, 0.53501135), (0.7755711, 0.5523642, -0.30558687), (0.7807291, 0.5491728, -0.29811278), (0.8344695, 0.51552725, -0.19465952), (0.8318693, 0.51712745, -0.20142691), (0.57764363, -0.6442721, -0.50123966), (0.5485438, -0.64224154, -0.53537405), (0.6887267, -0.6470104, -0.32715908), (0.6990656, -0.64693373, -0.30460486), (-0.78073037, -0.5491687, 0.29811722), (-0.775558, -0.5523683, 0.30561256), (-0.83187026, -0.5171279, 0.20142147), (-0.8344781, -0.51552355, 0.19463252), (-0.5488536, 0.6422793, 0.53501135), (-0.57794523, 0.6443052, 0.50084937), (-0.6992673, 0.64692706, 0.30415583), (-0.68895626, 0.64700675, 0.32668245), (0.8318693, 0.51712745, -0.20142691), (0.8344695, 0.51552725, -0.19465952), (0.86225504, 0.49856576, -0.08915417), (0.8617106, 0.4988795, -0.092595965), (0.6990656, -0.64693373, -0.30460486), (0.6887267, -0.6470104, -0.32715908), (0.75301987, -0.6442547, -0.13377982), (0.7547228, -0.6441139, -0.12454237), (-0.8344781, -0.51552355, 0.19463252), (-0.83187026, -0.5171279, 0.20142147), (-0.86170524, -0.49888363, 0.09262408), (-0.86225206, -0.49856827, 0.08916855), (-0.68895626, 0.64700675, 0.32668245), (-0.6992673, 0.64692706, 0.30415583), (-0.75478274, 0.64410055, 0.12424823), (-0.75308925, 0.64424044, 0.13345708), (0.8617106, 0.4988795, -0.092595965), (0.86225504, 0.49856576, -0.08915417), (0.86834824, 0.49557552, 0.019398315), (0.8683096, 0.49560484, 0.02035337), (0.7547228, -0.6441139, -0.12454237), (0.75301987, -0.6442547, -0.13377982), (0.76537627, -0.642148, 0.042954702), (0.76550096, -0.6421565, 0.04053626), (-0.86225206, -0.49856827, 0.08916855), (-0.86170524, -0.49888363, 0.09262408), (-0.86831725, -0.4955967, -0.020224927), (-0.8683552, -0.4955679, -0.01928132), (-0.75308925, 0.64424044, 0.13345708), (-0.75478274, 0.64410055, 0.12424823), (-0.76550025, 0.64215076, -0.04064063), (-0.76537406, 0.6421423, -0.043078035), (0.8683096, 0.49560484, 0.02035337), (0.86834824, 0.49557552, 0.019398315), (0.8516394, 0.5060866, 0.13633308), (0.85014254, 0.5069437, 0.14235763), (0.76550096, -0.6421565, 0.04053626), (0.76537627, -0.642148, 0.042954702), (0.7350954, -0.64374286, 0.21267334), (0.73898226, -0.643485, 0.19958013), (-0.8683552, -0.4955679, -0.01928132), (-0.86831725, -0.4955967, -0.020224927), (-0.85020727, -0.5069049, -0.14210908), (-0.8516997, -0.50604993, -0.13609189), (-0.76537406, 0.6421423, -0.043078035), (-0.76550025, 0.64215076, -0.04064063), (-0.73900914, 0.64347553, -0.19951117), (-0.7351187, 0.64373296, -0.21262275), (0.85014254, 0.5069437, 0.14235763), (0.8516394, 0.5060866, 0.13633308), (0.8029523, 0.5325662, 0.26765832), (0.7972769, 0.53537357, 0.2787916), (0.73898226, -0.643485, 0.19958013), (0.7350954, -0.64374286, 0.21267334), (0.65599823, -0.65026426, 0.38317442), (0.6696975, -0.64923596, 0.36055198), (-0.8516997, -0.50604993, -0.13609189), (-0.85020727, -0.5069049, -0.14210908), (-0.79745114, -0.53528446, -0.2784643), (-0.8031185, -0.5324804, -0.26732978), (-0.7351187, 0.64373296, -0.21262275), (-0.73900914, 0.64347553, -0.19951117), (-0.6698021, 0.64922225, -0.3603825), (-0.65608853, 0.6502526, -0.3830396), (0.7972769, 0.53537357, 0.2787916), (0.8029523, 0.5325662, 0.26765832), (0.7026349, 0.5785488, 0.41422883), (0.69056237, 0.58340794, 0.42750305), (0.6696975, -0.64923596, 0.36055198), (0.65599823, -0.65026426, 0.38317442), (0.51235855, -0.66038793, 0.54897773), (0.5409943, -0.6588518, 0.5227232), (-0.8031185, -0.5324804, -0.26732978), (-0.79745114, -0.53528446, -0.2784643), (-0.6907944, -0.58331716, -0.42725194), (-0.7028708, -0.5784544, -0.41396043), (-0.65608853, 0.6502526, -0.3830396), (-0.6698021, 0.64922225, -0.3603825), (-0.5411023, 0.6588522, -0.5226108), (-0.5124089, 0.66039205, -0.5489258), (0.69056237, 0.58340794, 0.42750305), (0.7026349, 0.5785488, 0.41422883), (0.52540034, 0.6411119, 0.55940145), (0.511639, 0.64512545, 0.56748444), (0.5409943, -0.6588518, 0.5227232), (0.51235855, -0.66038793, 0.54897773), (0.30029643, -0.6670604, 0.6818009), (0.33732232, -0.6667357, 0.66458786), (-0.7028708, -0.5784544, -0.41396043), (-0.6907944, -0.58331716, -0.42725194), (-0.5116789, -0.64512926, -0.56744426), (-0.52543366, -0.64111674, -0.55936456), (-0.5124089, 0.66039205, -0.5489258), (-0.5411023, 0.6588522, -0.5226108), (-0.3371815, 0.6667495, -0.66464555), (-0.30008465, 0.66707253, -0.68188226), (0.511639, 0.64512545, 0.56748444), (0.52540034, 0.6411119, 0.55940145), (0.27006578, 0.7001867, 0.6609108), (0.2690976, 0.70035195, 0.66113055), (0.33732232, -0.6667357, 0.66458786), (0.30029643, -0.6670604, 0.6818009), (0.053982273, -0.6612657, 0.748207), (0.07827066, -0.66241586, 0.7450362), (-0.52543366, -0.64111674, -0.55936456), (-0.5116789, -0.64512926, -0.56744426), (-0.26882863, -0.70040566, -0.6611831), (-0.26972046, -0.70025355, -0.660981), (-0.30008465, 0.66707253, -0.68188226), (-0.3371815, 0.6667495, -0.66464555), (-0.07784595, 0.662399, -0.7450957), (-0.053594638, 0.661249, -0.7482495), (0.2690976, 0.70035195, 0.66113055), (0.27006578, 0.7001867, 0.6609108), (0.12920019, 0.7165569, 0.6854586), (0.12920019, 0.7165569, 0.6854586), (0.07827066, -0.66241586, 0.7450362), (0.053982273, -0.6612657, 0.748207), (-0.06345078, -0.6501413, 0.7571594), (-0.06345078, -0.6501413, 0.7571594), (-0.26972046, -0.70025355, -0.660981), (-0.26882863, -0.70040566, -0.6611831), (-0.1287535, -0.7166033, -0.6854941), (-0.1287535, -0.7166033, -0.6854941), (-0.053594638, 0.661249, -0.7482495), (-0.07784595, 0.662399, -0.7450957), (0.06388339, 0.65011334, -0.75714695), (0.06388339, 0.65011334, -0.75714695), (-0.0025497768, 0.00005328453, 0.9999967), (0.70580244, -0.0073968456, 0.7083701), (0.6995901, -0.05071511, 0.7127424), (-0.012956915, 0.0020064197, 0.9999141), (0.70580244, -0.0073968456, 0.7083701), (0.99994475, -0.0105057545, -5.12113e-8), (0.99732107, -0.07314789, -1.11639224e-7), (0.6995901, -0.05071511, 0.7127424), (0.99994475, -0.0105057545, -5.12113e-8), (0.7058022, -0.0073966137, -0.70837045), (0.6995897, -0.050714824, -0.7127428), (0.99732107, -0.07314789, -1.11639224e-7), (0.7058022, -0.0073966137, -0.70837045), (-0.0025504748, 0.00005365247, -0.9999967), (-0.012957572, 0.0020068102, -0.999914), (0.6995897, -0.050714824, -0.7127428), (-0.0025504748, 0.00005365247, -0.9999967), (-0.5612448, 0.0035457604, -0.8276423), (-0.65615064, 0.13304766, -0.7428086), (-0.012957572, 0.0020068102, -0.999914), (-0.48433167, -0.8748845, 0.0000024240776), (-0.48433164, -0.87488455, 0.0000026455969), (-0.47486943, -0.857794, -0.19669358), (-0.47486943, -0.857794, -0.19669358), (-0.95041776, 0.31097594, 3.2759596e-7), (-0.9920544, 0.12580945, 5.230595e-7), (-0.6693996, 0.21547359, -0.7109678), (-0.65615064, 0.13304766, -0.7428086), (-0.65615064, 0.13304766, -0.7428086), (-0.7381676, 0.15703377, -0.6560861), (-0.9743752, 0.22492883, -1.7232807e-7), (-0.95041776, 0.31097594, 3.2759596e-7), (-0.56124437, 0.0035454559, 0.82764256), (-0.0025497768, 0.00005328453, 0.9999967), (-0.012956915, 0.0020064197, 0.9999141), (-0.6561501, 0.13304746, 0.7428092), (-0.18669969, -0.98241705, -0.0000013731525), (-0.18669969, -0.98241705, -0.0000013731525), (-0.18669969, -0.98241705, -0.0000013731525), (-0.18669969, -0.98241705, -0.0000013731525), (-0.18669969, -0.98241705, -0.0000013731525), (-0.18669969, -0.98241705, -0.0000013731525), (-0.18669969, -0.98241705, -0.0000013731525), (-0.18669969, -0.98241705, -0.0000013731525), (-0.6788951, -0.054188825, 0.7322328), (0.064972416, 0.00403944, 0.99787885), (-0.009376696, -0.001150072, 0.9999554), (-0.71376497, -0.028610252, 0.6998008), (-0.99674606, -0.080605604, 2.307332e-7), (-0.6788951, -0.054188825, 0.7322328), (-0.71376497, -0.028610252, 0.6998008), (-0.99919987, -0.039994475, 8.29062e-8), (-0.67889535, -0.05418859, -0.73223263), (-0.99674606, -0.080605604, 2.307332e-7), (-0.99919987, -0.039994475, 8.29062e-8), (-0.71376526, -0.028610012, -0.69980043), (0.064972185, 0.004039724, -0.99787885), (-0.67889535, -0.05418859, -0.73223263), (-0.71376526, -0.028610012, -0.69980043), (-0.009377221, -0.0011497437, -0.9999554), (0.7420884, 0.053049974, -0.6681995), (0.064972185, 0.004039724, -0.99787885), (-0.009377221, -0.0011497437, -0.9999554), (0.7046486, 0.025304673, -0.7091051), (0.99750507, 0.07059539, -1.964593e-7), (0.7420884, 0.053049974, -0.6681995), (0.7046486, 0.025304673, -0.7091051), (0.99936366, 0.035668116, -1.1190379e-7), (0.7420885, 0.05304978, 0.6681993), (0.99750507, 0.07059539, -1.964593e-7), (0.99936366, 0.035668116, -1.1190379e-7), (0.7046488, 0.02530444, 0.7091049), (0.064972416, 0.00403944, 0.99787885), (0.7420885, 0.05304978, 0.6681993), (0.7046488, 0.02530444, 0.7091049), (-0.009376696, -0.001150072, 0.9999554), (0.9748922, 0.2226774, 5.5707795e-7), (0.94337606, 0.2894379, -0.16207229), (0.71027476, 0.11164587, 0.6950143), (0.66457707, 0.08634257, 0.74221444), (0.6995901, -0.05071511, 0.7127424), (0.70189637, -0.09406638, 0.7060404), (-0.003454218, -0.00013323546, 0.999994), (-0.012956915, 0.0020064197, 0.9999141), (-0.012957572, 0.0020068102, -0.999914), (-0.08905235, 0.28218535, -0.95521784), (0.7018957, -0.094065644, -0.7060411), (0.6995897, -0.050714824, -0.7127428), (0.7034642, -0.089211494, 0.7051095), (0.61939096, -0.14003846, 0.77249205), (0.019122925, -0.0018286342, 0.9998154), (2.3644144e-7, -3.4052707e-7, 1), (0.99732107, -0.07314789, -1.11639224e-7), (0.9910984, -0.13313155, 1.2277609e-7), (0.70189637, -0.09406638, 0.7060404), (0.6995901, -0.05071511, 0.7127424), (-0.051707186, -0.13210544, -0.98988616), (0.01912238, -0.0018281919, -0.9998154), (0.6193901, -0.14003819, -0.7724929), (0.70346415, -0.08921115, -0.70510954), (-0.6561501, 0.13304746, 0.7428092), (-0.7041484, 0.089514025, 0.7043879), (-0.9920544, 0.12580945, 5.230595e-7), (-0.95041776, 0.31097594, 3.2759596e-7), (-0.65615064, 0.13304766, -0.7428086), (-0.6693996, 0.21547359, -0.7109678), (-0.08905235, 0.28218535, -0.95521784), (-0.012957572, 0.0020068102, -0.999914), (-0.6974348, -0.1295873, 0.7048347), (-0.7181299, -0.06456974, 0.6929071), (-0.99621713, -0.08689852, 1.908175e-7), (-0.9834582, -0.18111351, 0.0027793706), (0.71027476, 0.11164587, 0.6950143), (0.7128585, 0.07101697, 0.69770294), (0.016550904, 0.0033151584, 0.9998575), (2.1564273e-7, -2.807848e-7, 1), (2.1564273e-7, -2.807848e-7, 1), (0.016550904, 0.0033151584, 0.9998575), (-0.6964664, -0.069403134, 0.71422535), (-0.70688635, -0.021952601, 0.7069864), (-0.99951816, -0.031040112, 9.240527e-8), (-0.99422973, -0.10717319, 0.0045817397), (-0.827045, -0.09859036, -0.5534224), (-0.70688665, -0.021952251, -0.70698607), (0.6645771, 0.08634291, -0.7422143), (0.7125491, 0.09234257, -0.69551903), (0.94337606, 0.2894379, -0.16207229), (0.9748922, 0.2226774, 5.5707795e-7), (-0.70688635, -0.021952601, 0.7069864), (-0.6964664, -0.069403134, 0.71422535), (-0.99422973, -0.10717319, 0.0045817397), (-0.99951816, -0.031040112, 9.240527e-8), (-0.70688665, -0.021952251, -0.70698607), (-0.827045, -0.09859036, -0.5534224), (-0.0075556166, -0.00023444311, -0.9999714), (0.066747986, 0.071271345, -0.99522114), (-0.026923537, -0.0048738467, -0.9996257), (0.0052277963, -0.000112006244, -0.9999863), (0.70961905, -0.015247068, -0.70442057), (0.6914032, 0.06221865, -0.71978503), (-0.7392916, -0.07311539, -0.6694043), (-0.7181301, -0.06456948, -0.69290686), (-0.026923537, -0.0048738467, -0.9996257), (0.003280894, 0.16436468, -0.98639417), (0.7327958, 0.19287945, -0.6525396), (0.6914032, 0.06221865, -0.71978503), (0.99578744, 0.09169143, -1.2055449e-7), (0.9841363, 0.17730318, -0.0062792385), (0.70127946, 0.1302889, 0.70087945), (0.69140345, 0.062218413, 0.7197848), (-0.026923174, -0.0048741987, 0.99962556), (0.0039759353, 0.001499113, 0.99999094), (0.0039759353, 0.001499113, 0.99999094), (-0.026923174, -0.0048741987, 0.99962556), (-0.7181299, -0.06456974, 0.6929071), (-0.6974348, -0.1295873, 0.7048347), (-0.9834582, -0.18111351, 0.0027793706), (-0.99621713, -0.08689852, 1.908175e-7), (-0.7181301, -0.06456948, -0.69290686), (-0.7392916, -0.07311539, -0.6694043), (0.003280894, 0.16436468, -0.98639417), (-0.026923537, -0.0048738467, -0.9996257), (0.6914032, 0.06221865, -0.71978503), (0.7327958, 0.19287945, -0.6525396), (0.9841363, 0.17730318, -0.0062792385), (0.99578744, 0.09169143, -1.2055449e-7), (0.69140345, 0.062218413, 0.7197848), (0.70127946, 0.1302889, 0.70087945), (4.0985128e-7, 1, -3.4190572e-7), (4.0985128e-7, 1, -3.4190572e-7), (4.0985128e-7, 1, -3.4190572e-7), (4.0985128e-7, 1, -3.4190572e-7), (4.0985128e-7, 1, -3.4190572e-7), (4.0985128e-7, 1, -3.4190572e-7), (4.0985128e-7, 1, -3.4190572e-7), (4.0985128e-7, 1, -3.4190572e-7), (0.99578744, 0.09169143, -1.2055449e-7), (0.9997692, -0.021481633, 1.8578842e-7), (0.70961905, -0.015247519, 0.70442057), (0.69140345, 0.062218413, 0.7197848), (-0.7181299, -0.06456974, 0.6929071), (-0.70439285, 0.015134773, 0.7096489), (-0.9997692, 0.021481628, 2.8599862e-7), (-0.99621713, -0.08689852, 1.908175e-7), (-0.7181301, -0.06456948, -0.69290686), (-0.70439327, 0.015135232, -0.70964855), (0.0052277963, -0.000112006244, -0.9999863), (-0.026923537, -0.0048738467, -0.9996257), (0.6914032, 0.06221865, -0.71978503), (0.70961905, -0.015247068, -0.70442057), (0.9997692, -0.021481633, 1.8578842e-7), (0.99578744, 0.09169143, -1.2055449e-7), (0.69140345, 0.062218413, 0.7197848), (0.70961905, -0.015247519, 0.70442057), (0.0052282717, -0.00011265577, 0.9999863), (-0.026923174, -0.0048741987, 0.99962556), (-0.026923174, -0.0048741987, 0.99962556), (0.0052282717, -0.00011265577, 0.9999863), (-0.70439285, 0.015134773, 0.7096489), (-0.7181299, -0.06456974, 0.6929071), (-0.99621713, -0.08689852, 1.908175e-7), (-0.9997692, 0.021481628, 2.8599862e-7), (-0.70439327, 0.015135232, -0.70964855), (-0.7181301, -0.06456948, -0.69290686), (-0.71376497, -0.028610252, 0.6998008), (-0.009376696, -0.001150072, 0.9999554), (-0.0025497768, 0.00005328453, 0.9999967), (-0.56124437, 0.0035454559, 0.82764256), (-0.99919987, -0.039994475, 8.29062e-8), (-0.71376497, -0.028610252, 0.6998008), (-0.56124437, 0.0035454559, 0.82764256), (-1, -1.7132433e-7, -2.0535952e-8), (-0.71376526, -0.028610012, -0.69980043), (-0.99919987, -0.039994475, 8.29062e-8), (-1, -1.7132433e-7, -2.0535952e-8), (-0.5612448, 0.0035457604, -0.8276423), (-0.009377221, -0.0011497437, -0.9999554), (-0.71376526, -0.028610012, -0.69980043), (-0.5612448, 0.0035457604, -0.8276423), (-0.0025504748, 0.00005365247, -0.9999967), (0.7046486, 0.025304673, -0.7091051), (-0.009377221, -0.0011497437, -0.9999554), (-0.0025504748, 0.00005365247, -0.9999967), (0.7058022, -0.0073966137, -0.70837045), (0.99936366, 0.035668116, -1.1190379e-7), (0.7046486, 0.025304673, -0.7091051), (0.7058022, -0.0073966137, -0.70837045), (0.99994475, -0.0105057545, -5.12113e-8), (0.7046488, 0.02530444, 0.7091049), (0.99936366, 0.035668116, -1.1190379e-7), (0.99994475, -0.0105057545, -5.12113e-8), (0.70580244, -0.0073968456, 0.7083701), (-0.009376696, -0.001150072, 0.9999554), (0.7046488, 0.02530444, 0.7091049), (0.70580244, -0.0073968456, 0.7083701), (-0.0025497768, 0.00005328453, 0.9999967), (-0.67629933, 0.0036195363, -0.73661804), (-1, -1.8130825e-7, -0.0000014169821), (-0.9743752, 0.22492883, -1.7232807e-7), (-0.7381676, 0.15703377, -0.6560861), (-1, -1.8130825e-7, -0.0000014169821), (-0.6762998, 0.0036191337, 0.7366176), (-0.73816746, 0.15703413, 0.65608615), (-0.9743752, 0.22492883, -1.7232807e-7), (-0.95041776, 0.31097594, 3.2759596e-7), (-0.9743752, 0.22492883, -1.7232807e-7), (-0.73816746, 0.15703413, 0.65608615), (-0.6561501, 0.13304746, 0.7428092), (-0.4748706, -0.8577924, 0.19669835), (-0.4748706, -0.8577924, 0.19669835), (-0.48433164, -0.87488455, 0.0000026455969), (-0.48433167, -0.8748845, 0.0000024240776), (-0.6561501, 0.13304746, 0.7428092), (-0.73816746, 0.15703413, 0.65608615), (-0.6762998, 0.0036191337, 0.7366176), (-0.56124437, 0.0035454559, 0.82764256), (-0.5612448, 0.0035457604, -0.8276423), (-0.67629933, 0.0036195363, -0.73661804), (-0.7381676, 0.15703377, -0.6560861), (-0.65615064, 0.13304766, -0.7428086), (-0.69679195, 0.03323467, -0.71650296), (-0.70688665, -0.02195222, -0.7069861), (-1.0268702e-8, 2.750087e-7, -1), (0.01912238, -0.0018281919, -0.9998154), (-0.6967917, 0.033234257, 0.7165032), (-0.7068864, -0.021952542, 0.70698637), (-0.99951816, -0.031040085, 1.3347429e-7), (-0.9988249, 0.04846522, 1.313064e-7), (0.9748922, 0.2226774, 5.5707795e-7), (0.97894806, 0.20410967, 7.6025196e-7), (0.7708692, 0.13946044, -0.62153953), (0.6645771, 0.08634291, -0.7422143), (0.01912238, -0.0018281919, -0.9998154), (-1.0268702e-8, 2.750087e-7, -1), (0.6645771, 0.08634291, -0.7422143), (0.6193901, -0.14003819, -0.7724929), (-0.9988249, 0.04846522, 1.313064e-7), (-0.99951816, -0.031040085, 1.3347429e-7), (-0.70688665, -0.02195222, -0.7069861), (-0.69679195, 0.03323467, -0.71650296), (0.019122925, -0.0018286342, 0.9998154), (3.3886718e-7, -1.9606803e-7, 1), (-0.7068864, -0.021952542, 0.70698637), (-0.6967917, 0.033234257, 0.7165032), (0.61939096, -0.14003846, 0.77249205), (0.66457707, 0.08634257, 0.74221444), (3.3886718e-7, -1.9606803e-7, 1), (0.019122925, -0.0018286342, 0.9998154), (0.84002125, -0.5425534, -0.0000010527843), (0.610196, -0.7922505, -0.0000014971381), (0.5915931, -0.76809585, 0.24504371), (0.61939096, -0.14003846, 0.77249205), (0.99951816, 0.03104072, 8.276323e-8), (0.97894806, 0.20410967, 7.6025196e-7), (0.7708688, 0.13946, 0.6215401), (0.7213603, 0.022402069, 0.69219756), (0.72136045, 0.02240246, -0.69219744), (0.7708692, 0.13946044, -0.62153953), (0.97894806, 0.20410967, 7.6025196e-7), (0.99951816, 0.03104072, 8.276323e-8), (0.6193901, -0.14003819, -0.7724929), (0.59159124, -0.7680963, -0.24504662), (0.610196, -0.7922505, -0.0000014971381), (0.84002125, -0.5425534, -0.0000010527843), (0.61939096, -0.14003846, 0.77249205), (0.7213603, 0.022402069, 0.69219756), (0.7708688, 0.13946, 0.6215401), (0.66457707, 0.08634257, 0.74221444), (0.66457707, 0.08634257, 0.74221444), (0.7708688, 0.13946, 0.6215401), (0.97894806, 0.20410967, 7.6025196e-7), (0.9748922, 0.2226774, 5.5707795e-7), (0.6645771, 0.08634291, -0.7422143), (0.7708692, 0.13946044, -0.62153953), (0.72136045, 0.02240246, -0.69219744), (0.6193901, -0.14003819, -0.7724929), (0.98495483, 0.17233902, -0.012778737), (0.9841363, 0.17730318, -0.0062792385), (0.70127946, 0.1302889, 0.70087945), (0.7006958, 0.118293904, 0.7035851), (0.4122964, 0.3328391, -0.8480742), (0.003280894, 0.16436468, -0.98639417), (0.7327958, 0.19287945, -0.6525396), (0.6947574, 0.26343536, -0.6692637), (-0.9856098, -0.16888723, 0.0071025505), (-0.9834582, -0.18111351, 0.0027793706), (-0.7392916, -0.07311539, -0.6694043), (-0.9172197, -0.15984572, -0.3649074), (-2.0578769e-8, 2.1093238e-7, 1), (0.0039759353, 0.001499113, 0.99999094), (-0.6974348, -0.1295873, 0.7048347), (-0.70069593, -0.11829367, 0.70358497), (0.7006958, 0.118293904, 0.7035851), (0.70127946, 0.1302889, 0.70087945), (0.0039759353, 0.001499113, 0.99999094), (-2.0578769e-8, 2.1093238e-7, 1), (0.6947574, 0.26343536, -0.6692637), (0.7327958, 0.19287945, -0.6525396), (0.9841363, 0.17730318, -0.0062792385), (0.98495483, 0.17233902, -0.012778737), (-0.42567384, 0.2283494, -0.87559026), (-0.7392916, -0.07311539, -0.6694043), (0.003280894, 0.16436468, -0.98639417), (-0.42567384, 0.2283494, -0.87559026), (-0.70069593, -0.11829367, 0.70358497), (-0.6974348, -0.1295873, 0.7048347), (-0.9834582, -0.18111351, 0.0027793706), (-0.9856098, -0.16888723, 0.0071025505), (-0.6964664, -0.069403134, 0.71422535), (-0.70069593, -0.11829367, 0.70358497), (-0.9856098, -0.16888723, 0.0071025505), (-0.99422973, -0.10717319, 0.0045817397), (-0.23646975, -0.8411248, -0.4864064), (-0.23646975, -0.8411248, -0.4864064), (-0.018658623, -0.84493524, -0.53454316), (0.039507706, -0.8388755, -0.5428878), (0.81069434, 0.10679831, -0.57564646), (0.6947574, 0.26343536, -0.6692637), (0.98495483, 0.17233902, -0.012778737), (0.99405307, 0.1086935, -0.0066572432), (0.7128585, 0.07101697, 0.69770294), (0.7006958, 0.118293904, 0.7035851), (-2.0578769e-8, 2.1093238e-7, 1), (0.016550904, 0.0033151584, 0.9998575), (0.016550904, 0.0033151584, 0.9998575), (-2.0578769e-8, 2.1093238e-7, 1), (-0.70069593, -0.11829367, 0.70358497), (-0.6964664, -0.069403134, 0.71422535), (-0.99422973, -0.10717319, 0.0045817397), (-0.9856098, -0.16888723, 0.0071025505), (-0.9172197, -0.15984572, -0.3649074), (-0.827045, -0.09859036, -0.5534224), (0.039507706, -0.8388755, -0.5428878), (-0.018658623, -0.84493524, -0.53454316), (0.27084652, -0.78502417, -0.55711687), (0.27084652, -0.78502417, -0.55711687), (0.99405307, 0.1086935, -0.0066572432), (0.98495483, 0.17233902, -0.012778737), (0.7006958, 0.118293904, 0.7035851), (0.7128585, 0.07101697, 0.69770294), (-0.012956915, 0.0020064197, 0.9999141), (-0.003454218, -0.00013323546, 0.999994), (-0.7041484, 0.089514025, 0.7043879), (-0.6561501, 0.13304746, 0.7428092), (0.70346415, -0.08921115, -0.70510954), (0.6193901, -0.14003819, -0.7724929), (0.84002125, -0.5425534, -0.0000010527843), (0.9920544, -0.12580948, -1.1281677e-7), (0.6995897, -0.050714824, -0.7127428), (0.7018957, -0.094065644, -0.7060411), (0.9910984, -0.13313155, 1.2277609e-7), (0.99732107, -0.07314789, -1.11639224e-7), (2.3644144e-7, -3.4052707e-7, 1), (0.019122925, -0.0018286342, 0.9998154), (-0.6967917, 0.033234257, 0.7165032), (-0.703464, 0.089210995, 0.70510983), (-0.6719752, -0.06445545, -0.7377634), (-0.69679195, 0.03323467, -0.71650296), (0.01912238, -0.0018281919, -0.9998154), (-0.051707186, -0.13210544, -0.98988616), (0.9920544, -0.12580948, -1.1281677e-7), (0.84002125, -0.5425534, -0.0000010527843), (0.61939096, -0.14003846, 0.77249205), (0.7034642, -0.089211494, 0.7051095), (-0.703464, 0.089210995, 0.70510983), (-0.6967917, 0.033234257, 0.7165032), (-0.9988249, 0.04846522, 1.313064e-7), (-0.9920544, 0.12580949, 5.025474e-7), (0.70346415, -0.08921115, -0.70510954), (0.6717796, -0.16422856, -0.72231644), (-0.051707186, -0.13210544, -0.98988616), (0.6717796, -0.16422856, -0.72231644), (0.7018957, -0.094065644, -0.7060411), (-0.08905235, 0.28218535, -0.95521784), (-0.6719752, -0.06445545, -0.7377634), (-0.98595923, 0.1276919, -0.10760701), (-0.9920544, 0.12580949, 5.025474e-7), (-0.5795619, 0.12122408, -0.8058615), (-0.6693996, 0.21547359, -0.7109678), (-0.98595923, 0.1276919, -0.10760701), (0.9920544, -0.12580948, -1.1281677e-7), (0.99100834, -0.13380015, 1.335815e-7), (0.6717796, -0.16422856, -0.72231644), (0.70346415, -0.08921115, -0.70510954), (0.99100834, -0.13380015, 1.335815e-7), (0.9910984, -0.13313155, 1.2277609e-7), (0.7018957, -0.094065644, -0.7060411), (0.6717796, -0.16422856, -0.72231644), (2.3644144e-7, -3.4052707e-7, 1), (0.0014451217, -0.0015160532, 0.9999978), (0.70395595, -0.0952399, 0.70382917), (0.7034642, -0.089211494, 0.7051095), (0.0014451217, -0.0015160532, 0.9999978), (-0.003454218, -0.00013323546, 0.999994), (0.70189637, -0.09406638, 0.7060404), (0.70395595, -0.0952399, 0.70382917), (-0.703464, 0.089210995, 0.70510983), (-0.70389056, 0.08993461, 0.7045919), (0.0014451217, -0.0015160532, 0.9999978), (2.3644144e-7, -3.4052707e-7, 1), (-0.70389056, 0.08993461, 0.7045919), (-0.7041484, 0.089514025, 0.7043879), (-0.003454218, -0.00013323546, 0.999994), (0.0014451217, -0.0015160532, 0.9999978), (-0.051707186, -0.13210544, -0.98988616), (-0.21164592, -0.35430577, -0.9108641), (-0.5795619, 0.12122408, -0.8058615), (-0.6719752, -0.06445545, -0.7377634), (-0.24591936, 0.6158146, -0.74852926), (-0.08905235, 0.28218535, -0.95521784), (-0.6693996, 0.21547359, -0.7109678), (-0.5795619, 0.12122408, -0.8058615), (0.7034642, -0.089211494, 0.7051095), (0.70395595, -0.0952399, 0.70382917), (0.99100834, -0.13380015, 1.335815e-7), (0.9920544, -0.12580948, -1.1281677e-7), (0.70395595, -0.0952399, 0.70382917), (0.70189637, -0.09406638, 0.7060404), (0.9910984, -0.13313155, 1.2277609e-7), (0.99100834, -0.13380015, 1.335815e-7), (-0.9920544, 0.12580949, 5.025474e-7), (-0.98595923, 0.1276919, -0.10760701), (-0.70389056, 0.08993461, 0.7045919), (-0.703464, 0.089210995, 0.70510983), (-0.98595923, 0.1276919, -0.10760701), (-0.9920544, 0.12580945, 5.230595e-7), (-0.7041484, 0.089514025, 0.7043879), (-0.70389056, 0.08993461, 0.7045919), (-0.9920544, 0.12580949, 5.025474e-7), (-0.9988249, 0.04846522, 1.313064e-7), (-0.69679195, 0.03323467, -0.71650296), (-0.6719752, -0.06445545, -0.7377634), (-0.6693996, 0.21547359, -0.7109678), (-0.9920544, 0.12580945, 5.230595e-7), (-0.98595923, 0.1276919, -0.10760701), (-0.98595923, 0.1276919, -0.10760701), (-0.6719752, -0.06445545, -0.7377634), (-0.5795619, 0.12122408, -0.8058615), (-0.08905235, 0.28218535, -0.95521784), (-0.24591936, 0.6158146, -0.74852926), (-0.09158374, 0.6565102, -0.74873686), (0.6717796, -0.16422856, -0.72231644), (-0.21164592, -0.35430577, -0.9108641), (-0.051707186, -0.13210544, -0.98988616), (-0.70688665, -0.02195222, -0.7069861), (-0.70688665, -0.021952251, -0.70698607), (0.066747986, 0.071271345, -0.99522114), (-1.0268702e-8, 2.750087e-7, -1), (-0.7068864, -0.021952542, 0.70698637), (-0.70688635, -0.021952601, 0.7069864), (-0.99951816, -0.031040112, 9.240527e-8), (-0.99951816, -0.031040085, 1.3347429e-7), (-1.0268702e-8, 2.750087e-7, -1), (0.066747986, 0.071271345, -0.99522114), (0.7125491, 0.09234257, -0.69551903), (0.6645771, 0.08634291, -0.7422143), (0.066747986, 0.071271345, -0.99522114), (-0.0075556166, -0.00023444311, -0.9999714), (0.81069434, 0.10679831, -0.57564646), (0.7208062, -0.29578605, -0.62685645), (-0.99951816, -0.031040085, 1.3347429e-7), (-0.99951816, -0.031040112, 9.240527e-8), (-0.70688665, -0.021952251, -0.70698607), (-0.70688665, -0.02195222, -0.7069861), (3.3886718e-7, -1.9606803e-7, 1), (2.1564273e-7, -2.807848e-7, 1), (-0.70688635, -0.021952601, 0.7069864), (-0.7068864, -0.021952542, 0.70698637), (0.66457707, 0.08634257, 0.74221444), (0.71027476, 0.11164587, 0.6950143), (2.1564273e-7, -2.807848e-7, 1), (3.3886718e-7, -1.9606803e-7, 1), (0.7208062, -0.29578605, -0.62685645), (0.81069434, 0.10679831, -0.57564646), (0.99405307, 0.1086935, -0.0066572432), (0.95569426, -0.286618, -0.06707174), (0.95569426, -0.286618, -0.06707174), (0.72463363, -0.6755089, -0.13635907), (0.6986608, -0.68892604, -0.19301277), (0.7717966, 0.56611097, -0.28956583), (0.71027476, 0.11164587, 0.6950143), (0.94337606, 0.2894379, -0.16207229), (0.7125491, 0.09234257, -0.69551903), (0.066747986, 0.071271345, -0.99522114), (0.7450904, 0.3782127, -0.54935914), (0.6331274, -0.70827633, -0.31224105), (0.60476726, -0.71215826, -0.35649267), (0.7208062, -0.29578605, -0.62685645), (0.95569426, -0.286618, -0.06707174), (0.6986608, -0.68892604, -0.19301277), (0.6331274, -0.70827633, -0.31224105), (0.7208062, -0.29578605, -0.62685645), (0.7717966, 0.56611097, -0.28956583), (0.94337606, 0.2894379, -0.16207229), (0.7125491, 0.09234257, -0.69551903), (0.7450904, 0.3782127, -0.54935914), (0.95569426, -0.286618, -0.06707174), (0.99405307, 0.1086935, -0.0066572432), (0.7128585, 0.07101697, 0.69770294), (0.71027476, 0.11164587, 0.6950143), (-0.94732004, 0.07784151, 0.31068543), (-0.94355017, 0.08720706, -0.31954333), (-0.94323224, 0.087131776, -0.32050112), (-0.97893924, 0.08790899, 0.18425518), (-0.5225095, -8.33176e-8, 0.8526334), (-0.9282265, -2.6876745e-7, 0.3720156), (-0.96795344, -2.5790285e-7, 0.2511297), (-0.6568324, -1.6969597e-7, 0.75403666), (-0.55042815, 0.021814616, 0.83459747), (-0.94732004, 0.07784151, 0.31068543), (-0.97893924, 0.08790899, 0.18425518), (-0.6971718, 0.037282806, 0.715934), (0.09765881, 2.4396917e-7, 0.99521995), (-0.5225095, -8.33176e-8, 0.8526334), (-0.6568324, -1.6969597e-7, 0.75403666), (-0.089166395, 1.55398e-7, 0.99601674), (0.93098086, 0.000022834098, -0.365068), (0.9770673, 0.0000701052, 0.21293066), (0.92040855, 0.00008272812, 0.39095786), (0.96469206, 0.00003189245, -0.26338035), (0.93398976, -0.06501928, -0.35133412), (0.9786658, -0.06582016, 0.19463043), (0.95612586, -0.06966247, 0.28455323), (0.97206813, -0.063331045, -0.22599262), (0.57333136, 1.6862703e-7, -0.8193236), (0.93098086, 0.000022834098, -0.365068), (0.96469206, 0.00003189245, -0.26338035), (0.5983405, 1.827184e-7, -0.80124193), (0.5617972, -0.046076667, -0.82599086), (0.93398976, -0.06501928, -0.35133412), (0.97206813, -0.063331045, -0.22599262), (0.65964013, -0.05339443, -0.7496826), (-0.027045617, -7.462646e-8, -0.9996342), (0.57333136, 1.6862703e-7, -0.8193236), (0.5983405, 1.827184e-7, -0.80124193), (0.027686907, -5.863444e-8, -0.9996166), (-0.9036706, 0.024761388, -0.42751178), (-0.3991736, 0.015518793, -0.91674405), (-0.5804038, 0.014603751, -0.81419784), (-0.93057746, 0.026605839, -0.3651271), (-0.632284, -2.7362563e-7, -0.7747367), (-0.027045617, -7.462646e-8, -0.9996342), (0.027686907, -5.863444e-8, -0.9996166), (-0.5433243, -2.4115658e-7, -0.83952284), (-0.95853496, 0.037851, 0.28244996), (-0.9036706, 0.024761388, -0.42751178), (-0.93057746, 0.026605839, -0.3651271), (-0.97397745, 0.03737867, 0.2235412), (-0.9689555, -2.8287917e-7, -0.24723536), (-0.632284, -2.7362563e-7, -0.7747367), (-0.5433243, -2.4115658e-7, -0.83952284), (-0.92977726, -3.0590283e-7, -0.36812246), (-0.58731824, 0.017252162, 0.8091722), (-0.95853496, 0.037851, 0.28244996), (-0.97397745, 0.03737867, 0.2235412), (-0.6796666, 0.024180328, 0.7331225), (0.6515009, 0.00010579353, 0.7586479), (0.06864302, 0.0016171974, 0.99763995), (-0.109554514, 0.0026471552, 0.99397725), (0.51282614, 0.0001107274, 0.8584925), (0.63352484, 3.8747623e-7, 0.77372235), (0.09765881, 2.4396917e-7, 0.99521995), (-0.089166395, 1.55398e-7, 0.99601674), (0.5471052, 3.7777417e-7, 0.8370639), (0.038590103, -0.028534956, 0.9988476), (-0.58731824, 0.017252162, 0.8091722), (-0.6796666, 0.024180328, 0.7331225), (-0.11382146, -0.017412422, 0.99334854), (0.9770673, 0.0000701052, 0.21293066), (0.6515009, 0.00010579353, 0.7586479), (0.51282614, 0.0001107274, 0.8584925), (0.92040855, 0.00008272812, 0.39095786), (0.9417765, 3.7890158e-7, 0.33623946), (0.63352484, 3.8747623e-7, 0.77372235), (0.5471052, 3.7777417e-7, 0.8370639), (0.96503186, 3.697755e-7, 0.26213256), (0.27761835, -0.044745423, 0.9596488), (0.038590103, -0.028534956, 0.9988476), (-0.11382146, -0.017412422, 0.99334854), (0.27761835, -0.044745423, 0.9596488), (-0.9282265, -2.6876745e-7, 0.3720156), (-0.9689555, -2.8287917e-7, -0.24723536), (-0.92977726, -3.0590283e-7, -0.36812246), (-0.96795344, -2.5790285e-7, 0.2511297), (0.97371256, 2.8487824e-7, -0.22778009), (0.9417765, 3.7890158e-7, 0.33623946), (0.96503186, 3.697755e-7, 0.26213256), (0.9167004, 2.479061e-7, -0.39957532), (0.14851718, 0.025884517, -0.98857105), (0.31338483, 0.029393775, -0.94917125), (0.31338483, 0.029393775, -0.94917125), (-0.09664344, 0.019511659, -0.99512786), (0.04039755, -0.010190256, -0.9991317), (0.5617972, -0.046076667, -0.82599086), (0.65964013, -0.05339443, -0.7496826), (0.12673832, -0.01582984, -0.99180984), (0.6514663, 1.2440218e-7, -0.75867754), (0.97371256, 2.8487824e-7, -0.22778009), (0.9167004, 2.479061e-7, -0.39957532), (0.5184957, 7.168126e-8, -0.8550803), (-0.3991736, 0.015518793, -0.91674405), (0.14851718, 0.025884517, -0.98857105), (-0.09664344, 0.019511659, -0.99512786), (-0.5804038, 0.014603751, -0.81419784), (-0.56342226, 0.039209157, -0.82523817), (0.04039755, -0.010190256, -0.9991317), (0.12673832, -0.01582984, -0.99180984), (-0.5471039, 0.0376733, -0.8362165), (0.1002583, -8.683921e-8, -0.9949614), (0.6514663, 1.2440218e-7, -0.75867754), (0.5184957, 7.168126e-8, -0.8550803), (-0.08027037, -1.5335945e-7, -0.9967732), (0.9786658, -0.06582016, 0.19463043), (0.89169675, -0.07523898, 0.4463362), (0.89169675, -0.07523898, 0.4463362), (0.95612586, -0.06966247, 0.28455323), (-0.94355017, 0.08720706, -0.31954333), (-0.56342226, 0.039209157, -0.82523817), (-0.5471039, 0.0376733, -0.8362165), (-0.94323224, 0.087131776, -0.32050112), (-0.3003806, -2.2885152e-7, -0.9538195), (0.1002583, -8.683921e-8, -0.9949614), (-0.08027037, -1.5335945e-7, -0.9967732), (-0.3003806, -2.2885152e-7, -0.9538195), (0.06864302, 0.0016171974, 0.99763995), (-0.55042815, 0.021814616, 0.83459747), (-0.6971718, 0.037282806, 0.715934), (-0.109554514, 0.0026471552, 0.99397725), (-0.9535674, -0.111281514, 0.27986717), (-0.9793579, -0.105894566, 0.17217539), (-0.9304713, -0.05765947, -0.36179888), (-0.9314959, -0.057998504, -0.35909826), (-0.5110901, -0.08136187, 0.8556676), (-0.6624629, -0.10775675, 0.74130386), (-0.9578464, -0.1580657, 0.23988631), (-0.91124284, -0.15037508, 0.3834368), (-0.5390002, -0.06847237, 0.83951795), (-0.6835512, -0.09059498, 0.7242585), (-0.9793579, -0.105894566, 0.17217539), (-0.9535674, -0.111281514, 0.27986717), (0.11287259, 0.02965609, 0.9931668), (-0.10827808, -0.01000957, 0.9940703), (-0.6624629, -0.10775675, 0.74130386), (-0.5110901, -0.08136187, 0.8556676), (0.90386486, 0.18939827, -0.38360998), (0.9405184, 0.19515313, -0.27810138), (0.9058093, 0.18022604, 0.38344252), (0.96227, 0.19343127, 0.1913657), (0.90933645, 0.08083105, -0.40813437), (0.9630531, 0.08001958, -0.2571487), (0.9422596, 0.034282457, 0.33312392), (0.9735486, 0.04886077, 0.22319442), (0.56056297, 0.1311884, -0.8176544), (0.57399374, 0.13352987, -0.8078991), (0.9405184, 0.19515313, -0.27810138), (0.90386486, 0.18939827, -0.38360998), (0.56533307, 0.0670314, -0.8221346), (0.6398957, 0.071269624, -0.7651498), (0.9630531, 0.08001958, -0.2571487), (0.90933645, 0.08083105, -0.40813437), (-0.043809254, 0.030432906, -0.99857634), (0.01924566, 0.040734064, -0.99898463), (0.57399374, 0.13352987, -0.8078991), (0.56056297, 0.1311884, -0.8176544), (-0.90638727, -0.0700889, -0.41659287), (-0.919042, -0.07006664, -0.38788196), (-0.5749196, -0.064348884, -0.8156757), (-0.448298, -0.061986234, -0.8917324), (-0.6216008, -0.074314006, -0.77980113), (-0.5402633, -0.058125515, -0.8394861), (0.01924566, 0.040734064, -0.99898463), (-0.043809254, 0.030432906, -0.99857634), (-0.9624415, -0.06817581, 0.26278996), (-0.97136843, -0.06814616, 0.22759491), (-0.919042, -0.07006664, -0.38788196), (-0.90638727, -0.0700889, -0.41659287), (-0.9557614, -0.1490133, -0.2536045), (-0.9081536, -0.13630816, -0.3958246), (-0.5402633, -0.058125515, -0.8394861), (-0.6216008, -0.074314006, -0.77980113), (-0.61061364, -0.065531805, 0.7892127), (-0.65326005, -0.06610627, 0.75424224), (-0.97136843, -0.06814616, 0.22759491), (-0.9624415, -0.06817581, 0.26278996), (0.65068156, 0.120042816, 0.7498022), (0.49843565, 0.0838815, 0.8628591), (-0.06112695, -0.0046225213, 0.9981193), (0.07264456, 0.011322192, 0.9972936), (0.6269288, 0.12026193, 0.76973844), (0.53012455, 0.10341603, 0.8415896), (-0.10827808, -0.01000957, 0.9940703), (0.11287259, 0.02965609, 0.9931668), (0.004848168, -0.055225536, 0.99846214), (-0.076575816, -0.056521416, 0.9954604), (-0.65326005, -0.06610627, 0.75424224), (-0.61061364, -0.065531805, 0.7892127), (0.96227, 0.19343127, 0.1913657), (0.9058093, 0.18022604, 0.38344252), (0.49843565, 0.0838815, 0.8628591), (0.65068156, 0.120042816, 0.7498022), (0.91751313, 0.17817877, 0.3555588), (0.9434898, 0.18485822, 0.2750535), (0.53012455, 0.10341603, 0.8415896), (0.6269288, 0.12026193, 0.76973844), (0.65086466, -0.017862292, 0.7589836), (0.5395292, -0.028238567, 0.84149325), (-0.076575816, -0.056521416, 0.9954604), (0.004848168, -0.055225536, 0.99846214), (-0.91124284, -0.15037508, 0.3834368), (-0.9578464, -0.1580657, 0.23988631), (-0.9081536, -0.13630816, -0.3958246), (-0.9557614, -0.1490133, -0.2536045), (0.9559058, 0.19456287, -0.2199761), (0.87606615, 0.18064235, -0.44707546), (0.9434898, 0.18485822, 0.2750535), (0.91751313, 0.17817877, 0.3555588), (0.18888322, -0.043096557, -0.9810535), (-0.10323383, -0.053176455, -0.9932347), (0.43049863, -0.031301104, -0.90204835), (0.43049863, -0.031301104, -0.90204835), (0.0287811, 0.041766685, -0.9987128), (0.14986, 0.04736145, -0.9875722), (0.6398957, 0.071269624, -0.7651498), (0.56533307, 0.0670314, -0.8221346), (0.6255788, 0.13825834, -0.7678123), (0.4967927, 0.11687008, -0.8599642), (0.87606615, 0.18064235, -0.44707546), (0.9559058, 0.19456287, -0.2199761), (-0.448298, -0.061986234, -0.8917324), (-0.5749196, -0.064348884, -0.8156757), (-0.10323383, -0.053176455, -0.9932347), (0.18888322, -0.043096557, -0.9810535), (-0.55368423, 0.0017437194, -0.83272487), (-0.5404855, 0.0029465798, -0.84134823), (0.14986, 0.04736145, -0.9875722), (0.0287811, 0.041766685, -0.9987128), (0.14074576, 0.05746742, -0.9883765), (-0.07481924, 0.021111907, -0.99697363), (0.4967927, 0.11687008, -0.8599642), (0.6255788, 0.13825834, -0.7678123), (0.9735486, 0.04886077, 0.22319442), (0.9422596, 0.034282457, 0.33312392), (0.5395292, -0.028238567, 0.84149325), (0.65086466, -0.017862292, 0.7589836), (-0.9314959, -0.057998504, -0.35909826), (-0.9304713, -0.05765947, -0.36179888), (-0.5404855, 0.0029465798, -0.84134823), (-0.55368423, 0.0017437194, -0.83272487), (-0.2960628, -0.017925069, -0.9550002), (-0.2960628, -0.017925069, -0.9550002), (-0.07481924, 0.021111907, -0.99697363), (0.14074576, 0.05746742, -0.9883765), (0.07264456, 0.011322192, 0.9972936), (-0.06112695, -0.0046225213, 0.9981193), (-0.6835512, -0.09059498, 0.7242585), (-0.5390002, -0.06847237, 0.83951795)] (
                interpolation = "faceVarying"
            )
            point3f[] points = [(-7.699094e-8, -1.2654865, 0.021736171), (-0.0127763, -1.2654865, 0.017584926), (-0.020672442, -1.2654865, 0.0067168227), (-0.020672442, -1.2654865, -0.0067168926), (-0.012776306, -1.2654865, -0.017584996), (-8.093161e-8, -1.2654865, -0.021736246), (0.012776142, -1.2654865, -0.017584998), (0.020672284, -1.2654865, -0.0067168996), (0.020672284, -1.2654865, 0.006716821), (0.012776139, -1.2654865, 0.017584927), (-3.0848568e-8, -1.0735368, 0.024138065), (-0.014188083, -1.0735368, 0.01952809), (-0.022956776, -1.0735368, 0.0074590184), (-0.02295678, -1.0735368, -0.0074591786), (-0.014188086, -1.0735368, -0.019528253), (-3.5224673e-8, -1.0735368, -0.02413823), (0.014188011, -1.0735368, -0.019528251), (0.022956712, -1.0735368, -0.007459187), (0.022956716, -1.0735368, 0.0074590156), (0.014188011, -1.0735368, 0.019528093), (-2.7545923e-8, -1.063898, 0.030397628), (-0.017867362, -1.063898, 0.02459218), (-0.028909978, -1.063898, 0.009393329), (-0.028909981, -1.063898, -0.009393493), (-0.017867366, -1.063898, -0.024592353), (-3.3056892e-8, -1.063898, -0.0303978), (0.017867293, -1.063898, -0.024592353), (0.028909918, -1.063898, -0.009393503), (0.028909922, -1.063898, 0.009393326), (0.017867293, -1.063898, 0.024592187), (-2.5125715e-8, -1.0534016, 0.029928178), (-0.017591424, -1.0534016, 0.024212385), (-0.0284635, -1.0534016, 0.009248259), (-0.028463503, -1.0534016, -0.009248426), (-0.01759143, -1.0534016, -0.024212562), (-3.0551575e-8, -1.0534016, -0.029928353), (0.017591363, -1.0534016, -0.024212562), (0.028463447, -1.0534016, -0.009248436), (0.028463451, -1.0534016, 0.009248256), (0.017591361, -1.0534016, 0.02421239), (-0.0134121515, -1.0957253, -0.018460259), (-0.013639887, -1.099851, -0.018773707), (-0.014372997, -1.1260257, -0.019782733), (-0.014503482, -1.1301565, -0.019962328), (-0.01481137, -1.1630652, -0.020386083), (-0.014782457, -1.1671982, -0.020346282), (-0.0141755445, -1.2012917, -0.019510921), (-0.013976722, -1.2054186, -0.019237261), (-0.012936761, -1.231849, -0.017805861), (-0.012648408, -1.2359694, -0.017408978), (-0.021701287, -1.0957253, -0.0070512374), (-0.02206977, -1.099851, -0.007170964), (-0.023255967, -1.1260257, -0.0075563747), (-0.023467092, -1.1301565, -0.0076249717), (-0.023965267, -1.1630652, -0.0077868267), (-0.02391848, -1.1671982, -0.0077716243), (-0.02293647, -1.2012917, -0.0074525396), (-0.022614768, -1.2054186, -0.0073480112), (-0.02093207, -1.231849, -0.006801261), (-0.020465506, -1.2359694, -0.006649663), (-0.021701284, -1.0957253, 0.0070510884), (-0.022069767, -1.099851, 0.0071708164), (-0.023255963, -1.1260257, 0.0075562396), (-0.023467088, -1.1301565, 0.0076248394), (-0.023965264, -1.1630652, 0.0077867103), (-0.023918476, -1.1671982, 0.007771509), (-0.022936467, -1.2012917, 0.007452441), (-0.022614764, -1.2054186, 0.0073479135), (-0.020932075, -1.231849, 0.006801176), (-0.020465506, -1.2359694, 0.006649581), (-3.7260563e-8, -1.099851, 0.023205405), (-3.633646e-8, -1.0957253, 0.022817962), (-0.01341215, -1.0957253, 0.018460104), (-0.013639884, -1.099851, 0.018773556), (-4.427099e-8, -1.1301565, 0.02467464), (-4.3321705e-8, -1.1260257, 0.024452647), (-0.014372994, -1.1260257, 0.019782593), (-0.01450348, -1.1301565, 0.019962188), (-5.302222e-8, -1.1671982, 0.025149254), (-5.2026863e-8, -1.1630652, 0.025198447), (-0.014811369, -1.1630652, 0.020385962), (-0.014782454, -1.1671982, 0.020346165), (-6.23442e-8, -1.2054186, 0.023778452), (-6.130652e-8, -1.2012917, 0.024116708), (-0.014175543, -1.2012917, 0.019510819), (-0.013976719, -1.2054186, 0.019237163), (-0.012936759, -1.231849, 0.017805777), (-0.0126484055, -1.2359694, 0.017408893), (-6.9944875e-8, -1.2359694, 0.021518582), (-6.888918e-8, -1.231849, 0.022009157), (-3.561911e-8, -1.0945874, 0.025775682), (-3.7078053e-8, -1.1009889, 0.026213352), (-6.8226484e-8, -1.2307124, 0.024862036), (-6.983363e-8, -1.2371058, 0.024307873), (-4.25552e-8, -1.1248863, 0.027622258), (-4.4043176e-8, -1.131296, 0.027873026), (-5.1243916e-8, -1.1619253, 0.02846473), (-5.2784102e-8, -1.1683381, 0.028409163), (-6.05871e-8, -1.2001534, 0.027242776), (-6.2174465e-8, -1.2065568, 0.026860671), (-0.01428791, -1.2371058, 0.019665476), (-0.014613639, -1.2307124, 0.020113803), (-0.015407911, -1.1009889, 0.021207033), (-0.015150655, -1.0945874, 0.020852951), (-0.015788402, -1.2065568, 0.021730732), (-0.016012998, -1.2001534, 0.022039859), (-0.016698582, -1.1683381, 0.022983484), (-0.016731242, -1.1619253, 0.02302844), (-0.016383445, -1.131296, 0.022549737), (-0.016236046, -1.1248863, 0.022346864), (-0.023118278, -1.2371058, 0.00751152), (-0.02364532, -1.2307124, 0.007682765), (-0.024930492, -1.1009889, 0.008100323), (-0.024514247, -1.0945874, 0.007965077), (-0.025546132, -1.2065568, 0.008300373), (-0.025909536, -1.2001534, 0.00841845), (-0.027018838, -1.1683381, 0.008778877), (-0.027071686, -1.1619253, 0.008796047), (-0.02650894, -1.131296, 0.008613197), (-0.026270447, -1.1248863, 0.008535705), (-0.023118282, -1.2371058, -0.0075116013), (-0.023645323, -1.2307124, -0.007682849), (-0.024930496, -1.1009889, -0.008100469), (-0.02451425, -1.0945874, -0.007965224), (-0.025546135, -1.2065568, -0.008300469), (-0.02590954, -1.2001534, -0.008418547), (-0.027018841, -1.1683381, -0.00877899), (-0.02707169, -1.1619253, -0.008796165), (-0.026508944, -1.131296, -0.0086133275), (-0.026270451, -1.1248863, -0.008535839), (-0.014287914, -1.2371058, -0.019665562), (-0.014613641, -1.2307124, -0.020113891), (-0.015407912, -1.1009889, -0.021207185), (-0.015150657, -1.0945874, -0.02085311), (-0.015788406, -1.2065568, -0.021730833), (-0.016013, -1.2001534, -0.022039963), (-0.016698584, -1.1683381, -0.022983603), (-0.016731245, -1.1619253, -0.023028564), (-0.01638345, -1.131296, -0.022549883), (-0.01623605, -1.1248863, -0.022347009), (-7.4240546e-8, -1.2371058, -0.024307963), (-7.2730415e-8, -1.2307124, -0.024862131), (-4.1828372e-8, -1.1009889, -0.026213506), (-4.029215e-8, -1.0945874, -0.02577584), (-6.7014525e-8, -1.2065568, -0.026860774), (-6.549534e-8, -1.2001534, -0.027242882), (-5.7927338e-8, -1.1683381, -0.028409284), (-5.6398335e-8, -1.1619253, -0.028464856), (-4.9078153e-8, -1.131296, -0.02787317), (-4.7545512e-8, -1.1248863, -0.027622402), (0.014287763, -1.2371058, -0.019665563), (0.014613495, -1.2307124, -0.020113895), (0.015407825, -1.1009889, -0.021207187), (0.015150574, -1.0945874, -0.020853108), (0.01578827, -1.2065568, -0.021730835), (0.016012868, -1.2001534, -0.022039965), (0.016698465, -1.1683381, -0.022983605), (0.01673113, -1.1619253, -0.023028566), (0.016383348, -1.131296, -0.02254988), (0.016235951, -1.1248863, -0.022347007), (0.02311813, -1.2371058, -0.0075116097), (0.023645176, -1.2307124, -0.007682858), (0.024930416, -1.1009889, -0.008100478), (0.024514172, -1.0945874, -0.007965232), (0.025545998, -1.2065568, -0.008300477), (0.025909405, -1.2001534, -0.008418554), (0.02701872, -1.1683381, -0.008779), (0.027071571, -1.1619253, -0.008796173), (0.026508845, -1.131296, -0.008613335), (0.026270354, -1.1248863, -0.008535847), (0.023118135, -1.2371058, 0.007511517), (0.02364518, -1.2307124, 0.007682761), (0.02493042, -1.1009889, 0.00810032), (0.024514176, -1.0945874, 0.007965073), (0.025546001, -1.2065568, 0.008300369), (0.025909409, -1.2001534, 0.008418445), (0.027018724, -1.1683381, 0.008778874), (0.02707158, -1.1619253, 0.008796044), (0.02650885, -1.131296, 0.008613193), (0.02627036, -1.1248863, 0.0085357), (0.0142877605, -1.2371058, 0.019665478), (0.014613494, -1.2307124, 0.020113807), (0.015407825, -1.1009889, 0.021207038), (0.015150573, -1.0945874, 0.020852957), (0.01578827, -1.2065568, 0.021730736), (0.016012866, -1.2001534, 0.022039862), (0.016698465, -1.1683381, 0.02298349), (0.016731128, -1.1619253, 0.023028446), (0.016383346, -1.131296, 0.022549743), (0.016235951, -1.1248863, 0.02234687), (-7.3846095e-8, -1.2359694, -0.021518674), (-7.2876276e-8, -1.231849, -0.022009248), (-6.6628886e-8, -1.2054186, -0.023778554), (-6.565156e-8, -1.2012917, -0.024116814), (-5.7575264e-8, -1.1671982, -0.025149375), (-5.6589812e-8, -1.1630652, -0.025198571), (-4.872824e-8, -1.1301565, -0.024674783), (-4.773939e-8, -1.1260257, -0.024452787), (-4.1465768e-8, -1.099851, -0.02320556), (-4.0473267e-8, -1.0957253, -0.022818118), (0.012648259, -1.2359694, -0.017408978), (0.012936615, -1.231849, -0.017805863), (0.013976586, -1.2054186, -0.019237263), (0.014175411, -1.2012917, -0.019510921), (0.014782339, -1.1671982, -0.020346282), (0.014811256, -1.1630652, -0.020386085), (0.014503384, -1.1301565, -0.01996233), (0.0143729, -1.1260257, -0.019782731), (0.0136398, -1.099851, -0.018773707), (0.013412067, -1.0957253, -0.018460259), (0.02046536, -1.2359694, -0.006649671), (0.020931927, -1.231849, -0.0068012686), (0.022614634, -1.2054186, -0.007348018), (0.022936339, -1.2012917, -0.0074525466), (0.023918364, -1.1671982, -0.0077716317), (0.023965152, -1.1630652, -0.007786834), (0.023466993, -1.1301565, -0.0076249787), (0.023255872, -1.1260257, -0.0075563816), (0.022069689, -1.099851, -0.0071709706), (0.02170121, -1.0957253, -0.0070512444), (0.02046536, -1.2359694, 0.0066495785), (0.020931927, -1.231849, 0.0068011726), (0.022614637, -1.2054186, 0.00734791), (0.022936342, -1.2012917, 0.0074524377), (0.023918368, -1.1671982, 0.007771506), (0.023965158, -1.1630652, 0.0077867066), (0.023466997, -1.1301565, 0.0076248366), (0.023255875, -1.1260257, 0.0075562354), (0.022069693, -1.099851, 0.007170814), (0.021701213, -1.0957253, 0.0070510865), (0.012648257, -1.2359694, 0.017408893), (0.012936613, -1.231849, 0.01780578), (0.013976586, -1.2054186, 0.019237166), (0.014175409, -1.2012917, 0.019510822), (0.014782338, -1.1671982, 0.02034617), (0.014811255, -1.1630652, 0.020385968), (0.014503381, -1.1301565, 0.019962193), (0.014372898, -1.1260257, 0.0197826), (0.013639799, -1.099851, 0.01877356), (0.013412066, -1.0957253, 0.018460108), (0.048729695, -1.2672471, 0.029321978), (0.057708252, -1.2617011, 0.0131495055), (0.05770824, -1.2617011, -0.013148764), (0.048729688, -1.2672471, -0.029321255), (-0.049301893, -1.267247, -0.029321337), (-0.05828045, -1.261701, -0.013148866), (0.04852649, -1.2537428, -0.029321259), (0.057505053, -1.2481968, -0.01314877), (-0.058280446, -1.261701, 0.013149404), (-0.049301878, -1.267247, 0.029321898), (0.057505053, -1.2481968, 0.0131495), (0.0485265, -1.2537428, 0.029321974), (-0.058483645, -1.2481968, -0.01314887), (-0.04950509, -1.2537427, -0.029321345), (-0.049505074, -1.2537427, 0.02932189), (-0.058483638, -1.2481968, 0.013149399), (0.023982972, -1.2582101, 0.029321956), (-0.025027007, -1.2581983, 0.029321915), (-0.0005084627, -1.2600516, 0.029321935), (-0.024823809, -1.2717025, 0.02932192), (0.024186166, -1.2717143, 0.02932196), (-0.00030526565, -1.2735559, 0.02932194), (0.023982957, -1.2582101, -0.029321278), (-0.025027022, -1.2581983, -0.02932132), (-0.00050847547, -1.2600516, -0.0293213), (0.024186153, -1.2717143, -0.029321274), (-0.024823824, -1.2717025, -0.029321315), (-0.00030527968, -1.2735559, -0.029321292), (0.03813394, -1.2573076, 0.024230253), (0.045176115, -1.2529043, 0.010866135), (0.045176115, -1.2529043, -0.010865422), (0.038133927, -1.2573076, -0.024229543), (-0.038755562, -1.2573075, -0.024229614), (-0.045797758, -1.2529042, -0.010865499), (0.03797455, -1.2386076, -0.024229549), (0.045016747, -1.2342043, -0.010865426), (-0.045797758, -1.2529042, 0.010866058), (-0.038755555, -1.2573075, 0.024230184), (0.045016747, -1.2342043, 0.010866132), (0.037974566, -1.2386076, 0.024230247), (-0.045957107, -1.2342043, -0.010865504), (-0.038914934, -1.2386076, -0.024229618), (-0.03891492, -1.2386075, 0.02423018), (-0.045957107, -1.2342043, 0.010866052), (0.018724238, -1.2421545, 0.024230229), (-0.019715948, -1.2421451, 0.024230199), (-0.00048522183, -1.2436167, 0.024230214), (-0.01955657, -1.2608451, 0.024230205), (0.018883614, -1.2608545, 0.024230238), (-0.0003258496, -1.2623166, 0.02423022), (0.018724227, -1.2421546, -0.024229567), (-0.019715961, -1.2421451, -0.0242296), (-0.00048523245, -1.2436167, -0.024229584), (0.0188836, -1.2608545, -0.02422956), (-0.019556584, -1.2608451, -0.024229594), (-0.00032586092, -1.2623166, -0.024229579), (0.047713205, -1.2569958, -0.008215883), (0.048166465, -1.5019124, -0.0010424257), (0.047243312, -1.5510147, -0.0010424032), (0.044058293, -1.5962505, -0.0010423842), (0.014842414, -1.6212677, -0.008215832), (0.035681132, -1.6327839, -0.0010423725), (0.014156648, -1.6702751, -0.0021197335), (0.024369186, -1.6538628, -0.0010423708), (0.024326373, -1.2596353, -0.008215907), (0.024751183, -1.5024616, -0.00821585), (0.024423169, -1.5492034, -0.00821584), (0.021560848, -1.591754, -0.0082158325), (0.047774795, -1.2938836, -0.0010425189), (0.024406703, -1.3062305, -0.008215896), (0.047769934, -1.2914275, -0.008215875), (0.024402428, -1.3037955, -0.008215897), (-0.044614743, -1.2569957, -0.008215985), (0.001549172, -1.5030041, -0.008215875), (-0.04506812, -1.5019124, -0.001042528), (0.0015491613, -1.5478145, -0.008215863), (-0.044144988, -1.5510147, -0.0010425034), (0.0015491513, -1.5899408, -0.008215853), (-0.04095999, -1.5962505, -0.0010424776), (-0.011744128, -1.6212677, -0.008215861), (-0.032582846, -1.6327839, -0.0010424475), (-0.011058383, -1.6702751, -0.002119761), (-0.021270912, -1.6538628, -0.0010424209), (-0.021227915, -1.2596353, -0.008215957), (-0.021652836, -1.5024616, -0.008215901), (-0.021324847, -1.5492034, -0.008215889), (-0.018462548, -1.5917537, -0.008215876), (-0.044676356, -1.2938836, -0.0010426204), (-0.021308266, -1.3062304, -0.008215946), (-0.044671495, -1.2914274, -0.008215978), (-0.021303989, -1.3037955, -0.008215947), (0.0015492294, -1.2622427, -0.008215932), (0.0015492183, -1.3084472, -0.008215921), (0.0015492189, -1.3060329, -0.00821592), (0.0015491396, -1.6386324, -0.008215843), (0.0015491289, -1.6869913, -0.0021197435), (0.047713205, -1.2569958, 0.008272185), (0.048166465, -1.5019124, 0.0010989251), (0.047243312, -1.5510147, 0.0010989401), (0.044058293, -1.5962505, 0.0010989504), (0.014842416, -1.6212677, 0.0082723545), (0.035681132, -1.6327839, 0.0010989498), (0.014156648, -1.6702751, 0.002176293), (0.024369186, -1.6538628, 0.0010989401), (0.024326377, -1.2596353, 0.008272161), (0.024751186, -1.5024616, 0.008272298), (0.024423173, -1.5492034, 0.008272323), (0.021560851, -1.591754, 0.008272344), (0.047774795, -1.2938836, 0.0010988507), (0.024406707, -1.3062305, 0.008272187), (0.047769934, -1.2914275, 0.008272204), (0.024402432, -1.3037955, 0.008272185), (0.048166465, -1.5019124, 0.000028249777), (0.047243312, -1.5510147, 0.000028268469), (0.044058293, -1.5962505, 0.000028283126), (0.024369186, -1.6538628, 0.000028284627), (0.014156648, -1.6702751, 0.000028279996), (0.035681132, -1.6327839, 0.000028288589), (0.047769934, -1.2914275, 0.000028164864), (0.047774795, -1.2938836, 0.000028165858), (0.047713205, -1.2569958, 0.000028150984), (-0.044614743, -1.2569957, 0.0082720835), (0.0015491742, -1.5030041, 0.008272273), (-0.04506812, -1.5019124, 0.0010988228), (0.0015491635, -1.5478145, 0.008272298), (-0.044144988, -1.5510145, 0.0010988398), (0.0015491535, -1.5899408, 0.008272322), (-0.04095999, -1.5962505, 0.0010988571), (-0.011744126, -1.6212677, 0.008272325), (-0.032582846, -1.6327839, 0.001098875), (-0.011058383, -1.6702751, 0.0021762655), (-0.021270912, -1.6538628, 0.0010988901), (-0.021227911, -1.2596353, 0.0082721105), (-0.021652833, -1.5024616, 0.008272246), (-0.021324843, -1.5492034, 0.0082722735), (-0.018462544, -1.5917537, 0.0082723005), (-0.044676356, -1.2938836, 0.0010987492), (-0.021308262, -1.3062304, 0.0082721375), (-0.044671495, -1.2914274, 0.008272101), (-0.021303985, -1.3037955, 0.008272135), (0.0015492316, -1.2622427, 0.0082721375), (0.0015492205, -1.3084472, 0.008272163), (0.0015492211, -1.3060329, 0.008272163), (0.0015491418, -1.6386324, 0.008272349), (0.0015491295, -1.6869913, 0.002176289), (-0.04506812, -1.5019124, 0.000028147382), (-0.044144988, -1.5510145, 0.0000281681), (-0.04095999, -1.5962505, 0.000028189756), (-0.021270912, -1.6538628, 0.0000282345), (-0.011058383, -1.6702751, 0.000028252303), (-0.032582846, -1.6327839, 0.000028213619), (-0.044671495, -1.2914274, 0.000028063343), (-0.044676356, -1.2938836, 0.000028064322), (-0.044614743, -1.2569957, 0.000028049586), (0.0015491291, -1.6869913, 0.00002827286), (-0.016164647, -1.662069, 0.000028243405), (-0.016164647, -1.662069, -0.0015810909), (-0.022163486, -1.6270257, -0.0046291547), (-0.029711269, -1.5940021, -0.0046291766), (-0.032734916, -1.550109, -0.0046291966), (-0.033360474, -1.502187, -0.0046292143), (-0.032992307, -1.300057, -0.0046292827), (-0.03298774, -1.2976115, -0.008215962), (-0.03292133, -1.2583156, -0.008215971), (-0.016164647, -1.662069, 0.0016375779), (-0.022163486, -1.6270257, 0.0046855994), (-0.032734916, -1.550109, 0.004685556), (-0.029711269, -1.5940021, 0.0046855793), (-0.033360474, -1.502187, 0.004685535), (-0.03298774, -1.2976115, 0.008272119), (-0.032992307, -1.300057, 0.0046854434), (-0.03292133, -1.2583156, 0.0082720965), (0.047614828, -1.531254, -0.0010424121), (0.047614828, -1.531254, 0.000028260945), (0.024555175, -1.5303928, -0.008215844), (0.0015491656, -1.5297811, -0.008215869), (-0.044516493, -1.5312539, 0.00002815976), (-0.044516493, -1.5312539, -0.0010425134), (-0.021456843, -1.5303928, -0.008215893), (0.047614828, -1.531254, 0.0010989341), (0.024555178, -1.5303928, 0.0082723135), (0.0015491678, -1.5297811, 0.008272287), (-0.044516493, -1.5312539, 0.0010988329), (-0.02145684, -1.5303928, 0.008272263), (-0.032986667, -1.5308232, 0.0046855477), (-0.032986667, -1.5308233, -0.0046292036), (0.019262917, -1.662069, -0.0015810521), (0.019262917, -1.662069, 0.000028282311), (0.025261773, -1.6270258, -0.004629102), (0.035833243, -1.550109, -0.004629121), (0.032809574, -1.5940021, -0.004629108), (0.036458824, -1.502187, -0.004629138), (0.036086183, -1.2976115, -0.008215886), (0.036090754, -1.300057, -0.004629207), (0.03601979, -1.2583156, -0.008215895), (0.019262917, -1.662069, 0.0016376165), (0.025261775, -1.6270258, 0.004685652), (0.032809574, -1.5940021, 0.004685648), (0.035833243, -1.550109, 0.004685632), (0.036458824, -1.502187, 0.0046856115), (0.036090754, -1.300057, 0.0046855193), (0.036086183, -1.2976115, 0.008272194), (0.03601979, -1.2583156, 0.008272173), (0.036085002, -1.5308233, 0.0046856236), (0.036085002, -1.5308233, -0.004629128), (-0.04045146, -1.0514988, -0.007549842), (-0.044182792, -1.0548283, -0.0035229432), (-0.04443102, -1.0482705, -0.012266336), (-0.04816235, -1.0516, -0.008239437), (-0.03956558, -1.0670819, -0.01827854), (-0.04329691, -1.0704114, -0.014251639), (-0.04354514, -1.0638535, -0.022995036), (-0.04727646, -1.0671831, -0.018968133), (-0.04110276, -1.0534874, -0.020744557), (-0.0448341, -1.0568169, -0.016717656), (-0.037123196, -1.0567158, -0.016028056), (-0.040854536, -1.0600452, -0.012001156), (0.040545974, -1.2189063, 0.07680367), (0.036378667, -1.2208499, 0.08087246), (0.043993402, -1.2209725, 0.08273123), (0.03982608, -1.2229162, 0.08679998), (0.039525617, -1.2009573, 0.08329782), (0.035358295, -1.202901, 0.08736659), (0.042973034, -1.2030236, 0.08922536), (0.038805716, -1.2049673, 0.09329414), (0.046705697, -1.210495, 0.08283202), (0.042538363, -1.2124388, 0.08690082), (0.043258257, -1.2084287, 0.076904476), (0.039090954, -1.2103724, 0.08097328), (0.05177302, -1.2117575, 0.0695954), (0.04670343, -1.2137377, 0.06993096), (0.050156612, -1.20404, 0.06792097), (0.04508702, -1.2060202, 0.06825655), (0.052010953, -1.215943, 0.051644247), (0.046941385, -1.2179232, 0.051979817), (0.050394557, -1.2082255, 0.0499698), (0.045324966, -1.2102059, 0.050305374), (0.05419575, -1.2046016, 0.058685914), (0.049126144, -1.2065818, 0.059021454), (0.055812158, -1.212319, 0.06036036), (0.050742563, -1.2142993, 0.06069592), (0.053255577, -1.2066821, 0.012217184), (0.05185701, -1.2123605, 0.007705673), (0.058683246, -1.2082815, 0.0105669405), (0.05728471, -1.2139599, 0.006055447), (0.053961515, -1.2191001, 0.026237827), (0.052562978, -1.2247785, 0.02172634), (0.059389204, -1.2206997, 0.024587613), (0.057990644, -1.226378, 0.020076098), (0.060117695, -1.2100997, 0.021065913), (0.05871913, -1.2157781, 0.016554395), (0.054690007, -1.2085001, 0.02271611), (0.05329144, -1.2141786, 0.018204594), (-0.032988623, -1.157098, -0.00012712371), (-0.036335837, -1.1604321, 0.004515719), (-0.037336968, -1.1545221, -0.004558767), (-0.040684167, -1.1578561, 0.00008401623), (-0.032065913, -1.1733291, -0.0099328095), (-0.03541313, -1.1766633, -0.0052900286), (-0.03641425, -1.1707532, -0.014364491), (-0.039761476, -1.1740873, -0.009721668), (-0.034287296, -1.1600596, -0.013051778), (-0.037634514, -1.1633936, -0.008408978), (-0.029938959, -1.1626354, -0.008620117), (-0.033286177, -1.1659695, -0.0039772936), (-0.042000104, -1.1575061, 0.049257636), (-0.044342168, -1.1508256, 0.04728824), (-0.036947336, -1.1541836, 0.048421536), (-0.039289426, -1.1475033, 0.046452153), (-0.041686323, -1.1630254, 0.03164104), (-0.044028413, -1.1563449, 0.029671643), (-0.036633585, -1.159703, 0.030804949), (-0.038975663, -1.1530225, 0.028835563), (-0.034979425, -1.1621093, 0.04113613), (-0.037321486, -1.1554286, 0.039166726), (-0.040032145, -1.1654316, 0.041972205), (-0.04237423, -1.1587511, 0.040002827), (0.023622653, -1.0891687, 0.07998671), (0.018791178, -1.092057, 0.07940002), (0.025921421, -1.0965115, 0.078220055), (0.021089932, -1.0993996, 0.07763337), (0.023883075, -1.0937495, 0.09784889), (0.019051595, -1.0966377, 0.09726222), (0.026181841, -1.1010922, 0.09608224), (0.021350365, -1.1039805, 0.09549555), (0.029787678, -1.0965685, 0.087604806), (0.024956197, -1.0994567, 0.08701813), (0.02748891, -1.0892259, 0.08937147), (0.022657428, -1.092114, 0.08878476), (0.031998638, -1.0700293, -0.014740458), (0.026804205, -1.0712953, -0.014826689), (0.03307917, -1.0780683, -0.015566535), (0.027884742, -1.0793343, -0.015652781), (0.03211415, -1.0720611, 0.003550367), (0.026919732, -1.0733271, 0.0034641223), (0.033194687, -1.0801, 0.002724283), (0.028000256, -1.0813661, 0.002638047), (0.037153624, -1.0781051, -0.006354434), (0.031959195, -1.0793712, -0.006440662), (0.036073096, -1.0700662, -0.005528359), (0.030878661, -1.0713323, -0.005614603), (-0.040615678, -1.085854, -0.014468981), (-0.044208415, -1.0907447, -0.012012069), (-0.036482975, -1.0907637, -0.011670352), (-0.040075704, -1.0956542, -0.009213439), (-0.041148107, -1.0764885, 0.0015843753), (-0.044740837, -1.081379, 0.0040412783), (-0.037015397, -1.081398, 0.0043829978), (-0.040608123, -1.0862887, 0.0068398956), (-0.033971027, -1.082299, -0.0055435575), (-0.037563767, -1.0871897, -0.0030866142), (-0.038103737, -1.0773895, -0.008342188), (-0.041696463, -1.0822802, -0.00588524), (-0.037782058, -1.0806673, -0.017918631), (-0.043070816, -1.080741, -0.017827263), (-0.037598606, -1.0885768, -0.019978805), (-0.042887375, -1.0886506, -0.019887455), (-0.037495427, -1.0857092, -0.00017093777), (-0.042784184, -1.085783, -0.000079612466), (-0.037311975, -1.0936188, -0.0022311253), (-0.042600747, -1.0936925, -0.002139758), (-0.033365656, -1.0910407, -0.011175594), (-0.038654406, -1.0911145, -0.011084236), (-0.0335491, -1.0831312, -0.009115448), (-0.03883786, -1.0832049, -0.009024053), (-0.04964492, -1.0998096, 0.036130205), (-0.050695255, -1.0930276, 0.039370626), (-0.04412452, -1.0984411, 0.03656658), (-0.04517486, -1.0916591, 0.039807018), (-0.050128274, -1.0913068, 0.019641342), (-0.05117863, -1.0845248, 0.02288175), (-0.044607885, -1.0899383, 0.020077715), (-0.045658227, -1.0831562, 0.023318114), (-0.04355399, -1.099434, 0.025816409), (-0.044604324, -1.0926521, 0.029056853), (-0.049074393, -1.1008027, 0.02538006), (-0.050124746, -1.0940205, 0.028620455), (-0.04492932, -1.098308, 0.06360042), (-0.04980445, -1.0951191, 0.06348881), (-0.042734772, -1.090852, 0.063373566), (-0.047609888, -1.0876632, 0.06326198), (-0.044893727, -1.098934, 0.045215923), (-0.04976886, -1.0957452, 0.045104332), (-0.04269917, -1.0914781, 0.044989068), (-0.047574297, -1.0882893, 0.0448775), (-0.0389472, -1.0936309, 0.054267593), (-0.04382231, -1.0904421, 0.054156), (-0.041141734, -1.1010869, 0.054494455), (-0.04601685, -1.0978979, 0.054382864), (-0.014086959, -1.0958052, 0.08434602), (-0.019299448, -1.0969318, 0.08435385), (-0.01310882, -1.1039134, 0.08443658), (-0.018321328, -1.1050401, 0.08444437), (-0.014099566, -1.0955828, 0.10273909), (-0.01931208, -1.0967096, 0.1027469), (-0.013121457, -1.1036912, 0.10282963), (-0.01833395, -1.1048179, 0.10283744), (-0.009084464, -1.1029311, 0.09362706), (-0.014296968, -1.1040578, 0.09363485), (-0.010062599, -1.0948228, 0.093536496), (-0.015275088, -1.0959494, 0.093544364), (0.034728434, -1.0658656, 0.06275722), (0.03200351, -1.0654655, 0.06906868), (0.029918723, -1.0666434, 0.05877265), (0.027193774, -1.0662432, 0.06508414), (0.0358143, -1.0849663, 0.06447245), (0.033089347, -1.0845662, 0.0707839), (0.031004565, -1.085744, 0.060487915), (0.028279642, -1.0853438, 0.066799365), (0.032568753, -1.0765032, 0.0547498), (0.029843811, -1.076103, 0.06106126), (0.03737848, -1.0757254, 0.05873432), (0.034653537, -1.0753253, 0.06504581), (-0.009647661, -1.0672129, -0.02509435), (-0.014925426, -1.0673048, -0.024620991), (-0.009471584, -1.0626343, -0.018595226), (-0.014749347, -1.0627263, -0.018121878), (-0.010553575, -1.0512776, -0.035336357), (-0.015831335, -1.0513694, -0.034862965), (-0.010377497, -1.046699, -0.0288372), (-0.015655259, -1.046791, -0.028363891), (-0.0058434103, -1.0545957, -0.024082268), (-0.011121167, -1.0546875, -0.02360889), (-0.006019478, -1.0591742, -0.03058138), (-0.011297243, -1.0592661, -0.03010802), (-0.047789924, -1.06365, 0.021114271), (-0.052985247, -1.0619805, 0.021265378), (-0.046713676, -1.0556719, 0.021685604), (-0.051908996, -1.0540024, 0.021836743), (-0.04787242, -1.062199, 0.0027726977), (-0.053067748, -1.0605295, 0.0029237887), (-0.04679616, -1.0542209, 0.003344037), (-0.051991485, -1.0525514, 0.0034951402), (-0.04273754, -1.0562373, 0.01239797), (-0.047932863, -1.0545678, 0.012549072), (-0.043813787, -1.0642154, 0.011826633), (-0.049009092, -1.062546, 0.011977749), (-0.050657094, -1.0640211, 0.046132628), (-0.053947795, -1.0579422, 0.045198824), (-0.04624309, -1.0591499, 0.045467775), (-0.04953376, -1.0530708, 0.04453399), (-0.050490864, -1.0669453, 0.02795329), (-0.053781554, -1.0608664, 0.027019488), (-0.046076853, -1.062074, 0.027288452), (-0.049367525, -1.055995, 0.026354667), (-0.04361537, -1.0653125, 0.037100207), (-0.046906058, -1.0592335, 0.03616639), (-0.048029408, -1.0701839, 0.03776504), (-0.051320083, -1.064105, 0.03683121), (0.035742648, -1.0252745, 0.03998079), (0.03305932, -1.0315764, 0.03834704), (0.040599342, -1.0294274, 0.03876121), (0.037916012, -1.0357293, 0.037127465), (0.03603792, -1.0304685, 0.05768808), (0.033354595, -1.0367705, 0.056054316), (0.04089462, -1.0346212, 0.0564685), (0.03821127, -1.0409232, 0.05483475), (0.042821914, -1.0271512, 0.048878163), (0.040138587, -1.0334531, 0.04724442), (0.037965212, -1.0229985, 0.050097767), (0.035281897, -1.0293003, 0.048464004), (0.035179917, -1.0215967, 0.03036533), (0.031127023, -1.0169228, 0.032313216), (0.038800705, -1.0158647, 0.032485075), (0.034747805, -1.0111909, 0.034432948), (0.034767747, -1.0143465, 0.013335225), (0.030714866, -1.0096726, 0.015283093), (0.038388543, -1.0086145, 0.015454951), (0.03433565, -1.0039408, 0.017402845), (0.041728612, -1.0158538, 0.02246377), (0.037675705, -1.0111799, 0.024411652), (0.038107827, -1.0215856, 0.02034405), (0.03405493, -1.0169119, 0.022291906), (0.0007890643, -0.9800473, -0.019810155), (-0.0043858583, -0.9789356, -0.018528815), (0.0019314627, -0.97399724, -0.014812759), (-0.0032434645, -0.97288567, -0.013531419), (0.00006914161, -0.96738344, -0.033627328), (-0.005105782, -0.9662718, -0.032345984), (0.0012115377, -0.9613335, -0.028629927), (-0.003963386, -0.96022195, -0.027348606), (0.005573104, -0.96852493, -0.022712186), (0.00039818487, -0.96741337, -0.021430835), (0.004430705, -0.97457486, -0.027709577), (-0.000744205, -0.97346336, -0.02642824), (0.021905227, -0.953157, 0.043293398), (0.017364172, -0.9568999, 0.043744195), (0.02479994, -0.96022964, 0.044268366), (0.020258876, -0.9639725, 0.044719152), (0.021754205, -0.9505003, 0.061510455), (0.017213143, -0.95424324, 0.061961237), (0.024648912, -0.95757306, 0.06248542), (0.02010784, -0.9613159, 0.06293621), (0.02823589, -0.956007, 0.0530283), (0.023694828, -0.95974994, 0.053479105), (0.025341185, -0.94893444, 0.052053332), (0.020800127, -0.95267725, 0.052504137), (0.022256147, -0.94695616, 0.015028213), (0.019631704, -0.94321835, 0.009656972), (0.027135964, -0.94441414, 0.01210413), (0.024511537, -0.94067633, 0.0067328797), (0.023148894, -0.96266013, 0.004462791), (0.02052445, -0.9589223, -0.00090846146), (0.02802873, -0.96011806, 0.0015386947), (0.025404286, -0.9563803, -0.0038325454), (0.029611746, -0.9551564, 0.010974846), (0.026987309, -0.95141864, 0.005603592), (0.024731928, -0.95769846, 0.013898925), (0.02210748, -0.95396066, 0.0085276775), (-0.00044439788, -0.9708905, -0.029077366), (-0.005699437, -0.97156143, -0.028832503), (0.00013857539, -0.97655547, -0.023444159), (-0.0051164664, -0.9772263, -0.02319929), (-0.0012280806, -0.957105, -0.016285287), (-0.006483128, -0.9577758, -0.016040415), (-0.00064510567, -0.96277, -0.010652076), (-0.0059001553, -0.9634407, -0.010407214), (0.0038103114, -0.96914405, -0.017237471), (-0.0014447352, -0.9698148, -0.016992614), (0.0032273426, -0.963479, -0.022870671), (-0.0020277149, -0.96414983, -0.0226258), (-0.0021696505, -1.0313993, 0.09054308), (-0.007448999, -1.0317209, 0.090419255), (-0.0020011556, -1.0364915, 0.09669195), (-0.007280495, -1.0368133, 0.096568115), (-0.003024361, -1.0163645, 0.10196832), (-0.008303707, -1.0166861, 0.101844475), (-0.0028558655, -1.0214567, 0.10811718), (-0.008135203, -1.0217783, 0.10799336), (0.0016538515, -1.0287254, 0.10250034), (-0.0036254867, -1.029047, 0.10237648), (0.0014853546, -1.0236331, 0.09635146), (-0.003793982, -1.0239547, 0.09622762), (0.0064161853, -1.016186, 0.08798855), (0.0011447292, -1.0158998, 0.088645935), (0.006027714, -1.0220708, 0.082569934), (0.0007562579, -1.0217844, 0.08322732), (0.0071754833, -1.0295423, 0.10119261), (0.0019040278, -1.029256, 0.10184999), (0.0067870114, -1.0354271, 0.09577398), (0.001515558, -1.0351408, 0.09643136), (0.010483626, -1.0289702, 0.088663645), (0.005212172, -1.0286839, 0.08932102), (0.01087209, -1.0230856, 0.09408225), (0.0056006364, -1.0227993, 0.09473963), (0.029643757, -1.0193555, 0.006273081), (0.024359562, -1.0187123, 0.0061995867), (0.02996321, -1.0112083, 0.0057142205), (0.024678998, -1.010565, 0.005640728), (0.029722188, -1.020735, -0.0120735755), (0.024437973, -1.0200919, -0.012147044), (0.030041635, -1.0125878, -0.012632418), (0.024757432, -1.0119447, -0.012705924), (0.03408853, -1.0123954, -0.0034022662), (0.02880433, -1.0117521, -0.0034757582), (0.033769093, -1.0205426, -0.0028434028), (0.028484888, -1.0198994, -0.0029169116), (0.004180568, -1.0271546, -0.023439256), (-0.0009068783, -1.0286616, -0.024642678), (0.002665866, -1.0220047, -0.017661594), (-0.002421575, -1.0235118, -0.018865025), (0.0033581282, -1.0126873, -0.035519417), (-0.001729318, -1.0141944, -0.03672286), (0.001843424, -1.0075374, -0.029741773), (-0.0032440296, -1.0090445, -0.030945208), (0.0061886203, -1.0136057, -0.022771098), (0.0011011669, -1.0151128, -0.023974538), (0.0077033187, -1.0187556, -0.028548786), (0.0026158781, -1.0202627, -0.02975218), (0.03517055, -1.0873414, 0.039204948), (0.033681124, -1.0921062, 0.044558335), (0.04056727, -1.0886497, 0.04121283), (0.039077837, -1.0934144, 0.04656622), (0.034330603, -1.072566, 0.05093723), (0.03284117, -1.0773308, 0.056290634), (0.039727304, -1.0738744, 0.052945122), (0.03823788, -1.0786391, 0.05829851), (0.04129902, -1.0775777, 0.042939343), (0.039809596, -1.0823424, 0.048292752), (0.03590232, -1.0762694, 0.04093147), (0.034412872, -1.0810341, 0.04628485), (-0.037132822, -1.2009788, 0.004442586), (-0.042001694, -1.1979897, 0.0055337274), (-0.03933811, -1.208063, 0.0022132266), (-0.04420698, -1.2050741, 0.0033043309), (-0.03678345, -1.2071245, 0.02186748), (-0.04165231, -1.2041354, 0.022958582), (-0.038988728, -1.2142087, 0.019638084), (-0.04385759, -1.2112198, 0.020729207), (-0.035398487, -1.2134471, 0.010081904), (-0.040267352, -1.2104583, 0.0111730555), (-0.033193197, -1.2063628, 0.012311299), (-0.038062047, -1.2033738, 0.013402416), (-0.038254358, -1.1991702, 0.0637981), (-0.040136337, -1.1976689, 0.057047144), (-0.03300585, -1.1981139, 0.061207063), (-0.03488783, -1.1966125, 0.05445608), (-0.037192352, -1.2178513, 0.059612792), (-0.039074343, -1.21635, 0.052861825), (-0.031943843, -1.2167951, 0.05702173), (-0.033825837, -1.2152936, 0.050270762), (-0.03101956, -1.2086154, 0.064334735), (-0.03290158, -1.207114, 0.057583764), (-0.03626805, -1.2096717, 0.06692577), (-0.038150057, -1.2081704, 0.060174823), (-0.00024474622, -1.2040868, 0.10002413), (0.00018297689, -1.2087816, 0.09553426), (0.0000771888, -1.2040801, 0.091025986), (-0.00035053215, -1.1993854, 0.09551586), (-0.01606397, -1.2055609, 0.09600089), (-0.014702432, -1.2101706, 0.09176318), (-0.013962648, -1.2053919, 0.087483324), (-0.015324176, -1.2007823, 0.091721006), (-0.028329147, -1.206943, 0.08695244), (-0.026055902, -1.2114552, 0.08339754), (-0.024424559, -1.2065811, 0.0797854), (-0.026697781, -1.202069, 0.08334025), (-0.037087057, -1.207904, 0.07389611), (-0.034132604, -1.2123479, 0.071346544), (-0.031760085, -1.2073995, 0.06882808), (-0.034714565, -1.2029557, 0.07137766), (-0.042472728, -1.2081201, 0.058050305), (-0.03915737, -1.2125542, 0.056531914), (-0.036332518, -1.2075936, 0.055305902), (-0.039647903, -1.2031596, 0.05682428), (-0.044782486, -1.2072979, 0.040582713), (-0.041349012, -1.2117748, 0.039905604), (-0.03834382, -1.2068795, 0.0399643), (-0.041777298, -1.2024027, 0.040641394), (-0.04435708, -1.2051563, 0.022505183), (-0.04093457, -1.2097073, 0.02243142), (-0.037951507, -1.2049614, 0.023704462), (-0.04137399, -1.2004104, 0.023778211), (-0.041504666, -1.2014064, 0.0047480618), (-0.03814478, -1.2060435, 0.0050707813), (-0.035345726, -1.2015506, 0.007509145), (-0.03870561, -1.1969135, 0.0071863667), (-0.036496352, -1.1957456, -0.011765755), (-0.033206504, -1.2004639, -0.011212122), (-0.030753657, -1.1963725, -0.0076315706), (-0.034043506, -1.1916541, -0.008185225), (-0.029584575, -1.1878622, -0.026084494), (-0.026343495, -1.1926371, -0.025430301), (-0.02442118, -1.1891617, -0.020756342), (-0.027662273, -1.1843867, -0.021410584), (-0.021026507, -1.1774514, -0.037213482), (-0.01779195, -1.1822343, -0.03655081), (-0.016589414, -1.1796458, -0.030946877), (-0.01982394, -1.1748629, -0.031609487), (-0.011107688, -1.1642457, -0.04413387), (-0.007828873, -1.1689693, -0.043502107), (-0.0074710883, -1.1675147, -0.0373088), (-0.01074989, -1.1627911, -0.03794058), (-0.000110691864, -1.1479956, -0.045867484), (0.0031938024, -1.1526818, -0.045240007), (0.002718157, -1.1524409, -0.038907535), (-0.0005863524, -1.1477549, -0.03953505), (0.010739219, -1.1313113, -0.04198748), (0.013985787, -1.1360853, -0.041381005), (0.012722324, -1.1370405, -0.035334423), (0.009475766, -1.1322664, -0.035940852), (0.019742997, -1.1176269, -0.03339039), (0.022925539, -1.1224993, -0.032845214), (0.020926833, -1.1245834, -0.027502576), (0.017744293, -1.1197109, -0.028047744), (0.026776385, -1.1065814, -0.021127392), (0.029955884, -1.1114587, -0.020587476), (0.027380247, -1.1144608, -0.016242541), (0.024200749, -1.1095837, -0.016782468), (0.03178386, -1.0977066, -0.00628305), (0.03500399, -1.1025105, -0.0056240293), (0.03206248, -1.1061718, -0.0023512973), (0.028842347, -1.1013678, -0.0030103172), (0.034757372, -1.0904796, 0.01010566), (0.038029388, -1.095155, 0.011047685), (0.034905773, -1.0992683, 0.0133264735), (0.031633794, -1.0945929, 0.012384451), (0.035702325, -1.0843741, 0.02705822), (0.039000433, -1.088873, 0.028474182), (0.035829246, -1.0933076, 0.029889625), (0.032531135, -1.0888087, 0.02847366), (0.034623172, -1.0788814, 0.043618664), (0.037873477, -1.0831407, 0.045731623), (0.034752652, -1.0878279, 0.046412617), (0.03150234, -1.0835686, 0.04429967), (0.031530436, -1.0735184, 0.058836784), (0.034581207, -1.0774295, 0.061898317), (0.03158981, -1.0823425, 0.061964013), (0.028539032, -1.0784315, 0.058902487), (0.026451778, -1.067827, 0.07178523), (0.029032452, -1.0712037, 0.076009504), (0.026237432, -1.0763398, 0.075589515), (0.02365675, -1.0729632, 0.07136521), (0.01941595, -1.0613577, 0.08161642), (0.021151584, -1.0639436, 0.08699555), (0.01859109, -1.0692995, 0.08625503), (0.016855443, -1.0667133, 0.08087589), (0.010378904, -1.0536168, 0.087576345), (0.01096779, -1.0552049, 0.093713604), (0.008619141, -1.0607449, 0.09283305), (0.008030242, -1.0591568, 0.08669575), (-0.0008640357, -1.0439823, 0.08886154), (-0.0014145697, -1.0446079, 0.095155306), (-0.0035493707, -1.0503285, 0.09424534), (-0.002998828, -1.049703, 0.087951586), (-0.012858641, -1.0342603, 0.08520011), (-0.014409336, -1.0340914, 0.09119276), (-0.016234344, -1.0400581, 0.09037606), (-0.014683663, -1.040227, 0.0843834), (-0.023215493, -1.0270594, 0.0776073), (-0.025680719, -1.0262487, 0.08293059), (-0.027178597, -1.032445, 0.08235335), (-0.024713384, -1.0332557, 0.077030055), (-0.03178204, -1.0220535, 0.066938825), (-0.03501627, -1.0207857, 0.07131117), (-0.0362817, -1.0271202, 0.07102137), (-0.03304747, -1.0283879, 0.06664903), (-0.038453717, -1.0188901, 0.05402089), (-0.042262286, -1.0173421, 0.057288542), (-0.043395173, -1.0237412, 0.057253648), (-0.03958662, -1.0252894, 0.05398599), (-0.043111525, -1.0172285, 0.039695106), (-0.047306888, -1.0155348, 0.041775264), (-0.04838502, -1.0219544, 0.041908447), (-0.04418967, -1.0236483, 0.039828278), (-0.045637477, -1.0167274, 0.024829319), (-0.05004636, -1.014984, 0.025635354), (-0.051116258, -1.0214057, 0.025817655), (-0.046707407, -1.0231491, 0.025011634), (-0.0459333, -1.0170417, 0.010311389), (-0.050362837, -1.0153222, 0.009706355), (-0.051434144, -1.0217454, 0.009793238), (-0.047004618, -1.0234649, 0.0103983125), (-0.043939352, -1.0178235, -0.0029796187), (-0.048115607, -1.0161895, -0.0051703397), (-0.04914532, -1.0226268, -0.0053440416), (-0.04496904, -1.0242608, -0.0031533442), (-0.03963232, -1.0187346, -0.01425143), (-0.043150622, -1.017225, -0.018107474), (-0.04402009, -1.0236927, -0.018686697), (-0.040501796, -1.0252024, -0.014830686), (-0.03293586, -1.0194623, -0.022881912), (-0.035349365, -1.0180608, -0.028147794), (-0.03588181, -1.0245613, -0.029157143), (-0.033468295, -1.025963, -0.023891244), (-0.023588328, -1.0197028, -0.02829097), (-0.024675973, -1.0183306, -0.03434668), (-0.024739105, -1.0248415, -0.03563554), (-0.023651466, -1.0262139, -0.02957987), (-0.011220648, -1.0191089, -0.029668476), (-0.011068448, -1.0176903, -0.03588759), (-0.010708112, -1.0241855, -0.037232302), (-0.010860293, -1.025604, -0.031013226), (0.001940366, -1.0180926, -0.02634295), (0.0032574623, -1.0165958, -0.032260608), (0.0039016416, -1.0230719, -0.033531874), (0.0025845491, -1.0245688, -0.027614199), (0.012749486, -1.0173578, -0.018953811), (0.015169946, -1.015786, -0.024118338), (0.016027778, -1.0222477, -0.025243767), (0.013607323, -1.0238194, -0.020079263), (0.021258831, -1.0168765, -0.008339966), (0.024562709, -1.0152545, -0.012414334), (0.025591632, -1.0217063, -0.013328605), (0.022287752, -1.0233284, -0.009254279), (0.027489264, -1.0166308, 0.00470312), (0.03139952, -1.0149845, 0.0018814154), (0.032545865, -1.0214317, 0.0012097104), (0.028635615, -1.023078, 0.0040313993), (0.031413183, -1.016606, 0.019342866), (0.03567678, -1.0149572, 0.017823853), (0.036891565, -1.0214038, 0.017404363), (0.03262795, -1.0230527, 0.018923428), (0.032995284, -1.0167872, 0.034693588), (0.037396125, -1.015154, 0.034503754), (0.038637474, -1.0216038, 0.03434168), (0.034236647, -1.0232369, 0.034531534), (0.032219894, -1.0171572, 0.049839497), (0.036545962, -1.0155581, 0.051032297), (0.03777283, -1.0220144, 0.051138), (0.03344675, -1.0236135, 0.04994518), (0.029101128, -1.0176963, 0.063869566), (0.033094496, -1.0161539, 0.06651749), (0.034256954, -1.0226212, 0.06690498), (0.030263575, -1.0241635, 0.064257056), (0.02367408, -1.0183842, 0.0759247), (0.026995854, -1.0169263, 0.0800322), (0.028028252, -1.02341, 0.08070232), (0.024706481, -1.0248678, 0.0765948), (0.015945856, -1.019205, 0.08523676), (0.01822303, -1.0178577, 0.090587765), (0.019053113, -1.0243627, 0.0914987), (0.016775955, -1.02571, 0.08614765), (0.0058241263, -1.020151, 0.09107254), (0.006816125, -1.0189241, 0.09717209), (0.007397353, -1.0254524, 0.09822797), (0.006405352, -1.0266794, 0.09212841), (-0.006834434, -1.0212276, 0.0925769), (-0.007079619, -1.0200887, 0.098845705), (-0.006822242, -1.02664, 0.09994588), (-0.0065770396, -1.027779, 0.09367707), (-0.01963526, -1.0215485, 0.08948601), (-0.02101469, -1.0204159, 0.095471844), (-0.021256914, -1.02697, 0.09644737), (-0.01987747, -1.0281026, 0.09046155), (-0.029554332, -1.0203477, 0.08281827), (-0.03202289, -1.0190781, 0.08806356), (-0.032854576, -1.0255581, 0.088638306), (-0.030386008, -1.0268278, 0.08339301), (-0.0368961, -1.0178566, 0.07332877), (-0.04024116, -1.0162913, 0.07745338), (-0.041565068, -1.0226052, 0.077398814), (-0.03821999, -1.0241706, 0.0732742), (-0.041884184, -1.0142418, 0.061645288), (-0.045774397, -1.0122901, 0.06452401), (-0.047419112, -1.0183767, 0.063736215), (-0.043528903, -1.0203284, 0.060857456), (-0.044622995, -1.0096661, 0.048431076), (-0.048764687, -1.0073086, 0.05014093), (-0.050566632, -1.0131415, 0.04862245), (-0.046424937, -1.0154991, 0.046912573), (-0.04517722, -1.0043243, 0.034457583), (-0.04936459, -1.0015707, 0.035135016), (-0.051197253, -1.007137, 0.032921407), (-0.047009896, -1.0098907, 0.03224391), (-0.043633644, -0.9984389, 0.020561494), (-0.047719896, -0.99529344, 0.02031866), (-0.04947854, -1.0005728, 0.017431425), (-0.04539231, -1.0037183, 0.017674249), (-0.040115, -0.9922454, 0.0075929523), (-0.043968566, -0.98869115, 0.0065007894), (-0.04554207, -0.9936452, 0.0029376817), (-0.04168851, -0.9971994, 0.0040298444), (-0.034776192, -0.98598266, -0.0036194944), (-0.038244255, -0.98197883, -0.0055076904), (-0.039487235, -0.98654747, -0.009753237), (-0.036019187, -0.99055135, -0.007865048), (-0.027788969, -0.979878, -0.012303374), (-0.030679533, -0.9753724, -0.014893701), (-0.031396728, -0.97948426, -0.019778578), (-0.028506141, -0.98398983, -0.017188247), (-0.0192963, -0.974121, -0.017765159), (-0.021407537, -0.9690885, -0.020845063), (-0.021381786, -0.972698, -0.026196666), (-0.019270537, -0.97773045, -0.023116771), (-0.009300833, -0.9688414, -0.019333461), (-0.010608518, -0.9633684, -0.022545755), (-0.0096940575, -0.966491, -0.02804376), (-0.008386353, -0.97196394, -0.024831489), (0.0006965585, -0.96417344, -0.016874276), (0.000037225615, -0.9583862, -0.019923912), (0.0019209398, -0.9610387, -0.025178766), (0.00258027, -0.9668259, -0.022129124), (0.00861136, -0.9604316, -0.011299963), (0.008500236, -0.9543851, -0.013959883), (0.011349224, -0.9565812, -0.018528549), (0.011460339, -0.9626276, -0.015868641), (0.014561062, -0.9575811, -0.0032873428), (0.014901233, -0.9513185, -0.0053436263), (0.018544829, -0.953134, -0.008849431), (0.018204639, -0.9593966, -0.006793164), (0.01865519, -0.9555767, 0.0065886886), (0.019296257, -0.949167, 0.005247317), (0.023469647, -0.9507232, 0.0030002915), (0.02282859, -0.95713305, 0.004341645), (0.020925688, -0.9544095, 0.017734753), (0.02172002, -0.947921, 0.017130328), (0.026163265, -0.94933873, 0.016180865), (0.025368944, -0.9558272, 0.01678529), (0.021376155, -0.9540839, 0.029483698), (0.022199405, -0.947575, 0.029602442), (0.026693555, -0.94895643, 0.029926293), (0.025870316, -0.9554655, 0.029807571), (0.020025281, -0.95459884, 0.04111916), (0.020765435, -0.9481214, 0.04194715), (0.025113285, -0.94955885, 0.043519795), (0.024373135, -0.95603615, 0.042691816), (0.016919637, -0.95593923, 0.051923256), (0.017456843, -0.9495496, 0.053447515), (0.021447377, -0.9511414, 0.056246098), (0.020910166, -0.9575311, 0.05472185), (0.012120779, -0.9580833, 0.061221562), (0.012316497, -0.95184624, 0.06339855), (0.015705734, -0.9537069, 0.06734649), (0.015510013, -0.95994383, 0.06516948), (0.0056656064, -0.9610196, 0.068406045), (0.005380431, -0.9550014, 0.07111363), (0.007922946, -0.9572473, 0.0759958), (0.008208121, -0.9632655, 0.07328824), (-0.0024803863, -0.96477026, 0.07288861), (-0.0033349574, -0.9590142, 0.07591156), (-0.001795009, -0.96172166, 0.08134901), (-0.0009404461, -0.9674777, 0.07832607), (-0.01241846, -0.969408, 0.07399852), (-0.013735019, -0.96385515, 0.07707684), (-0.013275335, -0.9670378, 0.08264374), (-0.01195878, -0.9725905, 0.07956544), (-0.0225814, -0.9732004, 0.07127581), (-0.024132175, -0.9677284, 0.07428843), (-0.024912914, -0.9713386, 0.07950751), (-0.023362137, -0.97681075, 0.07649487), (-0.030794801, -0.97451216, 0.06533405), (-0.03250867, -0.96906704, 0.06822819), (-0.034559857, -0.97288805, 0.07252403), (-0.03284602, -0.9783331, 0.069629915), (-0.037152767, -0.9739319, 0.056841936), (-0.03904543, -0.9684737, 0.059500337), (-0.042079207, -0.9722226, 0.062500715), (-0.04018655, -0.97768074, 0.059842307), (-0.0416974, -0.97197074, 0.046387307), (-0.043745898, -0.9664504, 0.048693847), (-0.047385875, -0.96995705, 0.050325785), (-0.045337357, -0.97547746, 0.048019215), (-0.044385348, -0.9691327, 0.0346261), (-0.04654194, -0.96350414, 0.036468543), (-0.050480265, -0.96671265, 0.036819365), (-0.048323687, -0.97234106, 0.03497691), (-0.045164008, -0.96594906, 0.022300264), (-0.047358308, -0.960172, 0.023549955), (-0.051372077, -0.9630836, 0.022715585), (-0.049177766, -0.96886057, 0.021465875), (-0.04401489, -0.9629659, 0.010190043), (-0.04613511, -0.95700943, 0.010685361), (-0.050036866, -0.9596493, 0.008710271), (-0.047916636, -0.96560585, 0.008214951), (-0.040964678, -0.9607162, -0.0009389632), (-0.042821776, -0.95458007, -0.0013787629), (-0.04640493, -0.9570025, -0.0044861333), (-0.044547837, -0.96313864, -0.004046323), (-0.036063105, -0.9596923, -0.010408087), (-0.0373677, -0.9534563, -0.011894458), (-0.04038369, -0.9557761, -0.01607616), (-0.039079092, -0.9620122, -0.01458981), (-0.02929123, -0.9603611, -0.017678546), (-0.029725604, -0.9542213, -0.020094436), (-0.031949114, -0.9566289, -0.025122628), (-0.03151473, -0.96276873, -0.022706727), (-0.020468552, -0.96326035, -0.02222757), (-0.019872535, -0.95745933, -0.025189616), (-0.021238761, -0.9601487, -0.030672185), (-0.02183478, -0.9659497, -0.027710125), (-0.009376581, -0.9690408, -0.023330411), (-0.007828193, -0.9637279, -0.026402446), (-0.008428249, -0.96681, -0.031973515), (-0.009976635, -0.972123, -0.028901473), (0.002055081, -0.9768666, -0.02029608), (0.0044219857, -0.97211206, -0.023151735), (0.004497443, -0.975655, -0.028544229), (0.002130539, -0.98040956, -0.025688576), (0.011791164, -0.9853361, -0.013510967), (0.014849551, -0.9811823, -0.015893862), (0.015485, -0.9852117, -0.02090347), (0.012426626, -0.9893655, -0.018520579), (0.01976677, -0.9942659, -0.003695391), (0.023352375, -0.99070066, -0.005440072), (0.024381515, -0.9951695, -0.009973124), (0.020795912, -0.9987347, -0.008228413), (0.02585674, -1.0034261, 0.008405209), (0.02981512, -1.0004205, 0.007392277), (0.031094281, -1.0052646, 0.0033500185), (0.02713589, -1.0082703, 0.0043629496), (0.029922774, -1.0125586, 0.0219972), (0.034123093, -1.0100979, 0.02178895), (0.035543818, -1.0152609, 0.018217443), (0.031343494, -1.0177218, 0.018425677), (0.031839024, -1.0213935, 0.036251277), (0.03615826, -1.0194931, 0.036940973), (0.03763809, -1.0249348, 0.033816155), (0.03331888, -1.0268352, 0.03312645), (0.031504326, -1.0296588, 0.05032255), (0.03579327, -1.0283679, 0.052043542), (0.037260503, -1.0340639, 0.049348865), (0.032971546, -1.0353547, 0.047627896), (0.028848756, -1.0370916, 0.063376665), (0.032884568, -1.0364823, 0.0662859), (0.034263067, -1.0424173, 0.06400779), (0.030227251, -1.0430266, 0.06109854), (0.023825083, -1.0434598, 0.07463576), (0.027272834, -1.04358, 0.078823775), (0.028475301, -1.0497335, 0.076928504), (0.025027515, -1.0496132, 0.07274046), (0.01635118, -1.0485812, 0.08342009), (0.018815821, -1.0493718, 0.08874637), (0.019761367, -1.0557003, 0.0871485), (0.017296754, -1.0549097, 0.081822224), (0.0062270164, -1.0522938, 0.08907982), (0.0074470164, -1.0535496, 0.09510995), (0.008103587, -1.0599862, 0.09367546), (0.00688357, -1.0587304, 0.0876454), (-0.0068871654, -1.0543728, 0.0908432), (-0.006891182, -1.0558589, 0.09705268), (-0.006376215, -1.062322, 0.095639), (-0.006372191, -1.060836, 0.089429505), (-0.020394484, -1.0554485, 0.088038914), (-0.02154956, -1.0570505, 0.093997575), (-0.020893712, -1.0634995, 0.09261456), (-0.019738637, -1.0618976, 0.08665591), (-0.03143168, -1.056336, 0.08118605), (-0.033700205, -1.0580274, 0.08644854), (-0.032785926, -1.0644556, 0.08522709), (-0.030517409, -1.0627642, 0.0799646), (-0.039989527, -1.0570241, 0.07113807), (-0.043193445, -1.0587907, 0.07530834), (-0.042062074, -1.0652014, 0.07434042), (-0.03885815, -1.0634348, 0.070170164), (-0.0461062, -1.0575159, 0.058690853), (-0.04996804, -1.0593354, 0.061536457), (-0.04868397, -1.0657338, 0.060875986), (-0.044822115, -1.0639143, 0.05803039), (-0.049784016, -1.0578116, 0.044647325), (-0.054020233, -1.0596611, 0.046081025), (-0.052649274, -1.0660527, 0.045748264), (-0.04841305, -1.064203, 0.04431457), (-0.051011745, -1.0579103, 0.029841822), (-0.05536812, -1.0597695, 0.02983977), (-0.053969268, -1.0661589, 0.029840238), (-0.0496129, -1.0642996, 0.029842304), (-0.04978534, -1.0578116, 0.0151299015), (-0.054018147, -1.059661, 0.013676401), (-0.052647963, -1.0660526, 0.014013746), (-0.04841514, -1.0642033, 0.015467233), (-0.046114914, -1.0575167, 0.001364651), (-0.049954087, -1.0593343, -0.0015415645), (-0.04867526, -1.0657332, -0.0008670322), (-0.044836108, -1.0639155, 0.0020391848), (-0.040016033, -1.0570263, -0.010628294), (-0.04315095, -1.0587873, -0.014902372), (-0.042035576, -1.0651994, -0.013910371), (-0.038900677, -1.0634383, -0.009636279), (-0.03148384, -1.0563403, -0.020059593), (-0.033616528, -1.0580207, -0.025436081), (-0.03273378, -1.0644515, -0.024188228), (-0.03060109, -1.062771, -0.018811733), (-0.02046884, -1.0554546, -0.026140722), (-0.021430282, -1.0570408, -0.032171514), (-0.020819372, -1.0634935, -0.03077177), (-0.019857928, -1.0619072, -0.024740985), (-0.006873802, -1.0543584, -0.028029928), (-0.0066862204, -1.055861, -0.03423201), (-0.0063896, -1.0623364, -0.03278542), (-0.00657717, -1.0608339, -0.026583392), (0.006798391, -1.053662, -0.025152624), (0.00810008, -1.0551189, -0.031109883), (0.007982702, -1.0616114, -0.029754268), (0.006681011, -1.0601544, -0.023797), (0.017983943, -1.0539161, -0.01811577), (0.02036559, -1.0553997, -0.023390254), (0.019788234, -1.0618807, -0.022325436), (0.01740659, -1.0603971, -0.017050982), (0.026706394, -1.0550221, -0.0077660354), (0.029977098, -1.0566186, -0.011994009), (0.029007586, -1.0630499, -0.011390805), (0.025736881, -1.0614536, -0.0071628285), (0.032990575, -1.056891, 0.005085198), (0.03686989, -1.058667, 0.0020850853), (0.03562005, -1.0650156, 0.002122692), (0.03174072, -1.0632396, 0.005122818), (0.036831222, -1.0594343, 0.019613974), (0.04104938, -1.0614324, 0.017875655), (0.03963499, -1.0676731, 0.01730064), (0.035416838, -1.065675, 0.019038983), (0.03821309, -1.06256, 0.034968864), (0.0425446, -1.0648118, 0.03446939), (0.04107181, -1.0709219, 0.033255994), (0.036740296, -1.0686699, 0.033755463), (0.03712586, -1.0661721, 0.050281513), (0.041369658, -1.0687131, 0.05099811), (0.039944917, -1.0746647, 0.049118765), (0.035701122, -1.0721239, 0.048402146), (0.033567566, -1.0701729, 0.064681165), (0.037511595, -1.0730488, 0.06659225), (0.036260407, -1.0788068, 0.06402128), (0.032316376, -1.0759308, 0.062110223), (0.027540745, -1.0744661, 0.07730559), (0.030941686, -1.0777276, 0.08033899), (0.03001986, -1.0832515, 0.07708738), (0.026618887, -1.0799899, 0.074053966), (0.019043297, -1.0789586, 0.087304786), (0.021654606, -1.0826378, 0.09126004), (0.02122944, -1.087899, 0.0874286), (0.018618148, -1.0842197, 0.08347335), (0.008059514, -1.0835625, 0.09383024), (0.009717378, -1.0876431, 0.098355025), (0.009909073, -1.0926446, 0.09415513), (0.008251192, -1.0885638, 0.08963036), (-0.005417517, -1.0881835, 0.09601197), (-0.0047494313, -1.092602, 0.100705355), (-0.003930233, -1.0973893, 0.09639859), (-0.0045983153, -1.092971, 0.091705166), (-0.018921627, -1.0917848, 0.09331171), (-0.019287962, -1.0964732, 0.09778776), (-0.017859178, -1.1011015, 0.09360904), (-0.017492836, -1.0964131, 0.089133), (-0.030015416, -1.0935866, 0.08637003), (-0.031420898, -1.0984442, 0.0901918), (-0.029392114, -1.1029747, 0.08639091), (-0.02798664, -1.098117, 0.08256912), (-0.03872883, -1.0938642, 0.07604049), (-0.04099244, -1.0987529, 0.07885293), (-0.038453907, -1.103265, 0.07565156), (-0.03619026, -1.0983763, 0.07283913), (-0.04505558, -1.0928769, 0.063157775), (-0.047904223, -1.0976796, 0.06479478), (-0.045005385, -1.1022446, 0.062317275), (-0.042156734, -1.097442, 0.06068025), (-0.04896574, -1.0908798, 0.048568383), (-0.052139413, -1.0955219, 0.049010355), (-0.04903124, -1.1001903, 0.04730251), (-0.045857567, -1.0955483, 0.046860535), (-0.050422113, -1.0881311, 0.033140674), (-0.053707153, -1.0925676, 0.032416817), (-0.05052344, -1.0973755, 0.03149995), (-0.047238402, -1.0929389, 0.03222383), (-0.049391173, -1.084893, 0.017755704), (-0.05259734, -1.0890896, 0.015885178), (-0.049470108, -1.0940692, 0.015789513), (-0.04626392, -1.0898726, 0.017660033), (-0.045845114, -1.0814298, 0.0032964628), (-0.04876698, -1.085355, 0.00028871573), (-0.045853775, -1.090539, 0.0010491702), (-0.04293193, -1.0866138, 0.004056926), (-0.039759103, -1.0780058, -0.009358514), (-0.042152595, -1.0816392, -0.013447789), (-0.03965403, -1.0870521, -0.011838592), (-0.03726054, -1.0834187, -0.007749344), (-0.031105693, -1.0748836, -0.01933659), (-0.032719187, -1.078239, -0.024317518), (-0.030852964, -1.0838774, -0.021985475), (-0.029239463, -1.0805221, -0.017004572), (-0.01985081, -1.0723261, -0.025764018), (-0.0205236, -1.075468, -0.031286366), (-0.019439332, -1.0812839, -0.028504234), (-0.018766537, -1.078142, -0.022981895), (-0.006014803, -1.070607, -0.027747544), (-0.0057069585, -1.0736117, -0.033420816), (-0.0053475, -1.079529, -0.030527132), (-0.0056553455, -1.0765241, -0.024853855), (0.007725125, -1.0693818, -0.024832236), (0.009076945, -1.0722812, -0.030274276), (0.008863299, -1.0782564, -0.02750754), (0.007511475, -1.075357, -0.022065537), (0.018838244, -1.0682638, -0.017726064), (0.021232573, -1.0710634, -0.022497345), (0.020495383, -1.0770886, -0.02006746), (0.018101046, -1.0742891, -0.015296174), (0.02745176, -1.0674613, -0.0072386973), (0.030687898, -1.0701882, -0.01099285), (0.029478602, -1.0762542, -0.009133401), (0.026242467, -1.0735272, -0.0053792624), (0.0336038, -1.0671892, 0.0058305734), (0.037398674, -1.0698967, 0.0032468643), (0.035832003, -1.0759751, 0.0043576616), (0.032037113, -1.0732677, 0.00694138), (0.037301853, -1.0676694, 0.020664072), (0.041392084, -1.0704194, 0.019244283), (0.039605174, -1.0764661, 0.019487178), (0.035514917, -1.0737162, 0.020906998), (0.038543735, -1.0691286, 0.036415037), (0.04272201, -1.0719843, 0.036082268), (0.040857404, -1.0779377, 0.035365675), (0.03667911, -1.0750821, 0.03569842), (0.037329044, -1.0717962, 0.052217986), (0.041430805, -1.0748253, 0.052880734), (0.039646234, -1.080597, 0.05112236), (0.035544463, -1.0775679, 0.050459635), (0.033659924, -1.0759045, 0.06719513), (0.037541177, -1.0791849, 0.06875178), (0.036026623, -1.0846491, 0.06589888), (0.032145374, -1.0813686, 0.064342216), (0.027542504, -1.0816867, 0.08045214), (0.031073825, -1.0853019, 0.082763), (0.03004956, -1.090297, 0.07885324), (0.02651823, -1.0866818, 0.07654235), (0.018995287, -1.089369, 0.09107472), (0.02208275, -1.0933867, 0.093937576), (0.021753585, -1.0977516, 0.08916347), (0.018666128, -1.093734, 0.086300634), (0.008059269, -1.0991614, 0.09814438), (0.010675604, -1.1036034, 0.101316065), (0.011154906, -1.1072401, 0.09601195), (0.008538586, -1.1027982, 0.09284027), (-0.0051965346, -1.1112474, 0.10076289), (-0.003046053, -1.1161124, 0.10402975), (-0.0017584062, -1.1190153, 0.09856059), (-0.0039088833, -1.1141505, 0.09529377), (-0.018303964, -1.123202, 0.098140314), (-0.016662821, -1.1285306, 0.10129561), (-0.01453127, -1.1306651, 0.096011266), (-0.016172387, -1.1253364, 0.092855975), (-0.028859759, -1.1327734, 0.090669036), (-0.02772009, -1.1385621, 0.09346415), (-0.024700783, -1.1398822, 0.08881737), (-0.025840456, -1.1340935, 0.08602229), (-0.03685811, -1.1403794, 0.07926502), (-0.036077004, -1.1465145, 0.08155148), (-0.03230142, -1.1471041, 0.07797757), (-0.033082515, -1.1409689, 0.075691074), (-0.042267554, -1.1464208, 0.064895466), (-0.04166732, -1.1527616, 0.066708624), (-0.037393264, -1.1527843, 0.06443914), (-0.0379935, -1.1464437, 0.062625974), (-0.045074668, -1.1513176, 0.048548363), (-0.044527464, -1.1577523, 0.0500595), (-0.04001835, -1.1573586, 0.04912876), (-0.040565547, -1.150924, 0.047617607), (-0.04527848, -1.155507, 0.031197768), (-0.044732336, -1.1619624, 0.032626368), (-0.040206295, -1.1612442, 0.032987017), (-0.040752426, -1.1547887, 0.031558413), (-0.04287231, -1.159436, 0.013802453), (-0.042345256, -1.1658591, 0.015367958), (-0.03799235, -1.1648489, 0.016969683), (-0.038519394, -1.1584258, 0.015404163), (-0.03783388, -1.163559, -0.002671195), (-0.037410267, -1.1698952, -0.00077175803), (-0.03342746, -1.1685737, 0.0020249272), (-0.033851054, -1.1622375, 0.00012547639), (-0.030133244, -1.168335, -0.017212601), (-0.02996275, -1.1745105, -0.014840953), (-0.026570143, -1.1728144, -0.010943152), (-0.026740657, -1.1666389, -0.01331477), (-0.019770328, -1.1742142, -0.028741231), (-0.020042077, -1.1801339, -0.02588132), (-0.017449189, -1.1779754, -0.021100543), (-0.017177425, -1.1720558, -0.023960501), (-0.006824873, -1.1816107, -0.03614971), (-0.0076941787, -1.1871847, -0.03294581), (-0.0060134046, -1.1844982, -0.027640028), (-0.0051441006, -1.1789242, -0.03084392), (0.008559337, -1.1908894, -0.03841546), (0.007089302, -1.1961055, -0.035118166), (0.007852344, -1.1928725, -0.029669717), (0.009322379, -1.1876563, -0.032966997), (0.023776988, -1.2000548, -0.035000723), (0.021782009, -1.2049602, -0.031827062), (0.021568757, -1.2011493, -0.026608441), (0.023563737, -1.1962439, -0.0297821), (0.036256447, -1.2069945, -0.026596498), (0.033760935, -1.2116203, -0.023763375), (0.032543503, -1.2072486, -0.019228064), (0.03503898, -1.2026228, -0.022061203), (0.04588443, -1.2118813, -0.01420867), (0.0429444, -1.2162794, -0.011945429), (0.040892147, -1.2114799, -0.008480211), (0.043832198, -1.2070818, -0.010743459), (0.05257613, -1.2149253, 0.0010513787), (0.049313076, -1.2191738, 0.0025855284), (0.046701852, -1.2141154, 0.004789032), (0.0499649, -1.2098669, 0.0032548213), (0.05632408, -1.2163815, 0.01808217), (0.052878994, -1.2205564, 0.018799912), (0.04998239, -1.2153826, 0.019723553), (0.05342749, -1.2112076, 0.019005826), (0.057152614, -1.2165179, 0.035853915), (0.053666223, -1.2206831, 0.03569716), (0.050711744, -1.2154955, 0.03539577), (0.05419814, -1.2113304, 0.035552498), (0.05507087, -1.2155948, 0.0533851), (0.051697034, -1.2198063, 0.052295566), (0.048883103, -1.214677, 0.05082951), (0.052256953, -1.2104653, 0.051919077), (0.050058085, -1.2138608, 0.06968947), (0.046989933, -1.2181746, 0.067620456), (0.044519547, -1.21316, 0.06505379), (0.047587696, -1.2088462, 0.06712277), (0.04208257, -1.2115661, 0.08372239), (0.039561838, -1.2160336, 0.08070184), (0.037655078, -1.2111771, 0.07715546), (0.0401758, -1.2067096, 0.08017596), (0.03115736, -1.2089746, 0.094364695), (0.029426472, -1.2136261, 0.09057863), (0.028278949, -1.2089467, 0.08629628), (0.03000986, -1.2042952, 0.09008236), (0.01739041, -1.2063664, 0.10050294), (0.016587572, -1.211192, 0.09629706), (0.01628557, -1.2066711, 0.09163223), (0.01708842, -1.2018455, 0.09583817), (0.00092796213, -1.2040125, 0.10114955), (0.0010350517, -1.2089683, 0.09689821), (0.0015310404, -1.2045615, 0.09219353), (0.0014239487, -1.1996057, 0.096444905), (0.0045924946, -1.2317613, 0.080912665), (-0.00800704, -0.8932685, 0.080912724), (0.026063526, -1.2358416, 0.0718233), (0.013936632, -0.89326847, 0.07182335), (0.03495711, -1.2375318, 0.049879614), (0.023026003, -0.89326847, 0.049879678), (0.02606352, -1.2358416, 0.027935939), (0.013936627, -0.89326847, 0.027935997), (0.004592485, -1.2317613, 0.018846584), (-0.008007052, -0.89326847, 0.018846633), (-0.016878545, -1.2276809, 0.027935948), (-0.029950725, -0.89326847, 0.027936008), (-0.02577213, -1.2259907, 0.049879625), (-0.039040085, -0.8932685, 0.049879685), (-0.01687854, -1.2276809, 0.07182329), (-0.02995072, -0.8932685, 0.07182336), (-0.009560081, -1.0447739, 0.080912694), (0.0123835895, -1.0447739, 0.07182333), (0.021472957, -1.0447739, 0.049879648), (0.012383584, -1.0447739, 0.027935969), (-0.009560093, -1.0447739, 0.018846605), (-0.03150377, -1.0447739, 0.027935978), (-0.040593132, -1.0447739, 0.049879655), (-0.031503763, -1.0447739, 0.071823336), (0.053142898, -0.58411247, 0.07182343), (0.03119923, -0.58411247, 0.080912806), (0.062232275, -0.58411235, 0.049879752), (0.05314289, -0.58411235, 0.027936075), (0.03119922, -0.58411235, 0.01884671), (0.009255548, -0.58411247, 0.027936086), (0.00016618794, -0.58411247, 0.049879763), (0.009255554, -0.58411247, 0.07182344), (0.04247074, -0.24045935, 0.071823515), (0.020527065, -0.24045935, 0.080912896), (0.05156011, -0.24045937, 0.049879834), (0.04247073, -0.24045937, 0.027936159), (0.020527055, -0.24045937, 0.018846795), (-0.0014166209, -0.24045935, 0.027936168), (-0.010505985, -0.24045935, 0.04987984), (-0.001416615, -0.24045935, 0.07182352), (0.005120313, -0.048205834, 0.07182352), (-0.01682336, -0.048205826, 0.080912896), (0.014209683, -0.04820584, 0.04987984), (0.0051203067, -0.04820584, 0.02793617), (-0.01682337, -0.048205838, 0.018846806), (-0.038767044, -0.04820583, 0.027936177), (-0.04785641, -0.048205826, 0.04987986), (-0.038767036, -0.048205823, 0.07182353), (0.013123873, 0.3242852, 0.07182364), (-0.008819799, 0.3242852, 0.080913015), (0.022213245, 0.32428518, 0.04987996), (0.013123867, 0.32428518, 0.027936285), (-0.008819807, 0.32428518, 0.018846927), (-0.030763483, 0.3242852, 0.027936295), (-0.039852846, 0.3242852, 0.049879972), (-0.030763477, 0.3242852, 0.07182365), (-0.009560096, -0.96735954, 0.08091271), (0.012383576, -0.96735954, 0.071823336), (0.021472942, -0.9673594, 0.049879663), (0.01238357, -0.9673594, 0.027935985), (-0.009560107, -0.9673594, 0.018846622), (-0.031503785, -0.96735954, 0.027935999), (-0.040593147, -0.96735954, 0.04987967), (-0.031503778, -0.96735954, 0.07182334), (-0.058797527, -0.93130136, 0.049879685), (-0.053679053, -0.93130136, 0.03752258), (-0.05367905, -0.9313013, 0.06223679), (-0.05367905, -0.9572817, 0.037522573), (-0.05879752, -0.9572817, 0.049879674), (-0.053679045, -0.95728165, 0.06223678), (0.059865594, -0.5079037, 0.04987977), (0.050776217, -0.5079037, 0.027936095), (0.028832566, -0.50790375, 0.08091282), (0.050776225, -0.50790375, 0.07182344), (0.0068888897, -0.50790375, 0.07182345), (0.0068888837, -0.50790375, 0.027936108), (-0.0022004782, -0.50790375, 0.04987978), (0.028832557, -0.5079037, 0.01884673), (0.07782458, -0.5721031, 0.049879752), (0.073642984, -0.5721031, 0.059974995), (0.073642984, -0.5721031, 0.03978451), (0.07292312, -0.5489232, 0.03978452), (0.07292312, -0.5489232, 0.059975002), (0.07710471, -0.5489232, 0.049879763), (-0.018674387, -0.19207501, 0.049879853), (-0.009585017, -0.192075, 0.071823515), (0.012358654, -0.19207503, 0.018846802), (-0.009585023, -0.19207501, 0.027936172), (0.0433917, -0.19207503, 0.049879838), (0.034302328, -0.19207503, 0.027936162), (0.012358663, -0.19207501, 0.08091289), (0.034302335, -0.19207501, 0.07182351), (-0.0041617337, -0.22419906, 0.071823515), (0.0023328518, -0.23212318, 0.013276557), (0.033231016, -0.23212318, 0.013276547), (0.03972562, -0.22419906, 0.07182351), (-0.013251103, -0.22419906, 0.049879845), (0.01778193, -0.23212318, 0.0041871867), (0.048814993, -0.22419907, 0.049879838), (0.017781943, -0.22419906, 0.08091289), (-0.022576632, -0.763448, 0.04987972), (-0.028937548, -0.8136062, 0.049879704), (-0.02575709, -0.7885271, 0.04987971), (-0.019848183, -0.8136062, 0.071823366), (-0.013487266, -0.76344806, 0.07182339), (-0.016667726, -0.7885272, 0.07182338), (0.030400084, -0.763448, 0.07182338), (0.025249459, -0.80222946, 0.07182337), (0.027219625, -0.7885271, 0.07182338), (0.03433883, -0.80222946, 0.049879696), (0.039489448, -0.763448, 0.04987971), (0.036308993, -0.7885271, 0.049879704), (0.008456403, -0.763448, 0.018846666), (0.0033057772, -0.80222946, 0.018846655), (0.008384762, -0.7898079, 0.029116767), (-0.019848188, -0.8136062, 0.027936028), (-0.013487275, -0.763448, 0.027936041), (-0.013558915, -0.7898079, 0.038206145), (0.0033057893, -0.80222946, 0.08091273), (0.0084564155, -0.763448, 0.08091276), (0.005275956, -0.7885271, 0.08091275), (0.025249453, -0.80222946, 0.027936019), (0.030400079, -0.763448, 0.02793603), (0.02721962, -0.7885271, 0.027936025), (0.02470298, -0.37492746, 0.08091285), (0.0027593004, -0.37492746, 0.071823485), (0.0027592946, -0.3749275, 0.02793614), (0.04664665, -0.3749275, 0.071823485), (-0.0063300664, -0.37492746, 0.04987981), (0.02470297, -0.3749275, 0.018846767), (0.055309854, -0.36120468, 0.049879804), (0.056162182, -0.3886503, 0.049879797), (0.044844378, -0.374012, 0.057710752), (0.04797308, -0.41764006, 0.02793612), (0.046220474, -0.36120468, 0.027936134), (0.035755, -0.374012, 0.035767082), (-0.012519521, 0.21696879, 0.081813425), (-0.03313053, 0.20442604, 0.0751165), (-0.046061773, 0.19805418, 0.057430275), (-0.032510024, 0.18476821, 0.018836293), (-0.012249803, 0.20056543, 0.012455859), (0.0078875655, 0.20605011, 0.018753998), (0.020079741, 0.21761493, 0.036320444), (0.020829799, 0.22858258, 0.057583727), (0.008091478, 0.2256386, 0.0751165), (0.02063679, 0.16683921, 0.057315093), (0.007928786, 0.15429622, 0.07486985), (-0.012670638, 0.1475776, 0.08160235), (-0.04609919, 0.1905867, 0.03575861), (-0.03339118, 0.18427181, 0.018203858), (-0.012791773, 0.17875692, 0.01147135), (0.007830786, 0.17845285, 0.01813267), (0.020599363, 0.17550902, 0.035643432), (0.010982132, 0.11120524, 0.018216), (0.020419933, 0.10312988, 0.034033757), (0.019343074, 0.095448874, 0.060571622), (-0.012519506, 0.16907194, 0.08181344), (-0.03375653, 0.13493805, 0.07310606), (-0.045683626, 0.12578224, 0.05501166), (-0.043718997, 0.12310835, 0.033274554), (-0.034027606, 0.1250887, 0.0153331105), (-0.009301278, 0.11986036, 0.010587879), (-0.035760757, 0.0745147, 0.016527921), (-0.01242622, 0.09140519, 0.0132825645), (0.004462472, 0.094177894, 0.02070843), (0.011192757, 0.08863744, 0.07816759), (-0.0139910085, 0.080768414, 0.08518458), (-0.039417032, 0.07372081, 0.07596051), (-0.05179389, 0.07143419, 0.05711639), (-0.05123854, 0.06763159, 0.031040631), (-0.03313051, 0.15652895, 0.0751165), (-0.046061758, 0.15015726, 0.05743028), (-0.032510005, 0.13687122, 0.018836297), (-0.012249787, 0.15266843, 0.012455868), (0.0078875795, 0.15815327, 0.018754), (0.020079754, 0.169718, 0.036320448), (0.020829815, 0.18068558, 0.05758373), (0.008091498, 0.17774175, 0.07511651), (0.020641802, 0.11894221, 0.057315096), (0.007934879, 0.106411666, 0.07486986), (-0.012642212, 0.099680506, 0.081602365), (-0.046099175, 0.14268969, 0.035758615), (-0.033391163, 0.13637482, 0.018203858), (-0.012791758, 0.13085991, 0.011471354), (0.0078308, 0.13055593, 0.018132672), (0.020599382, 0.12761202, 0.03564343), (0.006457004, 0.06410229, 0.018414803), (0.017726146, 0.05688412, 0.03412968), (0.01674546, 0.049225736, 0.06043068), (-0.036427073, 0.08827571, 0.07247063), (-0.0498324, 0.0787062, 0.054369953), (-0.049292013, 0.07588779, 0.032780178), (-0.035754304, 0.07682175, 0.015466609), (-0.011877606, 0.07198644, 0.010785453), (-0.038959734, 0.024941947, 0.018216224), (-0.017488379, 0.043312807, 0.011885806), (0.0049941917, 0.06428063, 0.018194217), (0.006344597, 0.041702557, 0.077480145), (-0.017421385, 0.032613024, 0.08383317), (-0.042924993, 0.02400612, 0.074828796), (-0.05380719, 0.020930288, 0.05662994), (-0.052661356, 0.017007345, 0.03198177), (0.0072113876, -0.17555922, 0.08747657), (-0.019078638, -0.16253142, 0.07912441), (-0.034956887, -0.15632975, 0.0590784), (-0.022757078, -0.13592134, 0.0153349945), (0.0034136327, -0.15347461, 0.008103248), (0.027153231, -0.15715107, 0.015241721), (0.045478858, -0.16997646, 0.034694746), (0.048757102, -0.18462063, 0.0587951), (0.032189067, -0.18344119, 0.0798861), (0.032689214, -0.10194793, 0.05894786), (0.015162476, -0.08769452, 0.07645886), (-0.009368263, -0.082440354, 0.08408966), (-0.03665969, -0.14627153, 0.03451518), (-0.023852883, -0.13541491, 0.014618175), (-0.0020431932, -0.12418024, 0.0069873775), (0.020951414, -0.11996466, 0.014537488), (0.034575734, -0.11364038, 0.034384638), (0.009282073, -0.046463743, 0.019422654), (0.020866472, -0.039638057, 0.034047466), (0.01909242, -0.032203212, 0.05891959), (-0.003892898, -0.11107612, 0.08671488), (-0.033291247, -0.07245581, 0.07548825), (-0.047300987, -0.06385414, 0.055806227), (-0.046751853, -0.05859381, 0.032303203), (-0.033789806, -0.06272152, 0.014741418), (-0.009493692, -0.053656172, 0.009791942), (-0.037222285, -0.018454498, 0.018763296), (-0.013159933, -0.03305298, 0.012603255), (0.0013827278, -0.03323021, 0.022626854), (0.0071207844, -0.02668746, 0.07639206), (-0.01690675, -0.02179769, 0.08296119), (-0.041472964, -0.017878504, 0.074918725), (-0.052346878, -0.017470915, 0.05682763), (-0.051659316, -0.013631631, 0.032005105), (-0.029732041, -0.097973876, 0.07912442), (-0.045610297, -0.09177221, 0.0590784), (-0.031099463, -0.07485755, 0.017327147), (-0.007239781, -0.08891707, 0.00964217), (0.016113278, -0.092888996, 0.018145975), (0.032502122, -0.10616438, 0.03521736), (0.035984863, -0.12057514, 0.059252333), (0.021084782, -0.11895799, 0.07912444), (0.021914927, -0.05058605, 0.05743361), (0.007063057, -0.039980926, 0.0772205), (-0.0136181265, -0.03597105, 0.08342919), (-0.0473131, -0.08171406, 0.034515183), (-0.032109145, -0.07440849, 0.016670143), (-0.01175529, -0.06362811, 0.008847844), (0.010106501, -0.06160111, 0.016767275), (0.02380631, -0.058819253, 0.035729412), (0.003903825, -0.00047002902, 0.019092271), (0.016324965, 0.009698466, 0.034175407), (0.016267717, 0.01742776, 0.060938608), (-0.040086664, -0.032091457, 0.075684756), (-0.05144092, -0.025901299, 0.05536376), (-0.049380645, -0.022121327, 0.03388899), (-0.037072368, -0.02090474, 0.017924402), (-0.014376834, -0.0122840665, 0.011021552), (-0.040021185, 0.034116622, 0.016265258), (-0.018619906, 0.017813751, 0.011309459), (0.0024257214, -0.0009380269, 0.018927049), (0.0065177144, 0.023219878, 0.07874103), (-0.017535659, 0.029440248, 0.08605355), (-0.044188075, 0.03503526, 0.077089965), (-0.05602459, 0.03617501, 0.057601538), (-0.054965388, 0.04005076, 0.03074347)]
            texCoord2f[] primvars:st = [(0.015384555, 0.48547733), (0.015384555, 0.48547733), (0.015384555, 0.48547733), (0.015384555, 0.48547733), (0.015384555, 0.48547733), (0.015384585, 0.48547733), (0.015384555, 0.48547733), (0.015384555, 0.48547733), (0.015384555, 0.48547733), (0.015384525, 0.48547733), (0.015384555, 0.48547733), (0.015384555, 0.48547733), (0.015384555, 0.48547733), (0.015384555, 0.48547733), (0.015384555, 0.48547733), (0.015384555, 0.48547733), (0.015384555, 0.48547733), (0.015384555, 0.48547733), (0.015384555, 0.48547733), (0.015384555, 0.48547733), (0.015384555, 0.48547733), (0.015384555, 0.48547733), (0.015384555, 0.48547733), (0.015384555, 0.48547733), (0.015384555, 0.48547733), (0.015384555, 0.48547733), (0.015384555, 0.48547733), (0.015384555, 0.48547733), (0.015384555, 0.48547733), (0.015384555, 0.48547733), (0.015384555, 0.48547733), (0.015384555, 0.48547733), (0.015384555, 0.48547733), (0.015384555, 0.48547733), (0.015384555, 0.48547733), (0.015384555, 0.48547733), (0.015384555, 0.48547733), (0.015384555, 0.48547733), (0.015384555, 0.48547733), (0.015384555, 0.48547733), (0.015384555, 0.48547733), (0.015384555, 0.48547733), (0.015384555, 0.48547733), (0.015384555, 0.48547733), (0.015384555, 0.48547733), (0.015384555, 0.48547733), (0.015384555, 0.48547733), (0.015384555, 0.48547733), (0.015384555, 0.48547733), (0.015384555, 0.48547733), (0.015384555, 0.48547733), (0.015384555, 0.48547733), (0.015384555, 0.48547733), (0.015384555, 0.48547733), (0.015384555, 0.48547733), (0.015384555, 0.48547733), (0.015384555, 0.48547733), (0.015384555, 0.48547733), (0.015384555, 0.48547733), (0.015384555, 0.48547733), (0.015384555, 0.48547733), (0.015384555, 0.48547733), (0.015384555, 0.48547733), (0.015384555, 0.48547733), (0.015384555, 0.48547733), (0.015384555, 0.48547733), (0.015384555, 0.48547733), (0.015384555, 0.48547733), (0.015384555, 0.48547733), (0.015384555, 0.48547733), (0.015384555, 0.48547733), (0.015384555, 0.48547733), (0.015384555, 0.48547733), (0.015384555, 0.48547733), (0.015384555, 0.48547733), (0.015384555, 0.48547733), (0.015384555, 0.48547733), (0.015384555, 0.48547733), (0.015384525, 0.48547733), (0.015384555, 0.48547733), (0.015384555, 0.48547733), (0.015384555, 0.48547733), (0.015384555, 0.48547733), (0.015384555, 0.48547733), (0.015384555, 0.48547733), (0.015384555, 0.48547733), (0.015384555, 0.48547733), (0.015384555, 0.48547733), (0.015384555, 0.48547733), (0.015384555, 0.48547733), (0.015384555, 0.48547733), (0.015384555, 0.48547733), (0.015384555, 0.48547733), (0.015384555, 0.48547733), (0.015384555, 0.48547733), (0.015384555, 0.48547733), (0.015384555, 0.48547733), (0.015384555, 0.48547733), (0.015384555, 0.48547733), (0.015384555, 0.48547733), (0.015384555, 0.48547733), (0.015384555, 0.48547733), (0.015384555, 0.48547733), (0.015384555, 0.48547733), (0.015384555, 0.48547733), (0.015384555, 0.48547733), (0.015384555, 0.48547733), (0.015384555, 0.48547733), (0.015384555, 0.48547733), (0.015384555, 0.48547733), (0.015384555, 0.48547733), (0.015384555, 0.48547733), (0.015384555, 0.48547733), (0.015384555, 0.48547733), (0.015384555, 0.48547733), (0.015384555, 0.48547733), (0.015384555, 0.48547733), (0.015384555, 0.48547733), (0.015384555, 0.48547733), (0.015384555, 0.48547733), (0.015384555, 0.48547733), (0.015384555, 0.48547733), (0.015384555, 0.48547733), (0.015384555, 0.48547733), (0.015384555, 0.48547733), (0.015384555, 0.48547733), (0.015384555, 0.48547733), (0.015384555, 0.48547733), (0.015384555, 0.48547733), (0.015384555, 0.48547733), (0.015384555, 0.48547733), (0.015384555, 0.48547733), (0.015384555, 0.48547733), (0.015384555, 0.48547733), (0.015384555, 0.48547733), (0.015384555, 0.48547733), (0.015384555, 0.48547733), (0.015384555, 0.48547733), (0.015384555, 0.48547733), (0.015384555, 0.48547733), (0.015384555, 0.48547733), (0.015384555, 0.48547733), (0.015384555, 0.48547733), (0.015384555, 0.48547733), (0.015384555, 0.48547733), (0.015384555, 0.48547733), (0.015384555, 0.48547733), (0.015384555, 0.48547733), (0.015384555, 0.48547733), (0.015384555, 0.48547733), (0.015384555, 0.48547733), (0.015384555, 0.48547733), (0.015384555, 0.48547733), (0.015384555, 0.48547733), (0.015384555, 0.48547733), (0.015384555, 0.48547733), (0.015384555, 0.48547733), (0.015384555, 0.48547733), (0.015384555, 0.48547733), (0.015384555, 0.48547733), (0.015384555, 0.48547733), (0.015384555, 0.48547733), (0.015384555, 0.48547733), (0.015384555, 0.48547733), (0.015384555, 0.48547733), (0.015384555, 0.48547733), (0.015384555, 0.48547733), (0.015384555, 0.48547733), (0.015384555, 0.48547733), (0.015384555, 0.48547733), (0.015384555, 0.48547733), (0.015384555, 0.48547733), (0.015384555, 0.48547733), (0.015384555, 0.48547733), (0.015384555, 0.48547733), (0.015384555, 0.48547733), (0.015384555, 0.48547733), (0.015384555, 0.48547733), (0.015384555, 0.48547733), (0.015384555, 0.48547733), (0.015384555, 0.48547733), (0.015384555, 0.48547733), (0.015384555, 0.48547733), (0.015384555, 0.48547733), (0.015384555, 0.48547733), (0.015384555, 0.48547733), (0.015384555, 0.48547733), (0.015384555, 0.48547733), (0.015384555, 0.48547733), (0.015384555, 0.48547733), (0.015384555, 0.48547733), (0.015384555, 0.48547733), (0.015384555, 0.48547733), (0.015384555, 0.48547733), (0.015384555, 0.48547733), (0.015384555, 0.48547733), (0.015384555, 0.48547733), (0.015384555, 0.48547733), (0.015384555, 0.48547733), (0.015384555, 0.48547733), (0.015384555, 0.48547733), (0.015384555, 0.48547733), (0.015384555, 0.48547733), (0.015384555, 0.48547733), (0.015384555, 0.48547733), (0.015384555, 0.48547733), (0.015384555, 0.48547733), (0.015384555, 0.48547733), (0.015384555, 0.48547733), (0.015384555, 0.48547733), (0.015384555, 0.48547733), (0.015384555, 0.48547733), (0.015384555, 0.48547733), (0.015384555, 0.48547733), (0.015384555, 0.48547733), (0.015384555, 0.48547733), (0.015384555, 0.48547733), (0.015384555, 0.48547733), (0.015384555, 0.48547733), (0.015384555, 0.48547733), (0.015384555, 0.48547733), (0.015384555, 0.48547733), (0.015384555, 0.48547733), (0.015384555, 0.48547733), (0.015384585, 0.48547733), (0.015384555, 0.48547733), (0.015384555, 0.48547733), (0.015384555, 0.48547733), (0.015384555, 0.48547733), (0.015384555, 0.48547733), (0.015384555, 0.48547733), (0.015384555, 0.48547733), (0.015384555, 0.48547733), (0.015384555, 0.48547733), (0.015384585, 0.48547733), (0.015384555, 0.48547733), (0.015384555, 0.48547733), (0.015384555, 0.48547733), (0.015384555, 0.48547733), (0.015384555, 0.48547733), (0.015384555, 0.48547733), (0.015384555, 0.48547733), (0.015384555, 0.48547733), (0.015384555, 0.48547733), (0.015384555, 0.48547733), (0.015384555, 0.48547733), (0.015384555, 0.48547733), (0.015384555, 0.48547733), (0.015384555, 0.48547733), (0.015384555, 0.48547733), (0.015384555, 0.48547733), (0.015384555, 0.48547733), (0.015384555, 0.48547733), (0.015384555, 0.48547733), (0.015384555, 0.48547733), (0.015384555, 0.48547733), (0.015384555, 0.48547733), (0.015384555, 0.48547733), (0.015384555, 0.48547733), (0.015384555, 0.48547733), (0.015384555, 0.48547733), (0.015384555, 0.48547733), (0.015384555, 0.48547733), (0.015384555, 0.48547733), (0.015384555, 0.48547733), (0.015384555, 0.48547733), (0.015384555, 0.48547733), (0.015384555, 0.48547733), (0.23489037, 0.4846166), (0.23489037, 0.4846166), (0.23489037, 0.4846166), (0.23489037, 0.4846166), (0.23489037, 0.4846166), (0.23489037, 0.4846166), (0.23489037, 0.4846166), (0.23489037, 0.4846166), (0.23489037, 0.4846166), (0.23489037, 0.4846166), (0.23489037, 0.4846166), (0.23489037, 0.4846166), (0.23489037, 0.4846166), (0.23489037, 0.4846166), (0.23489037, 0.4846166), (0.23489037, 0.4846166), (0.23489037, 0.4846166), (0.23489037, 0.4846166), (0.23489037, 0.4846166), (0.23489037, 0.4846166), (0.23489037, 0.4846166), (0.23489037, 0.4846166), (0.23489037, 0.4846166), (0.23489037, 0.4846166), (0.23489037, 0.4846166), (0.23489037, 0.4846166), (0.23489037, 0.4846166), (0.23489037, 0.4846166), (0.015384555, 0.48547733), (0.26682693, 0.48478106), (0.14046928, 0.48441395), (0.14046928, 0.48441395), (0.26682693, 0.48478106), (0.14046928, 0.48441395), (0.015384555, 0.48547733), (0.26682693, 0.48478106), (0.26682693, 0.48478106), (0.26682693, 0.48478106), (0.26682693, 0.48478106), (0.015384555, 0.48547733), (0.015384555, 0.48547733), (0.14046928, 0.48441395), (0.26682693, 0.48478106), (0.26682693, 0.48478106), (0.015384555, 0.48547733), (0.26682693, 0.48478106), (0.015384555, 0.48547733), (0.26682693, 0.48478106), (0.015384555, 0.48547733), (0.015384555, 0.48547733), (0.26682693, 0.48478106), (0.015384555, 0.48547733), (0.015384555, 0.48547733), (0.015384555, 0.48547733), (0.015384555, 0.48547733), (0.14046928, 0.48441395), (0.015384555, 0.48547733), (0.26682693, 0.48478106), (0.015384555, 0.48547733), (0.26682693, 0.48478106), (0.015384555, 0.48547733), (0.14046928, 0.48441395), (0.26682693, 0.48478106), (0.26682693, 0.48478106), (0.14046928, 0.48441395), (0.14046928, 0.48441395), (0.14046928, 0.48441395), (0.015384555, 0.48547733), (0.14046928, 0.48441395), (0.015384555, 0.48547733), (0.26682693, 0.48478106), (0.26682693, 0.48478106), (0.015384555, 0.48547733), (0.26682693, 0.48478106), (0.015384555, 0.48547733), (0.14046928, 0.48441395), (0.015384555, 0.48547733), (0.015384555, 0.48547733), (0.14046928, 0.48441395), (0.015384555, 0.48547733), (0.015384555, 0.48547733), (0.015384555, 0.48547733), (0.015384555, 0.48547733), (0.015384555, 0.48547733), (0.26682693, 0.48478106), (0.015384555, 0.48547733), (0.14046928, 0.48441395), (0.26682693, 0.48478106), (0.14046928, 0.48441395), (0.015384555, 0.48547733), (0.26682693, 0.48478106), (0.14046928, 0.48441395), (0.14046928, 0.48441395), (0.26682693, 0.48478106), (0.14046928, 0.48441395), (0.015384555, 0.48547733), (0.26682693, 0.48478106), (0.26682693, 0.48478106), (0.26682693, 0.48478106), (0.26682693, 0.48478106), (0.015384555, 0.48547733), (0.015384555, 0.48547733), (0.14046928, 0.48441395), (0.26682693, 0.48478106), (0.26682693, 0.48478106), (0.015384555, 0.48547733), (0.26682693, 0.48478106), (0.015384555, 0.48547733), (0.26682696, 0.48478106), (0.015384555, 0.48547733), (0.015384555, 0.48547733), (0.26682693, 0.48478106), (0.015384555, 0.48547733), (0.015384555, 0.48547733), (0.26682693, 0.48478106), (0.14046928, 0.48441395), (0.14046928, 0.48441395), (0.14046928, 0.48441395), (0.26682693, 0.48478106), (0.26682693, 0.48478106), (0.26682693, 0.48478106), (0.26682693, 0.48478106), (0.015384555, 0.48547733), (0.015384555, 0.48547733), (0.26682693, 0.48478106), (0.015384555, 0.48547733), (0.015384555, 0.48547733), (0.015384555, 0.48547733), (0.14046928, 0.48441395), (0.015384555, 0.48547733), (0.26682693, 0.48478106), (0.015384555, 0.48547733), (0.26682693, 0.48478106), (0.015384555, 0.48547733), (0.14046928, 0.48441395), (0.26682693, 0.48478106), (0.26682693, 0.48478106), (0.14046928, 0.48441395), (0.14046928, 0.48441395), (0.14046928, 0.48441395), (0.015384555, 0.48547733), (0.14046928, 0.48441395), (0.015384555, 0.48547733), (0.26682693, 0.48478106), (0.26682693, 0.48478106), (0.015384555, 0.48547733), (0.26682693, 0.48478106), (0.015384555, 0.48547733), (0.14046928, 0.48441395), (0.015384555, 0.48547733), (0.015384555, 0.48547733), (0.14046928, 0.48441395), (0.015384555, 0.48547733), (0.015384555, 0.48547733), (0.015384555, 0.48547733), (0.015384555, 0.48547733), (0.015384555, 0.48547733), (0.26682693, 0.48478106), (0.015384555, 0.48547733), (0.14046928, 0.48441395), (0.26682693, 0.48478106), (0.14046928, 0.48441395), (0.14046928, 0.48441395), (0.26682693, 0.48478106), (0.26682693, 0.48478106), (0.14046928, 0.48441395), (0.14046928, 0.48441395), (0.26682693, 0.48478106), (0.14046928, 0.48441395), (0.015384555, 0.48547733), (0.015384555, 0.48547733), (0.14046928, 0.48441395), (0.015384555, 0.48547733), (0.26682693, 0.48478106), (0.14046928, 0.48441395), (0.14046928, 0.48441395), (0.14046928, 0.48441395), (0.26682693, 0.48478106), (0.14046928, 0.48441395), (0.26682693, 0.48478106), (0.26682693, 0.48478106), (0.14046928, 0.48441395), (0.26682693, 0.48478106), (0.14046928, 0.48441395), (0.015384555, 0.48547733), (0.015384555, 0.48547733), (0.015384555, 0.48547733), (0.14046928, 0.48441395), (0.26682693, 0.48478106), (0.14046928, 0.48441395), (0.26682693, 0.48478106), (0.26682693, 0.48478106), (0.14046928, 0.48441395), (0.26682693, 0.48478106), (0.015384555, 0.48547733), (0.14046928, 0.48441395), (0.015384555, 0.48547733), (0.015384555, 0.48547733), (0.14046928, 0.48441395), (0.14046928, 0.48441395), (0.26682693, 0.48478106), (0.015384555, 0.48547733), (0.14046928, 0.48441395), (0.015384555, 0.48547733), (0.26682693, 0.48478106), (0.14046928, 0.48441395), (0.26682693, 0.48478106), (0.14046928, 0.48441395), (0.015384555, 0.48547733), (0.26682693, 0.48478106), (0.14046928, 0.48441395), (0.26682693, 0.48478106), (0.015384555, 0.48547733), (0.14046928, 0.48441395), (0.015384555, 0.48547733), (0.26682693, 0.48478106), (0.14046928, 0.48441395), (0.015384555, 0.48547733), (0.26682693, 0.48478106), (0.14046928, 0.48441395), (0.26682693, 0.48478106), (0.14046928, 0.48441395), (0.26682693, 0.48478106), (0.26682693, 0.48478106), (0.26682693, 0.48478106), (0.26682693, 0.48478106), (0.26682693, 0.48478106), (0.14046928, 0.48441395), (0.26682693, 0.48478106), (0.14046928, 0.48441395), (0.14046928, 0.48441395), (0.26682693, 0.48478106), (0.015384555, 0.48547733), (0.26682693, 0.48478106), (0.015384555, 0.48547733), (0.015384555, 0.48547733), (0.26682693, 0.48478106), (0.26682693, 0.48478106), (0.26682693, 0.48478106), (0.14046928, 0.48441395), (0.26682693, 0.48478106), (0.14046928, 0.48441395), (0.14046928, 0.48441395), (0.26682693, 0.48478106), (0.26682693, 0.48478106), (0.015384555, 0.48547733), (0.015384555, 0.48547733), (0.015384555, 0.48547733), (0.26682693, 0.48478106), (0.14046928, 0.48441395), (0.26682693, 0.48478106), (0.14046928, 0.48441395), (0.14046928, 0.48441395), (0.14046928, 0.48441395), (0.14046928, 0.48441395), (0.14046928, 0.48441395), (0.14046928, 0.48441395), (0.14046928, 0.48441395), (0.14046928, 0.48441395), (0.14046928, 0.48441395), (0.14046928, 0.48441395), (0.14046928, 0.48441395), (0.14046928, 0.48441395), (0.14046928, 0.48441395), (0.14046928, 0.48441395), (0.14046928, 0.48441395), (0.14046928, 0.48441395), (0.14046928, 0.48441395), (0.14046928, 0.48441395), (0.14046928, 0.48441395), (0.14046928, 0.48441395), (0.14046928, 0.48441395), (0.14046928, 0.48441395), (0.14046928, 0.48441395), (0.14046928, 0.48441395), (0.14046928, 0.48441395), (0.14046928, 0.48441395), (0.14046928, 0.48441395), (0.14046928, 0.48441395), (0.14046928, 0.48441395), (0.14046928, 0.48441395), (0.14046928, 0.48441395), (0.14046928, 0.48441395), (0.14046928, 0.48441395), (0.14046928, 0.48441395), (0.14046928, 0.48441395), (0.14046928, 0.48441395), (0.14046928, 0.48441395), (0.1094718, 0.48453218), (0.1094718, 0.48453218), (0.1094718, 0.48453218), (0.1094718, 0.48453218), (0.14046928, 0.48441395), (0.14046928, 0.48441395), (0.14046928, 0.48441395), (0.14046928, 0.48441395), (0.14046928, 0.48441395), (0.1094718, 0.48453218), (0.14046928, 0.48441395), (0.1094718, 0.48453218), (0.1094718, 0.48453218), (0.14046928, 0.48441395), (0.1094718, 0.48453218), (0.14046928, 0.48441395), (0.1094718, 0.48453218), (0.1094718, 0.48453218), (0.1094718, 0.48453218), (0.1094718, 0.48453218), (0.1094718, 0.48453218), (0.1094718, 0.48453218), (0.1094718, 0.48453218), (0.1094718, 0.48453218), (0.1094718, 0.48453218), (0.1094718, 0.48453218), (0.1094718, 0.48453218), (0.1094718, 0.48453218), (0.1094718, 0.48453218), (0.1094718, 0.48453218), (0.1094718, 0.48453218), (0.1094718, 0.48453218), (0.1094718, 0.48453218), (0.1094718, 0.48453218), (0.1094718, 0.48453218), (0.1094718, 0.48453218), (0.1094718, 0.48453218), (0.1094718, 0.48453218), (0.1094718, 0.48453218), (0.1094718, 0.48453218), (0.1094718, 0.48453218), (0.1094718, 0.48453218), (0.1094718, 0.48453218), (0.1094718, 0.48453218), (0.1094718, 0.48453218), (0.1094718, 0.48453218), (0.14046928, 0.48441395), (0.1094718, 0.48453218), (0.14046928, 0.48441395), (0.1094718, 0.48453218), (0.14046928, 0.48441395), (0.1094718, 0.48453218), (0.14046928, 0.48441395), (0.1094718, 0.48453218), (0.1094718, 0.48453218), (0.1094718, 0.48453218), (0.1094718, 0.48453218), (0.1094718, 0.48453218), (0.1094718, 0.48453218), (0.1094718, 0.48453218), (0.1094718, 0.48453218), (0.1094718, 0.48453218), (0.1094718, 0.48453218), (0.1094718, 0.48453218), (0.1094718, 0.48453218), (0.1094718, 0.48453218), (0.1094718, 0.48453218), (0.1094718, 0.48453218), (0.14046928, 0.48441395), (0.14046928, 0.48441395), (0.14046928, 0.48441395), (0.14046928, 0.48441395), (0.14046928, 0.48441395), (0.14046928, 0.48441395), (0.14046928, 0.48441395), (0.14046928, 0.48441395), (0.14046928, 0.48441395), (0.14046928, 0.48441395), (0.14046928, 0.48441395), (0.14046928, 0.48441395), (0.14046928, 0.48441395), (0.14046928, 0.48441395), (0.14046928, 0.48441395), (0.14046928, 0.48441395), (0.14046928, 0.48441395), (0.14046928, 0.48441395), (0.14046928, 0.48441395), (0.14046928, 0.48441395), (0.14046928, 0.48441395), (0.14046928, 0.48441395), (0.14046928, 0.48441395), (0.14046928, 0.48441395), (0.14046928, 0.48441395), (0.14046928, 0.48441395), (0.14046928, 0.48441395), (0.14046928, 0.48441395), (0.14046928, 0.48441395), (0.14046928, 0.48441395), (0.14046928, 0.48441395), (0.14046928, 0.48441395), (0.14046928, 0.48441395), (0.14046928, 0.48441395), (0.14046928, 0.48441395), (0.14046928, 0.48441395), (0.1094718, 0.48453218), (0.1094718, 0.48453218), (0.1094718, 0.48453218), (0.1094718, 0.48453218), (0.14046928, 0.48441395), (0.1094718, 0.48453218), (0.14046928, 0.48441395), (0.1094718, 0.48453218), (0.14046928, 0.48441395), (0.1094718, 0.48453218), (0.14046928, 0.48441395), (0.1094718, 0.48453218), (0.1094718, 0.48453218), (0.1094718, 0.48453218), (0.1094718, 0.48453218), (0.1094718, 0.48453218), (0.1094718, 0.48453218), (0.1094718, 0.48453218), (0.1094718, 0.48453218), (0.1094718, 0.48453218), (0.1094718, 0.48453218), (0.1094718, 0.48453218), (0.1094718, 0.48453218), (0.1094718, 0.48453218), (0.1094718, 0.48453218), (0.1094718, 0.48453218), (0.1094718, 0.48453218), (0.1094718, 0.48453218), (0.1094718, 0.48453218), (0.1094718, 0.48453218), (0.1094718, 0.48453218), (0.1094718, 0.48453218), (0.1094718, 0.48453218), (0.1094718, 0.48453218), (0.1094718, 0.48453218), (0.1094718, 0.48453218), (0.1094718, 0.48453218), (0.1094718, 0.48453218), (0.1094718, 0.48453218), (0.1094718, 0.48453218), (0.1094718, 0.48453218), (0.1094718, 0.48453218), (0.1094718, 0.48453218), (0.1094718, 0.48453218), (0.1094718, 0.48453218), (0.1094718, 0.48453218), (0.1094718, 0.48453218), (0.1094718, 0.48453218), (0.1094718, 0.48453218), (0.1094718, 0.48453218), (0.1094718, 0.48453218), (0.1094718, 0.48453218), (0.14046928, 0.48441395), (0.14046928, 0.48441395), (0.14046928, 0.48441395), (0.14046928, 0.48441395), (0.14046928, 0.48441395), (0.14046928, 0.48441395), (0.14046928, 0.48441395), (0.14046928, 0.48441395), (0.14046928, 0.48441395), (0.14046928, 0.48441395), (0.14046928, 0.48441395), (0.14046928, 0.48441395), (0.1094718, 0.48453218), (0.1094718, 0.48453218), (0.1094718, 0.48453218), (0.1094718, 0.48453218), (0.1094718, 0.48453218), (0.1094718, 0.48453218), (0.1094718, 0.48453218), (0.1094718, 0.48453218), (0.1094718, 0.48453218), (0.1094718, 0.48453218), (0.1094718, 0.48453218), (0.1094718, 0.48453218), (0.1094718, 0.48453218), (0.1094718, 0.48453218), (0.1094718, 0.48453218), (0.1094718, 0.48453218), (0.1094718, 0.48453218), (0.1094718, 0.48453218), (0.1094718, 0.48453218), (0.1094718, 0.48453218), (0.1094718, 0.48453218), (0.1094718, 0.48453218), (0.1094718, 0.48453218), (0.1094718, 0.48453218), (0.1094718, 0.48453218), (0.1094718, 0.48453218), (0.1094718, 0.48453218), (0.1094718, 0.48453218), (0.1094718, 0.48453218), (0.1094718, 0.48453218), (0.1094718, 0.48453218), (0.1094718, 0.48453218), (0.1094718, 0.48453218), (0.1094718, 0.48453218), (0.1094718, 0.48453218), (0.1094718, 0.48453218), (0.1094718, 0.48453218), (0.1094718, 0.48453218), (0.1094718, 0.48453218), (0.1094718, 0.48453218), (0.1094718, 0.48453218), (0.14046928, 0.48441395), (0.14046928, 0.48441395), (0.14046928, 0.48441395), (0.1094718, 0.48453218), (0.14046928, 0.48441395), (0.14046928, 0.48441395), (0.1094718, 0.48453218), (0.14046928, 0.48441395), (0.1094718, 0.48453218), (0.1094718, 0.48453218), (0.14046928, 0.48441395), (0.1094718, 0.48453218), (0.14046928, 0.48441395), (0.14046928, 0.48441395), (0.14046928, 0.48441395), (0.14046928, 0.48441395), (0.14046928, 0.48441395), (0.14046928, 0.48441395), (0.1094718, 0.48453218), (0.14046928, 0.48441395), (0.1094718, 0.48453218), (0.14046928, 0.48441395), (0.1094718, 0.48453218), (0.14046928, 0.48441395), (0.1094718, 0.48453218), (0.14046928, 0.48441395), (0.14046928, 0.48441395), (0.14046928, 0.48441395), (0.1094718, 0.48453218), (0.14046928, 0.48441395), (0.1094718, 0.48453218), (0.1094718, 0.48453218), (0.14046928, 0.48441395), (0.14046928, 0.48441395), (0.1094718, 0.48453218), (0.14046928, 0.48441395), (0.1094718, 0.48453218), (0.1094718, 0.48453218), (0.14046928, 0.48441395), (0.14046928, 0.48441395), (0.14046928, 0.48441395), (0.14046928, 0.48441395), (0.14046928, 0.48441395), (0.1094718, 0.48453218), (0.14046928, 0.48441395), (0.1094718, 0.48453218), (0.14046928, 0.48441395), (0.1094718, 0.48453218), (0.14046928, 0.48441395), (0.14046928, 0.48441395), (0.1094718, 0.48453218), (0.1094718, 0.48453218), (0.14046928, 0.48441395), (0.1094718, 0.48453218), (0.14046928, 0.48441395), (0.1094718, 0.48453218), (0.1094718, 0.48453218), (0.14046928, 0.48441395), (0.14046928, 0.48441395), (0.14046928, 0.48441395), (0.1094718, 0.48453218), (0.1094718, 0.48453218), (0.14046928, 0.48441395), (0.1094718, 0.48453218), (0.14046928, 0.48441395), (0.1094718, 0.48453218), (0.1094718, 0.48453218), (0.14046928, 0.48441395), (0.14046928, 0.48441395), (0.14046928, 0.48441395), (0.14046928, 0.48441395), (0.14046928, 0.48441395), (0.14046928, 0.48441398), (0.14046928, 0.48441395), (0.14046928, 0.48441395), (0.14046928, 0.48441395), (0.14046928, 0.48441395), (0.14046928, 0.48441395), (0.14046928, 0.48441395), (0.14046928, 0.48441395), (0.14046928, 0.48441395), (0.14046928, 0.48441395), (0.14046928, 0.48441395), (0.14046928, 0.48441395), (0.14046928, 0.48441395), (0.1094718, 0.48453218), (0.14046928, 0.48441395), (0.1094718, 0.48453218), (0.14046928, 0.48441395), (0.14046928, 0.48441395), (0.1094718, 0.48453218), (0.1094718, 0.48453218), (0.14046928, 0.48441395), (0.1094718, 0.48453218), (0.14046928, 0.48441395), (0.14046928, 0.48441395), (0.1094718, 0.48453218), (0.14046928, 0.48441395), (0.14046928, 0.48441395), (0.1094718, 0.48453218), (0.1094718, 0.48453218), (0.1094718, 0.48453218), (0.1094718, 0.48453218), (0.1094718, 0.48453218), (0.1094718, 0.48453218), (0.1094718, 0.48453218), (0.1094718, 0.48453218), (0.1094718, 0.48453218), (0.1094718, 0.48453218), (0.1094718, 0.48453218), (0.1094718, 0.48453218), (0.1094718, 0.48453218), (0.1094718, 0.48453218), (0.1094718, 0.48453218), (0.1094718, 0.48453218), (0.1094718, 0.48453218), (0.1094718, 0.48453218), (0.1094718, 0.48453218), (0.1094718, 0.48453218), (0.1094718, 0.48453218), (0.1094718, 0.48453218), (0.1094718, 0.48453218), (0.1094718, 0.48453218), (0.1094718, 0.48453218), (0.1094718, 0.48453218), (0.1094718, 0.48453218), (0.1094718, 0.48453218), (0.1094718, 0.48453218), (0.1094718, 0.48453218), (0.1094718, 0.48453218), (0.1094718, 0.48453218), (0.1094718, 0.48453218), (0.1094718, 0.48453218), (0.1094718, 0.48453218), (0.1094718, 0.48453218), (0.1094718, 0.48453218), (0.14046928, 0.48441395), (0.1094718, 0.48453218), (0.14046928, 0.48441395), (0.1094718, 0.48453218), (0.14046928, 0.48441395), (0.1094718, 0.48453218), (0.14046928, 0.48441395), (0.14046928, 0.48441395), (0.14046928, 0.48441395), (0.14046928, 0.48441395), (0.14046928, 0.48441395), (0.14046928, 0.48441395), (0.14046928, 0.48441395), (0.14046928, 0.48441395), (0.14046928, 0.48441395), (0.1094718, 0.48453218), (0.1094718, 0.48453218), (0.1094718, 0.48453218), (0.1094718, 0.48453218), (0.1094718, 0.48453218), (0.14046928, 0.48441395), (0.14046928, 0.48441395), (0.14046928, 0.48441395), (0.1094718, 0.48453218), (0.1094718, 0.48453218), (0.14046928, 0.48441395), (0.1094718, 0.48453218), (0.14046928, 0.48441395), (0.1094718, 0.48453218), (0.1094718, 0.48453218), (0.14046928, 0.48441395), (0.1094718, 0.48453218), (0.14046928, 0.48441395), (0.1094718, 0.48453218), (0.1094718, 0.48453218), (0.1094718, 0.48453218), (0.1094718, 0.48453218), (0.1094718, 0.48453218), (0.1094718, 0.48453218), (0.1094718, 0.48453218), (0.1094718, 0.48453218), (0.1094718, 0.48453218), (0.1094718, 0.48453218), (0.1094718, 0.48453218), (0.1094718, 0.48453218), (0.1094718, 0.48453218), (0.1094718, 0.48453218), (0.1094718, 0.48453218), (0.1094718, 0.48453218), (0.1094718, 0.48453218), (0.14046928, 0.48441395), (0.1094718, 0.48453218), (0.14046928, 0.48441395), (0.1094718, 0.48453218), (0.14046928, 0.48441395), (0.1094718, 0.48453218), (0.14046928, 0.48441395), (0.14046928, 0.48441395), (0.14046928, 0.48441395), (0.14046928, 0.48441395), (0.14046928, 0.48441395), (0.14046928, 0.48441395), (0.14046928, 0.48441395), (0.14046928, 0.48441395), (0.14046928, 0.48441395), (0.14046928, 0.48441395), (0.1094718, 0.48453218), (0.14046928, 0.48441395), (0.1094718, 0.48453218), (0.14046928, 0.48441395), (0.1094718, 0.48453218), (0.14046928, 0.48441395), (0.1094718, 0.48453218), (0.1094718, 0.48453218), (0.1094718, 0.48453218), (0.1094718, 0.48453218), (0.1094718, 0.48453218), (0.1094718, 0.48453218), (0.1094718, 0.48453218), (0.1094718, 0.48453218), (0.1094718, 0.48453218), (0.1094718, 0.48453218), (0.1094718, 0.48453218), (0.1094718, 0.48453218), (0.1094718, 0.48453218), (0.1094718, 0.48453218), (0.1094718, 0.48453218), (0.1094718, 0.48453218), (0.1094718, 0.48453218), (0.1094718, 0.48453218), (0.1094718, 0.48453218), (0.1094718, 0.48453218), (0.1094718, 0.48453218), (0.1094718, 0.48453218), (0.1094718, 0.48453218), (0.1094718, 0.48453218), (0.1094718, 0.48453218), (0.1094718, 0.48453218), (0.1094718, 0.48453218), (0.1094718, 0.48453218), (0.1094718, 0.48453218), (0.1094718, 0.48453218), (0.1094718, 0.48453218), (0.1094718, 0.48453218), (0.1094718, 0.48453218), (0.1094718, 0.48453218), (0.1094718, 0.48453218), (0.1094718, 0.48453218), (0.1094718, 0.48453218), (0.1094718, 0.48453218), (0.1094718, 0.48453218), (0.1094718, 0.48453218), (0.1094718, 0.48453218), (0.1094718, 0.48453218), (0.1094718, 0.48453218), (0.1094718, 0.48453218), (0.1094718, 0.48453218), (0.1094718, 0.48453218), (0.1094718, 0.48453218), (0.1094718, 0.48453218), (0.1094718, 0.48453218), (0.1094718, 0.48453218), (0.1094718, 0.48453218), (0.1094718, 0.48453218), (0.1094718, 0.48453218), (0.1094718, 0.48453218), (0.1094718, 0.48453218), (0.1094718, 0.48453218), (0.1094718, 0.48453218), (0.1094718, 0.48453218), (0.1094718, 0.48453218), (0.1094718, 0.48453218), (0.1094718, 0.48453218), (0.1094718, 0.48453218), (0.1094718, 0.48453218), (0.1094718, 0.48453218), (0.1094718, 0.48453218), (0.1094718, 0.48453218), (0.14046928, 0.48441395), (0.1094718, 0.48453218), (0.14046928, 0.48441395), (0.1094718, 0.48453218), (0.14046928, 0.48441395), (0.1094718, 0.48453218), (0.14046928, 0.48441395), (0.14046928, 0.48441395), (0.1094718, 0.48453218), (0.1094718, 0.48453218), (0.14046928, 0.48441395), (0.14046928, 0.48441395), (0.14046928, 0.48441395), (0.14046928, 0.48441395), (0.1094718, 0.48453218), (0.14046928, 0.48441395), (0.1094718, 0.48453218), (0.14046928, 0.48441395), (0.1094718, 0.48453218), (0.14046928, 0.48441395), (0.1094718, 0.48453218), (0.1094718, 0.48453218), (0.1094718, 0.48453218), (0.1094718, 0.48453218), (0.1094718, 0.48453218), (0.1094718, 0.48453218), (0.1094718, 0.48453218), (0.1094718, 0.48453218), (0.1094718, 0.48453218), (0.1094718, 0.48453218), (0.14046928, 0.48441395), (0.1094718, 0.48453218), (0.14046928, 0.48441395), (0.1094718, 0.48453218), (0.14046928, 0.48441395), (0.1094718, 0.48453218), (0.14046928, 0.48441395), (0.14046928, 0.48441395), (0.14046928, 0.48441395), (0.14046928, 0.48441395), (0.14046928, 0.48441395), (0.14046928, 0.48441395), (0.14046928, 0.48441395), (0.14046928, 0.48441395), (0.14046928, 0.48441395), (0.14046928, 0.48441395), (0.14046928, 0.48441395), (0.14046928, 0.48441395), (0.14046928, 0.48441395), (0.14046928, 0.48441395), (0.14046928, 0.48441395), (0.14046928, 0.48441395), (0.14046928, 0.48441395), (0.14046928, 0.48441395), (0.14046928, 0.48441395), (0.14046928, 0.48441395), (0.14046928, 0.48441395), (0.14046928, 0.48441395), (0.14046928, 0.48441395), (0.14046928, 0.48441395), (0.14046928, 0.48441395), (0.14046928, 0.48441395), (0.1094718, 0.48453218), (0.14046928, 0.48441395), (0.1094718, 0.48453218), (0.14046928, 0.48441395), (0.1094718, 0.48453218), (0.14046928, 0.48441395), (0.1094718, 0.48453218), (0.1094718, 0.48453218), (0.1094718, 0.48453218), (0.1094718, 0.48453218), (0.1094718, 0.48453218), (0.1094718, 0.48453218), (0.1094718, 0.48453218), (0.1094718, 0.48453218), (0.1094718, 0.48453218), (0.1094718, 0.48453218), (0.1094718, 0.48453218), (0.1094718, 0.48453218), (0.1094718, 0.48453218), (0.1094718, 0.48453218), (0.1094718, 0.48453218), (0.1094718, 0.48453218), (0.1094718, 0.48453218), (0.1094718, 0.48453218), (0.1094718, 0.48453218), (0.1094718, 0.48453218), (0.14046928, 0.48441395), (0.1094718, 0.48453218), (0.14046928, 0.48441395), (0.1094718, 0.48453218), (0.1094718, 0.48453218), (0.14046928, 0.48441395), (0.1094718, 0.48453218), (0.14046928, 0.48441395), (0.1094718, 0.48453218), (0.1094718, 0.48453218), (0.1094718, 0.48453218), (0.1094718, 0.48453218), (0.1094718, 0.48453218), (0.1094718, 0.48453218), (0.1094718, 0.48453218), (0.1094718, 0.48453218), (0.1094718, 0.48453218), (0.1094718, 0.48453218), (0.1094718, 0.48453218), (0.1094718, 0.48453218), (0.1094718, 0.48453218), (0.1094718, 0.48453218), (0.14046928, 0.48441395), (0.14046928, 0.48441395), (0.1094718, 0.48453218), (0.1094718, 0.48453218), (0.14046928, 0.48441395), (0.1094718, 0.48453218), (0.14046928, 0.48441395), (0.1094718, 0.48453218), (0.14046928, 0.48441395), (0.1094718, 0.48453218), (0.14046928, 0.48441395), (0.1094718, 0.48453218), (0.14046928, 0.48441395), (0.14046928, 0.48441395), (0.1094718, 0.48453218), (0.14046928, 0.48441395), (0.1094718, 0.48453218), (0.14046928, 0.48441395), (0.1094718, 0.48453218), (0.14046928, 0.48441395), (0.1094718, 0.48453218), (0.1094718, 0.48453218), (0.1094718, 0.48453218), (0.1094718, 0.48453218), (0.1094718, 0.48453218), (0.1094718, 0.48453218), (0.1094718, 0.48453218), (0.1094718, 0.48453218), (0.1094718, 0.48453218), (0.1094718, 0.48453218), (0.1094718, 0.48453218), (0.1094718, 0.48453218), (0.1094718, 0.48453218), (0.1094718, 0.48453218), (0.1094718, 0.48453218), (0.1094718, 0.48453218), (0.1094718, 0.48453218), (0.1094718, 0.48453218), (0.1094718, 0.48453218), (0.1094718, 0.48453218), (0.14046928, 0.48441395), (0.1094718, 0.48453218), (0.14046928, 0.48441395), (0.1094718, 0.48453218), (0.1094718, 0.48453218), (0.14046928, 0.48441395), (0.1094718, 0.48453218), (0.14046928, 0.48441395), (0.1094718, 0.48453218), (0.1094718, 0.48453218), (0.1094718, 0.48453218), (0.1094718, 0.48453218), (0.1094718, 0.48453218), (0.1094718, 0.48453218), (0.1094718, 0.48453218), (0.1094718, 0.48453218), (0.1094718, 0.48453218), (0.1094718, 0.48453218), (0.1094718, 0.48453218), (0.1094718, 0.48453218), (0.1094718, 0.48453218), (0.1094718, 0.48453218), (0.1094718, 0.48453218), (0.1094718, 0.48453218), (0.1094718, 0.48453218), (0.1094718, 0.48453218), (0.14046928, 0.48441395), (0.1094718, 0.48453218), (0.14046928, 0.48441395), (0.1094718, 0.48453218), (0.14046928, 0.48441395), (0.1094718, 0.48453218), (0.14046928, 0.48441395), (0.14046928, 0.48441395), (0.14046928, 0.48441395), (0.14046928, 0.48441395), (0.14046928, 0.48441395), (0.14046928, 0.48441395), (0.1094718, 0.48453218), (0.14046928, 0.48441395), (0.1094718, 0.48453218), (0.14046928, 0.48441395), (0.1094718, 0.48453218), (0.14046928, 0.48441395), (0.1094718, 0.48453218), (0.1094718, 0.48453218), (0.1094718, 0.48453218), (0.1094718, 0.48453218), (0.1094718, 0.48453218), (0.1094718, 0.48453218), (0.1094718, 0.48453218), (0.1094718, 0.48453218), (0.1094718, 0.48453218), (0.1094718, 0.48453218), (0.14046928, 0.48441395), (0.14046928, 0.48441395), (0.1094718, 0.48453218), (0.1094718, 0.48453218), (0.14046928, 0.48441395), (0.1094718, 0.48453218), (0.14046928, 0.48441395), (0.14046928, 0.48441395), (0.14046928, 0.48441395), (0.1094718, 0.48453218), (0.1094718, 0.48453218), (0.14046928, 0.48441395), (0.14046928, 0.48441395), (0.14046928, 0.48441395), (0.1094718, 0.48453218), (0.14046928, 0.48441395), (0.1094718, 0.48453218), (0.14046928, 0.48441395), (0.14046928, 0.48441395), (0.14046928, 0.48441395), (0.14046928, 0.48441395), (0.1094718, 0.48453218), (0.1094718, 0.48453218), (0.14046928, 0.48441395), (0.14046928, 0.48441395), (0.14046928, 0.48441395), (0.1094718, 0.48453218), (0.14046928, 0.48441395), (0.1094718, 0.48453218), (0.14046928, 0.48441395), (0.14046928, 0.48441395), (0.14046928, 0.48441395), (0.14046928, 0.48441395), (0.14046928, 0.48441395), (0.14046928, 0.48441395), (0.14046928, 0.48441395), (0.14046928, 0.48441395), (0.14046928, 0.48441395), (0.14046928, 0.48441395), (0.1094718, 0.48453218), (0.14046928, 0.48441395), (0.14046928, 0.48441395), (0.14046928, 0.48441395), (0.1094718, 0.48453218), (0.14046928, 0.48441395), (0.1094718, 0.48453218), (0.14046928, 0.48441395), (0.1094718, 0.48453218), (0.14046928, 0.48441395), (0.1094718, 0.48453218), (0.14046928, 0.48441395), (0.1094718, 0.48453218), (0.1094718, 0.48453218), (0.1094718, 0.48453218), (0.1094718, 0.48453218), (0.1094718, 0.48453218), (0.1094718, 0.48453218), (0.1094718, 0.48453218), (0.1094718, 0.48453218), (0.1094718, 0.48453218), (0.1094718, 0.48453218), (0.1094718, 0.48453218), (0.1094718, 0.48453218), (0.1094718, 0.48453218), (0.1094718, 0.48453218), (0.1094718, 0.48453218), (0.1094718, 0.48453218), (0.14046928, 0.48441395), (0.14046928, 0.48441395), (0.1094718, 0.48453218), (0.1094718, 0.48453218), (0.1094718, 0.48453218), (0.14046928, 0.48441395), (0.1094718, 0.48453218), (0.14046928, 0.48441395), (0.14046928, 0.48441395), (0.1094718, 0.48453218), (0.14046928, 0.48441395), (0.1094718, 0.48453218), (0.1094718, 0.48453218), (0.14046928, 0.48441395), (0.14046928, 0.48441395), (0.1094718, 0.48453218), (0.14046928, 0.48441395), (0.1094718, 0.48453218), (0.14046928, 0.48441395), (0.1094718, 0.48453218), (0.14046928, 0.48441395), (0.1094718, 0.48453218), (0.14046928, 0.48441395), (0.1094718, 0.48453218), (0.1094718, 0.48453218), (0.1094718, 0.48453218), (0.1094718, 0.48453218), (0.1094718, 0.48453218), (0.1094718, 0.48453218), (0.1094718, 0.48453218), (0.1094718, 0.48453218), (0.1094718, 0.48453218), (0.1094718, 0.48453218), (0.1094718, 0.48453218), (0.1094718, 0.48453218), (0.14046928, 0.48441395), (0.1094718, 0.48453218), (0.14046928, 0.48441395), (0.1094718, 0.48453218), (0.14046928, 0.48441395), (0.1094718, 0.48453218), (0.14046928, 0.48441395), (0.14046928, 0.48441395), (0.14046928, 0.48441395), (0.14046928, 0.48441395), (0.14046928, 0.48441395), (0.14046928, 0.48441395), (0.1094718, 0.48453218), (0.1094718, 0.48453218), (0.14046928, 0.48441395), (0.14046928, 0.48441395), (0.1094718, 0.48453218), (0.14046928, 0.48441395), (0.1094718, 0.48453218), (0.1094718, 0.48453218), (0.14046928, 0.48441395), (0.1094718, 0.48453218), (0.14046928, 0.48441395), (0.1094718, 0.48453218), (0.1094718, 0.48453218), (0.1094718, 0.48453218), (0.1094718, 0.48453218), (0.1094718, 0.48453218), (0.1094718, 0.48453218), (0.1094718, 0.48453218), (0.1094718, 0.48453218), (0.1094718, 0.48453218), (0.1094718, 0.48453218), (0.1094718, 0.48453218), (0.1094718, 0.48453218), (0.1094718, 0.48453218), (0.1094718, 0.48453218), (0.1094718, 0.48453218), (0.1094718, 0.48453218), (0.1094718, 0.48453218), (0.14046928, 0.48441395), (0.1094718, 0.48453218), (0.14046928, 0.48441395), (0.1094718, 0.48453218), (0.14046928, 0.48441395), (0.14046928, 0.48441395), (0.1094718, 0.48453218), (0.1094718, 0.48453218), (0.14046928, 0.48441395), (0.1094718, 0.48453218), (0.14046928, 0.48441395), (0.14046928, 0.48441395), (0.1094718, 0.48453218), (0.14046928, 0.48441395), (0.1094718, 0.48453218), (0.14046928, 0.48441395), (0.1094718, 0.48453218), (0.14046928, 0.48441395), (0.1094718, 0.48453218), (0.1094718, 0.48453218), (0.1094718, 0.48453218), (0.1094718, 0.48453218), (0.1094718, 0.48453218), (0.1094718, 0.48453218), (0.1094718, 0.48453218), (0.1094718, 0.48453218), (0.1094718, 0.48453218), (0.1094718, 0.48453218), (0.1094718, 0.48453218), (0.1094718, 0.48453218), (0.1094718, 0.48453218), (0.1094718, 0.48453218), (0.1094718, 0.48453218), (0.1094718, 0.48453218), (0.1094718, 0.48453218), (0.1094718, 0.48453218), (0.14046928, 0.48441395), (0.1094718, 0.48453218), (0.14046928, 0.48441395), (0.14046928, 0.48441395), (0.1094718, 0.48453218), (0.14046928, 0.48441395), (0.1094718, 0.48453218), (0.14046928, 0.48441395), (0.1094718, 0.48453218), (0.14046928, 0.48441395), (0.1094718, 0.48453218), (0.14046928, 0.48441395), (0.1094718, 0.48453218), (0.14046928, 0.48441395), (0.1094718, 0.48453218), (0.1094718, 0.48453218), (0.1094718, 0.48453218), (0.1094718, 0.48453218), (0.1094718, 0.48453218), (0.1094718, 0.48453218), (0.1094718, 0.48453218), (0.1094718, 0.48453218), (0.1094718, 0.48453218), (0.1094718, 0.48453218), (0.1094718, 0.48453218), (0.1094718, 0.48453218), (0.1094718, 0.48453218), (0.1094718, 0.48453218), (0.1094718, 0.48453218), (0.1094718, 0.48453218), (0.1094718, 0.48453218), (0.1094718, 0.48453218), (0.14046928, 0.48441395), (0.1094718, 0.48453218), (0.14046925, 0.48441395), (0.1094718, 0.48453218), (0.14046928, 0.48441395), (0.1094718, 0.48453218), (0.14046928, 0.48441395), (0.14046928, 0.48441395), (0.14046928, 0.48441395), (0.14046928, 0.48441395), (0.14046928, 0.48441395), (0.14046928, 0.48441395), (0.14046928, 0.48441395), (0.14046928, 0.48441398), (0.14046928, 0.48441395), (0.14046928, 0.48441395), (0.14046928, 0.48441395), (0.14046928, 0.48441398), (0.14046928, 0.48441395), (0.1094718, 0.48453218), (0.14046928, 0.48441395), (0.14046928, 0.48441395), (0.14046928, 0.48441395), (0.1094718, 0.48453218), (0.14046928, 0.48441395), (0.14046928, 0.48441395), (0.1094718, 0.48453218), (0.14046928, 0.48441395), (0.1094718, 0.48453218), (0.14046928, 0.48441395), (0.1094718, 0.48453218), (0.14046928, 0.48441395), (0.1094718, 0.48453218), (0.1094718, 0.48453218), (0.1094718, 0.48453218), (0.1094718, 0.48453218), (0.1094718, 0.48453218), (0.1094718, 0.48453218), (0.1094718, 0.48453218), (0.1094718, 0.48453218), (0.1094718, 0.48453218), (0.1094718, 0.48453218), (0.14046928, 0.48441395), (0.1094718, 0.48453218), (0.14046928, 0.48441395), (0.1094718, 0.48453218), (0.14046928, 0.48441395), (0.1094718, 0.48453218), (0.14046928, 0.48441395), (0.14046925, 0.48441395), (0.14046928, 0.48441395), (0.14046928, 0.48441395), (0.14046928, 0.48441395), (0.14046931, 0.48441395), (0.14046928, 0.48441395), (0.1094718, 0.48453218), (0.14046928, 0.48441395), (0.1094718, 0.48453218), (0.14046931, 0.48441395), (0.1094718, 0.48453218), (0.14046928, 0.48441395), (0.1094718, 0.48453218), (0.14046928, 0.48441395), (0.1094718, 0.48453218), (0.1094718, 0.48453218), (0.14046931, 0.48441395), (0.1094718, 0.48453218), (0.1094718, 0.48453218), (0.1094718, 0.48453218), (0.1094718, 0.48453218), (0.1094718, 0.48453218), (0.1094718, 0.48453218), (0.1094718, 0.48453218), (0.1094718, 0.48453218), (0.1094718, 0.48453218), (0.1094718, 0.48453218), (0.1094718, 0.48453218), (0.1094718, 0.48453218), (0.1094718, 0.48453218), (0.1094718, 0.48453218), (0.1094718, 0.48453218), (0.1094718, 0.48453218), (0.1094718, 0.48453218), (0.1094718, 0.48453218), (0.1094718, 0.48453218), (0.1094718, 0.48453218), (0.1094718, 0.48453218), (0.1094718, 0.48453218), (0.1094718, 0.48453218), (0.1094718, 0.48453218), (0.1094718, 0.48453218), (0.1094718, 0.48453218), (0.1094718, 0.48453218), (0.1094718, 0.48453218), (0.1094718, 0.48453218), (0.1094718, 0.48453218), (0.1094718, 0.48453218), (0.1094718, 0.48453218), (0.1094718, 0.48453218), (0.1094718, 0.48453218), (0.1094718, 0.48453218), (0.1094718, 0.48453218), (0.1094718, 0.48453218), (0.1094718, 0.48453218), (0.1094718, 0.48453218), (0.1094718, 0.48453218), (0.1094718, 0.48453218), (0.1094718, 0.48453218), (0.1094718, 0.48453218), (0.1094718, 0.48453218), (0.1094718, 0.48453218), (0.1094718, 0.48453218), (0.14046928, 0.48441395), (0.1094718, 0.4845322), (0.14046928, 0.48441398), (0.1094718, 0.48453218), (0.14046928, 0.48441395), (0.1094718, 0.48453218), (0.14046928, 0.48441395), (0.14046928, 0.48441395), (0.14046928, 0.48441395), (0.14046928, 0.48441395), (0.14046928, 0.48441395), (0.14046928, 0.48441395), (0.14046928, 0.48441398), (0.14046928, 0.48441398), (0.14046928, 0.48441395), (0.14046928, 0.48441395), (0.14046928, 0.48441395), (0.14046928, 0.48441395), (0.14046928, 0.48441395), (0.14046928, 0.48441395), (0.14046928, 0.48441395), (0.14046928, 0.48441395), (0.14046928, 0.48441395), (0.1094718, 0.48453218), (0.14046928, 0.48441395), (0.14046928, 0.48441395), (0.1094718, 0.48453218), (0.14046928, 0.48441395), (0.1094718, 0.48453218), (0.14046928, 0.48441395), (0.1094718, 0.48453218), (0.14046928, 0.48441395), (0.1094718, 0.48453218), (0.14046928, 0.48441395), (0.1094718, 0.48453218), (0.1094718, 0.48453218), (0.1094718, 0.48453218), (0.1094718, 0.48453218), (0.1094718, 0.48453218), (0.1094718, 0.48453218), (0.1094718, 0.48453218), (0.1094718, 0.48453218), (0.1094718, 0.48453218), (0.1094718, 0.48453218), (0.1094718, 0.48453218), (0.1094718, 0.48453218), (0.1094718, 0.48453218), (0.1094718, 0.48453218), (0.1094718, 0.48453218), (0.1094718, 0.48453218), (0.14046928, 0.48441395), (0.14046928, 0.48441395), (0.1094718, 0.48453218), (0.1094718, 0.48453218), (0.1094718, 0.48453218), (0.14046928, 0.48441395), (0.1094718, 0.48453218), (0.14046928, 0.48441395), (0.1094718, 0.48453218), (0.1094718, 0.48453218), (0.1094718, 0.48453218), (0.1094718, 0.48453218), (0.1094718, 0.48453218), (0.1094718, 0.48453218), (0.1094718, 0.48453218), (0.1094718, 0.48453218), (0.1094718, 0.48453218), (0.1094718, 0.48453218), (0.1094718, 0.48453218), (0.1094718, 0.48453218), (0.1094718, 0.48453218), (0.1094718, 0.48453218), (0.1094718, 0.48453218), (0.1094718, 0.48453218), (0.1094718, 0.48453218), (0.1094718, 0.48453218), (0.1094718, 0.48453218), (0.1094718, 0.48453218), (0.1094718, 0.48453218), (0.1094718, 0.48453218), (0.1094718, 0.48453218), (0.1094718, 0.48453218), (0.1094718, 0.48453218), (0.14046928, 0.48441395), (0.1094718, 0.48453218), (0.14046928, 0.48441395), (0.1094718, 0.48453218), (0.14046928, 0.48441395), (0.1094718, 0.48453218), (0.14046928, 0.48441395), (0.1094718, 0.48453218), (0.14046928, 0.48441395), (0.14046928, 0.48441395), (0.1094718, 0.48453218), (0.14046928, 0.48441395), (0.14046928, 0.48441395), (0.14046928, 0.48441395), (0.14046928, 0.48441395), (0.14046928, 0.48441395), (0.1094718, 0.48453218), (0.14046928, 0.48441395), (0.14046928, 0.48441395), (0.14046928, 0.48441395), (0.1094718, 0.48453218), (0.14046928, 0.48441395), (0.14046928, 0.48441395), (0.1094718, 0.48453218), (0.14046928, 0.48441395), (0.1094718, 0.48453218), (0.14046928, 0.48441395), (0.1094718, 0.48453218), (0.14046928, 0.48441395), (0.1094718, 0.48453218), (0.1094718, 0.48453218), (0.1094718, 0.48453218), (0.1094718, 0.48453218), (0.1094718, 0.48453218), (0.1094718, 0.48453218), (0.1094718, 0.48453218), (0.1094718, 0.48453218), (0.1094718, 0.48453218), (0.1094718, 0.48453218), (0.1094718, 0.48453218), (0.1094718, 0.48453218), (0.1094718, 0.48453218), (0.1094718, 0.48453218), (0.1094718, 0.48453218), (0.1094718, 0.48453218), (0.1094718, 0.48453218), (0.1094718, 0.48453218), (0.1094718, 0.48453218), (0.1094718, 0.48453218), (0.1094718, 0.48453218), (0.1094718, 0.48453218), (0.1094718, 0.48453218), (0.1094718, 0.48453218), (0.1094718, 0.48453218), (0.1094718, 0.48453218), (0.1094718, 0.48453218), (0.1094718, 0.48453218), (0.1094718, 0.48453218), (0.1094718, 0.48453218), (0.1094718, 0.48453218), (0.1094718, 0.48453218), (0.1094718, 0.48453218), (0.1094718, 0.48453218), (0.1094718, 0.48453218), (0.1094718, 0.48453218), (0.1094718, 0.48453218), (0.1094718, 0.48453218), (0.1094718, 0.48453218), (0.1094718, 0.48453218), (0.1094718, 0.48453218), (0.1094718, 0.48453218), (0.1094718, 0.48453218), (0.1094718, 0.48453218), (0.1094718, 0.48453218), (0.1094718, 0.48453218), (0.1094718, 0.48453218), (0.1094718, 0.48453218), (0.1094718, 0.48453218), (0.1094718, 0.48453218), (0.1094718, 0.48453218), (0.1094718, 0.48453218), (0.1094718, 0.48453218), (0.1094718, 0.48453218), (0.1094718, 0.48453218), (0.1094718, 0.48453218), (0.1094718, 0.48453218), (0.1094718, 0.48453218), (0.14046928, 0.48441395), (0.1094718, 0.48453218), (0.14046928, 0.48441395), (0.1094718, 0.48453218), (0.14046928, 0.48441395), (0.1094718, 0.48453218), (0.14046928, 0.48441395), (0.14046928, 0.48441395), (0.14046928, 0.48441395), (0.14046928, 0.48441395), (0.14046928, 0.48441395), (0.14046928, 0.48441395), (0.14046928, 0.48441395), (0.14046928, 0.48441395), (0.14046928, 0.48441395), (0.14046928, 0.48441395), (0.14046928, 0.48441395), (0.14046928, 0.48441395), (0.14046928, 0.48441395), (0.14046928, 0.48441395), (0.14046928, 0.48441395), (0.14046928, 0.48441395), (0.14046928, 0.48441395), (0.14046928, 0.48441395), (0.14046928, 0.48441395), (0.14046928, 0.48441395), (0.14046928, 0.48441395), (0.14046928, 0.48441395), (0.1094718, 0.48453218), (0.14046928, 0.48441395), (0.1094718, 0.48453218), (0.14046928, 0.48441395), (0.1094718, 0.48453218), (0.14046928, 0.48441395), (0.1094718, 0.48453218), (0.1094718, 0.48453218), (0.1094718, 0.48453218), (0.1094718, 0.48453218), (0.1094718, 0.48453218), (0.29878724, 0.4854091), (0.0768936, 0.48332605), (0.0768936, 0.48332605), (0.29878724, 0.4854091), (0.0768936, 0.48332605), (0.0768936, 0.48332605), (0.29878724, 0.4854091), (0.0768936, 0.48332605), (0.0768936, 0.48332605), (0.29878724, 0.4854091), (0.0768936, 0.48332605), (0.0768936, 0.48332605), (0.29878724, 0.4854091), (0.0768936, 0.48332605), (0.0768936, 0.48332605), (0.29878724, 0.4854091), (0.0768936, 0.48332605), (0.0768936, 0.48332605), (0.29878724, 0.4854091), (0.0768936, 0.48332605), (0.0768936, 0.48332605), (0.29878724, 0.4854091), (0.0768936, 0.48332605), (0.0768936, 0.48332605), (0.0768936, 0.48332605), (0.0768936, 0.48332605), (0.0768936, 0.48332605), (0.0768936, 0.48332605), (0.0768936, 0.48332605), (0.0768936, 0.48332605), (0.0768936, 0.48332605), (0.0768936, 0.48332605), (0.0768936, 0.48332605), (0.0768936, 0.48332605), (0.0768936, 0.48332605), (0.0768936, 0.48332605), (0.0768936, 0.48332605), (0.0768936, 0.48332605), (0.0768936, 0.48332605), (0.0768936, 0.48332605), (0.0768936, 0.48332605), (0.0768936, 0.48332605), (0.0768936, 0.48332605), (0.0768936, 0.48332605), (0.0768936, 0.48332605), (0.0768936, 0.48332605), (0.0768936, 0.48332605), (0.0768936, 0.48332605), (0.0768936, 0.48332605), (0.0768936, 0.48332605), (0.0768936, 0.48332605), (0.0768936, 0.48332605), (0.0768936, 0.48332605), (0.0768936, 0.48332605), (0.0768936, 0.48332605), (0.0768936, 0.48332605), (0.29878724, 0.4854091), (0.0768936, 0.48332605), (0.29878724, 0.4854091), (0.0768936, 0.48332605), (0.29878724, 0.4854091), (0.0768936, 0.48332605), (0.29878724, 0.4854091), (0.0768936, 0.48332605), (0.29878724, 0.4854091), (0.0768936, 0.48332605), (0.29878724, 0.4854091), (0.0768936, 0.48332605), (0.29878724, 0.4854091), (0.0768936, 0.48332605), (0.29878724, 0.4854091), (0.0768936, 0.48332605), (0.0768936, 0.48332605), (0.0768936, 0.48332605), (0.0768936, 0.48332605), (0.0768936, 0.48332605), (0.0768936, 0.48332605), (0.0768936, 0.48332605), (0.0768936, 0.48332605), (0.0768936, 0.48332605), (0.0768936, 0.48332605), (0.0768936, 0.48332605), (0.0768936, 0.48332605), (0.0768936, 0.48332605), (0.0768936, 0.48332605), (0.0768936, 0.48332605), (0.0768936, 0.48332605), (0.0768936, 0.48332605), (0.0768936, 0.48332605), (0.0768936, 0.48332605), (0.0768936, 0.48332605), (0.0768936, 0.48332605), (0.0768936, 0.48332605), (0.0768936, 0.48332605), (0.0768936, 0.48332605), (0.0768936, 0.48332605), (0.0768936, 0.48332605), (0.0768936, 0.48332605), (0.0768936, 0.48332605), (0.0768936, 0.48332605), (0.0768936, 0.48332605), (0.0768936, 0.48332605), (0.0768936, 0.48332605), (0.0768936, 0.48332605), (0.0768936, 0.48332605), (0.0768936, 0.48332605), (0.0768936, 0.48332605), (0.0768936, 0.48332605), (0.0768936, 0.48332605), (0.0768936, 0.48332605), (0.0768936, 0.48332605), (0.0768936, 0.48332605), (0.0768936, 0.48332605), (0.0768936, 0.48332605), (0.0768936, 0.48332605), (0.0768936, 0.48332605), (0.0768936, 0.48332605), (0.0768936, 0.48332605), (0.0768936, 0.48332605), (0.29878724, 0.4854091), (0.0768936, 0.48332605), (0.0768936, 0.48332605), (0.0768936, 0.48332605), (0.0768936, 0.48332605), (0.0768936, 0.48332605), (0.0768936, 0.48332605), (0.0768936, 0.48332605), (0.0768936, 0.48332605), (0.0768936, 0.48332605), (0.0768936, 0.48332605), (0.29878724, 0.4854091), (0.0768936, 0.48332605), (0.29878724, 0.4854091), (0.29878724, 0.4854091), (0.29878724, 0.4854091), (0.0768936, 0.48332605), (0.0768936, 0.48332605), (0.29878724, 0.4854091), (0.29878724, 0.4854091), (0.0768936, 0.48332605), (0.0768936, 0.48332605), (0.0768936, 0.48332605), (0.0768936, 0.48332605), (0.0768936, 0.48332605), (0.0768936, 0.48332605), (0.29878724, 0.4854091), (0.0768936, 0.48332605), (0.0768936, 0.48332605), (0.0768936, 0.48332605), (0.29878724, 0.4854091), (0.0768936, 0.48332605), (0.0768936, 0.48332605), (0.0768936, 0.48332605), (0.29878724, 0.4854091), (0.29878724, 0.4854091), (0.0768936, 0.48332605), (0.0768936, 0.48332605), (0.29878724, 0.4854091), (0.29878724, 0.4854091), (0.0768936, 0.48332605), (0.29878724, 0.4854091), (0.0768936, 0.48332605), (0.29878724, 0.4854091), (0.29878724, 0.4854091), (0.17235579, 0.4851786), (0.17235579, 0.4851786), (0.17235579, 0.4851786), (0.17235579, 0.4851786), (0.17235579, 0.4851786), (0.17235579, 0.4851786), (0.17235579, 0.4851786), (0.17235579, 0.4851786), (0.17235579, 0.4851786), (0.17235579, 0.4851786), (0.17235579, 0.4851786), (0.17235579, 0.4851786), (0.17235579, 0.4851786), (0.17235579, 0.4851786), (0.17235579, 0.4851786), (0.17235579, 0.4851786), (0.17235579, 0.4851786), (0.17235579, 0.4851786), (0.17235579, 0.4851786), (0.17235579, 0.4851786), (0.17235579, 0.4851786), (0.17235579, 0.4851786), (0.17235579, 0.4851786), (0.17235579, 0.4851786), (0.17235579, 0.4851786), (0.17235579, 0.4851786), (0.17235579, 0.4851786), (0.17235579, 0.4851786), (0.17235579, 0.4851786), (0.17235579, 0.4851786), (0.17235579, 0.4851786), (0.17235579, 0.4851786), (0.17235579, 0.4851786), (0.17235579, 0.4851786), (0.17235579, 0.4851786), (0.17235579, 0.4851786), (0.17235579, 0.4851786), (0.17235579, 0.4851786), (0.17235579, 0.4851786), (0.17235579, 0.4851786), (0.17235579, 0.4851786), (0.17235579, 0.4851786), (0.17235579, 0.4851786), (0.17235579, 0.4851786), (0.17235579, 0.4851786), (0.17235579, 0.4851786), (0.17235579, 0.4851786), (0.17235579, 0.4851786), (0.17235579, 0.4851786), (0.17235579, 0.4851786), (0.17235579, 0.4851786), (0.17235579, 0.4851786), (0.17235579, 0.4851786), (0.17235579, 0.4851786), (0.17235579, 0.4851786), (0.17235579, 0.4851786), (0.17235579, 0.4851786), (0.17235579, 0.4851786), (0.17235579, 0.4851786), (0.17235579, 0.4851786), (0.17235579, 0.4851786), (0.17235579, 0.4851786), (0.17235579, 0.4851786), (0.17235579, 0.4851786), (0.17235579, 0.4851786), (0.17235579, 0.4851786), (0.17235579, 0.4851786), (0.17235579, 0.4851786), (0.17235579, 0.4851786), (0.17235579, 0.4851786), (0.17235579, 0.4851786), (0.17235579, 0.4851786), (0.17235579, 0.4851786), (0.17235579, 0.4851786), (0.17235579, 0.4851786), (0.17235579, 0.4851786), (0.17235579, 0.4851786), (0.17235579, 0.4851786), (0.17235579, 0.4851786), (0.17235579, 0.4851786), (0.17235579, 0.4851786), (0.17235579, 0.4851786), (0.17235579, 0.4851786), (0.17235579, 0.4851786), (0.17235579, 0.4851786), (0.17235579, 0.4851786), (0.17235579, 0.4851786), (0.17235579, 0.4851786), (0.17235579, 0.4851786), (0.17235579, 0.4851786), (0.17235579, 0.4851786), (0.17235579, 0.4851786), (0.17235579, 0.4851786), (0.17235579, 0.4851786), (0.17235579, 0.4851786), (0.17235579, 0.4851786), (0.17235579, 0.4851786), (0.17235579, 0.4851786), (0.17235579, 0.4851786), (0.17235579, 0.4851786), (0.17235579, 0.4851786), (0.17235579, 0.4851786), (0.17235579, 0.4851786), (0.17235579, 0.4851786), (0.17235579, 0.4851786), (0.17235579, 0.4851786), (0.17235579, 0.4851786), (0.17235579, 0.4851786), (0.17235579, 0.4851786), (0.17235579, 0.4851786), (0.17235579, 0.4851786), (0.17235579, 0.4851786), (0.17235579, 0.4851786), (0.17235579, 0.4851786), (0.17235579, 0.4851786), (0.17235579, 0.4851786), (0.17235579, 0.4851786), (0.17235579, 0.4851786), (0.17235579, 0.4851786), (0.17235579, 0.4851786), (0.17235579, 0.4851786), (0.17235579, 0.4851786), (0.17235579, 0.4851786), (0.17235579, 0.4851786), (0.17235579, 0.4851786), (0.17235579, 0.4851786), (0.17235579, 0.4851786), (0.17235579, 0.4851786), (0.17235579, 0.4851786), (0.17235579, 0.4851786), (0.17235579, 0.4851786), (0.17235579, 0.4851786)] (
                interpolation = "faceVarying"
            )
            int[] primvars:st:indices = [93, 100, 1, 0, 105, 106, 116, 115, 115, 116, 126, 125, 125, 126, 136, 135, 135, 136, 146, 145, 145, 146, 156, 155, 155, 156, 166, 165, 165, 166, 176, 175, 1, 2, 3, 4, 5, 6, 7, 8, 9, 0, 175, 176, 186, 185, 94, 91, 102, 109, 109, 102, 112, 119, 15, 25, 26, 16, 179, 172, 182, 189, 169, 162, 172, 179, 159, 152, 162, 169, 149, 142, 152, 159, 139, 132, 142, 149, 187, 188, 95, 96, 129, 122, 132, 139, 119, 112, 122, 129, 22, 32, 33, 23, 12, 22, 23, 13, 19, 29, 20, 10, 16, 26, 27, 17, 13, 23, 24, 14, 10, 20, 21, 11, 17, 27, 28, 18, 14, 24, 25, 15, 11, 21, 22, 12, 18, 28, 29, 19, 30, 39, 38, 37, 36, 35, 34, 33, 32, 31, 29, 39, 30, 20, 26, 36, 37, 27, 23, 33, 34, 24, 20, 30, 31, 21, 27, 37, 38, 28, 24, 34, 35, 25, 21, 31, 32, 22, 28, 38, 39, 29, 25, 35, 36, 26, 180, 93, 0, 9, 101, 104, 114, 111, 185, 186, 97, 98, 90, 10, 11, 103, 100, 110, 2, 1, 107, 108, 118, 117, 111, 114, 124, 121, 103, 11, 12, 113, 110, 120, 3, 2, 117, 118, 128, 127, 121, 124, 134, 131, 113, 12, 13, 123, 120, 130, 4, 3, 127, 128, 138, 137, 131, 134, 144, 141, 123, 13, 14, 133, 130, 140, 5, 4, 137, 138, 148, 147, 141, 144, 154, 151, 133, 14, 15, 143, 140, 150, 6, 5, 147, 148, 158, 157, 151, 154, 164, 161, 143, 15, 16, 153, 150, 160, 7, 6, 157, 158, 168, 167, 161, 164, 174, 171, 153, 16, 17, 163, 160, 170, 8, 7, 167, 168, 178, 177, 171, 174, 184, 181, 163, 17, 18, 173, 170, 180, 9, 8, 177, 178, 188, 187, 88, 89, 86, 87, 173, 18, 19, 183, 92, 99, 104, 101, 98, 97, 106, 105, 96, 95, 108, 107, 183, 19, 10, 90, 181, 184, 99, 92, 150, 200, 210, 160, 94, 75, 237, 189, 116, 65, 55, 126, 142, 198, 208, 152, 186, 234, 78, 97, 127, 54, 64, 117, 153, 209, 199, 143, 96, 79, 235, 187, 184, 232, 82, 99, 114, 67, 57, 124, 148, 196, 206, 158, 98, 83, 233, 185, 125, 56, 66, 115, 159, 207, 197, 149, 92, 89, 231, 181, 180, 230, 88, 93, 121, 58, 68, 111, 146, 194, 204, 156, 172, 228, 238, 182, 157, 205, 195, 147, 183, 239, 229, 173, 110, 69, 59, 120, 102, 73, 61, 112, 144, 192, 202, 154, 178, 226, 236, 188, 113, 60, 72, 103, 155, 203, 193, 145, 189, 237, 227, 179, 108, 77, 63, 118, 151, 201, 191, 141, 176, 224, 234, 186, 119, 62, 76, 109, 187, 235, 225, 177, 140, 190, 200, 150, 106, 81, 65, 116, 132, 41, 198, 142, 174, 222, 232, 184, 117, 64, 80, 107, 143, 199, 40, 133, 185, 233, 223, 175, 104, 85, 67, 114, 138, 43, 196, 148, 181, 231, 221, 171, 115, 66, 84, 105, 149, 197, 42, 139, 170, 220, 230, 180, 111, 68, 86, 101, 136, 45, 194, 146, 162, 218, 228, 172, 147, 195, 44, 137, 189, 182, 91, 94, 84, 85, 82, 83, 80, 81, 78, 79, 76, 77, 74, 75, 72, 73, 70, 71, 87, 86, 68, 69, 66, 67, 85, 84, 64, 65, 81, 80, 62, 63, 77, 76, 60, 61, 73, 72, 69, 68, 58, 59, 56, 57, 67, 66, 54, 55, 65, 64, 52, 53, 63, 62, 50, 51, 61, 60, 59, 58, 48, 49, 46, 47, 57, 56, 44, 45, 55, 54, 42, 43, 53, 52, 40, 41, 51, 50, 49, 48, 191, 190, 193, 192, 47, 46, 195, 194, 45, 44, 197, 196, 43, 42, 199, 198, 41, 40, 190, 191, 201, 200, 203, 202, 192, 193, 205, 204, 194, 195, 207, 206, 196, 197, 209, 208, 198, 199, 200, 201, 211, 210, 213, 212, 202, 203, 215, 214, 204, 205, 217, 216, 206, 207, 219, 218, 208, 209, 210, 211, 221, 220, 223, 222, 212, 213, 225, 224, 214, 215, 227, 226, 216, 217, 229, 228, 218, 219, 220, 221, 231, 230, 233, 232, 222, 223, 235, 234, 224, 225, 237, 236, 226, 227, 239, 238, 228, 229, 230, 231, 89, 88, 83, 82, 232, 233, 79, 78, 234, 235, 75, 74, 236, 237, 71, 70, 238, 239, 188, 236, 74, 95, 129, 52, 62, 119, 90, 71, 239, 183, 161, 211, 201, 151, 118, 63, 53, 128, 182, 238, 70, 91, 165, 213, 203, 155, 123, 50, 60, 113, 154, 202, 212, 164, 112, 61, 51, 122, 120, 59, 49, 130, 167, 215, 205, 157, 156, 204, 214, 166, 131, 48, 58, 121, 93, 88, 87, 100, 169, 217, 207, 159, 135, 46, 56, 125, 101, 86, 89, 92, 158, 206, 216, 168, 124, 57, 47, 134, 105, 84, 83, 98, 163, 219, 209, 153, 137, 44, 54, 127, 152, 208, 218, 162, 126, 55, 45, 136, 99, 82, 85, 104, 160, 210, 220, 170, 139, 42, 52, 129, 107, 80, 79, 96, 171, 221, 211, 161, 128, 53, 43, 138, 97, 78, 81, 106, 175, 223, 213, 165, 133, 40, 50, 123, 164, 212, 222, 174, 122, 51, 41, 132, 109, 76, 75, 94, 130, 49, 190, 140, 177, 225, 215, 167, 95, 74, 77, 108, 166, 214, 224, 176, 141, 191, 48, 131, 103, 72, 71, 90, 179, 227, 217, 169, 145, 193, 46, 135, 168, 216, 226, 178, 134, 47, 192, 144, 91, 70, 73, 102, 100, 87, 69, 110, 173, 229, 219, 163, 263, 253, 254, 257, 245, 248, 255, 252, 259, 249, 244, 266, 242, 241, 240, 243, 244, 245, 252, 253, 246, 247, 242, 243, 248, 249, 254, 255, 240, 241, 250, 251, 241, 242, 247, 250, 243, 265, 262, 246, 240, 260, 265, 243, 249, 248, 245, 244, 251, 250, 247, 246, 253, 252, 255, 254, 266, 244, 253, 263, 249, 259, 257, 254, 260, 240, 251, 256, 266, 267, 261, 259, 267, 265, 260, 261, 263, 264, 267, 266, 264, 262, 265, 267, 257, 258, 264, 263, 258, 256, 262, 264, 256, 258, 261, 260, 258, 257, 259, 261, 246, 262, 256, 251, 291, 281, 282, 285, 273, 276, 283, 280, 287, 277, 272, 294, 270, 269, 268, 271, 272, 273, 280, 281, 274, 275, 270, 271, 276, 277, 282, 283, 268, 269, 278, 279, 269, 270, 275, 278, 271, 293, 290, 274, 268, 288, 293, 271, 277, 276, 273, 272, 279, 278, 275, 274, 281, 280, 283, 282, 294, 272, 281, 291, 277, 287, 285, 282, 288, 268, 279, 284, 294, 295, 289, 287, 295, 293, 288, 289, 291, 292, 295, 294, 292, 290, 293, 295, 285, 286, 292, 291, 286, 284, 290, 292, 284, 286, 289, 288, 286, 285, 287, 289, 274, 290, 284, 279, 467, 384, 299, 466, 302, 353, 326, 314, 388, 441, 355, 305, 384, 385, 301, 299, 492, 388, 305, 491, 386, 389, 304, 300, 493, 491, 305, 303, 305, 355, 352, 303, 389, 387, 306, 304, 494, 496, 313, 311, 496, 493, 303, 313, 518, 494, 311, 468, 312, 314, 326, 324, 469, 312, 324, 471, 500, 502, 317, 320, 390, 391, 316, 319, 393, 390, 319, 296, 503, 500, 320, 307, 501, 315, 297, 499, 322, 350, 317, 308, 307, 320, 351, 349, 320, 317, 350, 351, 315, 392, 382, 297, 472, 474, 325, 431, 328, 342, 326, 353, 434, 333, 356, 442, 431, 325, 327, 432, 443, 444, 333, 434, 432, 327, 331, 435, 446, 329, 333, 444, 333, 329, 354, 356, 436, 332, 334, 433, 448, 339, 341, 447, 447, 341, 330, 445, 490, 477, 339, 448, 340, 324, 326, 342, 476, 471, 324, 340, 453, 348, 345, 452, 437, 347, 344, 438, 440, 321, 347, 437, 454, 335, 348, 453, 451, 449, 323, 343, 322, 337, 345, 350, 335, 349, 351, 348, 348, 351, 350, 345, 343, 323, 430, 439, 467, 478, 360, 384, 363, 375, 399, 426, 388, 366, 428, 441, 384, 360, 362, 385, 492, 504, 366, 388, 386, 361, 365, 389, 505, 364, 366, 504, 366, 364, 425, 428, 389, 365, 367, 387, 508, 372, 374, 506, 506, 374, 364, 505, 516, 479, 372, 508, 373, 397, 399, 375, 480, 482, 397, 373, 514, 381, 378, 513, 390, 380, 377, 391, 393, 357, 380, 390, 515, 368, 381, 514, 512, 511, 358, 376, 395, 369, 378, 423, 368, 422, 424, 381, 381, 424, 423, 378, 376, 358, 382, 392, 472, 431, 398, 483, 401, 426, 399, 415, 434, 442, 429, 406, 431, 432, 400, 398, 443, 434, 406, 455, 432, 435, 404, 400, 457, 455, 406, 402, 406, 429, 427, 402, 436, 433, 407, 405, 458, 459, 414, 412, 459, 456, 403, 414, 488, 458, 412, 486, 413, 415, 399, 397, 485, 413, 397, 482, 462, 464, 418, 421, 437, 438, 417, 420, 440, 437, 420, 394, 465, 462, 421, 408, 463, 416, 396, 460, 395, 423, 418, 410, 408, 421, 424, 422, 421, 418, 423, 424, 416, 439, 430, 396, 419, 463, 460, 409, 394, 420, 462, 465, 420, 417, 464, 462, 483, 398, 458, 488, 400, 404, 456, 459, 398, 400, 459, 458, 405, 407, 455, 457, 433, 443, 455, 407, 346, 336, 449, 451, 321, 454, 453, 347, 347, 453, 452, 344, 474, 490, 448, 325, 327, 447, 445, 331, 325, 448, 447, 327, 332, 446, 444, 334, 433, 334, 444, 443, 323, 449, 489, 475, 396, 484, 487, 460, 410, 485, 482, 395, 461, 488, 486, 411, 430, 473, 484, 396, 369, 395, 482, 480, 510, 370, 481, 517, 383, 359, 478, 467, 337, 322, 471, 476, 450, 338, 477, 490, 430, 323, 475, 473, 308, 469, 471, 322, 498, 519, 470, 309, 383, 467, 466, 298, 298, 466, 519, 498, 359, 510, 517, 478, 379, 371, 511, 512, 357, 515, 514, 380, 380, 514, 513, 377, 478, 517, 509, 360, 361, 506, 505, 365, 360, 509, 507, 362, 365, 505, 504, 367, 387, 367, 504, 492, 318, 501, 499, 310, 296, 319, 500, 503, 319, 316, 502, 500, 466, 299, 495, 519, 300, 304, 493, 496, 299, 301, 497, 495, 304, 306, 491, 493, 387, 492, 491, 306, 520, 522, 523, 521, 528, 526, 527, 529, 526, 524, 525, 527, 530, 520, 521, 531, 528, 530, 524, 526, 529, 531, 521, 523, 527, 525, 531, 529, 522, 520, 530, 528, 524, 530, 531, 525, 522, 528, 529, 523, 532, 534, 535, 533, 540, 538, 539, 541, 538, 536, 537, 539, 542, 532, 533, 543, 540, 542, 536, 538, 541, 543, 533, 535, 539, 537, 543, 541, 534, 532, 542, 540, 536, 542, 543, 537, 534, 540, 541, 535, 544, 546, 547, 545, 552, 550, 551, 553, 550, 548, 549, 551, 554, 544, 545, 555, 552, 554, 548, 550, 553, 555, 545, 547, 551, 549, 555, 553, 546, 544, 554, 552, 548, 554, 555, 549, 546, 552, 553, 547, 556, 558, 559, 557, 564, 562, 563, 566, 562, 560, 561, 563, 568, 556, 557, 570, 564, 569, 560, 562, 567, 570, 557, 559, 563, 561, 571, 566, 558, 556, 568, 565, 560, 569, 571, 561, 558, 565, 567, 559, 572, 574, 575, 573, 580, 578, 579, 581, 578, 576, 577, 579, 582, 572, 573, 583, 580, 582, 576, 578, 581, 583, 573, 575, 579, 577, 583, 581, 574, 572, 582, 580, 576, 582, 583, 577, 574, 580, 581, 575, 584, 586, 587, 585, 592, 590, 591, 593, 590, 588, 589, 591, 594, 584, 585, 595, 592, 594, 588, 590, 593, 595, 585, 587, 591, 589, 595, 593, 586, 584, 594, 592, 588, 594, 595, 589, 586, 592, 593, 587, 596, 598, 599, 597, 606, 602, 604, 608, 603, 600, 601, 605, 610, 596, 597, 611, 607, 610, 600, 603, 609, 611, 597, 599, 605, 601, 611, 609, 598, 596, 610, 607, 600, 610, 611, 601, 598, 607, 609, 599, 612, 614, 615, 613, 620, 618, 619, 621, 618, 616, 617, 619, 622, 612, 613, 623, 620, 622, 616, 618, 621, 623, 613, 615, 619, 617, 623, 621, 614, 612, 622, 620, 616, 622, 623, 617, 614, 620, 621, 615, 624, 626, 627, 625, 632, 630, 631, 633, 630, 628, 629, 631, 634, 624, 625, 635, 632, 634, 628, 630, 633, 635, 625, 627, 631, 629, 635, 633, 626, 624, 634, 632, 628, 634, 635, 629, 626, 632, 633, 627, 636, 638, 639, 637, 644, 642, 643, 645, 642, 640, 641, 643, 646, 636, 637, 647, 644, 646, 640, 642, 645, 647, 637, 639, 643, 641, 647, 645, 638, 636, 646, 644, 640, 646, 647, 641, 638, 644, 645, 639, 648, 650, 651, 649, 656, 654, 655, 657, 654, 652, 653, 655, 658, 648, 649, 659, 656, 658, 652, 654, 657, 659, 649, 651, 655, 653, 659, 657, 650, 648, 658, 656, 652, 658, 659, 653, 650, 656, 657, 651, 660, 662, 663, 661, 672, 669, 671, 673, 668, 664, 666, 670, 674, 660, 661, 675, 672, 674, 665, 669, 673, 675, 661, 663, 671, 667, 675, 673, 662, 660, 674, 672, 665, 674, 675, 667, 662, 672, 673, 663, 676, 678, 679, 677, 684, 682, 683, 685, 682, 680, 681, 683, 686, 676, 677, 687, 684, 686, 680, 682, 685, 687, 677, 679, 683, 681, 687, 685, 678, 676, 686, 684, 680, 686, 687, 681, 678, 684, 685, 679, 688, 690, 691, 689, 696, 694, 695, 697, 694, 692, 693, 695, 698, 688, 689, 699, 696, 698, 692, 694, 697, 699, 689, 691, 695, 693, 699, 697, 690, 688, 698, 696, 692, 698, 699, 693, 690, 696, 697, 691, 700, 702, 703, 701, 708, 706, 707, 709, 706, 704, 705, 707, 710, 700, 701, 711, 708, 710, 704, 706, 709, 711, 701, 703, 707, 705, 711, 709, 702, 700, 710, 708, 704, 710, 711, 705, 702, 708, 709, 703, 712, 714, 715, 713, 720, 718, 719, 721, 718, 716, 717, 719, 722, 712, 713, 723, 720, 722, 716, 718, 721, 723, 713, 715, 719, 717, 723, 721, 714, 712, 722, 720, 716, 722, 723, 717, 714, 720, 721, 715, 724, 726, 727, 725, 732, 730, 731, 733, 730, 728, 729, 731, 734, 724, 725, 735, 732, 734, 728, 730, 733, 735, 725, 727, 731, 729, 735, 733, 726, 724, 734, 732, 728, 734, 735, 729, 726, 732, 733, 727, 736, 738, 739, 737, 744, 742, 743, 745, 742, 740, 741, 743, 746, 736, 737, 747, 744, 746, 740, 742, 745, 747, 737, 739, 743, 741, 747, 745, 738, 736, 746, 744, 740, 746, 747, 741, 738, 744, 745, 739, 748, 750, 751, 749, 756, 754, 755, 757, 754, 752, 753, 755, 758, 748, 749, 759, 756, 758, 752, 754, 757, 759, 749, 751, 755, 753, 759, 757, 750, 748, 758, 756, 752, 758, 759, 753, 750, 756, 757, 751, 760, 762, 763, 761, 770, 767, 769, 772, 767, 765, 766, 769, 774, 760, 761, 776, 771, 774, 764, 768, 773, 776, 761, 763, 769, 766, 777, 772, 762, 760, 774, 771, 765, 775, 777, 766, 762, 771, 773, 763, 778, 780, 781, 779, 790, 786, 788, 791, 786, 782, 784, 788, 792, 778, 779, 794, 789, 793, 783, 787, 791, 794, 779, 781, 788, 784, 794, 791, 780, 778, 792, 790, 783, 793, 795, 785, 780, 790, 791, 781, 796, 801, 802, 799, 807, 805, 806, 809, 805, 803, 804, 806, 811, 797, 798, 813, 807, 811, 803, 805, 810, 812, 799, 802, 806, 804, 813, 809, 800, 797, 811, 807, 803, 811, 813, 804, 801, 808, 810, 802, 815, 818, 820, 816, 828, 825, 826, 830, 824, 822, 823, 827, 832, 814, 817, 833, 828, 831, 821, 825, 829, 833, 817, 819, 827, 823, 833, 829, 818, 815, 831, 828, 822, 832, 833, 823, 818, 828, 830, 820, 834, 836, 837, 835, 842, 840, 841, 843, 840, 838, 839, 841, 844, 834, 835, 845, 842, 844, 838, 840, 843, 845, 835, 837, 841, 839, 845, 843, 836, 834, 844, 842, 838, 844, 845, 839, 836, 842, 843, 837, 846, 848, 849, 847, 859, 854, 857, 860, 855, 850, 852, 856, 862, 846, 847, 863, 858, 861, 850, 855, 860, 863, 847, 849, 857, 853, 863, 860, 848, 846, 862, 859, 851, 862, 863, 853, 848, 859, 860, 849, 864, 866, 867, 865, 872, 870, 871, 873, 870, 868, 869, 871, 874, 864, 865, 875, 872, 874, 868, 870, 873, 875, 865, 867, 871, 869, 875, 873, 866, 864, 874, 872, 868, 874, 875, 869, 866, 872, 873, 867, 876, 878, 879, 877, 884, 882, 883, 885, 882, 880, 881, 883, 886, 876, 877, 887, 884, 886, 880, 882, 885, 887, 877, 879, 883, 881, 887, 885, 878, 876, 886, 884, 880, 886, 887, 881, 878, 884, 885, 879, 888, 890, 891, 889, 896, 894, 895, 897, 894, 892, 893, 895, 898, 888, 889, 899, 896, 898, 892, 894, 897, 899, 889, 891, 895, 893, 899, 897, 890, 888, 898, 896, 892, 898, 899, 893, 890, 896, 897, 891, 900, 904, 906, 902, 912, 910, 911, 913, 910, 908, 909, 911, 914, 901, 903, 915, 912, 914, 908, 910, 913, 915, 903, 907, 911, 909, 915, 913, 905, 901, 914, 912, 908, 914, 915, 909, 905, 912, 913, 907, 916, 918, 919, 917, 927, 924, 925, 929, 923, 921, 922, 926, 930, 916, 917, 932, 927, 930, 920, 924, 929, 932, 917, 919, 926, 922, 933, 928, 918, 916, 930, 927, 921, 931, 933, 922, 918, 927, 929, 919, 934, 937, 941, 938, 935, 934, 938, 939, 936, 935, 939, 940, 937, 936, 940, 941, 938, 941, 945, 942, 939, 938, 942, 943, 940, 939, 943, 944, 941, 940, 944, 945, 942, 945, 949, 946, 943, 942, 946, 947, 944, 943, 947, 948, 945, 944, 948, 949, 946, 949, 956, 950, 947, 946, 950, 952, 948, 947, 952, 954, 949, 948, 954, 956, 951, 957, 961, 958, 953, 951, 958, 959, 955, 953, 959, 960, 957, 955, 960, 961, 958, 961, 965, 962, 959, 958, 962, 963, 960, 959, 963, 964, 961, 960, 964, 965, 962, 965, 972, 966, 963, 962, 966, 968, 964, 963, 968, 970, 965, 964, 970, 972, 967, 973, 977, 974, 969, 967, 974, 975, 971, 969, 975, 976, 973, 971, 976, 977, 974, 977, 981, 978, 975, 974, 978, 979, 976, 975, 979, 980, 977, 976, 980, 981, 978, 981, 985, 982, 979, 978, 982, 983, 980, 979, 983, 984, 981, 980, 984, 985, 982, 985, 989, 986, 983, 982, 986, 987, 984, 983, 987, 988, 985, 984, 988, 989, 986, 989, 993, 990, 987, 986, 990, 991, 988, 987, 991, 992, 989, 988, 992, 993, 990, 993, 997, 994, 991, 990, 994, 995, 992, 991, 995, 996, 993, 992, 996, 997, 994, 997, 1001, 998, 995, 994, 998, 999, 996, 995, 999, 1000, 997, 996, 1000, 1001, 998, 1001, 1005, 1002, 999, 998, 1002, 1003, 1000, 999, 1003, 1004, 1001, 1000, 1004, 1005, 1002, 1005, 1009, 1006, 1003, 1002, 1006, 1007, 1004, 1003, 1007, 1008, 1005, 1004, 1008, 1009, 1006, 1009, 1013, 1010, 1007, 1006, 1010, 1011, 1008, 1007, 1011, 1012, 1009, 1008, 1012, 1013, 1010, 1013, 1017, 1014, 1011, 1010, 1014, 1015, 1012, 1011, 1015, 1016, 1013, 1012, 1016, 1017, 1014, 1017, 1021, 1018, 1015, 1014, 1018, 1019, 1016, 1015, 1019, 1020, 1017, 1016, 1020, 1021, 1018, 1021, 1025, 1022, 1019, 1018, 1022, 1023, 1020, 1019, 1023, 1024, 1021, 1020, 1024, 1025, 1022, 1025, 1029, 1026, 1023, 1022, 1026, 1027, 1024, 1023, 1027, 1028, 1025, 1024, 1028, 1029, 1026, 1029, 1033, 1030, 1027, 1026, 1030, 1031, 1028, 1027, 1031, 1032, 1029, 1028, 1032, 1033, 1030, 1033, 1037, 1034, 1031, 1030, 1034, 1035, 1032, 1031, 1035, 1036, 1033, 1032, 1036, 1037, 1034, 1037, 1044, 1038, 1035, 1034, 1038, 1040, 1036, 1035, 1040, 1042, 1037, 1036, 1042, 1044, 1039, 1045, 1051, 1046, 1041, 1039, 1046, 1049, 1043, 1041, 1049, 1050, 1045, 1043, 1050, 1051, 1046, 1051, 1058, 1052, 1048, 1047, 1053, 1055, 1050, 1049, 1054, 1056, 1051, 1050, 1056, 1058, 1053, 1059, 1063, 1060, 1055, 1053, 1060, 1061, 1057, 1055, 1061, 1062, 1059, 1057, 1062, 1063, 1060, 1063, 1067, 1064, 1061, 1060, 1064, 1065, 1062, 1061, 1065, 1066, 1063, 1062, 1066, 1067, 1064, 1067, 1074, 1068, 1065, 1064, 1068, 1070, 1066, 1065, 1070, 1072, 1067, 1066, 1072, 1074, 1069, 1075, 1079, 1076, 1071, 1069, 1076, 1077, 1073, 1071, 1077, 1078, 1075, 1073, 1078, 1079, 1076, 1079, 1083, 1080, 1077, 1076, 1080, 1081, 1078, 1077, 1081, 1082, 1079, 1078, 1082, 1083, 1080, 1083, 1087, 1084, 1081, 1080, 1084, 1085, 1082, 1081, 1085, 1086, 1083, 1082, 1086, 1087, 1084, 1087, 1091, 1088, 1085, 1084, 1088, 1089, 1086, 1085, 1089, 1090, 1087, 1086, 1090, 1091, 1088, 1091, 1095, 1092, 1089, 1088, 1092, 1093, 1090, 1089, 1093, 1094, 1091, 1090, 1094, 1095, 1092, 1095, 1099, 1096, 1093, 1092, 1096, 1097, 1094, 1093, 1097, 1098, 1095, 1094, 1098, 1099, 1096, 1099, 1106, 1100, 1097, 1096, 1100, 1102, 1098, 1097, 1102, 1104, 1099, 1098, 1104, 1106, 1101, 1107, 1111, 1108, 1103, 1101, 1108, 1109, 1105, 1103, 1109, 1110, 1107, 1105, 1110, 1111, 1108, 1111, 1115, 1112, 1109, 1108, 1112, 1113, 1110, 1109, 1113, 1114, 1111, 1110, 1114, 1115, 1112, 1115, 1119, 1116, 1113, 1112, 1116, 1117, 1114, 1113, 1117, 1118, 1115, 1114, 1118, 1119, 1116, 1119, 1123, 1120, 1117, 1116, 1120, 1121, 1118, 1117, 1121, 1122, 1119, 1118, 1122, 1123, 1120, 1123, 1128, 1124, 1121, 1120, 1124, 1125, 1122, 1121, 1125, 1126, 1123, 1122, 1126, 1128, 1124, 1128, 1135, 1130, 1125, 1124, 1130, 1131, 1126, 1125, 1131, 1133, 1129, 1127, 1132, 1134, 1130, 1135, 1139, 1136, 1131, 1130, 1136, 1137, 1133, 1131, 1137, 1138, 1135, 1133, 1138, 1139, 1136, 1139, 1143, 1140, 1137, 1136, 1140, 1141, 1138, 1137, 1141, 1142, 1139, 1138, 1142, 1143, 1140, 1143, 1147, 1144, 1141, 1140, 1144, 1145, 1142, 1141, 1145, 1146, 1143, 1142, 1146, 1147, 1144, 1147, 1154, 1148, 1145, 1144, 1148, 1151, 1146, 1145, 1151, 1152, 1147, 1146, 1152, 1154, 1149, 1153, 1161, 1155, 1150, 1149, 1155, 1157, 1152, 1151, 1156, 1158, 1154, 1152, 1158, 1160, 1155, 1161, 1168, 1162, 1157, 1155, 1162, 1164, 1159, 1157, 1164, 1166, 1161, 1159, 1166, 1168, 1163, 1169, 1173, 1170, 1165, 1163, 1170, 1171, 1167, 1165, 1171, 1172, 1169, 1167, 1172, 1173, 1170, 1173, 1177, 1174, 1171, 1170, 1174, 1175, 1172, 1171, 1175, 1176, 1173, 1172, 1176, 1177, 1174, 1177, 1181, 1178, 1175, 1174, 1178, 1179, 1176, 1175, 1179, 1180, 1177, 1176, 1180, 1181, 1178, 1181, 1185, 1182, 1179, 1178, 1182, 1183, 1180, 1179, 1183, 1184, 1181, 1180, 1184, 1185, 1182, 1185, 1190, 1186, 1183, 1182, 1186, 1187, 1184, 1183, 1187, 1188, 1185, 1184, 1188, 1190, 1186, 1190, 1197, 1192, 1187, 1186, 1192, 1193, 1188, 1187, 1193, 1195, 1191, 1189, 1194, 1196, 1192, 1197, 1201, 1198, 1193, 1192, 1198, 1199, 1195, 1193, 1199, 1200, 1197, 1195, 1200, 1201, 1198, 1201, 1205, 1202, 1199, 1198, 1202, 1203, 1200, 1199, 1203, 1204, 1201, 1200, 1204, 1205, 1202, 1205, 1209, 1206, 1203, 1202, 1206, 1207, 1204, 1203, 1207, 1208, 1205, 1204, 1208, 1209, 1206, 1209, 1213, 1210, 1207, 1206, 1210, 1211, 1208, 1207, 1211, 1212, 1209, 1208, 1212, 1213, 1210, 1213, 1220, 1214, 1211, 1210, 1214, 1216, 1212, 1211, 1216, 1218, 1213, 1212, 1218, 1220, 1215, 1221, 1225, 1222, 1217, 1215, 1222, 1223, 1219, 1217, 1223, 1224, 1221, 1219, 1224, 1225, 1222, 1225, 1232, 1226, 1223, 1222, 1226, 1228, 1224, 1223, 1228, 1230, 1225, 1224, 1230, 1232, 1227, 1233, 1237, 1234, 1229, 1227, 1234, 1235, 1231, 1229, 1235, 1236, 1233, 1231, 1236, 1237, 1234, 1237, 1241, 1238, 1235, 1234, 1238, 1239, 1236, 1235, 1239, 1240, 1237, 1236, 1240, 1241, 1238, 1241, 1248, 1242, 1239, 1238, 1242, 1245, 1240, 1239, 1245, 1246, 1241, 1240, 1246, 1248, 1243, 1249, 1255, 1250, 1244, 1243, 1250, 1251, 1246, 1245, 1252, 1253, 1249, 1247, 1254, 1255, 1250, 1255, 1261, 1256, 1251, 1250, 1256, 1258, 1253, 1252, 1257, 1259, 1255, 1254, 1260, 1261, 1256, 1261, 1267, 1262, 1258, 1256, 1262, 1263, 1260, 1258, 1263, 1266, 1261, 1260, 1266, 1267, 1262, 1267, 1273, 1268, 1263, 1262, 1268, 1270, 1265, 1264, 1269, 1271, 1267, 1266, 1272, 1273, 1268, 1273, 1277, 1274, 1270, 1268, 1274, 1275, 1272, 1270, 1275, 1276, 1273, 1272, 1276, 1277, 1274, 1277, 1281, 1278, 1275, 1274, 1278, 1279, 1276, 1275, 1279, 1280, 1277, 1276, 1280, 1281, 1278, 1281, 1287, 1283, 1279, 1278, 1283, 1284, 1280, 1279, 1284, 1285, 1281, 1280, 1285, 1287, 1282, 1288, 1295, 1290, 1284, 1283, 1289, 1291, 1285, 1284, 1291, 1293, 1288, 1286, 1294, 1295, 1290, 1295, 1299, 1296, 1292, 1290, 1296, 1297, 1294, 1292, 1297, 1298, 1295, 1294, 1298, 1299, 1296, 1299, 1303, 1300, 1297, 1296, 1300, 1301, 1298, 1297, 1301, 1302, 1299, 1298, 1302, 1303, 1300, 1303, 1307, 1304, 1301, 1300, 1304, 1305, 1302, 1301, 1305, 1306, 1303, 1302, 1306, 1307, 1304, 1307, 1313, 1308, 1305, 1304, 1308, 1309, 1306, 1305, 1309, 1312, 1307, 1306, 1312, 1313, 1308, 1313, 1321, 1314, 1309, 1308, 1314, 1316, 1311, 1310, 1317, 1318, 1313, 1312, 1319, 1321, 1315, 1320, 1328, 1323, 1317, 1315, 1323, 1324, 1318, 1317, 1324, 1326, 1321, 1319, 1327, 1329, 1322, 1329, 1335, 1331, 1324, 1323, 1330, 1332, 1327, 1325, 1333, 1334, 1329, 1327, 1334, 1335, 1331, 1335, 1339, 1336, 1333, 1331, 1336, 1337, 1334, 1333, 1337, 1338, 1335, 1334, 1338, 1339, 1336, 1339, 1343, 1340, 1337, 1336, 1340, 1341, 1338, 1337, 1341, 1342, 1339, 1338, 1342, 1343, 1340, 1343, 1350, 1344, 1341, 1340, 1344, 1346, 1342, 1341, 1346, 1348, 1343, 1342, 1348, 1350, 1345, 1351, 1355, 1352, 1347, 1345, 1352, 1353, 1349, 1347, 1353, 1354, 1351, 1349, 1354, 1355, 1352, 1355, 1362, 1356, 1353, 1352, 1356, 1359, 1354, 1353, 1359, 1360, 1355, 1354, 1360, 1362, 1357, 1363, 1369, 1364, 1358, 1357, 1364, 1366, 1360, 1359, 1365, 1367, 1363, 1361, 1368, 1369, 1364, 1369, 1373, 1370, 1366, 1364, 1370, 1371, 1368, 1366, 1371, 1372, 1369, 1368, 1372, 1373, 1370, 1373, 1377, 1374, 1371, 1370, 1374, 1375, 1372, 1371, 1375, 1376, 1373, 1372, 1376, 1377, 1374, 1377, 1381, 1378, 1375, 1374, 1378, 1379, 1376, 1375, 1379, 1380, 1377, 1376, 1380, 1381, 1378, 1381, 1386, 1382, 1379, 1378, 1382, 1383, 1380, 1379, 1383, 1384, 1381, 1380, 1384, 1386, 1382, 1386, 1394, 1388, 1383, 1382, 1388, 1391, 1384, 1383, 1391, 1392, 1387, 1385, 1393, 1395, 1389, 1395, 1402, 1396, 1390, 1389, 1396, 1398, 1392, 1391, 1399, 1401, 1395, 1393, 1400, 1402, 1397, 1403, 1407, 1404, 1399, 1397, 1404, 1405, 1401, 1399, 1405, 1406, 1403, 1401, 1406, 1407, 1404, 1407, 1411, 1408, 1405, 1404, 1408, 1409, 1406, 1405, 1409, 1410, 1407, 1406, 1410, 1411, 1408, 1411, 1415, 1412, 1409, 1408, 1412, 1413, 1410, 1409, 1413, 1414, 1411, 1410, 1414, 1415, 1412, 1415, 1419, 1416, 1413, 1412, 1416, 1417, 1414, 1413, 1417, 1418, 1415, 1414, 1418, 1419, 1416, 1419, 1427, 1420, 1417, 1416, 1420, 1422, 1418, 1417, 1422, 1425, 1419, 1418, 1425, 1427, 1421, 1426, 1434, 1428, 1423, 1421, 1428, 1430, 1424, 1423, 1430, 1432, 1427, 1425, 1433, 1435, 1429, 1435, 1439, 1436, 1431, 1429, 1436, 1437, 1433, 1431, 1437, 1438, 1435, 1433, 1438, 1439, 1436, 1439, 1443, 1440, 1437, 1436, 1440, 1441, 1438, 1437, 1441, 1442, 1439, 1438, 1442, 1443, 1440, 1443, 1447, 1444, 1441, 1440, 1444, 1445, 1442, 1441, 1445, 1446, 1443, 1442, 1446, 1447, 1444, 1447, 1451, 1448, 1445, 1444, 1448, 1449, 1446, 1445, 1449, 1450, 1447, 1446, 1450, 1451, 1448, 1451, 1458, 1452, 1449, 1448, 1452, 1454, 1450, 1449, 1454, 1456, 1451, 1450, 1456, 1458, 1453, 1459, 1463, 1460, 1455, 1453, 1460, 1461, 1457, 1455, 1461, 1462, 1459, 1457, 1462, 1463, 1460, 1463, 1467, 1464, 1461, 1460, 1464, 1465, 1462, 1461, 1465, 1466, 1463, 1462, 1466, 1467, 1464, 1467, 1471, 1468, 1465, 1464, 1468, 1469, 1466, 1465, 1469, 1470, 1467, 1466, 1470, 1471, 1468, 1471, 1477, 1473, 1469, 1468, 1473, 1474, 1470, 1469, 1474, 1475, 1471, 1470, 1475, 1477, 1472, 1476, 1485, 1479, 1474, 1473, 1478, 1480, 1475, 1474, 1480, 1482, 1477, 1475, 1482, 1484, 1479, 1485, 1489, 1486, 1481, 1479, 1486, 1487, 1483, 1481, 1487, 1488, 1485, 1483, 1488, 1489, 1486, 1489, 1493, 1490, 1487, 1486, 1490, 1491, 1488, 1487, 1491, 1492, 1489, 1488, 1492, 1493, 1490, 1493, 1500, 1494, 1491, 1490, 1494, 1496, 1492, 1491, 1496, 1498, 1493, 1492, 1498, 1500, 1495, 1501, 1505, 1502, 1497, 1495, 1502, 1503, 1499, 1497, 1503, 1504, 1501, 1499, 1504, 1505, 1502, 1505, 1511, 1506, 1503, 1502, 1506, 1507, 1504, 1503, 1507, 1509, 1505, 1504, 1509, 1511, 1506, 1511, 1518, 1513, 1507, 1506, 1513, 1515, 1510, 1508, 1516, 1517, 1512, 1510, 1517, 1519, 1514, 1519, 1523, 1520, 1516, 1514, 1520, 1521, 1517, 1516, 1521, 1522, 1519, 1517, 1522, 1523, 1520, 1523, 1527, 1524, 1521, 1520, 1524, 1525, 1522, 1521, 1525, 1526, 1523, 1522, 1526, 1527, 1524, 1527, 1531, 1528, 1525, 1524, 1528, 1529, 1526, 1525, 1529, 1530, 1527, 1526, 1530, 1531, 1528, 1531, 1535, 1532, 1529, 1528, 1532, 1533, 1530, 1529, 1533, 1534, 1531, 1530, 1534, 1535, 1532, 1535, 1539, 1536, 1533, 1532, 1536, 1537, 1534, 1533, 1537, 1538, 1535, 1534, 1538, 1539, 1536, 1539, 1543, 1540, 1537, 1536, 1540, 1541, 1538, 1537, 1541, 1542, 1539, 1538, 1542, 1543, 1540, 1543, 1547, 1544, 1541, 1540, 1544, 1545, 1542, 1541, 1545, 1546, 1543, 1542, 1546, 1547, 1544, 1547, 1551, 1548, 1545, 1544, 1548, 1549, 1546, 1545, 1549, 1550, 1547, 1546, 1550, 1551, 1548, 1551, 1555, 1552, 1549, 1548, 1552, 1553, 1550, 1549, 1553, 1554, 1551, 1550, 1554, 1555, 1552, 1555, 1559, 1556, 1553, 1552, 1556, 1557, 1554, 1553, 1557, 1558, 1555, 1554, 1558, 1559, 1556, 1559, 1563, 1560, 1557, 1556, 1560, 1561, 1558, 1557, 1561, 1562, 1559, 1558, 1562, 1563, 1560, 1563, 1570, 1564, 1561, 1560, 1564, 1566, 1562, 1561, 1566, 1568, 1563, 1562, 1568, 1570, 1565, 1571, 1575, 1572, 1567, 1565, 1572, 1573, 1569, 1567, 1573, 1574, 1571, 1569, 1574, 1575, 1572, 1575, 1579, 1576, 1573, 1572, 1576, 1577, 1574, 1573, 1577, 1578, 1575, 1574, 1578, 1579, 1576, 1579, 1583, 1580, 1577, 1576, 1580, 1581, 1578, 1577, 1581, 1582, 1579, 1578, 1582, 1583, 1580, 1583, 1587, 1584, 1581, 1580, 1584, 1585, 1582, 1581, 1585, 1586, 1583, 1582, 1586, 1587, 1584, 1587, 1594, 1589, 1585, 1584, 1589, 1590, 1586, 1585, 1590, 1592, 1587, 1586, 1592, 1594, 1588, 1595, 1601, 1597, 1590, 1589, 1596, 1598, 1593, 1591, 1599, 1600, 1595, 1593, 1600, 1601, 1597, 1601, 1605, 1602, 1599, 1597, 1602, 1603, 1600, 1599, 1603, 1604, 1601, 1600, 1604, 1605, 1602, 1605, 1609, 1606, 1603, 1602, 1606, 1607, 1604, 1603, 1607, 1608, 1605, 1604, 1608, 1609, 1606, 1609, 1613, 1610, 1607, 1606, 1610, 1611, 1608, 1607, 1611, 1612, 1609, 1608, 1612, 1613, 1610, 1613, 1619, 1614, 1611, 1610, 1614, 1617, 1612, 1611, 1617, 1618, 1613, 1612, 1618, 1619, 1614, 1619, 1625, 1621, 1616, 1615, 1620, 1622, 1618, 1617, 1623, 1624, 1619, 1618, 1624, 1625, 1621, 1625, 1629, 1626, 1623, 1621, 1626, 1627, 1624, 1623, 1627, 1628, 1625, 1624, 1628, 1629, 1626, 1629, 1633, 1630, 1627, 1626, 1630, 1631, 1628, 1627, 1631, 1632, 1629, 1628, 1632, 1633, 1630, 1633, 1637, 1634, 1631, 1630, 1634, 1635, 1632, 1631, 1635, 1636, 1633, 1632, 1636, 1637, 1634, 1637, 1641, 1638, 1635, 1634, 1638, 1639, 1636, 1635, 1639, 1640, 1637, 1636, 1640, 1641, 1638, 1641, 1645, 1642, 1639, 1638, 1642, 1643, 1640, 1639, 1643, 1644, 1641, 1640, 1644, 1645, 1642, 1645, 1651, 1646, 1643, 1642, 1646, 1647, 1644, 1643, 1647, 1649, 1645, 1644, 1649, 1651, 1646, 1651, 1658, 1653, 1647, 1646, 1653, 1655, 1650, 1648, 1656, 1657, 1652, 1650, 1657, 1659, 1654, 1659, 1663, 1660, 1656, 1654, 1660, 1661, 1657, 1656, 1661, 1662, 1659, 1657, 1662, 1663, 1660, 1663, 1669, 1665, 1661, 1660, 1665, 1666, 1662, 1661, 1666, 1667, 1663, 1662, 1667, 1669, 1664, 1668, 1677, 1671, 1666, 1665, 1670, 1672, 1667, 1666, 1672, 1674, 1669, 1667, 1674, 1676, 1671, 1677, 1681, 1678, 1673, 1671, 1678, 1679, 1675, 1673, 1679, 1680, 1677, 1675, 1680, 1681, 1678, 1681, 1685, 1682, 1679, 1678, 1682, 1683, 1680, 1679, 1683, 1684, 1681, 1680, 1684, 1685, 1682, 1685, 1689, 1686, 1683, 1682, 1686, 1687, 1684, 1683, 1687, 1688, 1685, 1684, 1688, 1689, 1686, 1689, 1693, 1690, 1687, 1686, 1690, 1691, 1688, 1687, 1691, 1692, 1689, 1688, 1692, 1693, 1690, 1693, 1697, 1694, 1691, 1690, 1694, 1695, 1692, 1691, 1695, 1696, 1693, 1692, 1696, 1697, 1694, 1697, 1701, 1698, 1695, 1694, 1698, 1699, 1696, 1695, 1699, 1700, 1697, 1696, 1700, 1701, 1698, 1701, 1705, 1702, 1699, 1698, 1702, 1703, 1700, 1699, 1703, 1704, 1701, 1700, 1704, 1705, 1702, 1705, 1709, 1706, 1703, 1702, 1706, 1707, 1704, 1703, 1707, 1708, 1705, 1704, 1708, 1709, 1706, 1709, 1713, 1710, 1707, 1706, 1710, 1711, 1708, 1707, 1711, 1712, 1709, 1708, 1712, 1713, 1710, 1713, 1717, 1714, 1711, 1710, 1714, 1715, 1712, 1711, 1715, 1716, 1713, 1712, 1716, 1717, 1714, 1717, 1721, 1718, 1715, 1714, 1718, 1719, 1716, 1715, 1719, 1720, 1717, 1716, 1720, 1721, 1718, 1721, 1725, 1722, 1719, 1718, 1722, 1723, 1720, 1719, 1723, 1724, 1721, 1720, 1724, 1725, 1722, 1725, 1729, 1726, 1723, 1722, 1726, 1727, 1724, 1723, 1727, 1728, 1725, 1724, 1728, 1729, 1726, 1729, 1733, 1730, 1727, 1726, 1730, 1731, 1728, 1727, 1731, 1732, 1729, 1728, 1732, 1733, 1730, 1733, 1740, 1734, 1731, 1730, 1734, 1736, 1732, 1731, 1736, 1738, 1733, 1732, 1738, 1740, 1735, 1741, 1745, 1742, 1737, 1735, 1742, 1743, 1739, 1737, 1743, 1744, 1741, 1739, 1744, 1745, 1742, 1745, 1749, 1746, 1743, 1742, 1746, 1747, 1744, 1743, 1747, 1748, 1745, 1744, 1748, 1749, 1746, 1749, 1753, 1750, 1747, 1746, 1750, 1751, 1748, 1747, 1751, 1752, 1749, 1748, 1752, 1753, 1750, 1753, 1757, 1754, 1751, 1750, 1754, 1755, 1752, 1751, 1755, 1756, 1753, 1752, 1756, 1757, 1754, 1757, 1761, 1758, 1755, 1754, 1758, 1759, 1756, 1755, 1759, 1760, 1757, 1756, 1760, 1761, 1758, 1761, 1768, 1762, 1759, 1758, 1762, 1764, 1760, 1759, 1764, 1766, 1761, 1760, 1766, 1768, 1763, 1769, 1773, 1770, 1765, 1763, 1770, 1771, 1767, 1765, 1771, 1772, 1769, 1767, 1772, 1773, 1846, 1847, 1779, 1776, 1847, 1848, 1782, 1779, 1848, 1849, 1785, 1782, 1849, 1850, 1788, 1785, 1850, 1851, 1791, 1788, 1852, 1858, 1857, 1851, 1794, 1891, 1909, 1791, 1791, 1855, 1854, 1794, 1853, 1846, 1776, 1797, 1774, 1795, 1792, 1789, 1786, 1783, 1780, 1777, 1796, 1775, 1798, 1805, 1793, 1796, 1805, 1804, 1790, 1793, 1804, 1803, 1787, 1790, 1803, 1802, 1784, 1787, 1802, 1801, 1781, 1784, 1801, 1800, 1778, 1781, 1800, 1799, 1775, 1778, 1799, 1798, 1860, 1930, 1924, 1863, 1779, 1898, 1913, 1776, 1788, 1905, 1916, 1785, 1897, 1806, 1807, 1914, 1782, 1900, 1898, 1779, 1903, 1810, 1809, 1917, 1797, 1894, 1891, 1794, 1791, 1909, 1905, 1788, 1875, 1829, 1828, 1874, 1924, 1814, 1815, 1920, 1920, 1815, 1821, 1921, 1925, 1820, 1819, 1922, 1861, 1933, 1930, 1860, 1921, 1821, 1820, 1925, 1922, 1819, 1818, 1926, 1826, 1839, 1837, 1825, 1877, 1827, 1826, 1876, 1879, 1825, 1824, 1878, 1881, 1822, 1823, 1880, 1880, 1823, 1829, 1875, 1874, 1828, 1827, 1877, 1876, 1826, 1825, 1879, 1878, 1824, 1822, 1881, 1830, 1834, 1836, 1838, 1840, 1842, 1844, 1832, 1824, 1835, 1831, 1822, 1829, 1845, 1843, 1828, 1827, 1841, 1839, 1826, 1825, 1837, 1835, 1824, 1822, 1831, 1833, 1823, 1823, 1833, 1845, 1829, 1828, 1843, 1841, 1827, 1805, 1798, 1846, 1853, 1804, 1805, 1853, 1852, 1803, 1804, 1852, 1851, 1802, 1803, 1851, 1850, 1801, 1802, 1850, 1849, 1800, 1801, 1849, 1848, 1799, 1800, 1848, 1847, 1798, 1799, 1847, 1846, 1857, 1858, 1854, 1855, 1858, 1859, 1856, 1854, 1794, 1854, 1856, 1797, 1853, 1859, 1858, 1852, 1797, 1856, 1859, 1853, 1851, 1857, 1855, 1791, 1811, 1865, 1867, 1810, 1813, 1864, 1866, 1812, 1860, 1873, 1871, 1861, 1810, 1867, 1861, 1809, 1812, 1866, 1865, 1811, 1807, 1862, 1864, 1813, 1806, 1863, 1862, 1807, 1808, 1868, 1869, 1806, 1868, 1873, 1872, 1869, 1870, 1871, 1873, 1868, 1809, 1870, 1868, 1808, 1806, 1869, 1872, 1863, 1863, 1872, 1873, 1860, 1861, 1871, 1870, 1809, 1888, 1878, 1881, 1885, 1887, 1876, 1879, 1884, 1886, 1874, 1877, 1883, 1889, 1880, 1875, 1882, 1885, 1881, 1880, 1889, 1884, 1879, 1878, 1888, 1883, 1877, 1876, 1887, 1882, 1875, 1874, 1886, 1821, 1882, 1886, 1820, 1819, 1883, 1887, 1818, 1817, 1884, 1888, 1816, 1814, 1885, 1889, 1815, 1815, 1889, 1882, 1821, 1820, 1886, 1883, 1819, 1818, 1887, 1884, 1817, 1816, 1888, 1885, 1814, 1776, 1913, 1894, 1797, 1917, 1809, 1808, 1901, 1785, 1916, 1900, 1782, 1914, 1807, 1813, 1895, 1910, 1811, 1810, 1903, 1901, 1808, 1806, 1897, 1895, 1813, 1812, 1890, 1917, 1918, 1903, 1918, 1916, 1905, 1910, 1892, 1890, 1912, 1908, 1893, 1901, 1902, 1918, 1917, 1902, 1900, 1916, 1918, 1914, 1915, 1899, 1897, 1915, 1913, 1898, 1899, 1895, 1896, 1915, 1914, 1896, 1894, 1913, 1915, 1904, 1907, 1912, 1911, 1907, 1906, 1908, 1912, 1897, 1899, 1902, 1901, 1899, 1898, 1900, 1902, 1890, 1892, 1896, 1895, 1892, 1891, 1894, 1896, 1890, 1812, 1811, 1910, 1909, 1891, 1892, 1893, 1911, 1912, 1906, 1907, 1919, 1919, 1907, 1904, 1865, 1922, 1926, 1867, 1864, 1921, 1925, 1866, 1867, 1926, 1933, 1861, 1926, 1818, 1817, 1935, 1866, 1925, 1922, 1865, 1862, 1920, 1921, 1864, 1863, 1924, 1920, 1862, 1935, 1817, 1816, 1929, 1928, 1923, 1932, 1932, 1923, 1931, 1934, 1927, 1937, 1937, 1927, 1936, 1928, 1932, 1937, 1936, 1932, 1931, 1934, 1937, 1929, 1816, 1814, 1924, 1960, 1961, 1993, 1992, 1939, 1940, 1973, 1972, 1959, 1960, 1992, 1991, 1938, 1939, 1972, 1958, 1954, 1947, 1980, 1987, 1956, 1957, 1990, 1989, 1953, 1954, 1987, 1986, 1955, 1956, 1989, 1988, 1952, 1953, 1986, 1985, 1971, 1964, 1996, 2003, 1951, 1952, 1985, 1984, 1970, 1971, 2003, 2002, 1950, 1951, 1984, 1983, 1969, 1970, 2002, 2001, 1948, 1949, 1982, 1981, 1946, 1938, 1958, 1979, 1968, 1969, 2001, 2000, 1947, 1948, 1981, 1980, 1945, 1946, 1979, 1978, 1967, 1968, 2000, 1999, 1940, 1950, 1983, 1973, 1944, 1945, 1978, 1977, 1965, 1966, 1998, 1997, 1963, 1955, 1988, 1995, 1943, 1944, 1977, 1976, 1964, 1965, 1997, 1996, 1962, 1963, 1995, 1994, 1942, 1943, 1976, 1975, 1957, 1967, 1999, 1990, 1961, 1962, 1994, 1993, 1941, 1942, 1975, 1974, 1949, 1959, 1991, 1982, 2026, 2058, 2059, 2027, 2005, 2038, 2039, 2006, 2025, 2057, 2058, 2026, 2004, 2024, 2038, 2005, 2020, 2053, 2046, 2013, 2022, 2055, 2056, 2023, 2019, 2052, 2053, 2020, 2021, 2054, 2055, 2022, 2018, 2051, 2052, 2019, 2037, 2069, 2062, 2030, 2017, 2050, 2051, 2018, 2036, 2068, 2069, 2037, 2016, 2049, 2050, 2017, 2035, 2067, 2068, 2036, 2014, 2047, 2048, 2015, 2012, 2045, 2024, 2004, 2034, 2066, 2067, 2035, 2013, 2046, 2047, 2014, 2011, 2044, 2045, 2012, 2033, 2065, 2066, 2034, 2006, 2039, 2049, 2016, 2010, 2043, 2044, 2011, 2031, 2063, 2064, 2032, 2029, 2061, 2054, 2021, 2009, 2042, 2043, 2010, 2030, 2062, 2063, 2031, 2028, 2060, 2061, 2029, 2008, 2041, 2042, 2009, 2023, 2056, 2065, 2033, 2027, 2059, 2060, 2028, 2007, 2040, 2041, 2008, 2015, 2048, 2057, 2025]
            uniform token subdivisionScheme = "none"
            custom string userProperties:blender:data_name = "Cylinder.027"
        }
    }

    def Scope "_materials"
    {
        def Material "Atlas"
        {
            token outputs:surface.connect = </root/_materials/Atlas/Principled_BSDF.outputs:surface>
            custom string userProperties:blender:data_name = "Atlas"

            def Shader "Principled_BSDF"
            {
                uniform token info:id = "UsdPreviewSurface"
                float inputs:clearcoat = 0
                float inputs:clearcoatRoughness = 0.03
                color3f inputs:diffuseColor.connect = </root/_materials/Atlas/Image_Texture.outputs:rgb>
                color3f inputs:emissiveColor = (0, 0, 0)
                float inputs:ior = 1.5
                float inputs:metallic = 0
                float inputs:opacity = 1
                float inputs:roughness = 1
                float inputs:specular = 0.5
                token outputs:surface
            }

            def Shader "Image_Texture"
            {
                uniform token info:id = "UsdUVTexture"
                asset inputs:file = @./textures/T_ZombieAtlas_D.png@
                token inputs:sourceColorSpace = "sRGB"
                float2 inputs:st.connect = </root/_materials/Atlas/uvmap.outputs:result>
                token inputs:wrapS = "repeat"
                token inputs:wrapT = "repeat"
                float3 outputs:rgb
            }

            def Shader "uvmap"
            {
                uniform token info:id = "UsdPrimvarReader_float2"
                string inputs:varname = "st"
                float2 outputs:result
            }
        }
    }
}

