#usda 1.0
(
    defaultPrim = "root"
    doc = "Blender v5.1.2"
    metersPerUnit = 1
    upAxis = "Y"
)

def Xform "root" (
    customData = {
        dictionary Blender = {
            bool generated = 1
        }
    }
)
{
    float3 xformOp:rotateXYZ = (-90, -0, 0)
    uniform token[] xformOpOrder = ["xformOp:rotateXYZ"]

    def Xform "BackWheels"
    {
        custom string userProperties:blender:object_name = "BackWheels"

        def Mesh "Cylinder_007" (
            active = true
            prepend apiSchemas = ["MaterialBindingAPI"]
        )
        {
            uniform bool doubleSided = 1
            float3[] extent = [(3.0320961, -0.81392336, -1.1215471), (3.3449683, 0.8107641, -0.79257405)]
            int[] faceVertexCounts = [4, 4, 4, 4, 4, 4, 4, 4, 4, 4, 4, 4, 4, 4, 4, 4, 4, 4, 4, 4, 4, 4, 4, 4, 4, 4, 4, 4, 4, 4, 4, 10, 4, 4, 4, 4, 4, 4, 4, 4, 4, 4, 4, 4, 4, 4, 4, 4, 4, 4, 4, 4, 4, 4, 4, 4, 4, 4, 4, 4, 4, 4, 4, 4, 4, 4, 4, 4, 4, 4, 4, 4, 10, 4, 4, 4, 4, 4, 4, 4, 4, 4, 4, 4, 4, 4, 4, 4, 4, 4, 4, 4, 4, 4, 4, 4, 4, 4, 4, 4, 4, 4, 4, 4, 4, 4, 4, 4, 4, 4, 4, 4, 4, 10, 4, 4, 4, 4, 4, 4, 4, 4, 4, 4, 4, 4, 4, 4, 4, 4, 4, 4, 4, 4, 4, 4, 4, 4, 4, 4, 4, 4, 4, 4, 4, 4, 4, 4, 4, 4, 4, 4, 4, 4, 10, 4, 4, 4, 4, 4, 4, 4, 4, 4]
            int[] faceVertexIndices = [50, 0, 1, 51, 51, 1, 2, 52, 52, 2, 3, 53, 53, 3, 4, 54, 54, 4, 5, 55, 55, 5, 6, 56, 56, 6, 7, 57, 57, 7, 8, 58, 8, 7, 17, 18, 59, 9, 0, 50, 58, 8, 9, 59, 16, 15, 25, 26, 5, 4, 14, 15, 2, 1, 10, 12, 9, 8, 18, 19, 6, 5, 15, 16, 3, 2, 12, 13, 0, 9, 19, 11, 1, 0, 11, 10, 7, 6, 16, 17, 4, 3, 13, 14, 25, 24, 34, 35, 13, 12, 22, 23, 11, 19, 29, 21, 17, 16, 26, 27, 14, 13, 23, 24, 10, 11, 21, 20, 18, 17, 27, 28, 15, 14, 24, 25, 12, 10, 20, 22, 19, 18, 28, 29, 30, 31, 39, 38, 37, 36, 35, 34, 33, 32, 22, 20, 30, 32, 29, 28, 38, 39, 26, 25, 35, 36, 23, 22, 32, 33, 21, 29, 39, 31, 27, 26, 36, 37, 24, 23, 33, 34, 20, 21, 31, 30, 28, 27, 37, 38, 50, 51, 41, 40, 51, 52, 42, 41, 52, 53, 43, 42, 53, 54, 44, 43, 54, 55, 45, 44, 55, 56, 46, 45, 56, 57, 47, 46, 57, 58, 48, 47, 48, 68, 67, 47, 59, 50, 40, 49, 58, 59, 49, 48, 66, 76, 75, 65, 45, 65, 64, 44, 42, 62, 60, 41, 49, 69, 68, 48, 46, 66, 65, 45, 43, 63, 62, 42, 40, 61, 69, 49, 41, 60, 61, 40, 47, 67, 66, 46, 44, 64, 63, 43, 75, 85, 84, 74, 63, 73, 72, 62, 61, 71, 79, 69, 67, 77, 76, 66, 64, 74, 73, 63, 60, 70, 71, 61, 68, 78, 77, 67, 65, 75, 74, 64, 62, 72, 70, 60, 69, 79, 78, 68, 80, 82, 83, 84, 85, 86, 87, 88, 89, 81, 72, 82, 80, 70, 79, 89, 88, 78, 76, 86, 85, 75, 73, 83, 82, 72, 71, 81, 89, 79, 77, 87, 86, 76, 74, 84, 83, 73, 70, 80, 81, 71, 78, 88, 87, 77, 140, 90, 91, 141, 141, 91, 92, 142, 142, 92, 93, 143, 143, 93, 94, 144, 144, 94, 95, 145, 145, 95, 96, 146, 146, 96, 97, 147, 147, 97, 98, 148, 98, 97, 107, 108, 149, 99, 90, 140, 148, 98, 99, 149, 106, 105, 115, 116, 95, 94, 104, 105, 92, 91, 100, 102, 99, 98, 108, 109, 96, 95, 105, 106, 93, 92, 102, 103, 90, 99, 109, 101, 91, 90, 101, 100, 97, 96, 106, 107, 94, 93, 103, 104, 115, 114, 124, 125, 103, 102, 112, 113, 101, 109, 119, 111, 107, 106, 116, 117, 104, 103, 113, 114, 100, 101, 111, 110, 108, 107, 117, 118, 105, 104, 114, 115, 102, 100, 110, 112, 109, 108, 118, 119, 120, 121, 129, 128, 127, 126, 125, 124, 123, 122, 112, 110, 120, 122, 119, 118, 128, 129, 116, 115, 125, 126, 113, 112, 122, 123, 111, 119, 129, 121, 117, 116, 126, 127, 114, 113, 123, 124, 110, 111, 121, 120, 118, 117, 127, 128, 140, 141, 131, 130, 141, 142, 132, 131, 142, 143, 133, 132, 143, 144, 134, 133, 144, 145, 135, 134, 145, 146, 136, 135, 146, 147, 137, 136, 147, 148, 138, 137, 138, 158, 157, 137, 149, 140, 130, 139, 148, 149, 139, 138, 156, 166, 165, 155, 135, 155, 154, 134, 132, 152, 150, 131, 139, 159, 158, 138, 136, 156, 155, 135, 133, 153, 152, 132, 130, 151, 159, 139, 131, 150, 151, 130, 137, 157, 156, 136, 134, 154, 153, 133, 165, 175, 174, 164, 153, 163, 162, 152, 151, 161, 169, 159, 157, 167, 166, 156, 154, 164, 163, 153, 150, 160, 161, 151, 158, 168, 167, 157, 155, 165, 164, 154, 152, 162, 160, 150, 159, 169, 168, 158, 170, 172, 173, 174, 175, 176, 177, 178, 179, 171, 162, 172, 170, 160, 169, 179, 178, 168, 166, 176, 175, 165, 163, 173, 172, 162, 161, 171, 179, 169, 167, 177, 176, 166, 164, 174, 173, 163, 160, 170, 171, 161, 168, 178, 177, 167]
            rel material:binding = </root/_materials/Wheel>
            normal3f[] normals = [(0.30901647, 0, 0.95105666), (0.3090167, 0, 0.95105654), (0.3090167, 0, 0.95105654), (0.30901647, 0, 0.95105666), (0.8090173, 0, 0.58778477), (0.8090173, 0, 0.58778495), (0.8090173, 0, 0.58778495), (0.8090173, 0, 0.58778477), (1, 0, 0), (1, 0, 0), (1, 0, 0), (1, 0, 0), (0.8090172, 0, -0.587785), (0.8090173, 0, -0.58778495), (0.8090173, 0, -0.58778495), (0.8090172, 0, -0.587785), (0.30901754, 0, -0.95105636), (0.30901727, 0, -0.9510564), (0.30901727, 0, -0.9510564), (0.30901754, 0, -0.95105636), (-0.30901754, 0, -0.95105636), (-0.30901727, 0, -0.9510564), (-0.30901727, 0, -0.9510564), (-0.30901754, 0, -0.95105636), (-0.80901706, 0, -0.58778507), (-0.8090173, 0, -0.58778495), (-0.8090173, 0, -0.58778495), (-0.80901706, 0, -0.58778507), (-1, 0, 0), (-1, 0, 0), (-1, 0, 0), (-1, 0, 0), (-0.70669913, -0.7075142, 0), (-0.70669913, -0.7075142, 0), (-0.70669913, -0.7075142, 0), (-0.70669913, -0.7075142, 0), (-0.30901656, -5.823963e-7, 0.9510567), (-0.30901688, -0.0000011647938, 0.9510565), (-0.30901688, -0.0000011647938, 0.9510565), (-0.30901656, -5.82397e-7, 0.95105666), (-0.80901706, -0.0000023295872, 0.5877852), (-0.80901664, -0.000004659174, 0.5877856), (-0.80901664, -0.000004659174, 0.5877856), (-0.80901706, -0.0000023295888, 0.5877852), (0.124693215, -0.9149743, 0.38376272), (0.124693215, -0.9149743, 0.38376272), (0.124693215, -0.9149743, 0.38376272), (0.124693215, -0.9149743, 0.38376272), (0.21838039, -0.707517, -0.6721084), (0.21838039, -0.707517, -0.6721084), (0.21838039, -0.707517, -0.6721084), (0.21838039, -0.707517, -0.6721084), (0.57172984, -0.7075165, 0.41538587), (0.57172984, -0.7075165, 0.41538587), (0.57172984, -0.7075165, 0.41538587), (0.57172984, -0.7075165, 0.41538587), (-0.5717305, -0.7075154, 0.41538683), (-0.5717305, -0.7075154, 0.41538683), (-0.5717305, -0.7075154, 0.41538683), (-0.5717305, -0.7075154, 0.41538683), (-0.2183806, -0.7075163, -0.672109), (-0.2183806, -0.7075163, -0.672109), (-0.2183806, -0.7075163, -0.672109), (-0.2183806, -0.7075163, -0.672109), (0.70669746, -0.7075159, 0), (0.70669746, -0.7075159, 0), (0.70669746, -0.7075159, 0), (0.70669746, -0.7075159, 0), (-0.21838175, -0.7075152, 0.67210984), (-0.21838175, -0.7075152, 0.67210984), (-0.21838175, -0.7075152, 0.67210984), (-0.21838175, -0.7075152, 0.67210984), (0.21838163, -0.7075148, 0.67211014), (0.21838163, -0.7075148, 0.67211014), (0.21838163, -0.7075148, 0.67211014), (0.21838163, -0.7075148, 0.67211014), (-0.57173073, -0.7075157, -0.415386), (-0.57173073, -0.7075157, -0.415386), (-0.57173073, -0.7075157, -0.415386), (-0.57173073, -0.7075157, -0.415386), (0.5717316, -0.70751417, -0.41538733), (0.5717316, -0.70751417, -0.41538733), (0.5717316, -0.70751417, -0.41538733), (0.5717316, -0.70751417, -0.41538733), (0.20112574, -0.7592021, -0.61899954), (0.20112574, -0.7592021, -0.61899954), (0.20112574, -0.7592021, -0.61899954), (0.20112574, -0.7592021, -0.61899954), (-0.40351152, -0.9149746, 0), (-0.40351152, -0.9149746, 0), (-0.40351152, -0.9149746, 0), (-0.40351152, -0.9149746, 0), (0.124692544, -0.9149743, -0.38376272), (0.124692544, -0.9149743, -0.38376272), (0.124692544, -0.9149743, -0.38376272), (0.124692544, -0.9149743, -0.38376272), (0.326449, -0.9149737, 0.2371798), (0.326449, -0.9149737, 0.2371798), (0.326449, -0.9149737, 0.2371798), (0.326449, -0.9149737, 0.2371798), (-0.3264463, -0.9149749, 0.2371787), (-0.3264463, -0.9149749, 0.2371787), (-0.3264463, -0.9149749, 0.2371787), (-0.3264463, -0.9149749, 0.2371787), (-0.1246927, -0.9149741, -0.3837632), (-0.1246927, -0.9149741, -0.3837632), (-0.1246927, -0.9149741, -0.3837632), (-0.1246927, -0.9149741, -0.3837632), (0.40351152, -0.9149746, 0), (0.40351152, -0.9149746, 0), (0.40351152, -0.9149746, 0), (0.40351152, -0.9149746, 0), (-0.12469316, -0.91497344, 0.38376462), (-0.12469316, -0.91497344, 0.38376462), (-0.12469316, -0.91497344, 0.38376462), (-0.12469316, -0.91497344, 0.38376462), (-0.32644635, -0.9149751, -0.23717806), (-0.32644635, -0.9149751, -0.23717806), (-0.32644635, -0.9149751, -0.23717806), (-0.32644635, -0.9149751, -0.23717806), (0.32644957, -0.9149733, -0.2371804), (0.32644957, -0.9149733, -0.2371804), (0.32644957, -0.9149733, -0.2371804), (0.32644957, -0.9149733, -0.2371804), (0, -1, 0), (0, -1, 0), (0, -1, 0), (0, -1, 0), (0, -1, 0), (0, -1, 0), (0, -1, 0), (0, -1, 0), (0, -1, 0), (0, -1, 0), (0.52655315, -0.75920117, 0.38256425), (0.52655315, -0.75920117, 0.38256425), (0.52655315, -0.75920117, 0.38256425), (0.52655315, -0.75920117, 0.38256425), (-0.52655315, -0.75920117, 0.38256425), (-0.52655315, -0.75920117, 0.38256425), (-0.52655315, -0.75920117, 0.38256425), (-0.52655315, -0.75920117, 0.38256425), (-0.20112674, -0.7591994, -0.61900264), (-0.20112674, -0.7591994, -0.61900264), (-0.20112674, -0.7591994, -0.61900264), (-0.20112674, -0.7591994, -0.61900264), (0.6508561, -0.75920117, 0), (0.6508561, -0.75920117, 0), (0.6508561, -0.75920117, 0), (0.6508561, -0.75920117, 0), (-0.20112626, -0.7592008, 0.61900115), (-0.20112626, -0.7592008, 0.61900115), (-0.20112626, -0.7592008, 0.61900115), (-0.20112626, -0.7592008, 0.61900115), (-0.52655196, -0.75920177, -0.38256454), (-0.52655196, -0.75920177, -0.38256454), (-0.52655196, -0.75920177, -0.38256454), (-0.52655196, -0.75920177, -0.38256454), (0.5265557, -0.7591984, -0.38256612), (0.5265557, -0.7591984, -0.38256612), (0.5265557, -0.7591984, -0.38256612), (0.5265557, -0.7591984, -0.38256612), (0.20112626, -0.7592008, 0.61900115), (0.20112626, -0.7592008, 0.61900115), (0.20112626, -0.7592008, 0.61900115), (0.20112626, -0.7592008, 0.61900115), (-0.6508602, -0.75919765, 0), (-0.6508602, -0.75919765, 0), (-0.6508602, -0.75919765, 0), (-0.6508602, -0.75919765, 0), (0.30901647, 0, 0.95105666), (0.30901647, 0, 0.95105666), (0.30901617, 0, 0.9510567), (0.30901617, 0, 0.9510567), (0.8090173, 0, 0.58778477), (0.8090173, 0, 0.58778477), (0.80901736, 0, 0.5877847), (0.80901736, 0, 0.5877847), (1, 0, 0), (1, 0, 0), (1, 0, 0), (1, 0, 0), (0.8090172, 0, -0.587785), (0.8090172, 0, -0.587785), (0.80901706, 0, -0.58778524), (0.80901706, 0, -0.58778524), (0.30901754, 0, -0.95105636), (0.30901754, 0, -0.95105636), (0.30901778, 0, -0.95105624), (0.30901778, 0, -0.95105624), (-0.30901754, 0, -0.95105636), (-0.30901754, 0, -0.95105636), (-0.30901778, 0, -0.95105624), (-0.30901778, 0, -0.95105624), (-0.80901706, 0, -0.58778507), (-0.80901706, 0, -0.58778507), (-0.809017, 0, -0.5877853), (-0.809017, 0, -0.5877853), (-1, 0, 0), (-1, 0, 0), (-1, 0, 0), (-1, 0, 0), (-0.7066971, 0.7075162, 0), (-0.7066971, 0.7075162, 0), (-0.7066971, 0.7075162, 0), (-0.7066971, 0.7075162, 0), (-0.30901656, -5.823963e-7, 0.9510567), (-0.30901656, -5.82397e-7, 0.95105666), (-0.30901617, 0, 0.9510567), (-0.30901617, 0, 0.9510567), (-0.80901706, -0.0000023295872, 0.5877852), (-0.80901706, -0.0000023295888, 0.5877852), (-0.80901736, 0, 0.5877847), (-0.80901736, 0, 0.5877847), (0.12469329, 0.9149735, 0.3837643), (0.12469329, 0.9149735, 0.3837643), (0.12469329, 0.9149735, 0.3837643), (0.12469329, 0.9149735, 0.3837643), (0.21838027, 0.7075167, -0.67210877), (0.21838027, 0.7075167, -0.67210877), (0.21838027, 0.7075167, -0.67210877), (0.21838027, 0.7075167, -0.67210877), (0.5717298, 0.7075164, 0.41538614), (0.5717298, 0.7075164, 0.41538614), (0.5717298, 0.7075164, 0.41538614), (0.5717298, 0.7075164, 0.41538614), (-0.5717301, 0.7075161, 0.41538635), (-0.5717301, 0.7075161, 0.41538635), (-0.5717301, 0.7075161, 0.41538635), (-0.5717301, 0.7075161, 0.41538635), (-0.21838048, 0.70751595, -0.67210937), (-0.21838048, 0.70751595, -0.67210937), (-0.21838048, 0.70751595, -0.67210937), (-0.21838048, 0.70751595, -0.67210937), (0.7066978, 0.7075156, 6.7250306e-7), (0.7066978, 0.7075156, 6.7250306e-7), (0.7066978, 0.7075156, 6.7250306e-7), (0.7066978, 0.7075156, 6.7250306e-7), (-0.21838135, 0.70751524, 0.67210996), (-0.21838135, 0.70751524, 0.67210996), (-0.21838135, 0.70751524, 0.67210996), (-0.21838135, 0.70751524, 0.67210996), (0.21838155, 0.7075146, 0.6721106), (0.21838155, 0.7075146, 0.6721106), (0.21838155, 0.7075146, 0.6721106), (0.21838155, 0.7075146, 0.6721106), (-0.5717309, 0.70751464, -0.41538748), (-0.5717309, 0.70751464, -0.41538748), (-0.5717309, 0.70751464, -0.41538748), (-0.5717309, 0.70751464, -0.41538748), (0.57173043, 0.70751417, -0.41538897), (0.57173043, 0.70751417, -0.41538897), (0.57173043, 0.70751417, -0.41538897), (0.57173043, 0.70751417, -0.41538897), (0.20112696, 0.759199, -0.6190032), (0.20112696, 0.759199, -0.6190032), (0.20112696, 0.759199, -0.6190032), (0.20112696, 0.759199, -0.6190032), (-0.40351313, 0.91497386, 0.0000013485185), (-0.40351313, 0.91497386, 0.0000013485185), (-0.40351313, 0.91497386, 0.0000013485185), (-0.40351313, 0.91497386, 0.0000013485185), (0.124692366, 0.91497433, -0.38376284), (0.124692366, 0.91497433, -0.38376284), (0.124692366, 0.91497433, -0.38376284), (0.124692366, 0.91497433, -0.38376284), (0.32644573, 0.9149753, 0.2371781), (0.32644573, 0.9149753, 0.2371781), (0.32644573, 0.9149753, 0.2371781), (0.32644573, 0.9149753, 0.2371781), (-0.32644704, 0.91497463, 0.23717892), (-0.32644704, 0.91497463, 0.23717892), (-0.32644704, 0.91497463, 0.23717892), (-0.32644704, 0.91497463, 0.23717892), (-0.124692634, 0.9149736, -0.38376436), (-0.124692634, 0.9149736, -0.38376436), (-0.124692634, 0.9149736, -0.38376436), (-0.124692634, 0.9149736, -0.38376436), (0.40351254, 0.9149742, 0), (0.40351254, 0.9149742, 0), (0.40351254, 0.9149742, 0), (0.40351254, 0.9149742, 0), (-0.124693274, 0.91497296, 0.38376567), (-0.124693274, 0.91497296, 0.38376567), (-0.124693274, 0.91497296, 0.38376567), (-0.124693274, 0.91497296, 0.38376567), (-0.32644635, 0.9149751, -0.23717806), (-0.32644635, 0.9149751, -0.23717806), (-0.32644635, 0.9149751, -0.23717806), (-0.32644635, 0.9149751, -0.23717806), (0.32644713, 0.91497463, -0.23717864), (0.32644713, 0.91497463, -0.23717864), (0.32644713, 0.91497463, -0.23717864), (0.32644713, 0.91497463, -0.23717864), (0, 0.99999994, 0), (0, 0.99999994, 0), (0, 0.99999994, 0), (0, 0.99999994, 0), (0, 0.99999994, 0), (0, 0.99999994, 0), (0, 0.99999994, 0), (0, 0.99999994, 0), (0, 0.99999994, 0), (0, 0.99999994, 0), (0.5265552, 0.75919944, 0.382565), (0.5265552, 0.75919944, 0.382565), (0.5265552, 0.75919944, 0.382565), (0.5265552, 0.75919944, 0.382565), (-0.52655566, 0.7591985, 0.38256615), (-0.52655566, 0.7591985, 0.38256615), (-0.52655566, 0.7591985, 0.38256615), (-0.52655566, 0.7591985, 0.38256615), (-0.20112793, 0.75919616, -0.61900616), (-0.20112793, 0.75919616, -0.61900616), (-0.20112793, 0.75919616, -0.61900616), (-0.20112793, 0.75919616, -0.61900616), (0.65085727, 0.75920016, 0), (0.65085727, 0.75920016, 0), (0.65085727, 0.75920016, 0), (0.65085727, 0.75920016, 0), (-0.2011254, 0.7591992, 0.61900336), (-0.2011254, 0.7591992, 0.61900336), (-0.2011254, 0.7591992, 0.61900336), (-0.2011254, 0.7591992, 0.61900336), (-0.526554, 0.7592001, -0.38256532), (-0.526554, 0.7592001, -0.38256532), (-0.526554, 0.7592001, -0.38256532), (-0.526554, 0.7592001, -0.38256532), (0.5265551, 0.7591984, -0.38256693), (0.5265551, 0.7591984, -0.38256693), (0.5265551, 0.7591984, -0.38256693), (0.5265551, 0.7591984, -0.38256693), (0.2011254, 0.7591992, 0.61900336), (0.2011254, 0.7591992, 0.61900336), (0.2011254, 0.7591992, 0.61900336), (0.2011254, 0.7591992, 0.61900336), (-0.65086126, 0.75919676, 0), (-0.65086126, 0.75919676, 0), (-0.65086126, 0.75919676, 0), (-0.65086126, 0.75919676, 0), (0.30901715, 0, 0.95105654), (0.3090176, 0, 0.9510563), (0.3090176, 0, 0.9510563), (0.30901715, 0, 0.95105654), (0.80901605, 7.223192e-7, 0.5877866), (0.80901617, 0.0000014446383, 0.5877865), (0.80901617, 0.0000014446383, 0.5877865), (0.8090161, 7.2231916e-7, 0.58778656), (1, 0, -0.0000023452965), (1, 0, -0.0000023452963), (1, 0, -0.0000023452963), (1, 0, -0.0000023452965), (0.8090171, 0, -0.5877852), (0.80901706, 0, -0.58778507), (0.80901706, 0, -0.58778507), (0.8090171, 0, -0.5877852), (0.30901814, 0, -0.9510562), (0.30901846, 0, -0.95105606), (0.30901846, 0, -0.95105606), (0.30901814, 0, -0.9510562), (-0.30901763, 0, -0.95105636), (-0.30901745, 0, -0.9510564), (-0.30901745, 0, -0.9510564), (-0.30901763, 0, -0.95105636), (-0.809017, 0, -0.58778524), (-0.8090173, 0, -0.58778495), (-0.8090173, 0, -0.58778495), (-0.809017, 0, -0.58778524), (-1, 0, 0), (-1, 0, 0), (-1, 0, 0), (-1, 0, 0), (-0.70669913, -0.7075142, 0), (-0.70669913, -0.7075142, 0), (-0.70669913, -0.7075142, 0), (-0.70669913, -0.7075142, 0), (-0.30901605, 0, 0.95105684), (-0.30901638, 0, 0.95105666), (-0.30901638, 0, 0.95105666), (-0.30901605, 0, 0.95105684), (-0.8090172, 0, 0.58778495), (-0.8090173, 0, 0.58778495), (-0.8090173, 0, 0.58778495), (-0.8090172, 0, 0.58778495), (0.12469171, -0.9149749, 0.3837615), (0.12469171, -0.9149749, 0.3837615), (0.12469171, -0.9149749, 0.3837615), (0.12469171, -0.9149749, 0.3837615), (0.21838285, -0.7075144, -0.67211044), (0.21838285, -0.7075144, -0.67211044), (0.21838285, -0.7075144, -0.67211044), (0.21838285, -0.7075144, -0.67211044), (0.5717316, -0.70751417, 0.41538733), (0.5717316, -0.70751417, 0.41538733), (0.5717316, -0.70751417, 0.41538733), (0.5717316, -0.70751417, 0.41538733), (-0.57173306, -0.7075132, 0.415387), (-0.57173306, -0.7075132, 0.415387), (-0.57173306, -0.7075132, 0.415387), (-0.57173306, -0.7075132, 0.415387), (-0.21838158, -0.7075152, -0.67210996), (-0.21838158, -0.7075152, -0.67210996), (-0.21838158, -0.7075152, -0.67210996), (-0.21838158, -0.7075152, -0.67210996), (0.7066961, -0.7075172, 0), (0.7066961, -0.7075172, 0), (0.7066961, -0.7075172, 0), (0.7066961, -0.7075172, 0), (-0.21838093, -0.70751524, 0.67211), (-0.21838093, -0.70751524, 0.67211), (-0.21838093, -0.70751524, 0.67211), (-0.21838093, -0.70751524, 0.67211), (0.21838194, -0.7075145, 0.67211044), (0.21838194, -0.7075145, 0.67211044), (0.21838194, -0.7075145, 0.67211044), (0.21838194, -0.7075145, 0.67211044), (-0.5717315, -0.7075148, -0.41538638), (-0.5717315, -0.7075148, -0.41538638), (-0.5717315, -0.7075148, -0.41538638), (-0.5717315, -0.7075148, -0.41538638), (0.5717317, -0.70751315, -0.415389), (0.5717317, -0.70751315, -0.415389), (0.5717317, -0.70751315, -0.415389), (0.5717317, -0.70751315, -0.415389), (0.20112674, -0.7591994, -0.61900264), (0.20112674, -0.7591994, -0.61900264), (0.20112674, -0.7591994, -0.61900264), (0.20112674, -0.7591994, -0.61900264), (-0.40351152, -0.9149746, 0), (-0.40351152, -0.9149746, 0), (-0.40351152, -0.9149746, 0), (-0.40351152, -0.9149746, 0), (0.12469069, -0.91497463, -0.3837625), (0.12469069, -0.91497463, -0.3837625), (0.12469069, -0.91497463, -0.3837625), (0.12469069, -0.91497463, -0.3837625), (0.32644725, -0.9149749, 0.23717737), (0.32644725, -0.9149749, 0.23717737), (0.32644725, -0.9149749, 0.23717737), (0.32644725, -0.9149749, 0.23717737), (-0.32644892, -0.9149743, 0.23717792), (-0.32644892, -0.9149743, 0.23717792), (-0.32644892, -0.9149743, 0.23717792), (-0.32644892, -0.9149743, 0.23717792), (-0.12469076, -0.91497517, -0.38376138), (-0.12469076, -0.91497517, -0.38376138), (-0.12469076, -0.91497517, -0.38376138), (-0.12469076, -0.91497517, -0.38376138), (0.40351152, -0.9149746, 0), (0.40351152, -0.9149746, 0), (0.40351152, -0.9149746, 0), (0.40351152, -0.9149746, 0), (-0.124692075, -0.9149749, 0.3837613), (-0.124692075, -0.9149749, 0.3837613), (-0.124692075, -0.9149749, 0.3837613), (-0.124692075, -0.9149749, 0.3837613), (-0.32645038, -0.91497374, -0.2371778), (-0.32645038, -0.91497374, -0.2371778), (-0.32645038, -0.91497374, -0.2371778), (-0.32645038, -0.91497374, -0.2371778), (0.32644784, -0.91497475, -0.23717731), (0.32644784, -0.91497475, -0.23717731), (0.32644784, -0.91497475, -0.23717731), (0.32644784, -0.91497475, -0.23717731), (-4.9057496e-7, -1, 4.4498717e-7), (-4.9057496e-7, -1, 4.4498717e-7), (-4.9057496e-7, -1, 4.4498717e-7), (-4.9057496e-7, -1, 4.4498717e-7), (-4.9057496e-7, -1, 4.4498717e-7), (-4.9057496e-7, -1, 4.4498717e-7), (-4.9057496e-7, -1, 4.4498717e-7), (-4.9057496e-7, -1, 4.4498717e-7), (-4.9057496e-7, -1, 4.4498717e-7), (-4.9057496e-7, -1, 4.4498717e-7), (0.52655774, -0.75919896, 0.38256237), (0.52655774, -0.75919896, 0.38256237), (0.52655774, -0.75919896, 0.38256237), (0.52655774, -0.75919896, 0.38256237), (-0.526557, -0.759198, 0.3825651), (-0.526557, -0.759198, 0.3825651), (-0.526557, -0.759198, 0.3825651), (-0.526557, -0.759198, 0.3825651), (-0.20112629, -0.7591994, -0.6190029), (-0.20112629, -0.7591994, -0.6190029), (-0.20112629, -0.7591994, -0.6190029), (-0.20112629, -0.7591994, -0.6190029), (0.65085673, -0.7592005, 0.0000016128769), (0.65085673, -0.7592005, 0.0000016128769), (0.65085673, -0.7592005, 0.0000016128769), (0.65085673, -0.7592005, 0.0000016128769), (-0.2011268, -0.759198, 0.6190044), (-0.2011268, -0.759198, 0.6190044), (-0.2011268, -0.759198, 0.6190044), (-0.2011268, -0.759198, 0.6190044), (-0.52655447, -0.7592007, -0.3825632), (-0.52655447, -0.7592007, -0.3825632), (-0.52655447, -0.7592007, -0.3825632), (-0.52655447, -0.7592007, -0.3825632), (0.5265516, -0.75920326, -0.38256204), (0.5265516, -0.75920326, -0.38256204), (0.5265516, -0.75920326, -0.38256204), (0.5265516, -0.75920326, -0.38256204), (0.20112605, -0.75920004, 0.61900216), (0.20112605, -0.75920004, 0.61900216), (0.20112605, -0.75920004, 0.61900216), (0.20112605, -0.75920004, 0.61900216), (-0.6508551, -0.75920194, 0), (-0.6508551, -0.75920194, 0), (-0.6508551, -0.75920194, 0), (-0.6508551, -0.75920194, 0), (0.30901715, 0, 0.95105654), (0.30901715, 0, 0.95105654), (0.3090167, 0, 0.95105654), (0.3090167, 0, 0.95105654), (0.80901605, 7.223192e-7, 0.5877866), (0.8090161, 7.2231916e-7, 0.58778656), (0.8090159, 0, 0.5877866), (0.8090159, 0, 0.5877866), (1, 0, -0.0000023452965), (1, 0, -0.0000023452965), (1, 0, -0.0000023452967), (1, 0, -0.0000023452967), (0.8090171, 0, -0.5877852), (0.8090171, 0, -0.5877852), (0.809017, 0, -0.5877852), (0.809017, 0, -0.5877852), (0.30901814, 0, -0.9510562), (0.30901814, 0, -0.9510562), (0.3090178, 0, -0.9510563), (0.3090178, 0, -0.9510563), (-0.30901763, 0, -0.95105636), (-0.30901763, 0, -0.95105636), (-0.30901778, 0, -0.95105624), (-0.30901778, 0, -0.95105624), (-0.809017, 0, -0.58778524), (-0.809017, 0, -0.58778524), (-0.8090167, 0, -0.58778566), (-0.8090167, 0, -0.58778566), (-1, 0, 0), (-1, 0, 0), (-1, 0, 0), (-1, 0, 0), (-0.7066988, 0.7075145, 0), (-0.7066988, 0.7075145, 0), (-0.7066988, 0.7075145, 0), (-0.7066988, 0.7075145, 0), (-0.30901605, 0, 0.95105684), (-0.30901605, 0, 0.95105684), (-0.30901566, 0, 0.9510569), (-0.30901566, 0, 0.9510569), (-0.8090172, 0, 0.58778495), (-0.8090172, 0, 0.58778495), (-0.80901706, 0, 0.58778507), (-0.80901706, 0, 0.58778507), (0.124691375, 0.91497517, 0.38376114), (0.124691375, 0.91497517, 0.38376114), (0.124691375, 0.91497517, 0.38376114), (0.124691375, 0.91497517, 0.38376114), (0.21838175, 0.7075152, -0.67210984), (0.21838175, 0.7075152, -0.67210984), (0.21838175, 0.7075152, -0.67210984), (0.21838175, 0.7075152, -0.67210984), (0.5717316, 0.70751417, 0.41538733), (0.5717316, 0.70751417, 0.41538733), (0.5717316, 0.70751417, 0.41538733), (0.5717316, 0.70751417, 0.41538733), (-0.5717332, 0.7075127, 0.41538775), (-0.5717332, 0.7075127, 0.41538775), (-0.5717332, 0.7075127, 0.41538775), (-0.5717332, 0.7075127, 0.41538775), (-0.21838167, 0.7075155, -0.6721096), (-0.21838167, 0.7075155, -0.6721096), (-0.21838167, 0.7075155, -0.6721096), (-0.21838167, 0.7075155, -0.6721096), (0.70669645, 0.7075169, -0.0000016812544), (0.70669645, 0.7075169, -0.0000016812544), (0.70669645, 0.7075169, -0.0000016812544), (0.70669645, 0.7075169, -0.0000016812544), (-0.21838099, 0.7075154, 0.67210984), (-0.21838099, 0.7075154, 0.67210984), (-0.21838099, 0.7075154, 0.67210984), (-0.21838099, 0.7075154, 0.67210984), (0.21838163, 0.7075148, 0.67211014), (0.21838163, 0.7075148, 0.67211014), (0.21838163, 0.7075148, 0.67211014), (0.21838163, 0.7075148, 0.67211014), (-0.5717314, 0.70751464, -0.41538662), (-0.5717314, 0.70751464, -0.41538662), (-0.5717314, 0.70751464, -0.41538662), (-0.5717314, 0.70751464, -0.41538662), (0.5717323, 0.7075146, -0.41538575), (0.5717323, 0.7075146, -0.41538575), (0.5717323, 0.7075146, -0.41538575), (0.5717323, 0.7075146, -0.41538575), (0.20112824, 0.75919735, -0.61900467), (0.20112824, 0.75919735, -0.61900467), (0.20112824, 0.75919735, -0.61900467), (0.20112824, 0.75919735, -0.61900467), (-0.40351093, 0.9149749, -0.0000013485201), (-0.40351093, 0.9149749, -0.0000013485201), (-0.40351093, 0.9149749, -0.0000013485201), (-0.40351093, 0.9149749, -0.0000013485201), (0.12469066, 0.9149744, -0.38376307), (0.12469066, 0.9149744, -0.38376307), (0.12469066, 0.9149744, -0.38376307), (0.12469066, 0.9149744, -0.38376307), (0.32644725, 0.9149749, 0.23717737), (0.32644725, 0.9149749, 0.23717737), (0.32644725, 0.9149749, 0.23717737), (0.32644725, 0.9149749, 0.23717737), (-0.32644805, 0.9149742, 0.23717894), (-0.32644805, 0.9149742, 0.23717894), (-0.32644805, 0.9149742, 0.23717894), (-0.32644805, 0.9149742, 0.23717894), (-0.124691375, 0.9149743, -0.38376325), (-0.124691375, 0.9149743, -0.38376325), (-0.124691375, 0.9149743, -0.38376325), (-0.124691375, 0.9149743, -0.38376325), (0.40351105, 0.9149748, 0), (0.40351105, 0.9149748, 0), (0.40351105, 0.9149748, 0), (0.40351105, 0.9149748, 0), (-0.124692045, 0.91497475, 0.38376188), (-0.124692045, 0.91497475, 0.38376188), (-0.124692045, 0.91497475, 0.38376188), (-0.124692045, 0.91497475, 0.38376188), (-0.32644784, 0.91497475, -0.23717731), (-0.32644784, 0.91497475, -0.23717731), (-0.32644784, 0.91497475, -0.23717731), (-0.32644784, 0.91497475, -0.23717731), (0.32644778, 0.9149746, -0.23717794), (0.32644778, 0.9149746, -0.23717794), (0.32644778, 0.9149746, -0.23717794), (0.32644778, 0.9149746, -0.23717794), (4.9057144e-7, 1, -2.9665597e-7), (4.9057144e-7, 1, -2.9665597e-7), (4.9057144e-7, 1, -2.9665597e-7), (4.9057144e-7, 1, -2.9665597e-7), (4.9057144e-7, 1, -2.9665597e-7), (4.9057144e-7, 1, -2.9665597e-7), (4.9057144e-7, 1, -2.9665597e-7), (4.9057144e-7, 1, -2.9665597e-7), (4.9057144e-7, 1, -2.9665597e-7), (4.9057144e-7, 1, -2.9665597e-7), (0.52655464, 0.75919867, 0.38256702), (0.52655464, 0.75919867, 0.38256702), (0.52655464, 0.75919867, 0.38256702), (0.52655464, 0.75919867, 0.38256702), (-0.52655834, 0.7591944, 0.38257053), (-0.52655834, 0.7591944, 0.38257053), (-0.52655834, 0.7591944, 0.38257053), (-0.52655834, 0.7591944, 0.38257053), (-0.20112793, 0.75919616, -0.61900616), (-0.20112793, 0.75919616, -0.61900616), (-0.20112793, 0.75919616, -0.61900616), (-0.20112793, 0.75919616, -0.61900616), (0.6508576, 0.7591998, -8.064411e-7), (0.6508576, 0.7591998, -8.064411e-7), (0.6508576, 0.7591998, -8.064411e-7), (0.6508576, 0.7591998, -8.064411e-7), (-0.20112959, 0.75919634, 0.6190055), (-0.20112959, 0.75919634, 0.6190055), (-0.20112959, 0.75919634, 0.6190055), (-0.20112959, 0.75919634, 0.6190055), (-0.52655727, 0.759196, -0.38256893), (-0.52655727, 0.759196, -0.38256893), (-0.52655727, 0.759196, -0.38256893), (-0.52655727, 0.759196, -0.38256893), (0.5265542, 0.7592013, -0.38256267), (0.5265542, 0.7592013, -0.38256267), (0.5265542, 0.7592013, -0.38256267), (0.5265542, 0.7592013, -0.38256267), (0.2011293, 0.7592017, 0.61899894), (0.2011293, 0.7592017, 0.61899894), (0.2011293, 0.7592017, 0.61899894), (0.2011293, 0.7592017, 0.61899894), (-0.6508627, 0.75919545, 0), (-0.6508627, 0.75919545, 0), (-0.6508627, 0.75919545, 0), (-0.6508627, 0.75919545, 0)] (
                interpolation = "faceVarying"
            )
            point3f[] points = [(3.188532, 0.63840246, -0.7925741), (3.285215, 0.63840246, -0.8239882), (3.344968, 0.63840246, -0.90623146), (3.344968, 0.63840246, -1.0078897), (3.285215, 0.63840246, -1.090133), (3.188532, 0.63840246, -1.1215471), (3.0918493, 0.63840246, -1.090133), (3.0320961, 0.63840246, -1.0078897), (3.0320961, 0.63840246, -0.90623146), (3.0918496, 0.63840246, -0.8239882), (3.2573812, 0.59341884, -0.86229783), (3.188532, 0.59341884, -0.8399274), (3.2999325, 0.59341884, -0.92086446), (3.2999325, 0.59341884, -0.99325675), (3.2573812, 0.59341884, -1.0518234), (3.188532, 0.59341884, -1.0741937), (3.119683, 0.59341884, -1.0518233), (3.077132, 0.59341884, -0.99325675), (3.077132, 0.59341884, -0.9208644), (3.119683, 0.59341884, -0.86229783), (3.2305894, 0.61253667, -0.89917374), (3.188532, 0.61253667, -0.8855085), (3.2565823, 0.61253667, -0.93494976), (3.2565823, 0.61253667, -0.9791714), (3.2305894, 0.61253667, -1.0149474), (3.188532, 0.61253667, -1.0286127), (3.1464748, 0.61253667, -1.0149474), (3.120482, 0.61253667, -0.9791714), (3.120482, 0.61253667, -0.93494976), (3.1464748, 0.61253667, -0.89917374), (3.2157004, 0.59188366, -0.91966665), (3.188532, 0.59188366, -0.9108392), (3.2324913, 0.59188366, -0.9427774), (3.2324913, 0.59188366, -0.97134376), (3.2157004, 0.59188366, -0.9944545), (3.188532, 0.59188366, -1.003282), (3.1613638, 0.59188366, -0.9944545), (3.144573, 0.59188366, -0.9713438), (3.144573, 0.59188366, -0.9427774), (3.1613638, 0.59188366, -0.91966665), (3.188532, 0.76424515, -0.7925741), (3.285215, 0.76424515, -0.8239882), (3.344968, 0.76424515, -0.90623146), (3.344968, 0.7642453, -1.0078897), (3.285215, 0.76424515, -1.090133), (3.188532, 0.76424515, -1.1215471), (3.0918493, 0.76424515, -1.090133), (3.0320961, 0.76424515, -1.0078897), (3.0320961, 0.76424515, -0.90623146), (3.0918493, 0.76424515, -0.8239882), (3.188532, 0.70132387, -0.7925741), (3.285215, 0.70132387, -0.8239882), (3.344968, 0.70132387, -0.90623146), (3.344968, 0.70132387, -1.0078897), (3.285215, 0.70132387, -1.090133), (3.188532, 0.70132387, -1.1215471), (3.0918493, 0.70132387, -1.090133), (3.0320961, 0.70132387, -1.0078897), (3.0320961, 0.70132387, -0.90623146), (3.0918493, 0.70132387, -0.8239882), (3.2573812, 0.8092288, -0.86229783), (3.188532, 0.8092288, -0.8399274), (3.2999325, 0.8092288, -0.92086446), (3.2999325, 0.8092289, -0.99325675), (3.2573812, 0.8092288, -1.0518234), (3.188532, 0.8092288, -1.0741937), (3.119683, 0.8092288, -1.0518233), (3.0771317, 0.8092288, -0.99325675), (3.0771317, 0.8092288, -0.92086446), (3.119683, 0.8092288, -0.86229783), (3.2305894, 0.79011095, -0.89917374), (3.188532, 0.79011095, -0.8855085), (3.2565823, 0.79011095, -0.93494976), (3.2565823, 0.79011095, -0.9791714), (3.2305894, 0.79011095, -1.0149474), (3.188532, 0.79011095, -1.0286127), (3.1464748, 0.79011095, -1.0149474), (3.120482, 0.79011095, -0.9791714), (3.120482, 0.79011095, -0.93494976), (3.1464748, 0.79011095, -0.89917374), (3.2157004, 0.8107641, -0.91966665), (3.188532, 0.8107641, -0.9108392), (3.2324913, 0.8107641, -0.9427774), (3.2324913, 0.8107641, -0.9713438), (3.2157004, 0.8107641, -0.9944545), (3.188532, 0.8107641, -1.003282), (3.1613638, 0.8107641, -0.9944545), (3.144573, 0.8107641, -0.9713438), (3.144573, 0.8107641, -0.9427774), (3.1613638, 0.8107641, -0.91966665), (3.1885324, -0.76740444, -0.79257405), (3.285215, -0.76740444, -0.82398814), (3.3449683, -0.76740444, -0.9062314), (3.344968, -0.76740456, -1.0078896), (3.285215, -0.7674043, -1.0901328), (3.1885324, -0.76740444, -1.121547), (3.0918496, -0.76740444, -1.0901328), (3.0320964, -0.76740444, -1.0078896), (3.0320964, -0.76740444, -0.90623134), (3.0918496, -0.76740444, -0.8239881), (3.2573814, -0.81238806, -0.8622977), (3.1885324, -0.81238806, -0.8399273), (3.2999325, -0.81238806, -0.92086434), (3.2999325, -0.81238806, -0.9932566), (3.2573814, -0.81238806, -1.0518233), (3.1885324, -0.81238806, -1.0741937), (3.119683, -0.81238806, -1.0518233), (3.077132, -0.81238806, -0.9932566), (3.077132, -0.81238806, -0.92086434), (3.119683, -0.81238806, -0.8622977), (3.2305896, -0.79327023, -0.8991736), (3.1885324, -0.79327023, -0.88550836), (3.2565823, -0.79327023, -0.9349497), (3.2565823, -0.79327023, -0.97917134), (3.2305896, -0.79327023, -1.0149474), (3.1885324, -0.79327023, -1.0286126), (3.146475, -0.79327023, -1.0149474), (3.1204822, -0.79327023, -0.97917134), (3.1204822, -0.79327023, -0.9349497), (3.146475, -0.79327023, -0.8991736), (3.2157006, -0.81392324, -0.9196666), (3.1885324, -0.81392324, -0.9108391), (3.2324915, -0.81392324, -0.9427773), (3.2324915, -0.81392336, -0.9713437), (3.2157004, -0.81392324, -0.9944544), (3.1885324, -0.81392324, -1.003282), (3.161364, -0.81392324, -0.9944544), (3.1445732, -0.81392324, -0.9713437), (3.1445732, -0.81392324, -0.9427773), (3.161364, -0.81392324, -0.9196666), (3.1885324, -0.64156175, -0.79257405), (3.285215, -0.64156175, -0.82398814), (3.3449683, -0.64156175, -0.9062314), (3.344968, -0.64156175, -1.0078896), (3.285215, -0.6415616, -1.0901328), (3.1885324, -0.64156175, -1.121547), (3.0918496, -0.64156175, -1.0901328), (3.0320964, -0.64156175, -1.0078896), (3.0320964, -0.64156175, -0.90623134), (3.0918496, -0.64156175, -0.8239881), (3.1885324, -0.70448303, -0.79257405), (3.285215, -0.70448303, -0.82398814), (3.3449683, -0.70448303, -0.90623134), (3.344968, -0.70448315, -1.0078896), (3.285215, -0.70448303, -1.0901328), (3.1885324, -0.70448303, -1.121547), (3.0918496, -0.70448303, -1.0901328), (3.0320964, -0.70448303, -1.0078896), (3.0320964, -0.70448303, -0.90623134), (3.0918496, -0.70448303, -0.8239881), (3.2573814, -0.5965781, -0.8622977), (3.1885324, -0.5965781, -0.8399273), (3.2999325, -0.5965781, -0.92086434), (3.2999325, -0.59657824, -0.9932566), (3.2573814, -0.5965781, -1.0518233), (3.1885324, -0.5965781, -1.0741937), (3.119683, -0.5965781, -1.0518233), (3.077132, -0.5965781, -0.9932566), (3.077132, -0.5965781, -0.92086434), (3.119683, -0.5965781, -0.8622977), (3.2305894, -0.61569595, -0.8991736), (3.1885324, -0.61569595, -0.88550836), (3.2565823, -0.61569595, -0.9349497), (3.2565823, -0.61569595, -0.97917134), (3.2305896, -0.61569595, -1.0149474), (3.1885324, -0.61569595, -1.0286126), (3.146475, -0.61569595, -1.0149474), (3.1204822, -0.61569595, -0.97917134), (3.1204822, -0.61569595, -0.9349497), (3.146475, -0.61569595, -0.8991736), (3.2157004, -0.5950428, -0.9196666), (3.1885324, -0.5950428, -0.9108391), (3.2324915, -0.5950428, -0.9427773), (3.2324915, -0.59504294, -0.9713437), (3.2157004, -0.5950428, -0.9944544), (3.1885324, -0.5950428, -1.003282), (3.161364, -0.5950428, -0.9944544), (3.144573, -0.5950428, -0.9713437), (3.144573, -0.5950428, -0.9427773), (3.161364, -0.5950428, -0.9196666)]
            uniform token subdivisionScheme = "none"
            custom string userProperties:blender:data_name = "Cylinder.007"
        }
    }

    def Scope "_materials"
    {
        def Material "Wheel"
        {
            token outputs:surface.connect = </root/_materials/Wheel/Principled_BSDF.outputs:surface>
            custom string userProperties:blender:data_name = "Wheel"

            def Shader "Principled_BSDF"
            {
                uniform token info:id = "UsdPreviewSurface"
                float inputs:clearcoat = 0
                float inputs:clearcoatRoughness = 0.03
                color3f inputs:diffuseColor = (0.8, 0.8, 0.8)
                color3f inputs:emissiveColor = (0, 0, 0)
                float inputs:ior = 1.5
                float inputs:metallic = 0
                float inputs:opacity = 1
                float inputs:roughness = 0.5527864
                float inputs:specular = 1
                token outputs:surface
            }
        }

        def Material "Yellow"
        {
            token outputs:surface.connect = </root/_materials/Yellow/Principled_BSDF.outputs:surface>
            custom string userProperties:blender:data_name = "Yellow"

            def Shader "Principled_BSDF"
            {
                uniform token info:id = "UsdPreviewSurface"
                float inputs:clearcoat = 0
                float inputs:clearcoatRoughness = 0.03
                color3f inputs:diffuseColor = (0.8, 0.8, 0.8)
                color3f inputs:emissiveColor = (0, 0, 0)
                float inputs:ior = 1.5
                float inputs:metallic = 0
                float inputs:opacity = 1
                float inputs:roughness = 0.5527864
                float inputs:specular = 1
                token outputs:surface
            }
        }

        def Material "Windows"
        {
            token outputs:surface.connect = </root/_materials/Windows/Principled_BSDF.outputs:surface>
            custom string userProperties:blender:data_name = "Windows"

            def Shader "Principled_BSDF"
            {
                uniform token info:id = "UsdPreviewSurface"
                float inputs:clearcoat = 0
                float inputs:clearcoatRoughness = 0.03
                color3f inputs:diffuseColor = (0.8, 0.8, 0.8)
                color3f inputs:emissiveColor = (0, 0, 0)
                float inputs:ior = 1.5
                float inputs:metallic = 0
                float inputs:opacity = 1
                float inputs:roughness = 0.5527864
                float inputs:specular = 1
                token outputs:surface
            }
        }

        def Material "Details"
        {
            token outputs:surface.connect = </root/_materials/Details/Principled_BSDF.outputs:surface>
            custom string userProperties:blender:data_name = "Details"

            def Shader "Principled_BSDF"
            {
                uniform token info:id = "UsdPreviewSurface"
                float inputs:clearcoat = 0
                float inputs:clearcoatRoughness = 0.03
                color3f inputs:diffuseColor = (0.8, 0.8, 0.8)
                color3f inputs:emissiveColor = (0, 0, 0)
                float inputs:ior = 1.5
                float inputs:metallic = 0
                float inputs:opacity = 1
                float inputs:roughness = 0.5527864
                float inputs:specular = 1
                token outputs:surface
            }
        }

        def Material "Bumper"
        {
            token outputs:surface.connect = </root/_materials/Bumper/Principled_BSDF.outputs:surface>
            custom string userProperties:blender:data_name = "Bumper"

            def Shader "Principled_BSDF"
            {
                uniform token info:id = "UsdPreviewSurface"
                float inputs:clearcoat = 0
                float inputs:clearcoatRoughness = 0.03
                color3f inputs:diffuseColor = (0.8, 0.8, 0.8)
                color3f inputs:emissiveColor = (0, 0, 0)
                float inputs:ior = 1.5
                float inputs:metallic = 0
                float inputs:opacity = 1
                float inputs:roughness = 0.5527864
                float inputs:specular = 1
                token outputs:surface
            }
        }

        def Material "Lights"
        {
            token outputs:surface.connect = </root/_materials/Lights/Principled_BSDF.outputs:surface>
            custom string userProperties:blender:data_name = "Lights"

            def Shader "Principled_BSDF"
            {
                uniform token info:id = "UsdPreviewSurface"
                float inputs:clearcoat = 0
                float inputs:clearcoatRoughness = 0.03
                color3f inputs:diffuseColor = (0.8, 0.8, 0.8)
                color3f inputs:emissiveColor = (0, 0, 0)
                float inputs:ior = 1.5
                float inputs:metallic = 0
                float inputs:opacity = 1
                float inputs:roughness = 0.5527864
                float inputs:specular = 1
                token outputs:surface
            }
        }
    }

    def Xform "SchoolBus"
    {
        custom string userProperties:blender:object_name = "SchoolBus"

        def Mesh "Cube_001" (
            active = true
            prepend apiSchemas = ["MaterialBindingAPI"]
        )
        {
            uniform bool doubleSided = 1
            float3[] extent = [(-0.79935944, -0.9392644, -1.0009061), (3.8083308, 0.9392644, 1.0710492)]
            int[] faceVertexCounts = [4, 4, 6, 5, 4, 4, 4, 4, 5, 16, 4, 4, 6, 4, 8, 4, 4, 4, 3, 6, 4, 6, 4, 6, 4, 6, 4, 6, 4, 6, 4, 4, 4, 4, 4, 4, 4, 4, 4, 4, 4, 4, 7, 4, 4, 4, 4, 4, 4, 4, 4, 4, 4, 4, 4, 4, 4, 4, 4, 4, 4, 4, 4, 4, 4, 4, 4, 4, 4, 4, 4, 5, 4, 4, 12, 4, 4, 7, 9, 4, 4, 4, 4, 6, 4, 4, 4, 5, 4, 4, 4, 4, 4, 4, 4, 4, 4, 4, 4, 4, 4, 4, 8, 4, 3, 4, 4, 6, 4, 4, 4, 4, 4, 4, 4, 4, 4, 4, 4, 4, 4, 4, 4, 4, 4, 4, 4, 4, 6, 7, 6, 4, 4, 4, 4, 4, 4, 4, 4, 4, 9, 4, 4, 4, 4, 4, 4, 4, 4, 4, 4, 4, 4, 6, 4, 4, 4, 6, 5, 4, 4, 4, 4, 4, 4, 4, 4, 4, 4, 4, 4, 4, 4, 4, 4, 9, 4, 4, 3, 4, 4, 4, 4, 4, 4, 4, 4, 4, 4, 4, 4, 4, 4, 6, 4, 4, 4, 4, 4, 4, 6, 4, 4, 4, 4, 4, 4, 4, 4, 4, 4, 4, 4, 4, 4, 4, 4, 4, 4, 7, 4, 4, 4, 4, 4, 4, 4, 6, 5, 4, 4, 4, 4, 5, 16, 4, 4, 6, 4, 8, 4, 4, 4, 3, 6, 4, 6, 4, 6, 4, 6, 4, 6, 4, 6, 4, 4, 4, 4, 4, 4, 4, 4, 4, 4, 4, 4, 7, 4, 4, 4, 4, 4, 4, 4, 4, 4, 4, 4, 4, 4, 4, 4, 4, 4, 4, 4, 4, 4, 4, 4, 4, 4, 4, 4, 4, 5, 4, 4, 12, 4, 4, 7, 9, 4, 4, 4, 4, 6, 4, 4, 4, 5, 4, 4, 4, 4, 4, 4, 4, 4, 4, 4, 4, 4, 4, 4, 8, 4, 3, 4, 4, 6, 4, 4, 4, 4, 4, 4, 4, 4, 4, 4, 4, 4, 4, 4, 4, 4, 4, 4, 4, 4, 6, 7, 6, 4, 4, 4, 4, 4, 4, 4, 4, 4, 9, 4, 4, 4, 4, 4, 4, 4, 4, 4, 4, 4, 4, 6, 4, 4, 4, 6, 5, 4, 4, 4, 4, 4, 4, 4, 4, 4, 4, 4, 4, 4, 4, 4, 4, 9, 4, 4, 3, 4, 4, 4, 4, 4, 4, 4, 4, 4, 4, 4, 4, 4, 4, 6, 4, 4, 4, 4, 4, 4, 6, 4, 4, 4, 4, 4, 4, 4, 4, 4, 4, 4, 4, 4, 4, 4, 4, 4, 4, 7, 4, 4, 4, 4, 4]
            int[] faceVertexIndices = [0, 1, 2, 3, 0, 3, 4, 5, 0, 6, 7, 8, 9, 1, 2, 1, 285, 286, 10, 3, 2, 10, 11, 259, 0, 5, 260, 3, 11, 12, 4, 5, 4, 36, 13, 0, 259, 288, 71, 100, 18, 19, 20, 21, 22, 23, 24, 25, 26, 27, 7, 6, 28, 1, 29, 30, 8, 7, 31, 32, 9, 8, 32, 33, 1, 9, 27, 26, 34, 35, 11, 10, 286, 287, 6, 0, 100, 101, 14, 15, 16, 17, 260, 5, 13, 289, 11, 287, 290, 12, 4, 12, 73, 36, 6, 17, 37, 14, 38, 39, 40, 41, 15, 16, 15, 41, 42, 43, 17, 16, 42, 44, 45, 18, 30, 46, 47, 48, 29, 1, 49, 19, 18, 20, 19, 50, 51, 1, 52, 21, 20, 53, 49, 22, 21, 54, 55, 1, 56, 23, 22, 57, 52, 24, 23, 58, 59, 1, 35, 25, 24, 60, 56, 26, 25, 61, 62, 7, 27, 63, 31, 28, 6, 64, 65, 1, 28, 66, 67, 30, 29, 68, 46, 32, 31, 63, 33, 27, 9, 33, 63, 34, 26, 62, 69, 35, 34, 69, 70, 285, 1, 67, 326, 289, 13, 72, 329, 13, 36, 74, 72, 75, 76, 77, 6, 37, 78, 79, 37, 17, 80, 81, 39, 45, 44, 40, 17, 43, 86, 80, 44, 42, 84, 87, 48, 18, 47, 88, 88, 47, 46, 68, 29, 48, 88, 68, 19, 49, 89, 50, 53, 20, 51, 90, 90, 51, 50, 89, 21, 52, 91, 54, 49, 53, 90, 89, 57, 22, 55, 92, 92, 55, 54, 91, 23, 56, 93, 58, 52, 57, 92, 91, 60, 24, 59, 94, 94, 59, 58, 93, 25, 35, 70, 61, 56, 60, 94, 93, 69, 62, 61, 70, 95, 28, 65, 96, 6, 77, 97, 64, 65, 64, 97, 96, 28, 355, 356, 66, 67, 66, 98, 99, 326, 67, 99, 359, 71, 288, 362, 102, 329, 72, 74, 103, 397, 365, 73, 12, 290, 36, 73, 103, 74, 104, 75, 79, 105, 106, 107, 108, 109, 110, 111, 112, 113, 76, 75, 114, 115, 95, 77, 76, 116, 194, 117, 136, 78, 37, 120, 166, 79, 78, 380, 381, 112, 111, 118, 119, 105, 120, 37, 81, 121, 81, 80, 86, 121, 101, 82, 38, 14, 82, 122, 144, 38, 43, 45, 39, 38, 123, 85, 40, 44, 87, 124, 124, 83, 41, 40, 83, 84, 42, 41, 43, 85, 151, 125, 86, 87, 84, 126, 127, 77, 95, 96, 97, 355, 28, 95, 392, 66, 356, 393, 98, 359, 99, 98, 393, 82, 101, 100, 128, 102, 362, 395, 129, 73, 365, 397, 103, 104, 113, 130, 131, 75, 104, 132, 114, 113, 112, 133, 134, 116, 76, 115, 135, 135, 115, 114, 132, 392, 95, 116, 404, 380, 78, 137, 138, 139, 140, 141, 411, 112, 381, 412, 142, 143, 120, 121, 121, 86, 125, 143, 82, 128, 145, 122, 144, 428, 496, 146, 123, 38, 83, 124, 147, 148, 84, 83, 149, 150, 85, 123, 146, 151, 124, 87, 152, 153, 152, 87, 127, 154, 126, 84, 150, 155, 127, 126, 156, 154, 102, 129, 145, 128, 428, 144, 129, 395, 429, 104, 131, 157, 113, 431, 158, 130, 131, 130, 159, 160, 104, 116, 135, 132, 161, 113, 134, 162, 112, 142, 163, 133, 134, 133, 163, 162, 404, 116, 104, 429, 136, 117, 193, 164, 78, 136, 164, 165, 137, 78, 165, 167, 168, 138, 137, 167, 169, 170, 139, 138, 168, 171, 172, 173, 174, 175, 176, 177, 140, 139, 174, 141, 140, 177, 178, 411, 141, 179, 454, 455, 161, 142, 412, 120, 143, 180, 166, 129, 144, 122, 145, 83, 148, 206, 149, 124, 153, 181, 147, 148, 147, 181, 182, 150, 149, 183, 184, 125, 151, 483, 490, 185, 211, 524, 492, 186, 180, 143, 125, 186, 187, 188, 153, 152, 187, 152, 154, 156, 156, 126, 155, 189, 155, 150, 184, 190, 431, 429, 157, 158, 157, 131, 160, 191, 431, 113, 161, 455, 130, 158, 192, 159, 191, 160, 159, 192, 142, 161, 162, 163, 167, 165, 195, 169, 168, 170, 217, 196, 198, 171, 170, 169, 195, 197, 198, 199, 172, 171, 199, 200, 173, 172, 174, 173, 200, 201, 218, 175, 176, 175, 218, 219, 202, 178, 177, 176, 202, 141, 178, 202, 179, 454, 179, 203, 480, 166, 180, 204, 205, 151, 146, 496, 483, 153, 188, 182, 181, 148, 182, 207, 206, 149, 206, 208, 183, 184, 183, 209, 210, 491, 180, 186, 492, 188, 187, 212, 213, 187, 156, 189, 212, 189, 155, 190, 214, 184, 210, 214, 190, 158, 157, 191, 192, 117, 194, 215, 193, 215, 231, 201, 200, 199, 198, 196, 164, 193, 165, 164, 197, 195, 194, 166, 205, 216, 170, 197, 217, 202, 219, 220, 179, 179, 220, 221, 203, 480, 203, 222, 505, 180, 491, 506, 204, 205, 204, 223, 224, 182, 188, 213, 207, 206, 207, 225, 208, 209, 183, 208, 225, 213, 212, 210, 209, 211, 185, 226, 227, 185, 490, 512, 226, 212, 189, 214, 210, 215, 194, 229, 228, 164, 196, 217, 197, 216, 236, 237, 235, 229, 194, 216, 205, 224, 230, 201, 231, 219, 218, 220, 517, 518, 221, 203, 221, 232, 222, 505, 222, 232, 520, 204, 506, 521, 223, 522, 233, 230, 224, 223, 521, 207, 213, 209, 225, 524, 211, 227, 525, 226, 512, 525, 227, 231, 215, 228, 234, 236, 216, 230, 233, 231, 237, 220, 219, 517, 220, 237, 530, 221, 518, 520, 232, 531, 236, 233, 522, 228, 229, 240, 238, 234, 235, 237, 231, 234, 228, 238, 239, 229, 235, 241, 240, 530, 237, 236, 531, 235, 234, 239, 241, 239, 238, 240, 241, 109, 108, 242, 243, 110, 109, 243, 244, 119, 118, 244, 243, 242, 245, 246, 108, 107, 245, 242, 244, 118, 111, 110, 106, 105, 119, 246, 107, 106, 246, 245, 71, 102, 128, 100, 247, 250, 249, 248, 247, 252, 251, 250, 247, 248, 256, 255, 254, 253, 249, 257, 286, 285, 248, 250, 258, 257, 249, 259, 260, 252, 247, 250, 251, 261, 258, 252, 262, 291, 251, 247, 360, 327, 288, 259, 267, 279, 278, 248, 277, 253, 254, 276, 275, 274, 273, 272, 271, 270, 269, 268, 255, 281, 280, 254, 256, 282, 281, 255, 248, 284, 283, 275, 276, 256, 258, 287, 286, 257, 253, 266, 265, 264, 263, 361, 360, 247, 260, 289, 262, 252, 258, 261, 290, 287, 251, 291, 330, 261, 253, 292, 266, 263, 264, 296, 295, 294, 293, 265, 297, 296, 264, 298, 300, 299, 297, 265, 266, 267, 302, 301, 279, 303, 267, 268, 304, 248, 278, 269, 306, 305, 268, 248, 304, 308, 269, 270, 307, 271, 310, 309, 270, 248, 307, 312, 271, 272, 311, 273, 314, 313, 272, 248, 311, 315, 273, 274, 284, 275, 317, 316, 274, 254, 280, 318, 276, 277, 320, 319, 253, 248, 322, 321, 277, 279, 301, 323, 278, 281, 282, 318, 280, 276, 318, 282, 256, 283, 324, 317, 275, 284, 325, 324, 283, 285, 326, 322, 248, 289, 329, 328, 262, 262, 328, 331, 291, 332, 336, 335, 292, 253, 334, 333, 292, 338, 337, 266, 294, 295, 299, 300, 266, 337, 343, 298, 299, 344, 341, 297, 303, 345, 302, 267, 345, 323, 301, 302, 278, 323, 345, 303, 268, 305, 346, 304, 308, 347, 306, 269, 347, 346, 305, 306, 270, 309, 348, 307, 304, 346, 347, 308, 312, 349, 310, 271, 349, 348, 309, 310, 272, 313, 350, 311, 307, 348, 349, 312, 315, 351, 314, 273, 351, 350, 313, 314, 274, 316, 325, 284, 311, 350, 351, 315, 324, 325, 316, 317, 352, 353, 320, 277, 253, 319, 354, 334, 320, 353, 354, 319, 277, 321, 356, 355, 322, 358, 357, 321, 326, 359, 358, 322, 327, 363, 362, 288, 329, 397, 364, 331, 328, 365, 290, 261, 330, 291, 331, 364, 330, 366, 375, 374, 373, 372, 371, 370, 369, 368, 367, 336, 332, 333, 377, 376, 332, 352, 378, 333, 334, 470, 440, 384, 292, 335, 405, 379, 336, 367, 383, 382, 373, 374, 381, 380, 335, 384, 385, 338, 292, 338, 385, 343, 337, 361, 263, 293, 339, 339, 293, 415, 386, 298, 342, 387, 293, 294, 300, 295, 388, 344, 299, 388, 295, 296, 340, 340, 296, 297, 341, 298, 343, 389, 422, 342, 344, 391, 390, 341, 334, 354, 353, 352, 355, 392, 352, 277, 321, 357, 393, 356, 359, 393, 357, 358, 339, 394, 360, 361, 363, 396, 395, 362, 330, 364, 397, 365, 366, 399, 398, 375, 332, 376, 400, 366, 375, 402, 401, 374, 378, 403, 377, 333, 403, 400, 376, 377, 392, 404, 378, 352, 380, 411, 410, 409, 408, 407, 406, 335, 374, 413, 412, 381, 414, 385, 384, 385, 414, 389, 343, 339, 386, 416, 394, 415, 293, 387, 417, 496, 428, 340, 419, 418, 388, 341, 421, 420, 340, 342, 422, 417, 387, 388, 424, 423, 344, 423, 425, 391, 344, 390, 426, 421, 341, 391, 425, 427, 390, 363, 394, 416, 396, 428, 395, 396, 415, 429, 430, 399, 366, 375, 398, 432, 431, 399, 434, 433, 398, 366, 400, 403, 378, 435, 436, 402, 375, 374, 401, 437, 413, 402, 436, 437, 401, 404, 429, 366, 378, 405, 438, 469, 379, 335, 439, 438, 405, 406, 441, 439, 335, 442, 444, 443, 441, 406, 407, 408, 448, 447, 446, 445, 442, 407, 449, 448, 408, 409, 451, 450, 410, 452, 451, 409, 411, 454, 453, 410, 455, 412, 413, 435, 384, 440, 456, 414, 396, 416, 386, 415, 340, 420, 484, 419, 388, 418, 457, 424, 419, 458, 457, 418, 421, 460, 459, 420, 389, 462, 492, 524, 489, 461, 490, 483, 422, 456, 462, 389, 414, 463, 423, 424, 464, 463, 427, 425, 423, 427, 465, 426, 390, 426, 466, 460, 421, 431, 432, 430, 429, 430, 467, 434, 399, 431, 455, 435, 375, 398, 433, 468, 432, 467, 468, 433, 434, 413, 437, 436, 435, 441, 443, 471, 439, 442, 445, 474, 472, 499, 444, 444, 473, 471, 443, 474, 445, 446, 475, 475, 446, 447, 476, 448, 449, 500, 477, 476, 447, 450, 478, 501, 500, 449, 452, 478, 450, 451, 410, 453, 478, 452, 454, 480, 479, 453, 440, 482, 481, 456, 422, 483, 496, 417, 424, 457, 458, 464, 419, 484, 485, 458, 420, 459, 486, 484, 460, 488, 487, 459, 491, 492, 462, 456, 464, 494, 493, 463, 463, 493, 465, 427, 465, 495, 466, 426, 460, 466, 495, 488, 432, 468, 467, 430, 379, 469, 497, 470, 497, 469, 438, 472, 474, 475, 476, 477, 516, 439, 471, 473, 438, 470, 498, 482, 440, 444, 499, 473, 478, 453, 502, 501, 453, 479, 503, 502, 480, 505, 504, 479, 456, 481, 506, 491, 482, 508, 507, 481, 458, 485, 494, 464, 484, 486, 509, 485, 487, 509, 486, 459, 494, 487, 488, 493, 489, 511, 510, 461, 461, 510, 512, 490, 493, 488, 495, 465, 497, 513, 514, 470, 438, 473, 499, 472, 498, 470, 514, 527, 529, 528, 498, 515, 508, 482, 477, 500, 501, 516, 502, 503, 518, 517, 479, 504, 519, 503, 505, 520, 519, 504, 481, 507, 521, 506, 522, 521, 507, 508, 515, 523, 485, 509, 487, 494, 524, 525, 511, 489, 510, 511, 525, 512, 516, 526, 513, 497, 528, 523, 515, 498, 516, 501, 502, 529, 517, 530, 529, 502, 503, 519, 520, 518, 531, 522, 523, 528, 513, 532, 534, 514, 526, 516, 529, 527, 526, 533, 532, 513, 514, 534, 535, 527, 530, 531, 528, 529, 527, 535, 533, 526, 533, 535, 534, 532, 371, 537, 536, 370, 372, 538, 537, 371, 383, 540, 539, 536, 537, 538, 382, 370, 536, 539, 369, 538, 372, 373, 382, 368, 540, 383, 367, 369, 539, 540, 368, 327, 360, 394, 363]
            rel material:binding = </root/_materials/Yellow>
            normal3f[] normals = [(-0.003515407, -0.5407681, 0.8411644), (0, -0.54075325, 0.8411813), (0, -0.54075325, 0.8411813), (-0.0035339294, -0.5407681, 0.8411643), (-0.003515407, -0.5407681, 0.8411644), (-0.0035339294, -0.5407681, 0.8411643), (-0.007049269, -0.54077625, 0.84113693), (-0.007049269, -0.54077625, 0.84113693), (0, -1, 0), (0, -1, 1.2063454e-7), (0, -1, 9.611176e-8), (0, -1, 0), (0, -1, -4.0245382e-7), (0, -1, 7.0293616e-8), (0.9999642, -0.0009386204, 0.008404268), (0.99998015, -0.000697918, 0.0062510995), (0.9999912, 5.206436e-8, 0.004202172), (0.9999647, 1.0414342e-7, 0.008404273), (0.9999642, -0.0009386204, 0.008404268), (-0.0038385014, -0.37158668, 0.9283903), (2.2435477e-8, -0.37158945, 0.9283972), (2.2435477e-8, -0.37158945, 0.9283972), (-0.0038322986, -0.37158668, 0.9283903), (0.00806627, 0, -0.99996746), (0.008066302, 0, -0.9999675), (0.008066302, 0, -0.9999675), (0.00806627, 0, -0.99996746), (-0.0038385014, -0.37158668, 0.9283903), (-0.0038322986, -0.37158668, 0.9283903), (-0.007670771, -0.37157845, 0.9283699), (-0.007670771, -0.37157845, 0.9283699), (-0.99991465, 0.0008147792, -0.013040042), (-0.9999719, 0.0021861307, -0.0071651083), (-0.9999263, 0.0010719047, -0.012086946), (-0.9999448, 0.00041792032, -0.010502999), (-1, 0, 0), (-1, 0, 0), (-1, 0, 0), (-1, 0, 0), (-1, 0, 0), (0, -1, 1.1666946e-7), (0, -1, 1.1666946e-7), (0, -1, 2.935554e-7), (0, -1, 2.935554e-7), (0, -1, -1.7814068e-7), (0, -1, -1.7814068e-7), (0, -1, 5.294038e-7), (0, -1, 5.294038e-7), (0, -1, -2.5675675e-7), (0, -1, -2.5675675e-7), (0, -1, 9.611176e-8), (0, -1, 1.2063454e-7), (0, -1, 2.0448532e-7), (0, -1, 7.0293616e-8), (0, -1, 7.907694e-8), (0, -1, 2.0448532e-7), (1, 0, 0), (1, 0, 0), (1, 0, 0), (1, 0, 0), (0, 0, -1), (0, 0, -1), (0, 0, -1), (0, 0, -1), (0, -1, 7.0293616e-8), (0, -1, -4.0245382e-7), (0, -1, -2.5675675e-7), (0, -1, -2.5675675e-7), (0, -1, -0.0000011792408), (0, -1, -3.6982448e-7), (-0.0040292065, -0.08680926, 0.99621683), (2.755038e-8, -0.08680463, 0.99622536), (2.755038e-8, -0.08680463, 0.99622536), (-0.0040280363, -0.08680925, 0.9962168), (-1, 4.869372e-8, 0), (-1, 0, 0), (-1, 0, 0), (-1, 0, 0), (-1, 0, 0), (-1, 0, 0), (-1, 0, 0), (-1, -1.9127734e-8, 0), (-0.99996936, 0, -0.007833111), (-0.99991465, 0.0008147792, -0.013040042), (-0.9999448, 0.00041792032, -0.010502999), (-0.99996936, 0, -0.007833111), (-0.0040292065, -0.08680926, 0.99621683), (-0.0040280363, -0.08680925, 0.9962168), (-0.008057829, -0.08681247, 0.99619204), (-0.008057829, -0.08681247, 0.99619204), (-0.9999719, 0.0021861307, -0.0071651083), (-0.9999809, 0.002024118, -0.0058505237), (-0.99998575, 0.00076143455, -0.0052801385), (-0.9999263, 0.0010719047, -0.012086946), (-1, 4.869372e-8, 0), (-1, -1.9127734e-8, 0), (-1, -1.407583e-7, 0), (0, -1, 0), (0, -1, 0), (0, -1, 0.0000015737496), (0, -1, 0.0000010003685), (0, -1, 1.7556576e-7), (0, -1, 2.6317898e-7), (0, -1, 3.0694986e-7), (0, -1, 2.6317898e-7), (0, -1, 1.7556576e-7), (0, -1, 2.3374159e-7), (0, -1, 8.748957e-8), (0, -1, 8.748957e-8), (0, -1, 3.0694986e-7), (0, -1, 2.3374159e-7), (0, -1, 0.0000010792531), (0, -1, 0.0000015044064), (0, 0, 1), (0, 0, 1), (0, 0, 1), (0, 0, 1), (0, -1, -5.8962264e-8), (0, -1, 7.907694e-8), (0, -1, 7.0293616e-8), (0, -1, 2.761239e-7), (0, -1, 1.1666946e-7), (0, -1, 1.1666946e-7), (0, 0, 1), (0, 0, 1), (0, 0, 1), (0, 0, 1), (0, -1, 7.0293616e-8), (0, -1, -4.448333e-7), (0, -1, 2.935554e-7), (0, -1, 2.935554e-7), (0, -1, 4.7169544e-7), (0, -1, 2.761239e-7), (0, 0, 1), (0, 0, 1), (0, 0, 1), (0, 0, 1), (0, -1, 7.0293616e-8), (0, -1, 4.4414216e-7), (0, -1, -1.7814068e-7), (0, -1, -1.7814068e-7), (0, -1, -9.4339265e-7), (0, -1, -4.448333e-7), (0, 0, 1), (0, 0, 1), (0, 0, 1), (0, 0, 1), (0, -1, 7.0293616e-8), (0, -1, -3.6982448e-7), (0, -1, 5.294038e-7), (0, -1, 5.294038e-7), (0, -1, 0.0000011792408), (0, -1, 4.4414216e-7), (0, 0, 1), (0, 0, 1), (0, 0, 1), (0, 0, 1), (0, 0, 1), (0, 0, 1), (0, 0, 1), (0, 0, 1), (0, 0, 1), (0, 0, 1), (0, 0, 1), (0, 0, 1), (0.99998015, -0.000697918, 0.0062510995), (1, 0, 0), (1, 0, 0), (1, 0, 0), (-1, 0, 0), (-1, 0, 0), (-1, 0, 0), (-1, 0, 0), (0, -1, 0), (0, -1, 0), (0, -1, 0), (0, -1, 0), (-1, 0, 0), (-1, 0, 0), (-1, 0, 0), (-1, 0, 0), (1, 0, 0), (1, 0, 0), (1, 0, 0), (1, 0, 0), (0, 0, -1), (0, 0, -1), (0, 0, -1), (0, 0, -1), (0.9999912, 5.206436e-8, 0.004202172), (0.99998015, -0.000697918, 0.0062510995), (1, 0, 0), (1, 0, 0), (-0.00786348, 0, 0.99996907), (-0.007863193, 0, 0.9999691), (-0.007863193, 0, 0.9999691), (-0.00786348, 0, 0.99996907), (0.006862474, 0.5354139, -0.84456193), (0.006862474, 0.5354139, -0.84456193), (0.006862474, 0.5354139, -0.84456193), (0.006862474, 0.5354139, -0.84456193), (-1, 6.000477e-8, 0), (-1, 6.000477e-8, 0), (-1, 6.000477e-8, 0), (-1, 4.869372e-8, 0), (-1, -1.407583e-7, 0), (-1, 9.0007156e-8, 0), (-1, 9.0007156e-8, 0), (0.7578762, -0.6523983, 0), (0.7578762, -0.6523983, 0), (0.7578762, -0.6523983, 0), (0.7578762, -0.6523983, 0), (0, -1, 0.0000015737496), (0, -1, 0.0000015044064), (0, -1, 0.0000010792531), (0, -1, 0.0000010003685), (0, 0.08263433, 0.99657995), (0, 0.08263433, 0.99657995), (0, 0.08263433, 0.99657995), (0, 0.08263433, 0.99657995), (-0.000033040127, 2.7682015e-7, -1), (-0.000033040127, 2.7682015e-7, -1), (-0.000033040127, 2.7682015e-7, -1), (-0.000033040127, 2.7682015e-7, -1), (1, 0, 0), (1, 0, 0), (1, 0, 0), (1, 0, 0), (0, -1, 0), (0, -1, 0), (0, -1, 0), (0, -1, 0), (0, 0, -1), (0, 0, -1), (0, 0, -1), (0, 0, -1), (-1, 0, 0), (-1, 0, 0), (-1, 0, 0), (-1, 0, 0), (1, 0, 0), (1, 0, 0), (1, 0, 0), (1, 0, 0), (0, -1, 0), (0, -1, 0), (0, -1, 0), (0, -1, 0), (-1, 0, 0), (-1, 0, 0), (-1, 0, 0), (-1, 0, 0), (0, 0, -1), (0, 0, -1), (0, 0, -1), (0, 0, -1), (1, 0, 0), (1, 0, 0), (1, 0, 0), (1, 0, 0), (0, -1, 0), (0, -1, 0), (0, -1, 0), (0, -1, 0), (-1, 0, 0), (-1, 0, 0), (-1, 0, 0), (-1, 0, 0), (0, 0, -1), (0, 0, -1), (0, 0, -1), (0, 0, -1), (1, 0, 0), (1, 0, 0), (1, 0, 0), (1, 0, 0), (0, -1, 0), (0, -1, 0), (0, -1, 0), (0, -1, 0), (-1, 0, 0), (-1, 0, 0), (-1, 0, 0), (-1, 0, 0), (0, 0, -1), (0, 0, -1), (0, 0, -1), (0, 0, -1), (0, -1, 0), (0, -1, 0), (0, -1, 0), (0, -1, 0), (1, 0, 0), (1, 0, 0), (1, 0, 0), (1, 0, 0), (-1, 4.869372e-8, 0), (-1, 6.000477e-8, 0), (-0.99999994, 0, 0), (-0.99999994, 0, 0), (0, -0.99999994, 0), (0, -0.99999994, 0), (0, -0.99999994, 0), (0, -0.99999994, 0), (1, 0, 0), (1, 0, 0), (1, 0, 0), (1, 0, 0), (0, 1, 0), (0, 1, 0), (0, 1, 0), (0, 1, 0), (0, 0, -1), (0, 0, -0.99999994), (0, 0, -0.99999994), (0, 0, -1), (0, 0, 1), (0, 0, 1), (0, 0, 1), (0, 0, 1), (-0.9999834, -3.7056153e-11, -0.005756809), (-0.9999832, 0.0006380248, -0.005756808), (-0.9999832, 0.0006380248, -0.005756808), (-0.9999832, 0.0006380248, -0.005756808), (-0.99998343, -1.9535937e-11, -0.00575681), (-0.9999869, -8.809519e-11, -0.0051312526), (-0.99998575, 0.00076143455, -0.0052801385), (-0.9999809, 0.002024118, -0.0058505237), (-0.9999869, -7.8451926e-11, -0.005131252), (0.0074345376, 0.37823564, -0.9256795), (0.0074345376, 0.37823564, -0.9256795), (0.0074345376, 0.37823564, -0.9256795), (0.0074345376, 0.37823564, -0.9256795), (0, -0.99999994, -2.1987427e-8), (0, -0.99999994, -2.1987427e-8), (0, -0.99999994, -2.1987427e-8), (0, -0.99999994, -2.1987427e-8), (0, -0.99999994, -2.1987427e-8), (0, -0.99999994, -2.1987427e-8), (0, -0.99999994, -2.1987427e-8), (0, -0.99999994, -2.1987427e-8), (0, -0.99999994, -2.1987427e-8), (0, -0.99999994, -2.1987427e-8), (0, -0.99999994, -2.1987427e-8), (0, -0.99999994, -2.1987427e-8), (-1, 6.000477e-8, 0), (-1, 6.000477e-8, 0), (-1, 0, 0), (-1, 0, 0), (0, -1, 0), (0, -1, 0), (0, -1, 0), (0, -1, 0), (-0.11650677, -0.99288255, -0.024709795), (-0.11650677, -0.99288255, -0.024709795), (-0.11650677, -0.99288255, -0.024709795), (-0.11650677, -0.99288255, -0.024709795), (-0.11650677, -0.99288255, -0.024709795), (-0.11650677, -0.99288255, -0.024709795), (-0.11650677, -0.99288255, -0.024709795), (0, 0, -0.99999994), (0.00017592525, 0.0014119841, -0.9999989), (0, 0, -1), (0, 0, -1), (0, 0, -1), (0, 0, -0.99999994), (0, 0, -0.99999994), (0, 0, -0.99999994), (0, 0, -0.99999994), (0, -0.29558268, -0.95531714), (0, -0.29558268, -0.95531714), (0, -0.29558268, -0.95531714), (0, -0.29558268, -0.95531714), (0, -1, -0.000001279757), (0, -1, -0.000001279757), (0, -1, -0.000001279757), (0, -1, -0.000001279757), (0.0013887921, -0.0033250328, -0.99999356), (-0.0002968556, -0.0030099112, -0.99999547), (-0.0015188418, -0.0020062078, -0.9999968), (0.0013887921, -0.0033250328, -0.99999356), (-0.0002968556, -0.0030099112, -0.99999547), (-0.0019825024, -0.0026947805, -0.99999434), (-0.0029726445, -0.0013467981, -0.9999947), (-0.0015188418, -0.0020062078, -0.9999968), (-0.99823624, 0.0000042669562, 0.059367184), (-0.99823624, 0.0000042669562, 0.059367184), (-0.99823624, 0.0000042669562, 0.059367184), (-0.99823624, 0.0000042669562, 0.059367184), (-0.99823624, 0.0000042669562, 0.059367184), (-0.99823624, 0.0000042669562, 0.059367184), (-0.9996592, -0.00042576535, 0.02610496), (-0.9996592, -0.00042576535, 0.02610496), (-0.9996357, -0.00021288221, 0.026989399), (-0.99963576, -0.00021288513, 0.026989387), (-0.00030901097, -2.4010515e-7, 0.9999999), (-0.00030901097, -2.4010515e-7, 0.9999999), (-0.00030901097, -2.4010515e-7, 0.9999999), (-0.00030901097, -2.4010515e-7, 0.9999999), (1, 0.00034351283, -0.000050221643), (0.9999999, 0.00027228484, -0.00017068729), (0.9999989, 0.0013807353, -0.00046221138), (0.9999989, 0.0013807353, -0.00046221138), (0.13355006, -0.0002699543, 0.9910421), (0.13355006, -0.0002699543, 0.9910421), (0.13355006, -0.0002699543, 0.9910421), (0.13355006, -0.0002699543, 0.9910421), (0.13355006, -0.0002699543, 0.9910421), (0, 1, 0), (0, 1, 0), (0, 1, 0), (0, 1, 0), (-9.045595e-9, 0, -1), (-9.045595e-9, 0, -1), (-9.045595e-9, 0, -1), (-9.045595e-9, 0, -1), (1, 0, 0), (1, 0, 0), (1, 0, 0), (1, 0, 0), (0, 0, 0.99999994), (0, 0, 1), (0, 0, 1), (0, 0, 0.99999994), (1, 0, 0), (1, 0, 0), (1, 0, 0), (1, 0, 0), (0, -1, 0), (0, -1, 0), (0, -1, 0), (0, -1, 0), (0, 0, 1), (0, 0, 1), (0, 0, 1), (0, 0, 1), (0.007854783, 0.08099501, -0.9966836), (0.007854783, 0.08099501, -0.9966836), (0.007854783, 0.08099501, -0.9966836), (0.007854783, 0.08099501, -0.9966836), (1, -1.6967762e-7, 0), (1, -0.0000033783083, 0), (1, -0.0000029152095, 0), (1, -0.000003871644, 0), (0, 0, -1), (0, 0, -1), (0, 0, -1), (0, 0, -1), (-1, 0, 0), (-1, 0, 0), (-1, 0, 0), (-1, 0, 0), (0, 0, 1), (0, 0, 1), (0, 0, 1), (0, 0, 1), (0, -0.99999994, 0), (0, -0.99999994, 0), (0, -0.99999994, 0), (0, -0.99999994, 0), (1, 0, 0), (1, 0, 0), (1, 0, 0), (1, 0, 0), (0, 0, -1), (0.00017592525, 0.0014119841, -0.9999989), (0.000116259165, 0.00093376404, -0.9999995), (0, 0, -1), (0, 0, -1), (0.00014128139, 0.0011306748, -0.9999994), (0.00012204528, 0.0009767284, -0.9999995), (0, 0, -1), (0, 0, -1), (0, 0, -1), (0, 0, -1), (0, 0, -1), (-0.8850797, -0.0044316, -0.46541837), (-0.8850797, -0.0044316, -0.46541837), (-0.8850797, -0.0044316, -0.46541837), (-0.998005, 0.0011389765, 0.0631241), (-0.998005, 0.0011389765, 0.0631241), (-0.998005, 0.0011389765, 0.0631241), (-0.998005, 0.0011389765, 0.0631241), (0, -1, 0), (0, -1, 0), (0, -1, 0), (0, -1, 0), (-0.0029726445, -0.0013467981, -0.9999947), (-0.003962759, 4.668206e-12, -0.99999213), (-0.0039627594, 4.696641e-12, -0.9999922), (-0.003962778, 0.0000011882421, -0.9999921), (-0.003962778, 0.0000011882421, -0.9999921), (-0.0015188418, -0.0020062078, -0.9999968), (0, 1, 0), (0, 1, 0), (0, 1, 0), (0, 1, 0), (0.9999999, 0.00027228484, -0.00017068729), (1, 0.00034351283, -0.000050221643), (1, -0.00019243047, 0.00013134461), (1, -0.00028348697, -0.000014891476), (-0.06690941, -0.9977232, 0.008458638), (-0.06690941, -0.9977232, 0.008458638), (-0.06690941, -0.9977232, 0.008458638), (-0.06690941, -0.9977232, 0.008458638), (-0.99963576, -0.00021288513, 0.026989387), (-0.9996357, -0.00021288221, 0.026989399), (-0.99961144, 0, 0.027873809), (-0.99961144, 0, 0.027873809), (-1, -0.0000014872062, 0.000040271316), (-1, -0.0000014872062, 0.000040271316), (-1, -0.0000014872062, 0.000040271316), (-1, -0.0000014872062, 0.000040271316), (1, -0.00009333219, 0.00005841907), (0.9999999, 0.00027228484, -0.00017068729), (1, -0.00028348697, -0.000014891476), (1, -0.00016194029, 0.000022243248), (-0.000041448726, 0.07378127, -0.9972745), (-0.000041448726, 0.07378127, -0.9972745), (-0.000041448726, 0.07378127, -0.9972745), (-0.000041448726, 0.07378127, -0.9972745), (0, 0, 1), (0, 0, 1), (0, 0, 1), (0, 0, 1), (-1, 0, 0), (-1, 0, 0), (-1, 0, 0), (-1, 0, 0), (1, -4.87664e-8, 0), (1, -1.6967762e-7, 0), (1, -0.000003871644, 0), (1, 9.431756e-8, 0), (1, -0.0000033783083, 0), (1, -1.17003076e-7, 0), (1, 8.133656e-8, 0), (1, -0.0000029152095, 0), (0, -0.99999994, 0), (0, -0.99999994, 0), (0, -0.99999994, 0), (0, -0.99999994, 0), (1, -1.6967762e-7, 0), (1, 0, 0), (1, 0, 0), (1, 0, 0), (0, 4.818422e-8, 1), (0, 3.7455997e-8, 1), (0, 0, 1), (0, 0, 1), (0, 0, -1), (0, 0, -1), (0, 0, -1), (0, 0, -1), (0, -1, 0), (0, -1, 0), (0, -1, 0), (0, -1, 0), (1, 0, 0), (1, 0, 0), (1, -1.6967762e-7, 0), (1, -4.87664e-8, 0), (0.9130117, -0.26159704, 0.31301194), (0.9130117, -0.26159704, 0.31301194), (0.9130117, -0.26159704, 0.31301194), (0.9130117, -0.26159704, 0.31301194), (0.901998, -0.30048898, 0.31000984), (0.901998, -0.30048898, 0.31000984), (0.901998, -0.30048898, 0.31000984), (0.901998, -0.30048898, 0.31000984), (0.000116259165, 0.00093376404, -0.9999995), (0.00017592525, 0.0014119841, -0.9999989), (0.0010199817, 0.007973738, -0.9999677), (0.0010260337, 0.008023399, -0.9999673), (-1, 0, 0), (-1, 0, 0), (-1, 0, 0), (-1, 0, 0), (-1, 0, 0), (-1, 0, 0), (0, -1, 5.8552466e-8), (0, -1, 5.8552466e-8), (0, -1, 5.8552466e-8), (0, -1, 5.8552466e-8), (0, -1, 5.8552466e-8), (0, -1, 5.8552466e-8), (0, -1, 5.8552466e-8), (1, 0, 0), (1, 0, 0), (1, 0, 0), (1, 0, 0), (1, 0, 0), (1, 0, 0), (0.00012204528, 0.0009767284, -0.9999995), (0.00014128139, 0.0011306748, -0.9999994), (0.00029576107, 0.002359693, -0.9999972), (-0.0006760019, 0.0046667415, -0.99998885), (0.014315323, 0, -0.99989754), (0.011844594, 0.0014830139, -0.9999288), (0.0135744475, 0.0004447461, -0.99990773), (0.014315323, 0, -0.99989754), (1, 0, 0), (1, -4.4465156e-7, 0), (1, -4.4465156e-7, 0), (1, 0, 0), (-0.1282405, -0.0003557655, 0.991743), (-0.1282405, -0.0003557655, 0.991743), (-0.1282405, -0.0003557655, 0.991743), (-0.1282405, -0.0003557655, 0.991743), (-1, 0, 0), (-1, 0, 0), (-1, 0, 0), (-1, 0, 0), (1, 0.00034351283, -0.000050221643), (0.99999994, -0.000023267332, 0.0003420375), (1, -0.000046723308, 0.00031999502), (1, -0.00019243047, 0.00013134461), (-0.9999999, 0, -0.0002993293), (-0.9999999, 0, -0.0002993293), (-0.9999999, 0, -0.0002993293), (-0.9999999, 0, -0.0002993293), (-0.00040616913, 0, 0.9999999), (-0.00040616913, 0, 0.9999999), (-0.00040616913, 0, 0.9999999), (-0.00040616913, 0, 0.9999999), (0, -1, 2.2855081e-8), (0, -1, -8.890693e-8), (0, -1, -8.891347e-8), (0, -1, 2.2857929e-8), (-0.16404594, -0.0025796015, 0.9864493), (-0.16404594, -0.0025796015, 0.9864493), (-0.16404648, 9.087387e-9, 0.9864526), (-0.1640465, 9.049837e-9, 0.9864526), (-0.16404594, -0.0025796015, 0.9864493), (-0.16404594, -0.0025796015, 0.9864493), (-0.16404648, 9.199117e-9, 0.9864526), (-0.16404647, 9.1899555e-9, 0.9864526), (-0.16404594, -0.0025796015, 0.9864493), (-0.00042597897, -0.99999994, -0.00014511819), (-0.00042597897, -0.99999994, -0.00014511819), (-0.00042597897, -0.99999994, -0.00014511819), (-0.00042597897, -0.99999994, -0.00014511819), (0, -1, 1.9360515e-7), (0, -1, 1.9357628e-7), (0, -1, 1.9534018e-7), (0, -1, 1.9187895e-7), (0, -1, 1.9360515e-7), (0, -1, 1.9187895e-7), (0, -1, 0), (0, -1, 0), (1, 0.00008718964, 0.00005661278), (1, -0.00009333219, 0.00005841907), (1, -0.00016194029, 0.000022243248), (1, 0.00015010388, 0.000025671301), (0, -0.99999994, 4.5713012e-8), (0, -1, 2.2855081e-8), (0, -1, 2.2857929e-8), (0, -0.99999994, 4.5713012e-8), (1, -1.17003076e-7, 0), (1, -4.87664e-8, 0), (1, 9.431756e-8, 0), (1, 8.133656e-8, 0), (0, 0, 1), (0, 0, 1), (0, 0, 1), (0, 0, 1), (0, 0, 1), (0, 3.7455997e-8, 1), (0, 4.818422e-8, 1), (0, 0, 1), (0, 0, -1), (0, 0, -1), (0, 0, -1), (0, 0, -1), (1, 0, 0), (1, 0, 0), (1, 0, 0), (1, 0, 0), (0.7651587, -0.6438418, 0), (0.7651587, -0.6438418, 0), (0.7651587, -0.6438418, 0), (0.7651587, -0.6438418, 0), (0.0010260337, 0.008023399, -0.9999673), (0.0010199817, 0.007973738, -0.9999677), (0.0010583207, 0.0082723135, -0.9999652), (0.0010583207, 0.0082723135, -0.9999652), (-0.8090168, 7.232064e-8, -0.5877854), (-0.8090168, 7.232064e-8, -0.5877854), (-0.8090168, 7.232064e-8, -0.5877854), (-0.8090168, 7.232064e-8, -0.5877854), (-0.8090168, 7.232064e-8, -0.5877854), (-0.8090168, 7.232064e-8, -0.5877854), (-0.12633303, -0.99109817, -0.04200424), (-0.12633303, -0.99109817, -0.04200424), (-0.12633303, -0.99109817, -0.04200424), (-0.12633303, -0.99109817, -0.04200424), (-0.30901724, 1.1762395e-7, -0.9510564), (-0.30901724, 1.1762395e-7, -0.9510564), (-0.30901724, 1.1762395e-7, -0.9510564), (-0.30901724, 1.1762395e-7, -0.9510564), (0.30901742, 1.261076e-7, -0.9510564), (0.30901742, 1.261076e-7, -0.9510564), (0.30901742, 1.261076e-7, -0.9510564), (0.30901742, 1.261076e-7, -0.9510564), (0.8090166, 2.5860314e-7, -0.5877858), (0.8090166, 2.5860314e-7, -0.5877858), (0.8090166, 2.5860314e-7, -0.5877858), (0.8090166, 2.5860314e-7, -0.5877858), (0.8090166, 2.5860314e-7, -0.5877858), (0.8090166, 2.5860314e-7, -0.5877858), (-0.12840022, -0.9916875, -0.008329042), (-0.12840022, -0.9916875, -0.008329042), (-0.12840022, -0.9916875, -0.008329042), (-0.12840022, -0.9916875, -0.008329042), (-0.12840022, -0.9916875, -0.008329042), (-0.0006760019, 0.0046667415, -0.99998885), (0.00029576107, 0.002359693, -0.9999972), (0.0010235696, 0.008019156, -0.9999673), (0.009528095, 0.0028797474, -0.9999504), (0.011844594, 0.0014830139, -0.9999288), (-0.0006760019, 0.0046667415, -0.99998885), (0.009528095, 0.0028797474, -0.9999504), (0.0135744475, 0.0004447461, -0.99990773), (-1, 0, 0), (-1, 7.8835825e-8, 0), (-1, 2.8000652e-8, 0), (-1, 0, 0), (-1, -2.997e-7, 1.36604e-7), (-1, 0, 2.1292698e-7), (-1, 0, 2.1292698e-7), (-1, -4.5829617e-7, 9.6215174e-8), (-0.99534523, -0.07580212, 0.059514064), (-0.99534523, -0.07580212, 0.059514064), (-0.99534523, -0.07580212, 0.059514064), (-0.99534523, -0.07580212, 0.059514064), (0, -1, 1.9534018e-7), (0, -1, 1.9357628e-7), (0, -1, 0), (0, -1, 0), (0.99999994, -0.000023267332, 0.0003420375), (0.99999994, 0.000023267332, 0.00034203866), (1, 0.000046723308, 0.0003199974), (1, -0.000046723308, 0.00031999502), (0, -1, -8.890693e-8), (0, -1, -1.778204e-7), (0, -1, -1.778204e-7), (0, -1, -8.891347e-8), (1, 7.464997e-7, -0.00001840237), (1, 0, 0.00013677988), (1, 0, 0.00013677988), (1, 7.464997e-7, -0.00001840237), (-0.99170434, 0, -0.1285395), (-0.9917044, 0, -0.12853946), (-0.9917044, 0, -0.12853946), (-0.99170434, 0, -0.1285395), (1, 0.00017507428, 0.00015576584), (1, 0.00028126503, -0.000023478944), (1, 0.0002830849, -0.000014027054), (1, 0.00019243047, 0.00013134649), (1, 0.00028126503, -0.000023478944), (1, 0.00008718964, 0.00005661278), (1, 0.00015010388, 0.000025671301), (1, 0.0002830849, -0.000014027054), (-0.00007928471, -0.08068649, 0.9967395), (-0.00007928471, -0.08068649, 0.9967395), (-0.00007928471, -0.08068649, 0.9967395), (-0.00007928471, -0.08068649, 0.9967395), (1, 7.464997e-7, -0.00001840237), (1, 7.464997e-7, -0.00001840237), (1, 0.0000014929994, -0.00003680474), (1, 0.0000014929994, -0.00003680474), (0, 0.99999994, 0), (0, 0.99999994, 0), (0, 0.99999994, 0), (0, 0.99999994, 0), (0.0014510595, -0.0021890649, 0.99999654), (0.0014510595, -0.0021890649, 0.99999654), (0.0014510595, -0.0021890649, 0.99999654), (0.0014510595, -0.0021890649, 0.99999654), (-0.14746626, -0.9887992, -0.023021318), (-0.14746626, -0.9887992, -0.023021318), (-0.14746626, -0.9887992, -0.023021318), (-0.14746626, -0.9887992, -0.023021318), (-0.14746626, -0.9887992, -0.023021318), (-0.14746626, -0.9887992, -0.023021318), (-0.14746626, -0.9887992, -0.023021318), (-0.14746626, -0.9887992, -0.023021318), (-0.14746626, -0.9887992, -0.023021318), (0.92495745, -0.23079811, 0.30197018), (0.92495745, -0.23079811, 0.30197018), (0.92495745, -0.23079811, 0.30197018), (0.92495745, -0.23079811, 0.30197018), (-1, -8.3208954e-7, -3.4443098e-10), (-1, -2.997e-7, 1.36604e-7), (-1, -4.5829617e-7, 9.6215174e-8), (-1, -7.965628e-7, -5.4965416e-10), (-0.13145566, -0.99132085, -0.001562062), (-0.13145566, -0.99132085, -0.001562062), (-0.13145566, -0.99132085, -0.001562062), (-0.9998615, 0.016644448, 0.00012189205), (-0.9998615, 0.016644448, 0.00012189205), (-0.9998615, 0.016644448, 0.00012189205), (-0.9998615, 0.016644448, 0.00012189205), (-1, 7.8835825e-8, 0), (-1, 7.808255e-8, 0), (-1, 1.3401431e-8, 0), (-1, 2.8000652e-8, 0), (0, 0, -1), (0, 0, -1), (0, 0, -1), (0, 0, -1), (-1, 0, 2.1292698e-7), (-1, 0, 2.1292698e-7), (-1, 0, 2.1292698e-7), (-1, 0, 2.1292698e-7), (0, 0, 1), (0, 0, 1), (0, 0, 1), (0, 0, 1), (0.99999994, 0.000023267332, 0.00034203866), (1, 0.00017507428, 0.00015576584), (1, 0.00019243047, 0.00013134649), (1, 0.000046723308, 0.0003199974), (0.000076597986, 0, -0.99999994), (0.000076597986, 0, -0.99999994), (0.000076597986, 0, -0.99999994), (0.000076597986, 0, -0.99999994), (1, 0, 0.00013677988), (1, 0, 0.00013677988), (0.9999999, 0, 0.00027355974), (0.9999999, 0, 0.00027355974), (0, 1, -1.2055177e-7), (0, 1, -5.4272714e-8), (0, 1, -5.4279404e-8), (0, 1, -1.2056064e-7), (-0.0018903024, 0.999996, 0.0020990146), (-0.0018903024, 0.999996, 0.0020990146), (-0.0018903024, 0.999996, 0.0020990146), (-0.0018903024, 0.999996, 0.0020990146), (-0.99691576, -0.0015993981, -0.07846208), (-0.9969171, 7.72008e-9, -0.07846218), (-0.99691707, 7.76933e-9, -0.07846219), (-0.99691576, -0.0015993981, -0.07846208), (0, 1, -5.4272714e-8), (0, 1, -1.0855212e-7), (0, 1, -1.0855212e-7), (0, 1, -5.4279404e-8), (-0.99987054, 0.016053692, 0.0011045877), (-0.9998802, 0.014465138, 0.0055192984), (-0.9998802, 0.014465138, 0.0055192984), (-0.99988025, 0.014598422, 0.0051491824), (-0.0006804784, -0.008386796, 0.9999646), (-0.0006804784, -0.008386796, 0.9999646), (-0.0006804784, -0.008386796, 0.9999646), (-0.0006804784, -0.008386796, 0.9999646), (-1, -7.965628e-7, -5.4965416e-10), (-1, -3.0785012e-7, -9.1502153e-7), (-1, -5.866619e-7, -3.751022e-7), (-1, -7.800296e-7, -6.4515915e-10), (-1, -7.800296e-7, -6.4515915e-10), (-1, -8.3208954e-7, -3.4443098e-10), (0, -0.9999992, -0.0012117752), (0, -0.9999995, -0.00092897203), (0, -0.9999995, -0.00092897203), (0, -0.9999992, -0.0012117752), (-0.0006563115, -0.008224388, 0.9999659), (-0.0014021993, -0.007774722, 0.9999689), (-0.010287461, -0.0024205248, 0.9999441), (-0.0006563115, -0.008224388, 0.9999659), (-1, 7.808255e-8, 0), (-1, -1.1168089e-8, 0), (-1, -1.1168089e-8, 0), (-1, 1.3401431e-8, 0), (0, -0.9999984, -0.0018327453), (0, -0.9999984, -0.0018327453), (0, -0.9999984, -0.0018327453), (0, -0.9999984, -0.0018327453), (-1, -6.1024096e-8, 0), (-0.99999994, 1.5943213e-7, 0), (-0.99999994, 1.5943213e-7, 0), (-1, -6.102409e-8, 0), (0, 0, 1), (0, 0, 1), (0, 0, 1), (0, 0, 1), (-1, 2.2322128e-8, 0), (-1, 1.3393276e-7, 0), (-1, 1.3393276e-7, 0), (-1, 1.3393276e-7, 0), (-1, 1.3393276e-7, 0), (-1, 2.2322126e-8, 0), (0, 1, -2.4111242e-7), (0, 1, -1.2055177e-7), (0, 1, -1.2056064e-7), (0, 1, -2.4111242e-7), (0.99691737, -3.0135727e-9, 0.07845902), (0.9969168, -0.0010182121, 0.07845896), (0.9969168, -0.0010182121, 0.07845896), (0.9969173, -3.02653e-9, 0.078459), (-0.15450983, -0.004409498, 0.98798144), (-0.15451133, 8.8855e-10, 0.98799103), (-0.15451133, 1.0366357e-9, 0.98799103), (-0.15450983, -0.004409498, 0.98798144), (-0.99987, 0.01610631, -0.00076342595), (-0.99987054, 0.016053692, 0.0011045877), (-0.99988025, 0.014598422, 0.0051491824), (-0.99987584, 0.014914734, -0.005105801), (0, -0.9999988, -0.0014945781), (0, -0.9999992, -0.0012117752), (0, -0.9999992, -0.0012117752), (0, -0.9999988, -0.0014945781), (-0.0014021993, -0.007774722, 0.9999689), (-0.012459442, -0.0011969896, 0.9999217), (-0.013380674, -0.00084339577, 0.9999101), (-0.010287461, -0.0024205248, 0.9999441), (-0.013720988, 0, 0.9999059), (-0.013380674, -0.00084339577, 0.9999101), (-0.012459442, -0.0011969896, 0.9999217), (-0.013720988, 0, 0.9999059), (0, -0.0013238282, 0.99999917), (0, 0, 1), (0, 0, 1), (0, -0.0013238282, 0.99999917), (0, 0, -1), (0, 0.0003766019, -0.9999999), (0, 0.0003766019, -0.9999999), (0, 0, -1), (-0.000038351973, -0.0014552027, 0.9999989), (-0.000038351973, -0.0014552027, 0.9999989), (-0.000038351973, -0.0014552027, 0.9999989), (-0.000038351973, -0.0014552027, 0.9999989), (-0.99987584, 0.014914734, -0.005105801), (-0.9998752, 0.014804319, -0.0055088075), (-0.9998752, 0.014804319, -0.0055088075), (-0.99987, 0.01610631, -0.00076342595), (-0.023261629, -0.99972814, -0.0015762817), (-0.023261629, -0.99972814, -0.0015762817), (-0.023261629, -0.99972814, -0.0015762817), (-0.023261629, -0.99972814, -0.0015762817), (0.0029688277, 0.9999939, 0.0018438728), (0.0029688277, 0.9999939, 0.0018438728), (0.0029688277, 0.9999939, 0.0018438728), (0.0029688277, 0.9999939, 0.0018438728), (-1, -8.557295e-9, -0.0000014780315), (-1, -5.866619e-7, -3.751022e-7), (-1, -3.0785012e-7, -9.1502153e-7), (-1, -8.557295e-9, -0.0000014780315), (-0.0007696649, 0.0009827091, -0.9999993), (-0.0007696649, 0.0009827091, -0.9999993), (-0.0007696649, 0.0009827091, -0.9999993), (-0.0007696649, 0.0009827091, -0.9999993), (-0.99993855, 0.011082281, 0.00011444233), (-0.99993855, 0.011082281, 0.00011444233), (-0.99993855, 0.011082281, 0.00011444233), (-0.99993855, 0.011082281, 0.00011444233), (-0.30901778, 0, -0.9510563), (-0.30901778, 0, -0.9510563), (-0.30901778, 0, -0.9510563), (-0.30901778, 0, -0.9510563), (-0.8090164, 0, -0.587786), (-0.8090164, 0, -0.587786), (-0.8090164, 0, -0.587786), (-0.8090164, 0, -0.587786), (0, -1, -1.1710496e-7), (0, -1, -1.1710496e-7), (0, -1, -1.1710496e-7), (0, -1, -1.1710496e-7), (0, -1, -1.1710496e-7), (0, -1, -1.1710496e-7), (0, -1, -1.1710496e-7), (0.3090172, 0, -0.9510565), (0.3090172, 0, -0.9510565), (0.3090172, 0, -0.9510565), (0.3090172, 0, -0.9510565), (-0.99999994, 0, 0), (-0.99999994, 0, 0), (-0.99999994, 0, 0), (-0.99999994, 0, 0), (0.99999994, 0, 0), (0.99999994, 0, 0), (0.99999994, 0, 0), (0.99999994, 0, 0), (0.80901664, 0, -0.5877857), (0.80901664, 0, -0.5877857), (0.80901664, 0, -0.5877857), (0.80901664, 0, -0.5877857), (0, 0, 1), (0, 0, 1), (0, 0, 1), (0, 0, 0.99999994), (-0.0035153753, 0.5407681, 0.8411644), (-0.0035338972, 0.5407682, 0.8411643), (0, 0.5407533, 0.8411813), (0, 0.5407533, 0.8411813), (-0.0035153753, 0.5407681, 0.8411644), (-0.0070492052, 0.54077625, 0.84113693), (-0.0070492052, 0.54077625, 0.84113693), (-0.0035338972, 0.5407682, 0.8411643), (0, 1, 8.184929e-8), (0, 1, -1.0133695e-8), (0, 1, -3.0829304e-7), (0, 1, 8.184929e-8), (0, 1, 4.337866e-8), (0, 1, 3.356293e-8), (0.9999642, 0.0009388287, 0.008404268), (0.9999642, 0.0009388287, 0.008404268), (0.9999647, 1.0414342e-7, 0.008404273), (0.9999912, 5.206436e-8, 0.004202172), (0.99998015, 0.0006986428, 0.0062510436), (-0.0038384798, 0.37158668, 0.9283903), (-0.003832277, 0.37158668, 0.9283903), (2.2435477e-8, 0.37158942, 0.9283972), (2.2435477e-8, 0.37158942, 0.9283972), (0.00806627, 0, -0.99996746), (0.00806627, 0, -0.99996746), (0.008066238, 0, -0.9999675), (0.008066238, 0, -0.9999675), (-0.0038384798, 0.37158668, 0.9283903), (-0.0076707276, 0.37157848, 0.9283699), (-0.0076707276, 0.37157848, 0.9283699), (-0.003832277, 0.37158668, 0.9283903), (-0.99991465, -0.00081483077, -0.013040038), (-0.9999448, -0.00041793572, -0.0105030015), (-0.9999263, -0.0010717653, -0.012086913), (-0.9999719, -0.0021859952, -0.007165078), (-1, -1.0201254e-9, 0), (-1, -4.2293617e-9, 0), (-1, 0, 0), (-1, 0, 0), (-1, 0, 0), (0, 1, -1.9654065e-8), (0, 0.99999994, 0), (0, 1, -2.8067644e-8), (0, 1, -1.0133695e-8), (0, 0.99999994, 0), (0, 1, 3.356293e-8), (0, 1, 4.337866e-8), (0, 1, -3.537724e-7), (0, 1, -3.537724e-7), (0, 1, 4.1273427e-7), (0, 1, 4.1273427e-7), (0, 1, -2.948102e-7), (0, 1, -2.948102e-7), (0, 1, 1.7688613e-7), (0, 1, 1.7688613e-7), (0, 1, -1.9654065e-8), (1, 0, 0), (1, 0, 0), (1, 0, 0), (1, 0, 0), (0, 0, -1), (0, 0, -1), (0, 0, -1), (0, 0, -1), (0, 1, -1.0133695e-8), (0, 1, -2.7213616e-7), (0, 1, -0.0000010613172), (0, 1, -3.537724e-7), (0, 1, -3.537724e-7), (0, 1, -3.0829304e-7), (-0.0040292065, 0.08680926, 0.99621683), (-0.0040280363, 0.08680925, 0.9962168), (2.755038e-8, 0.08680463, 0.99622536), (2.755038e-8, 0.08680463, 0.99622536), (-1, -4.2701274e-8, 0), (-1, 1.3014514e-8, 0), (-1, -6.854163e-9, 0), (-1, -6.854163e-9, 0), (-1, -6.854163e-9, 0), (-1, -6.854163e-9, 0), (-1, -4.2293617e-9, 0), (-1, -1.0201254e-9, 0), (-0.99996936, 0, -0.007833111), (-0.99996936, 0, -0.007833111), (-0.9999448, -0.00041793572, -0.0105030015), (-0.99991465, -0.00081483077, -0.013040038), (-0.0040292065, 0.08680926, 0.99621683), (-0.008057829, 0.08681247, 0.99619204), (-0.008057829, 0.08681247, 0.99619204), (-0.0040280363, 0.08680925, 0.9962168), (-0.9999719, -0.0021859952, -0.007165078), (-0.9999263, -0.0010717653, -0.012086913), (-0.9999857, -0.00076140335, -0.0052802037), (-0.9999809, -0.002024097, -0.0058505703), (-1, -4.2701274e-8, 0), (-1, 1.4228334e-7, 0), (-1, 1.3014514e-8, 0), (0, 1, -6.116761e-8), (0, 1, -3.0587103e-8), (0, 1, -4.076746e-8), (0, 1, 9.916484e-7), (0, 1, 0.0000015950909), (0, 1, -6.116761e-8), (0, 1, 2.1872621e-8), (0, 1, 2.9168804e-8), (0, 1, -4.076746e-8), (0, 1, -3.0587103e-8), (0, 1, 4.3744787e-8), (0, 1, 0.0000015287727), (0, 1, 0.0000010831823), (0, 1, 2.9168804e-8), (0, 1, 2.1872621e-8), (0, 1, 4.3744787e-8), (0, 0, 1), (0, 0, 1), (0, 0, 1), (0, 0, 1), (0, 1, -5.8962193e-8), (0, 1, -1.9654065e-8), (0, 1, -1.9654065e-8), (0, 1, 3.133563e-7), (0, 1, -1.0133695e-8), (0, 1, -2.8067644e-8), (0, 0, 1), (0, 0, 1), (0, 0, 1), (0, 0, 1), (0, 1, -1.0133695e-8), (0, 1, 3.133563e-7), (0, 1, 5.306584e-7), (0, 1, 1.7688613e-7), (0, 1, 1.7688613e-7), (0, 1, -3.8587095e-7), (0, 0, 1), (0, 0, 1), (0, 0, 1), (0, 0, 1), (0, 1, -1.0133695e-8), (0, 1, -3.8587095e-7), (0, 1, -8.844306e-7), (0, 1, -2.948102e-7), (0, 1, -2.948102e-7), (0, 1, 5.0310416e-7), (0, 0, 1), (0, 0, 1), (0, 0, 1), (0, 0, 1), (0, 1, -1.0133695e-8), (0, 1, 5.0310416e-7), (0, 1, 0.0000012382028), (0, 1, 4.1273427e-7), (0, 1, 4.1273427e-7), (0, 1, -2.7213616e-7), (0, 0, 1), (0, 0, 1), (0, 0, 1), (0, 0, 1), (0, 0, 1), (0, 0, 1), (0, 0, 1), (0, 0, 1), (0, 0, 1), (0, 0, 1), (0, 0, 1), (0, 0, 1), (0.99998015, 0.0006986428, 0.0062510436), (1, 3.2202456e-7, 0), (1, 3.3187786e-7, 0), (1, 6.7792456e-8, 0), (-1, 0, 0), (-1, 0, 0), (-1, 0, 0), (-1, 0, 0), (0, 1, 0), (0, 1, 0), (0, 1, 0), (0, 1, 0), (-1, 0, 0), (-1, 0, 0), (-1, 0, 0), (-1, 0, 0), (1, 0, 0), (1, 0, 0), (1, 0, 0), (1, 0, 0), (0, 0, -1), (0, 0, -1), (0, 0, -1), (0, 0, -1), (0.9999912, 5.206436e-8, 0.004202172), (1, 0, 0), (1, 3.2202456e-7, 0), (0.99998015, 0.0006986428, 0.0062510436), (-0.00786348, 0, 0.99996907), (-0.00786348, 0, 0.99996907), (-0.007863767, 0, 0.9999691), (-0.007863767, 0, 0.9999691), (0.006862023, -0.535414, -0.84456193), (0.006862023, -0.535414, -0.84456193), (0.006862023, -0.535414, -0.84456193), (0.006862023, -0.535414, -0.84456193), (-1, -5.250417e-8, 0), (-1, -7.875626e-8, 0), (-1, -7.875626e-8, 0), (-1, 1.4228334e-7, 0), (-1, -4.2701274e-8, 0), (-1, -5.250417e-8, 0), (-1, -5.250417e-8, 0), (0.7578762, 0.6523983, 0), (0.7578762, 0.6523983, 0), (0.7578762, 0.6523983, 0), (0.7578762, 0.6523983, 0), (0, 1, 0.0000015950909), (0, 1, 9.916484e-7), (0, 1, 0.0000010831823), (0, 1, 0.0000015287727), (0, -0.082634374, 0.99657995), (0, -0.082634374, 0.99657995), (0, -0.082634374, 0.99657995), (0, -0.082634374, 0.99657995), (-0.00003304012, -2.768196e-7, -1), (-0.00003304012, -2.768196e-7, -1), (-0.00003304012, -2.768196e-7, -1), (-0.00003304012, -2.768196e-7, -1), (1, 0, 0), (1, 0, 0), (1, 0, 0), (1, 0, 0), (0, 1, 0), (0, 1, 0), (0, 1, 0), (0, 1, 0), (0, 0, -1), (0, 0, -1), (0, 0, -1), (0, 0, -1), (-1, 0, 0), (-1, 0, 0), (-1, 0, 0), (-1, 0, 0), (1, 0, 0), (1, 0, 0), (1, 0, 0), (1, 0, 0), (0, 1, 0), (0, 1, 0), (0, 1, 0), (0, 1, 0), (-1, 0, 0), (-1, 0, 0), (-1, 0, 0), (-1, 0, 0), (0, 0, -1), (0, 0, -1), (0, 0, -1), (0, 0, -1), (1, 0, 0), (1, 0, 0), (1, 0, 0), (1, 0, 0), (0, 1, 0), (0, 1, 0), (0, 1, 0), (0, 1, 0), (-1, 0, 0), (-1, 0, 0), (-1, 0, 0), (-1, 0, 0), (0, 0, -1), (0, 0, -1), (0, 0, -1), (0, 0, -1), (1, 0, 0), (1, 0, 0), (1, 0, 0), (1, 0, 0), (0, 1, 0), (0, 1, 0), (0, 1, 0), (0, 1, 0), (-1, 0, 0), (-1, 0, 0), (-1, 0, 0), (-1, 0, 0), (0, 0, -1), (0, 0, -1), (0, 0, -1), (0, 0, -1), (0, 1, 0), (0, 1, 0), (0, 1, 0), (0, 1, 0), (1, 0, 0), (1, 0, 0), (1, 0, 0), (1, 6.7792456e-8, 0), (-1, -4.2701274e-8, 0), (-0.99999994, 0, 0), (-0.99999994, 0, 0), (-1, -5.250417e-8, 0), (0, 0.99999994, 0), (0, 0.99999994, 0), (0, 0.99999994, 0), (0, 0.99999994, 0), (1, 6.7792456e-8, 0), (1, 3.3187786e-7, 0), (1, 0, 0), (1, 0, 0), (0, -1, 0), (0, -1, 0), (0, -1, 0), (0, -1, 0), (0, 0, -1), (0, 0, -1), (0, 0, -0.99999994), (0, 0, -0.99999994), (0, 0, 1), (0, 0, 1), (0, 0, 1), (0, 0, 1), (-0.9999834, -3.7056153e-11, -0.005756809), (-0.99998343, -1.9535937e-11, -0.00575681), (-0.9999832, -0.0006380249, -0.0057568084), (-0.9999832, -0.0006380249, -0.0057568084), (-0.9999832, -0.0006380249, -0.0057568084), (-0.9999869, -8.809519e-11, -0.0051312526), (-0.9999869, -7.8451926e-11, -0.005131252), (-0.9999809, -0.002024097, -0.0058505703), (-0.9999857, -0.00076140335, -0.0052802037), (0.007434629, -0.37823564, -0.9256795), (0.007434629, -0.37823564, -0.9256795), (0.007434629, -0.37823564, -0.9256795), (0.007434629, -0.37823564, -0.9256795), (0, 1, -1.7589946e-7), (0, 1, -1.7589946e-7), (0, 1, -1.7589946e-7), (0, 1, -1.7589946e-7), (0, 1, -1.7589946e-7), (0, 1, -1.7589946e-7), (0, 1, -1.7589946e-7), (0, 1, -1.7589946e-7), (0, 1, -1.7589946e-7), (0, 1, -1.7589946e-7), (0, 1, -1.7589946e-7), (0, 1, -1.7589946e-7), (-1, -5.250417e-8, 0), (-1, 0, 0), (-1, 0, 0), (-1, -5.250417e-8, 0), (0, 1, 0), (0, 1, 0), (0, 1, 0), (0, 1, 0), (-0.11650677, 0.99288255, -0.024709824), (-0.11650677, 0.99288255, -0.024709824), (-0.11650677, 0.99288255, -0.024709824), (-0.11650677, 0.99288255, -0.024709824), (-0.11650677, 0.99288255, -0.024709824), (-0.11650677, 0.99288255, -0.024709824), (-0.11650677, 0.99288255, -0.024709824), (0, 0, -0.99999994), (0, 0, -0.99999994), (0, 0, -0.99999994), (0, 0, -0.99999994), (0, 0, -0.99999994), (0, 0, -1), (0, 0, -1), (0, 0, -1), (0.00017591182, -0.0014119889, -0.9999989), (0, 0.29558307, -0.9553171), (0, 0.29558307, -0.9553171), (0, 0.29558307, -0.9553171), (0, 0.29558307, -0.9553171), (0, 1, -0.0000019047549), (0, 1, -0.0000019047549), (0, 1, -0.0000019047549), (0, 1, -0.0000019047549), (0.0013887921, 0.0033250328, -0.99999356), (0.0013887921, 0.0033250328, -0.99999356), (-0.001518829, 0.0020062078, -0.9999968), (-0.0002968556, 0.0030099112, -0.99999547), (-0.0002968556, 0.0030099112, -0.99999547), (-0.001518829, 0.0020062078, -0.9999968), (-0.0029726252, 0.0013467981, -0.9999947), (-0.0019825024, 0.0026947805, -0.99999434), (-0.99823624, -0.0000042665115, 0.05936718), (-0.99823624, -0.0000042665115, 0.05936718), (-0.99823624, -0.0000042665115, 0.05936718), (-0.99823624, -0.0000042665115, 0.05936718), (-0.99823624, -0.0000042665115, 0.05936718), (-0.99823624, -0.0000042665115, 0.05936718), (-0.9996592, 0.00042576276, 0.026104942), (-0.99963576, 0.00021288385, 0.026989378), (-0.9996357, 0.00021288091, 0.02698939), (-0.9996592, 0.00042576276, 0.026104942), (-0.00030901105, 2.401052e-7, 1), (-0.00030901105, 2.401052e-7, 1), (-0.00030901105, 2.401052e-7, 1), (-0.00030901105, 2.401052e-7, 1), (1, -0.00034341525, -0.0000502219), (0.9999989, -0.0013807369, -0.00046221272), (0.9999989, -0.0013807369, -0.00046221272), (1, -0.00027218874, -0.00017068777), (0.13355114, 0.00026995406, 0.99104184), (0.13355114, 0.00026995406, 0.99104184), (0.13355114, 0.00026995406, 0.99104184), (0.13355114, 0.00026995406, 0.99104184), (0.13355114, 0.00026995406, 0.99104184), (0, -0.99999994, 2.5052933e-7), (0, -0.99999994, 2.5052933e-7), (0, -0.99999994, 2.5052933e-7), (0, -0.99999994, 2.5052933e-7), (-9.045595e-9, 0, -1), (-9.045595e-9, 0, -1), (-9.045595e-9, 0, -1), (-9.045595e-9, 0, -1), (1, 0, 0), (1, 0, 0), (1, 0, 0), (1, 6.7792456e-8, 0), (0, 0, 0.99999994), (0, 0, 0.99999994), (0, 0, 1), (0, 0, 1), (1, 0, 0), (1, 0, 0), (1, 0, 0), (1, 0, 0), (0, 1, 0), (0, 1, 0), (0, 1, 0), (0, 1, 0), (0, 0, 1), (0, 0, 1), (0, 0, 1), (0, 0, 1), (0.007854783, -0.08099501, -0.9966836), (0.007854783, -0.08099501, -0.9966836), (0.007854783, -0.08099501, -0.9966836), (0.007854783, -0.08099501, -0.9966836), (1, 2.5451646e-7, 0), (1, 0.000005807466, 0), (1, 0.0000043728146, 0), (1, 0.0000050674626, 0), (0, 0, -1), (0, 0, -1), (0, 0, -1), (0, 0, -1), (-1, 0, 0), (-1, 0, 0), (-1, 0, 0), (-1, 0, 0), (0, 0, 1), (0, 0, 1), (0, 0, 1), (0, 0, 1), (0, 0.99999994, 0), (0, 0.99999994, 0), (0, 0.99999994, 0), (0, 0.99999994, 0), (1, 0, 0), (1, 0, 0), (1, 0, 0), (1, 0, 0), (0, 0, -1), (0, 0, -1), (0.0072955647, -0.0017330612, -0.9999718), (0.00014128139, -0.0011306748, -0.9999994), (0, 0, -1), (0, 0, -1), (0.00011631176, -0.0009337641, -0.9999995), (0.00017591182, -0.0014119889, -0.9999989), (0, 0, -1), (0, 0, -1), (0, 0, -1), (0, 0, -1), (-0.8850797, 0.0044316, -0.46541837), (-0.8850797, 0.0044316, -0.46541837), (-0.8850797, 0.0044316, -0.46541837), (-0.998005, -0.0011389775, 0.06312409), (-0.998005, -0.0011389775, 0.06312409), (-0.998005, -0.0011389775, 0.06312409), (-0.998005, -0.0011389775, 0.06312409), (0, 1, 0), (0, 1, 0), (0, 1, 0), (0, 1, 0), (-0.0029726252, 0.0013467981, -0.9999947), (-0.001518829, 0.0020062078, -0.9999968), (-0.00396274, -0.0000011882328, -0.9999921), (-0.00396274, -0.0000011882328, -0.9999921), (-0.0039627594, 4.696641e-12, -0.9999922), (-0.003962759, 4.668206e-12, -0.99999213), (0, -1, -1.8186175e-7), (0, -1, -1.8186175e-7), (0, -1, -1.8186175e-7), (0, -1, -1.8186175e-7), (1, -0.00027218874, -0.00017068777), (1, 0.00028360877, -0.000014891476), (1, 0.00019256829, 0.00013134483), (1, -0.00034341525, -0.0000502219), (-0.06690941, 0.9977232, 0.008458637), (-0.06690941, 0.9977232, 0.008458637), (-0.06690941, 0.9977232, 0.008458637), (-0.06690941, 0.9977232, 0.008458637), (-0.99963576, 0.00021288385, 0.026989378), (-0.99961144, 0, 0.027873809), (-0.99961144, 0, 0.027873809), (-0.9996357, 0.00021288091, 0.02698939), (-1, 0.0000014920631, 0.000040271316), (-1, 0.0000014920631, 0.000040271316), (-1, 0.0000014920631, 0.000040271316), (-1, 0.0000014920631, 0.000040271316), (1, 0.000093388604, 0.00005841903), (1, 0.00016204202, 0.000022243223), (1, 0.00028360877, -0.000014891476), (1, -0.00027218874, -0.00017068777), (-0.000041448726, -0.07378127, -0.9972745), (-0.000041448726, -0.07378127, -0.9972745), (-0.000041448726, -0.07378127, -0.9972745), (-0.000041448726, -0.07378127, -0.9972745), (0, 0, 1), (0, 0, 1), (0, 0, 1), (0, 0, 1), (-1, 0, 0), (-1, 0, 0), (-1, 0, 0), (-1, 0, 0), (1, -4.87664e-8, 0), (1, -1.8863513e-7, 0), (1, 0.000005807466, 0), (1, 2.5451646e-7, 0), (1, 0.0000050674626, 0), (1, 0.0000043728146, 0), (1, -1.6267312e-7, 0), (1, -1.17003076e-7, 0), (0, 0.99999994, 0), (0, 0.99999994, 0), (0, 0.99999994, 0), (0, 0.99999994, 0), (1, 2.5451646e-7, 0), (1, 0, 0), (1, 0, 0), (1, 0, 0), (0, -4.818422e-8, 1), (0, 0, 1), (0, 0, 1), (0, -3.7455997e-8, 1), (0, 0, -1), (0, 0, -1), (0, 0, -1), (0, 0, -1), (0, 1, 0), (0, 1, 0), (0, 1, 0), (0, 1, 0), (1, 0, 0), (1, -4.87664e-8, 0), (1, 2.5451646e-7, 0), (1, 0, 0), (0.9130118, 0.261597, 0.313012), (0.9130118, 0.261597, 0.313012), (0.9130118, 0.261597, 0.313012), (0.9130118, 0.261597, 0.313012), (0.90199786, 0.30048898, 0.31000993), (0.90199786, 0.30048898, 0.31000993), (0.90199786, 0.30048898, 0.31000993), (0.90199786, 0.30048898, 0.31000993), (0.00011631176, -0.0009337641, -0.9999995), (0.001026222, -0.008023398, -0.9999673), (0.0010202327, -0.007973728, -0.99996763), (0.00017591182, -0.0014119889, -0.9999989), (-1, 1.31507365e-8, 0), (-1, 1.31507365e-8, 0), (-1, 1.31507365e-8, 0), (-1, 1.31507365e-8, 0), (-1, 1.31507365e-8, 0), (-1, 1.31507365e-8, 0), (0, 1, 0), (0, 1, 0), (0, 1, 0), (0, 1, 0), (0, 1, 0), (0, 1, 0), (0, 1, 0), (1, 2.1812128e-9, 0), (1, 2.1812128e-9, 0), (1, 2.1812128e-9, 0), (1, 2.1812128e-9, 0), (1, 2.1812128e-9, 0), (1, 2.1812128e-9, 0), (0.0072955647, -0.0017330612, -0.9999718), (-0.00067651714, -0.0046666954, -0.99998885), (0.00029583563, -0.0023596913, -0.9999972), (0.00014128139, -0.0011306748, -0.9999994), (0.014315323, 0, -0.99989754), (0.014315323, 0, -0.99989754), (0.014315322, 0, -0.9998975), (0.014315322, 0, -0.9998975), (1, 0, 0), (1, 0, 0), (1, 4.4465156e-7, 0), (1, 4.4465156e-7, 0), (-0.1282405, 0.0003557655, 0.991743), (-0.1282405, 0.0003557655, 0.991743), (-0.1282405, 0.0003557655, 0.991743), (-0.1282405, 0.0003557655, 0.991743), (-1, 0, 0), (-1, 0, 0), (-1, 0, 0), (-1, 0, 0), (1, -0.00034341525, -0.0000502219), (1, 0.00019256829, 0.00013134483), (1, 0.000046836347, 0.00031999536), (0.99999994, 0.000023323624, 0.0003420377), (-0.9999999, 0, -0.0002993293), (-0.9999999, 0, -0.0002993293), (-0.9999999, 0, -0.0002993293), (-0.9999999, 0, -0.0002993293), (-0.00040616913, 0, 0.9999999), (-0.00040616913, 0, 0.9999999), (-0.00040616913, 0, 0.9999999), (-0.00040616913, 0, 0.9999999), (0, 1, 0), (0, 1, 0), (0, 1, 0), (0, 1, 0), (-0.16404593, 0.0025796196, 0.9864493), (-0.16404593, 0.0025796196, 0.9864493), (-0.16404647, 9.1899555e-9, 0.9864526), (-0.16404648, 9.199117e-9, 0.9864526), (-0.16404593, 0.0025796196, 0.9864493), (-0.16404593, 0.0025796196, 0.9864493), (-0.1640465, 9.049837e-9, 0.9864526), (-0.16404648, 9.087387e-9, 0.9864526), (-0.16404593, 0.0025796196, 0.9864493), (-0.00042597894, 0.99999994, -0.00014496682), (-0.00042597894, 0.99999994, -0.00014496682), (-0.00042597894, 0.99999994, -0.00014496682), (-0.00042597894, 0.99999994, -0.00014496682), (0, 1, -2.118207e-7), (0, 1, -2.1370924e-7), (0, 1, -1.9958033e-7), (0, 1, -2.0141506e-7), (0, 1, -2.118207e-7), (0, 1, -4.236355e-7), (0, 1, -4.236355e-7), (0, 1, -2.1370924e-7), (1, -0.00008718964, 0.000056612684), (1, -0.00015010388, 0.000025671176), (1, 0.00016204202, 0.000022243223), (1, 0.000093388604, 0.00005841903), (0, 0.99999994, 0), (0, 0.99999994, 0), (0, 1, 0), (0, 1, 0), (1, -1.17003076e-7, 0), (1, -1.6267312e-7, 0), (1, -1.8863513e-7, 0), (1, -4.87664e-8, 0), (0, 0, 1), (0, 0, 1), (0, 0, 1), (0, 0, 1), (0, 0, 1), (0, 0, 1), (0, -4.818422e-8, 1), (0, -3.7455997e-8, 1), (0, 0, -1), (0, 0, -1), (0, 0, -1), (0, 0, -1), (1, 0, 0), (1, 0, 0), (1, 0, 0), (1, 0, 0), (0.7651587, 0.6438418, 0), (0.7651587, 0.6438418, 0), (0.7651587, 0.6438418, 0), (0.7651587, 0.6438418, 0), (0.001026222, -0.008023398, -0.9999673), (0.001058572, -0.0082723135, -0.9999652), (0.001058572, -0.0082723135, -0.9999652), (0.0010202327, -0.007973728, -0.99996763), (-0.8090169, -8.1360696e-8, -0.58778524), (-0.8090169, -8.1360696e-8, -0.58778524), (-0.8090169, -8.1360696e-8, -0.58778524), (-0.8090169, -8.1360696e-8, -0.58778524), (-0.8090169, -8.1360696e-8, -0.58778524), (-0.8090169, -8.1360696e-8, -0.58778524), (-0.12633301, 0.99109817, -0.042004433), (-0.12633301, 0.99109817, -0.042004433), (-0.12633301, 0.99109817, -0.042004433), (-0.12633301, 0.99109817, -0.042004433), (-0.30901724, -1.1808873e-7, -0.9510564), (-0.30901724, -1.1808873e-7, -0.9510564), (-0.30901724, -1.1808873e-7, -0.9510564), (-0.30901724, -1.1808873e-7, -0.9510564), (0.30901742, -1.261076e-7, -0.9510564), (0.30901742, -1.261076e-7, -0.9510564), (0.30901742, -1.261076e-7, -0.9510564), (0.30901742, -1.261076e-7, -0.9510564), (0.80901664, -1.7240205e-7, -0.58778566), (0.80901664, -1.7240205e-7, -0.58778566), (0.80901664, -1.7240205e-7, -0.58778566), (0.80901664, -1.7240205e-7, -0.58778566), (0.80901664, -1.7240205e-7, -0.58778566), (0.80901664, -1.7240205e-7, -0.58778566), (-0.12840027, 0.9916874, -0.008329066), (-0.12840027, 0.9916874, -0.008329066), (-0.12840027, 0.9916874, -0.008329066), (-0.12840027, 0.9916874, -0.008329066), (-0.12840027, 0.9916874, -0.008329066), (-0.00067651714, -0.0046666954, -0.99998885), (0.009527632, -0.002879525, -0.99995047), (0.0010236856, -0.008019156, -0.9999673), (0.00029583563, -0.0023596913, -0.9999972), (0.0072955647, -0.0017330612, -0.9999718), (0.011090918, -0.001934399, -0.9999366), (0.009527632, -0.002879525, -0.99995047), (-0.00067651714, -0.0046666954, -0.99998885), (-1, 0, 0), (-1, 0, 0), (-1, -2.8000647e-8, 0), (-1, -7.883581e-8, 0), (-1, 1.9980003e-7, 1.3660402e-7), (-1, 3.0553082e-7, 9.621518e-8), (-1, 0, 2.1292698e-7), (-1, 0, 2.1292698e-7), (-0.99534523, 0.075802036, 0.059514064), (-0.99534523, 0.075802036, 0.059514064), (-0.99534523, 0.075802036, 0.059514064), (-0.99534523, 0.075802036, 0.059514064), (0, 1, -1.9958033e-7), (0, 1, -4.0276447e-7), (0, 1, -4.0276447e-7), (0, 1, -2.0141506e-7), (0.99999994, 0.000023323624, 0.0003420377), (1, 0.000046836347, 0.00031999536), (1, -0.00004678454, 0.00031999729), (0.99999994, -0.000023297822, 0.00034203866), (0, 1, 0), (0, 1, 0), (0, 1, 0), (0, 1, 0), (1, -7.530365e-7, -0.00001840237), (1, -7.530365e-7, -0.00001840237), (1, 0, 0.00013677988), (1, 0, 0.00013677988), (-0.99170434, 0, -0.1285395), (-0.99170434, 0, -0.1285395), (-0.99170446, 0, -0.12853956), (-0.99170446, 0, -0.12853956), (1, -0.00017514569, 0.00015576571), (1, -0.00019249525, 0.00013134637), (1, -0.0002831031, -0.00001402712), (1, -0.0002812759, -0.000023479055), (1, -0.0002812759, -0.000023479055), (1, -0.0002831031, -0.00001402712), (1, -0.00015010388, 0.000025671176), (1, -0.00008718964, 0.000056612684), (-0.00007928471, 0.08068647, 0.9967395), (-0.00007928471, 0.08068647, 0.9967395), (-0.00007928471, 0.08068647, 0.9967395), (-0.00007928471, 0.08068647, 0.9967395), (1, -7.530365e-7, -0.00001840237), (1, -0.000001506073, -0.00003680474), (1, -0.000001506073, -0.00003680474), (1, -7.530365e-7, -0.00001840237), (0, -0.99999994, 0), (0, -0.99999994, 0), (0, -0.99999994, 0), (0, -0.99999994, 0), (0.0014510594, 0.0021890644, 0.99999654), (0.0014510594, 0.0021890644, 0.99999654), (0.0014510594, 0.0021890644, 0.99999654), (0.0014510594, 0.0021890644, 0.99999654), (-0.14746621, 0.98879915, -0.02302141), (-0.14746621, 0.98879915, -0.02302141), (-0.14746621, 0.98879915, -0.02302141), (-0.14746621, 0.98879915, -0.02302141), (-0.14746621, 0.98879915, -0.02302141), (-0.14746621, 0.98879915, -0.02302141), (-0.14746621, 0.98879915, -0.02302141), (-0.14746621, 0.98879915, -0.02302141), (-0.14746621, 0.98879915, -0.02302141), (0.92495745, 0.23079807, 0.30197012), (0.92495745, 0.23079807, 0.30197012), (0.92495745, 0.23079807, 0.30197012), (0.92495745, 0.23079807, 0.30197012), (-1, 5.3306815e-7, -3.4443107e-10), (-1, 3.6285815e-7, -5.496543e-10), (-1, 3.0553082e-7, 9.621518e-8), (-1, 1.9980003e-7, 1.3660402e-7), (-0.13145566, 0.99132085, -0.001562062), (-0.13145566, 0.99132085, -0.001562062), (-0.13145566, 0.99132085, -0.001562062), (-0.9998614, -0.01664449, 0.00012189209), (-0.9998614, -0.01664449, 0.00012189209), (-0.9998614, -0.01664449, 0.00012189209), (-0.9998614, -0.01664449, 0.00012189209), (-1, -7.883581e-8, 0), (-1, -2.8000647e-8, 0), (-1, -2.8046314e-8, 0), (-1, -7.880704e-8, 0), (0, 0, -1), (0, 0, -1), (0, 0, -1), (0, 0, -1), (-1, 0, 2.1292698e-7), (-1, 0, 2.1292698e-7), (-1, 0, 2.1292698e-7), (-1, 0, 2.1292698e-7), (0, 0, 1), (0, 0, 1), (0, 0, 1), (0, 0, 1), (0.99999994, -0.000023297822, 0.00034203866), (1, -0.00004678454, 0.00031999729), (1, -0.00019249525, 0.00013134637), (1, -0.00017514569, 0.00015576571), (0.000076597986, 0, -0.99999994), (0.000076597986, 0, -0.99999994), (0.000076597986, 0, -0.99999994), (0.000076597986, 0, -0.99999994), (1, 0, 0.00013677988), (0.9999999, 0, 0.00027355974), (0.9999999, 0, 0.00027355974), (1, 0, 0.00013677988), (0, -1, 0), (0, -1, 0), (0, -1, 0), (0, -1, 0), (-0.0018903004, -0.999996, 0.0020987492), (-0.0018903004, -0.999996, 0.0020987492), (-0.0018903004, -0.999996, 0.0020987492), (-0.0018903004, -0.999996, 0.0020987492), (-0.99691576, 0.0015994136, -0.07846208), (-0.99691576, 0.0015994136, -0.07846208), (-0.99691707, 7.76933e-9, -0.07846219), (-0.9969171, 7.72008e-9, -0.07846218), (0, -1, 0), (0, -1, 0), (0, -1, 0), (0, -1, 0), (-0.9998708, -0.016037794, 0.0011498274), (-0.99988025, -0.014598138, 0.0051489063), (-0.99988014, -0.014465111, 0.0055192946), (-0.99988014, -0.014465111, 0.0055192946), (-0.00068033085, 0.008386796, 0.99996465), (-0.00068033085, 0.008386796, 0.99996465), (-0.00068033085, 0.008386796, 0.99996465), (-0.00068033085, 0.008386796, 0.99996465), (-1, 3.6285815e-7, -5.496543e-10), (-1, 5.3306815e-7, -3.4443107e-10), (-1, 2.8364724e-7, -6.451594e-10), (-1, 2.8364724e-7, -6.451594e-10), (-1, 2.1175427e-7, -3.751022e-7), (-1, 1.08093744e-7, -9.1502153e-7), (0, 0.9999992, -0.0012117752), (0, 0.9999992, -0.0012117752), (0, 0.9999995, -0.00092897203), (0, 0.9999995, -0.00092897203), (-0.0006565339, 0.008224387, 0.99996597), (-0.0006565339, 0.008224387, 0.99996597), (-0.010287246, 0.0024199123, 0.99994415), (-0.0014024283, 0.0077749426, 0.9999689), (-1, -7.880704e-8, 0), (-1, -2.8046314e-8, 0), (-1, -1.1168089e-8, 0), (-1, -1.1168089e-8, 0), (0, 0.9999984, -0.0018327453), (0, 0.9999984, -0.0018327453), (0, 0.9999984, -0.0018327453), (0, 0.9999984, -0.0018327453), (-1, -6.1024096e-8, 0), (-1, -6.102409e-8, 0), (-1, -2.814803e-7, 0), (-1, -2.814803e-7, 0), (0, 0, 1), (0, 0, 1), (0, 0, 1), (0, 0, 1), (-1, 2.2322128e-8, 0), (-1, 2.2322126e-8, 0), (-1, -8.9288505e-8, 0), (-1, -8.9288505e-8, 0), (-1, -8.9288505e-8, 0), (-1, -8.9288505e-8, 0), (0, -1, 0), (0, -1, 0), (0, -1, 0), (0, -1, 0), (0.99691737, -3.0135727e-9, 0.07845902), (0.9969173, -3.02653e-9, 0.078459), (0.9969168, 0.001018206, 0.07845897), (0.9969168, 0.001018206, 0.07845897), (-0.15450983, 0.0044095, 0.98798144), (-0.15450983, 0.0044095, 0.98798144), (-0.15451133, 1.0366357e-9, 0.98799103), (-0.15451133, 8.8855e-10, 0.98799103), (-0.99986994, -0.016107213, -0.0007635886), (-0.9998757, -0.014915263, -0.0051058005), (-0.99988025, -0.014598138, 0.0051489063), (-0.9998708, -0.016037794, 0.0011498274), (0, 0.9999988, -0.0014945781), (0, 0.9999988, -0.0014945781), (0, 0.9999992, -0.0012117752), (0, 0.9999992, -0.0012117752), (-0.0014024283, 0.0077749426, 0.9999689), (-0.010287246, 0.0024199123, 0.99994415), (-0.013380757, 0.00084349886, 0.9999101), (-0.012459621, 0.0011969025, 0.9999217), (-0.013720988, 0, 0.9999059), (-0.013720988, 0, 0.9999059), (-0.012459621, 0.0011969025, 0.9999217), (-0.013380757, 0.00084349886, 0.9999101), (0, 0.0013238282, 0.99999917), (0, 0.0013238282, 0.99999917), (0, 0, 1), (0, 0, 1), (0, 0, -1), (0, 0, -1), (0, -0.0003766019, -0.9999999), (0, -0.0003766019, -0.9999999), (-0.000037631, 0.0014552015, 0.9999989), (-0.000037631, 0.0014552015, 0.9999989), (-0.000037631, 0.0014552015, 0.9999989), (-0.000037631, 0.0014552015, 0.9999989), (-0.9998757, -0.014915263, -0.0051058005), (-0.99986994, -0.016107213, -0.0007635886), (-0.99987525, -0.014804408, -0.0055088056), (-0.99987525, -0.014804408, -0.0055088056), (-0.023261636, 0.99972814, -0.0015762757), (-0.023261636, 0.99972814, -0.0015762757), (-0.023261636, 0.99972814, -0.0015762757), (-0.023261636, 0.99972814, -0.0015762757), (0.0029688196, -0.9999939, 0.001843869), (0.0029688196, -0.9999939, 0.001843869), (0.0029688196, -0.9999939, 0.001843869), (0.0029688196, -0.9999939, 0.001843869), (-1, -8.557295e-9, -0.0000014780315), (-1, -8.557295e-9, -0.0000014780315), (-1, 1.08093744e-7, -9.1502153e-7), (-1, 2.1175427e-7, -3.751022e-7), (-0.00076994137, -0.0009827083, -0.9999993), (-0.00076994137, -0.0009827083, -0.9999993), (-0.00076994137, -0.0009827083, -0.9999993), (-0.00076994137, -0.0009827083, -0.9999993), (-0.9999386, -0.011082307, 0.000114442344), (-0.9999386, -0.011082307, 0.000114442344), (-0.9999386, -0.011082307, 0.000114442344), (-0.9999386, -0.011082307, 0.000114442344), (-0.30901778, -1.550846e-7, -0.9510563), (-0.30901778, -1.550846e-7, -0.9510563), (-0.30901778, -1.550846e-7, -0.9510563), (-0.30901778, -1.550846e-7, -0.9510563), (-0.8090164, 0, -0.587786), (-0.8090164, 0, -0.587786), (-0.8090164, 0, -0.587786), (-0.8090164, 0, -0.587786), (0, 1, -1.1710502e-7), (0, 1, -1.1710502e-7), (0, 1, -1.1710502e-7), (0, 1, -1.1710502e-7), (0, 1, -1.1710502e-7), (0, 1, -1.1710502e-7), (0, 1, -1.1710502e-7), (0.3090172, 0, -0.9510565), (0.3090172, 0, -0.9510565), (0.3090172, 0, -0.9510565), (0.3090172, 0, -0.9510565), (-0.99999994, 0, 0), (-0.99999994, 0, 0), (-0.99999994, 0, 0), (-0.99999994, 0, 0), (0.99999994, 0, 0), (0.99999994, 0, 0), (0.99999994, 0, 0), (0.99999994, 0, 0), (0.80901664, 4.329339e-8, -0.5877857), (0.80901664, 4.329339e-8, -0.5877857), (0.80901664, 4.329339e-8, -0.5877857), (0.80901664, 4.329339e-8, -0.5877857), (0, 0, 1), (0, 0, 0.99999994), (0, 0, 1), (0, 0, 1)] (
                interpolation = "faceVarying"
            )
            point3f[] points = [(0.049467683, -0.7956622, 0.8018574), (3.756305, -0.7956622, 0.8018574), (3.75461, -0.62349004, 0.9125383), (0.048217535, -0.62349004, 0.91253835), (-0.09887232, -0.6234181, 0.9113518), (-0.09762217, -0.7955903, 0.80067086), (0.049467683, -0.7956622, -0.44148937), (0.1570164, -0.7956622, -0.29827186), (0.1570164, -0.7956622, 0.6858909), (0.66397053, -0.7956622, 0.6858909), (3.75461, -0.29075602, 1.0457145), (0.048217535, -0.29075602, 1.0457146), (-0.09887232, -0.29068407, 1.044528), (-0.097809054, -0.71752244, 0.8245283), (0.049467683, -0.73048866, 0.6555656), (0.049467683, -0.73048866, 0.21135457), (0.049467683, -0.73048866, 0.18417533), (0.049467683, -0.73048866, -0.25704116), (3.1570165, -0.7956622, -0.29827186), (3.0639708, -0.7956622, -0.29827186), (2.5570166, -0.7956622, -0.29827186), (2.4639707, -0.7956622, -0.29827186), (1.9570165, -0.7956622, -0.29827186), (1.8639705, -0.7956622, -0.29827186), (1.3570164, -0.7956622, -0.29827186), (1.2639705, -0.7956622, -0.29827186), (0.7570164, -0.7956622, -0.29827186), (0.66397053, -0.7956622, -0.29827186), (3.756305, -0.7956622, -0.44148937), (3.6639707, -0.7956622, 0.6858909), (3.6639707, -0.7956622, -0.29827186), (0.1570164, -0.7563236, -0.29827186), (0.1570164, -0.7563236, 0.6858909), (0.66397053, -0.7563236, 0.6858909), (0.7570164, -0.7956622, 0.6858909), (1.2639705, -0.7956622, 0.6858909), (-0.09874773, -0.6006512, 0.8986117), (0.049467683, -0.73048866, -0.29742113), (-0.0058893263, -0.73048866, 0.65541196), (-0.03230539, -0.73048866, 0.211339), (-0.010877489, -0.73048866, 0.2113427), (0.02748425, -0.73048866, 0.21135084), (0.027459126, -0.73048866, 0.18417569), (-0.06015481, -0.73048866, -0.2570412), (-0.011538801, -0.73048866, 0.18417662), (-0.03392042, -0.73048866, 0.18417695), (3.6639707, -0.7563236, -0.29827186), (3.1570165, -0.7563236, -0.29827186), (3.1570165, -0.7956622, 0.6858909), (3.0639708, -0.7956622, 0.6858909), (3.0639708, -0.7563236, -0.29827186), (2.5570166, -0.7563236, -0.29827186), (2.4639707, -0.7956622, 0.6858909), (2.5570166, -0.7956622, 0.6858909), (2.4639707, -0.7563236, -0.29827186), (1.9570165, -0.7563236, -0.29827186), (1.8639705, -0.7956622, 0.6858909), (1.9570165, -0.7956622, 0.6858909), (1.8639705, -0.7563236, -0.29827186), (1.3570164, -0.7563236, -0.29827186), (1.3570164, -0.7956622, 0.6858909), (1.2639705, -0.7563236, -0.29827186), (0.7570164, -0.7563236, -0.29827186), (0.66397053, -0.7563236, -0.29827186), (0.049467683, -0.8095499, -0.44148937), (3.756305, -0.8095499, -0.44148937), (3.756305, -0.7054759, -0.28857535), (3.756305, -0.7054759, 0.672911), (3.6639707, -0.7563236, 0.6858909), (0.7570164, -0.7563236, 0.6858909), (1.2639705, -0.7563236, 0.6858909), (0.049467683, -0.73048866, 0.68446934), (-0.04036245, -0.71754605, 0.82498), (-0.09874773, -0.303454, 1.0200474), (-0.041301128, -0.6006748, 0.89906347), (0.049467683, -0.7956622, -0.61718076), (0.049467683, -0.7956622, -0.56511736), (0.049467683, -0.7956622, -0.49417904), (0.049467683, -0.7296518, -1), (0.049467683, -0.7956622, -1), (0.033684384, -0.74882376, -0.25552085), (0.033684384, -0.74882376, -0.2917481), (-0.0058893263, -0.7677029, 0.6556125), (0.027541451, -0.78101397, 0.21135457), (0.027541451, -0.78101397, 0.18417533), (-0.06015481, -0.016697276, -0.2570412), (-0.0729979, -0.74882376, -0.25552088), (-0.011565372, -0.78101397, 0.18417695), (3.1570165, -0.7563236, 0.6858909), (3.0639708, -0.7563236, 0.6858909), (2.5570166, -0.7563236, 0.6858909), (2.4639707, -0.7563236, 0.6858909), (1.9570165, -0.7563236, 0.6858909), (1.8639705, -0.7563236, 0.6858909), (1.3570164, -0.7563236, 0.6858909), (3.756305, -0.7956622, -0.49417907), (3.756305, -0.8095499, -0.49417907), (0.049467683, -0.8095499, -0.49417904), (3.7175262, -0.7054759, -0.28857535), (3.7175262, -0.7054759, 0.672911), (0.049467683, -0.7677029, 0.68446934), (0.049467683, -0.7677029, 0.6556125), (-0.0058893263, -0.73048866, 0.68446934), (-0.041301128, -0.30347762, 1.0204992), (3.756305, -0.7956622, -0.61718076), (3.0174334, -0.7956622, -1), (3.0174334, -0.7956622, -0.8959137), (3.0824125, -0.7956622, -0.8064778), (3.1875505, -0.7956622, -0.7723164), (3.2926886, -0.7956622, -0.80647784), (3.3576677, -0.7956622, -0.8959137), (3.3576677, -0.7956622, -1), (3.756305, -0.7956622, -1), (3.756305, -0.7956622, -0.9157632), (0.049467683, -0.80765873, -0.61718076), (0.049467683, -0.80765873, -0.56511736), (3.756305, -0.7956622, -0.56511736), (-0.08768464, -0.7137356, -0.6056222), (3.3576677, -0.578549, -1), (3.0174334, -0.578549, -1), (-0.07268828, -0.73048866, -0.29742113), (-0.075579636, -0.74882376, -0.2917481), (-0.056483716, -0.7677029, 0.6556125), (-0.0058893263, -0.0115777375, 0.65541196), (-0.010807969, -0.78101397, 0.211339), (-0.07270592, -0.25249195, -0.25526956), (0.02753871, -0.78101397, 0.118126675), (-0.011568114, -0.78101397, 0.1181283), (-0.0058893263, -0.7677029, 0.68446934), (-0.056483716, -0.73048866, 0.68446934), (3.756305, -0.76987994, -0.8942494), (3.756305, -0.76987994, -0.8114639), (3.756305, -0.80765873, -0.61718076), (3.756305, -0.8160535, -1), (3.756305, -0.8160535, -0.9157632), (3.756305, -0.80765873, -0.56511736), (0.0092164595, -0.7249807, -0.8842587), (-0.20506804, -0.6990661, -1), (-0.20506804, -0.6174492, -1), (-0.5453024, -0.6174492, -1), (-0.5453024, -0.6581826, -1), (-0.72927195, -0.63607633, -1), (3.8083308, -0.7956622, -1), (-0.075081654, -0.25248757, -0.29742113), (-0.056483716, -0.73048866, 0.6556125), (-0.056483716, -0.7677029, 0.68446934), (-0.018064307, -0.011783765, 0.65546703), (-0.010836698, -0.78101397, 0.30731833), (0.027512722, -0.78101397, 0.30733392), (0.027540067, -0.7858531, 0.21070403), (0.027540067, -0.7858531, 0.18619743), (-0.07198909, -0.014865652, -0.25526956), (-0.011565372, -0.83602154, 0.18417695), (-0.010807969, -0.83602154, 0.211339), (-0.011568114, -0.83602154, 0.11405868), (0.027537808, -0.7858531, 0.1266436), (0.02753871, -0.83602154, 0.11405706), (3.756305, -0.6539155, -0.8114639), (3.756305, -0.6539155, -0.8942494), (3.776516, -0.76987994, -0.8942494), (3.776516, -0.76987994, -0.8114639), (3.8083308, -0.7956622, -0.9157632), (3.7911725, -0.8160535, -0.9157632), (3.7911725, -0.8160535, -1), (-0.036001824, -0.8670988, -0.8845454), (0.0018875897, -0.86668456, -1.0002867), (-0.72927195, -0.6369132, -0.38215122), (-0.20506804, -0.8397719, -1.0002867), (-0.20506804, -0.6174492, -0.8959137), (-0.20506804, -0.9150781, -1.0009061), (-0.20506804, -0.91918933, -0.8959137), (-0.27004704, -0.6174492, -0.80647784), (-0.37518522, -0.6174492, -0.77231634), (-0.48032334, -0.6174492, -0.8064778), (-0.5453024, -0.6174492, -0.89591366), (-0.5453024, -0.87407184, -0.8959137), (-0.5453024, -0.8723182, -1.0009061), (-0.5453024, -0.7955277, -1.0002867), (-0.7315339, -0.77131003, -1.0002867), (-0.77253616, -0.70824194, -1.0006194), (-0.72927195, -0.25219375, -0.38215122), (-0.010836698, -0.83602154, 0.30731833), (0.027512722, -0.83602154, 0.30733392), (0.020566145, -0.7858531, 0.21070348), (0.020566145, -0.7858531, 0.18619688), (-0.111989506, -0.22003052, -0.26177692), (-0.7315543, -0.25219813, -0.36454228), (0.027541451, -0.83602154, 0.18417533), (0.027541451, -0.83602154, 0.21135457), (0.027537808, -0.8311824, 0.12297417), (0.020563886, -0.7858531, 0.12664305), (3.776516, -0.6539155, -0.8114639), (3.776516, -0.6539155, -0.8942494), (-0.12721708, -0.86809593, -0.6059089), (-0.72927195, -0.63670653, -0.6045288), (-0.015917186, -0.93885016, -1.0009061), (-0.21338709, -0.8427153, -0.88446355), (-0.053806603, -0.9392644, -0.8851648), (-0.27004704, -0.83871454, -0.80647784), (-0.37518522, -0.82591957, -0.7723164), (-0.48032334, -0.8098051, -0.8064778), (-0.5368749, -0.7982485, -0.8843143), (-0.77479804, -0.8434757, -1.0009061), (-0.77253616, -0.20298582, -0.97509754), (-0.729272, -0.32125658, -0.6620812), (-0.729272, -0.4603155, -0.6620812), (0.027516393, -0.7858531, 0.29724532), (0.027516393, -0.8311824, 0.29724532), (0.02054247, -0.7858531, 0.2972448), (0.020566145, -0.8311824, 0.21070348), (0.020566145, -0.8311824, 0.18619688), (-0.15268472, -0.22009327, -0.2685356), (0.027540067, -0.8311824, 0.18619743), (0.027540067, -0.8311824, 0.21070403), (0.020563886, -0.8311824, 0.12297362), (-0.73146, -0.7719353, -0.6048155), (-0.729272, -0.4602408, -0.7424607), (-0.21292906, -0.9181638, -0.885094), (-0.53733647, -0.8751452, -0.88494956), (-0.77477634, -0.84365916, -0.8848439), (-0.77253616, -0.7084545, -0.88463473), (-0.77253616, -0.20310503, -0.91005135), (-0.79935944, -0.20298582, -0.97509754), (-0.74909073, -0.32125658, -0.6620812), (-0.74909073, -0.4603155, -0.6620812), (0.02054247, -0.8311824, 0.2972448), (-0.11115266, -0.22000663, -0.27240995), (-0.15184787, -0.22006938, -0.27916864), (-0.7311741, -0.75399894, -0.64172536), (-0.72927195, -0.6066895, -0.641508), (-0.74909073, -0.4602408, -0.7424607), (-0.7315122, -0.77149355, -0.8842245), (-0.79935944, -0.20310503, -0.91005135), (-0.74909073, -0.46008983, -0.8434827), (-0.73121256, -0.75367403, -0.84724903), (-0.72927195, -0.6063829, -0.8471164), (-0.729272, -0.46008983, -0.8434827), (-0.72927195, -0.6362889, -0.8840153), (-0.7481939, -0.7536029, -0.6417225), (-0.74823236, -0.753278, -0.84724617), (-0.7465845, -0.6067106, -0.6415116), (-0.7465845, -0.60625905, -0.84709233), (3.1875505, -0.578549, -0.77231634), (3.2926886, -0.578549, -0.80647784), (3.3576677, -0.578549, -0.8959137), (3.0824125, -0.578549, -0.8064778), (3.0174334, -0.578549, -0.89591366), (0.049467683, 0.7956622, 0.8018574), (3.756305, 0.7956622, 0.8018574), (3.75461, 0.62349004, 0.9125383), (0.048217535, 0.62349004, 0.91253835), (-0.09887232, 0.6234181, 0.9113518), (-0.09762217, 0.7955903, 0.80067086), (0.049467683, 0.7956622, -0.44148937), (0.1570164, 0.7956622, -0.29827186), (0.1570164, 0.7956622, 0.6858909), (0.66397053, 0.7956622, 0.6858909), (3.75461, 0.29075602, 1.0457145), (0.048217535, 0.29075602, 1.0457146), (0.049467683, 0, 0.8018574), (-0.09762217, 0, 0.80067086), (-0.09887232, 0.29068407, 1.044528), (-0.097809054, 0.71752244, 0.8245283), (0.049467683, 0.73048866, 0.6555656), (0.049467683, 0.73048866, 0.21135457), (0.049467683, 0.73048866, 0.18417533), (0.049467683, 0.73048866, -0.25704116), (3.1570165, 0.7956622, -0.29827186), (3.0639708, 0.7956622, -0.29827186), (2.5570166, 0.7956622, -0.29827186), (2.4639707, 0.7956622, -0.29827186), (1.9570165, 0.7956622, -0.29827186), (1.8639705, 0.7956622, -0.29827186), (1.3570164, 0.7956622, -0.29827186), (1.2639705, 0.7956622, -0.29827186), (0.7570164, 0.7956622, -0.29827186), (0.66397053, 0.7956622, -0.29827186), (3.756305, 0.7956622, -0.44148937), (3.6639707, 0.7956622, 0.6858909), (3.6639707, 0.7956622, -0.29827186), (0.1570164, 0.7563236, -0.29827186), (0.1570164, 0.7563236, 0.6858909), (0.66397053, 0.7563236, 0.6858909), (0.7570164, 0.7956622, 0.6858909), (1.2639705, 0.7956622, 0.6858909), (3.756305, 0, 0.8018574), (3.75461, 0, 1.0710491), (0.048217535, 0, 1.0710492), (0.049467683, 0, 0.68446934), (-0.097809054, 0, 0.8245283), (-0.09887232, 0, 1.0698626), (-0.09874773, 0.6006512, 0.8986117), (0.049467683, 0.73048866, -0.29742113), (-0.0058893263, 0.73048866, 0.65541196), (-0.03230539, 0.73048866, 0.211339), (-0.010877489, 0.73048866, 0.2113427), (0.02748425, 0.73048866, 0.21135084), (0.027459126, 0.73048866, 0.18417569), (-0.06015481, 0.73048866, -0.2570412), (-0.011538801, 0.73048866, 0.18417662), (-0.03392042, 0.73048866, 0.18417695), (3.6639707, 0.7563236, -0.29827186), (3.1570165, 0.7563236, -0.29827186), (3.1570165, 0.7956622, 0.6858909), (3.0639708, 0.7956622, 0.6858909), (3.0639708, 0.7563236, -0.29827186), (2.5570166, 0.7563236, -0.29827186), (2.4639707, 0.7956622, 0.6858909), (2.5570166, 0.7956622, 0.6858909), (2.4639707, 0.7563236, -0.29827186), (1.9570165, 0.7563236, -0.29827186), (1.8639705, 0.7956622, 0.6858909), (1.9570165, 0.7956622, 0.6858909), (1.8639705, 0.7563236, -0.29827186), (1.3570164, 0.7563236, -0.29827186), (1.3570164, 0.7956622, 0.6858909), (1.2639705, 0.7563236, -0.29827186), (0.7570164, 0.7563236, -0.29827186), (0.66397053, 0.7563236, -0.29827186), (0.049467683, 0.8095499, -0.44148937), (3.756305, 0.8095499, -0.44148937), (3.756305, 0.7054759, -0.28857535), (3.756305, 0.7054759, 0.672911), (3.6639707, 0.7563236, 0.6858909), (0.7570164, 0.7563236, 0.6858909), (1.2639705, 0.7563236, 0.6858909), (3.756305, 0, 0.672911), (0.049467683, 0.73048866, 0.68446934), (-0.04036245, 0.71754605, 0.82498), (-0.04036245, 0, 0.82498), (-0.09874773, 0.303454, 1.0200474), (-0.041301128, 0.6006748, 0.89906347), (0.049467683, 0.7956622, -0.61718076), (0.049467683, 0.7956622, -0.56511736), (0.049467683, 0.7956622, -0.49417904), (0.049467683, 0.7296518, -1), (0.049467683, 0.7956622, -1), (0.033684384, 0.74882376, -0.25552085), (0.033684384, 0.74882376, -0.2917481), (-0.0058893263, 0.7677029, 0.6556125), (0.027541451, 0.78101397, 0.21135457), (0.027541451, 0.78101397, 0.18417533), (-0.06015481, 0.016697276, -0.2570412), (-0.0729979, 0.74882376, -0.25552088), (-0.011565372, 0.78101397, 0.18417695), (3.1570165, 0.7563236, 0.6858909), (3.0639708, 0.7563236, 0.6858909), (2.5570166, 0.7563236, 0.6858909), (2.4639707, 0.7563236, 0.6858909), (1.9570165, 0.7563236, 0.6858909), (1.8639705, 0.7563236, 0.6858909), (1.3570164, 0.7563236, 0.6858909), (3.756305, 0.7956622, -0.49417907), (3.756305, 0.8095499, -0.49417907), (0.049467683, 0.8095499, -0.49417904), (3.756305, 0, -0.44148937), (3.756305, 0, -0.28857535), (3.7175262, 0.7054759, -0.28857535), (3.7175262, 0.7054759, 0.672911), (3.7175262, 0, 0.672911), (0.049467683, 0.7677029, 0.68446934), (0.049467683, 0.7677029, 0.6556125), (-0.0058893263, 0, 0.68446934), (-0.0058893263, 0.73048866, 0.68446934), (-0.041301128, 0.30347762, 1.0204992), (-0.09874773, 0, 1.0447085), (3.756305, 0.7956622, -0.61718076), (3.0174334, 0.7956622, -1), (3.0174334, 0.7956622, -0.8959137), (3.0824125, 0.7956622, -0.8064778), (3.1875505, 0.7956622, -0.7723164), (3.2926886, 0.7956622, -0.80647784), (3.3576677, 0.7956622, -0.8959137), (3.3576677, 0.7956622, -1), (3.756305, 0.7956622, -1), (3.756305, 0.7956622, -0.9157632), (0.049467683, 0.80765873, -0.61718076), (0.049467683, 0.80765873, -0.56511736), (3.756305, 0.7956622, -0.56511736), (-0.08768464, 0.7137356, -0.6056222), (0.049467683, 0, -1), (3.756305, 0, -1), (3.3576677, 0.578549, -1), (3.0174334, 0.578549, -1), (-0.07268828, 0.73048866, -0.29742113), (-0.075579636, 0.74882376, -0.2917481), (-0.056483716, 0.7677029, 0.6556125), (-0.0058893263, 0.0115777375, 0.65541196), (-0.010807969, 0.78101397, 0.211339), (-0.07270592, 0.25249195, -0.25526956), (0.02753871, 0.78101397, 0.118126675), (-0.011568114, 0.78101397, 0.1181283), (3.756305, 0, -0.49417907), (3.7175262, 0, -0.28857535), (-0.0058893263, 0.7677029, 0.68446934), (-0.056483716, 0, 0.68446934), (-0.056483716, 0.73048866, 0.68446934), (-0.041301128, 0, 1.0451602), (3.756305, 0.76987994, -0.8942494), (3.756305, 0.76987994, -0.8114639), (3.756305, 0.80765873, -0.61718076), (3.756305, 0.8160535, -1), (3.756305, 0.8160535, -0.9157632), (3.756305, 0.80765873, -0.56511736), (3.756305, 0, -0.56511736), (0.0092164595, 0.7249807, -0.8842587), (-0.20506804, 0.6990661, -1), (-0.20506804, 0.6174492, -1), (-0.5453024, 0.6174492, -1), (-0.5453024, 0.6581826, -1), (-0.72927195, 0.63607633, -1), (-0.72927195, 0, -1), (3.8083308, 0, -1), (3.8083308, 0.7956622, -1), (-0.075081654, 0.25248757, -0.29742113), (-0.056483716, 0.73048866, 0.6556125), (-0.056483716, 0.7677029, 0.68446934), (-0.018064307, 0.011783765, 0.65546703), (-0.010836698, 0.78101397, 0.30731833), (0.027512722, 0.78101397, 0.30733392), (0.027540067, 0.7858531, 0.21070403), (0.027540067, 0.7858531, 0.18619743), (-0.07198909, 0.014865652, -0.25526956), (-0.011565372, 0.83602154, 0.18417695), (-0.010807969, 0.83602154, 0.211339), (-0.011568114, 0.83602154, 0.11405868), (0.027537808, 0.7858531, 0.1266436), (0.02753871, 0.83602154, 0.11405706), (-0.056483716, 0, 0.6556125), (3.756305, 0, -0.61718076), (3.756305, 0.6539155, -0.8114639), (3.756305, 0, -0.91576326), (3.756305, 0.6539155, -0.8942494), (3.776516, 0.76987994, -0.8942494), (3.776516, 0.76987994, -0.8114639), (3.8083308, 0.7956622, -0.9157632), (3.7911725, 0.8160535, -0.9157632), (3.7911725, 0.8160535, -1), (-0.036001824, 0.8670988, -0.8845454), (0.0018875897, 0.86668456, -1.0002867), (-0.72927195, 0.6369132, -0.38215122), (-0.20506804, 0.8397719, -1.0002867), (-0.20506804, 0.6174492, -0.8959137), (-0.20506804, 0.9150781, -1.0009061), (-0.20506804, 0.91918933, -0.8959137), (-0.27004704, 0.6174492, -0.80647784), (-0.37518522, 0.6174492, -0.77231634), (-0.48032334, 0.6174492, -0.8064778), (-0.5453024, 0.6174492, -0.89591366), (-0.5453024, 0.87407184, -0.8959137), (-0.5453024, 0.8723182, -1.0009061), (-0.5453024, 0.7955277, -1.0002867), (-0.7315339, 0.77131003, -1.0002867), (-0.77253616, 0.70824194, -1.0006194), (-0.77253616, 0, -1.0006194), (3.8083308, 0, -0.91576326), (-0.72927195, 0.25219375, -0.38215122), (-0.010836698, 0.83602154, 0.30731833), (0.027512722, 0.83602154, 0.30733392), (0.020566145, 0.7858531, 0.21070348), (0.020566145, 0.7858531, 0.18619688), (-0.111989506, 0.22003052, -0.26177692), (-0.7315543, 0.25219813, -0.36454228), (0.027541451, 0.83602154, 0.18417533), (0.027541451, 0.83602154, 0.21135457), (0.027537808, 0.8311824, 0.12297417), (0.020563886, 0.7858531, 0.12664305), (3.776516, 0.6539155, -0.8114639), (3.776516, 0.6539155, -0.8942494), (-0.12721708, 0.86809593, -0.6059089), (-0.72927195, 0.63670653, -0.6045288), (-0.015917186, 0.93885016, -1.0009061), (-0.21338709, 0.8427153, -0.88446355), (-0.053806603, 0.9392644, -0.8851648), (-0.27004704, 0.83871454, -0.80647784), (-0.37518522, 0.82591957, -0.7723164), (-0.48032334, 0.8098051, -0.8064778), (-0.5368749, 0.7982485, -0.8843143), (-0.77479804, 0.8434757, -1.0009061), (-0.77253616, 0.20298582, -0.97509754), (-0.77253616, 0, -0.97509754), (-0.729272, 0.32125658, -0.6620812), (-0.729272, 0.4603155, -0.6620812), (-0.07341683, 0, -0.25526956), (0.027516393, 0.7858531, 0.29724532), (0.027516393, 0.8311824, 0.29724532), (0.02054247, 0.7858531, 0.2972448), (0.020566145, 0.8311824, 0.21070348), (0.020566145, 0.8311824, 0.18619688), (-0.15268472, 0.22009327, -0.2685356), (-0.1123839, 0, -0.26125082), (-0.72927195, 0, -0.38215122), (-0.7315543, 0, -0.36454228), (0.027540067, 0.8311824, 0.18619743), (0.027540067, 0.8311824, 0.21070403), (0.020563886, 0.8311824, 0.12297362), (-0.018666357, 0, 0.6554626), (-0.73146, 0.7719353, -0.6048155), (-0.729272, 0.4602408, -0.7424607), (-0.21292906, 0.9181638, -0.885094), (-0.53733647, 0.8751452, -0.88494956), (-0.77477634, 0.84365916, -0.8848439), (-0.77253616, 0.7084545, -0.88463473), (-0.77253616, 0.20310503, -0.91005135), (-0.79935944, 0.20298582, -0.97509754), (-0.79935944, 0, -0.97509754), (-0.729272, 0, -0.6620812), (-0.74909073, 0.32125658, -0.6620812), (-0.74909073, 0.4603155, -0.6620812), (0.02054247, 0.8311824, 0.2972448), (-0.11115266, 0.22000663, -0.27240995), (-0.15184787, 0.22006938, -0.27916864), (-0.11154705, 0, -0.27188385), (-0.7311741, 0.75399894, -0.64172536), (-0.72927195, 0.6066895, -0.641508), (-0.74909073, 0.4602408, -0.7424607), (-0.7315122, 0.77149355, -0.8842245), (-0.77253616, 0, -0.88415533), (-0.77253616, 0, -0.90978247), (-0.79935944, 0.20310503, -0.91005135), (-0.79935944, 0, -0.90978247), (-0.74909073, 0, -0.6620812), (-0.74909073, 0, -0.8433094), (-0.74909073, 0.46008983, -0.8434827), (-0.15256967, 0, -0.26714128), (-0.15173282, 0, -0.2777743), (-0.73121256, 0.75367403, -0.84724903), (-0.72927195, 0.6063829, -0.8471164), (-0.729272, 0.46008983, -0.8434827), (-0.72927195, 0.6362889, -0.8840153), (-0.72927195, 0, -0.8835359), (-0.729272, 0, -0.8433094), (-0.7481939, 0.7536029, -0.6417225), (-0.74823236, 0.753278, -0.84724617), (-0.7465845, 0.6067106, -0.6415116), (-0.7465845, 0.60625905, -0.84709233), (3.1875505, 0.578549, -0.77231634), (3.2926886, 0.578549, -0.80647784), (3.3576677, 0.578549, -0.8959137), (3.0824125, 0.578549, -0.8064778), (3.0174334, 0.578549, -0.89591366)]
            uniform token subdivisionScheme = "none"
            uniform token subsetFamily:materialBind:familyType = "nonOverlapping"
            custom string userProperties:blender:data_name = "Cube.001"

            def GeomSubset "Yellow" (
                prepend apiSchemas = ["MaterialBindingAPI"]
            )
            {
                uniform token elementType = "face"
                uniform token familyName = "materialBind"
                int[] indices = [0, 1, 2, 3, 4, 5, 6, 7, 8, 9, 10, 11, 12, 13, 14, 15, 16, 17, 18, 22, 23, 24, 25, 26, 27, 28, 29, 30, 31, 33, 34, 36, 37, 38, 39, 40, 41, 42, 43, 45, 47, 49, 50, 51, 53, 54, 55, 57, 58, 59, 61, 62, 67, 68, 69, 70, 71, 72, 73, 74, 76, 77, 79, 80, 81, 82, 87, 90, 91, 93, 94, 95, 96, 101, 104, 105, 106, 107, 110, 115, 116, 117, 118, 124, 125, 126, 130, 134, 135, 140, 141, 146, 162, 163, 168, 174, 175, 177, 182, 188, 189, 191, 193, 202, 203, 204, 211, 214, 217, 218, 219, 220, 221, 222, 223, 224, 225, 226, 227, 228, 229, 230, 231, 232, 233, 234, 235, 236, 237, 238, 239, 240, 241, 242, 243, 247, 248, 249, 250, 251, 252, 253, 254, 255, 256, 258, 259, 261, 262, 263, 264, 265, 266, 267, 268, 270, 272, 274, 275, 276, 278, 279, 280, 282, 283, 284, 286, 287, 292, 293, 294, 295, 296, 297, 298, 299, 301, 302, 304, 305, 306, 307, 312, 315, 316, 318, 319, 320, 321, 326, 329, 330, 331, 332, 335, 340, 341, 342, 343, 349, 350, 351, 355, 359, 360, 365, 366, 371, 387, 388, 393, 399, 400, 402, 407, 413, 414, 416, 418, 427, 428, 429, 436, 439, 442, 443, 444, 445, 446, 447, 448, 449]
                rel material:binding = </root/_materials/Yellow>
            }

            def GeomSubset "Windows" (
                prepend apiSchemas = ["MaterialBindingAPI"]
            )
            {
                uniform token elementType = "face"
                uniform token familyName = "materialBind"
                int[] indices = [19, 20, 21, 35, 44, 48, 52, 56, 60, 63, 83, 92, 167, 172, 186, 244, 245, 246, 260, 269, 273, 277, 281, 285, 288, 308, 317, 392, 397, 411]
                rel material:binding = </root/_materials/Windows>
            }

            def GeomSubset "Details" (
                prepend apiSchemas = ["MaterialBindingAPI"]
            )
            {
                uniform token elementType = "face"
                uniform token familyName = "materialBind"
                int[] indices = [181, 183, 194, 197, 198, 199, 200, 205, 208, 209, 406, 408, 419, 422, 423, 424, 425, 430, 433, 434]
                rel material:binding = </root/_materials/Details>
            }

            def GeomSubset "Bumper" (
                prepend apiSchemas = ["MaterialBindingAPI"]
            )
            {
                uniform token elementType = "face"
                uniform token familyName = "materialBind"
                int[] indices = [32, 46, 64, 65, 66, 75, 78, 84, 85, 86, 88, 89, 97, 98, 99, 100, 102, 103, 108, 109, 111, 112, 113, 114, 120, 121, 122, 123, 127, 128, 129, 131, 132, 133, 136, 137, 138, 139, 142, 143, 144, 145, 148, 151, 152, 153, 154, 155, 156, 157, 158, 159, 160, 161, 164, 165, 166, 169, 170, 171, 176, 178, 179, 180, 184, 185, 187, 190, 192, 195, 196, 201, 206, 207, 257, 271, 289, 290, 291, 300, 303, 309, 310, 311, 313, 314, 322, 323, 324, 325, 327, 328, 333, 334, 336, 337, 338, 339, 345, 346, 347, 348, 352, 353, 354, 356, 357, 358, 361, 362, 363, 364, 367, 368, 369, 370, 373, 376, 377, 378, 379, 380, 381, 382, 383, 384, 385, 386, 389, 390, 391, 394, 395, 396, 401, 403, 404, 405, 409, 410, 412, 415, 417, 420, 421, 426, 431, 432]
                rel material:binding = </root/_materials/Bumper>
            }

            def GeomSubset "Lights" (
                prepend apiSchemas = ["MaterialBindingAPI"]
            )
            {
                uniform token elementType = "face"
                uniform token familyName = "materialBind"
                int[] indices = [119, 147, 149, 150, 173, 210, 212, 213, 215, 216, 344, 372, 374, 375, 398, 435, 437, 438, 440, 441]
                rel material:binding = </root/_materials/Lights>
            }
        }
    }

    def Xform "FrontWheels"
    {
        custom string userProperties:blender:object_name = "FrontWheels"

        def Mesh "Cylinder_006" (
            active = true
            prepend apiSchemas = ["MaterialBindingAPI"]
        )
        {
            uniform bool doubleSided = 1
            float3[] extent = [(-0.5294742, -0.86225325, -1.1215471), (-0.21660216, 0.86166376, -0.79257405)]
            int[] faceVertexCounts = [4, 4, 4, 4, 4, 4, 4, 4, 4, 4, 4, 4, 4, 4, 4, 4, 4, 4, 4, 4, 4, 4, 4, 4, 4, 4, 4, 4, 4, 4, 4, 10, 4, 4, 4, 4, 4, 4, 4, 4, 4, 4, 4, 4, 4, 4, 4, 4, 4, 4, 4, 4, 4, 4, 4, 4, 4, 4, 4, 4, 4, 4, 4, 4, 4, 4, 4, 4, 4, 4, 4, 4, 10, 4, 4, 4, 4, 4, 4, 4, 4, 4, 4, 4, 4, 4, 4, 4, 4, 4, 4, 4, 4, 4, 4, 4, 4, 4, 4, 4, 4, 4, 4, 4, 4, 4, 4, 4, 4, 4, 4, 4, 4, 10, 4, 4, 4, 4, 4, 4, 4, 4, 4, 4, 4, 4, 4, 4, 4, 4, 4, 4, 4, 4, 4, 4, 4, 4, 4, 4, 4, 4, 4, 4, 4, 4, 4, 4, 4, 4, 4, 4, 4, 4, 10, 4, 4, 4, 4, 4, 4, 4, 4, 4]
            int[] faceVertexIndices = [50, 0, 1, 51, 51, 1, 2, 52, 52, 2, 3, 53, 53, 3, 4, 54, 54, 4, 5, 55, 55, 5, 6, 56, 56, 6, 7, 57, 57, 7, 8, 58, 8, 7, 17, 18, 59, 9, 0, 50, 58, 8, 9, 59, 16, 15, 25, 26, 5, 4, 14, 15, 2, 1, 10, 12, 9, 8, 18, 19, 6, 5, 15, 16, 3, 2, 12, 13, 0, 9, 19, 11, 1, 0, 11, 10, 7, 6, 16, 17, 4, 3, 13, 14, 25, 24, 34, 35, 13, 12, 22, 23, 11, 19, 29, 21, 17, 16, 26, 27, 14, 13, 23, 24, 10, 11, 21, 20, 18, 17, 27, 28, 15, 14, 24, 25, 12, 10, 20, 22, 19, 18, 28, 29, 30, 31, 39, 38, 37, 36, 35, 34, 33, 32, 22, 20, 30, 32, 29, 28, 38, 39, 26, 25, 35, 36, 23, 22, 32, 33, 21, 29, 39, 31, 27, 26, 36, 37, 24, 23, 33, 34, 20, 21, 31, 30, 28, 27, 37, 38, 50, 51, 41, 40, 51, 52, 42, 41, 52, 53, 43, 42, 53, 54, 44, 43, 54, 55, 45, 44, 55, 56, 46, 45, 56, 57, 47, 46, 57, 58, 48, 47, 48, 68, 67, 47, 59, 50, 40, 49, 58, 59, 49, 48, 66, 76, 75, 65, 45, 65, 64, 44, 42, 62, 60, 41, 49, 69, 68, 48, 46, 66, 65, 45, 43, 63, 62, 42, 40, 61, 69, 49, 41, 60, 61, 40, 47, 67, 66, 46, 44, 64, 63, 43, 75, 85, 84, 74, 63, 73, 72, 62, 61, 71, 79, 69, 67, 77, 76, 66, 64, 74, 73, 63, 60, 70, 71, 61, 68, 78, 77, 67, 65, 75, 74, 64, 62, 72, 70, 60, 69, 79, 78, 68, 80, 82, 83, 84, 85, 86, 87, 88, 89, 81, 72, 82, 80, 70, 79, 89, 88, 78, 76, 86, 85, 75, 73, 83, 82, 72, 71, 81, 89, 79, 77, 87, 86, 76, 74, 84, 83, 73, 70, 80, 81, 71, 78, 88, 87, 77, 140, 90, 91, 141, 141, 91, 92, 142, 142, 92, 93, 143, 143, 93, 94, 144, 144, 94, 95, 145, 145, 95, 96, 146, 146, 96, 97, 147, 147, 97, 98, 148, 98, 97, 107, 108, 149, 99, 90, 140, 148, 98, 99, 149, 106, 105, 115, 116, 95, 94, 104, 105, 92, 91, 100, 102, 99, 98, 108, 109, 96, 95, 105, 106, 93, 92, 102, 103, 90, 99, 109, 101, 91, 90, 101, 100, 97, 96, 106, 107, 94, 93, 103, 104, 115, 114, 124, 125, 103, 102, 112, 113, 101, 109, 119, 111, 107, 106, 116, 117, 104, 103, 113, 114, 100, 101, 111, 110, 108, 107, 117, 118, 105, 104, 114, 115, 102, 100, 110, 112, 109, 108, 118, 119, 120, 121, 129, 128, 127, 126, 125, 124, 123, 122, 112, 110, 120, 122, 119, 118, 128, 129, 116, 115, 125, 126, 113, 112, 122, 123, 111, 119, 129, 121, 117, 116, 126, 127, 114, 113, 123, 124, 110, 111, 121, 120, 118, 117, 127, 128, 140, 141, 131, 130, 141, 142, 132, 131, 142, 143, 133, 132, 143, 144, 134, 133, 144, 145, 135, 134, 145, 146, 136, 135, 146, 147, 137, 136, 147, 148, 138, 137, 138, 158, 157, 137, 149, 140, 130, 139, 148, 149, 139, 138, 156, 166, 165, 155, 135, 155, 154, 134, 132, 152, 150, 131, 139, 159, 158, 138, 136, 156, 155, 135, 133, 153, 152, 132, 130, 151, 159, 139, 131, 150, 151, 130, 137, 157, 156, 136, 134, 154, 153, 133, 165, 175, 174, 164, 153, 163, 162, 152, 151, 161, 169, 159, 157, 167, 166, 156, 154, 164, 163, 153, 150, 160, 161, 151, 158, 168, 167, 157, 155, 165, 164, 154, 152, 162, 160, 150, 159, 169, 168, 158, 170, 172, 173, 174, 175, 176, 177, 178, 179, 171, 162, 172, 170, 160, 169, 179, 178, 168, 166, 176, 175, 165, 163, 173, 172, 162, 161, 171, 179, 169, 167, 177, 176, 166, 164, 174, 173, 163, 160, 170, 171, 161, 168, 178, 177, 167]
            rel material:binding = </root/_materials/Wheel>
            normal3f[] normals = [(0.30901656, 0, 0.9510566), (0.30901673, 0, 0.95105666), (0.30901673, 0, 0.95105666), (0.30901656, 0, 0.9510566), (0.8090169, 0, 0.58778536), (0.8090167, 0, 0.58778554), (0.8090167, 0, 0.58778554), (0.8090169, 0, 0.58778536), (1, 0, 0), (1, 0, 0), (1, 0, 0), (1, 0, 0), (0.80901664, 0, -0.5877857), (0.8090166, 0, -0.5877859), (0.8090166, 0, -0.5877859), (0.80901664, 0, -0.5877857), (0.3090179, 0, -0.95105624), (0.30901778, 0, -0.95105624), (0.30901778, 0, -0.95105624), (0.3090179, 0, -0.95105624), (-0.30901796, 0, -0.95105624), (-0.3090181, 0, -0.9510561), (-0.3090181, 0, -0.9510561), (-0.30901796, 0, -0.95105624), (-0.8090167, 0, -0.58778566), (-0.8090166, 0, -0.5877859), (-0.8090166, 0, -0.5877859), (-0.8090167, 0, -0.58778566), (-1, 0, 0), (-1, 0, 0), (-1, 0, 0), (-1, 0, 0), (-0.70669776, -0.70751554, 0), (-0.70669776, -0.70751554, 0), (-0.70669776, -0.70751554, 0), (-0.70669776, -0.70751554, 0), (-0.30901688, 0, 0.95105654), (-0.30901706, 0, 0.9510565), (-0.30901706, 0, 0.9510565), (-0.30901688, 0, 0.95105654), (-0.8090169, -2.9119863e-7, 0.58778536), (-0.80901676, -5.8239726e-7, 0.5877855), (-0.80901676, -5.8239726e-7, 0.5877855), (-0.8090168, -2.9119866e-7, 0.58778536), (0.12469324, -0.914974, 0.38376346), (0.12469324, -0.914974, 0.38376346), (0.12469324, -0.914974, 0.38376346), (0.12469324, -0.914974, 0.38376346), (0.21838035, -0.7075152, -0.6721103), (0.21838035, -0.7075152, -0.6721103), (0.21838035, -0.7075152, -0.6721103), (0.21838035, -0.7075152, -0.6721103), (0.57173115, -0.7075154, 0.4153858), (0.57173115, -0.7075154, 0.4153858), (0.57173115, -0.7075154, 0.4153858), (0.57173115, -0.7075154, 0.4153858), (-0.571731, -0.707515, 0.41538686), (-0.571731, -0.707515, 0.41538686), (-0.571731, -0.707515, 0.41538686), (-0.571731, -0.707515, 0.41538686), (-0.21838048, -0.70751595, -0.67210937), (-0.21838048, -0.70751595, -0.67210937), (-0.21838048, -0.70751595, -0.67210937), (-0.21838048, -0.70751595, -0.67210937), (0.7066979, -0.7075155, 0), (0.7066979, -0.7075155, 0), (0.7066979, -0.7075155, 0), (0.7066979, -0.7075155, 0), (-0.21838139, -0.7075157, 0.6721094), (-0.21838139, -0.7075157, 0.6721094), (-0.21838139, -0.7075157, 0.6721094), (-0.21838139, -0.7075157, 0.6721094), (0.218381, -0.70751506, 0.67211026), (0.218381, -0.70751506, 0.67211026), (0.218381, -0.70751506, 0.67211026), (0.218381, -0.70751506, 0.67211026), (-0.5717306, -0.7075156, -0.41538626), (-0.5717306, -0.7075156, -0.41538626), (-0.5717306, -0.7075156, -0.41538626), (-0.5717306, -0.7075156, -0.41538626), (0.57173103, -0.7075156, -0.41538587), (0.57173103, -0.7075156, -0.41538587), (0.57173103, -0.7075156, -0.41538587), (0.57173103, -0.7075156, -0.41538587), (0.20112781, -0.75919795, -0.6190042), (0.20112781, -0.75919795, -0.6190042), (0.20112781, -0.75919795, -0.6190042), (0.20112781, -0.75919795, -0.6190042), (-0.4035124, -0.9149742, -2.596026e-7), (-0.4035124, -0.9149742, -2.596026e-7), (-0.4035124, -0.9149742, -2.596026e-7), (-0.4035124, -0.9149742, -2.596026e-7), (0.12469245, -0.91497445, -0.38376242), (0.12469245, -0.91497445, -0.38376242), (0.12469245, -0.91497445, -0.38376242), (0.12469245, -0.91497445, -0.38376242), (0.32644776, -0.9149746, 0.23717824), (0.32644776, -0.9149746, 0.23717824), (0.32644776, -0.9149746, 0.23717824), (0.32644776, -0.9149746, 0.23717824), (-0.32644767, -0.91497475, 0.23717767), (-0.32644767, -0.91497475, 0.23717767), (-0.32644767, -0.91497475, 0.23717767), (-0.32644767, -0.91497475, 0.23717767), (-0.12469219, -0.9149742, -0.38376296), (-0.12469219, -0.9149742, -0.38376296), (-0.12469219, -0.9149742, -0.38376296), (-0.12469219, -0.9149742, -0.38376296), (0.4035118, -0.9149745, 0), (0.4035118, -0.9149745, 0), (0.4035118, -0.9149745, 0), (0.4035118, -0.9149745, 0), (-0.12469225, -0.91497415, 0.38376316), (-0.12469225, -0.91497415, 0.38376316), (-0.12469225, -0.91497415, 0.38376316), (-0.12469225, -0.91497415, 0.38376316), (-0.32644778, -0.91497445, -0.23717844), (-0.32644778, -0.91497445, -0.23717844), (-0.32644778, -0.91497445, -0.23717844), (-0.32644778, -0.91497445, -0.23717844), (0.32644784, -0.9149743, -0.23717916), (0.32644784, -0.9149743, -0.23717916), (0.32644784, -0.9149743, -0.23717916), (0.32644784, -0.9149743, -0.23717916), (0, -1, 2.966573e-7), (0, -1, 2.966573e-7), (0, -1, 2.966573e-7), (0, -1, 2.966573e-7), (0, -1, 2.966573e-7), (0, -1, 2.966573e-7), (0, -1, 2.966573e-7), (0, -1, 2.966573e-7), (0, -1, 2.966573e-7), (0, -1, 2.966573e-7), (0.5265554, -0.75919807, 0.38256714), (0.5265554, -0.75919807, 0.38256714), (0.5265554, -0.75919807, 0.38256714), (0.5265554, -0.75919807, 0.38256714), (-0.5265558, -0.7591986, 0.3825658), (-0.5265558, -0.7591986, 0.3825658), (-0.5265558, -0.7591986, 0.3825658), (-0.5265558, -0.7591986, 0.3825658), (-0.20112774, -0.75920075, -0.61900073), (-0.20112774, -0.75920075, -0.61900073), (-0.20112774, -0.75920075, -0.61900073), (-0.20112774, -0.75920075, -0.61900073), (0.65085894, -0.7591986, -0.0000016128814), (0.65085894, -0.7591986, -0.0000016128814), (0.65085894, -0.7591986, -0.0000016128814), (0.65085894, -0.7591986, -0.0000016128814), (-0.20112678, -0.7591994, 0.61900276), (-0.20112678, -0.7591994, 0.61900276), (-0.20112678, -0.7591994, 0.61900276), (-0.20112678, -0.7591994, 0.61900276), (-0.52655476, -0.75919944, -0.3825654), (-0.52655476, -0.75919944, -0.3825654), (-0.52655476, -0.75919944, -0.3825654), (-0.52655476, -0.75919944, -0.3825654), (0.5265558, -0.7591986, -0.3825658), (0.5265558, -0.7591986, -0.3825658), (0.5265558, -0.7591986, -0.3825658), (0.5265558, -0.7591986, -0.3825658), (0.20112608, -0.75919855, 0.61900383), (0.20112608, -0.75919855, 0.61900383), (0.20112608, -0.75919855, 0.61900383), (0.20112608, -0.75919855, 0.61900383), (-0.6508599, -0.75919783, 0), (-0.6508599, -0.75919783, 0), (-0.6508599, -0.75919783, 0), (-0.6508599, -0.75919783, 0), (0.30901656, 0, 0.9510566), (0.30901656, 0, 0.9510566), (0.30901638, 0, 0.95105666), (0.30901638, 0, 0.95105666), (0.8090169, 0, 0.58778536), (0.8090169, 0, 0.58778536), (0.809017, 0, 0.5877852), (0.809017, 0, 0.5877852), (1, 0, 0), (1, 0, 0), (0.99999994, 0, 0), (0.99999994, 0, 0), (0.80901664, 0, -0.5877857), (0.80901664, 0, -0.5877857), (0.80901676, 0, -0.5877856), (0.80901676, 0, -0.5877856), (0.3090179, 0, -0.95105624), (0.3090179, 0, -0.95105624), (0.30901793, 0, -0.9510562), (0.30901793, 0, -0.9510562), (-0.30901796, 0, -0.95105624), (-0.30901796, 0, -0.95105624), (-0.30901778, 0, -0.95105624), (-0.30901778, 0, -0.95105624), (-0.8090167, 0, -0.58778566), (-0.8090167, 0, -0.58778566), (-0.8090168, 0, -0.5877855), (-0.8090168, 0, -0.5877855), (-1, 0, 0), (-1, 0, 0), (-1, 0, 0), (-1, 0, 0), (-0.70669734, 0.707516, 0), (-0.70669734, 0.707516, 0), (-0.70669734, 0.707516, 0), (-0.70669734, 0.707516, 0), (-0.30901688, 0, 0.95105654), (-0.30901688, 0, 0.95105654), (-0.30901673, 0, 0.95105666), (-0.30901673, 0, 0.95105666), (-0.8090169, -2.9119863e-7, 0.58778536), (-0.8090168, -2.9119866e-7, 0.58778536), (-0.809017, 0, 0.5877852), (-0.809017, 0, 0.5877852), (0.12469314, 0.91497374, 0.38376385), (0.12469314, 0.91497374, 0.38376385), (0.12469314, 0.91497374, 0.38376385), (0.12469314, 0.91497374, 0.38376385), (0.21838057, 0.7075158, -0.67210966), (0.21838057, 0.7075158, -0.67210966), (0.21838057, 0.7075158, -0.67210966), (0.21838057, 0.7075158, -0.67210966), (0.5717304, 0.7075161, 0.41538587), (0.5717304, 0.7075161, 0.41538587), (0.5717304, 0.7075161, 0.41538587), (0.5717304, 0.7075161, 0.41538587), (-0.57173026, 0.7075161, 0.41538614), (-0.57173026, 0.7075161, 0.41538614), (-0.57173026, 0.7075161, 0.41538614), (-0.57173026, 0.7075161, 0.41538614), (-0.2183806, 0.70751697, -0.67210835), (-0.2183806, 0.70751697, -0.67210835), (-0.2183806, 0.70751697, -0.67210835), (-0.2183806, 0.70751697, -0.67210835), (0.7066976, 0.70751584, 0.0000013450069), (0.7066976, 0.70751584, 0.0000013450069), (0.7066976, 0.70751584, 0.0000013450069), (0.7066976, 0.70751584, 0.0000013450069), (-0.21838155, 0.70751625, 0.67210895), (-0.21838155, 0.70751625, 0.67210895), (-0.21838155, 0.70751625, 0.67210895), (-0.21838155, 0.70751625, 0.67210895), (0.21838139, 0.70751643, 0.67210877), (0.21838139, 0.70751643, 0.67210877), (0.21838139, 0.70751643, 0.67210877), (0.21838139, 0.70751643, 0.67210877), (-0.57173026, 0.70751613, -0.41538596), (-0.57173026, 0.70751613, -0.41538596), (-0.57173026, 0.70751613, -0.41538596), (-0.57173026, 0.70751613, -0.41538596), (0.57172984, 0.7075154, -0.41538784), (0.57172984, 0.7075154, -0.41538784), (0.57172984, 0.7075154, -0.41538784), (0.57172984, 0.7075154, -0.41538784), (0.20112741, 0.7591983, -0.6190038), (0.20112741, 0.7591983, -0.6190038), (0.20112741, 0.7591983, -0.6190038), (0.20112741, 0.7591983, -0.6190038), (-0.40351334, 0.9149738, 0.0000013485192), (-0.40351334, 0.9149738, 0.0000013485192), (-0.40351334, 0.9149738, 0.0000013485192), (-0.40351334, 0.9149738, 0.0000013485192), (0.12469243, 0.9149742, -0.38376307), (0.12469243, 0.9149742, -0.38376307), (0.12469243, 0.9149742, -0.38376307), (0.12469243, 0.9149742, -0.38376307), (0.32644764, 0.9149746, 0.23717815), (0.32644764, 0.9149746, 0.23717815), (0.32644764, 0.9149746, 0.23717815), (0.32644764, 0.9149746, 0.23717815), (-0.32644868, 0.9149737, 0.23718013), (-0.32644868, 0.9149737, 0.23718013), (-0.32644868, 0.9149737, 0.23718013), (-0.32644868, 0.9149737, 0.23718013), (-0.12469217, 0.9149743, -0.38376293), (-0.12469217, 0.9149743, -0.38376293), (-0.12469217, 0.9149743, -0.38376293), (-0.12469217, 0.9149743, -0.38376293), (0.40351295, 0.9149739, 0), (0.40351295, 0.9149739, 0), (0.40351295, 0.9149739, 0), (0.40351295, 0.9149739, 0), (-0.12469232, 0.9149744, 0.38376272), (-0.12469232, 0.9149744, 0.38376272), (-0.12469232, 0.9149744, 0.38376272), (-0.12469232, 0.9149744, 0.38376272), (-0.32644778, 0.91497445, -0.23717844), (-0.32644778, 0.91497445, -0.23717844), (-0.32644778, 0.91497445, -0.23717844), (-0.32644778, 0.91497445, -0.23717844), (0.3264479, 0.9149743, -0.2371792), (0.3264479, 0.9149743, -0.2371792), (0.3264479, 0.9149743, -0.2371792), (0.3264479, 0.9149743, -0.2371792), (-3.9688183e-7, 1, -2.9665716e-7), (-3.9688183e-7, 1, -2.9665716e-7), (-3.9688183e-7, 1, -2.9665716e-7), (-3.9688183e-7, 1, -2.9665716e-7), (-3.9688183e-7, 1, -2.9665716e-7), (-3.9688183e-7, 1, -2.9665716e-7), (-3.9688183e-7, 1, -2.9665716e-7), (-3.9688183e-7, 1, -2.9665716e-7), (-3.9688183e-7, 1, -2.9665716e-7), (-3.9688183e-7, 1, -2.9665716e-7), (0.5265583, 0.75919753, 0.38256446), (0.5265583, 0.75919753, 0.38256446), (0.5265583, 0.75919753, 0.38256446), (0.5265583, 0.75919753, 0.38256446), (-0.5265565, 0.75919753, 0.38256675), (-0.5265565, 0.75919753, 0.38256675), (-0.5265565, 0.75919753, 0.38256675), (-0.5265565, 0.75919753, 0.38256675), (-0.20112765, 0.75919837, -0.61900365), (-0.20112765, 0.75919837, -0.61900365), (-0.20112765, 0.75919837, -0.61900365), (-0.20112765, 0.75919837, -0.61900365), (0.6508607, 0.7591972, 0.0000016128779), (0.6508607, 0.7591972, 0.0000016128779), (0.6508607, 0.7591972, 0.0000016128779), (0.6508607, 0.7591972, 0.0000016128779), (-0.20112616, 0.75919724, 0.6190057), (-0.20112616, 0.75919724, 0.6190057), (-0.20112616, 0.75919724, 0.6190057), (-0.20112616, 0.75919724, 0.6190057), (-0.52655596, 0.759198, -0.38256672), (-0.52655596, 0.759198, -0.38256672), (-0.52655596, 0.759198, -0.38256672), (-0.52655596, 0.759198, -0.38256672), (0.5265564, 0.75919706, -0.38256785), (0.5265564, 0.75919706, -0.38256785), (0.5265564, 0.75919706, -0.38256785), (0.5265564, 0.75919706, -0.38256785), (0.20112589, 0.75919783, 0.61900485), (0.20112589, 0.75919783, 0.61900485), (0.20112589, 0.75919783, 0.61900485), (0.20112589, 0.75919783, 0.61900485), (-0.6508603, 0.7591975, 0), (-0.6508603, 0.7591975, 0), (-0.6508603, 0.7591975, 0), (-0.6508603, 0.7591975, 0), (0.30901626, -2.2804278e-8, 0.9510568), (0.30901653, -3.3680786e-7, 0.95105666), (0.30901653, -3.3680786e-7, 0.95105666), (0.30901626, -2.2804377e-8, 0.9510568), (0.809017, 2.811914e-7, 0.58778524), (0.809017, 2.7118412e-7, 0.58778536), (0.809017, 2.7118412e-7, 0.58778536), (0.809017, 2.8119143e-7, 0.5877853), (1, -3.890174e-13, -6.962601e-7), (1, 2.9119863e-7, -7.3290533e-7), (1, 2.9119863e-7, -7.3290533e-7), (1, 5.4281466e-14, -6.962602e-7), (0.809017, 1.4559957e-7, -0.5877853), (0.8090169, 2.911989e-7, -0.5877853), (0.8090169, 2.911989e-7, -0.5877853), (0.809017, 1.4559933e-7, -0.58778524), (0.3090176, 7.2799715e-8, -0.9510563), (0.30901778, 2.9119875e-7, -0.95105624), (0.30901778, 2.9119875e-7, -0.95105624), (0.30901763, 7.2799686e-8, -0.95105636), (-0.30901775, 0, -0.95105624), (-0.30901745, 0, -0.9510564), (-0.30901745, 0, -0.9510564), (-0.30901775, 0, -0.95105624), (-0.80901706, 0, -0.58778507), (-0.8090173, 0, -0.58778495), (-0.8090173, 0, -0.58778495), (-0.80901706, 0, -0.58778507), (-1, -5.8239794e-7, 4.3974276e-7), (-1, 0, 5.863237e-7), (-1, 0, 5.863237e-7), (-1, -5.8239794e-7, 4.3974276e-7), (-0.7066985, -0.70751494, 6.7250306e-7), (-0.7066985, -0.70751494, 6.7250306e-7), (-0.7066985, -0.70751494, 6.7250306e-7), (-0.7066985, -0.70751494, 6.7250306e-7), (-0.30901623, 0, 0.95105684), (-0.30901638, 0, 0.95105666), (-0.30901638, 0, 0.95105666), (-0.30901623, 0, 0.95105684), (-0.8090172, -2.91199e-7, 0.587785), (-0.8090173, 0, 0.58778495), (-0.8090173, 0, 0.58778495), (-0.8090172, -2.9119892e-7, 0.58778495), (0.124692306, -0.9149741, 0.38376334), (0.124692306, -0.9149741, 0.38376334), (0.124692306, -0.9149741, 0.38376334), (0.124692306, -0.9149741, 0.38376334), (0.21838239, -0.7075145, -0.6721104), (0.21838239, -0.7075145, -0.6721104), (0.21838239, -0.7075145, -0.6721104), (0.21838239, -0.7075145, -0.6721104), (0.57173085, -0.7075152, 0.41538674), (0.57173085, -0.7075152, 0.41538674), (0.57173085, -0.7075152, 0.41538674), (0.57173085, -0.7075152, 0.41538674), (-0.5717313, -0.7075151, 0.4153864), (-0.5717313, -0.7075151, 0.4153864), (-0.5717313, -0.7075151, 0.4153864), (-0.5717313, -0.7075151, 0.4153864), (-0.21838194, -0.7075153, -0.6721097), (-0.21838194, -0.7075153, -0.6721097), (-0.21838194, -0.7075153, -0.6721097), (-0.21838194, -0.7075153, -0.6721097), (0.7066979, -0.7075155, 2.3051363e-7), (0.7066979, -0.7075155, 2.3051363e-7), (0.7066979, -0.7075155, 2.3051363e-7), (0.7066979, -0.7075155, 2.3051363e-7), (-0.21838139, -0.7075157, 0.6721094), (-0.21838139, -0.7075157, 0.6721094), (-0.21838139, -0.7075157, 0.6721094), (-0.21838139, -0.7075157, 0.6721094), (0.21838117, -0.7075152, 0.6721101), (0.21838117, -0.7075152, 0.6721101), (0.21838117, -0.7075152, 0.6721101), (0.21838117, -0.7075152, 0.6721101), (-0.5717304, -0.7075155, -0.41538692), (-0.5717304, -0.7075155, -0.41538692), (-0.5717304, -0.7075155, -0.41538692), (-0.5717304, -0.7075155, -0.41538692), (0.57173, -0.70751566, -0.41538712), (0.57173, -0.70751566, -0.41538712), (0.57173, -0.70751566, -0.41538712), (0.57173, -0.70751566, -0.41538712), (0.20112655, -0.7592001, -0.619002), (0.20112655, -0.7592001, -0.619002), (0.20112655, -0.7592001, -0.619002), (0.20112655, -0.7592001, -0.619002), (-0.40351212, -0.9149743, 0), (-0.40351212, -0.9149743, 0), (-0.40351212, -0.9149743, 0), (-0.40351212, -0.9149743, 0), (0.12469117, -0.91497517, -0.38376132), (0.12469117, -0.91497517, -0.38376132), (0.12469117, -0.91497517, -0.38376132), (0.12469117, -0.91497517, -0.38376132), (0.3264483, -0.9149743, 0.23717831), (0.3264483, -0.9149743, 0.23717831), (0.3264483, -0.9149743, 0.23717831), (0.3264483, -0.9149743, 0.23717831), (-0.32644793, -0.9149742, 0.23717922), (-0.32644793, -0.9149742, 0.23717922), (-0.32644793, -0.9149742, 0.23717922), (-0.32644793, -0.9149742, 0.23717922), (-0.12469102, -0.91497415, -0.38376352), (-0.12469102, -0.91497415, -0.38376352), (-0.12469102, -0.91497415, -0.38376352), (-0.12469102, -0.91497415, -0.38376352), (0.40351173, -0.9149746, 0), (0.40351173, -0.9149746, 0), (0.40351173, -0.9149746, 0), (0.40351173, -0.9149746, 0), (-0.12469232, -0.91497403, 0.38376337), (-0.12469232, -0.91497403, 0.38376337), (-0.12469232, -0.91497403, 0.38376337), (-0.12469232, -0.91497403, 0.38376337), (-0.3264479, -0.9149745, -0.23717803), (-0.3264479, -0.9149745, -0.23717803), (-0.3264479, -0.9149745, -0.23717803), (-0.3264479, -0.9149745, -0.23717803), (0.32644847, -0.91497445, -0.23717777), (0.32644847, -0.91497445, -0.23717777), (0.32644847, -0.91497445, -0.23717777), (0.32644847, -0.91497445, -0.23717777), (-4.90574e-7, -0.99999994, -1.4832875e-7), (-4.90574e-7, -0.99999994, -1.4832875e-7), (-4.90574e-7, -0.99999994, -1.4832875e-7), (-4.90574e-7, -0.99999994, -1.4832875e-7), (-4.90574e-7, -0.99999994, -1.4832875e-7), (-4.90574e-7, -0.99999994, -1.4832875e-7), (-4.90574e-7, -0.99999994, -1.4832875e-7), (-4.90574e-7, -0.99999994, -1.4832875e-7), (-4.90574e-7, -0.99999994, -1.4832875e-7), (-4.90574e-7, -0.99999994, -1.4832875e-7), (0.5265558, -0.759199, 0.382565), (0.5265558, -0.759199, 0.382565), (0.5265558, -0.759199, 0.382565), (0.5265558, -0.759199, 0.382565), (-0.52655476, -0.7592003, 0.3825638), (-0.52655476, -0.7592003, 0.3825638), (-0.52655476, -0.7592003, 0.3825638), (-0.52655476, -0.7592003, 0.3825638), (-0.20112602, -0.75920016, -0.61900204), (-0.20112602, -0.75920016, -0.61900204), (-0.20112602, -0.75920016, -0.61900204), (-0.20112602, -0.75920016, -0.61900204), (0.6508587, -0.75919884, 0), (0.6508587, -0.75919884, 0), (0.6508587, -0.75919884, 0), (0.6508587, -0.75919884, 0), (-0.2011265, -0.7592001, 0.61900187), (-0.2011265, -0.7592001, 0.61900187), (-0.2011265, -0.7592001, 0.61900187), (-0.2011265, -0.7592001, 0.61900187), (-0.52655524, -0.75919944, -0.3825646), (-0.52655524, -0.75919944, -0.3825646), (-0.52655524, -0.75919944, -0.3825646), (-0.52655524, -0.75919944, -0.3825646), (0.5265549, -0.7591999, -0.38256443), (0.5265549, -0.7591999, -0.38256443), (0.5265549, -0.7591999, -0.38256443), (0.5265549, -0.7591999, -0.38256443), (0.20112649, -0.7592003, 0.6190018), (0.20112649, -0.7592003, 0.6190018), (0.20112649, -0.7592003, 0.6190018), (0.20112649, -0.7592003, 0.6190018), (-0.6508576, -0.7591998, 0), (-0.6508576, -0.7591998, 0), (-0.6508576, -0.7591998, 0), (-0.6508576, -0.7591998, 0), (0.30901626, -2.2804278e-8, 0.9510568), (0.30901626, -2.2804377e-8, 0.9510568), (0.30901602, 2.9119929e-7, 0.95105684), (0.30901602, 2.9119929e-7, 0.95105684), (0.809017, 2.811914e-7, 0.58778524), (0.809017, 2.8119143e-7, 0.5877853), (0.809017, 2.9119872e-7, 0.5877852), (0.809017, 2.9119872e-7, 0.5877852), (1, -3.890174e-13, -6.962601e-7), (1, 5.4281466e-14, -6.962602e-7), (1, -2.9119897e-7, -6.5961495e-7), (1, -2.9119897e-7, -6.5961495e-7), (0.809017, 1.4559957e-7, -0.5877853), (0.809017, 1.4559933e-7, -0.58778524), (0.809017, 0, -0.5877852), (0.809017, 0, -0.5877852), (0.3090176, 7.2799715e-8, -0.9510563), (0.30901763, 7.2799686e-8, -0.95105636), (0.30901745, -1.4559939e-7, -0.95105636), (0.30901745, -1.4559939e-7, -0.95105636), (-0.30901775, 0, -0.95105624), (-0.30901775, 0, -0.95105624), (-0.3090181, 0, -0.9510561), (-0.3090181, 0, -0.9510561), (-0.80901706, 0, -0.58778507), (-0.80901706, 0, -0.58778507), (-0.809017, 0, -0.5877853), (-0.809017, 0, -0.5877853), (-1, -5.8239794e-7, 4.3974276e-7), (-1, -5.8239794e-7, 4.3974276e-7), (-1, -0.0000011647959, 2.9316183e-7), (-1, -0.0000011647959, 2.9316183e-7), (-0.7066978, 0.70751554, 0), (-0.7066978, 0.70751554, 0), (-0.7066978, 0.70751554, 0), (-0.7066978, 0.70751554, 0), (-0.30901623, 0, 0.95105684), (-0.30901623, 0, 0.95105684), (-0.30901602, 0, 0.95105684), (-0.30901602, 0, 0.95105684), (-0.8090172, -2.91199e-7, 0.587785), (-0.8090172, -2.9119892e-7, 0.58778495), (-0.80901706, -5.823979e-7, 0.58778507), (-0.80901706, -5.823979e-7, 0.58778507), (0.12469243, 0.9149742, 0.38376307), (0.12469243, 0.9149742, 0.38376307), (0.12469243, 0.9149742, 0.38376307), (0.12469243, 0.9149742, 0.38376307), (0.21838139, 0.7075154, -0.6721098), (0.21838139, 0.7075154, -0.6721098), (0.21838139, 0.7075154, -0.6721098), (0.21838139, 0.7075154, -0.6721098), (0.57173073, 0.70751536, 0.41538668), (0.57173073, 0.70751536, 0.41538668), (0.57173073, 0.70751536, 0.41538668), (0.57173073, 0.70751536, 0.41538668), (-0.57173073, 0.7075151, 0.415387), (-0.57173073, 0.7075151, 0.415387), (-0.57173073, 0.7075151, 0.415387), (-0.57173073, 0.7075151, 0.415387), (-0.21838182, 0.70751494, -0.67211), (-0.21838182, 0.70751494, -0.67211), (-0.21838182, 0.70751494, -0.67211), (-0.21838182, 0.70751494, -0.67211), (0.7066978, 0.7075156, -0.0000010087546), (0.7066978, 0.7075156, -0.0000010087546), (0.7066978, 0.7075156, -0.0000010087546), (0.7066978, 0.7075156, -0.0000010087546), (-0.21838124, 0.70751524, 0.67210996), (-0.21838124, 0.70751524, 0.67210996), (-0.21838124, 0.70751524, 0.67210996), (-0.21838124, 0.70751524, 0.67210996), (0.21838138, 0.7075152, 0.67211), (0.21838138, 0.7075152, 0.67211), (0.21838138, 0.7075152, 0.67211), (0.21838138, 0.7075152, 0.67211), (-0.5717305, 0.7075156, -0.41538665), (-0.5717305, 0.7075156, -0.41538665), (-0.5717305, 0.7075156, -0.41538665), (-0.5717305, 0.7075156, -0.41538665), (0.5717307, 0.70751625, -0.41538522), (0.5717307, 0.70751625, -0.41538522), (0.5717307, 0.70751625, -0.41538522), (0.5717307, 0.70751625, -0.41538522), (0.20112759, 0.75919855, -0.6190035), (0.20112759, 0.75919855, -0.6190035), (0.20112759, 0.75919855, -0.6190035), (0.20112759, 0.75919855, -0.6190035), (-0.40351096, 0.9149748, -6.742601e-7), (-0.40351096, 0.9149748, -6.742601e-7), (-0.40351096, 0.9149748, -6.742601e-7), (-0.40351096, 0.9149748, -6.742601e-7), (0.124690995, 0.9149742, -0.38376346), (0.124690995, 0.9149742, -0.38376346), (0.124690995, 0.9149742, -0.38376346), (0.124690995, 0.9149742, -0.38376346), (0.32644826, 0.91497445, 0.23717812), (0.32644826, 0.91497445, 0.23717812), (0.32644826, 0.91497445, 0.23717812), (0.32644826, 0.91497445, 0.23717812), (-0.3264465, 0.9149748, 0.23717916), (-0.3264465, 0.9149748, 0.23717916), (-0.3264465, 0.9149748, 0.23717916), (-0.3264465, 0.9149748, 0.23717916), (-0.12469103, 0.9149745, -0.3837629), (-0.12469103, 0.9149745, -0.3837629), (-0.12469103, 0.9149745, -0.3837629), (-0.12469103, 0.9149745, -0.3837629), (0.40351254, 0.9149742, 0), (0.40351254, 0.9149742, 0), (0.40351254, 0.9149742, 0), (0.40351254, 0.9149742, 0), (-0.124692366, 0.91497433, 0.38376284), (-0.124692366, 0.91497433, 0.38376284), (-0.124692366, 0.91497433, 0.38376284), (-0.124692366, 0.91497433, 0.38376284), (-0.326448, 0.9149745, -0.2371781), (-0.326448, 0.9149745, -0.2371781), (-0.326448, 0.9149745, -0.2371781), (-0.326448, 0.9149745, -0.2371781), (0.32644886, 0.9149742, -0.23717806), (0.32644886, 0.9149742, -0.23717806), (0.32644886, 0.9149742, -0.23717806), (0.32644886, 0.9149742, -0.23717806), (4.9057365e-7, 1, 2.966573e-7), (4.9057365e-7, 1, 2.966573e-7), (4.9057365e-7, 1, 2.966573e-7), (4.9057365e-7, 1, 2.966573e-7), (4.9057365e-7, 1, 2.966573e-7), (4.9057365e-7, 1, 2.966573e-7), (4.9057365e-7, 1, 2.966573e-7), (4.9057365e-7, 1, 2.966573e-7), (4.9057365e-7, 1, 2.966573e-7), (4.9057365e-7, 1, 2.966573e-7), (0.5265571, 0.759197, 0.3825672), (0.5265571, 0.759197, 0.3825672), (0.5265571, 0.759197, 0.3825672), (0.5265571, 0.759197, 0.3825672), (-0.526556, 0.75919914, 0.38256434), (-0.526556, 0.75919914, 0.38256434), (-0.526556, 0.75919914, 0.38256434), (-0.526556, 0.75919914, 0.38256434), (-0.20112732, 0.7591979, -0.61900425), (-0.20112732, 0.7591979, -0.61900425), (-0.20112732, 0.7591979, -0.61900425), (-0.20112732, 0.7591979, -0.61900425), (0.65085787, 0.7591997, -0.0000016128828), (0.65085787, 0.7591997, -0.0000016128828), (0.65085787, 0.7591997, -0.0000016128828), (0.65085787, 0.7591997, -0.0000016128828), (-0.20112877, 0.75919735, 0.6190046), (-0.20112877, 0.75919735, 0.6190046), (-0.20112877, 0.75919735, 0.6190046), (-0.20112877, 0.75919735, 0.6190046), (-0.5265563, 0.7591986, -0.382565), (-0.5265563, 0.7591986, -0.382565), (-0.5265563, 0.7591986, -0.382565), (-0.5265563, 0.7591986, -0.382565), (0.5265567, 0.75919896, -0.38256365), (0.5265567, 0.75919896, -0.38256365), (0.5265567, 0.75919896, -0.38256365), (0.5265567, 0.75919896, -0.38256365), (0.20112897, 0.75919807, 0.61900353), (0.20112897, 0.75919807, 0.61900353), (0.20112897, 0.75919807, 0.61900353), (0.20112897, 0.75919807, 0.61900353), (-0.6508597, 0.759198, 0), (-0.6508597, 0.759198, 0), (-0.6508597, 0.759198, 0), (-0.6508597, 0.759198, 0)] (
                interpolation = "faceVarying"
            )
            point3f[] points = [(-0.3730383, 0.68930215, -0.7925741), (-0.27635553, 0.68930215, -0.8239882), (-0.21660231, 0.68930215, -0.90623146), (-0.21660231, 0.68930215, -1.0078897), (-0.27635553, 0.68930215, -1.090133), (-0.3730383, 0.68930215, -1.1215471), (-0.46972096, 0.68930215, -1.090133), (-0.5294742, 0.68930215, -1.0078897), (-0.5294742, 0.68930215, -0.90623146), (-0.46972093, 0.68930215, -0.8239882), (-0.30418912, 0.6443185, -0.86229783), (-0.3730383, 0.6443185, -0.8399274), (-0.26163796, 0.6443185, -0.92086446), (-0.26163796, 0.6443185, -0.99325675), (-0.30418912, 0.6443185, -1.0518234), (-0.3730383, 0.6443185, -1.0741937), (-0.4418874, 0.6443185, -1.0518233), (-0.4844385, 0.6443185, -0.99325675), (-0.4844385, 0.6443185, -0.9208644), (-0.44188738, 0.6443185, -0.86229783), (-0.33098102, 0.66343635, -0.89917374), (-0.3730383, 0.66343635, -0.8855085), (-0.30498812, 0.66343635, -0.93494976), (-0.30498815, 0.66343635, -0.9791714), (-0.33098102, 0.66343635, -1.0149474), (-0.3730383, 0.66343635, -1.0286127), (-0.41509554, 0.66343635, -1.0149474), (-0.44108832, 0.66343635, -0.9791714), (-0.44108832, 0.66343635, -0.93494976), (-0.41509548, 0.66343635, -0.89917374), (-0.34586996, 0.6427833, -0.91966665), (-0.3730383, 0.6427833, -0.9108392), (-0.32907906, 0.6427833, -0.9427774), (-0.32907906, 0.6427833, -0.97134376), (-0.34586996, 0.6427833, -0.9944545), (-0.3730382, 0.6427833, -1.003282), (-0.4002065, 0.6427833, -0.9944545), (-0.4169974, 0.6427833, -0.9713438), (-0.4169974, 0.6427833, -0.9427774), (-0.4002065, 0.6427833, -0.91966665), (-0.3730383, 0.81514484, -0.7925741), (-0.27635553, 0.81514484, -0.8239882), (-0.21660231, 0.81514484, -0.90623146), (-0.21660231, 0.8151449, -1.0078897), (-0.27635553, 0.8151448, -1.090133), (-0.3730383, 0.81514484, -1.1215471), (-0.46972096, 0.81514484, -1.090133), (-0.5294742, 0.81514484, -1.0078897), (-0.5294742, 0.81514484, -0.90623146), (-0.46972096, 0.81514484, -0.8239882), (-0.3730383, 0.7522235, -0.7925741), (-0.27635553, 0.7522235, -0.8239882), (-0.21660231, 0.7522235, -0.90623146), (-0.21660231, 0.7522235, -1.0078897), (-0.27635553, 0.7522235, -1.090133), (-0.3730383, 0.7522235, -1.1215471), (-0.46972096, 0.7522235, -1.090133), (-0.5294742, 0.7522235, -1.0078897), (-0.5294742, 0.7522235, -0.90623146), (-0.46972096, 0.7522235, -0.8239882), (-0.30418912, 0.8601284, -0.86229783), (-0.3730383, 0.8601284, -0.8399274), (-0.26163796, 0.8601284, -0.92086446), (-0.26163796, 0.8601285, -0.99325675), (-0.30418915, 0.8601284, -1.0518234), (-0.3730383, 0.8601284, -1.0741937), (-0.44188744, 0.8601284, -1.0518233), (-0.48443854, 0.8601284, -0.99325675), (-0.48443854, 0.8601284, -0.92086446), (-0.44188738, 0.8601284, -0.86229783), (-0.33098102, 0.8410106, -0.89917374), (-0.3730383, 0.8410106, -0.8855085), (-0.30498815, 0.8410106, -0.93494976), (-0.3049882, 0.8410106, -0.9791714), (-0.33098102, 0.8410106, -1.0149474), (-0.3730383, 0.8410106, -1.0286127), (-0.41509557, 0.8410106, -1.0149474), (-0.44108838, 0.8410106, -0.9791714), (-0.44108838, 0.8410106, -0.93494976), (-0.4150955, 0.8410106, -0.89917374), (-0.34586996, 0.86166376, -0.91966665), (-0.3730383, 0.8616637, -0.9108392), (-0.32907906, 0.8616637, -0.9427774), (-0.32907906, 0.86166376, -0.9713438), (-0.34586996, 0.8616637, -0.9944545), (-0.3730383, 0.8616637, -1.003282), (-0.40020654, 0.8616637, -0.9944545), (-0.41699743, 0.8616637, -0.9713438), (-0.41699743, 0.8616637, -0.9427774), (-0.40020654, 0.8616637, -0.91966665), (-0.37303814, -0.8157343, -0.79257405), (-0.2763554, -0.8157343, -0.82398814), (-0.21660216, -0.8157343, -0.9062314), (-0.21660225, -0.81573445, -1.0078896), (-0.27635542, -0.8157342, -1.0901328), (-0.37303817, -0.8157343, -1.121547), (-0.4697209, -0.8157343, -1.0901328), (-0.5294741, -0.8157343, -1.0078896), (-0.529474, -0.8157343, -0.90623134), (-0.46972084, -0.8157343, -0.8239881), (-0.304189, -0.86071795, -0.8622977), (-0.37303814, -0.86071795, -0.8399273), (-0.2616378, -0.86071795, -0.92086434), (-0.2616379, -0.86071795, -0.9932566), (-0.304189, -0.86071795, -1.0518233), (-0.37303814, -0.86071795, -1.0741937), (-0.44188732, -0.86071795, -1.0518233), (-0.48443842, -0.86071795, -0.9932566), (-0.48443842, -0.86071795, -0.92086434), (-0.44188732, -0.86071795, -0.8622977), (-0.33098087, -0.8416001, -0.8991736), (-0.37303814, -0.8416001, -0.88550836), (-0.3049881, -0.8416001, -0.9349497), (-0.3049881, -0.8416001, -0.97917134), (-0.33098087, -0.8416001, -1.0149474), (-0.37303814, -0.8416001, -1.0286126), (-0.41509545, -0.8416001, -1.0149474), (-0.44108823, -0.8416001, -0.9791713), (-0.44108823, -0.8416001, -0.93494964), (-0.41509542, -0.8416001, -0.8991736), (-0.3458699, -0.8622531, -0.9196666), (-0.37303814, -0.8622531, -0.9108391), (-0.329079, -0.8622531, -0.9427773), (-0.329079, -0.86225325, -0.9713437), (-0.3458699, -0.8622531, -0.9944544), (-0.37303814, -0.8622531, -1.003282), (-0.4002064, -0.8622531, -0.9944544), (-0.4169973, -0.8622531, -0.9713437), (-0.4169973, -0.8622531, -0.9427773), (-0.4002064, -0.8622531, -0.9196666), (-0.37303814, -0.68989164, -0.79257405), (-0.27635545, -0.68989164, -0.82398814), (-0.21660218, -0.68989164, -0.9062314), (-0.21660225, -0.68989164, -1.0078896), (-0.27635545, -0.6898915, -1.0901328), (-0.37303817, -0.68989164, -1.121547), (-0.4697209, -0.68989164, -1.0901328), (-0.5294741, -0.68989164, -1.0078896), (-0.5294741, -0.68989164, -0.90623134), (-0.46972084, -0.68989164, -0.8239881), (-0.37303814, -0.7528129, -0.79257405), (-0.27635548, -0.7528129, -0.8239881), (-0.21660219, -0.7528129, -0.90623134), (-0.21660225, -0.75281304, -1.0078896), (-0.27635548, -0.7528129, -1.0901328), (-0.37303817, -0.7528129, -1.121547), (-0.4697209, -0.7528129, -1.0901328), (-0.5294741, -0.7528129, -1.0078896), (-0.529474, -0.7528129, -0.90623134), (-0.46972084, -0.7528129, -0.8239881), (-0.304189, -0.644908, -0.8622977), (-0.37303814, -0.644908, -0.8399273), (-0.26163787, -0.644908, -0.92086434), (-0.2616379, -0.64490813, -0.9932566), (-0.30418903, -0.644908, -1.0518233), (-0.37303817, -0.644908, -1.0741937), (-0.44188732, -0.644908, -1.0518233), (-0.48443842, -0.644908, -0.9932566), (-0.48443842, -0.644908, -0.92086434), (-0.44188732, -0.644908, -0.8622977), (-0.33098093, -0.66402584, -0.8991736), (-0.37303814, -0.66402584, -0.88550836), (-0.3049881, -0.66402584, -0.9349497), (-0.3049881, -0.66402584, -0.97917134), (-0.3309809, -0.66402584, -1.0149474), (-0.37303817, -0.66402584, -1.0286126), (-0.41509545, -0.66402584, -1.0149474), (-0.44108826, -0.66402584, -0.97917134), (-0.44108826, -0.66402584, -0.93494964), (-0.41509545, -0.66402584, -0.8991736), (-0.3458699, -0.6433727, -0.9196666), (-0.37303817, -0.6433727, -0.9108391), (-0.329079, -0.6433727, -0.9427773), (-0.329079, -0.64337283, -0.9713437), (-0.3458699, -0.6433727, -0.9944544), (-0.37303817, -0.6433727, -1.003282), (-0.40020642, -0.6433727, -0.9944544), (-0.4169973, -0.6433727, -0.9713437), (-0.4169973, -0.6433727, -0.9427773), (-0.40020642, -0.6433727, -0.9196666)]
            uniform token subdivisionScheme = "none"
            custom string userProperties:blender:data_name = "Cylinder.006"
        }
    }
}

