#usda 1.0
(
    defaultPrim = "root"
    doc = "Blender v5.1.2"
    metersPerUnit = 1
    upAxis = "Y"
)

def Xform "root" (
    customData = {
        dictionary Blender = {
            bool generated = 1
        }
    }
)
{
    float3 xformOp:rotateXYZ = (-90, -0, 0)
    uniform token[] xformOpOrder = ["xformOp:rotateXYZ"]

    def Xform "Prop_MetalFence_Simple"
    {
        custom string userProperties:blender:object_name = "Prop_MetalFence_Simple"

        def Mesh "Torus_011" (
            active = true
            prepend apiSchemas = ["MaterialBindingAPI"]
        )
        {
            uniform bool doubleSided = 1
            float3[] extent = [(-0.97010565, -0.078029, -1.1920929e-7), (0.97899824, 0.078028984, 2.8683503)]
            int[] faceVertexCounts = [4, 4, 4, 4, 4, 4, 4, 4, 4, 4, 4, 4, 4, 4, 4, 4, 4, 4, 4, 4, 4, 4, 4, 4, 4, 4, 4, 4, 4, 4, 4, 4, 4, 4, 4, 4, 4, 4, 4, 4, 4, 4, 4, 4, 4, 4, 4, 4, 4, 4, 12, 4, 4, 4, 4, 4, 4, 4, 4, 4, 4, 4, 4, 4, 4, 4, 4, 4, 3, 4, 3, 3, 4, 4, 4, 4, 4, 4, 4, 4, 4, 4, 4, 4, 4, 4, 4, 4, 3, 4, 4, 4, 4, 4, 4, 4, 4, 4, 4, 4, 4, 4, 4, 4, 4, 4, 4, 4, 4, 4, 4, 4, 4, 4, 4, 4, 4, 4, 12, 4, 4, 4, 4, 4, 4, 4, 4, 4, 4, 4, 4, 4, 4, 4, 4, 4, 4, 4, 4, 4, 4, 4, 4, 4, 4, 4, 4, 4, 4, 4, 4, 4, 4, 4, 4, 4, 4, 4, 4, 4, 4, 4, 4, 4, 4, 4, 4, 4, 4, 4, 4, 4, 4, 4, 4, 4, 4, 4, 4, 4, 12, 4, 4, 4, 4, 4, 4, 4, 4, 4, 4, 4, 4, 4, 4, 4, 4, 4, 3, 4, 3, 3, 4, 4, 4, 4, 4, 4, 4, 4, 4, 4, 4, 4, 4, 4, 4, 4, 3, 4, 4, 4, 4, 4, 4, 4, 4, 4, 4, 4, 4, 4, 4, 4, 4, 4, 4, 4, 4, 4, 4, 4, 4, 4, 4, 4, 4, 4, 12, 4, 4, 4, 4, 4, 4, 4, 4, 4, 4, 4, 4, 4, 4, 4, 4, 4, 4, 4, 4, 4, 4, 4, 4, 4, 4, 4, 4, 4, 4, 4, 4, 4, 4, 4, 4, 4, 4, 4, 4, 4, 4, 4, 4, 4, 4, 4, 4, 4, 4, 4, 4, 4, 4, 4, 4, 4, 4, 4, 4, 4, 12, 4, 4, 4, 4, 4, 4, 4, 4, 4, 4, 4, 4, 4, 4, 4, 4, 4, 3, 4, 3, 3, 4, 4, 4, 4, 4, 4, 4, 4, 4, 4, 4, 4, 4, 4, 4, 4, 3, 4, 4, 4, 4, 4, 4, 4, 4, 4, 4, 4, 4, 4, 4, 4, 4, 4, 4, 4, 4, 4, 4, 4, 4, 4, 4, 4, 4, 4, 12, 4, 4, 4, 4, 4, 4, 4, 4, 4, 4, 4, 4, 4, 4, 4, 4, 4, 4, 4, 4, 4, 4, 4, 4, 4, 4, 4, 4, 4, 4, 4, 4, 4, 4, 4, 4, 4, 4, 4, 4, 4, 4, 4, 4, 4, 4, 4, 4, 4, 4, 4, 4, 4, 4, 4, 4, 4, 4, 4, 4, 4, 12, 4, 4, 4, 4, 4, 4, 4, 4, 4, 4, 4, 4, 4, 4, 4, 4, 4, 3, 4, 3, 3, 4, 4, 4, 4, 4, 4, 4, 4, 4, 4, 4, 4, 4, 4, 4, 4, 3, 4, 4, 4, 4, 4, 4, 4, 4, 4, 4, 4, 4, 4, 4, 4, 4, 4, 4, 4, 4, 4, 4, 4, 4, 4, 4, 4, 4, 4, 12, 4, 4, 4, 4, 4, 4, 4, 4, 4, 4, 4, 4, 4, 4, 4, 4, 4, 4, 4, 4, 4, 4, 4, 4, 4, 4, 4, 4, 4, 4, 4, 4, 4, 4, 4, 4, 4, 4, 4, 4, 4, 4, 4, 4, 4, 4, 4, 4, 4, 4, 4, 4, 4, 4, 4, 4, 4, 4, 4, 4, 4, 12, 4, 4, 4, 4, 4, 4, 4, 4, 4, 4, 4, 4, 4, 4, 4, 4, 4, 3, 4, 3, 3, 4, 4, 4, 4, 4, 4, 4, 4, 4, 4, 4, 4, 4, 4, 4, 4, 3, 4, 4, 4, 4, 4, 4, 4, 4, 4, 4, 4, 4, 4, 4, 4, 4, 4, 4, 4, 4, 4, 4, 4, 4, 4, 4, 4, 4, 4, 12, 4, 4, 4, 4, 4, 4, 4, 4, 4, 4, 4, 4, 4, 4, 4, 4, 4, 4, 4, 4, 4, 4, 4, 4, 4, 4, 4, 4, 4, 4, 4, 4, 4, 4, 4, 4, 4, 4, 4, 4, 4, 4, 4, 4, 4, 4, 4, 4, 4, 4, 4, 4, 4, 4, 4, 4, 4, 4, 4, 4, 4, 12, 4, 4, 4, 4, 4, 4, 4, 4, 4, 4, 4, 4, 4, 4, 4, 4, 4, 3, 4, 3, 3, 4, 4, 4, 4, 4, 4, 4, 4, 4, 4, 4, 4, 4, 4, 4, 4, 3, 4, 4, 4, 4, 4, 4, 4, 4, 4, 4, 4, 4, 4, 4, 4, 4, 4, 4, 4, 4, 4, 4, 4, 4, 4, 4, 4, 4, 4, 12, 4, 4, 4, 4, 4, 4, 4, 4, 4, 4, 4, 4, 4, 4, 4, 4, 4, 4, 4, 4, 4, 4, 4, 4, 4, 4, 4, 4, 4, 4, 4, 4, 4, 4, 4, 4, 4, 4, 4, 4, 4, 4, 4, 4, 4, 4, 4, 4, 4, 4, 4, 4, 4, 4, 4, 4, 4, 4, 4, 4, 4, 12, 4, 4, 4, 4, 4, 4, 4, 4, 4, 4, 4, 4, 4, 4, 4, 4, 4, 3, 4, 3, 3, 4, 4, 4, 4, 4, 4, 4, 4, 4, 4, 4, 4, 4, 4, 4, 4, 3, 4, 4, 4, 4, 4, 4, 4, 4, 4, 4, 4, 4, 4, 4, 4, 4, 4, 4, 4, 4, 4, 4, 4, 4, 4, 4, 4, 4, 4, 12, 4, 4, 4, 4, 4, 4, 4, 4, 4, 4, 4, 4, 4, 4, 4, 4, 4, 4, 4, 4, 4, 4, 4, 4, 4, 4, 4, 4, 4, 4, 4, 4, 4, 4, 4, 4, 4, 4, 4, 4, 4, 4, 4, 4, 4, 4, 4, 4, 4, 4, 4, 4, 4, 4, 4, 4, 4, 4, 4, 4, 4, 12, 4, 4, 4, 4, 4, 4, 4, 4, 4, 4, 4, 4, 4, 4, 4, 4, 4, 3, 4, 3, 3, 4, 4, 4, 4, 4, 4, 4, 4, 4, 4, 4, 4, 4, 4, 4, 4, 3, 4, 4, 4, 4, 4, 4, 4, 4, 4, 4, 4, 4, 4, 4, 4, 4, 4, 4, 4, 4, 4, 4, 4, 4, 4, 4, 4, 4, 4, 12, 4, 4, 4, 4, 4, 4, 4, 4, 4, 4, 4, 4, 4, 4, 4, 4, 4, 4, 4, 4, 4, 4, 4, 4, 4, 4, 4, 4, 4, 4, 4, 4, 4, 4, 4, 4, 4, 4, 4, 4, 4, 4, 4, 4, 4, 4, 4, 4, 4, 4, 4, 4, 4, 4, 4, 4, 4, 4, 4, 4, 4, 12, 4, 4, 4, 4, 4, 4, 4, 4, 4, 4, 4, 4, 4, 4, 4, 4, 4, 3, 4, 3, 3, 4, 4, 4, 4, 4, 4, 4, 4, 4, 4, 4, 4, 4, 4, 4, 4, 3, 4, 4, 4, 4, 4, 4, 4, 4, 4, 4, 4, 4, 4, 4, 4, 4, 4, 4, 4, 4, 4, 4, 4, 4, 4, 4, 4, 4, 4, 12, 4, 4, 4, 4, 4, 4, 4, 4, 4, 4, 4, 4, 4, 4, 4, 4, 4, 4, 4, 4, 4, 4, 4, 4, 4, 4, 4, 4, 4, 4, 4, 4, 4, 4, 4, 4, 4, 4, 4, 4, 4, 4, 4, 4, 4, 4, 4, 4, 4, 4, 4, 4, 4, 4, 4, 4, 4, 4, 4, 4, 4, 12, 4, 4, 4, 4, 4, 4, 4, 4, 4, 4, 4, 4, 4, 4, 4, 4, 4, 3, 4, 3, 3, 4, 4, 4, 4, 4, 4, 4, 4, 4, 4, 4, 4, 4, 4, 4, 4, 3, 4, 4, 4, 4, 4, 4, 4, 4, 4, 4, 4, 4, 4, 4, 4, 4, 4, 4, 4, 4, 4, 4, 4, 4, 4, 4, 4, 4, 4, 12, 4, 4, 4, 4, 4, 4, 4, 4, 4, 4, 4, 4, 4, 4, 4, 4, 4, 4, 4, 4, 4, 4, 4]
            int[] faceVertexIndices = [22, 46, 25, 0, 4, 28, 30, 6, 6, 30, 32, 8, 8, 32, 34, 10, 10, 34, 36, 12, 12, 36, 38, 14, 14, 38, 40, 16, 16, 40, 42, 18, 18, 42, 44, 20, 20, 44, 46, 22, 5, 3, 48, 50, 0, 25, 26, 2, 22, 0, 129, 140, 2, 26, 28, 4, 45, 21, 23, 47, 43, 19, 21, 45, 41, 17, 19, 43, 39, 15, 17, 41, 37, 13, 15, 39, 35, 11, 13, 37, 33, 9, 11, 35, 31, 7, 9, 33, 29, 5, 7, 31, 27, 3, 5, 29, 24, 1, 3, 27, 117, 118, 25, 46, 119, 117, 46, 44, 120, 119, 44, 42, 121, 120, 42, 40, 122, 121, 40, 38, 123, 122, 38, 36, 124, 123, 36, 34, 125, 124, 34, 32, 126, 125, 32, 30, 127, 126, 30, 28, 128, 127, 28, 26, 118, 128, 26, 25, 47, 23, 1, 24, 53, 52, 64, 65, 19, 17, 56, 57, 9, 7, 51, 52, 23, 21, 58, 59, 13, 11, 53, 54, 3, 1, 49, 48, 17, 15, 55, 56, 7, 5, 50, 51, 21, 19, 57, 58, 11, 9, 52, 53, 1, 23, 59, 49, 15, 13, 54, 55, 60, 61, 71, 70, 69, 68, 67, 66, 65, 64, 63, 62, 49, 59, 71, 61, 50, 48, 60, 62, 57, 56, 68, 69, 54, 53, 65, 66, 51, 50, 62, 63, 58, 57, 69, 70, 55, 54, 66, 67, 52, 51, 63, 64, 59, 58, 70, 71, 48, 49, 61, 60, 56, 55, 67, 68, 76, 113, 102, 72, 78, 109, 113, 76, 72, 102, 105, 74, 75, 73, 97, 82, 73, 77, 91, 97, 79, 75, 82, 86, 96, 92, 80, 77, 79, 86, 91, 92, 87, 80, 87, 81, 80, 92, 96, 98, 95, 95, 98, 99, 94, 94, 99, 100, 93, 93, 100, 97, 91, 96, 81, 83, 98, 98, 83, 84, 99, 99, 84, 85, 100, 100, 85, 82, 97, 87, 92, 95, 90, 90, 95, 94, 89, 89, 94, 93, 88, 88, 93, 91, 86, 81, 87, 90, 83, 83, 90, 89, 84, 84, 89, 88, 85, 85, 88, 86, 82, 81, 96, 80, 74, 105, 109, 78, 110, 79, 77, 114, 106, 75, 79, 110, 101, 73, 75, 106, 114, 101, 103, 116, 116, 103, 104, 115, 115, 104, 102, 113, 110, 114, 116, 112, 112, 116, 115, 111, 111, 115, 113, 109, 106, 110, 112, 108, 108, 112, 111, 107, 107, 111, 109, 105, 101, 106, 108, 103, 103, 108, 107, 104, 104, 107, 105, 102, 114, 77, 73, 101, 24, 27, 128, 118, 27, 29, 127, 128, 29, 31, 126, 127, 31, 33, 125, 126, 33, 35, 124, 125, 35, 37, 123, 124, 37, 39, 122, 123, 39, 41, 121, 122, 41, 43, 120, 121, 43, 45, 119, 120, 45, 47, 117, 119, 47, 24, 118, 117, 129, 130, 131, 132, 133, 134, 135, 136, 137, 138, 139, 140, 12, 14, 136, 135, 2, 4, 131, 130, 16, 18, 138, 137, 6, 8, 133, 132, 20, 22, 140, 139, 10, 12, 135, 134, 0, 2, 130, 129, 14, 16, 137, 136, 4, 6, 132, 131, 18, 20, 139, 138, 8, 10, 134, 133, 163, 187, 166, 141, 145, 169, 171, 147, 147, 171, 173, 149, 149, 173, 175, 151, 151, 175, 177, 153, 153, 177, 179, 155, 155, 179, 181, 157, 157, 181, 183, 159, 159, 183, 185, 161, 161, 185, 187, 163, 146, 144, 189, 191, 141, 166, 167, 143, 163, 141, 270, 281, 143, 167, 169, 145, 186, 162, 164, 188, 184, 160, 162, 186, 182, 158, 160, 184, 180, 156, 158, 182, 178, 154, 156, 180, 176, 152, 154, 178, 174, 150, 152, 176, 172, 148, 150, 174, 170, 146, 148, 172, 168, 144, 146, 170, 165, 142, 144, 168, 258, 259, 166, 187, 260, 258, 187, 185, 261, 260, 185, 183, 262, 261, 183, 181, 263, 262, 181, 179, 264, 263, 179, 177, 265, 264, 177, 175, 266, 265, 175, 173, 267, 266, 173, 171, 268, 267, 171, 169, 269, 268, 169, 167, 259, 269, 167, 166, 188, 164, 142, 165, 194, 193, 205, 206, 160, 158, 197, 198, 150, 148, 192, 193, 164, 162, 199, 200, 154, 152, 194, 195, 144, 142, 190, 189, 158, 156, 196, 197, 148, 146, 191, 192, 162, 160, 198, 199, 152, 150, 193, 194, 142, 164, 200, 190, 156, 154, 195, 196, 201, 202, 212, 211, 210, 209, 208, 207, 206, 205, 204, 203, 190, 200, 212, 202, 191, 189, 201, 203, 198, 197, 209, 210, 195, 194, 206, 207, 192, 191, 203, 204, 199, 198, 210, 211, 196, 195, 207, 208, 193, 192, 204, 205, 200, 199, 211, 212, 189, 190, 202, 201, 197, 196, 208, 209, 217, 254, 243, 213, 219, 250, 254, 217, 213, 243, 246, 215, 216, 214, 238, 223, 214, 218, 232, 238, 220, 216, 223, 227, 237, 233, 221, 218, 220, 227, 232, 233, 228, 221, 228, 222, 221, 233, 237, 239, 236, 236, 239, 240, 235, 235, 240, 241, 234, 234, 241, 238, 232, 237, 222, 224, 239, 239, 224, 225, 240, 240, 225, 226, 241, 241, 226, 223, 238, 228, 233, 236, 231, 231, 236, 235, 230, 230, 235, 234, 229, 229, 234, 232, 227, 222, 228, 231, 224, 224, 231, 230, 225, 225, 230, 229, 226, 226, 229, 227, 223, 222, 237, 221, 215, 246, 250, 219, 251, 220, 218, 255, 247, 216, 220, 251, 242, 214, 216, 247, 255, 242, 244, 257, 257, 244, 245, 256, 256, 245, 243, 254, 251, 255, 257, 253, 253, 257, 256, 252, 252, 256, 254, 250, 247, 251, 253, 249, 249, 253, 252, 248, 248, 252, 250, 246, 242, 247, 249, 244, 244, 249, 248, 245, 245, 248, 246, 243, 255, 218, 214, 242, 165, 168, 269, 259, 168, 170, 268, 269, 170, 172, 267, 268, 172, 174, 266, 267, 174, 176, 265, 266, 176, 178, 264, 265, 178, 180, 263, 264, 180, 182, 262, 263, 182, 184, 261, 262, 184, 186, 260, 261, 186, 188, 258, 260, 188, 165, 259, 258, 270, 271, 272, 273, 274, 275, 276, 277, 278, 279, 280, 281, 153, 155, 277, 276, 143, 145, 272, 271, 157, 159, 279, 278, 147, 149, 274, 273, 161, 163, 281, 280, 151, 153, 276, 275, 141, 143, 271, 270, 155, 157, 278, 277, 145, 147, 273, 272, 159, 161, 280, 279, 149, 151, 275, 274, 304, 328, 307, 282, 286, 310, 312, 288, 288, 312, 314, 290, 290, 314, 316, 292, 292, 316, 318, 294, 294, 318, 320, 296, 296, 320, 322, 298, 298, 322, 324, 300, 300, 324, 326, 302, 302, 326, 328, 304, 287, 285, 330, 332, 282, 307, 308, 284, 304, 282, 411, 422, 284, 308, 310, 286, 327, 303, 305, 329, 325, 301, 303, 327, 323, 299, 301, 325, 321, 297, 299, 323, 319, 295, 297, 321, 317, 293, 295, 319, 315, 291, 293, 317, 313, 289, 291, 315, 311, 287, 289, 313, 309, 285, 287, 311, 306, 283, 285, 309, 399, 400, 307, 328, 401, 399, 328, 326, 402, 401, 326, 324, 403, 402, 324, 322, 404, 403, 322, 320, 405, 404, 320, 318, 406, 405, 318, 316, 407, 406, 316, 314, 408, 407, 314, 312, 409, 408, 312, 310, 410, 409, 310, 308, 400, 410, 308, 307, 329, 305, 283, 306, 335, 334, 346, 347, 301, 299, 338, 339, 291, 289, 333, 334, 305, 303, 340, 341, 295, 293, 335, 336, 285, 283, 331, 330, 299, 297, 337, 338, 289, 287, 332, 333, 303, 301, 339, 340, 293, 291, 334, 335, 283, 305, 341, 331, 297, 295, 336, 337, 342, 343, 353, 352, 351, 350, 349, 348, 347, 346, 345, 344, 331, 341, 353, 343, 332, 330, 342, 344, 339, 338, 350, 351, 336, 335, 347, 348, 333, 332, 344, 345, 340, 339, 351, 352, 337, 336, 348, 349, 334, 333, 345, 346, 341, 340, 352, 353, 330, 331, 343, 342, 338, 337, 349, 350, 358, 395, 384, 354, 360, 391, 395, 358, 354, 384, 387, 356, 357, 355, 379, 364, 355, 359, 373, 379, 361, 357, 364, 368, 378, 374, 362, 359, 361, 368, 373, 374, 369, 362, 369, 363, 362, 374, 378, 380, 377, 377, 380, 381, 376, 376, 381, 382, 375, 375, 382, 379, 373, 378, 363, 365, 380, 380, 365, 366, 381, 381, 366, 367, 382, 382, 367, 364, 379, 369, 374, 377, 372, 372, 377, 376, 371, 371, 376, 375, 370, 370, 375, 373, 368, 363, 369, 372, 365, 365, 372, 371, 366, 366, 371, 370, 367, 367, 370, 368, 364, 363, 378, 362, 356, 387, 391, 360, 392, 361, 359, 396, 388, 357, 361, 392, 383, 355, 357, 388, 396, 383, 385, 398, 398, 385, 386, 397, 397, 386, 384, 395, 392, 396, 398, 394, 394, 398, 397, 393, 393, 397, 395, 391, 388, 392, 394, 390, 390, 394, 393, 389, 389, 393, 391, 387, 383, 388, 390, 385, 385, 390, 389, 386, 386, 389, 387, 384, 396, 359, 355, 383, 306, 309, 410, 400, 309, 311, 409, 410, 311, 313, 408, 409, 313, 315, 407, 408, 315, 317, 406, 407, 317, 319, 405, 406, 319, 321, 404, 405, 321, 323, 403, 404, 323, 325, 402, 403, 325, 327, 401, 402, 327, 329, 399, 401, 329, 306, 400, 399, 411, 412, 413, 414, 415, 416, 417, 418, 419, 420, 421, 422, 294, 296, 418, 417, 284, 286, 413, 412, 298, 300, 420, 419, 288, 290, 415, 414, 302, 304, 422, 421, 292, 294, 417, 416, 282, 284, 412, 411, 296, 298, 419, 418, 286, 288, 414, 413, 300, 302, 421, 420, 290, 292, 416, 415, 445, 469, 448, 423, 427, 451, 453, 429, 429, 453, 455, 431, 431, 455, 457, 433, 433, 457, 459, 435, 435, 459, 461, 437, 437, 461, 463, 439, 439, 463, 465, 441, 441, 465, 467, 443, 443, 467, 469, 445, 428, 426, 471, 473, 423, 448, 449, 425, 445, 423, 552, 563, 425, 449, 451, 427, 468, 444, 446, 470, 466, 442, 444, 468, 464, 440, 442, 466, 462, 438, 440, 464, 460, 436, 438, 462, 458, 434, 436, 460, 456, 432, 434, 458, 454, 430, 432, 456, 452, 428, 430, 454, 450, 426, 428, 452, 447, 424, 426, 450, 540, 541, 448, 469, 542, 540, 469, 467, 543, 542, 467, 465, 544, 543, 465, 463, 545, 544, 463, 461, 546, 545, 461, 459, 547, 546, 459, 457, 548, 547, 457, 455, 549, 548, 455, 453, 550, 549, 453, 451, 551, 550, 451, 449, 541, 551, 449, 448, 470, 446, 424, 447, 476, 475, 487, 488, 442, 440, 479, 480, 432, 430, 474, 475, 446, 444, 481, 482, 436, 434, 476, 477, 426, 424, 472, 471, 440, 438, 478, 479, 430, 428, 473, 474, 444, 442, 480, 481, 434, 432, 475, 476, 424, 446, 482, 472, 438, 436, 477, 478, 483, 484, 494, 493, 492, 491, 490, 489, 488, 487, 486, 485, 472, 482, 494, 484, 473, 471, 483, 485, 480, 479, 491, 492, 477, 476, 488, 489, 474, 473, 485, 486, 481, 480, 492, 493, 478, 477, 489, 490, 475, 474, 486, 487, 482, 481, 493, 494, 471, 472, 484, 483, 479, 478, 490, 491, 499, 536, 525, 495, 501, 532, 536, 499, 495, 525, 528, 497, 498, 496, 520, 505, 496, 500, 514, 520, 502, 498, 505, 509, 519, 515, 503, 500, 502, 509, 514, 515, 510, 503, 510, 504, 503, 515, 519, 521, 518, 518, 521, 522, 517, 517, 522, 523, 516, 516, 523, 520, 514, 519, 504, 506, 521, 521, 506, 507, 522, 522, 507, 508, 523, 523, 508, 505, 520, 510, 515, 518, 513, 513, 518, 517, 512, 512, 517, 516, 511, 511, 516, 514, 509, 504, 510, 513, 506, 506, 513, 512, 507, 507, 512, 511, 508, 508, 511, 509, 505, 504, 519, 503, 497, 528, 532, 501, 533, 502, 500, 537, 529, 498, 502, 533, 524, 496, 498, 529, 537, 524, 526, 539, 539, 526, 527, 538, 538, 527, 525, 536, 533, 537, 539, 535, 535, 539, 538, 534, 534, 538, 536, 532, 529, 533, 535, 531, 531, 535, 534, 530, 530, 534, 532, 528, 524, 529, 531, 526, 526, 531, 530, 527, 527, 530, 528, 525, 537, 500, 496, 524, 447, 450, 551, 541, 450, 452, 550, 551, 452, 454, 549, 550, 454, 456, 548, 549, 456, 458, 547, 548, 458, 460, 546, 547, 460, 462, 545, 546, 462, 464, 544, 545, 464, 466, 543, 544, 466, 468, 542, 543, 468, 470, 540, 542, 470, 447, 541, 540, 552, 553, 554, 555, 556, 557, 558, 559, 560, 561, 562, 563, 435, 437, 559, 558, 425, 427, 554, 553, 439, 441, 561, 560, 429, 431, 556, 555, 443, 445, 563, 562, 433, 435, 558, 557, 423, 425, 553, 552, 437, 439, 560, 559, 427, 429, 555, 554, 441, 443, 562, 561, 431, 433, 557, 556, 586, 610, 589, 564, 568, 592, 594, 570, 570, 594, 596, 572, 572, 596, 598, 574, 574, 598, 600, 576, 576, 600, 602, 578, 578, 602, 604, 580, 580, 604, 606, 582, 582, 606, 608, 584, 584, 608, 610, 586, 569, 567, 612, 614, 564, 589, 590, 566, 586, 564, 693, 704, 566, 590, 592, 568, 609, 585, 587, 611, 607, 583, 585, 609, 605, 581, 583, 607, 603, 579, 581, 605, 601, 577, 579, 603, 599, 575, 577, 601, 597, 573, 575, 599, 595, 571, 573, 597, 593, 569, 571, 595, 591, 567, 569, 593, 588, 565, 567, 591, 681, 682, 589, 610, 683, 681, 610, 608, 684, 683, 608, 606, 685, 684, 606, 604, 686, 685, 604, 602, 687, 686, 602, 600, 688, 687, 600, 598, 689, 688, 598, 596, 690, 689, 596, 594, 691, 690, 594, 592, 692, 691, 592, 590, 682, 692, 590, 589, 611, 587, 565, 588, 617, 616, 628, 629, 583, 581, 620, 621, 573, 571, 615, 616, 587, 585, 622, 623, 577, 575, 617, 618, 567, 565, 613, 612, 581, 579, 619, 620, 571, 569, 614, 615, 585, 583, 621, 622, 575, 573, 616, 617, 565, 587, 623, 613, 579, 577, 618, 619, 624, 625, 635, 634, 633, 632, 631, 630, 629, 628, 627, 626, 613, 623, 635, 625, 614, 612, 624, 626, 621, 620, 632, 633, 618, 617, 629, 630, 615, 614, 626, 627, 622, 621, 633, 634, 619, 618, 630, 631, 616, 615, 627, 628, 623, 622, 634, 635, 612, 613, 625, 624, 620, 619, 631, 632, 640, 677, 666, 636, 642, 673, 677, 640, 636, 666, 669, 638, 639, 637, 661, 646, 637, 641, 655, 661, 643, 639, 646, 650, 660, 656, 644, 641, 643, 650, 655, 656, 651, 644, 651, 645, 644, 656, 660, 662, 659, 659, 662, 663, 658, 658, 663, 664, 657, 657, 664, 661, 655, 660, 645, 647, 662, 662, 647, 648, 663, 663, 648, 649, 664, 664, 649, 646, 661, 651, 656, 659, 654, 654, 659, 658, 653, 653, 658, 657, 652, 652, 657, 655, 650, 645, 651, 654, 647, 647, 654, 653, 648, 648, 653, 652, 649, 649, 652, 650, 646, 645, 660, 644, 638, 669, 673, 642, 674, 643, 641, 678, 670, 639, 643, 674, 665, 637, 639, 670, 678, 665, 667, 680, 680, 667, 668, 679, 679, 668, 666, 677, 674, 678, 680, 676, 676, 680, 679, 675, 675, 679, 677, 673, 670, 674, 676, 672, 672, 676, 675, 671, 671, 675, 673, 669, 665, 670, 672, 667, 667, 672, 671, 668, 668, 671, 669, 666, 678, 641, 637, 665, 588, 591, 692, 682, 591, 593, 691, 692, 593, 595, 690, 691, 595, 597, 689, 690, 597, 599, 688, 689, 599, 601, 687, 688, 601, 603, 686, 687, 603, 605, 685, 686, 605, 607, 684, 685, 607, 609, 683, 684, 609, 611, 681, 683, 611, 588, 682, 681, 693, 694, 695, 696, 697, 698, 699, 700, 701, 702, 703, 704, 576, 578, 700, 699, 566, 568, 695, 694, 580, 582, 702, 701, 570, 572, 697, 696, 584, 586, 704, 703, 574, 576, 699, 698, 564, 566, 694, 693, 578, 580, 701, 700, 568, 570, 696, 695, 582, 584, 703, 702, 572, 574, 698, 697, 727, 751, 730, 705, 709, 733, 735, 711, 711, 735, 737, 713, 713, 737, 739, 715, 715, 739, 741, 717, 717, 741, 743, 719, 719, 743, 745, 721, 721, 745, 747, 723, 723, 747, 749, 725, 725, 749, 751, 727, 710, 708, 753, 755, 705, 730, 731, 707, 727, 705, 834, 845, 707, 731, 733, 709, 750, 726, 728, 752, 748, 724, 726, 750, 746, 722, 724, 748, 744, 720, 722, 746, 742, 718, 720, 744, 740, 716, 718, 742, 738, 714, 716, 740, 736, 712, 714, 738, 734, 710, 712, 736, 732, 708, 710, 734, 729, 706, 708, 732, 822, 823, 730, 751, 824, 822, 751, 749, 825, 824, 749, 747, 826, 825, 747, 745, 827, 826, 745, 743, 828, 827, 743, 741, 829, 828, 741, 739, 830, 829, 739, 737, 831, 830, 737, 735, 832, 831, 735, 733, 833, 832, 733, 731, 823, 833, 731, 730, 752, 728, 706, 729, 758, 757, 769, 770, 724, 722, 761, 762, 714, 712, 756, 757, 728, 726, 763, 764, 718, 716, 758, 759, 708, 706, 754, 753, 722, 720, 760, 761, 712, 710, 755, 756, 726, 724, 762, 763, 716, 714, 757, 758, 706, 728, 764, 754, 720, 718, 759, 760, 765, 766, 776, 775, 774, 773, 772, 771, 770, 769, 768, 767, 754, 764, 776, 766, 755, 753, 765, 767, 762, 761, 773, 774, 759, 758, 770, 771, 756, 755, 767, 768, 763, 762, 774, 775, 760, 759, 771, 772, 757, 756, 768, 769, 764, 763, 775, 776, 753, 754, 766, 765, 761, 760, 772, 773, 781, 818, 807, 777, 783, 814, 818, 781, 777, 807, 810, 779, 780, 778, 802, 787, 778, 782, 796, 802, 784, 780, 787, 791, 801, 797, 785, 782, 784, 791, 796, 797, 792, 785, 792, 786, 785, 797, 801, 803, 800, 800, 803, 804, 799, 799, 804, 805, 798, 798, 805, 802, 796, 801, 786, 788, 803, 803, 788, 789, 804, 804, 789, 790, 805, 805, 790, 787, 802, 792, 797, 800, 795, 795, 800, 799, 794, 794, 799, 798, 793, 793, 798, 796, 791, 786, 792, 795, 788, 788, 795, 794, 789, 789, 794, 793, 790, 790, 793, 791, 787, 786, 801, 785, 779, 810, 814, 783, 815, 784, 782, 819, 811, 780, 784, 815, 806, 778, 780, 811, 819, 806, 808, 821, 821, 808, 809, 820, 820, 809, 807, 818, 815, 819, 821, 817, 817, 821, 820, 816, 816, 820, 818, 814, 811, 815, 817, 813, 813, 817, 816, 812, 812, 816, 814, 810, 806, 811, 813, 808, 808, 813, 812, 809, 809, 812, 810, 807, 819, 782, 778, 806, 729, 732, 833, 823, 732, 734, 832, 833, 734, 736, 831, 832, 736, 738, 830, 831, 738, 740, 829, 830, 740, 742, 828, 829, 742, 744, 827, 828, 744, 746, 826, 827, 746, 748, 825, 826, 748, 750, 824, 825, 750, 752, 822, 824, 752, 729, 823, 822, 834, 835, 836, 837, 838, 839, 840, 841, 842, 843, 844, 845, 717, 719, 841, 840, 707, 709, 836, 835, 721, 723, 843, 842, 711, 713, 838, 837, 725, 727, 845, 844, 715, 717, 840, 839, 705, 707, 835, 834, 719, 721, 842, 841, 709, 711, 837, 836, 723, 725, 844, 843, 713, 715, 839, 838, 868, 892, 871, 846, 850, 874, 876, 852, 852, 876, 878, 854, 854, 878, 880, 856, 856, 880, 882, 858, 858, 882, 884, 860, 860, 884, 886, 862, 862, 886, 888, 864, 864, 888, 890, 866, 866, 890, 892, 868, 851, 849, 894, 896, 846, 871, 872, 848, 868, 846, 975, 986, 848, 872, 874, 850, 891, 867, 869, 893, 889, 865, 867, 891, 887, 863, 865, 889, 885, 861, 863, 887, 883, 859, 861, 885, 881, 857, 859, 883, 879, 855, 857, 881, 877, 853, 855, 879, 875, 851, 853, 877, 873, 849, 851, 875, 870, 847, 849, 873, 963, 964, 871, 892, 965, 963, 892, 890, 966, 965, 890, 888, 967, 966, 888, 886, 968, 967, 886, 884, 969, 968, 884, 882, 970, 969, 882, 880, 971, 970, 880, 878, 972, 971, 878, 876, 973, 972, 876, 874, 974, 973, 874, 872, 964, 974, 872, 871, 893, 869, 847, 870, 899, 898, 910, 911, 865, 863, 902, 903, 855, 853, 897, 898, 869, 867, 904, 905, 859, 857, 899, 900, 849, 847, 895, 894, 863, 861, 901, 902, 853, 851, 896, 897, 867, 865, 903, 904, 857, 855, 898, 899, 847, 869, 905, 895, 861, 859, 900, 901, 906, 907, 917, 916, 915, 914, 913, 912, 911, 910, 909, 908, 895, 905, 917, 907, 896, 894, 906, 908, 903, 902, 914, 915, 900, 899, 911, 912, 897, 896, 908, 909, 904, 903, 915, 916, 901, 900, 912, 913, 898, 897, 909, 910, 905, 904, 916, 917, 894, 895, 907, 906, 902, 901, 913, 914, 922, 959, 948, 918, 924, 955, 959, 922, 918, 948, 951, 920, 921, 919, 943, 928, 919, 923, 937, 943, 925, 921, 928, 932, 942, 938, 926, 923, 925, 932, 937, 938, 933, 926, 933, 927, 926, 938, 942, 944, 941, 941, 944, 945, 940, 940, 945, 946, 939, 939, 946, 943, 937, 942, 927, 929, 944, 944, 929, 930, 945, 945, 930, 931, 946, 946, 931, 928, 943, 933, 938, 941, 936, 936, 941, 940, 935, 935, 940, 939, 934, 934, 939, 937, 932, 927, 933, 936, 929, 929, 936, 935, 930, 930, 935, 934, 931, 931, 934, 932, 928, 927, 942, 926, 920, 951, 955, 924, 956, 925, 923, 960, 952, 921, 925, 956, 947, 919, 921, 952, 960, 947, 949, 962, 962, 949, 950, 961, 961, 950, 948, 959, 956, 960, 962, 958, 958, 962, 961, 957, 957, 961, 959, 955, 952, 956, 958, 954, 954, 958, 957, 953, 953, 957, 955, 951, 947, 952, 954, 949, 949, 954, 953, 950, 950, 953, 951, 948, 960, 923, 919, 947, 870, 873, 974, 964, 873, 875, 973, 974, 875, 877, 972, 973, 877, 879, 971, 972, 879, 881, 970, 971, 881, 883, 969, 970, 883, 885, 968, 969, 885, 887, 967, 968, 887, 889, 966, 967, 889, 891, 965, 966, 891, 893, 963, 965, 893, 870, 964, 963, 975, 976, 977, 978, 979, 980, 981, 982, 983, 984, 985, 986, 858, 860, 982, 981, 848, 850, 977, 976, 862, 864, 984, 983, 852, 854, 979, 978, 866, 868, 986, 985, 856, 858, 981, 980, 846, 848, 976, 975, 860, 862, 983, 982, 850, 852, 978, 977, 864, 866, 985, 984, 854, 856, 980, 979, 1009, 1033, 1012, 987, 991, 1015, 1017, 993, 993, 1017, 1019, 995, 995, 1019, 1021, 997, 997, 1021, 1023, 999, 999, 1023, 1025, 1001, 1001, 1025, 1027, 1003, 1003, 1027, 1029, 1005, 1005, 1029, 1031, 1007, 1007, 1031, 1033, 1009, 992, 990, 1035, 1037, 987, 1012, 1013, 989, 1009, 987, 1116, 1127, 989, 1013, 1015, 991, 1032, 1008, 1010, 1034, 1030, 1006, 1008, 1032, 1028, 1004, 1006, 1030, 1026, 1002, 1004, 1028, 1024, 1000, 1002, 1026, 1022, 998, 1000, 1024, 1020, 996, 998, 1022, 1018, 994, 996, 1020, 1016, 992, 994, 1018, 1014, 990, 992, 1016, 1011, 988, 990, 1014, 1104, 1105, 1012, 1033, 1106, 1104, 1033, 1031, 1107, 1106, 1031, 1029, 1108, 1107, 1029, 1027, 1109, 1108, 1027, 1025, 1110, 1109, 1025, 1023, 1111, 1110, 1023, 1021, 1112, 1111, 1021, 1019, 1113, 1112, 1019, 1017, 1114, 1113, 1017, 1015, 1115, 1114, 1015, 1013, 1105, 1115, 1013, 1012, 1034, 1010, 988, 1011, 1040, 1039, 1051, 1052, 1006, 1004, 1043, 1044, 996, 994, 1038, 1039, 1010, 1008, 1045, 1046, 1000, 998, 1040, 1041, 990, 988, 1036, 1035, 1004, 1002, 1042, 1043, 994, 992, 1037, 1038, 1008, 1006, 1044, 1045, 998, 996, 1039, 1040, 988, 1010, 1046, 1036, 1002, 1000, 1041, 1042, 1047, 1048, 1058, 1057, 1056, 1055, 1054, 1053, 1052, 1051, 1050, 1049, 1036, 1046, 1058, 1048, 1037, 1035, 1047, 1049, 1044, 1043, 1055, 1056, 1041, 1040, 1052, 1053, 1038, 1037, 1049, 1050, 1045, 1044, 1056, 1057, 1042, 1041, 1053, 1054, 1039, 1038, 1050, 1051, 1046, 1045, 1057, 1058, 1035, 1036, 1048, 1047, 1043, 1042, 1054, 1055, 1063, 1100, 1089, 1059, 1065, 1096, 1100, 1063, 1059, 1089, 1092, 1061, 1062, 1060, 1084, 1069, 1060, 1064, 1078, 1084, 1066, 1062, 1069, 1073, 1083, 1079, 1067, 1064, 1066, 1073, 1078, 1079, 1074, 1067, 1074, 1068, 1067, 1079, 1083, 1085, 1082, 1082, 1085, 1086, 1081, 1081, 1086, 1087, 1080, 1080, 1087, 1084, 1078, 1083, 1068, 1070, 1085, 1085, 1070, 1071, 1086, 1086, 1071, 1072, 1087, 1087, 1072, 1069, 1084, 1074, 1079, 1082, 1077, 1077, 1082, 1081, 1076, 1076, 1081, 1080, 1075, 1075, 1080, 1078, 1073, 1068, 1074, 1077, 1070, 1070, 1077, 1076, 1071, 1071, 1076, 1075, 1072, 1072, 1075, 1073, 1069, 1068, 1083, 1067, 1061, 1092, 1096, 1065, 1097, 1066, 1064, 1101, 1093, 1062, 1066, 1097, 1088, 1060, 1062, 1093, 1101, 1088, 1090, 1103, 1103, 1090, 1091, 1102, 1102, 1091, 1089, 1100, 1097, 1101, 1103, 1099, 1099, 1103, 1102, 1098, 1098, 1102, 1100, 1096, 1093, 1097, 1099, 1095, 1095, 1099, 1098, 1094, 1094, 1098, 1096, 1092, 1088, 1093, 1095, 1090, 1090, 1095, 1094, 1091, 1091, 1094, 1092, 1089, 1101, 1064, 1060, 1088, 1011, 1014, 1115, 1105, 1014, 1016, 1114, 1115, 1016, 1018, 1113, 1114, 1018, 1020, 1112, 1113, 1020, 1022, 1111, 1112, 1022, 1024, 1110, 1111, 1024, 1026, 1109, 1110, 1026, 1028, 1108, 1109, 1028, 1030, 1107, 1108, 1030, 1032, 1106, 1107, 1032, 1034, 1104, 1106, 1034, 1011, 1105, 1104, 1116, 1117, 1118, 1119, 1120, 1121, 1122, 1123, 1124, 1125, 1126, 1127, 999, 1001, 1123, 1122, 989, 991, 1118, 1117, 1003, 1005, 1125, 1124, 993, 995, 1120, 1119, 1007, 1009, 1127, 1126, 997, 999, 1122, 1121, 987, 989, 1117, 1116, 1001, 1003, 1124, 1123, 991, 993, 1119, 1118, 1005, 1007, 1126, 1125, 995, 997, 1121, 1120, 1150, 1174, 1153, 1128, 1132, 1156, 1158, 1134, 1134, 1158, 1160, 1136, 1136, 1160, 1162, 1138, 1138, 1162, 1164, 1140, 1140, 1164, 1166, 1142, 1142, 1166, 1168, 1144, 1144, 1168, 1170, 1146, 1146, 1170, 1172, 1148, 1148, 1172, 1174, 1150, 1133, 1131, 1176, 1178, 1128, 1153, 1154, 1130, 1150, 1128, 1257, 1268, 1130, 1154, 1156, 1132, 1173, 1149, 1151, 1175, 1171, 1147, 1149, 1173, 1169, 1145, 1147, 1171, 1167, 1143, 1145, 1169, 1165, 1141, 1143, 1167, 1163, 1139, 1141, 1165, 1161, 1137, 1139, 1163, 1159, 1135, 1137, 1161, 1157, 1133, 1135, 1159, 1155, 1131, 1133, 1157, 1152, 1129, 1131, 1155, 1245, 1246, 1153, 1174, 1247, 1245, 1174, 1172, 1248, 1247, 1172, 1170, 1249, 1248, 1170, 1168, 1250, 1249, 1168, 1166, 1251, 1250, 1166, 1164, 1252, 1251, 1164, 1162, 1253, 1252, 1162, 1160, 1254, 1253, 1160, 1158, 1255, 1254, 1158, 1156, 1256, 1255, 1156, 1154, 1246, 1256, 1154, 1153, 1175, 1151, 1129, 1152, 1181, 1180, 1192, 1193, 1147, 1145, 1184, 1185, 1137, 1135, 1179, 1180, 1151, 1149, 1186, 1187, 1141, 1139, 1181, 1182, 1131, 1129, 1177, 1176, 1145, 1143, 1183, 1184, 1135, 1133, 1178, 1179, 1149, 1147, 1185, 1186, 1139, 1137, 1180, 1181, 1129, 1151, 1187, 1177, 1143, 1141, 1182, 1183, 1188, 1189, 1199, 1198, 1197, 1196, 1195, 1194, 1193, 1192, 1191, 1190, 1177, 1187, 1199, 1189, 1178, 1176, 1188, 1190, 1185, 1184, 1196, 1197, 1182, 1181, 1193, 1194, 1179, 1178, 1190, 1191, 1186, 1185, 1197, 1198, 1183, 1182, 1194, 1195, 1180, 1179, 1191, 1192, 1187, 1186, 1198, 1199, 1176, 1177, 1189, 1188, 1184, 1183, 1195, 1196, 1204, 1241, 1230, 1200, 1206, 1237, 1241, 1204, 1200, 1230, 1233, 1202, 1203, 1201, 1225, 1210, 1201, 1205, 1219, 1225, 1207, 1203, 1210, 1214, 1224, 1220, 1208, 1205, 1207, 1214, 1219, 1220, 1215, 1208, 1215, 1209, 1208, 1220, 1224, 1226, 1223, 1223, 1226, 1227, 1222, 1222, 1227, 1228, 1221, 1221, 1228, 1225, 1219, 1224, 1209, 1211, 1226, 1226, 1211, 1212, 1227, 1227, 1212, 1213, 1228, 1228, 1213, 1210, 1225, 1215, 1220, 1223, 1218, 1218, 1223, 1222, 1217, 1217, 1222, 1221, 1216, 1216, 1221, 1219, 1214, 1209, 1215, 1218, 1211, 1211, 1218, 1217, 1212, 1212, 1217, 1216, 1213, 1213, 1216, 1214, 1210, 1209, 1224, 1208, 1202, 1233, 1237, 1206, 1238, 1207, 1205, 1242, 1234, 1203, 1207, 1238, 1229, 1201, 1203, 1234, 1242, 1229, 1231, 1244, 1244, 1231, 1232, 1243, 1243, 1232, 1230, 1241, 1238, 1242, 1244, 1240, 1240, 1244, 1243, 1239, 1239, 1243, 1241, 1237, 1234, 1238, 1240, 1236, 1236, 1240, 1239, 1235, 1235, 1239, 1237, 1233, 1229, 1234, 1236, 1231, 1231, 1236, 1235, 1232, 1232, 1235, 1233, 1230, 1242, 1205, 1201, 1229, 1152, 1155, 1256, 1246, 1155, 1157, 1255, 1256, 1157, 1159, 1254, 1255, 1159, 1161, 1253, 1254, 1161, 1163, 1252, 1253, 1163, 1165, 1251, 1252, 1165, 1167, 1250, 1251, 1167, 1169, 1249, 1250, 1169, 1171, 1248, 1249, 1171, 1173, 1247, 1248, 1173, 1175, 1245, 1247, 1175, 1152, 1246, 1245, 1257, 1258, 1259, 1260, 1261, 1262, 1263, 1264, 1265, 1266, 1267, 1268, 1140, 1142, 1264, 1263, 1130, 1132, 1259, 1258, 1144, 1146, 1266, 1265, 1134, 1136, 1261, 1260, 1148, 1150, 1268, 1267, 1138, 1140, 1263, 1262, 1128, 1130, 1258, 1257, 1142, 1144, 1265, 1264, 1132, 1134, 1260, 1259, 1146, 1148, 1267, 1266, 1136, 1138, 1262, 1261, 1291, 1315, 1294, 1269, 1273, 1297, 1299, 1275, 1275, 1299, 1301, 1277, 1277, 1301, 1303, 1279, 1279, 1303, 1305, 1281, 1281, 1305, 1307, 1283, 1283, 1307, 1309, 1285, 1285, 1309, 1311, 1287, 1287, 1311, 1313, 1289, 1289, 1313, 1315, 1291, 1274, 1272, 1317, 1319, 1269, 1294, 1295, 1271, 1291, 1269, 1398, 1409, 1271, 1295, 1297, 1273, 1314, 1290, 1292, 1316, 1312, 1288, 1290, 1314, 1310, 1286, 1288, 1312, 1308, 1284, 1286, 1310, 1306, 1282, 1284, 1308, 1304, 1280, 1282, 1306, 1302, 1278, 1280, 1304, 1300, 1276, 1278, 1302, 1298, 1274, 1276, 1300, 1296, 1272, 1274, 1298, 1293, 1270, 1272, 1296, 1386, 1387, 1294, 1315, 1388, 1386, 1315, 1313, 1389, 1388, 1313, 1311, 1390, 1389, 1311, 1309, 1391, 1390, 1309, 1307, 1392, 1391, 1307, 1305, 1393, 1392, 1305, 1303, 1394, 1393, 1303, 1301, 1395, 1394, 1301, 1299, 1396, 1395, 1299, 1297, 1397, 1396, 1297, 1295, 1387, 1397, 1295, 1294, 1316, 1292, 1270, 1293, 1322, 1321, 1333, 1334, 1288, 1286, 1325, 1326, 1278, 1276, 1320, 1321, 1292, 1290, 1327, 1328, 1282, 1280, 1322, 1323, 1272, 1270, 1318, 1317, 1286, 1284, 1324, 1325, 1276, 1274, 1319, 1320, 1290, 1288, 1326, 1327, 1280, 1278, 1321, 1322, 1270, 1292, 1328, 1318, 1284, 1282, 1323, 1324, 1329, 1330, 1340, 1339, 1338, 1337, 1336, 1335, 1334, 1333, 1332, 1331, 1318, 1328, 1340, 1330, 1319, 1317, 1329, 1331, 1326, 1325, 1337, 1338, 1323, 1322, 1334, 1335, 1320, 1319, 1331, 1332, 1327, 1326, 1338, 1339, 1324, 1323, 1335, 1336, 1321, 1320, 1332, 1333, 1328, 1327, 1339, 1340, 1317, 1318, 1330, 1329, 1325, 1324, 1336, 1337, 1345, 1382, 1371, 1341, 1347, 1378, 1382, 1345, 1341, 1371, 1374, 1343, 1344, 1342, 1366, 1351, 1342, 1346, 1360, 1366, 1348, 1344, 1351, 1355, 1365, 1361, 1349, 1346, 1348, 1355, 1360, 1361, 1356, 1349, 1356, 1350, 1349, 1361, 1365, 1367, 1364, 1364, 1367, 1368, 1363, 1363, 1368, 1369, 1362, 1362, 1369, 1366, 1360, 1365, 1350, 1352, 1367, 1367, 1352, 1353, 1368, 1368, 1353, 1354, 1369, 1369, 1354, 1351, 1366, 1356, 1361, 1364, 1359, 1359, 1364, 1363, 1358, 1358, 1363, 1362, 1357, 1357, 1362, 1360, 1355, 1350, 1356, 1359, 1352, 1352, 1359, 1358, 1353, 1353, 1358, 1357, 1354, 1354, 1357, 1355, 1351, 1350, 1365, 1349, 1343, 1374, 1378, 1347, 1379, 1348, 1346, 1383, 1375, 1344, 1348, 1379, 1370, 1342, 1344, 1375, 1383, 1370, 1372, 1385, 1385, 1372, 1373, 1384, 1384, 1373, 1371, 1382, 1379, 1383, 1385, 1381, 1381, 1385, 1384, 1380, 1380, 1384, 1382, 1378, 1375, 1379, 1381, 1377, 1377, 1381, 1380, 1376, 1376, 1380, 1378, 1374, 1370, 1375, 1377, 1372, 1372, 1377, 1376, 1373, 1373, 1376, 1374, 1371, 1383, 1346, 1342, 1370, 1293, 1296, 1397, 1387, 1296, 1298, 1396, 1397, 1298, 1300, 1395, 1396, 1300, 1302, 1394, 1395, 1302, 1304, 1393, 1394, 1304, 1306, 1392, 1393, 1306, 1308, 1391, 1392, 1308, 1310, 1390, 1391, 1310, 1312, 1389, 1390, 1312, 1314, 1388, 1389, 1314, 1316, 1386, 1388, 1316, 1293, 1387, 1386, 1398, 1399, 1400, 1401, 1402, 1403, 1404, 1405, 1406, 1407, 1408, 1409, 1281, 1283, 1405, 1404, 1271, 1273, 1400, 1399, 1285, 1287, 1407, 1406, 1275, 1277, 1402, 1401, 1289, 1291, 1409, 1408, 1279, 1281, 1404, 1403, 1269, 1271, 1399, 1398, 1283, 1285, 1406, 1405, 1273, 1275, 1401, 1400, 1287, 1289, 1408, 1407, 1277, 1279, 1403, 1402, 1410, 1411, 1413, 1412, 1412, 1413, 1417, 1416, 1416, 1417, 1415, 1414, 1414, 1415, 1411, 1410, 1412, 1416, 1414, 1410, 1417, 1413, 1411, 1415, 1418, 1419, 1421, 1420, 1420, 1421, 1425, 1424, 1424, 1425, 1423, 1422, 1422, 1423, 1419, 1418, 1420, 1424, 1422, 1418, 1425, 1421, 1419, 1423]
            rel material:binding = </root/_materials/MI_MetalOrnaments>
            normal3f[] normals = [(-0.8660194, -0.49999788, -0.0035228797), (-0.8660212, -0.50000155, -0.002366705), (-0.9999972, -1.9657378e-8, -0.0023666811), (-0.9999938, 0, -0.003522875), (-0.49999726, 0.86601985, -0.0035229588), (-0.49999824, 0.8660232, -0.0023668208), (6.781786e-7, 0.9999972, -0.002366973), (0.0000018649231, 0.9999938, -0.0035230967), (0.0000018649231, 0.9999938, -0.0035230967), (6.781786e-7, 0.9999972, -0.002366973), (0.49999806, 0.86602324, -0.0023670923), (0.4999944, 0.8660214, -0.003523178), (0.4999944, 0.8660214, -0.003523178), (0.49999806, 0.86602324, -0.0023670923), (0.8660219, 0.50000054, -0.0023671794), (0.8660196, 0.49999768, -0.0035232422), (0.8660196, 0.49999768, -0.0035232422), (0.8660219, 0.50000054, -0.0023671794), (0.99999726, -9.8286765e-9, -0.00236721), (0.9999938, 0, -0.0035232608), (0.9999938, 0, -0.0035232608), (0.99999726, -9.8286765e-9, -0.00236721), (0.86602205, -0.50000036, -0.002367179), (0.8660196, -0.49999753, -0.0035232438), (0.8660196, -0.49999753, -0.0035232438), (0.86602205, -0.50000036, -0.002367179), (0.49999788, -0.86602336, -0.0023670902), (0.4999943, -0.86602145, -0.0035231824), (0.4999943, -0.86602145, -0.0035231824), (0.49999788, -0.86602336, -0.0023670902), (6.7326414e-7, -0.9999972, -0.0023669673), (0.0000018452921, -0.9999938, -0.0035231009), (0.0000018452921, -0.9999938, -0.0035231009), (6.7326414e-7, -0.9999972, -0.0023669673), (-0.49999818, -0.86602324, -0.0023668183), (-0.4999972, -0.86601985, -0.0035229656), (-0.4999972, -0.86601985, -0.0035229656), (-0.49999818, -0.86602324, -0.0023668183), (-0.8660212, -0.50000155, -0.002366705), (-0.8660194, -0.49999788, -0.0035228797), (-0.29562354, 0.5120468, -0.80648303), (-0.5120434, 0.29563075, -0.80648243), (-0.5120427, 0.29563195, -0.80648243), (-0.29562256, 0.5120473, -0.806483), (-0.9999938, 0, -0.003522875), (-0.9999972, -1.9657378e-8, -0.0023666811), (-0.86602104, 0.50000185, -0.0023667058), (-0.86601937, 0.49999803, -0.003522876), (-0.8660194, -0.49999788, -0.0035228797), (-0.9999938, 0, -0.003522875), (-0.96592444, -0.2588243, 0), (-0.8660255, -0.49999976, 1.2833519e-7), (-0.86601937, 0.49999803, -0.003522876), (-0.86602104, 0.50000185, -0.0023667058), (-0.49999824, 0.8660232, -0.0023668208), (-0.49999726, 0.86601985, -0.0035229588), (-0.49994028, -0.865922, -0.015454129), (-0.49994925, -0.8659368, -0.014286957), (-0.86593914, -0.49994525, -0.014286915), (-0.8659219, -0.49994043, -0.015454015), (-8.938782e-7, -0.99988055, -0.015454183), (-0.0000011025385, -0.99989796, -0.014287028), (-0.49994925, -0.8659368, -0.014286957), (-0.49994028, -0.865922, -0.015454129), (0.4999402, -0.8659221, -0.015454263), (0.49994823, -0.86593735, -0.014287221), (-0.0000011025385, -0.99989796, -0.014287028), (-8.938782e-7, -0.99988055, -0.015454183), (0.8659207, -0.49994245, -0.015454245), (0.8659372, -0.49994868, -0.01428725), (0.49994823, -0.86593735, -0.014287221), (0.4999402, -0.8659221, -0.015454263), (0.99988055, -9.822849e-9, -0.01545421), (0.99989796, -6.890862e-8, -0.014287124), (0.8659372, -0.49994868, -0.01428725), (0.8659207, -0.49994245, -0.015454245), (0.8659207, 0.49994236, -0.01545424), (0.86593723, 0.4999485, -0.01428724), (0.99989796, -6.890862e-8, -0.014287124), (0.99988055, -9.822849e-9, -0.01545421), (0.4999403, 0.865922, -0.015454257), (0.49994838, 0.86593735, -0.014287208), (0.86593723, 0.4999485, -0.01428724), (0.8659207, 0.49994236, -0.01545424), (-9.037012e-7, 0.9998806, -0.015454181), (-0.0000010434738, 0.99989796, -0.014287018), (0.49994838, 0.86593735, -0.014287208), (0.4999403, 0.865922, -0.015454257), (-0.49994037, 0.865922, -0.015454128), (-0.49994922, 0.8659369, -0.014286954), (-0.0000010434738, 0.99989796, -0.014287018), (-9.037012e-7, 0.9998806, -0.015454181), (-0.8659219, 0.49994043, -0.015454014), (-0.8659391, 0.4999453, -0.014286914), (-0.49994922, 0.8659369, -0.014286954), (-0.49994037, 0.865922, -0.015454128), (-0.9998806, 0, -0.015453893), (-0.99989796, -2.9532208e-8, -0.01428682), (-0.8659391, 0.4999453, -0.014286914), (-0.8659219, 0.49994043, -0.015454014), (-0.8660009, -0.49999103, -0.007172638), (-0.99997425, 4.903077e-9, -0.007172615), (-0.9999972, -1.9657378e-8, -0.0023666811), (-0.8660212, -0.50000155, -0.002366705), (-0.49998668, -0.86600333, -0.0071727447), (-0.8660009, -0.49999103, -0.007172638), (-0.8660212, -0.50000155, -0.002366705), (-0.49999818, -0.86602324, -0.0023668183), (-2.4515339e-8, -0.99997425, -0.0071728355), (-0.49998668, -0.86600333, -0.0071727447), (-0.49999818, -0.86602324, -0.0023668183), (6.7326414e-7, -0.9999972, -0.0023669673), (0.49998757, -0.8660029, -0.007172884), (-2.4515339e-8, -0.99997425, -0.0071728355), (6.7326414e-7, -0.9999972, -0.0023669673), (0.49999788, -0.86602336, -0.0023670902), (0.86600125, -0.49999028, -0.0071729594), (0.49998757, -0.8660029, -0.007172884), (0.49999788, -0.86602336, -0.0023670902), (0.86602205, -0.50000036, -0.002367179), (0.99997425, 9.806156e-9, -0.0071730474), (0.86600125, -0.49999028, -0.0071729594), (0.86602205, -0.50000036, -0.002367179), (0.99999726, -9.8286765e-9, -0.00236721), (0.86600125, 0.49999034, -0.0071729636), (0.99997425, 9.806156e-9, -0.0071730474), (0.99999726, -9.8286765e-9, -0.00236721), (0.8660219, 0.50000054, -0.0023671794), (0.49998772, 0.86600286, -0.0071728877), (0.86600125, 0.49999034, -0.0071729636), (0.8660219, 0.50000054, -0.0023671794), (0.49999806, 0.86602324, -0.0023670923), (-5.8836825e-8, 0.99997425, -0.0071728462), (0.49998772, 0.86600286, -0.0071728877), (0.49999806, 0.86602324, -0.0023670923), (6.781786e-7, 0.9999972, -0.002366973), (-0.49998686, 0.8660033, -0.007172755), (-5.8836825e-8, 0.99997425, -0.0071728462), (6.781786e-7, 0.9999972, -0.002366973), (-0.49999824, 0.8660232, -0.0023668208), (-0.86600083, 0.49999118, -0.0071726423), (-0.49998686, 0.8660033, -0.007172755), (-0.49999824, 0.8660232, -0.0023668208), (-0.86602104, 0.50000185, -0.0023667058), (-0.99997425, 4.903077e-9, -0.007172615), (-0.86600083, 0.49999118, -0.0071726423), (-0.86602104, 0.50000185, -0.0023667058), (-0.9999972, -1.9657378e-8, -0.0023666811), (-0.8659219, -0.49994043, -0.015454015), (-0.86593914, -0.49994525, -0.014286915), (-0.99989796, -2.9532208e-8, -0.01428682), (-0.9998806, 0, -0.015453893), (0.863358, 0.49845982, -0.07842728), (0.49846116, 0.86335725, -0.07842629), (0.49846232, 0.86335665, -0.078426294), (0.8633584, 0.4984592, -0.07842728), (-0.0000011520182, -0.59125906, -0.8064816), (0.29562825, -0.5120465, -0.8064814), (0.2956275, -0.512047, -0.80648136), (-8.4832214e-7, -0.591259, -0.80648166), (0.29562238, 0.51204723, -0.8064831), (-0.0000011859012, 0.591259, -0.8064817), (-9.14857e-7, 0.591259, -0.8064817), (0.2956217, 0.5120477, -0.80648315), (-0.5120441, -0.29562986, -0.8064824), (-0.29562935, -0.512046, -0.80648136), (-0.29562837, -0.5120465, -0.8064814), (-0.5120434, -0.29563105, -0.80648243), (0.591261, -6.183649e-7, -0.80648017), (0.5120434, 0.29563075, -0.80648243), (0.5120427, 0.29563195, -0.80648243), (0.591261, -6.1545086e-7, -0.8064802), (-0.5120434, 0.29563075, -0.80648243), (-0.591261, -6.2683563e-7, -0.80648017), (-0.591261, -6.2654004e-7, -0.8064802), (-0.5120427, 0.29563195, -0.80648243), (0.29562825, -0.5120465, -0.8064814), (0.512044, -0.29562977, -0.8064825), (0.51204324, -0.295631, -0.80648255), (0.2956275, -0.512047, -0.80648136), (-0.0000011859012, 0.591259, -0.8064817), (-0.29562354, 0.5120468, -0.80648303), (-0.29562256, 0.5120473, -0.806483), (-9.14857e-7, 0.591259, -0.8064817), (-0.29562935, -0.512046, -0.80648136), (-0.0000011520182, -0.59125906, -0.8064816), (-8.4832214e-7, -0.591259, -0.80648166), (-0.29562837, -0.5120465, -0.8064814), (0.5120434, 0.29563075, -0.80648243), (0.29562238, 0.51204723, -0.8064831), (0.2956217, 0.5120477, -0.80648315), (0.5120427, 0.29563195, -0.80648243), (-0.591261, -6.2683563e-7, -0.80648017), (-0.5120441, -0.29562986, -0.8064824), (-0.5120434, -0.29563105, -0.80648243), (-0.591261, -6.2654004e-7, -0.8064802), (0.512044, -0.29562977, -0.8064825), (0.591261, -6.183649e-7, -0.80648017), (0.591261, -6.1545086e-7, -0.8064802), (0.51204324, -0.295631, -0.80648255), (3.5657592e-7, 0, 1), (3.5657592e-7, 0, 1), (3.5657592e-7, 0, 1), (3.5657592e-7, 0, 1), (3.5657592e-7, 0, 1), (3.5657592e-7, 0, 1), (3.5657592e-7, 0, 1), (3.5657592e-7, 0, 1), (3.5657592e-7, 0, 1), (3.5657592e-7, 0, 1), (3.5657592e-7, 0, 1), (3.5657592e-7, 0, 1), (-0.99692, 0.0000013765266, -0.07842521), (-0.86335903, -0.4984582, -0.078425415), (-0.86335915, -0.49845794, -0.07842541), (-0.99692, 0.0000011340023, -0.0784252), (-0.49846047, 0.86335784, -0.07842371), (-0.8633584, 0.4984595, -0.078425), (-0.86335874, 0.4984589, -0.078425), (-0.49846002, 0.86335814, -0.07842371), (-0.000002336219, -0.99692, -0.0784257), (0.4984609, -0.8633573, -0.07842752), (0.4984618, -0.86335677, -0.07842752), (-1.5915849e-7, -0.99692, -0.07842569), (0.99691975, 1.163263e-7, -0.07842806), (0.863358, 0.49845982, -0.07842728), (0.8633584, 0.4984592, -0.07842728), (0.9969198, -1.2931646e-7, -0.07842806), (-0.0000015704047, 0.99692005, -0.07842424), (-0.49846047, 0.86335784, -0.07842371), (-0.49846002, 0.86335814, -0.07842371), (6.2668636e-7, 0.99692005, -0.07842424), (-0.49846092, -0.8633576, -0.078425), (-0.000002336219, -0.99692, -0.0784257), (-1.5915849e-7, -0.99692, -0.07842569), (-0.49846023, -0.86335796, -0.078425), (0.863358, -0.49845952, -0.078427956), (0.99691975, 1.163263e-7, -0.07842806), (0.9969198, -1.2931646e-7, -0.07842806), (0.86335826, -0.4984593, -0.07842796), (0.49846116, 0.86335725, -0.07842629), (-0.0000015704047, 0.99692005, -0.07842424), (6.2668636e-7, 0.99692005, -0.07842424), (0.49846232, 0.86335665, -0.078426294), (-0.86335903, -0.4984582, -0.078425415), (-0.49846092, -0.8633576, -0.078425), (-0.49846023, -0.86335796, -0.078425), (-0.86335915, -0.49845794, -0.07842541), (-0.8633584, 0.4984595, -0.078425), (-0.99692, 0.0000013765266, -0.07842521), (-0.99692, 0.0000011340023, -0.0784252), (-0.86335874, 0.4984589, -0.078425), (0.4984609, -0.8633573, -0.07842752), (0.863358, -0.49845952, -0.078427956), (0.86335826, -0.4984593, -0.07842796), (0.4984618, -0.86335677, -0.07842752), (-0.70553154, -0.7055262, -0.06676975), (-0.70405257, -0.7040512, -0.092853926), (-0.70405257, -0.7040512, -0.09285387), (-0.70553154, -0.7055262, -0.06676975), (0.7055298, -0.70552707, -0.06677716), (0.7040519, -0.7040513, -0.09285762), (0.704052, -0.7040513, -0.092857584), (0.7055298, -0.70552707, -0.06677716), (-0.70553076, 0.7055269, -0.066769816), (-0.70405227, 0.7040516, -0.09285367), (-0.7040522, 0.7040516, -0.09285372), (-0.70553076, 0.7055269, -0.066769816), (-0.6747931, 0.6747931, 0.29884544), (-0.6747931, 0.6747931, 0.29884544), (-0.6812191, 0.6812213, 0.26810083), (-0.68121904, 0.68122137, 0.26810083), (-0.6747931, -0.6747931, 0.29884514), (-0.6747931, -0.6747931, 0.29884514), (-0.68122035, -0.68122035, 0.26810035), (-0.68122035, -0.68122035, 0.26810035), (0.6747946, 0.6747926, 0.2988429), (0.6747946, 0.6747926, 0.2988429), (0.6812212, 0.68122, 0.26809922), (0.6812211, 0.68122, 0.26809922), (-0.7033041, -0.7033084, 0.103540406), (-0.7033041, -0.70330846, 0.1035404), (-0.70379454, -0.70379746, 0.0966561), (0.67479694, -0.67479086, 0.29884186), (0.67479694, -0.67479086, 0.29884186), (0.6812224, -0.6812189, 0.26809862), (0.68122244, -0.68121886, 0.26809865), (0.7033092, -0.70330346, 0.10353971), (0.70330924, -0.70330334, 0.103539705), (0.70380116, -0.7037908, 0.09665607), (0.70330817, 0.7033044, 0.10353978), (0.70330817, 0.7033044, 0.10353978), (0.7037989, 0.703793, 0.09665627), (-0.7033041, -0.70330846, 0.1035404), (-0.7033041, -0.7033084, 0.103540406), (-0.70173806, -0.7017406, 0.122979), (-0.701738, -0.70174056, 0.12297898), (-0.701738, -0.70174056, 0.12297898), (-0.70173806, -0.7017406, 0.122979), (-0.6989464, -0.6989493, 0.1514721), (-0.69894636, -0.6989493, 0.1514721), (-0.69894636, -0.6989493, 0.1514721), (-0.6989464, -0.6989493, 0.1514721), (-0.6929522, -0.6929546, 0.19907574), (-0.6929522, -0.6929546, 0.19907574), (-0.6929522, -0.6929546, 0.19907574), (-0.6929522, -0.6929546, 0.19907574), (-0.68122035, -0.68122035, 0.26810035), (-0.68122035, -0.68122035, 0.26810035), (-0.70330477, 0.7033078, 0.103540234), (-0.7033047, 0.7033078, 0.10354023), (-0.7017376, 0.70174104, 0.12297905), (-0.7017376, 0.70174104, 0.12297906), (-0.7017376, 0.70174104, 0.12297906), (-0.7017376, 0.70174104, 0.12297905), (-0.69894767, 0.69894814, 0.15147184), (-0.69894767, 0.69894814, 0.15147182), (-0.69894767, 0.69894814, 0.15147182), (-0.69894767, 0.69894814, 0.15147184), (-0.6929526, 0.69295424, 0.19907577), (-0.6929526, 0.69295424, 0.19907574), (-0.6929526, 0.69295424, 0.19907574), (-0.6929526, 0.69295424, 0.19907577), (-0.68121904, 0.68122137, 0.26810083), (-0.6812191, 0.6812213, 0.26810083), (0.70330924, -0.70330334, 0.103539705), (0.7033092, -0.70330346, 0.10353971), (0.7017404, -0.7017383, 0.1229786), (0.70174044, -0.7017383, 0.1229786), (0.70174044, -0.7017383, 0.1229786), (0.7017404, -0.7017383, 0.1229786), (0.6989492, -0.69894636, 0.15147318), (0.69894916, -0.6989463, 0.15147318), (0.69894916, -0.6989463, 0.15147318), (0.6989492, -0.69894636, 0.15147318), (0.692954, -0.6929526, 0.19907677), (0.69295394, -0.6929526, 0.19907679), (0.69295394, -0.6929526, 0.19907679), (0.692954, -0.6929526, 0.19907677), (0.68122244, -0.68121886, 0.26809865), (0.6812224, -0.6812189, 0.26809862), (0.70330817, 0.7033044, 0.10353978), (0.70330817, 0.7033044, 0.10353978), (0.7017411, 0.70173764, 0.12297844), (0.7017411, 0.70173764, 0.12297846), (0.7017411, 0.70173764, 0.12297846), (0.7017411, 0.70173764, 0.12297844), (0.69894856, 0.6989469, 0.15147333), (0.69894856, 0.6989469, 0.15147333), (0.69894856, 0.6989469, 0.15147333), (0.69894856, 0.6989469, 0.15147333), (0.692953, 0.69295347, 0.19907692), (0.692953, 0.6929535, 0.19907688), (0.692953, 0.6929535, 0.19907688), (0.692953, 0.69295347, 0.19907692), (0.6812211, 0.68122, 0.26809922), (0.6812212, 0.68122, 0.26809922), (-0.7033047, 0.7033078, 0.10354023), (-0.70330477, 0.7033078, 0.103540234), (-0.7037938, 0.70379823, 0.09665611), (0.7055306, 0.7055263, -0.06677705), (0.70405483, 0.7040486, -0.09285686), (0.7040548, 0.7040486, -0.092856914), (0.7055306, 0.7055263, -0.06677705), (0.6647994, -0.6647987, -0.34071183), (0.65152985, -0.6515305, -0.38860908), (0.65152985, -0.6515305, -0.38860908), (0.66479933, -0.6647987, -0.34071186), (0.6647995, 0.66479844, -0.34071198), (0.6515301, 0.65153, -0.38860926), (0.6515301, 0.65153, -0.38860926), (0.6647996, 0.6647984, -0.340712), (-0.6647986, 0.6647998, -0.34071136), (-0.6515298, 0.6515311, -0.38860807), (-0.6515298, 0.6515311, -0.38860807), (-0.66479856, 0.66479975, -0.3407113), (-0.664799, -0.6647995, -0.3407108), (-0.664799, -0.6647996, -0.34071088), (-0.6877489, -0.68775076, -0.23237988), (-0.6877489, -0.68775076, -0.23237981), (-0.6877489, -0.68775076, -0.23237981), (-0.6877489, -0.68775076, -0.23237988), (-0.69869894, -0.69869894, -0.15375195), (-0.6986989, -0.69869894, -0.15375194), (-0.6986989, -0.69869894, -0.15375194), (-0.69869894, -0.69869894, -0.15375195), (-0.70405257, -0.7040512, -0.09285387), (-0.70405257, -0.7040512, -0.092853926), (0.6647994, -0.6647987, -0.34071183), (0.66479933, -0.6647987, -0.34071186), (0.6877507, -0.68774915, -0.2323795), (0.6877507, -0.6877491, -0.23237948), (0.6877507, -0.6877491, -0.23237948), (0.6877507, -0.68774915, -0.2323795), (0.69869864, -0.6986992, -0.15375239), (0.6986986, -0.6986992, -0.15375234), (0.6986986, -0.6986992, -0.15375234), (0.69869864, -0.6986992, -0.15375239), (0.704052, -0.7040513, -0.092857584), (0.7040519, -0.7040513, -0.09285762), (0.6647995, 0.66479844, -0.34071198), (0.6647996, 0.6647984, -0.340712), (0.68775064, 0.6877491, -0.23237954), (0.6877507, 0.68774915, -0.23237953), (0.6877507, 0.68774915, -0.23237953), (0.68775064, 0.6877491, -0.23237954), (0.6987007, 0.6986971, -0.15375179), (0.6987007, 0.69869715, -0.15375182), (0.6987007, 0.69869715, -0.15375182), (0.6987007, 0.6986971, -0.15375179), (0.7040548, 0.7040486, -0.092856914), (0.70405483, 0.7040486, -0.09285686), (-0.6647986, 0.6647998, -0.34071136), (-0.66479856, 0.66479975, -0.3407113), (-0.68774766, 0.68775195, -0.23238005), (-0.6877476, 0.6877519, -0.2323801), (-0.6877476, 0.6877519, -0.2323801), (-0.68774766, 0.68775195, -0.23238005), (-0.69869596, 0.6987017, -0.15375252), (-0.69869596, 0.6987018, -0.15375254), (-0.69869596, 0.6987018, -0.15375254), (-0.69869596, 0.6987017, -0.15375252), (-0.7040522, 0.7040516, -0.09285372), (-0.70405227, 0.7040516, -0.09285367), (-0.664799, -0.6647995, -0.3407108), (-0.65153176, -0.6515297, -0.38860688), (-0.65153176, -0.6515297, -0.38860688), (-0.664799, -0.6647996, -0.34071088), (-0.9998806, 0, -0.015453893), (-0.8659219, 0.49994043, -0.015454014), (-0.86600083, 0.49999118, -0.0071726423), (-0.99997425, 4.903077e-9, -0.007172615), (-0.8659219, 0.49994043, -0.015454014), (-0.49994037, 0.865922, -0.015454128), (-0.49998686, 0.8660033, -0.007172755), (-0.86600083, 0.49999118, -0.0071726423), (-0.49994037, 0.865922, -0.015454128), (-9.037012e-7, 0.9998806, -0.015454181), (-5.8836825e-8, 0.99997425, -0.0071728462), (-0.49998686, 0.8660033, -0.007172755), (-9.037012e-7, 0.9998806, -0.015454181), (0.4999403, 0.865922, -0.015454257), (0.49998772, 0.86600286, -0.0071728877), (-5.8836825e-8, 0.99997425, -0.0071728462), (0.4999403, 0.865922, -0.015454257), (0.8659207, 0.49994236, -0.01545424), (0.86600125, 0.49999034, -0.0071729636), (0.49998772, 0.86600286, -0.0071728877), (0.8659207, 0.49994236, -0.01545424), (0.99988055, -9.822849e-9, -0.01545421), (0.99997425, 9.806156e-9, -0.0071730474), (0.86600125, 0.49999034, -0.0071729636), (0.99988055, -9.822849e-9, -0.01545421), (0.8659207, -0.49994245, -0.015454245), (0.86600125, -0.49999028, -0.0071729594), (0.99997425, 9.806156e-9, -0.0071730474), (0.8659207, -0.49994245, -0.015454245), (0.4999402, -0.8659221, -0.015454263), (0.49998757, -0.8660029, -0.007172884), (0.86600125, -0.49999028, -0.0071729594), (0.4999402, -0.8659221, -0.015454263), (-8.938782e-7, -0.99988055, -0.015454183), (-2.4515339e-8, -0.99997425, -0.0071728355), (0.49998757, -0.8660029, -0.007172884), (-8.938782e-7, -0.99988055, -0.015454183), (-0.49994028, -0.865922, -0.015454129), (-0.49998668, -0.86600333, -0.0071727447), (-2.4515339e-8, -0.99997425, -0.0071728355), (-0.49994028, -0.865922, -0.015454129), (-0.8659219, -0.49994043, -0.015454015), (-0.8660009, -0.49999103, -0.007172638), (-0.49998668, -0.86600333, -0.0071727447), (-0.8659219, -0.49994043, -0.015454015), (-0.9998806, 0, -0.015453893), (-0.99997425, 4.903077e-9, -0.007172615), (-0.8660009, -0.49999103, -0.007172638), (-7.4282316e-14, 0, -1), (-7.4282316e-14, 0, -1), (-7.4282316e-14, 0, -1), (-7.4282316e-14, 0, -1), (-7.4282316e-14, 0, -1), (-7.4282316e-14, 0, -1), (-7.4282316e-14, 0, -1), (-7.4282316e-14, 0, -1), (-7.4282316e-14, 0, -1), (-7.4282316e-14, 0, -1), (-7.4282316e-14, 0, -1), (-7.4282316e-14, 0, -1), (0.9999938, 0, -0.0035232608), (0.8660196, -0.49999753, -0.0035232438), (0.8660257, -0.4999996, -1.3979424e-7), (0.9659289, -0.25880736, -2.7006087e-7), (-0.86601937, 0.49999803, -0.003522876), (-0.49999726, 0.86601985, -0.0035229588), (-0.7071109, 0.70710266, 2.479249e-7), (-0.8660255, 0.49999985, 1.2833519e-7), (0.4999943, -0.86602145, -0.0035231824), (0.0000018452921, -0.9999938, -0.0035231009), (0.25882232, -0.965925, 0), (0.49999663, -0.86602736, 0), (0.0000018649231, 0.9999938, -0.0035230967), (0.4999944, 0.8660214, -0.003523178), (0.49999666, 0.86602736, 0), (0.25882232, 0.965925, 0), (-0.4999972, -0.86601985, -0.0035229656), (-0.8660194, -0.49999788, -0.0035228797), (-0.8660255, -0.49999976, 1.2833519e-7), (-0.50000143, -0.8660246, 1.756968e-7), (0.8660196, 0.49999768, -0.0035232422), (0.9999938, 0, -0.0035232608), (0.9659289, 0.25880736, -2.7006087e-7), (0.8660257, 0.4999996, -1.3979424e-7), (-0.9999938, 0, -0.003522875), (-0.86601937, 0.49999803, -0.003522876), (-0.8660255, 0.49999985, 1.2833519e-7), (-0.96592444, 0.2588243, 0), (0.8660196, -0.49999753, -0.0035232438), (0.4999943, -0.86602145, -0.0035231824), (0.49999663, -0.86602736, 0), (0.8660257, -0.4999996, -1.3979424e-7), (-0.49999726, 0.86601985, -0.0035229588), (0.0000018649231, 0.9999938, -0.0035230967), (-0.25881624, 0.9659265, 9.149478e-8), (-0.25881624, 0.9659265, 9.149478e-8), (0.0000018452921, -0.9999938, -0.0035231009), (-0.4999972, -0.86601985, -0.0035229656), (-0.50000143, -0.8660246, 1.756968e-7), (-0.25881624, -0.9659265, 9.149478e-8), (0.4999944, 0.8660214, -0.003523178), (0.8660196, 0.49999768, -0.0035232422), (0.8660257, 0.4999996, -1.3979424e-7), (0.49999666, 0.86602736, 0), (-0.86601895, -0.4999988, -0.003522881), (-0.8660218, -0.5000006, -0.0023667046), (-0.9999972, 1.4743025e-8, -0.002366678), (-0.9999938, 0, -0.0035228755), (-0.49999633, 0.8660203, -0.0035229488), (-0.499998, 0.8660234, -0.0023668108), (0.0000014349865, 0.9999972, -0.0023669724), (0.0000021986466, 0.9999938, -0.0035230967), (0.0000021986466, 0.9999938, -0.0035230967), (0.0000014349865, 0.9999972, -0.0023669724), (0.49999914, 0.86602265, -0.0023671002), (0.49999472, 0.8660213, -0.003523186), (0.49999472, 0.8660213, -0.003523186), (0.49999914, 0.86602265, -0.0023671002), (0.8660217, 0.5000008, -0.0023671768), (0.8660189, 0.4999989, -0.0035232403), (0.8660189, 0.4999989, -0.0035232403), (0.8660217, 0.5000008, -0.0023671768), (0.99999726, 2.4571706e-8, -0.0023672131), (0.9999938, -4.9076863e-9, -0.0035232634), (0.9999938, -4.9076863e-9, -0.0035232634), (0.99999726, 2.4571706e-8, -0.0023672131), (0.8660218, -0.5000006, -0.0023671766), (0.86601895, -0.4999988, -0.003523244), (0.86601895, -0.4999988, -0.003523244), (0.8660218, -0.5000006, -0.0023671766), (0.49999887, -0.8660229, -0.002367098), (0.49999464, -0.8660214, -0.0035231926), (0.49999464, -0.8660214, -0.0035231926), (0.49999887, -0.8660229, -0.002367098), (0.0000012875563, -0.99999726, -0.0023669673), (0.0000020563232, -0.9999938, -0.0035231016), (0.0000020563232, -0.9999938, -0.0035231016), (0.0000012875563, -0.99999726, -0.0023669673), (-0.49999782, -0.86602336, -0.0023668082), (-0.49999633, -0.8660203, -0.0035229563), (-0.49999633, -0.8660203, -0.0035229563), (-0.49999782, -0.86602336, -0.0023668082), (-0.8660218, -0.5000006, -0.0023667046), (-0.86601895, -0.4999988, -0.003522881), (-0.2956283, 0.51204604, -0.8064817), (-0.5120435, 0.29563075, -0.8064824), (-0.51204276, 0.29563197, -0.80648243), (-0.29562736, 0.5120466, -0.8064817), (-0.9999938, 0, -0.0035228755), (-0.9999972, 1.4743025e-8, -0.002366678), (-0.8660217, 0.50000083, -0.002366705), (-0.86601883, 0.49999893, -0.0035228776), (-0.86601895, -0.4999988, -0.003522881), (-0.9999938, 0, -0.0035228755), (-0.96592444, -0.2588243, 0), (-0.8660245, -0.50000167, 1.2680692e-7), (-0.86601883, 0.49999893, -0.0035228776), (-0.8660217, 0.50000083, -0.002366705), (-0.499998, 0.8660234, -0.0023668108), (-0.49999633, 0.8660203, -0.0035229488), (-0.49994844, -0.8659357, -0.01438661), (-0.4999627, -0.86596155, -0.012156493), (-0.8659628, -0.4999606, -0.012156443), (-0.86593646, -0.4999471, -0.014386512), (-0.0000012870207, -0.99989647, -0.014386618), (-0.0000017811585, -0.99992615, -0.012156559), (-0.4999627, -0.86596155, -0.012156493), (-0.49994844, -0.8659357, -0.01438661), (0.49994788, -0.865936, -0.014386696), (0.49996224, -0.86596185, -0.0121567), (-0.0000017811585, -0.99992615, -0.012156559), (-0.0000012870207, -0.99989647, -0.014386618), (0.8659347, -0.49995014, -0.0143867005), (0.8659618, -0.49996245, -0.012156739), (0.49996224, -0.86596185, -0.0121567), (0.49994788, -0.865936, -0.014386696), (0.99989647, -4.421069e-8, -0.01438667), (0.9999261, -4.920324e-8, -0.01215663), (0.8659618, -0.49996245, -0.012156739), (0.8659347, -0.49995014, -0.0143867005), (0.86593467, 0.4999502, -0.014386701), (0.8659619, 0.4999623, -0.012156739), (0.9999261, -4.920324e-8, -0.01215663), (0.99989647, -4.421069e-8, -0.01438667), (0.49994794, 0.8659359, -0.014386693), (0.49996236, 0.86596185, -0.012156703), (0.8659619, 0.4999623, -0.012156739), (0.86593467, 0.4999502, -0.014386701), (-0.0000012280734, 0.9998966, -0.014386612), (-0.0000018106805, 0.9999261, -0.012156553), (0.49996236, 0.86596185, -0.012156703), (0.49994794, 0.8659359, -0.014386693), (-0.49994856, 0.86593556, -0.014386604), (-0.4999628, 0.86596155, -0.012156489), (-0.0000018106805, 0.9999261, -0.012156553), (-0.0000012280734, 0.9998966, -0.014386612), (-0.86593646, 0.49994713, -0.014386511), (-0.86596286, 0.49996063, -0.012156445), (-0.4999628, 0.86596155, -0.012156489), (-0.49994856, 0.86593556, -0.014386604), (-0.99989647, 9.824577e-9, -0.014386376), (-0.99992615, 6.8884425e-8, -0.012156372), (-0.86596286, 0.49996063, -0.012156445), (-0.86593646, 0.49994713, -0.014386511), (-0.86600256, -0.49998817, -0.0071726623), (-0.99997425, 4.903071e-9, -0.0071726157), (-0.9999972, 1.4743025e-8, -0.002366678), (-0.8660218, -0.5000006, -0.0023667046), (-0.4999873, -0.86600304, -0.007172745), (-0.86600256, -0.49998817, -0.0071726623), (-0.8660218, -0.5000006, -0.0023667046), (-0.49999782, -0.86602336, -0.0023668082), (-1.17673615e-7, -0.99997425, -0.007172795), (-0.4999873, -0.86600304, -0.007172745), (-0.49999782, -0.86602336, -0.0023668082), (0.0000012875563, -0.99999726, -0.0023669673), (0.49998796, -0.8660027, -0.00717286), (-1.17673615e-7, -0.99997425, -0.007172795), (0.0000012875563, -0.99999726, -0.0023669673), (0.49999887, -0.8660229, -0.002367098), (0.8660012, -0.49999046, -0.007172953), (0.49998796, -0.8660027, -0.00717286), (0.49999887, -0.8660229, -0.002367098), (0.8660218, -0.5000006, -0.0023671766), (0.99997425, -4.9030806e-9, -0.0071730525), (0.8660012, -0.49999046, -0.007172953), (0.8660218, -0.5000006, -0.0023671766), (0.99999726, 2.4571706e-8, -0.0023672131), (0.86600107, 0.49999067, -0.0071729575), (0.99997425, -4.9030806e-9, -0.0071730525), (0.99999726, 2.4571706e-8, -0.0023672131), (0.8660217, 0.5000008, -0.0023671768), (0.4999882, 0.8660025, -0.007172869), (0.86600107, 0.49999067, -0.0071729575), (0.8660217, 0.5000008, -0.0023671768), (0.49999914, 0.86602265, -0.0023671002), (1.9612271e-8, 0.99997425, -0.007172805), (0.4999882, 0.8660025, -0.007172869), (0.49999914, 0.86602265, -0.0023671002), (0.0000014349865, 0.9999972, -0.0023669724), (-0.49998742, 0.8660029, -0.007172751), (1.9612271e-8, 0.99997425, -0.007172805), (0.0000014349865, 0.9999972, -0.0023669724), (-0.499998, 0.8660234, -0.0023668108), (-0.8660025, 0.4999882, -0.007172663), (-0.49998742, 0.8660029, -0.007172751), (-0.499998, 0.8660234, -0.0023668108), (-0.8660217, 0.50000083, -0.002366705), (-0.99997425, 4.903071e-9, -0.0071726157), (-0.8660025, 0.4999882, -0.007172663), (-0.8660217, 0.50000083, -0.002366705), (-0.9999972, 1.4743025e-8, -0.002366678), (-0.86593646, -0.4999471, -0.014386512), (-0.8659628, -0.4999606, -0.012156443), (-0.99992615, 6.8884425e-8, -0.012156372), (-0.99989647, 9.824577e-9, -0.014386376), (0.8633574, 0.49846074, -0.07842741), (0.49846053, 0.86335766, -0.07842649), (0.4984616, 0.86335695, -0.07842649), (0.8633578, 0.49846014, -0.07842741), (4.4894864e-7, -0.591259, -0.8064817), (0.29563138, -0.51204586, -0.8064807), (0.29563066, -0.5120463, -0.8064807), (7.540647e-7, -0.591259, -0.8064817), (0.2956357, 0.5120455, -0.8064794), (-0.0000045233705, 0.5912592, -0.80648166), (-0.000004241615, 0.5912591, -0.80648166), (0.29563498, 0.51204586, -0.8064794), (-0.5120492, -0.29562837, -0.8064797), (-0.29563674, -0.51204485, -0.8064794), (-0.2956358, -0.51204544, -0.80647933), (-0.5120486, -0.29562956, -0.80647963), (0.591261, 6.183649e-7, -0.80648017), (0.5120493, 0.29562846, -0.8064796), (0.5120486, 0.29562962, -0.8064795), (0.5912611, 6.1545086e-7, -0.8064802), (-0.5120435, 0.29563075, -0.8064824), (-0.591261, -6.2683563e-7, -0.80648017), (-0.591261, -6.2654004e-7, -0.8064802), (-0.51204276, 0.29563197, -0.80648243), (0.29563138, -0.51204586, -0.8064807), (0.5120487, -0.29562932, -0.80647963), (0.51204807, -0.2956305, -0.80647963), (0.29563066, -0.5120463, -0.8064807), (-0.0000045233705, 0.5912592, -0.80648166), (-0.2956283, 0.51204604, -0.8064817), (-0.29562736, 0.5120466, -0.8064817), (-0.000004241615, 0.5912591, -0.80648166), (-0.29563674, -0.51204485, -0.8064794), (4.4894864e-7, -0.591259, -0.8064817), (7.540647e-7, -0.591259, -0.8064817), (-0.2956358, -0.51204544, -0.80647933), (0.5120493, 0.29562846, -0.8064796), (0.2956357, 0.5120455, -0.8064794), (0.29563498, 0.51204586, -0.8064794), (0.5120486, 0.29562962, -0.8064795), (-0.591261, -6.2683563e-7, -0.80648017), (-0.5120492, -0.29562837, -0.8064797), (-0.5120486, -0.29562956, -0.80647963), (-0.591261, -6.2654004e-7, -0.8064802), (0.5120487, -0.29562932, -0.80647963), (0.591261, 6.183649e-7, -0.80648017), (0.5912611, 6.1545086e-7, -0.8064802), (0.51204807, -0.2956305, -0.80647963), (-7.1315173e-7, 0, 1), (-7.1315173e-7, 0, 1), (-7.1315173e-7, 0, 1), (-7.1315173e-7, 0, 1), (-7.1315173e-7, 0, 1), (-7.1315173e-7, 0, 1), (-7.1315173e-7, 0, 1), (-7.1315173e-7, 0, 1), (-7.1315173e-7, 0, 1), (-7.1315173e-7, 0, 1), (-7.1315173e-7, 0, 1), (-7.1315173e-7, 0, 1), (-0.99692005, -2.8112174e-7, -0.078425206), (-0.86335737, -0.49846107, -0.07842566), (-0.8633575, -0.49846083, -0.07842565), (-0.99692, -5.2721185e-7, -0.078425206), (-0.49845937, 0.86335856, -0.07842378), (-0.86335754, 0.49846092, -0.07842484), (-0.8633579, 0.49846038, -0.07842485), (-0.49845892, 0.86335886, -0.07842378), (-0.000001143875, -0.99692, -0.07842577), (0.4984606, -0.8633575, -0.07842771), (0.49846148, -0.86335695, -0.07842771), (0.0000010345302, -0.99692, -0.078425765), (0.9969198, 5.3316217e-7, -0.07842792), (0.8633574, 0.49846074, -0.07842741), (0.8633578, 0.49846014, -0.07842741), (0.9969198, 2.8847515e-7, -0.07842792), (-0.0000015413236, 0.99692005, -0.07842442), (-0.49845937, 0.86335856, -0.07842378), (-0.49845892, 0.86335886, -0.07842378), (6.465813e-7, 0.99692005, -0.07842442), (-0.4984591, -0.8633586, -0.07842499), (-0.000001143875, -0.99692, -0.07842577), (0.0000010345302, -0.99692, -0.078425765), (-0.4984584, -0.863359, -0.07842499), (0.86335766, -0.49846014, -0.07842802), (0.9969198, 5.3316217e-7, -0.07842792), (0.9969198, 2.8847515e-7, -0.07842792), (0.8633578, -0.49845988, -0.07842803), (0.49846053, 0.86335766, -0.07842649), (-0.0000015413236, 0.99692005, -0.07842442), (6.465813e-7, 0.99692005, -0.07842442), (0.4984616, 0.86335695, -0.07842649), (-0.86335737, -0.49846107, -0.07842566), (-0.4984591, -0.8633586, -0.07842499), (-0.4984584, -0.863359, -0.07842499), (-0.8633575, -0.49846083, -0.07842565), (-0.86335754, 0.49846092, -0.07842484), (-0.99692005, -2.8112174e-7, -0.078425206), (-0.99692, -5.2721185e-7, -0.078425206), (-0.8633579, 0.49846038, -0.07842485), (0.4984606, -0.8633575, -0.07842771), (0.86335766, -0.49846014, -0.07842802), (0.8633578, -0.49845988, -0.07842803), (0.49846148, -0.86335695, -0.07842771), (-0.70552814, -0.70552945, -0.06676984), (-0.70405126, -0.70405245, -0.09285406), (-0.7040513, -0.7040525, -0.09285401), (-0.70552814, -0.70552945, -0.06676984), (0.70552874, -0.7055282, -0.06677734), (0.7040526, -0.7040506, -0.09285748), (0.7040527, -0.70405066, -0.09285745), (0.70552874, -0.7055282, -0.06677734), (-0.70552796, 0.7055296, -0.06676986), (-0.7040512, 0.70405257, -0.092853755), (-0.7040512, 0.70405257, -0.092853814), (-0.70552796, 0.7055296, -0.06676986), (-0.67479354, 0.6747925, 0.29884553), (-0.67479354, 0.6747925, 0.29884553), (-0.6812192, 0.68122125, 0.26810083), (-0.6812192, 0.6812212, 0.26810083), (-0.67479366, -0.67479265, 0.2988454), (-0.67479366, -0.67479265, 0.2988454), (-0.6812204, -0.6812201, 0.26810044), (-0.6812204, -0.6812201, 0.26810047), (0.67479247, 0.6747945, 0.29884362), (0.67479247, 0.6747945, 0.29884362), (0.68122, 0.6812209, 0.2680997), (0.68121994, 0.6812209, 0.26809964), (-0.7033057, -0.7033068, 0.103540525), (-0.7033058, -0.7033067, 0.10354052), (-0.7037959, -0.7037959, 0.0966567), (0.6747947, -0.67479265, 0.2988428), (0.6747947, -0.67479265, 0.2988428), (0.6812212, -0.6812198, 0.26809922), (0.6812213, -0.6812198, 0.26809925), (0.7033091, -0.70330346, 0.10353967), (0.70330906, -0.70330346, 0.10353967), (0.7037967, -0.7037952, 0.09665667), (0.7033099, 0.7033027, 0.103539534), (0.7033099, 0.7033028, 0.103539556), (0.70380044, 0.70379156, 0.09665608), (-0.7033058, -0.7033067, 0.10354052), (-0.7033057, -0.7033068, 0.103540525), (-0.7017376, -0.70174104, 0.122979075), (-0.7017376, -0.70174104, 0.12297906), (-0.7017376, -0.70174104, 0.12297906), (-0.7017376, -0.70174104, 0.122979075), (-0.698947, -0.6989487, 0.15147218), (-0.698947, -0.6989487, 0.15147218), (-0.698947, -0.6989487, 0.15147218), (-0.698947, -0.6989487, 0.15147218), (-0.69295347, -0.69295335, 0.19907558), (-0.69295347, -0.6929534, 0.1990756), (-0.69295347, -0.6929534, 0.1990756), (-0.69295347, -0.69295335, 0.19907558), (-0.6812204, -0.6812201, 0.26810047), (-0.6812204, -0.6812201, 0.26810044), (-0.7033061, 0.70330644, 0.10354042), (-0.70330614, 0.70330644, 0.10354042), (-0.70173824, 0.7017404, 0.122978926), (-0.70173824, 0.70174044, 0.122978956), (-0.70173824, 0.70174044, 0.122978956), (-0.70173824, 0.7017404, 0.122978926), (-0.6989476, 0.69894814, 0.15147214), (-0.69894767, 0.6989481, 0.15147214), (-0.69894767, 0.6989481, 0.15147214), (-0.6989476, 0.69894814, 0.15147214), (-0.69295186, 0.69295484, 0.19907604), (-0.69295186, 0.69295484, 0.199076), (-0.69295186, 0.69295484, 0.199076), (-0.69295186, 0.69295484, 0.19907604), (-0.6812192, 0.6812212, 0.26810083), (-0.6812192, 0.68122125, 0.26810083), (0.70330906, -0.70330346, 0.10353967), (0.7033091, -0.70330346, 0.10353967), (0.70174277, -0.701736, 0.1229782), (0.7017428, -0.701736, 0.1229782), (0.7017428, -0.701736, 0.1229782), (0.70174277, -0.701736, 0.1229782), (0.69894946, -0.6989461, 0.15147297), (0.69894946, -0.69894606, 0.15147297), (0.69894946, -0.69894606, 0.15147297), (0.69894946, -0.6989461, 0.15147297), (0.6929539, -0.6929526, 0.19907673), (0.6929539, -0.6929526, 0.19907677), (0.6929539, -0.6929526, 0.19907677), (0.6929539, -0.6929526, 0.19907673), (0.6812213, -0.6812198, 0.26809925), (0.6812212, -0.6812198, 0.26809922), (0.7033099, 0.7033028, 0.103539556), (0.7033099, 0.7033027, 0.103539534), (0.70174134, 0.70173746, 0.12297845), (0.7017413, 0.70173746, 0.12297845), (0.7017413, 0.70173746, 0.12297845), (0.70174134, 0.70173746, 0.12297845), (0.69894886, 0.69894654, 0.15147312), (0.6989489, 0.6989466, 0.15147313), (0.6989489, 0.6989466, 0.15147313), (0.69894886, 0.69894654, 0.15147312), (0.6929539, 0.69295263, 0.19907671), (0.69295394, 0.6929527, 0.1990767), (0.69295394, 0.6929527, 0.1990767), (0.6929539, 0.69295263, 0.19907671), (0.68121994, 0.6812209, 0.26809964), (0.68122, 0.6812209, 0.2680997), (-0.70330614, 0.70330644, 0.10354042), (-0.7033061, 0.70330644, 0.10354042), (-0.7037967, 0.70379525, 0.09665651), (0.70552886, 0.70552796, -0.06677733), (0.7040541, 0.7040494, -0.09285699), (0.704054, 0.7040494, -0.09285703), (0.70552886, 0.70552796, -0.06677733), (0.6647986, -0.6647991, -0.34071237), (0.6515283, -0.6515316, -0.38860983), (0.6515283, -0.6515316, -0.38860983), (0.6647986, -0.6647991, -0.3407124), (0.66479963, 0.6647982, -0.34071198), (0.6515301, 0.65153, -0.38860914), (0.6515301, 0.65153, -0.38860914), (0.6647997, 0.66479826, -0.340712), (-0.66479814, 0.66480005, -0.3407115), (-0.6515294, 0.65153134, -0.38860852), (-0.6515294, 0.65153134, -0.38860852), (-0.66479814, 0.66480005, -0.34071147), (-0.66479635, -0.6648016, -0.34071192), (-0.66479635, -0.6648016, -0.34071195), (-0.68774766, -0.68775177, -0.23238023), (-0.6877478, -0.68775177, -0.23238015), (-0.6877478, -0.68775177, -0.23238015), (-0.68774766, -0.68775177, -0.23238023), (-0.69869936, -0.69869846, -0.1537521), (-0.69869936, -0.6986984, -0.1537521), (-0.69869936, -0.6986984, -0.1537521), (-0.69869936, -0.69869846, -0.1537521), (-0.7040513, -0.7040525, -0.09285401), (-0.70405126, -0.70405245, -0.09285406), (0.6647986, -0.6647991, -0.34071237), (0.6647986, -0.6647991, -0.3407124), (0.6877517, -0.6877481, -0.2323794), (0.6877517, -0.6877481, -0.2323794), (0.6877517, -0.6877481, -0.2323794), (0.6877517, -0.6877481, -0.2323794), (0.6987006, -0.69869715, -0.15375195), (0.69870067, -0.69869715, -0.15375192), (0.69870067, -0.69869715, -0.15375192), (0.6987006, -0.69869715, -0.15375195), (0.7040527, -0.70405066, -0.09285745), (0.7040526, -0.7040506, -0.09285748), (0.66479963, 0.6647982, -0.34071198), (0.6647997, 0.66479826, -0.340712), (0.68775165, 0.687748, -0.23237942), (0.6877517, 0.6877481, -0.23237942), (0.6877517, 0.6877481, -0.23237942), (0.68775165, 0.687748, -0.23237942), (0.69870174, 0.69869614, -0.15375152), (0.69870174, 0.6986962, -0.15375154), (0.69870174, 0.6986962, -0.15375154), (0.69870174, 0.69869614, -0.15375152), (0.704054, 0.7040494, -0.09285703), (0.7040541, 0.7040494, -0.09285699), (-0.66479814, 0.66480005, -0.3407115), (-0.66479814, 0.66480005, -0.34071147), (-0.68774915, 0.6877505, -0.23237953), (-0.68774915, 0.6877506, -0.23237963), (-0.68774915, 0.6877506, -0.23237963), (-0.68774915, 0.6877505, -0.23237953), (-0.6986984, 0.6986994, -0.1537521), (-0.6986984, 0.69869936, -0.15375213), (-0.6986984, 0.69869936, -0.15375213), (-0.6986984, 0.6986994, -0.1537521), (-0.7040512, 0.70405257, -0.092853814), (-0.7040512, 0.70405257, -0.092853755), (-0.66479635, -0.6648016, -0.34071192), (-0.651529, -0.6515316, -0.38860837), (-0.651529, -0.6515316, -0.38860837), (-0.66479635, -0.6648016, -0.34071195), (-0.99989647, 9.824577e-9, -0.014386376), (-0.86593646, 0.49994713, -0.014386511), (-0.8660025, 0.4999882, -0.007172663), (-0.99997425, 4.903071e-9, -0.0071726157), (-0.86593646, 0.49994713, -0.014386511), (-0.49994856, 0.86593556, -0.014386604), (-0.49998742, 0.8660029, -0.007172751), (-0.8660025, 0.4999882, -0.007172663), (-0.49994856, 0.86593556, -0.014386604), (-0.0000012280734, 0.9998966, -0.014386612), (1.9612271e-8, 0.99997425, -0.007172805), (-0.49998742, 0.8660029, -0.007172751), (-0.0000012280734, 0.9998966, -0.014386612), (0.49994794, 0.8659359, -0.014386693), (0.4999882, 0.8660025, -0.007172869), (1.9612271e-8, 0.99997425, -0.007172805), (0.49994794, 0.8659359, -0.014386693), (0.86593467, 0.4999502, -0.014386701), (0.86600107, 0.49999067, -0.0071729575), (0.4999882, 0.8660025, -0.007172869), (0.86593467, 0.4999502, -0.014386701), (0.99989647, -4.421069e-8, -0.01438667), (0.99997425, -4.9030806e-9, -0.0071730525), (0.86600107, 0.49999067, -0.0071729575), (0.99989647, -4.421069e-8, -0.01438667), (0.8659347, -0.49995014, -0.0143867005), (0.8660012, -0.49999046, -0.007172953), (0.99997425, -4.9030806e-9, -0.0071730525), (0.8659347, -0.49995014, -0.0143867005), (0.49994788, -0.865936, -0.014386696), (0.49998796, -0.8660027, -0.00717286), (0.8660012, -0.49999046, -0.007172953), (0.49994788, -0.865936, -0.014386696), (-0.0000012870207, -0.99989647, -0.014386618), (-1.17673615e-7, -0.99997425, -0.007172795), (0.49998796, -0.8660027, -0.00717286), (-0.0000012870207, -0.99989647, -0.014386618), (-0.49994844, -0.8659357, -0.01438661), (-0.4999873, -0.86600304, -0.007172745), (-1.17673615e-7, -0.99997425, -0.007172795), (-0.49994844, -0.8659357, -0.01438661), (-0.86593646, -0.4999471, -0.014386512), (-0.86600256, -0.49998817, -0.0071726623), (-0.4999873, -0.86600304, -0.007172745), (-0.86593646, -0.4999471, -0.014386512), (-0.99989647, 9.824577e-9, -0.014386376), (-0.99997425, 4.903071e-9, -0.0071726157), (-0.86600256, -0.49998817, -0.0071726623), (-2.2284694e-13, 0, -1), (-2.2284694e-13, 0, -1), (-2.2284694e-13, 0, -1), (-2.2284694e-13, 0, -1), (-2.2284694e-13, 0, -1), (-2.2284694e-13, 0, -1), (-2.2284694e-13, 0, -1), (-2.2284694e-13, 0, -1), (-2.2284694e-13, 0, -1), (-2.2284694e-13, 0, -1), (-2.2284694e-13, 0, -1), (-2.2284694e-13, 0, -1), (0.9999938, -4.9076863e-9, -0.0035232634), (0.86601895, -0.4999988, -0.003523244), (0.86602414, -0.50000215, -1.3960293e-7), (0.9659274, -0.258813, -2.6969153e-7), (-0.86601883, 0.49999893, -0.0035228776), (-0.49999633, 0.8660203, -0.0035229488), (-0.7071079, 0.7071056, 2.4497237e-7), (-0.8660245, 0.50000167, 1.2680692e-7), (0.49999464, -0.8660214, -0.0035231926), (0.0000020563232, -0.9999938, -0.0035231016), (0.25882217, -0.965925, 0), (0.49999657, -0.86602736, 0), (0.0000021986466, 0.9999938, -0.0035230967), (0.49999472, 0.8660213, -0.003523186), (0.49999666, 0.86602736, 0), (0.25882244, 0.96592486, 0), (-0.49999633, -0.8660203, -0.0035229563), (-0.86601895, -0.4999988, -0.003522881), (-0.8660245, -0.50000167, 1.2680692e-7), (-0.5000003, -0.8660253, 1.741686e-7), (0.8660189, 0.4999989, -0.0035232403), (0.9999938, -4.9076863e-9, -0.0035232634), (0.9659274, 0.258813, -2.6969153e-7), (0.86602414, 0.50000215, -1.3960293e-7), (-0.9999938, 0, -0.0035228755), (-0.86601883, 0.49999893, -0.0035228776), (-0.8660245, 0.50000167, 1.2680692e-7), (-0.96592444, 0.2588243, 0), (0.86601895, -0.4999988, -0.003523244), (0.49999464, -0.8660214, -0.0035231926), (0.49999657, -0.86602736, 0), (0.86602414, -0.50000215, -1.3960293e-7), (-0.49999633, 0.8660203, -0.0035229488), (0.0000021986466, 0.9999938, -0.0035230967), (-0.25881776, 0.9659261, 8.854386e-8), (-0.25881776, 0.9659261, 8.854386e-8), (0.0000020563232, -0.9999938, -0.0035231016), (-0.49999633, -0.8660203, -0.0035229563), (-0.5000003, -0.8660253, 1.741686e-7), (-0.25881776, -0.9659261, 9.149532e-8), (0.49999472, 0.8660213, -0.003523186), (0.8660189, 0.4999989, -0.0035232403), (0.86602414, 0.50000215, -1.3960293e-7), (0.49999666, 0.86602736, 0), (-0.8660194, -0.499998, -0.003522882), (-0.86602193, -0.50000036, -0.002366707), (-0.9999972, 4.914343e-9, -0.002366679), (-0.9999938, 0, -0.003522875), (-0.49999702, 0.86601996, -0.0035229565), (-0.4999986, 0.86602306, -0.0023668178), (0.0000019018487, 0.9999972, -0.0023669677), (0.0000026059847, 0.9999938, -0.0035230892), (0.0000026059847, 0.9999938, -0.0035230892), (0.0000019018487, 0.9999972, -0.0023669677), (0.499999, 0.86602277, -0.0023670935), (0.4999949, 0.8660212, -0.003523176), (0.4999949, 0.8660212, -0.003523176), (0.499999, 0.86602277, -0.0023670935), (0.86602145, 0.5000012, -0.0023671782), (0.86601925, 0.4999983, -0.0035232417), (0.86601925, 0.4999983, -0.0035232417), (0.86602145, 0.5000012, -0.0023671782), (0.99999726, 4.9143414e-9, -0.002367213), (0.9999938, -9.815369e-9, -0.0035232622), (0.9999938, -9.815369e-9, -0.0035232622), (0.99999726, 4.9143414e-9, -0.002367213), (0.86602163, -0.50000095, -0.0023671791), (0.8660193, -0.49999815, -0.0035232452), (0.8660193, -0.49999815, -0.0035232452), (0.86602163, -0.50000095, -0.0023671791), (0.4999988, -0.8660229, -0.0023670918), (0.49999478, -0.8660212, -0.0035231842), (0.49999478, -0.8660212, -0.0035231842), (0.4999988, -0.8660229, -0.0023670918), (0.0000017347609, -0.9999972, -0.0023669642), (0.000002453846, -0.9999938, -0.0035230988), (0.000002453846, -0.9999938, -0.0035230988), (0.0000017347609, -0.9999972, -0.0023669642), (-0.49999848, -0.86602306, -0.002366817), (-0.499997, -0.8660199, -0.0035229644), (-0.499997, -0.8660199, -0.0035229644), (-0.49999848, -0.86602306, -0.002366817), (-0.86602193, -0.50000036, -0.002366707), (-0.8660194, -0.499998, -0.003522882), (-0.29563394, 0.5120457, -0.80647993), (-0.5120393, 0.29563028, -0.8064853), (-0.51203865, 0.29563147, -0.80648524), (-0.295633, 0.51204616, -0.80647993), (-0.9999938, 0, -0.003522875), (-0.9999972, 4.914343e-9, -0.002366679), (-0.8660218, 0.5000006, -0.0023667084), (-0.86601937, 0.49999812, -0.00352288), (-0.8660194, -0.499998, -0.003522882), (-0.9999938, 0, -0.003522875), (-0.96592444, -0.2588243, 0), (-0.866025, -0.5000007, 1.2833495e-7), (-0.86601937, 0.49999812, -0.00352288), (-0.8660218, 0.5000006, -0.0023667084), (-0.4999986, 0.86602306, -0.0023668178), (-0.49999702, 0.86601996, -0.0035229565), (-0.4999481, -0.86593586, -0.014386607), (-0.49996284, -0.86596155, -0.012156496), (-0.8659631, -0.49996015, -0.012156454), (-0.865936, -0.49994773, -0.014386501), (-3.4877283e-7, -0.99989647, -0.014386632), (-6.5932386e-7, -0.9999261, -0.012156563), (-0.49996284, -0.86596155, -0.012156496), (-0.4999481, -0.86593586, -0.014386607), (0.49994844, -0.8659357, -0.014386702), (0.49996293, -0.86596155, -0.012156714), (-6.5932386e-7, -0.9999261, -0.012156563), (-3.4877283e-7, -0.99989647, -0.014386632), (0.86593425, -0.4999509, -0.014386696), (0.865961, -0.4999638, -0.012156728), (0.49996293, -0.86596155, -0.012156714), (0.49994844, -0.8659357, -0.014386702), (0.9998966, 9.824603e-9, -0.0143866725), (0.9999261, 5.9043945e-8, -0.012156631), (0.865961, -0.4999638, -0.012156728), (0.86593425, -0.4999509, -0.014386696), (0.8659342, 0.49995095, -0.014386696), (0.865961, 0.49996376, -0.012156728), (0.9999261, 5.9043945e-8, -0.012156631), (0.9998966, 9.824603e-9, -0.0143866725), (0.49994856, 0.8659356, -0.0143867), (0.49996293, 0.8659615, -0.012156709), (0.865961, 0.49996376, -0.012156728), (0.8659342, 0.49995095, -0.014386696), (-2.8982532e-7, 0.99989647, -0.014386627), (-6.5932386e-7, 0.9999261, -0.012156555), (0.49996293, 0.8659615, -0.012156709), (0.49994856, 0.8659356, -0.0143867), (-0.49994817, 0.86593586, -0.0143866055), (-0.49996293, 0.86596155, -0.012156487), (-6.5932386e-7, 0.9999261, -0.012156555), (-2.8982532e-7, 0.99989647, -0.014386627), (-0.86593604, 0.4999478, -0.014386501), (-0.86596316, 0.49996, -0.012156443), (-0.49996293, 0.86596155, -0.012156487), (-0.49994817, 0.86593586, -0.0143866055), (-0.99989647, -3.4386026e-8, -0.014386374), (-0.9999261, -1.3776882e-7, -0.012156369), (-0.86596316, 0.49996, -0.012156443), (-0.86593604, 0.4999478, -0.014386501), (-0.8660019, -0.49998924, -0.007172646), (-0.99997425, 3.922459e-8, -0.0071726134), (-0.9999972, 4.914343e-9, -0.002366679), (-0.86602193, -0.50000036, -0.002366707), (-0.4999871, -0.86600316, -0.007172744), (-0.8660019, -0.49998924, -0.007172646), (-0.86602193, -0.50000036, -0.002366707), (-0.49999848, -0.86602306, -0.002366817), (7.0604176e-7, -0.99997425, -0.007172807), (-0.4999871, -0.86600316, -0.007172744), (-0.49999848, -0.86602306, -0.002366817), (0.0000017347609, -0.9999972, -0.0023669642), (0.49998817, -0.86600256, -0.007172865), (7.0604176e-7, -0.99997425, -0.007172807), (0.0000017347609, -0.9999972, -0.0023669642), (0.4999988, -0.8660229, -0.0023670918), (0.86600095, -0.4999909, -0.0071729575), (0.49998817, -0.86600256, -0.007172865), (0.4999988, -0.8660229, -0.0023670918), (0.86602163, -0.50000095, -0.0023671791), (0.99997425, -4.9030806e-9, -0.007173053), (0.86600095, -0.4999909, -0.0071729575), (0.86602163, -0.50000095, -0.0023671791), (0.99999726, 4.9143414e-9, -0.002367213), (0.8660009, 0.49999106, -0.00717296), (0.99997425, -4.9030806e-9, -0.007173053), (0.99999726, 4.9143414e-9, -0.002367213), (0.86602145, 0.5000012, -0.0023671782), (0.49998835, 0.8660024, -0.0071728732), (0.8660009, 0.49999106, -0.00717296), (0.86602145, 0.5000012, -0.0023671782), (0.499999, 0.86602277, -0.0023670935), (8.384247e-7, 0.99997425, -0.00717282), (0.49998835, 0.8660024, -0.0071728732), (0.499999, 0.86602277, -0.0023670935), (0.0000019018487, 0.9999972, -0.0023669677), (-0.49998713, 0.8660031, -0.007172753), (8.384247e-7, 0.99997425, -0.00717282), (0.0000019018487, 0.9999972, -0.0023669677), (-0.4999986, 0.86602306, -0.0023668178), (-0.8660019, 0.49998933, -0.007172653), (-0.49998713, 0.8660031, -0.007172753), (-0.4999986, 0.86602306, -0.0023668178), (-0.8660218, 0.5000006, -0.0023667084), (-0.99997425, 3.922459e-8, -0.0071726134), (-0.8660019, 0.49998933, -0.007172653), (-0.8660218, 0.5000006, -0.0023667084), (-0.9999972, 4.914343e-9, -0.002366679), (-0.865936, -0.49994773, -0.014386501), (-0.8659631, -0.49996015, -0.012156454), (-0.9999261, -1.3776882e-7, -0.012156369), (-0.99989647, -3.4386026e-8, -0.014386374), (0.8633573, 0.49846092, -0.07842744), (0.49846002, 0.8633579, -0.078426205), (0.4984612, 0.86335725, -0.0784262), (0.86335766, 0.49846035, -0.07842744), (0.0000025242775, -0.5912586, -0.80648196), (0.29562742, -0.51204604, -0.806482), (0.29562667, -0.5120465, -0.806482), (0.0000027279405, -0.5912586, -0.80648196), (0.29563007, 0.5120458, -0.80648124), (-0.000004142187, 0.5912589, -0.80648184), (-0.000003947752, 0.5912588, -0.80648184), (0.29562926, 0.5120463, -0.8064812), (-0.5120587, -0.29562736, -0.8064741), (-0.29563648, -0.5120452, -0.8064792), (-0.29563555, -0.51204574, -0.8064792), (-0.5120579, -0.29562852, -0.80647403), (0.591261, -0.0000018550945, -0.80648017), (0.5120534, 0.2956288, -0.8064769), (0.51205266, 0.29562998, -0.8064769), (0.5912611, -0.0000018518971, -0.8064803), (-0.5120393, 0.29563028, -0.8064853), (-0.591261, 0.0000018805067, -0.8064802), (-0.591261, 0.0000018796197, -0.8064802), (-0.51203865, 0.29563147, -0.80648524), (0.29562742, -0.51204604, -0.806482), (0.51203406, -0.2956317, -0.8064881), (0.5120333, -0.29563293, -0.8064881), (0.29562667, -0.5120465, -0.806482), (-0.000004142187, 0.5912589, -0.80648184), (-0.29563394, 0.5120457, -0.80647993), (-0.295633, 0.51204616, -0.80647993), (-0.000003947752, 0.5912588, -0.80648184), (-0.29563648, -0.5120452, -0.8064792), (0.0000025242775, -0.5912586, -0.80648196), (0.0000027279405, -0.5912586, -0.80648196), (-0.29563555, -0.51204574, -0.8064792), (0.5120534, 0.2956288, -0.8064769), (0.29563007, 0.5120458, -0.80648124), (0.29562926, 0.5120463, -0.8064812), (0.51205266, 0.29562998, -0.8064769), (-0.591261, 0.0000018805067, -0.8064802), (-0.5120587, -0.29562736, -0.8064741), (-0.5120579, -0.29562852, -0.80647403), (-0.591261, 0.0000018796197, -0.8064802), (0.51203406, -0.2956317, -0.8064881), (0.591261, -0.0000018550945, -0.80648017), (0.5912611, -0.0000018518971, -0.8064803), (0.5120333, -0.29563293, -0.8064881), (0, 0, 1), (0, 0, 1), (0, 0, 1), (0, 0, 1), (0, 0, 1), (0, 0, 1), (0, 0, 1), (0, 0, 1), (0, 0, 1), (0, 0, 1), (0, 0, 1), (0, 0, 1), (-0.99692005, -2.8112174e-7, -0.07842521), (-0.86335766, -0.4984606, -0.07842567), (-0.8633578, -0.49846035, -0.07842567), (-0.99692, -5.2721185e-7, -0.078425206), (-0.49845988, 0.8633583, -0.07842389), (-0.8633578, 0.4984604, -0.078424804), (-0.86335814, 0.49845988, -0.07842482), (-0.4984594, 0.8633585, -0.07842389), (-9.209163e-7, -0.99692, -0.07842577), (0.49846107, -0.8633572, -0.07842743), (0.49846196, -0.8633567, -0.07842743), (8.355821e-7, -0.99692, -0.078425765), (0.99691975, 0.0000013474454, -0.07842791), (0.8633573, 0.49846092, -0.07842744), (0.86335766, 0.49846035, -0.07842744), (0.9969198, 0.000001104163, -0.07842791), (-0.0000013183649, 0.99692005, -0.078424364), (-0.49845988, 0.8633583, -0.07842389), (-0.4984594, 0.8633585, -0.07842389), (4.376859e-7, 0.9969201, -0.07842437), (-0.49845958, -0.8633583, -0.07842513), (-9.209163e-7, -0.99692, -0.07842577), (8.355821e-7, -0.99692, -0.078425765), (-0.49845892, -0.8633588, -0.07842513), (0.86335856, -0.49845868, -0.078427754), (0.99691975, 0.0000013474454, -0.07842791), (0.9969198, 0.000001104163, -0.07842791), (0.86335874, -0.4984584, -0.07842775), (0.49846002, 0.8633579, -0.078426205), (-0.0000013183649, 0.99692005, -0.078424364), (4.376859e-7, 0.9969201, -0.07842437), (0.4984612, 0.86335725, -0.0784262), (-0.86335766, -0.4984606, -0.07842567), (-0.49845958, -0.8633583, -0.07842513), (-0.49845892, -0.8633588, -0.07842513), (-0.8633578, -0.49846035, -0.07842567), (-0.8633578, 0.4984604, -0.078424804), (-0.99692005, -2.8112174e-7, -0.07842521), (-0.99692, -5.2721185e-7, -0.078425206), (-0.86335814, 0.49845988, -0.07842482), (0.49846107, -0.8633572, -0.07842743), (0.86335856, -0.49845868, -0.078427754), (0.86335874, -0.4984584, -0.07842775), (0.49846196, -0.8633567, -0.07842743), (-0.7055284, -0.7055292, -0.06677032), (-0.7040517, -0.70405203, -0.09285444), (-0.7040517, -0.7040521, -0.09285439), (-0.7055284, -0.7055292, -0.06677032), (0.7055286, -0.7055283, -0.06677708), (0.70405316, -0.7040501, -0.09285761), (0.70405316, -0.7040501, -0.09285756), (0.7055286, -0.7055283, -0.06677708), (-0.70552796, 0.70552963, -0.066770375), (-0.7040515, 0.70405227, -0.092854165), (-0.70405143, 0.70405227, -0.09285422), (-0.70552796, 0.70552963, -0.066770375), (-0.67479384, 0.6747923, 0.29884553), (-0.67479384, 0.6747923, 0.29884553), (-0.68122184, 0.68121874, 0.2681006), (-0.6812218, 0.6812187, 0.26810056), (-0.67479384, -0.6747923, 0.29884535), (-0.67479384, -0.6747923, 0.29884535), (-0.68122035, -0.68122, 0.26810095), (-0.68122035, -0.68122, 0.26810098), (0.6747922, 0.6747946, 0.29884416), (0.6747922, 0.6747946, 0.29884416), (0.68121946, 0.68122107, 0.26810044), (0.68121946, 0.68122107, 0.26810044), (-0.70330507, -0.70330745, 0.103540555), (-0.703305, -0.7033074, 0.103540555), (-0.70379597, -0.70379597, 0.096656926), (0.67479485, -0.6747924, 0.29884303), (0.67479485, -0.6747924, 0.29884303), (0.681221, -0.6812198, 0.26809984), (0.68122107, -0.68121976, 0.26809984), (0.7033077, -0.703305, 0.10353951), (0.7033077, -0.70330495, 0.10353949), (0.703797, -0.7037951, 0.096656196), (0.7033093, 0.70330346, 0.10353921), (0.7033092, 0.70330346, 0.103539206), (0.7037977, 0.7037942, 0.096655965), (-0.703305, -0.7033074, 0.103540555), (-0.70330507, -0.70330745, 0.103540555), (-0.7017375, -0.70174116, 0.12297909), (-0.70173746, -0.70174116, 0.12297907), (-0.70173746, -0.70174116, 0.12297907), (-0.7017375, -0.70174116, 0.12297909), (-0.69894737, -0.6989483, 0.15147182), (-0.69894737, -0.6989484, 0.15147185), (-0.69894737, -0.6989484, 0.15147185), (-0.69894737, -0.6989483, 0.15147182), (-0.69295317, -0.6929535, 0.19907594), (-0.69295317, -0.6929535, 0.19907598), (-0.69295317, -0.6929535, 0.19907598), (-0.69295317, -0.6929535, 0.19907594), (-0.68122035, -0.68122, 0.26810098), (-0.68122035, -0.68122, 0.26810095), (-0.70330673, 0.70330584, 0.103540264), (-0.70330673, 0.7033058, 0.10354025), (-0.7017385, 0.70174015, 0.122978896), (-0.70173854, 0.7017402, 0.12297892), (-0.70173854, 0.7017402, 0.12297892), (-0.7017385, 0.70174015, 0.122978896), (-0.69894737, 0.6989483, 0.15147184), (-0.69894737, 0.6989483, 0.15147182), (-0.69894737, 0.6989483, 0.15147182), (-0.69894737, 0.6989483, 0.15147184), (-0.69295514, 0.69295186, 0.1990753), (-0.69295514, 0.69295186, 0.1990753), (-0.69295514, 0.69295186, 0.1990753), (-0.69295514, 0.69295186, 0.1990753), (-0.6812218, 0.6812187, 0.26810056), (-0.68122184, 0.68121874, 0.2681006), (0.7033077, -0.70330495, 0.10353949), (0.7033077, -0.703305, 0.10353951), (0.7017421, -0.7017366, 0.12297841), (0.7017421, -0.7017366, 0.12297838), (0.7017421, -0.7017366, 0.12297838), (0.7017421, -0.7017366, 0.12297841), (0.6989505, -0.6989451, 0.15147272), (0.69895047, -0.69894505, 0.15147272), (0.69895047, -0.69894505, 0.15147272), (0.6989505, -0.6989451, 0.15147272), (0.692954, -0.6929525, 0.19907707), (0.69295394, -0.69295245, 0.1990771), (0.69295394, -0.69295245, 0.1990771), (0.692954, -0.6929525, 0.19907707), (0.68122107, -0.68121976, 0.26809984), (0.681221, -0.6812198, 0.26809984), (0.7033092, 0.70330346, 0.103539206), (0.7033093, 0.70330346, 0.10353921), (0.7017415, 0.7017372, 0.122978516), (0.7017415, 0.70173717, 0.12297852), (0.7017415, 0.70173717, 0.12297852), (0.7017415, 0.7017372, 0.122978516), (0.6989485, 0.6989471, 0.15147313), (0.69894844, 0.6989471, 0.15147313), (0.69894844, 0.6989471, 0.15147313), (0.6989485, 0.6989471, 0.15147313), (0.6929534, 0.6929531, 0.19907719), (0.6929534, 0.69295305, 0.19907714), (0.6929534, 0.69295305, 0.19907714), (0.6929534, 0.6929531, 0.19907719), (0.68121946, 0.68122107, 0.26810044), (0.68121946, 0.68122107, 0.26810044), (-0.70330673, 0.7033058, 0.10354025), (-0.70330673, 0.70330584, 0.103540264), (-0.7037969, 0.70379496, 0.09665668), (0.70552903, 0.7055279, -0.06677706), (0.70405334, 0.7040499, -0.0928573), (0.7040534, 0.70405, -0.09285735), (0.70552903, 0.7055279, -0.06677706), (0.6647983, -0.66480017, -0.340711), (0.6515301, -0.65153164, -0.3886065), (0.6515301, -0.65153164, -0.3886065), (0.6647983, -0.6648001, -0.34071106), (0.6648018, 0.66479737, -0.34070957), (0.65153605, 0.6515272, -0.38860407), (0.65153605, 0.6515272, -0.38860407), (0.6648018, 0.66479737, -0.34070954), (-0.6647971, 0.66480154, -0.3407107), (-0.65152794, 0.65153384, -0.38860646), (-0.65152794, 0.65153384, -0.38860646), (-0.6647971, 0.6648015, -0.34071067), (-0.66479695, -0.6648017, -0.34071052), (-0.66479695, -0.6648017, -0.34071058), (-0.6877485, -0.68775105, -0.23238014), (-0.6877485, -0.687751, -0.23238003), (-0.6877485, -0.687751, -0.23238003), (-0.6877485, -0.68775105, -0.23238014), (-0.69869804, -0.6986998, -0.15375233), (-0.69869804, -0.6986997, -0.15375231), (-0.69869804, -0.6986997, -0.15375231), (-0.69869804, -0.6986998, -0.15375233), (-0.7040517, -0.7040521, -0.09285439), (-0.7040517, -0.70405203, -0.09285444), (0.6647983, -0.66480017, -0.340711), (0.6647983, -0.6648001, -0.34071106), (0.6877495, -0.6877498, -0.23238045), (0.6877495, -0.6877499, -0.2323805), (0.6877495, -0.6877499, -0.2323805), (0.6877495, -0.6877498, -0.23238045), (0.69870067, -0.6986971, -0.1537522), (0.69870067, -0.6986971, -0.15375216), (0.69870067, -0.6986971, -0.15375216), (0.69870067, -0.6986971, -0.1537522), (0.70405316, -0.7040501, -0.09285756), (0.70405316, -0.7040501, -0.09285761), (0.6648018, 0.66479737, -0.34070957), (0.6648018, 0.66479737, -0.34070954), (0.6877505, 0.687749, -0.23238027), (0.6877505, 0.687749, -0.23238026), (0.6877505, 0.687749, -0.23238026), (0.6877505, 0.687749, -0.23238027), (0.6987019, 0.69869596, -0.15375169), (0.6987019, 0.69869596, -0.1537517), (0.6987019, 0.69869596, -0.1537517), (0.6987019, 0.69869596, -0.15375169), (0.7040534, 0.70405, -0.09285735), (0.70405334, 0.7040499, -0.0928573), (-0.6647971, 0.66480154, -0.3407107), (-0.6647971, 0.6648015, -0.34071067), (-0.68774945, 0.6877502, -0.23237984), (-0.68774945, 0.68775016, -0.2323799), (-0.68774945, 0.68775016, -0.2323799), (-0.68774945, 0.6877502, -0.23237984), (-0.6986992, 0.6986986, -0.15375176), (-0.6986992, 0.6986986, -0.15375178), (-0.6986992, 0.6986986, -0.15375178), (-0.6986992, 0.6986986, -0.15375176), (-0.70405143, 0.70405227, -0.09285422), (-0.7040515, 0.70405227, -0.092854165), (-0.66479695, -0.6648017, -0.34071052), (-0.6515277, -0.65153426, -0.3886063), (-0.6515277, -0.65153426, -0.3886063), (-0.66479695, -0.6648017, -0.34071058), (-0.99989647, -3.4386026e-8, -0.014386374), (-0.86593604, 0.4999478, -0.014386501), (-0.8660019, 0.49998933, -0.007172653), (-0.99997425, 3.922459e-8, -0.0071726134), (-0.86593604, 0.4999478, -0.014386501), (-0.49994817, 0.86593586, -0.0143866055), (-0.49998713, 0.8660031, -0.007172753), (-0.8660019, 0.49998933, -0.007172653), (-0.49994817, 0.86593586, -0.0143866055), (-2.8982532e-7, 0.99989647, -0.014386627), (8.384247e-7, 0.99997425, -0.00717282), (-0.49998713, 0.8660031, -0.007172753), (-2.8982532e-7, 0.99989647, -0.014386627), (0.49994856, 0.8659356, -0.0143867), (0.49998835, 0.8660024, -0.0071728732), (8.384247e-7, 0.99997425, -0.00717282), (0.49994856, 0.8659356, -0.0143867), (0.8659342, 0.49995095, -0.014386696), (0.8660009, 0.49999106, -0.00717296), (0.49998835, 0.8660024, -0.0071728732), (0.8659342, 0.49995095, -0.014386696), (0.9998966, 9.824603e-9, -0.0143866725), (0.99997425, -4.9030806e-9, -0.007173053), (0.8660009, 0.49999106, -0.00717296), (0.9998966, 9.824603e-9, -0.0143866725), (0.86593425, -0.4999509, -0.014386696), (0.86600095, -0.4999909, -0.0071729575), (0.99997425, -4.9030806e-9, -0.007173053), (0.86593425, -0.4999509, -0.014386696), (0.49994844, -0.8659357, -0.014386702), (0.49998817, -0.86600256, -0.007172865), (0.86600095, -0.4999909, -0.0071729575), (0.49994844, -0.8659357, -0.014386702), (-3.4877283e-7, -0.99989647, -0.014386632), (7.0604176e-7, -0.99997425, -0.007172807), (0.49998817, -0.86600256, -0.007172865), (-3.4877283e-7, -0.99989647, -0.014386632), (-0.4999481, -0.86593586, -0.014386607), (-0.4999871, -0.86600316, -0.007172744), (7.0604176e-7, -0.99997425, -0.007172807), (-0.4999481, -0.86593586, -0.014386607), (-0.865936, -0.49994773, -0.014386501), (-0.8660019, -0.49998924, -0.007172646), (-0.4999871, -0.86600316, -0.007172744), (-0.865936, -0.49994773, -0.014386501), (-0.99989647, -3.4386026e-8, -0.014386374), (-0.99997425, 3.922459e-8, -0.0071726134), (-0.8660019, -0.49998924, -0.007172646), (0, 0, -0.99999994), (0, 0, -0.99999994), (0, 0, -0.99999994), (0, 0, -0.99999994), (0, 0, -0.99999994), (0, 0, -0.99999994), (0, 0, -0.99999994), (0, 0, -0.99999994), (0, 0, -0.99999994), (0, 0, -0.99999994), (0, 0, -0.99999994), (0, 0, -0.99999994), (0.9999938, -9.815369e-9, -0.0035232622), (0.8660193, -0.49999815, -0.0035232452), (0.86602485, -0.50000083, -1.3979407e-7), (0.9659282, -0.25881016, -2.7006067e-7), (-0.86601937, 0.49999812, -0.00352288), (-0.49999702, 0.86601996, -0.0035229565), (-0.7071095, 0.7071041, 2.4792436e-7), (-0.866025, 0.5000007, 1.2833495e-7), (0.49999478, -0.8660212, -0.0035231842), (0.000002453846, -0.9999938, -0.0035230988), (0.25882307, -0.9659248, 0), (0.499997, -0.8660272, 0), (0.0000026059847, 0.9999938, -0.0035230892), (0.4999949, 0.8660212, -0.003523176), (0.4999969, 0.8660272, 0), (0.25882307, 0.9659248, 0), (-0.499997, -0.8660199, -0.0035229644), (-0.8660194, -0.499998, -0.003522882), (-0.866025, -0.5000007, 1.2833495e-7), (-0.50000083, -0.86602485, 1.741688e-7), (0.86601925, 0.4999983, -0.0035232417), (0.9999938, -9.815369e-9, -0.0035232622), (0.9659282, 0.25881016, -2.7006067e-7), (0.8660249, 0.5000009, -1.3979408e-7), (-0.9999938, 0, -0.003522875), (-0.86601937, 0.49999812, -0.00352288), (-0.866025, 0.5000007, 1.2833495e-7), (-0.96592444, 0.2588243, 0), (0.8660193, -0.49999815, -0.0035232452), (0.49999478, -0.8660212, -0.0035231842), (0.499997, -0.8660272, 0), (0.86602485, -0.50000083, -1.3979407e-7), (-0.49999702, 0.86601996, -0.0035229565), (0.0000026059847, 0.9999938, -0.0035230892), (-0.25881687, 0.96592635, 9.149505e-8), (-0.25881687, 0.96592635, 9.149505e-8), (0.000002453846, -0.9999938, -0.0035230988), (-0.499997, -0.8660199, -0.0035229644), (-0.50000083, -0.86602485, 1.741688e-7), (-0.25881717, -0.96592635, 8.85436e-8), (0.4999949, 0.8660212, -0.003523176), (0.86601925, 0.4999983, -0.0035232417), (0.8660249, 0.5000009, -1.3979408e-7), (0.4999969, 0.8660272, 0), (-0.86601925, -0.49999815, -0.0035228839), (-0.86602175, -0.5000008, -0.0023667072), (-0.9999972, 2.4571722e-8, -0.0023666811), (-0.9999938, 0, -0.0035228755), (-0.49999702, 0.8660199, -0.0035229526), (-0.49999875, 0.8660229, -0.0023668134), (0.0000010221822, 0.99999726, -0.0023669635), (0.0000013250769, 0.9999938, -0.0035230874), (0.0000013250769, 0.9999938, -0.0035230874), (0.0000010221822, 0.99999726, -0.0023669635), (0.49999878, 0.8660228, -0.0023670958), (0.49999493, 0.86602116, -0.0035231812), (0.49999493, 0.86602116, -0.0035231812), (0.49999878, 0.8660228, -0.0023670958), (0.86602205, 0.50000024, -0.0023671812), (0.8660197, 0.4999974, -0.0035232427), (0.8660197, 0.4999974, -0.0035232427), (0.86602205, 0.50000024, -0.0023671812), (0.99999726, -9.82868e-9, -0.0023672115), (0.9999938, 0, -0.0035232622), (0.9999938, 0, -0.0035232622), (0.99999726, -9.82868e-9, -0.0023672115), (0.8660221, -0.50000006, -0.002367181), (0.8660198, -0.49999738, -0.003523247), (0.8660198, -0.49999738, -0.003523247), (0.8660221, -0.50000006, -0.002367181), (0.49999866, -0.866023, -0.002367095), (0.4999948, -0.8660212, -0.0035231889), (0.4999948, -0.8660212, -0.0035231889), (0.49999866, -0.866023, -0.002367095), (0.0000010123534, -0.99999726, -0.0023669603), (0.0000013054461, -0.9999938, -0.0035230927), (0.0000013054461, -0.9999938, -0.0035230927), (0.0000010123534, -0.99999726, -0.0023669603), (-0.49999866, -0.86602294, -0.0023668127), (-0.49999705, -0.86601996, -0.0035229595), (-0.49999705, -0.86601996, -0.0035229595), (-0.49999866, -0.86602294, -0.0023668127), (-0.86602175, -0.5000008, -0.0023667072), (-0.86601925, -0.49999815, -0.0035228839), (-0.29563093, 0.5120457, -0.80648094), (-0.512044, 0.2956298, -0.80648243), (-0.5120433, 0.295631, -0.80648243), (-0.29562998, 0.5120463, -0.806481), (-0.9999938, 0, -0.0035228755), (-0.9999972, 2.4571722e-8, -0.0023666811), (-0.8660216, 0.50000113, -0.002366707), (-0.8660192, 0.49999836, -0.0035228794), (-0.86601925, -0.49999815, -0.0035228839), (-0.9999938, 0, -0.0035228755), (-0.96592444, -0.2588243, 0), (-0.86602473, -0.50000113, 1.2680702e-7), (-0.8660192, 0.49999836, -0.0035228794), (-0.8660216, 0.50000113, -0.002366707), (-0.49999875, 0.8660229, -0.0023668134), (-0.49999702, 0.8660199, -0.0035229526), (-0.49995205, -0.86594164, -0.013893456), (-0.4999692, -0.865971, -0.011172048), (-0.8659731, -0.49996573, -0.011172003), (-0.8659423, -0.499951, -0.013893354), (-9.5306376e-7, -0.9999035, -0.013893479), (-0.0000012495611, -0.9999376, -0.0111721), (-0.4999692, -0.865971, -0.011172048), (-0.49995205, -0.86594164, -0.013893456), (0.49995095, -0.86594224, -0.0138935335), (0.49996772, -0.8659719, -0.011172238), (-0.0000012495611, -0.9999376, -0.0111721), (-9.5306376e-7, -0.9999035, -0.013893479), (0.86594063, -0.49995387, -0.013893533), (0.8659713, -0.4999688, -0.011172263), (0.49996772, -0.8659719, -0.011172238), (0.49995095, -0.86594224, -0.0138935335), (0.9999035, 9.825407e-9, -0.013893511), (0.9999376, -1.967812e-8, -0.011172167), (0.8659713, -0.4999688, -0.011172263), (0.86594063, -0.49995387, -0.013893533), (0.8659406, 0.49995387, -0.013893536), (0.8659714, 0.49996868, -0.011172258), (0.9999376, -1.967812e-8, -0.011172167), (0.9999035, 9.825407e-9, -0.013893511), (0.4999511, 0.8659421, -0.013893532), (0.49996793, 0.86597186, -0.01117223), (0.8659714, 0.49996868, -0.011172258), (0.8659406, 0.49995387, -0.013893536), (-9.137622e-7, 0.9999035, -0.013893475), (-0.0000011118144, 0.9999376, -0.011172088), (0.49996793, 0.86597186, -0.01117223), (0.4999511, 0.8659421, -0.013893532), (-0.49995217, 0.8659416, -0.013893454), (-0.49996927, 0.865971, -0.011172037), (-0.0000011118144, 0.9999376, -0.011172088), (-9.137622e-7, 0.9999035, -0.013893475), (-0.8659423, 0.49995095, -0.013893353), (-0.8659731, 0.49996564, -0.011171999), (-0.49996927, 0.865971, -0.011172037), (-0.49995217, 0.8659416, -0.013893454), (-0.9999035, -2.9476173e-8, -0.013893224), (-0.9999376, -1.9678087e-8, -0.011171925), (-0.8659731, 0.49996564, -0.011171999), (-0.8659423, 0.49995095, -0.013893353), (-0.8660018, -0.49998945, -0.007172649), (-0.99997425, -9.80615e-9, -0.00717262), (-0.9999972, 2.4571722e-8, -0.0023666811), (-0.86602175, -0.5000008, -0.0023667072), (-0.49998733, -0.866003, -0.0071727447), (-0.8660018, -0.49998945, -0.007172649), (-0.86602175, -0.5000008, -0.0023667072), (-0.49999866, -0.86602294, -0.0023668127), (-1.4709204e-8, -0.99997425, -0.007172815), (-0.49998733, -0.866003, -0.0071727447), (-0.49999866, -0.86602294, -0.0023668127), (0.0000010123534, -0.99999726, -0.0023669603), (0.49998733, -0.86600304, -0.0071728625), (-1.4709204e-8, -0.99997425, -0.007172815), (0.0000010123534, -0.99999726, -0.0023669603), (0.49999866, -0.866023, -0.002367095), (0.86600125, -0.49999028, -0.0071729533), (0.49998733, -0.86600304, -0.0071728625), (0.49999866, -0.866023, -0.002367095), (0.8660221, -0.50000006, -0.002367181), (0.99997425, -4.9030775e-9, -0.0071730535), (0.86600125, -0.49999028, -0.0071729533), (0.8660221, -0.50000006, -0.002367181), (0.99999726, -9.82868e-9, -0.0023672115), (0.86600125, 0.4999904, -0.0071729603), (0.99997425, -4.9030775e-9, -0.0071730535), (0.99999726, -9.82868e-9, -0.0023672115), (0.86602205, 0.50000024, -0.0023671812), (0.49998757, 0.8660029, -0.0071728723), (0.86600125, 0.4999904, -0.0071729603), (0.86602205, 0.50000024, -0.0023671812), (0.49999878, 0.8660228, -0.0023670958), (-4.903068e-8, 0.99997425, -0.007172826), (0.49998757, 0.8660029, -0.0071728723), (0.49999878, 0.8660228, -0.0023670958), (0.0000010221822, 0.99999726, -0.0023669635), (-0.49998748, 0.8660029, -0.007172753), (-4.903068e-8, 0.99997425, -0.007172826), (0.0000010221822, 0.99999726, -0.0023669635), (-0.49999875, 0.8660229, -0.0023668134), (-0.8660017, 0.49998957, -0.007172652), (-0.49998748, 0.8660029, -0.007172753), (-0.49999875, 0.8660229, -0.0023668134), (-0.8660216, 0.50000113, -0.002366707), (-0.99997425, -9.80615e-9, -0.00717262), (-0.8660017, 0.49998957, -0.007172652), (-0.8660216, 0.50000113, -0.002366707), (-0.9999972, 2.4571722e-8, -0.0023666811), (-0.8659423, -0.499951, -0.013893354), (-0.8659731, -0.49996573, -0.011172003), (-0.9999376, -1.9678087e-8, -0.011171925), (-0.9999035, -2.9476173e-8, -0.013893224), (0.8633581, 0.4984597, -0.07842729), (0.498461, 0.8633573, -0.07842631), (0.49846217, 0.8633567, -0.07842631), (0.8633583, 0.49845907, -0.0784273), (-0.000004548775, -0.5912589, -0.8064818), (0.2956308, -0.5120461, -0.80648077), (0.2956301, -0.5120465, -0.80648077), (-0.000004247153, -0.59125894, -0.8064818), (0.29563245, 0.51204604, -0.8064802), (-0.000004481012, 0.5912591, -0.8064816), (-0.000004213887, 0.5912591, -0.8064816), (0.29563177, 0.51204646, -0.80648017), (-0.51205397, -0.29562792, -0.80647683), (-0.2956352, -0.51204515, -0.80647975), (-0.29563418, -0.5120457, -0.80647975), (-0.5120533, -0.29562908, -0.8064768), (0.591261, 6.183649e-7, -0.80648017), (0.5120492, 0.29562837, -0.8064797), (0.51204854, 0.29562956, -0.8064797), (0.5912611, 6.1545086e-7, -0.8064802), (-0.512044, 0.2956298, -0.80648243), (-0.591261, 6.2683563e-7, -0.80648017), (-0.5912611, 6.2654e-7, -0.80648017), (-0.5120433, 0.295631, -0.80648243), (0.2956308, -0.5120461, -0.80648077), (0.51205397, -0.29562792, -0.80647683), (0.5120533, -0.29562908, -0.8064769), (0.2956301, -0.5120465, -0.80648077), (-0.000004481012, 0.5912591, -0.8064816), (-0.29563093, 0.5120457, -0.80648094), (-0.29562998, 0.5120463, -0.806481), (-0.000004213887, 0.5912591, -0.8064816), (-0.2956352, -0.51204515, -0.80647975), (-0.000004548775, -0.5912589, -0.8064818), (-0.000004247153, -0.59125894, -0.8064818), (-0.29563418, -0.5120457, -0.80647975), (0.5120492, 0.29562837, -0.8064797), (0.29563245, 0.51204604, -0.8064802), (0.29563177, 0.51204646, -0.80648017), (0.51204854, 0.29562956, -0.8064797), (-0.591261, 6.2683563e-7, -0.80648017), (-0.51205397, -0.29562792, -0.80647683), (-0.5120533, -0.29562908, -0.8064768), (-0.5912611, 6.2654e-7, -0.80648017), (0.51205397, -0.29562792, -0.80647683), (0.591261, 6.183649e-7, -0.80648017), (0.5912611, 6.1545086e-7, -0.8064802), (0.5120533, -0.29562908, -0.8064769), (-2.3771727e-7, 0, 1), (-2.3771727e-7, 0, 1), (-2.3771727e-7, 0, 1), (-2.3771727e-7, 0, 1), (-2.3771727e-7, 0, 1), (-2.3771727e-7, 0, 1), (-2.3771727e-7, 0, 1), (-2.3771727e-7, 0, 1), (-2.3771727e-7, 0, 1), (-2.3771727e-7, 0, 1), (-2.3771727e-7, 0, 1), (-2.3771727e-7, 0, 1), (-0.99692005, 5.428558e-7, -0.078425206), (-0.86335784, -0.49846023, -0.07842557), (-0.86335796, -0.49846, -0.07842558), (-0.99692, 2.984218e-7, -0.078425206), (-0.4984599, 0.86335826, -0.078423865), (-0.86335754, 0.4984608, -0.07842498), (-0.86335796, 0.49846026, -0.07842499), (-0.49845946, 0.86335844, -0.078423865), (-0.0000027142792, -0.99692, -0.078425765), (0.49845943, -0.86335814, -0.078427605), (0.49846035, -0.8633577, -0.07842761), (-5.1726505e-7, -0.99692, -0.07842576), (0.99691975, 1.2602011e-7, -0.078428045), (0.8633581, 0.4984597, -0.07842729), (0.8633583, 0.49845907, -0.0784273), (0.9969198, -1.1936902e-7, -0.07842805), (-0.0000019387717, 0.99692005, -0.07842435), (-0.4984599, 0.86335826, -0.078423865), (-0.49845946, 0.86335844, -0.078423865), (2.4868513e-7, 0.9969201, -0.07842436), (-0.49846, -0.863358, -0.07842512), (-0.0000027142792, -0.99692, -0.078425765), (-5.1726505e-7, -0.99692, -0.07842576), (-0.4984593, -0.8633585, -0.07842511), (0.8633575, -0.49846038, -0.07842812), (0.99691975, 1.2602011e-7, -0.078428045), (0.9969198, -1.1936902e-7, -0.07842805), (0.8633577, -0.49846014, -0.07842812), (0.498461, 0.8633573, -0.07842631), (-0.0000019387717, 0.99692005, -0.07842435), (2.4868513e-7, 0.9969201, -0.07842436), (0.49846217, 0.8633567, -0.07842631), (-0.86335784, -0.49846023, -0.07842557), (-0.49846, -0.863358, -0.07842512), (-0.4984593, -0.8633585, -0.07842511), (-0.86335796, -0.49846, -0.07842558), (-0.86335754, 0.4984608, -0.07842498), (-0.99692005, 5.428558e-7, -0.078425206), (-0.99692, 2.984218e-7, -0.078425206), (-0.86335796, 0.49846026, -0.07842499), (0.49845943, -0.86335814, -0.078427605), (0.8633575, -0.49846038, -0.07842812), (0.8633577, -0.49846014, -0.07842812), (0.49846035, -0.8633577, -0.07842761), (-0.70552677, -0.7055308, -0.06677015), (-0.7040529, -0.70405096, -0.092853725), (-0.70405287, -0.7040509, -0.09285366), (-0.70552677, -0.7055308, -0.06677015), (0.7055274, -0.7055294, -0.06677748), (0.7040509, -0.7040524, -0.09285777), (0.7040509, -0.70405245, -0.09285774), (0.7055274, -0.7055294, -0.06677748), (-0.70552754, 0.70553, -0.06677009), (-0.7040497, 0.7040541, -0.09285406), (-0.70404965, 0.7040541, -0.09285411), (-0.70552754, 0.70553, -0.06677009), (-0.6747912, 0.67479455, 0.29884627), (-0.6747912, 0.67479455, 0.29884627), (-0.6812192, 0.6812211, 0.26810095), (-0.6812192, 0.6812212, 0.26810098), (-0.6747935, -0.6747927, 0.29884538), (-0.6747935, -0.6747927, 0.29884538), (-0.6812205, -0.68122005, 0.26810047), (-0.6812205, -0.68122005, 0.2681005), (0.6747969, 0.6747908, 0.29884204), (0.6747969, 0.6747908, 0.29884204), (0.68122244, 0.68121886, 0.2680987), (0.6812224, 0.6812188, 0.26809865), (-0.7033057, -0.7033068, 0.103540525), (-0.7033058, -0.7033067, 0.10354052), (-0.7037959, -0.7037959, 0.0966567), (0.6747925, -0.67479455, 0.2988435), (0.6747925, -0.67479455, 0.2988435), (0.6812187, -0.6812221, 0.26809993), (0.6812187, -0.6812221, 0.26809993), (0.70330834, -0.70330423, 0.103539675), (0.70330834, -0.70330423, 0.103539675), (0.7037967, -0.70379525, 0.09665627), (0.7033087, 0.7033039, 0.10353956), (0.70330876, 0.70330393, 0.10353957), (0.7037975, 0.70379454, 0.09665608), (-0.7033058, -0.7033067, 0.10354052), (-0.7033057, -0.7033068, 0.103540525), (-0.7017389, -0.7017397, 0.12297883), (-0.7017389, -0.7017398, 0.12297882), (-0.7017389, -0.7017398, 0.12297882), (-0.7017389, -0.7017397, 0.12297883), (-0.69894665, -0.69894904, 0.1514722), (-0.69894665, -0.698949, 0.1514722), (-0.69894665, -0.698949, 0.1514722), (-0.69894665, -0.69894904, 0.1514722), (-0.69295245, -0.69295436, 0.19907583), (-0.6929524, -0.69295436, 0.19907583), (-0.6929524, -0.69295436, 0.19907583), (-0.69295245, -0.69295436, 0.19907583), (-0.6812205, -0.68122005, 0.2681005), (-0.6812205, -0.68122005, 0.26810047), (-0.7033054, 0.7033071, 0.103540525), (-0.7033054, 0.70330703, 0.10354051), (-0.7017369, 0.7017417, 0.12297916), (-0.7017369, 0.7017417, 0.122979164), (-0.7017369, 0.7017417, 0.122979164), (-0.7017369, 0.7017417, 0.12297916), (-0.6989461, 0.6989495, 0.15147227), (-0.6989462, 0.69894946, 0.15147227), (-0.6989462, 0.69894946, 0.15147227), (-0.6989461, 0.6989495, 0.15147227), (-0.69295347, 0.69295347, 0.19907553), (-0.6929534, 0.6929534, 0.19907552), (-0.6929534, 0.6929534, 0.19907552), (-0.69295347, 0.69295347, 0.19907553), (-0.6812192, 0.6812212, 0.26810098), (-0.6812192, 0.6812211, 0.26810095), (0.70330834, -0.70330423, 0.103539675), (0.70330834, -0.70330423, 0.103539675), (0.7017417, -0.701737, 0.12297852), (0.70174164, -0.7017371, 0.122978516), (0.70174164, -0.7017371, 0.122978516), (0.7017417, -0.701737, 0.12297852), (0.6989504, -0.69894516, 0.15147288), (0.69895035, -0.69894516, 0.15147288), (0.69895035, -0.69894516, 0.15147288), (0.6989504, -0.69894516, 0.15147288), (0.6929532, -0.6929532, 0.19907698), (0.6929532, -0.6929532, 0.19907701), (0.6929532, -0.6929532, 0.19907701), (0.6929532, -0.6929532, 0.19907698), (0.6812187, -0.6812221, 0.26809993), (0.6812187, -0.6812221, 0.26809993), (0.70330876, 0.70330393, 0.10353957), (0.7033087, 0.7033039, 0.10353956), (0.70174235, 0.70173645, 0.12297838), (0.70174235, 0.70173645, 0.1229784), (0.70174235, 0.70173645, 0.1229784), (0.70174235, 0.70173645, 0.12297838), (0.69894856, 0.6989469, 0.15147336), (0.6989485, 0.6989469, 0.15147334), (0.6989485, 0.6989469, 0.15147334), (0.69894856, 0.6989469, 0.15147336), (0.6929529, 0.6929536, 0.1990769), (0.69295293, 0.6929536, 0.19907688), (0.69295293, 0.6929536, 0.19907688), (0.6929529, 0.6929536, 0.1990769), (0.6812224, 0.6812188, 0.26809865), (0.68122244, 0.68121886, 0.2680987), (-0.7033054, 0.70330703, 0.10354051), (-0.7033054, 0.7033071, 0.103540525), (-0.7037952, 0.7037967, 0.09665671), (0.70552665, 0.70553017, -0.06677755), (0.70405424, 0.7040492, -0.092856914), (0.7040542, 0.7040492, -0.09285695), (0.70552665, 0.70553017, -0.06677755), (0.6648008, -0.6647975, -0.34071133), (0.6515322, -0.6515286, -0.38860813), (0.6515322, -0.6515286, -0.38860813), (0.6648008, -0.6647975, -0.34071133), (0.66479784, 0.66479963, -0.34071282), (0.6515273, 0.6515321, -0.38861063), (0.6515273, 0.6515321, -0.38861063), (0.66479796, 0.66479963, -0.34071285), (-0.6647984, 0.6648, -0.34071127), (-0.65153223, 0.65152913, -0.38860705), (-0.65153223, 0.65152913, -0.38860705), (-0.6647983, 0.6647999, -0.34071118), (-0.664798, -0.6648002, -0.34071139), (-0.664798, -0.6648002, -0.34071147), (-0.6877492, -0.68775046, -0.23237969), (-0.6877492, -0.68775046, -0.2323796), (-0.6877492, -0.68775046, -0.2323796), (-0.6877492, -0.68775046, -0.23237969), (-0.6987003, -0.6986976, -0.15375195), (-0.69870025, -0.6986975, -0.15375194), (-0.69870025, -0.6986975, -0.15375194), (-0.6987003, -0.6986976, -0.15375195), (-0.70405287, -0.7040509, -0.09285366), (-0.7040529, -0.70405096, -0.092853725), (0.6648008, -0.6647975, -0.34071133), (0.6648008, -0.6647975, -0.34071133), (0.6877522, -0.6877476, -0.23237917), (0.68775225, -0.6877476, -0.23237918), (0.68775225, -0.6877476, -0.23237918), (0.6877522, -0.6877476, -0.23237917), (0.69870055, -0.69869727, -0.15375188), (0.69870055, -0.69869727, -0.15375187), (0.69870055, -0.69869727, -0.15375187), (0.69870055, -0.69869727, -0.15375188), (0.7040509, -0.70405245, -0.09285774), (0.7040509, -0.7040524, -0.09285777), (0.66479784, 0.66479963, -0.34071282), (0.66479796, 0.66479963, -0.34071285), (0.6877507, 0.6877491, -0.23237954), (0.68775076, 0.687749, -0.23237953), (0.68775076, 0.687749, -0.23237953), (0.6877507, 0.6877491, -0.23237954), (0.69870174, 0.6986961, -0.15375161), (0.6987018, 0.69869614, -0.15375164), (0.6987018, 0.69869614, -0.15375164), (0.69870174, 0.6986961, -0.15375161), (0.7040542, 0.7040492, -0.09285695), (0.70405424, 0.7040492, -0.092856914), (-0.6647984, 0.6648, -0.34071127), (-0.6647983, 0.6647999, -0.34071118), (-0.68774706, 0.68775237, -0.2323804), (-0.687747, 0.68775237, -0.23238045), (-0.687747, 0.68775237, -0.23238045), (-0.68774706, 0.68775237, -0.2323804), (-0.69869715, 0.6987006, -0.15375228), (-0.69869715, 0.6987006, -0.1537523), (-0.69869715, 0.6987006, -0.1537523), (-0.69869715, 0.6987006, -0.15375228), (-0.70404965, 0.7040541, -0.09285411), (-0.7040497, 0.7040541, -0.09285406), (-0.664798, -0.6648002, -0.34071139), (-0.65152895, -0.6515317, -0.38860837), (-0.65152895, -0.6515317, -0.38860837), (-0.664798, -0.6648002, -0.34071147), (-0.9999035, -2.9476173e-8, -0.013893224), (-0.8659423, 0.49995095, -0.013893353), (-0.8660017, 0.49998957, -0.007172652), (-0.99997425, -9.80615e-9, -0.00717262), (-0.8659423, 0.49995095, -0.013893353), (-0.49995217, 0.8659416, -0.013893454), (-0.49998748, 0.8660029, -0.007172753), (-0.8660017, 0.49998957, -0.007172652), (-0.49995217, 0.8659416, -0.013893454), (-9.137622e-7, 0.9999035, -0.013893475), (-4.903068e-8, 0.99997425, -0.007172826), (-0.49998748, 0.8660029, -0.007172753), (-9.137622e-7, 0.9999035, -0.013893475), (0.4999511, 0.8659421, -0.013893532), (0.49998757, 0.8660029, -0.0071728723), (-4.903068e-8, 0.99997425, -0.007172826), (0.4999511, 0.8659421, -0.013893532), (0.8659406, 0.49995387, -0.013893536), (0.86600125, 0.4999904, -0.0071729603), (0.49998757, 0.8660029, -0.0071728723), (0.8659406, 0.49995387, -0.013893536), (0.9999035, 9.825407e-9, -0.013893511), (0.99997425, -4.9030775e-9, -0.0071730535), (0.86600125, 0.4999904, -0.0071729603), (0.9999035, 9.825407e-9, -0.013893511), (0.86594063, -0.49995387, -0.013893533), (0.86600125, -0.49999028, -0.0071729533), (0.99997425, -4.9030775e-9, -0.0071730535), (0.86594063, -0.49995387, -0.013893533), (0.49995095, -0.86594224, -0.0138935335), (0.49998733, -0.86600304, -0.0071728625), (0.86600125, -0.49999028, -0.0071729533), (0.49995095, -0.86594224, -0.0138935335), (-9.5306376e-7, -0.9999035, -0.013893479), (-1.4709204e-8, -0.99997425, -0.007172815), (0.49998733, -0.86600304, -0.0071728625), (-9.5306376e-7, -0.9999035, -0.013893479), (-0.49995205, -0.86594164, -0.013893456), (-0.49998733, -0.866003, -0.0071727447), (-1.4709204e-8, -0.99997425, -0.007172815), (-0.49995205, -0.86594164, -0.013893456), (-0.8659423, -0.499951, -0.013893354), (-0.8660018, -0.49998945, -0.007172649), (-0.49998733, -0.866003, -0.0071727447), (-0.8659423, -0.499951, -0.013893354), (-0.9999035, -2.9476173e-8, -0.013893224), (-0.99997425, -9.80615e-9, -0.00717262), (-0.8660018, -0.49998945, -0.007172649), (-7.428231e-14, 0, -1), (-7.428231e-14, 0, -1), (-7.428231e-14, 0, -1), (-7.428231e-14, 0, -1), (-7.428231e-14, 0, -1), (-7.428231e-14, 0, -1), (-7.428231e-14, 0, -1), (-7.428231e-14, 0, -1), (-7.428231e-14, 0, -1), (-7.428231e-14, 0, -1), (-7.428231e-14, 0, -1), (-7.428231e-14, 0, -1), (0.9999938, 0, -0.0035232622), (0.8660198, -0.49999738, -0.003523247), (0.86602545, -0.4999999, -1.3979403e-7), (0.9659282, -0.25881016, -2.7006067e-7), (-0.8660192, 0.49999836, -0.0035228794), (-0.49999702, 0.8660199, -0.0035229526), (-0.7071086, 0.70710486, 2.479241e-7), (-0.8660247, 0.5000012, 1.2833483e-7), (0.4999948, -0.8660212, -0.0035231889), (0.0000013054461, -0.9999938, -0.0035230927), (0.2588208, -0.9659254, 0), (0.49999687, -0.86602724, 0), (0.0000013250769, 0.9999938, -0.0035230874), (0.49999493, 0.86602116, -0.0035231812), (0.4999969, 0.86602724, 0), (0.2588208, 0.9659254, 0), (-0.49999705, -0.86601996, -0.0035229595), (-0.86601925, -0.49999815, -0.0035228839), (-0.86602473, -0.50000113, 1.2680702e-7), (-0.5000009, -0.86602485, 1.7416882e-7), (0.8660197, 0.4999974, -0.0035232427), (0.9999938, 0, -0.0035232622), (0.9659282, 0.25881016, -2.6969172e-7), (0.86602545, 0.4999999, -1.3960305e-7), (-0.9999938, 0, -0.0035228755), (-0.8660192, 0.49999836, -0.0035228794), (-0.8660247, 0.5000012, 1.2833483e-7), (-0.96592444, 0.2588243, 0), (0.8660198, -0.49999738, -0.003523247), (0.4999948, -0.8660212, -0.0035231889), (0.49999687, -0.86602724, 0), (0.86602545, -0.4999999, -1.3979403e-7), (-0.49999702, 0.8660199, -0.0035229526), (0.0000013250769, 0.9999938, -0.0035230874), (-0.25881812, 0.965926, 9.149545e-8), (-0.25881812, 0.965926, 9.149545e-8), (0.0000013054461, -0.9999938, -0.0035230927), (-0.49999705, -0.86601996, -0.0035229595), (-0.5000009, -0.86602485, 1.7416882e-7), (-0.25881812, -0.965926, 9.149545e-8), (0.49999493, 0.86602116, -0.0035231812), (0.8660197, 0.4999974, -0.0035232427), (0.86602545, 0.4999999, -1.3960305e-7), (0.4999969, 0.86602724, 0), (-0.8660192, -0.49999827, -0.003522882), (-0.8660217, -0.5000008, -0.0023667065), (-0.9999972, 1.4743033e-8, -0.0023666804), (-0.9999938, 0, -0.003522875), (-0.49999702, 0.8660199, -0.0035229528), (-0.4999987, 0.8660229, -0.0023668155), (0.0000010369253, 0.9999972, -0.002366966), (0.0000015066615, 0.9999938, -0.0035230874), (0.0000015066615, 0.9999938, -0.0035230874), (0.0000010369253, 0.9999972, -0.002366966), (0.49999887, 0.8660228, -0.0023670965), (0.49999478, 0.8660213, -0.0035231803), (0.49999478, 0.8660213, -0.0035231803), (0.49999887, 0.8660228, -0.0023670965), (0.866022, 0.5000002, -0.00236718), (0.8660195, 0.49999774, -0.0035232424), (0.8660195, 0.49999774, -0.0035232424), (0.866022, 0.5000002, -0.00236718), (0.99999726, 1.474302e-8, -0.0023672108), (0.9999938, 0, -0.0035232613), (0.9999938, 0, -0.0035232613), (0.99999726, 1.474302e-8, -0.0023672108), (0.8660221, -0.50000006, -0.002367181), (0.86601967, -0.49999765, -0.003523247), (0.86601967, -0.49999765, -0.003523247), (0.8660221, -0.50000006, -0.002367181), (0.49999854, -0.866023, -0.0023670925), (0.49999458, -0.86602145, -0.003523188), (0.49999458, -0.86602145, -0.003523188), (0.49999854, -0.866023, -0.0023670925), (8.6492327e-7, -0.99999726, -0.0023669598), (0.0000013447076, -0.9999938, -0.0035230936), (0.0000013447076, -0.9999938, -0.0035230936), (8.6492327e-7, -0.99999726, -0.0023669598), (-0.49999854, -0.86602294, -0.0023668138), (-0.499997, -0.86601996, -0.0035229602), (-0.499997, -0.86601996, -0.0035229602), (-0.49999854, -0.86602294, -0.0023668138), (-0.8660217, -0.5000008, -0.0023667065), (-0.8660192, -0.49999827, -0.003522882), (-0.29562828, 0.51204616, -0.8064817), (-0.5120435, 0.29563072, -0.8064824), (-0.51204276, 0.29563197, -0.80648243), (-0.2956273, 0.51204675, -0.80648166), (-0.9999938, 0, -0.003522875), (-0.9999972, 1.4743033e-8, -0.0023666804), (-0.8660216, 0.50000095, -0.002366707), (-0.8660192, 0.4999984, -0.003522879), (-0.8660192, -0.49999827, -0.003522882), (-0.9999938, 0, -0.003522875), (-0.96592444, -0.2588243, 0), (-0.86602473, -0.5000012, 1.2833483e-7), (-0.8660192, 0.4999984, -0.003522879), (-0.8660216, 0.50000095, -0.002366707), (-0.4999987, 0.8660229, -0.0023668155), (-0.49999702, 0.8660199, -0.0035229528), (-0.49994844, -0.8659357, -0.014386609), (-0.4999634, -0.8659612, -0.012156497), (-0.86596304, -0.49996027, -0.012156446), (-0.865936, -0.49994773, -0.014386501), (-0.0000010757923, -0.99989647, -0.014386636), (-0.0000013088071, -0.9999261, -0.012156562), (-0.4999634, -0.8659612, -0.012156497), (-0.49994844, -0.8659357, -0.014386609), (0.49994785, -0.865936, -0.014386704), (0.4999622, -0.86596197, -0.012156709), (-0.0000013088071, -0.9999261, -0.012156562), (-0.0000010757923, -0.99989647, -0.014386636), (0.86593455, -0.49995044, -0.014386698), (0.86596143, -0.49996305, -0.012156732), (0.4999622, -0.86596197, -0.012156709), (0.49994785, -0.865936, -0.014386704), (0.99989647, -2.9473794e-8, -0.014386671), (0.9999261, -2.952195e-8, -0.01215663), (0.86596143, -0.49996305, -0.012156732), (0.86593455, -0.49995044, -0.014386698), (0.8659345, 0.49995044, -0.014386698), (0.8659615, 0.49996287, -0.012156734), (0.9999261, -2.952195e-8, -0.01215663), (0.99989647, -2.9473794e-8, -0.014386671), (0.49994794, 0.865936, -0.014386703), (0.4999623, 0.86596185, -0.012156707), (0.8659615, 0.49996287, -0.012156734), (0.8659345, 0.49995044, -0.014386698), (-0.0000010463185, 0.99989647, -0.014386632), (-0.0000013580103, 0.9999261, -0.012156552), (0.4999623, 0.86596185, -0.012156707), (0.49994794, 0.865936, -0.014386703), (-0.49994847, 0.8659356, -0.014386607), (-0.4999634, 0.8659612, -0.012156493), (-0.0000013580103, 0.9999261, -0.012156552), (-0.0000010463185, 0.99989647, -0.014386632), (-0.865936, 0.49994785, -0.014386505), (-0.865963, 0.49996033, -0.012156447), (-0.4999634, 0.8659612, -0.012156493), (-0.49994847, 0.8659356, -0.014386607), (-0.99989647, 1.9649159e-8, -0.0143863745), (-0.99992615, 6.888445e-8, -0.01215637), (-0.865963, 0.49996033, -0.012156447), (-0.865936, 0.49994785, -0.014386505), (-0.86600184, -0.49998948, -0.00717265), (-0.99997425, -9.80615e-9, -0.0071726185), (-0.9999972, 1.4743033e-8, -0.0023666804), (-0.8660217, -0.5000008, -0.0023667065), (-0.4999873, -0.8660031, -0.0071727457), (-0.86600184, -0.49998948, -0.00717265), (-0.8660217, -0.5000008, -0.0023667065), (-0.49999854, -0.86602294, -0.0023668138), (-1.372859e-7, -0.99997425, -0.007172813), (-0.4999873, -0.8660031, -0.0071727457), (-0.49999854, -0.86602294, -0.0023668138), (8.6492327e-7, -0.99999726, -0.0023669598), (0.49998757, -0.86600286, -0.0071728653), (-1.372859e-7, -0.99997425, -0.007172813), (8.6492327e-7, -0.99999726, -0.0023669598), (0.49999854, -0.866023, -0.0023670925), (0.86600137, -0.4999902, -0.007172957), (0.49998757, -0.86600286, -0.0071728653), (0.49999854, -0.866023, -0.0023670925), (0.8660221, -0.50000006, -0.002367181), (0.99997425, -9.806157e-9, -0.00717305), (0.86600137, -0.4999902, -0.007172957), (0.8660221, -0.50000006, -0.002367181), (0.99999726, 1.474302e-8, -0.0023672108), (0.86600125, 0.49999043, -0.0071729603), (0.99997425, -9.806157e-9, -0.00717305), (0.99999726, 1.474302e-8, -0.0023672108), (0.866022, 0.5000002, -0.00236718), (0.49998787, 0.86600274, -0.007172877), (0.86600125, 0.49999043, -0.0071729603), (0.866022, 0.5000002, -0.00236718), (0.49999887, 0.8660228, -0.0023670965), (-1.9612273e-8, 0.99997425, -0.007172826), (0.49998787, 0.86600274, -0.007172877), (0.49999887, 0.8660228, -0.0023670965), (0.0000010369253, 0.9999972, -0.002366966), (-0.49998736, 0.86600304, -0.0071727554), (-1.9612273e-8, 0.99997425, -0.007172826), (0.0000010369253, 0.9999972, -0.002366966), (-0.4999987, 0.8660229, -0.0023668155), (-0.86600167, 0.4999896, -0.007172654), (-0.49998736, 0.86600304, -0.0071727554), (-0.4999987, 0.8660229, -0.0023668155), (-0.8660216, 0.50000095, -0.002366707), (-0.99997425, -9.80615e-9, -0.0071726185), (-0.86600167, 0.4999896, -0.007172654), (-0.8660216, 0.50000095, -0.002366707), (-0.9999972, 1.4743033e-8, -0.0023666804), (-0.865936, -0.49994773, -0.014386501), (-0.86596304, -0.49996027, -0.012156446), (-0.99992615, 6.888445e-8, -0.01215637), (-0.99989647, 1.9649159e-8, -0.0143863745), (0.86335725, 0.49846098, -0.0784274), (0.49846014, 0.8633579, -0.07842637), (0.49846125, 0.8633572, -0.07842635), (0.8633576, 0.49846038, -0.07842739), (0.0000021600365, -0.59125906, -0.80648166), (0.29562718, -0.51204664, -0.8064817), (0.29562646, -0.51204705, -0.8064818), (0.000002450711, -0.59125906, -0.80648166), (0.29562977, 0.5120463, -0.80648106), (-0.0000045233705, 0.59125894, -0.8064818), (-0.000004230526, 0.59125894, -0.80648184), (0.29562902, 0.5120467, -0.80648106), (-0.51204926, -0.2956284, -0.80647963), (-0.29563674, -0.5120451, -0.80647933), (-0.29563576, -0.5120456, -0.8064792), (-0.51204854, -0.29562953, -0.80647963), (0.59126097, 6.098941e-7, -0.8064802), (0.512044, 0.29562977, -0.80648243), (0.5120433, 0.29563102, -0.8064825), (0.591261, 6.1545074e-7, -0.8064803), (-0.5120435, 0.29563072, -0.8064824), (-0.591261, -6.2683563e-7, -0.80648017), (-0.5912611, -6.2654e-7, -0.8064803), (-0.51204276, 0.29563197, -0.80648243), (0.29562718, -0.51204664, -0.8064817), (0.5120435, -0.29563075, -0.80648243), (0.51204276, -0.29563192, -0.80648243), (0.29562646, -0.51204705, -0.8064818), (-0.0000045233705, 0.59125894, -0.8064818), (-0.29562828, 0.51204616, -0.8064817), (-0.2956273, 0.51204675, -0.80648166), (-0.000004230526, 0.59125894, -0.80648184), (-0.29563674, -0.5120451, -0.80647933), (0.0000021600365, -0.59125906, -0.80648166), (0.000002450711, -0.59125906, -0.80648166), (-0.29563576, -0.5120456, -0.8064792), (0.512044, 0.29562977, -0.80648243), (0.29562977, 0.5120463, -0.80648106), (0.29562902, 0.5120467, -0.80648106), (0.5120433, 0.29563102, -0.8064825), (-0.591261, -6.2683563e-7, -0.80648017), (-0.51204926, -0.2956284, -0.80647963), (-0.51204854, -0.29562953, -0.80647963), (-0.5912611, -6.2654e-7, -0.8064803), (0.5120435, -0.29563075, -0.80648243), (0.59126097, 6.098941e-7, -0.8064802), (0.591261, 6.1545074e-7, -0.8064803), (0.51204276, -0.29563192, -0.80648243), (-4.7543455e-7, 0, 1), (-4.7543455e-7, 0, 1), (-4.7543455e-7, 0, 1), (-4.7543455e-7, 0, 1), (-4.7543455e-7, 0, 1), (-4.7543455e-7, 0, 1), (-4.7543455e-7, 0, 1), (-4.7543455e-7, 0, 1), (-4.7543455e-7, 0, 1), (-4.7543455e-7, 0, 1), (-4.7543455e-7, 0, 1), (-4.7543455e-7, 0, 1), (-0.99692005, -2.8112174e-7, -0.078425206), (-0.86335766, -0.49846068, -0.07842569), (-0.8633578, -0.49846038, -0.078425676), (-0.99692, -5.2721185e-7, -0.078425206), (-0.49845985, 0.8633583, -0.07842377), (-0.8633578, 0.49846047, -0.07842483), (-0.86335814, 0.4984599, -0.07842484), (-0.49845934, 0.86335856, -0.07842377), (-0.0000014443843, -0.99692, -0.07842573), (0.49846116, -0.8633571, -0.07842751), (0.49846202, -0.86335665, -0.07842751), (7.3610806e-7, -0.99692, -0.078425735), (0.9969198, 5.3316217e-7, -0.07842792), (0.86335725, 0.49846098, -0.0784274), (0.8633576, 0.49846038, -0.07842739), (0.9969198, 2.8847515e-7, -0.07842792), (-0.0000018321394, 0.99692005, -0.07842428), (-0.49845985, 0.8633583, -0.07842377), (-0.49845934, 0.86335856, -0.07842377), (3.581066e-7, 0.99692005, -0.078424275), (-0.49845958, -0.8633583, -0.07842506), (-0.0000014443843, -0.99692, -0.07842573), (7.3610806e-7, -0.99692, -0.078425735), (-0.49845892, -0.8633588, -0.078425065), (0.86335814, -0.49845946, -0.07842785), (0.9969198, 5.3316217e-7, -0.07842792), (0.9969198, 2.8847515e-7, -0.07842792), (0.8633583, -0.49845922, -0.07842785), (0.49846014, 0.8633579, -0.07842637), (-0.0000018321394, 0.99692005, -0.07842428), (3.581066e-7, 0.99692005, -0.078424275), (0.49846125, 0.8633572, -0.07842635), (-0.86335766, -0.49846068, -0.07842569), (-0.49845958, -0.8633583, -0.07842506), (-0.49845892, -0.8633588, -0.078425065), (-0.8633578, -0.49846038, -0.078425676), (-0.8633578, 0.49846047, -0.07842483), (-0.99692005, -2.8112174e-7, -0.078425206), (-0.99692, -5.2721185e-7, -0.078425206), (-0.86335814, 0.4984599, -0.07842484), (0.49846116, -0.8633571, -0.07842751), (0.86335814, -0.49845946, -0.07842785), (0.8633583, -0.49845922, -0.07842785), (0.49846202, -0.86335665, -0.07842751), (-0.70552886, -0.7055287, -0.06676995), (-0.7040515, -0.7040523, -0.09285408), (-0.7040515, -0.70405227, -0.092854016), (-0.70552886, -0.7055287, -0.06676995), (0.7055286, -0.7055283, -0.066777356), (0.7040525, -0.7040507, -0.09285748), (0.70405257, -0.7040508, -0.09285744), (0.7055286, -0.7055283, -0.066777356), (-0.7055287, 0.7055288, -0.06676993), (-0.7040515, 0.7040524, -0.09285377), (-0.7040515, 0.7040524, -0.09285382), (-0.7055287, 0.7055288, -0.06676993), (-0.6747934, 0.67479277, 0.29884547), (-0.6747934, 0.67479277, 0.29884547), (-0.6812192, 0.6812211, 0.2681008), (-0.6812193, 0.6812212, 0.2681008), (-0.6747934, -0.67479277, 0.29884538), (-0.6747934, -0.67479277, 0.29884538), (-0.6812205, -0.6812201, 0.26810047), (-0.6812204, -0.6812201, 0.26810047), (0.67479247, 0.67479444, 0.29884368), (0.67479247, 0.67479444, 0.29884368), (0.68121994, 0.68122095, 0.2680997), (0.68122, 0.681221, 0.26809967), (-0.7033053, -0.70330715, 0.10354047), (-0.7033054, -0.70330715, 0.10354049), (-0.70379525, -0.7037967, 0.09665661), (0.6747925, -0.6747945, 0.29884356), (0.6747925, -0.6747945, 0.29884356), (0.68122, -0.681221, 0.26809967), (0.6812199, -0.68122095, 0.26809967), (0.7033087, -0.7033039, 0.103539646), (0.70330876, -0.7033038, 0.10353962), (0.7037956, -0.7037963, 0.09665652), (0.70330954, 0.70330316, 0.1035395), (0.7033096, 0.7033031, 0.1035395), (0.7037993, 0.7037927, 0.09665592), (-0.7033054, -0.70330715, 0.10354049), (-0.7033053, -0.70330715, 0.10354047), (-0.70173746, -0.70174116, 0.12297906), (-0.70173746, -0.70174116, 0.12297905), (-0.70173746, -0.70174116, 0.12297905), (-0.70173746, -0.70174116, 0.12297906), (-0.6989466, -0.6989491, 0.1514721), (-0.69894665, -0.69894904, 0.15147212), (-0.69894665, -0.69894904, 0.15147212), (-0.6989466, -0.6989491, 0.1514721), (-0.69295335, -0.69295347, 0.19907558), (-0.6929533, -0.6929535, 0.1990756), (-0.6929533, -0.6929535, 0.1990756), (-0.69295335, -0.69295347, 0.19907558), (-0.6812204, -0.6812201, 0.26810047), (-0.6812205, -0.6812201, 0.26810047), (-0.70330566, 0.7033068, 0.10354037), (-0.7033058, 0.7033068, 0.10354036), (-0.7017382, 0.70174056, 0.12297892), (-0.7017381, 0.70174056, 0.122978926), (-0.7017381, 0.70174056, 0.122978926), (-0.7017382, 0.70174056, 0.12297892), (-0.6989472, 0.69894856, 0.15147205), (-0.6989472, 0.69894856, 0.15147203), (-0.6989472, 0.69894856, 0.15147203), (-0.6989472, 0.69894856, 0.15147205), (-0.6929518, 0.69295496, 0.19907598), (-0.69295174, 0.692955, 0.19907597), (-0.69295174, 0.692955, 0.19907597), (-0.6929518, 0.69295496, 0.19907598), (-0.6812193, 0.6812212, 0.2681008), (-0.6812192, 0.6812211, 0.2681008), (0.70330876, -0.7033038, 0.10353962), (0.7033087, -0.7033039, 0.103539646), (0.70174307, -0.7017357, 0.12297826), (0.70174307, -0.7017357, 0.12297824), (0.70174307, -0.7017357, 0.12297824), (0.70174307, -0.7017357, 0.12297826), (0.69894975, -0.6989458, 0.15147305), (0.69894975, -0.6989459, 0.15147305), (0.69894975, -0.6989459, 0.15147305), (0.69894975, -0.6989458, 0.15147305), (0.692954, -0.6929526, 0.19907674), (0.69295394, -0.6929526, 0.19907674), (0.69295394, -0.6929526, 0.19907674), (0.692954, -0.6929526, 0.19907674), (0.6812199, -0.68122095, 0.26809967), (0.68122, -0.681221, 0.26809967), (0.7033096, 0.7033031, 0.1035395), (0.70330954, 0.70330316, 0.1035395), (0.7017416, 0.7017372, 0.122978486), (0.7017416, 0.7017372, 0.12297849), (0.7017416, 0.7017372, 0.12297849), (0.7017416, 0.7017372, 0.122978486), (0.69894916, 0.6989463, 0.15147318), (0.6989492, 0.69894636, 0.15147321), (0.6989492, 0.69894636, 0.15147321), (0.69894916, 0.6989463, 0.15147318), (0.692954, 0.6929526, 0.19907671), (0.69295406, 0.6929526, 0.1990767), (0.69295406, 0.6929526, 0.1990767), (0.692954, 0.6929526, 0.19907671), (0.68122, 0.681221, 0.26809967), (0.68121994, 0.68122095, 0.2680997), (-0.7033058, 0.7033068, 0.10354036), (-0.70330566, 0.7033068, 0.10354037), (-0.70379597, 0.70379597, 0.0966564), (0.7055288, 0.7055282, -0.06677735), (0.7040539, 0.7040495, -0.092856966), (0.7040539, 0.7040495, -0.09285703), (0.7055288, 0.7055282, -0.06677735), (0.6647995, -0.66479844, -0.34071198), (0.6515299, -0.65153027, -0.38860923), (0.6515299, -0.65153027, -0.38860923), (0.6647995, -0.66479844, -0.34071198), (0.66479963, 0.6647982, -0.34071198), (0.6515302, 0.6515299, -0.3886092), (0.6515302, 0.6515299, -0.3886092), (0.6647997, 0.66479826, -0.340712), (-0.6647977, 0.66480035, -0.34071174), (-0.6515285, 0.651532, -0.38860875), (-0.6515285, 0.651532, -0.38860875), (-0.66479766, 0.66480035, -0.34071165), (-0.6647982, -0.6648001, -0.34071115), (-0.66479814, -0.6648001, -0.3407112), (-0.68774784, -0.68775165, -0.23238027), (-0.68774784, -0.6877517, -0.2323802), (-0.68774784, -0.6877517, -0.2323802), (-0.68774784, -0.68775165, -0.23238027), (-0.6986991, -0.69869864, -0.15375204), (-0.6986992, -0.6986987, -0.15375206), (-0.6986992, -0.6986987, -0.15375206), (-0.6986991, -0.69869864, -0.15375204), (-0.7040515, -0.70405227, -0.092854016), (-0.7040515, -0.7040523, -0.09285408), (0.6647995, -0.66479844, -0.34071198), (0.6647995, -0.66479844, -0.34071198), (0.6877515, -0.6877483, -0.23237933), (0.6877515, -0.68774825, -0.23237936), (0.6877515, -0.68774825, -0.23237936), (0.6877515, -0.6877483, -0.23237933), (0.6987006, -0.6986973, -0.15375192), (0.6987006, -0.69869727, -0.15375191), (0.6987006, -0.69869727, -0.15375191), (0.6987006, -0.6986973, -0.15375192), (0.70405257, -0.7040508, -0.09285744), (0.7040525, -0.7040507, -0.09285748), (0.66479963, 0.6647982, -0.34071198), (0.6647997, 0.66479826, -0.340712), (0.68775153, 0.68774825, -0.23237939), (0.6877515, 0.6877483, -0.23237939), (0.6877515, 0.6877483, -0.23237939), (0.68775153, 0.68774825, -0.23237939), (0.69870156, 0.69869626, -0.15375154), (0.6987016, 0.6986963, -0.15375157), (0.6987016, 0.6986963, -0.15375157), (0.69870156, 0.69869626, -0.15375154), (0.7040539, 0.7040495, -0.09285703), (0.7040539, 0.7040495, -0.092856966), (-0.6647977, 0.66480035, -0.34071174), (-0.66479766, 0.66480035, -0.34071165), (-0.6877492, 0.6877504, -0.23237959), (-0.6877492, 0.68775046, -0.23237969), (-0.6877492, 0.68775046, -0.23237969), (-0.6877492, 0.6877504, -0.23237959), (-0.6986982, 0.6986996, -0.15375206), (-0.69869816, 0.6986996, -0.15375206), (-0.69869816, 0.6986996, -0.15375206), (-0.6986982, 0.6986996, -0.15375206), (-0.7040515, 0.7040524, -0.09285382), (-0.7040515, 0.7040524, -0.09285377), (-0.6647982, -0.6648001, -0.34071115), (-0.65153193, -0.6515295, -0.38860705), (-0.65153193, -0.6515295, -0.38860705), (-0.66479814, -0.6648001, -0.3407112), (-0.99989647, 1.9649159e-8, -0.0143863745), (-0.865936, 0.49994785, -0.014386505), (-0.86600167, 0.4999896, -0.007172654), (-0.99997425, -9.80615e-9, -0.0071726185), (-0.865936, 0.49994785, -0.014386505), (-0.49994847, 0.8659356, -0.014386607), (-0.49998736, 0.86600304, -0.0071727554), (-0.86600167, 0.4999896, -0.007172654), (-0.49994847, 0.8659356, -0.014386607), (-0.0000010463185, 0.99989647, -0.014386632), (-1.9612273e-8, 0.99997425, -0.007172826), (-0.49998736, 0.86600304, -0.0071727554), (-0.0000010463185, 0.99989647, -0.014386632), (0.49994794, 0.865936, -0.014386703), (0.49998787, 0.86600274, -0.007172877), (-1.9612273e-8, 0.99997425, -0.007172826), (0.49994794, 0.865936, -0.014386703), (0.8659345, 0.49995044, -0.014386698), (0.86600125, 0.49999043, -0.0071729603), (0.49998787, 0.86600274, -0.007172877), (0.8659345, 0.49995044, -0.014386698), (0.99989647, -2.9473794e-8, -0.014386671), (0.99997425, -9.806157e-9, -0.00717305), (0.86600125, 0.49999043, -0.0071729603), (0.99989647, -2.9473794e-8, -0.014386671), (0.86593455, -0.49995044, -0.014386698), (0.86600137, -0.4999902, -0.007172957), (0.99997425, -9.806157e-9, -0.00717305), (0.86593455, -0.49995044, -0.014386698), (0.49994785, -0.865936, -0.014386704), (0.49998757, -0.86600286, -0.0071728653), (0.86600137, -0.4999902, -0.007172957), (0.49994785, -0.865936, -0.014386704), (-0.0000010757923, -0.99989647, -0.014386636), (-1.372859e-7, -0.99997425, -0.007172813), (0.49998757, -0.86600286, -0.0071728653), (-0.0000010757923, -0.99989647, -0.014386636), (-0.49994844, -0.8659357, -0.014386609), (-0.4999873, -0.8660031, -0.0071727457), (-1.372859e-7, -0.99997425, -0.007172813), (-0.49994844, -0.8659357, -0.014386609), (-0.865936, -0.49994773, -0.014386501), (-0.86600184, -0.49998948, -0.00717265), (-0.4999873, -0.8660031, -0.0071727457), (-0.865936, -0.49994773, -0.014386501), (-0.99989647, 1.9649159e-8, -0.0143863745), (-0.99997425, -9.80615e-9, -0.0071726185), (-0.86600184, -0.49998948, -0.00717265), (-2.2284693e-13, 0, -1), (-2.2284693e-13, 0, -1), (-2.2284693e-13, 0, -1), (-2.2284693e-13, 0, -1), (-2.2284693e-13, 0, -1), (-2.2284693e-13, 0, -1), (-2.2284693e-13, 0, -1), (-2.2284693e-13, 0, -1), (-2.2284693e-13, 0, -1), (-2.2284693e-13, 0, -1), (-2.2284693e-13, 0, -1), (-2.2284693e-13, 0, -1), (0.9999938, 0, -0.0035232613), (0.86601967, -0.49999765, -0.003523247), (0.86602527, -0.50000036, -1.3960313e-7), (0.9659284, -0.25880948, -2.6969178e-7), (-0.8660192, 0.4999984, -0.003522879), (-0.49999702, 0.8660199, -0.0035229528), (-0.7071087, 0.7071048, 2.479241e-7), (-0.86602473, 0.5000012, 1.2833483e-7), (0.49999458, -0.86602145, -0.003523188), (0.0000013447076, -0.9999938, -0.0035230936), (0.25882122, -0.9659252, 0), (0.49999633, -0.86602753, 0), (0.0000015066615, 0.9999938, -0.0035230874), (0.49999478, 0.8660213, -0.0035231803), (0.4999965, 0.86602753, 0), (0.25882152, 0.9659252, 0), (-0.499997, -0.86601996, -0.0035229602), (-0.8660192, -0.49999827, -0.003522882), (-0.86602473, -0.5000012, 1.2833483e-7), (-0.5000008, -0.866025, 1.7569658e-7), (0.8660195, 0.49999774, -0.0035232424), (0.9999938, 0, -0.0035232613), (0.9659284, 0.25880948, -2.6969178e-7), (0.86602527, 0.50000036, -1.3960313e-7), (-0.9999938, 0, -0.003522875), (-0.8660192, 0.4999984, -0.003522879), (-0.86602473, 0.5000012, 1.2833483e-7), (-0.96592444, 0.2588243, 0), (0.86601967, -0.49999765, -0.003523247), (0.49999458, -0.86602145, -0.003523188), (0.49999633, -0.86602753, 0), (0.86602527, -0.50000036, -1.3960313e-7), (-0.49999702, 0.8660199, -0.0035229528), (0.0000015066615, 0.9999938, -0.0035230874), (-0.25881794, 0.9659261, 9.149539e-8), (-0.25881794, 0.9659261, 9.149539e-8), (0.0000013447076, -0.9999938, -0.0035230936), (-0.499997, -0.86601996, -0.0035229602), (-0.5000008, -0.866025, 1.7569658e-7), (-0.25881794, -0.9659261, 9.149539e-8), (0.49999478, 0.8660213, -0.0035231803), (0.8660195, 0.49999774, -0.0035232424), (0.86602527, 0.50000036, -1.3960313e-7), (0.4999965, 0.86602753, 0), (-0.86601907, -0.49999854, -0.0035228813), (-0.8660216, -0.500001, -0.0023667063), (-0.9999972, -1.965738e-8, -0.0023666804), (-0.9999938, 0, -0.003522875), (-0.4999969, 0.86602, -0.0035229535), (-0.49999863, 0.86602306, -0.002366816), (0.0000010418396, 0.9999972, -0.0023669659), (0.0000015017538, 0.9999938, -0.0035230892), (0.0000015017538, 0.9999938, -0.0035230892), (0.0000010418396, 0.9999972, -0.0023669659), (0.4999987, 0.8660229, -0.0023670965), (0.49999478, 0.8660213, -0.0035231817), (0.49999478, 0.8660213, -0.0035231817), (0.4999987, 0.8660229, -0.0023670965), (0.86602193, 0.50000054, -0.002367181), (0.8660195, 0.49999788, -0.0035232427), (0.8660195, 0.49999788, -0.0035232427), (0.86602193, 0.50000054, -0.002367181), (0.9999972, -2.45717e-8, -0.00236721), (0.9999938, 4.907685e-9, -0.0035232613), (0.9999938, 4.907685e-9, -0.0035232613), (0.9999972, -2.45717e-8, -0.00236721), (0.86602193, -0.5000003, -0.002367181), (0.8660195, -0.4999978, -0.003523247), (0.8660195, -0.4999978, -0.003523247), (0.86602193, -0.5000003, -0.002367181), (0.49999863, -0.866023, -0.0023670956), (0.49999467, -0.8660213, -0.0035231889), (0.49999467, -0.8660213, -0.0035231889), (0.49999863, -0.866023, -0.0023670956), (8.550946e-7, -0.99999726, -0.0023669635), (0.0000013250768, -0.9999938, -0.0035230967), (0.0000013250768, -0.9999938, -0.0035230967), (8.550946e-7, -0.99999726, -0.0023669635), (-0.49999854, -0.86602294, -0.0023668152), (-0.499997, -0.86602, -0.0035229612), (-0.499997, -0.86602, -0.0035229612), (-0.49999854, -0.86602294, -0.0023668152), (-0.8660216, -0.500001, -0.0023667063), (-0.86601907, -0.49999854, -0.0035228813), (-0.29562935, 0.5120461, -0.8064813), (-0.5120441, 0.2956297, -0.80648243), (-0.51204336, 0.29563093, -0.80648243), (-0.29562837, 0.5120466, -0.8064813), (-0.9999938, 0, -0.003522875), (-0.9999972, -1.965738e-8, -0.0023666804), (-0.8660214, 0.5000012, -0.0023667074), (-0.866019, 0.49999866, -0.0035228792), (-0.86601907, -0.49999854, -0.0035228813), (-0.9999938, 0, -0.003522875), (-0.96592444, -0.2588243, 0), (-0.86602455, -0.50000143, 1.2833476e-7), (-0.866019, 0.49999866, -0.0035228792), (-0.8660214, 0.5000012, -0.0023667074), (-0.49999863, 0.86602306, -0.002366816), (-0.4999969, 0.86602, -0.0035229535), (-0.4999405, -0.86592185, -0.015454137), (-0.49994922, -0.8659369, -0.014286967), (-0.86593866, -0.4999461, -0.014286906), (-0.8659224, -0.49993962, -0.015454021), (-0.0000011541835, -0.9998806, -0.015454163), (-0.0000013486409, -0.99989796, -0.014287034), (-0.49994922, -0.8659369, -0.014286967), (-0.4999405, -0.86592185, -0.015454137), (0.4999398, -0.8659223, -0.015454244), (0.49994814, -0.8659375, -0.014287211), (-0.0000013486409, -0.99989796, -0.014287034), (-0.0000011541835, -0.9998806, -0.015454163), (0.86592066, -0.4999426, -0.015454242), (0.865937, -0.49994898, -0.014287245), (0.49994814, -0.8659375, -0.014287211), (0.4999398, -0.8659223, -0.015454244), (0.99988055, 3.4379973e-8, -0.015454212), (0.99989796, 2.9532272e-8, -0.014287128), (0.865937, -0.49994898, -0.014287245), (0.86592066, -0.4999426, -0.015454242), (0.8659207, 0.4999426, -0.015454245), (0.865937, 0.49994898, -0.014287244), (0.99989796, 2.9532272e-8, -0.014287128), (0.99988055, 3.4379973e-8, -0.015454212), (0.49993995, 0.8659222, -0.015454241), (0.49994817, 0.8659375, -0.014287207), (0.865937, 0.49994898, -0.014287244), (0.8659207, 0.4999426, -0.015454245), (-0.0000011001579, 0.9998806, -0.015454159), (-0.0000013387967, 0.99989796, -0.014287027), (0.49994817, 0.8659375, -0.014287207), (0.49993995, 0.8659222, -0.015454241), (-0.49994048, 0.86592185, -0.015454129), (-0.49994913, 0.8659369, -0.014286957), (-0.0000013387967, 0.99989796, -0.014287027), (-0.0000011001579, 0.9998806, -0.015454159), (-0.86592233, 0.49993974, -0.015454024), (-0.8659386, 0.4999462, -0.014286907), (-0.49994913, 0.8659369, -0.014286957), (-0.49994048, 0.86592185, -0.015454129), (-0.9998806, 5.4025566e-8, -0.015453893), (-0.99989796, 5.9064437e-8, -0.014286818), (-0.8659386, 0.4999462, -0.014286907), (-0.86592233, 0.49993974, -0.015454024), (-0.8660018, -0.49998948, -0.007172648), (-0.99997437, 9.80615e-9, -0.00717262), (-0.9999972, -1.965738e-8, -0.0023666804), (-0.8660216, -0.500001, -0.0023667063), (-0.49998724, -0.86600304, -0.007172746), (-0.8660018, -0.49998948, -0.007172648), (-0.8660216, -0.500001, -0.0023667063), (-0.49999854, -0.86602294, -0.0023668152), (-2.5495953e-7, -0.99997425, -0.007172813), (-0.49998724, -0.86600304, -0.007172746), (-0.49999854, -0.86602294, -0.0023668152), (8.550946e-7, -0.99999726, -0.0023669635), (0.49998745, -0.8660029, -0.007172865), (-2.5495953e-7, -0.99997425, -0.007172813), (8.550946e-7, -0.99999726, -0.0023669635), (0.49999863, -0.866023, -0.0023670956), (0.86600125, -0.49999043, -0.007172957), (0.49998745, -0.8660029, -0.007172865), (0.49999863, -0.866023, -0.0023670956), (0.86602193, -0.5000003, -0.002367181), (0.99997425, 9.806157e-9, -0.00717305), (0.86600125, -0.49999043, -0.007172957), (0.86602193, -0.5000003, -0.002367181), (0.9999972, -2.45717e-8, -0.00236721), (0.8660012, 0.49999046, -0.007172962), (0.99997425, 9.806157e-9, -0.00717305), (0.9999972, -2.45717e-8, -0.00236721), (0.86602193, 0.50000054, -0.002367181), (0.49998763, 0.86600286, -0.007172873), (0.8660012, 0.49999046, -0.007172962), (0.86602193, 0.50000054, -0.002367181), (0.4999987, 0.8660229, -0.0023670965), (-1.1767365e-7, 0.99997425, -0.007172823), (0.49998763, 0.86600286, -0.007172873), (0.4999987, 0.8660229, -0.0023670965), (0.0000010418396, 0.9999972, -0.0023669659), (-0.49998742, 0.86600304, -0.007172754), (-1.1767365e-7, 0.99997425, -0.007172823), (0.0000010418396, 0.9999972, -0.0023669659), (-0.49999863, 0.86602306, -0.002366816), (-0.86600167, 0.49998957, -0.0071726525), (-0.49998742, 0.86600304, -0.007172754), (-0.49999863, 0.86602306, -0.002366816), (-0.8660214, 0.5000012, -0.0023667074), (-0.99997437, 9.80615e-9, -0.00717262), (-0.86600167, 0.49998957, -0.0071726525), (-0.8660214, 0.5000012, -0.0023667074), (-0.9999972, -1.965738e-8, -0.0023666804), (-0.8659224, -0.49993962, -0.015454021), (-0.86593866, -0.4999461, -0.014286906), (-0.99989796, 5.9064437e-8, -0.014286818), (-0.9998806, 5.4025566e-8, -0.015453893), (0.86335814, 0.4984596, -0.07842718), (0.498461, 0.86335737, -0.078426324), (0.49846217, 0.86335677, -0.07842633), (0.8633585, 0.49845895, -0.07842718), (-0.0000012113132, -0.5912592, -0.8064816), (0.29562822, -0.51204664, -0.8064814), (0.2956275, -0.51204705, -0.80648136), (-9.259463e-7, -0.5912591, -0.8064816), (0.29562238, 0.51204747, -0.8064831), (-0.000001160489, 0.591259, -0.80648166), (-8.705005e-7, 0.591259, -0.80648166), (0.29562166, 0.5120479, -0.80648303), (-0.5120488, -0.2956292, -0.80647963), (-0.29562932, -0.5120461, -0.80648124), (-0.29562837, -0.51204664, -0.80648124), (-0.5120481, -0.29563043, -0.8064797), (0.5912611, 6.183649e-7, -0.80648017), (0.51203877, 0.2956312, -0.8064853), (0.5120381, 0.29563233, -0.80648524), (0.5912611, 6.209954e-7, -0.80648017), (-0.5120441, 0.2956297, -0.80648243), (-0.59126097, 6.098941e-7, -0.8064802), (-0.591261, 6.1545074e-7, -0.8064803), (-0.51204336, 0.29563093, -0.80648243), (0.29562822, -0.51204664, -0.8064814), (0.5120488, -0.29562926, -0.80647963), (0.51204807, -0.29563048, -0.8064797), (0.2956275, -0.51204705, -0.80648136), (-0.000001160489, 0.591259, -0.80648166), (-0.29562935, 0.5120461, -0.8064813), (-0.29562837, 0.5120466, -0.8064813), (-8.705005e-7, 0.591259, -0.80648166), (-0.29562932, -0.5120461, -0.80648124), (-0.0000012113132, -0.5912592, -0.8064816), (-9.259463e-7, -0.5912591, -0.8064816), (-0.29562837, -0.51204664, -0.80648124), (0.51203877, 0.2956312, -0.8064853), (0.29562238, 0.51204747, -0.8064831), (0.29562166, 0.5120479, -0.80648303), (0.5120381, 0.29563233, -0.80648524), (-0.59126097, 6.098941e-7, -0.8064802), (-0.5120488, -0.2956292, -0.80647963), (-0.5120481, -0.29563043, -0.8064797), (-0.591261, 6.1545074e-7, -0.8064803), (0.5120488, -0.29562926, -0.80647963), (0.5912611, 6.183649e-7, -0.80648017), (0.5912611, 6.209954e-7, -0.80648017), (0.51204807, -0.29563048, -0.8064797), (-4.7543455e-7, 0, 1), (-4.7543455e-7, 0, 1), (-4.7543455e-7, 0, 1), (-4.7543455e-7, 0, 1), (-4.7543455e-7, 0, 1), (-4.7543455e-7, 0, 1), (-4.7543455e-7, 0, 1), (-4.7543455e-7, 0, 1), (-4.7543455e-7, 0, 1), (-4.7543455e-7, 0, 1), (-4.7543455e-7, 0, 1), (-4.7543455e-7, 0, 1), (-0.99692005, -2.8112174e-7, -0.078425206), (-0.86335754, -0.49846068, -0.078425705), (-0.8633578, -0.4984604, -0.078425705), (-0.99692, -5.2721185e-7, -0.0784252), (-0.49845982, 0.8633583, -0.078423806), (-0.8633578, 0.4984606, -0.07842486), (-0.8633581, 0.49845994, -0.078424856), (-0.49845934, 0.86335856, -0.0784238), (-0.0000018806079, -0.99692, -0.07842579), (0.49846077, -0.8633574, -0.07842754), (0.49846166, -0.8633569, -0.078427546), (3.0836955e-7, -0.99692, -0.07842578), (0.99691975, -2.9081568e-7, -0.07842792), (0.86335814, 0.4984596, -0.07842718), (0.8633585, 0.49845895, -0.07842718), (0.9969198, -5.47108e-7, -0.078427926), (-0.0000018612209, 0.99692005, -0.07842433), (-0.49845982, 0.8633583, -0.078423806), (-0.49845934, 0.86335856, -0.0784238), (3.1831698e-7, 0.9969201, -0.07842433), (-0.49845958, -0.8633583, -0.07842514), (-0.0000018806079, -0.99692, -0.07842579), (3.0836955e-7, -0.99692, -0.07842578), (-0.49845886, -0.8633588, -0.07842515), (0.8633579, -0.4984597, -0.07842799), (0.99691975, -2.9081568e-7, -0.07842792), (0.9969198, -5.47108e-7, -0.078427926), (0.8633581, -0.49845943, -0.078427985), (0.498461, 0.86335737, -0.078426324), (-0.0000018612209, 0.99692005, -0.07842433), (3.1831698e-7, 0.9969201, -0.07842433), (0.49846217, 0.86335677, -0.07842633), (-0.86335754, -0.49846068, -0.078425705), (-0.49845958, -0.8633583, -0.07842514), (-0.49845886, -0.8633588, -0.07842515), (-0.8633578, -0.4984604, -0.078425705), (-0.8633578, 0.4984606, -0.07842486), (-0.99692005, -2.8112174e-7, -0.078425206), (-0.99692, -5.2721185e-7, -0.0784252), (-0.8633581, 0.49845994, -0.078424856), (0.49846077, -0.8633574, -0.07842754), (0.8633579, -0.4984597, -0.07842799), (0.8633581, -0.49845943, -0.078427985), (0.49846166, -0.8633569, -0.078427546), (-0.7055284, -0.7055292, -0.06676991), (-0.7040528, -0.7040511, -0.092853524), (-0.7040528, -0.704051, -0.09285345), (-0.7055284, -0.7055292, -0.06676991), (0.7055279, -0.705529, -0.06677742), (0.70405227, -0.7040511, -0.0928572), (0.7040523, -0.704051, -0.09285714), (0.7055279, -0.705529, -0.06677742), (-0.70552796, 0.70552963, -0.06677001), (-0.7040512, 0.7040527, -0.092853464), (-0.70405114, 0.7040526, -0.09285352), (-0.70552796, 0.70552963, -0.06677001), (-0.67479366, 0.6747924, 0.2988456), (-0.67479366, 0.6747924, 0.2988456), (-0.68122023, 0.6812201, 0.26810104), (-0.6812202, 0.6812201, 0.268101), (-0.67479104, -0.67479473, 0.29884627), (-0.67479104, -0.67479473, 0.29884627), (-0.6812187, -0.6812214, 0.26810148), (-0.68121874, -0.6812214, 0.2681015), (0.6747949, 0.6747923, 0.2988431), (0.6747949, 0.6747923, 0.2988431), (0.6812209, 0.6812198, 0.26809978), (0.68122095, 0.6812198, 0.26809978), (-0.703305, -0.7033075, 0.10354037), (-0.703305, -0.7033075, 0.103540376), (-0.7037973, -0.7037946, 0.09665627), (0.6747923, -0.6747946, 0.2988439), (0.6747923, -0.6747946, 0.2988439), (0.68121946, -0.68122125, 0.2681003), (0.6812194, -0.6812212, 0.2681003), (0.7033086, -0.703304, 0.10353952), (0.7033087, -0.703304, 0.10353952), (0.7037993, -0.7037928, 0.096656), (0.7033079, 0.7033047, 0.103539534), (0.7033079, 0.7033047, 0.10353954), (0.70379645, 0.70379555, 0.09665628), (-0.703305, -0.7033075, 0.103540376), (-0.703305, -0.7033075, 0.10354037), (-0.70173687, -0.70174176, 0.12297919), (-0.70173687, -0.70174176, 0.12297918), (-0.70173687, -0.70174176, 0.12297918), (-0.70173687, -0.70174176, 0.12297919), (-0.69894737, -0.6989483, 0.15147187), (-0.69894737, -0.6989484, 0.15147188), (-0.69894737, -0.6989484, 0.15147188), (-0.69894737, -0.6989483, 0.15147187), (-0.69295317, -0.6929536, 0.19907598), (-0.6929531, -0.6929536, 0.19907598), (-0.6929531, -0.6929536, 0.19907598), (-0.69295317, -0.6929536, 0.19907598), (-0.68121874, -0.6812214, 0.2681015), (-0.6812187, -0.6812214, 0.26810148), (-0.70330447, 0.7033081, 0.10354038), (-0.70330447, 0.70330817, 0.10354039), (-0.7017374, 0.7017412, 0.12297909), (-0.70173734, 0.7017412, 0.1229791), (-0.70173734, 0.7017412, 0.1229791), (-0.7017374, 0.7017412, 0.12297909), (-0.69894665, 0.69894904, 0.15147208), (-0.69894665, 0.69894904, 0.15147206), (-0.69894665, 0.69894904, 0.15147206), (-0.69894665, 0.69894904, 0.15147208), (-0.6929525, 0.6929541, 0.19907603), (-0.6929526, 0.6929542, 0.19907606), (-0.6929526, 0.6929542, 0.19907606), (-0.6929525, 0.6929541, 0.19907603), (-0.6812202, 0.6812201, 0.268101), (-0.68122023, 0.6812201, 0.26810104), (0.7033087, -0.703304, 0.10353952), (0.7033086, -0.703304, 0.10353952), (0.7017413, -0.7017374, 0.12297856), (0.70174134, -0.7017374, 0.12297855), (0.70174134, -0.7017374, 0.12297855), (0.7017413, -0.7017374, 0.12297856), (0.69894916, -0.6989463, 0.15147306), (0.6989492, -0.6989463, 0.15147306), (0.6989492, -0.6989463, 0.15147306), (0.69894916, -0.6989463, 0.15147306), (0.6929532, -0.69295317, 0.19907723), (0.69295317, -0.6929531, 0.19907725), (0.69295317, -0.6929531, 0.19907725), (0.6929532, -0.69295317, 0.19907723), (0.6812194, -0.6812212, 0.2681003), (0.68121946, -0.68122125, 0.2681003), (0.7033079, 0.7033047, 0.10353954), (0.7033079, 0.7033047, 0.103539534), (0.70174104, 0.7017377, 0.12297859), (0.70174104, 0.7017377, 0.1229786), (0.70174104, 0.7017377, 0.1229786), (0.70174104, 0.7017377, 0.12297859), (0.6989485, 0.69894695, 0.15147318), (0.6989485, 0.698947, 0.1514732), (0.6989485, 0.698947, 0.1514732), (0.6989485, 0.69894695, 0.15147318), (0.6929532, 0.69295317, 0.19907722), (0.6929532, 0.6929532, 0.19907719), (0.6929532, 0.6929532, 0.19907719), (0.6929532, 0.69295317, 0.19907722), (0.68122095, 0.6812198, 0.26809978), (0.6812209, 0.6812198, 0.26809978), (-0.70330447, 0.70330817, 0.10354039), (-0.70330447, 0.7033081, 0.10354038), (-0.7037948, 0.7037972, 0.09665653), (0.7055283, 0.70552856, -0.06677739), (0.7040525, 0.70405084, -0.092856854), (0.7040525, 0.70405084, -0.09285691), (0.7055283, 0.70552856, -0.06677739), (0.6648012, -0.66479754, -0.3407106), (0.6515338, -0.65152735, -0.3886077), (0.6515338, -0.65152735, -0.3886077), (0.6648011, -0.6647976, -0.34071064), (0.6647997, 0.66479844, -0.3407114), (0.6515314, 0.6515288, -0.388609), (0.6515314, 0.6515288, -0.388609), (0.66479975, 0.6647985, -0.34071139), (-0.66479766, 0.66480064, -0.3407113), (-0.6515278, 0.65153223, -0.3886093), (-0.6515278, 0.65153223, -0.3886093), (-0.6647976, 0.66480064, -0.34071124), (-0.6647991, -0.66479963, -0.34071037), (-0.66479915, -0.66479963, -0.34071043), (-0.6877495, -0.68775046, -0.23237908), (-0.68774945, -0.68775046, -0.232379), (-0.68774945, -0.68775046, -0.232379), (-0.6877495, -0.68775046, -0.23237908), (-0.69869953, -0.69869816, -0.1537524), (-0.6986995, -0.6986983, -0.15375243), (-0.6986995, -0.6986983, -0.15375243), (-0.69869953, -0.69869816, -0.1537524), (-0.7040528, -0.704051, -0.09285345), (-0.7040528, -0.7040511, -0.092853524), (0.6648012, -0.66479754, -0.3407106), (0.6648011, -0.6647976, -0.34071064), (0.6877504, -0.6877493, -0.23237915), (0.6877504, -0.6877494, -0.23237915), (0.6877504, -0.6877494, -0.23237915), (0.6877504, -0.6877493, -0.23237915), (0.69870055, -0.69869715, -0.15375224), (0.69870055, -0.6986972, -0.1537522), (0.69870055, -0.6986972, -0.1537522), (0.69870055, -0.69869715, -0.15375224), (0.7040523, -0.704051, -0.09285714), (0.70405227, -0.7040511, -0.0928572), (0.6647997, 0.66479844, -0.3407114), (0.66479975, 0.6647985, -0.34071139), (0.6877504, 0.6877494, -0.2323792), (0.68775046, 0.68774945, -0.23237918), (0.68775046, 0.68774945, -0.23237918), (0.6877504, 0.6877494, -0.2323792), (0.6987006, 0.6986972, -0.15375198), (0.6987006, 0.6986972, -0.153752), (0.6987006, 0.6986972, -0.153752), (0.6987006, 0.6986972, -0.15375198), (0.7040525, 0.70405084, -0.09285691), (0.7040525, 0.70405084, -0.092856854), (-0.66479766, 0.66480064, -0.3407113), (-0.6647976, 0.66480064, -0.34071124), (-0.68774945, 0.68775046, -0.23237902), (-0.68774945, 0.6877504, -0.2323791), (-0.68774945, 0.6877504, -0.2323791), (-0.68774945, 0.68775046, -0.23237902), (-0.69869834, 0.6986995, -0.15375242), (-0.6986983, 0.69869953, -0.15375243), (-0.6986983, 0.69869953, -0.15375243), (-0.69869834, 0.6986995, -0.15375242), (-0.70405114, 0.7040526, -0.09285352), (-0.7040512, 0.7040527, -0.092853464), (-0.6647991, -0.66479963, -0.34071037), (-0.6515303, -0.6515306, -0.38860786), (-0.6515303, -0.6515306, -0.38860786), (-0.66479915, -0.66479963, -0.34071043), (-0.9998806, 5.4025566e-8, -0.015453893), (-0.86592233, 0.49993974, -0.015454024), (-0.86600167, 0.49998957, -0.0071726525), (-0.99997437, 9.80615e-9, -0.00717262), (-0.86592233, 0.49993974, -0.015454024), (-0.49994048, 0.86592185, -0.015454129), (-0.49998742, 0.86600304, -0.007172754), (-0.86600167, 0.49998957, -0.0071726525), (-0.49994048, 0.86592185, -0.015454129), (-0.0000011001579, 0.9998806, -0.015454159), (-1.1767365e-7, 0.99997425, -0.007172823), (-0.49998742, 0.86600304, -0.007172754), (-0.0000011001579, 0.9998806, -0.015454159), (0.49993995, 0.8659222, -0.015454241), (0.49998763, 0.86600286, -0.007172873), (-1.1767365e-7, 0.99997425, -0.007172823), (0.49993995, 0.8659222, -0.015454241), (0.8659207, 0.4999426, -0.015454245), (0.8660012, 0.49999046, -0.007172962), (0.49998763, 0.86600286, -0.007172873), (0.8659207, 0.4999426, -0.015454245), (0.99988055, 3.4379973e-8, -0.015454212), (0.99997425, 9.806157e-9, -0.00717305), (0.8660012, 0.49999046, -0.007172962), (0.99988055, 3.4379973e-8, -0.015454212), (0.86592066, -0.4999426, -0.015454242), (0.86600125, -0.49999043, -0.007172957), (0.99997425, 9.806157e-9, -0.00717305), (0.86592066, -0.4999426, -0.015454242), (0.4999398, -0.8659223, -0.015454244), (0.49998745, -0.8660029, -0.007172865), (0.86600125, -0.49999043, -0.007172957), (0.4999398, -0.8659223, -0.015454244), (-0.0000011541835, -0.9998806, -0.015454163), (-2.5495953e-7, -0.99997425, -0.007172813), (0.49998745, -0.8660029, -0.007172865), (-0.0000011541835, -0.9998806, -0.015454163), (-0.4999405, -0.86592185, -0.015454137), (-0.49998724, -0.86600304, -0.007172746), (-2.5495953e-7, -0.99997425, -0.007172813), (-0.4999405, -0.86592185, -0.015454137), (-0.8659224, -0.49993962, -0.015454021), (-0.8660018, -0.49998948, -0.007172648), (-0.49998724, -0.86600304, -0.007172746), (-0.8659224, -0.49993962, -0.015454021), (-0.9998806, 5.4025566e-8, -0.015453893), (-0.99997437, 9.80615e-9, -0.00717262), (-0.8660018, -0.49998948, -0.007172648), (-2.2284693e-13, 0, -1), (-2.2284693e-13, 0, -1), (-2.2284693e-13, 0, -1), (-2.2284693e-13, 0, -1), (-2.2284693e-13, 0, -1), (-2.2284693e-13, 0, -1), (-2.2284693e-13, 0, -1), (-2.2284693e-13, 0, -1), (-2.2284693e-13, 0, -1), (-2.2284693e-13, 0, -1), (-2.2284693e-13, 0, -1), (-2.2284693e-13, 0, -1), (0.9999938, 4.907685e-9, -0.0035232613), (0.8660195, -0.4999978, -0.003523247), (0.86602527, -0.50000036, -1.3979411e-7), (0.9659284, -0.25880948, -2.7006072e-7), (-0.866019, 0.49999866, -0.0035228792), (-0.4999969, 0.86602, -0.0035229535), (-0.7071083, 0.7071053, 2.47924e-7), (-0.86602455, 0.50000143, 1.2833478e-7), (0.49999467, -0.8660213, -0.0035231889), (0.0000013250768, -0.9999938, -0.0035230967), (0.25882137, -0.9659252, 0), (0.49999642, -0.86602753, 0), (0.0000015017538, 0.9999938, -0.0035230892), (0.49999478, 0.8660213, -0.0035231817), (0.49999642, 0.86602753, 0), (0.25882137, 0.9659252, 0), (-0.499997, -0.86602, -0.0035229612), (-0.86601907, -0.49999854, -0.0035228813), (-0.86602455, -0.50000143, 1.2833476e-7), (-0.5000007, -0.866025, 1.7416875e-7), (0.8660195, 0.49999788, -0.0035232427), (0.9999938, 4.907685e-9, -0.0035232613), (0.9659284, 0.25880948, -2.7006072e-7), (0.86602527, 0.50000036, -1.3979411e-7), (-0.9999938, 0, -0.003522875), (-0.866019, 0.49999866, -0.0035228792), (-0.86602455, 0.50000143, 1.2833478e-7), (-0.96592444, 0.2588243, 0), (0.8660195, -0.4999978, -0.003523247), (0.49999467, -0.8660213, -0.0035231889), (0.49999642, -0.86602753, 0), (0.86602527, -0.50000036, -1.3979411e-7), (-0.4999969, 0.86602, -0.0035229535), (0.0000015017538, 0.9999938, -0.0035230892), (-0.258818, 0.96592605, 8.854399e-8), (-0.258818, 0.96592605, 8.854399e-8), (0.0000013250768, -0.9999938, -0.0035230967), (-0.499997, -0.86602, -0.0035229612), (-0.5000007, -0.866025, 1.7416875e-7), (-0.2588183, -0.965926, 8.8543985e-8), (0.49999478, 0.8660213, -0.0035231817), (0.8660195, 0.49999788, -0.0035232427), (0.86602527, 0.50000036, -1.3979411e-7), (0.49999642, 0.86602753, 0), (-0.86601895, -0.4999988, -0.0035228806), (-0.86602145, -0.50000113, -0.0023667042), (-0.9999972, 2.4571722e-8, -0.002366681), (-0.9999938, 0, -0.003522875), (-0.49999645, 0.86602026, -0.0035229535), (-0.4999985, 0.86602306, -0.0023668162), (8.5509475e-7, 0.9999972, -0.0023669687), (0.0000014379539, 0.9999938, -0.0035230923), (0.0000014379539, 0.9999938, -0.0035230923), (8.5509475e-7, 0.9999972, -0.0023669687), (0.49999878, 0.8660228, -0.0023670949), (0.4999949, 0.86602116, -0.0035231812), (0.4999949, 0.86602116, -0.0035231812), (0.49999878, 0.8660228, -0.0023670949), (0.86602205, 0.5000003, -0.0023671808), (0.8660196, 0.49999762, -0.0035232424), (0.8660196, 0.49999762, -0.0035232424), (0.86602205, 0.5000003, -0.0023671808), (0.9999972, 1.474302e-8, -0.0023672117), (0.9999938, 0, -0.003523262), (0.9999938, 0, -0.003523262), (0.9999972, 1.474302e-8, -0.0023672117), (0.8660221, -0.50000006, -0.0023671794), (0.86601967, -0.49999756, -0.0035232455), (0.86601967, -0.49999756, -0.0035232455), (0.8660221, -0.50000006, -0.0023671794), (0.49999866, -0.866023, -0.0023670923), (0.49999478, -0.8660213, -0.0035231863), (0.49999478, -0.8660213, -0.0035231863), (0.49999866, -0.866023, -0.0023670923), (8.403516e-7, -0.99999726, -0.002366963), (0.0000014134152, -0.9999938, -0.0035230967), (0.0000014134152, -0.9999938, -0.0035230967), (8.403516e-7, -0.99999726, -0.002366963), (-0.49999836, -0.86602306, -0.002366813), (-0.4999965, -0.86602026, -0.0035229602), (-0.4999965, -0.86602026, -0.0035229602), (-0.49999836, -0.86602306, -0.002366813), (-0.86602145, -0.50000113, -0.0023667042), (-0.86601895, -0.4999988, -0.0035228806), (-0.29563087, 0.5120461, -0.8064807), (-0.512044, 0.2956298, -0.80648243), (-0.51204336, 0.295631, -0.8064825), (-0.2956299, 0.5120467, -0.80648077), (-0.9999938, 0, -0.003522875), (-0.9999972, 2.4571722e-8, -0.002366681), (-0.8660213, 0.5000015, -0.0023667042), (-0.86601883, 0.499999, -0.0035228773), (-0.86601895, -0.4999988, -0.0035228806), (-0.9999938, 0, -0.003522875), (-0.96592444, -0.2588243, 0), (-0.8660245, -0.50000155, 1.283347e-7), (-0.86601883, 0.499999, -0.0035228773), (-0.8660213, 0.5000015, -0.0023667042), (-0.4999985, 0.86602306, -0.0023668162), (-0.49999645, 0.86602026, -0.0035229535), (-0.49994782, -0.8659353, -0.014428167), (-0.4999628, -0.8659604, -0.012239459), (-0.8659623, -0.49995947, -0.012239411), (-0.86593556, -0.4999473, -0.014428066), (-0.0000011740299, -0.9998959, -0.0144282), (-0.0000013186657, -0.9999251, -0.01223953), (-0.4999628, -0.8659604, -0.012239459), (-0.49994782, -0.8659353, -0.014428167), (0.49994755, -0.8659355, -0.014428269), (0.4999616, -0.8659611, -0.01223968), (-0.0000013186657, -0.9999251, -0.01223953), (-0.0000011740299, -0.9998959, -0.0144282), (0.86593395, -0.4999502, -0.014428265), (0.86596054, -0.49996245, -0.012239701), (0.4999616, -0.8659611, -0.01223968), (0.49994755, -0.8659355, -0.014428269), (0.9998959, -4.912265e-8, -0.014428236), (0.9999251, -4.9203916e-8, -0.012239597), (0.86596054, -0.49996245, -0.012239701), (0.86593395, -0.4999502, -0.014428265), (0.86593395, 0.49995017, -0.014428263), (0.86596054, 0.49996242, -0.012239697), (0.9999251, -4.9203916e-8, -0.012239597), (0.9998959, -4.912265e-8, -0.014428236), (0.4999477, 0.86593544, -0.014428265), (0.4999617, 0.865961, -0.0122396685), (0.86596054, 0.49996242, -0.012239697), (0.86593395, 0.49995017, -0.014428263), (-0.0000011347319, 0.9998959, -0.014428202), (-0.0000012202578, 0.9999251, -0.012239522), (0.4999617, 0.865961, -0.0122396685), (0.4999477, 0.86593544, -0.014428265), (-0.49994785, 0.86593527, -0.0144281695), (-0.49996272, 0.8659604, -0.01223946), (-0.0000012202578, 0.9999251, -0.012239522), (-0.0000011347319, 0.9998959, -0.014428202), (-0.86593556, 0.4999473, -0.014428065), (-0.86596227, 0.4999596, -0.012239413), (-0.49996272, 0.8659604, -0.01223946), (-0.49994785, 0.86593527, -0.0144281695), (-0.99989593, 4.9122546e-9, -0.01442794), (-0.9999251, 2.9522296e-8, -0.012239331), (-0.86596227, 0.4999596, -0.012239413), (-0.86593556, 0.4999473, -0.014428065), (-0.8660017, -0.49998954, -0.0071726455), (-0.99997425, 4.903074e-9, -0.0071726213), (-0.9999972, 2.4571722e-8, -0.002366681), (-0.86602145, -0.50000113, -0.0023667042), (-0.49998698, -0.8660032, -0.00717274), (-0.8660017, -0.49998954, -0.0071726455), (-0.86602145, -0.50000113, -0.0023667042), (-0.49999836, -0.86602306, -0.002366813), (-2.0102578e-7, -0.99997425, -0.0071728122), (-0.49998698, -0.8660032, -0.00717274), (-0.49999836, -0.86602306, -0.002366813), (8.403516e-7, -0.99999726, -0.002366963), (0.4999877, -0.86600286, -0.0071728653), (-2.0102578e-7, -0.99997425, -0.0071728122), (8.403516e-7, -0.99999726, -0.002366963), (0.49999866, -0.866023, -0.0023670923), (0.86600125, -0.4999904, -0.0071729575), (0.4999877, -0.86600286, -0.0071728653), (0.49999866, -0.866023, -0.0023670923), (0.8660221, -0.50000006, -0.0023671794), (0.99997425, -4.9030793e-9, -0.0071730507), (0.86600125, -0.4999904, -0.0071729575), (0.8660221, -0.50000006, -0.0023671794), (0.9999972, 1.474302e-8, -0.0023672117), (0.8660011, 0.49999055, -0.0071729617), (0.99997425, -4.9030793e-9, -0.0071730507), (0.9999972, 1.474302e-8, -0.0023672117), (0.86602205, 0.5000003, -0.0023671808), (0.49998787, 0.8660027, -0.0071728746), (0.8660011, 0.49999055, -0.0071729617), (0.86602205, 0.5000003, -0.0023671808), (0.49999878, 0.8660228, -0.0023670949), (-2.2554116e-7, 0.99997425, -0.007172826), (0.49998787, 0.8660027, -0.0071728746), (0.49999878, 0.8660228, -0.0023670949), (8.5509475e-7, 0.9999972, -0.0023669687), (-0.49998719, 0.8660031, -0.0071727517), (-2.2554116e-7, 0.99997425, -0.007172826), (8.5509475e-7, 0.9999972, -0.0023669687), (-0.4999985, 0.86602306, -0.0023668162), (-0.86600167, 0.49998972, -0.007172649), (-0.49998719, 0.8660031, -0.0071727517), (-0.4999985, 0.86602306, -0.0023668162), (-0.8660213, 0.5000015, -0.0023667042), (-0.99997425, 4.903074e-9, -0.0071726213), (-0.86600167, 0.49998972, -0.007172649), (-0.8660213, 0.5000015, -0.0023667042), (-0.9999972, 2.4571722e-8, -0.002366681), (-0.86593556, -0.4999473, -0.014428066), (-0.8659623, -0.49995947, -0.012239411), (-0.9999251, 2.9522296e-8, -0.012239331), (-0.99989593, 4.9122546e-9, -0.01442794), (0.86335665, 0.49846196, -0.078427486), (0.49845845, 0.86335886, -0.07842642), (0.49845955, 0.8633582, -0.07842642), (0.863357, 0.49846137, -0.07842748), (-0.0000044301883, -0.59125876, -0.80648196), (0.29562655, -0.5120469, -0.8064818), (0.29562584, -0.5120473, -0.8064818), (-0.0000041251737, -0.59125876, -0.80648196), (0.29563555, 0.5120454, -0.80647945), (-0.0000011689604, 0.5912588, -0.8064819), (-8.98224e-7, 0.5912589, -0.80648184), (0.29563484, 0.51204586, -0.8064795), (-0.512044, -0.29562977, -0.80648243), (-0.29563084, -0.5120459, -0.8064808), (-0.2956299, -0.5120465, -0.8064809), (-0.51204336, -0.295631, -0.8064825), (0.5912566, -8.470753e-9, -0.80648357), (0.51204926, 0.29562834, -0.8064797), (0.5120486, 0.29562956, -0.8064797), (0.5912567, -5.544603e-9, -0.8064835), (-0.512044, 0.2956298, -0.80648243), (-0.5912566, 0, -0.80648345), (-0.5912566, 0, -0.80648345), (-0.51204336, 0.295631, -0.8064825), (0.29562655, -0.5120469, -0.8064818), (0.512044, -0.29562974, -0.8064825), (0.51204336, -0.29563096, -0.8064825), (0.29562584, -0.5120473, -0.8064818), (-0.0000011689604, 0.5912588, -0.8064819), (-0.29563087, 0.5120461, -0.8064807), (-0.2956299, 0.5120467, -0.80648077), (-8.98224e-7, 0.5912589, -0.80648184), (-0.29563084, -0.5120459, -0.8064808), (-0.0000044301883, -0.59125876, -0.80648196), (-0.0000041251737, -0.59125876, -0.80648196), (-0.2956299, -0.5120465, -0.8064809), (0.51204926, 0.29562834, -0.8064797), (0.29563555, 0.5120454, -0.80647945), (0.29563484, 0.51204586, -0.8064795), (0.5120486, 0.29562956, -0.8064797), (-0.5912566, 0, -0.80648345), (-0.512044, -0.29562977, -0.80648243), (-0.51204336, -0.295631, -0.8064825), (-0.5912566, 0, -0.80648345), (0.512044, -0.29562974, -0.8064825), (0.5912566, -8.470753e-9, -0.80648357), (0.5912567, -5.544603e-9, -0.8064835), (0.51204336, -0.29563096, -0.8064825), (-9.508691e-7, 0, 1), (-9.508691e-7, 0, 1), (-9.508691e-7, 0, 1), (-9.508691e-7, 0, 1), (-9.508691e-7, 0, 1), (-9.508691e-7, 0, 1), (-9.508691e-7, 0, 1), (-9.508691e-7, 0, 1), (-9.508691e-7, 0, 1), (-9.508691e-7, 0, 1), (-9.508691e-7, 0, 1), (-9.508691e-7, 0, 1), (-0.99692, 5.428559e-7, -0.07842521), (-0.86335766, -0.4984606, -0.078425534), (-0.86335784, -0.4984603, -0.07842553), (-0.99692, 2.9842184e-7, -0.0784252), (-0.49845824, 0.8633593, -0.07842394), (-0.8633568, 0.49846214, -0.07842506), (-0.8633572, 0.49846154, -0.07842506), (-0.49845776, 0.8633594, -0.078423925), (-0.0000014637722, -0.99692, -0.07842579), (0.4984602, -0.86335766, -0.07842766), (0.49846107, -0.8633572, -0.07842765), (7.2616064e-7, -0.99692, -0.07842578), (0.9969198, 5.3316217e-7, -0.078427926), (0.86335665, 0.49846196, -0.078427486), (0.863357, 0.49846137, -0.07842748), (0.9969198, 2.8847515e-7, -0.07842792), (-0.0000018418324, 0.99692005, -0.078424335), (-0.49845824, 0.8633593, -0.07842394), (-0.49845776, 0.8633594, -0.078423925), (3.4815906e-7, 0.9969201, -0.07842434), (-0.49845964, -0.86335826, -0.07842504), (-0.0000014637722, -0.99692, -0.07842579), (7.2616064e-7, -0.99692, -0.07842578), (-0.49845898, -0.8633586, -0.07842505), (0.86335754, -0.49846038, -0.078427985), (0.9969198, 5.3316217e-7, -0.078427926), (0.9969198, 2.8847515e-7, -0.07842792), (0.8633577, -0.49846014, -0.078427985), (0.49845845, 0.86335886, -0.07842642), (-0.0000018418324, 0.99692005, -0.078424335), (3.4815906e-7, 0.9969201, -0.07842434), (0.49845955, 0.8633582, -0.07842642), (-0.86335766, -0.4984606, -0.078425534), (-0.49845964, -0.86335826, -0.07842504), (-0.49845898, -0.8633586, -0.07842505), (-0.86335784, -0.4984603, -0.07842553), (-0.8633568, 0.49846214, -0.07842506), (-0.99692, 5.428559e-7, -0.07842521), (-0.99692, 2.9842184e-7, -0.0784252), (-0.8633572, 0.49846154, -0.07842506), (0.4984602, -0.86335766, -0.07842766), (0.86335754, -0.49846038, -0.078427985), (0.8633577, -0.49846014, -0.078427985), (0.49846107, -0.8633572, -0.07842765), (-0.7055312, -0.7055264, -0.066769674), (-0.7040539, -0.70405, -0.09285374), (-0.70405376, -0.70405, -0.09285366), (-0.7055312, -0.7055264, -0.066769674), (0.7055286, -0.7055283, -0.066777356), (0.7040539, -0.7040495, -0.09285727), (0.7040538, -0.70404947, -0.09285722), (0.7055286, -0.7055283, -0.066777356), (-0.7055264, 0.70553106, -0.066770196), (-0.7040503, 0.70405346, -0.09285387), (-0.7040504, 0.70405346, -0.092853926), (-0.7055264, 0.70553106, -0.066770196), (-0.67479336, 0.6747928, 0.29884544), (-0.67479336, 0.6747928, 0.29884544), (-0.68122166, 0.6812191, 0.26810014), (-0.68122166, 0.68121904, 0.26810014), (-0.67479336, -0.6747928, 0.2988453), (-0.67479336, -0.6747928, 0.2988453), (-0.6812204, -0.6812201, 0.26810044), (-0.6812204, -0.6812201, 0.26810038), (0.6747948, 0.67479247, 0.29884288), (0.6747948, 0.67479247, 0.29884288), (0.6812213, 0.6812198, 0.2680992), (0.68122125, 0.68121976, 0.2680992), (-0.70330447, -0.7033079, 0.10354045), (-0.7033045, -0.70330805, 0.10354045), (-0.70379597, -0.70379597, 0.0966563), (0.6747948, -0.67479247, 0.2988428), (0.6747948, -0.67479247, 0.2988428), (0.68122125, -0.68121976, 0.2680992), (0.6812213, -0.6812198, 0.26809925), (0.70330876, -0.7033038, 0.103539646), (0.70330876, -0.7033038, 0.103539646), (0.7037997, -0.70379233, 0.096655875), (0.7033084, 0.7033042, 0.103539616), (0.7033084, 0.7033042, 0.10353964), (0.70379895, 0.70379305, 0.09665587), (-0.7033045, -0.70330805, 0.10354045), (-0.70330447, -0.7033079, 0.10354045), (-0.701737, -0.70174164, 0.12297902), (-0.7017369, -0.70174164, 0.12297899), (-0.7017369, -0.70174164, 0.12297899), (-0.701737, -0.70174164, 0.12297902), (-0.69894713, -0.69894856, 0.15147199), (-0.6989472, -0.69894856, 0.151472), (-0.6989472, -0.69894856, 0.151472), (-0.69894713, -0.69894856, 0.15147199), (-0.6929534, -0.6929534, 0.19907558), (-0.6929534, -0.6929534, 0.1990756), (-0.6929534, -0.6929534, 0.1990756), (-0.6929534, -0.6929534, 0.19907558), (-0.6812204, -0.6812201, 0.26810038), (-0.6812204, -0.6812201, 0.26810044), (-0.70330524, 0.70330733, 0.10354029), (-0.7033052, 0.7033074, 0.10354029), (-0.70173854, 0.70174015, 0.12297874), (-0.70173854, 0.7017401, 0.12297875), (-0.70173854, 0.7017401, 0.12297875), (-0.70173854, 0.70174015, 0.12297874), (-0.69894654, 0.69894916, 0.15147221), (-0.6989465, 0.6989492, 0.15147221), (-0.6989465, 0.6989492, 0.15147221), (-0.69894654, 0.69894916, 0.15147221), (-0.69295406, 0.6929529, 0.19907531), (-0.69295406, 0.69295293, 0.1990753), (-0.69295406, 0.69295293, 0.1990753), (-0.69295406, 0.6929529, 0.19907531), (-0.68122166, 0.68121904, 0.26810014), (-0.68122166, 0.6812191, 0.26810014), (0.70330876, -0.7033038, 0.103539646), (0.70330876, -0.7033038, 0.103539646), (0.7017408, -0.7017379, 0.12297866), (0.70174086, -0.7017379, 0.12297866), (0.70174086, -0.7017379, 0.12297866), (0.7017408, -0.7017379, 0.12297866), (0.6989493, -0.6989463, 0.15147318), (0.6989493, -0.69894624, 0.15147316), (0.6989493, -0.69894624, 0.15147316), (0.6989493, -0.6989463, 0.15147318), (0.69295394, -0.69295245, 0.19907676), (0.692954, -0.6929525, 0.19907679), (0.692954, -0.6929525, 0.19907679), (0.69295394, -0.69295245, 0.19907676), (0.6812213, -0.6812198, 0.26809925), (0.68122125, -0.68121976, 0.2680992), (0.7033084, 0.7033042, 0.10353964), (0.7033084, 0.7033042, 0.103539616), (0.70174086, 0.7017379, 0.12297866), (0.7017408, 0.7017379, 0.12297866), (0.7017408, 0.7017379, 0.12297866), (0.70174086, 0.7017379, 0.12297866), (0.6989493, 0.69894624, 0.1514732), (0.6989493, 0.6989463, 0.15147321), (0.6989493, 0.6989463, 0.15147321), (0.6989493, 0.69894624, 0.1514732), (0.692954, 0.6929525, 0.1990767), (0.69295406, 0.6929526, 0.1990767), (0.69295406, 0.6929526, 0.1990767), (0.692954, 0.6929525, 0.1990767), (0.68122125, 0.68121976, 0.2680992), (0.6812213, 0.6812198, 0.2680992), (-0.7033052, 0.7033074, 0.10354029), (-0.70330524, 0.70330733, 0.10354029), (-0.70379525, 0.70379674, 0.09665631), (0.70552886, 0.70552796, -0.066777326), (0.70405275, 0.70405054, -0.09285721), (0.7040528, 0.7040506, -0.092857264), (0.70552886, 0.70552796, -0.066777326), (0.66480035, -0.6647978, -0.34071153), (0.6515314, -0.65152925, -0.38860852), (0.6515314, -0.65152925, -0.38860852), (0.6648003, -0.6647978, -0.34071153), (0.6648013, 0.66479695, -0.34071153), (0.65153015, 0.6515299, -0.3886092), (0.65153015, 0.6515299, -0.3886092), (0.66480124, 0.6647969, -0.34071147), (-0.6647981, 0.66480005, -0.34071147), (-0.6515292, 0.6515315, -0.38860843), (-0.6515292, 0.6515315, -0.38860843), (-0.66479814, 0.66480005, -0.34071147), (-0.6647978, -0.6648003, -0.3407116), (-0.6647978, -0.6648003, -0.34071165), (-0.6877506, -0.68774927, -0.23237911), (-0.68775064, -0.68774927, -0.232379), (-0.68775064, -0.68774927, -0.232379), (-0.6877506, -0.68774927, -0.23237911), (-0.6986982, -0.69869953, -0.15375237), (-0.69869816, -0.6986995, -0.15375237), (-0.69869816, -0.6986995, -0.15375237), (-0.6986982, -0.69869953, -0.15375237), (-0.70405376, -0.70405, -0.09285366), (-0.7040539, -0.70405, -0.09285374), (0.66480035, -0.6647978, -0.34071153), (0.6648003, -0.6647978, -0.34071153), (0.6877499, -0.6877496, -0.23237975), (0.6877499, -0.6877497, -0.23237976), (0.6877499, -0.6877497, -0.23237976), (0.6877499, -0.6877496, -0.23237975), (0.6986997, -0.698698, -0.15375228), (0.6986998, -0.69869804, -0.15375227), (0.6986998, -0.69869804, -0.15375227), (0.6986997, -0.698698, -0.15375228), (0.7040538, -0.70404947, -0.09285722), (0.7040539, -0.7040495, -0.09285727), (0.6648013, 0.66479695, -0.34071153), (0.66480124, 0.6647969, -0.34071147), (0.68775374, 0.68774635, -0.2323786), (0.6877538, 0.6877463, -0.23237859), (0.6877538, 0.6877463, -0.23237859), (0.68775374, 0.68774635, -0.2323786), (0.69870067, 0.6986972, -0.15375169), (0.6987006, 0.6986972, -0.1537517), (0.6987006, 0.6986972, -0.1537517), (0.69870067, 0.6986972, -0.15375169), (0.7040528, 0.7040506, -0.092857264), (0.70405275, 0.70405054, -0.09285721), (-0.6647981, 0.66480005, -0.34071147), (-0.66479814, 0.66480005, -0.34071147), (-0.68774843, 0.68775123, -0.23237981), (-0.6877484, 0.68775123, -0.23237985), (-0.6877484, 0.68775123, -0.23237985), (-0.68774843, 0.68775123, -0.23237981), (-0.69869715, 0.6987006, -0.1537523), (-0.69869715, 0.6987006, -0.15375231), (-0.69869715, 0.6987006, -0.15375231), (-0.69869715, 0.6987006, -0.1537523), (-0.7040504, 0.70405346, -0.092853926), (-0.7040503, 0.70405346, -0.09285387), (-0.6647978, -0.6648003, -0.3407116), (-0.6515259, -0.651534, -0.38860962), (-0.6515259, -0.651534, -0.38860962), (-0.6647978, -0.6648003, -0.34071165), (-0.99989593, 4.9122546e-9, -0.01442794), (-0.86593556, 0.4999473, -0.014428065), (-0.86600167, 0.49998972, -0.007172649), (-0.99997425, 4.903074e-9, -0.0071726213), (-0.86593556, 0.4999473, -0.014428065), (-0.49994785, 0.86593527, -0.0144281695), (-0.49998719, 0.8660031, -0.0071727517), (-0.86600167, 0.49998972, -0.007172649), (-0.49994785, 0.86593527, -0.0144281695), (-0.0000011347319, 0.9998959, -0.014428202), (-2.2554116e-7, 0.99997425, -0.007172826), (-0.49998719, 0.8660031, -0.0071727517), (-0.0000011347319, 0.9998959, -0.014428202), (0.4999477, 0.86593544, -0.014428265), (0.49998787, 0.8660027, -0.0071728746), (-2.2554116e-7, 0.99997425, -0.007172826), (0.4999477, 0.86593544, -0.014428265), (0.86593395, 0.49995017, -0.014428263), (0.8660011, 0.49999055, -0.0071729617), (0.49998787, 0.8660027, -0.0071728746), (0.86593395, 0.49995017, -0.014428263), (0.9998959, -4.912265e-8, -0.014428236), (0.99997425, -4.9030793e-9, -0.0071730507), (0.8660011, 0.49999055, -0.0071729617), (0.9998959, -4.912265e-8, -0.014428236), (0.86593395, -0.4999502, -0.014428265), (0.86600125, -0.4999904, -0.0071729575), (0.99997425, -4.9030793e-9, -0.0071730507), (0.86593395, -0.4999502, -0.014428265), (0.49994755, -0.8659355, -0.014428269), (0.4999877, -0.86600286, -0.0071728653), (0.86600125, -0.4999904, -0.0071729575), (0.49994755, -0.8659355, -0.014428269), (-0.0000011740299, -0.9998959, -0.0144282), (-2.0102578e-7, -0.99997425, -0.0071728122), (0.4999877, -0.86600286, -0.0071728653), (-0.0000011740299, -0.9998959, -0.0144282), (-0.49994782, -0.8659353, -0.014428167), (-0.49998698, -0.8660032, -0.00717274), (-2.0102578e-7, -0.99997425, -0.0071728122), (-0.49994782, -0.8659353, -0.014428167), (-0.86593556, -0.4999473, -0.014428066), (-0.8660017, -0.49998954, -0.0071726455), (-0.49998698, -0.8660032, -0.00717274), (-0.86593556, -0.4999473, -0.014428066), (-0.99989593, 4.9122546e-9, -0.01442794), (-0.99997425, 4.903074e-9, -0.0071726213), (-0.8660017, -0.49998954, -0.0071726455), (-7.428231e-14, 0, -1), (-7.428231e-14, 0, -1), (-7.428231e-14, 0, -1), (-7.428231e-14, 0, -1), (-7.428231e-14, 0, -1), (-7.428231e-14, 0, -1), (-7.428231e-14, 0, -1), (-7.428231e-14, 0, -1), (-7.428231e-14, 0, -1), (-7.428231e-14, 0, -1), (-7.428231e-14, 0, -1), (-7.428231e-14, 0, -1), (0.9999938, 0, -0.003523262), (0.86601967, -0.49999756, -0.0035232455), (0.8660252, -0.5000004, -1.3960307e-7), (0.9659282, -0.25881016, -2.6969172e-7), (-0.86601883, 0.499999, -0.0035228773), (-0.49999645, 0.86602026, -0.0035229535), (-0.7071079, 0.7071057, 2.449724e-7), (-0.86602443, 0.50000167, 1.2680692e-7), (0.49999478, -0.8660213, -0.0035231863), (0.0000014134152, -0.9999938, -0.0035230967), (0.25882155, -0.9659252, 0), (0.49999675, -0.86602736, 0), (0.0000014379539, 0.9999938, -0.0035230923), (0.4999949, 0.86602116, -0.0035231812), (0.49999678, 0.86602724, 0), (0.25882155, 0.9659252, 0), (-0.4999965, -0.86602026, -0.0035229602), (-0.86601895, -0.4999988, -0.0035228806), (-0.8660245, -0.50000155, 1.283347e-7), (-0.5000003, -0.8660253, 1.756964e-7), (0.8660196, 0.49999762, -0.0035232424), (0.9999938, 0, -0.003523262), (0.9659282, 0.25881016, -2.6969172e-7), (0.8660252, 0.50000036, -1.3960307e-7), (-0.9999938, 0, -0.003522875), (-0.86601883, 0.499999, -0.0035228773), (-0.86602443, 0.50000167, 1.2680692e-7), (-0.96592444, 0.2588243, 0), (0.86601967, -0.49999756, -0.0035232455), (0.49999478, -0.8660213, -0.0035231863), (0.49999675, -0.86602736, 0), (0.8660252, -0.5000004, -1.3960307e-7), (-0.49999645, 0.86602026, -0.0035229535), (0.0000014379539, 0.9999938, -0.0035230923), (-0.25881776, 0.9659261, 9.149532e-8), (-0.25881776, 0.9659261, 9.149532e-8), (0.0000014134152, -0.9999938, -0.0035230967), (-0.4999965, -0.86602026, -0.0035229602), (-0.5000003, -0.8660253, 1.756964e-7), (-0.25881776, -0.9659261, 9.149532e-8), (0.4999949, 0.86602116, -0.0035231812), (0.8660196, 0.49999762, -0.0035232424), (0.8660252, 0.50000036, -1.3960307e-7), (0.49999678, 0.86602724, 0), (-0.8660194, -0.499998, -0.0035228832), (-0.8660217, -0.5000009, -0.0023667074), (-0.9999972, 2.4571722e-8, -0.0023666807), (-0.9999938, 0, -0.003522875), (-0.4999972, 0.86601985, -0.003522953), (-0.49999875, 0.8660229, -0.0023668157), (0.0000011057259, 0.99999726, -0.002366965), (0.0000014772154, 0.9999938, -0.0035230874), (0.0000014772154, 0.9999938, -0.0035230874), (0.0000011057259, 0.99999726, -0.002366965), (0.49999887, 0.8660228, -0.0023670958), (0.49999493, 0.86602116, -0.003523182), (0.49999493, 0.86602116, -0.003523182), (0.49999887, 0.8660228, -0.0023670958), (0.86602205, 0.5000003, -0.0023671808), (0.8660197, 0.4999975, -0.0035232436), (0.8660197, 0.4999975, -0.0035232436), (0.86602205, 0.5000003, -0.0023671808), (0.9999972, -4.91434e-9, -0.002367212), (0.9999938, -9.815369e-9, -0.003523263), (0.9999938, -9.815369e-9, -0.003523263), (0.9999972, -4.91434e-9, -0.002367212), (0.86602217, -0.50000006, -0.0023671815), (0.86601985, -0.49999726, -0.003523247), (0.86601985, -0.49999726, -0.003523247), (0.86602217, -0.50000006, -0.0023671815), (0.4999986, -0.866023, -0.0023670925), (0.4999948, -0.8660212, -0.0035231868), (0.4999948, -0.8660212, -0.0035231868), (0.4999986, -0.866023, -0.0023670925), (9.533812e-7, -0.9999972, -0.0023669566), (0.0000013299845, -0.9999938, -0.0035230906), (0.0000013299845, -0.9999938, -0.0035230906), (9.533812e-7, -0.9999972, -0.0023669566), (-0.4999986, -0.86602294, -0.0023668122), (-0.49999714, -0.86601985, -0.003522959), (-0.49999714, -0.86601985, -0.003522959), (-0.4999986, -0.86602294, -0.0023668122), (-0.8660217, -0.5000009, -0.0023667074), (-0.8660194, -0.499998, -0.0035228832), (-0.29562828, 0.5120463, -0.8064816), (-0.5120434, 0.29563072, -0.8064825), (-0.5120427, 0.29563195, -0.80648243), (-0.2956273, 0.5120469, -0.80648154), (-0.9999938, 0, -0.003522875), (-0.9999972, 2.4571722e-8, -0.0023666807), (-0.8660216, 0.5000011, -0.002366708), (-0.86601937, 0.49999812, -0.0035228797), (-0.8660194, -0.499998, -0.0035228832), (-0.9999938, 0, -0.003522875), (-0.96592444, -0.2588243, 0), (-0.866025, -0.5000007, 1.2833495e-7), (-0.86601937, 0.49999812, -0.0035228797), (-0.8660216, 0.5000011, -0.002366708), (-0.49999875, 0.8660229, -0.0023668157), (-0.4999972, 0.86601985, -0.003522953), (-0.4999486, -0.86593556, -0.014386613), (-0.49996364, -0.8659611, -0.012156502), (-0.8659627, -0.49996096, -0.012156444), (-0.8659358, -0.49994823, -0.014386497), (-0.0000010463185, -0.99989647, -0.014386639), (-0.0000013088071, -0.9999261, -0.012156562), (-0.49996364, -0.8659611, -0.012156502), (-0.4999486, -0.86593556, -0.014386613), (0.49994808, -0.8659358, -0.014386709), (0.49996248, -0.86596173, -0.012156714), (-0.0000013088071, -0.9999261, -0.012156562), (-0.0000010463185, -0.99989647, -0.014386639), (0.8659345, -0.49995053, -0.0143867), (0.8659614, -0.49996316, -0.012156737), (0.49996248, -0.86596173, -0.012156714), (0.49994808, -0.8659358, -0.014386709), (0.99989647, -6.8772195e-8, -0.014386672), (0.9999261, -7.8725215e-8, -0.012156632), (0.8659614, -0.49996316, -0.012156737), (0.8659345, -0.49995053, -0.0143867), (0.86593443, 0.49995053, -0.014386698), (0.86596143, 0.49996296, -0.012156732), (0.9999261, -7.8725215e-8, -0.012156632), (0.99989647, -6.8772195e-8, -0.014386672), (0.4999482, 0.8659358, -0.014386709), (0.49996254, 0.86596173, -0.012156712), (0.86596143, 0.49996296, -0.012156732), (0.86593443, 0.49995053, -0.014386698), (-0.0000010070202, 0.99989647, -0.014386634), (-0.0000013580103, 0.9999261, -0.0121565545), (0.49996254, 0.86596173, -0.012156712), (0.4999482, 0.8659358, -0.014386709), (-0.49994865, 0.86593556, -0.01438661), (-0.49996364, 0.8659611, -0.012156495), (-0.0000013580103, 0.9999261, -0.0121565545), (-0.0000010070202, 0.99989647, -0.014386634), (-0.86593574, 0.4999483, -0.0143865), (-0.8659626, 0.49996096, -0.012156441), (-0.49996364, 0.8659611, -0.012156495), (-0.49994865, 0.86593556, -0.01438661), (-0.99989647, 5.8947496e-8, -0.014386372), (-0.9999261, 3.936256e-8, -0.012156369), (-0.8659626, 0.49996096, -0.012156441), (-0.86593574, 0.4999483, -0.0143865), (-0.8660016, -0.49998972, -0.0071726455), (-0.99997425, 5.393383e-8, -0.0071726167), (-0.9999972, 2.4571722e-8, -0.0023666807), (-0.8660217, -0.5000009, -0.0023667074), (-0.49998733, -0.866003, -0.0071727457), (-0.8660016, -0.49998972, -0.0071726455), (-0.8660217, -0.5000009, -0.0023667074), (-0.4999986, -0.86602294, -0.0023668122), (-1.0786749e-7, -0.99997425, -0.0071728155), (-0.49998733, -0.866003, -0.0071727457), (-0.4999986, -0.86602294, -0.0023668122), (9.533812e-7, -0.9999972, -0.0023669566), (0.49998775, -0.8660028, -0.007172871), (-1.0786749e-7, -0.99997425, -0.0071728155), (9.533812e-7, -0.9999972, -0.0023669566), (0.4999986, -0.866023, -0.0023670925), (0.86600125, -0.49999034, -0.007172955), (0.49998775, -0.8660028, -0.007172871), (0.4999986, -0.866023, -0.0023670925), (0.86602217, -0.50000006, -0.0023671815), (0.99997425, -4.9030793e-9, -0.00717305), (0.86600125, -0.49999034, -0.007172955), (0.86602217, -0.50000006, -0.0023671815), (0.9999972, -4.91434e-9, -0.002367212), (0.8660011, 0.49999055, -0.007172961), (0.99997425, -4.9030793e-9, -0.00717305), (0.9999972, -4.91434e-9, -0.002367212), (0.86602205, 0.5000003, -0.0023671808), (0.499988, 0.8660026, -0.00717288), (0.8660011, 0.49999055, -0.007172961), (0.86602205, 0.5000003, -0.0023671808), (0.49999887, 0.8660228, -0.0023670958), (1.9612274e-8, 0.99997425, -0.007172828), (0.499988, 0.8660026, -0.00717288), (0.49999887, 0.8660228, -0.0023670958), (0.0000011057259, 0.99999726, -0.002366965), (-0.49998745, 0.866003, -0.0071727554), (1.9612274e-8, 0.99997425, -0.007172828), (0.0000011057259, 0.99999726, -0.002366965), (-0.49999875, 0.8660229, -0.0023668157), (-0.86600155, 0.49998987, -0.0071726525), (-0.49998745, 0.866003, -0.0071727554), (-0.49999875, 0.8660229, -0.0023668157), (-0.8660216, 0.5000011, -0.002366708), (-0.99997425, 5.393383e-8, -0.0071726167), (-0.86600155, 0.49998987, -0.0071726525), (-0.8660216, 0.5000011, -0.002366708), (-0.9999972, 2.4571722e-8, -0.0023666807), (-0.8659358, -0.49994823, -0.014386497), (-0.8659627, -0.49996096, -0.012156444), (-0.9999261, 3.936256e-8, -0.012156369), (-0.99989647, 5.8947496e-8, -0.014386372), (0.8633574, 0.49846074, -0.07842739), (0.49846014, 0.86335784, -0.07842635), (0.4984613, 0.8633572, -0.07842636), (0.8633578, 0.49846014, -0.07842739), (0.000002176978, -0.59125936, -0.80648154), (0.29562718, -0.51204646, -0.80648184), (0.29562646, -0.5120469, -0.80648184), (0.0000024618, -0.59125924, -0.8064815), (0.29562983, 0.5120462, -0.8064811), (-0.0000044810167, 0.5912594, -0.8064815), (-0.0000041917137, 0.59125936, -0.8064815), (0.29562905, 0.51204664, -0.80648106), (-0.5120492, -0.29562837, -0.8064797), (-0.2956367, -0.51204515, -0.8064792), (-0.2956357, -0.5120456, -0.80647916), (-0.51204854, -0.29562953, -0.80647963), (0.591261, 6.183649e-7, -0.80648017), (0.51204395, 0.29562977, -0.8064825), (0.51204324, 0.295631, -0.80648255), (0.5912611, 6.1545086e-7, -0.8064802), (-0.5120434, 0.29563072, -0.8064825), (-0.591261, -6.2683563e-7, -0.80648017), (-0.591261, -6.2654004e-7, -0.8064802), (-0.5120427, 0.29563195, -0.80648243), (0.29562718, -0.51204646, -0.80648184), (0.5120435, -0.29563078, -0.80648243), (0.51204276, -0.29563195, -0.80648243), (0.29562646, -0.5120469, -0.80648184), (-0.0000044810167, 0.5912594, -0.8064815), (-0.29562828, 0.5120463, -0.8064816), (-0.2956273, 0.5120469, -0.80648154), (-0.0000041917137, 0.59125936, -0.8064815), (-0.2956367, -0.51204515, -0.8064792), (0.000002176978, -0.59125936, -0.80648154), (0.0000024618, -0.59125924, -0.8064815), (-0.2956357, -0.5120456, -0.80647916), (0.51204395, 0.29562977, -0.8064825), (0.29562983, 0.5120462, -0.8064811), (0.29562905, 0.51204664, -0.80648106), (0.51204324, 0.295631, -0.80648255), (-0.591261, -6.2683563e-7, -0.80648017), (-0.5120492, -0.29562837, -0.8064797), (-0.51204854, -0.29562953, -0.80647963), (-0.591261, -6.2654004e-7, -0.8064802), (0.5120435, -0.29563078, -0.80648243), (0.591261, 6.183649e-7, -0.80648017), (0.5912611, 6.1545086e-7, -0.8064802), (0.51204276, -0.29563195, -0.80648243), (-4.754345e-7, 0, 1), (-4.754345e-7, 0, 1), (-4.754345e-7, 0, 1), (-4.754345e-7, 0, 1), (-4.754345e-7, 0, 1), (-4.754345e-7, 0, 1), (-4.754345e-7, 0, 1), (-4.754345e-7, 0, 1), (-4.754345e-7, 0, 1), (-4.754345e-7, 0, 1), (-4.754345e-7, 0, 1), (-4.754345e-7, 0, 1), (-0.99692005, -2.8112174e-7, -0.078425206), (-0.86335796, -0.49846008, -0.07842573), (-0.8633581, -0.49845982, -0.07842571), (-0.99692, -5.2721185e-7, -0.078425206), (-0.49846035, 0.86335796, -0.07842389), (-0.86335814, 0.4984599, -0.0784249), (-0.86335844, 0.4984593, -0.0784249), (-0.49845982, 0.8633582, -0.07842389), (-0.0000015510167, -0.99692, -0.07842574), (0.4984612, -0.8633571, -0.07842753), (0.49846214, -0.86335665, -0.07842753), (6.366339e-7, -0.99692, -0.07842574), (0.9969198, 5.3316217e-7, -0.07842792), (0.8633574, 0.49846074, -0.07842739), (0.8633578, 0.49846014, -0.07842739), (0.9969198, 2.8847515e-7, -0.07842792), (-0.0000019387717, 0.99692005, -0.07842429), (-0.49846035, 0.86335796, -0.07842389), (-0.49845982, 0.8633582, -0.07842389), (2.486851e-7, 0.99692005, -0.07842428), (-0.4984601, -0.8633581, -0.078425154), (-0.0000015510167, -0.99692, -0.07842574), (6.366339e-7, -0.99692, -0.07842574), (-0.4984594, -0.86335844, -0.078425154), (0.86335826, -0.49845913, -0.07842786), (0.9969198, 5.3316217e-7, -0.07842792), (0.9969198, 2.8847515e-7, -0.07842792), (0.8633585, -0.49845898, -0.07842787), (0.49846014, 0.86335784, -0.07842635), (-0.0000019387717, 0.99692005, -0.07842429), (2.486851e-7, 0.99692005, -0.07842428), (0.4984613, 0.8633572, -0.07842636), (-0.86335796, -0.49846008, -0.07842573), (-0.4984601, -0.8633581, -0.078425154), (-0.4984594, -0.86335844, -0.078425154), (-0.8633581, -0.49845982, -0.07842571), (-0.86335814, 0.4984599, -0.0784249), (-0.99692005, -2.8112174e-7, -0.078425206), (-0.99692, -5.2721185e-7, -0.078425206), (-0.86335844, 0.4984593, -0.0784249), (0.4984612, -0.8633571, -0.07842753), (0.86335826, -0.49845913, -0.07842786), (0.8633585, -0.49845898, -0.07842787), (0.49846214, -0.86335665, -0.07842753), (-0.70552903, -0.7055287, -0.06676994), (-0.7040515, -0.70405227, -0.09285407), (-0.7040515, -0.70405227, -0.09285401), (-0.70552903, -0.7055287, -0.06676994), (0.70552874, -0.7055282, -0.06677737), (0.7040526, -0.7040506, -0.09285747), (0.7040527, -0.70405066, -0.09285744), (0.70552874, -0.7055282, -0.06677737), (-0.7055288, 0.7055288, -0.06676994), (-0.70405143, 0.7040523, -0.09285376), (-0.7040515, 0.7040524, -0.09285383), (-0.7055288, 0.7055288, -0.06676994), (-0.67479336, 0.6747928, 0.29884544), (-0.67479336, 0.6747928, 0.29884544), (-0.6812194, 0.681221, 0.26810086), (-0.68121934, 0.681221, 0.26810086), (-0.67479336, -0.6747928, 0.29884535), (-0.67479336, -0.6747928, 0.29884535), (-0.68122053, -0.68122005, 0.26810053), (-0.68122053, -0.68121994, 0.2681005), (0.67479247, 0.6747945, 0.29884368), (0.67479247, 0.6747945, 0.29884368), (0.6812199, 0.681221, 0.26809967), (0.6812199, 0.68122107, 0.26809964), (-0.7033058, -0.70330685, 0.10354035), (-0.7033058, -0.7033068, 0.103540346), (-0.70379597, -0.70379597, 0.09665631), (0.6747947, -0.67479265, 0.29884273), (0.6747947, -0.67479265, 0.29884273), (0.6812211, -0.68122, 0.26809913), (0.6812212, -0.68122, 0.2680992), (0.7033091, -0.7033035, 0.10353949), (0.7033091, -0.7033035, 0.10353948), (0.70379674, -0.70379525, 0.09665627), (0.7033085, 0.7033041, 0.103539534), (0.70330846, 0.7033042, 0.10353955), (0.7037975, 0.70379454, 0.09665608), (-0.7033058, -0.7033068, 0.103540346), (-0.7033058, -0.70330685, 0.10354035), (-0.7017372, -0.7017414, 0.12297901), (-0.7017372, -0.7017414, 0.12297899), (-0.7017372, -0.7017414, 0.12297899), (-0.7017372, -0.7017414, 0.12297901), (-0.6989462, -0.6989495, 0.151472), (-0.6989461, -0.6989495, 0.15147202), (-0.6989461, -0.6989495, 0.15147202), (-0.6989462, -0.6989495, 0.151472), (-0.69295335, -0.69295347, 0.1990756), (-0.6929534, -0.69295347, 0.19907564), (-0.6929534, -0.69295347, 0.19907564), (-0.69295335, -0.69295347, 0.1990756), (-0.68122053, -0.68121994, 0.2681005), (-0.68122053, -0.68122005, 0.26810053), (-0.7033047, 0.7033078, 0.10354042), (-0.70330477, 0.7033078, 0.10354042), (-0.70173794, 0.70174074, 0.12297886), (-0.70173794, 0.70174074, 0.12297888), (-0.70173794, 0.70174074, 0.12297888), (-0.70173794, 0.70174074, 0.12297886), (-0.69894683, 0.698949, 0.15147194), (-0.6989468, 0.69894904, 0.15147196), (-0.6989468, 0.69894904, 0.15147196), (-0.69894683, 0.698949, 0.15147194), (-0.69295174, 0.6929549, 0.19907601), (-0.6929518, 0.6929549, 0.19907601), (-0.6929518, 0.6929549, 0.19907601), (-0.69295174, 0.6929549, 0.19907601), (-0.68121934, 0.681221, 0.26810086), (-0.6812194, 0.681221, 0.26810086), (0.7033091, -0.7033035, 0.10353948), (0.7033091, -0.7033035, 0.10353949), (0.701743, -0.7017358, 0.12297825), (0.701743, -0.7017358, 0.12297824), (0.701743, -0.7017358, 0.12297824), (0.701743, -0.7017358, 0.12297825), (0.6989499, -0.6989457, 0.15147308), (0.6989498, -0.6989456, 0.15147308), (0.6989498, -0.6989456, 0.15147308), (0.6989499, -0.6989457, 0.15147308), (0.6929539, -0.6929526, 0.19907673), (0.6929539, -0.6929526, 0.19907677), (0.6929539, -0.6929526, 0.19907677), (0.6929539, -0.6929526, 0.19907673), (0.6812212, -0.68122, 0.2680992), (0.6812211, -0.68122, 0.26809913), (0.70330846, 0.7033042, 0.10353955), (0.7033085, 0.7033041, 0.103539534), (0.70174146, 0.7017373, 0.12297848), (0.70174146, 0.70173734, 0.122978486), (0.70174146, 0.70173734, 0.122978486), (0.70174146, 0.7017373, 0.12297848), (0.69894934, 0.6989462, 0.15147321), (0.69894934, 0.6989462, 0.15147321), (0.69894934, 0.6989462, 0.15147321), (0.69894934, 0.6989462, 0.15147321), (0.692954, 0.6929526, 0.19907671), (0.692954, 0.6929526, 0.1990767), (0.692954, 0.6929526, 0.1990767), (0.692954, 0.6929526, 0.19907671), (0.6812199, 0.68122107, 0.26809964), (0.6812199, 0.681221, 0.26809967), (-0.70330477, 0.7033078, 0.10354042), (-0.7033047, 0.7033078, 0.10354042), (-0.70379376, 0.7037982, 0.0966565), (0.70552886, 0.70552796, -0.06677731), (0.7040541, 0.7040494, -0.092856996), (0.704054, 0.7040494, -0.09285704), (0.70552886, 0.70552796, -0.06677731), (0.6647986, -0.6647991, -0.3407123), (0.65152836, -0.6515313, -0.38860983), (0.65152836, -0.6515313, -0.38860983), (0.6647987, -0.66479915, -0.34071237), (0.6647997, 0.66479814, -0.3407121), (0.65153027, 0.65152985, -0.3886093), (0.65153027, 0.65152985, -0.3886093), (0.6647997, 0.66479814, -0.3407121), (-0.6647981, 0.66480017, -0.34071147), (-0.651529, 0.6515316, -0.38860834), (-0.651529, 0.6515316, -0.38860834), (-0.664798, 0.6648001, -0.3407114), (-0.66479635, -0.6648017, -0.34071186), (-0.6647963, -0.66480166, -0.3407119), (-0.68774766, -0.6877518, -0.23238023), (-0.6877477, -0.6877518, -0.23238014), (-0.6877477, -0.6877518, -0.23238014), (-0.68774766, -0.6877518, -0.23238023), (-0.698699, -0.69869876, -0.15375203), (-0.698699, -0.6986989, -0.15375203), (-0.698699, -0.6986989, -0.15375203), (-0.698699, -0.69869876, -0.15375203), (-0.7040515, -0.70405227, -0.09285401), (-0.7040515, -0.70405227, -0.09285407), (0.6647986, -0.6647991, -0.3407123), (0.6647987, -0.66479915, -0.34071237), (0.6877515, -0.68774825, -0.23237932), (0.68775153, -0.6877482, -0.23237935), (0.68775153, -0.6877482, -0.23237935), (0.6877515, -0.68774825, -0.23237932), (0.6987006, -0.69869715, -0.15375194), (0.69870067, -0.69869715, -0.15375191), (0.69870067, -0.69869715, -0.15375191), (0.6987006, -0.69869715, -0.15375194), (0.7040527, -0.70405066, -0.09285744), (0.7040526, -0.7040506, -0.09285747), (0.6647997, 0.66479814, -0.3407121), (0.6647997, 0.66479814, -0.3407121), (0.6877516, 0.6877482, -0.23237944), (0.6877516, 0.68774825, -0.23237944), (0.6877516, 0.68774825, -0.23237944), (0.6877516, 0.6877482, -0.23237944), (0.69870174, 0.69869614, -0.15375154), (0.69870174, 0.6986962, -0.15375157), (0.69870174, 0.6986962, -0.15375157), (0.69870174, 0.69869614, -0.15375154), (0.704054, 0.7040494, -0.09285704), (0.7040541, 0.7040494, -0.092856996), (-0.6647981, 0.66480017, -0.34071147), (-0.664798, 0.6648001, -0.3407114), (-0.6877491, 0.68775064, -0.23237956), (-0.687749, 0.68775064, -0.23237963), (-0.687749, 0.68775064, -0.23237963), (-0.6877491, 0.68775064, -0.23237956), (-0.698698, 0.6986998, -0.153752), (-0.698698, 0.6986998, -0.15375201), (-0.698698, 0.6986998, -0.15375201), (-0.698698, 0.6986998, -0.153752), (-0.7040515, 0.7040524, -0.09285383), (-0.70405143, 0.7040523, -0.09285376), (-0.66479635, -0.6648017, -0.34071186), (-0.65152884, -0.651532, -0.38860828), (-0.65152884, -0.651532, -0.38860828), (-0.6647963, -0.66480166, -0.3407119), (-0.99989647, 5.8947496e-8, -0.014386372), (-0.86593574, 0.4999483, -0.0143865), (-0.86600155, 0.49998987, -0.0071726525), (-0.99997425, 5.393383e-8, -0.0071726167), (-0.86593574, 0.4999483, -0.0143865), (-0.49994865, 0.86593556, -0.01438661), (-0.49998745, 0.866003, -0.0071727554), (-0.86600155, 0.49998987, -0.0071726525), (-0.49994865, 0.86593556, -0.01438661), (-0.0000010070202, 0.99989647, -0.014386634), (1.9612274e-8, 0.99997425, -0.007172828), (-0.49998745, 0.866003, -0.0071727554), (-0.0000010070202, 0.99989647, -0.014386634), (0.4999482, 0.8659358, -0.014386709), (0.499988, 0.8660026, -0.00717288), (1.9612274e-8, 0.99997425, -0.007172828), (0.4999482, 0.8659358, -0.014386709), (0.86593443, 0.49995053, -0.014386698), (0.8660011, 0.49999055, -0.007172961), (0.499988, 0.8660026, -0.00717288), (0.86593443, 0.49995053, -0.014386698), (0.99989647, -6.8772195e-8, -0.014386672), (0.99997425, -4.9030793e-9, -0.00717305), (0.8660011, 0.49999055, -0.007172961), (0.99989647, -6.8772195e-8, -0.014386672), (0.8659345, -0.49995053, -0.0143867), (0.86600125, -0.49999034, -0.007172955), (0.99997425, -4.9030793e-9, -0.00717305), (0.8659345, -0.49995053, -0.0143867), (0.49994808, -0.8659358, -0.014386709), (0.49998775, -0.8660028, -0.007172871), (0.86600125, -0.49999034, -0.007172955), (0.49994808, -0.8659358, -0.014386709), (-0.0000010463185, -0.99989647, -0.014386639), (-1.0786749e-7, -0.99997425, -0.0071728155), (0.49998775, -0.8660028, -0.007172871), (-0.0000010463185, -0.99989647, -0.014386639), (-0.4999486, -0.86593556, -0.014386613), (-0.49998733, -0.866003, -0.0071727457), (-1.0786749e-7, -0.99997425, -0.0071728155), (-0.4999486, -0.86593556, -0.014386613), (-0.8659358, -0.49994823, -0.014386497), (-0.8660016, -0.49998972, -0.0071726455), (-0.49998733, -0.866003, -0.0071727457), (-0.8659358, -0.49994823, -0.014386497), (-0.99989647, 5.8947496e-8, -0.014386372), (-0.99997425, 5.393383e-8, -0.0071726167), (-0.8660016, -0.49998972, -0.0071726455), (-1.4856462e-13, 0, -1), (-1.4856462e-13, 0, -1), (-1.4856462e-13, 0, -1), (-1.4856462e-13, 0, -1), (-1.4856462e-13, 0, -1), (-1.4856462e-13, 0, -1), (-1.4856462e-13, 0, -1), (-1.4856462e-13, 0, -1), (-1.4856462e-13, 0, -1), (-1.4856462e-13, 0, -1), (-1.4856462e-13, 0, -1), (-1.4856462e-13, 0, -1), (0.9999938, -9.815369e-9, -0.003523263), (0.86601985, -0.49999726, -0.003523247), (0.8660255, -0.49999988, -1.3979404e-7), (0.9659282, -0.25881016, -2.7006067e-7), (-0.86601937, 0.49999812, -0.0035228797), (-0.4999972, 0.86601985, -0.003522953), (-0.70710945, 0.7071041, 2.4792436e-7), (-0.866025, 0.5000007, 1.2833495e-7), (0.4999948, -0.8660212, -0.0035231868), (0.0000013299845, -0.9999938, -0.0035230906), (0.25882065, -0.9659254, 0), (0.4999969, -0.86602724, 0), (0.0000014772154, 0.9999938, -0.0035230874), (0.49999493, 0.86602116, -0.003523182), (0.49999687, 0.86602724, 0), (0.25882095, 0.9659254, 0), (-0.49999714, -0.86601985, -0.003522959), (-0.8660194, -0.499998, -0.0035228832), (-0.866025, -0.5000007, 1.2833495e-7), (-0.5000012, -0.8660247, 1.7569671e-7), (0.8660197, 0.4999975, -0.0035232436), (0.9999938, -9.815369e-9, -0.003523263), (0.9659282, 0.25881016, -2.7006067e-7), (0.86602545, 0.50000006, -1.3979404e-7), (-0.9999938, 0, -0.003522875), (-0.86601937, 0.49999812, -0.0035228797), (-0.866025, 0.5000007, 1.2833495e-7), (-0.96592444, 0.2588243, 0), (0.86601985, -0.49999726, -0.003523247), (0.4999948, -0.8660212, -0.0035231868), (0.4999969, -0.86602724, 0), (0.8660255, -0.49999988, -1.3979404e-7), (-0.4999972, 0.86601985, -0.003522953), (0.0000014772154, 0.9999938, -0.0035230874), (-0.25881776, 0.9659261, 9.149532e-8), (-0.25881776, 0.9659261, 9.149532e-8), (0.0000013299845, -0.9999938, -0.0035230906), (-0.49999714, -0.86601985, -0.003522959), (-0.5000012, -0.8660247, 1.7569671e-7), (-0.25881776, -0.9659261, 9.149532e-8), (0.49999493, 0.86602116, -0.003523182), (0.8660197, 0.4999975, -0.0035232436), (0.86602545, 0.50000006, -1.3979404e-7), (0.49999687, 0.86602724, 0), (-0.86601985, -0.49999714, -0.0035228846), (-0.8660217, -0.5000008, -0.002366711), (-0.9999972, 2.4571722e-8, -0.002366681), (-0.9999938, 0, -0.003522875), (-0.49999803, 0.8660194, -0.0035229572), (-0.499999, 0.86602277, -0.002366814), (7.9612266e-7, 0.9999972, -0.0023669598), (0.0000014919383, 0.9999938, -0.0035230853), (0.0000014919383, 0.9999938, -0.0035230853), (7.9612266e-7, 0.9999972, -0.0023669598), (0.49999806, 0.8660233, -0.0023670935), (0.49999404, 0.86602163, -0.0035231765), (0.49999404, 0.86602163, -0.0035231765), (0.49999806, 0.8660233, -0.0023670935), (0.8660219, 0.50000054, -0.0023671798), (0.8660196, 0.49999768, -0.0035232417), (0.8660196, 0.49999768, -0.0035232417), (0.8660219, 0.50000054, -0.0023671798), (0.99999726, -9.8286765e-9, -0.0023672103), (0.9999938, 0, -0.0035232608), (0.9999938, 0, -0.0035232608), (0.99999726, -9.8286765e-9, -0.0023672103), (0.86602205, -0.50000036, -0.0023671791), (0.8660196, -0.49999753, -0.0035232448), (0.8660196, -0.49999753, -0.0035232448), (0.86602205, -0.50000036, -0.0023671791), (0.49999788, -0.86602336, -0.0023670907), (0.49999404, -0.8660217, -0.0035231835), (0.49999404, -0.8660217, -0.0035231835), (0.49999788, -0.86602336, -0.0023670907), (6.290351e-7, -0.9999972, -0.0023669573), (0.0000013201691, -0.9999938, -0.0035230939), (0.0000013201691, -0.9999938, -0.0035230939), (6.290351e-7, -0.9999972, -0.0023669573), (-0.499999, -0.8660228, -0.0023668145), (-0.49999806, -0.8660193, -0.003522965), (-0.49999806, -0.8660193, -0.003522965), (-0.499999, -0.8660228, -0.0023668145), (-0.8660217, -0.5000008, -0.002366711), (-0.86601985, -0.49999714, -0.0035228846), (-0.29562938, 0.5120461, -0.8064813), (-0.512044, 0.29562983, -0.8064824), (-0.51204336, 0.29563102, -0.80648243), (-0.2956284, 0.51204664, -0.8064813), (-0.9999938, 0, -0.003522875), (-0.9999972, 2.4571722e-8, -0.002366681), (-0.8660216, 0.50000095, -0.0023667114), (-0.86601985, 0.49999726, -0.0035228818), (-0.86601985, -0.49999714, -0.0035228846), (-0.9999938, 0, -0.003522875), (-0.96592444, -0.2588243, 0), (-0.8660255, -0.49999976, 1.2833519e-7), (-0.86601985, 0.49999726, -0.0035228818), (-0.8660216, 0.50000095, -0.0023667114), (-0.499999, 0.86602277, -0.002366814), (-0.49999803, 0.8660194, -0.0035229572), (-0.49994048, -0.8659219, -0.015454144), (-0.49994963, -0.86593664, -0.0142869875), (-0.8659381, -0.49994695, -0.0142869), (-0.8659221, -0.49994016, -0.015454018), (-0.000001723908, -0.9998806, -0.015454165), (-0.0000020672596, -0.99989796, -0.014287028), (-0.49994963, -0.86593664, -0.0142869875), (-0.49994048, -0.8659219, -0.015454144), (0.49993977, -0.8659223, -0.01545423), (0.4999478, -0.86593765, -0.014287192), (-0.0000020672596, -0.99989796, -0.014287028), (-0.000001723908, -0.9998806, -0.015454165), (0.86592084, -0.49994233, -0.01545424), (0.8659372, -0.49994868, -0.014287245), (0.4999478, -0.86593765, -0.014287192), (0.49993977, -0.8659223, -0.01545423), (0.99988055, 3.9291397e-8, -0.01545421), (0.99989796, 3.9376356e-8, -0.014287125), (0.8659372, -0.49994868, -0.014287245), (0.86592084, -0.49994233, -0.01545424), (0.8659207, 0.49994245, -0.015454245), (0.8659372, 0.49994853, -0.014287245), (0.99989796, 3.9376356e-8, -0.014287125), (0.99988055, 3.9291397e-8, -0.01545421), (0.49993977, 0.8659223, -0.015454226), (0.49994794, 0.86593765, -0.014287186), (0.8659372, 0.49994853, -0.014287245), (0.8659207, 0.49994245, -0.015454245), (-0.0000016747938, 0.9998806, -0.01545416), (-0.0000020574155, 0.99989796, -0.014287018), (0.49994794, 0.86593765, -0.014287186), (0.49993977, 0.8659223, -0.015454226), (-0.49994054, 0.8659219, -0.015454143), (-0.49994949, 0.86593664, -0.014286978), (-0.0000020574155, 0.99989796, -0.014287018), (-0.0000016747938, 0.9998806, -0.01545416), (-0.8659221, 0.49994016, -0.0154540185), (-0.8659381, 0.49994707, -0.014286903), (-0.49994949, 0.86593664, -0.014286978), (-0.49994054, 0.8659219, -0.015454143), (-0.9998806, 1.4734248e-8, -0.015453893), (-0.99989796, 7.8752635e-8, -0.014286818), (-0.8659381, 0.49994707, -0.014286903), (-0.8659221, 0.49994016, -0.0154540185), (-0.86600155, -0.49998993, -0.0071726455), (-0.99997425, 4.903074e-9, -0.0071726213), (-0.9999972, 2.4571722e-8, -0.002366681), (-0.8660217, -0.5000008, -0.002366711), (-0.4999871, -0.8660032, -0.0071727424), (-0.86600155, -0.49998993, -0.0071726455), (-0.8660217, -0.5000008, -0.002366711), (-0.499999, -0.8660228, -0.0023668145), (-7.354602e-7, -0.99997425, -0.007172813), (-0.4999871, -0.8660032, -0.0071727424), (-0.499999, -0.8660228, -0.0023668145), (6.290351e-7, -0.9999972, -0.0023669573), (0.4999873, -0.866003, -0.007172861), (-7.354602e-7, -0.99997425, -0.007172813), (6.290351e-7, -0.9999972, -0.0023669573), (0.49999788, -0.86602336, -0.0023670907), (0.86600137, -0.49999022, -0.007172957), (0.4999873, -0.866003, -0.007172861), (0.49999788, -0.86602336, -0.0023670907), (0.86602205, -0.50000036, -0.0023671791), (0.99997425, 9.806156e-9, -0.0071730474), (0.86600137, -0.49999022, -0.007172957), (0.86602205, -0.50000036, -0.0023671791), (0.99999726, -9.8286765e-9, -0.0023672103), (0.86600125, 0.4999904, -0.007172964), (0.99997425, 9.806156e-9, -0.0071730474), (0.99999726, -9.8286765e-9, -0.0023672103), (0.8660219, 0.50000054, -0.0023671798), (0.49998742, 0.8660029, -0.0071728704), (0.86600125, 0.4999904, -0.007172964), (0.8660219, 0.50000054, -0.0023671798), (0.49999806, 0.8660233, -0.0023670935), (-5.932713e-7, 0.99997425, -0.0071728253), (0.49998742, 0.8660029, -0.0071728704), (0.49999806, 0.8660233, -0.0023670935), (7.9612266e-7, 0.9999972, -0.0023669598), (-0.4999871, 0.86600316, -0.0071727517), (-5.932713e-7, 0.99997425, -0.0071728253), (7.9612266e-7, 0.9999972, -0.0023669598), (-0.499999, 0.86602277, -0.002366814), (-0.8660015, 0.49999, -0.0071726493), (-0.4999871, 0.86600316, -0.0071727517), (-0.499999, 0.86602277, -0.002366814), (-0.8660216, 0.50000095, -0.0023667114), (-0.99997425, 4.903074e-9, -0.0071726213), (-0.8660015, 0.49999, -0.0071726493), (-0.8660216, 0.50000095, -0.0023667114), (-0.9999972, 2.4571722e-8, -0.002366681), (-0.8659221, -0.49994016, -0.015454018), (-0.8659381, -0.49994695, -0.0142869), (-0.99989796, 7.8752635e-8, -0.014286818), (-0.9998806, 1.4734248e-8, -0.015453893), (0.8633583, 0.49845922, -0.07842716), (0.4984609, 0.8633575, -0.07842629), (0.49846202, 0.86335677, -0.07842629), (0.8633587, 0.4984586, -0.07842716), (-0.0000011689597, -0.59125894, -0.8064817), (0.29562822, -0.51204646, -0.8064815), (0.2956275, -0.5120469, -0.8064815), (-8.760451e-7, -0.59125894, -0.8064818), (0.29562238, 0.5120473, -0.80648303), (-0.0000011943717, 0.59125924, -0.80648154), (-9.093125e-7, 0.59125924, -0.8064816), (0.2956217, 0.5120478, -0.80648303), (-0.5120487, -0.29562932, -0.80647963), (-0.29562935, -0.512046, -0.8064814), (-0.29562834, -0.51204646, -0.8064814), (-0.512048, -0.29563054, -0.8064797), (0.591261, 6.2683563e-7, -0.80648017), (0.5120387, 0.29563123, -0.80648524), (0.512038, 0.2956324, -0.80648524), (0.5912611, 6.2654e-7, -0.80648017), (-0.512044, 0.29562983, -0.8064824), (-0.591261, 6.2683563e-7, -0.80648017), (-0.591261, 6.2654004e-7, -0.8064802), (-0.51204336, 0.29563102, -0.80648243), (0.29562822, -0.51204646, -0.8064815), (0.5120487, -0.2956293, -0.80647963), (0.512048, -0.2956305, -0.8064797), (0.2956275, -0.5120469, -0.8064815), (-0.0000011943717, 0.59125924, -0.80648154), (-0.29562938, 0.5120461, -0.8064813), (-0.2956284, 0.51204664, -0.8064813), (-9.093125e-7, 0.59125924, -0.8064816), (-0.29562935, -0.512046, -0.8064814), (-0.0000011689597, -0.59125894, -0.8064817), (-8.760451e-7, -0.59125894, -0.8064818), (-0.29562834, -0.51204646, -0.8064814), (0.5120387, 0.29563123, -0.80648524), (0.29562238, 0.5120473, -0.80648303), (0.2956217, 0.5120478, -0.80648303), (0.512038, 0.2956324, -0.80648524), (-0.591261, 6.2683563e-7, -0.80648017), (-0.5120487, -0.29562932, -0.80647963), (-0.512048, -0.29563054, -0.8064797), (-0.591261, 6.2654004e-7, -0.8064802), (0.5120487, -0.2956293, -0.80647963), (0.591261, 6.2683563e-7, -0.80648017), (0.5912611, 6.2654e-7, -0.80648017), (0.512048, -0.2956305, -0.8064797), (3.5657592e-7, 0, 1), (3.5657592e-7, 0, 1), (3.5657592e-7, 0, 1), (3.5657592e-7, 0, 1), (3.5657592e-7, 0, 1), (3.5657592e-7, 0, 1), (3.5657592e-7, 0, 1), (3.5657592e-7, 0, 1), (3.5657592e-7, 0, 1), (3.5657592e-7, 0, 1), (3.5657592e-7, 0, 1), (3.5657592e-7, 0, 1), (-0.99692, -2.7142775e-7, -0.0784252), (-0.8633581, -0.4984599, -0.078425676), (-0.8633582, -0.49845967, -0.078425676), (-0.99692, -5.172642e-7, -0.0784252), (-0.49846086, 0.8633577, -0.07842385), (-0.8633588, 0.49845874, -0.07842482), (-0.86335915, 0.49845815, -0.07842481), (-0.49846035, 0.8633579, -0.07842384), (-0.0000021326482, -0.99692, -0.07842571), (0.49846062, -0.8633575, -0.078427576), (0.49846146, -0.863357, -0.07842757), (4.973703e-8, -0.99692, -0.078425705), (0.99691975, -2.8112174e-7, -0.078427926), (0.8633583, 0.49845922, -0.07842716), (0.8633587, 0.4984586, -0.07842716), (0.9969198, -5.172656e-7, -0.07842792), (-0.0000017352008, 0.99692005, -0.07842441), (-0.49846086, 0.8633577, -0.07842385), (-0.49846035, 0.8633579, -0.07842384), (4.4763323e-7, 0.99692005, -0.07842441), (-0.4984599, -0.8633582, -0.07842492), (-0.0000021326482, -0.99692, -0.07842571), (4.973703e-8, -0.99692, -0.078425705), (-0.49845922, -0.8633585, -0.07842492), (0.8633581, -0.49845943, -0.07842801), (0.99691975, -2.8112174e-7, -0.078427926), (0.9969198, -5.172656e-7, -0.07842792), (0.86335826, -0.4984591, -0.078428), (0.4984609, 0.8633575, -0.07842629), (-0.0000017352008, 0.99692005, -0.07842441), (4.4763323e-7, 0.99692005, -0.07842441), (0.49846202, 0.86335677, -0.07842629), (-0.8633581, -0.4984599, -0.078425676), (-0.4984599, -0.8633582, -0.07842492), (-0.49845922, -0.8633585, -0.07842492), (-0.8633582, -0.49845967, -0.078425676), (-0.8633588, 0.49845874, -0.07842482), (-0.99692, -2.7142775e-7, -0.0784252), (-0.99692, -5.172642e-7, -0.0784252), (-0.86335915, 0.49845815, -0.07842481), (0.49846062, -0.8633575, -0.078427576), (0.8633581, -0.49845943, -0.07842801), (0.86335826, -0.4984591, -0.078428), (0.49846146, -0.863357, -0.07842757), (-0.70552874, -0.7055289, -0.066769585), (-0.7040529, -0.7040509, -0.0928534), (-0.704053, -0.7040509, -0.092853315), (-0.70552874, -0.7055289, -0.066769585), (0.70552725, -0.7055296, -0.06677769), (0.7040522, -0.70405114, -0.092857376), (0.7040522, -0.70405114, -0.092857316), (0.70552725, -0.7055296, -0.06677769), (-0.7055283, 0.70552933, -0.06676971), (-0.7040513, 0.70405257, -0.09285334), (-0.7040513, 0.7040525, -0.092853405), (-0.7055283, 0.70552933, -0.06676971), (-0.67479336, 0.6747927, 0.29884547), (-0.67479336, 0.6747927, 0.29884547), (-0.6812198, 0.6812205, 0.26810092), (-0.6812199, 0.6812205, 0.2681009), (-0.6747934, -0.67479277, 0.29884526), (-0.6747934, -0.67479277, 0.29884526), (-0.6812199, -0.68122053, 0.2681009), (-0.6812199, -0.6812205, 0.2681009), (0.6747925, 0.6747943, 0.29884425), (0.6747925, 0.6747943, 0.29884425), (0.6812196, 0.68122095, 0.2681005), (0.6812196, 0.681221, 0.26810047), (-0.7033047, -0.7033079, 0.10354038), (-0.7033047, -0.7033078, 0.10354036), (-0.7037977, -0.7037941, 0.09665638), (0.6747951, -0.67479205, 0.29884318), (0.6747951, -0.67479205, 0.29884318), (0.68122107, -0.6812197, 0.26809987), (0.68122107, -0.6812197, 0.26809993), (0.7033079, -0.7033047, 0.103539325), (0.703308, -0.70330477, 0.103539325), (0.703797, -0.703795, 0.09665569), (0.70330733, 0.70330536, 0.10353935), (0.70330733, 0.70330536, 0.10353935), (0.7037942, 0.7037977, 0.096655965), (-0.7033047, -0.7033078, 0.10354036), (-0.7033047, -0.7033079, 0.10354038), (-0.70173645, -0.7017422, 0.12297928), (-0.70173645, -0.7017422, 0.12297925), (-0.70173645, -0.7017422, 0.12297925), (-0.70173645, -0.7017422, 0.12297928), (-0.6989472, -0.69894856, 0.15147199), (-0.6989472, -0.69894856, 0.15147197), (-0.6989472, -0.69894856, 0.15147197), (-0.6989472, -0.69894856, 0.15147199), (-0.69295263, -0.692954, 0.19907594), (-0.69295263, -0.69295406, 0.19907595), (-0.69295263, -0.69295406, 0.19907595), (-0.69295263, -0.692954, 0.19907594), (-0.6812199, -0.6812205, 0.2681009), (-0.6812199, -0.68122053, 0.2681009), (-0.7033041, 0.70330846, 0.10354038), (-0.7033041, 0.7033084, 0.10354036), (-0.701737, 0.7017417, 0.12297916), (-0.7017369, 0.7017417, 0.122979164), (-0.7017369, 0.7017417, 0.122979164), (-0.701737, 0.7017417, 0.12297916), (-0.6989465, 0.6989493, 0.15147215), (-0.6989465, 0.6989493, 0.15147215), (-0.6989465, 0.6989493, 0.15147215), (-0.6989465, 0.6989493, 0.15147215), (-0.6929521, 0.6929546, 0.19907595), (-0.69295216, 0.6929546, 0.19907594), (-0.69295216, 0.6929546, 0.19907594), (-0.6929521, 0.6929546, 0.19907595), (-0.6812199, 0.6812205, 0.2681009), (-0.6812198, 0.6812205, 0.26810092), (0.703308, -0.70330477, 0.103539325), (0.7033079, -0.7033047, 0.103539325), (0.7017416, -0.70173717, 0.122978374), (0.7017416, -0.7017371, 0.12297835), (0.7017416, -0.7017371, 0.12297835), (0.7017416, -0.70173717, 0.122978374), (0.6989494, -0.6989461, 0.15147309), (0.69894946, -0.698946, 0.1514731), (0.69894946, -0.698946, 0.1514731), (0.6989494, -0.6989461, 0.15147309), (0.69295347, -0.6929528, 0.1990774), (0.6929535, -0.6929529, 0.19907744), (0.6929535, -0.6929529, 0.19907744), (0.69295347, -0.6929528, 0.1990774), (0.68122107, -0.6812197, 0.26809993), (0.68122107, -0.6812197, 0.26809987), (0.70330733, 0.70330536, 0.10353935), (0.70330733, 0.70330536, 0.10353935), (0.70174134, 0.70173746, 0.1229784), (0.70174134, 0.70173746, 0.12297842), (0.70174134, 0.70173746, 0.12297842), (0.70174134, 0.70173746, 0.1229784), (0.69894874, 0.6989468, 0.15147322), (0.6989488, 0.6989467, 0.15147322), (0.6989488, 0.6989467, 0.15147322), (0.69894874, 0.6989468, 0.15147322), (0.69295347, 0.6929529, 0.19907738), (0.6929534, 0.6929528, 0.19907735), (0.6929534, 0.6929528, 0.19907735), (0.69295347, 0.6929529, 0.19907738), (0.6812196, 0.681221, 0.26810047), (0.6812196, 0.68122095, 0.2681005), (-0.7033041, 0.7033084, 0.10354036), (-0.7033041, 0.70330846, 0.10354038), (-0.7037952, 0.70379674, 0.096656635), (0.7055277, 0.7055292, -0.06677766), (0.70405245, 0.704051, -0.09285704), (0.7040524, 0.70405096, -0.092857085), (0.7055277, 0.7055292, -0.06677766), (0.6647998, -0.6647986, -0.340711), (0.6515317, -0.65152895, -0.38860834), (0.6515317, -0.65152895, -0.38860834), (0.6647998, -0.66479856, -0.34071097), (0.6648017, 0.6647972, -0.3407103), (0.6515349, 0.6515265, -0.38860714), (0.6515349, 0.6515265, -0.38860714), (0.6648017, 0.6647972, -0.34071028), (-0.66479844, 0.66480005, -0.34071076), (-0.65152955, 0.65153116, -0.38860852), (-0.65152955, 0.65153116, -0.38860852), (-0.6647985, 0.6648001, -0.34071073), (-0.66479886, -0.6647999, -0.3407104), (-0.66479886, -0.6647998, -0.34071043), (-0.68774897, -0.68775094, -0.23237915), (-0.687749, -0.6877509, -0.23237905), (-0.687749, -0.6877509, -0.23237905), (-0.68774897, -0.68775094, -0.23237915), (-0.6986992, -0.6986984, -0.15375258), (-0.6986991, -0.6986985, -0.15375258), (-0.6986991, -0.6986985, -0.15375258), (-0.6986992, -0.6986984, -0.15375258), (-0.704053, -0.7040509, -0.092853315), (-0.7040529, -0.7040509, -0.0928534), (0.6647998, -0.6647986, -0.340711), (0.6647998, -0.66479856, -0.34071097), (0.6877502, -0.68774956, -0.23237926), (0.6877503, -0.6877495, -0.23237929), (0.6877503, -0.6877495, -0.23237929), (0.6877502, -0.68774956, -0.23237926), (0.69870067, -0.6986971, -0.15375242), (0.69870067, -0.6986971, -0.15375242), (0.69870067, -0.6986971, -0.15375242), (0.69870067, -0.6986971, -0.15375242), (0.7040522, -0.70405114, -0.092857316), (0.7040522, -0.70405114, -0.092857376), (0.6648017, 0.6647972, -0.3407103), (0.6648017, 0.6647972, -0.34071028), (0.6877502, 0.6877495, -0.23237929), (0.6877502, 0.68774956, -0.23237927), (0.6877502, 0.68774956, -0.23237927), (0.6877502, 0.6877495, -0.23237929), (0.6987007, 0.69869715, -0.15375218), (0.69870067, 0.6986971, -0.15375216), (0.69870067, 0.6986971, -0.15375216), (0.6987007, 0.69869715, -0.15375218), (0.7040524, 0.70405096, -0.092857085), (0.70405245, 0.704051, -0.09285704), (-0.66479844, 0.66480005, -0.34071076), (-0.6647985, 0.6648001, -0.34071073), (-0.68774897, 0.6877509, -0.2323791), (-0.68774897, 0.6877509, -0.23237915), (-0.68774897, 0.6877509, -0.23237915), (-0.68774897, 0.6877509, -0.2323791), (-0.698698, 0.6986997, -0.15375257), (-0.6986979, 0.6986997, -0.15375257), (-0.6986979, 0.6986997, -0.15375257), (-0.698698, 0.6986997, -0.15375257), (-0.7040513, 0.7040525, -0.092853405), (-0.7040513, 0.70405257, -0.09285334), (-0.66479886, -0.6647999, -0.3407104), (-0.65153015, -0.65153074, -0.38860792), (-0.65153015, -0.65153074, -0.38860792), (-0.66479886, -0.6647998, -0.34071043), (-0.9998806, 1.4734248e-8, -0.015453893), (-0.8659221, 0.49994016, -0.0154540185), (-0.8660015, 0.49999, -0.0071726493), (-0.99997425, 4.903074e-9, -0.0071726213), (-0.8659221, 0.49994016, -0.0154540185), (-0.49994054, 0.8659219, -0.015454143), (-0.4999871, 0.86600316, -0.0071727517), (-0.8660015, 0.49999, -0.0071726493), (-0.49994054, 0.8659219, -0.015454143), (-0.0000016747938, 0.9998806, -0.01545416), (-5.932713e-7, 0.99997425, -0.0071728253), (-0.4999871, 0.86600316, -0.0071727517), (-0.0000016747938, 0.9998806, -0.01545416), (0.49993977, 0.8659223, -0.015454226), (0.49998742, 0.8660029, -0.0071728704), (-5.932713e-7, 0.99997425, -0.0071728253), (0.49993977, 0.8659223, -0.015454226), (0.8659207, 0.49994245, -0.015454245), (0.86600125, 0.4999904, -0.007172964), (0.49998742, 0.8660029, -0.0071728704), (0.8659207, 0.49994245, -0.015454245), (0.99988055, 3.9291397e-8, -0.01545421), (0.99997425, 9.806156e-9, -0.0071730474), (0.86600125, 0.4999904, -0.007172964), (0.99988055, 3.9291397e-8, -0.01545421), (0.86592084, -0.49994233, -0.01545424), (0.86600137, -0.49999022, -0.007172957), (0.99997425, 9.806156e-9, -0.0071730474), (0.86592084, -0.49994233, -0.01545424), (0.49993977, -0.8659223, -0.01545423), (0.4999873, -0.866003, -0.007172861), (0.86600137, -0.49999022, -0.007172957), (0.49993977, -0.8659223, -0.01545423), (-0.000001723908, -0.9998806, -0.015454165), (-7.354602e-7, -0.99997425, -0.007172813), (0.4999873, -0.866003, -0.007172861), (-0.000001723908, -0.9998806, -0.015454165), (-0.49994048, -0.8659219, -0.015454144), (-0.4999871, -0.8660032, -0.0071727424), (-7.354602e-7, -0.99997425, -0.007172813), (-0.49994048, -0.8659219, -0.015454144), (-0.8659221, -0.49994016, -0.015454018), (-0.86600155, -0.49998993, -0.0071726455), (-0.4999871, -0.8660032, -0.0071727424), (-0.8659221, -0.49994016, -0.015454018), (-0.9998806, 1.4734248e-8, -0.015453893), (-0.99997425, 4.903074e-9, -0.0071726213), (-0.86600155, -0.49998993, -0.0071726455), (-2.2284694e-13, 0, -1), (-2.2284694e-13, 0, -1), (-2.2284694e-13, 0, -1), (-2.2284694e-13, 0, -1), (-2.2284694e-13, 0, -1), (-2.2284694e-13, 0, -1), (-2.2284694e-13, 0, -1), (-2.2284694e-13, 0, -1), (-2.2284694e-13, 0, -1), (-2.2284694e-13, 0, -1), (-2.2284694e-13, 0, -1), (-2.2284694e-13, 0, -1), (0.9999938, 0, -0.0035232608), (0.8660196, -0.49999753, -0.0035232448), (0.8660257, -0.4999996, -1.3979424e-7), (0.9659289, -0.25880736, -2.7006087e-7), (-0.86601985, 0.49999726, -0.0035228818), (-0.49999803, 0.8660194, -0.0035229572), (-0.707111, 0.70710266, 2.479249e-7), (-0.8660255, 0.49999985, 1.2833519e-7), (0.49999404, -0.8660217, -0.0035231835), (0.0000013201691, -0.9999938, -0.0035230939), (0.2588208, -0.9659254, 0), (0.49999595, -0.8660277, 0), (0.0000014919383, 0.9999938, -0.0035230853), (0.49999404, 0.86602163, -0.0035231765), (0.49999592, 0.8660277, 0), (0.2588208, 0.9659254, 0), (-0.49999806, -0.8660193, -0.003522965), (-0.86601985, -0.49999714, -0.0035228846), (-0.8660255, -0.49999976, 1.2833519e-7), (-0.5000022, -0.86602414, 1.7416924e-7), (0.8660196, 0.49999768, -0.0035232417), (0.9999938, 0, -0.0035232608), (0.9659289, 0.25880736, -2.6969192e-7), (0.8660257, 0.4999996, -1.3960326e-7), (-0.9999938, 0, -0.003522875), (-0.86601985, 0.49999726, -0.0035228818), (-0.8660255, 0.49999985, 1.2833519e-7), (-0.96592444, 0.2588243, 0), (0.8660196, -0.49999753, -0.0035232448), (0.49999404, -0.8660217, -0.0035231835), (0.49999595, -0.8660277, 0), (0.8660257, -0.4999996, -1.3979424e-7), (-0.49999803, 0.8660194, -0.0035229572), (0.0000014919383, 0.9999938, -0.0035230853), (-0.2588176, 0.9659261, 8.854386e-8), (-0.2588176, 0.9659261, 8.854386e-8), (0.0000013201691, -0.9999938, -0.0035230939), (-0.49999806, -0.8660193, -0.003522965), (-0.5000022, -0.86602414, 1.7416924e-7), (-0.25881794, -0.9659261, 8.854386e-8), (0.49999404, 0.86602163, -0.0035231765), (0.8660196, 0.49999768, -0.0035232417), (0.8660257, 0.4999996, -1.3960326e-7), (0.49999592, 0.8660277, 0), (-0.86601895, -0.4999988, -0.0035228806), (-0.86602116, -0.5000018, -0.0023667037), (-0.9999972, 1.47430415e-8, -0.0023666837), (-0.9999938, 0, -0.0035228755), (-0.49999666, 0.8660202, -0.003522958), (-0.499999, 0.86602277, -0.0023668183), (6.781786e-7, 0.9999972, -0.0023669726), (0.0000014723078, 0.9999938, -0.0035230967), (0.0000014723078, 0.9999938, -0.0035230967), (6.781786e-7, 0.9999972, -0.0023669726), (0.49999806, 0.86602324, -0.0023670925), (0.4999944, 0.8660214, -0.0035231768), (0.4999944, 0.8660214, -0.0035231768), (0.49999806, 0.86602324, -0.0023670925), (0.8660219, 0.50000054, -0.002367179), (0.8660189, 0.4999989, -0.0035232399), (0.8660189, 0.4999989, -0.0035232399), (0.8660219, 0.50000054, -0.002367179), (0.9999972, 1.4743015e-8, -0.00236721), (0.9999938, -4.9076863e-9, -0.0035232634), (0.9999938, -4.9076863e-9, -0.0035232634), (0.9999972, 1.4743015e-8, -0.00236721), (0.86602205, -0.5000003, -0.0023671784), (0.86601895, -0.4999988, -0.0035232431), (0.86601895, -0.4999988, -0.0035232431), (0.86602205, -0.5000003, -0.0023671784), (0.49999788, -0.86602336, -0.0023670902), (0.4999943, -0.86602145, -0.0035231835), (0.4999943, -0.86602145, -0.0035231835), (0.49999788, -0.86602336, -0.0023670902), (6.7326414e-7, -0.9999972, -0.0023669677), (0.000001452677, -0.9999938, -0.003523102), (0.000001452677, -0.9999938, -0.003523102), (6.7326414e-7, -0.9999972, -0.0023669677), (-0.4999989, -0.8660228, -0.0023668176), (-0.49999666, -0.8660202, -0.0035229635), (-0.49999666, -0.8660202, -0.0035229635), (-0.4999989, -0.8660228, -0.0023668176), (-0.86602116, -0.5000018, -0.0023667037), (-0.86601895, -0.4999988, -0.0035228806), (-0.295626, 0.5120471, -0.8064819), (-0.5120393, 0.29563028, -0.8064853), (-0.51203865, 0.29563147, -0.80648524), (-0.29562503, 0.5120477, -0.80648184), (-0.9999938, 0, -0.0035228755), (-0.9999972, 1.47430415e-8, -0.0023666837), (-0.866021, 0.50000215, -0.0023667035), (-0.86601883, 0.499999, -0.0035228773), (-0.86601895, -0.4999988, -0.0035228806), (-0.9999938, 0, -0.0035228755), (-0.96592444, -0.2588243, 0), (-0.8660245, -0.50000155, 1.283347e-7), (-0.86601883, 0.499999, -0.0035228773), (-0.866021, 0.50000215, -0.0023667035), (-0.499999, 0.86602277, -0.0023668183), (-0.49999666, 0.8660202, -0.003522958), (-0.4999518, -0.86594176, -0.013893455), (-0.49996918, -0.865971, -0.011172045), (-0.86597276, -0.49996635, -0.011171997), (-0.86594194, -0.4999514, -0.013893348), (-0.0000012969526, -0.9999035, -0.013893478), (-0.0000012495611, -0.9999376, -0.0111721), (-0.49996918, -0.865971, -0.011172045), (-0.4999518, -0.86594176, -0.013893455), (0.49995142, -0.865942, -0.013893539), (0.4999682, -0.8659717, -0.011172248), (-0.0000012495611, -0.9999376, -0.0111721), (-0.0000012969526, -0.9999035, -0.013893478), (0.8659405, -0.4999541, -0.013893535), (0.8659713, -0.49996892, -0.011172262), (0.4999682, -0.8659717, -0.011172248), (0.49995142, -0.865942, -0.013893539), (0.9999035, 1.9650825e-8, -0.013893512), (0.9999376, 8.855157e-8, -0.011172168), (0.8659713, -0.49996892, -0.011172262), (0.8659405, -0.4999541, -0.013893535), (0.8659404, 0.4999541, -0.013893534), (0.8659713, 0.49996886, -0.011172261), (0.9999376, 8.855157e-8, -0.011172168), (0.9999035, 1.9650825e-8, -0.013893512), (0.49995163, 0.8659419, -0.013893535), (0.49996844, 0.8659715, -0.011172235), (0.8659713, 0.49996886, -0.011172261), (0.8659404, 0.4999541, -0.013893534), (-0.0000012773021, 0.9999035, -0.013893477), (-0.0000011708488, 0.9999376, -0.011172092), (0.49996844, 0.8659715, -0.011172235), (0.49995163, 0.8659419, -0.013893535), (-0.49995196, 0.86594176, -0.013893456), (-0.4999694, 0.865971, -0.011172044), (-0.0000011708488, 0.9999376, -0.011172092), (-0.0000012773021, 0.9999035, -0.013893477), (-0.86594206, 0.4999514, -0.013893346), (-0.86597276, 0.49996632, -0.011171997), (-0.4999694, 0.865971, -0.011172044), (-0.49995196, 0.86594176, -0.013893456), (-0.9999035, -2.4563478e-8, -0.013893226), (-0.9999376, -1.9678096e-8, -0.011171926), (-0.86597276, 0.49996632, -0.011171997), (-0.86594206, 0.4999514, -0.013893346), (-0.8660014, -0.4999902, -0.007172642), (-0.99997425, 0, -0.0071726274), (-0.9999972, 1.47430415e-8, -0.0023666837), (-0.86602116, -0.5000018, -0.0023667037), (-0.49998742, -0.8660029, -0.0071727466), (-0.8660014, -0.4999902, -0.007172642), (-0.86602116, -0.5000018, -0.0023667037), (-0.4999989, -0.8660228, -0.0023668176), (-3.6773005e-7, -0.99997425, -0.0071728127), (-0.49998742, -0.8660029, -0.0071727466), (-0.4999989, -0.8660228, -0.0023668176), (6.7326414e-7, -0.9999972, -0.0023669677), (0.49998724, -0.8660031, -0.0071728597), (-3.6773005e-7, -0.99997425, -0.0071728127), (6.7326414e-7, -0.9999972, -0.0023669677), (0.49999788, -0.86602336, -0.0023670902), (0.86600125, -0.49999028, -0.0071729603), (0.49998724, -0.8660031, -0.0071728597), (0.49999788, -0.86602336, -0.0023670902), (0.86602205, -0.5000003, -0.0023671784), (0.99997425, -9.806156e-9, -0.0071730474), (0.86600125, -0.49999028, -0.0071729603), (0.86602205, -0.5000003, -0.0023671784), (0.9999972, 1.4743015e-8, -0.00236721), (0.86600125, 0.49999043, -0.007172964), (0.99997425, -9.806156e-9, -0.0071730474), (0.9999972, 1.4743015e-8, -0.00236721), (0.8660219, 0.50000054, -0.002367179), (0.49998742, 0.8660029, -0.0071728704), (0.86600125, 0.49999043, -0.007172964), (0.8660219, 0.50000054, -0.002367179), (0.49999806, 0.86602324, -0.0023670925), (-3.7753625e-7, 0.99997425, -0.007172826), (0.49998742, 0.8660029, -0.0071728704), (0.49999806, 0.86602324, -0.0023670925), (6.781786e-7, 0.9999972, -0.0023669726), (-0.49998757, 0.8660029, -0.007172753), (-3.7753625e-7, 0.99997425, -0.007172826), (6.781786e-7, 0.9999972, -0.0023669726), (-0.499999, 0.86602277, -0.0023668183), (-0.8660013, 0.4999903, -0.0071726437), (-0.49998757, 0.8660029, -0.007172753), (-0.499999, 0.86602277, -0.0023668183), (-0.866021, 0.50000215, -0.0023667035), (-0.99997425, 0, -0.0071726274), (-0.8660013, 0.4999903, -0.0071726437), (-0.866021, 0.50000215, -0.0023667035), (-0.9999972, 1.47430415e-8, -0.0023666837), (-0.86594194, -0.4999514, -0.013893348), (-0.86597276, -0.49996635, -0.011171997), (-0.9999376, -1.9678096e-8, -0.011171926), (-0.9999035, -2.4563478e-8, -0.013893226), (0.863358, 0.49845982, -0.07842731), (0.49846047, 0.86335766, -0.078426346), (0.49846157, 0.86335707, -0.078426346), (0.8633584, 0.4984592, -0.07842731), (0.000002134622, -0.591259, -0.80648166), (0.29563564, -0.5120454, -0.80647945), (0.29563496, -0.5120458, -0.80647945), (0.0000024340743, -0.591259, -0.8064817), (0.29563406, 0.5120456, -0.8064799), (0.0000021685037, 0.5912589, -0.8064818), (0.000002439618, 0.5912589, -0.8064818), (0.29563332, 0.51204604, -0.8064799), (-0.51205873, -0.29562736, -0.80647403), (-0.2956334, -0.5120461, -0.8064799), (-0.29563242, -0.5120467, -0.80647975), (-0.512058, -0.2956285, -0.80647403), (0.591261, -0.0000018550945, -0.80648017), (0.5120587, 0.2956274, -0.80647403), (0.512058, 0.29562858, -0.806474), (0.5912611, -0.0000018518971, -0.8064803), (-0.5120393, 0.29563028, -0.8064853), (-0.5912611, 0.0000018550943, -0.8064802), (-0.5912611, 0.0000018518967, -0.8064802), (-0.51203865, 0.29563147, -0.80648524), (0.29563564, -0.5120454, -0.80647945), (0.51204455, -0.29562882, -0.8064824), (0.5120439, -0.29563007, -0.8064825), (0.29563496, -0.5120458, -0.80647945), (0.0000021685037, 0.5912589, -0.8064818), (-0.295626, 0.5120471, -0.8064819), (-0.29562503, 0.5120477, -0.80648184), (0.000002439618, 0.5912589, -0.8064818), (-0.2956334, -0.5120461, -0.8064799), (0.000002134622, -0.591259, -0.80648166), (0.0000024340743, -0.591259, -0.8064817), (-0.29563242, -0.5120467, -0.80647975), (0.5120587, 0.2956274, -0.80647403), (0.29563406, 0.5120456, -0.8064799), (0.29563332, 0.51204604, -0.8064799), (0.512058, 0.29562858, -0.806474), (-0.5912611, 0.0000018550943, -0.8064802), (-0.51205873, -0.29562736, -0.80647403), (-0.512058, -0.2956285, -0.80647403), (-0.5912611, 0.0000018518967, -0.8064802), (0.51204455, -0.29562882, -0.8064824), (0.591261, -0.0000018550945, -0.80648017), (0.5912611, -0.0000018518971, -0.8064803), (0.5120439, -0.29563007, -0.8064825), (-0.000001901738, 0, 1), (-0.000001901738, 0, 1), (-0.000001901738, 0, 1), (-0.000001901738, 0, 1), (-0.000001901738, 0, 1), (-0.000001901738, 0, 1), (-0.000001901738, 0, 1), (-0.000001901738, 0, 1), (-0.000001901738, 0, 1), (-0.000001901738, 0, 1), (-0.000001901738, 0, 1), (-0.000001901738, 0, 1), (-0.99691993, 1.2602004e-7, -0.078425325), (-0.8633581, -0.4984599, -0.07842573), (-0.8633582, -0.49845967, -0.07842573), (-0.99692, -1.1936868e-7, -0.07842533), (-0.49845988, 0.8633583, -0.07842379), (-0.863358, 0.49846014, -0.07842501), (-0.8633584, 0.49845955, -0.07842501), (-0.49845943, 0.8633586, -0.0784238), (-0.0000027433605, -0.99692, -0.07842569), (0.49845952, -0.863358, -0.078427576), (0.4984605, -0.8633576, -0.07842758), (-5.5705465e-7, -0.99692, -0.0784257), (0.99691975, 1.163263e-7, -0.07842806), (0.863358, 0.49845982, -0.07842731), (0.8633584, 0.4984592, -0.07842731), (0.9969198, -1.2931646e-7, -0.07842806), (-0.000002704586, 0.99692005, -0.078424245), (-0.49845988, 0.8633583, -0.07842379), (-0.49845943, 0.8633586, -0.0784238), (-5.272123e-7, 0.99692005, -0.07842424), (-0.49845988, -0.8633581, -0.07842509), (-0.0000027433605, -0.99692, -0.07842569), (-5.5705465e-7, -0.99692, -0.0784257), (-0.49845922, -0.8633585, -0.07842508), (0.8633575, -0.4984605, -0.07842809), (0.99691975, 1.163263e-7, -0.07842806), (0.9969198, -1.2931646e-7, -0.07842806), (0.8633576, -0.49846023, -0.07842809), (0.49846047, 0.86335766, -0.078426346), (-0.000002704586, 0.99692005, -0.078424245), (-5.272123e-7, 0.99692005, -0.07842424), (0.49846157, 0.86335707, -0.078426346), (-0.8633581, -0.4984599, -0.07842573), (-0.49845988, -0.8633581, -0.07842509), (-0.49845922, -0.8633585, -0.07842508), (-0.8633582, -0.49845967, -0.07842573), (-0.863358, 0.49846014, -0.07842501), (-0.99691993, 1.2602004e-7, -0.078425325), (-0.99692, -1.1936868e-7, -0.07842533), (-0.8633584, 0.49845955, -0.07842501), (0.49845952, -0.863358, -0.078427576), (0.8633575, -0.4984605, -0.07842809), (0.8633576, -0.49846023, -0.07842809), (0.4984605, -0.8633576, -0.07842758), (-0.70552874, -0.7055289, -0.0667696), (-0.7040518, -0.704052, -0.092854135), (-0.7040518, -0.704052, -0.09285406), (-0.70552874, -0.7055289, -0.0667696), (0.70552915, -0.7055278, -0.06677765), (0.7040515, -0.7040517, -0.09285807), (0.7040516, -0.7040516, -0.09285802), (0.70552915, -0.7055278, -0.06677765), (-0.7055295, 0.7055282, -0.06676952), (-0.7040493, 0.7040545, -0.0928543), (-0.70404935, 0.7040545, -0.092854366), (-0.7055295, 0.7055282, -0.06676952), (-0.67479044, 0.6747953, 0.29884627), (-0.67479044, 0.6747953, 0.29884627), (-0.68121815, 0.681222, 0.26810142), (-0.68121815, 0.681222, 0.2681014), (-0.67479306, -0.67479306, 0.2988452), (-0.67479306, -0.67479306, 0.2988452), (-0.6812197, -0.6812207, 0.26810083), (-0.6812197, -0.6812207, 0.26810086), (0.6747952, 0.6747922, 0.29884264), (0.6747952, 0.6747922, 0.29884264), (0.6812212, 0.68121976, 0.26809955), (0.6812212, 0.68121976, 0.26809952), (-0.70330364, -0.70330894, 0.10354051), (-0.7033036, -0.7033089, 0.103540495), (-0.7037941, -0.7037977, 0.096656874), (0.6747926, -0.6747944, 0.2988435), (0.6747926, -0.6747944, 0.2988435), (0.6812197, -0.68122107, 0.2681001), (0.68121964, -0.68122107, 0.26810014), (0.70330876, -0.7033038, 0.10353967), (0.70330876, -0.7033039, 0.10353967), (0.7037988, -0.7037933, 0.09665644), (0.7033096, 0.70330316, 0.10353949), (0.7033096, 0.7033031, 0.10353948), (0.7037978, 0.70379424, 0.096656464), (-0.7033036, -0.7033089, 0.103540495), (-0.70330364, -0.70330894, 0.10354051), (-0.7017378, -0.70174086, 0.12297904), (-0.70173776, -0.7017409, 0.12297903), (-0.70173776, -0.7017409, 0.12297903), (-0.7017378, -0.70174086, 0.12297904), (-0.6989468, -0.6989489, 0.15147224), (-0.69894683, -0.6989489, 0.15147224), (-0.69894683, -0.6989489, 0.15147224), (-0.6989468, -0.6989489, 0.15147224), (-0.69295186, -0.69295484, 0.19907622), (-0.69295174, -0.69295484, 0.19907624), (-0.69295174, -0.69295484, 0.19907624), (-0.69295186, -0.69295484, 0.19907622), (-0.6812197, -0.6812207, 0.26810086), (-0.6812197, -0.6812207, 0.26810083), (-0.7033053, 0.7033073, 0.10354018), (-0.7033053, 0.7033072, 0.103540175), (-0.7017372, 0.7017414, 0.12297916), (-0.7017372, 0.7017414, 0.122979164), (-0.7017372, 0.7017414, 0.122979164), (-0.7017372, 0.7017414, 0.12297916), (-0.69894767, 0.6989481, 0.15147208), (-0.6989476, 0.6989481, 0.15147206), (-0.6989476, 0.6989481, 0.15147206), (-0.69894767, 0.6989481, 0.15147208), (-0.6929536, 0.69295317, 0.19907583), (-0.6929535, 0.69295317, 0.19907582), (-0.6929535, 0.69295317, 0.19907582), (-0.6929536, 0.69295317, 0.19907583), (-0.68121815, 0.681222, 0.2681014), (-0.68121815, 0.681222, 0.26810142), (0.70330876, -0.7033039, 0.10353967), (0.70330876, -0.7033038, 0.10353967), (0.70174193, -0.70173675, 0.12297843), (0.70174193, -0.70173675, 0.12297841), (0.70174193, -0.70173675, 0.12297841), (0.70174193, -0.70173675, 0.12297843), (0.69895023, -0.6989454, 0.1514729), (0.69895023, -0.69894534, 0.1514729), (0.69895023, -0.69894534, 0.1514729), (0.69895023, -0.6989454, 0.1514729), (0.6929538, -0.6929526, 0.19907719), (0.6929538, -0.69295263, 0.19907723), (0.6929538, -0.69295263, 0.19907723), (0.6929538, -0.6929526, 0.19907719), (0.68121964, -0.68122107, 0.26810014), (0.6812197, -0.68122107, 0.2681001), (0.7033096, 0.7033031, 0.10353948), (0.7033096, 0.70330316, 0.10353949), (0.7017423, 0.70173657, 0.12297843), (0.7017423, 0.70173657, 0.12297845), (0.7017423, 0.70173657, 0.12297845), (0.7017423, 0.70173657, 0.12297843), (0.698948, 0.69894737, 0.15147339), (0.698948, 0.69894737, 0.15147339), (0.698948, 0.69894737, 0.15147339), (0.698948, 0.69894737, 0.15147339), (0.6929527, 0.69295365, 0.19907743), (0.69295263, 0.6929537, 0.19907737), (0.69295263, 0.6929537, 0.19907737), (0.6929527, 0.69295365, 0.19907743), (0.6812212, 0.68121976, 0.26809952), (0.6812212, 0.68121976, 0.26809955), (-0.7033053, 0.7033072, 0.103540175), (-0.7033053, 0.7033073, 0.10354018), (-0.70379514, 0.7037968, 0.09665664), (0.7055283, 0.7055285, -0.06677774), (0.7040527, 0.7040506, -0.09285755), (0.7040527, 0.7040506, -0.092857614), (0.7055283, 0.7055285, -0.06677774), (0.66480184, -0.66479677, -0.34071055), (0.6515332, -0.65152764, -0.3886081), (0.6515332, -0.65152764, -0.3886081), (0.66480184, -0.66479677, -0.34071055), (0.664798, 0.66479975, -0.3407123), (0.6515282, 0.65153116, -0.38861045), (0.6515282, 0.65153116, -0.38861045), (0.66479796, 0.6647998, -0.34071228), (-0.6647992, 0.6647996, -0.3407105), (-0.65153044, 0.65153044, -0.38860798), (-0.65153044, 0.65153044, -0.38860798), (-0.66479915, 0.66479963, -0.34071043), (-0.6647968, -0.66480136, -0.34071144), (-0.66479677, -0.6648014, -0.34071147), (-0.68774974, -0.68775034, -0.23237838), (-0.6877498, -0.6877504, -0.2323783), (-0.6877498, -0.6877504, -0.2323783), (-0.68774974, -0.68775034, -0.23237838), (-0.6986989, -0.6986989, -0.1537522), (-0.6986989, -0.6986989, -0.1537522), (-0.6986989, -0.6986989, -0.1537522), (-0.6986989, -0.6986989, -0.1537522), (-0.7040518, -0.704052, -0.09285406), (-0.7040518, -0.704052, -0.092854135), (0.66480184, -0.66479677, -0.34071055), (0.66480184, -0.66479677, -0.34071055), (0.6877518, -0.6877484, -0.23237802), (0.6877518, -0.68774843, -0.23237802), (0.6877518, -0.68774843, -0.23237802), (0.6877518, -0.6877484, -0.23237802), (0.69869924, -0.69869864, -0.15375194), (0.6986991, -0.6986987, -0.1537519), (0.6986991, -0.6986987, -0.1537519), (0.69869924, -0.69869864, -0.15375194), (0.7040516, -0.7040516, -0.09285802), (0.7040515, -0.7040517, -0.09285807), (0.664798, 0.66479975, -0.3407123), (0.66479796, 0.6647998, -0.34071228), (0.6877515, 0.68774873, -0.2323782), (0.6877515, 0.68774873, -0.23237818), (0.6877515, 0.68774873, -0.23237818), (0.6877515, 0.68774873, -0.2323782), (0.6987016, 0.6986964, -0.15375115), (0.6987017, 0.6986963, -0.15375121), (0.6987017, 0.6986963, -0.15375121), (0.6987016, 0.6986964, -0.15375115), (0.7040527, 0.7040506, -0.092857614), (0.7040527, 0.7040506, -0.09285755), (-0.6647992, 0.6647996, -0.3407105), (-0.66479915, 0.66479963, -0.34071043), (-0.68774885, 0.68775123, -0.23237853), (-0.68774885, 0.68775123, -0.2323786), (-0.68774885, 0.68775123, -0.2323786), (-0.68774885, 0.68775123, -0.23237853), (-0.6986952, 0.69870245, -0.1537527), (-0.6986952, 0.69870245, -0.15375271), (-0.6986952, 0.69870245, -0.15375271), (-0.6986952, 0.69870245, -0.1537527), (-0.70404935, 0.7040545, -0.092854366), (-0.7040493, 0.7040545, -0.0928543), (-0.6647968, -0.66480136, -0.34071144), (-0.65152645, -0.6515334, -0.38860962), (-0.65152645, -0.6515334, -0.38860962), (-0.66479677, -0.6648014, -0.34071147), (-0.9999035, -2.4563478e-8, -0.013893226), (-0.86594206, 0.4999514, -0.013893346), (-0.8660013, 0.4999903, -0.0071726437), (-0.99997425, 0, -0.0071726274), (-0.86594206, 0.4999514, -0.013893346), (-0.49995196, 0.86594176, -0.013893456), (-0.49998757, 0.8660029, -0.007172753), (-0.8660013, 0.4999903, -0.0071726437), (-0.49995196, 0.86594176, -0.013893456), (-0.0000012773021, 0.9999035, -0.013893477), (-3.7753625e-7, 0.99997425, -0.007172826), (-0.49998757, 0.8660029, -0.007172753), (-0.0000012773021, 0.9999035, -0.013893477), (0.49995163, 0.8659419, -0.013893535), (0.49998742, 0.8660029, -0.0071728704), (-3.7753625e-7, 0.99997425, -0.007172826), (0.49995163, 0.8659419, -0.013893535), (0.8659404, 0.4999541, -0.013893534), (0.86600125, 0.49999043, -0.007172964), (0.49998742, 0.8660029, -0.0071728704), (0.8659404, 0.4999541, -0.013893534), (0.9999035, 1.9650825e-8, -0.013893512), (0.99997425, -9.806156e-9, -0.0071730474), (0.86600125, 0.49999043, -0.007172964), (0.9999035, 1.9650825e-8, -0.013893512), (0.8659405, -0.4999541, -0.013893535), (0.86600125, -0.49999028, -0.0071729603), (0.99997425, -9.806156e-9, -0.0071730474), (0.8659405, -0.4999541, -0.013893535), (0.49995142, -0.865942, -0.013893539), (0.49998724, -0.8660031, -0.0071728597), (0.86600125, -0.49999028, -0.0071729603), (0.49995142, -0.865942, -0.013893539), (-0.0000012969526, -0.9999035, -0.013893478), (-3.6773005e-7, -0.99997425, -0.0071728127), (0.49998724, -0.8660031, -0.0071728597), (-0.0000012969526, -0.9999035, -0.013893478), (-0.4999518, -0.86594176, -0.013893455), (-0.49998742, -0.8660029, -0.0071727466), (-3.6773005e-7, -0.99997425, -0.0071728127), (-0.4999518, -0.86594176, -0.013893455), (-0.86594194, -0.4999514, -0.013893348), (-0.8660014, -0.4999902, -0.007172642), (-0.49998742, -0.8660029, -0.0071727466), (-0.86594194, -0.4999514, -0.013893348), (-0.9999035, -2.4563478e-8, -0.013893226), (-0.99997425, 0, -0.0071726274), (-0.8660014, -0.4999902, -0.007172642), (-7.4282316e-14, 0, -1), (-7.4282316e-14, 0, -1), (-7.4282316e-14, 0, -1), (-7.4282316e-14, 0, -1), (-7.4282316e-14, 0, -1), (-7.4282316e-14, 0, -1), (-7.4282316e-14, 0, -1), (-7.4282316e-14, 0, -1), (-7.4282316e-14, 0, -1), (-7.4282316e-14, 0, -1), (-7.4282316e-14, 0, -1), (-7.4282316e-14, 0, -1), (0.9999938, -4.9076863e-9, -0.0035232634), (0.86601895, -0.4999988, -0.0035232431), (0.86602414, -0.50000215, -1.3960293e-7), (0.9659274, -0.258813, -2.6969153e-7), (-0.86601883, 0.499999, -0.0035228773), (-0.49999666, 0.8660202, -0.003522958), (-0.7071079, 0.7071057, 2.4792388e-7), (-0.86602443, 0.50000167, 1.2833472e-7), (0.4999943, -0.86602145, -0.0035231835), (0.000001452677, -0.9999938, -0.003523102), (0.25882232, -0.965925, 0), (0.49999663, -0.86602736, 0), (0.0000014723078, 0.9999938, -0.0035230967), (0.4999944, 0.8660214, -0.0035231768), (0.49999666, 0.86602736, 0), (0.25882232, 0.965925, 0), (-0.49999666, -0.8660202, -0.0035229635), (-0.86601895, -0.4999988, -0.0035228806), (-0.8660245, -0.50000155, 1.283347e-7), (-0.5000003, -0.8660253, 1.756964e-7), (0.8660189, 0.4999989, -0.0035232399), (0.9999938, -4.9076863e-9, -0.0035232634), (0.9659274, 0.258813, -2.6969153e-7), (0.86602414, 0.50000215, -1.3960293e-7), (-0.9999938, 0, -0.0035228755), (-0.86601883, 0.499999, -0.0035228773), (-0.86602443, 0.50000167, 1.2833472e-7), (-0.96592444, 0.2588243, 0), (0.86601895, -0.4999988, -0.0035232431), (0.4999943, -0.86602145, -0.0035231835), (0.49999663, -0.86602736, 0), (0.86602414, -0.50000215, -1.3960293e-7), (-0.49999666, 0.8660202, -0.003522958), (0.0000014723078, 0.9999938, -0.0035230967), (-0.25881776, 0.9659261, 9.149532e-8), (-0.25881776, 0.9659261, 9.149532e-8), (0.000001452677, -0.9999938, -0.003523102), (-0.49999666, -0.8660202, -0.0035229635), (-0.5000003, -0.8660253, 1.756964e-7), (-0.25881776, -0.9659261, 9.149532e-8), (0.4999944, 0.8660214, -0.0035231768), (0.8660189, 0.4999989, -0.0035232399), (0.86602414, 0.50000215, -1.3960293e-7), (0.49999666, 0.86602736, 0), (4.37516e-8, 1, 0), (4.37516e-8, 1, 0), (4.37516e-8, 1, 0), (4.37516e-8, 1, 0), (1, 0, 0), (1, 0, 0), (1, 0, 0), (1, 0, 0), (-4.37516e-8, -1, 0), (-4.37516e-8, -1, 0), (-4.37516e-8, -1, 0), (-4.37516e-8, -1, 0), (-0.99999994, 0, 0), (-0.99999994, 0, 0), (-0.99999994, 0, 0), (-0.99999994, 0, 0), (-3.148689e-7, 0, -1), (-3.148689e-7, 0, -1), (-3.148689e-7, 0, -1), (-3.148689e-7, 0, -1), (5.247815e-7, 0, 1), (5.247815e-7, 0, 1), (5.247815e-7, 0, 1), (5.247815e-7, 0, 1), (4.375161e-8, 1, 0), (4.375161e-8, 1, 0), (4.375161e-8, 1, 0), (4.375161e-8, 1, 0), (1, 0, 0), (1, 0, 0), (1, 0, 0), (1, 0, 0), (-4.375161e-8, -1, 0), (-4.375161e-8, -1, 0), (-4.375161e-8, -1, 0), (-4.375161e-8, -1, 0), (-1, 0, 0), (-1, 0, 0), (-1, 0, 0), (-1, 0, 0), (-3.8046662e-7, 0, -1), (-3.8046662e-7, 0, -1), (-3.8046662e-7, 0, -1), (-3.8046662e-7, 0, -1), (3.9358616e-7, 0, 1), (3.9358616e-7, 0, 1), (3.9358616e-7, 0, 1), (3.9358616e-7, 0, 1)] (
                interpolation = "faceVarying"
            )
            point3f[] points = [(0.87864846, -3.968235e-8, 0.4267301), (0.8638176, -3.903407e-8, 2.19814), (0.8816389, 0.011160145, 0.4267301), (0.8687948, 0.018575892, 2.19814), (0.88980883, 0.019329982, 0.4267301), (0.88239336, 0.032174416, 2.19814), (0.9009689, 0.022320343, 0.4267301), (0.90096915, 0.037151817, 2.19814), (0.912129, 0.019329982, 0.4267301), (0.91954523, 0.032174412, 2.19814), (0.920299, 0.011160143, 0.4267301), (0.9331438, 0.018575888, 2.19814), (0.92328936, -4.1633665e-8, 0.4267301), (0.938121, -4.228198e-8, 2.19814), (0.920299, -0.011160226, 0.4267301), (0.9331438, -0.018575972, 2.19814), (0.912129, -0.019330064, 0.4267301), (0.91954523, -0.032174498, 2.19814), (0.9009689, -0.022320425, 0.4267301), (0.90096915, -0.037151903, 2.19814), (0.88980883, -0.019330064, 0.4267301), (0.88239336, -0.032174494, 2.19814), (0.8816389, -0.011160224, 0.4267301), (0.8687948, -0.018575968, 2.19814), (0.8698429, -3.9297447e-8, 1.7764411), (0.87537235, -3.953915e-8, 0.8919697), (0.8788017, 0.012798315, 0.8919697), (0.87401295, 0.015563174, 1.7764411), (0.88817066, 0.02216736, 0.8919697), (0.885406, 0.02695624, 1.7764411), (0.90096915, 0.02559667, 0.8919697), (0.90096915, 0.03112639, 1.7764411), (0.9137674, 0.02216736, 0.8919697), (0.91653234, 0.026956238, 1.7764411), (0.9231364, 0.012798313, 0.8919697), (0.9279254, 0.015563171, 1.7764411), (0.9265657, -4.177688e-8, 0.8919697), (0.9320957, -4.2018605e-8, 1.7764411), (0.9231364, -0.012798396, 0.8919697), (0.9279254, -0.015563256, 1.7764411), (0.9137674, -0.02216746, 0.8919697), (0.91653234, -0.02695632, 1.7764411), (0.90096915, -0.025596749, 0.8919697), (0.90096915, -0.031126466, 1.7764411), (0.88817066, -0.02216746, 0.8919697), (0.885406, -0.026956318, 1.7764411), (0.8788017, -0.012798394, 0.8919697), (0.87401295, -0.015563253, 1.7764411), (0.8597801, 0.023780633, 2.2057714), (0.853408, -3.8579053e-8, 2.2057714), (0.8771887, 0.0411893, 2.2057714), (0.90096915, 0.0475613, 2.2057714), (0.9247499, 0.041189298, 2.2057714), (0.9421585, 0.023780629, 2.2057714), (0.9485306, -4.2736996e-8, 2.2057714), (0.9421585, -0.023780713, 2.2057714), (0.9247499, -0.041189384, 2.2057714), (0.90096915, -0.047561385, 2.2057714), (0.8771887, -0.04118938, 2.2057714), (0.8597801, -0.02378071, 2.2057714), (0.85670996, 0.025553057, 2.2508335), (0.8498632, -7.1515785e-8, 2.2508335), (0.87541634, 0.044259246, 2.2508335), (0.90096945, 0.051106177, 2.2508335), (0.92652255, 0.044259243, 2.2508335), (0.94522864, 0.025553053, 2.2508335), (0.95207566, -7.5983635e-8, 2.2508335), (0.94522864, -0.0255532, 2.2508335), (0.92652255, -0.044259395, 2.2508335), (0.90096945, -0.051106326, 2.2508335), (0.87541634, -0.04425939, 2.2508335), (0.85670996, -0.025553197, 2.2508335), (0.8639205, -3.945702e-8, 2.2415345), (0.82294035, -3.766572e-8, 2.3813577), (0.90096915, 0.03704878, 2.2415345), (0.90096945, 0.078028925, 2.3813577), (0.90096915, -0.037048865, 2.2415345), (0.90096945, -0.078029, 2.3813577), (0.938018, -4.2695927e-8, 2.2415345), (0.97899824, -4.4487226e-8, 2.3813577), (0.90096945, -4.1076483e-8, 2.7507534), (0.90096945, 0.015598822, 2.6371715), (0.90096945, 0.062443804, 2.416549), (0.90096945, 0.026173478, 2.569344), (0.90096945, 0.03878935, 2.5035982), (0.90096945, 0.051525813, 2.449944), (0.9634133, -4.380599e-8, 2.416549), (0.9165682, -4.1758327e-8, 2.6371715), (0.9524953, -4.3328747e-8, 2.449944), (0.9397586, -4.2772008e-8, 2.5035982), (0.9271428, -4.2220556e-8, 2.569344), (0.90096945, -0.062443905, 2.416549), (0.90096945, -0.01559892, 2.6371715), (0.90096945, -0.0515259, 2.449944), (0.90096945, -0.038789447, 2.5035982), (0.90096945, -0.026173573, 2.569344), (0.88537055, -4.039463e-8, 2.6371715), (0.8385256, -3.8346972e-8, 2.416549), (0.87479573, -3.993239e-8, 2.569344), (0.86217993, -3.938094e-8, 2.5035982), (0.84944355, -3.882421e-8, 2.449944), (0.83870155, -3.8354663e-8, 2.3549328), (0.86098254, -3.9328597e-8, 2.272577), (0.84832674, -3.8775397e-8, 2.3304667), (0.85648227, -3.9131884e-8, 2.2998087), (0.90096945, 0.039986726, 2.272577), (0.90096945, 0.062267624, 2.3549328), (0.90096945, 0.044487067, 2.2998087), (0.90096945, 0.05264245, 2.3304667), (0.94095606, -4.282435e-8, 2.272577), (0.963237, -4.379828e-8, 2.3549328), (0.9454563, -4.3021064e-8, 2.2998087), (0.9536118, -4.337755e-8, 2.3304667), (0.90096945, -0.03998681, 2.272577), (0.90096945, -0.062267732, 2.3549328), (0.90096945, -0.044487186, 2.2998087), (0.90096945, -0.052642565, 2.3304667), (0.8797693, -0.012239806, 1.3767364), (0.8764895, -3.958798e-8, 1.3767364), (0.8887295, -0.021199942, 1.3767364), (0.90096915, -0.024479572, 1.3767364), (0.9132089, -0.021199942, 1.3767364), (0.922169, -0.012239808, 1.3767364), (0.92544883, -4.172806e-8, 1.3767364), (0.922169, 0.012239725, 1.3767364), (0.9132089, 0.021199862, 1.3767364), (0.90096915, 0.024479495, 1.3767364), (0.8887295, 0.021199862, 1.3767364), (0.8797693, 0.012239727, 1.3767364), (0.87864846, -3.968235e-8, -1.1920929e-7), (0.8816389, 0.011160145, -1.1920929e-7), (0.88980854, 0.019329982, -1.1920929e-7), (0.9009689, 0.022320343, -1.1920929e-7), (0.912129, 0.019329982, -1.1920929e-7), (0.920299, 0.011160143, -1.1920929e-7), (0.9232891, -4.1633655e-8, -1.1920929e-7), (0.920299, -0.011160226, -1.1920929e-7), (0.912129, -0.019330064, -1.1920929e-7), (0.9009689, -0.022320425, -1.1920929e-7), (0.88980854, -0.019330064, -1.1920929e-7), (0.8816389, -0.011160224, -1.1920929e-7), (0.6786485, -3.0940075e-8, 0.4267301), (0.6638176, -3.0291794e-8, 2.272058), (0.6816389, 0.011160153, 0.4267301), (0.6687948, 0.0185759, 2.272058), (0.68980885, 0.019329991, 0.4267301), (0.6823934, 0.032174423, 2.272058), (0.7009689, 0.022320352, 0.4267301), (0.70096916, 0.03715183, 2.272058), (0.712129, 0.01932999, 0.4267301), (0.71954525, 0.032174423, 2.272058), (0.720299, 0.011160151, 0.4267301), (0.7331438, 0.018575897, 2.272058), (0.7232894, -3.289139e-8, 0.4267301), (0.73812103, -3.3539703e-8, 2.272058), (0.720299, -0.011160217, 0.4267301), (0.7331438, -0.018575963, 2.272058), (0.712129, -0.019330056, 0.4267301), (0.71954525, -0.032174487, 2.272058), (0.7009689, -0.022320416, 0.4267301), (0.70096916, -0.03715189, 2.272058), (0.68980885, -0.019330055, 0.4267301), (0.6823934, -0.032174487, 2.272058), (0.6816389, -0.011160215, 0.4267301), (0.6687948, -0.01857596, 2.272058), (0.6698429, -3.055517e-8, 1.7764411), (0.67537236, -3.0796873e-8, 0.8919697), (0.6788017, 0.012798323, 0.8919697), (0.67401296, 0.0155631825, 1.7764411), (0.6881707, 0.02216737, 0.8919697), (0.685406, 0.026956249, 1.7764411), (0.70096916, 0.02559668, 0.8919697), (0.70096916, 0.031126399, 1.7764411), (0.7137674, 0.022167368, 0.8919697), (0.71653235, 0.026956247, 1.7764411), (0.7231364, 0.012798321, 0.8919697), (0.7279254, 0.015563181, 1.7764411), (0.7265657, -3.3034603e-8, 0.8919697), (0.7320957, -3.3276326e-8, 1.7764411), (0.7231364, -0.012798388, 0.8919697), (0.7279254, -0.015563247, 1.7764411), (0.7137674, -0.022167452, 0.8919697), (0.71653235, -0.02695631, 1.7764411), (0.70096916, -0.02559674, 0.8919697), (0.70096916, -0.031126456, 1.7764411), (0.6881707, -0.02216745, 0.8919697), (0.685406, -0.026956309, 1.7764411), (0.6788017, -0.012798386, 0.8919697), (0.67401296, -0.015563245, 1.7764411), (0.6597801, 0.023780642, 2.2796896), (0.653408, -2.9836777e-8, 2.2796896), (0.6771887, 0.04118931, 2.2796896), (0.70096916, 0.04756131, 2.2796896), (0.7247499, 0.041189305, 2.2796896), (0.74215853, 0.023780638, 2.2796896), (0.7485306, -3.399472e-8, 2.2796896), (0.74215853, -0.023780704, 2.2796896), (0.7247499, -0.041189376, 2.2796896), (0.70096916, -0.047561374, 2.2796896), (0.6771887, -0.041189373, 2.2796896), (0.6597801, -0.0237807, 2.2796896), (0.65670997, 0.025553066, 2.3247516), (0.6498632, -6.277351e-8, 2.3247516), (0.67541635, 0.044259254, 2.3247516), (0.70096946, 0.05110619, 2.3247516), (0.72652256, 0.04425925, 2.3247516), (0.74522865, 0.025553063, 2.3247516), (0.7520757, -6.724136e-8, 2.3247516), (0.74522865, -0.025553191, 2.3247516), (0.72652256, -0.044259388, 2.3247516), (0.70096946, -0.051106315, 2.3247516), (0.67541635, -0.044259384, 2.3247516), (0.65670997, -0.025553187, 2.3247516), (0.6639205, -3.071474e-8, 2.3154526), (0.62294036, -2.8923441e-8, 2.4552758), (0.70096916, 0.03704879, 2.3154526), (0.70096946, 0.07802893, 2.4552758), (0.70096916, -0.037048854, 2.3154526), (0.70096946, -0.07802899, 2.4552758), (0.73801804, -3.3953647e-8, 2.3154526), (0.77899826, -3.574495e-8, 2.4552758), (0.70096946, -3.2334203e-8, 2.8246715), (0.70096946, 0.015598831, 2.7110896), (0.70096946, 0.062443815, 2.490467), (0.70096946, 0.026173487, 2.6432621), (0.70096946, 0.03878936, 2.5775163), (0.70096946, 0.051525824, 2.5238621), (0.7634133, -3.506371e-8, 2.490467), (0.71656823, -3.3016047e-8, 2.7110896), (0.7524953, -3.458647e-8, 2.5238621), (0.7397586, -3.4029732e-8, 2.5775163), (0.7271428, -3.3478276e-8, 2.6432621), (0.70096946, -0.062443893, 2.490467), (0.70096946, -0.015598912, 2.7110896), (0.70096946, -0.051525887, 2.5238621), (0.70096946, -0.038789436, 2.5775163), (0.70096946, -0.026173564, 2.6432621), (0.68537056, -3.1652355e-8, 2.7110896), (0.6385256, -2.9604696e-8, 2.490467), (0.67479575, -3.1190115e-8, 2.6432621), (0.66217995, -3.063866e-8, 2.5775163), (0.64944357, -3.0081935e-8, 2.5238621), (0.63870156, -2.9612387e-8, 2.428851), (0.66098255, -3.058632e-8, 2.3464952), (0.64832675, -3.0033117e-8, 2.4043849), (0.6564823, -3.0389607e-8, 2.3737268), (0.70096946, 0.039986737, 2.3464952), (0.70096946, 0.062267635, 2.428851), (0.70096946, 0.044487078, 2.3737268), (0.70096946, 0.05264246, 2.4043849), (0.74095607, -3.4082074e-8, 2.3464952), (0.763237, -3.5056004e-8, 2.428851), (0.74545634, -3.4278788e-8, 2.3737268), (0.7536118, -3.4635274e-8, 2.4043849), (0.70096946, -0.0399868, 2.3464952), (0.70096946, -0.06226772, 2.428851), (0.70096946, -0.044487175, 2.3737268), (0.70096946, -0.052642554, 2.4043849), (0.67976934, -0.012239798, 1.3767364), (0.67648953, -3.0845705e-8, 1.3767364), (0.6887295, -0.021199932, 1.3767364), (0.70096916, -0.024479562, 1.3767364), (0.7132089, -0.021199934, 1.3767364), (0.72216904, -0.0122398, 1.3767364), (0.72544885, -3.298578e-8, 1.3767364), (0.72216904, 0.012239734, 1.3767364), (0.7132089, 0.021199869, 1.3767364), (0.70096916, 0.024479505, 1.3767364), (0.6887295, 0.02119987, 1.3767364), (0.67976934, 0.012239736, 1.3767364), (0.6786485, -3.0940075e-8, -1.1920929e-7), (0.6816389, 0.011160153, -1.1920929e-7), (0.68980855, 0.019329991, -1.1920929e-7), (0.7009689, 0.022320352, -1.1920929e-7), (0.712129, 0.01932999, -1.1920929e-7), (0.720299, 0.011160151, -1.1920929e-7), (0.72328913, -3.289138e-8, -1.1920929e-7), (0.720299, -0.011160217, -1.1920929e-7), (0.712129, -0.019330056, -1.1920929e-7), (0.7009689, -0.022320416, -1.1920929e-7), (0.68980855, -0.019330055, -1.1920929e-7), (0.6816389, -0.011160215, -1.1920929e-7), (0.47864845, -2.2197796e-8, 0.4267301), (0.46381757, -2.1549518e-8, 2.272058), (0.48163888, 0.011160161, 0.4267301), (0.4687948, 0.018575909, 2.272058), (0.48980883, 0.01933, 0.4267301), (0.48239335, 0.03217443, 2.272058), (0.50096893, 0.02232036, 0.4267301), (0.5009692, 0.037151836, 2.272058), (0.51212895, 0.019329999, 0.4267301), (0.5195452, 0.03217443, 2.272058), (0.52029896, 0.01116016, 0.4267301), (0.53314376, 0.018575905, 2.272058), (0.5232893, -2.414911e-8, 0.4267301), (0.538121, -2.4797423e-8, 2.272058), (0.52029896, -0.011160208, 0.4267301), (0.53314376, -0.018575955, 2.272058), (0.51212895, -0.019330047, 0.4267301), (0.5195452, -0.03217448, 2.272058), (0.50096893, -0.022320408, 0.4267301), (0.5009692, -0.037151884, 2.272058), (0.48980883, -0.019330045, 0.4267301), (0.48239335, -0.03217448, 2.272058), (0.48163888, -0.011160207, 0.4267301), (0.4687948, -0.018575951, 2.272058), (0.46984288, -2.1812891e-8, 1.7764411), (0.47537234, -2.2054593e-8, 0.8919697), (0.4788017, 0.012798333, 0.8919697), (0.47401294, 0.015563192, 1.7764411), (0.48817065, 0.022167379, 0.8919697), (0.485406, 0.026956258, 1.7764411), (0.5009692, 0.025596688, 0.8919697), (0.5009692, 0.031126406, 1.7764411), (0.51376736, 0.022167377, 0.8919697), (0.5165323, 0.026956256, 1.7764411), (0.5231364, 0.01279833, 0.8919697), (0.5279254, 0.015563189, 1.7764411), (0.5265657, -2.4292323e-8, 0.8919697), (0.5320957, -2.453405e-8, 1.7764411), (0.5231364, -0.012798379, 0.8919697), (0.5279254, -0.015563238, 1.7764411), (0.51376736, -0.022167442, 0.8919697), (0.5165323, -0.026956301, 1.7764411), (0.5009692, -0.025596732, 0.8919697), (0.5009692, -0.031126449, 1.7764411), (0.48817065, -0.02216744, 0.8919697), (0.485406, -0.0269563, 1.7764411), (0.4788017, -0.012798376, 0.8919697), (0.47401294, -0.015563236, 1.7764411), (0.45978007, 0.02378065, 2.2796896), (0.45340797, -2.10945e-8, 2.2796896), (0.47718868, 0.041189317, 2.2796896), (0.5009692, 0.047561318, 2.2796896), (0.5247499, 0.041189317, 2.2796896), (0.5421585, 0.023780646, 2.2796896), (0.5485306, -2.525244e-8, 2.2796896), (0.5421585, -0.023780696, 2.2796896), (0.5247499, -0.041189365, 2.2796896), (0.5009692, -0.047561366, 2.2796896), (0.47718868, -0.041189365, 2.2796896), (0.45978007, -0.023780692, 2.2796896), (0.45670995, 0.025553074, 2.3247516), (0.44986317, -5.4031226e-8, 2.3247516), (0.47541633, 0.04425926, 2.3247516), (0.5009694, 0.051106196, 2.3247516), (0.5265225, 0.04425926, 2.3247516), (0.5452286, 0.02555307, 2.3247516), (0.5520756, -5.8499076e-8, 2.3247516), (0.5452286, -0.025553184, 2.3247516), (0.5265225, -0.044259377, 2.3247516), (0.5009694, -0.051106308, 2.3247516), (0.47541633, -0.044259377, 2.3247516), (0.45670995, -0.02555318, 2.3247516), (0.46722242, -2.2350665e-8, 2.323965), (0.42989457, -2.0719012e-8, 2.4513268), (0.5009692, 0.03374688, 2.323965), (0.5009694, 0.07107473, 2.4513268), (0.5009692, -0.033746928, 2.323965), (0.5009694, -0.07107478, 2.4513268), (0.53471607, -2.5300906e-8, 2.323965), (0.572044, -2.6932561e-8, 2.4513268), (0.5009694, -2.3825793e-8, 2.7878006), (0.5009694, 0.014208615, 2.6843417), (0.5009694, 0.05687861, 2.4833817), (0.5009694, 0.02384082, 2.622559), (0.5009694, 0.035332326, 2.5626729), (0.5009694, 0.04693367, 2.5138004), (0.55784804, -2.6312035e-8, 2.4833817), (0.51517797, -2.4446868e-8, 2.6843417), (0.54790306, -2.5877327e-8, 2.5138004), (0.53630155, -2.5370209e-8, 2.5626729), (0.5248101, -2.4867902e-8, 2.622559), (0.5009694, -0.056878675, 2.4833817), (0.5009694, -0.014208678, 2.6843417), (0.5009694, -0.046933718, 2.5138004), (0.5009694, -0.035332385, 2.5626729), (0.5009694, -0.023840882, 2.622559), (0.48676077, -2.3204713e-8, 2.6843417), (0.44409078, -2.1339549e-8, 2.4833817), (0.47712842, -2.278367e-8, 2.622559), (0.46563697, -2.2281363e-8, 2.5626729), (0.4540357, -2.1774255e-8, 2.5138004), (0.44425106, -2.1346555e-8, 2.4272568), (0.4645463, -2.2233687e-8, 2.352241), (0.45301843, -2.1729788e-8, 2.4049714), (0.4604471, -2.2054506e-8, 2.3770456), (0.5009694, 0.036422987, 2.352241), (0.5009694, 0.056718133, 2.4272568), (0.5009694, 0.04052224, 2.3770456), (0.5009694, 0.04795079, 2.4049714), (0.53739226, -2.5417885e-8, 2.352241), (0.55768746, -2.6305017e-8, 2.4272568), (0.54149145, -2.5597068e-8, 2.3770456), (0.5489201, -2.5921784e-8, 2.4049714), (0.5009694, -0.036423035, 2.352241), (0.5009694, -0.056718204, 2.4272568), (0.5009694, -0.040522322, 2.3770456), (0.5009694, -0.047950864, 2.4049714), (0.47976932, -0.01223979, 1.3767364), (0.4764895, -2.2103425e-8, 1.3767364), (0.4887295, -0.021199923, 1.3767364), (0.5009692, -0.024479555, 1.3767364), (0.51320887, -0.021199925, 1.3767364), (0.522169, -0.012239791, 1.3767364), (0.5254488, -2.4243505e-8, 1.3767364), (0.522169, 0.012239742, 1.3767364), (0.51320887, 0.021199878, 1.3767364), (0.5009692, 0.024479512, 1.3767364), (0.4887295, 0.02119988, 1.3767364), (0.47976932, 0.012239744, 1.3767364), (0.47864845, -2.2197796e-8, -1.1920929e-7), (0.48163888, 0.011160161, -1.1920929e-7), (0.48980853, 0.01933, -1.1920929e-7), (0.50096893, 0.02232036, -1.1920929e-7), (0.51212895, 0.019329999, -1.1920929e-7), (0.52029896, 0.01116016, -1.1920929e-7), (0.5232891, -2.4149099e-8, -1.1920929e-7), (0.52029896, -0.011160208, -1.1920929e-7), (0.51212895, -0.019330047, -1.1920929e-7), (0.50096893, -0.022320408, -1.1920929e-7), (0.48980853, -0.019330045, -1.1920929e-7), (0.48163888, -0.011160207, -1.1920929e-7), (0.27864844, -1.3455518e-8, 0.4267301), (0.26381755, -1.2807239e-8, 2.3157368), (0.28163886, 0.011160171, 0.4267301), (0.26879478, 0.018575918, 2.3157368), (0.2898088, 0.019330008, 0.4267301), (0.28239334, 0.032174442, 2.3157368), (0.3009689, 0.02232037, 0.4267301), (0.30096912, 0.037151843, 2.3157368), (0.31212896, 0.019330008, 0.4267301), (0.3195452, 0.03217444, 2.3157368), (0.32029897, 0.011160169, 0.4267301), (0.33314377, 0.018575914, 2.3157368), (0.32328933, -1.5406833e-8, 0.4267301), (0.338121, -1.6055147e-8, 2.3157368), (0.32029897, -0.0111601995, 0.4267301), (0.33314377, -0.018575946, 2.3157368), (0.31212896, -0.019330038, 0.4267301), (0.3195452, -0.03217447, 2.3157368), (0.3009689, -0.022320399, 0.4267301), (0.30096912, -0.037151877, 2.3157368), (0.2898088, -0.019330038, 0.4267301), (0.28239334, -0.032174468, 2.3157368), (0.28163886, -0.011160198, 0.4267301), (0.26879478, -0.018575942, 2.3157368), (0.26984286, -1.3070614e-8, 1.7764411), (0.27537233, -1.3312314e-8, 0.8919697), (0.27880168, 0.012798341, 0.8919697), (0.27401292, 0.0155632, 1.7764411), (0.28817064, 0.022167386, 0.8919697), (0.285406, 0.026956266, 1.7764411), (0.30096912, 0.025596697, 0.8919697), (0.30096912, 0.031126415, 1.7764411), (0.31376737, 0.022167386, 0.8919697), (0.3165323, 0.026956266, 1.7764411), (0.3231364, 0.012798339, 0.8919697), (0.32792538, 0.015563198, 1.7764411), (0.32656568, -1.5550047e-8, 0.8919697), (0.33209568, -1.579177e-8, 1.7764411), (0.3231364, -0.01279837, 0.8919697), (0.32792538, -0.015563229, 1.7764411), (0.31376737, -0.022167433, 0.8919697), (0.3165323, -0.026956292, 1.7764411), (0.30096912, -0.025596723, 0.8919697), (0.30096912, -0.03112644, 1.7764411), (0.28817064, -0.022167433, 0.8919697), (0.285406, -0.026956292, 1.7764411), (0.27880168, -0.012798368, 0.8919697), (0.27401292, -0.015563227, 1.7764411), (0.25978005, 0.023780659, 2.3233683), (0.25340796, -1.2352221e-8, 2.3233683), (0.27718866, 0.041189328, 2.3233683), (0.30096912, 0.047561325, 2.3233683), (0.3247499, 0.041189324, 2.3233683), (0.3421585, 0.023780655, 2.3233683), (0.3485306, -1.6510164e-8, 2.3233683), (0.3421585, -0.023780687, 2.3233683), (0.3247499, -0.041189358, 2.3233683), (0.30096912, -0.04756136, 2.3233683), (0.27718866, -0.041189354, 2.3233683), (0.25978005, -0.023780683, 2.3233683), (0.25670993, 0.025553083, 2.3684304), (0.24986315, -4.528895e-8, 2.3684304), (0.2754163, 0.044259273, 2.3684304), (0.30096942, 0.051106203, 2.3684304), (0.32652253, 0.04425927, 2.3684304), (0.3452286, 0.02555308, 2.3684304), (0.35207564, -4.97568e-8, 2.3684304), (0.3452286, -0.025553174, 2.3684304), (0.32652253, -0.04425937, 2.3684304), (0.30096942, -0.0511063, 2.3684304), (0.2754163, -0.044259366, 2.3684304), (0.25670993, -0.02555317, 2.3684304), (0.2639205, -1.3230186e-8, 2.3591313), (0.22294033, -1.1438886e-8, 2.4989545), (0.30096912, 0.037048806, 2.3591313), (0.30096942, 0.07802895, 2.4989545), (0.30096912, -0.03704884, 2.3591313), (0.30096942, -0.07802898, 2.4989545), (0.338018, -1.6469091e-8, 2.3591313), (0.37899822, -1.8260394e-8, 2.4989545), (0.30096942, -1.4849646e-8, 2.8683503), (0.30096942, 0.015598848, 2.7547684), (0.30096942, 0.06244383, 2.5341458), (0.30096942, 0.026173504, 2.686941), (0.30096942, 0.038789377, 2.621195), (0.30096942, 0.05152584, 2.567541), (0.36341327, -1.7579154e-8, 2.5341458), (0.3165682, -1.553149e-8, 2.7547684), (0.35249525, -1.7101911e-8, 2.567541), (0.33975857, -1.6545174e-8, 2.621195), (0.32714278, -1.599372e-8, 2.686941), (0.30096942, -0.06244388, 2.5341458), (0.30096942, -0.015598894, 2.7547684), (0.30096942, -0.051525872, 2.567541), (0.30096942, -0.03878942, 2.621195), (0.30096942, -0.026173547, 2.686941), (0.28537053, -1.4167797e-8, 2.7547684), (0.23852557, -1.2120139e-8, 2.5341458), (0.2747957, -1.3705557e-8, 2.686941), (0.2621799, -1.3154103e-8, 2.621195), (0.24944353, -1.2597378e-8, 2.567541), (0.23870152, -1.2127829e-8, 2.4725296), (0.2609825, -1.3101763e-8, 2.390174), (0.24832672, -1.254856e-8, 2.4480636), (0.25648224, -1.29050495e-8, 2.4174056), (0.30096942, 0.039986752, 2.390174), (0.30096942, 0.06226765, 2.4725296), (0.30096942, 0.044487093, 2.4174056), (0.30096942, 0.052642476, 2.4480636), (0.34095603, -1.6597518e-8, 2.390174), (0.36323696, -1.7571448e-8, 2.4725296), (0.3454563, -1.6794228e-8, 2.4174056), (0.35361177, -1.7150715e-8, 2.4480636), (0.30096942, -0.039986786, 2.390174), (0.30096942, -0.062267706, 2.4725296), (0.30096942, -0.04448716, 2.4174056), (0.30096942, -0.05264254, 2.4480636), (0.2797693, -0.01223978, 1.3767364), (0.2764895, -1.3361147e-8, 1.3767364), (0.2887295, -0.021199916, 1.3767364), (0.30096912, -0.024479546, 1.3767364), (0.31320888, -0.021199916, 1.3767364), (0.322169, -0.012239782, 1.3767364), (0.3254488, -1.5501227e-8, 1.3767364), (0.322169, 0.012239751, 1.3767364), (0.31320888, 0.021199888, 1.3767364), (0.30096912, 0.024479521, 1.3767364), (0.2887295, 0.021199888, 1.3767364), (0.2797693, 0.012239753, 1.3767364), (0.27864844, -1.3455518e-8, -1.1920929e-7), (0.28163886, 0.011160171, -1.1920929e-7), (0.2898085, 0.019330008, -1.1920929e-7), (0.3009689, 0.02232037, -1.1920929e-7), (0.31212896, 0.019330008, -1.1920929e-7), (0.32029897, 0.011160169, -1.1920929e-7), (0.3232891, -1.5406822e-8, -1.1920929e-7), (0.32029897, -0.0111601995, -1.1920929e-7), (0.31212896, -0.019330038, -1.1920929e-7), (0.3009689, -0.022320399, -1.1920929e-7), (0.2898085, -0.019330038, -1.1920929e-7), (0.28163886, -0.011160198, -1.1920929e-7), (0.07864845, -4.7132405e-9, 0.4267301), (0.06381756, -4.0649617e-9, 2.272058), (0.08163887, 0.011160179, 0.4267301), (0.06879479, 0.018575925, 2.272058), (0.08980882, 0.019330017, 0.4267301), (0.08239335, 0.03217445, 2.272058), (0.1009689, 0.022320379, 0.4267301), (0.100969136, 0.037151854, 2.272058), (0.11212897, 0.019330015, 0.4267301), (0.11954522, 0.03217445, 2.272058), (0.12029898, 0.011160177, 0.4267301), (0.13314378, 0.018575924, 2.272058), (0.12328935, -6.664556e-9, 0.4267301), (0.13812101, -7.3128685e-9, 2.272058), (0.12029898, -0.011160191, 0.4267301), (0.13314378, -0.018575937, 2.272058), (0.11212897, -0.01933003, 0.4267301), (0.11954522, -0.03217446, 2.272058), (0.1009689, -0.02232039, 0.4267301), (0.100969136, -0.037151866, 2.272058), (0.08980882, -0.019330028, 0.4267301), (0.08239335, -0.03217446, 2.272058), (0.08163887, -0.011160189, 0.4267301), (0.06879479, -0.018575935, 2.272058), (0.069842875, -4.3283364e-9, 1.7764411), (0.07537234, -4.570037e-9, 0.8919697), (0.07880169, 0.012798349, 0.8919697), (0.074012935, 0.01556321, 1.7764411), (0.08817065, 0.022167396, 0.8919697), (0.085406005, 0.026956275, 1.7764411), (0.100969136, 0.025596706, 0.8919697), (0.100969136, 0.031126425, 1.7764411), (0.113767385, 0.022167394, 0.8919697), (0.116532326, 0.026956273, 1.7764411), (0.1231364, 0.0127983475, 0.8919697), (0.1279254, 0.015563207, 1.7764411), (0.1265657, -6.8077695e-9, 0.8919697), (0.1320957, -7.0494934e-9, 1.7764411), (0.1231364, -0.0127983615, 0.8919697), (0.1279254, -0.015563221, 1.7764411), (0.113767385, -0.022167426, 0.8919697), (0.116532326, -0.026956284, 1.7764411), (0.100969136, -0.025596714, 0.8919697), (0.100969136, -0.03112643, 1.7764411), (0.08817065, -0.022167424, 0.8919697), (0.085406005, -0.026956283, 1.7764411), (0.07880169, -0.01279836, 0.8919697), (0.074012935, -0.015563218, 1.7764411), (0.05978006, 0.023780668, 2.2796896), (0.053407967, -3.6099437e-9, 2.2796896), (0.07718867, 0.041189335, 2.2796896), (0.100969136, 0.047561336, 2.2796896), (0.1247499, 0.041189335, 2.2796896), (0.14215851, 0.023780664, 2.2796896), (0.1485306, -7.767886e-9, 2.2796896), (0.14215851, -0.023780677, 2.2796896), (0.1247499, -0.041189346, 2.2796896), (0.100969136, -0.047561347, 2.2796896), (0.07718867, -0.041189346, 2.2796896), (0.05978006, -0.023780674, 2.2796896), (0.056709945, 0.025553092, 2.3247516), (0.04986316, -3.654667e-8, 2.3247516), (0.07541633, 0.04425928, 2.3247516), (0.100969434, 0.051106215, 2.3247516), (0.12652254, 0.04425928, 2.3247516), (0.14522862, 0.025553089, 2.3247516), (0.15207565, -4.101452e-8, 2.3247516), (0.14522862, -0.025553165, 2.3247516), (0.12652254, -0.04425936, 2.3247516), (0.100969434, -0.05110629, 2.3247516), (0.07541633, -0.04425936, 2.3247516), (0.056709945, -0.025553161, 2.3247516), (0.0639205, -4.4879087e-9, 2.3154526), (0.022940338, -2.6966087e-9, 2.4552758), (0.100969136, 0.037048817, 2.3154526), (0.100969434, 0.078028955, 2.4552758), (0.100969136, -0.037048828, 2.3154526), (0.100969434, -0.07802897, 2.4552758), (0.13801801, -7.726814e-9, 2.3154526), (0.17899823, -9.518116e-9, 2.4552758), (0.100969434, -6.107369e-9, 2.8246715), (0.100969434, 0.015598857, 2.7110896), (0.100969434, 0.06244384, 2.490467), (0.100969434, 0.026173513, 2.6432621), (0.100969434, 0.038789388, 2.5775163), (0.100969434, 0.05152585, 2.5238621), (0.16341329, -8.836876e-9, 2.490467), (0.11656821, -6.789213e-9, 2.7110896), (0.15249527, -8.359635e-9, 2.5238621), (0.13975859, -7.802896e-9, 2.5775163), (0.12714279, -7.2514426e-9, 2.6432621), (0.100969434, -0.062443867, 2.490467), (0.100969434, -0.015598886, 2.7110896), (0.100969434, -0.05152586, 2.5238621), (0.100969434, -0.03878941, 2.5775163), (0.100969434, -0.026173538, 2.6432621), (0.08537054, -5.4255196e-9, 2.7110896), (0.03852558, -3.3778615e-9, 2.490467), (0.07479572, -4.9632796e-9, 2.6432621), (0.062179923, -4.4118256e-9, 2.5775163), (0.049443543, -3.8551007e-9, 2.5238621), (0.038701534, -3.3855527e-9, 2.428851), (0.060982525, -4.3594857e-9, 2.3464952), (0.04832673, -3.8062833e-9, 2.4043849), (0.056482255, -4.1627723e-9, 2.3737268), (0.100969434, 0.039986763, 2.3464952), (0.100969434, 0.06226766, 2.428851), (0.100969434, 0.044487104, 2.3737268), (0.100969434, 0.052642487, 2.4043849), (0.14095604, -7.855239e-9, 2.3464952), (0.16323698, -8.82917e-9, 2.428851), (0.14545631, -8.051952e-9, 2.3737268), (0.15361178, -8.408438e-9, 2.4043849), (0.100969434, -0.039986774, 2.3464952), (0.100969434, -0.062267695, 2.428851), (0.100969434, -0.04448715, 2.3737268), (0.100969434, -0.052642528, 2.4043849), (0.07976931, -0.012239772, 1.3767364), (0.07648951, -4.6188697e-9, 1.3767364), (0.0887295, -0.021199906, 1.3767364), (0.100969136, -0.024479536, 1.3767364), (0.11320889, -0.021199908, 1.3767364), (0.12216902, -0.012239774, 1.3767364), (0.12544882, -6.7589494e-9, 1.3767364), (0.12216902, 0.01223976, 1.3767364), (0.11320889, 0.021199895, 1.3767364), (0.100969136, 0.02447953, 1.3767364), (0.0887295, 0.021199897, 1.3767364), (0.07976931, 0.012239762, 1.3767364), (0.07864845, -4.7132405e-9, -1.1920929e-7), (0.08163887, 0.011160179, -1.1920929e-7), (0.08980852, 0.019330017, -1.1920929e-7), (0.1009689, 0.022320379, -1.1920929e-7), (0.11212897, 0.019330015, -1.1920929e-7), (0.12029898, 0.011160177, -1.1920929e-7), (0.12328911, -6.6645454e-9, -1.1920929e-7), (0.12029898, -0.011160191, -1.1920929e-7), (0.11212897, -0.01933003, -1.1920929e-7), (0.1009689, -0.02232039, -1.1920929e-7), (0.08980852, -0.019330028, -1.1920929e-7), (0.08163887, -0.011160189, -1.1920929e-7), (-0.12135154, 4.029037e-9, 0.4267301), (-0.13618243, 4.6773154e-9, 2.19814), (-0.118361115, 0.011160188, 0.4267301), (-0.1312052, 0.018575935, 2.19814), (-0.11019117, 0.019330027, 0.4267301), (-0.11760664, 0.032174457, 2.19814), (-0.09903109, 0.022320386, 0.4267301), (-0.09903085, 0.037151862, 2.19814), (-0.087871015, 0.019330025, 0.4267301), (-0.08045477, 0.032174457, 2.19814), (-0.07970101, 0.0111601865, 0.4267301), (-0.066856205, 0.018575933, 2.19814), (-0.07671064, 2.0777213e-9, 0.4267301), (-0.06187898, 1.4294088e-9, 2.19814), (-0.07970101, -0.011160182, 0.4267301), (-0.066856205, -0.018575927, 2.19814), (-0.087871015, -0.019330021, 0.4267301), (-0.08045477, -0.032174453, 2.19814), (-0.09903109, -0.022320382, 0.4267301), (-0.09903085, -0.03715186, 2.19814), (-0.11019117, -0.01933002, 0.4267301), (-0.11760664, -0.032174453, 2.19814), (-0.118361115, -0.01116018, 0.4267301), (-0.1312052, -0.018575925, 2.19814), (-0.13015711, 4.4139408e-9, 1.7764411), (-0.12462765, 4.1722403e-9, 0.8919697), (-0.1211983, 0.012798359, 0.8919697), (-0.12598705, 0.015563218, 1.7764411), (-0.11182934, 0.022167405, 0.8919697), (-0.11459398, 0.026956284, 1.7764411), (-0.09903085, 0.025596714, 0.8919697), (-0.09903085, 0.031126432, 1.7764411), (-0.0862326, 0.022167403, 0.8919697), (-0.08346766, 0.026956283, 1.7764411), (-0.07686359, 0.012798357, 0.8919697), (-0.07207459, 0.015563215, 1.7764411), (-0.07343429, 1.9345077e-9, 0.8919697), (-0.06790429, 1.6927837e-9, 1.7764411), (-0.07686359, -0.012798352, 0.8919697), (-0.07207459, -0.015563212, 1.7764411), (-0.0862326, -0.022167416, 0.8919697), (-0.08346766, -0.026956275, 1.7764411), (-0.09903085, -0.025596706, 0.8919697), (-0.09903085, -0.031126423, 1.7764411), (-0.11182934, -0.022167414, 0.8919697), (-0.11459398, -0.026956273, 1.7764411), (-0.1211983, -0.01279835, 0.8919697), (-0.12598705, -0.01556321, 1.7764411), (-0.14021993, 0.023780676, 2.2057714), (-0.14659202, 5.1323332e-9, 2.2057714), (-0.12281132, 0.041189343, 2.2057714), (-0.09903085, 0.047561344, 2.2057714), (-0.07525009, 0.041189343, 2.2057714), (-0.05784148, 0.023780672, 2.2057714), (-0.051469386, 9.74391e-10, 2.2057714), (-0.05784148, -0.02378067, 2.2057714), (-0.07525009, -0.04118934, 2.2057714), (-0.09903085, -0.04756134, 2.2057714), (-0.12281132, -0.04118934, 2.2057714), (-0.14021993, -0.023780666, 2.2057714), (-0.14329004, 0.0255531, 2.2508335), (-0.15013683, -2.7804393e-8, 2.2508335), (-0.12458366, 0.044259287, 2.2508335), (-0.099030554, 0.051106222, 2.2508335), (-0.07347745, 0.044259287, 2.2508335), (-0.054771364, 0.025553096, 2.2508335), (-0.04792434, -3.2272244e-8, 2.2508335), (-0.054771364, -0.025553158, 2.2508335), (-0.07347745, -0.04425935, 2.2508335), (-0.099030554, -0.05110628, 2.2508335), (-0.12458366, -0.04425935, 2.2508335), (-0.14329004, -0.025553154, 2.2508335), (-0.13277757, 3.8761687e-9, 2.250047), (-0.17010543, 5.507821e-9, 2.3774087), (-0.09903083, 0.033746906, 2.250047), (-0.09903056, 0.07107476, 2.3774087), (-0.09903083, -0.033746902, 2.250047), (-0.09903056, -0.07107475, 2.3774087), (-0.06528388, 9.259258e-10, 2.250047), (-0.027955957, -7.057296e-10, 2.3774087), (-0.09903056, 2.4010398e-9, 2.7138827), (-0.09903056, 0.014208642, 2.6104236), (-0.09903056, 0.056878638, 2.4094636), (-0.09903056, 0.023840846, 2.548641), (-0.09903056, 0.035332352, 2.4887547), (-0.09903056, 0.046933696, 2.4398823), (-0.04215192, -8.52044e-11, 2.4094636), (-0.08482201, 1.7799644e-9, 2.6104236), (-0.05209689, 3.4950398e-10, 2.4398823), (-0.063698426, 8.566232e-10, 2.4887547), (-0.075189866, 1.3589301e-9, 2.548641), (-0.09903056, -0.05687865, 2.4094636), (-0.09903056, -0.014208651, 2.6104236), (-0.09903056, -0.046933692, 2.4398823), (-0.09903056, -0.03533236, 2.4887547), (-0.09903056, -0.023840856, 2.548641), (-0.11323923, 3.0221208e-9, 2.6104236), (-0.15590921, 4.887285e-9, 2.4094636), (-0.12287158, 3.443164e-9, 2.548641), (-0.13436303, 3.945471e-9, 2.4887547), (-0.1459643, 4.4525788e-9, 2.4398823), (-0.15574893, 4.880279e-9, 2.353339), (-0.1354537, 3.993146e-9, 2.278323), (-0.14698157, 4.497045e-9, 2.3310533), (-0.13955289, 4.1723274e-9, 2.3031278), (-0.09903056, 0.036423013, 2.278323), (-0.09903056, 0.05671816, 2.353339), (-0.09903056, 0.040522266, 2.3031278), (-0.09903056, 0.047950815, 2.3310533), (-0.06260769, 8.089458e-10, 2.278323), (-0.042312518, -7.818446e-11, 2.353339), (-0.058508504, 6.297647e-10, 2.3031278), (-0.051079884, 3.0504932e-10, 2.3310533), (-0.09903056, -0.03642301, 2.278323), (-0.09903056, -0.056718178, 2.353339), (-0.09903056, -0.040522296, 2.3031278), (-0.09903056, -0.047950838, 2.3310533), (-0.120230675, -0.012239763, 1.3767364), (-0.12351048, 4.1234074e-9, 1.3767364), (-0.11127049, -0.021199897, 1.3767364), (-0.09903085, -0.024479529, 1.3767364), (-0.0867911, -0.021199899, 1.3767364), (-0.07783097, -0.012239764, 1.3767364), (-0.074551165, 1.9833275e-9, 1.3767364), (-0.07783097, 0.012239769, 1.3767364), (-0.0867911, 0.021199904, 1.3767364), (-0.09903085, 0.024479538, 1.3767364), (-0.11127049, 0.021199906, 1.3767364), (-0.120230675, 0.012239771, 1.3767364), (-0.12135154, 4.029037e-9, -1.1920929e-7), (-0.118361115, 0.011160188, -1.1920929e-7), (-0.110191464, 0.019330027, -1.1920929e-7), (-0.09903109, 0.022320386, -1.1920929e-7), (-0.087871015, 0.019330025, -1.1920929e-7), (-0.07970101, 0.0111601865, -1.1920929e-7), (-0.07671088, 2.0777318e-9, -1.1920929e-7), (-0.07970101, -0.011160182, -1.1920929e-7), (-0.087871015, -0.019330021, -1.1920929e-7), (-0.09903109, -0.022320382, -1.1920929e-7), (-0.110191464, -0.01933002, -1.1920929e-7), (-0.118361115, -0.01116018, -1.1920929e-7), (-0.3213516, 1.27713164e-8, 0.4267301), (-0.33618248, 1.3419595e-8, 2.268698), (-0.31836116, 0.011160197, 0.4267301), (-0.33120525, 0.018575944, 2.268698), (-0.3101912, 0.019330034, 0.4267301), (-0.3176067, 0.032174468, 2.268698), (-0.29903114, 0.022320395, 0.4267301), (-0.2990309, 0.037151873, 2.268698), (-0.28787106, 0.019330034, 0.4267301), (-0.2804548, 0.032174464, 2.268698), (-0.27970105, 0.011160195, 0.4267301), (-0.26685625, 0.01857594, 2.268698), (-0.2767107, 1.0820001e-8, 0.4267301), (-0.26187903, 1.0171688e-8, 2.268698), (-0.27970105, -0.011160173, 0.4267301), (-0.26685625, -0.01857592, 2.268698), (-0.28787106, -0.019330012, 0.4267301), (-0.2804548, -0.032174446, 2.268698), (-0.29903114, -0.022320373, 0.4267301), (-0.2990309, -0.037151847, 2.268698), (-0.3101912, -0.019330012, 0.4267301), (-0.3176067, -0.032174442, 2.268698), (-0.31836116, -0.011160172, 0.4267301), (-0.33120525, -0.018575916, 2.268698), (-0.33015716, 1.315622e-8, 1.7764411), (-0.3246277, 1.291452e-8, 0.8919697), (-0.32119834, 0.012798367, 0.8919697), (-0.3259871, 0.015563226, 1.7764411), (-0.3118294, 0.022167413, 0.8919697), (-0.31459403, 0.026956292, 1.7764411), (-0.2990309, 0.025596723, 0.8919697), (-0.2990309, 0.031126441, 1.7764411), (-0.28623265, 0.022167413, 0.8919697), (-0.2834677, 0.026956292, 1.7764411), (-0.27686363, 0.012798365, 0.8919697), (-0.27207464, 0.015563224, 1.7764411), (-0.27343434, 1.06767875e-8, 0.8919697), (-0.26790434, 1.04350635e-8, 1.7764411), (-0.27686363, -0.012798344, 0.8919697), (-0.27207464, -0.015563203, 1.7764411), (-0.28623265, -0.022167407, 0.8919697), (-0.2834677, -0.026956266, 1.7764411), (-0.2990309, -0.025596697, 0.8919697), (-0.2990309, -0.031126413, 1.7764411), (-0.3118294, -0.022167407, 0.8919697), (-0.31459403, -0.026956266, 1.7764411), (-0.32119834, -0.012798342, 0.8919697), (-0.3259871, -0.015563201, 1.7764411), (-0.34021997, 0.023780685, 2.2763295), (-0.34659207, 1.3874613e-8, 2.2763295), (-0.32281137, 0.041189354, 2.2763295), (-0.2990309, 0.047561355, 2.2763295), (-0.27525014, 0.04118935, 2.2763295), (-0.25784153, 0.023780681, 2.2763295), (-0.25146943, 9.716671e-9, 2.2763295), (-0.25784153, -0.02378066, 2.2763295), (-0.27525014, -0.04118933, 2.2763295), (-0.2990309, -0.04756133, 2.2763295), (-0.32281137, -0.041189328, 2.2763295), (-0.34021997, -0.023780657, 2.2763295), (-0.3432901, 0.02555311, 2.3213916), (-0.35013688, -1.9062114e-8, 2.3213916), (-0.3245837, 0.0442593, 2.3213916), (-0.2990306, 0.051106233, 2.3213916), (-0.2734775, 0.044259295, 2.3213916), (-0.2547714, 0.025553105, 2.3213916), (-0.24792439, -2.3529964e-8, 2.3213916), (-0.2547714, -0.025553148, 2.3213916), (-0.2734775, -0.044259343, 2.3213916), (-0.2990306, -0.05110627, 2.3213916), (-0.3245837, -0.04425934, 2.3213916), (-0.3432901, -0.025553145, 2.3213916), (-0.33607954, 1.2996648e-8, 2.3120925), (-0.3770597, 1.4787948e-8, 2.4519157), (-0.2990309, 0.037048835, 2.3120925), (-0.2990306, 0.07802898, 2.4519157), (-0.2990309, -0.03704881, 2.3120925), (-0.2990306, -0.07802895, 2.4519157), (-0.26198202, 9.757743e-9, 2.3120925), (-0.2210018, 7.966441e-9, 2.4519157), (-0.2990306, 1.1377188e-8, 2.8213115), (-0.2990306, 0.015598875, 2.7077296), (-0.2990306, 0.06244386, 2.487107), (-0.2990306, 0.02617353, 2.639902), (-0.2990306, 0.038789406, 2.5741563), (-0.2990306, 0.05152587, 2.520502), (-0.23658675, 8.647681e-9, 2.487107), (-0.28343183, 1.0695344e-8, 2.7077296), (-0.24750477, 9.124922e-9, 2.520502), (-0.26024145, 9.68166e-9, 2.5741563), (-0.27285725, 1.0233114e-8, 2.639902), (-0.2990306, -0.06244385, 2.487107), (-0.2990306, -0.015598868, 2.7077296), (-0.2990306, -0.051525842, 2.520502), (-0.2990306, -0.03878939, 2.5741563), (-0.2990306, -0.02617352, 2.639902), (-0.3146295, 1.2059037e-8, 2.7077296), (-0.36147445, 1.4106695e-8, 2.487107), (-0.3252043, 1.2521277e-8, 2.639902), (-0.3378201, 1.3072731e-8, 2.5741563), (-0.3505565, 1.3629456e-8, 2.520502), (-0.3612985, 1.4099004e-8, 2.4254909), (-0.3390175, 1.3125071e-8, 2.343135), (-0.3516733, 1.3678274e-8, 2.4010248), (-0.34351778, 1.3321784e-8, 2.3703668), (-0.2990306, 0.03998678, 2.343135), (-0.2990306, 0.06226768, 2.4254909), (-0.2990306, 0.044487122, 2.3703668), (-0.2990306, 0.052642506, 2.4010248), (-0.259044, 9.629318e-9, 2.343135), (-0.23676306, 8.6553875e-9, 2.4254909), (-0.25454372, 9.432605e-9, 2.3703668), (-0.24638826, 9.076118e-9, 2.4010248), (-0.2990306, -0.039986756, 2.343135), (-0.2990306, -0.062267676, 2.4254909), (-0.2990306, -0.04448713, 2.3703668), (-0.2990306, -0.05264251, 2.4010248), (-0.32023072, -0.012239754, 1.3767364), (-0.32351053, 1.2865687e-8, 1.3767364), (-0.31127053, -0.02119989, 1.3767364), (-0.2990309, -0.02447952, 1.3767364), (-0.28679115, -0.02119989, 1.3767364), (-0.27783102, -0.012239756, 1.3767364), (-0.2745512, 1.0725607e-8, 1.3767364), (-0.27783102, 0.0122397775, 1.3767364), (-0.28679115, 0.021199914, 1.3767364), (-0.2990309, 0.024479548, 1.3767364), (-0.31127053, 0.021199914, 1.3767364), (-0.32023072, 0.012239779, 1.3767364), (-0.3213516, 1.27713164e-8, -1.1920929e-7), (-0.31836116, 0.011160197, -1.1920929e-7), (-0.3101915, 0.019330034, -1.1920929e-7), (-0.29903114, 0.022320395, -1.1920929e-7), (-0.28787106, 0.019330034, -1.1920929e-7), (-0.27970105, 0.011160195, -1.1920929e-7), (-0.27671093, 1.08200116e-8, -1.1920929e-7), (-0.27970105, -0.011160173, -1.1920929e-7), (-0.28787106, -0.019330012, -1.1920929e-7), (-0.29903114, -0.022320373, -1.1920929e-7), (-0.3101915, -0.019330012, -1.1920929e-7), (-0.31836116, -0.011160172, -1.1920929e-7), (-0.52135164, 2.1513596e-8, 0.4267301), (-0.5361825, 2.2161874e-8, 2.272058), (-0.5183612, 0.011160205, 0.4267301), (-0.5312053, 0.018575951, 2.272058), (-0.51019126, 0.019330043, 0.4267301), (-0.51760674, 0.032174475, 2.272058), (-0.4990312, 0.022320405, 0.4267301), (-0.49903095, 0.03715188, 2.272058), (-0.4878711, 0.019330041, 0.4267301), (-0.48045486, 0.032174475, 2.272058), (-0.4797011, 0.011160204, 0.4267301), (-0.4668563, 0.01857595, 2.272058), (-0.47671074, 1.9562282e-8, 0.4267301), (-0.46187907, 1.8913969e-8, 2.272058), (-0.4797011, -0.011160164, 0.4267301), (-0.4668563, -0.01857591, 2.272058), (-0.4878711, -0.019330004, 0.4267301), (-0.48045486, -0.032174435, 2.272058), (-0.4990312, -0.022320364, 0.4267301), (-0.49903095, -0.03715184, 2.272058), (-0.51019126, -0.019330002, 0.4267301), (-0.51760674, -0.032174435, 2.272058), (-0.5183612, -0.011160163, 0.4267301), (-0.5312053, -0.018575909, 2.272058), (-0.5301572, 2.18985e-8, 1.7764411), (-0.52462775, 2.1656799e-8, 0.8919697), (-0.5211984, 0.012798375, 0.8919697), (-0.52598715, 0.015563236, 1.7764411), (-0.51182944, 0.022167422, 0.8919697), (-0.5145941, 0.026956301, 1.7764411), (-0.49903095, 0.025596732, 0.8919697), (-0.49903095, 0.03112645, 1.7764411), (-0.4862327, 0.02216742, 0.8919697), (-0.48346776, 0.0269563, 1.7764411), (-0.47686368, 0.012798374, 0.8919697), (-0.4720747, 0.015563233, 1.7764411), (-0.4734344, 1.9419065e-8, 0.8919697), (-0.4679044, 1.9177342e-8, 1.7764411), (-0.47686368, -0.012798335, 0.8919697), (-0.4720747, -0.015563195, 1.7764411), (-0.4862327, -0.0221674, 0.8919697), (-0.48346776, -0.026956258, 1.7764411), (-0.49903095, -0.025596688, 0.8919697), (-0.49903095, -0.031126404, 1.7764411), (-0.51182944, -0.022167398, 0.8919697), (-0.5145941, -0.026956256, 1.7764411), (-0.5211984, -0.012798334, 0.8919697), (-0.52598715, -0.015563192, 1.7764411), (-0.54022, 0.023780694, 2.2796896), (-0.5465921, 2.2616891e-8, 2.2796896), (-0.5228114, 0.04118936, 2.2796896), (-0.49903095, 0.047561362, 2.2796896), (-0.47525018, 0.04118936, 2.2796896), (-0.45784158, 0.02378069, 2.2796896), (-0.45146948, 1.8458952e-8, 2.2796896), (-0.45784158, -0.023780651, 2.2796896), (-0.47525018, -0.04118932, 2.2796896), (-0.49903095, -0.04756132, 2.2796896), (-0.5228114, -0.04118932, 2.2796896), (-0.54022, -0.023780648, 2.2796896), (-0.54329014, 0.025553118, 2.3247516), (-0.5501369, -1.0319834e-8, 2.3247516), (-0.52458376, 0.044259306, 2.3247516), (-0.49903065, 0.05110624, 2.3247516), (-0.47347754, 0.044259306, 2.3247516), (-0.45477146, 0.025553115, 2.3247516), (-0.44792444, -1.4787684e-8, 2.3247516), (-0.45477146, -0.025553139, 2.3247516), (-0.47347754, -0.044259332, 2.3247516), (-0.49903065, -0.051106263, 2.3247516), (-0.52458376, -0.044259332, 2.3247516), (-0.54329014, -0.025553135, 2.3247516), (-0.5360796, 2.1738927e-8, 2.3154526), (-0.57705975, 2.3530227e-8, 2.4552758), (-0.49903095, 0.037048843, 2.3154526), (-0.49903065, 0.078028984, 2.4552758), (-0.49903095, -0.0370488, 2.3154526), (-0.49903065, -0.07802894, 2.4552758), (-0.46198207, 1.8500025e-8, 2.3154526), (-0.42100185, 1.6708722e-8, 2.4552758), (-0.49903065, 2.0119469e-8, 2.8246715), (-0.49903065, 0.015598883, 2.7110896), (-0.49903065, 0.062443867, 2.490467), (-0.49903065, 0.02617354, 2.6432621), (-0.49903065, 0.038789414, 2.5775163), (-0.49903065, 0.051525876, 2.5238621), (-0.4365868, 1.7389961e-8, 2.490467), (-0.48343188, 1.9437625e-8, 2.7110896), (-0.44750482, 1.7867201e-8, 2.5238621), (-0.4602415, 1.842394e-8, 2.5775163), (-0.4728573, 1.8975395e-8, 2.6432621), (-0.49903065, -0.06244384, 2.490467), (-0.49903065, -0.01559886, 2.7110896), (-0.49903065, -0.051525835, 2.5238621), (-0.49903065, -0.038789384, 2.5775163), (-0.49903065, -0.026173512, 2.6432621), (-0.51462954, 2.0801316e-8, 2.7110896), (-0.5614745, 2.2848976e-8, 2.490467), (-0.52520436, 2.1263556e-8, 2.6432621), (-0.53782016, 2.1815012e-8, 2.5775163), (-0.55055654, 2.2371736e-8, 2.5238621), (-0.56129855, 2.2841284e-8, 2.428851), (-0.53901756, 2.186735e-8, 2.3464952), (-0.55167335, 2.2420554e-8, 2.4043849), (-0.5435178, 2.2064064e-8, 2.3737268), (-0.49903065, 0.03998679, 2.3464952), (-0.49903065, 0.062267687, 2.428851), (-0.49903065, 0.04448713, 2.3737268), (-0.49903065, 0.052642513, 2.4043849), (-0.45904404, 1.8371598e-8, 2.3464952), (-0.4367631, 1.7397667e-8, 2.428851), (-0.45454377, 1.8174884e-8, 2.3737268), (-0.4463883, 1.7818397e-8, 2.4043849), (-0.49903065, -0.03998675, 2.3464952), (-0.49903065, -0.06226767, 2.428851), (-0.49903065, -0.044487122, 2.3737268), (-0.49903065, -0.052642502, 2.4043849), (-0.52023077, -0.012239746, 1.3767364), (-0.5235106, 2.1607967e-8, 1.3767364), (-0.5112706, -0.02119988, 1.3767364), (-0.49903095, -0.02447951, 1.3767364), (-0.4867912, -0.021199882, 1.3767364), (-0.47783107, -0.012239748, 1.3767364), (-0.47455126, 1.9467887e-8, 1.3767364), (-0.47783107, 0.012239786, 1.3767364), (-0.4867912, 0.021199921, 1.3767364), (-0.49903095, 0.024479557, 1.3767364), (-0.5112706, 0.021199923, 1.3767364), (-0.52023077, 0.012239788, 1.3767364), (-0.52135164, 2.1513596e-8, -1.1920929e-7), (-0.5183612, 0.011160205, -1.1920929e-7), (-0.51019156, 0.019330043, -1.1920929e-7), (-0.4990312, 0.022320405, -1.1920929e-7), (-0.4878711, 0.019330041, -1.1920929e-7), (-0.4797011, 0.011160204, -1.1920929e-7), (-0.47671098, 1.956229e-8, -1.1920929e-7), (-0.4797011, -0.011160164, -1.1920929e-7), (-0.4878711, -0.019330004, -1.1920929e-7), (-0.4990312, -0.022320364, -1.1920929e-7), (-0.51019156, -0.019330002, -1.1920929e-7), (-0.5183612, -0.011160163, -1.1920929e-7), (-0.7213517, 3.0255876e-8, 0.4267301), (-0.7361826, 3.0904157e-8, 2.19814), (-0.71836126, 0.011160214, 0.4267301), (-0.73120534, 0.01857596, 2.19814), (-0.7101913, 0.019330053, 0.4267301), (-0.7176068, 0.032174483, 2.19814), (-0.69903123, 0.022320412, 0.4267301), (-0.699031, 0.037151888, 2.19814), (-0.68787116, 0.01933005, 0.4267301), (-0.6804549, 0.032174483, 2.19814), (-0.67970115, 0.011160213, 0.4267301), (-0.66685635, 0.018575959, 2.19814), (-0.6767108, 2.8304562e-8, 0.4267301), (-0.6618791, 2.7656249e-8, 2.19814), (-0.67970115, -0.011160156, 0.4267301), (-0.66685635, -0.018575901, 2.19814), (-0.68787116, -0.019329995, 0.4267301), (-0.6804549, -0.032174427, 2.19814), (-0.69903123, -0.022320356, 0.4267301), (-0.699031, -0.037151832, 2.19814), (-0.7101913, -0.019329993, 0.4267301), (-0.7176068, -0.032174427, 2.19814), (-0.71836126, -0.011160154, 0.4267301), (-0.73120534, -0.0185759, 2.19814), (-0.73015726, 3.064078e-8, 1.7764411), (-0.7246278, 3.039908e-8, 0.8919697), (-0.72119844, 0.012798385, 0.8919697), (-0.7259872, 0.015563244, 1.7764411), (-0.7118295, 0.022167431, 0.8919697), (-0.7145941, 0.02695631, 1.7764411), (-0.699031, 0.02559674, 0.8919697), (-0.699031, 0.031126458, 1.7764411), (-0.68623275, 0.02216743, 0.8919697), (-0.6834678, 0.026956309, 1.7764411), (-0.67686373, 0.012798383, 0.8919697), (-0.67207474, 0.015563242, 1.7764411), (-0.67343444, 2.8161345e-8, 0.8919697), (-0.66790444, 2.7919622e-8, 1.7764411), (-0.67686373, -0.012798326, 0.8919697), (-0.67207474, -0.015563185, 1.7764411), (-0.68623275, -0.02216739, 0.8919697), (-0.6834678, -0.026956249, 1.7764411), (-0.699031, -0.02559668, 0.8919697), (-0.699031, -0.031126397, 1.7764411), (-0.7118295, -0.022167388, 0.8919697), (-0.7145941, -0.026956247, 1.7764411), (-0.72119844, -0.012798324, 0.8919697), (-0.7259872, -0.015563183, 1.7764411), (-0.74022007, 0.023780702, 2.2057714), (-0.74659216, 3.1359175e-8, 2.2057714), (-0.72281146, 0.04118937, 2.2057714), (-0.699031, 0.04756137, 2.2057714), (-0.67525023, 0.04118937, 2.2057714), (-0.6578416, 0.023780698, 2.2057714), (-0.6514695, 2.7201231e-8, 2.2057714), (-0.6578416, -0.023780644, 2.2057714), (-0.67525023, -0.041189313, 2.2057714), (-0.699031, -0.047561314, 2.2057714), (-0.72281146, -0.041189313, 2.2057714), (-0.74022007, -0.02378064, 2.2057714), (-0.7432902, 0.025553126, 2.2508335), (-0.750137, -1.5775541e-9, 2.2508335), (-0.7245838, 0.044259317, 2.2508335), (-0.6990307, 0.051106248, 2.2508335), (-0.6734776, 0.044259313, 2.2508335), (-0.6547715, 0.025553122, 2.2508335), (-0.6479245, -6.045404e-9, 2.2508335), (-0.6547715, -0.025553131, 2.2508335), (-0.6734776, -0.044259325, 2.2508335), (-0.6990307, -0.051106256, 2.2508335), (-0.7245838, -0.04425932, 2.2508335), (-0.7432902, -0.025553128, 2.2508335), (-0.7327777, 3.0103006e-8, 2.250047), (-0.7701056, 3.173466e-8, 2.3774087), (-0.699031, 0.03374693, 2.250047), (-0.6990307, 0.071074784, 2.3774087), (-0.699031, -0.033746876, 2.250047), (-0.6990307, -0.071074724, 2.3774087), (-0.66528404, 2.7152765e-8, 2.250047), (-0.6279561, 2.5521109e-8, 2.3774087), (-0.6990307, 2.8627877e-8, 2.7138827), (-0.6990307, 0.014208668, 2.6104236), (-0.6990307, 0.056878664, 2.4094636), (-0.6990307, 0.023840873, 2.548641), (-0.6990307, 0.035332378, 2.4887547), (-0.6990307, 0.04693372, 2.4398823), (-0.6421521, 2.6141635e-8, 2.4094636), (-0.68482214, 2.8006802e-8, 2.6104236), (-0.65209705, 2.6576343e-8, 2.4398823), (-0.6636986, 2.7083464e-8, 2.4887547), (-0.67519003, 2.758577e-8, 2.548641), (-0.6990307, -0.056878623, 2.4094636), (-0.6990307, -0.014208625, 2.6104236), (-0.6990307, -0.046933666, 2.4398823), (-0.6990307, -0.035332333, 2.4887547), (-0.6990307, -0.02384083, 2.548641), (-0.7132394, 2.9248959e-8, 2.6104236), (-0.7559094, 3.1114126e-8, 2.4094636), (-0.7228717, 2.9670002e-8, 2.548641), (-0.7343632, 3.0172313e-8, 2.4887547), (-0.74596447, 3.067942e-8, 2.4398823), (-0.7557491, 3.110712e-8, 2.353339), (-0.73545384, 3.0219987e-8, 2.278323), (-0.74698174, 3.0723886e-8, 2.3310533), (-0.73955303, 3.0399168e-8, 2.3031278), (-0.6990307, 0.03642304, 2.278323), (-0.6990307, 0.056718186, 2.353339), (-0.6990307, 0.040522292, 2.3031278), (-0.6990307, 0.04795084, 2.3310533), (-0.66260785, 2.7035785e-8, 2.278323), (-0.64231265, 2.6148653e-8, 2.353339), (-0.65850866, 2.6856604e-8, 2.3031278), (-0.65108, 2.6531888e-8, 2.3310533), (-0.6990307, -0.036422983, 2.278323), (-0.6990307, -0.056718152, 2.353339), (-0.6990307, -0.04052227, 2.3031278), (-0.6990307, -0.04795081, 2.3310533), (-0.7202308, -0.0122397365, 1.3767364), (-0.7235106, 3.0350247e-8, 1.3767364), (-0.71127063, -0.02119987, 1.3767364), (-0.699031, -0.024479503, 1.3767364), (-0.68679124, -0.021199873, 1.3767364), (-0.6778311, -0.012239738, 1.3767364), (-0.6745513, 2.8210167e-8, 1.3767364), (-0.6778311, 0.012239795, 1.3767364), (-0.68679124, 0.02119993, 1.3767364), (-0.699031, 0.024479564, 1.3767364), (-0.71127063, 0.021199932, 1.3767364), (-0.7202308, 0.012239797, 1.3767364), (-0.7213517, 3.0255876e-8, -1.1920929e-7), (-0.71836126, 0.011160214, -1.1920929e-7), (-0.7101916, 0.019330053, -1.1920929e-7), (-0.69903123, 0.022320412, -1.1920929e-7), (-0.68787116, 0.01933005, -1.1920929e-7), (-0.67970115, 0.011160213, -1.1920929e-7), (-0.676711, 2.830457e-8, -1.1920929e-7), (-0.67970115, -0.011160156, -1.1920929e-7), (-0.68787116, -0.019329995, -1.1920929e-7), (-0.69903123, -0.022320356, -1.1920929e-7), (-0.7101916, -0.019329993, -1.1920929e-7), (-0.71836126, -0.011160154, -1.1920929e-7), (-0.92135173, 3.8998156e-8, 0.4267301), (-0.9361826, 3.9646437e-8, 2.3157368), (-0.9183613, 0.011160223, 0.4267301), (-0.9312054, 0.01857597, 2.3157368), (-0.91019136, 0.01933006, 0.4267301), (-0.91760683, 0.032174494, 2.3157368), (-0.8990313, 0.022320421, 0.4267301), (-0.89903104, 0.0371519, 2.3157368), (-0.8878712, 0.01933006, 0.4267301), (-0.88045496, 0.03217449, 2.3157368), (-0.8797012, 0.011160221, 0.4267301), (-0.8668564, 0.018575966, 2.3157368), (-0.87671083, 3.7046842e-8, 0.4267301), (-0.86187917, 3.639853e-8, 2.3157368), (-0.8797012, -0.011160147, 0.4267301), (-0.8668564, -0.018575894, 2.3157368), (-0.8878712, -0.019329986, 0.4267301), (-0.88045496, -0.03217442, 2.3157368), (-0.8990313, -0.022320347, 0.4267301), (-0.89903104, -0.03715182, 2.3157368), (-0.91019136, -0.019329986, 0.4267301), (-0.91760683, -0.032174416, 2.3157368), (-0.9183613, -0.0111601455, 0.4267301), (-0.9312054, -0.01857589, 2.3157368), (-0.9301573, 3.938306e-8, 1.7764411), (-0.92462784, 3.914136e-8, 0.8919697), (-0.9211985, 0.012798393, 0.8919697), (-0.92598724, 0.015563252, 1.7764411), (-0.91182953, 0.022167439, 0.8919697), (-0.9145942, 0.026956318, 1.7764411), (-0.89903104, 0.025596749, 0.8919697), (-0.89903104, 0.031126468, 1.7764411), (-0.8862328, 0.022167439, 0.8919697), (-0.88346785, 0.026956318, 1.7764411), (-0.8768638, 0.012798391, 0.8919697), (-0.8720748, 0.0155632505, 1.7764411), (-0.8734345, 3.690363e-8, 0.8919697), (-0.8679045, 3.6661902e-8, 1.7764411), (-0.8768638, -0.012798318, 0.8919697), (-0.8720748, -0.015563177, 1.7764411), (-0.8862328, -0.02216738, 0.8919697), (-0.88346785, -0.02695624, 1.7764411), (-0.89903104, -0.02559667, 0.8919697), (-0.89903104, -0.031126387, 1.7764411), (-0.91182953, -0.02216738, 0.8919697), (-0.9145942, -0.02695624, 1.7764411), (-0.9211985, -0.012798316, 0.8919697), (-0.92598724, -0.015563175, 1.7764411), (-0.9402201, 0.023780711, 2.3233683), (-0.9465922, 4.0101455e-8, 2.3233683), (-0.9228115, 0.04118938, 2.3233683), (-0.89903104, 0.04756138, 2.3233683), (-0.8752503, 0.041189376, 2.3233683), (-0.8578417, 0.023780707, 2.3233683), (-0.8514696, 3.594351e-8, 2.3233683), (-0.8578417, -0.023780635, 2.3233683), (-0.8752503, -0.041189305, 2.3233683), (-0.89903104, -0.047561303, 2.3233683), (-0.9228115, -0.0411893, 2.3233683), (-0.9402201, -0.02378063, 2.3233683), (-0.94329023, 0.025553135, 2.3684304), (-0.950137, 7.1647257e-9, 2.3684304), (-0.92458385, 0.044259325, 2.3684304), (-0.89903075, 0.05110626, 2.3684304), (-0.87347764, 0.04425932, 2.3684304), (-0.85477155, 0.025553131, 2.3684304), (-0.84792453, 2.6968756e-9, 2.3684304), (-0.85477155, -0.025553122, 2.3684304), (-0.87347764, -0.044259317, 2.3684304), (-0.89903075, -0.051106244, 2.3684304), (-0.92458385, -0.044259313, 2.3684304), (-0.94329023, -0.025553118, 2.3684304), (-0.93277776, 3.8845286e-8, 2.3676438), (-0.97010565, 4.047694e-8, 2.4950056), (-0.89903104, 0.033746943, 2.3676438), (-0.89903075, 0.07107479, 2.4950056), (-0.89903104, -0.033746865, 2.3676438), (-0.89903075, -0.07107472, 2.4950056), (-0.8652841, 3.5895045e-8, 2.3676438), (-0.8279562, 3.426339e-8, 2.4950056), (-0.89903075, 3.7370157e-8, 2.8314793), (-0.89903075, 0.014208676, 2.7280204), (-0.89903075, 0.056878675, 2.5270605), (-0.89903075, 0.023840882, 2.6662378), (-0.89903075, 0.03533239, 2.6063516), (-0.89903075, 0.046933733, 2.5574791), (-0.8421521, 3.4883914e-8, 2.5270605), (-0.8848222, 3.6749082e-8, 2.7280204), (-0.8520971, 3.5318624e-8, 2.5574791), (-0.86369866, 3.5825742e-8, 2.6063516), (-0.8751901, 3.632805e-8, 2.6662378), (-0.89903075, -0.05687861, 2.5270605), (-0.89903075, -0.014208617, 2.7280204), (-0.89903075, -0.046933655, 2.5574791), (-0.89903075, -0.035332322, 2.6063516), (-0.89903075, -0.02384082, 2.6662378), (-0.9132394, 3.799124e-8, 2.7280204), (-0.95590943, 3.9856406e-8, 2.5270605), (-0.92287177, 3.841228e-8, 2.6662378), (-0.93436325, 3.8914592e-8, 2.6063516), (-0.9459645, 3.94217e-8, 2.5574791), (-0.95574915, 3.98494e-8, 2.4709358), (-0.9354539, 3.8962266e-8, 2.3959198), (-0.9469818, 3.9466165e-8, 2.4486501), (-0.9395531, 3.9141447e-8, 2.4207244), (-0.89903075, 0.03642305, 2.3959198), (-0.89903075, 0.056718197, 2.4709358), (-0.89903075, 0.040522303, 2.4207244), (-0.89903075, 0.047950853, 2.4486501), (-0.8626079, 3.5778065e-8, 2.3959198), (-0.84231275, 3.4890935e-8, 2.4709358), (-0.8585087, 3.5598884e-8, 2.4207244), (-0.8510801, 3.527417e-8, 2.4486501), (-0.89903075, -0.03642297, 2.3959198), (-0.89903075, -0.05671814, 2.4709358), (-0.89903075, -0.04052226, 2.4207244), (-0.89903075, -0.0479508, 2.4486501), (-0.92023087, -0.012239728, 1.3767364), (-0.9235107, 3.9092527e-8, 1.3767364), (-0.9112707, -0.021199863, 1.3767364), (-0.89903104, -0.024479493, 1.3767364), (-0.8867913, -0.021199863, 1.3767364), (-0.87783116, -0.01223973, 1.3767364), (-0.87455136, 3.6952446e-8, 1.3767364), (-0.87783116, 0.012239804, 1.3767364), (-0.8867913, 0.02119994, 1.3767364), (-0.89903104, 0.024479574, 1.3767364), (-0.9112707, 0.02119994, 1.3767364), (-0.92023087, 0.012239805, 1.3767364), (-0.92135173, 3.8998156e-8, -1.1920929e-7), (-0.9183613, 0.011160223, -1.1920929e-7), (-0.91019166, 0.01933006, -1.1920929e-7), (-0.8990313, 0.022320421, -1.1920929e-7), (-0.8878712, 0.01933006, -1.1920929e-7), (-0.8797012, 0.011160221, -1.1920929e-7), (-0.8767111, 3.7046853e-8, -1.1920929e-7), (-0.8797012, -0.011160147, -1.1920929e-7), (-0.8878712, -0.019329986, -1.1920929e-7), (-0.8990313, -0.022320347, -1.1920929e-7), (-0.91019166, -0.019329986, -1.1920929e-7), (-0.9183613, -0.0111601455, -1.1920929e-7), (-0.93982875, 0.03789599, 1.9817396), (-0.93982875, 0.03789599, 2.0985293), (0.93339115, 0.037895907, 1.9817389), (0.93339115, 0.037895907, 2.0985284), (-0.93982875, -0.037895907, 1.9817396), (-0.93982875, -0.037895907, 2.0985293), (0.93339115, -0.03789599, 1.9817389), (0.93339115, -0.03789599, 2.0985284), (-0.93982875, 0.03789599, 0.10517408), (-0.93982875, 0.03789599, 0.36181432), (0.93339115, 0.037895907, 0.105173364), (0.93339115, 0.037895907, 0.3618136), (-0.93982875, -0.037895907, 0.10517408), (-0.93982875, -0.037895907, 0.36181432), (0.93339115, -0.03789599, 0.105173364), (0.93339115, -0.03789599, 0.3618136)]
            texCoord2f[] primvars:st = [(0.9080197, 0.12981516), (0.992811, 0.13051344), (0.99079704, 0.53725207), (0.8875668, 0.535746), (0.9885093, 0.13042471), (0.98360544, 0.5381825), (0.98420715, 0.13032484), (0.9761737, 0.5385536), (0.97990495, 0.13021392), (0.96865743, 0.5384861), (0.97560304, 0.13009201), (0.9611475, 0.5380173), (0.9713019, 0.1299591), (0.95372987, 0.53714156), (0.93382883, 0.13051361), (0.96700186, 0.12981516), (0.9465481, 0.5357455), (0.9318158, 0.5372519), (0.92952716, 0.13042489), (0.92462415, 0.53818244), (0.925225, 0.13032499), (0.91719246, 0.53855366), (0.9209229, 0.13021402), (0.9096762, 0.53848624), (0.91662097, 0.13009208), (0.90216625, 0.5380175), (0.9123198, 0.12995915), (0.8947485, 0.5371419), (0.9886718, 0.469203), (0.8938585, 0.46822172), (0.9027648, 0.25441232), (0.9913233, 0.2552117), (0.9863922, 0.25509933), (0.98267114, 0.46928176), (0.9814629, 0.2549787), (0.9766921, 0.46927044), (0.9765346, 0.25484967), (0.97072405, 0.46915972), (0.9716065, 0.25471216), (0.9647621, 0.46894625), (0.9666777, 0.25456634), (0.95880246, 0.46863145), (0.93234074, 0.25521183), (0.9617474, 0.25441223), (0.9528405, 0.4682215), (0.9296898, 0.469203), (0.9274096, 0.25509942), (0.9236891, 0.46928182), (0.9224804, 0.2549788), (0.9177101, 0.4692705), (0.91755205, 0.25484973), (0.9117421, 0.4691598), (0.91262394, 0.25471228), (0.9057801, 0.46894643), (0.9076951, 0.2545664), (0.89982045, 0.46863165), (0.9845216, 0.54249233), (0.8850462, 0.53901863), (0.9931523, 0.5409571), (0.9763826, 0.54296863), (0.9683781, 0.5428989), (0.96039474, 0.54235315), (0.9523462, 0.5412202), (0.9440275, 0.5390181), (0.934171, 0.54095685), (0.9255404, 0.5424922), (0.9174015, 0.5429687), (0.909397, 0.542899), (0.9014135, 0.5423534), (0.89336497, 0.54122055), (0.82502764, 0.56875694), (0.9864283, 0.5544075), (0.8335524, 0.57367873), (0.8811118, 0.5505755), (0.99589825, 0.5528001), (0.815184, 0.5687569), (0.9770725, 0.5551759), (0.80665916, 0.57367873), (0.9678945, 0.5551481), (0.80173737, 0.5822035), (0.9587563, 0.5544575), (0.80173737, 0.59204715), (0.9495047, 0.5530164), (0.80665916, 0.600572), (0.94009286, 0.5505749), (0.9369172, 0.5527998), (0.815184, 0.6054938), (0.9274473, 0.5544073), (0.8250276, 0.6054938), (0.9180915, 0.5551759), (0.8335524, 0.600572), (0.9089135, 0.55514824), (0.8384743, 0.59204715), (0.89977527, 0.5544578), (0.8384743, 0.58220357), (0.8905237, 0.55301684), (0.60223037, 0.57085425), (0.4923603, 0.7782244), (0.4923603, 0.82728326), (0.5672739, 0.6070787), (0.47031817, 0.77225655), (0.45322612, 0.8130583), (0.62210125, 0.58179754), (0.6050091, 0.62259924), (0.64414334, 0.5877654), (0.45044723, 0.7613134), (0.64414334, 0.63682413), (0.41549087, 0.7975378), (0.56848717, 0.73282284), (0.41670394, 0.92328185), (0.42772615, 0.88898385), (0.4497513, 0.8230443), (0.43438178, 0.8683464), (0.44095892, 0.84844553), (0.4463497, 0.8326384), (0.6348507, 0.6466528), (0.4153333, 0.8119852), (0.58811903, 0.7027203), (0.41830823, 0.88736546), (0.6266186, 0.6553848), (0.41593212, 0.8247301), (0.6143709, 0.6688134), (0.41705552, 0.84379876), (0.60067344, 0.685224), (0.41830966, 0.8657039), (0.6015343, 0.63258517), (0.5795092, 0.69852483), (0.5981327, 0.6421793), (0.59274197, 0.65798646), (0.5861648, 0.67788726), (0.5700913, 0.6969064), (0.43633592, 0.89317936), (0.56711626, 0.62152606), (0.4830677, 0.8371119), (0.5700927, 0.6752448), (0.44889036, 0.8756831), (0.56883854, 0.6533397), (0.4625878, 0.8592725), (0.56771517, 0.63427097), (0.47483557, 0.8458439), (0.49074453, 0.8162224), (0.5762691, 0.59932303), (0.596572, 0.5788097), (0.49071002, 0.78782755), (0.583295, 0.5931442), (0.49014303, 0.8070564), (0.5908645, 0.5856204), (0.49004123, 0.7965408), (0.46658042, 0.7812792), (0.45642632, 0.80523026), (0.46324682, 0.7892266), (0.45946622, 0.7981508), (0.642493, 0.5973685), (0.44478884, 0.7692688), (0.6425275, 0.6257633), (0.42448607, 0.7897822), (0.64182425, 0.6060817), (0.43908143, 0.7760796), (0.64192605, 0.61659735), (0.43151194, 0.78360337), (0.6183635, 0.5908202), (0.6082093, 0.6147712), (0.6150298, 0.5987675), (0.6112492, 0.6076917), (0.90522575, 0.3616524), (0.9878, 0.36222985), (0.90050995, 0.36146593), (0.90994334, 0.36181545), (0.91466206, 0.3619548), (0.91938114, 0.36207017), (0.92409986, 0.3621618), (0.95949244, 0.36146578), (0.9288175, 0.36222997), (0.9642083, 0.36165226), (0.96892583, 0.36181542), (0.97364455, 0.36195472), (0.97836363, 0.3620701), (0.9830824, 0.36216167), (0.9111174, 0.015527278), (0.26649094, 0.73247224), (0.99589825, 0.016225487), (0.27021408, 0.73032266), (0.9915981, 0.016109377), (0.27451324, 0.73032266), (0.98729837, 0.015993237), (0.27823642, 0.73247224), (0.9829988, 0.01587689), (0.280386, 0.7361954), (0.978699, 0.015760452), (0.280386, 0.7404945), (0.974399, 0.015643865), (0.27823642, 0.7442177), (0.9369172, 0.016225725), (0.97009844, 0.015527248), (0.27451324, 0.74636734), (0.9326171, 0.016109616), (0.27021408, 0.74636734), (0.92831737, 0.015993416), (0.26649094, 0.7442177), (0.9240177, 0.015877038), (0.26434135, 0.7404945), (0.91971797, 0.015760541), (0.26434135, 0.7361954), (0.9154179, 0.015643895), (0.9080197, 0.12981516), (0.992811, 0.13051344), (0.99079704, 0.53725207), (0.8875668, 0.535746), (0.9885093, 0.13042471), (0.98360544, 0.5381825), (0.98420715, 0.13032484), (0.9761737, 0.5385536), (0.97990495, 0.13021392), (0.96865743, 0.5384861), (0.97560304, 0.13009201), (0.9611475, 0.5380173), (0.9713019, 0.1299591), (0.95372987, 0.53714156), (0.93382883, 0.13051361), (0.96700186, 0.12981516), (0.9465481, 0.5357455), (0.9318158, 0.5372519), (0.92952716, 0.13042489), (0.92462415, 0.53818244), (0.925225, 0.13032499), (0.91719246, 0.53855366), (0.9209229, 0.13021402), (0.9096762, 0.53848624), (0.91662097, 0.13009208), (0.90216625, 0.5380175), (0.9123198, 0.12995915), (0.8947485, 0.5371419), (0.9886718, 0.469203), (0.8938585, 0.46822172), (0.9027648, 0.25441232), (0.9913233, 0.2552117), (0.9863922, 0.25509933), (0.98267114, 0.46928176), (0.9814629, 0.2549787), (0.9766921, 0.46927044), (0.9765346, 0.25484967), (0.97072405, 0.46915972), (0.9716065, 0.25471216), (0.9647621, 0.46894625), (0.9666777, 0.25456634), (0.95880246, 0.46863145), (0.93234074, 0.25521183), (0.9617474, 0.25441223), (0.9528405, 0.4682215), (0.9296898, 0.469203), (0.9274096, 0.25509942), (0.9236891, 0.46928182), (0.9224804, 0.2549788), (0.9177101, 0.4692705), (0.91755205, 0.25484973), (0.9117421, 0.4691598), (0.91262394, 0.25471228), (0.9057801, 0.46894643), (0.9076951, 0.2545664), (0.89982045, 0.46863165), (0.9845216, 0.54249233), (0.8850462, 0.53901863), (0.9931523, 0.5409571), (0.9763826, 0.54296863), (0.9683781, 0.5428989), (0.96039474, 0.54235315), (0.9523462, 0.5412202), (0.9440275, 0.5390181), (0.934171, 0.54095685), (0.9255404, 0.5424922), (0.9174015, 0.5429687), (0.909397, 0.542899), (0.9014135, 0.5423534), (0.89336497, 0.54122055), (0.82502764, 0.56875694), (0.9864283, 0.5544075), (0.8335524, 0.57367873), (0.8811118, 0.5505755), (0.99589825, 0.5528001), (0.815184, 0.5687569), (0.9770725, 0.5551759), (0.80665916, 0.57367873), (0.9678945, 0.5551481), (0.80173737, 0.5822035), (0.9587563, 0.5544575), (0.80173737, 0.59204715), (0.9495047, 0.5530164), (0.80665916, 0.600572), (0.94009286, 0.5505749), (0.9369172, 0.5527998), (0.815184, 0.6054938), (0.9274473, 0.5544073), (0.8250276, 0.6054938), (0.9180915, 0.5551759), (0.8335524, 0.600572), (0.9089135, 0.55514824), (0.8384743, 0.59204715), (0.89977527, 0.5544578), (0.8384743, 0.58220357), (0.8905237, 0.55301684), (0.60223037, 0.57085425), (0.4923603, 0.7782244), (0.4923603, 0.82728326), (0.5672739, 0.6070787), (0.47031817, 0.77225655), (0.45322612, 0.8130583), (0.62210125, 0.58179754), (0.6050091, 0.62259924), (0.64414334, 0.5877654), (0.45044723, 0.7613134), (0.64414334, 0.63682413), (0.41549087, 0.7975378), (0.56848717, 0.73282284), (0.41670394, 0.92328185), (0.42772615, 0.88898385), (0.4497513, 0.8230443), (0.43438178, 0.8683464), (0.44095892, 0.84844553), (0.4463497, 0.8326384), (0.6348507, 0.6466528), (0.4153333, 0.8119852), (0.58811903, 0.7027203), (0.41830823, 0.88736546), (0.6266186, 0.6553848), (0.41593212, 0.8247301), (0.6143709, 0.6688134), (0.41705552, 0.84379876), (0.60067344, 0.685224), (0.41830966, 0.8657039), (0.6015343, 0.63258517), (0.5795092, 0.69852483), (0.5981327, 0.6421793), (0.59274197, 0.65798646), (0.5861648, 0.67788726), (0.5700913, 0.6969064), (0.43633592, 0.89317936), (0.56711626, 0.62152606), (0.4830677, 0.8371119), (0.5700927, 0.6752448), (0.44889036, 0.8756831), (0.56883854, 0.6533397), (0.4625878, 0.8592725), (0.56771517, 0.63427097), (0.47483557, 0.8458439), (0.49074453, 0.8162224), (0.5762691, 0.59932303), (0.596572, 0.5788097), (0.49071002, 0.78782755), (0.583295, 0.5931442), (0.49014303, 0.8070564), (0.5908645, 0.5856204), (0.49004123, 0.7965408), (0.46658042, 0.7812792), (0.45642632, 0.80523026), (0.46324682, 0.7892266), (0.45946622, 0.7981508), (0.642493, 0.5973685), (0.44478884, 0.7692688), (0.6425275, 0.6257633), (0.42448607, 0.7897822), (0.64182425, 0.6060817), (0.43908143, 0.7760796), (0.64192605, 0.61659735), (0.43151194, 0.78360337), (0.6183635, 0.5908202), (0.6082093, 0.6147712), (0.6150298, 0.5987675), (0.6112492, 0.6076917), (0.90522575, 0.3616524), (0.9878, 0.36222985), (0.90050995, 0.36146593), (0.90994334, 0.36181545), (0.91466206, 0.3619548), (0.91938114, 0.36207017), (0.92409986, 0.3621618), (0.95949244, 0.36146578), (0.9288175, 0.36222997), (0.9642083, 0.36165226), (0.96892583, 0.36181542), (0.97364455, 0.36195472), (0.97836363, 0.3620701), (0.9830824, 0.36216167), (0.9111174, 0.015527278), (0.26649094, 0.73247224), (0.99589825, 0.016225487), (0.27021408, 0.73032266), (0.9915981, 0.016109377), (0.27451324, 0.73032266), (0.98729837, 0.015993237), (0.27823642, 0.73247224), (0.9829988, 0.01587689), (0.280386, 0.7361954), (0.978699, 0.015760452), (0.280386, 0.7404945), (0.974399, 0.015643865), (0.27823642, 0.7442177), (0.9369172, 0.016225725), (0.97009844, 0.015527248), (0.27451324, 0.74636734), (0.9326171, 0.016109616), (0.27021408, 0.74636734), (0.92831737, 0.015993416), (0.26649094, 0.7442177), (0.9240177, 0.015877038), (0.26434135, 0.7404945), (0.91971797, 0.015760541), (0.26434135, 0.7361954), (0.9154179, 0.015643895), (0.9080197, 0.12981516), (0.992811, 0.13051344), (0.99079704, 0.53725207), (0.8875668, 0.535746), (0.9885093, 0.13042471), (0.98360544, 0.5381825), (0.98420715, 0.13032484), (0.9761737, 0.5385536), (0.97990495, 0.13021392), (0.96865743, 0.5384861), (0.97560304, 0.13009201), (0.9611475, 0.5380173), (0.9713019, 0.1299591), (0.95372987, 0.53714156), (0.93382883, 0.13051361), (0.96700186, 0.12981516), (0.9465481, 0.5357455), (0.9318158, 0.5372519), (0.92952716, 0.13042489), (0.92462415, 0.53818244), (0.925225, 0.13032499), (0.91719246, 0.53855366), (0.9209229, 0.13021402), (0.9096762, 0.53848624), (0.91662097, 0.13009208), (0.90216625, 0.5380175), (0.9123198, 0.12995915), (0.8947485, 0.5371419), (0.9886718, 0.469203), (0.8938585, 0.46822172), (0.9027648, 0.25441232), (0.9913233, 0.2552117), (0.9863922, 0.25509933), (0.98267114, 0.46928176), (0.9814629, 0.2549787), (0.9766921, 0.46927044), (0.9765346, 0.25484967), (0.97072405, 0.46915972), (0.9716065, 0.25471216), (0.9647621, 0.46894625), (0.9666777, 0.25456634), (0.95880246, 0.46863145), (0.93234074, 0.25521183), (0.9617474, 0.25441223), (0.9528405, 0.4682215), (0.9296898, 0.469203), (0.9274096, 0.25509942), (0.9236891, 0.46928182), (0.9224804, 0.2549788), (0.9177101, 0.4692705), (0.91755205, 0.25484973), (0.9117421, 0.4691598), (0.91262394, 0.25471228), (0.9057801, 0.46894643), (0.9076951, 0.2545664), (0.89982045, 0.46863165), (0.9845216, 0.54249233), (0.8850462, 0.53901863), (0.9931523, 0.5409571), (0.9763826, 0.54296863), (0.9683781, 0.5428989), (0.96039474, 0.54235315), (0.9523462, 0.5412202), (0.9440275, 0.5390181), (0.934171, 0.54095685), (0.9255404, 0.5424922), (0.9174015, 0.5429687), (0.909397, 0.542899), (0.9014135, 0.5423534), (0.89336497, 0.54122055), (0.82502764, 0.56875694), (0.9864283, 0.5544075), (0.8335524, 0.57367873), (0.8811118, 0.5505755), (0.99589825, 0.5528001), (0.815184, 0.5687569), (0.9770725, 0.5551759), (0.80665916, 0.57367873), (0.9678945, 0.5551481), (0.80173737, 0.5822035), (0.9587563, 0.5544575), (0.80173737, 0.59204715), (0.9495047, 0.5530164), (0.80665916, 0.600572), (0.94009286, 0.5505749), (0.9369172, 0.5527998), (0.815184, 0.6054938), (0.9274473, 0.5544073), (0.8250276, 0.6054938), (0.9180915, 0.5551759), (0.8335524, 0.600572), (0.9089135, 0.55514824), (0.8384743, 0.59204715), (0.89977527, 0.5544578), (0.8384743, 0.58220357), (0.8905237, 0.55301684), (0.60223037, 0.57085425), (0.4923603, 0.7782244), (0.4923603, 0.82728326), (0.5672739, 0.6070787), (0.47031817, 0.77225655), (0.45322612, 0.8130583), (0.62210125, 0.58179754), (0.6050091, 0.62259924), (0.64414334, 0.5877654), (0.45044723, 0.7613134), (0.64414334, 0.63682413), (0.41549087, 0.7975378), (0.56848717, 0.73282284), (0.41670394, 0.92328185), (0.42772615, 0.88898385), (0.4497513, 0.8230443), (0.43438178, 0.8683464), (0.44095892, 0.84844553), (0.4463497, 0.8326384), (0.6348507, 0.6466528), (0.4153333, 0.8119852), (0.58811903, 0.7027203), (0.41830823, 0.88736546), (0.6266186, 0.6553848), (0.41593212, 0.8247301), (0.6143709, 0.6688134), (0.41705552, 0.84379876), (0.60067344, 0.685224), (0.41830966, 0.8657039), (0.6015343, 0.63258517), (0.5795092, 0.69852483), (0.5981327, 0.6421793), (0.59274197, 0.65798646), (0.5861648, 0.67788726), (0.5700913, 0.6969064), (0.43633592, 0.89317936), (0.56711626, 0.62152606), (0.4830677, 0.8371119), (0.5700927, 0.6752448), (0.44889036, 0.8756831), (0.56883854, 0.6533397), (0.4625878, 0.8592725), (0.56771517, 0.63427097), (0.47483557, 0.8458439), (0.49074453, 0.8162224), (0.5762691, 0.59932303), (0.596572, 0.5788097), (0.49071002, 0.78782755), (0.583295, 0.5931442), (0.49014303, 0.8070564), (0.5908645, 0.5856204), (0.49004123, 0.7965408), (0.46658042, 0.7812792), (0.45642632, 0.80523026), (0.46324682, 0.7892266), (0.45946622, 0.7981508), (0.642493, 0.5973685), (0.44478884, 0.7692688), (0.6425275, 0.6257633), (0.42448607, 0.7897822), (0.64182425, 0.6060817), (0.43908143, 0.7760796), (0.64192605, 0.61659735), (0.43151194, 0.78360337), (0.6183635, 0.5908202), (0.6082093, 0.6147712), (0.6150298, 0.5987675), (0.6112492, 0.6076917), (0.90522575, 0.3616524), (0.9878, 0.36222985), (0.90050995, 0.36146593), (0.90994334, 0.36181545), (0.91466206, 0.3619548), (0.91938114, 0.36207017), (0.92409986, 0.3621618), (0.95949244, 0.36146578), (0.9288175, 0.36222997), (0.9642083, 0.36165226), (0.96892583, 0.36181542), (0.97364455, 0.36195472), (0.97836363, 0.3620701), (0.9830824, 0.36216167), (0.9111174, 0.015527278), (0.26649094, 0.73247224), (0.99589825, 0.016225487), (0.27021408, 0.73032266), (0.9915981, 0.016109377), (0.27451324, 0.73032266), (0.98729837, 0.015993237), (0.27823642, 0.73247224), (0.9829988, 0.01587689), (0.280386, 0.7361954), (0.978699, 0.015760452), (0.280386, 0.7404945), (0.974399, 0.015643865), (0.27823642, 0.7442177), (0.9369172, 0.016225725), (0.97009844, 0.015527248), (0.27451324, 0.74636734), (0.9326171, 0.016109616), (0.27021408, 0.74636734), (0.92831737, 0.015993416), (0.26649094, 0.7442177), (0.9240177, 0.015877038), (0.26434135, 0.7404945), (0.91971797, 0.015760541), (0.26434135, 0.7361954), (0.9154179, 0.015643895), (0.9080197, 0.12981516), (0.992811, 0.13051344), (0.99079704, 0.53725207), (0.8875668, 0.535746), (0.9885093, 0.13042471), (0.98360544, 0.5381825), (0.98420715, 0.13032484), (0.9761737, 0.5385536), (0.97990495, 0.13021392), (0.96865743, 0.5384861), (0.97560304, 0.13009201), (0.9611475, 0.5380173), (0.9713019, 0.1299591), (0.95372987, 0.53714156), (0.93382883, 0.13051361), (0.96700186, 0.12981516), (0.9465481, 0.5357455), (0.9318158, 0.5372519), (0.92952716, 0.13042489), (0.92462415, 0.53818244), (0.925225, 0.13032499), (0.91719246, 0.53855366), (0.9209229, 0.13021402), (0.9096762, 0.53848624), (0.91662097, 0.13009208), (0.90216625, 0.5380175), (0.9123198, 0.12995915), (0.8947485, 0.5371419), (0.9886718, 0.469203), (0.8938585, 0.46822172), (0.9027648, 0.25441232), (0.9913233, 0.2552117), (0.9863922, 0.25509933), (0.98267114, 0.46928176), (0.9814629, 0.2549787), (0.9766921, 0.46927044), (0.9765346, 0.25484967), (0.97072405, 0.46915972), (0.9716065, 0.25471216), (0.9647621, 0.46894625), (0.9666777, 0.25456634), (0.95880246, 0.46863145), (0.93234074, 0.25521183), (0.9617474, 0.25441223), (0.9528405, 0.4682215), (0.9296898, 0.469203), (0.9274096, 0.25509942), (0.9236891, 0.46928182), (0.9224804, 0.2549788), (0.9177101, 0.4692705), (0.91755205, 0.25484973), (0.9117421, 0.4691598), (0.91262394, 0.25471228), (0.9057801, 0.46894643), (0.9076951, 0.2545664), (0.89982045, 0.46863165), (0.9845216, 0.54249233), (0.8850462, 0.53901863), (0.9931523, 0.5409571), (0.9763826, 0.54296863), (0.9683781, 0.5428989), (0.96039474, 0.54235315), (0.9523462, 0.5412202), (0.9440275, 0.5390181), (0.934171, 0.54095685), (0.9255404, 0.5424922), (0.9174015, 0.5429687), (0.909397, 0.542899), (0.9014135, 0.5423534), (0.89336497, 0.54122055), (0.82502764, 0.56875694), (0.9864283, 0.5544075), (0.8335524, 0.57367873), (0.8811118, 0.5505755), (0.99589825, 0.5528001), (0.815184, 0.5687569), (0.9770725, 0.5551759), (0.80665916, 0.57367873), (0.9678945, 0.5551481), (0.80173737, 0.5822035), (0.9587563, 0.5544575), (0.80173737, 0.59204715), (0.9495047, 0.5530164), (0.80665916, 0.600572), (0.94009286, 0.5505749), (0.9369172, 0.5527998), (0.815184, 0.6054938), (0.9274473, 0.5544073), (0.8250276, 0.6054938), (0.9180915, 0.5551759), (0.8335524, 0.600572), (0.9089135, 0.55514824), (0.8384743, 0.59204715), (0.89977527, 0.5544578), (0.8384743, 0.58220357), (0.8905237, 0.55301684), (0.60223037, 0.57085425), (0.4923603, 0.7782244), (0.4923603, 0.82728326), (0.5672739, 0.6070787), (0.47031817, 0.77225655), (0.45322612, 0.8130583), (0.62210125, 0.58179754), (0.6050091, 0.62259924), (0.64414334, 0.5877654), (0.45044723, 0.7613134), (0.64414334, 0.63682413), (0.41549087, 0.7975378), (0.56848717, 0.73282284), (0.41670394, 0.92328185), (0.42772615, 0.88898385), (0.4497513, 0.8230443), (0.43438178, 0.8683464), (0.44095892, 0.84844553), (0.4463497, 0.8326384), (0.6348507, 0.6466528), (0.4153333, 0.8119852), (0.58811903, 0.7027203), (0.41830823, 0.88736546), (0.6266186, 0.6553848), (0.41593212, 0.8247301), (0.6143709, 0.6688134), (0.41705552, 0.84379876), (0.60067344, 0.685224), (0.41830966, 0.8657039), (0.6015343, 0.63258517), (0.5795092, 0.69852483), (0.5981327, 0.6421793), (0.59274197, 0.65798646), (0.5861648, 0.67788726), (0.5700913, 0.6969064), (0.43633592, 0.89317936), (0.56711626, 0.62152606), (0.4830677, 0.8371119), (0.5700927, 0.6752448), (0.44889036, 0.8756831), (0.56883854, 0.6533397), (0.4625878, 0.8592725), (0.56771517, 0.63427097), (0.47483557, 0.8458439), (0.49074453, 0.8162224), (0.5762691, 0.59932303), (0.596572, 0.5788097), (0.49071002, 0.78782755), (0.583295, 0.5931442), (0.49014303, 0.8070564), (0.5908645, 0.5856204), (0.49004123, 0.7965408), (0.46658042, 0.7812792), (0.45642632, 0.80523026), (0.46324682, 0.7892266), (0.45946622, 0.7981508), (0.642493, 0.5973685), (0.44478884, 0.7692688), (0.6425275, 0.6257633), (0.42448607, 0.7897822), (0.64182425, 0.6060817), (0.43908143, 0.7760796), (0.64192605, 0.61659735), (0.43151194, 0.78360337), (0.6183635, 0.5908202), (0.6082093, 0.6147712), (0.6150298, 0.5987675), (0.6112492, 0.6076917), (0.90522575, 0.3616524), (0.9878, 0.36222985), (0.90050995, 0.36146593), (0.90994334, 0.36181545), (0.91466206, 0.3619548), (0.91938114, 0.36207017), (0.92409986, 0.3621618), (0.95949244, 0.36146578), (0.9288175, 0.36222997), (0.9642083, 0.36165226), (0.96892583, 0.36181542), (0.97364455, 0.36195472), (0.97836363, 0.3620701), (0.9830824, 0.36216167), (0.9111174, 0.015527278), (0.26649094, 0.73247224), (0.99589825, 0.016225487), (0.27021408, 0.73032266), (0.9915981, 0.016109377), (0.27451324, 0.73032266), (0.98729837, 0.015993237), (0.27823642, 0.73247224), (0.9829988, 0.01587689), (0.280386, 0.7361954), (0.978699, 0.015760452), (0.280386, 0.7404945), (0.974399, 0.015643865), (0.27823642, 0.7442177), (0.9369172, 0.016225725), (0.97009844, 0.015527248), (0.27451324, 0.74636734), (0.9326171, 0.016109616), (0.27021408, 0.74636734), (0.92831737, 0.015993416), (0.26649094, 0.7442177), (0.9240177, 0.015877038), (0.26434135, 0.7404945), (0.91971797, 0.015760541), (0.26434135, 0.7361954), (0.9154179, 0.015643895), (0.9080197, 0.12981516), (0.992811, 0.13051344), (0.99079704, 0.53725207), (0.8875668, 0.535746), (0.9885093, 0.13042471), (0.98360544, 0.5381825), (0.98420715, 0.13032484), (0.9761737, 0.5385536), (0.97990495, 0.13021392), (0.96865743, 0.5384861), (0.97560304, 0.13009201), (0.9611475, 0.5380173), (0.9713019, 0.1299591), (0.95372987, 0.53714156), (0.93382883, 0.13051361), (0.96700186, 0.12981516), (0.9465481, 0.5357455), (0.9318158, 0.5372519), (0.92952716, 0.13042489), (0.92462415, 0.53818244), (0.925225, 0.13032499), (0.91719246, 0.53855366), (0.9209229, 0.13021402), (0.9096762, 0.53848624), (0.91662097, 0.13009208), (0.90216625, 0.5380175), (0.9123198, 0.12995915), (0.8947485, 0.5371419), (0.9886718, 0.469203), (0.8938585, 0.46822172), (0.9027648, 0.25441232), (0.9913233, 0.2552117), (0.9863922, 0.25509933), (0.98267114, 0.46928176), (0.9814629, 0.2549787), (0.9766921, 0.46927044), (0.9765346, 0.25484967), (0.97072405, 0.46915972), (0.9716065, 0.25471216), (0.9647621, 0.46894625), (0.9666777, 0.25456634), (0.95880246, 0.46863145), (0.93234074, 0.25521183), (0.9617474, 0.25441223), (0.9528405, 0.4682215), (0.9296898, 0.469203), (0.9274096, 0.25509942), (0.9236891, 0.46928182), (0.9224804, 0.2549788), (0.9177101, 0.4692705), (0.91755205, 0.25484973), (0.9117421, 0.4691598), (0.91262394, 0.25471228), (0.9057801, 0.46894643), (0.9076951, 0.2545664), (0.89982045, 0.46863165), (0.9845216, 0.54249233), (0.8850462, 0.53901863), (0.9931523, 0.5409571), (0.9763826, 0.54296863), (0.9683781, 0.5428989), (0.96039474, 0.54235315), (0.9523462, 0.5412202), (0.9440275, 0.5390181), (0.934171, 0.54095685), (0.9255404, 0.5424922), (0.9174015, 0.5429687), (0.909397, 0.542899), (0.9014135, 0.5423534), (0.89336497, 0.54122055), (0.82502764, 0.56875694), (0.9864283, 0.5544075), (0.8335524, 0.57367873), (0.8811118, 0.5505755), (0.99589825, 0.5528001), (0.815184, 0.5687569), (0.9770725, 0.5551759), (0.80665916, 0.57367873), (0.9678945, 0.5551481), (0.80173737, 0.5822035), (0.9587563, 0.5544575), (0.80173737, 0.59204715), (0.9495047, 0.5530164), (0.80665916, 0.600572), (0.94009286, 0.5505749), (0.9369172, 0.5527998), (0.815184, 0.6054938), (0.9274473, 0.5544073), (0.8250276, 0.6054938), (0.9180915, 0.5551759), (0.8335524, 0.600572), (0.9089135, 0.55514824), (0.8384743, 0.59204715), (0.89977527, 0.5544578), (0.8384743, 0.58220357), (0.8905237, 0.55301684), (0.60223037, 0.57085425), (0.4923603, 0.7782244), (0.4923603, 0.82728326), (0.5672739, 0.6070787), (0.47031817, 0.77225655), (0.45322612, 0.8130583), (0.62210125, 0.58179754), (0.6050091, 0.62259924), (0.64414334, 0.5877654), (0.45044723, 0.7613134), (0.64414334, 0.63682413), (0.41549087, 0.7975378), (0.56848717, 0.73282284), (0.41670394, 0.92328185), (0.42772615, 0.88898385), (0.4497513, 0.8230443), (0.43438178, 0.8683464), (0.44095892, 0.84844553), (0.4463497, 0.8326384), (0.6348507, 0.6466528), (0.4153333, 0.8119852), (0.58811903, 0.7027203), (0.41830823, 0.88736546), (0.6266186, 0.6553848), (0.41593212, 0.8247301), (0.6143709, 0.6688134), (0.41705552, 0.84379876), (0.60067344, 0.685224), (0.41830966, 0.8657039), (0.6015343, 0.63258517), (0.5795092, 0.69852483), (0.5981327, 0.6421793), (0.59274197, 0.65798646), (0.5861648, 0.67788726), (0.5700913, 0.6969064), (0.43633592, 0.89317936), (0.56711626, 0.62152606), (0.4830677, 0.8371119), (0.5700927, 0.6752448), (0.44889036, 0.8756831), (0.56883854, 0.6533397), (0.4625878, 0.8592725), (0.56771517, 0.63427097), (0.47483557, 0.8458439), (0.49074453, 0.8162224), (0.5762691, 0.59932303), (0.596572, 0.5788097), (0.49071002, 0.78782755), (0.583295, 0.5931442), (0.49014303, 0.8070564), (0.5908645, 0.5856204), (0.49004123, 0.7965408), (0.46658042, 0.7812792), (0.45642632, 0.80523026), (0.46324682, 0.7892266), (0.45946622, 0.7981508), (0.642493, 0.5973685), (0.44478884, 0.7692688), (0.6425275, 0.6257633), (0.42448607, 0.7897822), (0.64182425, 0.6060817), (0.43908143, 0.7760796), (0.64192605, 0.61659735), (0.43151194, 0.78360337), (0.6183635, 0.5908202), (0.6082093, 0.6147712), (0.6150298, 0.5987675), (0.6112492, 0.6076917), (0.90522575, 0.3616524), (0.9878, 0.36222985), (0.90050995, 0.36146593), (0.90994334, 0.36181545), (0.91466206, 0.3619548), (0.91938114, 0.36207017), (0.92409986, 0.3621618), (0.95949244, 0.36146578), (0.9288175, 0.36222997), (0.9642083, 0.36165226), (0.96892583, 0.36181542), (0.97364455, 0.36195472), (0.97836363, 0.3620701), (0.9830824, 0.36216167), (0.9111174, 0.015527278), (0.26649094, 0.73247224), (0.99589825, 0.016225487), (0.27021408, 0.73032266), (0.9915981, 0.016109377), (0.27451324, 0.73032266), (0.98729837, 0.015993237), (0.27823642, 0.73247224), (0.9829988, 0.01587689), (0.280386, 0.7361954), (0.978699, 0.015760452), (0.280386, 0.7404945), (0.974399, 0.015643865), (0.27823642, 0.7442177), (0.9369172, 0.016225725), (0.97009844, 0.015527248), (0.27451324, 0.74636734), (0.9326171, 0.016109616), (0.27021408, 0.74636734), (0.92831737, 0.015993416), (0.26649094, 0.7442177), (0.9240177, 0.015877038), (0.26434135, 0.7404945), (0.91971797, 0.015760541), (0.26434135, 0.7361954), (0.9154179, 0.015643895), (0.9080197, 0.12981516), (0.992811, 0.13051344), (0.99079704, 0.53725207), (0.8875668, 0.535746), (0.9885093, 0.13042471), (0.98360544, 0.5381825), (0.98420715, 0.13032484), (0.9761737, 0.5385536), (0.97990495, 0.13021392), (0.96865743, 0.5384861), (0.97560304, 0.13009201), (0.9611475, 0.5380173), (0.9713019, 0.1299591), (0.95372987, 0.53714156), (0.93382883, 0.13051361), (0.96700186, 0.12981516), (0.9465481, 0.5357455), (0.9318158, 0.5372519), (0.92952716, 0.13042489), (0.92462415, 0.53818244), (0.925225, 0.13032499), (0.91719246, 0.53855366), (0.9209229, 0.13021402), (0.9096762, 0.53848624), (0.91662097, 0.13009208), (0.90216625, 0.5380175), (0.9123198, 0.12995915), (0.8947485, 0.5371419), (0.9886718, 0.469203), (0.8938585, 0.46822172), (0.9027648, 0.25441232), (0.9913233, 0.2552117), (0.9863922, 0.25509933), (0.98267114, 0.46928176), (0.9814629, 0.2549787), (0.9766921, 0.46927044), (0.9765346, 0.25484967), (0.97072405, 0.46915972), (0.9716065, 0.25471216), (0.9647621, 0.46894625), (0.9666777, 0.25456634), (0.95880246, 0.46863145), (0.93234074, 0.25521183), (0.9617474, 0.25441223), (0.9528405, 0.4682215), (0.9296898, 0.469203), (0.9274096, 0.25509942), (0.9236891, 0.46928182), (0.9224804, 0.2549788), (0.9177101, 0.4692705), (0.91755205, 0.25484973), (0.9117421, 0.4691598), (0.91262394, 0.25471228), (0.9057801, 0.46894643), (0.9076951, 0.2545664), (0.89982045, 0.46863165), (0.9845216, 0.54249233), (0.8850462, 0.53901863), (0.9931523, 0.5409571), (0.9763826, 0.54296863), (0.9683781, 0.5428989), (0.96039474, 0.54235315), (0.9523462, 0.5412202), (0.9440275, 0.5390181), (0.934171, 0.54095685), (0.9255404, 0.5424922), (0.9174015, 0.5429687), (0.909397, 0.542899), (0.9014135, 0.5423534), (0.89336497, 0.54122055), (0.82502764, 0.56875694), (0.9864283, 0.5544075), (0.8335524, 0.57367873), (0.8811118, 0.5505755), (0.99589825, 0.5528001), (0.815184, 0.5687569), (0.9770725, 0.5551759), (0.80665916, 0.57367873), (0.9678945, 0.5551481), (0.80173737, 0.5822035), (0.9587563, 0.5544575), (0.80173737, 0.59204715), (0.9495047, 0.5530164), (0.80665916, 0.600572), (0.94009286, 0.5505749), (0.9369172, 0.5527998), (0.815184, 0.6054938), (0.9274473, 0.5544073), (0.8250276, 0.6054938), (0.9180915, 0.5551759), (0.8335524, 0.600572), (0.9089135, 0.55514824), (0.8384743, 0.59204715), (0.89977527, 0.5544578), (0.8384743, 0.58220357), (0.8905237, 0.55301684), (0.60223037, 0.57085425), (0.4923603, 0.7782244), (0.4923603, 0.82728326), (0.5672739, 0.6070787), (0.47031817, 0.77225655), (0.45322612, 0.8130583), (0.62210125, 0.58179754), (0.6050091, 0.62259924), (0.64414334, 0.5877654), (0.45044723, 0.7613134), (0.64414334, 0.63682413), (0.41549087, 0.7975378), (0.56848717, 0.73282284), (0.41670394, 0.92328185), (0.42772615, 0.88898385), (0.4497513, 0.8230443), (0.43438178, 0.8683464), (0.44095892, 0.84844553), (0.4463497, 0.8326384), (0.6348507, 0.6466528), (0.4153333, 0.8119852), (0.58811903, 0.7027203), (0.41830823, 0.88736546), (0.6266186, 0.6553848), (0.41593212, 0.8247301), (0.6143709, 0.6688134), (0.41705552, 0.84379876), (0.60067344, 0.685224), (0.41830966, 0.8657039), (0.6015343, 0.63258517), (0.5795092, 0.69852483), (0.5981327, 0.6421793), (0.59274197, 0.65798646), (0.5861648, 0.67788726), (0.5700913, 0.6969064), (0.43633592, 0.89317936), (0.56711626, 0.62152606), (0.4830677, 0.8371119), (0.5700927, 0.6752448), (0.44889036, 0.8756831), (0.56883854, 0.6533397), (0.4625878, 0.8592725), (0.56771517, 0.63427097), (0.47483557, 0.8458439), (0.49074453, 0.8162224), (0.5762691, 0.59932303), (0.596572, 0.5788097), (0.49071002, 0.78782755), (0.583295, 0.5931442), (0.49014303, 0.8070564), (0.5908645, 0.5856204), (0.49004123, 0.7965408), (0.46658042, 0.7812792), (0.45642632, 0.80523026), (0.46324682, 0.7892266), (0.45946622, 0.7981508), (0.642493, 0.5973685), (0.44478884, 0.7692688), (0.6425275, 0.6257633), (0.42448607, 0.7897822), (0.64182425, 0.6060817), (0.43908143, 0.7760796), (0.64192605, 0.61659735), (0.43151194, 0.78360337), (0.6183635, 0.5908202), (0.6082093, 0.6147712), (0.6150298, 0.5987675), (0.6112492, 0.6076917), (0.90522575, 0.3616524), (0.9878, 0.36222985), (0.90050995, 0.36146593), (0.90994334, 0.36181545), (0.91466206, 0.3619548), (0.91938114, 0.36207017), (0.92409986, 0.3621618), (0.95949244, 0.36146578), (0.9288175, 0.36222997), (0.9642083, 0.36165226), (0.96892583, 0.36181542), (0.97364455, 0.36195472), (0.97836363, 0.3620701), (0.9830824, 0.36216167), (0.9111174, 0.015527278), (0.26649094, 0.73247224), (0.99589825, 0.016225487), (0.27021408, 0.73032266), (0.9915981, 0.016109377), (0.27451324, 0.73032266), (0.98729837, 0.015993237), (0.27823642, 0.73247224), (0.9829988, 0.01587689), (0.280386, 0.7361954), (0.978699, 0.015760452), (0.280386, 0.7404945), (0.974399, 0.015643865), (0.27823642, 0.7442177), (0.9369172, 0.016225725), (0.97009844, 0.015527248), (0.27451324, 0.74636734), (0.9326171, 0.016109616), (0.27021408, 0.74636734), (0.92831737, 0.015993416), (0.26649094, 0.7442177), (0.9240177, 0.015877038), (0.26434135, 0.7404945), (0.91971797, 0.015760541), (0.26434135, 0.7361954), (0.9154179, 0.015643895), (0.9080197, 0.12981516), (0.992811, 0.13051344), (0.99079704, 0.53725207), (0.8875668, 0.535746), (0.9885093, 0.13042471), (0.98360544, 0.5381825), (0.98420715, 0.13032484), (0.9761737, 0.5385536), (0.97990495, 0.13021392), (0.96865743, 0.5384861), (0.97560304, 0.13009201), (0.9611475, 0.5380173), (0.9713019, 0.1299591), (0.95372987, 0.53714156), (0.93382883, 0.13051361), (0.96700186, 0.12981516), (0.9465481, 0.5357455), (0.9318158, 0.5372519), (0.92952716, 0.13042489), (0.92462415, 0.53818244), (0.925225, 0.13032499), (0.91719246, 0.53855366), (0.9209229, 0.13021402), (0.9096762, 0.53848624), (0.91662097, 0.13009208), (0.90216625, 0.5380175), (0.9123198, 0.12995915), (0.8947485, 0.5371419), (0.9886718, 0.469203), (0.8938585, 0.46822172), (0.9027648, 0.25441232), (0.9913233, 0.2552117), (0.9863922, 0.25509933), (0.98267114, 0.46928176), (0.9814629, 0.2549787), (0.9766921, 0.46927044), (0.9765346, 0.25484967), (0.97072405, 0.46915972), (0.9716065, 0.25471216), (0.9647621, 0.46894625), (0.9666777, 0.25456634), (0.95880246, 0.46863145), (0.93234074, 0.25521183), (0.9617474, 0.25441223), (0.9528405, 0.4682215), (0.9296898, 0.469203), (0.9274096, 0.25509942), (0.9236891, 0.46928182), (0.9224804, 0.2549788), (0.9177101, 0.4692705), (0.91755205, 0.25484973), (0.9117421, 0.4691598), (0.91262394, 0.25471228), (0.9057801, 0.46894643), (0.9076951, 0.2545664), (0.89982045, 0.46863165), (0.9845216, 0.54249233), (0.8850462, 0.53901863), (0.9931523, 0.5409571), (0.9763826, 0.54296863), (0.9683781, 0.5428989), (0.96039474, 0.54235315), (0.9523462, 0.5412202), (0.9440275, 0.5390181), (0.934171, 0.54095685), (0.9255404, 0.5424922), (0.9174015, 0.5429687), (0.909397, 0.542899), (0.9014135, 0.5423534), (0.89336497, 0.54122055), (0.82502764, 0.56875694), (0.9864283, 0.5544075), (0.8335524, 0.57367873), (0.8811118, 0.5505755), (0.99589825, 0.5528001), (0.815184, 0.5687569), (0.9770725, 0.5551759), (0.80665916, 0.57367873), (0.9678945, 0.5551481), (0.80173737, 0.5822035), (0.9587563, 0.5544575), (0.80173737, 0.59204715), (0.9495047, 0.5530164), (0.80665916, 0.600572), (0.94009286, 0.5505749), (0.9369172, 0.5527998), (0.815184, 0.6054938), (0.9274473, 0.5544073), (0.8250276, 0.6054938), (0.9180915, 0.5551759), (0.8335524, 0.600572), (0.9089135, 0.55514824), (0.8384743, 0.59204715), (0.89977527, 0.5544578), (0.8384743, 0.58220357), (0.8905237, 0.55301684), (0.60223037, 0.57085425), (0.4923603, 0.7782244), (0.4923603, 0.82728326), (0.5672739, 0.6070787), (0.47031817, 0.77225655), (0.45322612, 0.8130583), (0.62210125, 0.58179754), (0.6050091, 0.62259924), (0.64414334, 0.5877654), (0.45044723, 0.7613134), (0.64414334, 0.63682413), (0.41549087, 0.7975378), (0.56848717, 0.73282284), (0.41670394, 0.92328185), (0.42772615, 0.88898385), (0.4497513, 0.8230443), (0.43438178, 0.8683464), (0.44095892, 0.84844553), (0.4463497, 0.8326384), (0.6348507, 0.6466528), (0.4153333, 0.8119852), (0.58811903, 0.7027203), (0.41830823, 0.88736546), (0.6266186, 0.6553848), (0.41593212, 0.8247301), (0.6143709, 0.6688134), (0.41705552, 0.84379876), (0.60067344, 0.685224), (0.41830966, 0.8657039), (0.6015343, 0.63258517), (0.5795092, 0.69852483), (0.5981327, 0.6421793), (0.59274197, 0.65798646), (0.5861648, 0.67788726), (0.5700913, 0.6969064), (0.43633592, 0.89317936), (0.56711626, 0.62152606), (0.4830677, 0.8371119), (0.5700927, 0.6752448), (0.44889036, 0.8756831), (0.56883854, 0.6533397), (0.4625878, 0.8592725), (0.56771517, 0.63427097), (0.47483557, 0.8458439), (0.49074453, 0.8162224), (0.5762691, 0.59932303), (0.596572, 0.5788097), (0.49071002, 0.78782755), (0.583295, 0.5931442), (0.49014303, 0.8070564), (0.5908645, 0.5856204), (0.49004123, 0.7965408), (0.46658042, 0.7812792), (0.45642632, 0.80523026), (0.46324682, 0.7892266), (0.45946622, 0.7981508), (0.642493, 0.5973685), (0.44478884, 0.7692688), (0.6425275, 0.6257633), (0.42448607, 0.7897822), (0.64182425, 0.6060817), (0.43908143, 0.7760796), (0.64192605, 0.61659735), (0.43151194, 0.78360337), (0.6183635, 0.5908202), (0.6082093, 0.6147712), (0.6150298, 0.5987675), (0.6112492, 0.6076917), (0.90522575, 0.3616524), (0.9878, 0.36222985), (0.90050995, 0.36146593), (0.90994334, 0.36181545), (0.91466206, 0.3619548), (0.91938114, 0.36207017), (0.92409986, 0.3621618), (0.95949244, 0.36146578), (0.9288175, 0.36222997), (0.9642083, 0.36165226), (0.96892583, 0.36181542), (0.97364455, 0.36195472), (0.97836363, 0.3620701), (0.9830824, 0.36216167), (0.9111174, 0.015527278), (0.26649094, 0.73247224), (0.99589825, 0.016225487), (0.27021408, 0.73032266), (0.9915981, 0.016109377), (0.27451324, 0.73032266), (0.98729837, 0.015993237), (0.27823642, 0.73247224), (0.9829988, 0.01587689), (0.280386, 0.7361954), (0.978699, 0.015760452), (0.280386, 0.7404945), (0.974399, 0.015643865), (0.27823642, 0.7442177), (0.9369172, 0.016225725), (0.97009844, 0.015527248), (0.27451324, 0.74636734), (0.9326171, 0.016109616), (0.27021408, 0.74636734), (0.92831737, 0.015993416), (0.26649094, 0.7442177), (0.9240177, 0.015877038), (0.26434135, 0.7404945), (0.91971797, 0.015760541), (0.26434135, 0.7361954), (0.9154179, 0.015643895), (0.9080197, 0.12981516), (0.992811, 0.13051344), (0.99079704, 0.53725207), (0.8875668, 0.535746), (0.9885093, 0.13042471), (0.98360544, 0.5381825), (0.98420715, 0.13032484), (0.9761737, 0.5385536), (0.97990495, 0.13021392), (0.96865743, 0.5384861), (0.97560304, 0.13009201), (0.9611475, 0.5380173), (0.9713019, 0.1299591), (0.95372987, 0.53714156), (0.93382883, 0.13051361), (0.96700186, 0.12981516), (0.9465481, 0.5357455), (0.9318158, 0.5372519), (0.92952716, 0.13042489), (0.92462415, 0.53818244), (0.925225, 0.13032499), (0.91719246, 0.53855366), (0.9209229, 0.13021402), (0.9096762, 0.53848624), (0.91662097, 0.13009208), (0.90216625, 0.5380175), (0.9123198, 0.12995915), (0.8947485, 0.5371419), (0.9886718, 0.469203), (0.8938585, 0.46822172), (0.9027648, 0.25441232), (0.9913233, 0.2552117), (0.9863922, 0.25509933), (0.98267114, 0.46928176), (0.9814629, 0.2549787), (0.9766921, 0.46927044), (0.9765346, 0.25484967), (0.97072405, 0.46915972), (0.9716065, 0.25471216), (0.9647621, 0.46894625), (0.9666777, 0.25456634), (0.95880246, 0.46863145), (0.93234074, 0.25521183), (0.9617474, 0.25441223), (0.9528405, 0.4682215), (0.9296898, 0.469203), (0.9274096, 0.25509942), (0.9236891, 0.46928182), (0.9224804, 0.2549788), (0.9177101, 0.4692705), (0.91755205, 0.25484973), (0.9117421, 0.4691598), (0.91262394, 0.25471228), (0.9057801, 0.46894643), (0.9076951, 0.2545664), (0.89982045, 0.46863165), (0.9845216, 0.54249233), (0.8850462, 0.53901863), (0.9931523, 0.5409571), (0.9763826, 0.54296863), (0.9683781, 0.5428989), (0.96039474, 0.54235315), (0.9523462, 0.5412202), (0.9440275, 0.5390181), (0.934171, 0.54095685), (0.9255404, 0.5424922), (0.9174015, 0.5429687), (0.909397, 0.542899), (0.9014135, 0.5423534), (0.89336497, 0.54122055), (0.82502764, 0.56875694), (0.9864283, 0.5544075), (0.8335524, 0.57367873), (0.8811118, 0.5505755), (0.99589825, 0.5528001), (0.815184, 0.5687569), (0.9770725, 0.5551759), (0.80665916, 0.57367873), (0.9678945, 0.5551481), (0.80173737, 0.5822035), (0.9587563, 0.5544575), (0.80173737, 0.59204715), (0.9495047, 0.5530164), (0.80665916, 0.600572), (0.94009286, 0.5505749), (0.9369172, 0.5527998), (0.815184, 0.6054938), (0.9274473, 0.5544073), (0.8250276, 0.6054938), (0.9180915, 0.5551759), (0.8335524, 0.600572), (0.9089135, 0.55514824), (0.8384743, 0.59204715), (0.89977527, 0.5544578), (0.8384743, 0.58220357), (0.8905237, 0.55301684), (0.60223037, 0.57085425), (0.4923603, 0.7782244), (0.4923603, 0.82728326), (0.5672739, 0.6070787), (0.47031817, 0.77225655), (0.45322612, 0.8130583), (0.62210125, 0.58179754), (0.6050091, 0.62259924), (0.64414334, 0.5877654), (0.45044723, 0.7613134), (0.64414334, 0.63682413), (0.41549087, 0.7975378), (0.56848717, 0.73282284), (0.41670394, 0.92328185), (0.42772615, 0.88898385), (0.4497513, 0.8230443), (0.43438178, 0.8683464), (0.44095892, 0.84844553), (0.4463497, 0.8326384), (0.6348507, 0.6466528), (0.4153333, 0.8119852), (0.58811903, 0.7027203), (0.41830823, 0.88736546), (0.6266186, 0.6553848), (0.41593212, 0.8247301), (0.6143709, 0.6688134), (0.41705552, 0.84379876), (0.60067344, 0.685224), (0.41830966, 0.8657039), (0.6015343, 0.63258517), (0.5795092, 0.69852483), (0.5981327, 0.6421793), (0.59274197, 0.65798646), (0.5861648, 0.67788726), (0.5700913, 0.6969064), (0.43633592, 0.89317936), (0.56711626, 0.62152606), (0.4830677, 0.8371119), (0.5700927, 0.6752448), (0.44889036, 0.8756831), (0.56883854, 0.6533397), (0.4625878, 0.8592725), (0.56771517, 0.63427097), (0.47483557, 0.8458439), (0.49074453, 0.8162224), (0.5762691, 0.59932303), (0.596572, 0.5788097), (0.49071002, 0.78782755), (0.583295, 0.5931442), (0.49014303, 0.8070564), (0.5908645, 0.5856204), (0.49004123, 0.7965408), (0.46658042, 0.7812792), (0.45642632, 0.80523026), (0.46324682, 0.7892266), (0.45946622, 0.7981508), (0.642493, 0.5973685), (0.44478884, 0.7692688), (0.6425275, 0.6257633), (0.42448607, 0.7897822), (0.64182425, 0.6060817), (0.43908143, 0.7760796), (0.64192605, 0.61659735), (0.43151194, 0.78360337), (0.6183635, 0.5908202), (0.6082093, 0.6147712), (0.6150298, 0.5987675), (0.6112492, 0.6076917), (0.90522575, 0.3616524), (0.9878, 0.36222985), (0.90050995, 0.36146593), (0.90994334, 0.36181545), (0.91466206, 0.3619548), (0.91938114, 0.36207017), (0.92409986, 0.3621618), (0.95949244, 0.36146578), (0.9288175, 0.36222997), (0.9642083, 0.36165226), (0.96892583, 0.36181542), (0.97364455, 0.36195472), (0.97836363, 0.3620701), (0.9830824, 0.36216167), (0.9111174, 0.015527278), (0.26649094, 0.73247224), (0.99589825, 0.016225487), (0.27021408, 0.73032266), (0.9915981, 0.016109377), (0.27451324, 0.73032266), (0.98729837, 0.015993237), (0.27823642, 0.73247224), (0.9829988, 0.01587689), (0.280386, 0.7361954), (0.978699, 0.015760452), (0.280386, 0.7404945), (0.974399, 0.015643865), (0.27823642, 0.7442177), (0.9369172, 0.016225725), (0.97009844, 0.015527248), (0.27451324, 0.74636734), (0.9326171, 0.016109616), (0.27021408, 0.74636734), (0.92831737, 0.015993416), (0.26649094, 0.7442177), (0.9240177, 0.015877038), (0.26434135, 0.7404945), (0.91971797, 0.015760541), (0.26434135, 0.7361954), (0.9154179, 0.015643895), (0.9080197, 0.12981516), (0.992811, 0.13051344), (0.99079704, 0.53725207), (0.8875668, 0.535746), (0.9885093, 0.13042471), (0.98360544, 0.5381825), (0.98420715, 0.13032484), (0.9761737, 0.5385536), (0.97990495, 0.13021392), (0.96865743, 0.5384861), (0.97560304, 0.13009201), (0.9611475, 0.5380173), (0.9713019, 0.1299591), (0.95372987, 0.53714156), (0.93382883, 0.13051361), (0.96700186, 0.12981516), (0.9465481, 0.5357455), (0.9318158, 0.5372519), (0.92952716, 0.13042489), (0.92462415, 0.53818244), (0.925225, 0.13032499), (0.91719246, 0.53855366), (0.9209229, 0.13021402), (0.9096762, 0.53848624), (0.91662097, 0.13009208), (0.90216625, 0.5380175), (0.9123198, 0.12995915), (0.8947485, 0.5371419), (0.9886718, 0.469203), (0.8938585, 0.46822172), (0.9027648, 0.25441232), (0.9913233, 0.2552117), (0.9863922, 0.25509933), (0.98267114, 0.46928176), (0.9814629, 0.2549787), (0.9766921, 0.46927044), (0.9765346, 0.25484967), (0.97072405, 0.46915972), (0.9716065, 0.25471216), (0.9647621, 0.46894625), (0.9666777, 0.25456634), (0.95880246, 0.46863145), (0.93234074, 0.25521183), (0.9617474, 0.25441223), (0.9528405, 0.4682215), (0.9296898, 0.469203), (0.9274096, 0.25509942), (0.9236891, 0.46928182), (0.9224804, 0.2549788), (0.9177101, 0.4692705), (0.91755205, 0.25484973), (0.9117421, 0.4691598), (0.91262394, 0.25471228), (0.9057801, 0.46894643), (0.9076951, 0.2545664), (0.89982045, 0.46863165), (0.9845216, 0.54249233), (0.8850462, 0.53901863), (0.9931523, 0.5409571), (0.9763826, 0.54296863), (0.9683781, 0.5428989), (0.96039474, 0.54235315), (0.9523462, 0.5412202), (0.9440275, 0.5390181), (0.934171, 0.54095685), (0.9255404, 0.5424922), (0.9174015, 0.5429687), (0.909397, 0.542899), (0.9014135, 0.5423534), (0.89336497, 0.54122055), (0.82502764, 0.56875694), (0.9864283, 0.5544075), (0.8335524, 0.57367873), (0.8811118, 0.5505755), (0.99589825, 0.5528001), (0.815184, 0.5687569), (0.9770725, 0.5551759), (0.80665916, 0.57367873), (0.9678945, 0.5551481), (0.80173737, 0.5822035), (0.9587563, 0.5544575), (0.80173737, 0.59204715), (0.9495047, 0.5530164), (0.80665916, 0.600572), (0.94009286, 0.5505749), (0.9369172, 0.5527998), (0.815184, 0.6054938), (0.9274473, 0.5544073), (0.8250276, 0.6054938), (0.9180915, 0.5551759), (0.8335524, 0.600572), (0.9089135, 0.55514824), (0.8384743, 0.59204715), (0.89977527, 0.5544578), (0.8384743, 0.58220357), (0.8905237, 0.55301684), (0.60223037, 0.57085425), (0.4923603, 0.7782244), (0.4923603, 0.82728326), (0.5672739, 0.6070787), (0.47031817, 0.77225655), (0.45322612, 0.8130583), (0.62210125, 0.58179754), (0.6050091, 0.62259924), (0.64414334, 0.5877654), (0.45044723, 0.7613134), (0.64414334, 0.63682413), (0.41549087, 0.7975378), (0.56848717, 0.73282284), (0.41670394, 0.92328185), (0.42772615, 0.88898385), (0.4497513, 0.8230443), (0.43438178, 0.8683464), (0.44095892, 0.84844553), (0.4463497, 0.8326384), (0.6348507, 0.6466528), (0.4153333, 0.8119852), (0.58811903, 0.7027203), (0.41830823, 0.88736546), (0.6266186, 0.6553848), (0.41593212, 0.8247301), (0.6143709, 0.6688134), (0.41705552, 0.84379876), (0.60067344, 0.685224), (0.41830966, 0.8657039), (0.6015343, 0.63258517), (0.5795092, 0.69852483), (0.5981327, 0.6421793), (0.59274197, 0.65798646), (0.5861648, 0.67788726), (0.5700913, 0.6969064), (0.43633592, 0.89317936), (0.56711626, 0.62152606), (0.4830677, 0.8371119), (0.5700927, 0.6752448), (0.44889036, 0.8756831), (0.56883854, 0.6533397), (0.4625878, 0.8592725), (0.56771517, 0.63427097), (0.47483557, 0.8458439), (0.49074453, 0.8162224), (0.5762691, 0.59932303), (0.596572, 0.5788097), (0.49071002, 0.78782755), (0.583295, 0.5931442), (0.49014303, 0.8070564), (0.5908645, 0.5856204), (0.49004123, 0.7965408), (0.46658042, 0.7812792), (0.45642632, 0.80523026), (0.46324682, 0.7892266), (0.45946622, 0.7981508), (0.642493, 0.5973685), (0.44478884, 0.7692688), (0.6425275, 0.6257633), (0.42448607, 0.7897822), (0.64182425, 0.6060817), (0.43908143, 0.7760796), (0.64192605, 0.61659735), (0.43151194, 0.78360337), (0.6183635, 0.5908202), (0.6082093, 0.6147712), (0.6150298, 0.5987675), (0.6112492, 0.6076917), (0.90522575, 0.3616524), (0.9878, 0.36222985), (0.90050995, 0.36146593), (0.90994334, 0.36181545), (0.91466206, 0.3619548), (0.91938114, 0.36207017), (0.92409986, 0.3621618), (0.95949244, 0.36146578), (0.9288175, 0.36222997), (0.9642083, 0.36165226), (0.96892583, 0.36181542), (0.97364455, 0.36195472), (0.97836363, 0.3620701), (0.9830824, 0.36216167), (0.9111174, 0.015527278), (0.26649094, 0.73247224), (0.99589825, 0.016225487), (0.27021408, 0.73032266), (0.9915981, 0.016109377), (0.27451324, 0.73032266), (0.98729837, 0.015993237), (0.27823642, 0.73247224), (0.9829988, 0.01587689), (0.280386, 0.7361954), (0.978699, 0.015760452), (0.280386, 0.7404945), (0.974399, 0.015643865), (0.27823642, 0.7442177), (0.9369172, 0.016225725), (0.97009844, 0.015527248), (0.27451324, 0.74636734), (0.9326171, 0.016109616), (0.27021408, 0.74636734), (0.92831737, 0.015993416), (0.26649094, 0.7442177), (0.9240177, 0.015877038), (0.26434135, 0.7404945), (0.91971797, 0.015760541), (0.26434135, 0.7361954), (0.9154179, 0.015643895), (0.9080197, 0.12981516), (0.992811, 0.13051344), (0.99079704, 0.53725207), (0.8875668, 0.535746), (0.9885093, 0.13042471), (0.98360544, 0.5381825), (0.98420715, 0.13032484), (0.9761737, 0.5385536), (0.97990495, 0.13021392), (0.96865743, 0.5384861), (0.97560304, 0.13009201), (0.9611475, 0.5380173), (0.9713019, 0.1299591), (0.95372987, 0.53714156), (0.93382883, 0.13051361), (0.96700186, 0.12981516), (0.9465481, 0.5357455), (0.9318158, 0.5372519), (0.92952716, 0.13042489), (0.92462415, 0.53818244), (0.925225, 0.13032499), (0.91719246, 0.53855366), (0.9209229, 0.13021402), (0.9096762, 0.53848624), (0.91662097, 0.13009208), (0.90216625, 0.5380175), (0.9123198, 0.12995915), (0.8947485, 0.5371419), (0.9886718, 0.469203), (0.8938585, 0.46822172), (0.9027648, 0.25441232), (0.9913233, 0.2552117), (0.9863922, 0.25509933), (0.98267114, 0.46928176), (0.9814629, 0.2549787), (0.9766921, 0.46927044), (0.9765346, 0.25484967), (0.97072405, 0.46915972), (0.9716065, 0.25471216), (0.9647621, 0.46894625), (0.9666777, 0.25456634), (0.95880246, 0.46863145), (0.93234074, 0.25521183), (0.9617474, 0.25441223), (0.9528405, 0.4682215), (0.9296898, 0.469203), (0.9274096, 0.25509942), (0.9236891, 0.46928182), (0.9224804, 0.2549788), (0.9177101, 0.4692705), (0.91755205, 0.25484973), (0.9117421, 0.4691598), (0.91262394, 0.25471228), (0.9057801, 0.46894643), (0.9076951, 0.2545664), (0.89982045, 0.46863165), (0.9845216, 0.54249233), (0.8850462, 0.53901863), (0.9931523, 0.5409571), (0.9763826, 0.54296863), (0.9683781, 0.5428989), (0.96039474, 0.54235315), (0.9523462, 0.5412202), (0.9440275, 0.5390181), (0.934171, 0.54095685), (0.9255404, 0.5424922), (0.9174015, 0.5429687), (0.909397, 0.542899), (0.9014135, 0.5423534), (0.89336497, 0.54122055), (0.82502764, 0.56875694), (0.9864283, 0.5544075), (0.8335524, 0.57367873), (0.8811118, 0.5505755), (0.99589825, 0.5528001), (0.815184, 0.5687569), (0.9770725, 0.5551759), (0.80665916, 0.57367873), (0.9678945, 0.5551481), (0.80173737, 0.5822035), (0.9587563, 0.5544575), (0.80173737, 0.59204715), (0.9495047, 0.5530164), (0.80665916, 0.600572), (0.94009286, 0.5505749), (0.9369172, 0.5527998), (0.815184, 0.6054938), (0.9274473, 0.5544073), (0.8250276, 0.6054938), (0.9180915, 0.5551759), (0.8335524, 0.600572), (0.9089135, 0.55514824), (0.8384743, 0.59204715), (0.89977527, 0.5544578), (0.8384743, 0.58220357), (0.8905237, 0.55301684), (0.60223037, 0.57085425), (0.4923603, 0.7782244), (0.4923603, 0.82728326), (0.5672739, 0.6070787), (0.47031817, 0.77225655), (0.45322612, 0.8130583), (0.62210125, 0.58179754), (0.6050091, 0.62259924), (0.64414334, 0.5877654), (0.45044723, 0.7613134), (0.64414334, 0.63682413), (0.41549087, 0.7975378), (0.56848717, 0.73282284), (0.41670394, 0.92328185), (0.42772615, 0.88898385), (0.4497513, 0.8230443), (0.43438178, 0.8683464), (0.44095892, 0.84844553), (0.4463497, 0.8326384), (0.6348507, 0.6466528), (0.4153333, 0.8119852), (0.58811903, 0.7027203), (0.41830823, 0.88736546), (0.6266186, 0.6553848), (0.41593212, 0.8247301), (0.6143709, 0.6688134), (0.41705552, 0.84379876), (0.60067344, 0.685224), (0.41830966, 0.8657039), (0.6015343, 0.63258517), (0.5795092, 0.69852483), (0.5981327, 0.6421793), (0.59274197, 0.65798646), (0.5861648, 0.67788726), (0.5700913, 0.6969064), (0.43633592, 0.89317936), (0.56711626, 0.62152606), (0.4830677, 0.8371119), (0.5700927, 0.6752448), (0.44889036, 0.8756831), (0.56883854, 0.6533397), (0.4625878, 0.8592725), (0.56771517, 0.63427097), (0.47483557, 0.8458439), (0.49074453, 0.8162224), (0.5762691, 0.59932303), (0.596572, 0.5788097), (0.49071002, 0.78782755), (0.583295, 0.5931442), (0.49014303, 0.8070564), (0.5908645, 0.5856204), (0.49004123, 0.7965408), (0.46658042, 0.7812792), (0.45642632, 0.80523026), (0.46324682, 0.7892266), (0.45946622, 0.7981508), (0.642493, 0.5973685), (0.44478884, 0.7692688), (0.6425275, 0.6257633), (0.42448607, 0.7897822), (0.64182425, 0.6060817), (0.43908143, 0.7760796), (0.64192605, 0.61659735), (0.43151194, 0.78360337), (0.6183635, 0.5908202), (0.6082093, 0.6147712), (0.6150298, 0.5987675), (0.6112492, 0.6076917), (0.90522575, 0.3616524), (0.9878, 0.36222985), (0.90050995, 0.36146593), (0.90994334, 0.36181545), (0.91466206, 0.3619548), (0.91938114, 0.36207017), (0.92409986, 0.3621618), (0.95949244, 0.36146578), (0.9288175, 0.36222997), (0.9642083, 0.36165226), (0.96892583, 0.36181542), (0.97364455, 0.36195472), (0.97836363, 0.3620701), (0.9830824, 0.36216167), (0.9111174, 0.015527278), (0.26649094, 0.73247224), (0.99589825, 0.016225487), (0.27021408, 0.73032266), (0.9915981, 0.016109377), (0.27451324, 0.73032266), (0.98729837, 0.015993237), (0.27823642, 0.73247224), (0.9829988, 0.01587689), (0.280386, 0.7361954), (0.978699, 0.015760452), (0.280386, 0.7404945), (0.974399, 0.015643865), (0.27823642, 0.7442177), (0.9369172, 0.016225725), (0.97009844, 0.015527248), (0.27451324, 0.74636734), (0.9326171, 0.016109616), (0.27021408, 0.74636734), (0.92831737, 0.015993416), (0.26649094, 0.7442177), (0.9240177, 0.015877038), (0.26434135, 0.7404945), (0.91971797, 0.015760541), (0.26434135, 0.7361954), (0.9154179, 0.015643895), (0.21721712, 0.8444298), (0.24140209, 0.7792662), (0.08119547, 0.8444298), (0.24140209, 0.73101276), (0.16896376, 0.8444298), (0.21721712, 0.018099815), (0.24303272, 0.7792662), (0.08119547, 0.018099815), (0.24303272, 0.73101276), (0.16896376, 0.018099815), (0.22164458, 0.7792662), (0.10095295, 0.8444298), (0.22164458, 0.73101276), (0.14920627, 0.8444298), (0.26279023, 0.7792662), (0.10095295, 0.018099815), (0.26279023, 0.73101276), (0.14920627, 0.018099815), (0.21721712, 0.8444298), (0.24140209, 0.7792662), (0.08119547, 0.8444298), (0.24140209, 0.73101276), (0.16896376, 0.8444298), (0.21721712, 0.018099815), (0.24303272, 0.7792662), (0.08119547, 0.018099815), (0.24303272, 0.73101276), (0.16896376, 0.018099815), (0.22164458, 0.7792662), (0.10095295, 0.8444298), (0.22164458, 0.73101276), (0.14920627, 0.8444298), (0.26279023, 0.7792662), (0.10095295, 0.018099815), (0.26279023, 0.73101276), (0.14920627, 0.018099815)] (
                interpolation = "faceVarying"
            )
            int[] primvars:st:indices = [26, 54, 30, 0, 6, 34, 36, 8, 8, 36, 38, 10, 10, 38, 40, 12, 12, 40, 43, 15, 14, 42, 46, 18, 18, 46, 48, 20, 20, 48, 50, 22, 22, 50, 52, 24, 24, 52, 54, 26, 7, 5, 56, 59, 1, 31, 32, 4, 26, 0, 178, 203, 4, 32, 34, 6, 53, 25, 27, 55, 51, 23, 25, 53, 49, 21, 23, 51, 47, 19, 21, 49, 45, 17, 19, 47, 41, 13, 16, 44, 39, 11, 13, 41, 37, 9, 11, 39, 35, 7, 9, 37, 33, 5, 7, 35, 28, 2, 5, 33, 164, 166, 30, 54, 167, 164, 54, 52, 168, 167, 52, 50, 169, 168, 50, 48, 170, 169, 48, 46, 172, 170, 46, 42, 173, 171, 43, 40, 174, 173, 40, 38, 175, 174, 38, 36, 176, 175, 36, 34, 177, 176, 34, 32, 165, 177, 32, 31, 55, 27, 3, 29, 62, 61, 80, 82, 23, 21, 66, 67, 11, 9, 60, 61, 27, 25, 68, 69, 16, 13, 62, 63, 5, 2, 58, 56, 21, 19, 65, 66, 9, 7, 59, 60, 25, 23, 67, 68, 13, 11, 61, 62, 3, 27, 69, 57, 19, 17, 64, 65, 70, 72, 94, 92, 90, 88, 86, 83, 81, 79, 77, 75, 57, 69, 95, 73, 59, 56, 71, 76, 67, 66, 89, 91, 63, 62, 82, 84, 60, 59, 76, 78, 68, 67, 91, 93, 65, 64, 85, 87, 61, 60, 78, 80, 69, 68, 93, 95, 56, 58, 74, 71, 66, 65, 87, 89, 102, 160, 142, 96, 104, 152, 160, 102, 97, 143, 148, 100, 101, 98, 133, 111, 99, 103, 125, 132, 107, 101, 111, 116, 130, 126, 108, 103, 106, 115, 125, 126, 117, 108, 118, 110, 109, 126, 130, 134, 129, 129, 134, 136, 128, 128, 136, 138, 127, 127, 138, 132, 125, 131, 110, 112, 135, 135, 112, 113, 137, 137, 113, 114, 139, 139, 114, 111, 133, 117, 126, 129, 123, 123, 129, 128, 121, 121, 128, 127, 119, 119, 127, 125, 115, 110, 118, 124, 112, 112, 124, 122, 113, 113, 122, 120, 114, 114, 120, 116, 111, 110, 131, 109, 100, 148, 153, 105, 154, 106, 103, 161, 149, 101, 107, 155, 140, 98, 101, 149, 161, 141, 144, 163, 163, 144, 146, 162, 162, 146, 142, 160, 154, 161, 163, 158, 158, 163, 162, 156, 156, 162, 160, 152, 149, 155, 159, 151, 151, 159, 157, 150, 150, 157, 153, 148, 140, 149, 151, 145, 145, 151, 150, 147, 147, 150, 148, 143, 161, 103, 99, 141, 28, 33, 177, 165, 33, 35, 176, 177, 35, 37, 175, 176, 37, 39, 174, 175, 39, 41, 173, 174, 41, 44, 171, 173, 45, 47, 170, 172, 47, 49, 169, 170, 49, 51, 168, 169, 51, 53, 167, 168, 53, 55, 164, 167, 55, 29, 166, 164, 179, 181, 183, 185, 187, 189, 191, 194, 196, 198, 200, 202, 14, 18, 195, 192, 4, 6, 184, 182, 20, 22, 199, 197, 8, 10, 188, 186, 24, 26, 203, 201, 12, 15, 193, 190, 1, 4, 182, 180, 18, 20, 197, 195, 6, 8, 186, 184, 22, 24, 201, 199, 10, 12, 190, 188, 230, 258, 234, 204, 210, 238, 240, 212, 212, 240, 242, 214, 214, 242, 244, 216, 216, 244, 247, 219, 218, 246, 250, 222, 222, 250, 252, 224, 224, 252, 254, 226, 226, 254, 256, 228, 228, 256, 258, 230, 211, 209, 260, 263, 205, 235, 236, 208, 230, 204, 382, 407, 208, 236, 238, 210, 257, 229, 231, 259, 255, 227, 229, 257, 253, 225, 227, 255, 251, 223, 225, 253, 249, 221, 223, 251, 245, 217, 220, 248, 243, 215, 217, 245, 241, 213, 215, 243, 239, 211, 213, 241, 237, 209, 211, 239, 232, 206, 209, 237, 368, 370, 234, 258, 371, 368, 258, 256, 372, 371, 256, 254, 373, 372, 254, 252, 374, 373, 252, 250, 376, 374, 250, 246, 377, 375, 247, 244, 378, 377, 244, 242, 379, 378, 242, 240, 380, 379, 240, 238, 381, 380, 238, 236, 369, 381, 236, 235, 259, 231, 207, 233, 266, 265, 284, 286, 227, 225, 270, 271, 215, 213, 264, 265, 231, 229, 272, 273, 220, 217, 266, 267, 209, 206, 262, 260, 225, 223, 269, 270, 213, 211, 263, 264, 229, 227, 271, 272, 217, 215, 265, 266, 207, 231, 273, 261, 223, 221, 268, 269, 274, 276, 298, 296, 294, 292, 290, 287, 285, 283, 281, 279, 261, 273, 299, 277, 263, 260, 275, 280, 271, 270, 293, 295, 267, 266, 286, 288, 264, 263, 280, 282, 272, 271, 295, 297, 269, 268, 289, 291, 265, 264, 282, 284, 273, 272, 297, 299, 260, 262, 278, 275, 270, 269, 291, 293, 306, 364, 346, 300, 308, 356, 364, 306, 301, 347, 352, 304, 305, 302, 337, 315, 303, 307, 329, 336, 311, 305, 315, 320, 334, 330, 312, 307, 310, 319, 329, 330, 321, 312, 322, 314, 313, 330, 334, 338, 333, 333, 338, 340, 332, 332, 340, 342, 331, 331, 342, 336, 329, 335, 314, 316, 339, 339, 316, 317, 341, 341, 317, 318, 343, 343, 318, 315, 337, 321, 330, 333, 327, 327, 333, 332, 325, 325, 332, 331, 323, 323, 331, 329, 319, 314, 322, 328, 316, 316, 328, 326, 317, 317, 326, 324, 318, 318, 324, 320, 315, 314, 335, 313, 304, 352, 357, 309, 358, 310, 307, 365, 353, 305, 311, 359, 344, 302, 305, 353, 365, 345, 348, 367, 367, 348, 350, 366, 366, 350, 346, 364, 358, 365, 367, 362, 362, 367, 366, 360, 360, 366, 364, 356, 353, 359, 363, 355, 355, 363, 361, 354, 354, 361, 357, 352, 344, 353, 355, 349, 349, 355, 354, 351, 351, 354, 352, 347, 365, 307, 303, 345, 232, 237, 381, 369, 237, 239, 380, 381, 239, 241, 379, 380, 241, 243, 378, 379, 243, 245, 377, 378, 245, 248, 375, 377, 249, 251, 374, 376, 251, 253, 373, 374, 253, 255, 372, 373, 255, 257, 371, 372, 257, 259, 368, 371, 259, 233, 370, 368, 383, 385, 387, 389, 391, 393, 395, 398, 400, 402, 404, 406, 218, 222, 399, 396, 208, 210, 388, 386, 224, 226, 403, 401, 212, 214, 392, 390, 228, 230, 407, 405, 216, 219, 397, 394, 205, 208, 386, 384, 222, 224, 401, 399, 210, 212, 390, 388, 226, 228, 405, 403, 214, 216, 394, 392, 434, 462, 438, 408, 414, 442, 444, 416, 416, 444, 446, 418, 418, 446, 448, 420, 420, 448, 451, 423, 422, 450, 454, 426, 426, 454, 456, 428, 428, 456, 458, 430, 430, 458, 460, 432, 432, 460, 462, 434, 415, 413, 464, 467, 409, 439, 440, 412, 434, 408, 586, 611, 412, 440, 442, 414, 461, 433, 435, 463, 459, 431, 433, 461, 457, 429, 431, 459, 455, 427, 429, 457, 453, 425, 427, 455, 449, 421, 424, 452, 447, 419, 421, 449, 445, 417, 419, 447, 443, 415, 417, 445, 441, 413, 415, 443, 436, 410, 413, 441, 572, 574, 438, 462, 575, 572, 462, 460, 576, 575, 460, 458, 577, 576, 458, 456, 578, 577, 456, 454, 580, 578, 454, 450, 581, 579, 451, 448, 582, 581, 448, 446, 583, 582, 446, 444, 584, 583, 444, 442, 585, 584, 442, 440, 573, 585, 440, 439, 463, 435, 411, 437, 470, 469, 488, 490, 431, 429, 474, 475, 419, 417, 468, 469, 435, 433, 476, 477, 424, 421, 470, 471, 413, 410, 466, 464, 429, 427, 473, 474, 417, 415, 467, 468, 433, 431, 475, 476, 421, 419, 469, 470, 411, 435, 477, 465, 427, 425, 472, 473, 478, 480, 502, 500, 498, 496, 494, 491, 489, 487, 485, 483, 465, 477, 503, 481, 467, 464, 479, 484, 475, 474, 497, 499, 471, 470, 490, 492, 468, 467, 484, 486, 476, 475, 499, 501, 473, 472, 493, 495, 469, 468, 486, 488, 477, 476, 501, 503, 464, 466, 482, 479, 474, 473, 495, 497, 510, 568, 550, 504, 512, 560, 568, 510, 505, 551, 556, 508, 509, 506, 541, 519, 507, 511, 533, 540, 515, 509, 519, 524, 538, 534, 516, 511, 514, 523, 533, 534, 525, 516, 526, 518, 517, 534, 538, 542, 537, 537, 542, 544, 536, 536, 544, 546, 535, 535, 546, 540, 533, 539, 518, 520, 543, 543, 520, 521, 545, 545, 521, 522, 547, 547, 522, 519, 541, 525, 534, 537, 531, 531, 537, 536, 529, 529, 536, 535, 527, 527, 535, 533, 523, 518, 526, 532, 520, 520, 532, 530, 521, 521, 530, 528, 522, 522, 528, 524, 519, 518, 539, 517, 508, 556, 561, 513, 562, 514, 511, 569, 557, 509, 515, 563, 548, 506, 509, 557, 569, 549, 552, 571, 571, 552, 554, 570, 570, 554, 550, 568, 562, 569, 571, 566, 566, 571, 570, 564, 564, 570, 568, 560, 557, 563, 567, 559, 559, 567, 565, 558, 558, 565, 561, 556, 548, 557, 559, 553, 553, 559, 558, 555, 555, 558, 556, 551, 569, 511, 507, 549, 436, 441, 585, 573, 441, 443, 584, 585, 443, 445, 583, 584, 445, 447, 582, 583, 447, 449, 581, 582, 449, 452, 579, 581, 453, 455, 578, 580, 455, 457, 577, 578, 457, 459, 576, 577, 459, 461, 575, 576, 461, 463, 572, 575, 463, 437, 574, 572, 587, 589, 591, 593, 595, 597, 599, 602, 604, 606, 608, 610, 422, 426, 603, 600, 412, 414, 592, 590, 428, 430, 607, 605, 416, 418, 596, 594, 432, 434, 611, 609, 420, 423, 601, 598, 409, 412, 590, 588, 426, 428, 605, 603, 414, 416, 594, 592, 430, 432, 609, 607, 418, 420, 598, 596, 638, 666, 642, 612, 618, 646, 648, 620, 620, 648, 650, 622, 622, 650, 652, 624, 624, 652, 655, 627, 626, 654, 658, 630, 630, 658, 660, 632, 632, 660, 662, 634, 634, 662, 664, 636, 636, 664, 666, 638, 619, 617, 668, 671, 613, 643, 644, 616, 638, 612, 790, 815, 616, 644, 646, 618, 665, 637, 639, 667, 663, 635, 637, 665, 661, 633, 635, 663, 659, 631, 633, 661, 657, 629, 631, 659, 653, 625, 628, 656, 651, 623, 625, 653, 649, 621, 623, 651, 647, 619, 621, 649, 645, 617, 619, 647, 640, 614, 617, 645, 776, 778, 642, 666, 779, 776, 666, 664, 780, 779, 664, 662, 781, 780, 662, 660, 782, 781, 660, 658, 784, 782, 658, 654, 785, 783, 655, 652, 786, 785, 652, 650, 787, 786, 650, 648, 788, 787, 648, 646, 789, 788, 646, 644, 777, 789, 644, 643, 667, 639, 615, 641, 674, 673, 692, 694, 635, 633, 678, 679, 623, 621, 672, 673, 639, 637, 680, 681, 628, 625, 674, 675, 617, 614, 670, 668, 633, 631, 677, 678, 621, 619, 671, 672, 637, 635, 679, 680, 625, 623, 673, 674, 615, 639, 681, 669, 631, 629, 676, 677, 682, 684, 706, 704, 702, 700, 698, 695, 693, 691, 689, 687, 669, 681, 707, 685, 671, 668, 683, 688, 679, 678, 701, 703, 675, 674, 694, 696, 672, 671, 688, 690, 680, 679, 703, 705, 677, 676, 697, 699, 673, 672, 690, 692, 681, 680, 705, 707, 668, 670, 686, 683, 678, 677, 699, 701, 714, 772, 754, 708, 716, 764, 772, 714, 709, 755, 760, 712, 713, 710, 745, 723, 711, 715, 737, 744, 719, 713, 723, 728, 742, 738, 720, 715, 718, 727, 737, 738, 729, 720, 730, 722, 721, 738, 742, 746, 741, 741, 746, 748, 740, 740, 748, 750, 739, 739, 750, 744, 737, 743, 722, 724, 747, 747, 724, 725, 749, 749, 725, 726, 751, 751, 726, 723, 745, 729, 738, 741, 735, 735, 741, 740, 733, 733, 740, 739, 731, 731, 739, 737, 727, 722, 730, 736, 724, 724, 736, 734, 725, 725, 734, 732, 726, 726, 732, 728, 723, 722, 743, 721, 712, 760, 765, 717, 766, 718, 715, 773, 761, 713, 719, 767, 752, 710, 713, 761, 773, 753, 756, 775, 775, 756, 758, 774, 774, 758, 754, 772, 766, 773, 775, 770, 770, 775, 774, 768, 768, 774, 772, 764, 761, 767, 771, 763, 763, 771, 769, 762, 762, 769, 765, 760, 752, 761, 763, 757, 757, 763, 762, 759, 759, 762, 760, 755, 773, 715, 711, 753, 640, 645, 789, 777, 645, 647, 788, 789, 647, 649, 787, 788, 649, 651, 786, 787, 651, 653, 785, 786, 653, 656, 783, 785, 657, 659, 782, 784, 659, 661, 781, 782, 661, 663, 780, 781, 663, 665, 779, 780, 665, 667, 776, 779, 667, 641, 778, 776, 791, 793, 795, 797, 799, 801, 803, 806, 808, 810, 812, 814, 626, 630, 807, 804, 616, 618, 796, 794, 632, 634, 811, 809, 620, 622, 800, 798, 636, 638, 815, 813, 624, 627, 805, 802, 613, 616, 794, 792, 630, 632, 809, 807, 618, 620, 798, 796, 634, 636, 813, 811, 622, 624, 802, 800, 842, 870, 846, 816, 822, 850, 852, 824, 824, 852, 854, 826, 826, 854, 856, 828, 828, 856, 859, 831, 830, 858, 862, 834, 834, 862, 864, 836, 836, 864, 866, 838, 838, 866, 868, 840, 840, 868, 870, 842, 823, 821, 872, 875, 817, 847, 848, 820, 842, 816, 994, 1019, 820, 848, 850, 822, 869, 841, 843, 871, 867, 839, 841, 869, 865, 837, 839, 867, 863, 835, 837, 865, 861, 833, 835, 863, 857, 829, 832, 860, 855, 827, 829, 857, 853, 825, 827, 855, 851, 823, 825, 853, 849, 821, 823, 851, 844, 818, 821, 849, 980, 982, 846, 870, 983, 980, 870, 868, 984, 983, 868, 866, 985, 984, 866, 864, 986, 985, 864, 862, 988, 986, 862, 858, 989, 987, 859, 856, 990, 989, 856, 854, 991, 990, 854, 852, 992, 991, 852, 850, 993, 992, 850, 848, 981, 993, 848, 847, 871, 843, 819, 845, 878, 877, 896, 898, 839, 837, 882, 883, 827, 825, 876, 877, 843, 841, 884, 885, 832, 829, 878, 879, 821, 818, 874, 872, 837, 835, 881, 882, 825, 823, 875, 876, 841, 839, 883, 884, 829, 827, 877, 878, 819, 843, 885, 873, 835, 833, 880, 881, 886, 888, 910, 908, 906, 904, 902, 899, 897, 895, 893, 891, 873, 885, 911, 889, 875, 872, 887, 892, 883, 882, 905, 907, 879, 878, 898, 900, 876, 875, 892, 894, 884, 883, 907, 909, 881, 880, 901, 903, 877, 876, 894, 896, 885, 884, 909, 911, 872, 874, 890, 887, 882, 881, 903, 905, 918, 976, 958, 912, 920, 968, 976, 918, 913, 959, 964, 916, 917, 914, 949, 927, 915, 919, 941, 948, 923, 917, 927, 932, 946, 942, 924, 919, 922, 931, 941, 942, 933, 924, 934, 926, 925, 942, 946, 950, 945, 945, 950, 952, 944, 944, 952, 954, 943, 943, 954, 948, 941, 947, 926, 928, 951, 951, 928, 929, 953, 953, 929, 930, 955, 955, 930, 927, 949, 933, 942, 945, 939, 939, 945, 944, 937, 937, 944, 943, 935, 935, 943, 941, 931, 926, 934, 940, 928, 928, 940, 938, 929, 929, 938, 936, 930, 930, 936, 932, 927, 926, 947, 925, 916, 964, 969, 921, 970, 922, 919, 977, 965, 917, 923, 971, 956, 914, 917, 965, 977, 957, 960, 979, 979, 960, 962, 978, 978, 962, 958, 976, 970, 977, 979, 974, 974, 979, 978, 972, 972, 978, 976, 968, 965, 971, 975, 967, 967, 975, 973, 966, 966, 973, 969, 964, 956, 965, 967, 961, 961, 967, 966, 963, 963, 966, 964, 959, 977, 919, 915, 957, 844, 849, 993, 981, 849, 851, 992, 993, 851, 853, 991, 992, 853, 855, 990, 991, 855, 857, 989, 990, 857, 860, 987, 989, 861, 863, 986, 988, 863, 865, 985, 986, 865, 867, 984, 985, 867, 869, 983, 984, 869, 871, 980, 983, 871, 845, 982, 980, 995, 997, 999, 1001, 1003, 1005, 1007, 1010, 1012, 1014, 1016, 1018, 830, 834, 1011, 1008, 820, 822, 1000, 998, 836, 838, 1015, 1013, 824, 826, 1004, 1002, 840, 842, 1019, 1017, 828, 831, 1009, 1006, 817, 820, 998, 996, 834, 836, 1013, 1011, 822, 824, 1002, 1000, 838, 840, 1017, 1015, 826, 828, 1006, 1004, 1046, 1074, 1050, 1020, 1026, 1054, 1056, 1028, 1028, 1056, 1058, 1030, 1030, 1058, 1060, 1032, 1032, 1060, 1063, 1035, 1034, 1062, 1066, 1038, 1038, 1066, 1068, 1040, 1040, 1068, 1070, 1042, 1042, 1070, 1072, 1044, 1044, 1072, 1074, 1046, 1027, 1025, 1076, 1079, 1021, 1051, 1052, 1024, 1046, 1020, 1198, 1223, 1024, 1052, 1054, 1026, 1073, 1045, 1047, 1075, 1071, 1043, 1045, 1073, 1069, 1041, 1043, 1071, 1067, 1039, 1041, 1069, 1065, 1037, 1039, 1067, 1061, 1033, 1036, 1064, 1059, 1031, 1033, 1061, 1057, 1029, 1031, 1059, 1055, 1027, 1029, 1057, 1053, 1025, 1027, 1055, 1048, 1022, 1025, 1053, 1184, 1186, 1050, 1074, 1187, 1184, 1074, 1072, 1188, 1187, 1072, 1070, 1189, 1188, 1070, 1068, 1190, 1189, 1068, 1066, 1192, 1190, 1066, 1062, 1193, 1191, 1063, 1060, 1194, 1193, 1060, 1058, 1195, 1194, 1058, 1056, 1196, 1195, 1056, 1054, 1197, 1196, 1054, 1052, 1185, 1197, 1052, 1051, 1075, 1047, 1023, 1049, 1082, 1081, 1100, 1102, 1043, 1041, 1086, 1087, 1031, 1029, 1080, 1081, 1047, 1045, 1088, 1089, 1036, 1033, 1082, 1083, 1025, 1022, 1078, 1076, 1041, 1039, 1085, 1086, 1029, 1027, 1079, 1080, 1045, 1043, 1087, 1088, 1033, 1031, 1081, 1082, 1023, 1047, 1089, 1077, 1039, 1037, 1084, 1085, 1090, 1092, 1114, 1112, 1110, 1108, 1106, 1103, 1101, 1099, 1097, 1095, 1077, 1089, 1115, 1093, 1079, 1076, 1091, 1096, 1087, 1086, 1109, 1111, 1083, 1082, 1102, 1104, 1080, 1079, 1096, 1098, 1088, 1087, 1111, 1113, 1085, 1084, 1105, 1107, 1081, 1080, 1098, 1100, 1089, 1088, 1113, 1115, 1076, 1078, 1094, 1091, 1086, 1085, 1107, 1109, 1122, 1180, 1162, 1116, 1124, 1172, 1180, 1122, 1117, 1163, 1168, 1120, 1121, 1118, 1153, 1131, 1119, 1123, 1145, 1152, 1127, 1121, 1131, 1136, 1150, 1146, 1128, 1123, 1126, 1135, 1145, 1146, 1137, 1128, 1138, 1130, 1129, 1146, 1150, 1154, 1149, 1149, 1154, 1156, 1148, 1148, 1156, 1158, 1147, 1147, 1158, 1152, 1145, 1151, 1130, 1132, 1155, 1155, 1132, 1133, 1157, 1157, 1133, 1134, 1159, 1159, 1134, 1131, 1153, 1137, 1146, 1149, 1143, 1143, 1149, 1148, 1141, 1141, 1148, 1147, 1139, 1139, 1147, 1145, 1135, 1130, 1138, 1144, 1132, 1132, 1144, 1142, 1133, 1133, 1142, 1140, 1134, 1134, 1140, 1136, 1131, 1130, 1151, 1129, 1120, 1168, 1173, 1125, 1174, 1126, 1123, 1181, 1169, 1121, 1127, 1175, 1160, 1118, 1121, 1169, 1181, 1161, 1164, 1183, 1183, 1164, 1166, 1182, 1182, 1166, 1162, 1180, 1174, 1181, 1183, 1178, 1178, 1183, 1182, 1176, 1176, 1182, 1180, 1172, 1169, 1175, 1179, 1171, 1171, 1179, 1177, 1170, 1170, 1177, 1173, 1168, 1160, 1169, 1171, 1165, 1165, 1171, 1170, 1167, 1167, 1170, 1168, 1163, 1181, 1123, 1119, 1161, 1048, 1053, 1197, 1185, 1053, 1055, 1196, 1197, 1055, 1057, 1195, 1196, 1057, 1059, 1194, 1195, 1059, 1061, 1193, 1194, 1061, 1064, 1191, 1193, 1065, 1067, 1190, 1192, 1067, 1069, 1189, 1190, 1069, 1071, 1188, 1189, 1071, 1073, 1187, 1188, 1073, 1075, 1184, 1187, 1075, 1049, 1186, 1184, 1199, 1201, 1203, 1205, 1207, 1209, 1211, 1214, 1216, 1218, 1220, 1222, 1034, 1038, 1215, 1212, 1024, 1026, 1204, 1202, 1040, 1042, 1219, 1217, 1028, 1030, 1208, 1206, 1044, 1046, 1223, 1221, 1032, 1035, 1213, 1210, 1021, 1024, 1202, 1200, 1038, 1040, 1217, 1215, 1026, 1028, 1206, 1204, 1042, 1044, 1221, 1219, 1030, 1032, 1210, 1208, 1250, 1278, 1254, 1224, 1230, 1258, 1260, 1232, 1232, 1260, 1262, 1234, 1234, 1262, 1264, 1236, 1236, 1264, 1267, 1239, 1238, 1266, 1270, 1242, 1242, 1270, 1272, 1244, 1244, 1272, 1274, 1246, 1246, 1274, 1276, 1248, 1248, 1276, 1278, 1250, 1231, 1229, 1280, 1283, 1225, 1255, 1256, 1228, 1250, 1224, 1402, 1427, 1228, 1256, 1258, 1230, 1277, 1249, 1251, 1279, 1275, 1247, 1249, 1277, 1273, 1245, 1247, 1275, 1271, 1243, 1245, 1273, 1269, 1241, 1243, 1271, 1265, 1237, 1240, 1268, 1263, 1235, 1237, 1265, 1261, 1233, 1235, 1263, 1259, 1231, 1233, 1261, 1257, 1229, 1231, 1259, 1252, 1226, 1229, 1257, 1388, 1390, 1254, 1278, 1391, 1388, 1278, 1276, 1392, 1391, 1276, 1274, 1393, 1392, 1274, 1272, 1394, 1393, 1272, 1270, 1396, 1394, 1270, 1266, 1397, 1395, 1267, 1264, 1398, 1397, 1264, 1262, 1399, 1398, 1262, 1260, 1400, 1399, 1260, 1258, 1401, 1400, 1258, 1256, 1389, 1401, 1256, 1255, 1279, 1251, 1227, 1253, 1286, 1285, 1304, 1306, 1247, 1245, 1290, 1291, 1235, 1233, 1284, 1285, 1251, 1249, 1292, 1293, 1240, 1237, 1286, 1287, 1229, 1226, 1282, 1280, 1245, 1243, 1289, 1290, 1233, 1231, 1283, 1284, 1249, 1247, 1291, 1292, 1237, 1235, 1285, 1286, 1227, 1251, 1293, 1281, 1243, 1241, 1288, 1289, 1294, 1296, 1318, 1316, 1314, 1312, 1310, 1307, 1305, 1303, 1301, 1299, 1281, 1293, 1319, 1297, 1283, 1280, 1295, 1300, 1291, 1290, 1313, 1315, 1287, 1286, 1306, 1308, 1284, 1283, 1300, 1302, 1292, 1291, 1315, 1317, 1289, 1288, 1309, 1311, 1285, 1284, 1302, 1304, 1293, 1292, 1317, 1319, 1280, 1282, 1298, 1295, 1290, 1289, 1311, 1313, 1326, 1384, 1366, 1320, 1328, 1376, 1384, 1326, 1321, 1367, 1372, 1324, 1325, 1322, 1357, 1335, 1323, 1327, 1349, 1356, 1331, 1325, 1335, 1340, 1354, 1350, 1332, 1327, 1330, 1339, 1349, 1350, 1341, 1332, 1342, 1334, 1333, 1350, 1354, 1358, 1353, 1353, 1358, 1360, 1352, 1352, 1360, 1362, 1351, 1351, 1362, 1356, 1349, 1355, 1334, 1336, 1359, 1359, 1336, 1337, 1361, 1361, 1337, 1338, 1363, 1363, 1338, 1335, 1357, 1341, 1350, 1353, 1347, 1347, 1353, 1352, 1345, 1345, 1352, 1351, 1343, 1343, 1351, 1349, 1339, 1334, 1342, 1348, 1336, 1336, 1348, 1346, 1337, 1337, 1346, 1344, 1338, 1338, 1344, 1340, 1335, 1334, 1355, 1333, 1324, 1372, 1377, 1329, 1378, 1330, 1327, 1385, 1373, 1325, 1331, 1379, 1364, 1322, 1325, 1373, 1385, 1365, 1368, 1387, 1387, 1368, 1370, 1386, 1386, 1370, 1366, 1384, 1378, 1385, 1387, 1382, 1382, 1387, 1386, 1380, 1380, 1386, 1384, 1376, 1373, 1379, 1383, 1375, 1375, 1383, 1381, 1374, 1374, 1381, 1377, 1372, 1364, 1373, 1375, 1369, 1369, 1375, 1374, 1371, 1371, 1374, 1372, 1367, 1385, 1327, 1323, 1365, 1252, 1257, 1401, 1389, 1257, 1259, 1400, 1401, 1259, 1261, 1399, 1400, 1261, 1263, 1398, 1399, 1263, 1265, 1397, 1398, 1265, 1268, 1395, 1397, 1269, 1271, 1394, 1396, 1271, 1273, 1393, 1394, 1273, 1275, 1392, 1393, 1275, 1277, 1391, 1392, 1277, 1279, 1388, 1391, 1279, 1253, 1390, 1388, 1403, 1405, 1407, 1409, 1411, 1413, 1415, 1418, 1420, 1422, 1424, 1426, 1238, 1242, 1419, 1416, 1228, 1230, 1408, 1406, 1244, 1246, 1423, 1421, 1232, 1234, 1412, 1410, 1248, 1250, 1427, 1425, 1236, 1239, 1417, 1414, 1225, 1228, 1406, 1404, 1242, 1244, 1421, 1419, 1230, 1232, 1410, 1408, 1246, 1248, 1425, 1423, 1234, 1236, 1414, 1412, 1454, 1482, 1458, 1428, 1434, 1462, 1464, 1436, 1436, 1464, 1466, 1438, 1438, 1466, 1468, 1440, 1440, 1468, 1471, 1443, 1442, 1470, 1474, 1446, 1446, 1474, 1476, 1448, 1448, 1476, 1478, 1450, 1450, 1478, 1480, 1452, 1452, 1480, 1482, 1454, 1435, 1433, 1484, 1487, 1429, 1459, 1460, 1432, 1454, 1428, 1606, 1631, 1432, 1460, 1462, 1434, 1481, 1453, 1455, 1483, 1479, 1451, 1453, 1481, 1477, 1449, 1451, 1479, 1475, 1447, 1449, 1477, 1473, 1445, 1447, 1475, 1469, 1441, 1444, 1472, 1467, 1439, 1441, 1469, 1465, 1437, 1439, 1467, 1463, 1435, 1437, 1465, 1461, 1433, 1435, 1463, 1456, 1430, 1433, 1461, 1592, 1594, 1458, 1482, 1595, 1592, 1482, 1480, 1596, 1595, 1480, 1478, 1597, 1596, 1478, 1476, 1598, 1597, 1476, 1474, 1600, 1598, 1474, 1470, 1601, 1599, 1471, 1468, 1602, 1601, 1468, 1466, 1603, 1602, 1466, 1464, 1604, 1603, 1464, 1462, 1605, 1604, 1462, 1460, 1593, 1605, 1460, 1459, 1483, 1455, 1431, 1457, 1490, 1489, 1508, 1510, 1451, 1449, 1494, 1495, 1439, 1437, 1488, 1489, 1455, 1453, 1496, 1497, 1444, 1441, 1490, 1491, 1433, 1430, 1486, 1484, 1449, 1447, 1493, 1494, 1437, 1435, 1487, 1488, 1453, 1451, 1495, 1496, 1441, 1439, 1489, 1490, 1431, 1455, 1497, 1485, 1447, 1445, 1492, 1493, 1498, 1500, 1522, 1520, 1518, 1516, 1514, 1511, 1509, 1507, 1505, 1503, 1485, 1497, 1523, 1501, 1487, 1484, 1499, 1504, 1495, 1494, 1517, 1519, 1491, 1490, 1510, 1512, 1488, 1487, 1504, 1506, 1496, 1495, 1519, 1521, 1493, 1492, 1513, 1515, 1489, 1488, 1506, 1508, 1497, 1496, 1521, 1523, 1484, 1486, 1502, 1499, 1494, 1493, 1515, 1517, 1530, 1588, 1570, 1524, 1532, 1580, 1588, 1530, 1525, 1571, 1576, 1528, 1529, 1526, 1561, 1539, 1527, 1531, 1553, 1560, 1535, 1529, 1539, 1544, 1558, 1554, 1536, 1531, 1534, 1543, 1553, 1554, 1545, 1536, 1546, 1538, 1537, 1554, 1558, 1562, 1557, 1557, 1562, 1564, 1556, 1556, 1564, 1566, 1555, 1555, 1566, 1560, 1553, 1559, 1538, 1540, 1563, 1563, 1540, 1541, 1565, 1565, 1541, 1542, 1567, 1567, 1542, 1539, 1561, 1545, 1554, 1557, 1551, 1551, 1557, 1556, 1549, 1549, 1556, 1555, 1547, 1547, 1555, 1553, 1543, 1538, 1546, 1552, 1540, 1540, 1552, 1550, 1541, 1541, 1550, 1548, 1542, 1542, 1548, 1544, 1539, 1538, 1559, 1537, 1528, 1576, 1581, 1533, 1582, 1534, 1531, 1589, 1577, 1529, 1535, 1583, 1568, 1526, 1529, 1577, 1589, 1569, 1572, 1591, 1591, 1572, 1574, 1590, 1590, 1574, 1570, 1588, 1582, 1589, 1591, 1586, 1586, 1591, 1590, 1584, 1584, 1590, 1588, 1580, 1577, 1583, 1587, 1579, 1579, 1587, 1585, 1578, 1578, 1585, 1581, 1576, 1568, 1577, 1579, 1573, 1573, 1579, 1578, 1575, 1575, 1578, 1576, 1571, 1589, 1531, 1527, 1569, 1456, 1461, 1605, 1593, 1461, 1463, 1604, 1605, 1463, 1465, 1603, 1604, 1465, 1467, 1602, 1603, 1467, 1469, 1601, 1602, 1469, 1472, 1599, 1601, 1473, 1475, 1598, 1600, 1475, 1477, 1597, 1598, 1477, 1479, 1596, 1597, 1479, 1481, 1595, 1596, 1481, 1483, 1592, 1595, 1483, 1457, 1594, 1592, 1607, 1609, 1611, 1613, 1615, 1617, 1619, 1622, 1624, 1626, 1628, 1630, 1442, 1446, 1623, 1620, 1432, 1434, 1612, 1610, 1448, 1450, 1627, 1625, 1436, 1438, 1616, 1614, 1452, 1454, 1631, 1629, 1440, 1443, 1621, 1618, 1429, 1432, 1610, 1608, 1446, 1448, 1625, 1623, 1434, 1436, 1614, 1612, 1450, 1452, 1629, 1627, 1438, 1440, 1618, 1616, 1658, 1686, 1662, 1632, 1638, 1666, 1668, 1640, 1640, 1668, 1670, 1642, 1642, 1670, 1672, 1644, 1644, 1672, 1675, 1647, 1646, 1674, 1678, 1650, 1650, 1678, 1680, 1652, 1652, 1680, 1682, 1654, 1654, 1682, 1684, 1656, 1656, 1684, 1686, 1658, 1639, 1637, 1688, 1691, 1633, 1663, 1664, 1636, 1658, 1632, 1810, 1835, 1636, 1664, 1666, 1638, 1685, 1657, 1659, 1687, 1683, 1655, 1657, 1685, 1681, 1653, 1655, 1683, 1679, 1651, 1653, 1681, 1677, 1649, 1651, 1679, 1673, 1645, 1648, 1676, 1671, 1643, 1645, 1673, 1669, 1641, 1643, 1671, 1667, 1639, 1641, 1669, 1665, 1637, 1639, 1667, 1660, 1634, 1637, 1665, 1796, 1798, 1662, 1686, 1799, 1796, 1686, 1684, 1800, 1799, 1684, 1682, 1801, 1800, 1682, 1680, 1802, 1801, 1680, 1678, 1804, 1802, 1678, 1674, 1805, 1803, 1675, 1672, 1806, 1805, 1672, 1670, 1807, 1806, 1670, 1668, 1808, 1807, 1668, 1666, 1809, 1808, 1666, 1664, 1797, 1809, 1664, 1663, 1687, 1659, 1635, 1661, 1694, 1693, 1712, 1714, 1655, 1653, 1698, 1699, 1643, 1641, 1692, 1693, 1659, 1657, 1700, 1701, 1648, 1645, 1694, 1695, 1637, 1634, 1690, 1688, 1653, 1651, 1697, 1698, 1641, 1639, 1691, 1692, 1657, 1655, 1699, 1700, 1645, 1643, 1693, 1694, 1635, 1659, 1701, 1689, 1651, 1649, 1696, 1697, 1702, 1704, 1726, 1724, 1722, 1720, 1718, 1715, 1713, 1711, 1709, 1707, 1689, 1701, 1727, 1705, 1691, 1688, 1703, 1708, 1699, 1698, 1721, 1723, 1695, 1694, 1714, 1716, 1692, 1691, 1708, 1710, 1700, 1699, 1723, 1725, 1697, 1696, 1717, 1719, 1693, 1692, 1710, 1712, 1701, 1700, 1725, 1727, 1688, 1690, 1706, 1703, 1698, 1697, 1719, 1721, 1734, 1792, 1774, 1728, 1736, 1784, 1792, 1734, 1729, 1775, 1780, 1732, 1733, 1730, 1765, 1743, 1731, 1735, 1757, 1764, 1739, 1733, 1743, 1748, 1762, 1758, 1740, 1735, 1738, 1747, 1757, 1758, 1749, 1740, 1750, 1742, 1741, 1758, 1762, 1766, 1761, 1761, 1766, 1768, 1760, 1760, 1768, 1770, 1759, 1759, 1770, 1764, 1757, 1763, 1742, 1744, 1767, 1767, 1744, 1745, 1769, 1769, 1745, 1746, 1771, 1771, 1746, 1743, 1765, 1749, 1758, 1761, 1755, 1755, 1761, 1760, 1753, 1753, 1760, 1759, 1751, 1751, 1759, 1757, 1747, 1742, 1750, 1756, 1744, 1744, 1756, 1754, 1745, 1745, 1754, 1752, 1746, 1746, 1752, 1748, 1743, 1742, 1763, 1741, 1732, 1780, 1785, 1737, 1786, 1738, 1735, 1793, 1781, 1733, 1739, 1787, 1772, 1730, 1733, 1781, 1793, 1773, 1776, 1795, 1795, 1776, 1778, 1794, 1794, 1778, 1774, 1792, 1786, 1793, 1795, 1790, 1790, 1795, 1794, 1788, 1788, 1794, 1792, 1784, 1781, 1787, 1791, 1783, 1783, 1791, 1789, 1782, 1782, 1789, 1785, 1780, 1772, 1781, 1783, 1777, 1777, 1783, 1782, 1779, 1779, 1782, 1780, 1775, 1793, 1735, 1731, 1773, 1660, 1665, 1809, 1797, 1665, 1667, 1808, 1809, 1667, 1669, 1807, 1808, 1669, 1671, 1806, 1807, 1671, 1673, 1805, 1806, 1673, 1676, 1803, 1805, 1677, 1679, 1802, 1804, 1679, 1681, 1801, 1802, 1681, 1683, 1800, 1801, 1683, 1685, 1799, 1800, 1685, 1687, 1796, 1799, 1687, 1661, 1798, 1796, 1811, 1813, 1815, 1817, 1819, 1821, 1823, 1826, 1828, 1830, 1832, 1834, 1646, 1650, 1827, 1824, 1636, 1638, 1816, 1814, 1652, 1654, 1831, 1829, 1640, 1642, 1820, 1818, 1656, 1658, 1835, 1833, 1644, 1647, 1825, 1822, 1633, 1636, 1814, 1812, 1650, 1652, 1829, 1827, 1638, 1640, 1818, 1816, 1654, 1656, 1833, 1831, 1642, 1644, 1822, 1820, 1862, 1890, 1866, 1836, 1842, 1870, 1872, 1844, 1844, 1872, 1874, 1846, 1846, 1874, 1876, 1848, 1848, 1876, 1879, 1851, 1850, 1878, 1882, 1854, 1854, 1882, 1884, 1856, 1856, 1884, 1886, 1858, 1858, 1886, 1888, 1860, 1860, 1888, 1890, 1862, 1843, 1841, 1892, 1895, 1837, 1867, 1868, 1840, 1862, 1836, 2014, 2039, 1840, 1868, 1870, 1842, 1889, 1861, 1863, 1891, 1887, 1859, 1861, 1889, 1885, 1857, 1859, 1887, 1883, 1855, 1857, 1885, 1881, 1853, 1855, 1883, 1877, 1849, 1852, 1880, 1875, 1847, 1849, 1877, 1873, 1845, 1847, 1875, 1871, 1843, 1845, 1873, 1869, 1841, 1843, 1871, 1864, 1838, 1841, 1869, 2000, 2002, 1866, 1890, 2003, 2000, 1890, 1888, 2004, 2003, 1888, 1886, 2005, 2004, 1886, 1884, 2006, 2005, 1884, 1882, 2008, 2006, 1882, 1878, 2009, 2007, 1879, 1876, 2010, 2009, 1876, 1874, 2011, 2010, 1874, 1872, 2012, 2011, 1872, 1870, 2013, 2012, 1870, 1868, 2001, 2013, 1868, 1867, 1891, 1863, 1839, 1865, 1898, 1897, 1916, 1918, 1859, 1857, 1902, 1903, 1847, 1845, 1896, 1897, 1863, 1861, 1904, 1905, 1852, 1849, 1898, 1899, 1841, 1838, 1894, 1892, 1857, 1855, 1901, 1902, 1845, 1843, 1895, 1896, 1861, 1859, 1903, 1904, 1849, 1847, 1897, 1898, 1839, 1863, 1905, 1893, 1855, 1853, 1900, 1901, 1906, 1908, 1930, 1928, 1926, 1924, 1922, 1919, 1917, 1915, 1913, 1911, 1893, 1905, 1931, 1909, 1895, 1892, 1907, 1912, 1903, 1902, 1925, 1927, 1899, 1898, 1918, 1920, 1896, 1895, 1912, 1914, 1904, 1903, 1927, 1929, 1901, 1900, 1921, 1923, 1897, 1896, 1914, 1916, 1905, 1904, 1929, 1931, 1892, 1894, 1910, 1907, 1902, 1901, 1923, 1925, 1938, 1996, 1978, 1932, 1940, 1988, 1996, 1938, 1933, 1979, 1984, 1936, 1937, 1934, 1969, 1947, 1935, 1939, 1961, 1968, 1943, 1937, 1947, 1952, 1966, 1962, 1944, 1939, 1942, 1951, 1961, 1962, 1953, 1944, 1954, 1946, 1945, 1962, 1966, 1970, 1965, 1965, 1970, 1972, 1964, 1964, 1972, 1974, 1963, 1963, 1974, 1968, 1961, 1967, 1946, 1948, 1971, 1971, 1948, 1949, 1973, 1973, 1949, 1950, 1975, 1975, 1950, 1947, 1969, 1953, 1962, 1965, 1959, 1959, 1965, 1964, 1957, 1957, 1964, 1963, 1955, 1955, 1963, 1961, 1951, 1946, 1954, 1960, 1948, 1948, 1960, 1958, 1949, 1949, 1958, 1956, 1950, 1950, 1956, 1952, 1947, 1946, 1967, 1945, 1936, 1984, 1989, 1941, 1990, 1942, 1939, 1997, 1985, 1937, 1943, 1991, 1976, 1934, 1937, 1985, 1997, 1977, 1980, 1999, 1999, 1980, 1982, 1998, 1998, 1982, 1978, 1996, 1990, 1997, 1999, 1994, 1994, 1999, 1998, 1992, 1992, 1998, 1996, 1988, 1985, 1991, 1995, 1987, 1987, 1995, 1993, 1986, 1986, 1993, 1989, 1984, 1976, 1985, 1987, 1981, 1981, 1987, 1986, 1983, 1983, 1986, 1984, 1979, 1997, 1939, 1935, 1977, 1864, 1869, 2013, 2001, 1869, 1871, 2012, 2013, 1871, 1873, 2011, 2012, 1873, 1875, 2010, 2011, 1875, 1877, 2009, 2010, 1877, 1880, 2007, 2009, 1881, 1883, 2006, 2008, 1883, 1885, 2005, 2006, 1885, 1887, 2004, 2005, 1887, 1889, 2003, 2004, 1889, 1891, 2000, 2003, 1891, 1865, 2002, 2000, 2015, 2017, 2019, 2021, 2023, 2025, 2027, 2030, 2032, 2034, 2036, 2038, 1850, 1854, 2031, 2028, 1840, 1842, 2020, 2018, 1856, 1858, 2035, 2033, 1844, 1846, 2024, 2022, 1860, 1862, 2039, 2037, 1848, 1851, 2029, 2026, 1837, 1840, 2018, 2016, 1854, 1856, 2033, 2031, 1842, 1844, 2022, 2020, 1858, 1860, 2037, 2035, 1846, 1848, 2026, 2024, 2040, 2044, 2049, 2045, 2046, 2048, 2056, 2054, 2055, 2057, 2053, 2051, 2050, 2052, 2043, 2041, 2047, 2055, 2051, 2042, 2057, 2049, 2044, 2053, 2058, 2062, 2067, 2063, 2064, 2066, 2074, 2072, 2073, 2075, 2071, 2069, 2068, 2070, 2061, 2059, 2065, 2073, 2069, 2060, 2075, 2067, 2062, 2071]
            uniform token subdivisionScheme = "none"
            custom string userProperties:blender:data_name = "Torus.011"
        }
    }

    def Scope "_materials"
    {
        def Material "MI_MetalOrnaments"
        {
            token outputs:surface.connect = </root/_materials/MI_MetalOrnaments/Principled_BSDF.outputs:surface>
            custom string userProperties:blender:data_name = "MI_MetalOrnaments"

            def Shader "Principled_BSDF"
            {
                uniform token info:id = "UsdPreviewSurface"
                float inputs:clearcoat = 0
                float inputs:clearcoatRoughness = 0.03
                color3f inputs:diffuseColor.connect = </root/_materials/MI_MetalOrnaments/Image_Texture.outputs:rgb>
                float inputs:ior = 1.5
                float inputs:metallic = 1
                float inputs:opacity = 1
                float inputs:roughness.connect = </root/_materials/MI_MetalOrnaments/Image_Texture_001.outputs:r>
                float inputs:specular = 0.5
                token outputs:surface
            }

            def Shader "Image_Texture"
            {
                uniform token info:id = "UsdUVTexture"
                token inputs:sourceColorSpace = "sRGB"
                float2 inputs:st.connect = </root/_materials/MI_MetalOrnaments/uvmap.outputs:result>
                token inputs:wrapS = "repeat"
                token inputs:wrapT = "repeat"
                float3 outputs:rgb
            }

            def Shader "uvmap"
            {
                uniform token info:id = "UsdPrimvarReader_float2"
                string inputs:varname = "st"
                float2 outputs:result
            }

            def Shader "Image_Texture_001"
            {
                uniform token info:id = "UsdUVTexture"
                token inputs:sourceColorSpace = "raw"
                float2 inputs:st.connect = </root/_materials/MI_MetalOrnaments/uvmap.outputs:result>
                token inputs:wrapS = "repeat"
                token inputs:wrapT = "repeat"
                float outputs:r
            }
        }
    }
}

