#usda 1.0
(
    defaultPrim = "root"
    doc = "Blender v5.1.2"
    metersPerUnit = 1
    upAxis = "Y"
)

def Xform "root" (
    customData = {
        dictionary Blender = {
            bool generated = 1
        }
    }
)
{
    float3 xformOp:rotateXYZ = (-90, -0, 0)
    uniform token[] xformOpOrder = ["xformOp:rotateXYZ"]

    def Xform "Bush_Fruit"
    {
        custom string userProperties:blender:object_name = "Bush_Fruit"

        def Mesh "Cube_074" (
            active = true
            prepend apiSchemas = ["MaterialBindingAPI"]
        )
        {
            uniform bool doubleSided = 1
            float3[] extent = [(-1.7619288, -1.7643771, 0.028228527), (1.7619288, 1.7643771, 2.2629294)]
            int[] faceVertexCounts = [4, 4, 4, 4, 4, 4, 4, 4, 4, 4, 4, 4, 4, 4, 4, 4, 4, 4, 5, 4, 4, 4, 4, 4, 4, 4, 4, 4, 4, 4, 4, 4, 4, 4, 4, 4, 5, 4, 4, 4, 4, 4, 4, 4, 4, 4, 4, 4, 4, 4, 4, 4, 4, 4, 4, 4, 4, 4, 4, 4, 4, 4, 4, 4, 5, 4, 4, 4, 4, 4, 4, 4, 4, 4, 4, 4, 4, 4, 4, 4, 4, 4, 4, 4, 4, 4, 4, 4, 4, 4, 4, 5, 4, 4, 4, 4, 4, 4, 4, 4, 4, 4, 4, 4, 4, 4, 4, 4, 4, 4, 4, 4, 4, 5, 4, 4, 4, 4, 4, 4, 4, 4, 4, 4, 4, 4, 4, 4, 4, 4, 4, 5, 4, 4, 4, 4, 4, 4, 4, 4, 4, 4, 4, 4, 4, 4, 4, 4, 4, 4, 4, 4, 4, 4, 4, 4, 4, 4, 4, 4, 5, 4, 4, 4, 4, 4, 4, 4, 4, 4, 4, 4, 4, 4, 4, 4, 4, 4, 4, 4, 4, 4, 4, 4, 4, 5, 4, 4, 4, 4, 4, 4, 4, 4, 4, 4, 4, 4, 4, 4, 4, 4, 4, 4, 4, 4, 4, 5, 4, 4, 4, 4, 4, 4, 4, 4, 4, 4, 4, 4, 4, 4, 4, 4, 4, 5, 4, 4, 4, 4, 4, 4, 4, 4, 4, 4, 4, 4, 4, 4, 4, 4, 4, 4, 4, 4, 4, 4, 4, 4, 4, 4, 4, 4, 5, 4, 4, 4, 4, 4, 4, 4, 4, 4, 4, 4, 4, 4, 4, 4, 4, 4, 4, 4, 4, 4, 4, 4, 4, 5, 4, 4, 4, 4, 4, 4, 4, 4, 4, 4, 4, 4, 4, 4, 4, 4, 4, 4, 4, 4, 5, 4, 4, 4, 4, 4, 4, 4, 4, 4, 4, 4, 4, 4, 4, 4, 4, 4, 5, 4, 4, 4, 4, 4, 4, 4, 4, 4, 4, 4, 4, 4, 4, 4, 4, 4, 4, 4, 4, 4, 4, 4, 4, 4, 4, 4, 5, 4, 4, 4, 4, 4, 4, 4, 4, 4, 4, 4, 4, 4, 4, 4, 4, 4, 4, 4, 4, 4, 4, 4, 4, 4, 5, 4, 4, 4, 4, 4, 4, 4, 3, 4, 4, 4, 4, 4, 4, 4, 4, 4, 4, 4, 4, 4, 3, 4, 4, 3, 3, 4, 4, 4, 4, 4, 3, 4, 4, 4, 4, 4, 4, 4, 4, 4, 4, 4, 4, 4, 3, 4, 4, 3, 3, 4, 4, 4, 4, 4, 3, 4, 4, 4, 4, 4, 4, 4, 4, 4, 4, 4, 4, 4, 3, 4, 4, 3, 3, 4, 4, 4, 4, 4, 3, 4, 4, 4, 4, 4, 4, 4, 4, 4, 4, 4, 4, 4, 3, 4, 4, 3, 3, 4, 4, 4, 4, 4, 4, 4, 4, 3, 4, 4, 4, 4, 3, 3, 4, 4, 4, 5, 4, 4, 4, 4, 4, 4, 4, 4, 5, 4, 3, 4, 4, 4, 4, 4, 5, 4, 5, 4, 4, 4, 4, 4, 4, 4, 4, 4, 4, 4, 4, 4, 3, 5, 4, 4, 4, 3, 4, 4, 4, 4, 5, 4, 4, 4, 4, 4, 4, 4, 5, 3, 3, 4, 4, 4, 4, 4, 4, 5, 4, 4, 4, 4, 4, 4, 4, 4, 4, 4, 4, 4, 4, 4, 4, 3, 5, 4, 4, 4, 4, 3, 3, 4, 4, 4, 4, 5, 4, 4, 4, 4, 4, 4, 4, 5, 3, 4, 4, 4, 4, 4, 4, 5, 4, 4, 4, 4, 4, 4, 4, 4, 4, 4, 4, 4, 4, 4, 3, 4, 4, 4, 4, 3, 3, 4, 4, 4, 5, 4, 4, 4, 4, 4, 4, 4, 4, 5, 3, 4, 4, 4, 4, 4, 5, 4, 5, 4, 4, 4, 4, 4, 4, 4, 4, 4, 4, 4, 4, 4, 4, 4, 4, 4, 4, 4, 4, 4, 4, 4, 4, 4, 4, 4, 4, 4, 4, 4, 4, 4, 4, 4, 4, 4, 4, 4, 4, 4, 4, 4, 4, 4, 4, 4, 4, 4, 4, 4, 4, 4, 4, 4, 4, 4, 4, 4, 4, 4, 4, 4, 4, 4, 4, 4, 4, 4, 4, 4, 4, 4, 4, 4, 4, 4, 4, 4, 4, 4, 4, 4, 4, 4, 4, 4, 4, 4, 4, 4, 4, 4, 4, 4, 4, 4, 4, 4, 4, 4, 4, 4, 4, 4, 4, 4, 4, 4, 4, 4, 4, 4, 4, 4, 4, 4, 4, 4, 4, 4, 4, 4, 4, 4, 4, 4, 4, 4, 4, 4, 4, 4, 4, 4, 4, 4, 4, 4, 4, 4, 4, 4, 4, 4, 4, 4, 4, 4, 4, 4, 4, 4, 4, 4, 4, 4, 4, 4, 4, 4, 4, 4, 4, 4, 4, 4, 4, 4, 4, 4, 4, 4, 4, 4, 4, 4, 4, 4, 4, 4, 4, 4, 4, 4, 4, 4, 4, 4, 4, 4, 4, 4, 4, 4, 4, 4, 4, 4, 4, 4, 4, 4]
            int[] faceVertexIndices = [0, 216, 584, 190, 0, 190, 560, 192, 2, 1, 191, 194, 21, 0, 192, 193, 1, 212, 568, 207, 1, 207, 561, 191, 18, 212, 1, 2, 14, 206, 226, 3, 18, 2, 193, 192, 2, 194, 607, 193, 21, 227, 216, 0, 14, 3, 194, 191, 3, 226, 607, 194, 34, 4, 219, 235, 4, 239, 599, 203, 4, 203, 564, 219, 62, 61, 274, 288, 5, 196, 598, 204, 33, 242, 563, 196, 5, 34, 235, 33, 5, 34, 223, 239, 4, 33, 6, 231, 242, 6, 219, 564, 232, 6, 232, 572, 231, 7, 190, 584, 215, 7, 215, 586, 198, 7, 198, 565, 199, 7, 199, 560, 190, 8, 228, 560, 199, 8, 199, 565, 230, 8, 230, 571, 228, 32, 9, 222, 238, 24, 220, 29, 19, 16, 9, 240, 211, 33, 235, 219, 6, 10, 208, 569, 211, 31, 218, 562, 208, 10, 20, 237, 31, 10, 32, 224, 240, 9, 31, 11, 234, 218, 11, 221, 566, 229, 11, 229, 571, 234, 12, 207, 568, 210, 12, 210, 570, 200, 12, 200, 567, 202, 12, 202, 561, 207, 13, 189, 561, 197, 13, 197, 564, 203, 13, 203, 599, 205, 13, 205, 597, 189, 14, 191, 561, 189, 14, 189, 597, 206, 15, 188, 560, 201, 15, 201, 566, 209, 15, 209, 570, 210, 15, 210, 568, 188, 26, 222, 9, 16, 16, 211, 569, 195, 17, 217, 561, 202, 17, 202, 567, 233, 17, 233, 572, 217, 18, 192, 560, 188, 18, 188, 568, 212, 20, 10, 211, 240, 24, 19, 213, 562, 218, 69, 275, 259, 40, 19, 214, 585, 213, 30, 20, 240, 224, 31, 237, 221, 11, 21, 193, 607, 227, 29, 22, 241, 225, 22, 236, 565, 198, 22, 198, 586, 241, 30, 221, 237, 20, 23, 228, 571, 229, 23, 229, 566, 201, 23, 201, 560, 228, 29, 220, 236, 22, 28, 24, 218, 234, 25, 217, 572, 232, 25, 232, 564, 197, 25, 197, 561, 217, 28, 236, 220, 24, 27, 26, 242, 231, 27, 231, 572, 233, 27, 233, 567, 238, 28, 234, 571, 230, 28, 230, 565, 236, 29, 225, 214, 19, 30, 209, 566, 221, 30, 224, 570, 209, 26, 16, 195, 563, 242, 32, 200, 570, 224, 32, 238, 567, 200, 35, 245, 584, 216, 56, 248, 247, 35, 37, 249, 246, 36, 35, 247, 573, 245, 36, 262, 581, 267, 53, 37, 36, 267, 36, 246, 574, 262, 49, 38, 277, 261, 37, 248, 607, 249, 53, 247, 248, 37, 56, 35, 216, 227, 38, 249, 607, 277, 49, 246, 249, 38, 69, 285, 271, 39, 97, 96, 323, 337, 39, 271, 577, 258, 39, 258, 616, 289, 40, 259, 615, 251, 69, 40, 68, 285, 68, 40, 251, 576, 291, 69, 39, 289, 275, 41, 281, 588, 282, 41, 282, 577, 271, 68, 291, 281, 41, 42, 215, 584, 245, 42, 245, 573, 254, 42, 254, 578, 253, 42, 253, 586, 215, 43, 254, 573, 278, 43, 278, 587, 280, 43, 280, 578, 254, 67, 288, 274, 44, 68, 41, 271, 285, 51, 266, 290, 44, 59, 54, 64, 272, 45, 266, 582, 263, 55, 45, 66, 287, 66, 45, 263, 575, 270, 67, 44, 290, 276, 46, 284, 587, 279, 46, 279, 579, 273, 66, 270, 284, 46, 47, 265, 581, 262, 47, 262, 574, 257, 47, 257, 580, 255, 47, 255, 583, 265, 48, 252, 574, 244, 48, 244, 614, 260, 48, 260, 616, 258, 48, 258, 577, 252, 49, 244, 574, 246, 49, 261, 614, 244, 50, 256, 573, 243, 50, 243, 581, 265, 50, 265, 583, 264, 50, 264, 579, 256, 51, 250, 582, 266, 61, 51, 44, 274, 52, 257, 574, 269, 52, 269, 588, 283, 52, 283, 580, 257, 53, 243, 573, 247, 53, 267, 581, 243, 55, 290, 266, 45, 54, 268, 585, 214, 104, 223, 204, 75, 59, 270, 575, 268, 54, 65, 276, 290, 55, 66, 46, 273, 287, 56, 227, 607, 248, 64, 225, 241, 57, 65, 55, 287, 273, 57, 241, 586, 253, 57, 253, 578, 286, 58, 279, 587, 278, 58, 278, 573, 256, 58, 256, 579, 279, 64, 57, 286, 272, 63, 284, 270, 59, 60, 282, 588, 269, 60, 269, 574, 252, 60, 252, 577, 282, 63, 59, 272, 286, 62, 281, 291, 61, 62, 283, 588, 281, 62, 288, 580, 283, 63, 280, 587, 284, 63, 286, 578, 280, 64, 54, 214, 225, 65, 273, 579, 264, 65, 264, 583, 276, 61, 291, 576, 250, 51, 67, 276, 583, 255, 67, 255, 580, 288, 70, 294, 620, 317, 91, 297, 296, 70, 72, 298, 295, 71, 70, 296, 589, 294, 71, 308, 600, 313, 88, 72, 71, 313, 71, 295, 590, 308, 84, 73, 226, 206, 72, 297, 607, 298, 88, 296, 297, 72, 91, 70, 317, 326, 73, 298, 607, 226, 84, 295, 298, 73, 104, 334, 320, 74, 132, 381, 369, 131, 74, 320, 593, 307, 74, 307, 599, 239, 75, 204, 598, 300, 104, 75, 103, 334, 103, 75, 300, 592, 340, 104, 74, 239, 223, 76, 330, 604, 331, 76, 331, 593, 320, 103, 340, 330, 76, 77, 316, 620, 294, 77, 294, 589, 303, 77, 303, 594, 302, 77, 302, 622, 316, 78, 303, 589, 327, 78, 327, 603, 329, 78, 329, 594, 303, 102, 337, 323, 79, 103, 76, 320, 334, 86, 312, 338, 79, 94, 89, 99, 321, 80, 312, 601, 309, 90, 80, 101, 336, 101, 80, 309, 591, 319, 102, 79, 338, 324, 81, 333, 603, 328, 81, 328, 595, 322, 101, 319, 333, 81, 82, 311, 600, 308, 82, 308, 590, 306, 82, 306, 596, 304, 82, 304, 602, 311, 83, 301, 590, 293, 83, 293, 597, 205, 83, 205, 599, 307, 83, 307, 593, 301, 84, 293, 590, 295, 84, 206, 597, 293, 85, 305, 589, 292, 85, 292, 600, 311, 85, 311, 602, 310, 85, 310, 595, 305, 86, 299, 601, 312, 96, 86, 79, 323, 87, 306, 590, 318, 87, 318, 604, 332, 87, 332, 596, 306, 88, 292, 589, 296, 88, 313, 600, 292, 90, 338, 312, 80, 89, 314, 621, 315, 139, 110, 259, 275, 94, 319, 591, 314, 89, 100, 324, 338, 90, 101, 81, 322, 336, 91, 326, 607, 297, 99, 325, 339, 92, 100, 90, 336, 322, 92, 339, 622, 302, 92, 302, 594, 335, 93, 328, 603, 327, 93, 327, 589, 305, 93, 305, 595, 328, 99, 92, 335, 321, 98, 333, 319, 94, 95, 331, 604, 318, 95, 318, 590, 301, 95, 301, 593, 331, 98, 94, 321, 335, 97, 330, 340, 96, 97, 332, 604, 330, 97, 337, 596, 332, 98, 329, 603, 333, 98, 335, 594, 329, 99, 89, 315, 325, 100, 322, 595, 310, 100, 310, 602, 324, 96, 340, 592, 299, 86, 102, 324, 602, 304, 102, 304, 596, 337, 105, 317, 620, 343, 105, 343, 605, 345, 107, 106, 344, 347, 126, 105, 345, 346, 106, 362, 617, 357, 106, 357, 606, 344, 123, 362, 106, 107, 119, 261, 277, 108, 123, 107, 346, 345, 107, 347, 607, 346, 126, 326, 317, 105, 119, 108, 347, 344, 108, 277, 607, 347, 139, 109, 366, 378, 109, 289, 616, 356, 109, 356, 610, 366, 678, 471, 469, 684, 110, 349, 615, 259, 138, 383, 609, 349, 110, 139, 378, 138, 110, 139, 275, 289, 109, 138, 111, 374, 383, 111, 366, 610, 375, 111, 375, 624, 374, 112, 343, 620, 316, 112, 316, 622, 351, 112, 351, 611, 352, 112, 352, 605, 343, 113, 371, 605, 352, 113, 352, 611, 373, 113, 373, 623, 371, 137, 114, 369, 381, 129, 367, 134, 124, 121, 114, 382, 361, 138, 378, 366, 111, 115, 358, 618, 361, 136, 365, 608, 358, 115, 125, 380, 136, 115, 137, 370, 382, 114, 136, 116, 377, 365, 116, 368, 612, 372, 116, 372, 623, 377, 117, 357, 617, 360, 117, 360, 619, 353, 117, 353, 613, 355, 117, 355, 606, 357, 118, 342, 606, 350, 118, 350, 610, 356, 118, 356, 616, 260, 118, 260, 614, 342, 119, 344, 606, 342, 119, 342, 614, 261, 120, 341, 605, 354, 120, 354, 612, 359, 120, 359, 619, 360, 120, 360, 617, 341, 131, 369, 114, 121, 121, 361, 618, 348, 122, 364, 606, 355, 122, 355, 613, 376, 122, 376, 624, 364, 123, 345, 605, 341, 123, 341, 617, 362, 125, 115, 361, 382, 129, 124, 363, 608, 365, 124, 315, 621, 363, 135, 125, 382, 370, 136, 380, 368, 116, 126, 346, 607, 326, 134, 127, 339, 325, 127, 379, 611, 351, 127, 351, 622, 339, 135, 368, 380, 125, 128, 371, 623, 372, 128, 372, 612, 354, 128, 354, 605, 371, 134, 367, 379, 127, 133, 129, 365, 377, 130, 364, 624, 375, 130, 375, 610, 350, 130, 350, 606, 364, 133, 379, 367, 129, 132, 131, 383, 374, 132, 374, 624, 376, 132, 376, 613, 381, 133, 377, 623, 373, 133, 373, 611, 379, 134, 325, 315, 124, 135, 359, 612, 368, 135, 370, 619, 359, 131, 121, 348, 609, 383, 137, 353, 619, 370, 137, 381, 613, 353, 628, 633, 400, 389, 140, 386, 643, 398, 140, 398, 644, 388, 140, 388, 628, 389, 140, 389, 625, 386, 389, 400, 625, 630, 634, 399, 392, 141, 395, 631, 397, 141, 397, 632, 390, 141, 390, 630, 392, 141, 392, 626, 395, 142, 385, 626, 387, 142, 387, 627, 393, 142, 393, 654, 394, 142, 394, 653, 385, 143, 384, 625, 391, 143, 391, 629, 396, 143, 396, 632, 397, 143, 397, 631, 384, 392, 399, 626, 634, 627, 387, 399, 633, 629, 391, 400, 391, 625, 400, 387, 626, 399, 638, 406, 416, 645, 144, 398, 643, 403, 144, 403, 635, 406, 144, 406, 638, 405, 144, 405, 644, 398, 416, 406, 635, 640, 409, 415, 646, 145, 414, 641, 412, 145, 412, 636, 409, 145, 409, 640, 407, 145, 407, 642, 414, 146, 404, 636, 402, 146, 402, 665, 411, 146, 411, 666, 410, 146, 410, 637, 404, 147, 408, 635, 401, 147, 401, 641, 414, 147, 414, 642, 413, 147, 413, 639, 408, 415, 409, 636, 415, 404, 637, 646, 416, 408, 639, 645, 416, 635, 408, 415, 636, 404, 650, 422, 432, 657, 148, 430, 669, 419, 148, 419, 647, 422, 148, 422, 650, 421, 148, 421, 670, 430, 432, 422, 647, 652, 425, 431, 658, 149, 429, 655, 427, 149, 427, 648, 425, 149, 425, 652, 423, 149, 423, 656, 429, 150, 420, 648, 418, 150, 418, 653, 394, 150, 394, 654, 426, 150, 426, 649, 420, 151, 424, 647, 417, 151, 417, 655, 429, 151, 429, 656, 428, 151, 428, 651, 424, 431, 425, 648, 431, 420, 649, 658, 432, 424, 651, 657, 432, 647, 424, 431, 648, 420, 662, 671, 447, 438, 152, 435, 669, 430, 152, 430, 670, 437, 152, 437, 662, 438, 152, 438, 659, 435, 438, 447, 659, 664, 672, 446, 441, 153, 443, 667, 445, 153, 445, 668, 439, 153, 439, 664, 441, 153, 441, 660, 443, 154, 434, 660, 436, 154, 436, 661, 442, 154, 442, 666, 411, 154, 411, 665, 434, 155, 433, 659, 440, 155, 440, 663, 444, 155, 444, 668, 445, 155, 445, 667, 433, 441, 446, 660, 672, 661, 436, 446, 671, 663, 440, 447, 440, 659, 447, 436, 660, 446, 163, 156, 461, 470, 156, 474, 712, 455, 156, 455, 677, 461, 497, 502, 693, 701, 685, 468, 461, 677, 470, 461, 468, 477, 163, 465, 474, 156, 727, 482, 171, 495, 678, 684, 673, 673, 450, 453, 678, 158, 457, 682, 475, 686, 691, 483, 480, 162, 157, 464, 473, 685, 677, 674, 680, 685, 674, 684, 469, 463, 679, 472, 463, 469, 460, 162, 466, 475, 157, 163, 470, 477, 676, 452, 682, 451, 157, 475, 674, 456, 454, 680, 674, 677, 455, 449, 712, 710, 449, 455, 679, 458, 448, 673, 683, 681, 448, 458, 160, 467, 698, 459, 680, 473, 468, 685, 459, 675, 460, 462, 160, 701, 690, 491, 497, 673, 684, 679, 161, 158, 475, 466, 160, 159, 476, 467, 159, 471, 678, 453, 159, 453, 699, 476, 161, 463, 472, 158, 157, 451, 676, 477, 464, 160, 462, 471, 159, 158, 472, 460, 675, 457, 687, 693, 484, 486, 464, 477, 468, 473, 471, 462, 460, 469, 161, 458, 679, 463, 161, 466, 683, 458, 162, 454, 683, 466, 162, 473, 680, 454, 171, 499, 491, 164, 525, 530, 709, 717, 164, 491, 690, 485, 164, 485, 728, 503, 711, 510, 179, 465, 171, 164, 503, 495, 686, 700, 691, 482, 689, 505, 499, 171, 166, 504, 695, 487, 480, 483, 699, 697, 170, 502, 494, 165, 701, 693, 687, 700, 692, 493, 498, 497, 491, 499, 505, 170, 165, 504, 496, 481, 695, 504, 165, 487, 688, 490, 501, 166, 728, 485, 479, 726, 486, 484, 696, 694, 696, 488, 478, 694, 479, 485, 690, 687, 168, 489, 698, 467, 478, 488, 692, 686, 497, 505, 494, 502, 490, 688, 489, 168, 492, 701, 687, 690, 700, 686, 692, 717, 706, 519, 525, 169, 496, 504, 166, 168, 467, 476, 167, 169, 166, 501, 493, 167, 476, 699, 483, 167, 483, 691, 500, 505, 689, 481, 165, 494, 168, 167, 500, 492, 498, 500, 691, 700, 702, 707, 511, 508, 490, 492, 500, 498, 498, 493, 501, 490, 169, 493, 692, 488, 169, 488, 696, 496, 170, 496, 696, 484, 170, 484, 693, 502, 179, 527, 519, 172, 723, 555, 553, 735, 172, 519, 706, 513, 172, 513, 712, 474, 538, 727, 495, 187, 179, 172, 474, 465, 702, 716, 707, 510, 705, 533, 527, 179, 174, 531, 714, 515, 508, 511, 734, 732, 703, 709, 512, 514, 178, 530, 522, 173, 717, 709, 703, 717, 703, 706, 716, 708, 521, 526, 525, 519, 527, 533, 178, 173, 531, 523, 509, 714, 531, 173, 515, 704, 518, 529, 174, 712, 513, 507, 710, 514, 512, 715, 713, 715, 516, 506, 713, 507, 513, 706, 703, 176, 517, 733, 524, 506, 516, 708, 702, 525, 533, 522, 530, 518, 704, 517, 176, 520, 716, 702, 708, 736, 552, 547, 722, 177, 523, 531, 174, 176, 524, 532, 175, 177, 174, 529, 521, 175, 532, 734, 511, 175, 511, 707, 528, 533, 705, 509, 173, 522, 176, 175, 528, 520, 526, 528, 707, 716, 734, 539, 536, 732, 518, 520, 528, 526, 526, 521, 529, 518, 177, 521, 708, 516, 177, 516, 715, 523, 178, 523, 715, 512, 178, 512, 709, 530, 187, 180, 547, 554, 180, 503, 728, 541, 180, 541, 722, 547, 554, 547, 552, 559, 187, 495, 503, 180, 723, 735, 718, 718, 536, 539, 723, 182, 543, 730, 558, 731, 540, 542, 729, 186, 181, 550, 557, 736, 722, 719, 725, 736, 719, 735, 553, 549, 724, 556, 549, 553, 546, 186, 551, 558, 181, 187, 554, 559, 721, 538, 730, 537, 181, 558, 719, 542, 540, 725, 719, 722, 541, 535, 728, 726, 535, 541, 724, 544, 534, 718, 731, 729, 534, 544, 184, 524, 733, 545, 725, 557, 552, 736, 545, 720, 546, 548, 184, 718, 735, 724, 185, 182, 558, 551, 184, 183, 532, 524, 183, 555, 723, 539, 183, 539, 734, 532, 185, 549, 556, 182, 181, 537, 721, 559, 550, 184, 548, 555, 183, 182, 556, 546, 720, 543, 550, 559, 552, 557, 555, 548, 546, 553, 185, 544, 724, 549, 185, 551, 731, 544, 186, 540, 731, 551, 186, 557, 725, 540, 699, 453, 450, 697, 683, 454, 456, 681, 34, 5, 204, 223, 27, 238, 222, 26, 163, 452, 711, 465, 737, 785, 881, 786, 737, 786, 882, 787, 737, 787, 884, 788, 737, 788, 883, 785, 738, 789, 883, 788, 738, 788, 884, 790, 738, 790, 888, 791, 738, 791, 887, 789, 739, 792, 887, 791, 739, 791, 888, 793, 739, 793, 886, 794, 739, 794, 885, 792, 740, 795, 885, 794, 740, 794, 886, 796, 740, 796, 882, 786, 740, 786, 881, 795, 741, 785, 883, 789, 741, 789, 887, 792, 741, 792, 885, 795, 741, 795, 881, 785, 742, 793, 888, 790, 742, 790, 884, 787, 742, 787, 882, 796, 742, 796, 886, 793, 743, 797, 889, 798, 743, 798, 890, 799, 743, 799, 892, 800, 743, 800, 891, 797, 744, 801, 891, 800, 744, 800, 892, 802, 744, 802, 896, 803, 744, 803, 895, 801, 745, 804, 895, 803, 745, 803, 896, 805, 745, 805, 894, 806, 745, 806, 893, 804, 746, 807, 893, 806, 746, 806, 894, 808, 746, 808, 890, 798, 746, 798, 889, 807, 747, 797, 891, 801, 747, 801, 895, 804, 747, 804, 893, 807, 747, 807, 889, 797, 748, 805, 896, 802, 748, 802, 892, 799, 748, 799, 890, 808, 748, 808, 894, 805, 749, 809, 897, 810, 749, 810, 898, 811, 749, 811, 900, 812, 749, 812, 899, 809, 750, 813, 899, 812, 750, 812, 900, 814, 750, 814, 904, 815, 750, 815, 903, 813, 751, 816, 903, 815, 751, 815, 904, 817, 751, 817, 902, 818, 751, 818, 901, 816, 752, 819, 901, 818, 752, 818, 902, 820, 752, 820, 898, 810, 752, 810, 897, 819, 753, 809, 899, 813, 753, 813, 903, 816, 753, 816, 901, 819, 753, 819, 897, 809, 754, 817, 904, 814, 754, 814, 900, 811, 754, 811, 898, 820, 754, 820, 902, 817, 755, 821, 905, 822, 755, 822, 906, 823, 755, 823, 908, 824, 755, 824, 907, 821, 756, 825, 907, 824, 756, 824, 908, 826, 756, 826, 912, 827, 756, 827, 911, 825, 757, 828, 911, 827, 757, 827, 912, 829, 757, 829, 910, 830, 757, 830, 909, 828, 758, 831, 909, 830, 758, 830, 910, 832, 758, 832, 906, 822, 758, 822, 905, 831, 759, 821, 907, 825, 759, 825, 911, 828, 759, 828, 909, 831, 759, 831, 905, 821, 760, 829, 912, 826, 760, 826, 908, 823, 760, 823, 906, 832, 760, 832, 910, 829, 761, 833, 913, 834, 761, 834, 914, 835, 761, 835, 916, 836, 761, 836, 915, 833, 762, 837, 915, 836, 762, 836, 916, 838, 762, 838, 920, 839, 762, 839, 919, 837, 763, 840, 919, 839, 763, 839, 920, 841, 763, 841, 918, 842, 763, 842, 917, 840, 764, 843, 917, 842, 764, 842, 918, 844, 764, 844, 914, 834, 764, 834, 913, 843, 765, 833, 915, 837, 765, 837, 919, 840, 765, 840, 917, 843, 765, 843, 913, 833, 766, 841, 920, 838, 766, 838, 916, 835, 766, 835, 914, 844, 766, 844, 918, 841, 767, 845, 921, 846, 767, 846, 922, 847, 767, 847, 924, 848, 767, 848, 923, 845, 768, 849, 923, 848, 768, 848, 924, 850, 768, 850, 928, 851, 768, 851, 927, 849, 769, 852, 927, 851, 769, 851, 928, 853, 769, 853, 926, 854, 769, 854, 925, 852, 770, 855, 925, 854, 770, 854, 926, 856, 770, 856, 922, 846, 770, 846, 921, 855, 771, 845, 923, 849, 771, 849, 927, 852, 771, 852, 925, 855, 771, 855, 921, 845, 772, 853, 928, 850, 772, 850, 924, 847, 772, 847, 922, 856, 772, 856, 926, 853, 773, 857, 929, 858, 773, 858, 930, 859, 773, 859, 932, 860, 773, 860, 931, 857, 774, 861, 931, 860, 774, 860, 932, 862, 774, 862, 936, 863, 774, 863, 935, 861, 775, 864, 935, 863, 775, 863, 936, 865, 775, 865, 934, 866, 775, 866, 933, 864, 776, 867, 933, 866, 776, 866, 934, 868, 776, 868, 930, 858, 776, 858, 929, 867, 777, 857, 931, 861, 777, 861, 935, 864, 777, 864, 933, 867, 777, 867, 929, 857, 778, 865, 936, 862, 778, 862, 932, 859, 778, 859, 930, 868, 778, 868, 934, 865, 779, 869, 937, 870, 779, 870, 938, 871, 779, 871, 940, 872, 779, 872, 939, 869, 780, 873, 939, 872, 780, 872, 940, 874, 780, 874, 944, 875, 780, 875, 943, 873, 781, 876, 943, 875, 781, 875, 944, 877, 781, 877, 942, 878, 781, 878, 941, 876, 782, 879, 941, 878, 782, 878, 942, 880, 782, 880, 938, 870, 782, 870, 937, 879, 783, 869, 939, 873, 783, 873, 943, 876, 783, 876, 941, 879, 783, 879, 937, 869, 784, 877, 944, 874, 784, 874, 940, 871, 784, 871, 938, 880, 784, 880, 942, 877]
            rel material:binding = </root/_materials/Green>
            normal3f[] normals = [(-0.14722696, 0.40508345, 0.90234786), (-1.2225149e-7, 0.42557985, 0.9049209), (-2.544853e-7, 0.519907, 0.85422283), (-0.1805281, 0.5023296, 0.8456208), (-0.14722696, 0.40508345, 0.90234786), (-0.1805281, 0.5023296, 0.8456208), (-0.21805644, 0.5430074, 0.81092197), (-0.17604828, 0.3873765, 0.9049566), (-0.23905024, 0.23935546, 0.94104403), (-0.36075625, 0.20130211, 0.9106769), (-0.38739574, 0.1769253, 0.9047773), (-0.27745834, 0.18169773, 0.9433996), (-0.1458097, 0.3300457, 0.9326357), (-0.14722696, 0.40508345, 0.90234786), (-0.17604828, 0.3873765, 0.9049566), (-0.18146485, 0.27745208, 0.9434463), (-0.36075625, 0.20130211, 0.9106769), (-0.291154, 0.29057592, 0.9114796), (-0.36762467, 0.36529195, 0.85522735), (-0.4855074, 0.22152913, 0.8456993), (-0.36075625, 0.20130211, 0.9106769), (-0.4855074, 0.22152913, 0.8456993), (-0.5399414, 0.21934642, 0.81261945), (-0.38739574, 0.1769253, 0.9047773), (-0.20033017, 0.36077303, 0.9108845), (-0.291154, 0.29057592, 0.9114796), (-0.36075625, 0.20130211, 0.9106769), (-0.23905024, 0.23935546, 0.94104403), (-0.40546024, 0.14757596, 0.90212154), (-0.42596763, -1.6782366e-8, 0.90473837), (-0.3052949, -1.443365e-8, 0.9522579), (-0.3300166, 0.14595509, 0.93262327), (-0.20033017, 0.36077303, 0.9108845), (-0.23905024, 0.23935546, 0.94104403), (-0.18146485, 0.27745208, 0.9434463), (-0.17604828, 0.3873765, 0.9049566), (-0.23905024, 0.23935546, 0.94104403), (-0.27745834, 0.18169773, 0.9433996), (1.1733702e-8, 2.6074893e-9, 1), (-0.18146485, 0.27745208, 0.9434463), (-0.1458097, 0.3300457, 0.9326357), (-5.773396e-8, 0.3053075, 0.95225376), (-1.2225149e-7, 0.42557985, 0.9049209), (-0.14722696, 0.40508345, 0.90234786), (-0.40546024, 0.14757596, 0.90212154), (-0.3300166, 0.14595509, 0.93262327), (-0.27745834, 0.18169773, 0.9433996), (-0.38739574, 0.1769253, 0.9047773), (-0.3300166, 0.14595509, 0.93262327), (-0.3052949, -1.443365e-8, 0.9522579), (1.1733702e-8, 2.6074893e-9, 1), (-0.27745834, 0.18169773, 0.9433996), (-0.8779059, 0.44611478, 0.1739622), (-0.8353668, 0.44488734, 0.32285854), (-0.4531945, 0.8705141, 0.19188534), (-0.5042223, 0.86089337, 0.0679888), (-0.8353668, 0.44488734, 0.32285854), (-0.9354487, 5.0946262e-8, 0.35346252), (-0.78903383, 4.9814446e-9, 0.61434984), (-0.72137195, 0.37302572, 0.5835018), (-0.8353668, 0.44488734, 0.32285854), (-0.72137195, 0.37302572, 0.5835018), (-0.43827444, 0.78864574, 0.43122312), (-0.4531945, 0.8705141, 0.19188534), (0.686058, -0.72742444, 0.013347475), (0.6639279, -0.7446873, -0.068122484), (0.9636417, -0.2588694, 0.06619265), (0.935699, -0.29831687, 0.18834661), (0.17063351, 0.06868692, -0.98293763), (0.24546267, 0.050518923, -0.9680888), (0.28015888, 2.5277904e-8, -0.95995367), (0.14444436, -1.1955039e-8, -0.9895129), (0.18834671, 0.124221124, -0.97421485), (0.14637303, -0.06286364, -0.98723), (0.14804205, -0.058996588, -0.9872198), (0.24546267, 0.050518923, -0.9680888), (0.17063351, 0.06868692, -0.98293763), (0.07858176, 0.0787788, -0.9937901), (0.13356294, 0.151259, -0.97942924), (0.18834671, 0.124221124, -0.97421485), (0.17063351, 0.06868692, -0.98293763), (-0.8779059, 0.44611478, 0.1739622), (-0.97951174, 6.269484e-8, 0.20138709), (-0.9354487, 5.0946262e-8, 0.35346252), (-0.8353668, 0.44488734, 0.32285854), (0.078331, 0.9947261, -0.06621319), (0.049878098, 0.9986249, 0.016143125), (0.22057278, 0.97475374, -0.034680758), (0.22171658, 0.9716627, -0.081935085), (0.049878098, 0.9986249, 0.016143125), (-0.4531945, 0.8705141, 0.19188534), (-0.43827444, 0.78864574, 0.43122312), (0.0140431775, 0.9869036, 0.16069856), (0.049878098, 0.9986249, 0.016143125), (0.0140431775, 0.9869036, 0.16069856), (0.21853319, 0.9744205, 0.052420598), (0.22057278, 0.97475374, -0.034680758), (-0.27418715, 0.6051644, 0.7473938), (-0.1805281, 0.5023296, 0.8456208), (-2.544853e-7, 0.519907, 0.85422283), (-2.629779e-7, 0.63411003, 0.77324283), (-0.27418715, 0.6051644, 0.7473938), (-2.629779e-7, 0.63411003, 0.77324283), (-7.472844e-8, 0.78738624, 0.6164601), (-0.37638503, 0.7202234, 0.58276284), (-0.27418715, 0.6051644, 0.7473938), (-0.37638503, 0.7202234, 0.58276284), (-0.7846355, 0.45115545, 0.42521274), (-0.67552125, 0.43542367, 0.5950439), (-0.27418715, 0.6051644, 0.7473938), (-0.67552125, 0.43542367, 0.5950439), (-0.21805644, 0.5430074, 0.81092197), (-0.1805281, 0.5023296, 0.8456208), (-0.959386, 0.09254316, 0.2664851), (-0.92749876, 0.14546525, 0.344363), (-0.21805644, 0.5430074, 0.81092197), (-0.67552125, 0.43542367, 0.5950439), (-0.959386, 0.09254316, 0.2664851), (-0.67552125, 0.43542367, 0.5950439), (-0.7846355, 0.45115545, 0.42521274), (-0.98351306, 0.06428424, 0.1690252), (-0.959386, 0.09254316, 0.2664851), (-0.98351306, 0.06428424, 0.1690252), (-0.9923795, -0.08446741, 0.089712), (-0.92749876, 0.14546525, 0.344363), (-0.9102367, 0.26170832, 0.32090178), (-0.9410344, 0.29155707, 0.17160662), (-0.9636416, -0.2588694, 0.06619254), (-0.9356988, -0.29831725, 0.18834664), (-0.12939502, -0.18461345, -0.9742561), (-0.15998219, -0.12918657, -0.97862995), (-0.08025354, -0.07604082, -0.9938698), (-0.0721689, -0.16887122, -0.9829925), (0.068796374, -0.17046814, -0.9829586), (-0.0030288808, -0.11106181, -0.9938089), (0.03334899, -0.03291222, -0.99890167), (0.10099433, -0.10081159, -0.98976624), (0.078331, 0.9947261, -0.06621319), (-0.5042223, 0.86089337, 0.0679888), (-0.4531945, 0.8705141, 0.19188534), (0.049878098, 0.9986249, 0.016143125), (0.17137869, -0.06708015, -0.9829189), (0.20893684, -0.13190101, -0.96899307), (0.19684768, -0.19695398, -0.9604479), (0.10099433, -0.10081159, -0.98976624), (0.22364596, -0.037919007, -0.9739326), (0.06048346, -0.1425124, -0.9879433), (0.058496643, -0.14333807, -0.98794353), (0.20893684, -0.13190101, -0.96899307), (0.17137869, -0.06708015, -0.9829189), (0.11168463, 0.0045675603, -0.9937332), (0.207583, 0.023323495, -0.9779393), (0.22364596, -0.037919007, -0.9739326), (0.17137869, -0.06708015, -0.9829189), (-0.9102367, 0.26170832, 0.32090178), (-0.6640497, 0.6591503, 0.3529288), (-0.6937204, 0.6923182, 0.19861402), (-0.9410344, 0.29155707, 0.17160662), (0.72303987, 0.6901165, -0.030863503), (0.7003357, 0.71268475, 0.040128786), (0.7824459, 0.62258077, -0.013095231), (0.7905194, 0.60898584, -0.06492522), (0.7003357, 0.71268475, 0.040128786), (0.29413202, 0.932836, 0.20809461), (0.25174567, 0.8694329, 0.4251007), (0.65760237, 0.7335463, 0.17166527), (0.7003357, 0.71268475, 0.040128786), (0.65760237, 0.7335463, 0.17166527), (0.76300144, 0.6396793, 0.09294718), (0.7824459, 0.62258077, -0.013095231), (-0.62520397, 0.22594388, 0.74704045), (-0.4855074, 0.22152913, 0.8456993), (-0.36762467, 0.36529195, 0.85522735), (-0.4497655, 0.44536993, 0.77418125), (-0.62520397, 0.22594388, 0.74704045), (-0.4497655, 0.44536993, 0.77418125), (-0.5592528, 0.55372494, 0.616948), (-0.7787021, 0.23335765, 0.58238065), (-0.62520397, 0.22594388, 0.74704045), (-0.7787021, 0.23335765, 0.58238065), (-0.86981034, -0.25149608, 0.42447573), (-0.783719, -0.1949765, 0.5897192), (-0.62520397, 0.22594388, 0.74704045), (-0.783719, -0.1949765, 0.5897192), (-0.5399414, 0.21934642, 0.81261945), (-0.4855074, 0.22152913, 0.8456993), (-0.6056989, 0.27312657, 0.74734914), (-0.5025058, 0.18104163, 0.84540635), (-0.5399414, 0.21934642, 0.81261945), (-0.4146755, 0.6875204, 0.5961207), (-0.6056989, 0.27312657, 0.74734914), (-0.4146755, 0.6875204, 0.5961207), (-0.43827444, 0.78864574, 0.43122312), (-0.72137195, 0.37302572, 0.5835018), (-0.6056989, 0.27312657, 0.74734914), (-0.72137195, 0.37302572, 0.5835018), (-0.78903383, 4.9814446e-9, 0.61434984), (-0.63614035, -1.4612674e-8, 0.77157325), (-0.6056989, 0.27312657, 0.74734914), (-0.63614035, -1.4612674e-8, 0.77157325), (-0.52068526, 2.4016038e-9, 0.8537487), (-0.5025058, 0.18104163, 0.84540635), (-0.40546024, 0.14757596, 0.90212154), (-0.38739574, 0.1769253, 0.9047773), (-0.5399414, 0.21934642, 0.81261945), (-0.5025058, 0.18104163, 0.84540635), (-0.40546024, 0.14757596, 0.90212154), (-0.5025058, 0.18104163, 0.84540635), (-0.52068526, 2.4016038e-9, 0.8537487), (-0.42596763, -1.6782366e-8, 0.90473837), (-0.22447507, 0.6259339, 0.7468719), (-0.22043553, 0.48530728, 0.84609985), (-0.21805644, 0.5430074, 0.81092197), (0.18634354, 0.7874059, 0.58759505), (-0.22447507, 0.6259339, 0.7468719), (0.18634354, 0.7874059, 0.58759505), (0.25174567, 0.8694329, 0.4251007), (-0.2320543, 0.77905023, 0.5824359), (-0.22447507, 0.6259339, 0.7468719), (-0.2320543, 0.77905023, 0.5824359), (-0.5592528, 0.55372494, 0.616948), (-0.4497655, 0.44536993, 0.77418125), (-0.22447507, 0.6259339, 0.7468719), (-0.4497655, 0.44536993, 0.77418125), (-0.36762467, 0.36529195, 0.85522735), (-0.22043553, 0.48530728, 0.84609985), (0.039673284, -0.22308566, -0.97399116), (-0.019500257, -0.2046627, -0.9786383), (-0.0030288808, -0.11106181, -0.9938089), (0.068796374, -0.17046814, -0.9829586), (0.068796374, -0.17046814, -0.9829586), (0.10099433, -0.10081159, -0.98976624), (0.19684768, -0.19695398, -0.9604479), (0.13280179, -0.20954227, -0.9687392), (-0.70657384, -0.6656125, 0.24023606), (-0.7307173, -0.6036209, 0.3188951), (-0.5399414, 0.21934642, 0.81261945), (-0.783719, -0.1949765, 0.5897192), (-0.70657384, -0.6656125, 0.24023606), (-0.783719, -0.1949765, 0.5897192), (-0.86981034, -0.25149608, 0.42447573), (-0.70294994, -0.69369924, 0.15698019), (-0.70657384, -0.6656125, 0.24023606), (-0.70294994, -0.69369924, 0.15698019), (-0.56375825, -0.824055, 0.05576686), (-0.7307173, -0.6036209, 0.3188951), (-0.20033017, 0.36077303, 0.9108845), (-0.17604828, 0.3873765, 0.9049566), (-0.21805644, 0.5430074, 0.81092197), (-0.22043553, 0.48530728, 0.84609985), (-0.20033017, 0.36077303, 0.9108845), (-0.22043553, 0.48530728, 0.84609985), (-0.36762467, 0.36529195, 0.85522735), (-0.291154, 0.29057592, 0.9114796), (0.11168463, 0.0045675603, -0.9937332), (0.17137869, -0.06708015, -0.9829189), (0.10099433, -0.10081159, -0.98976624), (0.03334899, -0.03291222, -0.99890167), (-0.12939502, -0.18461345, -0.9742561), (-0.0721689, -0.16887122, -0.9829925), (-0.05421044, -0.2415869, -0.9688637), (0.058496643, -0.14333807, -0.98794353), (0.06048346, -0.1425124, -0.9879433), (-0.078581735, 0.07877875, -0.99379015), (-0.047204837, 5.5934475e-8, -0.9988852), (-0.14444433, 1.1955038e-8, -0.9895129), (-0.17063352, 0.06868688, -0.9829376), (-0.0721689, -0.16887122, -0.9829925), (-2.8690618e-8, -0.1444136, -0.9895174), (0, -0.27980104, -0.960058), (-0.05421044, -0.2415869, -0.9688637), (-0.26161242, 0.9092181, 0.32385397), (-0.2848023, 0.9424547, 0.17511939), (-0.6937204, 0.6923182, 0.19861402), (-0.6640497, 0.6591503, 0.3529288), (0.72303987, 0.6901165, -0.030863503), (0.27133048, 0.95809734, 0.09181154), (0.29413202, 0.932836, 0.20809461), (0.7003357, 0.71268475, 0.040128786), (-0.1458097, 0.3300457, 0.9326357), (-0.18146485, 0.27745208, 0.9434463), (1.1733702e-8, 2.6074893e-9, 1), (-5.773396e-8, 0.3053075, 0.95225376), (-0.44958276, 0.87634677, 0.1728925), (-0.44828022, 0.8339995, 0.3216983), (0, 0.935255, 0.35397464), (0, 0.979651, 0.20070876), (-0.44828022, 0.8339995, 0.3216983), (-0.8647248, 0.46523643, 0.18922518), (-0.7846355, 0.45115545, 0.42521274), (-0.37638503, 0.7202234, 0.58276284), (-0.44828022, 0.8339995, 0.3216983), (-0.37638503, 0.7202234, 0.58276284), (-7.472844e-8, 0.78738624, 0.6164601), (0, 0.935255, 0.35397464), (-0.26161242, 0.9092181, 0.32385397), (0.29413202, 0.932836, 0.20809461), (0.27133048, 0.95809734, 0.09181154), (-0.2848023, 0.9424547, 0.17511939), (0.62169135, 0.73955065, 0.2580011), (0.56446004, 0.75619465, 0.3309901), (0.76300144, 0.6396793, 0.09294718), (0.65760237, 0.7335463, 0.17166527), (0.62169135, 0.73955065, 0.2580011), (0.65760237, 0.7335463, 0.17166527), (0.25174567, 0.8694329, 0.4251007), (0.18634354, 0.7874059, 0.58759505), (0.62169135, 0.73955065, 0.2580011), (0.18634354, 0.7874059, 0.58759505), (-0.21805644, 0.5430074, 0.81092197), (0.56446004, 0.75619465, 0.3309901), (-0.44958276, 0.87634677, 0.1728925), (-0.85720503, 0.51054966, 0.06736895), (-0.8647248, 0.46523643, 0.18922518), (-0.44828022, 0.8339995, 0.3216983), (-0.9997575, 0.019571967, 0.0100914), (-0.9968069, -0.010747484, -0.07912321), (-0.9862701, -0.11946895, -0.11400991), (-0.99337846, -0.10604103, -0.04421041), (-0.009284052, 0.9697787, 0.24380943), (-0.07558709, 0.94244707, 0.32569924), (0.21853319, 0.9744205, 0.052420598), (0.0140431775, 0.9869036, 0.16069856), (-0.009284052, 0.9697787, 0.24380943), (0.0140431775, 0.9869036, 0.16069856), (-0.43827444, 0.78864574, 0.43122312), (-0.4146755, 0.6875204, 0.5961207), (-0.009284052, 0.9697787, 0.24380943), (-0.4146755, 0.6875204, 0.5961207), (-0.5399414, 0.21934642, 0.81261945), (-0.07558709, 0.94244707, 0.32569924), (-0.9997575, 0.019571967, 0.0100914), (-0.8647248, 0.46523643, 0.18922518), (-0.85720503, 0.51054966, 0.06736895), (-0.9968069, -0.010747484, -0.07912321), (-0.68605775, -0.7274246, 0.013347428), (-0.6639276, -0.74468744, -0.0681227), (-0.55673236, -0.82615066, -0.08674162), (-0.56119025, -0.82686406, -0.036896948), (-0.68605775, -0.7274246, 0.013347428), (-0.56119025, -0.82686406, -0.036896948), (-0.56375825, -0.824055, 0.05576686), (-0.70294994, -0.69369924, 0.15698019), (-0.68605775, -0.7274246, 0.013347428), (-0.70294994, -0.69369924, 0.15698019), (-0.86981034, -0.25149608, 0.42447573), (-0.9356988, -0.29831725, 0.18834664), (-0.9997575, 0.019571967, 0.0100914), (-0.99337846, -0.10604103, -0.04421041), (-0.9923795, -0.08446741, 0.089712), (-0.98351306, 0.06428424, 0.1690252), (-0.9997575, 0.019571967, 0.0100914), (-0.98351306, 0.06428424, 0.1690252), (-0.7846355, 0.45115545, 0.42521274), (-0.8647248, 0.46523643, 0.18922518), (-0.08025354, -0.07604082, -0.9938698), (-4.8763848e-8, -0.047411606, -0.9988755), (-2.8690618e-8, -0.1444136, -0.9895174), (-0.0721689, -0.16887122, -0.9829925), (-0.26161242, 0.9092181, 0.32385397), (-0.2320543, 0.77905023, 0.5824359), (0.25174567, 0.8694329, 0.4251007), (0.29413202, 0.932836, 0.20809461), (-0.26161242, 0.9092181, 0.32385397), (-0.6640497, 0.6591503, 0.3529288), (-0.5592528, 0.55372494, 0.616948), (-0.2320543, 0.77905023, 0.5824359), (0.039673284, -0.22308566, -0.97399116), (0.068796374, -0.17046814, -0.9829586), (0.13280179, -0.20954227, -0.9687392), (0.14804205, -0.058996588, -0.9872198), (0.14637303, -0.06286364, -0.98723), (-0.9102367, 0.26170832, 0.32090178), (-0.7787021, 0.23335765, 0.58238065), (-0.5592528, 0.55372494, 0.616948), (-0.6640497, 0.6591503, 0.3529288), (-0.9102367, 0.26170832, 0.32090178), (-0.9356988, -0.29831725, 0.18834664), (-0.86981034, -0.25149608, 0.42447573), (-0.7787021, 0.23335765, 0.58238065), (0.1472268, 0.40508345, 0.90234786), (0.18052807, 0.5023296, 0.8456208), (-2.544853e-7, 0.519907, 0.85422283), (-1.2225149e-7, 0.42557985, 0.9049209), (0.14580944, 0.3300457, 0.9326357), (0.18146504, 0.27745208, 0.9434463), (0.17604813, 0.3873765, 0.9049566), (0.1472268, 0.40508345, 0.90234786), (0.23905045, 0.23935546, 0.94104403), (0.27745873, 0.18169773, 0.9433995), (0.38739586, 0.17692523, 0.9047773), (0.3607562, 0.20130205, 0.9106769), (0.1472268, 0.40508345, 0.90234786), (0.17604813, 0.3873765, 0.9049566), (0.21805654, 0.5430073, 0.8109219), (0.18052807, 0.5023296, 0.8456208), (0.3607562, 0.20130205, 0.9106769), (0.48550755, 0.22152925, 0.84569925), (0.36762488, 0.36529186, 0.85522735), (0.29115394, 0.29057586, 0.91147953), (0.20032996, 0.36077303, 0.91088456), (0.23905045, 0.23935546, 0.94104403), (0.3607562, 0.20130205, 0.9106769), (0.29115394, 0.29057586, 0.91147953), (0.3607562, 0.20130205, 0.9106769), (0.38739586, 0.17692523, 0.9047773), (0.53994113, 0.21934676, 0.81261957), (0.48550755, 0.22152925, 0.84569925), (0.40546048, 0.14757593, 0.90212154), (0.33001694, 0.14595506, 0.93262315), (0.30529496, 1.6839259e-8, 0.9522579), (0.4259676, 1.9179845e-8, 0.90473837), (0.23905045, 0.23935546, 0.94104403), (0.18146504, 0.27745208, 0.9434463), (1.1733702e-8, 2.6074893e-9, 1), (0.27745873, 0.18169773, 0.9433995), (0.20032996, 0.36077303, 0.91088456), (0.17604813, 0.3873765, 0.9049566), (0.18146504, 0.27745208, 0.9434463), (0.23905045, 0.23935546, 0.94104403), (0.14580944, 0.3300457, 0.9326357), (0.1472268, 0.40508345, 0.90234786), (-1.2225149e-7, 0.42557985, 0.9049209), (-5.773396e-8, 0.3053075, 0.95225376), (0.33001694, 0.14595506, 0.93262315), (0.27745873, 0.18169773, 0.9433995), (1.1733702e-8, 2.6074893e-9, 1), (0.30529496, 1.6839259e-8, 0.9522579), (0.40546048, 0.14757593, 0.90212154), (0.38739586, 0.17692523, 0.9047773), (0.27745873, 0.18169773, 0.9433995), (0.33001694, 0.14595506, 0.93262315), (0.8779056, 0.44611487, 0.17396362), (0.5042223, 0.86089337, 0.06798941), (0.45319453, 0.87051404, 0.19188562), (0.8353665, 0.44488746, 0.32285923), (-0.686058, 0.72742444, 0.013347475), (-0.6639279, 0.7446873, -0.068122484), (-0.9636417, 0.2588694, 0.06619265), (-0.935699, 0.29831687, 0.18834661), (0.8353665, 0.44488746, 0.32285923), (0.45319453, 0.87051404, 0.19188562), (0.43827447, 0.78864574, 0.43122306), (0.72137195, 0.37302572, 0.5835018), (0.8353665, 0.44488746, 0.32285923), (0.72137195, 0.37302572, 0.5835018), (0.78903383, -1.9925778e-8, 0.61434984), (0.9354485, -6.623014e-8, 0.3534629), (-0.17063352, 0.06868688, -0.9829376), (-0.14444433, 1.1955038e-8, -0.9895129), (-0.28015888, -2.5277904e-8, -0.95995367), (-0.24546273, 0.050518975, -0.9680888), (-0.078581735, 0.07877875, -0.99379015), (-0.17063352, 0.06868688, -0.9829376), (-0.1883468, 0.12422118, -0.97421485), (-0.13356303, 0.1512589, -0.97942924), (-0.1883468, 0.12422118, -0.97421485), (-0.17063352, 0.06868688, -0.9829376), (-0.24546273, 0.050518975, -0.9680888), (-0.1480424, -0.058996614, -0.9872198), (-0.1463734, -0.06286368, -0.98723), (0.8779056, 0.44611487, 0.17396362), (0.8353665, 0.44488746, 0.32285923), (0.9354485, -6.623014e-8, 0.3534629), (0.97951156, -5.2245728e-8, 0.20138778), (-0.049878053, 0.9986249, 0.01614315), (-0.22057265, 0.9747538, -0.034680776), (-0.21853308, 0.9744205, 0.05242066), (-0.014043098, 0.98690355, 0.16069853), (-0.049878053, 0.9986249, 0.01614315), (-0.014043098, 0.98690355, 0.16069853), (0.43827447, 0.78864574, 0.43122306), (0.45319453, 0.87051404, 0.19188562), (-0.07833073, 0.9947261, -0.06621318), (-0.22171625, 0.97166276, -0.08193505), (-0.22057265, 0.9747538, -0.034680776), (-0.049878053, 0.9986249, 0.01614315), (0.27418712, 0.6051645, 0.7473937), (-2.629779e-7, 0.63411003, 0.77324283), (-2.544853e-7, 0.519907, 0.85422283), (0.18052807, 0.5023296, 0.8456208), (0.27418712, 0.6051645, 0.7473937), (0.18052807, 0.5023296, 0.8456208), (0.21805654, 0.5430073, 0.8109219), (0.67552185, 0.4354233, 0.5950435), (0.27418712, 0.6051645, 0.7473937), (0.67552185, 0.4354233, 0.5950435), (0.7846356, 0.4511554, 0.4252127), (0.376385, 0.72022355, 0.58276266), (0.27418712, 0.6051645, 0.7473937), (0.376385, 0.72022355, 0.58276266), (-7.472844e-8, 0.78738624, 0.6164601), (-2.629779e-7, 0.63411003, 0.77324283), (0.95938605, 0.09254294, 0.26648492), (0.67552185, 0.4354233, 0.5950435), (0.21805654, 0.5430073, 0.8109219), (0.9274995, 0.14546424, 0.34436184), (0.95938605, 0.09254294, 0.26648492), (0.9274995, 0.14546424, 0.34436184), (0.99237955, -0.08446726, 0.089712024), (0.98351306, 0.06428426, 0.1690253), (0.95938605, 0.09254294, 0.26648492), (0.98351306, 0.06428426, 0.1690253), (0.7846356, 0.4511554, 0.4252127), (0.67552185, 0.4354233, 0.5950435), (0.91023666, 0.26170826, 0.32090175), (0.935699, -0.29831687, 0.18834661), (0.9636417, -0.2588694, 0.06619265), (0.9410343, 0.29155698, 0.17160717), (-0.07833073, 0.9947261, -0.06621318), (-0.049878053, 0.9986249, 0.01614315), (0.45319453, 0.87051404, 0.19188562), (0.5042223, 0.86089337, 0.06798941), (-0.06879645, -0.17046812, -0.98295856), (-0.100994535, -0.10081151, -0.98976624), (-0.033349045, -0.03291208, -0.9989017), (0.003029106, -0.111061625, -0.9938089), (0.12939523, -0.18461344, -0.97425604), (0.07216901, -0.16887122, -0.9829925), (0.08025357, -0.07604082, -0.9938698), (0.15998246, -0.12918657, -0.97862995), (-0.17137864, -0.06708016, -0.9829189), (-0.100994535, -0.10081151, -0.98976624), (-0.1968481, -0.19695398, -0.96044785), (-0.20893684, -0.13190103, -0.96899307), (-0.11168455, 0.0045675775, -0.9937332), (-0.17137864, -0.06708016, -0.9829189), (-0.22364591, -0.037919015, -0.9739326), (-0.20758292, 0.023323487, -0.97793925), (-0.22364591, -0.037919015, -0.9739326), (-0.17137864, -0.06708016, -0.9829189), (-0.20893684, -0.13190103, -0.96899307), (-0.058496535, -0.14333807, -0.98794353), (-0.06048336, -0.1425124, -0.9879433), (0.91023666, 0.26170826, 0.32090175), (0.9410343, 0.29155698, 0.17160717), (0.6937201, 0.69231814, 0.19861503), (0.6640494, 0.65915036, 0.35292932), (-0.70033574, 0.7126847, 0.040128846), (-0.78244597, 0.6225807, -0.01309529), (-0.76300144, 0.6396793, 0.092946984), (-0.6576024, 0.73354626, 0.1716652), (-0.70033574, 0.7126847, 0.040128846), (-0.6576024, 0.73354626, 0.1716652), (-0.2517455, 0.8694329, 0.4251007), (-0.29413185, 0.93283606, 0.20809472), (-0.72304, 0.69011635, -0.030863382), (-0.79051965, 0.6089856, -0.06492505), (-0.78244597, 0.6225807, -0.01309529), (-0.70033574, 0.7126847, 0.040128846), (0.6252039, 0.22594407, 0.7470403), (0.4497658, 0.4453698, 0.7741812), (0.36762488, 0.36529186, 0.85522735), (0.48550755, 0.22152925, 0.84569925), (0.6252039, 0.22594407, 0.7470403), (0.48550755, 0.22152925, 0.84569925), (0.53994113, 0.21934676, 0.81261957), (0.78371894, -0.19497636, 0.58971936), (0.6252039, 0.22594407, 0.7470403), (0.78371894, -0.19497636, 0.58971936), (0.86981046, -0.25149584, 0.42447564), (0.7787022, 0.23335762, 0.58238053), (0.6252039, 0.22594407, 0.7470403), (0.7787022, 0.23335762, 0.58238053), (0.5592528, 0.55372494, 0.61694807), (0.4497658, 0.4453698, 0.7741812), (0.60569894, 0.27312657, 0.7473491), (0.41467544, 0.68752056, 0.59612054), (0.53994113, 0.21934676, 0.81261957), (0.5025057, 0.18104164, 0.84540635), (0.60569894, 0.27312657, 0.7473491), (0.5025057, 0.18104164, 0.84540635), (0.5206853, -4.8032076e-9, 0.8537486), (0.63614035, 9.7417825e-9, 0.77157325), (0.60569894, 0.27312657, 0.7473491), (0.63614035, 9.7417825e-9, 0.77157325), (0.78903383, -1.9925778e-8, 0.61434984), (0.72137195, 0.37302572, 0.5835018), (0.60569894, 0.27312657, 0.7473491), (0.72137195, 0.37302572, 0.5835018), (0.43827447, 0.78864574, 0.43122306), (0.41467544, 0.68752056, 0.59612054), (0.40546048, 0.14757593, 0.90212154), (0.5025057, 0.18104164, 0.84540635), (0.53994113, 0.21934676, 0.81261957), (0.38739586, 0.17692523, 0.9047773), (0.40546048, 0.14757593, 0.90212154), (0.4259676, 1.9179845e-8, 0.90473837), (0.5206853, -4.8032076e-9, 0.8537486), (0.5025057, 0.18104164, 0.84540635), (0.22447515, 0.62593406, 0.7468717), (-0.18634391, 0.7874059, 0.587595), (0.21805654, 0.5430073, 0.8109219), (0.22043523, 0.48530728, 0.8461), (0.22447515, 0.62593406, 0.7468717), (0.22043523, 0.48530728, 0.8461), (0.36762488, 0.36529186, 0.85522735), (0.4497658, 0.4453698, 0.7741812), (0.22447515, 0.62593406, 0.7468717), (0.4497658, 0.4453698, 0.7741812), (0.5592528, 0.55372494, 0.61694807), (0.2320545, 0.77905035, 0.58243567), (0.22447515, 0.62593406, 0.7468717), (0.2320545, 0.77905035, 0.58243567), (-0.2517455, 0.8694329, 0.4251007), (-0.18634391, 0.7874059, 0.587595), (-0.06879645, -0.17046812, -0.98295856), (-0.13280247, -0.20954233, -0.96873915), (-0.1968481, -0.19695398, -0.96044785), (-0.100994535, -0.10081151, -0.98976624), (-0.039673343, -0.22308582, -0.97399116), (-0.06879645, -0.17046812, -0.98295856), (0.003029106, -0.111061625, -0.9938089), (0.019501278, -0.20466276, -0.9786383), (0.7065738, -0.66561276, 0.24023576), (0.78371894, -0.19497636, 0.58971936), (0.53994113, 0.21934676, 0.81261957), (0.73071676, -0.60362184, 0.3188946), (0.7065738, -0.66561276, 0.24023576), (0.73071676, -0.60362184, 0.3188946), (0.56375843, -0.8240549, 0.05576668), (0.7029501, -0.6936991, 0.15698), (0.7065738, -0.66561276, 0.24023576), (0.7029501, -0.6936991, 0.15698), (0.86981046, -0.25149584, 0.42447564), (0.78371894, -0.19497636, 0.58971936), (0.20032996, 0.36077303, 0.91088456), (0.22043523, 0.48530728, 0.8461), (0.21805654, 0.5430073, 0.8109219), (0.17604813, 0.3873765, 0.9049566), (0.20032996, 0.36077303, 0.91088456), (0.29115394, 0.29057586, 0.91147953), (0.36762488, 0.36529186, 0.85522735), (0.22043523, 0.48530728, 0.8461), (-0.11168455, 0.0045675775, -0.9937332), (-0.033349045, -0.03291208, -0.9989017), (-0.100994535, -0.10081151, -0.98976624), (-0.17137864, -0.06708016, -0.9829189), (0.07216901, -0.16887122, -0.9829925), (0.054210555, -0.2415869, -0.9688637), (0, -0.27980104, -0.960058), (-2.8690618e-8, -0.1444136, -0.9895174), (0.078581765, -0.07877881, -0.9937901), (0.047204856, -5.3066007e-8, -0.9988852), (0.14444436, -1.1955039e-8, -0.9895129), (0.17063355, -0.06868691, -0.98293763), (0.12939523, -0.18461344, -0.97425604), (-0.06048336, -0.1425124, -0.9879433), (-0.058496535, -0.14333807, -0.98794353), (0.054210555, -0.2415869, -0.9688637), (0.07216901, -0.16887122, -0.9829925), (0.26161224, 0.909218, 0.32385436), (0.6640494, 0.65915036, 0.35292932), (0.6937201, 0.69231814, 0.19861503), (0.28480205, 0.94245464, 0.1751199), (-0.72304, 0.69011635, -0.030863382), (-0.70033574, 0.7126847, 0.040128846), (-0.29413185, 0.93283606, 0.20809472), (-0.27133048, 0.95809734, 0.09181154), (0.14580944, 0.3300457, 0.9326357), (-5.773396e-8, 0.3053075, 0.95225376), (1.1733702e-8, 2.6074893e-9, 1), (0.18146504, 0.27745208, 0.9434463), (0.4495828, 0.87634665, 0.1728924), (0, 0.979651, 0.20070876), (0, 0.935255, 0.35397464), (0.4482803, 0.8339995, 0.32169822), (0.26161224, 0.909218, 0.32385436), (0.28480205, 0.94245464, 0.1751199), (-0.27133048, 0.95809734, 0.09181154), (-0.29413185, 0.93283606, 0.20809472), (0.4482803, 0.8339995, 0.32169822), (0, 0.935255, 0.35397464), (-7.472844e-8, 0.78738624, 0.6164601), (0.376385, 0.72022355, 0.58276266), (0.4482803, 0.8339995, 0.32169822), (0.376385, 0.72022355, 0.58276266), (0.7846356, 0.4511554, 0.4252127), (0.8647248, 0.46523634, 0.18922509), (-0.6216916, 0.7395505, 0.2580011), (-0.6576024, 0.73354626, 0.1716652), (-0.76300144, 0.6396793, 0.092946984), (-0.56446105, 0.75619406, 0.33098987), (-0.6216916, 0.7395505, 0.2580011), (-0.56446105, 0.75619406, 0.33098987), (0.21805654, 0.5430073, 0.8109219), (-0.18634391, 0.7874059, 0.587595), (-0.6216916, 0.7395505, 0.2580011), (-0.18634391, 0.7874059, 0.587595), (-0.2517455, 0.8694329, 0.4251007), (-0.6576024, 0.73354626, 0.1716652), (0.4495828, 0.87634665, 0.1728924), (0.4482803, 0.8339995, 0.32169822), (0.8647248, 0.46523634, 0.18922509), (0.8572051, 0.51054955, 0.067368835), (0.9997575, 0.019572029, 0.010091395), (0.99337846, -0.10604091, -0.0442105), (0.9862702, -0.11946891, -0.114010036), (0.9968069, -0.010747455, -0.07912327), (0.009284123, 0.9697787, 0.24380927), (-0.014043098, 0.98690355, 0.16069853), (-0.21853308, 0.9744205, 0.05242066), (0.07558682, 0.94244736, 0.3256986), (0.009284123, 0.9697787, 0.24380927), (0.07558682, 0.94244736, 0.3256986), (0.53994113, 0.21934676, 0.81261957), (0.41467544, 0.68752056, 0.59612054), (0.009284123, 0.9697787, 0.24380927), (0.41467544, 0.68752056, 0.59612054), (0.43827447, 0.78864574, 0.43122306), (-0.014043098, 0.98690355, 0.16069853), (0.9997575, 0.019572029, 0.010091395), (0.9968069, -0.010747455, -0.07912327), (0.8572051, 0.51054955, 0.067368835), (0.8647248, 0.46523634, 0.18922509), (0.686058, -0.72742444, 0.013347475), (0.5611903, -0.826864, -0.036896933), (0.5567323, -0.82615066, -0.08674151), (0.6639279, -0.7446873, -0.068122484), (0.686058, -0.72742444, 0.013347475), (0.7029501, -0.6936991, 0.15698), (0.56375843, -0.8240549, 0.05576668), (0.5611903, -0.826864, -0.036896933), (0.686058, -0.72742444, 0.013347475), (0.935699, -0.29831687, 0.18834661), (0.86981046, -0.25149584, 0.42447564), (0.7029501, -0.6936991, 0.15698), (0.9997575, 0.019572029, 0.010091395), (0.98351306, 0.06428426, 0.1690253), (0.99237955, -0.08446726, 0.089712024), (0.99337846, -0.10604091, -0.0442105), (0.9997575, 0.019572029, 0.010091395), (0.8647248, 0.46523634, 0.18922509), (0.7846356, 0.4511554, 0.4252127), (0.98351306, 0.06428426, 0.1690253), (0.08025357, -0.07604082, -0.9938698), (0.07216901, -0.16887122, -0.9829925), (-2.8690618e-8, -0.1444136, -0.9895174), (-4.8763848e-8, -0.047411606, -0.9988755), (0.26161224, 0.909218, 0.32385436), (-0.29413185, 0.93283606, 0.20809472), (-0.2517455, 0.8694329, 0.4251007), (0.2320545, 0.77905035, 0.58243567), (0.26161224, 0.909218, 0.32385436), (0.2320545, 0.77905035, 0.58243567), (0.5592528, 0.55372494, 0.61694807), (0.6640494, 0.65915036, 0.35292932), (-0.039673343, -0.22308582, -0.97399116), (-0.1463734, -0.06286368, -0.98723), (-0.1480424, -0.058996614, -0.9872198), (-0.13280247, -0.20954233, -0.96873915), (-0.06879645, -0.17046812, -0.98295856), (0.91023666, 0.26170826, 0.32090175), (0.6640494, 0.65915036, 0.35292932), (0.5592528, 0.55372494, 0.61694807), (0.7787022, 0.23335762, 0.58238053), (0.91023666, 0.26170826, 0.32090175), (0.7787022, 0.23335762, 0.58238053), (0.86981046, -0.25149584, 0.42447564), (0.935699, -0.29831687, 0.18834661), (-0.14722621, -0.40508354, 0.9023479), (-0.18052746, -0.5023296, 0.845621), (5.7619296e-8, -0.51990706, 0.8542228), (8.629515e-8, -0.4255799, 0.9049209), (-0.14580944, -0.33004567, 0.9326358), (-0.181465, -0.27745208, 0.9434463), (-0.17604807, -0.38737652, 0.90495664), (-0.14722621, -0.40508354, 0.9023479), (-0.23905037, -0.23935546, 0.9410441), (-0.2774587, -0.18169773, 0.9433995), (-0.38739586, -0.17692521, 0.9047773), (-0.3607562, -0.20130207, 0.9106769), (-0.14722621, -0.40508354, 0.9023479), (-0.17604807, -0.38737652, 0.90495664), (-0.2180564, -0.5430073, 0.810922), (-0.18052746, -0.5023296, 0.845621), (-0.3607562, -0.20130207, 0.9106769), (-0.48550752, -0.22152925, 0.84569925), (-0.36762488, -0.36529186, 0.85522735), (-0.291154, -0.29057592, 0.9114796), (-0.20032994, -0.3607731, 0.91088456), (-0.23905037, -0.23935546, 0.9410441), (-0.3607562, -0.20130207, 0.9106769), (-0.291154, -0.29057592, 0.9114796), (-0.3607562, -0.20130207, 0.9106769), (-0.38739586, -0.17692521, 0.9047773), (-0.5399412, -0.21934673, 0.8126195), (-0.48550752, -0.22152925, 0.84569925), (-0.40546042, -0.1475759, 0.9021215), (-0.33001694, -0.14595506, 0.93262315), (-0.3052949, -1.443365e-8, 0.9522579), (-0.42596763, -1.6782366e-8, 0.90473837), (-0.23905037, -0.23935546, 0.9410441), (-0.181465, -0.27745208, 0.9434463), (1.1733702e-8, 2.6074893e-9, 1), (-0.2774587, -0.18169773, 0.9433995), (-0.20032994, -0.3607731, 0.91088456), (-0.17604807, -0.38737652, 0.90495664), (-0.181465, -0.27745208, 0.9434463), (-0.23905037, -0.23935546, 0.9410441), (-0.14580944, -0.33004567, 0.9326358), (-0.14722621, -0.40508354, 0.9023479), (8.629515e-8, -0.4255799, 0.9049209), (4.330047e-8, -0.30530754, 0.9522539), (-0.33001694, -0.14595506, 0.93262315), (-0.2774587, -0.18169773, 0.9433995), (1.1733702e-8, 2.6074893e-9, 1), (-0.3052949, -1.443365e-8, 0.9522579), (-0.40546042, -0.1475759, 0.9021215), (-0.38739586, -0.17692521, 0.9047773), (-0.2774587, -0.18169773, 0.9433995), (-0.33001694, -0.14595506, 0.93262315), (-0.8779058, -0.44611454, 0.17396325), (-0.5042223, -0.86089337, 0.06798941), (-0.45319438, -0.8705141, 0.19188571), (-0.83536655, -0.44488737, 0.3228591), (0.68605775, 0.7274246, 0.013347428), (0.9356988, 0.29831728, 0.18834667), (0.9636416, 0.2588694, 0.06619254), (0.6639276, 0.74468744, -0.0681227), (-0.83536655, -0.44488737, 0.3228591), (-0.45319438, -0.8705141, 0.19188571), (-0.4382744, -0.7886458, 0.43122303), (-0.7213719, -0.37302577, 0.5835018), (-0.83536655, -0.44488737, 0.3228591), (-0.7213719, -0.37302577, 0.5835018), (-0.78903383, 4.9814446e-9, 0.61434984), (-0.9354487, 5.0946262e-8, 0.35346252), (0.17063355, -0.06868691, -0.98293763), (0.14444436, -1.1955039e-8, -0.9895129), (0.28015888, 2.5277904e-8, -0.95995367), (0.24546273, -0.050518975, -0.9680888), (0.078581765, -0.07877881, -0.9937901), (0.17063355, -0.06868691, -0.98293763), (0.1883468, -0.12422118, -0.97421485), (0.13356303, -0.1512589, -0.97942924), (0.1883468, -0.12422118, -0.97421485), (0.17063355, -0.06868691, -0.98293763), (0.24546273, -0.050518975, -0.9680888), (0.1480424, 0.058996614, -0.9872198), (0.1463734, 0.06286368, -0.98723), (-0.8779058, -0.44611454, 0.17396325), (-0.83536655, -0.44488737, 0.3228591), (-0.9354487, 5.0946262e-8, 0.35346252), (-0.97951174, 6.269484e-8, 0.20138709), (0.049878053, -0.9986249, 0.01614315), (0.22057265, -0.9747538, -0.034680776), (0.21853308, -0.9744205, 0.05242066), (0.014043098, -0.98690355, 0.16069853), (0.049878053, -0.9986249, 0.01614315), (0.014043098, -0.98690355, 0.16069853), (-0.4382744, -0.7886458, 0.43122303), (-0.45319438, -0.8705141, 0.19188571), (0.07833073, -0.9947261, -0.06621318), (0.22171625, -0.97166276, -0.08193505), (0.22057265, -0.9747538, -0.034680776), (0.049878053, -0.9986249, 0.01614315), (-0.27418715, -0.6051643, 0.7473938), (4.8699615e-8, -0.63411, 0.77324283), (5.7619296e-8, -0.51990706, 0.8542228), (-0.18052746, -0.5023296, 0.845621), (-0.27418715, -0.6051643, 0.7473938), (-0.18052746, -0.5023296, 0.845621), (-0.2180564, -0.5430073, 0.810922), (-0.6755217, -0.43542334, 0.59504366), (-0.27418715, -0.6051643, 0.7473938), (-0.6755217, -0.43542334, 0.59504366), (-0.7846356, -0.45115533, 0.42521274), (-0.37638506, -0.7202234, 0.5827628), (-0.27418715, -0.6051643, 0.7473938), (-0.37638506, -0.7202234, 0.5827628), (1.9927583e-8, -0.7873862, 0.6164601), (4.8699615e-8, -0.63411, 0.77324283), (-0.95938605, -0.09254298, 0.26648495), (-0.6755217, -0.43542334, 0.59504366), (-0.2180564, -0.5430073, 0.810922), (-0.9274993, -0.1454644, 0.34436196), (-0.95938605, -0.09254298, 0.26648495), (-0.9274993, -0.1454644, 0.34436196), (-0.99237955, 0.08446726, 0.089712024), (-0.98351306, -0.06428426, 0.1690253), (-0.95938605, -0.09254298, 0.26648495), (-0.98351306, -0.06428426, 0.1690253), (-0.7846356, -0.45115533, 0.42521274), (-0.6755217, -0.43542334, 0.59504366), (-0.91023666, -0.26170826, 0.32090175), (-0.935699, 0.29831687, 0.18834661), (-0.9636417, 0.2588694, 0.06619265), (-0.9410343, -0.29155698, 0.17160717), (0.07833073, -0.9947261, -0.06621318), (0.049878053, -0.9986249, 0.01614315), (-0.45319438, -0.8705141, 0.19188571), (-0.5042223, -0.86089337, 0.06798941), (0.06879645, 0.17046812, -0.98295856), (0.100994535, 0.10081151, -0.98976624), (0.033349045, 0.03291208, -0.9989017), (-0.003029106, 0.111061625, -0.9938089), (-0.12939523, 0.18461344, -0.97425604), (-0.07216877, 0.16887122, -0.9829924), (-0.08025357, 0.07604093, -0.9938698), (-0.15998246, 0.12918657, -0.97862995), (0.17137864, 0.06708016, -0.9829189), (0.100994535, 0.10081151, -0.98976624), (0.1968481, 0.19695398, -0.96044785), (0.20893684, 0.13190103, -0.96899307), (0.11168455, -0.0045675775, -0.9937332), (0.17137864, 0.06708016, -0.9829189), (0.22364591, 0.037919015, -0.9739326), (0.20758292, -0.023323487, -0.97793925), (0.22364591, 0.037919015, -0.9739326), (0.17137864, 0.06708016, -0.9829189), (0.20893684, 0.13190103, -0.96899307), (0.058496535, 0.14333807, -0.98794353), (0.06048336, 0.1425124, -0.9879433), (-0.91023666, -0.26170826, 0.32090175), (-0.9410343, -0.29155698, 0.17160717), (-0.6937201, -0.69231814, 0.19861503), (-0.6640494, -0.65915036, 0.35292932), (0.70033574, -0.7126847, 0.040128846), (0.78244597, -0.6225807, -0.01309529), (0.76300144, -0.6396793, 0.092946984), (0.6576024, -0.73354626, 0.1716652), (0.70033574, -0.7126847, 0.040128846), (0.6576024, -0.73354626, 0.1716652), (0.2517455, -0.8694329, 0.4251007), (0.29413185, -0.93283606, 0.20809472), (0.72304, -0.69011635, -0.030863382), (0.79051965, -0.6089856, -0.06492505), (0.78244597, -0.6225807, -0.01309529), (0.70033574, -0.7126847, 0.040128846), (-0.6252039, -0.22594409, 0.7470403), (-0.4497658, -0.4453698, 0.7741812), (-0.36762488, -0.36529186, 0.85522735), (-0.48550752, -0.22152925, 0.84569925), (-0.6252039, -0.22594409, 0.7470403), (-0.48550752, -0.22152925, 0.84569925), (-0.5399412, -0.21934673, 0.8126195), (-0.78371894, 0.19497623, 0.5897194), (-0.6252039, -0.22594409, 0.7470403), (-0.78371894, 0.19497623, 0.5897194), (-0.86981046, 0.25149584, 0.42447564), (-0.7787022, -0.23335762, 0.58238053), (-0.6252039, -0.22594409, 0.7470403), (-0.7787022, -0.23335762, 0.58238053), (-0.5592528, -0.55372494, 0.61694807), (-0.4497658, -0.4453698, 0.7741812), (-0.60569894, -0.2731265, 0.7473491), (-0.4146756, -0.6875206, 0.5961205), (-0.5399412, -0.21934673, 0.8126195), (-0.5025057, -0.18104163, 0.84540635), (-0.60569894, -0.2731265, 0.7473491), (-0.5025057, -0.18104163, 0.84540635), (-0.52068526, 2.4016038e-9, 0.8537487), (-0.63614035, -1.4612674e-8, 0.77157325), (-0.60569894, -0.2731265, 0.7473491), (-0.63614035, -1.4612674e-8, 0.77157325), (-0.78903383, 4.9814446e-9, 0.61434984), (-0.7213719, -0.37302577, 0.5835018), (-0.60569894, -0.2731265, 0.7473491), (-0.7213719, -0.37302577, 0.5835018), (-0.4382744, -0.7886458, 0.43122303), (-0.4146756, -0.6875206, 0.5961205), (-0.40546042, -0.1475759, 0.9021215), (-0.5025057, -0.18104163, 0.84540635), (-0.5399412, -0.21934673, 0.8126195), (-0.38739586, -0.17692521, 0.9047773), (-0.40546042, -0.1475759, 0.9021215), (-0.42596763, -1.6782366e-8, 0.90473837), (-0.52068526, 2.4016038e-9, 0.8537487), (-0.5025057, -0.18104163, 0.84540635), (-0.22447515, -0.62593406, 0.7468717), (0.18634394, -0.78740597, 0.5875949), (-0.2180564, -0.5430073, 0.810922), (-0.22043522, -0.48530728, 0.8461), (-0.22447515, -0.62593406, 0.7468717), (-0.22043522, -0.48530728, 0.8461), (-0.36762488, -0.36529186, 0.85522735), (-0.4497658, -0.4453698, 0.7741812), (-0.22447515, -0.62593406, 0.7468717), (-0.4497658, -0.4453698, 0.7741812), (-0.5592528, -0.55372494, 0.61694807), (-0.2320545, -0.77905035, 0.58243567), (-0.22447515, -0.62593406, 0.7468717), (-0.2320545, -0.77905035, 0.58243567), (0.2517455, -0.8694329, 0.4251007), (0.18634394, -0.78740597, 0.5875949), (0.06879645, 0.17046812, -0.98295856), (0.13280247, 0.20954233, -0.96873915), (0.1968481, 0.19695398, -0.96044785), (0.100994535, 0.10081151, -0.98976624), (0.039673343, 0.22308582, -0.97399116), (0.06879645, 0.17046812, -0.98295856), (-0.003029106, 0.111061625, -0.9938089), (-0.019501278, 0.20466276, -0.9786383), (-0.70657384, 0.66561264, 0.24023576), (-0.78371894, 0.19497623, 0.5897194), (-0.5399412, -0.21934673, 0.8126195), (-0.73071694, 0.60362154, 0.31889462), (-0.70657384, 0.66561264, 0.24023576), (-0.73071694, 0.60362154, 0.31889462), (-0.56375843, 0.8240549, 0.05576668), (-0.7029501, 0.6936991, 0.15698), (-0.70657384, 0.66561264, 0.24023576), (-0.7029501, 0.6936991, 0.15698), (-0.86981046, 0.25149584, 0.42447564), (-0.78371894, 0.19497623, 0.5897194), (-0.20032994, -0.3607731, 0.91088456), (-0.22043522, -0.48530728, 0.8461), (-0.2180564, -0.5430073, 0.810922), (-0.17604807, -0.38737652, 0.90495664), (-0.20032994, -0.3607731, 0.91088456), (-0.291154, -0.29057592, 0.9114796), (-0.36762488, -0.36529186, 0.85522735), (-0.22043522, -0.48530728, 0.8461), (0.11168455, -0.0045675775, -0.9937332), (0.033349045, 0.03291208, -0.9989017), (0.100994535, 0.10081151, -0.98976624), (0.17137864, 0.06708016, -0.9829189), (-0.07216877, 0.16887122, -0.9829924), (-0.054210197, 0.24158685, -0.96886384), (0, 0.2798009, -0.96005803), (0, 0.14441365, -0.98951745), (-0.07858174, -0.07877876, -0.9937901), (-0.17063351, -0.0686869, -0.98293763), (-0.14444433, 1.1955038e-8, -0.9895129), (-0.047204837, 5.5934475e-8, -0.9988852), (-0.12939523, 0.18461344, -0.97425604), (0.06048336, 0.1425124, -0.9879433), (0.058496535, 0.14333807, -0.98794353), (-0.054210197, 0.24158685, -0.96886384), (-0.07216877, 0.16887122, -0.9829924), (-0.26161224, -0.909218, 0.32385436), (-0.6640494, -0.65915036, 0.35292932), (-0.6937201, -0.69231814, 0.19861503), (-0.28480205, -0.94245464, 0.1751199), (0.72304, -0.69011635, -0.030863382), (0.70033574, -0.7126847, 0.040128846), (0.29413185, -0.93283606, 0.20809472), (0.27133048, -0.95809734, 0.09181154), (-0.14580944, -0.33004567, 0.9326358), (4.330047e-8, -0.30530754, 0.9522539), (1.1733702e-8, 2.6074893e-9, 1), (-0.181465, -0.27745208, 0.9434463), (-0.4495828, -0.87634665, 0.1728924), (0, -0.979651, 0.20070876), (0, -0.935255, 0.35397464), (-0.4482803, -0.8339995, 0.32169822), (-0.26161224, -0.909218, 0.32385436), (-0.28480205, -0.94245464, 0.1751199), (0.27133048, -0.95809734, 0.09181154), (0.29413185, -0.93283606, 0.20809472), (-0.4482803, -0.8339995, 0.32169822), (0, -0.935255, 0.35397464), (1.9927583e-8, -0.7873862, 0.6164601), (-0.37638506, -0.7202234, 0.5827628), (-0.4482803, -0.8339995, 0.32169822), (-0.37638506, -0.7202234, 0.5827628), (-0.7846356, -0.45115533, 0.42521274), (-0.8647248, -0.46523634, 0.18922509), (0.6216916, -0.73955053, 0.25800103), (0.6576024, -0.73354626, 0.1716652), (0.76300144, -0.6396793, 0.092946984), (0.5644611, -0.75619423, 0.33098954), (0.6216916, -0.73955053, 0.25800103), (0.5644611, -0.75619423, 0.33098954), (-0.2180564, -0.5430073, 0.810922), (0.18634394, -0.78740597, 0.5875949), (0.6216916, -0.73955053, 0.25800103), (0.18634394, -0.78740597, 0.5875949), (0.2517455, -0.8694329, 0.4251007), (0.6576024, -0.73354626, 0.1716652), (-0.4495828, -0.87634665, 0.1728924), (-0.4482803, -0.8339995, 0.32169822), (-0.8647248, -0.46523634, 0.18922509), (-0.8572051, -0.51054955, 0.067368835), (-0.9997575, -0.019572029, 0.010091395), (-0.99337846, 0.10604091, -0.0442105), (-0.9862702, 0.11946891, -0.114010036), (-0.9968069, 0.010747455, -0.07912327), (-0.009284123, -0.9697787, 0.24380924), (0.014043098, -0.98690355, 0.16069853), (0.21853308, -0.9744205, 0.05242066), (-0.075586826, -0.9424474, 0.3256984), (-0.009284123, -0.9697787, 0.24380924), (-0.075586826, -0.9424474, 0.3256984), (-0.5399412, -0.21934673, 0.8126195), (-0.4146756, -0.6875206, 0.5961205), (-0.009284123, -0.9697787, 0.24380924), (-0.4146756, -0.6875206, 0.5961205), (-0.4382744, -0.7886458, 0.43122303), (0.014043098, -0.98690355, 0.16069853), (-0.9997575, -0.019572029, 0.010091395), (-0.9968069, 0.010747455, -0.07912327), (-0.8572051, -0.51054955, 0.067368835), (-0.8647248, -0.46523634, 0.18922509), (-0.686058, 0.72742444, 0.013347475), (-0.5611903, 0.826864, -0.036896933), (-0.5567323, 0.82615066, -0.08674151), (-0.6639279, 0.7446873, -0.068122484), (-0.686058, 0.72742444, 0.013347475), (-0.7029501, 0.6936991, 0.15698), (-0.56375843, 0.8240549, 0.05576668), (-0.5611903, 0.826864, -0.036896933), (-0.686058, 0.72742444, 0.013347475), (-0.935699, 0.29831687, 0.18834661), (-0.86981046, 0.25149584, 0.42447564), (-0.7029501, 0.6936991, 0.15698), (-0.9997575, -0.019572029, 0.010091395), (-0.98351306, -0.06428426, 0.1690253), (-0.99237955, 0.08446726, 0.089712024), (-0.99337846, 0.10604091, -0.0442105), (-0.9997575, -0.019572029, 0.010091395), (-0.8647248, -0.46523634, 0.18922509), (-0.7846356, -0.45115533, 0.42521274), (-0.98351306, -0.06428426, 0.1690253), (-0.08025357, 0.07604093, -0.9938698), (-0.07216877, 0.16887122, -0.9829924), (0, 0.14441365, -0.98951745), (0, 0.04741178, -0.9988755), (-0.26161224, -0.909218, 0.32385436), (0.29413185, -0.93283606, 0.20809472), (0.2517455, -0.8694329, 0.4251007), (-0.2320545, -0.77905035, 0.58243567), (-0.26161224, -0.909218, 0.32385436), (-0.2320545, -0.77905035, 0.58243567), (-0.5592528, -0.55372494, 0.61694807), (-0.6640494, -0.65915036, 0.35292932), (0.039673343, 0.22308582, -0.97399116), (0.1463734, 0.06286368, -0.98723), (0.1480424, 0.058996614, -0.9872198), (0.13280247, 0.20954233, -0.96873915), (0.06879645, 0.17046812, -0.98295856), (-0.91023666, -0.26170826, 0.32090175), (-0.6640494, -0.65915036, 0.35292932), (-0.5592528, -0.55372494, 0.61694807), (-0.7787022, -0.23335762, 0.58238053), (-0.91023666, -0.26170826, 0.32090175), (-0.7787022, -0.23335762, 0.58238053), (-0.86981046, 0.25149584, 0.42447564), (-0.935699, 0.29831687, 0.18834661), (0.14722629, -0.4050835, 0.9023479), (8.629515e-8, -0.4255799, 0.9049209), (5.7619296e-8, -0.51990706, 0.8542228), (0.18052746, -0.50232965, 0.845621), (0.14722629, -0.4050835, 0.9023479), (0.18052746, -0.50232965, 0.845621), (0.21805646, -0.54300743, 0.8109219), (0.17604826, -0.3873765, 0.9049566), (0.23905024, -0.23935546, 0.9410441), (0.3607563, -0.20130211, 0.9106769), (0.38739577, -0.1769253, 0.90477735), (0.2774583, -0.1816977, 0.9433996), (0.14580962, -0.33004567, 0.9326357), (0.14722629, -0.4050835, 0.9023479), (0.17604826, -0.3873765, 0.9049566), (0.18146485, -0.2774521, 0.9434463), (0.3607563, -0.20130211, 0.9106769), (0.291154, -0.29057592, 0.9114796), (0.36762467, -0.36529195, 0.85522735), (0.48550743, -0.22152916, 0.8456993), (0.3607563, -0.20130211, 0.9106769), (0.48550743, -0.22152916, 0.8456993), (0.53994143, -0.2193464, 0.81261945), (0.38739577, -0.1769253, 0.90477735), (0.20033018, -0.36077306, 0.9108845), (0.291154, -0.29057592, 0.9114796), (0.3607563, -0.20130211, 0.9106769), (0.23905024, -0.23935546, 0.9410441), (0.40546024, -0.14757594, 0.90212154), (0.4259676, 1.9179845e-8, 0.90473837), (0.30529496, 1.6839259e-8, 0.9522579), (0.3300166, -0.14595509, 0.93262327), (0.20033018, -0.36077306, 0.9108845), (0.23905024, -0.23935546, 0.9410441), (0.18146485, -0.2774521, 0.9434463), (0.17604826, -0.3873765, 0.9049566), (0.23905024, -0.23935546, 0.9410441), (0.2774583, -0.1816977, 0.9433996), (1.1733702e-8, 2.6074893e-9, 1), (0.18146485, -0.2774521, 0.9434463), (0.14580962, -0.33004567, 0.9326357), (4.330047e-8, -0.30530754, 0.9522539), (8.629515e-8, -0.4255799, 0.9049209), (0.14722629, -0.4050835, 0.9023479), (0.40546024, -0.14757594, 0.90212154), (0.3300166, -0.14595509, 0.93262327), (0.2774583, -0.1816977, 0.9433996), (0.38739577, -0.1769253, 0.90477735), (0.3300166, -0.14595509, 0.93262327), (0.30529496, 1.6839259e-8, 0.9522579), (1.1733702e-8, 2.6074893e-9, 1), (0.2774583, -0.1816977, 0.9433996), (0.87790567, -0.44611508, 0.17396256), (0.8353666, -0.4448876, 0.32285878), (0.45319438, -0.8705141, 0.19188541), (0.5042223, -0.86089337, 0.0679888), (0.8353666, -0.4448876, 0.32285878), (0.9354485, -6.623014e-8, 0.3534629), (0.78903383, -1.9925778e-8, 0.61434984), (0.7213719, -0.37302583, 0.5835018), (0.8353666, -0.4448876, 0.32285878), (0.7213719, -0.37302583, 0.5835018), (0.4382744, -0.78864574, 0.43122306), (0.45319438, -0.8705141, 0.19188541), (-0.5854758, 0.7321253, 0.3481532), (-0.6536006, 0.7422436, 0.1479217), (-0.90947366, 0.41574103, 0.0041278005), (-0.88585365, 0.45211726, 0.1041794), (-0.17063351, -0.0686869, -0.98293763), (-0.24546267, -0.050518923, -0.9680888), (-0.28015888, -2.5277904e-8, -0.95995367), (-0.14444433, 1.1955038e-8, -0.9895129), (-0.18834671, -0.124221124, -0.97421485), (-0.14637303, 0.06286364, -0.98723), (-0.14804205, 0.058996588, -0.9872198), (-0.24546267, -0.050518923, -0.9680888), (-0.17063351, -0.0686869, -0.98293763), (-0.07858174, -0.07877876, -0.9937901), (-0.13356294, -0.151259, -0.97942924), (-0.18834671, -0.124221124, -0.97421485), (-0.17063351, -0.0686869, -0.98293763), (0.87790567, -0.44611508, 0.17396256), (0.97951156, -5.2245728e-8, 0.20138778), (0.9354485, -6.623014e-8, 0.3534629), (0.8353666, -0.4448876, 0.32285878), (-0.078331, -0.9947261, -0.06621319), (-0.049878098, -0.9986249, 0.016143125), (-0.22057278, -0.97475374, -0.034680758), (-0.22171658, -0.9716627, -0.081935085), (-0.049878098, -0.9986249, 0.016143125), (0.45319438, -0.8705141, 0.19188541), (0.4382744, -0.78864574, 0.43122306), (-0.0140431775, -0.9869036, 0.16069856), (-0.049878098, -0.9986249, 0.016143125), (-0.0140431775, -0.9869036, 0.16069856), (-0.21853319, -0.9744205, 0.052420598), (-0.22057278, -0.97475374, -0.034680758), (0.27418718, -0.60516447, 0.7473937), (0.18052746, -0.50232965, 0.845621), (5.7619296e-8, -0.51990706, 0.8542228), (4.8699615e-8, -0.63411, 0.77324283), (0.27418718, -0.60516447, 0.7473937), (4.8699615e-8, -0.63411, 0.77324283), (1.9927583e-8, -0.7873862, 0.6164601), (0.37638503, -0.7202234, 0.58276284), (0.27418718, -0.60516447, 0.7473937), (0.37638503, -0.7202234, 0.58276284), (0.7846355, -0.45115545, 0.42521274), (0.6755213, -0.43542373, 0.59504384), (0.27418718, -0.60516447, 0.7473937), (0.6755213, -0.43542373, 0.59504384), (0.21805646, -0.54300743, 0.8109219), (0.18052746, -0.50232965, 0.845621), (0.959386, -0.09254316, 0.26648507), (0.9274989, -0.14546528, 0.34436288), (0.21805646, -0.54300743, 0.8109219), (0.6755213, -0.43542373, 0.59504384), (0.959386, -0.09254316, 0.26648507), (0.6755213, -0.43542373, 0.59504384), (0.7846355, -0.45115545, 0.42521274), (0.98351306, -0.06428424, 0.1690252), (0.959386, -0.09254316, 0.26648507), (0.98351306, -0.06428424, 0.1690252), (0.9923795, 0.08446741, 0.089712), (0.9274989, -0.14546528, 0.34436288), (0.9102367, -0.26170832, 0.32090178), (0.9410344, -0.29155707, 0.17160662), (0.9636416, 0.2588694, 0.06619254), (0.9356988, 0.29831728, 0.18834667), (0.12939502, 0.18461345, -0.9742561), (0.15998219, 0.12918657, -0.97862995), (0.08025347, 0.07604093, -0.9938698), (0.07216864, 0.1688712, -0.9829925), (-0.068796374, 0.17046814, -0.9829586), (0.0030288808, 0.11106181, -0.9938089), (-0.03334899, 0.03291222, -0.99890167), (-0.10099433, 0.10081159, -0.98976624), (-0.078331, -0.9947261, -0.06621319), (0.5042223, -0.86089337, 0.0679888), (0.45319438, -0.8705141, 0.19188541), (-0.049878098, -0.9986249, 0.016143125), (-0.17137869, 0.06708015, -0.9829189), (-0.20893684, 0.13190101, -0.96899307), (-0.19684768, 0.19695398, -0.9604479), (-0.10099433, 0.10081159, -0.98976624), (-0.22364596, 0.037919007, -0.9739326), (-0.06048346, 0.1425124, -0.9879433), (-0.058496643, 0.14333807, -0.98794353), (-0.20893684, 0.13190101, -0.96899307), (-0.17137869, 0.06708015, -0.9829189), (-0.11168463, -0.0045675603, -0.9937332), (-0.207583, -0.023323495, -0.9779393), (-0.22364596, 0.037919007, -0.9739326), (-0.17137869, 0.06708015, -0.9829189), (0.9102367, -0.26170832, 0.32090178), (0.6640497, -0.6591503, 0.3529288), (0.6937204, -0.6923182, 0.19861402), (0.9410344, -0.29155707, 0.17160662), (-0.72303987, -0.6901165, -0.030863503), (-0.7003357, -0.71268475, 0.040128786), (-0.7824459, -0.62258077, -0.013095231), (-0.7905194, -0.60898584, -0.06492522), (-0.7003357, -0.71268475, 0.040128786), (-0.29413202, -0.932836, 0.20809461), (-0.25174567, -0.8694329, 0.4251007), (-0.65760237, -0.7335463, 0.17166527), (-0.7003357, -0.71268475, 0.040128786), (-0.65760237, -0.7335463, 0.17166527), (-0.76300144, -0.6396793, 0.09294718), (-0.7824459, -0.62258077, -0.013095231), (0.62520397, -0.22594388, 0.74704045), (0.48550743, -0.22152916, 0.8456993), (0.36762467, -0.36529195, 0.85522735), (0.4497655, -0.44536993, 0.77418125), (0.62520397, -0.22594388, 0.74704045), (0.4497655, -0.44536993, 0.77418125), (0.5592528, -0.55372494, 0.616948), (0.7787021, -0.23335765, 0.58238065), (0.62520397, -0.22594388, 0.74704045), (0.7787021, -0.23335765, 0.58238065), (0.86981034, 0.25149608, 0.42447573), (0.78371906, 0.19497655, 0.58971906), (0.62520397, -0.22594388, 0.74704045), (0.78371906, 0.19497655, 0.58971906), (0.53994143, -0.2193464, 0.81261945), (0.48550743, -0.22152916, 0.8456993), (0.605699, -0.27312654, 0.74734914), (0.5025057, -0.18104161, 0.84540635), (0.53994143, -0.2193464, 0.81261945), (0.41467574, -0.6875204, 0.5961206), (0.605699, -0.27312654, 0.74734914), (0.41467574, -0.6875204, 0.5961206), (0.4382744, -0.78864574, 0.43122306), (0.7213719, -0.37302583, 0.5835018), (0.605699, -0.27312654, 0.74734914), (0.7213719, -0.37302583, 0.5835018), (0.78903383, -1.9925778e-8, 0.61434984), (0.63614035, 9.7417825e-9, 0.77157325), (0.605699, -0.27312654, 0.74734914), (0.63614035, 9.7417825e-9, 0.77157325), (0.5206853, -4.8032076e-9, 0.8537486), (0.5025057, -0.18104161, 0.84540635), (0.40546024, -0.14757594, 0.90212154), (0.38739577, -0.1769253, 0.90477735), (0.53994143, -0.2193464, 0.81261945), (0.5025057, -0.18104161, 0.84540635), (0.40546024, -0.14757594, 0.90212154), (0.5025057, -0.18104161, 0.84540635), (0.5206853, -4.8032076e-9, 0.8537486), (0.4259676, 1.9179845e-8, 0.90473837), (0.22447507, -0.6259339, 0.7468719), (0.22043553, -0.48530722, 0.84609985), (0.21805646, -0.54300743, 0.8109219), (-0.18634358, -0.7874059, 0.58759505), (0.22447507, -0.6259339, 0.7468719), (-0.18634358, -0.7874059, 0.58759505), (-0.25174567, -0.8694329, 0.4251007), (0.2320543, -0.77905023, 0.5824359), (0.22447507, -0.6259339, 0.7468719), (0.2320543, -0.77905023, 0.5824359), (0.5592528, -0.55372494, 0.616948), (0.4497655, -0.44536993, 0.77418125), (0.22447507, -0.6259339, 0.7468719), (0.4497655, -0.44536993, 0.77418125), (0.36762467, -0.36529195, 0.85522735), (0.22043553, -0.48530722, 0.84609985), (-0.039673284, 0.22308566, -0.97399116), (0.019500257, 0.2046627, -0.9786383), (0.0030288808, 0.11106181, -0.9938089), (-0.068796374, 0.17046814, -0.9829586), (-0.068796374, 0.17046814, -0.9829586), (-0.10099433, 0.10081159, -0.98976624), (-0.19684768, 0.19695398, -0.9604479), (-0.13280179, 0.20954227, -0.9687392), (0.7065739, 0.6656125, 0.24023595), (0.73071736, 0.603621, 0.31889477), (0.53994143, -0.2193464, 0.81261945), (0.78371906, 0.19497655, 0.58971906), (0.7065739, 0.6656125, 0.24023595), (0.78371906, 0.19497655, 0.58971906), (0.86981034, 0.25149608, 0.42447573), (0.70294994, 0.69369924, 0.15698019), (0.7065739, 0.6656125, 0.24023595), (0.70294994, 0.69369924, 0.15698019), (0.56375825, 0.824055, 0.05576686), (0.73071736, 0.603621, 0.31889477), (0.20033018, -0.36077306, 0.9108845), (0.17604826, -0.3873765, 0.9049566), (0.21805646, -0.54300743, 0.8109219), (0.22043553, -0.48530722, 0.84609985), (0.20033018, -0.36077306, 0.9108845), (0.22043553, -0.48530722, 0.84609985), (0.36762467, -0.36529195, 0.85522735), (0.291154, -0.29057592, 0.9114796), (-0.11168463, -0.0045675603, -0.9937332), (-0.17137869, 0.06708015, -0.9829189), (-0.10099433, 0.10081159, -0.98976624), (-0.03334899, 0.03291222, -0.99890167), (0.12939502, 0.18461345, -0.9742561), (0.07216864, 0.1688712, -0.9829925), (0.05421008, 0.24158685, -0.96886384), (-0.058496643, 0.14333807, -0.98794353), (-0.06048346, 0.1425124, -0.9879433), (0.07216864, 0.1688712, -0.9829925), (0, 0.14441365, -0.98951745), (0, 0.2798009, -0.96005803), (0.05421008, 0.24158685, -0.96886384), (0.26161242, -0.9092181, 0.32385397), (0.2848023, -0.9424547, 0.17511939), (0.6937204, -0.6923182, 0.19861402), (0.6640497, -0.6591503, 0.3529288), (-0.72303987, -0.6901165, -0.030863503), (-0.27133048, -0.95809734, 0.09181154), (-0.29413202, -0.932836, 0.20809461), (-0.7003357, -0.71268475, 0.040128786), (0.14580962, -0.33004567, 0.9326357), (0.18146485, -0.2774521, 0.9434463), (1.1733702e-8, 2.6074893e-9, 1), (4.330047e-8, -0.30530754, 0.9522539), (0.44958276, -0.87634677, 0.1728925), (0.44828022, -0.8339995, 0.3216983), (0, -0.935255, 0.35397464), (0, -0.979651, 0.20070876), (0.44828022, -0.8339995, 0.3216983), (0.8647248, -0.46523643, 0.18922518), (0.7846355, -0.45115545, 0.42521274), (0.37638503, -0.7202234, 0.58276284), (0.44828022, -0.8339995, 0.3216983), (0.37638503, -0.7202234, 0.58276284), (1.9927583e-8, -0.7873862, 0.6164601), (0, -0.935255, 0.35397464), (0.26161242, -0.9092181, 0.32385397), (-0.29413202, -0.932836, 0.20809461), (-0.27133048, -0.95809734, 0.09181154), (0.2848023, -0.9424547, 0.17511939), (-0.62169135, -0.73955065, 0.25800115), (-0.56446004, -0.75619453, 0.3309903), (-0.76300144, -0.6396793, 0.09294718), (-0.65760237, -0.7335463, 0.17166527), (-0.62169135, -0.73955065, 0.25800115), (-0.65760237, -0.7335463, 0.17166527), (-0.25174567, -0.8694329, 0.4251007), (-0.18634358, -0.7874059, 0.58759505), (-0.62169135, -0.73955065, 0.25800115), (-0.18634358, -0.7874059, 0.58759505), (0.21805646, -0.54300743, 0.8109219), (-0.56446004, -0.75619453, 0.3309903), (0.44958276, -0.87634677, 0.1728925), (0.85720503, -0.51054966, 0.06736895), (0.8647248, -0.46523643, 0.18922518), (0.44828022, -0.8339995, 0.3216983), (0.9997575, -0.019571967, 0.0100914), (0.9968069, 0.010747484, -0.07912321), (0.9862701, 0.11946895, -0.11400991), (0.99337846, 0.10604103, -0.04421041), (0.009284165, -0.96977884, 0.24380936), (0.07558752, -0.94244725, 0.32569885), (-0.21853319, -0.9744205, 0.052420598), (-0.0140431775, -0.9869036, 0.16069856), (0.009284165, -0.96977884, 0.24380936), (-0.0140431775, -0.9869036, 0.16069856), (0.4382744, -0.78864574, 0.43122306), (0.41467574, -0.6875204, 0.5961206), (0.009284165, -0.96977884, 0.24380936), (0.41467574, -0.6875204, 0.5961206), (0.53994143, -0.2193464, 0.81261945), (0.07558752, -0.94244725, 0.32569885), (0.9997575, -0.019571967, 0.0100914), (0.8647248, -0.46523643, 0.18922518), (0.85720503, -0.51054966, 0.06736895), (0.9968069, 0.010747484, -0.07912321), (0.68605775, 0.7274246, 0.013347428), (0.6639276, 0.74468744, -0.0681227), (0.55673236, 0.82615066, -0.08674162), (0.56119025, 0.82686406, -0.036896948), (0.68605775, 0.7274246, 0.013347428), (0.56119025, 0.82686406, -0.036896948), (0.56375825, 0.824055, 0.05576686), (0.70294994, 0.69369924, 0.15698019), (0.68605775, 0.7274246, 0.013347428), (0.70294994, 0.69369924, 0.15698019), (0.86981034, 0.25149608, 0.42447573), (0.9356988, 0.29831728, 0.18834667), (0.9997575, -0.019571967, 0.0100914), (0.99337846, 0.10604103, -0.04421041), (0.9923795, 0.08446741, 0.089712), (0.98351306, -0.06428424, 0.1690252), (0.9997575, -0.019571967, 0.0100914), (0.98351306, -0.06428424, 0.1690252), (0.7846355, -0.45115545, 0.42521274), (0.8647248, -0.46523643, 0.18922518), (0.08025347, 0.07604093, -0.9938698), (0, 0.04741178, -0.9988755), (0, 0.14441365, -0.98951745), (0.07216864, 0.1688712, -0.9829925), (0.26161242, -0.9092181, 0.32385397), (0.2320543, -0.77905023, 0.5824359), (-0.25174567, -0.8694329, 0.4251007), (-0.29413202, -0.932836, 0.20809461), (0.26161242, -0.9092181, 0.32385397), (0.6640497, -0.6591503, 0.3529288), (0.5592528, -0.55372494, 0.616948), (0.2320543, -0.77905023, 0.5824359), (-0.039673284, 0.22308566, -0.97399116), (-0.068796374, 0.17046814, -0.9829586), (-0.13280179, 0.20954227, -0.9687392), (-0.14804205, 0.058996588, -0.9872198), (-0.14637303, 0.06286364, -0.98723), (0.9102367, -0.26170832, 0.32090178), (0.7787021, -0.23335765, 0.58238065), (0.5592528, -0.55372494, 0.616948), (0.6640497, -0.6591503, 0.3529288), (0.9102367, -0.26170832, 0.32090178), (0.9356988, 0.29831728, 0.18834667), (0.86981034, 0.25149608, 0.42447573), (0.7787021, -0.23335765, 0.58238065), (-0.8471965, 0.5183685, -0.116413765), (-0.9756392, 0.17044482, -0.13811849), (-0.98177755, 0.18812037, -0.026899979), (-0.79875034, 0.5895658, 0.12004196), (-0.3926226, 0.8839275, 0.25400743), (-0.33873388, 0.790271, 0.5106184), (-8.887968e-9, 0.8341318, 0.5515652), (-1.08249605e-8, 0.96649015, 0.25670382), (-0.3926226, 0.8839275, 0.25400743), (-1.08249605e-8, 0.96649015, 0.25670382), (0, 0.99926627, -0.03830062), (-0.42844018, 0.90178525, -0.056765947), (-0.3926226, 0.8839275, 0.25400743), (-0.42844018, 0.90178525, -0.056765947), (-0.8471965, 0.5183685, -0.116413765), (-0.79875034, 0.5895658, 0.12004196), (-0.3926226, 0.8839275, 0.25400743), (-0.79875034, 0.5895658, 0.12004196), (-0.555288, 0.70383143, 0.44303104), (-0.33873388, 0.790271, 0.5106184), (-0.79875034, 0.5895658, 0.12004196), (-0.98177755, 0.18812037, -0.026899979), (-0.555288, 0.70383143, 0.44303104), (-0.95719534, -0.26913312, -0.10651034), (-0.78027153, -0.61380666, -0.12007382), (-0.7965991, -0.6040898, -0.022483151), (-0.9768127, -0.17618643, 0.12163572), (-0.90718293, 0.33557522, 0.25378814), (-0.80287796, 0.30840093, 0.5101724), (-0.5902087, 0.5879244, 0.55317134), (-0.6853799, 0.6815532, 0.25639758), (-0.90718293, 0.33557522, 0.25378814), (-0.6853799, 0.6815532, 0.25639758), (-0.70930475, 0.70378155, -0.039727844), (-0.9452968, 0.32124075, -0.05672982), (-0.90718293, 0.33557522, 0.25378814), (-0.9452968, 0.32124075, -0.05672982), (-0.95719534, -0.26913312, -0.10651034), (-0.9768127, -0.17618643, 0.12163572), (-0.90718293, 0.33557522, 0.25378814), (-0.9768127, -0.17618643, 0.12163572), (-0.89178175, 0.09217848, 0.44297668), (-0.80287796, 0.30840093, 0.5101724), (-0.8847094, 0.39166576, 0.25275913), (-0.79093754, 0.33766058, 0.5102972), (-0.702288, 0.5542047, 0.44682065), (-0.5678484, 0.8137187, 0.124137454), (-0.8847094, 0.39166576, 0.25275913), (-0.5678484, 0.8137187, 0.124137454), (-0.4861919, 0.86738354, -0.106128216), (-0.90243006, 0.42700425, -0.057334963), (-0.8847094, 0.39166576, 0.25275913), (-0.90243006, 0.42700425, -0.057334963), (-0.9991616, -1.2552417e-7, -0.040939733), (-0.96708584, -9.7440974e-8, 0.25445038), (-0.8847094, 0.39166576, 0.25275913), (-0.96708584, -9.7440974e-8, 0.25445038), (-0.83537424, -4.4457035e-8, 0.54968166), (-0.79093754, 0.33766058, 0.5102972), (-0.33453202, 0.90744036, 0.2542448), (-0.30681008, 0.8034205, 0.5102774), (-0.08711972, 0.89385414, 0.4398124), (0.16445103, 0.9791218, 0.11948396), (-0.33453202, 0.90744036, 0.2542448), (0.16445103, 0.9791218, 0.11948396), (0.25227812, 0.9612504, -0.11114565), (-0.31974453, 0.94579387, -0.056898978), (-0.33453202, 0.90744036, 0.2542448), (-0.31974453, 0.94579387, -0.056898978), (-0.70930475, 0.70378155, -0.039727844), (-0.6853799, 0.6815532, 0.25639758), (-0.33453202, 0.90744036, 0.2542448), (-0.6853799, 0.6815532, 0.25639758), (-0.5902087, 0.5879244, 0.55317134), (-0.30681008, 0.8034205, 0.5102774), (-0.9768127, -0.17618643, 0.12163572), (-0.7965991, -0.6040898, -0.022483151), (-0.89178175, 0.09217848, 0.44297668), (-0.103497334, 0.987609, -0.11796886), (-0.4861919, 0.86738354, -0.106128216), (-0.5678484, 0.8137187, 0.124137454), (-0.12315155, 0.9921822, -0.020204628), (0.5816315, 0.8030064, -0.12994401), (0.25227812, 0.9612504, -0.11114565), (0.16445103, 0.9791218, 0.11948396), (0.57283396, 0.81929415, -0.024866614), (0.16445103, 0.9791218, 0.11948396), (-0.08714819, 0.8938614, 0.43979207), (0.57283396, 0.81929415, -0.024866614), (-0.5678484, 0.8137187, 0.124137454), (-0.7022967, 0.5541978, 0.4468155), (-0.12315155, 0.9921822, -0.020204628), (0.8471965, 0.5183685, -0.116413765), (0.79875034, 0.58956593, 0.12004204), (0.98177755, 0.18812037, -0.026900006), (0.9756392, 0.17044479, -0.13811854), (0.39262247, 0.88392746, 0.25400743), (-1.08249605e-8, 0.96649015, 0.25670382), (-8.887968e-9, 0.8341318, 0.5515652), (0.33873376, 0.7902709, 0.51061845), (0.39262247, 0.88392746, 0.25400743), (0.33873376, 0.7902709, 0.51061845), (0.5552752, 0.7038376, 0.4430374), (0.79875034, 0.58956593, 0.12004204), (0.39262247, 0.88392746, 0.25400743), (0.79875034, 0.58956593, 0.12004204), (0.8471965, 0.5183685, -0.116413765), (0.42844018, 0.90178525, -0.05676593), (0.39262247, 0.88392746, 0.25400743), (0.42844018, 0.90178525, -0.05676593), (0, 0.99926627, -0.03830062), (-1.08249605e-8, 0.96649015, 0.25670382), (0.98177755, 0.18812037, -0.026900006), (0.79875034, 0.58956593, 0.12004204), (0.55527776, 0.7038283, 0.44304898), (0.95719534, -0.26913315, -0.10651044), (0.9768128, -0.17618631, 0.12163575), (0.7965988, -0.6040901, -0.02248314), (0.7802711, -0.6138072, -0.1200738), (0.9071829, 0.33557537, 0.2537881), (0.68537986, 0.6815532, 0.25639755), (0.5902087, 0.5879244, 0.5531713), (0.80287796, 0.3084009, 0.5101724), (0.9071829, 0.33557537, 0.2537881), (0.80287796, 0.3084009, 0.5101724), (0.8917765, 0.09220465, 0.44298184), (0.9768128, -0.17618631, 0.12163575), (0.9071829, 0.33557537, 0.2537881), (0.9768128, -0.17618631, 0.12163575), (0.95719534, -0.26913315, -0.10651044), (0.9452967, 0.32124117, -0.056729898), (0.9071829, 0.33557537, 0.2537881), (0.9452967, 0.32124117, -0.056729898), (0.7093047, 0.70378155, -0.039727878), (0.68537986, 0.6815532, 0.25639755), (0.88470936, 0.39166588, 0.25275904), (0.56784827, 0.81371874, 0.12413743), (0.7022799, 0.5542245, 0.44680893), (0.79093754, 0.3376606, 0.5102971), (0.88470936, 0.39166588, 0.25275904), (0.79093754, 0.3376606, 0.5102971), (0.8353743, 3.556563e-8, 0.54968154), (0.96708584, 9.744094e-8, 0.2544505), (0.88470936, 0.39166588, 0.25275904), (0.96708584, 9.744094e-8, 0.2544505), (0.99916166, 1.255242e-7, -0.040939447), (0.90243006, 0.42700455, -0.057334963), (0.88470936, 0.39166588, 0.25275904), (0.90243006, 0.42700455, -0.057334963), (0.48619184, 0.8673836, -0.10612832), (0.56784827, 0.81371874, 0.12413743), (0.334532, 0.90744025, 0.25424483), (-0.16445103, 0.9791218, 0.11948403), (0.0871183, 0.8938595, 0.43980187), (0.30681005, 0.8034205, 0.51027745), (0.334532, 0.90744025, 0.25424483), (0.30681005, 0.8034205, 0.51027745), (0.5902087, 0.5879244, 0.5531713), (0.68537986, 0.6815532, 0.25639755), (0.334532, 0.90744025, 0.25424483), (0.68537986, 0.6815532, 0.25639755), (0.7093047, 0.70378155, -0.039727878), (0.31974453, 0.94579387, -0.056898963), (0.334532, 0.90744025, 0.25424483), (0.31974453, 0.94579387, -0.056898963), (-0.25227806, 0.9612504, -0.11114549), (-0.16445103, 0.9791218, 0.11948403), (0.7965988, -0.6040901, -0.02248314), (0.9768128, -0.17618631, 0.12163575), (0.8917887, 0.09219587, 0.4429594), (0.12315156, 0.9921822, -0.020204678), (0.56784827, 0.81371874, 0.12413743), (0.48619184, 0.8673836, -0.10612832), (0.103497356, 0.987609, -0.11796893), (-0.572834, 0.81929415, -0.02486654), (-0.16445103, 0.9791218, 0.11948403), (-0.25227806, 0.9612504, -0.11114549), (-0.5816314, 0.8030065, -0.1299438), (-0.572834, 0.81929415, -0.02486654), (0.0871183, 0.8938595, 0.43980187), (-0.16445103, 0.9791218, 0.11948403), (0.12315156, 0.9921822, -0.020204678), (0.7022799, 0.5542245, 0.44680893), (0.56784827, 0.81371874, 0.12413743), (-0.8471966, -0.5183683, -0.11641391), (-0.79875034, -0.5895659, 0.12004195), (-0.98177755, -0.18812037, -0.026900087), (-0.9756392, -0.17044479, -0.13811864), (-0.39262253, -0.88392746, 0.25400737), (5.4124807e-9, -0.96649015, 0.25670385), (0, -0.8341318, 0.5515652), (-0.33873376, -0.79027104, 0.5106184), (-0.39262253, -0.88392746, 0.25400737), (-0.33873376, -0.79027104, 0.5106184), (-0.5552752, -0.7038376, 0.44303727), (-0.79875034, -0.5895659, 0.12004195), (-0.39262253, -0.88392746, 0.25400737), (-0.79875034, -0.5895659, 0.12004195), (-0.8471966, -0.5183683, -0.11641391), (-0.4284403, -0.9017852, -0.056766), (-0.39262253, -0.88392746, 0.25400737), (-0.4284403, -0.9017852, -0.056766), (0, -0.99926627, -0.03830061), (5.4124807e-9, -0.96649015, 0.25670385), (-0.98177755, -0.18812037, -0.026900087), (-0.79875034, -0.5895659, 0.12004195), (-0.55527776, -0.7038283, 0.44304898), (-0.95719534, 0.26913315, -0.10651044), (-0.9768128, 0.17618631, 0.12163575), (-0.7965988, 0.6040901, -0.02248314), (-0.7802711, 0.6138072, -0.1200738), (-0.9071829, -0.33557537, 0.2537881), (-0.6853798, -0.6815532, 0.25639755), (-0.5902087, -0.5879244, 0.55317134), (-0.80287796, -0.3084009, 0.5101724), (-0.9071829, -0.33557537, 0.2537881), (-0.80287796, -0.3084009, 0.5101724), (-0.8917765, -0.09220465, 0.44298184), (-0.9768128, 0.17618631, 0.12163575), (-0.9071829, -0.33557537, 0.2537881), (-0.9768128, 0.17618631, 0.12163575), (-0.95719534, 0.26913315, -0.10651044), (-0.9452967, -0.32124117, -0.056729898), (-0.9071829, -0.33557537, 0.2537881), (-0.9452967, -0.32124117, -0.056729898), (-0.70930463, -0.7037817, -0.039727878), (-0.6853798, -0.6815532, 0.25639755), (-0.88470936, -0.39166597, 0.25275904), (-0.56784827, -0.81371874, 0.12413743), (-0.7022799, -0.5542245, 0.44680893), (-0.79093736, -0.3376608, 0.5102971), (-0.88470936, -0.39166597, 0.25275904), (-0.79093736, -0.3376608, 0.5102971), (-0.83537424, -4.4457035e-8, 0.54968166), (-0.96708584, -9.7440974e-8, 0.25445038), (-0.88470936, -0.39166597, 0.25275904), (-0.96708584, -9.7440974e-8, 0.25445038), (-0.9991616, -1.2552417e-7, -0.040939733), (-0.90243, -0.42700452, -0.057335094), (-0.88470936, -0.39166597, 0.25275904), (-0.90243, -0.42700452, -0.057335094), (-0.48619184, -0.8673836, -0.10612832), (-0.56784827, -0.81371874, 0.12413743), (-0.33453196, -0.90744025, 0.2542448), (0.16445097, -0.9791218, 0.11948405), (-0.08711832, -0.89385945, 0.43980178), (-0.30681005, -0.8034205, 0.5102774), (-0.33453196, -0.90744025, 0.2542448), (-0.30681005, -0.8034205, 0.5102774), (-0.5902087, -0.5879244, 0.55317134), (-0.6853798, -0.6815532, 0.25639755), (-0.33453196, -0.90744025, 0.2542448), (-0.6853798, -0.6815532, 0.25639755), (-0.70930463, -0.7037817, -0.039727878), (-0.3197446, -0.9457938, -0.056898948), (-0.33453196, -0.90744025, 0.2542448), (-0.3197446, -0.9457938, -0.056898948), (0.25227806, -0.9612505, -0.1111455), (0.16445097, -0.9791218, 0.11948405), (-0.7965988, 0.6040901, -0.02248314), (-0.9768128, 0.17618631, 0.12163575), (-0.8917887, -0.09219587, 0.4429594), (-0.12315156, -0.9921822, -0.020204678), (-0.56784827, -0.81371874, 0.12413743), (-0.48619184, -0.8673836, -0.10612832), (-0.103497356, -0.987609, -0.11796893), (0.57283413, -0.8192941, -0.02486654), (0.16445097, -0.9791218, 0.11948405), (0.25227806, -0.9612505, -0.1111455), (0.5816316, -0.80300635, -0.12994379), (0.57283413, -0.8192941, -0.02486654), (-0.08711832, -0.89385945, 0.43980178), (0.16445097, -0.9791218, 0.11948405), (-0.12315156, -0.9921822, -0.020204678), (-0.7022799, -0.5542245, 0.44680893), (-0.56784827, -0.81371874, 0.12413743), (0.8471966, -0.5183683, -0.11641384), (0.9756392, -0.17044482, -0.1381186), (0.98177755, -0.18812038, -0.026900059), (0.79875034, -0.5895658, 0.12004198), (0.3926226, -0.8839274, 0.2540074), (0.33873388, -0.790271, 0.5106184), (0, -0.8341318, 0.5515652), (5.4124807e-9, -0.96649015, 0.25670385), (0.3926226, -0.8839274, 0.2540074), (5.4124807e-9, -0.96649015, 0.25670385), (0, -0.99926627, -0.03830061), (0.4284403, -0.9017852, -0.056765962), (0.3926226, -0.8839274, 0.2540074), (0.4284403, -0.9017852, -0.056765962), (0.8471966, -0.5183683, -0.11641384), (0.79875034, -0.5895658, 0.12004198), (0.3926226, -0.8839274, 0.2540074), (0.79875034, -0.5895658, 0.12004198), (0.555288, -0.7038314, 0.44303113), (0.33873388, -0.790271, 0.5106184), (0.79875034, -0.5895658, 0.12004198), (0.98177755, -0.18812038, -0.026900059), (0.555288, -0.7038314, 0.44303113), (0.95719534, 0.26913312, -0.10651034), (0.78027153, 0.61380666, -0.12007382), (0.7965991, 0.6040898, -0.022483151), (0.9768127, 0.17618643, 0.12163572), (0.90718293, -0.33557522, 0.25378814), (0.80287796, -0.30840093, 0.5101724), (0.5902087, -0.5879245, 0.5531713), (0.68537986, -0.6815533, 0.25639755), (0.90718293, -0.33557522, 0.25378814), (0.68537986, -0.6815533, 0.25639755), (0.70930463, -0.70378166, -0.03972785), (0.9452968, -0.32124075, -0.05672982), (0.90718293, -0.33557522, 0.25378814), (0.9452968, -0.32124075, -0.05672982), (0.95719534, 0.26913312, -0.10651034), (0.9768127, 0.17618643, 0.12163572), (0.90718293, -0.33557522, 0.25378814), (0.9768127, 0.17618643, 0.12163572), (0.89178175, -0.09217848, 0.44297668), (0.80287796, -0.30840093, 0.5101724), (0.8847094, -0.39166564, 0.25275913), (0.79093766, -0.33766037, 0.51029706), (0.702288, -0.5542047, 0.44682065), (0.5678484, -0.8137187, 0.124137454), (0.8847094, -0.39166564, 0.25275913), (0.5678484, -0.8137187, 0.124137454), (0.4861919, -0.86738354, -0.106128216), (0.90243006, -0.42700425, -0.05733482), (0.8847094, -0.39166564, 0.25275913), (0.90243006, -0.42700425, -0.05733482), (0.99916166, 1.255242e-7, -0.040939447), (0.96708584, 9.744094e-8, 0.2544505), (0.8847094, -0.39166564, 0.25275913), (0.96708584, 9.744094e-8, 0.2544505), (0.8353743, 3.556563e-8, 0.54968154), (0.79093766, -0.33766037, 0.51029706), (0.33453196, -0.90744025, 0.2542448), (0.3068101, -0.8034205, 0.51027745), (0.08711974, -0.893854, 0.43981257), (-0.16445096, -0.9791218, 0.11948407), (0.33453196, -0.90744025, 0.2542448), (-0.16445096, -0.9791218, 0.11948407), (-0.2522781, -0.9612504, -0.111145526), (0.3197446, -0.9457938, -0.056898963), (0.33453196, -0.90744025, 0.2542448), (0.3197446, -0.9457938, -0.056898963), (0.70930463, -0.70378166, -0.03972785), (0.68537986, -0.6815533, 0.25639755), (0.33453196, -0.90744025, 0.2542448), (0.68537986, -0.6815533, 0.25639755), (0.5902087, -0.5879245, 0.5531713), (0.3068101, -0.8034205, 0.51027745), (0.9768127, 0.17618643, 0.12163572), (0.7965991, 0.6040898, -0.022483151), (0.89178175, -0.09217848, 0.44297668), (0.103497334, -0.987609, -0.11796886), (0.4861919, -0.86738354, -0.106128216), (0.5678484, -0.8137187, 0.124137454), (0.12315155, -0.9921822, -0.020204628), (-0.5816317, -0.8030064, -0.1299438), (-0.2522781, -0.9612504, -0.111145526), (-0.16445096, -0.9791218, 0.11948407), (-0.5728341, -0.8192941, -0.024866497), (-0.16445096, -0.9791218, 0.11948407), (0.08714819, -0.8938614, 0.43979207), (-0.5728341, -0.8192941, -0.024866497), (0.5678484, -0.8137187, 0.124137454), (0.7022967, -0.5541978, 0.4468155), (0.12315155, -0.9921822, -0.020204628), (-0.6435667, 0.7509267, 0.14809169), (-0.61058545, 0.74065554, 0.28038338), (-0.03593364, 0.98767364, 0.15234667), (-0.10231913, 0.99339116, 0.05200885), (-0.61058545, 0.74065554, 0.28038338), (-0.8789449, 0.36407092, 0.30807176), (-0.7694666, 0.31872362, 0.55347663), (-0.563495, 0.6397422, 0.52268857), (-0.61058545, 0.74065554, 0.28038338), (-0.563495, 0.6397422, 0.52268857), (-0.07056278, 0.93430305, 0.3494264), (-0.03593364, 0.98767364, 0.15234667), (0.37451154, -0.9272176, 0.0029470627), (0.7245169, -0.67290545, 0.14924309), (0.7135485, -0.6099672, 0.34465718), (0.40729007, -0.908715, 0.09138824), (0.37160957, 0.9236113, 0.09406683), (0.4082683, 0.91285366, 0.00388995), (-0.03593364, 0.98767364, 0.15234667), (-0.07056278, 0.93430305, 0.3494264), (-0.10231913, 0.99339116, 0.05200885), (-0.03593364, 0.98767364, 0.15234667), (0.4082683, 0.91285366, 0.00388995), (0.43040743, 0.9005709, -0.06100398), (-0.6435667, 0.7509267, 0.14809169), (-0.9101728, 0.37700608, 0.17161576), (-0.8789449, 0.36407092, 0.30807176), (-0.61058545, 0.74065554, 0.28038338), (-0.1842179, 0.07630557, -0.979919), (-0.17090951, 0.10620783, -0.9795458), (-0.17595309, 0.09492545, -0.979811), (-0.18421787, 0.07630556, -0.97991896), (-0.5854758, 0.7321253, 0.3481532), (-0.88585365, 0.45211726, 0.1041794), (-0.29779044, 0.7877615, 0.5392148), (-0.29779044, 0.7877615, 0.5392148), (-0.017276937, 0.77976525, 0.6258336), (-0.05685578, 0.850853, 0.5223184), (-0.5854758, 0.7321253, 0.3481532), (0.09441205, -0.17391673, -0.9802241), (0.107282706, -0.16764976, -0.97999185), (0.076082356, -0.18287835, -0.98018724), (0.07608177, -0.18287846, -0.98018724), (0.7675902, 0.34647462, 0.53922224), (0.9316847, 0.103696905, 0.34815308), (0.6418468, 0.56144106, 0.5223186), (0.5635937, 0.53916067, 0.62583375), (-0.7507815, 0.5989016, 0.27864686), (-0.7606398, 0.6325289, 0.14606272), (-0.99391127, 0.09807664, 0.050213598), (-0.9881268, 0.036494765, 0.1492431), (0.37160957, 0.9236113, 0.09406683), (-0.07056278, 0.93430305, 0.3494264), (-0.34386995, 0.7637633, 0.5462774), (-0.9358669, 0.07324288, 0.3446572), (-0.9305563, -0.3545605, 0.09138833), (-0.7718612, 0.33516997, 0.5402698), (0.8913274, 0.44120327, 0.10428386), (0.9140378, 0.40463644, 0.028358942), (0.6616716, 0.7316355, 0.16401249), (0.59610796, 0.7230341, 0.34910902), (0.6373231, 0.76757497, 0.068175785), (0.6616716, 0.7316355, 0.16401249), (0.9140378, 0.40463644, 0.028358942), (0.9252151, 0.37847942, -0.027024858), (-0.7507815, 0.5989016, 0.27864686), (-0.3673113, 0.87772125, 0.30771378), (-0.37828866, 0.91008776, 0.16922766), (-0.7606398, 0.6325289, 0.14606272), (0.19154005, -0.05729519, -0.979811), (0.20498234, -0.021848265, -0.97852176), (0.11205547, -0.114227735, -0.9871148), (0.114379585, -0.11196429, -0.9871076), (0.19595161, -0.045750976, -0.9795457), (0.076082356, -0.18287835, -0.98018724), (0.04294953, -0.19498423, -0.9798655), (0.056438286, -0.19011563, -0.9801381), (0.07608177, -0.18287846, -0.98018724), (-0.7718612, 0.33516997, 0.5402698), (-0.5713862, 0.53157353, 0.6252578), (-0.6493299, 0.5531668, 0.52189755), (-0.9358669, 0.07324288, 0.3446572), (-0.34389377, 0.763785, 0.5462321), (-0.07056278, 0.93430305, 0.3494264), (-0.563495, 0.6397422, 0.52268857), (-0.5406907, 0.56235546, 0.6256275), (-0.7694666, 0.31872362, 0.55347663), (-0.691646, 0.2864893, 0.66298544), (-0.5406907, 0.56235546, 0.6256275), (-0.563495, 0.6397422, 0.52268857), (0.59610796, 0.7230341, 0.34910902), (0.06913405, 0.84989184, 0.5224025), (0.0295047, 0.7797362, 0.6254126), (0.31399906, 0.78402114, 0.5354583), (-0.32120335, 0.7665391, 0.5560992), (-0.2873507, 0.6877857, 0.6666186), (0.0295047, 0.7797362, 0.6254126), (0.06913405, 0.84989184, 0.5224025), (-0.09462429, -0.17511676, -0.97998995), (-0.07628196, -0.1841612, -0.97993153), (-0.07628196, -0.18416119, -0.9799315), (-0.10730035, -0.16883613, -0.97978616), (-0.9358669, 0.07324288, 0.3446572), (-0.9881268, 0.036494765, 0.1492431), (-0.9204616, -0.390822, 0.002947403), (-0.9305563, -0.3545605, 0.09138833), (-0.10730035, -0.16883613, -0.97978616), (-0.0009729855, -0.15804966, -0.98743063), (0.00052680844, -0.15804408, -0.98743194), (-0.13058606, -0.15718243, -0.97889787), (-0.09462429, -0.17511676, -0.97998995), (0.3903243, 0.9158594, 0.09406744), (0.7105473, 0.61075646, 0.34942672), (0.7237994, 0.6729823, 0.1523464), (0.35679546, 0.9341744, 0.0038902713), (0.31398153, 0.7840234, 0.53546536), (0.8913274, 0.44120327, 0.10428386), (0.59610796, 0.7230341, 0.34910902), (0.10752849, 0.95360357, 0.28120765), (0.09664339, 0.9840843, 0.14912516), (-0.37828866, 0.91008776, 0.16922766), (-0.3673113, 0.87772125, 0.30771378), (-0.0797136, 0.9858932, 0.1471747), (-0.09571294, 0.95540607, 0.2793534), (0.36400792, 0.87879324, 0.30857855), (0.37704456, 0.91026676, 0.17103162), (-0.09571294, 0.95540607, 0.2793534), (-0.6536006, 0.7422436, 0.1479217), (-0.5854758, 0.7321253, 0.3481532), (-0.05685578, 0.850853, 0.5223184), (-0.09571294, 0.95540607, 0.2793534), (-0.05685578, 0.850853, 0.5223184), (0.3182212, 0.7682541, 0.55544645), (0.36400792, 0.87879324, 0.30857855), (0.10752849, 0.95360357, 0.28120765), (0.6616716, 0.7316355, 0.16401249), (0.6373231, 0.76757497, 0.068175785), (0.09664339, 0.9840843, 0.14912516), (0.056438286, -0.19011563, -0.9801381), (0.04294953, -0.19498423, -0.9798655), (0.114379585, -0.11196429, -0.9871076), (0.11205547, -0.114227735, -0.9871148), (0.018020865, -0.20386814, -0.9788325), (-0.0797136, 0.9858932, 0.1471747), (-0.6173532, 0.7852461, 0.04757803), (-0.6536006, 0.7422436, 0.1479217), (-0.09571294, 0.95540607, 0.2793534), (0.09441205, -0.17391673, -0.9802241), (0.13055372, -0.1562038, -0.97905874), (0.00052680844, -0.15804408, -0.98743194), (-0.0009729855, -0.15804966, -0.98743063), (0.107282706, -0.16764976, -0.97999185), (0.78278285, -0.30877566, 0.54028565), (0.7135485, -0.6099672, 0.34465718), (0.85029364, -0.06799756, 0.52189755), (0.7799104, -0.0281517, 0.62525773), (-0.99391127, 0.09807664, 0.050213598), (-0.90870494, -0.41296026, -0.060984153), (-0.9204616, -0.390822, 0.002947403), (-0.9881268, 0.036494765, 0.1492431), (-0.6536006, 0.7422436, 0.1479217), (-0.6173532, 0.7852461, 0.04757803), (-0.91931945, 0.38775948, -0.06703957), (-0.90947366, 0.41574103, 0.0041278005), (0.10752849, 0.95360357, 0.28120765), (0.06913405, 0.84989184, 0.5224025), (0.59610796, 0.7230341, 0.34910902), (0.6616716, 0.7316355, 0.16401249), (0.10752849, 0.95360357, 0.28120765), (-0.3673113, 0.87772125, 0.30771378), (-0.32120335, 0.7665391, 0.5560992), (0.06913405, 0.84989184, 0.5224025), (-0.7507815, 0.5989016, 0.27864686), (-0.6493299, 0.5531668, 0.52189755), (-0.32120335, 0.7665391, 0.5560992), (-0.3673113, 0.87772125, 0.30771378), (-0.7507815, 0.5989016, 0.27864686), (-0.9881268, 0.036494765, 0.1492431), (-0.9358669, 0.07324288, 0.3446572), (-0.6493299, 0.5531668, 0.52189755), (0.98605573, 0.0759149, 0.14809096), (0.77478415, 0.6300832, 0.05200811), (0.7237994, 0.6729823, 0.1523464), (0.9554718, 0.0919734, 0.28038296), (-0.37451148, 0.9272176, 0.0029471216), (-0.7245169, 0.6729054, 0.14924315), (-0.71354836, 0.6099673, 0.34465724), (-0.40729004, 0.90871507, 0.09138827), (0.9554718, 0.0919734, 0.28038296), (0.7237994, 0.6729823, 0.1523464), (0.7105473, 0.61075646, 0.34942672), (0.8508171, 0.053915042, 0.52268857), (0.9554718, 0.0919734, 0.28038296), (0.8508171, 0.053915042, 0.52268857), (0.7694666, -0.31872362, 0.5534767), (0.8789449, -0.36407092, 0.30807176), (0.1842179, -0.07630557, -0.979919), (0.17090946, -0.10620783, -0.9795458), (0.17595309, -0.09492545, -0.979811), (0.18421787, -0.07630555, -0.97991896), (0.98605573, 0.0759149, 0.14809096), (0.9554718, 0.0919734, 0.28038296), (0.8789449, -0.36407092, 0.30807176), (0.9101728, -0.37700608, 0.17161576), (0.7675438, 0.3464536, 0.5393018), (0.94608814, -0.30669865, 0.10417885), (0.9316847, 0.103696905, 0.34815308), (-0.17090951, 0.10620783, -0.9795458), (-0.16004917, 0.0017079693, -0.9871076), (-0.16000628, -0.0015360184, -0.9871148), (-0.16039334, 0.12949522, -0.9785218), (-0.17595309, 0.09492545, -0.979811), (-0.18973711, -0.056218226, -0.9802241), (-0.1831125, -0.075516745, -0.98018724), (-0.18311284, -0.07551623, -0.98018724), (-0.19440666, -0.042685878, -0.97999185), (0.5635937, 0.53916067, 0.62583375), (0.6418468, 0.56144106, 0.5223186), (0.3182212, 0.7682541, 0.55544645), (0.28570217, 0.6897457, 0.6653007), (0.95436996, -0.10739518, 0.27864712), (0.7245169, -0.67290545, 0.14924309), (0.772152, -0.6334506, 0.05021379), (0.985119, -0.09058787, 0.14606324), (0.40729007, -0.908715, 0.09138824), (0.7135485, -0.6099672, 0.34465718), (0.7828019, -0.3087586, 0.54026777), (-0.31828544, 0.94224167, 0.10428383), (0.08975069, 0.9327743, 0.3491088), (0.049471807, 0.98521703, 0.16401188), (-0.36020115, 0.9324435, 0.028358422), (0.35679546, 0.9341744, 0.0038902713), (0.7237994, 0.6729823, 0.1523464), (0.77478415, 0.6300832, 0.05200811), (0.3324553, 0.94114393, -0.06100458), (0.95436996, -0.10739518, 0.27864712), (0.985119, -0.09058787, 0.14606324), (0.9110195, 0.37603918, 0.16922748), (0.8803708, 0.36091465, 0.30771378), (-0.1682445, -0.10750473, -0.9798655), (-0.18311284, -0.07551623, -0.98018724), (-0.1831125, -0.075516745, -0.98018724), (-0.17433985, -0.0945242, -0.9801381), (-0.19440666, -0.042685878, -0.97999185), (-0.111070074, -0.11244584, -0.9874307), (-0.11212659, -0.11138143, -0.98743194), (-0.20276822, -0.018137218, -0.97905874), (-0.18973711, -0.056218226, -0.9802241), (0.7694666, -0.31872362, 0.5534767), (0.8508171, 0.053915042, 0.52268857), (0.7799714, 0.015319243, 0.6256276), (0.691646, -0.2864893, 0.66298544), (0.7799104, -0.0281517, 0.62525773), (0.85029364, -0.06799756, 0.52189755), (0.76915, 0.3148996, 0.5560993), (0.6895256, 0.28315008, 0.6666187), (0.76915, 0.3148996, 0.5560993), (0.5520791, 0.6498495, 0.52240247), (0.530494, 0.57221943, 0.6254128), (0.6895256, 0.28315008, 0.6666187), (0.7799714, 0.015319243, 0.6256276), (0.8508171, 0.053915042, 0.52268857), (0.7105473, 0.61075646, 0.34942672), (0.78325, 0.29693514, 0.54621327), (-0.056916695, -0.19073582, -0.97998995), (-0.043512326, -0.19525798, -0.97978616), (-0.07628196, -0.18416119, -0.9799315), (-0.07628196, -0.1841612, -0.97993153), (0.530494, 0.57221943, 0.6254128), (0.5520791, 0.6498495, 0.52240247), (0.08975069, 0.9327743, 0.3491088), (0.3323335, 0.77643704, 0.53544366), (0.37451154, -0.9272176, 0.0029470627), (0.35054424, -0.9345586, -0.06098466), (0.772152, -0.6334506, 0.05021379), (0.7245169, -0.67290545, 0.14924309), (-0.11212659, -0.11138143, -0.98743194), (-0.111070074, -0.11244584, -0.9874307), (-0.043512326, -0.19525798, -0.97978616), (-0.056916695, -0.19073582, -0.97998995), (-0.018806536, -0.20348294, -0.97889787), (0.3903243, 0.9158594, 0.09406744), (0.78325, 0.29693514, 0.54621327), (0.7105473, 0.61075646, 0.34942672), (-0.31828544, 0.94224167, 0.10428383), (0.3323335, 0.77643704, 0.53544366), (0.08975069, 0.9327743, 0.3491088), (-0.39032432, -0.91585934, 0.09406745), (-0.7105473, -0.61075646, 0.34942678), (-0.72379935, -0.6729823, 0.1523464), (-0.3567954, -0.93417436, 0.0038902687), (0.5982653, 0.7503339, 0.28120732), (0.8803708, 0.36091465, 0.30771378), (0.9110195, 0.37603918, 0.16922748), (0.6275153, 0.76418996, 0.14912467), (0.7534974, 0.64076614, 0.14717458), (0.37704456, 0.91026676, 0.17103162), (0.36400792, 0.87879324, 0.30857855), (0.743253, 0.60789526, 0.2793534), (0.5982653, 0.7503339, 0.28120732), (0.6275153, 0.76418996, 0.14912467), (0.09210233, 0.9934129, 0.06817563), (0.049471807, 0.98521703, 0.16401188), (0.743253, 0.60789526, 0.2793534), (0.36400792, 0.87879324, 0.30857855), (0.3182212, 0.7682541, 0.55544645), (0.6418468, 0.56144106, 0.5223186), (0.743253, 0.60789526, 0.2793534), (0.6418468, 0.56144106, 0.5223186), (0.9316847, 0.103696905, 0.34815308), (0.98701084, 0.06268001, 0.1479217), (-0.16000628, -0.0015360184, -0.9871148), (-0.16004917, 0.0017079693, -0.9871076), (-0.1682445, -0.10750473, -0.9798655), (-0.17433985, -0.0945242, -0.9801381), (-0.15689914, -0.13141368, -0.97883254), (0.7534974, 0.64076614, 0.14717458), (0.743253, 0.60789526, 0.2793534), (0.98701084, 0.06268001, 0.1479217), (0.99178743, 0.11871846, 0.04757835), (0.937068, -0.3491224, 0.0041277134), (0.98701084, 0.06268001, 0.1479217), (0.9316847, 0.103696905, 0.34815308), (0.94608814, -0.30669865, 0.10417885), (-0.7675902, -0.34647462, 0.53922224), (-0.9316847, -0.103696905, 0.34815308), (-0.6418468, -0.56144106, 0.5223186), (-0.5635937, -0.53916067, 0.62583375), (0.9242442, -0.37587026, -0.06703916), (0.99178743, 0.11871846, 0.04757835), (0.98701084, 0.06268001, 0.1479217), (0.937068, -0.3491224, 0.0041277134), (-0.36020115, 0.9324435, 0.028358422), (0.049471807, 0.98521703, 0.16401188), (0.09210233, 0.9934129, 0.06817563), (-0.3866005, 0.9218512, -0.027025264), (0.5982653, 0.7503339, 0.28120732), (0.049471807, 0.98521703, 0.16401188), (0.08975069, 0.9327743, 0.3491088), (0.5520791, 0.6498495, 0.52240247), (0.5982653, 0.7503339, 0.28120732), (0.5520791, 0.6498495, 0.52240247), (0.76915, 0.3148996, 0.5560993), (0.8803708, 0.36091465, 0.30771378), (0.95436996, -0.10739518, 0.27864712), (0.8803708, 0.36091465, 0.30771378), (0.76915, 0.3148996, 0.5560993), (0.85029364, -0.06799756, 0.52189755), (0.95436996, -0.10739518, 0.27864712), (0.85029364, -0.06799756, 0.52189755), (0.7135485, -0.6099672, 0.34465718), (0.7245169, -0.67290545, 0.14924309), (-0.98605573, -0.07591489, 0.14809096), (-0.77478415, -0.6300832, 0.052008066), (-0.72379935, -0.6729823, 0.1523464), (-0.9554718, -0.091973424, 0.280383), (0.58547586, -0.73212534, 0.348153), (0.6536006, -0.7422436, 0.14792158), (0.90947366, -0.4157411, 0.004127499), (0.88585365, -0.45211726, 0.10417923), (-0.9554718, -0.091973424, 0.280383), (-0.72379935, -0.6729823, 0.1523464), (-0.7105473, -0.61075646, 0.34942678), (-0.8508171, -0.05391506, 0.52268857), (-0.9554718, -0.091973424, 0.280383), (-0.8508171, -0.05391506, 0.52268857), (-0.7694666, 0.31872362, 0.55347663), (-0.8789449, 0.36407092, 0.30807176), (-0.19595157, 0.04575098, -0.9795457), (-0.1842179, 0.07630557, -0.979919), (-0.18421787, 0.07630556, -0.97991896), (-0.19154002, 0.0572952, -0.979811), (-0.98605573, -0.07591489, 0.14809096), (-0.9554718, -0.091973424, 0.280383), (-0.8789449, 0.36407092, 0.30807176), (-0.9101728, 0.37700608, 0.17161576), (-0.7675438, -0.3464536, 0.5393018), (-0.94608814, 0.30669865, 0.10417885), (-0.9316847, -0.103696905, 0.34815308), (0.17090946, -0.10620783, -0.9795458), (0.16004916, -0.0017079693, -0.9871076), (0.16000625, 0.0015360184, -0.9871148), (0.1603933, -0.12949522, -0.9785218), (0.17595309, -0.09492545, -0.979811), (0.18973711, 0.056218226, -0.9802241), (0.1831125, 0.075516745, -0.98018724), (0.18311284, 0.07551623, -0.98018724), (0.19440666, 0.042685878, -0.97999185), (-0.5635937, -0.53916067, 0.62583375), (-0.6418468, -0.56144106, 0.5223186), (-0.31822124, -0.7682541, 0.55544645), (-0.2857022, -0.6897458, 0.66530067), (-0.78278285, 0.30877566, 0.54028565), (-0.71354836, 0.6099673, 0.34465724), (-0.8502936, 0.0679976, 0.52189755), (-0.7799104, 0.028151711, 0.62525773), (-0.95436996, 0.10739518, 0.27864715), (-0.7245169, 0.6729054, 0.14924315), (-0.7721521, 0.63345057, 0.050213814), (-0.9851189, 0.09058783, 0.14606321), (-0.40729004, 0.90871507, 0.09138827), (-0.71354836, 0.6099673, 0.34465724), (-0.782802, 0.3087584, 0.54026777), (-0.39032432, -0.91585934, 0.09406745), (-0.78325, -0.29693514, 0.54621327), (-0.7105473, -0.61075646, 0.34942678), (0.31828544, -0.94224167, 0.10428383), (-0.08975069, -0.9327743, 0.3491088), (-0.049471807, -0.98521703, 0.16401188), (0.36020115, -0.9324435, 0.028358422), (-0.3567954, -0.93417436, 0.0038902687), (-0.72379935, -0.6729823, 0.1523464), (-0.77478415, -0.6300832, 0.052008066), (-0.3324552, -0.94114405, -0.06100462), (-0.95436996, 0.10739518, 0.27864715), (-0.9851189, 0.09058783, 0.14606321), (-0.9110195, -0.37603918, 0.16922748), (-0.8803708, -0.36091465, 0.30771378), (0.1682445, 0.10750473, -0.9798655), (0.18311284, 0.07551623, -0.98018724), (0.1831125, 0.075516745, -0.98018724), (0.17433985, 0.0945242, -0.9801381), (0.19440666, 0.042685878, -0.97999185), (0.111070074, 0.11244584, -0.9874307), (0.11212659, 0.11138143, -0.98743194), (0.20276822, 0.018137218, -0.97905874), (0.18973711, 0.056218226, -0.9802241), (-0.7694666, 0.31872362, 0.55347663), (-0.8508171, -0.05391506, 0.52268857), (-0.77997136, -0.015319249, 0.62562764), (-0.691646, 0.2864893, 0.66298544), (-0.7799104, 0.028151711, 0.62525773), (-0.8502936, 0.0679976, 0.52189755), (-0.76915, -0.3148996, 0.5560993), (-0.6895256, -0.28315008, 0.6666187), (-0.76915, -0.3148996, 0.5560993), (-0.5520791, -0.6498495, 0.52240247), (-0.530494, -0.57221943, 0.6254128), (-0.6895256, -0.28315008, 0.6666187), (-0.77997136, -0.015319249, 0.62562764), (-0.8508171, -0.05391506, 0.52268857), (-0.7105473, -0.61075646, 0.34942678), (-0.78325, -0.29693514, 0.54621327), (0.056916706, 0.19073576, -0.97998995), (0.04351233, 0.19525793, -0.9797862), (0.07628194, 0.18416117, -0.9799315), (0.07628195, 0.18416117, -0.9799315), (-0.530494, -0.57221943, 0.6254128), (-0.5520791, -0.6498495, 0.52240247), (-0.08975069, -0.9327743, 0.3491088), (-0.3323335, -0.77643704, 0.53544366), (-0.37451148, 0.9272176, 0.0029471216), (-0.3505444, 0.93455845, -0.06098454), (-0.7721521, 0.63345057, 0.050213814), (-0.7245169, 0.6729054, 0.14924315), (0.11212659, 0.11138143, -0.98743194), (0.111070074, 0.11244584, -0.9874307), (0.04351233, 0.19525793, -0.9797862), (0.056916706, 0.19073576, -0.97998995), (0.018806536, 0.20348294, -0.97889787), (0.31828544, -0.94224167, 0.10428383), (-0.3323335, -0.77643704, 0.53544366), (-0.08975069, -0.9327743, 0.3491088), (-0.37160957, -0.9236113, 0.09406683), (-0.4082683, -0.91285366, 0.00388995), (0.035933625, -0.98767364, 0.15234666), (0.07056278, -0.93430305, 0.3494264), (-0.5982653, -0.7503339, 0.28120732), (-0.8803708, -0.36091465, 0.30771378), (-0.9110195, -0.37603918, 0.16922748), (-0.6275153, -0.76418996, 0.14912467), (-0.7534974, -0.6407661, 0.14717487), (-0.37704468, -0.9102667, 0.17103182), (-0.36400792, -0.87879324, 0.3085786), (-0.74325305, -0.6078952, 0.27935356), (-0.5982653, -0.7503339, 0.28120732), (-0.6275153, -0.76418996, 0.14912467), (-0.09210233, -0.9934129, 0.06817563), (-0.049471807, -0.98521703, 0.16401188), (-0.74325305, -0.6078952, 0.27935356), (-0.36400792, -0.87879324, 0.3085786), (-0.31822124, -0.7682541, 0.55544645), (-0.6418468, -0.56144106, 0.5223186), (-0.74325305, -0.6078952, 0.27935356), (-0.6418468, -0.56144106, 0.5223186), (-0.9316847, -0.103696905, 0.34815308), (-0.98701084, -0.06268001, 0.1479217), (0.16000625, 0.0015360184, -0.9871148), (0.16004916, -0.0017079693, -0.9871076), (0.1682445, 0.10750473, -0.9798655), (0.17433985, 0.0945242, -0.9801381), (0.15689914, 0.13141368, -0.97883254), (-0.7534974, -0.6407661, 0.14717487), (-0.74325305, -0.6078952, 0.27935356), (-0.98701084, -0.06268001, 0.1479217), (-0.99178743, -0.11871846, 0.04757835), (-0.937068, 0.3491224, 0.0041277134), (-0.98701084, -0.06268001, 0.1479217), (-0.9316847, -0.103696905, 0.34815308), (-0.94608814, 0.30669865, 0.10417885), (-0.31822124, -0.7682541, 0.55544645), (0.056855775, -0.850853, 0.52231836), (0.017276943, -0.7797653, 0.6258335), (-0.2857022, -0.6897458, 0.66530067), (-0.9242442, 0.37587026, -0.06703916), (-0.99178743, -0.11871846, 0.04757835), (-0.98701084, -0.06268001, 0.1479217), (-0.937068, 0.3491224, 0.0041277134), (0.36020115, -0.9324435, 0.028358422), (-0.049471807, -0.98521703, 0.16401188), (-0.09210233, -0.9934129, 0.06817563), (0.3866005, -0.9218512, -0.027025264), (-0.5982653, -0.7503339, 0.28120732), (-0.049471807, -0.98521703, 0.16401188), (-0.08975069, -0.9327743, 0.3491088), (-0.5520791, -0.6498495, 0.52240247), (-0.5982653, -0.7503339, 0.28120732), (-0.5520791, -0.6498495, 0.52240247), (-0.76915, -0.3148996, 0.5560993), (-0.8803708, -0.36091465, 0.30771378), (-0.95436996, 0.10739518, 0.27864715), (-0.8803708, -0.36091465, 0.30771378), (-0.76915, -0.3148996, 0.5560993), (-0.8502936, 0.0679976, 0.52189755), (-0.95436996, 0.10739518, 0.27864715), (-0.8502936, 0.0679976, 0.52189755), (-0.71354836, 0.6099673, 0.34465724), (-0.7245169, 0.6729054, 0.14924315), (0.6435667, -0.7509267, 0.14809169), (0.61058545, -0.74065554, 0.28038338), (0.035933625, -0.98767364, 0.15234666), (0.10231913, -0.99339116, 0.05200885), (0.61058545, -0.74065554, 0.28038338), (0.8789449, -0.36407092, 0.30807176), (0.7694666, -0.31872362, 0.5534767), (0.563495, -0.6397422, 0.52268857), (0.61058545, -0.74065554, 0.28038338), (0.563495, -0.6397422, 0.52268857), (0.07056278, -0.93430305, 0.3494264), (0.035933625, -0.98767364, 0.15234666), (0.10231913, -0.99339116, 0.05200885), (0.035933625, -0.98767364, 0.15234666), (-0.4082683, -0.91285366, 0.00388995), (-0.43040743, -0.9005709, -0.06100398), (0.6435667, -0.7509267, 0.14809169), (0.9101728, -0.37700608, 0.17161576), (0.8789449, -0.36407092, 0.30807176), (0.61058545, -0.74065554, 0.28038338), (0.58547586, -0.73212534, 0.348153), (0.88585365, -0.45211726, 0.10417923), (0.29779047, -0.78776157, 0.5392148), (0.29779047, -0.78776157, 0.5392148), (0.017276943, -0.7797653, 0.6258335), (0.056855775, -0.850853, 0.52231836), (0.58547586, -0.73212534, 0.348153), (-0.09441206, 0.17391673, -0.9802241), (-0.10728269, 0.16764976, -0.97999185), (-0.07608236, 0.18287835, -0.98018724), (-0.07608178, 0.18287848, -0.98018724), (0.32120344, -0.7665391, 0.5560991), (0.64932996, -0.5531668, 0.5218975), (0.5713862, -0.53157353, 0.6252578), (0.2873507, -0.6877857, 0.6666186), (0.7507815, -0.5989016, 0.2786468), (0.7606398, -0.6325289, 0.14606272), (0.99391127, -0.09807664, 0.050213598), (0.9881268, -0.036494765, 0.1492431), (-0.37160957, -0.9236113, 0.09406683), (0.07056278, -0.93430305, 0.3494264), (0.34386995, -0.7637633, 0.5462774), (0.9358669, -0.07324288, 0.3446572), (0.9305563, 0.3545605, 0.09138833), (0.7718612, -0.33516997, 0.5402698), (-0.8913274, -0.4412033, 0.104284145), (-0.9140378, -0.4046364, 0.02835925), (-0.6616716, -0.7316355, 0.16401276), (-0.59610796, -0.7230341, 0.34910914), (-0.6373231, -0.76757497, 0.06817617), (-0.6616716, -0.7316355, 0.16401276), (-0.9140378, -0.4046364, 0.02835925), (-0.9252151, -0.3784794, -0.027024835), (0.7507815, -0.5989016, 0.2786468), (0.3673113, -0.87772125, 0.3077136), (0.37828866, -0.91008776, 0.16922742), (0.7606398, -0.6325289, 0.14606272), (-0.19154002, 0.0572952, -0.979811), (-0.20498234, 0.021848265, -0.97852176), (-0.11205547, 0.114227735, -0.9871148), (-0.114379585, 0.11196429, -0.9871076), (-0.19595157, 0.04575098, -0.9795457), (-0.07608236, 0.18287835, -0.98018724), (-0.04294953, 0.19498423, -0.9798655), (-0.056438286, 0.19011563, -0.9801381), (-0.07608178, 0.18287848, -0.98018724), (0.7718612, -0.33516997, 0.5402698), (0.5713862, -0.53157353, 0.6252578), (0.64932996, -0.5531668, 0.5218975), (0.9358669, -0.07324288, 0.3446572), (0.34389377, -0.763785, 0.5462321), (0.07056278, -0.93430305, 0.3494264), (0.563495, -0.6397422, 0.52268857), (0.5406907, -0.56235546, 0.6256275), (0.7694666, -0.31872362, 0.5534767), (0.691646, -0.2864893, 0.66298544), (0.5406907, -0.56235546, 0.6256275), (0.563495, -0.6397422, 0.52268857), (-0.59610796, -0.7230341, 0.34910914), (-0.069134064, -0.84989184, 0.52240247), (-0.029504728, -0.7797362, 0.6254125), (-0.3139991, -0.7840212, 0.5354581), (0.32120344, -0.7665391, 0.5560991), (0.2873507, -0.6877857, 0.6666186), (-0.029504728, -0.7797362, 0.6254125), (-0.069134064, -0.84989184, 0.52240247), (0.09462426, 0.17511678, -0.97998995), (0.07628195, 0.18416117, -0.9799315), (0.07628194, 0.18416117, -0.9799315), (0.107300326, 0.16883613, -0.97978616), (0.9358669, -0.07324288, 0.3446572), (0.9881268, -0.036494765, 0.1492431), (0.9204616, 0.390822, 0.002947403), (0.9305563, 0.3545605, 0.09138833), (0.107300326, 0.16883613, -0.97978616), (0.0009730004, 0.15804964, -0.98743063), (-0.0005267971, 0.15804408, -0.98743194), (0.13058606, 0.15718243, -0.97889787), (0.09462426, 0.17511678, -0.97998995), (-0.31398156, -0.7840233, 0.5354653), (-0.8913274, -0.4412033, 0.104284145), (-0.59610796, -0.7230341, 0.34910914), (-0.10752849, -0.95360357, 0.28120768), (-0.09664332, -0.9840842, 0.14912516), (0.37828866, -0.91008776, 0.16922742), (0.3673113, -0.87772125, 0.3077136), (0.0797136, -0.9858932, 0.14717464), (0.09571292, -0.95540607, 0.2793533), (-0.36400792, -0.87879324, 0.3085786), (-0.37704468, -0.9102667, 0.17103182), (0.09571292, -0.95540607, 0.2793533), (0.6536006, -0.7422436, 0.14792158), (0.58547586, -0.73212534, 0.348153), (0.056855775, -0.850853, 0.52231836), (0.09571292, -0.95540607, 0.2793533), (0.056855775, -0.850853, 0.52231836), (-0.31822124, -0.7682541, 0.55544645), (-0.36400792, -0.87879324, 0.3085786), (-0.10752849, -0.95360357, 0.28120768), (-0.6616716, -0.7316355, 0.16401276), (-0.6373231, -0.76757497, 0.06817617), (-0.09664332, -0.9840842, 0.14912516), (-0.056438286, 0.19011563, -0.9801381), (-0.04294953, 0.19498423, -0.9798655), (-0.114379585, 0.11196429, -0.9871076), (-0.11205547, 0.114227735, -0.9871148), (-0.018020865, 0.20386814, -0.9788325), (0.0797136, -0.9858932, 0.14717464), (0.6173532, -0.7852461, 0.047578026), (0.6536006, -0.7422436, 0.14792158), (0.09571292, -0.95540607, 0.2793533), (-0.09441206, 0.17391673, -0.9802241), (-0.1305537, 0.15620378, -0.9790588), (-0.0005267971, 0.15804408, -0.98743194), (0.0009730004, 0.15804964, -0.98743063), (-0.10728269, 0.16764976, -0.97999185), (0.99391127, -0.09807664, 0.050213598), (0.90870494, 0.41296026, -0.060984153), (0.9204616, 0.390822, 0.002947403), (0.9881268, -0.036494765, 0.1492431), (0.6536006, -0.7422436, 0.14792158), (0.6173532, -0.7852461, 0.047578026), (0.91931945, -0.38775954, -0.067039594), (0.90947366, -0.4157411, 0.004127499), (-0.10752849, -0.95360357, 0.28120768), (-0.069134064, -0.84989184, 0.52240247), (-0.59610796, -0.7230341, 0.34910914), (-0.6616716, -0.7316355, 0.16401276), (-0.10752849, -0.95360357, 0.28120768), (0.3673113, -0.87772125, 0.3077136), (0.32120344, -0.7665391, 0.5560991), (-0.069134064, -0.84989184, 0.52240247), (0.7507815, -0.5989016, 0.2786468), (0.64932996, -0.5531668, 0.5218975), (0.32120344, -0.7665391, 0.5560991), (0.3673113, -0.87772125, 0.3077136), (0.7507815, -0.5989016, 0.2786468), (0.9881268, -0.036494765, 0.1492431), (0.9358669, -0.07324288, 0.3446572), (0.64932996, -0.5531668, 0.5218975), (0.3182212, 0.7682541, 0.55544645), (-0.05685578, 0.850853, 0.5223184), (-0.017276937, 0.77976525, 0.6258336), (0.28570217, 0.6897457, 0.6653007), (-0.32120335, 0.7665391, 0.5560992), (-0.6493299, 0.5531668, 0.52189755), (-0.5713862, 0.53157353, 0.6252578), (-0.2873507, 0.6877857, 0.6666186), (0.07858176, 0.0787788, -0.9937901), (0.17063351, 0.06868692, -0.98293763), (0.14444436, -1.1955039e-8, -0.9895129), (0.047204856, -5.3066007e-8, -0.9988852), (-0.68605775, -0.7274246, 0.013347428), (-0.9356988, -0.29831725, 0.18834664), (-0.9636416, -0.2588694, 0.06619254), (-0.6639276, -0.74468744, -0.0681227), (0.19154005, -0.05729519, -0.979811), (0.19595161, -0.045750976, -0.9795457), (0.1842179, -0.07630557, -0.979919), (0.18421787, -0.07630555, -0.97991896), (0.67268777, -0.73992646, 1.1641024e-8), (0.47566214, -0.5232069, -0.70710677), (0.8155731, -0.038820352, -0.5773505), (0.99886906, -0.047544897, 6.3066503e-9), (0.67268777, -0.73992646, 1.1641024e-8), (0.99886906, -0.047544897, 6.3066503e-9), (0.81557304, -0.038820118, 0.5773505), (0.47566205, -0.5232069, 0.7071068), (0.67268777, -0.73992646, 1.1641024e-8), (0.47566205, -0.5232069, 0.7071068), (-0.038820267, -0.81557316, 0.5773504), (-0.047544986, -0.99886906, -6.306649e-9), (0.67268777, -0.73992646, 1.1641024e-8), (-0.047544986, -0.99886906, -6.306649e-9), (-0.03882013, -0.81557316, -0.57735026), (0.47566214, -0.5232069, -0.70710677), (-0.7399266, -0.6726877, 1.1641025e-8), (-0.52320707, -0.47566208, -0.7071068), (-0.03882013, -0.81557316, -0.57735026), (-0.047544986, -0.99886906, -6.306649e-9), (-0.7399266, -0.6726877, 1.1641025e-8), (-0.047544986, -0.99886906, -6.306649e-9), (-0.038820267, -0.81557316, 0.5773504), (-0.523207, -0.475662, 0.7071068), (-0.7399266, -0.6726877, 1.1641025e-8), (-0.523207, -0.475662, 0.7071068), (-0.81557316, 0.038820304, 0.5773504), (-0.99886906, 0.047545057, 1.2613298e-8), (-0.7399266, -0.6726877, 1.1641025e-8), (-0.99886906, 0.047545057, 1.2613298e-8), (-0.8155733, 0.03882023, -0.57735014), (-0.52320707, -0.47566208, -0.7071068), (-0.67268765, 0.7399265, 1.1641024e-8), (-0.4756622, 0.52320695, -0.7071068), (-0.8155733, 0.03882023, -0.57735014), (-0.99886906, 0.047545057, 1.2613298e-8), (-0.67268765, 0.7399265, 1.1641024e-8), (-0.99886906, 0.047545057, 1.2613298e-8), (-0.81557316, 0.038820304, 0.5773504), (-0.475662, 0.52320695, 0.7071069), (-0.67268765, 0.7399265, 1.1641024e-8), (-0.475662, 0.52320695, 0.7071069), (0.038820297, 0.81557316, 0.5773503), (0.047545012, 0.99886906, 8.829308e-8), (-0.67268765, 0.7399265, 1.1641024e-8), (0.047545012, 0.99886906, 8.829308e-8), (0.03882016, 0.8155733, -0.5773502), (-0.4756622, 0.52320695, -0.7071068), (0.7399265, 0.67268765, 4.6564097e-8), (0.5232069, 0.47566193, -0.70710695), (0.03882016, 0.8155733, -0.5773502), (0.047545012, 0.99886906, 8.829308e-8), (0.7399265, 0.67268765, 4.6564097e-8), (0.047545012, 0.99886906, 8.829308e-8), (0.038820297, 0.81557316, 0.5773503), (0.52320683, 0.47566205, 0.70710695), (0.7399265, 0.67268765, 4.6564097e-8), (0.52320683, 0.47566205, 0.70710695), (0.81557304, -0.038820118, 0.5773505), (0.99886906, -0.047544897, 6.3066503e-9), (0.7399265, 0.67268765, 4.6564097e-8), (0.99886906, -0.047544897, 6.3066503e-9), (0.8155731, -0.038820352, -0.5773505), (0.5232069, 0.47566193, -0.70710695), (2.3282048e-8, -2.1099355e-8, -1), (0.47566214, -0.5232069, -0.70710677), (-0.03882013, -0.81557316, -0.57735026), (-0.52320707, -0.47566208, -0.7071068), (2.3282048e-8, -2.1099355e-8, -1), (-0.52320707, -0.47566208, -0.7071068), (-0.8155733, 0.03882023, -0.57735014), (-0.4756622, 0.52320695, -0.7071068), (2.3282048e-8, -2.1099355e-8, -1), (-0.4756622, 0.52320695, -0.7071068), (0.03882016, 0.8155733, -0.5773502), (0.5232069, 0.47566193, -0.70710695), (2.3282048e-8, -2.1099355e-8, -1), (0.5232069, 0.47566193, -0.70710695), (0.8155731, -0.038820352, -0.5773505), (0.47566214, -0.5232069, -0.70710677), (-1.3096151e-8, -1.1641023e-8, 1), (-0.475662, 0.52320695, 0.7071069), (-0.81557316, 0.038820304, 0.5773504), (-0.523207, -0.475662, 0.7071068), (-1.3096151e-8, -1.1641023e-8, 1), (-0.523207, -0.475662, 0.7071068), (-0.038820267, -0.81557316, 0.5773504), (0.47566205, -0.5232069, 0.7071068), (-1.3096151e-8, -1.1641023e-8, 1), (0.47566205, -0.5232069, 0.7071068), (0.81557304, -0.038820118, 0.5773505), (0.52320683, 0.47566205, 0.70710695), (-1.3096151e-8, -1.1641023e-8, 1), (0.52320683, 0.47566205, 0.70710695), (0.038820297, 0.81557316, 0.5773503), (-0.475662, 0.52320695, 0.7071069), (-0.04754543, -0.99886906, 0), (-0.033619635, -0.7063071, -0.7071067), (0.5492469, -0.6041476, -0.5773504), (0.6726875, -0.73992664, 6.3066503e-9), (-0.04754543, -0.99886906, 0), (0.6726875, -0.73992664, 6.3066503e-9), (0.54924697, -0.6041476, 0.5773504), (-0.033619728, -0.7063073, 0.70710665), (-0.04754543, -0.99886906, 0), (-0.033619728, -0.7063073, 0.70710665), (-0.6041479, -0.549247, 0.57734996), (-0.73992676, -0.6726874, 4.414653e-8), (-0.04754543, -0.99886906, 0), (-0.73992676, -0.6726874, 4.414653e-8), (-0.60414785, -0.5492471, -0.57735), (-0.033619635, -0.7063071, -0.7071067), (-0.99886906, 0.047545303, 1.1641023e-8), (-0.7063071, 0.033619415, -0.7071067), (-0.60414785, -0.5492471, -0.57735), (-0.73992676, -0.6726874, 4.414653e-8), (-0.99886906, 0.047545303, 1.1641023e-8), (-0.73992676, -0.6726874, 4.414653e-8), (-0.6041479, -0.549247, 0.57734996), (-0.70630723, 0.03361949, 0.7071067), (-0.99886906, 0.047545303, 1.1641023e-8), (-0.70630723, 0.03361949, 0.7071067), (-0.5492472, 0.60414743, 0.5773503), (-0.6726875, 0.73992676, 2.5226596e-8), (-0.99886906, 0.047545303, 1.1641023e-8), (-0.6726875, 0.73992676, 2.5226596e-8), (-0.5492472, 0.60414743, -0.5773504), (-0.7063071, 0.033619415, -0.7071067), (0.047545422, 0.99886906, 4.6564097e-8), (0.03361961, 0.70630705, -0.7071068), (-0.5492472, 0.60414743, -0.5773504), (-0.6726875, 0.73992676, 2.5226596e-8), (0.047545422, 0.99886906, 4.6564097e-8), (-0.6726875, 0.73992676, 2.5226596e-8), (-0.5492472, 0.60414743, 0.5773503), (0.03361979, 0.7063071, 0.70710677), (0.047545422, 0.99886906, 4.6564097e-8), (0.03361979, 0.7063071, 0.70710677), (0.6041478, 0.549247, 0.57735014), (0.7399267, 0.67268753, 1.2613298e-8), (0.047545422, 0.99886906, 4.6564097e-8), (0.7399267, 0.67268753, 1.2613298e-8), (0.60414755, 0.5492472, -0.5773502), (0.03361961, 0.70630705, -0.7071068), (0.9988691, -0.047545277, 3.4923087e-8), (0.7063071, -0.033619612, -0.7071068), (0.60414755, 0.5492472, -0.5773502), (0.7399267, 0.67268753, 1.2613298e-8), (0.9988691, -0.047545277, 3.4923087e-8), (0.7399267, 0.67268753, 1.2613298e-8), (0.6041478, 0.549247, 0.57735014), (0.7063072, -0.033619598, 0.70710665), (0.9988691, -0.047545277, 3.4923087e-8), (0.7063072, -0.033619598, 0.70710665), (0.54924697, -0.6041476, 0.5773504), (0.6726875, -0.73992664, 6.3066503e-9), (0.9988691, -0.047545277, 3.4923087e-8), (0.6726875, -0.73992664, 6.3066503e-9), (0.5492469, -0.6041476, -0.5773504), (0.7063071, -0.033619612, -0.7071068), (5.2384614e-8, -9.31282e-8, -1), (-0.033619635, -0.7063071, -0.7071067), (-0.60414785, -0.5492471, -0.57735), (-0.7063071, 0.033619415, -0.7071067), (5.2384614e-8, -9.31282e-8, -1), (-0.7063071, 0.033619415, -0.7071067), (-0.5492472, 0.60414743, -0.5773504), (0.03361961, 0.70630705, -0.7071068), (5.2384614e-8, -9.31282e-8, -1), (0.03361961, 0.70630705, -0.7071068), (0.60414755, 0.5492472, -0.5773502), (0.7063071, -0.033619612, -0.7071068), (5.2384614e-8, -9.31282e-8, -1), (0.7063071, -0.033619612, -0.7071068), (0.5492469, -0.6041476, -0.5773504), (-0.033619635, -0.7063071, -0.7071067), (5.8205146e-8, -5.8205146e-8, 1), (0.03361979, 0.7063071, 0.70710677), (-0.5492472, 0.60414743, 0.5773503), (-0.70630723, 0.03361949, 0.7071067), (5.8205146e-8, -5.8205146e-8, 1), (-0.70630723, 0.03361949, 0.7071067), (-0.6041479, -0.549247, 0.57734996), (-0.033619728, -0.7063073, 0.70710665), (5.8205146e-8, -5.8205146e-8, 1), (-0.033619728, -0.7063073, 0.70710665), (0.54924697, -0.6041476, 0.5773504), (0.7063072, -0.033619598, 0.70710665), (5.8205146e-8, -5.8205146e-8, 1), (0.7063072, -0.033619598, 0.70710665), (0.6041478, 0.549247, 0.57735014), (0.03361979, 0.7063071, 0.70710677), (0.99886906, -0.047544964, 1.1641023e-8), (0.70630723, -0.033619273, -0.70710665), (0.60414714, 0.54924756, -0.57735026), (0.7399262, 0.672688, -2.5226592e-8), (0.99886906, -0.047544964, 1.1641023e-8), (0.7399262, 0.672688, -2.5226592e-8), (0.60414726, 0.5492475, 0.5773502), (0.70630735, -0.033619363, 0.70710653), (0.99886906, -0.047544964, 1.1641023e-8), (0.70630735, -0.033619363, 0.70710653), (0.5492473, -0.6041475, 0.57735014), (0.67268777, -0.7399265, 5.045317e-8), (0.99886906, -0.047544964, 1.1641023e-8), (0.67268777, -0.7399265, 5.045317e-8), (0.54924744, -0.6041474, -0.57735014), (0.70630723, -0.033619273, -0.70710665), (-0.0475447, -0.9988691, 2.3282052e-8), (-0.033619206, -0.70630735, -0.70710665), (0.54924744, -0.6041474, -0.57735014), (0.67268777, -0.7399265, 5.045317e-8), (-0.0475447, -0.9988691, 2.3282052e-8), (0.67268777, -0.7399265, 5.045317e-8), (0.5492473, -0.6041475, 0.57735014), (-0.033619132, -0.70630735, 0.7071066), (-0.0475447, -0.9988691, 2.3282052e-8), (-0.033619132, -0.70630735, 0.7071066), (-0.6041475, -0.5492473, 0.57735014), (-0.73992634, -0.6726879, 6.3066476e-9), (-0.0475447, -0.9988691, 2.3282052e-8), (-0.73992634, -0.6726879, 6.3066476e-9), (-0.6041475, -0.5492473, -0.5773501), (-0.033619206, -0.70630735, -0.70710665), (-0.9988691, 0.04754447, -1.1641024e-8), (-0.7063072, 0.03361899, -0.70710665), (-0.6041475, -0.5492473, -0.5773501), (-0.73992634, -0.6726879, 6.3066476e-9), (-0.9988691, 0.04754447, -1.1641024e-8), (-0.73992634, -0.6726879, 6.3066476e-9), (-0.6041475, -0.5492473, 0.57735014), (-0.70630735, 0.033618964, 0.7071066), (-0.9988691, 0.04754447, -1.1641024e-8), (-0.70630735, 0.033618964, 0.7071066), (-0.54924756, 0.6041472, 0.57735014), (-0.6726881, 0.7399261, 4.4146542e-8), (-0.9988691, 0.04754447, -1.1641024e-8), (-0.6726881, 0.7399261, 4.4146542e-8), (-0.5492475, 0.60414726, -0.57735026), (-0.7063072, 0.03361899, -0.70710665), (0.04754452, 0.99886906, 1.1641023e-8), (0.03361917, 0.70630705, -0.70710677), (-0.5492475, 0.60414726, -0.57735026), (-0.6726881, 0.7399261, 4.4146542e-8), (0.04754452, 0.99886906, 1.1641023e-8), (-0.6726881, 0.7399261, 4.4146542e-8), (-0.54924756, 0.6041472, 0.57735014), (0.033619136, 0.7063072, 0.7071067), (0.04754452, 0.99886906, 1.1641023e-8), (0.033619136, 0.7063072, 0.7071067), (0.60414726, 0.5492475, 0.5773502), (0.7399262, 0.672688, -2.5226592e-8), (0.04754452, 0.99886906, 1.1641023e-8), (0.7399262, 0.672688, -2.5226592e-8), (0.60414714, 0.54924756, -0.57735026), (0.03361917, 0.70630705, -0.70710677), (-3.4923076e-7, -1.1641025e-8, -1), (0.70630723, -0.033619273, -0.70710665), (0.54924744, -0.6041474, -0.57735014), (-0.033619206, -0.70630735, -0.70710665), (-3.4923076e-7, -1.1641025e-8, -1), (-0.033619206, -0.70630735, -0.70710665), (-0.6041475, -0.5492473, -0.5773501), (-0.7063072, 0.03361899, -0.70710665), (-3.4923076e-7, -1.1641025e-8, -1), (-0.7063072, 0.03361899, -0.70710665), (-0.5492475, 0.60414726, -0.57735026), (0.03361917, 0.70630705, -0.70710677), (-3.4923076e-7, -1.1641025e-8, -1), (0.03361917, 0.70630705, -0.70710677), (0.60414714, 0.54924756, -0.57735026), (0.70630723, -0.033619273, -0.70710665), (-2.5610265e-7, -8.148721e-8, 1), (-0.70630735, 0.033618964, 0.7071066), (-0.6041475, -0.5492473, 0.57735014), (-0.033619132, -0.70630735, 0.7071066), (-2.5610265e-7, -8.148721e-8, 1), (-0.033619132, -0.70630735, 0.7071066), (0.5492473, -0.6041475, 0.57735014), (0.70630735, -0.033619363, 0.70710653), (-2.5610265e-7, -8.148721e-8, 1), (0.70630735, -0.033619363, 0.70710653), (0.60414726, 0.5492475, 0.5773502), (0.033619136, 0.7063072, 0.7071067), (-2.5610265e-7, -8.148721e-8, 1), (0.033619136, 0.7063072, 0.7071067), (-0.54924756, 0.6041472, 0.57735014), (-0.70630735, 0.033618964, 0.7071066), (0.7399257, 0.6726887, 5.8205114e-8), (0.5232065, 0.47566256, -0.7071068), (0.03881974, 0.81557316, -0.57735044), (0.047544055, 0.9988691, 3.7839904e-8), (0.7399257, 0.6726887, 5.8205114e-8), (0.047544055, 0.9988691, 3.7839904e-8), (0.03881968, 0.8155731, 0.57735056), (0.5232067, 0.47566256, 0.7071067), (0.7399257, 0.6726887, 5.8205114e-8), (0.5232067, 0.47566256, 0.7071067), (0.81557333, -0.038819157, 0.5773501), (0.9988691, -0.047543883, 6.937316e-8), (0.7399257, 0.6726887, 5.8205114e-8), (0.9988691, -0.047543883, 6.937316e-8), (0.8155732, -0.038819242, -0.57735026), (0.5232065, 0.47566256, -0.7071068), (0.672688, -0.7399262, 3.4923083e-8), (0.4756623, -0.52320683, -0.7071068), (0.8155732, -0.038819242, -0.57735026), (0.9988691, -0.047543883, 6.937316e-8), (0.672688, -0.7399262, 3.4923083e-8), (0.9988691, -0.047543883, 6.937316e-8), (0.81557333, -0.038819157, 0.5773501), (0.4756625, -0.52320683, 0.7071067), (0.672688, -0.7399262, 3.4923083e-8), (0.4756625, -0.52320683, 0.7071067), (-0.038819786, -0.8155731, 0.5773505), (-0.047544338, -0.9988691, -1.8919946e-8), (0.672688, -0.7399262, 3.4923083e-8), (-0.047544338, -0.9988691, -1.8919946e-8), (-0.038819883, -0.8155731, -0.5773505), (0.4756623, -0.52320683, -0.7071068), (-0.7399259, -0.6726884, 0), (-0.5232067, -0.47566235, -0.7071069), (-0.038819883, -0.8155731, -0.5773505), (-0.047544338, -0.9988691, -1.8919946e-8), (-0.7399259, -0.6726884, 0), (-0.047544338, -0.9988691, -1.8919946e-8), (-0.038819786, -0.8155731, 0.5773505), (-0.5232068, -0.47566235, 0.7071068), (-0.7399259, -0.6726884, 0), (-0.5232068, -0.47566235, 0.7071068), (-0.8155732, 0.038820364, 0.57735026), (-0.9988691, 0.047544684, -5.0453206e-8), (-0.7399259, -0.6726884, 0), (-0.9988691, 0.047544684, -5.0453206e-8), (-0.8155732, 0.038820393, -0.57735026), (-0.5232067, -0.47566235, -0.7071069), (-0.67268795, 0.73992634, -3.492307e-8), (-0.47566226, 0.5232066, -0.70710695), (-0.8155732, 0.038820393, -0.57735026), (-0.9988691, 0.047544684, -5.0453206e-8), (-0.67268795, 0.73992634, -3.492307e-8), (-0.9988691, 0.047544684, -5.0453206e-8), (-0.8155732, 0.038820364, 0.57735026), (-0.4756624, 0.5232066, 0.7071069), (-0.67268795, 0.73992634, -3.492307e-8), (-0.4756624, 0.5232066, 0.7071069), (0.03881968, 0.8155731, 0.57735056), (0.047544055, 0.9988691, 3.7839904e-8), (-0.67268795, 0.73992634, -3.492307e-8), (0.047544055, 0.9988691, 3.7839904e-8), (0.03881974, 0.81557316, -0.57735044), (-0.47566226, 0.5232066, -0.70710695), (-1.5278845e-8, 4.65641e-8, -1), (0.5232065, 0.47566256, -0.7071068), (0.8155732, -0.038819242, -0.57735026), (0.4756623, -0.52320683, -0.7071068), (-1.5278845e-8, 4.65641e-8, -1), (0.4756623, -0.52320683, -0.7071068), (-0.038819883, -0.8155731, -0.5773505), (-0.5232067, -0.47566235, -0.7071069), (-1.5278845e-8, 4.65641e-8, -1), (-0.5232067, -0.47566235, -0.7071069), (-0.8155732, 0.038820393, -0.57735026), (-0.47566226, 0.5232066, -0.70710695), (-1.5278845e-8, 4.65641e-8, -1), (-0.47566226, 0.5232066, -0.70710695), (0.03881974, 0.81557316, -0.57735044), (0.5232065, 0.47566256, -0.7071068), (3.2594883e-7, 4.874681e-8, 1), (-0.5232068, -0.47566235, 0.7071068), (-0.038819786, -0.8155731, 0.5773505), (0.4756625, -0.52320683, 0.7071067), (3.2594883e-7, 4.874681e-8, 1), (0.4756625, -0.52320683, 0.7071067), (0.81557333, -0.038819157, 0.5773501), (0.5232067, 0.47566256, 0.7071067), (3.2594883e-7, 4.874681e-8, 1), (0.5232067, 0.47566256, 0.7071067), (0.03881968, 0.8155731, 0.57735056), (-0.4756624, 0.5232066, 0.7071069), (3.2594883e-7, 4.874681e-8, 1), (-0.4756624, 0.5232066, 0.7071069), (-0.8155732, 0.038820364, 0.57735026), (-0.5232068, -0.47566235, 0.7071068), (0.047543745, 0.9988691, -1.1641024e-8), (0.03361858, 0.7063071, -0.7071069), (-0.5492478, 0.6041472, -0.5773499), (-0.67268836, 0.7399259, 6.3066437e-9), (0.047543745, 0.9988691, -1.1641024e-8), (-0.67268836, 0.7399259, 6.3066437e-9), (-0.5492478, 0.60414726, 0.57734996), (0.033618763, 0.7063072, 0.70710677), (0.047543745, 0.9988691, -1.1641024e-8), (0.033618763, 0.7063072, 0.70710677), (0.6041469, 0.5492479, 0.57735014), (0.7399258, 0.6726885, -3.1533233e-8), (0.047543745, 0.9988691, -1.1641024e-8), (0.7399258, 0.6726885, -3.1533233e-8), (0.6041468, 0.54924804, -0.57735026), (0.03361858, 0.7063071, -0.7071069), (0.9988691, -0.04754409, 0), (0.7063072, -0.033618774, -0.70710677), (0.6041468, 0.54924804, -0.57735026), (0.7399258, 0.6726885, -3.1533233e-8), (0.9988691, -0.04754409, 0), (0.7399258, 0.6726885, -3.1533233e-8), (0.6041469, 0.5492479, 0.57735014), (0.70630735, -0.03361884, 0.70710653), (0.9988691, -0.04754409, 0), (0.70630735, -0.03361884, 0.70710653), (0.54924786, -0.6041467, 0.57735044), (0.6726884, -0.7399259, 1.8919948e-8), (0.9988691, -0.04754409, 0), (0.6726884, -0.7399259, 1.8919948e-8), (0.54924774, -0.6041468, -0.57735044), (0.7063072, -0.033618774, -0.70710677), (-0.047543768, -0.9988691, 1.1641026e-8), (-0.033618476, -0.70630705, -0.7071068), (0.54924774, -0.6041468, -0.57735044), (0.6726884, -0.7399259, 1.8919948e-8), (-0.047543768, -0.9988691, 1.1641026e-8), (0.6726884, -0.7399259, 1.8919948e-8), (0.54924786, -0.6041467, 0.57735044), (-0.033618554, -0.70630723, 0.70710677), (-0.047543768, -0.9988691, 1.1641026e-8), (-0.033618554, -0.70630723, 0.70710677), (-0.6041473, -0.5492476, 0.5773501), (-0.73992556, -0.6726888, 1.8919941e-8), (-0.047543768, -0.9988691, 1.1641026e-8), (-0.73992556, -0.6726888, 1.8919941e-8), (-0.60414714, -0.5492477, -0.5773502), (-0.033618476, -0.70630705, -0.7071068), (-0.9988691, 0.047544386, 0), (-0.70630723, 0.03361893, -0.7071067), (-0.60414714, -0.5492477, -0.5773502), (-0.73992556, -0.6726888, 1.8919941e-8), (-0.9988691, 0.047544386, 0), (-0.73992556, -0.6726888, 1.8919941e-8), (-0.6041473, -0.5492476, 0.5773501), (-0.70630735, 0.03361902, 0.7071066), (-0.9988691, 0.047544386, 0), (-0.70630735, 0.03361902, 0.7071066), (-0.5492478, 0.60414726, 0.57734996), (-0.67268836, 0.7399259, 6.3066437e-9), (-0.9988691, 0.047544386, 0), (-0.67268836, 0.7399259, 6.3066437e-9), (-0.5492478, 0.6041472, -0.5773499), (-0.70630723, 0.03361893, -0.7071067), (1.338718e-7, -6.984615e-8, -1), (0.03361858, 0.7063071, -0.7071069), (0.6041468, 0.54924804, -0.57735026), (0.7063072, -0.033618774, -0.70710677), (1.338718e-7, -6.984615e-8, -1), (0.7063072, -0.033618774, -0.70710677), (0.54924774, -0.6041468, -0.57735044), (-0.033618476, -0.70630705, -0.7071068), (1.338718e-7, -6.984615e-8, -1), (-0.033618476, -0.70630705, -0.7071068), (-0.60414714, -0.5492477, -0.5773502), (-0.70630723, 0.03361893, -0.7071067), (1.338718e-7, -6.984615e-8, -1), (-0.70630723, 0.03361893, -0.7071067), (-0.5492478, 0.6041472, -0.5773499), (0.03361858, 0.7063071, -0.7071069), (2.0953851e-7, -5.8205142e-8, 1), (-0.033618554, -0.70630723, 0.70710677), (0.54924786, -0.6041467, 0.57735044), (0.70630735, -0.03361884, 0.70710653), (2.0953851e-7, -5.8205142e-8, 1), (0.70630735, -0.03361884, 0.70710653), (0.6041469, 0.5492479, 0.57735014), (0.033618763, 0.7063072, 0.70710677), (2.0953851e-7, -5.8205142e-8, 1), (0.033618763, 0.7063072, 0.70710677), (-0.5492478, 0.60414726, 0.57734996), (-0.70630735, 0.03361902, 0.7071066), (2.0953851e-7, -5.8205142e-8, 1), (-0.70630735, 0.03361902, 0.7071066), (-0.6041473, -0.5492476, 0.5773501), (-0.033618554, -0.70630723, 0.70710677), (-0.6726887, 0.7399256, -3.4923097e-8), (-0.4756626, 0.5232063, -0.7071069), (-0.8155733, 0.038819313, -0.57735026), (-0.9988691, 0.047543723, -1.2613289e-8), (-0.6726887, 0.7399256, -3.4923097e-8), (-0.9988691, 0.047543723, -1.2613289e-8), (-0.81557316, 0.0388194, 0.5773504), (-0.47566256, 0.5232063, 0.7071069), (-0.6726887, 0.7399256, -3.4923097e-8), (-0.47566256, 0.5232063, 0.7071069), (0.03881952, 0.8155732, 0.5773503), (0.047544375, 0.9988691, 0), (-0.6726887, 0.7399256, -3.4923097e-8), (0.047544375, 0.9988691, 0), (0.03881961, 0.8155732, -0.5773503), (-0.4756626, 0.5232063, -0.7071069), (0.73992586, 0.6726885, 0), (0.5232067, 0.4756625, -0.7071068), (0.03881961, 0.8155732, -0.5773503), (0.047544375, 0.9988691, 0), (0.73992586, 0.6726885, 0), (0.047544375, 0.9988691, 0), (0.03881952, 0.8155732, 0.5773503), (0.52320665, 0.4756625, 0.70710677), (0.73992586, 0.6726885, 0), (0.52320665, 0.4756625, 0.70710677), (0.8155731, -0.038819443, 0.57735044), (0.9988691, -0.04754369, 0), (0.73992586, 0.6726885, 0), (0.9988691, -0.04754369, 0), (0.8155731, -0.038819473, -0.57735044), (0.5232067, 0.4756625, -0.7071068), (0.6726886, -0.7399257, -2.3282052e-8), (0.47566256, -0.5232064, -0.7071068), (0.8155731, -0.038819473, -0.57735044), (0.9988691, -0.04754369, 0), (0.6726886, -0.7399257, -2.3282052e-8), (0.9988691, -0.04754369, 0), (0.8155731, -0.038819443, 0.57735044), (0.4756626, -0.5232064, 0.7071068), (0.6726886, -0.7399257, -2.3282052e-8), (0.4756626, -0.5232064, 0.7071068), (-0.038819328, -0.8155733, 0.5773502), (-0.0475435, -0.9988691, -4.414652e-8), (0.6726886, -0.7399257, -2.3282052e-8), (-0.0475435, -0.9988691, -4.414652e-8), (-0.038819302, -0.8155732, -0.5773503), (0.47566256, -0.5232064, -0.7071068), (-0.73992586, -0.6726884, -3.492308e-8), (-0.52320653, -0.47566274, -0.7071067), (-0.038819302, -0.8155732, -0.5773503), (-0.0475435, -0.9988691, -4.414652e-8), (-0.73992586, -0.6726884, -3.492308e-8), (-0.0475435, -0.9988691, -4.414652e-8), (-0.038819328, -0.8155733, 0.5773502), (-0.52320653, -0.47566274, 0.7071067), (-0.73992586, -0.6726884, -3.492308e-8), (-0.52320653, -0.47566274, 0.7071067), (-0.81557316, 0.0388194, 0.5773504), (-0.9988691, 0.047543723, -1.2613289e-8), (-0.73992586, -0.6726884, -3.492308e-8), (-0.9988691, 0.047543723, -1.2613289e-8), (-0.8155733, 0.038819313, -0.57735026), (-0.52320653, -0.47566274, -0.7071067), (2.9102563e-7, 2.38641e-7, -1), (-0.4756626, 0.5232063, -0.7071069), (0.03881961, 0.8155732, -0.5773503), (0.5232067, 0.4756625, -0.7071068), (2.9102563e-7, 2.38641e-7, -1), (0.5232067, 0.4756625, -0.7071068), (0.8155731, -0.038819473, -0.57735044), (0.47566256, -0.5232064, -0.7071068), (2.9102563e-7, 2.38641e-7, -1), (0.47566256, -0.5232064, -0.7071068), (-0.038819302, -0.8155732, -0.5773503), (-0.52320653, -0.47566274, -0.7071067), (2.9102563e-7, 2.38641e-7, -1), (-0.52320653, -0.47566274, -0.7071067), (-0.8155733, 0.038819313, -0.57735026), (-0.4756626, 0.5232063, -0.7071069), (3.696025e-7, 2.444615e-7, 1), (0.4756626, -0.5232064, 0.7071068), (0.8155731, -0.038819443, 0.57735044), (0.52320665, 0.4756625, 0.70710677), (3.696025e-7, 2.444615e-7, 1), (0.52320665, 0.4756625, 0.70710677), (0.03881952, 0.8155732, 0.5773503), (-0.47566256, 0.5232063, 0.7071069), (3.696025e-7, 2.444615e-7, 1), (-0.47566256, 0.5232063, 0.7071069), (-0.81557316, 0.0388194, 0.5773504), (-0.52320653, -0.47566274, 0.7071067), (3.696025e-7, 2.444615e-7, 1), (-0.52320653, -0.47566274, 0.7071067), (-0.038819328, -0.8155733, 0.5773502), (0.4756626, -0.5232064, 0.7071068), (-0.9988691, 0.047543384, -1.1641024e-8), (-0.70630723, 0.033617977, -0.70710677), (-0.6041468, -0.5492481, -0.57735014), (-0.73992527, -0.67268914, -6.937311e-8), (-0.9988691, 0.047543384, -1.1641024e-8), (-0.73992527, -0.67268914, -6.937311e-8), (-0.6041468, -0.54924804, 0.57735014), (-0.7063071, 0.033618174, 0.70710677), (-0.9988691, 0.047543384, -1.1641024e-8), (-0.7063071, 0.033618174, 0.70710677), (-0.5492483, 0.6041465, 0.57735026), (-0.67268884, 0.7399254, 7.5679765e-8), (-0.9988691, 0.047543384, -1.1641024e-8), (-0.67268884, 0.7399254, 7.5679765e-8), (-0.54924846, 0.60414636, -0.5773502), (-0.70630723, 0.033617977, -0.70710677), (0.047543343, 0.9988691, 3.4923076e-8), (0.03361833, 0.70630705, -0.7071069), (-0.54924846, 0.60414636, -0.5773502), (-0.67268884, 0.7399254, 7.5679765e-8), (0.047543343, 0.9988691, 3.4923076e-8), (-0.67268884, 0.7399254, 7.5679765e-8), (-0.5492483, 0.6041465, 0.57735026), (0.033618204, 0.70630705, 0.7071069), (0.047543343, 0.9988691, 3.4923076e-8), (0.033618204, 0.70630705, 0.7071069), (0.6041466, 0.5492481, 0.5773504), (0.73992556, 0.67268866, -1.26132935e-8), (0.047543343, 0.9988691, 3.4923076e-8), (0.73992556, 0.67268866, -1.26132935e-8), (0.60414666, 0.5492481, -0.5773503), (0.03361833, 0.70630705, -0.7071069), (0.9988691, -0.047543373, -2.3282048e-8), (0.7063071, -0.033618268, -0.70710677), (0.60414666, 0.5492481, -0.5773503), (0.73992556, 0.67268866, -1.26132935e-8), (0.9988691, -0.047543373, -2.3282048e-8), (0.73992556, 0.67268866, -1.26132935e-8), (0.6041466, 0.5492481, 0.5773504), (0.7063071, -0.0336183, 0.7071068), (0.9988691, -0.047543373, -2.3282048e-8), (0.7063071, -0.0336183, 0.7071068), (0.54924804, -0.6041465, 0.57735056), (0.67268914, -0.73992527, 3.7839907e-8), (0.9988691, -0.047543373, -2.3282048e-8), (0.67268914, -0.73992527, 3.7839907e-8), (0.54924804, -0.6041465, -0.57735056), (0.7063071, -0.033618268, -0.70710677), (-0.04754342, -0.9988691, 1.1641027e-8), (-0.03361839, -0.70630705, -0.70710695), (0.54924804, -0.6041465, -0.57735056), (0.67268914, -0.73992527, 3.7839907e-8), (-0.04754342, -0.9988691, 1.1641027e-8), (0.67268914, -0.73992527, 3.7839907e-8), (0.54924804, -0.6041465, 0.57735056), (-0.0336183, -0.706307, 0.7071068), (-0.04754342, -0.9988691, 1.1641027e-8), (-0.0336183, -0.706307, 0.7071068), (-0.6041468, -0.54924804, 0.57735014), (-0.73992527, -0.67268914, -6.937311e-8), (-0.04754342, -0.9988691, 1.1641027e-8), (-0.73992527, -0.67268914, -6.937311e-8), (-0.6041468, -0.5492481, -0.57735014), (-0.03361839, -0.70630705, -0.70710695), (-1.978974e-7, -9.312819e-8, -1), (-0.70630723, 0.033617977, -0.70710677), (-0.54924846, 0.60414636, -0.5773502), (0.03361833, 0.70630705, -0.7071069), (-1.978974e-7, -9.312819e-8, -1), (0.03361833, 0.70630705, -0.7071069), (0.60414666, 0.5492481, -0.5773503), (0.7063071, -0.033618268, -0.70710677), (-1.978974e-7, -9.312819e-8, -1), (0.7063071, -0.033618268, -0.70710677), (0.54924804, -0.6041465, -0.57735056), (-0.03361839, -0.70630705, -0.70710695), (-1.978974e-7, -9.312819e-8, -1), (-0.03361839, -0.70630705, -0.70710695), (-0.6041468, -0.5492481, -0.57735014), (-0.70630723, 0.033617977, -0.70710677), (-2.7356404e-7, -1.0476921e-7, 1), (0.7063071, -0.0336183, 0.7071068), (0.6041466, 0.5492481, 0.5773504), (0.033618204, 0.70630705, 0.7071069), (-2.7356404e-7, -1.0476921e-7, 1), (0.033618204, 0.70630705, 0.7071069), (-0.5492483, 0.6041465, 0.57735026), (-0.7063071, 0.033618174, 0.70710677), (-2.7356404e-7, -1.0476921e-7, 1), (-0.7063071, 0.033618174, 0.70710677), (-0.6041468, -0.54924804, 0.57735014), (-0.0336183, -0.706307, 0.7071068), (-2.7356404e-7, -1.0476921e-7, 1), (-0.0336183, -0.706307, 0.7071068), (0.54924804, -0.6041465, 0.57735056), (0.7063071, -0.0336183, 0.7071068), (-0.7399254, -0.67268884, 0), (-0.52320606, -0.47566286, -0.70710695), (-0.03881899, -0.8155731, -0.57735056), (-0.047543112, -0.9988691, -6.3066494e-8), (-0.7399254, -0.67268884, 0), (-0.047543112, -0.9988691, -6.3066494e-8), (-0.03881882, -0.81557316, 0.57735044), (-0.52320594, -0.47566292, 0.70710695), (-0.7399254, -0.67268884, 0), (-0.52320594, -0.47566292, 0.70710695), (-0.8155734, 0.038819097, 0.5773502), (-0.9988691, 0.047543515, 6.3066468e-9), (-0.7399254, -0.67268884, 0), (-0.9988691, 0.047543515, 6.3066468e-9), (-0.8155733, 0.03881916, -0.5773502), (-0.52320606, -0.47566286, -0.70710695), (-0.6726889, 0.7399254, -1.1641019e-8), (-0.4756631, 0.5232062, -0.7071067), (-0.8155733, 0.03881916, -0.5773502), (-0.9988691, 0.047543515, 6.3066468e-9), (-0.6726889, 0.7399254, -1.1641019e-8), (-0.9988691, 0.047543515, 6.3066468e-9), (-0.8155734, 0.038819097, 0.5773502), (-0.4756632, 0.5232062, 0.7071067), (-0.6726889, 0.7399254, -1.1641019e-8), (-0.4756632, 0.5232062, 0.7071067), (0.03881872, 0.8155733, 0.5773503), (0.047542907, 0.99886924, -2.5226596e-8), (-0.6726889, 0.7399254, -1.1641019e-8), (0.047542907, 0.99886924, -2.5226596e-8), (0.038818724, 0.8155733, -0.5773503), (-0.4756631, 0.5232062, -0.7071067), (0.7399253, 0.67268896, -1.1641025e-8), (0.5232061, 0.47566304, -0.70710677), (0.038818724, 0.8155733, -0.5773503), (0.047542907, 0.99886924, -2.5226596e-8), (0.7399253, 0.67268896, -1.1641025e-8), (0.047542907, 0.99886924, -2.5226596e-8), (0.03881872, 0.8155733, 0.5773503), (0.5232061, 0.475663, 0.70710677), (0.7399253, 0.67268896, -1.1641025e-8), (0.5232061, 0.475663, 0.70710677), (0.81557316, -0.038818706, 0.5773504), (0.9988691, -0.047543228, 5.0453192e-8), (0.7399253, 0.67268896, -1.1641025e-8), (0.9988691, -0.047543228, 5.0453192e-8), (0.8155733, -0.03881864, -0.5773503), (0.5232061, 0.47566304, -0.70710677), (0.67268914, -0.73992515, -1.1641025e-8), (0.4756631, -0.5232062, -0.7071068), (0.8155733, -0.03881864, -0.5773503), (0.9988691, -0.047543228, 5.0453192e-8), (0.67268914, -0.73992515, -1.1641025e-8), (0.9988691, -0.047543228, 5.0453192e-8), (0.81557316, -0.038818706, 0.5773504), (0.47566304, -0.5232062, 0.70710677), (0.67268914, -0.73992515, -1.1641025e-8), (0.47566304, -0.5232062, 0.70710677), (-0.03881882, -0.81557316, 0.57735044), (-0.047543112, -0.9988691, -6.3066494e-8), (0.67268914, -0.73992515, -1.1641025e-8), (-0.047543112, -0.9988691, -6.3066494e-8), (-0.03881899, -0.8155731, -0.57735056), (0.4756631, -0.5232062, -0.7071068), (-1.81891e-8, 4.6564097e-8, -1), (-0.52320606, -0.47566286, -0.70710695), (-0.8155733, 0.03881916, -0.5773502), (-0.4756631, 0.5232062, -0.7071067), (-1.81891e-8, 4.6564097e-8, -1), (-0.4756631, 0.5232062, -0.7071067), (0.038818724, 0.8155733, -0.5773503), (0.5232061, 0.47566304, -0.70710677), (-1.81891e-8, 4.6564097e-8, -1), (0.5232061, 0.47566304, -0.70710677), (0.8155733, -0.03881864, -0.5773503), (0.4756631, -0.5232062, -0.7071068), (-1.81891e-8, 4.6564097e-8, -1), (0.4756631, -0.5232062, -0.7071068), (-0.03881899, -0.8155731, -0.57735056), (-0.52320606, -0.47566286, -0.70710695), (-2.3282048e-8, 3.9288455e-8, 1), (0.5232061, 0.475663, 0.70710677), (0.03881872, 0.8155733, 0.5773503), (-0.4756632, 0.5232062, 0.7071067), (-2.3282048e-8, 3.9288455e-8, 1), (-0.4756632, 0.5232062, 0.7071067), (-0.8155734, 0.038819097, 0.5773502), (-0.52320594, -0.47566292, 0.70710695), (-2.3282048e-8, 3.9288455e-8, 1), (-0.52320594, -0.47566292, 0.70710695), (-0.03881882, -0.81557316, 0.57735044), (0.47566304, -0.5232062, 0.70710677), (-2.3282048e-8, 3.9288455e-8, 1), (0.47566304, -0.5232062, 0.70710677), (0.81557316, -0.038818706, 0.5773504), (0.5232061, 0.475663, 0.70710677)] (
                interpolation = "faceVarying"
            )
            point3f[] points = [(-0.09248005, 0.4884654, 2.084616), (-0.41013, 0.28491932, 2.084616), (-0.1886547, 0.18902157, 2.1743002), (-0.24446078, 0.046283178, 2.187299), (-1.5803022, 0.27994698, 1.1930985), (-1.3225553, 0.23669277, 1.0537368), (-1.2067001, 0.48884434, 1.2221856), (-0.21178795, 1.2041997, 1.6324861), (-0.4346492, 1.0871656, 1.5104377), (-1.3353286, 0.9631614, 1.0398694), (-0.78092736, 1.1030588, 1.0534122), (-0.53731346, 1.1876035, 1.2220231), (-1.0015556, 0.7079247, 1.6325004), (-1.2000244, 0.21938328, 1.6331687), (-0.4884654, 0.09248005, 2.084616), (-0.71073675, 1.003696, 1.6323528), (-1.1002599, 0.783745, 1.0534092), (-1.0731827, 0.46969262, 1.5104059), (-0.28394192, 0.41110742, 2.084616), (-0.22852074, 1.3270735, 1.0527383), (-0.9621027, 1.338177, 1.0398737), (-0.046283178, 0.24446078, 2.187299), (-0.26381862, 1.589219, 1.1925993), (-0.47556755, 1.0704588, 1.5104343), (-0.46210954, 1.2053227, 1.1261241), (-1.0824988, 0.44568655, 1.5104059), (-1.1762154, 0.5307435, 1.1271306), (-1.1904404, 0.53061485, 1.2220217), (-0.47224548, 1.2145045, 1.2216864), (-0.26431474, 1.6214087, 1.038863), (-0.9445353, 1.3135717, 1.1929362), (-0.5327297, 1.1754912, 1.1271349), (-1.3121535, 0.9405093, 1.1929348), (-1.1966971, 0.47853842, 1.127622), (-1.6124122, 0.28058684, 1.0403607), (0.09248005, 0.48846543, 2.084616), (0.41013, 0.28491935, 2.084616), (0.1886547, 0.18902157, 2.1743002), (0.24446078, 0.046283178, 2.187299), (1.5803022, 0.27994698, 1.1930985), (1.3225553, 0.23669277, 1.0537368), (1.2067001, 0.48884434, 1.2221856), (0.21178797, 1.2041998, 1.6324861), (0.4346492, 1.0871656, 1.5104377), (1.3353286, 0.9631614, 1.0398694), (0.78092736, 1.1030588, 1.0534122), (0.53731346, 1.1876035, 1.2220231), (1.0015557, 0.7079247, 1.6325), (1.2000244, 0.21938328, 1.6331687), (0.4884654, 0.09248005, 2.084616), (0.71073675, 1.0036961, 1.6323528), (1.1002599, 0.783745, 1.0534091), (1.0731827, 0.46969262, 1.5104059), (0.28394192, 0.41110742, 2.084616), (0.22852074, 1.3270735, 1.0527383), (0.9621027, 1.338177, 1.0398737), (0.046283178, 0.24446078, 2.187299), (0.26381862, 1.589219, 1.1925993), (0.47556755, 1.0704588, 1.5104343), (0.46210954, 1.2053227, 1.1261241), (1.0824988, 0.44568652, 1.5104059), (1.1762154, 0.5307435, 1.1271306), (1.1904404, 0.5306149, 1.2220217), (0.47224548, 1.2145045, 1.2216864), (0.26431474, 1.6214087, 1.038863), (0.9445353, 1.3135717, 1.1929362), (0.5327297, 1.1754912, 1.1271349), (1.3121535, 0.9405094, 1.1929348), (1.1966972, 0.47853842, 1.127622), (1.6124126, 0.28058684, 1.0403607), (-0.09248005, -0.48846543, 2.084616), (-0.41013, -0.28491935, 2.084616), (-0.1886547, -0.1890216, 2.1743002), (-0.24446078, -0.046283178, 2.187299), (-1.5803022, -0.27994698, 1.1930985), (-1.3225553, -0.23669277, 1.0537368), (-1.2067001, -0.48884434, 1.2221856), (-0.21178795, -1.2041997, 1.6324861), (-0.4346492, -1.0871656, 1.5104377), (-1.3353286, -0.9631614, 1.0398694), (-0.78092736, -1.1030588, 1.0534122), (-0.53731346, -1.1876035, 1.2220231), (-1.0015557, -0.7079247, 1.6325), (-1.2000244, -0.21938328, 1.6331687), (-0.4884654, -0.09248005, 2.084616), (-0.71073675, -1.0036961, 1.6323528), (-1.1002599, -0.783745, 1.0534091), (-1.0731827, -0.46969262, 1.5104059), (-0.28394192, -0.41110742, 2.084616), (-0.22852074, -1.3270735, 1.0527383), (-0.9621027, -1.338177, 1.0398737), (-0.046283178, -0.24446078, 2.187299), (-0.26381862, -1.589219, 1.1925993), (-0.47556755, -1.0704588, 1.5104343), (-0.46210954, -1.2053227, 1.1261241), (-1.0824988, -0.44568652, 1.5104059), (-1.1762154, -0.5307435, 1.1271306), (-1.1904404, -0.5306149, 1.2220217), (-0.47224548, -1.2145045, 1.2216864), (-0.26431474, -1.6214087, 1.038863), (-0.9445353, -1.3135717, 1.1929362), (-0.5327297, -1.1754912, 1.1271349), (-1.3121535, -0.9405094, 1.1929348), (-1.1966972, -0.47853842, 1.127622), (-1.6124126, -0.28058684, 1.0403607), (0.09248005, -0.4884654, 2.084616), (0.41013, -0.28491932, 2.084616), (0.1886547, -0.1890216, 2.1743002), (0.24446078, -0.046283178, 2.187299), (1.5803022, -0.27994698, 1.1930985), (1.3225553, -0.23669277, 1.0537368), (1.2067001, -0.48884434, 1.2221856), (0.21178797, -1.2041997, 1.6324861), (0.4346492, -1.0871656, 1.5104377), (1.3353286, -0.9631614, 1.0398694), (0.78092736, -1.1030588, 1.0534122), (0.53731346, -1.1876035, 1.2220231), (1.0015556, -0.7079247, 1.6325004), (1.2000244, -0.21938328, 1.6331687), (0.4884654, -0.09248005, 2.084616), (0.71073675, -1.003696, 1.6323528), (1.1002599, -0.783745, 1.0534092), (1.0731827, -0.46969262, 1.5104059), (0.28394192, -0.41110742, 2.084616), (0.22852074, -1.3270735, 1.0527383), (0.9621027, -1.338177, 1.0398737), (0.046283178, -0.24446078, 2.187299), (0.26381862, -1.589219, 1.1925993), (0.47556755, -1.0704588, 1.5104343), (0.46210954, -1.2053227, 1.1261241), (1.0824988, -0.44568655, 1.5104059), (1.1762154, -0.5307435, 1.1271306), (1.1904404, -0.53061485, 1.2220217), (0.47224548, -1.2145045, 1.2216864), (0.26431474, -1.6214087, 1.038863), (0.9445353, -1.3135717, 1.1929362), (0.5327297, -1.1754912, 1.1271349), (1.3121535, -0.9405093, 1.1929348), (1.1966971, -0.47853842, 1.127622), (1.6124122, -0.28058684, 1.0403607), (-0.23583202, 1.3409114, 0.4633732), (-1.1151942, 0.7882473, 0.4633732), (-1.3362377, 0.24428526, 0.4633732), (-0.79067934, 1.1165903, 0.4633732), (0.23583202, 1.3409114, 0.4633732), (1.1151942, 0.7882473, 0.4633732), (1.3362378, 0.24428526, 0.4633732), (0.79067934, 1.1165903, 0.4633732), (-0.23583202, -1.3409114, 0.4633732), (-1.1151942, -0.7882473, 0.4633732), (-1.3362378, -0.24428526, 0.4633732), (-0.79067934, -1.1165903, 0.4633732), (0.23583202, -1.3409114, 0.4633732), (1.1151942, -0.7882473, 0.4633732), (1.3362377, -0.24428526, 0.4633732), (0.79067934, -1.1165903, 0.4633732), (-1.4876871, 0.9494268, 0.5237953), (-0.9513005, 1.540443, 0.32492656), (-0.4143124, 1.7643771, 0.32493225), (0.40074548, 1.7255716, 0.5231474), (0.41378736, 1.758483, 0.32362044), (-0.40681937, 1.7319869, 0.52358466), (-0.93728846, 1.5076773, 0.52358276), (-1.5200398, 0.9635893, 0.3255643), (1.7232999, -0.38060763, 0.5237953), (1.7619288, 0.41658673, 0.32492656), (1.5405661, 0.95463973, 0.32493225), (0.9367937, 1.5035334, 0.5231474), (0.9508435, 1.5360272, 0.32362044), (1.5123644, 0.9370349, 0.52358466), (1.7288518, 0.40332595, 0.52358276), (1.7561909, -0.39347005, 0.3255643), (-1.7232999, 0.38060763, 0.5237953), (-1.7619288, -0.41658673, 0.32492656), (-1.5405661, -0.95463973, 0.32493225), (-0.9367937, -1.5035334, 0.5231474), (-0.9508435, -1.5360272, 0.32362044), (-1.5123644, -0.9370349, 0.52358466), (-1.7288518, -0.40332595, 0.52358276), (-1.7561909, 0.39347005, 0.3255643), (1.4876871, -0.9494268, 0.5237953), (0.9513005, -1.540443, 0.32492656), (0.41431245, -1.7643771, 0.32493225), (-0.40074548, -1.7255716, 0.5231474), (-0.41378736, -1.758483, 0.32362044), (0.40681937, -1.7319869, 0.52358466), (0.93728846, -1.5076773, 0.52358276), (1.5200398, -0.9635893, 0.3255643), (-0.48216626, 0.6922688, 1.9036705), (-0.82387745, 0.1541825, 1.9032857), (-0.1524848, 0.82512176, 1.9035225), (-0.44331697, 0.18682988, 2.0844526), (-0.18658556, 0.44356132, 2.0844526), (-0.09344684, 0.1904477, 2.1950824), (-0.19035597, 0.09353857, 2.1950824), (-0.8536036, 0.5930026, 1.1434817), (-1.0166432, 0.19247872, 1.1434817), (-1.1202482, 0.38849443, 1.6003047), (-0.25373393, 1.5022418, 1.3392088), (-0.37613183, 1.1267536, 1.6005847), (-1.2431037, 0.8868737, 1.3392925), (-0.54322743, 1.0592686, 1.6005111), (-1.0607114, 0.5365367, 1.6003413), (-1.4944644, 0.26780128, 1.3393337), (-1.3879852, -2.1458817e-9, 1.0404352), (-1.2583679, -1.8696027e-9, 1.6342852), (-0.51403, -1.1599176e-9, 2.0847785), (-0.69068587, 0.48262072, 1.9034902), (-0.5909683, 0.8556379, 1.1434817), (-0.891742, 1.2441413, 1.3392931), (-0.8947291, 0.8968851, 1.634399), (-0.9860053, 0.9900422, 1.040272), (-0.36497986, 0.36644596, 2.0847785), (-0.19247872, 1.0166432, 1.1434817), (2.947422e-9, 1.3902442, 1.0399357), (2.0097768e-9, 1.2600969, 1.6343511), (6.5088945e-10, 0.51403, 2.0847785), (-0.9909224, 0.41999587, 1.5714457), (-0.44650456, 1.0628872, 1.1578853), (-1.4095149, 0.4721448, 1.2046607), (-0.4459208, 1.4443216, 1.0728004), (-0.69934875, 1.3200737, 1.2044171), (-1.3360469, 0.70626813, 1.0743101), (-1.6899759, -2.1458817e-9, 1.0274897), (-1.1798211, 1.182312, 1.1887265), (2.947422e-9, 1.6944741, 1.0267408), (-0.22349885, -1.1599176e-9, 2.2002978), (9.886182e-10, 0.22349885, 2.2002978), (-0.41846275, 0.9907908, 1.5714375), (-0.5247955, 1.1653352, 1.316989), (-0.46700063, 1.1890179, 1.3169047), (-1.093221, 0.46376213, 1.2323978), (-1.1821373, 0.48227283, 1.3170295), (-1.1686401, 0.51708436, 1.3169883), (-0.46081665, 1.0933504, 1.2322733), (-1.4309199, 0.47036818, 1.0750471), (-0.44783467, 1.4226121, 1.2039118), (-0.708643, 1.3362247, 1.0743166), (-1.3221531, 0.6894986, 1.204415), (-1.6576891, -2.1458817e-9, 1.1888081), (-1.2015254, 1.2057041, 1.027245), (2.947422e-9, 1.6621475, 1.1885585), (-1.0612828, 0.45027205, 1.1582587), (0.48216632, 0.6922688, 1.9036705), (0.82387745, 0.1541825, 1.9032857), (0.15248482, 0.82512176, 1.9035225), (0.44331697, 0.1868299, 2.0844526), (0.18658556, 0.44356132, 2.0844526), (0.09344685, 0.1904477, 2.1950824), (0.19035597, 0.09353857, 2.1950824), (0.8536036, 0.5930026, 1.1434817), (1.0166432, 0.19247872, 1.1434817), (1.1202483, 0.38849443, 1.6003047), (0.25373393, 1.5022418, 1.3392088), (0.37613186, 1.1267536, 1.6005847), (1.2431039, 0.8868737, 1.3392925), (0.54322743, 1.0592686, 1.6005111), (1.0607116, 0.53653675, 1.6003413), (1.4944644, 0.26780128, 1.3393337), (1.3879852, -2.1458817e-9, 1.0404352), (1.2583679, -1.8696027e-9, 1.6342852), (0.51403, -1.1599176e-9, 2.0847785), (0.690686, 0.48262072, 1.9034902), (0.5909683, 0.8556379, 1.1434817), (0.891742, 1.2441413, 1.3392929), (0.8947291, 0.8968851, 1.634399), (0.9860053, 0.9900422, 1.040272), (0.36497986, 0.36644596, 2.0847785), (0.19247872, 1.0166432, 1.1434817), (0.9909224, 0.4199958, 1.5714457), (0.44650456, 1.0628872, 1.1578853), (1.4095149, 0.4721448, 1.2046607), (0.4459208, 1.4443216, 1.0728004), (0.69934875, 1.3200737, 1.2044171), (1.3360469, 0.70626813, 1.0743101), (1.6899761, -2.1458817e-9, 1.0274897), (1.1798211, 1.182312, 1.1887265), (0.22349885, -1.1599176e-9, 2.2002978), (0.41846275, 0.9907908, 1.5714372), (0.5247955, 1.1653352, 1.316989), (0.46700063, 1.1890179, 1.3169047), (1.093221, 0.46376213, 1.2323978), (1.1821373, 0.48227283, 1.3170295), (1.1686401, 0.51708436, 1.3169883), (0.46081665, 1.0933504, 1.2322733), (1.4309199, 0.47036818, 1.0750471), (0.44783467, 1.4226121, 1.2039118), (0.708643, 1.3362247, 1.0743166), (1.3221531, 0.6894987, 1.204415), (1.6576891, -2.1458817e-9, 1.1888081), (1.2015257, 1.2057042, 1.027245), (1.0612828, 0.45027205, 1.1582587), (-0.48216632, -0.6922688, 1.9036705), (-0.82387745, -0.1541825, 1.9032857), (-0.15248482, -0.82512176, 1.9035225), (-0.44331697, -0.1868299, 2.0844526), (-0.18658556, -0.44356132, 2.0844526), (-0.09344684, -0.1904477, 2.1950824), (-0.19035597, -0.09353857, 2.1950824), (-0.8536036, -0.5930026, 1.1434817), (-1.0166432, -0.19247872, 1.1434817), (-1.1202483, -0.38849443, 1.6003047), (-0.25373393, -1.5022418, 1.3392088), (-0.37613186, -1.1267536, 1.6005847), (-1.2431039, -0.8868737, 1.3392925), (-0.54322743, -1.0592686, 1.6005111), (-1.0607116, -0.53653675, 1.6003413), (-1.4944644, -0.2678013, 1.3393337), (-0.690686, -0.48262072, 1.9034902), (-0.5909683, -0.8556379, 1.1434817), (-0.891742, -1.2441413, 1.3392929), (-0.8947291, -0.8968851, 1.634399), (-0.9860053, -0.9900422, 1.040272), (-0.36497986, -0.36644596, 2.0847785), (-0.19247872, -1.0166432, 1.1434817), (2.947422e-9, -1.3902442, 1.0399358), (2.0097761e-9, -1.2600969, 1.6343511), (6.5088945e-10, -0.51403004, 2.0847785), (-0.9909224, -0.4199958, 1.5714457), (-0.44650456, -1.0628872, 1.1578853), (-1.4095149, -0.4721448, 1.2046607), (-0.4459208, -1.4443216, 1.0728004), (-0.69934875, -1.3200737, 1.2044171), (-1.3360469, -0.70626813, 1.0743101), (-1.1798211, -1.182312, 1.1887265), (2.947422e-9, -1.6944741, 1.0267408), (9.886182e-10, -0.22349885, 2.2002978), (-0.41846275, -0.9907908, 1.5714372), (-0.5247955, -1.1653352, 1.316989), (-0.46700063, -1.1890179, 1.3169047), (-1.093221, -0.46376213, 1.2323978), (-1.1821373, -0.48227283, 1.3170295), (-1.1686401, -0.51708436, 1.3169883), (-0.46081665, -1.0933504, 1.2322733), (-1.4309199, -0.47036818, 1.0750471), (-0.44783467, -1.4226121, 1.2039118), (-0.708643, -1.3362247, 1.0743166), (-1.3221531, -0.6894987, 1.204415), (-1.2015257, -1.2057042, 1.027245), (2.947422e-9, -1.6621475, 1.1885585), (-1.0612828, -0.45027205, 1.1582587), (0.48216626, -0.6922688, 1.9036705), (0.82387745, -0.1541825, 1.9032857), (0.15248482, -0.82512176, 1.9035225), (0.44331697, -0.18682988, 2.0844526), (0.18658556, -0.44356132, 2.0844526), (0.09344685, -0.1904477, 2.1950824), (0.19035597, -0.09353857, 2.1950824), (0.8536036, -0.5930026, 1.1434817), (1.0166432, -0.19247872, 1.1434817), (1.1202482, -0.38849443, 1.6003047), (0.25373393, -1.5022418, 1.3392088), (0.37613183, -1.1267536, 1.6005847), (1.2431037, -0.8868737, 1.3392925), (0.54322743, -1.0592686, 1.6005111), (1.0607114, -0.5365367, 1.6003413), (1.4944644, -0.2678013, 1.3393337), (0.69068587, -0.48262072, 1.9034902), (0.5909683, -0.8556379, 1.1434817), (0.891742, -1.2441413, 1.3392931), (0.8947291, -0.8968851, 1.634399), (0.9860053, -0.9900422, 1.040272), (0.36497986, -0.36644596, 2.0847785), (0.19247872, -1.0166432, 1.1434817), (0.9909224, -0.41999587, 1.5714457), (0.44650456, -1.0628872, 1.1578853), (1.4095149, -0.4721448, 1.2046607), (0.4459208, -1.4443216, 1.0728004), (0.69934875, -1.3200737, 1.2044171), (1.3360469, -0.70626813, 1.0743101), (1.1798211, -1.182312, 1.1887265), (0.41846275, -0.9907908, 1.5714375), (0.5247955, -1.1653352, 1.316989), (0.46700063, -1.1890179, 1.3169047), (1.093221, -0.46376213, 1.2323978), (1.1821373, -0.48227283, 1.3170295), (1.1686401, -0.51708436, 1.3169883), (0.46081665, -1.0933504, 1.2322733), (1.4309199, -0.47036818, 1.0750471), (0.44783467, -1.4226121, 1.2039118), (0.708643, -1.3362247, 1.0743166), (1.3221531, -0.6894986, 1.204415), (1.2015254, -1.2057041, 1.027245), (1.0612828, -0.45027205, 1.1582587), (-0.58216846, 0.83584684, 1.0054998), (-0.9955127, 0.18630274, 1.0054998), (-0.18418941, 0.9966812, 1.0054998), (-1.2237977, 0.42440462, 0.4118523), (-0.22430606, 1.328013, 0.041123286), (-0.41091025, 1.2309372, 0.4118523), (-1.0989296, 0.78401494, 0.04090811), (-0.59334826, 1.1570019, 0.4118523), (-1.1586051, 0.58605397, 0.4118523), (-1.3211375, 0.23674196, 0.04142871), (-1.4037666, -1.4583963e-9, 0.46296886), (-0.8341742, 0.582884, 1.0054998), (-0.7883185, 1.099847, 0.04055415), (-0.9985212, 1.0009273, 0.46296886), (1.8711401e-9, 1.4061033, 0.46296886), (-1.0721897, 0.45444044, 0.35992718), (-0.45277143, 1.0720233, 0.35992718), (0.5821685, 0.83584684, 1.0054998), (0.9955127, 0.18630274, 1.0054998), (0.18418942, 0.99668115, 1.0054998), (1.2237977, 0.42440462, 0.4118523), (0.22430606, 1.328013, 0.041123286), (0.41091025, 1.2309372, 0.4118523), (1.0989296, 0.784015, 0.040908128), (0.59334826, 1.1570019, 0.4118523), (1.1586052, 0.58605397, 0.4118523), (1.3211375, 0.23674196, 0.04142871), (1.4037664, -1.4583963e-9, 0.46296886), (0.8341742, 0.582884, 1.0054998), (0.7883185, 1.099847, 0.04055415), (0.9985212, 1.0009273, 0.46296886), (1.0721897, 0.45444044, 0.35992718), (0.45277143, 1.0720233, 0.35992718), (-0.58216846, -0.83584684, 1.0054998), (-0.9955127, -0.18630274, 1.0054998), (-0.18418941, -0.99668115, 1.0054998), (-1.2237977, -0.42440462, 0.4118523), (-0.22430606, -1.328013, 0.041123286), (-0.41091025, -1.2309372, 0.4118523), (-1.0989296, -0.784015, 0.040908128), (-0.59334826, -1.1570019, 0.4118523), (-1.1586052, -0.58605397, 0.4118523), (-1.3211375, -0.23674196, 0.04142871), (-0.8341742, -0.582884, 1.0054998), (-0.7883185, -1.0998468, 0.04055415), (-0.9985212, -1.0009273, 0.46296886), (1.8711401e-9, -1.4061033, 0.46296886), (-1.0721897, -0.45444044, 0.35992718), (-0.45277143, -1.0720233, 0.35992718), (0.5821685, -0.83584684, 1.0054998), (0.9955127, -0.18630274, 1.0054998), (0.18418942, -0.9966812, 1.0054998), (1.2237977, -0.42440462, 0.4118523), (0.22430606, -1.328013, 0.041123286), (0.41091025, -1.2309372, 0.4118523), (1.0989296, -0.78401494, 0.04090811), (0.59334826, -1.1570019, 0.4118523), (1.1586051, -0.58605397, 0.4118523), (1.3211375, -0.23674196, 0.04142871), (0.8341742, -0.582884, 1.0054998), (0.7883185, -1.0998468, 0.04055415), (0.9985212, -1.0009273, 0.46296886), (1.0721897, -0.45444044, 0.35992718), (0.45277143, -1.0720233, 0.35992718), (-0.24117555, 1.1008437, 1.3524388), (-0.9386844, 0.61191756, 1.3524388), (0.2337139, 1.0967407, 1.3524388), (-0.61766547, 0.961666, 0.45940033), (-0.9518512, 0.62336725, 0.45940033), (0.37438938, 1.632964, 0.7134249), (-0.88970864, 1.4241297, 0.71353376), (-1.4055921, 0.9009654, 0.71358687), (-0.6058646, 0.94897413, 1.3524388), (-0.24032234, 1.1179668, 0.45940033), (-0.38240185, 1.6392334, 0.7135343), (0.23227325, 1.1138476, 0.45940033), (-0.006341727, 1.2677271, 0.47809407), (-1.2332973, 1.072818, 0.53880125), (0.15476525, 1.6549958, 0.36766633), (-0.15498811, 1.6354141, 0.5384853), (-1.060135, 1.2797569, 0.3696256), (-1.7169154, 0.7111697, 0.3088594), (-0.701092, 1.6976469, 0.5181213), (0.7130625, 1.7214854, 0.30788752), (-0.91551334, 0.9312252, 0.57478327), (-0.008062833, 1.304735, 0.5746211), (-1.2557911, 1.0800208, 0.37058213), (0.1436851, 1.6337457, 0.5378294), (-0.15763398, 1.6557333, 0.36963415), (-1.0530769, 1.2568735, 0.5384825), (-1.684114, 0.6975828, 0.51822704), (-0.7132987, 1.7305456, 0.30854207), (0.699459, 1.6886433, 0.5179031), (-0.88871855, 0.90405494, 0.47857848), (0.9489509, 0.60787714, 1.3524388), (1.0964413, -0.2310591, 1.3524388), (0.61025214, 0.9407735, 1.3524388), (1.1167561, 0.2432451, 0.45940033), (1.1138476, -0.23227325, 0.45940033), (0.8899466, 1.4194132, 0.7134249), (1.6361306, 0.37789264, 0.71353376), (1.6309825, -0.35682485, 0.71358687), (1.0994371, 0.2426151, 1.3524388), (0.96045536, 0.62058824, 0.45940033), (1.4295119, 0.88871413, 0.7135343), (0.62336725, 0.9518512, 0.45940033), (0.9009027, 0.89193416, 0.47809407), (1.63067, -0.113475874, 0.53880125), (1.0608234, 1.2796943, 0.36766633), (1.2660055, 1.0468192, 0.5384853), (1.6545537, 0.15529613, 0.3696256), (1.7169154, -0.7111697, 0.3088594), (1.6961646, 0.7046708, 0.5181213), (1.3058414, 0.011109836, 0.57478327), (0.9282882, 0.9168856, 0.5746211), (1.6516684, -0.12428845, 0.37058213), (1.0536321, 1.2568333, 0.5378294), (1.2822444, 1.0593162, 0.36963415), (1.6333816, 0.14410593, 0.5384825), (1.684114, -0.6975828, 0.51822704), (1.7280589, 0.7193021, 0.30854207), (1.2676822, 0.010844513, 0.47857848), (-0.9489509, -0.60787714, 1.3524388), (-1.0964413, 0.23105907, 1.3524388), (-0.61025214, -0.9407735, 1.3524388), (-1.1167561, -0.2432451, 0.45940033), (-1.1138476, 0.23227325, 0.45940033), (-0.8899466, -1.4194132, 0.7134249), (-1.6361306, -0.37789264, 0.71353376), (-1.6309825, 0.35682485, 0.71358687), (-1.0994371, -0.2426151, 1.3524388), (-0.96045536, -0.62058824, 0.45940033), (-1.4295119, -0.88871413, 0.7135343), (-0.62336725, -0.9518512, 0.45940033), (-0.9009027, -0.89193416, 0.47809407), (-1.63067, 0.11347587, 0.53880125), (-1.0608234, -1.2796943, 0.36766633), (-1.2660055, -1.0468192, 0.5384853), (-1.6545537, -0.15529613, 0.3696256), (-1.6961646, -0.7046708, 0.5181213), (-0.7130627, -1.7214854, 0.30788752), (-1.3058414, -0.011109838, 0.57478327), (-0.9282882, -0.9168856, 0.5746211), (-1.6516684, 0.12428845, 0.37058213), (-1.0536321, -1.2568333, 0.5378294), (-1.2822444, -1.0593162, 0.36963415), (-1.6333816, -0.14410596, 0.5384825), (-1.7280589, -0.7193021, 0.30854207), (-0.699459, -1.6886433, 0.5179031), (-1.2676822, -0.010844516, 0.47857848), (0.24117555, -1.1008437, 1.3524388), (0.9386844, -0.61191756, 1.3524388), (-0.2337139, -1.0967407, 1.3524388), (0.61766547, -0.961666, 0.45940033), (0.9518512, -0.62336725, 0.45940033), (-0.37438938, -1.632964, 0.7134249), (0.88970864, -1.4241297, 0.71353376), (1.4055921, -0.9009654, 0.71358687), (0.6058646, -0.94897413, 1.3524388), (0.24032234, -1.1179668, 0.45940033), (0.38240185, -1.6392334, 0.7135343), (-0.23227325, -1.1138476, 0.45940033), (0.0063417307, -1.2677271, 0.47809407), (1.2332973, -1.072818, 0.53880125), (-0.15476525, -1.6549958, 0.36766633), (0.15498811, -1.6354141, 0.5384853), (1.060135, -1.2797569, 0.3696256), (0.701092, -1.6976469, 0.5181213), (0.91551334, -0.9312252, 0.57478327), (0.008062836, -1.304735, 0.5746211), (1.2557911, -1.0800208, 0.37058213), (-0.1436851, -1.6337457, 0.5378294), (0.15763398, -1.6557333, 0.36963415), (1.0530769, -1.2568735, 0.5384825), (0.7132987, -1.7305456, 0.30854207), (0.88871855, -0.90405494, 0.47857848), (-0.33835572, 0.8025202, 1.8752897), (-0.8018561, 0.3390592, 1.8752868), (-0.38834056, 0.9231844, 1.1529238), (-0.9226758, 0.3888491, 1.1529238), (-1.3423533, 0.45531985, 1.3348877), (-0.43391752, 1.3537952, 1.3347005), (-0.6630676, 1.2607266, 1.3348268), (-1.263231, 0.6520794, 1.3348262), (-0.6115363, 0.61366296, 1.8996551), (-0.75963265, 0.76268405, 1.1340399), (-1.1165202, 1.1185378, 1.3381832), (-0.45669279, 1.0821608, 1.3343968), (-1.082472, 0.45909265, 1.3344278), (0.33835578, 0.8025202, 1.8752897), (0.8018561, 0.3390592, 1.8752868), (0.38834056, 0.9231844, 1.1529238), (0.9226758, 0.3888491, 1.1529238), (1.3423533, 0.45531985, 1.3348877), (0.43391752, 1.3537952, 1.3347005), (0.6630676, 1.2607266, 1.3348268), (1.263231, 0.6520794, 1.3348262), (0.6115363, 0.61366296, 1.8996551), (0.75963265, 0.76268405, 1.1340399), (1.1165202, 1.1185378, 1.3381832), (6.728008e-10, 0.8612985, 1.8997017), (2.947422e-9, 1.069851, 1.1340399), (2.947422e-9, 1.5723823, 1.3381411), (0.45669279, 1.0821608, 1.3343968), (1.082472, 0.45909265, 1.3344278), (-0.33835572, -0.8025202, 1.8752897), (-0.8018561, -0.33905926, 1.8752868), (-0.38834056, -0.9231844, 1.1529238), (-0.9226758, -0.3888491, 1.1529238), (-1.3423533, -0.45531985, 1.3348877), (-0.43391752, -1.3537952, 1.3347005), (-0.6630676, -1.2607266, 1.3348268), (-1.263231, -0.6520794, 1.3348262), (-0.8609216, -5.6265126e-10, 1.8997778), (-1.069851, -2.1458817e-9, 1.1340399), (-1.5684936, -2.1458817e-9, 1.3382035), (-0.6115363, -0.61366296, 1.8996551), (-0.75963265, -0.76268405, 1.1340399), (-1.1165202, -1.1185378, 1.3381832), (-0.45669279, -1.0821608, 1.3343968), (-1.082472, -0.45909265, 1.3344278), (0.33835578, -0.8025202, 1.8752897), (0.8018561, -0.33905926, 1.8752868), (1.0350277e-9, -8.81461e-10, 2.2629294), (0.38834056, -0.9231844, 1.1529238), (0.9226758, -0.3888491, 1.1529238), (1.3423533, -0.45531985, 1.3348877), (0.43391752, -1.3537952, 1.3347005), (0.6630676, -1.2607266, 1.3348268), (1.263231, -0.6520794, 1.3348262), (0.8609216, -5.6265126e-10, 1.8997778), (1.069851, -2.1458817e-9, 1.1340399), (1.5684936, -2.1458817e-9, 1.3382035), (0.6115363, -0.61366296, 1.8996551), (0.75963265, -0.76268405, 1.1340399), (1.1165202, -1.1185378, 1.3381832), (6.728008e-10, -0.86129856, 1.8997015), (2.947422e-9, -1.069851, 1.1340399), (2.947422e-9, -1.5723823, 1.3381411), (0.45669279, -1.0821608, 1.3343968), (1.082472, -0.45909265, 1.3344278), (-0.39816707, 0.9443823, 0.93663216), (-0.94370687, 0.39903975, 0.93663216), (-1.1876465, 0.40284413, 0.029267695), (-0.38386786, 1.1976434, 0.02822856), (-0.586594, 1.1153231, 0.028512167), (-1.1176058, 0.57690763, 0.029011544), (-0.74386615, 0.74645305, 1.0050772), (-0.9870271, 0.9888107, 0.046106707), (-0.40430793, 0.9580317, 0.028436782), (-0.95830977, 0.40643367, 0.028483361), (0.39816707, 0.9443823, 0.93663216), (0.94370687, 0.39903975, 0.93663216), (1.1876465, 0.40284413, 0.029267695), (0.38386786, 1.1976434, 0.02822856), (0.586594, 1.1153231, 0.028512167), (1.1176058, 0.57690763, 0.029011544), (0.74386615, 0.74645305, 1.0050772), (0.9870271, 0.9888107, 0.046106707), (1.8711401e-9, 1.0475972, 1.0050772), (1.2047443e-9, 1.3900189, 0.04604468), (0.40430793, 0.9580317, 0.028436782), (0.95830977, 0.40643367, 0.028483361), (-0.39816707, -0.9443823, 0.93663216), (-0.94370687, -0.39903975, 0.93663216), (-1.1876465, -0.40284413, 0.029267695), (-0.38386786, -1.1976433, 0.028228527), (-0.586594, -1.1153231, 0.028512167), (-1.1176058, -0.57690763, 0.029011544), (-1.047013, -1.574892e-10, 1.0050772), (-1.3865811, 6.393945e-9, 0.046134114), (-0.74386615, -0.74645305, 1.0050772), (-0.9870271, -0.9888107, 0.046106707), (-0.40430793, -0.9580316, 0.028436782), (-0.95830977, -0.40643367, 0.028483361), (0.39816707, -0.9443823, 0.93663216), (0.94370687, -0.39903975, 0.93663216), (1.1876465, -0.40284413, 0.029267695), (0.38386786, -1.1976433, 0.028228527), (0.586594, -1.1153231, 0.028512167), (1.1176058, -0.57690763, 0.029011544), (1.047013, -1.574892e-10, 1.0050772), (1.3865811, 6.393945e-9, 0.046134114), (0.74386615, -0.74645305, 1.0050772), (0.9870271, -0.9888107, 0.046106707), (1.8711401e-9, -1.0475972, 1.0050772), (1.2047443e-9, -1.3900189, 0.04604468), (0.40430793, -0.9580316, 0.028436782), (0.95830977, -0.40643367, 0.028483361), (-0.007156393, 1.1355253, 1.2998275), (-0.7968005, 0.8085894, 1.2998099), (-0.006039771, 1.1013207, 0.47165462), (-0.7737498, 0.7833248, 0.47165462), (-1.1721921, 1.0275035, 0.70779693), (0.12886709, 1.5580037, 0.7075647), (-0.14310516, 1.5598769, 0.7077302), (-1.0089884, 1.1940936, 0.7077242), (-0.44430304, 1.0779308, 1.352108), (-0.45079172, 1.0945078, 0.4471461), (-0.66361916, 1.606218, 0.7120937), (-0.008616871, 1.296878, 0.7028392), (-0.91019255, 0.9256541, 0.7029274), (0.80799824, 0.7978773, 1.2998275), (1.135182, 0.008335895, 1.2998099), (0.7830221, 0.7744805, 0.47165462), (1.1010181, 0.0067704655, 0.47165462), (1.5554197, -0.102310404, 0.70779693), (1.0105524, 1.1927979, 0.7075647), (1.2041904, 1.0018089, 0.7077302), (1.5578142, 0.13088898, 0.7077242), (1.0763817, 0.44804245, 1.352108), (1.0926918, 0.45517588, 0.4471461), (1.6050174, 0.666518, 0.7120937), (0.44354036, 1.0708011, 1.352108), (0.45021087, 1.0869051, 0.4471461), (0.6616844, 1.5974474, 0.7120391), (0.9231243, 0.9109382, 0.7028392), (1.2981397, 0.01093291, 0.7029274), (-0.80799824, -0.7978773, 1.2998275), (-1.135182, -0.0083359, 1.2998099), (-0.7830221, -0.7744805, 0.47165462), (-1.1010181, -0.0067704674, 0.47165462), (-1.5554197, 0.102310404, 0.70779693), (-1.0105524, -1.1927979, 0.7075647), (-1.2041904, -1.0018089, 0.7077302), (-1.5578142, -0.130889, 0.7077242), (-1.070204, 0.44329298, 1.352108), (-1.0869051, 0.45021087, 0.4471461), (-1.5934968, 0.6600479, 0.7121202), (-1.0763817, -0.44804245, 1.352108), (-1.0926918, -0.45517588, 0.4471461), (-1.6050174, -0.666518, 0.7120937), (-0.9231243, -0.9109382, 0.7028392), (-1.2981397, -0.010932912, 0.7029274), (0.007156399, -1.1355253, 1.2998275), (0.7968005, -0.8085894, 1.2998099), (0.0060397745, -1.1013207, 0.47165462), (0.7737498, -0.7833248, 0.47165462), (1.1721921, -1.0275035, 0.70779693), (-0.12886709, -1.5580037, 0.7075647), (0.14310516, -1.5598769, 0.7077302), (1.0089884, -1.1940936, 0.7077242), (1.070204, -0.443293, 1.352108), (1.0869051, -0.45021087, 0.4471461), (1.5934968, -0.6600479, 0.7121202), (0.44430304, -1.0779308, 1.352108), (0.45079172, -1.0945078, 0.4471461), (0.6636193, -1.606218, 0.7120937), (-0.44354036, -1.0708011, 1.352108), (-0.45021087, -1.0869051, 0.4471461), (-0.66168433, -1.5974474, 0.7120391), (0.008616875, -1.296878, 0.7028392), (0.91019255, -0.9256541, 0.7029274), (1.1610436, -1.2641743, 0.85880727), (0.6276422, -1.238785, 0.85880727), (0.6530315, -0.70538354, 0.85880727), (1.186433, -0.73077285, 0.85880727), (0.9070376, -0.98477894, 0.4812084), (0.9070376, -0.98477894, 1.2364061), (-0.072924264, -1.7148885, 0.8588073), (-0.43214303, -1.3197635, 0.8588073), (-0.03701827, -0.9605449, 0.8588073), (0.3222006, -1.3556697, 0.8588073), (-0.054971267, -1.3377167, 0.4812085), (-0.054971267, -1.3377167, 1.2364062), (1.7148883, -0.072924264, 0.8588073), (1.3197637, -0.4321432, 0.8588073), (0.96054465, -0.037018526, 0.8588073), (1.3556693, 0.3222005, 0.8588073), (1.3377163, -0.054971352, 0.4812085), (1.3377163, -0.054971352, 1.2364062), (1.2641741, 1.1610441, 0.8588073), (1.2387854, 0.6276425, 0.8588073), (0.7053837, 0.6530314, 0.8588073), (0.73077273, 1.1864331, 0.8588073), (0.984779, 0.9070378, 0.4812085), (0.9847791, 0.9070378, 1.2364062), (0.07292375, 1.7148882, 0.8588073), (0.43214312, 1.3197638, 0.8588073), (0.037018694, 0.96054447, 0.8588073), (-0.3222006, 1.355669, 0.8588073), (0.054971267, 1.3377163, 0.4812085), (0.054971267, 1.3377163, 1.2364062), (-1.1610445, 1.2641741, 0.85880727), (-0.6276428, 1.2387853, 0.85880727), (-0.6530314, 0.7053838, 0.85880727), (-1.1864331, 0.73077244, 0.85880727), (-0.9070378, 0.98477894, 0.48120844), (-0.9070378, 0.98477894, 1.2364061), (-1.7148882, 0.07292358, 0.85880727), (-1.3197641, 0.4321432, 0.85880727), (-0.96054465, 0.03701895, 0.85880727), (-1.3556688, -0.3222006, 0.85880727), (-1.3377166, 0.054971267, 0.48120844), (-1.3377166, 0.054971267, 1.2364061), (-1.2641741, -1.1610446, 0.85880727), (-1.2387856, -0.62764317, 0.85880727), (-0.70538414, -0.6530314, 0.85880727), (-0.73077244, -1.186433, 0.85880727), (-0.9847791, -0.90703803, 0.48120844), (-0.9847791, -0.90703803, 1.2364061), (1.0975422, -1.1943254, 0.5756081), (1.3070889, -1.0038209, 0.85880727), (1.0975422, -1.1943254, 1.1420064), (0.8879956, -1.3848301, 0.85880727), (0.69749105, -1.1752836, 0.5756081), (0.69749105, -1.1752836, 1.1420064), (0.50698644, -0.9657369, 0.85880727), (0.716533, -0.77523243, 0.5756081), (0.716533, -0.77523243, 1.1420064), (0.92607963, -0.58472776, 0.85880727), (1.1165841, -0.79427433, 0.5756081), (1.1165841, -0.79427433, 1.1420064), (-0.06843599, -1.6205956, 0.5756082), (0.21444288, -1.6340604, 0.8588073), (-0.06843599, -1.6205956, 1.1420064), (-0.35131487, -1.6071306, 0.8588073), (-0.33785006, -1.3242519, 0.5756082), (-0.33785006, -1.3242519, 1.1420064), (-0.32438532, -1.041373, 0.8588073), (-0.04150654, -1.0548378, 0.5756082), (-0.04150654, -1.0548378, 1.1420064), (0.2413724, -1.0683026, 0.8588073), (0.2279076, -1.3511815, 0.5756082), (0.22790755, -1.3511815, 1.1420064), (1.6205956, -0.06843599, 0.5756082), (1.63406, 0.21444297, 0.8588073), (1.6205956, -0.06843599, 1.1420064), (1.6071308, -0.3513148, 0.8588073), (1.3242519, -0.3378503, 0.5756082), (1.3242519, -0.3378503, 1.1420064), (1.041373, -0.32438558, 0.8588073), (1.0548376, -0.041506797, 0.5756082), (1.0548376, -0.041506797, 1.1420064), (1.0683022, 0.24137208, 0.8588073), (1.3511811, 0.22790752, 0.5756082), (1.3511811, 0.22790752, 1.1420064), (1.1943253, 1.0975424, 0.5756082), (1.0038205, 1.307089, 0.8588073), (1.1943253, 1.0975424, 1.1420064), (1.3848302, 0.88799614, 0.8588073), (1.1752838, 0.6974913, 0.5756082), (1.1752838, 0.6974913, 1.1420064), (0.9657373, 0.5069866, 0.8588073), (0.77523255, 0.7165331, 0.5756082), (0.77523255, 0.7165331, 1.1420064), (0.58472776, 0.92607963, 0.8588073), (0.7942743, 1.1165841, 0.5756082), (0.7942743, 1.1165841, 1.1420064), (0.068435654, 1.6205952, 0.5756082), (-0.21444313, 1.6340595, 0.8588073), (0.068435654, 1.6205952, 1.1420064), (0.35131443, 1.6071308, 0.8588073), (0.33785012, 1.3242519, 0.5756082), (0.33785012, 1.3242519, 1.1420064), (0.3243857, 1.041373, 0.8588073), (0.04150688, 1.0548375, 0.5756082), (0.04150688, 1.0548375, 1.1420064), (-0.2413719, 1.0683018, 0.8588073), (-0.22790769, 1.3511809, 0.5756082), (-0.22790769, 1.3511809, 1.1420064), (-1.0975428, 1.1943251, 0.57560813), (-1.307089, 1.0038204, 0.85880727), (-1.0975428, 1.1943251, 1.1420064), (-0.88799626, 1.38483, 0.85880727), (-0.6974916, 1.1752836, 0.57560813), (-0.6974916, 1.1752836, 1.1420064), (-0.5069867, 0.9657374, 0.85880727), (-0.7165331, 0.77523255, 0.57560813), (-0.7165331, 0.77523255, 1.1420064), (-0.9260793, 0.58472776, 0.85880727), (-1.1165843, 0.7942739, 0.57560813), (-1.1165843, 0.7942739, 1.1420064), (-1.6205952, 0.06843539, 0.57560813), (-1.6340594, -0.21444339, 0.85880727), (-1.6205952, 0.06843539, 1.1420064), (-1.607131, 0.35131443, 0.85880727), (-1.3242521, 0.3378502, 0.57560813), (-1.3242521, 0.3378502, 1.1420064), (-1.0413734, 0.3243859, 0.85880727), (-1.0548376, 0.04150705, 0.57560813), (-1.0548376, 0.04150705, 1.1420064), (-1.0683018, -0.2413719, 0.85880727), (-1.3511808, -0.22790752, 0.57560813), (-1.3511808, -0.22790752, 1.1420064), (-1.1943252, -1.097543, 0.57560813), (-1.0038203, -1.3070892, 0.85880727), (-1.1943252, -1.097543, 1.1420064), (-1.3848302, -0.8879968, 0.85880727), (-1.1752841, -0.6974919, 0.57560813), (-1.1752841, -0.6974919, 1.1420064), (-0.96573794, -0.50698686, 0.85880727), (-0.7752329, -0.716533, 0.57560813), (-0.7752329, -0.716533, 1.1420064), (-0.5847279, -0.9260793, 0.85880727), (-0.7942741, -1.1165843, 0.57560813), (-0.7942741, -1.1165843, 1.1420064), (1.2033718, -0.9988841, 0.6490301), (1.2033718, -0.9988841, 1.0685844), (0.8929325, -1.2811131, 0.6490301), (0.8929325, -1.2811131, 1.0685844), (0.92114276, -0.68844473, 0.6490301), (0.92114276, -0.68844473, 1.0685844), (0.61070347, -0.9706738, 0.6490301), (0.61070347, -0.9706738, 1.0685844), (0.14459468, -1.5572306, 0.6490302), (0.14459468, -1.5572306, 1.0685844), (-0.27448517, -1.5372827, 0.6490302), (-0.27448517, -1.5372827, 1.0685844), (0.16454256, -1.1381507, 0.6490302), (0.16454256, -1.1381507, 1.0685844), (-0.2545374, -1.1182028, 0.6490302), (-0.2545374, -1.1182028, 1.0685844), (1.5572302, 0.14459486, 0.6490302), (1.5572302, 0.14459486, 1.0685844), (1.5372827, -0.274485, 0.6490302), (1.5372827, -0.274485, 1.0685844), (1.1381503, 0.16454239, 0.6490302), (1.1381503, 0.16454239, 1.0685844), (1.1182027, -0.2545374, 0.6490302), (1.1182027, -0.2545374, 1.0685844), (0.9988839, 1.203372, 0.6490302), (0.9988839, 1.203372, 1.0685844), (1.2811133, 0.89293295, 0.6490302), (1.2811133, 0.89293295, 1.0685844), (0.68844473, 0.9211431, 0.6490302), (0.68844473, 0.9211431, 1.0685844), (0.97067404, 0.61070377, 0.6490302), (0.97067404, 0.61070377, 1.0685844), (-0.14459503, 1.55723, 0.6490302), (-0.14459503, 1.55723, 1.0685844), (0.27448475, 1.5372828, 0.6490302), (0.27448475, 1.5372828, 1.0685844), (-0.16454256, 1.1381501, 0.6490302), (-0.16454256, 1.1381501, 1.0685844), (0.25453743, 1.1182029, 0.6490302), (0.25453743, 1.1182029, 1.0685844), (-1.2033721, 0.9988837, 0.6490301), (-1.2033721, 0.9988837, 1.0685844), (-0.89293313, 1.2811131, 0.6490301), (-0.89293313, 1.2811131, 1.0685844), (-0.92114276, 0.6884446, 0.6490301), (-0.92114276, 0.6884446, 1.0685844), (-0.61070377, 0.970674, 0.6490301), (-0.61070377, 0.970674, 1.0685844), (-1.55723, -0.14459503, 0.6490301), (-1.55723, -0.14459503, 1.0685844), (-1.5372828, 0.27448475, 0.6490301), (-1.5372828, 0.27448475, 1.0685844), (-1.1381502, -0.16454221, 0.6490301), (-1.1381502, -0.16454221, 1.0685844), (-1.118203, 0.25453782, 0.6490301), (-1.118203, 0.25453782, 1.0685844), (-0.9988837, -1.2033722, 0.6490301), (-0.9988837, -1.2033722, 1.0685844), (-1.2811134, -0.8929333, 0.6490301), (-1.2811134, -0.8929333, 1.0685844), (-0.6884449, -0.9211426, 0.6490301), (-0.6884449, -0.9211426, 1.0685844), (-0.97067446, -0.61070377, 0.6490301), (-0.97067446, -0.61070377, 1.0685844)]
            uniform token subdivisionScheme = "none"
            uniform token subsetFamily:materialBind:familyType = "nonOverlapping"
            custom string userProperties:blender:data_name = "Cube.074"

            def GeomSubset "Green" (
                prepend apiSchemas = ["MaterialBindingAPI"]
            )
            {
                uniform token elementType = "face"
                uniform token familyName = "materialBind"
                int[] indices = [0, 1, 2, 3, 4, 5, 6, 7, 8, 9, 10, 11, 12, 13, 14, 15, 16, 17, 18, 19, 20, 21, 22, 23, 24, 25, 26, 27, 28, 29, 30, 31, 32, 33, 34, 35, 36, 37, 38, 39, 40, 41, 42, 43, 44, 45, 46, 47, 48, 49, 50, 51, 52, 53, 54, 55, 56, 57, 58, 59, 60, 61, 62, 63, 64, 65, 66, 67, 68, 69, 70, 71, 72, 73, 74, 75, 76, 77, 78, 79, 80, 81, 82, 83, 84, 85, 86, 87, 88, 89, 90, 91, 92, 93, 94, 95, 96, 97, 98, 99, 100, 101, 102, 103, 104, 105, 106, 107, 108, 109, 110, 111, 112, 113, 114, 115, 116, 117, 118, 119, 120, 121, 122, 123, 124, 125, 126, 127, 128, 129, 130, 131, 132, 133, 134, 135, 136, 137, 138, 139, 140, 141, 142, 143, 144, 145, 146, 147, 148, 149, 150, 151, 152, 153, 154, 155, 156, 157, 158, 159, 160, 161, 162, 163, 164, 165, 166, 167, 168, 169, 170, 171, 172, 173, 174, 175, 176, 177, 178, 179, 180, 181, 182, 183, 184, 185, 186, 187, 188, 189, 190, 191, 192, 193, 194, 195, 196, 197, 198, 199, 200, 201, 202, 203, 204, 205, 206, 207, 208, 209, 210, 211, 212, 213, 214, 215, 216, 217, 218, 219, 220, 221, 222, 223, 224, 225, 226, 227, 228, 229, 230, 231, 232, 233, 234, 235, 236, 237, 238, 239, 240, 241, 242, 243, 244, 245, 246, 247, 248, 249, 250, 251, 252, 253, 254, 255, 256, 257, 258, 259, 260, 261, 262, 263, 264, 265, 266, 267, 268, 269, 270, 271, 272, 273, 274, 275, 276, 277, 278, 279, 280, 281, 282, 283, 284, 285, 286, 287, 288, 289, 290, 291, 292, 293, 294, 295, 296, 297, 298, 299, 300, 301, 302, 303, 304, 305, 306, 307, 308, 309, 310, 311, 312, 313, 314, 315, 316, 317, 318, 319, 320, 321, 322, 323, 324, 325, 326, 327, 328, 329, 330, 331, 332, 333, 334, 335, 336, 337, 338, 339, 340, 341, 342, 343, 344, 345, 346, 347, 348, 349, 350, 351, 352, 353, 354, 355, 356, 357, 358, 359, 360, 361, 362, 363, 364, 365, 366, 367, 368, 369, 370, 371, 372, 373, 374, 375, 376, 377, 378, 379, 380, 381, 382, 383, 384, 385, 386, 387, 388, 389, 390, 391, 392, 393, 394, 395, 396, 397, 398, 399, 400, 401, 402, 403, 404, 405, 406, 407, 408, 409, 410, 411, 412, 413, 414, 415, 416, 417, 418, 419, 420, 421, 422, 423, 424, 425, 426, 427, 428, 429, 430, 431, 432, 433, 434, 435, 436, 437, 438, 439, 440, 441, 442, 443, 444, 445, 446, 447, 448, 449, 450, 451, 452, 453, 454, 455, 456, 457, 458, 459, 460, 461, 462, 463, 464, 465, 466, 467, 468, 469, 470, 471, 472, 473, 474, 475, 476, 477, 478, 479, 480, 481, 482, 483, 484, 485, 486, 487, 488, 489, 490, 491, 492, 493, 494, 495, 496, 497, 498, 499, 500, 501, 502, 503, 504, 505, 506, 507, 508, 509, 510, 511, 512, 513, 514, 515, 516, 517, 518, 519, 520, 521, 522, 523, 524, 525, 526, 527, 528, 529, 530, 531, 532, 533, 534, 535, 536, 537, 538, 539, 540, 541, 542, 543, 544, 545, 546, 547, 548, 549, 550, 551, 552, 553, 554, 555, 556, 557, 558, 559, 560, 561, 562, 563, 564, 565, 566, 567, 568, 569, 570, 571, 572, 573, 574, 575, 576, 577, 578, 579, 580, 581, 582, 583, 584, 585, 586, 587, 588, 589, 590, 591, 592, 593, 594, 595, 596, 597, 598, 599, 600, 601, 602, 603, 604, 605, 606, 607, 608, 609, 610, 611, 612, 613, 614, 615, 616, 617, 618, 619, 620, 621, 622, 623, 624, 625, 626, 627, 628, 629, 630, 631, 632, 633, 634, 635, 636, 637, 638, 639, 640, 641, 642, 643, 644, 645, 646, 647]
                rel material:binding = </root/_materials/Green>
            }

            def GeomSubset "Red" (
                prepend apiSchemas = ["MaterialBindingAPI"]
            )
            {
                uniform token elementType = "face"
                uniform token familyName = "materialBind"
                int[] indices = [648, 649, 650, 651, 652, 653, 654, 655, 656, 657, 658, 659, 660, 661, 662, 663, 664, 665, 666, 667, 668, 669, 670, 671, 672, 673, 674, 675, 676, 677, 678, 679, 680, 681, 682, 683, 684, 685, 686, 687, 688, 689, 690, 691, 692, 693, 694, 695, 696, 697, 698, 699, 700, 701, 702, 703, 704, 705, 706, 707, 708, 709, 710, 711, 712, 713, 714, 715, 716, 717, 718, 719, 720, 721, 722, 723, 724, 725, 726, 727, 728, 729, 730, 731, 732, 733, 734, 735, 736, 737, 738, 739, 740, 741, 742, 743, 744, 745, 746, 747, 748, 749, 750, 751, 752, 753, 754, 755, 756, 757, 758, 759, 760, 761, 762, 763, 764, 765, 766, 767, 768, 769, 770, 771, 772, 773, 774, 775, 776, 777, 778, 779, 780, 781, 782, 783, 784, 785, 786, 787, 788, 789, 790, 791, 792, 793, 794, 795, 796, 797, 798, 799, 800, 801, 802, 803, 804, 805, 806, 807, 808, 809, 810, 811, 812, 813, 814, 815, 816, 817, 818, 819, 820, 821, 822, 823, 824, 825, 826, 827, 828, 829, 830, 831, 832, 833, 834, 835, 836, 837, 838, 839]
                rel material:binding = </root/_materials/Red>
            }
        }
    }

    def Scope "_materials"
    {
        def Material "Green"
        {
            token outputs:surface.connect = </root/_materials/Green/Principled_BSDF.outputs:surface>
            custom string userProperties:blender:data_name = "Green"

            def Shader "Principled_BSDF"
            {
                uniform token info:id = "UsdPreviewSurface"
                float inputs:clearcoat = 0
                float inputs:clearcoatRoughness = 0.03
                color3f inputs:diffuseColor = (0.07173354, 0.15232266, 0.06315359)
                float inputs:ior = 1.5
                float inputs:metallic = 0
                float inputs:opacity = 1
                float inputs:roughness = 0.6900348
                float inputs:specular = 0.5
                token outputs:surface
            }
        }

        def Material "Red"
        {
            token outputs:surface.connect = </root/_materials/Red/Principled_BSDF.outputs:surface>
            custom string userProperties:blender:data_name = "Red"

            def Shader "Principled_BSDF"
            {
                uniform token info:id = "UsdPreviewSurface"
                float inputs:clearcoat = 0
                float inputs:clearcoatRoughness = 0.03
                color3f inputs:diffuseColor = (0.27382758, 0.052263096, 0.049410034)
                float inputs:ior = 1.5
                float inputs:metallic = 0
                float inputs:opacity = 1
                float inputs:roughness = 0.6900348
                float inputs:specular = 0.5
                token outputs:surface
            }
        }
    }
}

