#usda 1.0
(
    defaultPrim = "root"
    doc = "Blender v5.1.2"
    metersPerUnit = 1
    upAxis = "Y"
)

def Xform "root" (
    customData = {
        dictionary Blender = {
            bool generated = 1
        }
    }
)
{
    float3 xformOp:rotateXYZ = (-90, -0, 0)
    uniform token[] xformOpOrder = ["xformOp:rotateXYZ"]

    def Xform "Base_Large"
    {
        custom string userProperties:blender:object_name = "Base_Large"

        def Mesh "Cube_053" (
            active = true
            prepend apiSchemas = ["MaterialBindingAPI"]
        )
        {
            uniform bool doubleSided = 1
            float3[] extent = [(-4.2649355, -4.264936, 0.00414443), (4.264936, 4.2649364, 4.9753947)]
            int[] faceVertexCounts = [4, 4, 4, 4, 4, 4, 4, 4, 4, 4, 4, 4, 4, 4, 4, 4, 4, 4, 4, 4, 4, 4, 4, 4, 4, 4, 4, 4, 4, 4, 4, 4, 4, 4, 4, 4, 4, 4, 4, 4, 4, 4, 4, 4, 4, 4, 4, 4, 4, 4, 4, 4, 4, 4, 4, 4, 4, 4, 4, 4, 4, 4, 4, 4, 4, 4, 4, 4, 4, 4, 4, 4, 4, 4, 4, 4, 4, 4, 4, 4, 4, 4, 4, 4, 4, 4, 4, 4, 4, 4, 4, 4, 4, 4, 4, 4, 4, 4, 4, 4, 4, 4, 4, 4, 4, 4, 4, 4, 4, 4, 4, 4, 4, 4, 4, 4, 4, 4, 4, 4, 4, 4, 4, 4, 4, 4, 4, 4, 4, 4, 4, 4, 4, 4, 4, 4, 4, 4, 4, 4, 4, 4, 4, 4, 4, 4, 4, 4, 4, 4, 4, 4, 4, 4, 4, 4, 4, 4, 4, 4, 4, 4, 4, 4, 4, 4, 4, 4, 4, 4, 4, 4, 4, 4, 4, 4, 4, 4, 4, 4, 4, 4, 4, 4, 4, 4, 4, 4, 4, 4, 4, 4, 4, 4, 4, 4, 4, 4, 4, 4, 4, 4, 4, 4, 4, 4, 4, 4, 4, 4, 4, 4, 4, 4, 4, 4, 4, 4, 4, 4, 4, 4, 4, 4, 4, 4, 4, 4, 4, 4, 4, 4, 4, 4, 4, 4, 4, 4, 4, 4, 4, 4, 4, 4, 4, 4, 4, 4, 4, 4, 4, 4, 4, 4, 4, 4, 4, 4, 4, 4, 4, 4, 4, 4, 4, 4, 4, 4, 4, 4, 4, 4, 4, 4, 4, 4, 4, 4, 4, 4, 4, 4, 4, 4, 4, 4, 4, 4, 4, 4, 4, 4, 4, 4, 4, 4, 4, 4, 4, 4, 4, 4, 4, 4, 4, 4, 4, 4, 4, 4, 4, 4, 4, 4, 4, 4, 4, 4, 4, 4, 4, 4, 4, 4, 4, 4, 4, 4, 4, 4, 4, 4, 4, 4, 4, 4, 4, 4, 4, 4, 4, 4, 4, 4, 4, 4, 4, 4, 4, 4, 4, 4, 4, 4, 4, 4, 4, 4, 4, 4, 4, 4, 4, 4, 4, 4, 4, 4, 4, 4, 4, 4, 4, 4, 4, 4, 4, 4, 4, 4, 4, 4, 4, 4, 4, 4, 4, 4, 4, 4, 4, 4, 4, 4, 4, 4, 4, 4, 4, 4, 4, 4, 4, 4, 4, 4, 4, 4, 4, 4, 4, 4, 4, 4, 4, 4, 4, 4, 4, 4, 4, 4, 4, 4, 4, 4, 4, 4, 4, 4, 4, 4, 4, 4, 4, 4, 4, 4, 4, 4, 4, 4, 4, 4, 4, 4, 4, 4, 4, 4, 4, 4, 4, 4, 4, 4, 4, 4, 4, 32, 4, 4, 4, 4, 4, 4, 4, 4, 4, 4, 4, 4, 4, 4, 4, 4, 4, 4, 4, 4, 4, 4, 4, 4, 4, 4, 4, 4, 4, 4, 4, 4, 4, 4, 4, 4, 4, 4, 4, 4, 4, 4, 4, 4, 4, 4, 4, 4, 4, 4, 4, 4, 4, 4, 4, 4, 4, 4, 4, 4, 4, 4, 4, 4, 4, 4, 4, 4, 4, 4, 4, 4, 4, 4, 4, 4, 4, 4, 4, 4, 4, 4, 4, 4, 4, 4, 4, 4, 4, 4, 4, 4, 4, 4, 4, 3, 3, 3, 3, 3, 3, 3, 3, 3, 3, 3, 3, 3, 3, 3, 3, 3, 3, 3, 3, 3, 3, 3, 3, 3, 3, 3, 3, 3, 3, 3, 3, 4, 4, 4, 4, 4, 4, 4, 4, 4, 4, 4, 4, 4, 4, 4, 4, 4, 4, 4, 4, 4, 4, 4, 4, 4, 4, 4, 4, 4, 4, 4, 4, 4, 4, 4, 4, 4, 4, 4, 4, 4, 4, 4, 4, 4, 4, 4, 4, 4, 4, 4, 4, 4, 18, 4, 4, 4, 4, 4, 4, 4, 4, 4, 4, 4, 4, 4, 4, 4, 4, 4, 4, 4, 4, 4, 4, 4, 4, 4, 4, 4, 4, 4, 4, 4, 4, 4, 4, 4, 18, 4, 4, 4, 4, 4, 4, 4, 4, 4, 4, 4, 4, 4, 4, 4, 4, 4, 4, 4, 18, 4, 4, 4, 4, 4, 4, 4, 4, 4, 4, 4, 4, 4, 4, 4, 4, 4, 4, 4, 4, 4, 4, 4, 4, 4, 4, 4, 4, 4, 4, 4, 4, 4, 4, 4, 18, 4, 4, 4, 4, 4, 4, 4, 4, 4, 4, 4, 4, 4, 4, 4, 4, 4, 4, 4, 18, 4, 4, 4, 4, 4, 4, 4, 4, 4, 4, 4, 4, 4, 4, 4, 4, 4, 4, 4, 4, 4, 4, 4, 4, 4, 4, 4, 4, 4, 4, 4, 4, 4, 4, 4, 18, 4, 4, 4, 4, 4, 4, 4, 4, 4, 4, 4, 4, 4, 4, 4, 4, 4, 4, 4, 18, 4, 4, 4, 4, 4, 4, 4, 4, 4, 4, 4, 4, 4, 4, 4, 4, 4, 4, 4, 4, 4, 4, 4, 4, 4, 4, 4, 4, 4, 4, 4, 4, 4, 4, 4, 18, 4, 4, 4, 4, 4, 4, 4, 4, 4, 4, 4, 4, 4, 4, 4, 4, 4, 4, 4, 18, 4, 4, 4, 4, 4, 4, 4, 4, 4, 4, 4, 4, 4, 4, 4, 4, 4, 4, 4, 4, 4, 4, 4, 4, 4, 4, 4, 4, 4, 4, 4, 4, 4, 4, 4, 18, 4, 4, 4, 4, 4, 4, 4, 4, 4, 4, 4, 4, 4, 4, 4, 4, 4, 4, 4, 4, 4, 4, 4, 4, 4, 4, 4, 4, 4, 4, 4, 4, 4, 4, 4, 4, 4, 4, 4, 18, 4, 4, 4, 4, 4, 4, 4, 4, 4, 4, 4, 4, 4, 4, 4, 4, 4, 4, 4, 4, 4, 4, 4, 4, 4, 4, 4, 4, 4, 4, 4, 4, 4, 4, 4, 18, 4, 4, 4, 4, 4, 4, 4, 4, 4, 4, 4, 4, 4, 4, 4, 4, 4, 4, 4, 4, 4, 4, 4, 4, 4, 4, 4, 4, 4, 4, 4, 4, 4, 4, 4, 4, 4, 4, 4, 4, 4, 4, 4, 4, 4, 4, 4, 4, 4, 4, 4, 4, 4, 4, 4, 4, 4, 4, 4, 4, 4, 4, 4, 4, 4, 4, 4, 4, 4, 4, 4, 4, 4, 4, 4, 4, 4, 4, 4, 4, 4, 4, 4, 4, 4, 4, 4, 4, 4, 4, 4, 4, 4, 4, 4, 4, 4, 4, 4, 4, 4, 4, 4, 4, 4, 4, 4, 4, 4, 4, 4, 4, 4, 4, 4, 4, 4, 4, 4, 4, 4, 4, 4, 4, 4, 4, 4, 4, 4, 4, 4, 4, 4, 4, 4, 4, 4, 4, 4, 4, 4, 4, 4, 4, 4, 4, 4, 4, 4, 4, 4, 4, 4, 4, 4, 4, 4, 4, 4, 4, 4, 4, 4, 4, 4, 4, 4, 4, 4, 4, 4, 4, 4, 4, 4, 4, 4, 4, 4, 4, 4, 4, 4, 4, 4, 4, 4, 4, 4, 4, 4, 4, 4, 4, 4, 4, 4, 4, 4, 4, 4, 4, 4, 4, 4, 4, 4, 4, 4, 4, 4, 4, 4, 4, 4, 4, 4, 4, 4, 4, 4, 4, 4, 4, 4, 4, 4, 4, 4, 4, 4, 4, 4, 4, 4, 4, 4, 4, 4, 4, 4, 4, 4, 4, 4, 4, 4, 4, 4, 4, 4, 4, 4, 4, 4, 4, 4, 4, 4, 4, 4, 4, 4, 4, 4, 4, 4, 4, 4, 4, 4, 4, 4, 4, 4, 4, 4, 4, 4, 4, 4, 4, 4, 4, 4, 4, 4, 4, 4, 4, 4, 4, 4, 4, 4, 4, 4, 4, 4, 4, 4, 4, 4, 4, 4, 4, 4, 4, 4, 4, 4, 4, 4, 4, 4, 4, 4, 4, 4, 4, 4, 4, 4, 4, 4, 4, 4, 4, 4, 4, 4, 4, 4, 4, 4, 4]
            int[] faceVertexIndices = [23, 1, 2, 21, 21, 2, 3, 20, 1, 0, 3, 2, 20, 3, 0, 22, 22, 0, 1, 23, 15, 18, 10, 4, 7, 8, 11, 5, 6, 9, 17, 12, 5, 11, 19, 14, 4, 10, 9, 6, 9, 10, 18, 17, 13, 7, 5, 14, 16, 19, 11, 8, 13, 16, 8, 7, 15, 14, 19, 18, 13, 12, 17, 16, 16, 17, 18, 19, 14, 15, 12, 13, 6, 12, 15, 4, 23, 21, 20, 22, 47, 25, 26, 45, 45, 26, 27, 44, 25, 24, 27, 26, 44, 27, 24, 46, 46, 24, 25, 47, 39, 42, 34, 28, 31, 32, 35, 29, 30, 33, 41, 36, 29, 35, 43, 38, 28, 34, 33, 30, 33, 34, 42, 41, 37, 31, 29, 38, 40, 43, 35, 32, 37, 40, 32, 31, 39, 38, 43, 42, 37, 36, 41, 40, 40, 41, 42, 43, 38, 39, 36, 37, 30, 36, 39, 28, 47, 45, 44, 46, 71, 49, 50, 69, 69, 50, 51, 68, 49, 48, 51, 50, 68, 51, 48, 70, 70, 48, 49, 71, 63, 66, 58, 52, 55, 56, 59, 53, 54, 57, 65, 60, 53, 59, 67, 62, 52, 58, 57, 54, 57, 58, 66, 65, 61, 55, 53, 62, 64, 67, 59, 56, 61, 64, 56, 55, 63, 62, 67, 66, 61, 60, 65, 64, 64, 65, 66, 67, 62, 63, 60, 61, 54, 60, 63, 52, 71, 69, 68, 70, 95, 73, 74, 93, 93, 74, 75, 92, 73, 72, 75, 74, 92, 75, 72, 94, 94, 72, 73, 95, 87, 90, 82, 76, 79, 80, 83, 77, 78, 81, 89, 84, 77, 83, 91, 86, 76, 82, 81, 78, 81, 82, 90, 89, 85, 79, 77, 86, 88, 91, 83, 80, 85, 88, 80, 79, 87, 86, 91, 90, 85, 84, 89, 88, 88, 89, 90, 91, 86, 87, 84, 85, 78, 84, 87, 76, 95, 93, 92, 94, 119, 97, 98, 117, 117, 98, 99, 116, 97, 96, 99, 98, 116, 99, 96, 118, 118, 96, 97, 119, 111, 114, 106, 100, 103, 104, 107, 101, 102, 105, 113, 108, 101, 107, 115, 110, 100, 106, 105, 102, 105, 106, 114, 113, 109, 103, 101, 110, 112, 115, 107, 104, 109, 112, 104, 103, 111, 110, 115, 114, 109, 108, 113, 112, 112, 113, 114, 115, 110, 111, 108, 109, 102, 108, 111, 100, 119, 117, 116, 118, 143, 121, 122, 141, 141, 122, 123, 140, 121, 120, 123, 122, 140, 123, 120, 142, 142, 120, 121, 143, 135, 138, 130, 124, 127, 128, 131, 125, 126, 129, 137, 132, 125, 131, 139, 134, 124, 130, 129, 126, 129, 130, 138, 137, 133, 127, 125, 134, 136, 139, 131, 128, 133, 136, 128, 127, 135, 134, 139, 138, 133, 132, 137, 136, 136, 137, 138, 139, 134, 135, 132, 133, 126, 132, 135, 124, 143, 141, 140, 142, 167, 145, 146, 165, 165, 146, 147, 164, 145, 144, 147, 146, 164, 147, 144, 166, 166, 144, 145, 167, 159, 162, 154, 148, 151, 152, 155, 149, 150, 153, 161, 156, 149, 155, 163, 158, 148, 154, 153, 150, 153, 154, 162, 161, 157, 151, 149, 158, 160, 163, 155, 152, 157, 160, 152, 151, 159, 158, 163, 162, 157, 156, 161, 160, 160, 161, 162, 163, 158, 159, 156, 157, 150, 156, 159, 148, 167, 165, 164, 166, 170, 202, 203, 171, 197, 229, 230, 198, 184, 216, 217, 185, 171, 203, 204, 172, 199, 198, 230, 231, 186, 185, 217, 218, 172, 204, 205, 173, 199, 231, 200, 168, 186, 218, 219, 187, 173, 205, 206, 174, 188, 187, 219, 220, 175, 174, 206, 207, 188, 220, 221, 189, 175, 207, 208, 176, 189, 221, 222, 190, 176, 208, 209, 177, 190, 222, 223, 191, 177, 209, 210, 178, 191, 223, 224, 192, 178, 210, 211, 179, 192, 224, 225, 193, 179, 211, 212, 180, 193, 225, 226, 194, 180, 212, 213, 181, 194, 226, 227, 195, 181, 213, 214, 182, 168, 200, 201, 169, 195, 227, 228, 196, 182, 214, 215, 183, 169, 201, 202, 170, 196, 228, 229, 197, 183, 215, 216, 184, 234, 235, 267, 266, 261, 262, 294, 293, 248, 249, 281, 280, 235, 236, 268, 267, 263, 295, 294, 262, 250, 282, 281, 249, 236, 237, 269, 268, 263, 232, 264, 295, 250, 251, 283, 282, 237, 238, 270, 269, 252, 284, 283, 251, 239, 271, 270, 238, 252, 253, 285, 284, 239, 240, 272, 271, 253, 254, 286, 285, 240, 241, 273, 272, 254, 255, 287, 286, 241, 242, 274, 273, 255, 256, 288, 287, 242, 243, 275, 274, 256, 257, 289, 288, 243, 244, 276, 275, 257, 258, 290, 289, 244, 245, 277, 276, 258, 259, 291, 290, 245, 246, 278, 277, 232, 233, 265, 264, 259, 260, 292, 291, 246, 247, 279, 278, 233, 234, 266, 265, 260, 261, 293, 292, 247, 248, 280, 279, 178, 179, 243, 242, 200, 231, 295, 264, 206, 205, 269, 270, 179, 180, 244, 243, 206, 270, 271, 207, 180, 181, 245, 244, 208, 207, 271, 272, 181, 182, 246, 245, 209, 208, 272, 273, 182, 183, 247, 246, 210, 209, 273, 274, 183, 184, 248, 247, 211, 210, 274, 275, 184, 185, 249, 248, 212, 211, 275, 276, 186, 250, 249, 185, 213, 212, 276, 277, 186, 187, 251, 250, 214, 213, 277, 278, 188, 252, 251, 187, 215, 214, 278, 279, 188, 189, 253, 252, 216, 215, 279, 280, 189, 190, 254, 253, 217, 216, 280, 281, 190, 191, 255, 254, 217, 281, 282, 218, 191, 192, 256, 255, 219, 218, 282, 283, 192, 193, 257, 256, 219, 283, 284, 220, 193, 194, 258, 257, 221, 220, 284, 285, 194, 195, 259, 258, 168, 169, 233, 232, 222, 221, 285, 286, 195, 196, 260, 259, 169, 170, 234, 233, 223, 222, 286, 287, 196, 197, 261, 260, 170, 171, 235, 234, 224, 223, 287, 288, 197, 198, 262, 261, 171, 172, 236, 235, 225, 224, 288, 289, 199, 263, 262, 198, 172, 173, 237, 236, 226, 225, 289, 290, 199, 168, 232, 263, 173, 174, 238, 237, 227, 226, 290, 291, 201, 200, 264, 265, 175, 239, 238, 174, 228, 227, 291, 292, 202, 201, 265, 266, 175, 176, 240, 239, 229, 228, 292, 293, 203, 202, 266, 267, 176, 177, 241, 240, 230, 229, 293, 294, 204, 203, 267, 268, 177, 178, 242, 241, 230, 294, 295, 231, 205, 204, 268, 269, 586, 643, 475, 416, 413, 296, 297, 298, 414, 413, 298, 299, 300, 299, 303, 304, 589, 587, 419, 421, 298, 297, 301, 302, 299, 298, 302, 303, 304, 303, 307, 308, 302, 301, 305, 306, 303, 302, 306, 307, 308, 307, 311, 312, 591, 589, 421, 423, 593, 591, 423, 425, 306, 305, 309, 310, 307, 306, 310, 311, 312, 311, 315, 316, 310, 309, 313, 314, 311, 310, 314, 315, 316, 315, 319, 320, 595, 593, 425, 427, 597, 595, 427, 429, 314, 313, 317, 318, 315, 314, 318, 319, 320, 319, 323, 324, 319, 318, 322, 323, 328, 327, 331, 332, 599, 597, 429, 431, 318, 317, 321, 322, 645, 599, 431, 573, 569, 570, 322, 321, 570, 571, 323, 322, 324, 323, 571, 572, 328, 572, 571, 327, 1228, 634, 636, 1229, 326, 570, 569, 325, 327, 571, 570, 326, 603, 602, 432, 435, 326, 325, 329, 330, 327, 326, 330, 331, 332, 331, 335, 336, 336, 335, 339, 340, 605, 603, 435, 437, 330, 329, 333, 334, 331, 330, 334, 335, 607, 605, 437, 439, 334, 333, 337, 338, 335, 334, 338, 339, 340, 339, 343, 344, 609, 607, 439, 441, 338, 337, 341, 342, 339, 338, 342, 343, 344, 343, 347, 348, 611, 609, 441, 443, 342, 341, 345, 346, 343, 342, 346, 347, 348, 347, 351, 352, 613, 611, 443, 445, 346, 345, 349, 350, 347, 346, 350, 351, 352, 351, 355, 356, 350, 349, 353, 354, 351, 350, 354, 355, 356, 355, 359, 360, 615, 613, 445, 447, 617, 615, 447, 449, 354, 353, 357, 358, 355, 354, 358, 359, 360, 359, 363, 364, 358, 357, 361, 362, 359, 358, 362, 363, 364, 363, 367, 368, 619, 617, 449, 451, 621, 619, 451, 453, 362, 361, 365, 366, 363, 362, 366, 367, 368, 367, 371, 372, 367, 366, 370, 371, 372, 371, 375, 376, 623, 621, 453, 455, 366, 365, 369, 370, 625, 623, 455, 457, 370, 369, 373, 374, 371, 370, 374, 375, 376, 375, 379, 380, 380, 379, 383, 384, 627, 625, 457, 459, 374, 373, 377, 378, 375, 374, 378, 379, 629, 627, 459, 461, 378, 377, 381, 382, 379, 378, 382, 383, 388, 387, 391, 392, 647, 629, 461, 581, 577, 578, 382, 381, 578, 579, 383, 382, 579, 580, 384, 383, 386, 578, 577, 385, 387, 579, 578, 386, 388, 580, 579, 387, 633, 632, 462, 465, 386, 385, 389, 390, 387, 386, 390, 391, 392, 391, 395, 396, 635, 633, 465, 467, 390, 389, 393, 394, 391, 390, 394, 395, 396, 395, 399, 400, 637, 635, 467, 469, 394, 393, 397, 398, 395, 394, 398, 399, 400, 399, 403, 404, 398, 397, 401, 402, 399, 398, 402, 403, 404, 403, 407, 408, 639, 637, 469, 471, 641, 639, 471, 473, 402, 401, 405, 406, 403, 402, 406, 407, 408, 407, 411, 412, 407, 406, 410, 411, 412, 411, 414, 415, 643, 641, 473, 475, 406, 405, 409, 410, 1202, 585, 588, 1203, 410, 409, 296, 413, 411, 410, 413, 414, 432, 573, 574, 433, 415, 414, 299, 300, 1214, 608, 610, 1215, 1205, 592, 594, 1206, 1227, 1226, 648, 631, 1208, 598, 600, 1209, 1230, 638, 640, 1231, 1216, 612, 614, 1217, 1207, 596, 598, 1208, 1219, 618, 620, 1220, 1212, 604, 606, 1213, 1227, 631, 634, 1228, 1218, 616, 618, 1219, 1210, 569, 321, 1209, 1221, 622, 624, 1222, 1229, 636, 638, 1230, 632, 647, 581, 462, 580, 388, 498, 583, 1220, 620, 622, 1221, 1232, 642, 644, 1201, 1223, 626, 628, 1224, 1213, 606, 608, 1214, 1215, 610, 612, 1216, 602, 645, 573, 432, 1204, 590, 592, 1205, 1226, 577, 381, 1225, 1231, 640, 642, 1232, 1222, 624, 626, 1223, 1217, 614, 616, 1218, 1224, 628, 630, 1225, 1206, 594, 596, 1207, 1203, 588, 590, 1204, 587, 586, 416, 419, 419, 416, 417, 418, 421, 419, 418, 420, 423, 421, 420, 422, 425, 423, 422, 424, 427, 425, 424, 426, 429, 427, 426, 428, 431, 429, 428, 430, 435, 432, 433, 434, 437, 435, 434, 436, 436, 438, 439, 437, 441, 439, 438, 440, 440, 442, 443, 441, 445, 443, 442, 444, 447, 445, 444, 446, 449, 447, 446, 448, 451, 449, 448, 450, 453, 451, 450, 452, 455, 453, 452, 454, 457, 455, 454, 456, 459, 457, 456, 458, 461, 459, 458, 460, 465, 462, 463, 464, 464, 466, 467, 465, 469, 467, 466, 468, 471, 469, 468, 470, 473, 471, 470, 472, 475, 473, 472, 474, 416, 475, 474, 417, 462, 581, 582, 463, 1211, 1210, 646, 601, 573, 431, 430, 574, 581, 461, 460, 582, 418, 417, 474, 472, 470, 468, 466, 464, 463, 582, 460, 458, 456, 454, 452, 450, 448, 446, 444, 442, 440, 438, 436, 434, 433, 574, 430, 428, 426, 424, 422, 420, 368, 372, 494, 493, 412, 415, 505, 504, 376, 380, 496, 495, 300, 304, 477, 476, 580, 583, 497, 384, 312, 316, 480, 479, 404, 408, 503, 502, 572, 328, 483, 575, 328, 332, 484, 483, 320, 324, 482, 481, 572, 575, 482, 324, 415, 300, 476, 505, 392, 396, 500, 499, 356, 360, 491, 490, 336, 340, 486, 485, 575, 576, 512, 482, 388, 392, 499, 498, 400, 404, 502, 501, 332, 336, 485, 484, 364, 368, 493, 492, 344, 348, 488, 487, 308, 312, 479, 478, 408, 412, 504, 503, 396, 400, 501, 500, 340, 344, 487, 486, 352, 356, 490, 489, 372, 376, 495, 494, 316, 320, 481, 480, 348, 352, 489, 488, 360, 364, 492, 491, 304, 308, 478, 477, 380, 384, 497, 496, 500, 501, 531, 530, 486, 487, 517, 516, 501, 502, 532, 531, 487, 488, 518, 517, 502, 503, 533, 532, 488, 489, 519, 518, 503, 504, 534, 533, 489, 490, 520, 519, 504, 505, 535, 534, 490, 491, 521, 520, 476, 477, 507, 506, 505, 476, 506, 535, 491, 492, 522, 521, 477, 478, 508, 507, 583, 584, 527, 497, 492, 493, 523, 522, 478, 479, 509, 508, 1135, 1127, 543, 566, 493, 494, 524, 523, 479, 480, 510, 509, 494, 495, 525, 524, 480, 481, 511, 510, 483, 513, 576, 575, 495, 496, 526, 525, 481, 482, 512, 511, 496, 497, 527, 526, 483, 484, 514, 513, 498, 528, 584, 583, 498, 499, 529, 528, 484, 485, 515, 514, 499, 500, 530, 529, 485, 486, 516, 515, 1105, 1106, 560, 559, 1107, 1108, 546, 545, 1106, 1109, 561, 560, 1108, 1110, 547, 546, 1109, 1111, 562, 561, 1110, 1112, 548, 547, 1111, 1113, 563, 562, 1112, 1114, 549, 548, 1113, 1115, 564, 563, 1114, 1116, 550, 549, 1115, 1117, 565, 564, 1116, 1118, 551, 550, 1119, 1120, 537, 536, 1117, 1119, 536, 565, 1118, 1121, 552, 551, 1120, 1122, 538, 537, 1121, 1123, 553, 552, 1122, 1124, 539, 538, 1123, 1125, 554, 553, 1124, 1126, 540, 539, 1136, 1132, 558, 567, 1125, 1128, 555, 554, 1126, 1129, 541, 540, 1136, 567, 557, 1133, 1128, 1131, 556, 555, 1129, 1130, 542, 541, 1135, 566, 542, 1130, 1131, 1133, 557, 556, 1127, 1134, 544, 543, 1132, 1105, 559, 558, 1134, 1107, 545, 544, 557, 567, 568, 558, 559, 568, 544, 545, 568, 559, 560, 568, 545, 546, 568, 560, 561, 568, 546, 547, 568, 561, 562, 568, 547, 548, 568, 562, 563, 568, 548, 549, 568, 563, 564, 568, 549, 550, 568, 564, 565, 568, 550, 551, 568, 536, 537, 568, 565, 536, 568, 551, 552, 568, 537, 538, 568, 552, 553, 568, 538, 539, 568, 553, 554, 568, 539, 540, 568, 566, 543, 568, 554, 555, 568, 540, 541, 568, 542, 566, 568, 555, 556, 568, 541, 542, 568, 567, 558, 568, 556, 557, 568, 543, 544, 568, 1211, 601, 604, 1212, 588, 585, 586, 587, 590, 588, 587, 589, 592, 590, 589, 591, 594, 592, 591, 593, 596, 594, 593, 595, 598, 596, 595, 597, 600, 598, 597, 599, 604, 601, 602, 603, 606, 604, 603, 605, 605, 607, 608, 606, 610, 608, 607, 609, 609, 611, 612, 610, 614, 612, 611, 613, 616, 614, 613, 615, 618, 616, 615, 617, 620, 618, 617, 619, 622, 620, 619, 621, 624, 622, 621, 623, 626, 624, 623, 625, 628, 626, 625, 627, 630, 628, 627, 629, 634, 631, 632, 633, 633, 635, 636, 634, 638, 636, 635, 637, 640, 638, 637, 639, 642, 640, 639, 641, 644, 642, 641, 643, 585, 644, 643, 586, 646, 600, 599, 645, 648, 630, 629, 647, 601, 646, 645, 602, 631, 648, 647, 632, 1201, 644, 585, 1202, 649, 650, 652, 651, 651, 652, 654, 653, 653, 654, 656, 655, 655, 656, 658, 657, 657, 658, 660, 659, 659, 660, 662, 661, 661, 662, 664, 663, 663, 664, 666, 665, 665, 666, 668, 667, 667, 668, 670, 669, 669, 670, 672, 671, 671, 672, 674, 673, 673, 674, 676, 675, 675, 676, 678, 677, 677, 678, 680, 679, 679, 680, 682, 681, 662, 660, 690, 691, 681, 682, 684, 683, 683, 684, 650, 649, 649, 651, 653, 655, 657, 659, 661, 663, 665, 667, 669, 671, 673, 675, 677, 679, 681, 683, 694, 693, 712, 711, 672, 670, 695, 696, 682, 680, 700, 701, 658, 656, 688, 689, 668, 666, 693, 694, 678, 676, 698, 699, 654, 652, 685, 687, 664, 662, 691, 692, 674, 672, 696, 697, 684, 682, 701, 702, 660, 658, 689, 690, 670, 668, 694, 695, 680, 678, 699, 700, 656, 654, 687, 688, 666, 664, 692, 693, 652, 650, 686, 685, 676, 674, 697, 698, 650, 684, 702, 686, 701, 700, 705, 704, 685, 686, 719, 720, 693, 692, 713, 712, 700, 699, 706, 705, 692, 691, 714, 713, 699, 698, 707, 706, 691, 690, 715, 714, 698, 697, 708, 707, 690, 689, 716, 715, 697, 696, 709, 708, 689, 688, 717, 716, 696, 695, 710, 709, 686, 702, 703, 719, 688, 687, 718, 717, 695, 694, 711, 710, 702, 701, 704, 703, 687, 685, 720, 718, 719, 703, 704, 705, 706, 707, 708, 709, 710, 711, 712, 713, 714, 715, 716, 717, 718, 720, 721, 722, 724, 723, 723, 724, 726, 725, 725, 726, 728, 727, 727, 728, 730, 729, 729, 730, 732, 731, 731, 732, 734, 733, 733, 734, 736, 735, 735, 736, 738, 737, 737, 738, 740, 739, 739, 740, 742, 741, 741, 742, 744, 743, 743, 744, 746, 745, 745, 746, 748, 747, 747, 748, 750, 749, 749, 750, 752, 751, 751, 752, 754, 753, 734, 732, 762, 763, 753, 754, 756, 755, 755, 756, 722, 721, 721, 723, 725, 727, 729, 731, 733, 735, 737, 739, 741, 743, 745, 747, 749, 751, 753, 755, 766, 765, 784, 783, 744, 742, 767, 768, 754, 752, 772, 773, 730, 728, 760, 761, 740, 738, 765, 766, 750, 748, 770, 771, 726, 724, 757, 759, 736, 734, 763, 764, 746, 744, 768, 769, 756, 754, 773, 774, 732, 730, 761, 762, 742, 740, 766, 767, 752, 750, 771, 772, 728, 726, 759, 760, 738, 736, 764, 765, 724, 722, 758, 757, 748, 746, 769, 770, 722, 756, 774, 758, 773, 772, 777, 776, 757, 758, 791, 792, 765, 764, 785, 784, 772, 771, 778, 777, 764, 763, 786, 785, 771, 770, 779, 778, 763, 762, 787, 786, 770, 769, 780, 779, 762, 761, 788, 787, 769, 768, 781, 780, 761, 760, 789, 788, 768, 767, 782, 781, 758, 774, 775, 791, 760, 759, 790, 789, 767, 766, 783, 782, 774, 773, 776, 775, 759, 757, 792, 790, 791, 775, 776, 777, 778, 779, 780, 781, 782, 783, 784, 785, 786, 787, 788, 789, 790, 792, 793, 794, 796, 795, 795, 796, 798, 797, 797, 798, 800, 799, 799, 800, 802, 801, 801, 802, 804, 803, 803, 804, 806, 805, 805, 806, 808, 807, 807, 808, 810, 809, 809, 810, 812, 811, 811, 812, 814, 813, 813, 814, 816, 815, 815, 816, 818, 817, 817, 818, 820, 819, 819, 820, 822, 821, 821, 822, 824, 823, 823, 824, 826, 825, 806, 804, 834, 835, 825, 826, 828, 827, 827, 828, 794, 793, 793, 795, 797, 799, 801, 803, 805, 807, 809, 811, 813, 815, 817, 819, 821, 823, 825, 827, 838, 837, 856, 855, 816, 814, 839, 840, 826, 824, 844, 845, 802, 800, 832, 833, 812, 810, 837, 838, 822, 820, 842, 843, 798, 796, 829, 831, 808, 806, 835, 836, 818, 816, 840, 841, 828, 826, 845, 846, 804, 802, 833, 834, 814, 812, 838, 839, 824, 822, 843, 844, 800, 798, 831, 832, 810, 808, 836, 837, 796, 794, 830, 829, 820, 818, 841, 842, 794, 828, 846, 830, 845, 844, 849, 848, 829, 830, 863, 864, 837, 836, 857, 856, 844, 843, 850, 849, 836, 835, 858, 857, 843, 842, 851, 850, 835, 834, 859, 858, 842, 841, 852, 851, 834, 833, 860, 859, 841, 840, 853, 852, 833, 832, 861, 860, 840, 839, 854, 853, 830, 846, 847, 863, 832, 831, 862, 861, 839, 838, 855, 854, 846, 845, 848, 847, 831, 829, 864, 862, 863, 847, 848, 849, 850, 851, 852, 853, 854, 855, 856, 857, 858, 859, 860, 861, 862, 864, 865, 866, 868, 867, 867, 868, 870, 869, 869, 870, 872, 871, 871, 872, 874, 873, 873, 874, 876, 875, 875, 876, 878, 877, 877, 878, 880, 879, 879, 880, 882, 881, 881, 882, 884, 883, 883, 884, 886, 885, 885, 886, 888, 887, 887, 888, 890, 889, 889, 890, 892, 891, 891, 892, 894, 893, 893, 894, 896, 895, 895, 896, 898, 897, 878, 876, 906, 907, 897, 898, 900, 899, 899, 900, 866, 865, 865, 867, 869, 871, 873, 875, 877, 879, 881, 883, 885, 887, 889, 891, 893, 895, 897, 899, 910, 909, 928, 927, 888, 886, 911, 912, 898, 896, 916, 917, 874, 872, 904, 905, 884, 882, 909, 910, 894, 892, 914, 915, 870, 868, 901, 903, 880, 878, 907, 908, 890, 888, 912, 913, 900, 898, 917, 918, 876, 874, 905, 906, 886, 884, 910, 911, 896, 894, 915, 916, 872, 870, 903, 904, 882, 880, 908, 909, 868, 866, 902, 901, 892, 890, 913, 914, 866, 900, 918, 902, 917, 916, 921, 920, 901, 902, 935, 936, 909, 908, 929, 928, 916, 915, 922, 921, 908, 907, 930, 929, 915, 914, 923, 922, 907, 906, 931, 930, 914, 913, 924, 923, 906, 905, 932, 931, 913, 912, 925, 924, 905, 904, 933, 932, 912, 911, 926, 925, 902, 918, 919, 935, 904, 903, 934, 933, 911, 910, 927, 926, 918, 917, 920, 919, 903, 901, 936, 934, 935, 919, 920, 921, 922, 923, 924, 925, 926, 927, 928, 929, 930, 931, 932, 933, 934, 936, 937, 938, 940, 939, 939, 940, 942, 941, 941, 942, 944, 943, 943, 944, 946, 945, 945, 946, 948, 947, 947, 948, 950, 949, 949, 950, 952, 951, 951, 952, 954, 953, 953, 954, 956, 955, 955, 956, 958, 957, 957, 958, 960, 959, 959, 960, 962, 961, 961, 962, 964, 963, 963, 964, 966, 965, 965, 966, 968, 967, 967, 968, 970, 969, 950, 948, 978, 979, 969, 970, 972, 971, 971, 972, 938, 937, 937, 939, 941, 943, 945, 947, 949, 951, 953, 955, 957, 959, 961, 963, 965, 967, 969, 971, 982, 981, 1000, 999, 960, 958, 983, 984, 970, 968, 988, 989, 946, 944, 976, 977, 956, 954, 981, 982, 966, 964, 986, 987, 942, 940, 973, 975, 952, 950, 979, 980, 962, 960, 984, 985, 972, 970, 989, 990, 948, 946, 977, 978, 958, 956, 982, 983, 968, 966, 987, 988, 944, 942, 975, 976, 954, 952, 980, 981, 940, 938, 974, 973, 964, 962, 985, 986, 938, 972, 990, 974, 989, 988, 993, 992, 973, 974, 1007, 1008, 981, 980, 1001, 1000, 988, 987, 994, 993, 980, 979, 1002, 1001, 987, 986, 995, 994, 979, 978, 1003, 1002, 986, 985, 996, 995, 978, 977, 1004, 1003, 985, 984, 997, 996, 977, 976, 1005, 1004, 984, 983, 998, 997, 974, 990, 991, 1007, 976, 975, 1006, 1005, 983, 982, 999, 998, 990, 989, 992, 991, 975, 973, 1008, 1006, 1007, 991, 992, 993, 994, 995, 996, 997, 998, 999, 1000, 1001, 1002, 1003, 1004, 1005, 1006, 1008, 1032, 1010, 1011, 1030, 1030, 1011, 1012, 1029, 1010, 1009, 1012, 1011, 1029, 1012, 1009, 1031, 1031, 1009, 1010, 1032, 1024, 1027, 1019, 1013, 1016, 1017, 1020, 1014, 1015, 1018, 1026, 1021, 1014, 1020, 1028, 1023, 1013, 1019, 1018, 1015, 1018, 1019, 1027, 1026, 1022, 1016, 1014, 1023, 1025, 1028, 1020, 1017, 1022, 1025, 1017, 1016, 1024, 1023, 1028, 1027, 1022, 1021, 1026, 1025, 1025, 1026, 1027, 1028, 1023, 1024, 1021, 1022, 1015, 1021, 1024, 1013, 1032, 1030, 1029, 1031, 1033, 1034, 1036, 1035, 1035, 1036, 1038, 1037, 1037, 1038, 1040, 1039, 1039, 1040, 1042, 1041, 1041, 1042, 1044, 1043, 1043, 1044, 1046, 1045, 1045, 1046, 1048, 1047, 1047, 1048, 1050, 1049, 1049, 1050, 1052, 1051, 1051, 1052, 1054, 1053, 1053, 1054, 1056, 1055, 1055, 1056, 1058, 1057, 1057, 1058, 1060, 1059, 1059, 1060, 1062, 1061, 1061, 1062, 1064, 1063, 1063, 1064, 1066, 1065, 1046, 1044, 1074, 1075, 1065, 1066, 1068, 1067, 1067, 1068, 1034, 1033, 1033, 1035, 1037, 1039, 1041, 1043, 1045, 1047, 1049, 1051, 1053, 1055, 1057, 1059, 1061, 1063, 1065, 1067, 1078, 1077, 1096, 1095, 1056, 1054, 1079, 1080, 1066, 1064, 1084, 1085, 1042, 1040, 1072, 1073, 1052, 1050, 1077, 1078, 1062, 1060, 1082, 1083, 1038, 1036, 1069, 1071, 1048, 1046, 1075, 1076, 1058, 1056, 1080, 1081, 1068, 1066, 1085, 1086, 1044, 1042, 1073, 1074, 1054, 1052, 1078, 1079, 1064, 1062, 1083, 1084, 1040, 1038, 1071, 1072, 1050, 1048, 1076, 1077, 1036, 1034, 1070, 1069, 1060, 1058, 1081, 1082, 1034, 1068, 1086, 1070, 1085, 1084, 1089, 1088, 1069, 1070, 1103, 1104, 1077, 1076, 1097, 1096, 1084, 1083, 1090, 1089, 1076, 1075, 1098, 1097, 1083, 1082, 1091, 1090, 1075, 1074, 1099, 1098, 1082, 1081, 1092, 1091, 1074, 1073, 1100, 1099, 1081, 1080, 1093, 1092, 1073, 1072, 1101, 1100, 1080, 1079, 1094, 1093, 1070, 1086, 1087, 1103, 1072, 1071, 1102, 1101, 1079, 1078, 1095, 1094, 1086, 1085, 1088, 1087, 1071, 1069, 1104, 1102, 1103, 1087, 1088, 1089, 1090, 1091, 1092, 1093, 1094, 1095, 1096, 1097, 1098, 1099, 1100, 1101, 1102, 1104, 1106, 1105, 1169, 1173, 1133, 1131, 1195, 1197, 525, 526, 1157, 1156, 1108, 1107, 1170, 1174, 1134, 1127, 1192, 1198, 524, 525, 1156, 1155, 584, 528, 1159, 1168, 1109, 1106, 1173, 1175, 1105, 1132, 1196, 1169, 523, 524, 1155, 1154, 1110, 1108, 1174, 1176, 1107, 1134, 1198, 1170, 522, 523, 1154, 1153, 1111, 1109, 1175, 1177, 521, 522, 1153, 1152, 1112, 1110, 1176, 1178, 520, 521, 1152, 1151, 1113, 1111, 1177, 1179, 519, 520, 1151, 1150, 1114, 1112, 1178, 1180, 518, 519, 1150, 1149, 1115, 1113, 1179, 1181, 517, 518, 1149, 1148, 1116, 1114, 1180, 1182, 516, 517, 1148, 1147, 1117, 1115, 1181, 1183, 515, 516, 1147, 1146, 1118, 1116, 1182, 1184, 514, 515, 1146, 1144, 1120, 1119, 1171, 1185, 513, 514, 1144, 1145, 1119, 1117, 1183, 1171, 1144, 1146, 1170, 1198, 1159, 1160, 1169, 1196, 1145, 1144, 1198, 1192, 1157, 1158, 1197, 1195, 1167, 1199, 1172, 1143, 1142, 1143, 1172, 1194, 1156, 1157, 1195, 1193, 1168, 1200, 1197, 1158, 1141, 1142, 1194, 1191, 1155, 1156, 1193, 1190, 1168, 1159, 1196, 1200, 1140, 1141, 1191, 1189, 1154, 1155, 1190, 1188, 1139, 1140, 1189, 1187, 1153, 1154, 1188, 1186, 1138, 1139, 1187, 1185, 1152, 1153, 1186, 1184, 1166, 1137, 1171, 1183, 1137, 1138, 1185, 1171, 1151, 1152, 1184, 1182, 1165, 1166, 1183, 1181, 1150, 1151, 1182, 1180, 1164, 1165, 1181, 1179, 1149, 1150, 1180, 1178, 1163, 1164, 1179, 1177, 1148, 1149, 1178, 1176, 1162, 1163, 1177, 1175, 1147, 1148, 1176, 1174, 1161, 1162, 1175, 1173, 1146, 1147, 1174, 1170, 1160, 1161, 1173, 1169, 1167, 1145, 1192, 1199, 526, 527, 1158, 1157, 1135, 1130, 1172, 1199, 1127, 1135, 1199, 1192, 528, 529, 1160, 1159, 1130, 1129, 1194, 1172, 529, 530, 1161, 1160, 1131, 1128, 1193, 1195, 530, 531, 1162, 1161, 1136, 1133, 1197, 1200, 531, 532, 1163, 1162, 1129, 1126, 1191, 1194, 532, 533, 1164, 1163, 1128, 1125, 1190, 1193, 1132, 1136, 1200, 1196, 533, 534, 1165, 1164, 534, 535, 1166, 1165, 1126, 1124, 1189, 1191, 506, 507, 1138, 1137, 535, 506, 1137, 1166, 1125, 1123, 1188, 1190, 507, 508, 1139, 1138, 512, 576, 1167, 1143, 1124, 1122, 1187, 1189, 508, 509, 1140, 1139, 527, 584, 1168, 1158, 1123, 1121, 1186, 1188, 576, 513, 1145, 1167, 509, 510, 1141, 1140, 1122, 1120, 1185, 1187, 510, 511, 1142, 1141, 1121, 1118, 1184, 1186, 511, 512, 1143, 1142, 409, 1201, 1202, 296, 325, 1211, 1212, 329, 325, 569, 1210, 1211, 297, 1203, 1204, 301, 309, 1206, 1207, 313, 377, 1224, 1225, 381, 349, 1217, 1218, 353, 369, 1222, 1223, 373, 401, 1231, 1232, 405, 648, 1226, 1225, 630, 301, 1204, 1205, 305, 341, 1215, 1216, 345, 333, 1213, 1214, 337, 373, 1223, 1224, 377, 405, 1232, 1201, 409, 361, 1220, 1221, 365, 393, 1229, 1230, 397, 365, 1221, 1222, 369, 646, 1210, 1209, 600, 353, 1218, 1219, 357, 385, 1227, 1228, 389, 329, 1212, 1213, 333, 357, 1219, 1220, 361, 313, 1207, 1208, 317, 345, 1216, 1217, 349, 397, 1230, 1231, 401, 317, 1208, 1209, 321, 385, 577, 1226, 1227, 305, 1205, 1206, 309, 337, 1214, 1215, 341, 296, 1202, 1203, 297, 389, 1228, 1229, 393, 1234, 1241, 1240, 1233, 1238, 1245, 1244, 1237, 1236, 1243, 1242, 1235, 1235, 1242, 1241, 1234, 1233, 1240, 1246, 1239, 1237, 1244, 1243, 1236, 1247, 1249, 1256, 1254, 1252, 1251, 1258, 1259, 1250, 1248, 1255, 1257, 1248, 1247, 1254, 1255, 1249, 1253, 1260, 1256, 1251, 1250, 1257, 1258, 1233, 1239, 1253, 1249, 1241, 1242, 1255, 1254, 1245, 1238, 1252, 1259, 1240, 1241, 1254, 1256, 1235, 1234, 1247, 1248, 1242, 1243, 1257, 1255, 1234, 1233, 1249, 1247, 1243, 1244, 1258, 1257, 1236, 1235, 1248, 1250, 1244, 1245, 1259, 1258, 1237, 1236, 1250, 1251, 1239, 1246, 1260, 1253, 1246, 1240, 1256, 1260, 1238, 1237, 1251, 1252, 1262, 1269, 1268, 1261, 1266, 1273, 1272, 1265, 1264, 1271, 1270, 1263, 1263, 1270, 1269, 1262, 1261, 1268, 1274, 1267, 1265, 1272, 1271, 1264, 1275, 1277, 1284, 1282, 1280, 1279, 1286, 1287, 1278, 1276, 1283, 1285, 1276, 1275, 1282, 1283, 1277, 1281, 1288, 1284, 1279, 1278, 1285, 1286, 1261, 1267, 1281, 1277, 1269, 1270, 1283, 1282, 1273, 1266, 1280, 1287, 1268, 1269, 1282, 1284, 1263, 1262, 1275, 1276, 1270, 1271, 1285, 1283, 1262, 1261, 1277, 1275, 1271, 1272, 1286, 1285, 1264, 1263, 1276, 1278, 1272, 1273, 1287, 1286, 1265, 1264, 1278, 1279, 1267, 1274, 1288, 1281, 1274, 1268, 1284, 1288, 1266, 1265, 1279, 1280, 1290, 1297, 1296, 1289, 1294, 1301, 1300, 1293, 1292, 1299, 1298, 1291, 1291, 1298, 1297, 1290, 1289, 1296, 1302, 1295, 1293, 1300, 1299, 1292, 1303, 1305, 1312, 1310, 1308, 1307, 1314, 1315, 1306, 1304, 1311, 1313, 1304, 1303, 1310, 1311, 1305, 1309, 1316, 1312, 1307, 1306, 1313, 1314, 1289, 1295, 1309, 1305, 1297, 1298, 1311, 1310, 1301, 1294, 1308, 1315, 1296, 1297, 1310, 1312, 1291, 1290, 1303, 1304, 1298, 1299, 1313, 1311, 1290, 1289, 1305, 1303, 1299, 1300, 1314, 1313, 1292, 1291, 1304, 1306, 1300, 1301, 1315, 1314, 1293, 1292, 1306, 1307, 1295, 1302, 1316, 1309, 1302, 1296, 1312, 1316, 1294, 1293, 1307, 1308, 1318, 1325, 1324, 1317, 1322, 1329, 1328, 1321, 1320, 1327, 1326, 1319, 1319, 1326, 1325, 1318, 1317, 1324, 1330, 1323, 1321, 1328, 1327, 1320, 1331, 1333, 1340, 1338, 1336, 1335, 1342, 1343, 1334, 1332, 1339, 1341, 1332, 1331, 1338, 1339, 1333, 1337, 1344, 1340, 1335, 1334, 1341, 1342, 1317, 1323, 1337, 1333, 1325, 1326, 1339, 1338, 1329, 1322, 1336, 1343, 1324, 1325, 1338, 1340, 1319, 1318, 1331, 1332, 1326, 1327, 1341, 1339, 1318, 1317, 1333, 1331, 1327, 1328, 1342, 1341, 1320, 1319, 1332, 1334, 1328, 1329, 1343, 1342, 1321, 1320, 1334, 1335, 1323, 1330, 1344, 1337, 1330, 1324, 1340, 1344, 1322, 1321, 1335, 1336, 1346, 1353, 1352, 1345, 1350, 1357, 1356, 1349, 1348, 1355, 1354, 1347, 1347, 1354, 1353, 1346, 1345, 1352, 1358, 1351, 1349, 1356, 1355, 1348, 1359, 1361, 1368, 1366, 1364, 1363, 1370, 1371, 1362, 1360, 1367, 1369, 1360, 1359, 1366, 1367, 1361, 1365, 1372, 1368, 1363, 1362, 1369, 1370, 1345, 1351, 1365, 1361, 1353, 1354, 1367, 1366, 1357, 1350, 1364, 1371, 1352, 1353, 1366, 1368, 1347, 1346, 1359, 1360, 1354, 1355, 1369, 1367, 1346, 1345, 1361, 1359, 1355, 1356, 1370, 1369, 1348, 1347, 1360, 1362, 1356, 1357, 1371, 1370, 1349, 1348, 1362, 1363, 1351, 1358, 1372, 1365, 1358, 1352, 1368, 1372, 1350, 1349, 1363, 1364, 1374, 1381, 1380, 1373, 1378, 1385, 1384, 1377, 1376, 1383, 1382, 1375, 1375, 1382, 1381, 1374, 1373, 1380, 1386, 1379, 1377, 1384, 1383, 1376, 1387, 1389, 1396, 1394, 1392, 1391, 1398, 1399, 1390, 1388, 1395, 1397, 1388, 1387, 1394, 1395, 1389, 1393, 1400, 1396, 1391, 1390, 1397, 1398, 1373, 1379, 1393, 1389, 1381, 1382, 1395, 1394, 1385, 1378, 1392, 1399, 1380, 1381, 1394, 1396, 1375, 1374, 1387, 1388, 1382, 1383, 1397, 1395, 1374, 1373, 1389, 1387, 1383, 1384, 1398, 1397, 1376, 1375, 1388, 1390, 1384, 1385, 1399, 1398, 1377, 1376, 1390, 1391, 1379, 1386, 1400, 1393, 1386, 1380, 1396, 1400, 1378, 1377, 1391, 1392, 1402, 1409, 1408, 1401, 1406, 1413, 1412, 1405, 1404, 1411, 1410, 1403, 1403, 1410, 1409, 1402, 1401, 1408, 1414, 1407, 1405, 1412, 1411, 1404, 1415, 1417, 1424, 1422, 1420, 1419, 1426, 1427, 1418, 1416, 1423, 1425, 1416, 1415, 1422, 1423, 1417, 1421, 1428, 1424, 1419, 1418, 1425, 1426, 1401, 1407, 1421, 1417, 1409, 1410, 1423, 1422, 1413, 1406, 1420, 1427, 1408, 1409, 1422, 1424, 1403, 1402, 1415, 1416, 1410, 1411, 1425, 1423, 1402, 1401, 1417, 1415, 1411, 1412, 1426, 1425, 1404, 1403, 1416, 1418, 1412, 1413, 1427, 1426, 1405, 1404, 1418, 1419, 1407, 1414, 1428, 1421, 1414, 1408, 1424, 1428, 1406, 1405, 1419, 1420, 1430, 1437, 1436, 1429, 1434, 1441, 1440, 1433, 1432, 1439, 1438, 1431, 1431, 1438, 1437, 1430, 1429, 1436, 1442, 1435, 1433, 1440, 1439, 1432, 1443, 1445, 1452, 1450, 1448, 1447, 1454, 1455, 1446, 1444, 1451, 1453, 1444, 1443, 1450, 1451, 1445, 1449, 1456, 1452, 1447, 1446, 1453, 1454, 1429, 1435, 1449, 1445, 1437, 1438, 1451, 1450, 1441, 1434, 1448, 1455, 1436, 1437, 1450, 1452, 1431, 1430, 1443, 1444, 1438, 1439, 1453, 1451, 1430, 1429, 1445, 1443, 1439, 1440, 1454, 1453, 1432, 1431, 1444, 1446, 1440, 1441, 1455, 1454, 1433, 1432, 1446, 1447, 1435, 1442, 1456, 1449, 1442, 1436, 1452, 1456, 1434, 1433, 1447, 1448]
            rel material:binding = </root/_materials/Atlas>
            normal3f[] normals = [(0.0000012520225, 0.9999807, -0.0062060026), (0.0000012520225, 0.9999807, -0.0062060026), (0.0000012520225, 0.9999807, -0.0062060026), (0.0000012520225, 0.9999807, -0.0062060026), (-2.3111272e-7, 0, 0.99999994), (-2.3111272e-7, 0, 0.99999994), (-2.3111272e-7, 0, 0.99999994), (-2.3111272e-7, 0, 0.99999994), (-1, 0.0000055009627, -1.3115317e-12), (-1, 0.0000055009627, -1.3115317e-12), (-1, 0.0000055009627, -1.3115317e-12), (-1, 0.0000055009627, -1.3115317e-12), (-0.000003127521, -0.9999807, -0.0062048463), (-0.000003127521, -0.9999807, -0.0062048463), (-0.000003127521, -0.9999807, -0.0062048463), (-0.000003127521, -0.9999807, -0.0062048463), (-5.5596194e-9, 0, -1), (-5.5596194e-9, 0, -1), (-5.5596194e-9, 0, -1), (-5.5596194e-9, 0, -1), (-0.0000028009265, -1, 0), (-0.000002776391, -1, 0), (-0.000003029852, -1, 0), (-0.000003029852, -1, 0), (0.99999994, -0.0000051031907, 0), (0.99999994, -0.0000051031907, 0), (0.99999994, -0.0000051031907, 0), (0.99999994, -0.0000051031907, 0), (0.0000030298463, 1, 0), (0.0000030298463, 1, 0), (0.0000027763908, 1, 0), (0.0000028009256, 1, 0), (-0.0000024238905, -1, 0), (-0.0000024238905, -1, 0), (-0.000002505883, -1, 0), (-0.0000024979458, -1, 0), (-1, 0.0000025516008, 0), (-1, 0.0000025516008, 0), (-1, 0.0000025516008, 0), (-1, 0.0000025516008, 0), (-0.2994126, 6.311135e-7, 0.9541237), (-0.2994126, 6.311135e-7, 0.9541237), (-0.2994126, 6.311135e-7, 0.9541237), (-0.2994126, 6.311135e-7, 0.9541237), (-6.4788286e-10, 0, -1), (-1.2288286e-9, 0, -0.99999994), (-1.2288286e-9, 0, -0.99999994), (-6.478827e-10, 0, -1), (0.29941258, -0.0000012622255, 0.9541237), (0.29941258, -0.0000012622255, 0.9541237), (0.29941258, -0.0000012622255, 0.9541237), (0.29941258, -0.0000012622255, 0.9541237), (0.0000012860024, 1, 0), (0.0000014238324, 1, 0), (0, 1, 0), (0, 1, 0), (-0.0000028009265, -1, 0), (-0.0000024979458, -1, 0), (-0.000002505883, -1, 0), (-0.000002776391, -1, 0), (0.0000012860024, 1, 0), (0.0000028009256, 1, 0), (0.0000027763908, 1, 0), (0.0000014238324, 1, 0), (-3.4994385e-9, 0, 1), (-3.4994385e-9, 0, 1), (-3.4994385e-9, 0, 1), (-3.4994385e-9, 0, 1), (-6.478827e-10, 0, -1), (-3.170202e-10, 0, -1), (-3.1702008e-10, 0, -1), (-6.4788286e-10, 0, -1), (-5.671038e-10, 0, -1), (-3.1702008e-10, 0, -1), (-3.170202e-10, 0, -1), (-5.671038e-10, 0, -1), (0.99999994, -0.0000027504773, 3.5437304e-7), (0.99999994, -0.0000027504773, 3.5437304e-7), (0.99999994, -0.0000027504773, 3.5437304e-7), (0.99999994, -0.0000027504773, 3.5437304e-7), (0.70709497, 0.7070914, -0.0062055327), (0.70709497, 0.7070914, -0.0062055327), (0.70709497, 0.7070914, -0.0062055327), (0.70709497, 0.7070914, -0.0062055327), (5.8775265e-7, 0, 1), (5.8775265e-7, 0, 1), (5.8775265e-7, 0, 1), (5.8775265e-7, 0, 1), (-0.70710397, 0.7071096, -6.87621e-7), (-0.70710397, 0.7071096, -6.87621e-7), (-0.70710397, 0.7071096, -6.87621e-7), (-0.70710397, 0.7071096, -6.87621e-7), (-0.7070944, -0.70709205, -0.0062045758), (-0.7070944, -0.70709205, -0.0062045758), (-0.7070944, -0.70709205, -0.0062045758), (-0.7070944, -0.70709205, -0.0062045758), (0, 0, -1), (0, 0, -1), (0, 0, -1), (0, 0, -1), (-0.7071094, -0.70710427, 0), (-0.70710933, -0.70710427, 0), (-0.70710987, -0.7071037, 0), (-0.70710987, -0.7071037, 0), (0.7071048, -0.7071088, 0), (0.7071048, -0.7071088, 0), (0.7071048, -0.7071088, 0), (0.7071048, -0.7071088, 0), (0.70710987, 0.7071037, 0), (0.70710987, 0.7071037, 0), (0.70710933, 0.70710427, 0), (0.7071094, 0.70710427, 0), (-0.707108, -0.7071056, 0), (-0.707108, -0.7071056, 0), (-0.70710844, -0.7071051, 0), (-0.70710844, -0.70710516, 0), (-0.7071049, 0.7071087, 0), (-0.7071049, 0.7071087, 0), (-0.7071049, 0.7071087, 0), (-0.7071049, 0.7071087, 0), (-0.21171632, 0.21171738, 0.9541236), (-0.21171632, 0.21171738, 0.9541236), (-0.21171632, 0.21171738, 0.9541236), (-0.21171632, 0.21171738, 0.9541236), (0, 0, -1), (0, 0, -1), (0, 0, -1), (0, 0, -1), (0.21171659, -0.21171781, 0.9541235), (0.21171659, -0.21171781, 0.9541235), (0.21171659, -0.21171781, 0.9541235), (0.21171659, -0.21171781, 0.9541235), (0.70710814, 0.7071055, 0), (0.7071082, 0.70710534, 0), (0.70710737, 0.70710623, 0), (0.70710737, 0.70710623, 0), (-0.7071094, -0.70710427, 0), (-0.70710844, -0.70710516, 0), (-0.70710844, -0.7071051, 0), (-0.70710933, -0.70710427, 0), (0.70710814, 0.7071055, 0), (0.7071094, 0.70710427, 0), (0.70710933, 0.70710427, 0), (0.7071082, 0.70710534, 0), (-2.1933703e-8, 0, 1), (-2.1933703e-8, 0, 1), (-2.1933703e-8, 0, 1), (-2.1933703e-8, 0, 1), (0, 0, -1), (0, 0, -1), (0, 0, -1), (0, 0, -1), (0, 0, -1), (0, 0, -1), (0, 0, -1), (0, 0, -1), (0.7071063, -0.7071073, 4.1901933e-7), (0.7071063, -0.7071073, 4.1901933e-7), (0.7071063, -0.7071073, 4.1901933e-7), (0.7071063, -0.7071073, 4.1901933e-7), (-0.9999807, 0.0000031373847, -0.006205892), (-0.9999807, 0.0000031373847, -0.006205892), (-0.9999807, 0.0000031373847, -0.006205892), (-0.9999807, 0.0000031373847, -0.006205892), (5.877484e-7, 0, 1), (5.877484e-7, 0, 1), (5.877484e-7, 0, 1), (5.877484e-7, 0, 1), (-0.0000018505008, -0.99999994, -6.876194e-7), (-0.0000018505008, -0.99999994, -6.876194e-7), (-0.0000018505008, -0.99999994, -6.876194e-7), (-0.0000018505008, -0.99999994, -6.876194e-7), (0.9999807, -6.390985e-7, -0.0062050363), (0.9999807, -6.390985e-7, -0.0062050363), (0.9999807, -6.390985e-7, -0.0062050363), (0.9999807, -6.390985e-7, -0.0062050363), (0, 0, -1), (0, 0, -1), (0, 0, -1), (0, 0, -1), (1, -0.0000021869303, 0), (1, -0.0000021579065, 0), (1, -0.0000024577334, 0), (1, -0.0000024577334, 0), (0.000004164008, 1, 0), (0.000004164008, 1, 0), (0.000004164008, 1, 0), (0.000004164008, 1, 0), (-1, 0.0000012722401, 0), (-1, 0.0000012722401, 0), (-1, 0.0000016286875, 0), (-1, 0.0000015941823, 0), (1, -5.7829095e-7, 0), (1, -5.7829095e-7, 0), (1, -0.0000013189019, 0), (1, -0.000001247209, 0), (-0.000002082005, -1, 0), (-0.000002082005, -1, 0), (-0.000002082005, -1, 0), (-0.000002082005, -1, 0), (-4.717618e-7, -0.29941258, 0.9541237), (-4.717618e-7, -0.29941258, 0.9541237), (-4.717618e-7, -0.29941258, 0.9541237), (-4.717618e-7, -0.29941258, 0.9541237), (6.854271e-10, 0, -1), (0, 0, -1), (0, 0, -1), (6.854277e-10, 0, -1), (9.374928e-7, 0.29941267, 0.9541237), (9.374928e-7, 0.29941267, 0.9541237), (9.374928e-7, 0.29941267, 0.9541237), (9.374928e-7, 0.29941267, 0.9541237), (-1, 0.0000015508092, 0), (-1, 0.0000015899627, 0), (-1, 0.0000011854935, 0), (-1, 0.0000011854935, 0), (1, -0.0000021869303, 0), (1, -0.000001247209, 0), (1, -0.0000013189019, 0), (1, -0.0000021579065, 0), (-1, 0.0000015508092, 0), (-1, 0.0000015941823, 0), (-1, 0.0000016286875, 0), (-1, 0.0000015899627, 0), (0, 0, 1), (0, 0, 1), (0, 0, 1), (0, 0, 1), (6.854277e-10, 0, -1), (6.854279e-10, 0, -1), (6.854271e-10, 0, -1), (6.854271e-10, 0, -1), (0, 0, -1), (6.854271e-10, 0, -1), (6.854279e-10, 0, -1), (0, 0, -1), (0.0000037010084, 1, -2.3636959e-7), (0.0000037010084, 1, -2.3636959e-7), (0.0000037010084, 1, -2.3636959e-7), (0.0000037010084, 1, -2.3636959e-7), (-0.7070924, -0.7070939, -0.0062062186), (-0.7070924, -0.7070939, -0.0062062186), (-0.7070924, -0.7070939, -0.0062062186), (-0.7070924, -0.7070939, -0.0062062186), (-5.877485e-7, 0, 1), (-5.877485e-7, 0, 1), (-5.877485e-7, 0, 1), (-5.877485e-7, 0, 1), (0.70710486, -0.7071086, -3.4381006e-7), (0.70710486, -0.7071086, -3.4381006e-7), (0.70710486, -0.7071086, -3.4381006e-7), (0.70710486, -0.7071086, -3.4381006e-7), (0.7070952, 0.70709103, -0.0062048156), (0.7070952, 0.70709103, -0.0062048156), (0.7070952, 0.70709103, -0.0062048156), (0.7070952, 0.70709103, -0.0062048156), (0, 0, -1), (0, 0, -1), (0, 0, -1), (0, 0, -1), (0.707108, 0.7071056, 0), (0.7071081, 0.70710546, 0), (0.7071071, 0.70710653, 0), (0.7071071, 0.70710653, 0), (-0.7071048, 0.7071088, 0), (-0.7071048, 0.7071088, 0), (-0.7071048, 0.7071088, 0), (-0.7071048, 0.7071088, 0), (-0.70710737, -0.70710623, 0), (-0.70710737, -0.70710623, 0), (-0.7071082, -0.70710534, 0), (-0.7071081, -0.70710546, 0), (0.70710737, 0.70710623, 0), (0.70710737, 0.70710623, 0), (0.7071082, 0.70710534, 0), (0.7071081, 0.70710546, 0), (0.7071049, -0.7071087, 0), (0.7071049, -0.7071087, 0), (0.7071049, -0.7071087, 0), (0.7071049, -0.7071087, 0), (0.21171619, -0.21171744, 0.9541237), (0.21171619, -0.21171744, 0.9541237), (0.21171619, -0.21171744, 0.9541237), (0.21171619, -0.21171744, 0.9541237), (0, 0, -1), (0, 0, -1), (0, 0, -1), (0, 0, -1), (-0.21171635, 0.21171741, 0.9541236), (-0.21171635, 0.21171741, 0.9541236), (-0.21171635, 0.21171741, 0.9541236), (-0.21171635, 0.21171741, 0.9541236), (-0.7071075, -0.7071061, 0), (-0.70710766, -0.707106, 0), (-0.707106, -0.7071076, 0), (-0.707106, -0.7071076, 0), (0.707108, 0.7071056, 0), (0.7071081, 0.70710546, 0), (0.7071082, 0.70710534, 0), (0.7071081, 0.70710546, 0), (-0.7071075, -0.7071061, 0), (-0.7071081, -0.70710546, 0), (-0.7071082, -0.70710534, 0), (-0.70710766, -0.707106, 0), (2.1933781e-8, 0, 1), (2.1933781e-8, 0, 1), (2.1933781e-8, 0, 1), (2.1933781e-8, 0, 1), (0, 0, -1), (0, 0, -1), (0, 0, -1), (0, 0, -1), (0, 0, -1), (0, 0, -1), (0, 0, -1), (0, 0, -1), (-0.70710564, 0.70710796, 0), (-0.70710564, 0.70710796, 0), (-0.70710564, 0.70710796, 0), (-0.70710564, 0.70710796, 0), (-6.266885e-7, -0.9999807, -0.006205725), (-6.266885e-7, -0.9999807, -0.006205725), (-6.266885e-7, -0.9999807, -0.006205725), (-6.266885e-7, -0.9999807, -0.006205725), (-1.7831944e-7, 0, 0.99999994), (-1.7831944e-7, 0, 0.99999994), (-1.7831944e-7, 0, 0.99999994), (-1.7831944e-7, 0, 0.99999994), (1, 0, -3.5437162e-7), (1, 0, -3.5437162e-7), (1, 0, -3.5437162e-7), (1, 0, -3.5437162e-7), (6.2457195e-7, 0.9999807, -0.0062049986), (6.2457195e-7, 0.9999807, -0.0062049986), (6.2457195e-7, 0.9999807, -0.0062049986), (6.2457195e-7, 0.9999807, -0.0062049986), (5.559636e-9, 0, -1), (5.559636e-9, 0, -1), (5.559636e-9, 0, -1), (5.559636e-9, 0, -1), (0.0000012674857, 1, 0), (0.0000013383851, 1, 0), (6.059704e-7, 1, 0), (6.059704e-7, 1, 0), (-1, 0.000003827401, 0), (-1, 0.000003827401, 0), (-1, 0.000003827401, 0), (-1, 0.000003827401, 0), (-0.000001211943, -1, 0), (-0.000001211943, -1, 0), (-8.969823e-7, -1, 0), (-9.274712e-7, -1, 0), (0, 1, 0), (0, 1, 0), (0.0000010678733, 1, 0), (9.645005e-7, 1, 0), (0.99999994, -0.0000025515992, 0), (0.99999994, -0.0000025515992, 0), (0.99999994, -0.0000025515992, 0), (0.99999994, -0.0000025515992, 0), (0.2994128, -3.1555686e-7, 0.95412374), (0.2994128, -3.1555686e-7, 0.95412374), (0.2994128, -3.1555686e-7, 0.95412374), (0.2994128, -3.1555686e-7, 0.95412374), (-3.343468e-10, 0, -1), (0, 0, -1), (0, 0, -1), (-3.343473e-10, 0, -1), (-0.2994132, 0.000001262229, 0.9541235), (-0.2994132, 0.000001262229, 0.9541235), (-0.2994132, 0.000001262229, 0.9541235), (-0.2994132, 0.000001262229, 0.9541235), (-9.2747064e-7, -1, 0), (-8.9698176e-7, -1, 0), (-0.0000012119418, -1, 0), (-0.0000012119418, -1, 0), (0.0000012674857, 1, 0), (9.645005e-7, 1, 0), (0.0000010678733, 1, 0), (0.0000013383851, 1, 0), (-9.2747064e-7, -1, 0), (-9.274712e-7, -1, 0), (-8.969823e-7, -1, 0), (-8.9698176e-7, -1, 0), (-6.317653e-8, 0, 1), (-6.317653e-8, 0, 1), (-6.317653e-8, 0, 1), (-6.317653e-8, 0, 1), (-3.343473e-10, 0, -1), (-6.652103e-10, 0, -1), (-6.652103e-10, 0, -1), (-3.343468e-10, 0, -1), (-6.6172645e-10, 0, -1), (-6.652103e-10, 0, -1), (-6.652103e-10, 0, -1), (-6.6172645e-10, 0, -1), (-1, 0, 3.5437256e-7), (-1, 0, 3.5437256e-7), (-1, 0, 3.5437256e-7), (-1, 0, 3.5437256e-7), (0.7070934, -0.707093, -0.006205298), (0.7070934, -0.707093, -0.006205298), (0.7070934, -0.707093, -0.006205298), (0.7070934, -0.707093, -0.006205298), (0, 0, 1), (0, 0, 1), (0, 0, 1), (0, 0, 1), (0.70710695, 0.70710665, 3.4380975e-7), (0.70710695, 0.70710665, 3.4380975e-7), (0.70710695, 0.70710665, 3.4380975e-7), (0.70710695, 0.70710665, 3.4380975e-7), (-0.7070949, 0.7070914, -0.006205068), (-0.7070949, 0.7070914, -0.006205068), (-0.7070949, 0.7070914, -0.006205068), (-0.7070949, 0.7070914, -0.006205068), (1.959744e-8, 0, -1), (1.959744e-8, 0, -1), (1.959744e-8, 0, -1), (1.959744e-8, 0, -1), (-0.7071069, 0.70710665, 0), (-0.707107, 0.7071066, 0), (-0.7071063, 0.70710725, 0), (-0.7071063, 0.70710725, 0), (-0.7071094, -0.70710415, 0), (-0.7071094, -0.70710415, 0), (-0.7071094, -0.70710415, 0), (-0.7071094, -0.70710415, 0), (0.7071058, -0.7071077, 0), (0.7071058, -0.7071077, 0), (0.7071068, -0.7071067, 0), (0.70710677, -0.7071069, 0), (-0.7071052, 0.7071083, 0), (-0.7071052, 0.7071083, 0), (-0.7071065, 0.70710707, 0), (-0.7071064, 0.7071071, 0), (0.7071078, 0.7071059, 0), (0.7071078, 0.7071059, 0), (0.7071078, 0.7071059, 0), (0.7071078, 0.7071059, 0), (0.21171662, 0.2117164, 0.9541238), (0.21171662, 0.2117164, 0.9541238), (0.21171662, 0.2117164, 0.9541238), (0.21171662, 0.2117164, 0.9541238), (0, 0, -1), (0, 0, -1), (0, 0, -1), (0, 0, -1), (-0.21171677, -0.2117161, 0.95412385), (-0.21171677, -0.2117161, 0.95412385), (-0.21171677, -0.2117161, 0.95412385), (-0.21171677, -0.2117161, 0.95412385), (0.7071071, -0.7071064, 0), (0.7071072, -0.7071064, 0), (0.70710665, -0.70710695, 0), (0.70710665, -0.70710695, 0), (-0.7071069, 0.70710665, 0), (-0.7071064, 0.7071071, 0), (-0.7071065, 0.70710707, 0), (-0.707107, 0.7071066, 0), (0.7071071, -0.7071064, 0), (0.70710677, -0.7071069, 0), (0.7071068, -0.7071067, 0), (0.7071072, -0.7071064, 0), (0, 0, 1), (0, 0, 1), (0, 0, 1), (0, 0, 1), (0, 0, -1), (6.459551e-10, 0, -1), (6.459542e-10, 0, -1), (0, 0, -1), (1.2919091e-9, 0, -1), (6.459542e-10, 0, -1), (6.459551e-10, 0, -1), (1.2919091e-9, 0, -1), (-0.7071072, -0.70710635, 2.3636957e-7), (-0.7071072, -0.70710635, 2.3636957e-7), (-0.7071072, -0.70710635, 2.3636957e-7), (-0.7071072, -0.70710635, 2.3636957e-7), (0.9999807, 0.0000019172933, -0.0062059015), (0.9999807, 0.0000019172933, -0.0062059015), (0.9999807, 0.0000019172933, -0.0062059015), (0.9999807, 0.0000019172933, -0.0062059015), (0, 0, 1), (0, 0, 1), (0, 0, 1), (0, 0, 1), (0, 1, -6.876206e-7), (0, 1, -6.876206e-7), (0, 1, -6.876206e-7), (0, 1, -6.876206e-7), (-0.9999807, 6.390978e-7, -0.0062050293), (-0.9999807, 6.390978e-7, -0.0062050293), (-0.9999807, 6.390978e-7, -0.0062050293), (-0.9999807, 6.390978e-7, -0.0062050293), (0, 0, -1), (0, 0, -1), (0, 0, -1), (0, 0, -1), (-1, 6.072047e-7, 0), (-1, 5.4212626e-7, 0), (-1, 0.0000012144094, 0), (-1, 0.0000012144094, 0), (-0.0000020819996, -1, 0), (-0.0000020819996, -1, 0), (-0.0000020819996, -1, 0), (-0.0000020819996, -1, 0), (1, -0.0000011565804, 0), (1, -0.0000011565804, 0), (1, -1.7095238e-7, 0), (1, -2.6636334e-7, 0), (-1, 0, 0), (-1, 0, 0), (-1, 0, 0), (-1, 0, 0), (0, 1, 0), (0, 1, 0), (0, 1, 0), (0, 1, 0), (0, 0.29941258, 0.9541237), (0, 0.29941258, 0.9541237), (0, 0.29941258, 0.9541237), (0, 0.29941258, 0.9541237), (-6.8542577e-10, 0, -1), (0, 0, -1), (0, 0, -1), (-6.8542816e-10, 0, -1), (-6.265263e-7, -0.2994137, 0.9541235), (-6.265263e-7, -0.2994137, 0.9541235), (-6.265263e-7, -0.2994137, 0.9541235), (-6.265263e-7, -0.2994137, 0.9541235), (1, 0.0000012227351, 0), (1, 0.0000011585487, 0), (1, 0.0000018216165, 0), (1, 0.0000018216165, 0), (-1, 6.072047e-7, 0), (-1, 0, 0), (-1, 0, 0), (-1, 5.4212626e-7, 0), (1, 0.0000012227351, 0), (1, -2.6636334e-7, 0), (1, -1.7095238e-7, 0), (1, 0.0000011585487, 0), (0, 0, 1), (0, 0, 1), (0, 0, 1), (0, 0, 1), (-6.8542816e-10, 0, -1), (-6.8542744e-10, 0, -1), (-6.854271e-10, 0, -1), (-6.8542577e-10, 0, -1), (0, 0, -1), (-6.854271e-10, 0, -1), (-6.8542744e-10, 0, -1), (0, 0, -1), (0, -0.99999994, 4.5125017e-7), (0, -0.99999994, 4.5125017e-7), (0, -0.99999994, 4.5125017e-7), (0, -0.99999994, 4.5125017e-7), (-0.21005537, -0.507118, 0.8358877), (-0.21005529, -0.507118, 0.8358876), (-0.3049525, -0.45639375, 0.835888), (-0.30495247, -0.45639372, 0.8358881), (0.3049528, -0.45639443, 0.8358875), (0.30495277, -0.4563944, 0.8358875), (0.21005532, -0.50711834, 0.8358874), (0.21005529, -0.5071184, 0.8358874), (-1.7540842e-8, 0.54890054, 0.83588773), (-1.8960921e-7, 0.5489004, 0.83588773), (0.10708519, 0.53835326, 0.83588785), (0.10708519, 0.53835326, 0.83588785), (-0.30495247, -0.45639372, 0.8358881), (-0.3049525, -0.45639375, 0.835888), (-0.38813123, -0.38813096, 0.83588785), (-0.3881313, -0.38813087, 0.83588785), (0.10708603, -0.5383541, 0.83588713), (0.21005529, -0.5071184, 0.8358874), (0.21005532, -0.50711834, 0.8358874), (0.10708608, -0.53835416, 0.8358872), (0.21005525, 0.5071178, 0.8358877), (0.10708519, 0.53835326, 0.83588785), (0.10708519, 0.53835326, 0.83588785), (0.21005526, 0.5071178, 0.83588773), (-0.3881313, -0.38813087, 0.83588785), (-0.38813123, -0.38813096, 0.83588785), (-0.45639452, -0.30495274, 0.83588743), (-0.45639452, -0.3049527, 0.8358875), (0.10708603, -0.5383541, 0.83588713), (0.10708608, -0.53835416, 0.8358872), (0.0000013904672, -0.54890084, 0.8358875), (0.0000012529179, -0.5489008, 0.8358875), (0.21005525, 0.5071178, 0.8358877), (0.21005526, 0.5071178, 0.83588773), (0.30495313, 0.4563946, 0.83588725), (0.30495316, 0.45639458, 0.8358873), (-0.45639452, -0.3049527, 0.8358875), (-0.45639452, -0.30495274, 0.83588743), (-0.507118, -0.21005516, 0.8358876), (-0.507118, -0.2100552, 0.8358877), (0.3881319, 0.38813156, 0.8358873), (0.30495316, 0.45639458, 0.8358873), (0.30495313, 0.4563946, 0.83588725), (0.3881318, 0.3881316, 0.8358872), (-0.5383536, -0.10708552, 0.8358876), (-0.507118, -0.2100552, 0.8358877), (-0.507118, -0.21005516, 0.8358876), (-0.53835356, -0.10708566, 0.8358876), (0.3881319, 0.38813156, 0.8358873), (0.3881318, 0.3881316, 0.8358872), (0.45639426, 0.30495232, 0.8358878), (0.45639426, 0.30495238, 0.8358878), (-0.5383536, -0.10708552, 0.8358876), (-0.53835356, -0.10708566, 0.8358876), (-0.54890096, -3.2955887e-7, 0.83588743), (-0.5489009, -3.5332255e-7, 0.8358874), (0.45639426, 0.30495238, 0.8358878), (0.45639426, 0.30495232, 0.8358878), (0.50711745, 0.21005458, 0.8358881), (0.50711745, 0.2100546, 0.8358881), (-0.5489009, -3.5332255e-7, 0.8358874), (-0.54890096, -3.2955887e-7, 0.83588743), (-0.53835404, 0.10708572, 0.8358873), (-0.53835404, 0.10708567, 0.8358874), (0.50711745, 0.2100546, 0.8358881), (0.50711745, 0.21005458, 0.8358881), (0.5383531, 0.10708508, 0.835888), (0.5383531, 0.10708504, 0.835888), (-0.53835404, 0.10708567, 0.8358874), (-0.53835404, 0.10708572, 0.8358873), (-0.50711817, 0.21005532, 0.83588755), (-0.5071181, 0.2100552, 0.83588755), (0.5383531, 0.10708504, 0.835888), (0.5383531, 0.10708508, 0.835888), (0.54890025, 1.1963441e-7, 0.83588785), (0.54890025, -1.07750836e-7, 0.8358878), (-0.5071181, 0.2100552, 0.83588755), (-0.50711817, 0.21005532, 0.83588755), (-0.4563936, 0.30495253, 0.835888), (-0.45639363, 0.30495247, 0.835888), (0.54890025, -1.07750836e-7, 0.8358878), (0.54890025, 1.1963441e-7, 0.83588785), (0.5383539, -0.107085384, 0.8358874), (0.5383539, -0.10708539, 0.83588743), (-0.45639363, 0.30495247, 0.835888), (-0.4563936, 0.30495253, 0.835888), (-0.38813123, 0.38813147, 0.8358876), (-0.3881312, 0.38813147, 0.83588755), (0.5383539, -0.10708539, 0.83588743), (0.5383539, -0.107085384, 0.8358874), (0.5071186, -0.21005553, 0.8358872), (0.50711864, -0.21005553, 0.8358872), (-0.3881312, 0.38813147, 0.83588755), (-0.38813123, 0.38813147, 0.8358876), (-0.30495313, 0.45639458, 0.8358873), (-0.30495313, 0.45639458, 0.8358873), (0.50711864, -0.21005553, 0.8358872), (0.5071186, -0.21005553, 0.8358872), (0.4563943, -0.3049532, 0.8358874), (0.4563943, -0.30495313, 0.83588743), (-0.30495313, 0.45639458, 0.8358873), (-0.30495313, 0.45639458, 0.8358873), (-0.21005498, 0.50711834, 0.83588743), (-0.210055, 0.50711834, 0.8358875), (0.0000012529179, -0.5489008, 0.8358875), (0.0000013904672, -0.54890084, 0.8358875), (-0.10708508, -0.5383537, 0.8358876), (-0.10708504, -0.5383537, 0.8358877), (0.4563943, -0.30495313, 0.83588743), (0.4563943, -0.3049532, 0.8358874), (0.38813102, -0.38813174, 0.8358876), (0.38813108, -0.3881317, 0.8358876), (-0.210055, 0.50711834, 0.8358875), (-0.21005498, 0.50711834, 0.83588743), (-0.10708523, 0.5383536, 0.8358876), (-0.107085295, 0.5383536, 0.8358876), (-0.10708504, -0.5383537, 0.8358877), (-0.10708508, -0.5383537, 0.8358876), (-0.21005529, -0.507118, 0.8358876), (-0.21005537, -0.507118, 0.8358877), (0.38813108, -0.3881317, 0.8358876), (0.38813102, -0.38813174, 0.8358876), (0.30495277, -0.4563944, 0.8358875), (0.3049528, -0.45639443, 0.8358875), (-0.107085295, 0.5383536, 0.8358876), (-0.10708523, 0.5383536, 0.8358876), (-1.8960921e-7, 0.5489004, 0.83588773), (-1.7540842e-8, 0.54890054, 0.83588773), (0.37640637, 0.9087254, -0.1803786), (0.5464568, 0.81783116, -0.18038072), (0.546457, 0.8178309, -0.18038072), (0.37640682, 0.9087252, -0.18037862), (-0.546457, 0.8178316, -0.18037823), (-0.37640616, 0.9087253, -0.18037917), (-0.37640634, 0.9087252, -0.18037918), (-0.5464571, 0.8178315, -0.18037824), (-8.4824603e-7, -0.98359764, -0.18037666), (-0.19189084, -0.9646978, -0.18037774), (-0.19189078, -0.9646977, -0.18037775), (-9.424817e-9, -0.98359764, -0.18037665), (0.5464568, 0.81783116, -0.18038072), (0.6955081, 0.6955077, -0.18038118), (0.6955078, 0.695508, -0.18038121), (0.546457, 0.8178309, -0.18038072), (-0.19189209, 0.9646967, -0.18038243), (-0.19189222, 0.9646966, -0.18038239), (-0.37640634, 0.9087252, -0.18037918), (-0.37640616, 0.9087253, -0.18037917), (-0.3764062, -0.9087252, -0.18037988), (-0.3764061, -0.90872526, -0.18037985), (-0.19189078, -0.9646977, -0.18037775), (-0.19189084, -0.9646978, -0.18037774), (0.6955081, 0.6955077, -0.18038118), (0.81783164, 0.5464568, -0.1803781), (0.8178314, 0.54645723, -0.18037811), (0.6955078, 0.695508, -0.18038121), (-0.19189209, 0.9646967, -0.18038243), (-0.0000019181946, 0.98359644, -0.18038297), (-0.000002379765, 0.98359644, -0.18038295), (-0.19189222, 0.9646966, -0.18038239), (-0.3764062, -0.9087252, -0.18037988), (-0.54645693, -0.81783056, -0.1803832), (-0.54645675, -0.8178306, -0.1803832), (-0.3764061, -0.90872526, -0.18037985), (0.81783164, 0.5464568, -0.1803781), (0.90872556, 0.37640616, -0.18037812), (0.90872544, 0.3764065, -0.18037814), (0.8178314, 0.54645723, -0.18037811), (-0.6955078, -0.69550693, -0.18038563), (-0.6955077, -0.69550693, -0.18038562), (-0.54645675, -0.8178306, -0.1803832), (-0.54645693, -0.81783056, -0.1803832), (0.96469754, 0.1918904, -0.18037939), (0.9646974, 0.19189061, -0.1803794), (0.90872544, 0.3764065, -0.18037814), (0.90872556, 0.37640616, -0.18037812), (-0.6955078, -0.69550693, -0.18038563), (-0.81783044, -0.54645646, -0.18038478), (-0.8178307, -0.54645616, -0.1803848), (-0.6955077, -0.69550693, -0.18038562), (0.96469754, 0.1918904, -0.18037939), (0.9835972, 5.3015402e-8, -0.18037856), (0.9835973, 4.759532e-7, -0.18037854), (0.9646974, 0.19189061, -0.1803794), (-0.81783044, -0.54645646, -0.18038478), (-0.90872496, -0.37640613, -0.18038094), (-0.90872496, -0.37640604, -0.18038096), (-0.8178307, -0.54645616, -0.1803848), (0.9835972, 5.3015402e-8, -0.18037856), (0.96469766, -0.19189046, -0.18037874), (0.9646977, -0.1918902, -0.18037874), (0.9835973, 4.759532e-7, -0.18037854), (-0.90872496, -0.37640613, -0.18038094), (-0.96469826, -0.19188963, -0.18037692), (-0.9646982, -0.19188978, -0.18037693), (-0.90872496, -0.37640604, -0.18038096), (0.96469766, -0.19189046, -0.18037874), (0.9087251, -0.37640637, -0.18038008), (0.90872496, -0.3764066, -0.18038008), (0.9646977, -0.1918902, -0.18037874), (-0.96469826, -0.19188963, -0.18037692), (-0.9835974, 6.9883924e-7, -0.1803778), (-0.98359734, 2.8745683e-7, -0.18037778), (-0.9646982, -0.19188978, -0.18037693), (0.9087251, -0.37640637, -0.18038008), (0.81783044, -0.5464576, -0.1803812), (0.81783044, -0.5464576, -0.1803812), (0.90872496, -0.3764066, -0.18038008), (-0.9835974, 6.9883924e-7, -0.1803778), (-0.9646974, 0.19189021, -0.18038039), (-0.96469754, 0.19188982, -0.18038037), (-0.98359734, 2.8745683e-7, -0.18037778), (0.81783044, -0.5464576, -0.1803812), (0.6955079, -0.695508, -0.18038116), (0.69550776, -0.6955081, -0.1803812), (0.81783044, -0.5464576, -0.1803812), (-0.9646974, 0.19189021, -0.18038039), (-0.9087254, 0.3764062, -0.18037876), (-0.90872544, 0.3764061, -0.18037876), (-0.96469754, 0.19188982, -0.18038037), (0.6955079, -0.695508, -0.18038116), (0.54645675, -0.8178309, -0.18038179), (0.5464572, -0.8178307, -0.18038177), (0.69550776, -0.6955081, -0.1803812), (-0.9087254, 0.3764062, -0.18037876), (-0.81783116, 0.5464579, -0.1803772), (-0.81783134, 0.54645765, -0.18037722), (-0.90872544, 0.3764061, -0.18037876), (0.54645675, -0.8178309, -0.18038179), (0.37640595, -0.9087249, -0.18038177), (0.3764064, -0.9087248, -0.18038177), (0.5464572, -0.8178307, -0.18038177), (-0.0000019181946, 0.98359644, -0.18038297), (0.19189057, 0.9646974, -0.18037955), (0.19189021, 0.9646976, -0.18037957), (-0.000002379765, 0.98359644, -0.18038295), (-0.81783116, 0.5464579, -0.1803772), (-0.69550794, 0.6955089, -0.18037778), (-0.69550776, 0.69550896, -0.18037775), (-0.81783134, 0.54645765, -0.18037722), (0.37640595, -0.9087249, -0.18038177), (0.19189052, -0.96469766, -0.18037869), (0.19189094, -0.9646976, -0.18037869), (0.3764064, -0.9087248, -0.18038177), (0.19189057, 0.9646974, -0.18037955), (0.37640637, 0.9087254, -0.1803786), (0.37640682, 0.9087252, -0.18037862), (0.19189021, 0.9646976, -0.18037957), (-0.69550794, 0.6955089, -0.18037778), (-0.546457, 0.8178316, -0.18037823), (-0.5464571, 0.8178315, -0.18037824), (-0.69550776, 0.69550896, -0.18037775), (0.19189052, -0.96469766, -0.18037869), (-8.4824603e-7, -0.98359764, -0.18037666), (-9.424817e-9, -0.98359764, -0.18037665), (0.19189094, -0.9646976, -0.18037869), (0.18085071, -0.07491079, 0.9806536), (0.16276145, -0.10875374, 0.9806535), (0.16276145, -0.10875375, 0.9806536), (0.18085073, -0.0749108, 0.9806536), (2.937151e-7, -0.13622175, -0.99067837), (0.026575806, -0.13360439, -0.99067837), (0.02657578, -0.13360439, -0.9906784), (2.863277e-7, -0.13622177, -0.99067837), (-0.12585248, -0.052129764, -0.99067837), (-0.113264255, -0.075680725, -0.99067837), (-0.11326425, -0.07568073, -0.9906783), (-0.12585248, -0.052129768, -0.9906783), (0.16276145, -0.10875374, 0.9806535), (0.13841711, -0.13841726, 0.9806536), (0.13841712, -0.13841724, 0.9806536), (0.16276145, -0.10875375, 0.9806536), (-0.12585248, -0.052129764, -0.99067837), (-0.12585248, -0.052129768, -0.9906783), (-0.13360429, -0.026575606, -0.99067837), (-0.13360429, -0.02657562, -0.99067837), (0.13841711, -0.13841726, 0.9806536), (0.10875364, -0.16276138, 0.9806535), (0.108753644, -0.16276139, 0.9806536), (0.13841712, -0.13841724, 0.9806536), (-0.13622187, -5.8631347e-8, -0.99067837), (-0.13360429, -0.02657562, -0.99067837), (-0.13360429, -0.026575606, -0.99067837), (-0.13622186, -7.0159665e-8, -0.9906783), (0.10875364, -0.16276138, 0.9806535), (0.07491084, -0.18085067, 0.9806536), (0.07491083, -0.18085071, 0.9806536), (0.108753644, -0.16276139, 0.9806536), (-0.13360433, 0.026575612, -0.99067837), (-0.13622187, -5.8631347e-8, -0.99067837), (-0.13622186, -7.0159665e-8, -0.9906783), (-0.13360435, 0.026575595, -0.99067837), (0.07491084, -0.18085067, 0.9806536), (0.03818921, -0.19198982, 0.9806536), (0.038189195, -0.19198984, 0.98065364), (0.07491083, -0.18085071, 0.9806536), (-0.12585242, 0.0521299, -0.99067837), (-0.13360433, 0.026575612, -0.99067837), (-0.13360435, 0.026575595, -0.99067837), (-0.1258524, 0.052129887, -0.9906783), (0.03818921, -0.19198982, 0.9806536), (-1.00580046e-7, -0.19575138, 0.9806535), (-9.475594e-8, -0.1957514, 0.9806536), (0.038189195, -0.19198984, 0.98065364), (-0.11326421, 0.07568084, -0.99067837), (-0.12585242, 0.0521299, -0.99067837), (-0.1258524, 0.052129887, -0.9906783), (-0.1132642, 0.075680815, -0.9906783), (-1.00580046e-7, -0.19575138, 0.9806535), (-0.038189285, -0.1919902, 0.9806536), (-0.038189266, -0.19199021, 0.9806536), (-9.475594e-8, -0.1957514, 0.9806536), (-0.09632338, 0.09632344, -0.99067837), (-0.11326421, 0.07568084, -0.99067837), (-0.1132642, 0.075680815, -0.9906783), (-0.09632337, 0.09632344, -0.99067837), (-0.074910834, -0.18085073, 0.9806536), (-0.074910834, -0.18085074, 0.9806536), (-0.038189266, -0.19199021, 0.9806536), (-0.038189285, -0.1919902, 0.9806536), (-0.07568077, 0.11326439, -0.9906783), (-0.09632338, 0.09632344, -0.99067837), (-0.09632337, 0.09632344, -0.99067837), (-0.07568076, 0.11326438, -0.9906783), (-0.074910834, -0.18085073, 0.9806536), (-0.10875362, -0.16276132, 0.9806536), (-0.10875363, -0.1627613, 0.9806536), (-0.074910834, -0.18085074, 0.9806536), (-0.052129813, 0.12585257, -0.99067837), (-0.07568077, 0.11326439, -0.9906783), (-0.07568076, 0.11326438, -0.9906783), (-0.05212982, 0.12585257, -0.9906783), (-0.13841704, -0.13841689, 0.9806536), (-0.13841704, -0.13841692, 0.9806536), (-0.10875363, -0.1627613, 0.9806536), (-0.10875362, -0.16276132, 0.9806536), (-0.026575657, 0.13360421, -0.99067837), (-0.052129813, 0.12585257, -0.99067837), (-0.05212982, 0.12585257, -0.9906783), (-0.026575658, 0.13360421, -0.99067837), (-0.13841704, -0.13841689, 0.9806536), (-0.16276132, -0.108753465, 0.9806536), (-0.16276132, -0.10875348, 0.98065364), (-0.13841704, -0.13841692, 0.9806536), (-1.0609485e-8, 0.13622169, -0.99067837), (-0.026575657, 0.13360421, -0.99067837), (-0.026575658, 0.13360421, -0.99067837), (-2.0226237e-8, 0.13622169, -0.99067837), (-0.16276132, -0.108753465, 0.9806536), (-0.18085082, -0.07491074, 0.9806536), (-0.1808508, -0.074910745, 0.9806536), (-0.16276132, -0.10875348, 0.98065364), (0.026575675, 0.13360435, -0.99067837), (-1.0609485e-8, 0.13622169, -0.99067837), (-2.0226237e-8, 0.13622169, -0.99067837), (0.02657566, 0.13360435, -0.99067837), (-0.18085082, -0.07491074, 0.9806536), (-0.19199033, -0.038189102, 0.9806535), (-0.1919903, -0.038189135, 0.9806535), (-0.1808508, -0.074910745, 0.9806536), (0.026575675, 0.13360435, -0.99067837), (0.02657566, 0.13360435, -0.99067837), (0.05212987, 0.12585254, -0.9906783), (0.052129876, 0.12585254, -0.99067837), (-0.19199033, -0.038189102, 0.9806535), (-0.19575173, 1.6763348e-8, 0.9806535), (-0.19575174, -1.7687775e-8, 0.9806535), (-0.1919903, -0.038189135, 0.9806535), (0.07568084, 0.11326434, -0.99067837), (0.052129876, 0.12585254, -0.99067837), (0.05212987, 0.12585254, -0.9906783), (0.07568084, 0.11326434, -0.9906783), (-0.19575173, 1.6763348e-8, 0.9806535), (-0.19199027, 0.038189236, 0.9806535), (-0.19199027, 0.038189236, 0.9806536), (-0.19575174, -1.7687775e-8, 0.9806535), (0.07568084, 0.11326434, -0.99067837), (0.07568084, 0.11326434, -0.9906783), (0.09632349, 0.09632335, -0.9906783), (0.096323505, 0.09632336, -0.99067837), (-0.19199027, 0.038189236, 0.9806535), (-0.18085063, 0.074910894, 0.9806536), (-0.1808506, 0.07491091, 0.98065346), (-0.19199027, 0.038189236, 0.9806536), (0.11326439, 0.075680785, -0.99067837), (0.096323505, 0.09632336, -0.99067837), (0.09632349, 0.09632335, -0.9906783), (0.11326438, 0.075680785, -0.99067837), (-0.18085063, 0.074910894, 0.9806536), (-0.16276117, 0.108753644, 0.9806536), (-0.16276115, 0.10875365, 0.9806536), (-0.1808506, 0.07491091, 0.98065346), (-4.5260998e-7, 0.19575109, 0.9806536), (0.03818918, 0.19199003, 0.9806536), (0.03818917, 0.19199002, 0.9806536), (-4.2766573e-7, 0.1957511, 0.98065364), (0.12585253, 0.05212985, -0.99067837), (0.11326439, 0.075680785, -0.99067837), (0.11326438, 0.075680785, -0.99067837), (0.12585251, 0.05212985, -0.9906783), (-0.16276117, 0.108753644, 0.9806536), (-0.13841704, 0.13841721, 0.9806536), (-0.13841705, 0.13841721, 0.9806536), (-0.16276115, 0.10875365, 0.9806536), (0.03818918, 0.19199003, 0.9806536), (0.074910864, 0.18085076, 0.9806536), (0.074910834, 0.18085074, 0.9806536), (0.03818917, 0.19199002, 0.9806536), (0.13360435, 0.02657548, -0.99067837), (0.12585253, 0.05212985, -0.99067837), (0.12585251, 0.05212985, -0.9906783), (0.13360432, 0.026575489, -0.9906783), (-0.13841704, 0.13841721, 0.9806536), (-0.108753674, 0.16276146, 0.9806535), (-0.10875368, 0.16276146, 0.9806535), (-0.13841705, 0.13841721, 0.9806536), (0.074910864, 0.18085076, 0.9806536), (0.10875357, 0.16276133, 0.9806535), (0.10875358, 0.16276136, 0.9806536), (0.074910834, 0.18085074, 0.9806536), (0.13622189, -6.365692e-8, -0.99067837), (0.13360435, 0.02657548, -0.99067837), (0.13360432, 0.026575489, -0.9906783), (0.13622187, -5.3093792e-8, -0.9906783), (-0.108753674, 0.16276146, 0.9806535), (-0.07491088, 0.18085074, 0.9806536), (-0.07491087, 0.18085076, 0.9806536), (-0.10875368, 0.16276146, 0.9806535), (0.10875357, 0.16276133, 0.9806535), (0.13841712, 0.13841702, 0.9806536), (0.13841712, 0.13841704, 0.9806536), (0.10875358, 0.16276136, 0.9806536), (0.13360444, -0.026575563, -0.99067837), (0.13622189, -6.365692e-8, -0.99067837), (0.13622187, -5.3093792e-8, -0.9906783), (0.13360444, -0.026575556, -0.99067837), (-0.038189545, 0.19198981, 0.98065364), (-0.038189486, 0.19198981, 0.9806536), (-0.07491087, 0.18085076, 0.9806536), (-0.07491088, 0.18085074, 0.9806536), (0.13841712, 0.13841702, 0.9806536), (0.16276138, 0.10875357, 0.9806536), (0.16276139, 0.10875357, 0.9806536), (0.13841712, 0.13841704, 0.9806536), (0.12585253, -0.052129824, -0.99067837), (0.13360444, -0.026575563, -0.99067837), (0.13360444, -0.026575556, -0.99067837), (0.1258525, -0.05212982, -0.9906783), (-0.038189545, 0.19198981, 0.98065364), (-4.5260998e-7, 0.19575109, 0.9806536), (-4.2766573e-7, 0.1957511, 0.98065364), (-0.038189486, 0.19198981, 0.9806536), (0.16276138, 0.10875357, 0.9806536), (0.18085058, 0.07491084, 0.9806536), (0.18085063, 0.07491083, 0.9806536), (0.16276139, 0.10875357, 0.9806536), (0.11326418, -0.07568078, -0.99067837), (0.12585253, -0.052129824, -0.99067837), (0.1258525, -0.05212982, -0.9906783), (0.11326419, -0.07568076, -0.99067837), (-0.02657556, -0.13360432, -0.99067837), (2.937151e-7, -0.13622175, -0.99067837), (2.863277e-7, -0.13622177, -0.99067837), (-0.026575536, -0.13360432, -0.9906783), (0.19198988, 0.038189214, 0.9806536), (0.19198987, 0.038189206, 0.9806536), (0.18085063, 0.07491083, 0.9806536), (0.18085058, 0.07491084, 0.9806536), (0.09632326, -0.09632338, -0.99067837), (0.11326418, -0.07568078, -0.99067837), (0.11326419, -0.07568076, -0.99067837), (0.096323274, -0.09632336, -0.99067837), (-0.05212988, -0.12585256, -0.99067837), (-0.02657556, -0.13360432, -0.99067837), (-0.026575536, -0.13360432, -0.9906783), (-0.052129887, -0.12585256, -0.9906783), (0.19198988, 0.038189214, 0.9806536), (0.19575131, 5.0290037e-8, 0.9806536), (0.19575132, 4.2956017e-8, 0.9806536), (0.19198987, 0.038189206, 0.9806536), (0.07568075, -0.11326433, -0.99067837), (0.09632326, -0.09632338, -0.99067837), (0.096323274, -0.09632336, -0.99067837), (0.075680755, -0.11326433, -0.9906783), (-0.07568078, -0.11326426, -0.99067837), (-0.05212988, -0.12585256, -0.99067837), (-0.052129887, -0.12585256, -0.9906783), (-0.07568078, -0.11326426, -0.9906783), (0.19575131, 5.0290037e-8, 0.9806536), (0.19198997, -0.03818921, 0.9806535), (0.19198996, -0.0381892, 0.9806536), (0.19575132, 4.2956017e-8, 0.9806536), (0.052129865, -0.12585263, -0.99067837), (0.07568075, -0.11326433, -0.99067837), (0.075680755, -0.11326433, -0.9906783), (0.052129854, -0.12585263, -0.99067837), (-0.096323304, -0.096323326, -0.99067837), (-0.07568078, -0.11326426, -0.99067837), (-0.07568078, -0.11326426, -0.9906783), (-0.09632328, -0.09632333, -0.9906783), (0.19198997, -0.03818921, 0.9806535), (0.18085071, -0.07491079, 0.9806536), (0.18085073, -0.0749108, 0.9806536), (0.19198996, -0.0381892, 0.9806536), (0.052129865, -0.12585263, -0.99067837), (0.052129854, -0.12585263, -0.99067837), (0.02657578, -0.13360439, -0.9906784), (0.026575806, -0.13360439, -0.99067837), (-0.113264255, -0.075680725, -0.99067837), (-0.096323304, -0.096323326, -0.99067837), (-0.09632328, -0.09632333, -0.9906783), (-0.11326425, -0.07568073, -0.9906783), (-0.0000020483428, -0.9988529, 0.047883183), (-0.19486804, -0.97966003, 0.047881857), (-0.19509205, -0.980785, 1.0718385e-7), (-0.0000019350523, -1, 2.1436759e-7), (-0.0000013502996, -0.83268213, 0.55375123), (-0.0000019785748, -0.96058166, 0.27799788), (0.18740015, -0.9421244, 0.2779979), (0.16244736, -0.81668264, 0.55375123), (-8.2957774e-7, -0.68104744, 0.7322393), (-0.0000013502996, -0.83268213, 0.55375123), (0.16244736, -0.81668264, 0.55375123), (0.13286458, -0.66796154, 0.73223925), (0.10136982, -0.50962406, 0.85440475), (0.13286458, -0.66796154, 0.73223925), (0.26062554, -0.62920594, 0.7322392), (0.19884531, -0.48005494, 0.8544049), (0.38224456, -0.92281985, 0.047881804), (0.19486697, -0.97966015, 0.04788308), (0.19509068, -0.98078525, 1.0718366e-7), (0.38268363, -0.92387944, 1.0718364e-7), (0.16244736, -0.81668264, 0.55375123), (0.18740015, -0.9421244, 0.2779979), (0.36759874, -0.8874618, 0.2779977), (0.3186538, -0.7692985, 0.5537505), (0.13286458, -0.66796154, 0.73223925), (0.16244736, -0.81668264, 0.55375123), (0.3186538, -0.7692985, 0.5537505), (0.26062554, -0.62920594, 0.7322392), (0.19884531, -0.48005494, 0.8544049), (0.26062554, -0.62920594, 0.7322392), (0.3783698, -0.5662705, 0.73223907), (0.2886784, -0.43203795, 0.85440505), (0.3186538, -0.7692985, 0.5537505), (0.36759874, -0.8874618, 0.2779977), (0.5336707, -0.79869443, 0.27799764), (0.46261376, -0.6923505, 0.5537503), (0.26062554, -0.62920594, 0.7322392), (0.3186538, -0.7692985, 0.5537505), (0.46261376, -0.6923505, 0.5537503), (0.3783698, -0.5662705, 0.73223907), (0.2886784, -0.43203795, 0.85440505), (0.3783698, -0.5662705, 0.73223907), (0.48157358, -0.48157322, 0.7322391), (0.36741817, -0.367418, 0.854405), (0.5549332, -0.83051586, 0.047882464), (0.38224456, -0.92281985, 0.047881804), (0.38268363, -0.92387944, 1.0718364e-7), (0.55557024, -0.83146954, 1.6077551e-7), (0.70629597, -0.7062954, 0.04788494), (0.5549332, -0.83051586, 0.047882464), (0.55557024, -0.83146954, 1.6077551e-7), (0.7071069, -0.7071067, 5.3591872e-8), (0.46261376, -0.6923505, 0.5537503), (0.5336707, -0.79869443, 0.27799764), (0.67923415, -0.6792336, 0.2779975), (0.5887959, -0.58879554, 0.55375016), (0.3783698, -0.5662705, 0.73223907), (0.46261376, -0.6923505, 0.5537503), (0.5887959, -0.58879554, 0.55375016), (0.48157358, -0.48157322, 0.7322391), (0.36741817, -0.367418, 0.854405), (0.48157358, -0.48157322, 0.7322391), (0.5662704, -0.37836954, 0.73223925), (0.43203804, -0.2886784, 0.8544049), (0.5887959, -0.58879554, 0.55375016), (0.67923415, -0.6792336, 0.2779975), (0.7986948, -0.5336703, 0.27799731), (0.69235075, -0.46261358, 0.55375), (0.48157358, -0.48157322, 0.7322391), (0.5887959, -0.58879554, 0.55375016), (0.69235075, -0.46261358, 0.55375), (0.5662704, -0.37836954, 0.73223925), (0.43203804, -0.2886784, 0.8544049), (0.5662704, -0.37836954, 0.73223925), (0.629206, -0.26062554, 0.7322392), (0.48005477, -0.1988452, 0.854405), (0.8305159, -0.55493253, 0.047886208), (0.70629597, -0.7062954, 0.04788494), (0.7071069, -0.7071067, 5.3591872e-8), (0.83146983, -0.5555698, 0), (0.9228198, -0.38224426, 0.047885373), (0.8305159, -0.55493253, 0.047886208), (0.83146983, -0.5555698, 0), (0.9238796, -0.3826833, 0), (0.69235075, -0.46261358, 0.55375), (0.7986948, -0.5336703, 0.27799731), (0.88746196, -0.36759835, 0.27799746), (0.76929885, -0.3186537, 0.5537501), (0.5662704, -0.37836954, 0.73223925), (0.69235075, -0.46261358, 0.55375), (0.76929885, -0.3186537, 0.5537501), (0.629206, -0.26062554, 0.7322392), (0.48005477, -0.1988452, 0.854405), (0.629206, -0.26062554, 0.7322392), (0.66858655, -0.12971652, 0.7322334), (0.5102957, -0.098695196, 0.85431695), (0.629206, -0.26062554, 0.7322392), (0.76929885, -0.3186537, 0.5537501), (0.8173671, -0.15898858, 0.55374503), (0.66858655, -0.12971652, 0.7322334), (0.5102957, 0.09869527, 0.85431707), (0.6685865, 0.12971678, 0.7322333), (0.629206, 0.26062575, 0.7322391), (0.48005491, 0.19884554, 0.8544049), (0.9804107, -0.1910519, 0.0478971), (0.9228198, -0.38224426, 0.047885373), (0.9238796, -0.3826833, 0), (0.9815392, -0.19126108, 0), (0.76929885, -0.3186537, 0.5537501), (0.88746196, -0.36759835, 0.27799746), (0.94286937, -0.18365024, 0.27797472), (0.8173671, -0.15898858, 0.55374503), (0.99885404, -1.9124743e-8, 0.047859754), (0.9804107, -0.1910519, 0.0478971), (0.9815392, -0.19126108, 0), (1, -2.8575725e-8, -5.8616054e-9), (0.96056944, 1.8314077e-7, 0.27804017), (0.8326808, 3.3779546e-8, 0.5537531), (0.8173671, -0.15898858, 0.55374503), (0.94286937, -0.18365024, 0.27797472), (0.8326808, 3.3779546e-8, 0.5537531), (0.6810436, 1.0555928e-7, 0.7322429), (0.66858655, -0.12971652, 0.7322334), (0.8173671, -0.15898858, 0.55374503), (0.5102957, -0.098695196, 0.85431695), (0.66858655, -0.12971652, 0.7322334), (0.6810436, 1.0555928e-7, 0.7322429), (0.5196691, 4.1260222e-8, 0.8543676), (0.5102957, 0.09869527, 0.85431707), (0.5196691, 4.1260222e-8, 0.8543676), (0.6810436, 1.0555928e-7, 0.7322429), (0.6685865, 0.12971678, 0.7322333), (-0.91856354, -0.38048148, 0.10712106), (-0.9191083, -0.38070738, 0.10149853), (-0.8271752, -0.5527017, 0.101498134), (-0.8266851, -0.55237377, 0.107121184), (0.817367, 0.15898871, 0.5537451), (0.8326808, 3.3779546e-8, 0.5537531), (0.96056944, 1.8314077e-7, 0.27804017), (0.94286925, 0.18365072, 0.2779748), (0.6685865, 0.12971678, 0.7322333), (0.6810436, 1.0555928e-7, 0.7322429), (0.8326808, 3.3779546e-8, 0.5537531), (0.817367, 0.15898871, 0.5537451), (0.9228197, 0.38224444, 0.047885075), (0.9804106, 0.19105202, 0.047898017), (0.98153925, 0.19126092, 7.534987e-9), (0.92387944, 0.38268366, -6.698977e-8), (0.817367, 0.15898871, 0.5537451), (0.94286925, 0.18365072, 0.2779748), (0.8874617, 0.36759892, 0.27799788), (0.76929873, 0.31865385, 0.55375016), (0.6685865, 0.12971678, 0.7322333), (0.817367, 0.15898871, 0.5537451), (0.76929873, 0.31865385, 0.55375016), (0.629206, 0.26062575, 0.7322391), (0.48005491, 0.19884554, 0.8544049), (0.629206, 0.26062575, 0.7322391), (0.5662703, 0.37836984, 0.7322392), (0.43203795, 0.28867874, 0.8544049), (0.43203795, 0.28867874, 0.8544049), (0.5662703, 0.37836984, 0.7322392), (0.48157337, 0.48157355, 0.732239), (0.36741835, 0.3674182, 0.85440475), (0.83051586, 0.5549329, 0.04788417), (0.9228197, 0.38224444, 0.047885075), (0.92387944, 0.38268366, -6.698977e-8), (0.83146954, 0.55557036, -2.4116312e-7), (0.76929873, 0.31865385, 0.55375016), (0.8874617, 0.36759892, 0.27799788), (0.7986944, 0.5336708, 0.2779978), (0.6923505, 0.46261385, 0.55375004), (0.629206, 0.26062575, 0.7322391), (0.76929873, 0.31865385, 0.55375016), (0.6923505, 0.46261385, 0.55375004), (0.5662703, 0.37836984, 0.7322392), (0.7062953, 0.70629597, 0.04788483), (0.83051586, 0.5549329, 0.04788417), (0.83146954, 0.55557036, -2.4116312e-7), (0.70710653, 0.70710707, -2.1436728e-7), (0.6923505, 0.46261385, 0.55375004), (0.7986944, 0.5336708, 0.2779978), (0.6792338, 0.679234, 0.2779977), (0.58879596, 0.5887959, 0.55374974), (0.5662703, 0.37836984, 0.7322392), (0.6923505, 0.46261385, 0.55375004), (0.58879596, 0.5887959, 0.55374974), (0.48157337, 0.48157355, 0.732239), (0.36741835, 0.3674182, 0.85440475), (0.48157337, 0.48157355, 0.732239), (0.37836972, 0.56627077, 0.7322389), (0.2886786, 0.43203822, 0.85440487), (0.5549329, 0.8305158, 0.047884963), (0.7062953, 0.70629597, 0.04788483), (0.70710653, 0.70710707, -2.1436728e-7), (0.5555702, 0.8314697, 5.359178e-8), (0.58879596, 0.5887959, 0.55374974), (0.6792338, 0.679234, 0.2779977), (0.53367037, 0.7986947, 0.2779976), (0.462614, 0.69235086, 0.5537496), (0.48157337, 0.48157355, 0.732239), (0.58879596, 0.5887959, 0.55374974), (0.462614, 0.69235086, 0.5537496), (0.37836972, 0.56627077, 0.7322389), (0.2886786, 0.43203822, 0.85440487), (0.37836972, 0.56627077, 0.7322389), (0.26062533, 0.6292063, 0.732239), (0.19884506, 0.4800551, 0.8544049), (0.3822452, 0.92281944, 0.047884338), (0.5549329, 0.8305158, 0.047884963), (0.5555702, 0.8314697, 5.359178e-8), (0.38268378, 0.92387944, 1.07183666e-7), (0.462614, 0.69235086, 0.5537496), (0.53367037, 0.7986947, 0.2779976), (0.36759824, 0.88746184, 0.27799803), (0.3186537, 0.76929915, 0.5537496), (0.37836972, 0.56627077, 0.7322389), (0.462614, 0.69235086, 0.5537496), (0.3186537, 0.76929915, 0.5537496), (0.26062533, 0.6292063, 0.732239), (0.19884506, 0.4800551, 0.8544049), (0.26062533, 0.6292063, 0.732239), (0.13286586, 0.6679618, 0.7322388), (0.101370536, 0.50962377, 0.85440487), (0.19486614, 0.9796603, 0.047884256), (0.3822452, 0.92281944, 0.047884338), (0.38268378, 0.92387944, 1.07183666e-7), (0.19508977, 0.98078537, -1.0718363e-7), (0.3186537, 0.76929915, 0.5537496), (0.36759824, 0.88746184, 0.27799803), (0.18739998, 0.9421243, 0.27799824), (0.16244842, 0.8166834, 0.55374974), (0.26062533, 0.6292063, 0.732239), (0.3186537, 0.76929915, 0.5537496), (0.16244842, 0.8166834, 0.55374974), (0.13286586, 0.6679618, 0.7322388), (0.101370536, 0.50962377, 0.85440487), (0.13286586, 0.6679618, 0.7322388), (-1.9208755e-7, 0.6810479, 0.7322388), (-1.8309865e-7, 0.519608, 0.85440475), (0.16244842, 0.8166834, 0.55374974), (0.18739998, 0.9421243, 0.27799824), (-2.4457028e-8, 0.9605816, 0.27799812), (7.3674684e-8, 0.8326829, 0.55375004), (0.13286586, 0.6679618, 0.7322388), (0.16244842, 0.8166834, 0.55374974), (7.3674684e-8, 0.8326829, 0.55375004), (-1.9208755e-7, 0.6810479, 0.7322388), (-1.8309865e-7, 0.519608, 0.85440475), (-1.9208755e-7, 0.6810479, 0.7322388), (-0.13286644, 0.6679616, 0.73223895), (-0.10137092, 0.5096241, 0.8544046), (-5.910522e-7, 0.9988528, 0.047886796), (0.19486614, 0.9796603, 0.047884256), (0.19508977, 0.98078537, -1.0718363e-7), (-5.671703e-7, 1, -1.0718363e-7), (-0.19486643, 0.97966, 0.04788808), (-5.910522e-7, 0.9988528, 0.047886796), (-5.671703e-7, 1, -1.0718363e-7), (-0.19509034, 0.9807853, -1.0718365e-7), (7.3674684e-8, 0.8326829, 0.55375004), (-2.4457028e-8, 0.9605816, 0.27799812), (-0.18740036, 0.94212425, 0.277998), (-0.16244859, 0.816683, 0.55375016), (-1.9208755e-7, 0.6810479, 0.7322388), (7.3674684e-8, 0.8326829, 0.55375004), (-0.16244859, 0.816683, 0.55375016), (-0.13286644, 0.6679616, 0.73223895), (-0.10137092, 0.5096241, 0.8544046), (-0.13286644, 0.6679616, 0.73223895), (-0.26062602, 0.6292059, 0.73223907), (-0.19884554, 0.48005542, 0.8544046), (-0.16244859, 0.816683, 0.55375016), (-0.18740036, 0.94212425, 0.277998), (-0.36759892, 0.8874617, 0.27799764), (-0.31865412, 0.76929855, 0.5537501), (-0.13286644, 0.6679616, 0.73223895), (-0.16244859, 0.816683, 0.55375016), (-0.31865412, 0.76929855, 0.5537501), (-0.26062602, 0.6292059, 0.73223907), (-0.19884554, 0.48005542, 0.8544046), (-0.26062602, 0.6292059, 0.73223907), (-0.37837005, 0.5662705, 0.73223895), (-0.28867906, 0.43203852, 0.8544045), (-0.38224497, 0.9228194, 0.04788679), (-0.19486643, 0.97966, 0.04788808), (-0.19509034, 0.9807853, -1.0718365e-7), (-0.38268384, 0.9238794, -1.07183666e-7), (-0.55493397, 0.830515, 0.047886163), (-0.38224497, 0.9228194, 0.04788679), (-0.38268384, 0.9238794, -1.07183666e-7), (-0.55557084, 0.83146924, -5.359187e-8), (-0.31865412, 0.76929855, 0.5537501), (-0.36759892, 0.8874617, 0.27799764), (-0.5336711, 0.7986942, 0.27799773), (-0.46261403, 0.6923503, 0.5537502), (-0.26062602, 0.6292059, 0.73223907), (-0.31865412, 0.76929855, 0.5537501), (-0.46261403, 0.6923503, 0.5537502), (-0.37837005, 0.5662705, 0.73223895), (-0.28867906, 0.43203852, 0.8544045), (-0.37837005, 0.5662705, 0.73223895), (-0.48157367, 0.4815733, 0.73223895), (-0.36741886, 0.36741847, 0.85440445), (-0.37837005, 0.5662705, 0.73223895), (-0.46261403, 0.6923503, 0.5537502), (-0.58879584, 0.5887957, 0.55375), (-0.48157367, 0.4815733, 0.73223895), (-0.36741886, 0.36741847, 0.85440445), (-0.48157367, 0.4815733, 0.73223895), (-0.56627035, 0.37836942, 0.73223937), (-0.4320387, 0.2886788, 0.85440445), (-0.70629585, 0.70629543, 0.047884252), (-0.55493397, 0.830515, 0.047886163), (-0.55557084, 0.83146924, -5.359187e-8), (-0.70710707, 0.7071066, -1.6077557e-7), (-0.46261403, 0.6923503, 0.5537502), (-0.5336711, 0.7986942, 0.27799773), (-0.67923415, 0.6792335, 0.27799773), (-0.58879584, 0.5887957, 0.55375), (-0.83051604, 0.5549328, 0.047882657), (-0.70629585, 0.70629543, 0.047884252), (-0.70710707, 0.7071066, -1.6077557e-7), (-0.83146983, 0.5555699, -1.339796e-7), (-0.58879584, 0.5887957, 0.55375), (-0.67923415, 0.6792335, 0.27799773), (-0.7986947, 0.5336706, 0.27799734), (-0.6923505, 0.4626139, 0.55375004), (-0.48157367, 0.4815733, 0.73223895), (-0.58879584, 0.5887957, 0.55375), (-0.6923505, 0.4626139, 0.55375004), (-0.56627035, 0.37836942, 0.73223937), (-0.4320387, 0.2886788, 0.85440445), (-0.56627035, 0.37836942, 0.73223937), (-0.6292057, 0.26062542, 0.7322394), (-0.48005572, 0.19884561, 0.85440445), (-0.48005572, 0.19884561, 0.85440445), (-0.6292057, 0.26062542, 0.7322394), (-0.6685837, 0.12972882, 0.73223376), (-0.51029396, 0.098705776, 0.85431683), (-0.92282015, 0.38224366, 0.04788298), (-0.83051604, 0.5549328, 0.047882657), (-0.83146983, 0.5555699, -1.339796e-7), (-0.9238798, 0.38268283, -4.0193882e-8), (-0.6923505, 0.4626139, 0.55375004), (-0.7986947, 0.5336706, 0.27799734), (-0.88746214, 0.36759856, 0.2779971), (-0.7692986, 0.31865397, 0.55375016), (-0.56627035, 0.37836942, 0.73223937), (-0.6923505, 0.4626139, 0.55375004), (-0.7692986, 0.31865397, 0.55375016), (-0.6292057, 0.26062542, 0.7322394), (-0.9804079, 0.19106647, 0.04789538), (-0.92282015, 0.38224366, 0.04788298), (-0.9238798, 0.38268283, -4.0193882e-8), (-0.9815364, 0.19127543, 2.432132e-8), (-0.7692986, 0.31865397, 0.55375016), (-0.88746214, 0.36759856, 0.2779971), (-0.9428666, 0.18366493, 0.2779741), (-0.81736434, 0.15900213, 0.5537452), (-0.6292057, 0.26062542, 0.7322394), (-0.7692986, 0.31865397, 0.55375016), (-0.81736434, 0.15900213, 0.5537452), (-0.6685837, 0.12972882, 0.73223376), (-0.5102941, -0.09870546, 0.8543168), (-0.668584, -0.1297285, 0.73223364), (-0.6292059, -0.26062566, 0.7322391), (-0.48005566, -0.1988457, 0.85440445), (-0.9988542, 4.183552e-7, 0.04785789), (-0.9804079, 0.19106647, 0.04789538), (-0.9815364, 0.19127543, 2.432132e-8), (-1, 4.8102595e-7, 8.122512e-8), (-0.9605697, 1.9901417e-7, 0.2780394), (-0.8326807, 2.9557236e-7, 0.55375344), (-0.81736434, 0.15900213, 0.5537452), (-0.9428666, 0.18366493, 0.2779741), (-0.8326807, 2.9557236e-7, 0.55375344), (-0.6810433, 2.0872015e-7, 0.7322432), (-0.6685837, 0.12972882, 0.73223376), (-0.81736434, 0.15900213, 0.5537452), (-0.6810433, 2.0872015e-7, 0.7322432), (-0.5196697, 3.2051494e-7, 0.85436726), (-0.51029396, 0.098705776, 0.85431683), (-0.6685837, 0.12972882, 0.73223376), (-0.8173644, -0.15900174, 0.5537453), (-0.8326807, 2.9557236e-7, 0.55375344), (-0.9605697, 1.9901417e-7, 0.2780394), (-0.9428666, -0.18366514, 0.2779743), (-0.668584, -0.1297285, 0.73223364), (-0.6810433, 2.0872015e-7, 0.7322432), (-0.8326807, 2.9557236e-7, 0.55375344), (-0.8173644, -0.15900174, 0.5537453), (-0.5102941, -0.09870546, 0.8543168), (-0.5196697, 3.2051494e-7, 0.85436726), (-0.6810433, 2.0872015e-7, 0.7322432), (-0.668584, -0.1297285, 0.73223364), (-0.9228195, -0.382245, 0.04788422), (-0.9804077, -0.1910666, 0.047896627), (-0.9815363, -0.19127566, 5.6995308e-8), (-0.9238793, -0.3826839, 1.3397966e-8), (-0.8173644, -0.15900174, 0.5537453), (-0.9428666, -0.18366514, 0.2779743), (-0.8874618, -0.36759907, 0.27799726), (-0.76929855, -0.31865403, 0.5537501), (-0.668584, -0.1297285, 0.73223364), (-0.8173644, -0.15900174, 0.5537453), (-0.76929855, -0.31865403, 0.5537501), (-0.6292059, -0.26062566, 0.7322391), (-0.48005566, -0.1988457, 0.85440445), (-0.6292059, -0.26062566, 0.7322391), (-0.5662702, -0.37837002, 0.7322391), (-0.4320386, -0.28867918, 0.85440445), (-0.8305152, -0.5549338, 0.047883764), (-0.9228195, -0.382245, 0.04788422), (-0.9238793, -0.3826839, 1.3397966e-8), (-0.83146936, -0.55557066, 0), (-0.76929855, -0.31865403, 0.5537501), (-0.8874618, -0.36759907, 0.27799726), (-0.79869443, -0.53367096, 0.2779973), (-0.6923504, -0.462614, 0.55375004), (-0.6292059, -0.26062566, 0.7322391), (-0.76929855, -0.31865403, 0.5537501), (-0.6923504, -0.462614, 0.55375004), (-0.5662702, -0.37837002, 0.7322391), (-0.4320386, -0.28867918, 0.85440445), (-0.5662702, -0.37837002, 0.7322391), (-0.48157308, -0.48157346, 0.7322393), (-0.36741853, -0.36741886, 0.8544045), (-0.70629543, -0.70629585, 0.04788368), (-0.8305152, -0.5549338, 0.047883764), (-0.83146936, -0.55557066, 0), (-0.7071065, -0.7071071, 0), (-0.6923504, -0.462614, 0.55375004), (-0.79869443, -0.53367096, 0.2779973), (-0.67923355, -0.6792343, 0.2779971), (-0.58879566, -0.5887959, 0.55375004), (-0.5662702, -0.37837002, 0.7322391), (-0.6923504, -0.462614, 0.55375004), (-0.58879566, -0.5887959, 0.55375004), (-0.48157308, -0.48157346, 0.7322393), (-0.36741853, -0.36741886, 0.8544045), (-0.48157308, -0.48157346, 0.7322393), (-0.37836942, -0.5662704, 0.7322393), (-0.28867874, -0.43203875, 0.85440445), (-0.58879566, -0.5887959, 0.55375004), (-0.67923355, -0.6792343, 0.2779971), (-0.53367025, -0.798695, 0.27799687), (-0.46261364, -0.6923508, 0.5537499), (-0.48157308, -0.48157346, 0.7322393), (-0.58879566, -0.5887959, 0.55375004), (-0.46261364, -0.6923508, 0.5537499), (-0.37836942, -0.5662704, 0.7322393), (-0.28867874, -0.43203875, 0.85440445), (-0.37836942, -0.5662704, 0.7322393), (-0.2606256, -0.6292058, 0.73223925), (-0.19884531, -0.48005566, 0.85440445), (-0.5549332, -0.8305157, 0.04788371), (-0.70629543, -0.70629585, 0.04788368), (-0.7071065, -0.7071071, 0), (-0.55556995, -0.83146983, 1.0718376e-7), (-0.38224396, -0.92282, 0.047883116), (-0.5549332, -0.8305157, 0.04788371), (-0.55556995, -0.83146983, 1.0718376e-7), (-0.38268292, -0.92387974, 1.0718376e-7), (-0.46261364, -0.6923508, 0.5537499), (-0.53367025, -0.798695, 0.27799687), (-0.3675985, -0.88746226, 0.27799678), (-0.3186541, -0.76929903, 0.5537497), (-0.37836942, -0.5662704, 0.7322393), (-0.46261364, -0.6923508, 0.5537499), (-0.3186541, -0.76929903, 0.5537497), (-0.2606256, -0.6292058, 0.73223925), (-0.19884531, -0.48005566, 0.85440445), (-0.2606256, -0.6292058, 0.73223925), (-0.13286549, -0.66796136, 0.73223925), (-0.10137031, -0.5096243, 0.8544045), (-0.2606256, -0.6292058, 0.73223925), (-0.3186541, -0.76929903, 0.5537497), (-0.162449, -0.81668293, 0.5537502), (-0.13286549, -0.66796136, 0.73223925), (-0.10137031, -0.5096243, 0.8544045), (-0.13286549, -0.66796136, 0.73223925), (-8.2957774e-7, -0.68104744, 0.7322393), (-6.988864e-7, -0.5196084, 0.8544045), (-0.19486804, -0.97966003, 0.047881857), (-0.38224396, -0.92282, 0.047883116), (-0.38268292, -0.92387974, 1.0718376e-7), (-0.19509205, -0.980785, 1.0718385e-7), (-0.3186541, -0.76929903, 0.5537497), (-0.3675985, -0.88746226, 0.27799678), (-0.18740174, -0.94212425, 0.27799731), (-0.162449, -0.81668293, 0.5537502), (-0.000002137495, -0.99424595, 0.10712127), (-0.0000019881054, -0.9948357, 0.101498194), (0.1940831, -0.9757203, 0.10149749), (0.19396804, -0.9751418, 0.10712044), (-0.162449, -0.81668293, 0.5537502), (-0.18740174, -0.94212425, 0.27799731), (-0.0000019785748, -0.96058166, 0.27799788), (-0.0000013502996, -0.83268213, 0.55375123), (-0.13286549, -0.66796136, 0.73223925), (-0.162449, -0.81668293, 0.5537502), (-0.0000013502996, -0.83268213, 0.55375123), (-8.2957774e-7, -0.68104744, 0.7322393), (0.6926151, 0.13527048, -0.70850986), (0.7065032, -9.908592e-9, -0.7077098), (0.7065033, -2.738995e-8, -0.70770985), (0.6926613, 0.1350409, -0.70850855), (-6.988864e-7, -0.5196084, 0.8544045), (-8.2957774e-7, -0.68104744, 0.7322393), (0.13286458, -0.66796154, 0.73223925), (0.10136982, -0.50962406, 0.85440475), (0.70303756, 0.7030385, 0.10712137), (0.70345443, 0.7034556, 0.10149946), (0.5527012, 0.8271755, 0.101499274), (0.55237335, 0.8266854, 0.10712108), (0.5523736, -0.82668537, 0.10712021), (0.5527012, -0.8271759, 0.10149643), (0.7034553, -0.70345485, 0.10149839), (0.70303833, -0.7030381, 0.10711969), (-0.97589034, -0.19014364, 0.10716139), (-0.9942547, 8.3341725e-8, 0.10703974), (-0.99484336, 1.5244898e-7, 0.101423524), (-0.976465, -0.1902804, 0.10153548), (0.91856354, -0.38048136, 0.107120216), (0.91910845, -0.38070667, 0.10149927), (0.9764679, -0.19026548, 0.10153516), (0.9758933, -0.19012862, 0.10716067), (-0.7030376, -0.70303845, 0.10712153), (-0.70345473, -0.7034554, 0.10149844), (-0.55270135, -0.82717544, 0.1014984), (-0.5523732, -0.8266854, 0.10712148), (0.38048163, 0.9185634, 0.10712164), (0.38070783, 0.91910803, 0.10149874), (0.19408259, 0.97572017, 0.10149988), (0.19396743, 0.97514176, 0.107122876), (0.8266855, -0.55237347, 0.107119836), (0.8271757, -0.55270076, 0.10149977), (0.91910845, -0.38070667, 0.10149927), (0.91856354, -0.38048136, 0.107120216), (-0.19396806, 0.97514176, 0.10712102), (-0.1940828, 0.97571987, 0.10150234), (-0.38070738, 0.9191078, 0.1015021), (-0.38048172, 0.9185633, 0.10712198), (0.9185634, 0.38048148, 0.10712129), (0.9191083, 0.38070697, 0.101499684), (0.82717556, 0.5527013, 0.10149875), (0.82668513, 0.5523737, 0.10712139), (-0.97589034, -0.19014364, 0.10716139), (-0.976465, -0.1902804, 0.10153548), (-0.9191083, -0.38070738, 0.10149853), (-0.91856354, -0.38048148, 0.10712106), (-4.5752398e-7, 0.99424595, 0.107121564), (-6.5793375e-7, 0.9948354, 0.10150152), (-0.1940828, 0.97571987, 0.10150234), (-0.19396806, 0.97514176, 0.10712102), (0.9942548, 2.9288583e-7, 0.10703881), (0.96056944, 1.8314077e-7, 0.27804017), (0.94286937, -0.18365024, 0.27797472), (0.9758933, -0.19012862, 0.10716067), (-0.5523738, 0.82668513, 0.10712129), (-0.5527016, 0.827175, 0.101500735), (-0.703455, 0.7034551, 0.10149894), (-0.70303804, 0.70303804, 0.107121624), (-0.8266851, -0.55237377, 0.107121184), (-0.8271752, -0.5527017, 0.101498134), (-0.70345473, -0.7034554, 0.10149844), (-0.7030376, -0.70303845, 0.10712153), (-0.9804077, -0.1910666, 0.047896627), (-0.9988542, 4.183552e-7, 0.04785789), (-1, 4.8102595e-7, 8.122512e-8), (-0.9815363, -0.19127566, 5.6995308e-8), (-0.5196697, 3.2051494e-7, 0.85436726), (-0.5102941, -0.09870546, 0.8543168), (-0.3573162, -0.06899403, 0.93143165), (-0.3638934, 1.6088012e-7, 0.9314406), (-0.38048172, 0.9185633, 0.10712198), (-0.38070738, 0.9191078, 0.1015021), (-0.5527016, 0.827175, 0.101500735), (-0.5523738, 0.82668513, 0.10712129), (-0.3804811, -0.91856366, 0.10712152), (-0.38070673, -0.9191085, 0.101497754), (-0.1940844, -0.97572005, 0.10149692), (-0.19396965, -0.97514135, 0.10712184), (-0.8266853, 0.5523733, 0.10712206), (-0.82717586, 0.55270094, 0.10149772), (-0.91910875, 0.3807063, 0.10149752), (-0.91856366, 0.38048103, 0.107121445), (0.82668513, 0.5523737, 0.10712139), (0.82717556, 0.5527013, 0.10149875), (0.70345443, 0.7034556, 0.10149946), (0.70303756, 0.7030385, 0.10712137), (0.55237335, 0.8266854, 0.10712108), (0.5527012, 0.8271755, 0.101499274), (0.38070783, 0.91910803, 0.10149874), (0.38048163, 0.9185634, 0.10712164), (0.9804106, 0.19105202, 0.047898017), (0.99885404, -1.9124743e-8, 0.047859754), (1, -2.8575725e-8, -5.8616054e-9), (0.98153925, 0.19126092, 7.534987e-9), (0.38048157, -0.91856354, 0.10712039), (0.38070723, -0.91910857, 0.10149595), (0.5527012, -0.8271759, 0.10149643), (0.5523736, -0.82668537, 0.10712021), (-0.9942547, 8.3341725e-8, 0.10703974), (-0.9605697, 1.9901417e-7, 0.2780394), (-0.9428666, 0.18366493, 0.2779741), (-0.97589034, 0.19014339, 0.10716132), (-0.5523732, -0.8266854, 0.10712148), (-0.55270135, -0.82717544, 0.1014984), (-0.38070673, -0.9191085, 0.101497754), (-0.3804811, -0.91856366, 0.10712152), (-0.70303804, 0.70303804, 0.107121624), (-0.703455, 0.7034551, 0.10149894), (-0.82717586, 0.55270094, 0.10149772), (-0.8266853, 0.5523733, 0.10712206), (0.19396743, 0.97514176, 0.107122876), (0.19408259, 0.97572017, 0.10149988), (-6.5793375e-7, 0.9948354, 0.10150152), (-4.5752398e-7, 0.99424595, 0.107121564), (-0.91856366, 0.38048103, 0.107121445), (-0.91910875, 0.3807063, 0.10149752), (-0.9764652, 0.19028024, 0.10153398), (-0.97589034, 0.19014339, 0.10716132), (0.70303833, -0.7030381, 0.10711969), (0.7034553, -0.70345485, 0.10149839), (0.8271757, -0.55270076, 0.10149977), (0.8266855, -0.55237347, 0.107119836), (0.19396804, -0.9751418, 0.10712044), (0.1940831, -0.9757203, 0.10149749), (0.38070723, -0.91910857, 0.10149595), (0.38048157, -0.91856354, 0.10712039), (0.19486697, -0.97966015, 0.04788308), (-0.0000020483428, -0.9988529, 0.047883183), (-0.0000019350523, -1, 2.1436759e-7), (0.19509068, -0.98078525, 1.0718366e-7), (0.13761657, -0.69184405, -0.7088113), (-0.0000013182934, -0.705398, -0.7088114), (-0.0000011861075, -0.705398, -0.7088114), (0.13761652, -0.69184405, -0.7088114), (0.26994437, -0.65170306, -0.70881104), (0.13761657, -0.69184405, -0.7088113), (0.13761652, -0.69184405, -0.7088114), (0.26994437, -0.65170306, -0.7088111), (0.39189854, -0.5865171, -0.70881116), (0.26994437, -0.65170306, -0.70881104), (0.26994437, -0.65170306, -0.7088111), (0.39189848, -0.5865171, -0.70881116), (0.4987918, -0.4987917, -0.70881134), (0.39189854, -0.5865171, -0.70881116), (0.39189848, -0.5865171, -0.70881116), (0.49879184, -0.49879166, -0.7088114), (0.5865172, -0.39189795, -0.7088113), (0.4987918, -0.4987917, -0.70881134), (0.49879184, -0.49879166, -0.7088114), (0.5865173, -0.39189795, -0.7088114), (0.65170306, -0.2699444, -0.70881116), (0.5865172, -0.39189795, -0.7088113), (0.5865173, -0.39189795, -0.7088114), (0.65170306, -0.26994434, -0.7088111), (0.6926155, -0.13527086, -0.7085093), (0.65170306, -0.2699444, -0.70881116), (0.65170306, -0.26994434, -0.7088111), (0.6926618, -0.13504128, -0.70850796), (0.6517021, 0.26994416, -0.70881194), (0.6926151, 0.13527048, -0.70850986), (0.6926613, 0.1350409, -0.70850855), (0.65170217, 0.2699442, -0.70881194), (0.58651686, 0.391898, -0.7088117), (0.6517021, 0.26994416, -0.70881194), (0.65170217, 0.2699442, -0.70881194), (0.5865166, 0.39189827, -0.7088117), (0.5865166, 0.39189827, -0.7088117), (0.49879158, 0.49879166, -0.7088115), (0.49879164, 0.49879158, -0.7088115), (0.58651686, 0.391898, -0.7088117), (0.3918977, 0.58651656, -0.708812), (0.49879164, 0.49879158, -0.7088115), (0.49879158, 0.49879166, -0.7088115), (0.39189795, 0.5865164, -0.708812), (0.39189795, 0.5865164, -0.708812), (0.26994404, 0.65170217, -0.7088121), (0.2699441, 0.6517021, -0.70881206), (0.3918977, 0.58651656, -0.708812), (0.13761613, 0.691844, -0.7088114), (0.2699441, 0.6517021, -0.70881206), (0.26994404, 0.65170217, -0.7088121), (0.13761605, 0.6918441, -0.7088114), (-3.880254e-7, 0.705398, -0.70881134), (0.13761613, 0.691844, -0.7088114), (0.13761605, 0.6918441, -0.7088114), (-3.2555386e-7, 0.70539814, -0.70881134), (-0.13761638, 0.69184375, -0.70881164), (-3.880254e-7, 0.705398, -0.70881134), (-3.2555386e-7, 0.70539814, -0.70881134), (-0.1376164, 0.6918438, -0.70881164), (-0.26994425, 0.6517024, -0.70881176), (-0.13761638, 0.69184375, -0.70881164), (-0.1376164, 0.6918438, -0.70881164), (-0.26994434, 0.6517024, -0.7088117), (-0.39189848, 0.5865163, -0.7088118), (-0.26994425, 0.6517024, -0.70881176), (-0.26994434, 0.6517024, -0.7088117), (-0.3918984, 0.5865164, -0.7088119), (-0.49879187, 0.49879155, -0.7088114), (-0.39189848, 0.5865163, -0.7088118), (-0.3918984, 0.5865164, -0.7088119), (-0.49879208, 0.4987914, -0.7088114), (-0.5865173, 0.39189795, -0.7088113), (-0.49879187, 0.49879155, -0.7088114), (-0.49879208, 0.4987914, -0.7088114), (-0.58651716, 0.39189807, -0.7088113), (-0.65170294, 0.26994368, -0.70881146), (-0.5865173, 0.39189795, -0.7088113), (-0.58651716, 0.39189807, -0.7088113), (-0.65170294, 0.2699437, -0.70881146), (-0.6926142, 0.13528088, -0.7085087), (-0.65170294, 0.26994368, -0.70881146), (-0.65170294, 0.2699437, -0.70881146), (-0.6926603, 0.13505226, -0.7085073), (-0.651703, -0.26994452, -0.7088111), (-0.6926142, -0.13528126, -0.7085087), (-0.6926603, -0.13505259, -0.7085073), (-0.65170306, -0.26994452, -0.7088111), (-0.65170306, -0.26994452, -0.7088111), (-0.5865172, -0.3918985, -0.7088111), (-0.5865172, -0.39189845, -0.7088111), (-0.651703, -0.26994452, -0.7088111), (-0.4987921, -0.4987923, -0.70881075), (-0.5865172, -0.39189845, -0.7088111), (-0.5865172, -0.3918985, -0.7088111), (-0.49879193, -0.49879247, -0.7088108), (-0.3918981, -0.5865178, -0.7088108), (-0.4987921, -0.4987923, -0.70881075), (-0.49879193, -0.49879247, -0.7088108), (-0.39189816, -0.58651775, -0.70881087), (-0.2699438, -0.65170336, -0.708811), (-0.3918981, -0.5865178, -0.7088108), (-0.39189816, -0.58651775, -0.70881087), (-0.26994386, -0.65170336, -0.70881104), (-0.13761763, -0.69184434, -0.70881087), (-0.2699438, -0.65170336, -0.708811), (-0.26994386, -0.65170336, -0.70881104), (-0.13761777, -0.6918443, -0.70881087), (-0.0000013182934, -0.705398, -0.7088114), (-0.13761763, -0.69184434, -0.70881087), (-0.13761777, -0.6918443, -0.70881087), (-0.0000011861075, -0.705398, -0.7088114), (-0.6926142, -0.13528126, -0.7085087), (-0.7065025, 1.907434e-7, -0.7077106), (-0.7065025, -2.2824675e-8, -0.70771056), (-0.6926603, -0.13505259, -0.7085073), (0.9758932, 0.19012883, 0.10716132), (0.9942548, 2.9288583e-7, 0.10703881), (0.9948433, 2.5725694e-7, 0.10142454), (0.9764677, 0.19026583, 0.101536684), (0.7065032, -9.908592e-9, -0.7077098), (0.6926155, -0.13527086, -0.7085093), (0.6926618, -0.13504128, -0.70850796), (0.7065033, -2.738995e-8, -0.70770985), (-0.7065025, 1.907434e-7, -0.7077106), (-0.6926142, 0.13528088, -0.7085087), (-0.6926603, 0.13505226, -0.7085073), (-0.7065025, -2.2824675e-8, -0.70771056), (-2.0714854e-9, 0, -1), (-2.0714854e-9, 0, -1), (-2.0714854e-9, 0, -1), (-2.0714854e-9, 0, -1), (-2.0714854e-9, 0, -1), (-2.0714854e-9, 0, -1), (-2.0714854e-9, 0, -1), (-2.0714854e-9, 0, -1), (-2.0714854e-9, 0, -1), (-2.0714854e-9, 0, -1), (-2.0714854e-9, 0, -1), (-2.0714854e-9, 0, -1), (-2.0714854e-9, 0, -1), (-2.0714854e-9, 0, -1), (-2.0714854e-9, 0, -1), (-2.0714854e-9, 0, -1), (-2.0714854e-9, 0, -1), (-2.0714854e-9, 0, -1), (-2.0714854e-9, 0, -1), (-2.0714854e-9, 0, -1), (-2.0714854e-9, 0, -1), (-2.0714854e-9, 0, -1), (-2.0714854e-9, 0, -1), (-2.0714854e-9, 0, -1), (-2.0714854e-9, 0, -1), (-2.0714854e-9, 0, -1), (-2.0714854e-9, 0, -1), (-2.0714854e-9, 0, -1), (-2.0714854e-9, 0, -1), (-2.0714854e-9, 0, -1), (-2.0714854e-9, 0, -1), (-2.0714854e-9, 0, -1), (-0.28867906, 0.43203852, 0.8544045), (-0.36741886, 0.36741847, 0.85440445), (-0.25716084, 0.25716093, 0.9315238), (-0.20204993, 0.30238917, 0.9315238), (-0.10137031, -0.5096243, 0.8544045), (-6.988864e-7, -0.5196084, 0.8544045), (-4.7921714e-7, -0.36368024, 0.93152386), (-0.07095059, -0.35669234, 0.9315238), (-0.4320387, 0.2886788, 0.85440445), (-0.48005572, 0.19884561, 0.85440445), (-0.3359969, 0.13917442, 0.9315238), (-0.30238914, 0.20205, 0.9315238), (0.10136982, -0.50962406, 0.85440475), (0.19884531, -0.48005494, 0.8544049), (0.13917427, -0.33599666, 0.93152386), (0.0709502, -0.35669225, 0.93152386), (-0.5196697, 3.2051494e-7, 0.85436726), (-0.3638934, 1.6088012e-7, 0.9314406), (-0.3573158, 0.06899418, 0.9314318), (-0.51029396, 0.098705776, 0.85431683), (0.36741817, -0.367418, 0.854405), (0.43203804, -0.2886784, 0.8544049), (0.3023891, -0.20204967, 0.93152386), (0.25716066, -0.2571606, 0.93152386), (-0.28867874, -0.43203875, 0.85440445), (-0.19884531, -0.48005566, 0.85440445), (-0.13917436, -0.3359969, 0.9315238), (-0.20204982, -0.30238926, 0.9315238), (0.5196691, 4.1260222e-8, 0.8543676), (0.5102957, 0.09869527, 0.85431707), (0.35731775, 0.06898649, 0.93143165), (0.36389375, 1.12020096e-7, 0.9314404), (0.5102957, 0.09869527, 0.85431707), (0.48005491, 0.19884554, 0.8544049), (0.33599648, 0.13917446, 0.931524), (0.35731775, 0.06898649, 0.93143165), (0.48005477, -0.1988452, 0.854405), (0.5102957, -0.098695196, 0.85431695), (0.3573179, -0.06898651, 0.9314316), (0.33599636, -0.13917431, 0.931524), (0.5196691, 4.1260222e-8, 0.8543676), (0.36389375, 1.12020096e-7, 0.9314404), (0.3573179, -0.06898651, 0.9314316), (0.5102957, -0.098695196, 0.85431695), (-6.988864e-7, -0.5196084, 0.8544045), (0.10136982, -0.50962406, 0.85440475), (0.0709502, -0.35669225, 0.93152386), (-4.7921714e-7, -0.36368024, 0.93152386), (-0.48005566, -0.1988457, 0.85440445), (-0.4320386, -0.28867918, 0.85440445), (-0.30238885, -0.20205013, 0.93152386), (-0.33599684, -0.13917461, 0.9315238), (-1.8309865e-7, 0.519608, 0.85440475), (-0.10137092, 0.5096241, 0.8544046), (-0.07095103, 0.3566923, 0.9315238), (-2.8848396e-7, 0.36368027, 0.9315238), (0.43203795, 0.28867874, 0.8544049), (0.36741835, 0.3674182, 0.85440475), (0.25716063, 0.2571607, 0.93152386), (0.30238888, 0.20204996, 0.93152386), (0.36389375, 1.12020096e-7, 0.9314404), (0.28792527, 1.3967059e-7, 0.95765287), (0.28216046, -0.054395046, 0.95782393), (0.3573179, -0.06898651, 0.9314316), (-0.5102941, -0.09870546, 0.8543168), (-0.48005566, -0.1988457, 0.85440445), (-0.33599684, -0.13917461, 0.9315238), (-0.3573162, -0.06899403, 0.93143165), (-0.36741853, -0.36741886, 0.8544045), (-0.28867874, -0.43203875, 0.85440445), (-0.20204982, -0.30238926, 0.9315238), (-0.25716057, -0.257161, 0.9315238), (0.48005491, 0.19884554, 0.8544049), (0.43203795, 0.28867874, 0.8544049), (0.30238888, 0.20204996, 0.93152386), (0.33599648, 0.13917446, 0.931524), (-0.19884554, 0.48005542, 0.8544046), (-0.28867906, 0.43203852, 0.8544045), (-0.20204993, 0.30238917, 0.9315238), (-0.13917455, 0.3359968, 0.9315238), (0.2886786, 0.43203822, 0.85440487), (0.19884506, 0.4800551, 0.8544049), (0.13917446, 0.33599672, 0.9315238), (0.20204991, 0.30238906, 0.93152386), (0.2886784, -0.43203795, 0.85440505), (0.36741817, -0.367418, 0.854405), (0.25716066, -0.2571606, 0.93152386), (0.20204948, -0.3023889, 0.93152404), (-0.19884531, -0.48005566, 0.85440445), (-0.10137031, -0.5096243, 0.8544045), (-0.07095059, -0.35669234, 0.9315238), (-0.13917436, -0.3359969, 0.9315238), (-0.4320386, -0.28867918, 0.85440445), (-0.36741853, -0.36741886, 0.8544045), (-0.25716057, -0.257161, 0.9315238), (-0.30238885, -0.20205013, 0.93152386), (0.36741835, 0.3674182, 0.85440475), (0.2886786, 0.43203822, 0.85440487), (0.20204991, 0.30238906, 0.93152386), (0.25716063, 0.2571607, 0.93152386), (0.101370536, 0.50962377, 0.85440487), (-1.8309865e-7, 0.519608, 0.85440475), (-2.8848396e-7, 0.36368027, 0.9315238), (0.070950374, 0.35669234, 0.9315238), (-0.36741886, 0.36741847, 0.85440445), (-0.4320387, 0.2886788, 0.85440445), (-0.30238914, 0.20205, 0.9315238), (-0.25716084, 0.25716093, 0.9315238), (0.43203804, -0.2886784, 0.8544049), (0.48005477, -0.1988452, 0.854405), (0.33599636, -0.13917431, 0.931524), (0.3023891, -0.20204967, 0.93152386), (0.19884506, 0.4800551, 0.8544049), (0.101370536, 0.50962377, 0.85440487), (0.070950374, 0.35669234, 0.9315238), (0.13917446, 0.33599672, 0.9315238), (-0.10137092, 0.5096241, 0.8544046), (-0.19884554, 0.48005542, 0.8544046), (-0.13917455, 0.3359968, 0.9315238), (-0.07095103, 0.3566923, 0.9315238), (0.19884531, -0.48005494, 0.8544049), (0.2886784, -0.43203795, 0.85440505), (0.20204948, -0.3023889, 0.93152404), (0.13917427, -0.33599666, 0.93152386), (-0.48005572, 0.19884561, 0.85440445), (-0.51029396, 0.098705776, 0.85431683), (-0.3573158, 0.06899418, 0.9314318), (-0.3359969, 0.13917442, 0.9315238), (-0.30238885, -0.20205013, 0.93152386), (-0.25716057, -0.257161, 0.9315238), (-0.2031879, -0.20318826, 0.9578252), (-0.2389237, -0.15964402, 0.9578253), (0.25716063, 0.2571607, 0.93152386), (0.20204991, 0.30238906, 0.93152386), (0.15964365, 0.23892392, 0.9578253), (0.20318751, 0.20318812, 0.95782536), (-0.25716057, -0.257161, 0.9315238), (-0.20204982, -0.30238926, 0.9315238), (-0.15964365, -0.23892407, 0.9578253), (-0.2031879, -0.20318826, 0.9578252), (0.20204991, 0.30238906, 0.93152386), (0.13917446, 0.33599672, 0.9315238), (0.10996481, 0.265478, 0.9578252), (0.15964365, 0.23892392, 0.9578253), (-0.20204982, -0.30238926, 0.9315238), (-0.13917436, -0.3359969, 0.9315238), (-0.10996476, -0.2654782, 0.9578251), (-0.15964365, -0.23892407, 0.9578253), (0.13917446, 0.33599672, 0.9315238), (0.070950374, 0.35669234, 0.9315238), (0.056059226, 0.28182992, 0.95782524), (0.10996481, 0.265478, 0.9578252), (-0.13917436, -0.3359969, 0.9315238), (-0.07095059, -0.35669234, 0.9315238), (-0.05605977, -0.28183007, 0.9578252), (-0.10996476, -0.2654782, 0.9578251), (0.070950374, 0.35669234, 0.9315238), (-2.8848396e-7, 0.36368027, 0.9315238), (-4.175009e-7, 0.2873514, 0.95782524), (0.056059226, 0.28182992, 0.95782524), (-0.07095059, -0.35669234, 0.9315238), (-4.7921714e-7, -0.36368024, 0.93152386), (-2.3393498e-7, -0.28735134, 0.9578252), (-0.05605977, -0.28183007, 0.9578252), (-2.8848396e-7, 0.36368027, 0.9315238), (-0.07095103, 0.3566923, 0.9315238), (-0.056060273, 0.28183, 0.9578252), (-4.175009e-7, 0.2873514, 0.95782524), (0.0709502, -0.35669225, 0.93152386), (0.13917427, -0.33599666, 0.93152386), (0.10996405, -0.26547793, 0.95782536), (0.056059167, -0.28182992, 0.9578253), (-4.7921714e-7, -0.36368024, 0.93152386), (0.0709502, -0.35669225, 0.93152386), (0.056059167, -0.28182992, 0.9578253), (-2.3393498e-7, -0.28735134, 0.9578252), (-0.07095103, 0.3566923, 0.9315238), (-0.13917455, 0.3359968, 0.9315238), (-0.10996485, 0.2654781, 0.9578252), (-0.056060273, 0.28183, 0.9578252), (0.13917427, -0.33599666, 0.93152386), (0.20204948, -0.3023889, 0.93152404), (0.15964329, -0.23892383, 0.95782536), (0.10996405, -0.26547793, 0.95782536), (-0.3638934, 1.6088012e-7, 0.9314406), (-0.28792292, 1.4304624e-7, 0.9576536), (-0.2821592, 0.054401606, 0.95782393), (-0.3573158, 0.06899418, 0.9314318), (-0.13917455, 0.3359968, 0.9315238), (-0.20204993, 0.30238917, 0.9315238), (-0.15964365, 0.23892401, 0.95782524), (-0.10996485, 0.2654781, 0.9578252), (0.20204948, -0.3023889, 0.93152404), (0.25716066, -0.2571606, 0.93152386), (0.20318793, -0.20318799, 0.9578253), (0.15964329, -0.23892383, 0.95782536), (0.18226969, 8.215795e-8, 0.98324853), (0.17857629, 0.034557804, 0.983319), (0.12012343, 0.023174798, 0.9924885), (0.12192672, 5.765972e-8, 0.99253905), (-0.20204993, 0.30238917, 0.9315238), (-0.25716084, 0.25716093, 0.9315238), (-0.20318787, 0.2031882, 0.95782524), (-0.15964365, 0.23892401, 0.95782524), (0.25716066, -0.2571606, 0.93152386), (0.3023891, -0.20204967, 0.93152386), (0.23892385, -0.15964372, 0.95782524), (0.20318793, -0.20318799, 0.9578253), (-0.25716084, 0.25716093, 0.9315238), (-0.30238914, 0.20205, 0.9315238), (-0.23892382, 0.15964381, 0.9578253), (-0.20318787, 0.2031882, 0.95782524), (0.3023891, -0.20204967, 0.93152386), (0.33599636, -0.13917431, 0.931524), (0.26547766, -0.109964564, 0.95782536), (0.23892385, -0.15964372, 0.95782524), (0.35731775, 0.06898649, 0.93143165), (0.28216043, 0.054395013, 0.95782393), (0.28792527, 1.3967059e-7, 0.95765287), (0.36389375, 1.12020096e-7, 0.9314404), (-0.30238914, 0.20205, 0.9315238), (-0.3359969, 0.13917442, 0.9315238), (-0.2654782, 0.10996453, 0.9578252), (-0.23892382, 0.15964381, 0.9578253), (0.33599636, -0.13917431, 0.931524), (0.3573179, -0.06898651, 0.9314316), (0.28216046, -0.054395046, 0.95782393), (0.26547766, -0.109964564, 0.95782536), (-0.3359969, 0.13917442, 0.9315238), (-0.3573158, 0.06899418, 0.9314318), (-0.2821592, 0.054401606, 0.95782393), (-0.2654782, 0.10996453, 0.9578252), (0.35731775, 0.06898649, 0.93143165), (0.33599648, 0.13917446, 0.931524), (0.26547796, 0.109964564, 0.9578253), (0.28216043, 0.054395013, 0.95782393), (-0.3573162, -0.06899403, 0.93143165), (-0.2821597, -0.05440145, 0.9578238), (-0.28792292, 1.4304624e-7, 0.9576536), (-0.3638934, 1.6088012e-7, 0.9314406), (-0.3573162, -0.06899403, 0.93143165), (-0.33599684, -0.13917461, 0.9315238), (-0.2654781, -0.10996476, 0.9578252), (-0.2821597, -0.05440145, 0.9578238), (0.33599648, 0.13917446, 0.931524), (0.30238888, 0.20204996, 0.93152386), (0.23892394, 0.15964393, 0.9578252), (0.26547796, 0.109964564, 0.9578253), (-0.33599684, -0.13917461, 0.9315238), (-0.30238885, -0.20205013, 0.93152386), (-0.2389237, -0.15964402, 0.9578253), (-0.2654781, -0.10996476, 0.9578252), (0.30238888, 0.20204996, 0.93152386), (0.25716063, 0.2571607, 0.93152386), (0.20318751, 0.20318812, 0.95782536), (0.23892394, 0.15964393, 0.9578252), (-0.16804259, -0.06960544, 0.9833193), (-0.15123373, -0.101051345, 0.9833194), (-0.10153239, -0.06784299, 0.9925163), (-0.11281868, -0.046731077, 0.9925161), (0.151233, 0.10105131, 0.98331946), (0.128613, 0.12861389, 0.9833195), (0.086348355, 0.086347684, 0.9925161), (0.10153493, 0.067842945, 0.992516), (-0.15123373, -0.101051345, 0.9833194), (-0.12861417, -0.12861401, 0.9833193), (-0.086347, -0.08634775, 0.99251616), (-0.10153239, -0.06784299, 0.9925163), (0.128613, 0.12861389, 0.9833195), (0.10105051, 0.15123394, 0.98331946), (0.067842185, 0.10153411, 0.99251616), (0.086348355, 0.086347684, 0.9925161), (-0.12861417, -0.12861401, 0.9833193), (-0.10105255, -0.15123397, 0.9833192), (-0.067844294, -0.10153411, 0.992516), (-0.086347, -0.08634775, 0.99251616), (0.10105051, 0.15123394, 0.98331946), (0.069604196, 0.16804206, 0.98331946), (0.04673073, 0.11281865, 0.9925161), (0.067842185, 0.10153411, 0.99251616), (-0.10105255, -0.15123397, 0.9833192), (-0.06960563, -0.16804218, 0.98331934), (-0.046732515, -0.11281875, 0.992516), (-0.067844294, -0.10153411, 0.992516), (0.069604196, 0.16804206, 0.98331946), (0.035483964, 0.1783925, 0.98331934), (0.023824638, 0.11976763, 0.9925161), (0.04673073, 0.11281865, 0.9925161), (-0.06960563, -0.16804218, 0.98331934), (-0.03548306, -0.17839266, 0.98331934), (-0.023822153, -0.11976769, 0.99251616), (-0.046732515, -0.11281875, 0.992516), (0.035483964, 0.1783925, 0.98331934), (-6.084262e-7, 0.18188746, 0.98331934), (6.684777e-7, 0.12211404, 0.9925161), (0.023824638, 0.11976763, 0.9925161), (-0.03548306, -0.17839266, 0.98331934), (8.339788e-7, -0.18188752, 0.9833194), (0.0000014228558, -0.12211403, 0.9925161), (-0.023822153, -0.11976769, 0.99251616), (-6.084262e-7, 0.18188746, 0.98331934), (-0.035485625, 0.17839259, 0.98331934), (-0.023824524, 0.119767636, 0.9925161), (6.684777e-7, 0.12211404, 0.9925161), (0.035485383, -0.17839251, 0.98331934), (0.0696061, -0.16804199, 0.9833193), (0.046730738, -0.11281859, 0.99251616), (0.023823388, -0.11976766, 0.9925161), (8.339788e-7, -0.18188752, 0.9833194), (0.035485383, -0.17839251, 0.98331934), (0.023823388, -0.11976766, 0.9925161), (0.0000014228558, -0.12211403, 0.9925161), (-0.035485625, 0.17839259, 0.98331934), (-0.069605656, 0.16804217, 0.98331934), (-0.046731528, 0.1128187, 0.9925161), (-0.023824524, 0.119767636, 0.9925161), (0.0696061, -0.16804199, 0.9833193), (0.10104984, -0.15123384, 0.9833195), (0.06784185, -0.10153409, 0.9925162), (0.046730738, -0.11281859, 0.99251616), (-0.069605656, 0.16804217, 0.98331934), (-0.10105096, 0.15123399, 0.98331946), (-0.06784245, 0.101534136, 0.99251616), (-0.046731528, 0.1128187, 0.9925161), (0.10104984, -0.15123384, 0.9833195), (0.12861268, -0.12861374, 0.9833195), (0.086346194, -0.0863476, 0.9925162), (0.06784185, -0.10153409, 0.9925162), (-0.10105096, 0.15123399, 0.98331946), (-0.12861417, 0.12861393, 0.9833193), (-0.08634799, 0.086347714, 0.992516), (-0.06784245, 0.101534136, 0.99251616), (0.12861268, -0.12861374, 0.9833195), (0.15123348, -0.1010511, 0.98331946), (0.10153369, -0.067842804, 0.99251616), (0.086346194, -0.0863476, 0.9925162), (-0.18226828, 1.8752618e-7, 0.9832489), (-0.17857574, -0.034561392, 0.983319), (-0.12012279, -0.023177339, 0.9924884), (-0.12192744, 1.123473e-7, 0.992539), (-0.12861417, 0.12861393, 0.9833193), (-0.15123375, 0.10105137, 0.98331934), (-0.10153436, 0.067843, 0.9925161), (-0.08634799, 0.086347714, 0.992516), (0.15123348, -0.1010511, 0.98331946), (0.16804141, -0.06960531, 0.98331946), (0.112819314, -0.046731006, 0.9925161), (0.10153369, -0.067842804, 0.99251616), (-0.18226828, 1.8752618e-7, 0.9832489), (-0.12192744, 1.123473e-7, 0.992539), (-0.12012238, 0.023177357, 0.9924885), (-0.1785758, 0.034561437, 0.9833189), (-0.15123375, 0.10105137, 0.98331934), (-0.16804157, 0.06960539, 0.98331946), (-0.11281843, 0.04673106, 0.99251616), (-0.10153436, 0.067843, 0.9925161), (0.16804141, -0.06960531, 0.98331946), (0.17857578, -0.034557816, 0.98331916), (0.12012353, -0.023174806, 0.9924884), (0.112819314, -0.046731006, 0.9925161), (0.18226969, 8.215795e-8, 0.98324853), (0.12192672, 5.765972e-8, 0.99253905), (0.12012353, -0.023174806, 0.9924884), (0.17857578, -0.034557816, 0.98331916), (-0.16804157, 0.06960539, 0.98331946), (-0.1785758, 0.034561437, 0.9833189), (-0.12012238, 0.023177357, 0.9924885), (-0.11281843, 0.04673106, 0.99251616), (0.17857629, 0.034557804, 0.983319), (0.16804184, 0.06960533, 0.9833194), (0.11281832, 0.04673104, 0.99251616), (0.12012343, 0.023174798, 0.9924885), (-0.17857574, -0.034561392, 0.983319), (-0.16804259, -0.06960544, 0.9833193), (-0.11281868, -0.046731077, 0.9925161), (-0.12012279, -0.023177339, 0.9924884), (0.16804184, 0.06960533, 0.9833194), (0.151233, 0.10105131, 0.98331946), (0.10153493, 0.067842945, 0.992516), (0.11281832, 0.04673104, 0.99251616), (-0.12012238, 0.023177357, 0.9924885), (-0.12192744, 1.123473e-7, 0.992539), (2.7255064e-7, 3.7172754e-10, 1), (-0.12012279, -0.023177339, 0.9924884), (-0.11281868, -0.046731077, 0.9925161), (2.7255064e-7, 3.7172754e-10, 1), (0.11281832, 0.04673104, 0.99251616), (0.10153493, 0.067842945, 0.992516), (2.7255064e-7, 3.7172754e-10, 1), (-0.11281868, -0.046731077, 0.9925161), (-0.10153239, -0.06784299, 0.9925163), (2.7255064e-7, 3.7172754e-10, 1), (0.10153493, 0.067842945, 0.992516), (0.086348355, 0.086347684, 0.9925161), (2.7255064e-7, 3.7172754e-10, 1), (-0.10153239, -0.06784299, 0.9925163), (-0.086347, -0.08634775, 0.99251616), (2.7255064e-7, 3.7172754e-10, 1), (0.086348355, 0.086347684, 0.9925161), (0.067842185, 0.10153411, 0.99251616), (2.7255064e-7, 3.7172754e-10, 1), (-0.086347, -0.08634775, 0.99251616), (-0.067844294, -0.10153411, 0.992516), (2.7255064e-7, 3.7172754e-10, 1), (0.067842185, 0.10153411, 0.99251616), (0.04673073, 0.11281865, 0.9925161), (2.7255064e-7, 3.7172754e-10, 1), (-0.067844294, -0.10153411, 0.992516), (-0.046732515, -0.11281875, 0.992516), (2.7255064e-7, 3.7172754e-10, 1), (0.04673073, 0.11281865, 0.9925161), (0.023824638, 0.11976763, 0.9925161), (2.7255064e-7, 3.7172754e-10, 1), (-0.046732515, -0.11281875, 0.992516), (-0.023822153, -0.11976769, 0.99251616), (2.7255064e-7, 3.7172754e-10, 1), (0.023824638, 0.11976763, 0.9925161), (6.684777e-7, 0.12211404, 0.9925161), (2.7255064e-7, 3.7172754e-10, 1), (-0.023822153, -0.11976769, 0.99251616), (0.0000014228558, -0.12211403, 0.9925161), (2.7255064e-7, 3.7172754e-10, 1), (6.684777e-7, 0.12211404, 0.9925161), (-0.023824524, 0.119767636, 0.9925161), (2.7255064e-7, 3.7172754e-10, 1), (0.023823388, -0.11976766, 0.9925161), (0.046730738, -0.11281859, 0.99251616), (2.7255064e-7, 3.7172754e-10, 1), (0.0000014228558, -0.12211403, 0.9925161), (0.023823388, -0.11976766, 0.9925161), (2.7255064e-7, 3.7172754e-10, 1), (-0.023824524, 0.119767636, 0.9925161), (-0.046731528, 0.1128187, 0.9925161), (2.7255064e-7, 3.7172754e-10, 1), (0.046730738, -0.11281859, 0.99251616), (0.06784185, -0.10153409, 0.9925162), (2.7255064e-7, 3.7172754e-10, 1), (-0.046731528, 0.1128187, 0.9925161), (-0.06784245, 0.101534136, 0.99251616), (2.7255064e-7, 3.7172754e-10, 1), (0.06784185, -0.10153409, 0.9925162), (0.086346194, -0.0863476, 0.9925162), (2.7255064e-7, 3.7172754e-10, 1), (-0.06784245, 0.101534136, 0.99251616), (-0.08634799, 0.086347714, 0.992516), (2.7255064e-7, 3.7172754e-10, 1), (0.086346194, -0.0863476, 0.9925162), (0.10153369, -0.067842804, 0.99251616), (2.7255064e-7, 3.7172754e-10, 1), (0.12192672, 5.765972e-8, 0.99253905), (0.12012343, 0.023174798, 0.9924885), (2.7255064e-7, 3.7172754e-10, 1), (-0.08634799, 0.086347714, 0.992516), (-0.10153436, 0.067843, 0.9925161), (2.7255064e-7, 3.7172754e-10, 1), (0.10153369, -0.067842804, 0.99251616), (0.112819314, -0.046731006, 0.9925161), (2.7255064e-7, 3.7172754e-10, 1), (0.12012353, -0.023174806, 0.9924884), (0.12192672, 5.765972e-8, 0.99253905), (2.7255064e-7, 3.7172754e-10, 1), (-0.10153436, 0.067843, 0.9925161), (-0.11281843, 0.04673106, 0.99251616), (2.7255064e-7, 3.7172754e-10, 1), (0.112819314, -0.046731006, 0.9925161), (0.12012353, -0.023174806, 0.9924884), (2.7255064e-7, 3.7172754e-10, 1), (-0.12192744, 1.123473e-7, 0.992539), (-0.12012279, -0.023177339, 0.9924884), (2.7255064e-7, 3.7172754e-10, 1), (-0.11281843, 0.04673106, 0.99251616), (-0.12012238, 0.023177357, 0.9924885), (2.7255064e-7, 3.7172754e-10, 1), (0.12012343, 0.023174798, 0.9924885), (0.11281832, 0.04673104, 0.99251616), (2.7255064e-7, 3.7172754e-10, 1), (0.9758932, 0.19012883, 0.10716132), (0.9764677, 0.19026583, 0.101536684), (0.9191083, 0.38070697, 0.101499684), (0.9185634, 0.38048148, 0.10712129), (0.1940831, -0.9757203, 0.10149749), (-0.0000019881054, -0.9948357, 0.101498194), (-0.0000020483428, -0.9988529, 0.047883183), (0.19486697, -0.97966015, 0.04788308), (0.38070723, -0.91910857, 0.10149595), (0.1940831, -0.9757203, 0.10149749), (0.19486697, -0.97966015, 0.04788308), (0.38224456, -0.92281985, 0.047881804), (0.5527012, -0.8271759, 0.10149643), (0.38070723, -0.91910857, 0.10149595), (0.38224456, -0.92281985, 0.047881804), (0.5549332, -0.83051586, 0.047882464), (0.7034553, -0.70345485, 0.10149839), (0.5527012, -0.8271759, 0.10149643), (0.5549332, -0.83051586, 0.047882464), (0.70629597, -0.7062954, 0.04788494), (0.8271757, -0.55270076, 0.10149977), (0.7034553, -0.70345485, 0.10149839), (0.70629597, -0.7062954, 0.04788494), (0.8305159, -0.55493253, 0.047886208), (0.91910845, -0.38070667, 0.10149927), (0.8271757, -0.55270076, 0.10149977), (0.8305159, -0.55493253, 0.047886208), (0.9228198, -0.38224426, 0.047885373), (0.9764679, -0.19026548, 0.10153516), (0.91910845, -0.38070667, 0.10149927), (0.9228198, -0.38224426, 0.047885373), (0.9804107, -0.1910519, 0.0478971), (0.9191083, 0.38070697, 0.101499684), (0.9764677, 0.19026583, 0.101536684), (0.9804106, 0.19105202, 0.047898017), (0.9228197, 0.38224444, 0.047885075), (0.82717556, 0.5527013, 0.10149875), (0.9191083, 0.38070697, 0.101499684), (0.9228197, 0.38224444, 0.047885075), (0.83051586, 0.5549329, 0.04788417), (0.83051586, 0.5549329, 0.04788417), (0.7062953, 0.70629597, 0.04788483), (0.70345443, 0.7034556, 0.10149946), (0.82717556, 0.5527013, 0.10149875), (0.5527012, 0.8271755, 0.101499274), (0.70345443, 0.7034556, 0.10149946), (0.7062953, 0.70629597, 0.04788483), (0.5549329, 0.8305158, 0.047884963), (0.5549329, 0.8305158, 0.047884963), (0.3822452, 0.92281944, 0.047884338), (0.38070783, 0.91910803, 0.10149874), (0.5527012, 0.8271755, 0.101499274), (0.19408259, 0.97572017, 0.10149988), (0.38070783, 0.91910803, 0.10149874), (0.3822452, 0.92281944, 0.047884338), (0.19486614, 0.9796603, 0.047884256), (-6.5793375e-7, 0.9948354, 0.10150152), (0.19408259, 0.97572017, 0.10149988), (0.19486614, 0.9796603, 0.047884256), (-5.910522e-7, 0.9988528, 0.047886796), (-0.1940828, 0.97571987, 0.10150234), (-6.5793375e-7, 0.9948354, 0.10150152), (-5.910522e-7, 0.9988528, 0.047886796), (-0.19486643, 0.97966, 0.04788808), (-0.38070738, 0.9191078, 0.1015021), (-0.1940828, 0.97571987, 0.10150234), (-0.19486643, 0.97966, 0.04788808), (-0.38224497, 0.9228194, 0.04788679), (-0.5527016, 0.827175, 0.101500735), (-0.38070738, 0.9191078, 0.1015021), (-0.38224497, 0.9228194, 0.04788679), (-0.55493397, 0.830515, 0.047886163), (-0.703455, 0.7034551, 0.10149894), (-0.5527016, 0.827175, 0.101500735), (-0.55493397, 0.830515, 0.047886163), (-0.70629585, 0.70629543, 0.047884252), (-0.82717586, 0.55270094, 0.10149772), (-0.703455, 0.7034551, 0.10149894), (-0.70629585, 0.70629543, 0.047884252), (-0.83051604, 0.5549328, 0.047882657), (-0.91910875, 0.3807063, 0.10149752), (-0.82717586, 0.55270094, 0.10149772), (-0.83051604, 0.5549328, 0.047882657), (-0.92282015, 0.38224366, 0.04788298), (-0.9764652, 0.19028024, 0.10153398), (-0.91910875, 0.3807063, 0.10149752), (-0.92282015, 0.38224366, 0.04788298), (-0.9804079, 0.19106647, 0.04789538), (-0.9191083, -0.38070738, 0.10149853), (-0.976465, -0.1902804, 0.10153548), (-0.9804077, -0.1910666, 0.047896627), (-0.9228195, -0.382245, 0.04788422), (-0.9228195, -0.382245, 0.04788422), (-0.8305152, -0.5549338, 0.047883764), (-0.8271752, -0.5527017, 0.101498134), (-0.9191083, -0.38070738, 0.10149853), (-0.70345473, -0.7034554, 0.10149844), (-0.8271752, -0.5527017, 0.101498134), (-0.8305152, -0.5549338, 0.047883764), (-0.70629543, -0.70629585, 0.04788368), (-0.55270135, -0.82717544, 0.1014984), (-0.70345473, -0.7034554, 0.10149844), (-0.70629543, -0.70629585, 0.04788368), (-0.5549332, -0.8305157, 0.04788371), (-0.38070673, -0.9191085, 0.101497754), (-0.55270135, -0.82717544, 0.1014984), (-0.5549332, -0.8305157, 0.04788371), (-0.38224396, -0.92282, 0.047883116), (-0.1940844, -0.97572005, 0.10149692), (-0.38070673, -0.9191085, 0.101497754), (-0.38224396, -0.92282, 0.047883116), (-0.19486804, -0.97966003, 0.047881857), (-0.0000019881054, -0.9948357, 0.101498194), (-0.1940844, -0.97572005, 0.10149692), (-0.19486804, -0.97966003, 0.047881857), (-0.0000020483428, -0.9988529, 0.047883183), (0.9948433, 2.5725694e-7, 0.10142454), (0.9764679, -0.19026548, 0.10153516), (0.9804107, -0.1910519, 0.0478971), (0.99885404, -1.9124743e-8, 0.047859754), (-0.99484336, 1.5244898e-7, 0.101423524), (-0.9764652, 0.19028024, 0.10153398), (-0.9804079, 0.19106647, 0.04789538), (-0.9988542, 4.183552e-7, 0.04785789), (0.9764677, 0.19026583, 0.101536684), (0.9948433, 2.5725694e-7, 0.10142454), (0.99885404, -1.9124743e-8, 0.047859754), (0.9804106, 0.19105202, 0.047898017), (-0.976465, -0.1902804, 0.10153548), (-0.99484336, 1.5244898e-7, 0.101423524), (-0.9988542, 4.183552e-7, 0.04785789), (-0.9804077, -0.1910666, 0.047896627), (-0.19396965, -0.97514135, 0.10712184), (-0.1940844, -0.97572005, 0.10149692), (-0.0000019881054, -0.9948357, 0.101498194), (-0.000002137495, -0.99424595, 0.10712127), (-0.35494927, 0.93488556, -1.0064626e-7), (-0.35494927, 0.93488556, -1.1029788e-7), (-0.31605574, 0.8959922, -0.3119401), (-0.31605574, 0.8959923, -0.31194013), (-0.31605574, 0.8959923, -0.31194013), (-0.31605574, 0.8959922, -0.3119401), (-0.20406696, 0.7840031, -0.5862557), (-0.20406699, 0.7840032, -0.58625567), (-0.20406699, 0.7840032, -0.58625567), (-0.20406696, 0.7840031, -0.5862557), (-0.03249098, 0.6124268, -0.78985924), (-0.03249094, 0.6124268, -0.78985935), (-0.03249094, 0.6124268, -0.78985935), (-0.03249098, 0.6124268, -0.78985924), (0.17797895, 0.4019563, -0.89819527), (0.17797886, 0.40195638, -0.8981952), (0.17797886, 0.40195638, -0.8981952), (0.17797895, 0.4019563, -0.89819527), (0.40195635, 0.17797872, -0.8981952), (0.40195638, 0.17797868, -0.8981952), (0.40195638, 0.17797868, -0.8981952), (0.40195635, 0.17797872, -0.8981952), (0.6124267, -0.032491446, -0.78985935), (0.61242676, -0.032491464, -0.78985935), (0.61242676, -0.032491464, -0.78985935), (0.6124267, -0.032491446, -0.78985935), (0.7840037, -0.20406806, -0.58625454), (0.7840037, -0.20406799, -0.58625466), (0.7840037, -0.20406799, -0.58625466), (0.7840037, -0.20406806, -0.58625454), (0.8959924, -0.31605643, -0.31193912), (0.8959924, -0.31605643, -0.31193915), (0.8959924, -0.31605643, -0.31193915), (0.8959924, -0.31605643, -0.31193912), (0.93488544, -0.35494965, 0), (0.9348854, -0.35494962, -1.3587247e-7), (0.9348854, -0.35494962, -1.3587247e-7), (0.93488544, -0.35494965, 0), (0.895992, -0.3160572, 0.31193945), (0.89599204, -0.31605718, 0.31193945), (0.89599204, -0.31605718, 0.31193945), (0.895992, -0.3160572, 0.31193945), (0.7840032, -0.20406803, 0.5862552), (0.78400314, -0.20406796, 0.5862554), (0.78400314, -0.20406796, 0.5862554), (0.7840032, -0.20406803, 0.5862552), (0.6124266, -0.03249064, 0.78985953), (0.6124265, -0.032490578, 0.7898596), (0.6124265, -0.032490578, 0.7898596), (0.6124266, -0.03249064, 0.78985953), (0.40195787, 0.17797874, 0.8981946), (0.40195778, 0.17797886, 0.89819455), (0.40195778, 0.17797886, 0.89819455), (0.40195787, 0.17797874, 0.8981946), (0.17798032, 0.40195656, 0.8981948), (0.17798032, 0.4019566, 0.8981948), (0.17798032, 0.4019566, 0.8981948), (0.17798032, 0.40195656, 0.8981948), (-0.032490302, 0.61242616, 0.7898598), (-0.032490294, 0.6124262, 0.78985983), (-0.032490294, 0.6124262, 0.78985983), (-0.032490302, 0.61242616, 0.7898598), (-0.20406657, 0.7840026, 0.5862566), (-0.20406649, 0.7840025, 0.5862567), (0.70710677, 0.70710677, 7.9842806e-7), (0.7071074, 0.70710623, 0.0000023952844), (0.70710737, 0.7071062, 0.0000023952844), (0.7071067, 0.7071068, 7.984277e-7), (-0.20406649, 0.7840025, 0.5862567), (-0.20406657, 0.7840026, 0.5862566), (-0.31605577, 0.8959923, 0.31193987), (-0.31605574, 0.8959923, 0.31193998), (-0.31605574, 0.8959923, 0.31193998), (-0.31605577, 0.8959923, 0.31193987), (-0.35494927, 0.93488556, -1.1029788e-7), (-0.35494927, 0.93488556, -1.0064626e-7), (-0.707107, -0.70710665, -1.6961494e-7), (-0.707107, -0.70710665, -1.6961494e-7), (-0.707107, -0.70710665, -1.6961494e-7), (-0.707107, -0.70710665, -1.6961494e-7), (-0.707107, -0.70710665, -1.6961494e-7), (-0.707107, -0.70710665, -1.6961494e-7), (-0.707107, -0.70710665, -1.6961494e-7), (-0.707107, -0.70710665, -1.6961494e-7), (-0.707107, -0.70710665, -1.6961494e-7), (-0.707107, -0.70710665, -1.6961494e-7), (-0.707107, -0.70710665, -1.6961494e-7), (-0.707107, -0.70710665, -1.6961494e-7), (-0.707107, -0.70710665, -1.6961494e-7), (-0.707107, -0.70710665, -1.6961494e-7), (-0.707107, -0.70710665, -1.6961494e-7), (-0.707107, -0.70710665, -1.6961494e-7), (-0.707107, -0.70710665, -1.6961494e-7), (-0.707107, -0.70710665, -1.6961494e-7), (-0.707104, 0.70710945, -3.6604328e-7), (-0.66446203, 0.6644641, 0.34201983), (-0.6644621, 0.6644642, 0.34201962), (-0.70710415, 0.7071095, -2.986144e-7), (0.70710695, 0.70710653, 3.99215e-7), (0.70710623, 0.70710737, -3.9921665e-7), (0.70710623, 0.7071073, -3.9921647e-7), (0.707107, 0.7071066, 3.99215e-7), (0.7071068, 0.7071068, 0), (0.70710695, 0.70710665, 0), (0.70710695, 0.70710665, 0), (0.70710677, 0.70710677, 0), (0.70710677, 0.70710677, 0.000003193711), (0.70710754, 0.707106, 0.000003992142), (0.70710754, 0.70710593, 0.0000039921415), (0.70710677, 0.70710677, 0.000003193711), (0.7071064, 0.7071071, -7.32791e-13), (0.7071064, 0.7071072, 3.9921582e-7), (0.7071064, 0.7071072, 3.9921568e-7), (0.7071065, 0.7071071, -8.793678e-13), (0.70710623, 0.70710737, 0), (0.70710665, 0.7071069, 0), (0.70710665, 0.70710695, 0), (0.70710623, 0.7071073, 0), (0.7071072, 0.7071064, 0.000002794502), (0.7071062, 0.7071073, -1.9960713e-7), (0.7071062, 0.70710737, -1.996096e-7), (0.7071072, 0.7071064, 0.0000027944986), (0.70710576, 0.7071078, 0), (0.70710677, 0.70710677, 7.9842806e-7), (0.7071067, 0.7071068, 7.984277e-7), (0.70710576, 0.7071078, 0), (0.70710754, 0.70710593, 3.9921517e-7), (0.70710695, 0.70710653, 3.99215e-7), (0.707107, 0.7071066, 3.99215e-7), (0.7071076, 0.707106, 3.9921497e-7), (0.70710593, 0.70710766, 5.9882103e-7), (0.7071068, 0.7071068, 0), (0.70710677, 0.70710677, 0), (0.70710593, 0.70710766, 5.9881944e-7), (0.7071074, 0.70710623, 0.0000023952844), (0.70710677, 0.70710677, 0.000003193711), (0.70710677, 0.70710677, 0.000003193711), (0.70710737, 0.7071062, 0.0000023952844), (0.70710623, 0.70710737, -3.9921665e-7), (0.7071064, 0.7071071, -7.32791e-13), (0.7071065, 0.7071071, -8.793678e-13), (0.70710623, 0.7071073, -3.9921647e-7), (0.70710695, 0.70710665, 0), (0.70710623, 0.70710737, 0), (0.70710623, 0.7071073, 0), (0.70710695, 0.70710665, 0), (0.70710754, 0.707106, 0.000003992142), (0.7071072, 0.7071064, 0.000002794502), (0.7071072, 0.7071064, 0.0000027944986), (0.70710754, 0.70710593, 0.0000039921415), (0.7071064, 0.7071072, 3.9921582e-7), (0.70710576, 0.7071078, 0), (0.70710576, 0.7071078, 0), (0.7071064, 0.7071072, 3.9921568e-7), (0.7071062, 0.7071073, -1.9960713e-7), (0.70710593, 0.70710766, -1.3434507e-12), (0.70710593, 0.7071076, -1.6935963e-12), (0.7071062, 0.70710737, -1.996096e-7), (0.70710665, 0.7071069, 0), (0.70710754, 0.70710593, 3.9921517e-7), (0.7071076, 0.707106, 3.9921497e-7), (0.70710665, 0.70710695, 0), (0.70710593, 0.70710766, -1.3434507e-12), (0.70710593, 0.70710766, 5.9882103e-7), (0.70710593, 0.70710766, 5.9881944e-7), (0.70710593, 0.7071076, -1.6935963e-12), (0.5416744, -0.54167604, -0.6427876), (0.35355344, -0.3535543, -0.866025), (0.35355332, -0.35355413, -0.86602515), (0.5416744, -0.54167604, -0.6427877), (0.66446155, -0.66446537, 0.3420184), (0.7071062, -0.7071074, -2.5045088e-7), (0.7071061, -0.7071074, -2.5045065e-7), (0.6644614, -0.6644651, 0.34201923), (-0.66446203, 0.6644641, 0.34201983), (-0.5416743, 0.54167604, 0.6427877), (-0.5416743, 0.541676, 0.6427877), (-0.6644621, 0.6644642, 0.34201962), (0.35355344, -0.3535543, -0.866025), (0.1227861, -0.122788034, -0.98480797), (0.122785866, -0.1227878, -0.98480797), (0.35355332, -0.35355413, -0.86602515), (-0.5416743, 0.54167604, 0.6427877), (-0.3535539, 0.35355383, 0.86602503), (-0.35355398, 0.35355398, 0.86602503), (-0.5416743, 0.541676, 0.6427877), (0.1227861, -0.122788034, -0.98480797), (-0.12278994, 0.12278883, -0.9848074), (-0.12278942, 0.12278831, -0.9848075), (0.122785866, -0.1227878, -0.98480797), (-0.3535539, 0.35355383, 0.86602503), (-0.122788526, 0.12278769, 0.98480767), (-0.12278914, 0.1227883, 0.98480755), (-0.35355398, 0.35355398, 0.86602503), (-0.12278994, 0.12278883, -0.9848074), (-0.35355356, 0.35355356, -0.86602527), (-0.35355347, 0.35355347, -0.8660254), (-0.12278942, 0.12278831, -0.9848075), (-0.122788526, 0.12278769, 0.98480767), (0.122785956, -0.12278763, 0.98480797), (0.1227869, -0.12278858, 0.9848077), (-0.12278914, 0.1227883, 0.98480755), (-0.35355356, 0.35355356, -0.86602527), (-0.54167473, 0.54167557, -0.6427878), (-0.54167473, 0.54167557, -0.6427878), (-0.35355347, 0.35355347, -0.8660254), (0.122785956, -0.12278763, 0.98480797), (0.35355237, -0.35355404, 0.8660255), (0.35355213, -0.35355383, 0.86602575), (0.1227869, -0.12278858, 0.9848077), (-0.54167473, 0.54167557, -0.6427878), (-0.66446054, 0.66446555, -0.34202006), (-0.66446054, 0.66446555, -0.34202006), (-0.54167473, 0.54167557, -0.6427878), (0.7071062, -0.7071074, -2.5045088e-7), (0.66446203, -0.6644637, -0.34202084), (0.66446203, -0.66446376, -0.34202087), (0.7071061, -0.7071074, -2.5045065e-7), (0.35355237, -0.35355404, 0.8660255), (0.54167485, -0.54167736, 0.64278615), (0.5416748, -0.5416773, 0.64278615), (0.35355213, -0.35355383, 0.86602575), (-0.66446054, 0.66446555, -0.34202006), (-0.707104, 0.70710945, -3.6604328e-7), (-0.70710415, 0.7071095, -2.986144e-7), (-0.66446054, 0.66446555, -0.34202006), (0.66446203, -0.6644637, -0.34202084), (0.5416744, -0.54167604, -0.6427876), (0.5416744, -0.54167604, -0.6427877), (0.66446203, -0.66446376, -0.34202087), (0.54167485, -0.54167736, 0.64278615), (0.66446155, -0.66446537, 0.3420184), (0.6644614, -0.6644651, 0.34201923), (0.5416748, -0.5416773, 0.64278615), (0.70710737, 0.70710623, 1.5434233e-7), (0.70710737, 0.70710623, 1.5434233e-7), (0.70710737, 0.70710623, 1.5434233e-7), (0.70710737, 0.70710623, 1.5434233e-7), (0.70710737, 0.70710623, 1.5434233e-7), (0.70710737, 0.70710623, 1.5434233e-7), (0.70710737, 0.70710623, 1.5434233e-7), (0.70710737, 0.70710623, 1.5434233e-7), (0.70710737, 0.70710623, 1.5434233e-7), (0.70710737, 0.70710623, 1.5434233e-7), (0.70710737, 0.70710623, 1.5434233e-7), (0.70710737, 0.70710623, 1.5434233e-7), (0.70710737, 0.70710623, 1.5434233e-7), (0.70710737, 0.70710623, 1.5434233e-7), (0.70710737, 0.70710623, 1.5434233e-7), (0.70710737, 0.70710623, 1.5434233e-7), (0.70710737, 0.70710623, 1.5434233e-7), (0.70710737, 0.70710623, 1.5434233e-7), (-0.9348857, -0.3549489, 2.6168016e-7), (-0.9348857, -0.3549489, 2.573618e-7), (-0.89599246, -0.31605592, -0.31193936), (-0.8959924, -0.31605592, -0.3119394), (-0.8959924, -0.31605592, -0.3119394), (-0.89599246, -0.31605592, -0.31193936), (-0.7840037, -0.20406732, -0.5862549), (-0.7840037, -0.20406735, -0.5862548), (-0.7840037, -0.20406735, -0.5862548), (-0.7840037, -0.20406732, -0.5862549), (-0.6124266, -0.032490402, -0.78985953), (-0.61242646, -0.032490324, -0.7898596), (-0.61242646, -0.032490324, -0.7898596), (-0.6124266, -0.032490402, -0.78985953), (-0.40195647, 0.17797975, -0.898195), (-0.4019564, 0.17797977, -0.89819497), (-0.4019564, 0.17797977, -0.89819497), (-0.40195647, 0.17797975, -0.898195), (-0.17797898, 0.4019572, -0.8981948), (-0.177979, 0.40195715, -0.8981948), (-0.177979, 0.40195715, -0.8981948), (-0.17797898, 0.4019572, -0.8981948), (0.032490455, 0.6124266, -0.78985953), (0.032490443, 0.6124266, -0.7898595), (0.032490443, 0.6124266, -0.7898595), (0.032490455, 0.6124266, -0.78985953), (0.20406719, 0.7840036, -0.586255), (0.20406711, 0.7840035, -0.58625513), (0.20406711, 0.7840035, -0.58625513), (0.20406719, 0.7840036, -0.586255), (0.31605625, 0.8959925, -0.3119387), (0.31605628, 0.8959926, -0.31193876), (0.31605628, 0.8959926, -0.31193876), (0.31605625, 0.8959925, -0.3119387), (0.3549496, 0.9348855, 9.191489e-9), (0.35494953, 0.9348855, 1.0064627e-8), (0.35494953, 0.9348855, 1.0064627e-8), (0.3549496, 0.9348855, 9.191489e-9), (0.31605628, 0.89599264, 0.31193864), (0.31605622, 0.8959925, 0.31193882), (0.31605622, 0.8959925, 0.31193882), (0.31605628, 0.89599264, 0.31193864), (0.20406762, 0.7840037, 0.5862547), (0.2040676, 0.7840037, 0.5862548), (0.2040676, 0.7840037, 0.5862548), (0.20406762, 0.7840037, 0.5862547), (0.032490477, 0.61242634, 0.7898597), (0.032490533, 0.61242634, 0.78985965), (0.032490533, 0.61242634, 0.78985965), (0.032490477, 0.61242634, 0.7898597), (-0.17797977, 0.40195644, 0.89819497), (-0.1779797, 0.4019565, 0.89819497), (-0.1779797, 0.4019565, 0.89819497), (-0.17797977, 0.40195644, 0.89819497), (-0.40195674, 0.17797974, 0.8981949), (-0.40195674, 0.1779797, 0.89819485), (-0.40195674, 0.1779797, 0.89819485), (-0.40195674, 0.17797974, 0.8981949), (-0.6124269, -0.032490507, 0.7898593), (-0.61242694, -0.03249054, 0.7898593), (-0.61242694, -0.03249054, 0.7898593), (-0.6124269, -0.032490507, 0.7898593), (-0.7840035, -0.20406765, 0.586255), (-0.7840035, -0.20406765, 0.5862549), (-0.7071066, 0.707107, -0.0000015968606), (-0.70710623, 0.7071074, -0.0000015968595), (-0.70710623, 0.70710737, -0.0000015968594), (-0.7071066, 0.707107, -0.0000015968604), (-0.7840035, -0.20406765, 0.5862549), (-0.7840035, -0.20406765, 0.586255), (-0.8959921, -0.3160561, 0.3119402), (-0.89599216, -0.31605607, 0.31194016), (-0.89599216, -0.31605607, 0.31194016), (-0.8959921, -0.3160561, 0.3119402), (-0.9348857, -0.3549489, 2.573618e-7), (-0.9348857, -0.3549489, 2.6168016e-7), (0.7071066, -0.7071068, 5.653832e-8), (0.7071066, -0.7071068, 5.653832e-8), (0.7071066, -0.7071068, 5.653832e-8), (0.7071066, -0.7071068, 5.653832e-8), (0.7071066, -0.7071068, 5.653832e-8), (0.7071066, -0.7071068, 5.653832e-8), (0.7071066, -0.7071068, 5.653832e-8), (0.7071066, -0.7071068, 5.653832e-8), (0.7071066, -0.7071068, 5.653832e-8), (0.7071066, -0.7071068, 5.653832e-8), (0.7071066, -0.7071068, 5.653832e-8), (0.7071066, -0.7071068, 5.653832e-8), (0.7071066, -0.7071068, 5.653832e-8), (0.7071066, -0.7071068, 5.653832e-8), (0.7071066, -0.7071068, 5.653832e-8), (0.7071066, -0.7071068, 5.653832e-8), (0.7071066, -0.7071068, 5.653832e-8), (0.7071066, -0.7071068, 5.653832e-8), (-0.7071081, -0.7071055, -9.536382e-7), (-0.66446525, -0.6644611, 0.34201956), (-0.6644653, -0.6644611, 0.34201956), (-0.707108, -0.7071056, -0.0000010210676), (-0.707105, 0.7071086, -7.9843153e-7), (-0.7071064, 0.7071072, 9.9803884e-8), (-0.7071064, 0.70710725, 9.980383e-8), (-0.707105, 0.70710856, -7.9843e-7), (-0.7071071, 0.70710635, -0.0000011976417), (-0.7071068, 0.70710677, -0.0000019960728), (-0.70710677, 0.70710677, -0.0000019960723), (-0.7071072, 0.7071064, -0.0000011976431), (-0.70710593, 0.7071076, -0.0000015968574), (-0.70710677, 0.70710677, -7.9842755e-7), (-0.7071068, 0.70710677, -7.984291e-7), (-0.707106, 0.70710754, -0.0000015968574), (-0.7071093, 0.7071042, 3.9921562e-7), (-0.7071074, 0.7071061, -9.980426e-8), (-0.7071074, 0.7071061, -9.980219e-8), (-0.70710933, 0.70710427, 3.992156e-7), (-0.70710737, 0.70710623, -7.9842977e-7), (-0.7071061, 0.7071074, 7.9842766e-7), (-0.7071062, 0.7071075, 7.984274e-7), (-0.7071073, 0.70710623, -7.984302e-7), (-0.7071072, 0.7071064, 3.9921392e-7), (-0.7071083, 0.7071053, 8.142125e-14), (-0.70710826, 0.7071052, -1.0747839e-12), (-0.7071072, 0.70710635, 3.9921514e-7), (-0.7071057, 0.7071079, -0.000001197645), (-0.7071066, 0.707107, -0.0000015968606), (-0.7071066, 0.707107, -0.0000015968604), (-0.7071057, 0.70710784, -0.0000011976449), (-0.7071054, 0.7071082, -3.5825368e-12), (-0.707105, 0.7071086, -7.9843153e-7), (-0.707105, 0.70710856, -7.9843e-7), (-0.7071054, 0.70710814, -2.3449803e-12), (-0.70710814, 0.70710546, 3.992146e-7), (-0.7071071, 0.70710635, -0.0000011976417), (-0.7071072, 0.7071064, -0.0000011976431), (-0.70710814, 0.70710546, 3.9921485e-7), (-0.70710623, 0.7071074, -0.0000015968595), (-0.70710593, 0.7071076, -0.0000015968574), (-0.707106, 0.70710754, -0.0000015968574), (-0.70710623, 0.70710737, -0.0000015968594), (-0.7071064, 0.7071072, 9.9803884e-8), (-0.7071093, 0.7071042, 3.9921562e-7), (-0.70710933, 0.70710427, 3.992156e-7), (-0.7071064, 0.70710725, 9.980383e-8), (-0.7071068, 0.70710677, -0.0000019960728), (-0.70710737, 0.70710623, -7.9842977e-7), (-0.7071073, 0.70710623, -7.984302e-7), (-0.70710677, 0.70710677, -0.0000019960723), (-0.70710677, 0.70710677, -7.9842755e-7), (-0.7071072, 0.7071064, 3.9921392e-7), (-0.7071072, 0.70710635, 3.9921514e-7), (-0.7071068, 0.70710677, -7.984291e-7), (-0.7071074, 0.7071061, -9.980426e-8), (-0.7071057, 0.7071079, -0.000001197645), (-0.7071057, 0.70710784, -0.0000011976449), (-0.7071074, 0.7071061, -9.980219e-8), (-0.7071083, 0.7071053, 8.142125e-14), (-0.7071089, 0.7071047, -1.6284253e-13), (-0.70710886, 0.70710474, -3.2569157e-13), (-0.70710826, 0.7071052, -1.0747839e-12), (-0.7071061, 0.7071074, 7.9842766e-7), (-0.7071054, 0.7071082, -3.5825368e-12), (-0.7071054, 0.70710814, -2.3449803e-12), (-0.7071062, 0.7071075, 7.984274e-7), (-0.7071089, 0.7071047, -1.6284253e-13), (-0.70710814, 0.70710546, 3.992146e-7), (-0.70710814, 0.70710546, 3.9921485e-7), (-0.70710886, 0.70710474, -3.2569157e-13), (0.5416757, 0.5416732, -0.64278895), (0.3535529, 0.35355207, -0.86602616), (0.3535529, 0.3535521, -0.86602616), (0.5416758, 0.54167336, -0.6427887), (0.6644636, 0.66446275, 0.34201962), (0.7071082, 0.70710546, 4.2383977e-7), (0.70710814, 0.70710534, 4.2383945e-7), (0.6644636, 0.66446275, 0.3420196), (-0.66446525, -0.6644611, 0.34201956), (-0.5416755, -0.54167426, 0.6427882), (-0.5416753, -0.5416741, 0.64278847), (-0.6644653, -0.6644611, 0.34201956), (0.3535529, 0.35355207, -0.86602616), (0.12278556, 0.122787505, -0.984808), (0.1227856, 0.12278754, -0.984808), (0.3535529, 0.3535521, -0.86602616), (-0.5416755, -0.54167426, 0.6427882), (-0.35355425, -0.35355338, 0.8660251), (-0.35355413, -0.3535533, 0.8660251), (-0.5416753, -0.5416741, 0.64278847), (0.12278556, 0.122787505, -0.984808), (-0.12278815, -0.12278872, -0.9848076), (-0.12278875, -0.122789316, -0.9848074), (0.1227856, 0.12278754, -0.984808), (-0.35355425, -0.35355338, 0.8660251), (-0.122788236, -0.122787386, 0.9848077), (-0.12278865, -0.12278781, 0.98480767), (-0.35355413, -0.3535533, 0.8660251), (-0.12278815, -0.12278872, -0.9848076), (-0.3535521, -0.3535521, -0.86602646), (-0.35355228, -0.35355228, -0.86602634), (-0.12278875, -0.122789316, -0.9848074), (-0.122788236, -0.122787386, 0.9848077), (0.12278901, 0.122788176, 0.9848076), (0.12278874, 0.1227879, 0.98480767), (-0.12278865, -0.12278781, 0.98480767), (-0.3535521, -0.3535521, -0.86602646), (-0.54167587, -0.54167336, -0.64278865), (-0.54167575, -0.54167324, -0.6427889), (-0.35355228, -0.35355228, -0.86602634), (0.12278901, 0.122788176, 0.9848076), (0.35355258, 0.3535534, 0.8660257), (0.35355213, 0.35355294, 0.86602604), (0.12278874, 0.1227879, 0.98480767), (-0.54167587, -0.54167336, -0.64278865), (-0.66446376, -0.66446257, -0.34201968), (-0.6644638, -0.6644625, -0.3420195), (-0.54167575, -0.54167324, -0.6427889), (0.7071082, 0.70710546, 4.2383977e-7), (0.6644643, 0.664462, -0.3420199), (0.66446424, 0.66446203, -0.3420199), (0.70710814, 0.70710534, 4.2383945e-7), (0.35355258, 0.3535534, 0.8660257), (0.5416742, 0.54167545, 0.6427882), (0.5416741, 0.5416753, 0.6427885), (0.35355213, 0.35355294, 0.86602604), (-0.66446376, -0.66446257, -0.34201968), (-0.7071081, -0.7071055, -9.536382e-7), (-0.707108, -0.7071056, -0.0000010210676), (-0.6644638, -0.6644625, -0.3420195), (0.6644643, 0.664462, -0.3420199), (0.5416757, 0.5416732, -0.64278895), (0.5416758, 0.54167336, -0.6427887), (0.66446424, 0.66446203, -0.3420199), (0.5416742, 0.54167545, 0.6427882), (0.6644636, 0.66446275, 0.34201962), (0.6644636, 0.66446275, 0.3420196), (0.5416741, 0.5416753, 0.6427885), (-0.7071063, 0.7071073, -2.3151354e-7), (-0.7071063, 0.7071073, -2.3151354e-7), (-0.7071063, 0.7071073, -2.3151354e-7), (-0.7071063, 0.7071073, -2.3151354e-7), (-0.7071063, 0.7071073, -2.3151354e-7), (-0.7071063, 0.7071073, -2.3151354e-7), (-0.7071063, 0.7071073, -2.3151354e-7), (-0.7071063, 0.7071073, -2.3151354e-7), (-0.7071063, 0.7071073, -2.3151354e-7), (-0.7071063, 0.7071073, -2.3151354e-7), (-0.7071063, 0.7071073, -2.3151354e-7), (-0.7071063, 0.7071073, -2.3151354e-7), (-0.7071063, 0.7071073, -2.3151354e-7), (-0.7071063, 0.7071073, -2.3151354e-7), (-0.7071063, 0.7071073, -2.3151354e-7), (-0.7071063, 0.7071073, -2.3151354e-7), (-0.7071063, 0.7071073, -2.3151354e-7), (-0.7071063, 0.7071073, -2.3151354e-7), (-0.4100768, -0.912051, 2.616803e-7), (-0.41007683, -0.912051, 4.2280902e-7), (-0.41007736, -0.85704726, -0.3119399), (-0.41007736, -0.85704726, -0.3119399), (-0.41007736, -0.85704726, -0.3119399), (-0.41007736, -0.85704726, -0.3119399), (-0.41007718, -0.6986711, -0.58625543), (-0.41007715, -0.6986713, -0.58625525), (-0.41007715, -0.6986713, -0.58625525), (-0.41007718, -0.6986711, -0.58625543), (-0.41007638, -0.4560254, -0.78985965), (-0.41007638, -0.45602542, -0.78985965), (-0.41007638, -0.45602542, -0.78985965), (-0.41007638, -0.4560254, -0.78985965), (-0.41007614, -0.15837555, -0.89819527), (-0.41007617, -0.15837546, -0.89819527), (-0.41007617, -0.15837546, -0.89819527), (-0.41007614, -0.15837555, -0.89819527), (-0.4100763, 0.15837657, -0.898195), (-0.41007626, 0.15837662, -0.8981951), (-0.41007626, 0.15837662, -0.8981951), (-0.4100763, 0.15837657, -0.898195), (-0.4100765, 0.4560258, -0.78985935), (-0.41007647, 0.45602572, -0.7898593), (-0.41007647, 0.45602572, -0.7898593), (-0.4100765, 0.4560258, -0.78985935), (-0.41007644, 0.6986716, -0.5862553), (-0.41007644, 0.69867146, -0.58625543), (-0.41007644, 0.69867146, -0.58625543), (-0.41007644, 0.6986716, -0.5862553), (-0.41007647, 0.8570477, -0.3119401), (-0.4100765, 0.8570476, -0.3119402), (-0.4100765, 0.8570476, -0.3119402), (-0.41007647, 0.8570477, -0.3119401), (-0.4100764, 0.91205114, 8.27233e-8), (-0.41007644, 0.91205114, 7.5484664e-8), (-0.41007644, 0.91205114, 7.5484664e-8), (-0.4100764, 0.91205114, 8.27233e-8), (-0.41007653, 0.8570478, 0.3119395), (-0.41007656, 0.85704786, 0.31193954), (-0.41007656, 0.85704786, 0.31193954), (-0.41007653, 0.8570478, 0.3119395), (-0.4100765, 0.69867164, 0.5862552), (-0.41007653, 0.69867164, 0.58625525), (-0.41007653, 0.69867164, 0.58625525), (-0.4100765, 0.69867164, 0.5862552), (-0.4100766, 0.45602578, 0.78985924), (-0.41007656, 0.45602584, 0.7898593), (-0.41007656, 0.45602584, 0.7898593), (-0.4100766, 0.45602578, 0.78985924), (-0.41007653, 0.15837653, 0.8981949), (-0.41007653, 0.15837646, 0.8981949), (-0.41007653, 0.15837646, 0.8981949), (-0.41007653, 0.15837653, 0.8981949), (-0.4100764, -0.15837523, 0.89819527), (-0.41007635, -0.15837528, 0.89819515), (-0.41007635, -0.15837528, 0.89819515), (-0.4100764, -0.15837523, 0.89819527), (-0.41007647, -0.4560244, 0.7898601), (-0.41007644, -0.45602447, 0.78986007), (-0.41007644, -0.45602447, 0.78986007), (-0.41007647, -0.4560244, 0.7898601), (-0.41007644, -0.6986715, 0.58625543), (-0.41007647, -0.6986715, 0.58625543), (-1, 3.9921542e-7, -0.0000016414749), (-1, -3.992145e-7, -1.743222e-7), (-1, -3.9921434e-7, -1.7432126e-7), (-1, 3.9921446e-7, -0.0000016414754), (-0.41007647, -0.6986715, 0.58625543), (-0.41007644, -0.6986715, 0.58625543), (-0.41007644, -0.8570477, 0.3119399), (-0.41007647, -0.8570477, 0.31193998), (-0.41007647, -0.8570477, 0.31193998), (-0.41007644, -0.8570477, 0.3119399), (-0.41007683, -0.912051, 4.2280902e-7), (-0.4100768, -0.912051, 2.616803e-7), (1, 0, 1.2856226e-7), (1, 0, 1.2856226e-7), (1, 0, 1.2856226e-7), (1, 0, 1.2856226e-7), (1, 0, 1.2856226e-7), (1, 0, 1.2856226e-7), (1, 0, 1.2856226e-7), (1, 0, 1.2856226e-7), (1, 0, 1.2856226e-7), (1, 0, 1.2856226e-7), (1, 0, 1.2856226e-7), (1, 0, 1.2856226e-7), (1, 0, 1.2856226e-7), (1, 0, 1.2856226e-7), (1, 0, 1.2856226e-7), (1, 0, 1.2856226e-7), (1, 0, 1.2856226e-7), (1, 0, 1.2856226e-7), (-0.0000027217905, -1, 3.6604382e-7), (-0.0000035592636, -0.93969256, 0.34202015), (-0.0000035592634, -0.93969244, 0.34202066), (-0.0000027217925, -1, 7.128215e-7), (-1, 0, 0), (-1, 0.0000015968612, -5.019408e-7), (-1, 0.0000015968578, -5.019397e-7), (-1, 0, 0), (-1, 0.0000023952837, -0.0000011502096), (-1, -7.9842715e-7, 0), (-1, -7.984258e-7, 0), (-1, 0.0000023952807, -0.0000011502087), (-1, 0.0000027944977, 0.0000018666178), (-1, 0.000002794494, 0.0000020632526), (-1, 0.0000027945052, 0.0000020632506), (-1, 0.000002794503, 0.0000018666174), (-1, 0.0000015968592, -5.019402e-7), (-1, -0.000001596857, -6.424809e-8), (-1, -0.0000015968602, -6.4248226e-8), (-1, 0.0000015968598, -5.0194035e-7), (-1, 5.8530736e-7, 0), (-1, 1.8609387e-7, 0), (-1, 1.860907e-7, 0), (-1, 5.853092e-7, 0), (-1, 0.0000015968551, 0.0000024328044), (-1, 0.0000015968537, -2.3082478e-7), (-1, 0.0000015968535, -2.3082514e-7), (-1, 0.0000015968526, 0.0000024328046), (-1, -7.9842965e-7, -4.454394e-7), (-1, 3.9921542e-7, -0.0000016414749), (-1, 3.9921446e-7, -0.0000016414754), (-1, -7.9842744e-7, -4.4543972e-7), (-1, -3.9921588e-7, 0), (-1, 0, 0), (-1, 0, 0), (-1, -3.9921667e-7, 0), (-1, 0.0000047905605, -6.4826884e-7), (-1, 0.0000023952837, -0.0000011502096), (-1, 0.0000023952807, -0.0000011502087), (-1, 0.0000047905655, -6.482733e-7), (-1, -3.992145e-7, -1.743222e-7), (-1, 0.0000027944977, 0.0000018666178), (-1, 0.000002794503, 0.0000018666174), (-1, -3.9921434e-7, -1.7432126e-7), (-1, 0.0000015968612, -5.019408e-7), (-1, 0.0000015968592, -5.019402e-7), (-1, 0.0000015968598, -5.0194035e-7), (-1, 0.0000015968578, -5.019397e-7), (-1, -7.9842715e-7, 0), (-1, 5.8530736e-7, 0), (-1, 5.853092e-7, 0), (-1, -7.984258e-7, 0), (-1, 0.000002794494, 0.0000020632526), (-1, 0.0000015968551, 0.0000024328044), (-1, 0.0000015968526, 0.0000024328046), (-1, 0.0000027945052, 0.0000020632506), (-1, -0.000001596857, -6.424809e-8), (-1, -7.9842965e-7, -4.454394e-7), (-1, -7.9842744e-7, -4.4543972e-7), (-1, -0.0000015968602, -6.4248226e-8), (-1, 0.0000015968537, -2.3082478e-7), (-1, 0.0000015968526, -8.7909433e-7), (-1, 0.0000015968527, -8.790942e-7), (-1, 0.0000015968535, -2.3082514e-7), (-1, 1.8609387e-7, 0), (-1, -3.9921588e-7, 0), (-1, -3.9921667e-7, 0), (-1, 1.860907e-7, 0), (-1, 0.0000015968526, -8.7909433e-7), (-1, 0.0000047905605, -6.4826884e-7), (-1, 0.0000047905655, -6.482733e-7), (-1, 0.0000015968527, -8.790942e-7), (0.0000033498911, 0.7660432, -0.6427892), (0.0000050248195, 0.5000004, -0.8660251), (0.0000050248204, 0.50000036, -0.86602515), (0.0000033498911, 0.76604366, -0.6427886), (0.0000018843168, 0.93969274, 0.34201998), (0.000002303051, 1, 5.683314e-7), (0.0000023030507, 1, 5.779632e-7), (0.0000018843166, 0.9396927, 0.34201998), (-0.0000035592636, -0.93969256, 0.34202015), (-0.0000033498927, -0.76604337, 0.6427889), (-0.0000033498927, -0.7660432, 0.6427892), (-0.0000035592634, -0.93969244, 0.34202066), (0.0000050248195, 0.5000004, -0.8660251), (0.0000033498739, 0.17364743, -0.9848079), (0.000003349894, 0.17364849, -0.98480767), (0.0000050248204, 0.50000036, -0.86602515), (-0.0000033498927, -0.76604337, 0.6427889), (-0.0000016749506, -0.4999991, 0.8660259), (-0.0000016749432, -0.49999845, 0.8660263), (-0.0000033498927, -0.7660432, 0.6427892), (0.0000033498739, 0.17364743, -0.9848079), (0, -0.17365022, -0.9848074), (0, -0.17364953, -0.98480755), (0.000003349894, 0.17364849, -0.98480767), (-0.0000016749506, -0.4999991, 0.8660259), (0, -0.17364903, 0.9848076), (0, -0.17364886, 0.98480767), (-0.0000016749432, -0.49999845, 0.8660263), (0, -0.17365022, -0.9848074), (-0.0000016749387, -0.500002, -0.8660242), (-0.0000016749315, -0.5000014, -0.8660246), (0, -0.17364953, -0.98480755), (0, -0.17364903, 0.9848076), (0.0000016749445, 0.17364736, 0.9848079), (0.000001674947, 0.17364761, 0.98480785), (0, -0.17364886, 0.98480767), (-0.0000016749387, -0.500002, -0.8660242), (-0.000002512406, -0.76604605, -0.6427857), (-0.0000025124095, -0.7660455, -0.6427863), (-0.0000016749315, -0.5000014, -0.8660246), (0.0000016749445, 0.17364736, 0.9848079), (8.3748085e-7, 0.49999776, 0.8660267), (8.374668e-7, 0.49999857, 0.8660262), (0.000001674947, 0.17364761, 0.98480785), (-0.000002512406, -0.76604605, -0.6427857), (-0.0000016749425, -0.939693, -0.3420193), (-0.0000016749427, -0.93969303, -0.34201917), (-0.0000025124095, -0.7660455, -0.6427863), (0.000002303051, 1, 5.683314e-7), (0.0000029311593, 0.9396921, -0.3420217), (0.0000029311586, 0.9396922, -0.34202138), (0.0000023030507, 1, 5.779632e-7), (8.3748085e-7, 0.49999776, 0.8660267), (-2.1312604e-12, 0.7660439, 0.6427883), (2.2782468e-12, 0.76604414, 0.64278793), (8.374668e-7, 0.49999857, 0.8660262), (-0.0000016749425, -0.939693, -0.3420193), (-0.0000027217905, -1, 3.6604382e-7), (-0.0000027217925, -1, 7.128215e-7), (-0.0000016749427, -0.93969303, -0.34201917), (0.0000029311593, 0.9396921, -0.3420217), (0.0000033498911, 0.7660432, -0.6427892), (0.0000033498911, 0.76604366, -0.6427886), (0.0000029311586, 0.9396922, -0.34202138), (-2.1312604e-12, 0.7660439, 0.6427883), (0.0000018843168, 0.93969274, 0.34201998), (0.0000018843166, 0.9396927, 0.34201998), (2.2782468e-12, 0.76604414, 0.64278793), (-1, -1.02894845e-7, -4.393363e-7), (-1, -1.02894845e-7, -4.393363e-7), (-1, -1.02894845e-7, -4.393363e-7), (-1, -1.02894845e-7, -4.393363e-7), (-1, -1.02894845e-7, -4.393363e-7), (-1, -1.02894845e-7, -4.393363e-7), (-1, -1.02894845e-7, -4.393363e-7), (-1, -1.02894845e-7, -4.393363e-7), (-1, -1.02894845e-7, -4.393363e-7), (-1, -1.02894845e-7, -4.393363e-7), (-1, -1.02894845e-7, -4.393363e-7), (-1, -1.02894845e-7, -4.393363e-7), (-1, -1.02894845e-7, -4.393363e-7), (-1, -1.02894845e-7, -4.393363e-7), (-1, -1.02894845e-7, -4.393363e-7), (-1, -1.02894845e-7, -4.393363e-7), (-1, -1.02894845e-7, -4.393363e-7), (-1, -1.02894845e-7, -4.393363e-7), (0.35494944, -0.9348855, 6.3910346e-7), (0.3549494, -0.9348855, 5.147235e-7), (0.31605634, -0.89599216, -0.31193966), (0.31605637, -0.8959922, -0.3119396), (0.31605637, -0.8959922, -0.3119396), (0.31605634, -0.89599216, -0.31193966), (0.20406733, -0.7840029, -0.58625597), (0.2040673, -0.78400284, -0.58625597), (0.2040673, -0.78400284, -0.58625597), (0.20406733, -0.7840029, -0.58625597), (0.032490823, -0.61242676, -0.78985935), (0.03249075, -0.6124267, -0.78985935), (0.03249075, -0.6124267, -0.78985935), (0.032490823, -0.61242676, -0.78985935), (-0.1779796, -0.40195698, -0.8981948), (-0.17797957, -0.401957, -0.89819473), (-0.17797957, -0.401957, -0.89819473), (-0.1779796, -0.40195698, -0.8981948), (-0.4019568, -0.17797904, -0.89819497), (-0.4019568, -0.17797908, -0.89819497), (-0.4019568, -0.17797908, -0.89819497), (-0.4019568, -0.17797904, -0.89819497), (-0.612426, 0.032491256, -0.7898599), (-0.61242604, 0.032491222, -0.7898599), (-0.61242604, 0.032491222, -0.7898599), (-0.612426, 0.032491256, -0.7898599), (-0.78400296, 0.20406778, -0.58625567), (-0.78400284, 0.20406775, -0.5862558), (-0.78400284, 0.20406775, -0.5862558), (-0.78400296, 0.20406778, -0.58625567), (-0.89599234, 0.31605604, -0.31193972), (-0.8959923, 0.31605604, -0.31193978), (-0.8959923, 0.31605604, -0.31193978), (-0.89599234, 0.31605604, -0.31193972), (-0.9348856, 0.35494936, 6.434041e-8), (-0.93488556, 0.35494933, -5.0323145e-8), (-0.93488556, 0.35494933, -5.0323145e-8), (-0.9348856, 0.35494936, 6.434041e-8), (-0.8959923, 0.31605643, 0.31193945), (-0.8959923, 0.31605646, 0.31193945), (-0.8959923, 0.31605646, 0.31193945), (-0.8959923, 0.31605643, 0.31193945), (-0.78400385, 0.20406777, 0.5862545), (-0.78400385, 0.20406775, 0.5862545), (-0.78400385, 0.20406775, 0.5862545), (-0.78400385, 0.20406777, 0.5862545), (-0.6124274, 0.03249067, 0.7898589), (-0.61242735, 0.032490637, 0.7898589), (-0.61242735, 0.032490637, 0.7898589), (-0.6124274, 0.03249067, 0.7898589), (-0.4019569, -0.17797928, 0.8981949), (-0.40195683, -0.17797929, 0.89819485), (-0.40195683, -0.17797929, 0.89819485), (-0.4019569, -0.17797928, 0.8981949), (-0.17797972, -0.40195632, 0.8981951), (-0.17797977, -0.4019563, 0.8981951), (-0.17797977, -0.4019563, 0.8981951), (-0.17797972, -0.40195632, 0.8981951), (0.032490056, -0.6124259, 0.78986), (0.03249012, -0.6124259, 0.78985995), (0.03249012, -0.6124259, 0.78985995), (0.032490056, -0.6124259, 0.78986), (0.20406748, -0.7840027, 0.586256), (0.20406753, -0.7840028, 0.58625597), (-0.70710677, -0.70710677, 0), (-0.70710635, -0.7071071, -7.984285e-7), (-0.70710635, -0.7071072, -7.984293e-7), (-0.70710677, -0.70710677, 0), (0.20406753, -0.7840028, 0.58625597), (0.20406748, -0.7840027, 0.586256), (0.3160562, -0.8959921, 0.31193998), (0.3160562, -0.8959921, 0.31194), (0.3160562, -0.8959921, 0.31194), (0.3160562, -0.8959921, 0.31193998), (0.3549494, -0.9348855, 5.147235e-7), (0.35494944, -0.9348855, 6.3910346e-7), (0.7071066, 0.707107, 2.2615326e-7), (0.7071066, 0.707107, 2.2615326e-7), (0.7071066, 0.707107, 2.2615326e-7), (0.7071066, 0.707107, 2.2615326e-7), (0.7071066, 0.707107, 2.2615326e-7), (0.7071066, 0.707107, 2.2615326e-7), (0.7071066, 0.707107, 2.2615326e-7), (0.7071066, 0.707107, 2.2615326e-7), (0.7071066, 0.707107, 2.2615326e-7), (0.7071066, 0.707107, 2.2615326e-7), (0.7071066, 0.707107, 2.2615326e-7), (0.7071066, 0.707107, 2.2615326e-7), (0.7071066, 0.707107, 2.2615326e-7), (0.7071066, 0.707107, 2.2615326e-7), (0.7071066, 0.707107, 2.2615326e-7), (0.7071066, 0.707107, 2.2615326e-7), (0.7071066, 0.707107, 2.2615326e-7), (0.7071066, 0.707107, 2.2615326e-7), (0.70710844, -0.70710516, 2.1192005e-7), (0.66446453, -0.6644621, 0.34201923), (0.66446453, -0.66446203, 0.34201914), (0.70710844, -0.7071051, 2.1191954e-7), (-0.70710725, -0.70710635, -0.0000015968578), (-0.7071072, -0.7071064, -0.0000011976439), (-0.70710725, -0.7071064, -0.0000011976406), (-0.7071071, -0.7071064, -0.0000015968576), (-0.7071058, -0.7071078, -0.0000019960723), (-0.7071062, -0.7071074, -0.0000031937138), (-0.7071062, -0.7071074, -0.0000031937136), (-0.7071058, -0.7071078, -0.0000019960685), (-0.70710737, -0.7071062, -0.0000015968585), (-0.7071062, -0.70710737, -7.9842914e-7), (-0.7071062, -0.7071074, -7.984302e-7), (-0.7071074, -0.7071062, -0.0000015968587), (-0.707107, -0.70710653, 2.0355304e-13), (-0.7071081, -0.7071055, -3.9921468e-7), (-0.707108, -0.7071055, -3.992143e-7), (-0.707107, -0.70710653, 4.2339952e-13), (-0.70710725, -0.7071063, -0.0000015968573), (-0.70710784, -0.7071057, 0), (-0.70710784, -0.7071058, 0), (-0.70710725, -0.7071063, -0.0000015968611), (-0.7071057, -0.7071079, -0.0000015968593), (-0.707107, -0.70710653, -0.000001497057), (-0.70710695, -0.70710653, -0.0000014970542), (-0.7071057, -0.7071079, -0.00000159686), (-0.7071084, -0.70710516, 0), (-0.70710677, -0.70710677, 0), (-0.70710677, -0.70710677, 0), (-0.7071084, -0.7071051, 0), (-0.70710737, -0.7071062, 0), (-0.70710725, -0.70710635, -0.0000015968578), (-0.7071071, -0.7071064, -0.0000015968576), (-0.70710737, -0.7071062, 0), (-0.7071065, -0.7071071, -9.9804296e-8), (-0.7071058, -0.7071078, -0.0000019960723), (-0.7071058, -0.7071078, -0.0000019960685), (-0.7071064, -0.70710707, -9.98051e-8), (-0.70710635, -0.7071071, -7.984285e-7), (-0.70710737, -0.7071062, -0.0000015968585), (-0.7071074, -0.7071062, -0.0000015968587), (-0.70710635, -0.7071072, -7.984293e-7), (-0.7071072, -0.7071064, -0.0000011976439), (-0.707107, -0.70710653, 2.0355304e-13), (-0.707107, -0.70710653, 4.2339952e-13), (-0.70710725, -0.7071064, -0.0000011976406), (-0.7071062, -0.7071074, -0.0000031937138), (-0.70710725, -0.7071063, -0.0000015968573), (-0.70710725, -0.7071063, -0.0000015968611), (-0.7071062, -0.7071074, -0.0000031937136), (-0.7071062, -0.70710737, -7.9842914e-7), (-0.7071057, -0.7071079, -0.0000015968593), (-0.7071057, -0.7071079, -0.00000159686), (-0.7071062, -0.7071074, -7.984302e-7), (-0.7071081, -0.7071055, -3.9921468e-7), (-0.7071084, -0.70710516, 0), (-0.7071084, -0.7071051, 0), (-0.707108, -0.7071055, -3.992143e-7), (-0.707107, -0.70710653, -0.000001497057), (-0.7071072, -0.7071064, 3.9921395e-7), (-0.7071072, -0.7071064, 3.9921392e-7), (-0.70710695, -0.70710653, -0.0000014970542), (-0.70710784, -0.7071057, 0), (-0.70710737, -0.7071062, 0), (-0.70710737, -0.7071062, 0), (-0.70710784, -0.7071058, 0), (-0.7071072, -0.7071064, 3.9921395e-7), (-0.7071065, -0.7071071, -9.9804296e-8), (-0.7071064, -0.70710707, -9.98051e-8), (-0.7071072, -0.7071064, 3.9921392e-7), (-0.5416773, 0.5416731, -0.64278764), (-0.3535536, 0.3535536, -0.86602527), (-0.35355398, 0.35355398, -0.8660249), (-0.54167694, 0.5416727, -0.6427883), (-0.66446364, 0.6644631, 0.34201896), (-0.7071082, 0.7071053, -1.15592336e-7), (-0.70710826, 0.7071053, -1.1559268e-7), (-0.66446364, 0.664463, 0.34201887), (0.66446453, -0.6644621, 0.34201923), (0.5416751, -0.5416742, 0.6427886), (0.5416753, -0.54167444, 0.6427882), (0.66446453, -0.66446203, 0.34201914), (-0.3535536, 0.3535536, -0.86602527), (-0.12278803, 0.12278746, -0.98480785), (-0.12278728, 0.12278671, -0.98480797), (-0.35355398, 0.35355398, -0.8660249), (0.5416751, -0.5416742, 0.6427886), (0.35355213, -0.35355464, 0.8660254), (0.35355178, -0.35355428, 0.86602575), (0.5416753, -0.54167444, 0.6427882), (-0.12278803, 0.12278746, -0.98480785), (0.12278776, -0.122788325, -0.9848077), (0.12278745, -0.12278802, -0.9848077), (-0.12278728, 0.12278671, -0.98480797), (0.35355213, -0.35355464, 0.8660254), (0.12278765, -0.122788474, 0.98480767), (0.12278841, -0.12278924, 0.9848075), (0.35355178, -0.35355428, 0.86602575), (0.12278776, -0.122788325, -0.9848077), (0.3535532, -0.35355404, -0.86602527), (0.35355297, -0.3535538, -0.8660254), (0.12278745, -0.12278802, -0.9848077), (0.12278765, -0.122788474, 0.98480767), (-0.12278749, 0.12278749, 0.9848079), (-0.122787744, 0.122787744, 0.9848078), (0.12278841, -0.12278924, 0.9848075), (0.3535532, -0.35355404, -0.86602527), (0.541676, -0.541676, -0.6427864), (0.541676, -0.541676, -0.6427862), (0.35355297, -0.3535538, -0.8660254), (-0.12278749, 0.12278749, 0.9848079), (-0.35355455, 0.3535529, 0.8660251), (-0.35355452, 0.35355288, 0.8660252), (-0.122787744, 0.122787744, 0.9848078), (0.541676, -0.541676, -0.6427864), (0.6644654, -0.6644621, -0.34201717), (0.6644653, -0.664462, -0.3420178), (0.541676, -0.541676, -0.6427862), (-0.7071082, 0.7071053, -1.15592336e-7), (-0.66446626, 0.6644593, -0.34202117), (-0.6644661, 0.6644593, -0.3420215), (-0.70710826, 0.7071053, -1.1559268e-7), (-0.35355455, 0.3535529, 0.8660251), (-0.5416766, 0.5416753, 0.6427864), (-0.5416764, 0.54167515, 0.6427867), (-0.35355452, 0.35355288, 0.8660252), (0.6644654, -0.6644621, -0.34201717), (0.70710844, -0.70710516, 2.1192005e-7), (0.70710844, -0.7071051, 2.1191954e-7), (0.6644653, -0.664462, -0.3420178), (-0.66446626, 0.6644593, -0.34202117), (-0.5416773, 0.5416731, -0.64278764), (-0.54167694, 0.5416727, -0.6427883), (-0.6644661, 0.6644593, -0.3420215), (-0.5416766, 0.5416753, 0.6427864), (-0.66446364, 0.6644631, 0.34201896), (-0.66446364, 0.664463, 0.34201887), (-0.5416764, 0.54167515, 0.6427867), (-0.7071068, -0.7071067, 2.5723729e-8), (-0.7071068, -0.7071067, 2.5723729e-8), (-0.7071068, -0.7071067, 2.5723729e-8), (-0.7071068, -0.7071067, 2.5723729e-8), (-0.7071068, -0.7071067, 2.5723729e-8), (-0.7071068, -0.7071067, 2.5723729e-8), (-0.7071068, -0.7071067, 2.5723729e-8), (-0.7071068, -0.7071067, 2.5723729e-8), (-0.7071068, -0.7071067, 2.5723729e-8), (-0.7071068, -0.7071067, 2.5723729e-8), (-0.7071068, -0.7071067, 2.5723729e-8), (-0.7071068, -0.7071067, 2.5723729e-8), (-0.7071068, -0.7071067, 2.5723729e-8), (-0.7071068, -0.7071067, 2.5723729e-8), (-0.7071068, -0.7071067, 2.5723729e-8), (-0.7071068, -0.7071067, 2.5723729e-8), (-0.7071068, -0.7071067, 2.5723729e-8), (-0.7071068, -0.7071067, 2.5723729e-8), (0.9348855, 0.35494962, -9.561397e-8), (0.93488544, 0.3549496, -1.1948939e-7), (0.8959926, 0.31605595, -0.31193912), (0.8959925, 0.31605592, -0.31193915), (0.8959925, 0.31605592, -0.31193915), (0.8959926, 0.31605595, -0.31193912), (0.78400373, 0.20406735, -0.58625466), (0.78400373, 0.2040673, -0.5862547), (0.78400373, 0.2040673, -0.5862547), (0.78400373, 0.20406735, -0.58625466), (0.6124268, 0.032490764, -0.78985924), (0.61242694, 0.032490876, -0.78985924), (0.61242694, 0.032490876, -0.78985924), (0.6124268, 0.032490764, -0.78985924), (0.4019569, -0.17797899, -0.8981949), (0.40195695, -0.17797895, -0.8981949), (0.40195695, -0.17797895, -0.8981949), (0.4019569, -0.17797899, -0.8981949), (0.17797932, -0.4019564, -0.8981951), (0.17797916, -0.40195653, -0.898195), (0.17797916, -0.40195653, -0.898195), (0.17797932, -0.4019564, -0.8981951), (-0.032490946, -0.61242735, -0.7898589), (-0.032490987, -0.6124274, -0.7898589), (-0.032490987, -0.6124274, -0.7898589), (-0.032490946, -0.61242735, -0.7898589), (-0.20406753, -0.78400415, -0.5862542), (-0.2040675, -0.7840041, -0.5862542), (-0.2040675, -0.7840041, -0.5862542), (-0.20406753, -0.78400415, -0.5862542), (-0.31605583, -0.89599246, -0.3119396), (-0.3160558, -0.8959924, -0.31193957), (-0.3160558, -0.8959924, -0.31193957), (-0.31605583, -0.89599246, -0.3119396), (-0.35494944, -0.9348855, 0), (-0.35494944, -0.93488544, 1.0064622e-8), (-0.35494944, -0.93488544, 1.0064622e-8), (-0.35494944, -0.9348855, 0), (-0.31605643, -0.8959925, 0.31193873), (-0.31605643, -0.8959926, 0.3119386), (-0.31605643, -0.8959926, 0.3119386), (-0.31605643, -0.8959925, 0.31193873), (-0.2040675, -0.7840041, 0.5862542), (-0.20406751, -0.7840041, 0.58625424), (-0.20406751, -0.7840041, 0.58625424), (-0.2040675, -0.7840041, 0.5862542), (-0.032490145, -0.61242676, 0.7898594), (-0.03249003, -0.6124266, 0.7898595), (-0.03249003, -0.6124266, 0.7898595), (-0.032490145, -0.61242676, 0.7898594), (0.17797936, -0.40195724, 0.89819473), (0.17797945, -0.40195718, 0.89819473), (0.17797945, -0.40195718, 0.89819473), (0.17797936, -0.40195724, 0.89819473), (0.4019561, -0.17797981, 0.8981951), (0.4019562, -0.17797974, 0.8981951), (0.4019562, -0.17797974, 0.8981951), (0.4019561, -0.17797981, 0.8981951), (0.6124262, 0.032490607, 0.7898598), (0.6124261, 0.032490555, 0.78985983), (0.6124261, 0.032490555, 0.78985983), (0.6124262, 0.032490607, 0.7898598), (0.7840028, 0.20406754, 0.586256), (0.7840028, 0.20406754, 0.586256), (0.7071074, -0.7071062, 7.9842835e-7), (0.7071062, -0.70710737, 7.984282e-7), (0.70710623, -0.70710737, 7.9842715e-7), (0.7071074, -0.7071062, 7.984285e-7), (0.7840028, 0.20406754, 0.586256), (0.7840028, 0.20406754, 0.586256), (0.8959919, 0.31605658, 0.31194034), (0.89599186, 0.31605655, 0.31194034), (0.89599186, 0.31605655, 0.31194034), (0.8959919, 0.31605658, 0.31194034), (0.93488544, 0.3549496, -1.1948939e-7), (0.9348855, 0.35494962, -9.561397e-8), (-0.7071069, 0.70710653, -3.9576824e-7), (-0.7071069, 0.70710653, -3.9576824e-7), (-0.7071069, 0.70710653, -3.9576824e-7), (-0.7071069, 0.70710653, -3.9576824e-7), (-0.7071069, 0.70710653, -3.9576824e-7), (-0.7071069, 0.70710653, -3.9576824e-7), (-0.7071069, 0.70710653, -3.9576824e-7), (-0.7071069, 0.70710653, -3.9576824e-7), (-0.7071069, 0.70710653, -3.9576824e-7), (-0.7071069, 0.70710653, -3.9576824e-7), (-0.7071069, 0.70710653, -3.9576824e-7), (-0.7071069, 0.70710653, -3.9576824e-7), (-0.7071069, 0.70710653, -3.9576824e-7), (-0.7071069, 0.70710653, -3.9576824e-7), (-0.7071069, 0.70710653, -3.9576824e-7), (-0.7071069, 0.70710653, -3.9576824e-7), (-0.7071069, 0.70710653, -3.9576824e-7), (-0.7071069, 0.70710653, -3.9576824e-7), (0.7071096, 0.70710397, 2.8898146e-8), (0.6644659, 0.6644596, 0.3420212), (0.6644659, 0.6644596, 0.34202144), (0.7071096, 0.70710397, -2.8898137e-8), (0.70710677, -0.70710677, -7.984315e-7), (0.70710456, -0.70710903, 6.9862557e-7), (0.70710456, -0.70710903, 6.9862705e-7), (0.70710677, -0.70710677, -7.984299e-7), (0.7071078, -0.7071058, 0.0000011976415), (0.7071077, -0.70710576, 0.0000019960669), (0.7071078, -0.70710576, 0.0000019960662), (0.7071078, -0.7071058, 0.0000011976387), (0.7071076, -0.707106, 7.984276e-7), (0.7071088, -0.70710474, -7.9842977e-7), (0.7071088, -0.70710474, -7.984274e-7), (0.70710754, -0.707106, 7.984281e-7), (0.707105, -0.7071086, 3.9921525e-7), (0.7071056, -0.70710796, -6.986273e-7), (0.70710564, -0.707108, -6.986272e-7), (0.7071049, -0.7071086, 3.9921488e-7), (0.7071055, -0.707108, -3.3382713e-12), (0.70710635, -0.70710725, -0.0000023952912), (0.7071063, -0.70710725, -0.0000023952932), (0.7071055, -0.7071081, -4.0385746e-12), (0.707109, -0.70710456, -7.9842914e-7), (0.70710677, -0.70710677, 1.9960726e-7), (0.70710677, -0.70710677, 1.9960778e-7), (0.707109, -0.7071046, -7.984286e-7), (0.7071076, -0.707106, 3.9921505e-7), (0.7071074, -0.7071062, 7.9842835e-7), (0.7071074, -0.7071062, 7.984285e-7), (0.7071076, -0.70710593, 3.9921062e-7), (0.7071084, -0.7071052, -0.0000023952914), (0.70710677, -0.70710677, -7.984315e-7), (0.70710677, -0.70710677, -7.984299e-7), (0.7071083, -0.7071053, -0.0000023952912), (0.7071059, -0.7071077, -7.984282e-7), (0.7071078, -0.7071058, 0.0000011976415), (0.7071078, -0.7071058, 0.0000011976387), (0.7071059, -0.7071078, -7.9842613e-7), (0.7071062, -0.70710737, 7.984282e-7), (0.7071076, -0.707106, 7.984276e-7), (0.70710754, -0.707106, 7.984281e-7), (0.70710623, -0.70710737, 7.9842715e-7), (0.70710456, -0.70710903, 6.9862557e-7), (0.707105, -0.7071086, 3.9921525e-7), (0.7071049, -0.7071086, 3.9921488e-7), (0.70710456, -0.70710903, 6.9862705e-7), (0.7071077, -0.70710576, 0.0000019960669), (0.7071055, -0.707108, -3.3382713e-12), (0.7071055, -0.7071081, -4.0385746e-12), (0.7071078, -0.70710576, 0.0000019960662), (0.7071088, -0.70710474, -7.9842977e-7), (0.707109, -0.70710456, -7.9842914e-7), (0.707109, -0.7071046, -7.984286e-7), (0.7071088, -0.70710474, -7.984274e-7), (0.7071056, -0.70710796, -6.986273e-7), (0.7071076, -0.707106, 3.9921505e-7), (0.7071076, -0.70710593, 3.9921062e-7), (0.70710564, -0.707108, -6.986272e-7), (0.70710677, -0.70710677, 1.9960726e-7), (0.7071052, -0.7071084, -5.988198e-7), (0.7071052, -0.7071083, -5.988201e-7), (0.70710677, -0.70710677, 1.9960778e-7), (0.70710635, -0.70710725, -0.0000023952912), (0.7071084, -0.7071052, -0.0000023952914), (0.7071083, -0.7071053, -0.0000023952912), (0.7071063, -0.70710725, -0.0000023952932), (0.7071052, -0.7071084, -5.988198e-7), (0.7071059, -0.7071077, -7.984282e-7), (0.7071059, -0.7071078, -7.9842613e-7), (0.7071052, -0.7071083, -5.988201e-7), (-0.5416748, -0.5416731, -0.6427897), (-0.35355338, -0.35355258, -0.8660257), (-0.35355335, -0.35355252, -0.8660258), (-0.5416749, -0.5416733, -0.6427895), (-0.6644602, -0.6644661, 0.3420197), (-0.7071057, -0.7071079, 2.8898166e-8), (-0.70710564, -0.70710796, 2.889814e-8), (-0.6644602, -0.6644661, 0.34201977), (0.6644659, 0.6644596, 0.3420212), (0.5416764, 0.54167384, 0.64278764), (0.5416761, 0.54167354, 0.64278835), (0.6644659, 0.6644596, 0.34202144), (-0.35355338, -0.35355258, -0.8660257), (-0.12278731, -0.122788414, -0.9848077), (-0.12278708, -0.12278819, -0.9848078), (-0.35355335, -0.35355252, -0.8660258), (0.5416764, 0.54167384, 0.64278764), (0.3535534, 0.35355428, 0.866025), (0.3535539, 0.3535547, 0.8660246), (0.5416761, 0.54167354, 0.64278835), (-0.12278731, -0.122788414, -0.9848077), (0.1227911, 0.122789145, -0.98480713), (0.12279072, 0.12278878, -0.98480725), (-0.12278708, -0.12278819, -0.9848078), (0.3535534, 0.35355428, 0.866025), (0.12278713, 0.12278797, 0.9848078), (0.12278736, 0.12278819, 0.9848077), (0.3535539, 0.3535547, 0.8660246), (0.1227911, 0.122789145, -0.98480713), (0.35355526, 0.35355356, -0.86602455), (0.35355482, 0.35355315, -0.8660249), (0.12279072, 0.12278878, -0.98480725), (0.12278713, 0.12278797, 0.9848078), (-0.12278888, -0.12278804, 0.9848076), (-0.12278888, -0.12278804, 0.9848076), (0.12278736, 0.12278819, 0.9848077), (0.35355526, 0.35355356, -0.86602455), (0.5416765, 0.5416731, -0.64278823), (0.5416763, 0.54167295, -0.6427886), (0.35355482, 0.35355315, -0.8660249), (-0.12278888, -0.12278804, 0.9848076), (-0.35355377, -0.35355547, 0.86602443), (-0.3535538, -0.3535555, 0.8660244), (-0.12278888, -0.12278804, 0.9848076), (0.5416765, 0.5416731, -0.64278823), (0.66446555, 0.6644602, -0.3420207), (0.6644654, 0.6644602, -0.34202108), (0.5416763, 0.54167295, -0.6427886), (-0.7071057, -0.7071079, 2.8898166e-8), (-0.66446376, -0.66446227, -0.34202015), (-0.6644638, -0.66446227, -0.34201983), (-0.70710564, -0.70710796, 2.889814e-8), (-0.35355377, -0.35355547, 0.86602443), (-0.5416736, -0.54167825, 0.6427864), (-0.54167354, -0.5416782, 0.64278644), (-0.3535538, -0.3535555, 0.8660244), (0.66446555, 0.6644602, -0.3420207), (0.7071096, 0.70710397, 2.8898146e-8), (0.7071096, 0.70710397, -2.8898137e-8), (0.6644654, 0.6644602, -0.34202108), (-0.66446376, -0.66446227, -0.34202015), (-0.5416748, -0.5416731, -0.6427897), (-0.5416749, -0.5416733, -0.6427895), (-0.6644638, -0.66446227, -0.34201983), (-0.5416736, -0.54167825, 0.6427864), (-0.6644602, -0.6644661, 0.3420197), (-0.6644602, -0.6644661, 0.34201977), (-0.54167354, -0.5416782, 0.64278644), (0.70710695, -0.70710653, 5.144749e-8), (0.70710695, -0.70710653, 5.144749e-8), (0.70710695, -0.70710653, 5.144749e-8), (0.70710695, -0.70710653, 5.144749e-8), (0.70710695, -0.70710653, 5.144749e-8), (0.70710695, -0.70710653, 5.144749e-8), (0.70710695, -0.70710653, 5.144749e-8), (0.70710695, -0.70710653, 5.144749e-8), (0.70710695, -0.70710653, 5.144749e-8), (0.70710695, -0.70710653, 5.144749e-8), (0.70710695, -0.70710653, 5.144749e-8), (0.70710695, -0.70710653, 5.144749e-8), (0.70710695, -0.70710653, 5.144749e-8), (0.70710695, -0.70710653, 5.144749e-8), (0.70710695, -0.70710653, 5.144749e-8), (0.70710695, -0.70710653, 5.144749e-8), (0.70710695, -0.70710653, 5.144749e-8), (0.70710695, -0.70710653, 5.144749e-8), (-0.70709217, 0.7070942, -0.006205508), (-0.70709217, 0.7070942, -0.006205508), (-0.70709217, 0.7070942, -0.006205508), (-0.70709217, 0.7070942, -0.006205508), (2.9387493e-7, 0, 1), (2.9387493e-7, 0, 1), (2.9387493e-7, 0, 1), (2.9387493e-7, 0, 1), (-0.7071093, -0.70710427, 0), (-0.7071093, -0.70710427, 0), (-0.7071093, -0.70710427, 0), (-0.7071093, -0.70710427, 0), (0.7070905, -0.7070959, -0.0062045855), (0.7070905, -0.7070959, -0.0062045855), (0.7070905, -0.7070959, -0.0062045855), (0.7070905, -0.7070959, -0.0062045855), (-1.959739e-8, 0, -0.99999994), (-1.959739e-8, 0, -0.99999994), (-1.959739e-8, 0, -0.99999994), (-1.959739e-8, 0, -0.99999994), (0.70710444, -0.70710915, 0), (0.7071044, -0.70710915, 0), (0.70710534, -0.7071082, 0), (0.70710534, -0.7071082, 0), (0.7071107, 0.70710284, 0), (0.7071107, 0.70710284, 0), (0.7071107, 0.70710284, 0), (0.7071107, 0.70710284, 0), (-0.7071043, 0.7071093, 0), (-0.7071043, 0.7071093, 0), (-0.70710444, 0.70710915, 0), (-0.70710444, 0.70710915, 0), (0.7071078, -0.7071057, 0), (0.7071078, -0.7071057, 0), (0.70710546, -0.7071081, 0), (0.7071057, -0.70710796, 0), (-0.70710856, -0.707105, 0), (-0.70710856, -0.707105, 0), (-0.70710856, -0.707105, 0), (-0.70710856, -0.707105, 0), (-0.21171694, -0.21171585, 0.95412385), (-0.21171694, -0.21171585, 0.95412385), (-0.21171694, -0.21171585, 0.95412385), (-0.21171694, -0.21171585, 0.95412385), (-6.459561e-10, 0, -1), (-1.2919108e-9, 0, -1), (-1.2919108e-9, 0, -1), (-6.45955e-10, 0, -1), (0.21171753, 0.21171564, 0.95412374), (0.21171753, 0.21171564, 0.95412374), (0.21171753, 0.21171564, 0.95412374), (0.21171753, 0.21171564, 0.95412374), (-0.7071061, 0.7071075, 0), (-0.70710593, 0.7071076, 0), (-0.7071078, 0.7071058, 0), (-0.7071078, 0.7071058, 0), (0.70710444, -0.70710915, 0), (0.7071057, -0.70710796, 0), (0.70710546, -0.7071081, 0), (0.7071044, -0.70710915, 0), (-0.7071061, 0.7071075, 0), (-0.70710444, 0.70710915, 0), (-0.70710444, 0.70710915, 0), (-0.70710593, 0.7071076, 0), (0, 0, 1), (0, 0, 1), (0, 0, 1), (0, 0, 1), (-6.45955e-10, 0, -1), (-6.459547e-10, 0, -1), (-6.459554e-10, 0, -1), (-6.459561e-10, 0, -1), (-1.29191e-9, 0, -1), (-6.459554e-10, 0, -1), (-6.459547e-10, 0, -1), (-1.29191e-9, 0, -1), (0.70710987, 0.7071037, -9.669638e-8), (0.70710987, 0.7071037, -9.669638e-8), (0.70710987, 0.7071037, -9.669638e-8), (0.70710987, 0.7071037, -9.669638e-8), (0.4100768, 0.91205096, 2.4658345e-7), (0.41007686, 0.91205096, 4.0442563e-7), (0.4100771, 0.8570474, -0.31194004), (0.41007707, 0.8570473, -0.3119402), (0.41007707, 0.8570473, -0.3119402), (0.4100771, 0.8570474, -0.31194004), (0.41007686, 0.6986714, -0.5862553), (0.4100768, 0.69867146, -0.5862552), (0.4100768, 0.69867146, -0.5862552), (0.41007686, 0.6986714, -0.5862553), (0.41007644, 0.4560259, -0.78985924), (0.41007647, 0.456026, -0.7898592), (0.41007647, 0.456026, -0.7898592), (0.41007644, 0.4560259, -0.78985924), (0.4100762, 0.15837584, -0.8981952), (0.41007617, 0.15837602, -0.89819515), (0.41007617, 0.15837602, -0.89819515), (0.4100762, 0.15837584, -0.8981952), (0.4100764, -0.15837656, -0.89819497), (0.4100764, -0.1583768, -0.8981949), (0.4100764, -0.1583768, -0.8981949), (0.4100764, -0.15837656, -0.89819497), (0.41007668, -0.45602566, -0.78985935), (0.41007668, -0.4560256, -0.78985935), (0.41007668, -0.4560256, -0.78985935), (0.41007668, -0.45602566, -0.78985935), (0.41007677, -0.6986715, -0.58625525), (0.41007677, -0.69867134, -0.58625543), (0.41007677, -0.69867134, -0.58625543), (0.41007677, -0.6986715, -0.58625525), (0.41007683, -0.8570477, -0.31193972), (0.41007686, -0.85704756, -0.31193987), (0.41007686, -0.85704756, -0.31193987), (0.41007683, -0.8570477, -0.31193972), (0.4100767, -0.9120511, 0), (0.4100767, -0.912051, -1.2580782e-7), (0.4100767, -0.912051, -1.2580782e-7), (0.4100767, -0.9120511, 0), (0.41007677, -0.8570476, 0.3119397), (0.41007677, -0.8570477, 0.31193966), (0.41007677, -0.8570477, 0.31193966), (0.41007677, -0.8570476, 0.3119397), (0.41007656, -0.69867164, 0.58625525), (0.41007653, -0.6986715, 0.5862554), (0.41007653, -0.6986715, 0.5862554), (0.41007656, -0.69867164, 0.58625525), (0.41007638, -0.456026, 0.7898593), (0.41007638, -0.456026, 0.78985924), (0.41007638, -0.456026, 0.78985924), (0.41007638, -0.456026, 0.7898593), (0.41007647, -0.1583762, 0.89819497), (0.41007653, -0.15837622, 0.898195), (0.41007653, -0.15837622, 0.898195), (0.41007647, -0.1583762, 0.89819497), (0.41007602, 0.15837601, 0.8981952), (0.41007605, 0.15837616, 0.8981952), (0.41007605, 0.15837616, 0.8981952), (0.41007602, 0.15837601, 0.8981952), (0.41007632, 0.4560252, 0.7898597), (0.41007635, 0.45602527, 0.7898598), (0.41007635, 0.45602527, 0.7898598), (0.41007632, 0.4560252, 0.7898597), (0.4100767, 0.69867116, 0.5862557), (0.41007668, 0.69867104, 0.58625585), (1, -0.0000015968554, -4.2177624e-7), (1, -0.0000015968551, 0.0000015655869), (1, -0.0000015968544, 0.000001565587), (1, -0.0000015968546, -4.2177678e-7), (0.41007668, 0.69867104, 0.58625585), (0.4100767, 0.69867116, 0.5862557), (0.4100767, 0.8570473, 0.31194064), (0.41007674, 0.8570474, 0.31194073), (0.41007674, 0.8570474, 0.31194073), (0.4100767, 0.8570473, 0.31194064), (0.41007686, 0.91205096, 4.0442563e-7), (0.4100768, 0.91205096, 2.4658345e-7), (-1, 0, -2.2072618e-7), (-1, 0, -2.2072618e-7), (-1, 0, -2.2072618e-7), (-1, 0, -2.2072618e-7), (-1, 0, -2.2072618e-7), (-1, 0, -2.2072618e-7), (-1, 0, -2.2072618e-7), (-1, 0, -2.2072618e-7), (-1, 0, -2.2072618e-7), (-1, 0, -2.2072618e-7), (-1, 0, -2.2072618e-7), (-1, 0, -2.2072618e-7), (-1, 0, -2.2072618e-7), (-1, 0, -2.2072618e-7), (-1, 0, -2.2072618e-7), (-1, 0, -2.2072618e-7), (-1, 0, -2.2072618e-7), (-1, 0, -2.2072618e-7), (0.0000010468408, 1, -5.683292e-7), (6.281022e-7, 0.9396929, 0.34201932), (6.281029e-7, 0.93969303, 0.34201914), (0.0000010468409, 1, -5.683301e-7), (1, 0.0000031937147, 9.0140446e-7), (1, 0.000003193717, -8.790903e-7), (1, 0.0000031937172, -8.7909143e-7), (1, 0.0000031937147, 9.014056e-7), (1, 0.0000015968534, 0.0000011502069), (1, 7.984282e-7, 0), (1, 7.984291e-7, 0), (1, 0.0000015968537, 0.0000011502073), (1, 7.98427e-7, 0.0000018666175), (1, 7.984277e-7, 3.9946508e-7), (1, 7.9842715e-7, 3.9946423e-7), (1, 7.984275e-7, 0.0000018666175), (1, 0.0000015968599, 4.0710604e-13), (1, 0, 8.79092e-7), (1, 0, 8.7909024e-7), (1, 0.0000015968602, 0), (1, 0.000002608404, -0.0000010859617), (1, 0.0000010115452, -0.0000023462478), (1, 0.0000010115457, -0.0000023462478), (1, 0.0000026084042, -0.000001085962), (1, 0.0000015968534, -0.0000014671509), (1, 0.0000047905596, -5.840181e-7), (1, 0.000004790559, -5.84019e-7), (1, 0.0000015968527, -0.0000014671508), (1, 0, -9.014031e-7), (1, -0.0000015968554, -4.2177624e-7), (1, -0.0000015968546, -4.2177678e-7), (1, 0, -9.014029e-7), (1, 7.984317e-7, -3.5887663e-7), (1, 0.0000031937147, 9.0140446e-7), (1, 0.0000031937147, 9.014056e-7), (1, 7.984231e-7, -3.5888445e-7), (1, 0.0000031937093, 6.482676e-7), (1, 0.0000015968534, 0.0000011502069), (1, 0.0000015968537, 0.0000011502073), (1, 0.0000031937088, 6.4826816e-7), (1, -0.0000015968551, 0.0000015655869), (1, 7.98427e-7, 0.0000018666175), (1, 7.984275e-7, 0.0000018666175), (1, -0.0000015968544, 0.000001565587), (1, 0.000003193717, -8.790903e-7), (1, 0.0000015968599, 4.0710604e-13), (1, 0.0000015968602, 0), (1, 0.0000031937172, -8.7909143e-7), (1, 7.984282e-7, 0), (1, 0.000002608404, -0.0000010859617), (1, 0.0000026084042, -0.000001085962), (1, 7.984291e-7, 0), (1, 7.984277e-7, 3.9946508e-7), (1, 0.0000015968534, -0.0000014671509), (1, 0.0000015968527, -0.0000014671508), (1, 7.9842715e-7, 3.9946423e-7), (1, 0, 8.79092e-7), (1, 0, -9.014031e-7), (1, 0, -9.014029e-7), (1, 0, 8.7909024e-7), (1, 0.0000047905596, -5.840181e-7), (1, 0.0000047905633, 1.3027404e-12), (1, 0.0000047905623, 1.0096439e-12), (1, 0.000004790559, -5.84019e-7), (1, 0.0000010115452, -0.0000023462478), (1, 7.984317e-7, -3.5887663e-7), (1, 7.984231e-7, -3.5888445e-7), (1, 0.0000010115457, -0.0000023462478), (1, 0.0000047905633, 1.3027404e-12), (1, 0.0000031937093, 6.482676e-7), (1, 0.0000031937088, 6.4826816e-7), (1, 0.0000047905623, 1.0096439e-12), (0, -0.76604444, -0.6427876), (0.000001674955, -0.49999803, -0.8660265), (0.000001674955, -0.49999803, -0.8660266), (0, -0.76604444, -0.6427876), (0, -0.93969244, 0.34202063), (0, -1, 2.1191933e-7), (0, -1, 2.889818e-8), (0, -0.9396925, 0.34202048), (6.281022e-7, 0.9396929, 0.34201932), (0, 0.7660457, 0.64278615), (0, 0.7660456, 0.6427863), (6.281029e-7, 0.93969303, 0.34201914), (0.000001674955, -0.49999803, -0.8660265), (0.0000016749525, -0.17364696, -0.98480797), (0.0000016749566, -0.17364736, -0.9848079), (0.000001674955, -0.49999803, -0.8660266), (0, 0.7660457, 0.64278615), (0, 0.50000095, 0.8660249), (0, 0.50000095, 0.8660249), (0, 0.7660456, 0.6427863), (0.0000016749525, -0.17364696, -0.98480797), (0.0000016749556, 0.17364807, -0.9848077), (0.000001674954, 0.1736479, -0.9848078), (0.0000016749566, -0.17364736, -0.9848079), (0, 0.50000095, 0.8660249), (-0.0000016749566, 0.17364824, 0.9848077), (-0.0000016749576, 0.17364818, 0.9848078), (0, 0.50000095, 0.8660249), (0.0000016749556, 0.17364807, -0.9848077), (0.0000050248473, 0.4999992, -0.86602587), (0.0000050248505, 0.49999943, -0.8660258), (0.000001674954, 0.1736479, -0.9848078), (-0.0000016749566, 0.17364824, 0.9848077), (-8.378046e-12, -0.17364797, 0.98480785), (-1.61682e-12, -0.17364831, 0.9848077), (-0.0000016749576, 0.17364818, 0.9848078), (0.0000050248473, 0.4999992, -0.86602587), (0.0000041873673, 0.7660444, -0.6427877), (0.0000041873595, 0.7660447, -0.6427872), (0.0000050248505, 0.49999943, -0.8660258), (-8.378046e-12, -0.17364797, 0.98480785), (0.0000016749503, -0.4999996, 0.8660257), (0.0000016749501, -0.49999958, 0.8660256), (-1.61682e-12, -0.17364831, 0.9848077), (0.0000041873673, 0.7660444, -0.6427877), (0.0000012562102, 0.9396927, -0.34202), (0.0000012562103, 0.93969274, -0.34202), (0.0000041873595, 0.7660447, -0.6427872), (0, -1, 2.1191933e-7), (0, -0.93969315, -0.34201866), (0, -0.9396932, -0.34201866), (0, -1, 2.889818e-8), (0.0000016749503, -0.4999996, 0.8660257), (0, -0.76604396, 0.6427882), (0, -0.76604396, 0.64278823), (0.0000016749501, -0.49999958, 0.8660256), (0.0000012562102, 0.9396927, -0.34202), (0.0000010468408, 1, -5.683292e-7), (0.0000010468409, 1, -5.683301e-7), (0.0000012562103, 0.93969274, -0.34202), (0, -0.93969315, -0.34201866), (0, -0.76604444, -0.6427876), (0, -0.76604444, -0.6427876), (0, -0.9396932, -0.34201866), (0, -0.76604396, 0.6427882), (0, -0.93969244, 0.34202063), (0, -0.9396925, 0.34202048), (0, -0.76604396, 0.64278823), (1, 1.0289498e-7, 3.6083168e-7), (1, 1.0289498e-7, 3.6083168e-7), (1, 1.0289498e-7, 3.6083168e-7), (1, 1.0289498e-7, 3.6083168e-7), (1, 1.0289498e-7, 3.6083168e-7), (1, 1.0289498e-7, 3.6083168e-7), (1, 1.0289498e-7, 3.6083168e-7), (1, 1.0289498e-7, 3.6083168e-7), (1, 1.0289498e-7, 3.6083168e-7), (1, 1.0289498e-7, 3.6083168e-7), (1, 1.0289498e-7, 3.6083168e-7), (1, 1.0289498e-7, 3.6083168e-7), (1, 1.0289498e-7, 3.6083168e-7), (1, 1.0289498e-7, 3.6083168e-7), (1, 1.0289498e-7, 3.6083168e-7), (1, 1.0289498e-7, 3.6083168e-7), (1, 1.0289498e-7, 3.6083168e-7), (1, 1.0289498e-7, 3.6083168e-7), (0.83146983, 0.55556995, 0), (0.9238797, 0.38268313, 0), (0.9238797, 0.38268313, 0), (0.83146983, 0.55556995, 0), (0.98184323, -0.18969397, 0), (0.92387927, -0.38268417, 0), (0.92387927, -0.38268417, 0), (0.98184323, -0.18969397, 0), (-0.8314698, 0.55557, 0), (-0.92387974, 0.38268292, 0), (-0.92387974, 0.38268292, 0), (-0.8314698, 0.55557, 0), (-0.70710635, -0.7071072, 0), (-0.83146924, -0.5555708, 0), (-0.83146924, -0.5555708, 0), (-0.70710635, -0.7071072, 0), (-0.9238792, -0.3826841, 0), (-0.9818474, -0.18967246, 0), (-0.9818474, -0.18967246, 0), (-0.9238792, -0.3826841, 0), (-0.7071078, 0.7071059, 0), (-0.8314698, 0.55557, 0), (-0.8314698, 0.55557, 0), (-0.7071078, 0.7071059, 0), (-1, 7.9989286e-7, 0), (-0.98184335, -0.1896935, 0), (-0.98184335, -0.1896935, 0), (-1, 7.9989286e-7, 0), (0.7071058, 0.7071078, 0), (0.83146983, 0.55556995, 0), (0.83146983, 0.55556995, 0), (0.7071058, 0.7071078, 0), (0.9238797, 0.38268313, 0), (0.98184335, 0.18969361, 0), (0.98184335, 0.18969361, 0), (0.9238797, 0.38268313, 0), (-0.5555712, 0.831469, 0), (-0.7071078, 0.7071059, 0), (-0.7071078, 0.7071059, 0), (-0.5555712, 0.831469, 0), (-0.5555699, -0.83146983, 0), (-0.70710635, -0.7071072, 0), (-0.70710635, -0.7071072, 0), (-0.5555699, -0.83146983, 0), (-0.83146924, -0.5555708, 0), (-0.9238792, -0.3826841, 0), (-0.9238792, -0.3826841, 0), (-0.83146924, -0.5555708, 0), (-0.3826839, 0.9238794, 0), (-0.5555712, 0.831469, 0), (-0.5555712, 0.831469, 0), (-0.3826839, 0.9238794, 0), (0.5555702, 0.8314697, 0), (0.7071058, 0.7071078, 0), (0.7071058, 0.7071078, 0), (0.5555702, 0.8314697, 0), (-0.19509092, 0.98078513, 0), (-0.3826839, 0.9238794, 0), (-0.3826839, 0.9238794, 0), (-0.19509092, 0.98078513, 0), (-0.38268355, -0.9238795, 0), (-0.5555699, -0.83146983, 0), (-0.5555699, -0.83146983, 0), (-0.38268355, -0.9238795, 0), (-4.2418617e-7, 1, 0), (-0.19509092, 0.98078513, 0), (-0.19509092, 0.98078513, 0), (-4.2418617e-7, 1, 0), (0.38268363, 0.92387944, 0), (0.5555702, 0.8314697, 0), (0.5555702, 0.8314697, 0), (0.38268363, 0.92387944, 0), (0.1950906, 0.98078525, 0), (-4.2418617e-7, 1, 0), (-4.2418617e-7, 1, 0), (0.1950906, 0.98078525, 0), (-0.19508998, -0.98078537, 0), (-0.38268355, -0.9238795, 0), (-0.38268355, -0.9238795, 0), (-0.19508998, -0.98078537, 0), (0.38268372, 0.9238794, 0), (0.1950906, 0.98078525, 0), (0.1950906, 0.98078525, 0), (0.38268372, 0.9238794, 0), (0.19508995, 0.98078537, 0), (0.38268363, 0.92387944, 0), (0.38268363, 0.92387944, 0), (0.19508995, 0.98078537, 0), (0.55557, 0.8314698, 0), (0.38268372, 0.9238794, 0), (0.38268372, 0.9238794, 0), (0.55557, 0.8314698, 0), (6.481947e-7, -1, 0), (-0.19508998, -0.98078537, 0), (-0.19508998, -0.98078537, 0), (6.481947e-7, -1, 0), (0.70710665, 0.7071069, 0), (0.55557, 0.8314698, 0), (0.55557, 0.8314698, 0), (0.70710665, 0.7071069, 0), (0.0000011629372, 1, 0), (0.19508995, 0.98078537, 0), (0.19508995, 0.98078537, 0), (0.0000011629372, 1, 0), (0.83146954, 0.5555704, 0), (0.70710665, 0.7071069, 0), (0.70710665, 0.7071069, 0), (0.83146954, 0.5555704, 0), (0.19509126, -0.9807851, 0), (6.481947e-7, -1, 0), (6.481947e-7, -1, 0), (0.19509126, -0.9807851, 0), (0.9238795, 0.38268352, 0), (0.83146954, 0.5555704, 0), (0.83146954, 0.5555704, 0), (0.9238795, 0.38268352, 0), (-0.38268286, 0.92387974, 0), (-0.19508955, 0.9807854, 0), (-0.19508955, 0.9807854, 0), (-0.38268286, 0.92387974, 0), (0.9818474, 0.18967251, 0), (0.9238795, 0.38268352, 0), (0.9238795, 0.38268352, 0), (0.9818474, 0.18967251, 0), (-0.19508955, 0.9807854, 0), (0.0000011629372, 1, 0), (0.0000011629372, 1, 0), (-0.19508955, 0.9807854, 0), (0.16804312, 0.069605924, 0.98331916), (0.1512351, 0.10105227, 0.98331904), (0.15123509, 0.10105229, 0.98331904), (0.1680431, 0.069605924, 0.9833191), (-0.17857905, -0.0345617, 0.9833183), (-0.16804443, -0.06960604, 0.98331887), (-0.16804445, -0.06960605, 0.98331887), (-0.17860457, -0.034433335, 0.9833182), (0.17857811, 0.034558095, 0.9833187), (0.16804312, 0.069605924, 0.98331916), (0.1680431, 0.069605924, 0.9833191), (0.17860371, 0.034429207, 0.9833185), (-0.16804315, 0.06960599, 0.9833191), (-0.178577, 0.034561798, 0.98331875), (-0.17860252, 0.034433443, 0.9833186), (-0.16804317, 0.069606, 0.9833191), (0.18227102, 1.2229624e-7, 0.98324835), (0.18227102, 1.3439481e-7, 0.98324835), (0.17860432, -0.034429215, 0.98331845), (0.17857869, -0.034558114, 0.9833185), (0.16804433, -0.069605954, 0.9833189), (0.17857869, -0.034558114, 0.9833185), (0.17860432, -0.034429215, 0.98331845), (0.1680443, -0.06960596, 0.9833189), (-0.15123522, 0.10105221, 0.98331904), (-0.16804315, 0.06960599, 0.9833191), (-0.16804317, 0.069606, 0.9833191), (-0.15123522, 0.1010522, 0.98331904), (-0.18227129, 1.10383304e-7, 0.98324823), (-0.18227133, 8.884454e-8, 0.98324823), (-0.17860252, 0.034433443, 0.9833186), (-0.178577, 0.034561798, 0.98331875), (0.1512356, -0.10105207, 0.9833189), (0.16804433, -0.069605954, 0.9833189), (0.1680443, -0.06960596, 0.9833189), (0.15123563, -0.101052076, 0.98331904), (-0.1286151, 0.12861507, 0.98331904), (-0.15123522, 0.10105221, 0.98331904), (-0.15123522, 0.1010522, 0.98331904), (-0.1286151, 0.12861507, 0.98331904), (-0.18227129, 1.10383304e-7, 0.98324823), (-0.17857905, -0.0345617, 0.9833183), (-0.17860457, -0.034433335, 0.9833182), (-0.18227133, 8.884454e-8, 0.98324823), (0.12861486, -0.12861486, 0.9833191), (0.1512356, -0.10105207, 0.9833189), (0.15123563, -0.101052076, 0.98331904), (0.12861486, -0.12861483, 0.9833191), (-0.1010518, 0.15123536, 0.9833191), (-0.1286151, 0.12861507, 0.98331904), (-0.1286151, 0.12861507, 0.98331904), (-0.101051815, 0.15123533, 0.98331904), (0.10105168, -0.15123524, 0.9833191), (0.12861486, -0.12861486, 0.9833191), (0.12861486, -0.12861483, 0.9833191), (0.10105169, -0.15123522, 0.9833191), (-0.069605395, 0.1680437, 0.98331904), (-0.1010518, 0.15123536, 0.9833191), (-0.101051815, 0.15123533, 0.98331904), (-0.06960541, 0.1680437, 0.98331904), (0.069605604, -0.16804351, 0.9833191), (0.10105168, -0.15123524, 0.9833191), (0.10105169, -0.15123522, 0.9833191), (0.0696056, -0.16804352, 0.9833191), (-0.035485428, 0.17839414, 0.98331904), (-0.069605395, 0.1680437, 0.98331904), (-0.06960541, 0.1680437, 0.98331904), (-0.035485454, 0.17839414, 0.98331904), (-1.2699229e-7, -0.1818891, 0.9833191), (0.03548449, -0.17839403, 0.9833191), (0.035484456, -0.17839403, 0.98331904), (-1.7095503e-7, -0.1818891, 0.9833191), (0.03548449, -0.17839403, 0.9833191), (0.069605604, -0.16804351, 0.9833191), (0.0696056, -0.16804352, 0.9833191), (0.035484456, -0.17839403, 0.98331904), (-4.6437518e-7, 0.18188918, 0.98331904), (-0.035485428, 0.17839414, 0.98331904), (-0.035485454, 0.17839414, 0.98331904), (-4.7599192e-7, 0.18188916, 0.98331904), (-0.035484646, -0.17839411, 0.98331904), (-1.2699229e-7, -0.1818891, 0.9833191), (-1.7095503e-7, -0.1818891, 0.9833191), (-0.035484657, -0.17839412, 0.9833191), (0.035484366, 0.17839424, 0.98331904), (-4.6437518e-7, 0.18188918, 0.98331904), (-4.7599192e-7, 0.18188916, 0.98331904), (0.035484355, 0.17839424, 0.98331904), (-0.069605045, -0.16804366, 0.9833191), (-0.035484646, -0.17839411, 0.98331904), (-0.035484657, -0.17839412, 0.9833191), (-0.069605045, -0.16804364, 0.9833191), (0.06960474, 0.16804367, 0.9833191), (0.035484366, 0.17839424, 0.98331904), (0.035484355, 0.17839424, 0.98331904), (0.06960474, 0.16804367, 0.9833191), (-0.101051204, -0.15123536, 0.98331916), (-0.069605045, -0.16804366, 0.9833191), (-0.069605045, -0.16804364, 0.9833191), (-0.101051204, -0.15123534, 0.98331916), (0.10105169, 0.15123525, 0.9833191), (0.06960474, 0.16804367, 0.9833191), (0.06960474, 0.16804367, 0.9833191), (0.10105169, 0.15123524, 0.9833191), (-0.12861511, -0.12861508, 0.98331904), (-0.101051204, -0.15123536, 0.98331916), (-0.101051204, -0.15123534, 0.98331916), (-0.12861511, -0.12861507, 0.98331904), (0.12861608, 0.12861492, 0.9833189), (0.10105169, 0.15123525, 0.9833191), (0.10105169, 0.15123524, 0.9833191), (0.12861606, 0.12861493, 0.98331887), (-0.15123585, -0.101052284, 0.9833189), (-0.12861511, -0.12861508, 0.98331904), (-0.12861511, -0.12861507, 0.98331904), (-0.15123586, -0.101052284, 0.983319), (0.1512351, 0.10105227, 0.98331904), (0.12861608, 0.12861492, 0.9833189), (0.12861606, 0.12861493, 0.98331887), (0.15123509, 0.10105229, 0.98331904), (-0.16804443, -0.06960604, 0.98331887), (-0.15123585, -0.101052284, 0.9833189), (-0.15123586, -0.101052284, 0.983319), (-0.16804445, -0.06960605, 0.98331887), (0.18227102, 1.2229624e-7, 0.98324835), (0.17857811, 0.034558095, 0.9833187), (0.17860371, 0.034429207, 0.9833185), (0.18227102, 1.3439481e-7, 0.98324835), (-0.92387974, 0.38268292, 0), (-0.9818435, 0.189693, 0), (-0.9818435, 0.189693, 0), (-0.92387974, 0.38268292, 0), (-1, -7.951286e-7, 0), (-0.9818474, 0.18967243, 0), (-0.9818474, 0.18967243, 0), (-1, -7.951286e-7, 0), (-0.9818474, -0.18967246, 0), (-1, -7.951286e-7, 0), (-1, -7.951286e-7, 0), (-0.9818474, -0.18967246, 0), (-0.98184335, -0.1896935, 0), (-0.9238792, -0.38268414, 0), (-0.9238792, -0.38268414, 0), (-0.98184335, -0.1896935, 0), (-0.9818474, 0.18967243, 0), (-0.92387915, 0.38268432, 0), (-0.92387915, 0.38268432, 0), (-0.9818474, 0.18967243, 0), (-0.9238792, -0.38268414, 0), (-0.8314698, -0.55557, 0), (-0.8314698, -0.55557, 0), (-0.9238792, -0.38268414, 0), (0.92387927, -0.38268417, 0), (0.83146894, -0.5555712, 0), (0.83146894, -0.5555712, 0), (0.92387927, -0.38268417, 0), (-0.8314698, -0.55557, 0), (-0.707107, -0.70710653, 0), (-0.707107, -0.70710653, 0), (-0.8314698, -0.55557, 0), (1, -0.0000011188978, 0), (0.98184323, -0.18969397, 0), (0.98184323, -0.18969397, 0), (1, -0.0000011188978, 0), (-0.707107, -0.70710653, 0), (-0.55557024, -0.8314696, 0), (-0.55557024, -0.8314696, 0), (-0.707107, -0.70710653, 0), (-0.92387915, 0.38268432, 0), (-0.83146966, 0.5555702, 0), (-0.83146966, 0.5555702, 0), (-0.92387915, 0.38268432, 0), (-0.55557024, -0.8314696, 0), (-0.38268316, -0.9238797, 0), (-0.38268316, -0.9238797, 0), (-0.55557024, -0.8314696, 0), (0.83146894, -0.5555712, 0), (0.7071068, -0.7071067, 0), (0.7071068, -0.7071067, 0), (0.83146894, -0.5555712, 0), (0.98184335, 0.18969361, 0), (1, -0.0000011188978, 0), (1, -0.0000011188978, 0), (0.98184335, 0.18969361, 0), (-0.38268316, -0.9238797, 0), (-0.19509026, -0.9807853, 0), (-0.19509026, -0.9807853, 0), (-0.38268316, -0.9238797, 0), (-0.19509026, -0.9807853, 0), (-0.0000013631151, -1, 0), (-0.0000013631151, -1, 0), (-0.19509026, -0.9807853, 0), (-0.83146966, 0.5555702, 0), (-0.7071066, 0.7071069, 0), (-0.7071066, 0.7071069, 0), (-0.83146966, 0.5555702, 0), (0.19508955, -0.9807854, 0), (0.38268363, -0.9238794, 0), (0.38268363, -0.9238794, 0), (0.19508955, -0.9807854, 0), (-0.0000013631151, -1, 0), (0.19508955, -0.9807854, 0), (0.19508955, -0.9807854, 0), (-0.0000013631151, -1, 0), (0.7071068, -0.7071067, 0), (0.55557, -0.8314698, 0), (0.55557, -0.8314698, 0), (0.7071068, -0.7071067, 0), (0.38268363, -0.9238794, 0), (0.55557024, -0.8314696, 0), (0.55557024, -0.8314696, 0), (0.38268363, -0.9238794, 0), (0.9818476, -0.18967171, 0), (1, 5.1897615e-7, 0), (1, 5.1897615e-7, 0), (0.9818476, -0.18967171, 0), (-0.7071066, 0.7071069, 0), (-0.55556875, 0.8314706, 0), (-0.55556875, 0.8314706, 0), (-0.7071066, 0.7071069, 0), (0.55557024, -0.8314696, 0), (0.70710707, -0.7071065, 0), (0.70710707, -0.7071065, 0), (0.55557024, -0.8314696, 0), (-0.9818435, 0.189693, 0), (-1, 7.9989286e-7, 0), (-1, 7.9989286e-7, 0), (-0.9818435, 0.189693, 0), (0.55557, -0.8314698, 0), (0.3826831, -0.9238796, 0), (0.3826831, -0.9238796, 0), (0.55557, -0.8314698, 0), (1, 5.1897615e-7, 0), (0.9818474, 0.18967251, 0), (0.9818474, 0.18967251, 0), (1, 5.1897615e-7, 0), (0.70710707, -0.7071065, 0), (0.8314698, -0.55557, 0), (0.8314698, -0.55557, 0), (0.70710707, -0.7071065, 0), (-0.55556875, 0.8314706, 0), (-0.38268286, 0.92387974, 0), (-0.38268286, 0.92387974, 0), (-0.55556875, 0.8314706, 0), (0.8314698, -0.55557, 0), (0.9238797, -0.3826831, 0), (0.9238797, -0.3826831, 0), (0.8314698, -0.55557, 0), (0.3826831, -0.9238796, 0), (0.19509126, -0.9807851, 0), (0.19509126, -0.9807851, 0), (0.3826831, -0.9238796, 0), (0.9238797, -0.3826831, 0), (0.9818476, -0.18967171, 0), (0.9818476, -0.18967171, 0), (0.9238797, -0.3826831, 0), (-0.18740174, -0.94212425, 0.27799731), (-0.19396965, -0.97514135, 0.10712184), (-0.000002137495, -0.99424595, 0.10712127), (-0.0000019785748, -0.96058166, 0.27799788), (0.94286925, 0.18365072, 0.2779748), (0.9758932, 0.19012883, 0.10716132), (0.9185634, 0.38048148, 0.10712129), (0.8874617, 0.36759892, 0.27799788), (0.94286925, 0.18365072, 0.2779748), (0.96056944, 1.8314077e-7, 0.27804017), (0.9942548, 2.9288583e-7, 0.10703881), (0.9758932, 0.19012883, 0.10716132), (0.18740015, -0.9421244, 0.2779979), (0.19396804, -0.9751418, 0.10712044), (0.38048157, -0.91856354, 0.10712039), (0.36759874, -0.8874618, 0.2779977), (0.67923415, -0.6792336, 0.2779975), (0.70303833, -0.7030381, 0.10711969), (0.8266855, -0.55237347, 0.107119836), (0.7986948, -0.5336703, 0.27799731), (-0.88746214, 0.36759856, 0.2779971), (-0.91856366, 0.38048103, 0.107121445), (-0.97589034, 0.19014339, 0.10716132), (-0.9428666, 0.18366493, 0.2779741), (0.18739998, 0.9421243, 0.27799824), (0.19396743, 0.97514176, 0.107122876), (-4.5752398e-7, 0.99424595, 0.107121564), (-2.4457028e-8, 0.9605816, 0.27799812), (-0.67923415, 0.6792335, 0.27799773), (-0.70303804, 0.70303804, 0.107121624), (-0.8266853, 0.5523733, 0.10712206), (-0.7986947, 0.5336706, 0.27799734), (-0.53367025, -0.798695, 0.27799687), (-0.5523732, -0.8266854, 0.10712148), (-0.3804811, -0.91856366, 0.10712152), (-0.3675985, -0.88746226, 0.27799678), (-0.99484336, 1.5244898e-7, 0.101423524), (-0.9942547, 8.3341725e-8, 0.10703974), (-0.97589034, 0.19014339, 0.10716132), (-0.9764652, 0.19028024, 0.10153398), (0.36759874, -0.8874618, 0.2779977), (0.38048157, -0.91856354, 0.10712039), (0.5523736, -0.82668537, 0.10712021), (0.5336707, -0.79869443, 0.27799764), (0.53367037, 0.7986947, 0.2779976), (0.55237335, 0.8266854, 0.10712108), (0.38048163, 0.9185634, 0.10712164), (0.36759824, 0.88746184, 0.27799803), (0.7986944, 0.5336708, 0.2779978), (0.82668513, 0.5523737, 0.10712139), (0.70303756, 0.7030385, 0.10712137), (0.6792338, 0.679234, 0.2779977), (-0.7986947, 0.5336706, 0.27799734), (-0.8266853, 0.5523733, 0.10712206), (-0.91856366, 0.38048103, 0.107121445), (-0.88746214, 0.36759856, 0.2779971), (-0.3675985, -0.88746226, 0.27799678), (-0.3804811, -0.91856366, 0.10712152), (-0.19396965, -0.97514135, 0.10712184), (-0.18740174, -0.94212425, 0.27799731), (-0.36759892, 0.8874617, 0.27799764), (-0.38048172, 0.9185633, 0.10712198), (-0.5523738, 0.82668513, 0.10712129), (-0.5336711, 0.7986942, 0.27799773), (-0.79869443, -0.53367096, 0.2779973), (-0.8266851, -0.55237377, 0.107121184), (-0.7030376, -0.70303845, 0.10712153), (-0.67923355, -0.6792343, 0.2779971), (-0.5336711, 0.7986942, 0.27799773), (-0.5523738, 0.82668513, 0.10712129), (-0.70303804, 0.70303804, 0.107121624), (-0.67923415, 0.6792335, 0.27799773), (0.9948433, 2.5725694e-7, 0.10142454), (0.9942548, 2.9288583e-7, 0.10703881), (0.9758933, -0.19012862, 0.10716067), (0.9764679, -0.19026548, 0.10153516), (-2.4457028e-8, 0.9605816, 0.27799812), (-4.5752398e-7, 0.99424595, 0.107121564), (-0.19396806, 0.97514176, 0.10712102), (-0.18740036, 0.94212425, 0.277998), (-0.9428666, -0.18366514, 0.2779743), (-0.97589034, -0.19014364, 0.10716139), (-0.91856354, -0.38048148, 0.10712106), (-0.8874618, -0.36759907, 0.27799726), (0.8874617, 0.36759892, 0.27799788), (0.9185634, 0.38048148, 0.10712129), (0.82668513, 0.5523737, 0.10712139), (0.7986944, 0.5336708, 0.2779978), (-0.18740036, 0.94212425, 0.277998), (-0.19396806, 0.97514176, 0.10712102), (-0.38048172, 0.9185633, 0.10712198), (-0.36759892, 0.8874617, 0.27799764), (0.7986948, -0.5336703, 0.27799731), (0.8266855, -0.55237347, 0.107119836), (0.91856354, -0.38048136, 0.107120216), (0.88746196, -0.36759835, 0.27799746), (0.36759824, 0.88746184, 0.27799803), (0.38048163, 0.9185634, 0.10712164), (0.19396743, 0.97514176, 0.107122876), (0.18739998, 0.9421243, 0.27799824), (-0.67923355, -0.6792343, 0.2779971), (-0.7030376, -0.70303845, 0.10712153), (-0.5523732, -0.8266854, 0.10712148), (-0.53367025, -0.798695, 0.27799687), (0.88746196, -0.36759835, 0.27799746), (0.91856354, -0.38048136, 0.107120216), (0.9758933, -0.19012862, 0.10716067), (0.94286937, -0.18365024, 0.27797472), (-0.9428666, -0.18366514, 0.2779743), (-0.9605697, 1.9901417e-7, 0.2780394), (-0.9942547, 8.3341725e-8, 0.10703974), (-0.97589034, -0.19014364, 0.10716139), (0.5336707, -0.79869443, 0.27799764), (0.5523736, -0.82668537, 0.10712021), (0.70303833, -0.7030381, 0.10711969), (0.67923415, -0.6792336, 0.2779975), (0.6792338, 0.679234, 0.2779977), (0.70303756, 0.7030385, 0.10712137), (0.55237335, 0.8266854, 0.10712108), (0.53367037, 0.7986947, 0.2779976), (-0.0000019785748, -0.96058166, 0.27799788), (-0.000002137495, -0.99424595, 0.10712127), (0.19396804, -0.9751418, 0.10712044), (0.18740015, -0.9421244, 0.2779979), (-0.8874618, -0.36759907, 0.27799726), (-0.91856354, -0.38048148, 0.10712106), (-0.8266851, -0.55237377, 0.107121184), (-0.79869443, -0.53367096, 0.2779973), (-0.83021754, 0.0000024354636, -0.55743957), (-0.8302174, 0.0000024354633, -0.55743974), (-0.9667494, 0.0000022910497, -0.25572562), (-0.96674883, 0.0000022910529, -0.25572783), (-0.28735167, 6.5557504e-7, -0.95782506), (-0.28735167, 6.5557504e-7, -0.95782506), (-0.35954794, 7.3766734e-7, -0.9331266), (-0.3595479, 7.3766734e-7, -0.9331266), (-0.5151883, 4.09663e-7, -0.857077), (-0.5151883, 4.0966282e-7, -0.857077), (-0.67750585, 0.0000011578874, -0.7355174), (-0.6775059, 0.0000011578882, -0.7355174), (-0.6775059, 0.0000011578882, -0.7355174), (-0.67750585, 0.0000011578874, -0.7355174), (-0.8302174, 0.0000024354633, -0.55743974), (-0.83021754, 0.0000024354636, -0.55743957), (-0.96674883, 0.0000022910529, -0.25572783), (-0.9667494, 0.0000022910497, -0.25572562), (-0.9984959, 0.000001959568, -0.054826006), (-0.9984959, 0.000001959568, -0.054826006), (-0.3595479, 7.3766734e-7, -0.9331266), (-0.35954794, 7.3766734e-7, -0.9331266), (-0.5151883, 4.0966282e-7, -0.857077), (-0.5151883, 4.09663e-7, -0.857077), (0.83021736, -0.0000030726724, 0.55743974), (0.9672133, -0.0000028854013, 0.25396562), (0.9672138, -0.000002885391, 0.25396347), (0.83021724, -0.0000030726712, 0.5574399), (0.28354168, -5.9954476e-7, 0.95896), (0.35769233, -7.0967906e-7, 0.93383956), (0.35769245, -7.096791e-7, 0.93383944), (0.28354168, -5.9954476e-7, 0.95896), (0.5151882, -9.3288924e-7, 0.85707706), (0.6775056, -0.0000016815895, 0.7355176), (0.6775057, -0.0000016815899, 0.73551756), (0.5151883, -9.3288935e-7, 0.85707706), (0.6775056, -0.0000016815895, 0.7355176), (0.83021736, -0.0000030726724, 0.55743974), (0.83021724, -0.0000030726712, 0.5574399), (0.6775057, -0.0000016815899, 0.73551756), (0.9672133, -0.0000028854013, 0.25396562), (0.99868876, -0.0000018572586, 0.051193368), (0.99868876, -0.0000018572586, 0.051193368), (0.9672138, -0.000002885391, 0.25396347), (0.35769233, -7.0967906e-7, 0.93383956), (0.5151882, -9.3288924e-7, 0.85707706), (0.5151883, -9.3288935e-7, 0.85707706), (0.35769245, -7.096791e-7, 0.93383944), (0.0005148594, -0.9999996, -0.00075181713), (0.00079851015, -0.999999, -0.0011655347), (0.00079851015, -0.999999, -0.0011655347), (0.0002461103, -0.99999994, -0.0003598344), (0.0000021685792, 1, -0.0000017749181), (9.7253e-7, 1, -0.0000010352597), (0.0000010429364, 1, -0.0000010430874), (0.0000021511964, 1, -0.0000016437054), (-0.99750084, 0.0000020874857, -0.07065435), (-0.99750084, 0.0000020874857, -0.07065435), (-0.99750084, 0.0000020874857, -0.07065435), (-0.99750084, 0.0000020874857, -0.07065435), (0.0005037454, 0.9999996, -0.0007303937), (0.0000021685792, 1, -0.0000017749181), (0.0000021511964, 1, -0.0000016437054), (0.00024300891, 0.99999994, -0.00035184115), (-0.0000016162377, -1, 1.3255642e-7), (-0.0000018744739, -1, 0.0000019420693), (-0.000001824708, -1, 0.000001890509), (-0.0000016177978, -1, 2.3158194e-7), (9.7253e-7, 1, -0.0000010352597), (4.8549856e-7, 1, -9.258785e-7), (3.2720357e-7, 1, -9.2384295e-7), (0.0000010429364, 1, -0.0000010430874), (-0.0000018744739, -1, 0.0000019420693), (0.0005148594, -0.9999996, -0.00075181713), (0.0002461103, -0.99999994, -0.0003598344), (-0.000001824708, -1, 0.000001890509), (4.8549856e-7, 1, -9.258785e-7), (0.0000010297239, 1, 4.7776814e-7), (9.728263e-7, 1, -1.3446511e-7), (3.2720357e-7, 1, -9.2384295e-7), (-0.0000019224913, -1, -0.0000015750336), (-0.0000016162377, -1, 1.3255642e-7), (-0.0000016177978, -1, 2.3158194e-7), (-0.0000018296497, -1, -0.0000015095553), (0.0000010297239, 1, 4.7776814e-7), (0.0000011067011, 1, 0.0000013060621), (0.0000011067011, 1, 0.0000013060621), (9.728263e-7, 1, -1.3446511e-7), (-9.681424e-7, -1, 2.583586e-7), (-0.0000019224913, -1, -0.0000015750336), (-0.0000018296497, -1, -0.0000015095553), (-0.0000014881593, -1, -6.125828e-7), (0.36372247, 0, -0.93150735), (0.36372247, 0, -0.93150735), (0.36372247, 0, -0.93150735), (0.36372247, 0, -0.93150735), (0.00077894056, 0.99999905, -0.0011299383), (0.0005037454, 0.9999996, -0.0007303937), (0.00024300891, 0.99999994, -0.00035184115), (0.00077894056, 0.99999905, -0.0011299383), (-2.6460418e-7, -1, 0.0000014366675), (-9.681424e-7, -1, 2.583586e-7), (-0.0000014881593, -1, -6.125828e-7), (-2.6460418e-7, -1, 0.0000014366675), (-0.58705, 0.5870548, -0.5574397), (-0.58705, 0.5870547, -0.55743974), (-0.6835923, 0.683598, -0.25572526), (-0.6835918, 0.6835975, -0.25572768), (-0.20318562, 0.20318867, -0.9578256), (-0.20318562, 0.20318867, -0.9578256), (-0.25423676, 0.25423932, -0.93312705), (-0.2542367, 0.25423926, -0.93312705), (-0.36429238, 0.36429363, -0.8570771), (-0.36429238, 0.36429366, -0.8570771), (-0.47906765, 0.47907025, -0.73551744), (-0.4790676, 0.4790702, -0.73551744), (-0.4790676, 0.4790702, -0.73551744), (-0.47906765, 0.47907025, -0.73551744), (-0.58705, 0.5870547, -0.55743974), (-0.58705, 0.5870548, -0.5574397), (-0.6835918, 0.6835975, -0.25572768), (-0.6835923, 0.683598, -0.25572526), (-0.7060401, 0.70604646, -0.054825727), (-0.7060401, 0.70604646, -0.054825727), (-0.2542367, 0.25423926, -0.93312705), (-0.25423676, 0.25423932, -0.93312705), (-0.36429238, 0.36429366, -0.8570771), (-0.36429238, 0.36429363, -0.8570771), (0.58704984, -0.587055, 0.5574396), (0.6839213, -0.683925, 0.25396532), (0.68392164, -0.6839253, 0.2539632), (0.58704984, -0.5870551, 0.5574396), (0.20049407, -0.20049506, 0.9589598), (0.25292647, -0.2529274, 0.9338393), (0.25292668, -0.2529276, 0.9338393), (0.20049407, -0.20049506, 0.9589598), (0.36429226, -0.36429453, 0.8570768), (0.47906694, -0.47907114, 0.73551726), (0.479067, -0.4790712, 0.73551726), (0.36429247, -0.3642947, 0.85707664), (0.47906694, -0.47907114, 0.73551726), (0.58704984, -0.587055, 0.5574396), (0.58704984, -0.5870551, 0.5574396), (0.479067, -0.4790712, 0.73551726), (0.6839213, -0.683925, 0.25396532), (0.7061789, -0.7061804, 0.05119334), (0.7061789, -0.7061804, 0.05119334), (0.68392164, -0.6839253, 0.2539632), (0.25292647, -0.2529274, 0.9338393), (0.36429226, -0.36429453, 0.8570768), (0.36429247, -0.3642947, 0.85707664), (0.25292668, -0.2529276, 0.9338393), (-0.7067414, -0.70747167, -0.0007519559), (-0.70653975, -0.7076723, -0.0011657506), (-0.70653975, -0.7076723, -0.0011657506), (-0.7069321, -0.70728135, -0.00035990254), (0.70710933, 0.70710427, -7.894334e-7), (0.7071071, 0.7071065, -5.824806e-7), (0.7071071, 0.70710635, -5.45683e-7), (0.70710903, 0.70710456, -6.212089e-7), (-0.70533836, 0.705341, -0.07065387), (-0.70533836, 0.705341, -0.07065387), (-0.70533836, 0.705341, -0.07065387), (-0.70533836, 0.705341, -0.07065387), (0.7074633, 0.70674974, -0.0007302233), (0.70710933, 0.70710427, -7.894334e-7), (0.70710903, 0.70710456, -6.212089e-7), (0.7072799, 0.70693356, -0.00035131758), (-0.70710826, -0.70710534, -5.8248287e-7), (-0.70710784, -0.7071058, 0.0000011841508), (-0.7071077, -0.7071058, 9.318106e-7), (-0.70710814, -0.7071054, -5.456853e-7), (0.7071071, 0.7071065, -5.824806e-7), (0.7071068, 0.7071067, -0.0000010157312), (0.70710665, 0.70710695, -0.0000010481111), (0.7071071, 0.70710635, -5.45683e-7), (-0.70710784, -0.7071058, 0.0000011841508), (-0.7067414, -0.70747167, -0.0007519559), (-0.7069321, -0.70728135, -0.00035990254), (-0.7071077, -0.7071058, 9.318106e-7), (0.7071068, 0.7071067, -0.0000010157312), (0.7071076, 0.70710593, 9.712801e-7), (0.70710737, 0.7071061, 1.4460181e-7), (0.70710665, 0.70710695, -0.0000010481111), (-0.7071085, -0.707105, -0.000002088749), (-0.70710826, -0.70710534, -5.8248287e-7), (-0.70710814, -0.7071054, -5.456853e-7), (-0.7071087, -0.70710486, -0.0000018187878), (0.7071076, 0.70710593, 9.712801e-7), (0.70710784, 0.70710576, 0.000002089698), (0.70710784, 0.70710576, 0.000002089698), (0.70710737, 0.7071061, 1.4460181e-7), (-0.7071083, -0.7071053, -0.0000016922806), (-0.7071085, -0.707105, -0.000002088749), (-0.7071087, -0.70710486, -0.0000018187878), (-0.70710826, -0.7071053, -0.0000021708256), (0.25719324, -0.25719386, -0.9315057), (0.25719324, -0.25719386, -0.9315057), (0.25719324, -0.25719386, -0.9315057), (0.25719324, -0.25719386, -0.9315057), (0.70765674, 0.7065555, -0.0011301365), (0.7074633, 0.70674974, -0.0007302233), (0.7072799, 0.70693356, -0.00035131758), (0.70765674, 0.7065555, -0.0011301365), (-0.7071084, -0.7071052, -0.0000010448498), (-0.7071083, -0.7071053, -0.0000016922806), (-0.70710826, -0.7071053, -0.0000021708256), (-0.7071084, -0.7071052, -0.0000010448498), (-0.0000018809394, -0.8302176, -0.5574394), (-0.000001880939, -0.8302175, -0.55743957), (-0.000001908028, -0.96674955, -0.25572497), (-0.0000019080348, -0.96674895, -0.2557272), (-6.9537725e-7, -0.28735137, -0.95782524), (-6.9537725e-7, -0.28735137, -0.95782524), (-9.520133e-7, -0.3595478, -0.9331267), (-9.52013e-7, -0.3595477, -0.9331267), (-7.161415e-7, -0.51518816, -0.8570771), (-7.16141e-7, -0.5151882, -0.85707706), (-7.5534973e-7, -0.6775057, -0.7355175), (-7.5534973e-7, -0.6775058, -0.7355175), (-7.5534973e-7, -0.6775058, -0.7355175), (-7.5534973e-7, -0.6775057, -0.7355175), (-0.000001880939, -0.8302175, -0.55743957), (-0.0000018809394, -0.8302176, -0.5574394), (-0.0000019080348, -0.96674895, -0.2557272), (-0.000001908028, -0.96674955, -0.25572497), (-0.0000012859646, -0.998496, -0.054825198), (-0.0000012859646, -0.998496, -0.054825198), (-9.52013e-7, -0.3595477, -0.9331267), (-9.520133e-7, -0.3595478, -0.9331267), (-7.16141e-7, -0.5151882, -0.85707706), (-7.161415e-7, -0.51518816, -0.8570771), (0.0000012177329, 0.83021766, 0.5574394), (0.0000012976317, 0.96721333, 0.25396544), (0.0000012976317, 0.96721375, 0.25396353), (0.0000012177329, 0.83021754, 0.5574395), (0, 0.28354162, 0.9589599), (8.179699e-7, 0.3576924, 0.9338395), (8.1797066e-7, 0.35769248, 0.93383944), (0, 0.28354162, 0.9589599), (8.19325e-7, 0.5151883, 0.85707706), (5.7894437e-7, 0.6775059, 0.7355174), (5.789444e-7, 0.6775059, 0.7355173), (8.1932404e-7, 0.5151884, 0.85707694), (5.7894437e-7, 0.6775059, 0.7355174), (0.0000012177329, 0.83021766, 0.5574394), (0.0000012177329, 0.83021754, 0.5574395), (5.789444e-7, 0.6775059, 0.7355173), (0.0000012976317, 0.96721333, 0.25396544), (0.000001276864, 0.9986888, 0.051193748), (0.000001276864, 0.9986888, 0.051193748), (0.0000012976317, 0.96721375, 0.25396353), (8.179699e-7, 0.3576924, 0.9338395), (8.19325e-7, 0.5151883, 0.85707706), (8.1932404e-7, 0.5151884, 0.85707694), (8.1797066e-7, 0.35769248, 0.93383944), (0.9999996, 0.0005141668, -0.0007517413), (0.999999, 0.00079757656, -0.001165496), (0.999999, 0.00079757656, -0.001165496), (0.99999994, 0.0002456473, -0.00035972532), (-1, 0.0000010697179, -0.0000020477673), (-1, 1.5729515e-7, -0.0000011762538), (-1, 2.0105692e-7, -0.0000012221248), (-1, 0.0000010229091, -0.0000020167913), (-0.0000019697618, -0.99750084, -0.07065495), (-0.0000019697618, -0.99750084, -0.07065495), (-0.0000019697618, -0.99750084, -0.07065495), (-0.0000019697618, -0.99750084, -0.07065495), (-0.9999996, 0.00050459837, -0.00073019613), (-1, 0.0000010697179, -0.0000020477673), (-1, 0.0000010229091, -0.0000020167913), (-0.99999994, 0.00024290351, -0.0003516894), (1, -8.875176e-7, -6.316999e-8), (1, -0.0000017306942, 0.0000017375951), (1, -0.0000015759682, 0.000001594267), (1, -8.949144e-7, 8.096165e-9), (-1, 1.5729515e-7, -0.0000011762538), (-1, 3.2684792e-7, -1.887224e-7), (-1, 9.537219e-8, -2.7442425e-7), (-1, 2.0105692e-7, -0.0000012221248), (1, -0.0000017306942, 0.0000017375951), (0.9999996, 0.0005141668, -0.0007517413), (0.99999994, 0.0002456473, -0.00035972532), (1, -0.0000015759682, 0.000001594267), (-1, 3.2684792e-7, -1.887224e-7), (-1, 7.3545226e-7, 9.5051246e-7), (-1, 8.20508e-7, 5.52712e-7), (-1, 9.537219e-8, -2.7442425e-7), (1, -0.0000014024848, -0.0000016798159), (1, -8.875176e-7, -6.316999e-8), (1, -8.949144e-7, 8.096165e-9), (1, -0.0000012263326, -0.0000015234524), (-1, 7.3545226e-7, 9.5051246e-7), (-1, 6.203792e-7, 0.0000014887024), (-1, 6.203792e-7, 0.0000014887024), (-1, 8.20508e-7, 5.52712e-7), (1, -6.4838406e-7, -2.4894854e-7), (1, -0.0000014024848, -0.0000016798159), (1, -0.0000012263326, -0.0000015234524), (1, -0.0000011759025, -0.0000010480903), (1.4553888e-7, 0.36372393, -0.93150675), (1.4553888e-7, 0.36372393, -0.93150675), (1.4553888e-7, 0.36372393, -0.93150675), (1.4553888e-7, 0.36372393, -0.93150675), (-0.99999905, 0.00078080216, -0.001129688), (-0.9999996, 0.00050459837, -0.00073019613), (-0.99999994, 0.00024290351, -0.0003516894), (-0.99999905, 0.00078080216, -0.001129688), (1, 6.530307e-8, 8.3222153e-7), (1, -6.4838406e-7, -2.4894854e-7), (1, -0.0000011759025, -0.0000010480903), (1, 6.530307e-8, 8.3222153e-7), (-0.5870552, -0.5870491, -0.55744016), (-0.58705527, -0.5870491, -0.5574401), (-0.6835982, -0.6835919, -0.2557256), (-0.68359774, -0.6835915, -0.25572792), (-0.20318767, -0.20318745, -0.9578254), (-0.20318767, -0.20318745, -0.9578254), (-0.25423935, -0.2542382, -0.9331266), (-0.25423917, -0.25423807, -0.93312675), (-0.36429426, -0.3642922, -0.85707694), (-0.36429435, -0.3642923, -0.8570769), (-0.47907025, -0.47906673, -0.735518), (-0.4790702, -0.4790667, -0.73551804), (-0.4790702, -0.4790667, -0.73551804), (-0.47907025, -0.47906673, -0.735518), (-0.58705527, -0.5870491, -0.5574401), (-0.5870552, -0.5870491, -0.55744016), (-0.68359774, -0.6835915, -0.25572792), (-0.6835982, -0.6835919, -0.2557256), (-0.7060458, -0.7060407, -0.05482647), (-0.7060458, -0.7060407, -0.05482647), (-0.25423917, -0.25423807, -0.93312675), (-0.25423935, -0.2542382, -0.9331266), (-0.36429435, -0.3642923, -0.8570769), (-0.36429426, -0.3642922, -0.85707694), (0.58705354, 0.5870511, 0.5574398), (0.6839252, 0.68392104, 0.2539655), (0.68392557, 0.68392134, 0.25396326), (0.5870535, 0.58705103, 0.5574399), (0.2004955, 0.2004935, 0.95895976), (0.25292742, 0.2529256, 0.93383956), (0.2529276, 0.2529258, 0.93383944), (0.2004955, 0.2004935, 0.95895976), (0.36429375, 0.3642913, 0.8570775), (0.47906983, 0.4790674, 0.7355179), (0.47906986, 0.47906741, 0.7355178), (0.36429396, 0.3642916, 0.85707736), (0.47906983, 0.4790674, 0.7355179), (0.58705354, 0.5870511, 0.5574398), (0.5870535, 0.58705103, 0.5574399), (0.47906986, 0.47906741, 0.7355178), (0.6839252, 0.68392104, 0.2539655), (0.7061821, 0.70617706, 0.051193126), (0.7061821, 0.70617706, 0.051193126), (0.68392557, 0.68392134, 0.25396326), (0.25292742, 0.2529256, 0.93383956), (0.36429375, 0.3642913, 0.8570775), (0.36429396, 0.3642916, 0.85707736), (0.2529276, 0.2529258, 0.93383944), (0.70747286, -0.70674014, -0.00075207715), (0.70767426, -0.7065379, -0.0011659373), (0.70767426, -0.7065379, -0.0011659373), (0.7072819, -0.70693153, -0.00035995911), (-0.70710707, 0.7071066, -0.0000022865886), (-0.70710796, 0.7071056, -0.0000017814012), (-0.7071079, 0.70710564, -0.0000018250844), (-0.7071072, 0.7071065, -0.0000023262894), (-0.70534223, -0.70533705, -0.07065383), (-0.70534223, -0.70533705, -0.07065383), (-0.70534223, -0.70533705, -0.07065383), (-0.70534223, -0.70533705, -0.07065383), (-0.7067509, 0.70746213, -0.0007305869), (-0.70710707, 0.7071066, -0.0000022865886), (-0.7071072, 0.7071065, -0.0000023262894), (-0.706936, 0.7072774, -0.00035186324), (0.7071059, -0.70710766, 3.395022e-8), (0.7071055, -0.7071081, 0.0000022865772), (0.7071055, -0.7071081, 0.0000023262774), (0.7071059, -0.70710766, 1.8802659e-7), (-0.70710796, 0.7071056, -0.0000017814012), (-0.70710564, 0.7071079, -4.79223e-7), (-0.7071064, 0.7071071, -6.627762e-7), (-0.7071079, 0.70710564, -0.0000018250844), (0.7071055, -0.7071081, 0.0000022865772), (0.70747286, -0.70674014, -0.00075207715), (0.7072819, -0.70693153, -0.00035995911), (0.7071055, -0.7071081, 0.0000023262774), (-0.70710564, 0.7071079, -4.79223e-7), (-0.70710605, 0.70710754, 0), (-0.7071049, 0.7071086, 0), (-0.7071064, 0.7071071, -6.627762e-7), (0.707105, -0.7071086, -0.0000025679744), (0.7071059, -0.70710766, 3.395022e-8), (0.7071059, -0.70710766, 1.8802659e-7), (0.7071053, -0.70710826, -0.0000024815627), (-0.70710605, 0.70710754, 0), (-0.7071076, 0.70710605, 0), (-0.7071076, 0.70710605, 0), (-0.7071049, 0.7071086, 0), (0.7071061, -0.7071075, -0.0000016922786), (0.707105, -0.7071086, -0.0000025679744), (0.7071053, -0.70710826, -0.0000024815627), (0.70710516, -0.7071084, -0.0000021708247), (0.25719455, 0.25719392, -0.93150544), (0.25719455, 0.25719392, -0.93150544), (0.25719455, 0.25719392, -0.93150544), (0.25719455, 0.25719392, -0.93150544), (-0.7065554, 0.70765686, -0.0011303097), (-0.7067509, 0.70746213, -0.0007305869), (-0.706936, 0.7072774, -0.00035186324), (-0.7065554, 0.70765686, -0.0011303097), (0.7071073, -0.70710623, -0.0000010448482), (0.7071061, -0.7071075, -0.0000016922786), (0.70710516, -0.7071084, -0.0000021708247), (0.7071073, -0.70710623, -0.0000010448482), (0.8302174, -6.372076e-7, -0.5574397), (0.83021736, -6.3720665e-7, -0.55743986), (0.9667493, -6.454862e-7, -0.25572574), (0.96674883, -6.4549323e-7, -0.25572795), (0.28735122, -2.1852502e-7, -0.9578253), (0.28735122, -2.1852502e-7, -0.9578253), (0.3595479, -5.185048e-7, -0.9331266), (0.3595478, -5.1850424e-7, -0.9331267), (0.51518834, 1.1356453e-7, -0.85707694), (0.5151884, 1.1356476e-7, -0.85707694), (0.6775057, 5.237029e-7, -0.7355175), (0.67750585, 5.237019e-7, -0.7355174), (0.67750585, 5.237019e-7, -0.7355174), (0.6775057, 5.237029e-7, -0.7355175), (0.83021736, -6.3720665e-7, -0.55743986), (0.8302174, -6.372076e-7, -0.5574397), (0.96674883, -6.4549323e-7, -0.25572795), (0.9667493, -6.454862e-7, -0.25572574), (0.9984959, 0, -0.05482601), (0.9984959, 0, -0.05482601), (0.3595478, -5.1850424e-7, -0.9331267), (0.3595479, -5.185048e-7, -0.9331266), (0.5151884, 1.1356476e-7, -0.85707694), (0.51518834, 1.1356453e-7, -0.85707694), (-0.83021754, 0.0000018549396, 0.55743957), (-0.96721345, 0.0000022396773, 0.2539651), (-0.9672139, 0.000002239674, 0.25396308), (-0.8302175, 0.000001854939, 0.5574396), (-0.28354174, 1.9984817e-7, 0.9589599), (-0.3576923, 1.00231254e-7, 0.9338395), (-0.3576923, 1.0023124e-7, 0.93383944), (-0.28354174, 1.9984817e-7, 0.9589599), (-0.51518816, 0, 0.857077), (-0.6775058, 5.789442e-7, 0.7355174), (-0.67750573, 5.789434e-7, 0.7355175), (-0.5151882, 0, 0.85707706), (-0.6775058, 5.789442e-7, 0.7355174), (-0.83021754, 0.0000018549396, 0.55743957), (-0.8302175, 0.000001854939, 0.5574396), (-0.67750573, 5.789434e-7, 0.7355175), (-0.96721345, 0.0000022396773, 0.2539651), (-0.99868876, 0.0000018572572, 0.051193018), (-0.99868876, 0.0000018572572, 0.051193018), (-0.9672139, 0.000002239674, 0.25396308), (-0.3576923, 1.00231254e-7, 0.9338395), (-0.51518816, 0, 0.857077), (-0.5151882, 0, 0.85707706), (-0.3576923, 1.0023124e-7, 0.93383944), (-0.00051548233, 0.9999996, -0.0007517457), (-0.00079928635, 0.9999989, -0.0011652287), (-0.00079928635, 0.9999989, -0.0011652287), (-0.00024658797, 0.99999994, -0.00035998508), (-9.060208e-7, -1, -0.000001932284), (4.210888e-7, -1, -0.000001114431), (3.5669848e-7, -1, -0.0000011465487), (-8.404171e-7, -1, -0.0000018663409), (0.9975008, -0.0000015656076, -0.070654824), (0.9975008, -0.0000015656076, -0.070654824), (0.9975008, -0.0000015656076, -0.070654824), (0.9975008, -0.0000015656076, -0.070654824), (-0.0005020747, -0.9999996, -0.000730325), (-9.060208e-7, -1, -0.000001932284), (-8.404171e-7, -1, -0.0000018663409), (-0.00024164421, -0.99999994, -0.00035176065), (8.668236e-7, 1, -6.351359e-7), (0.0000011526103, 1, 0.0000016413612), (0.000001002672, 1, 0.0000016044778), (8.4042676e-7, 1, -5.022541e-7), (4.210888e-7, -1, -0.000001114431), (6.7030595e-7, -1, -8.060724e-7), (8.703566e-7, -1, -7.5814836e-7), (3.5669848e-7, -1, -0.0000011465487), (0.0000011526103, 1, 0.0000016413612), (-0.00051548233, 0.9999996, -0.0007517457), (-0.00024658797, 0.99999994, -0.00035998508), (0.000001002672, 1, 0.0000016044778), (6.7030595e-7, -1, -8.060724e-7), (1.80957e-7, -1, 3.132612e-7), (1.666379e-7, -1, -2.2748607e-7), (8.703566e-7, -1, -7.5814836e-7), (0.0000016929994, 1, -0.000003321303), (8.668236e-7, 1, -6.351359e-7), (8.4042676e-7, 1, -5.022541e-7), (0.000001571007, 1, -0.0000031221841), (1.80957e-7, -1, 3.132612e-7), (2.0032967e-7, -1, 0.0000010448503), (2.0032967e-7, -1, 0.0000010448503), (1.666379e-7, -1, -2.2748607e-7), (2.8321972e-7, 1, -0.0000010931021), (0.0000016929994, 1, -0.000003321303), (0.000001571007, 1, -0.0000031221841), (0.0000010342047, 1, -0.0000022872114), (-0.36372387, 0, -0.93150675), (-0.36372387, 0, -0.93150675), (-0.36372387, 0, -0.93150675), (-0.36372387, 0, -0.93150675), (-0.0007769454, -0.9999991, -0.0011298797), (-0.0005020747, -0.9999996, -0.000730325), (-0.00024164421, -0.99999994, -0.00035176065), (-0.0007769454, -0.9999991, -0.0011298797), (-7.327986e-7, 1, 5.2242484e-7), (2.8321972e-7, 1, -0.0000010931021), (0.0000010342047, 1, -0.0000022872114), (-7.327986e-7, 1, 5.2242484e-7), (0.58704925, -0.5870555, -0.5574397), (0.58704925, -0.58705556, -0.5574396), (0.68359137, -0.683599, -0.25572518), (0.6835908, -0.68359846, -0.25572765), (0.20318852, -0.20318863, -0.957825), (0.20318852, -0.20318863, -0.957825), (0.25423887, -0.25423914, -0.9331265), (0.2542387, -0.25423896, -0.9331266), (0.364293, -0.36429372, -0.8570769), (0.364293, -0.36429378, -0.8570768), (0.47906768, -0.47907025, -0.73551744), (0.4790676, -0.47907016, -0.7355175), (0.4790676, -0.47907016, -0.7355175), (0.47906768, -0.47907025, -0.73551744), (0.58704925, -0.58705556, -0.5574396), (0.58704925, -0.5870555, -0.5574397), (0.6835908, -0.68359846, -0.25572765), (0.68359137, -0.683599, -0.25572518), (0.70604, -0.7060464, -0.054826286), (0.70604, -0.7060464, -0.054826286), (0.2542387, -0.25423896, -0.9331266), (0.25423887, -0.25423914, -0.9331265), (0.364293, -0.36429378, -0.8570768), (0.364293, -0.36429372, -0.8570769), (-0.5870503, 0.5870543, 0.55743986), (-0.6839214, 0.6839246, 0.2539657), (-0.6839219, 0.68392503, 0.2539636), (-0.5870504, 0.5870543, 0.5574398), (-0.20049417, 0.20049477, 0.9589599), (-0.25292575, 0.25292748, 0.93383956), (-0.25292596, 0.2529277, 0.9338394), (-0.20049417, 0.20049477, 0.9589599), (-0.36429122, 0.36429447, 0.8570773), (-0.47906703, 0.4790706, 0.7355176), (-0.47906715, 0.4790707, 0.7355175), (-0.36429146, 0.36429474, 0.857077), (-0.47906703, 0.4790706, 0.7355176), (-0.5870503, 0.5870543, 0.55743986), (-0.5870504, 0.5870543, 0.5574398), (-0.47906715, 0.4790707, 0.7355175), (-0.6839214, 0.6839246, 0.2539657), (-0.7061788, 0.7061805, 0.051193405), (-0.7061788, 0.7061805, 0.051193405), (-0.6839219, 0.68392503, 0.2539636), (-0.25292575, 0.25292748, 0.93383956), (-0.36429122, 0.36429447, 0.8570773), (-0.36429146, 0.36429474, 0.857077), (-0.25292596, 0.2529277, 0.9338394), (0.7067414, 0.7074716, -0.0007518455), (0.706541, 0.7076711, -0.0011655802), (0.706541, 0.7076711, -0.0011655802), (0.70693105, 0.70728236, -0.00035985027), (-0.70710754, -0.707106, -0.0000028378033), (-0.70710653, -0.70710707, -0.0000029633472), (-0.70710653, -0.70710707, -0.0000030104734), (-0.7071074, -0.7071061, -0.000003023526), (0.70533884, -0.7053404, -0.07065496), (0.70533884, -0.7053404, -0.07065496), (0.70533884, -0.7053404, -0.07065496), (0.70533884, -0.7053404, -0.07065496), (-0.7074628, -0.7067502, -0.00073058973), (-0.70710754, -0.707106, -0.0000028378033), (-0.7071074, -0.7071061, -0.000003023526), (-0.70727855, -0.706935, -0.00035186388), (0.70710796, 0.7071056, -5.8248276e-7), (0.7071072, 0.70710635, 0.0000011841448), (0.70710754, 0.70710605, 9.3180597e-7), (0.70710796, 0.7071055, -5.4568625e-7), (-0.70710653, -0.70710707, -0.0000029633472), (-0.7071073, -0.70710623, 1.14561836e-7), (-0.70710707, -0.7071065, -5.5488874e-7), (-0.70710653, -0.70710707, -0.0000030104734), (0.7071072, 0.70710635, 0.0000011841448), (0.7067414, 0.7074716, -0.0007518455), (0.70693105, 0.70728236, -0.00035985027), (0.70710754, 0.70710605, 9.3180597e-7), (-0.7071073, -0.70710623, 1.14561836e-7), (-0.70710653, -0.70710707, 0.0000020055418), (-0.7071072, -0.7071064, 0.0000019433337), (-0.70710707, -0.7071065, -5.5488874e-7), (0.7071076, 0.707106, -0.0000020887483), (0.70710796, 0.7071056, -5.8248276e-7), (0.70710796, 0.7071055, -5.4568625e-7), (0.7071075, 0.7071061, -0.000001818788), (-0.70710653, -0.70710707, 0.0000020055418), (-0.7071055, -0.7071081, 0.0000020897035), (-0.7071055, -0.7071081, 0.0000020897035), (-0.7071072, -0.7071064, 0.0000019433337), (0.70710635, 0.70710725, -3.76245e-7), (0.7071076, 0.707106, -0.0000020887483), (0.7071075, 0.7071061, -0.000001818788), (0.7071069, 0.7071066, -0.0000014266419), (-0.2571933, 0.2571933, -0.931506), (-0.2571933, 0.2571933, -0.931506), (-0.2571933, 0.2571933, -0.931506), (-0.2571933, 0.2571933, -0.931506), (-0.70765716, -0.70655507, -0.0011303133), (-0.7074628, -0.7067502, -0.00073058973), (-0.70727855, -0.706935, -0.00035186388), (-0.70765716, -0.70655507, -0.0011303133), (0.7071055, 0.7071081, 0.0000010448517), (0.70710635, 0.70710725, -3.76245e-7), (0.7071069, 0.7071066, -0.0000014266419), (0.7071055, 0.7071081, 0.0000010448517), (3.5097347e-7, 0.83021766, -0.5574393), (3.5097318e-7, 0.8302176, -0.5574395), (3.227428e-7, 0.9667495, -0.25572535), (3.2274625e-7, 0.9667489, -0.2557275), (0.0000017482, 0.28735134, -0.95782524), (0.0000017482, 0.28735134, -0.95782524), (8.766517e-7, 0.35954782, -0.9331267), (8.766528e-7, 0.3595477, -0.9331267), (0, 0.5151883, -0.85707706), (0, 0.51518834, -0.85707706), (3.2281857e-8, 0.67750573, -0.7355175), (3.228185e-8, 0.6775057, -0.7355175), (3.228185e-8, 0.6775057, -0.7355175), (3.2281857e-8, 0.67750573, -0.7355175), (3.5097318e-7, 0.8302176, -0.5574395), (3.5097347e-7, 0.83021766, -0.5574393), (3.2274625e-7, 0.9667489, -0.2557275), (3.227428e-7, 0.9667495, -0.25572535), (0, 0.99849594, -0.05482623), (0, 0.99849594, -0.05482623), (8.766528e-7, 0.3595477, -0.9331267), (8.766517e-7, 0.35954782, -0.9331267), (0, 0.51518834, -0.85707706), (0, 0.5151883, -0.85707706), (-9.558097e-7, -0.8302174, 0.5574397), (-0.0000023020343, -0.9672132, 0.25396597), (-0.000002302038, -0.96721375, 0.2539637), (-9.558098e-7, -0.8302175, 0.5574396), (0, -0.28354165, 0.9589599), (8.179698e-7, -0.35769245, 0.9338394), (8.179706e-7, -0.3576925, 0.93383944), (0, -0.28354165, 0.9589599), (8.193243e-7, -0.5151884, 0.8570769), (0, -0.6775057, 0.73551756), (0, -0.6775056, 0.7355176), (8.1932467e-7, -0.5151884, 0.85707694), (0, -0.6775057, 0.73551756), (-9.558097e-7, -0.8302174, 0.5574397), (-9.558098e-7, -0.8302175, 0.5574396), (0, -0.6775056, 0.7355176), (-0.0000023020343, -0.9672132, 0.25396597), (-0.0000026117689, -0.99868864, 0.051194713), (-0.0000026117689, -0.99868864, 0.051194713), (-0.000002302038, -0.96721375, 0.2539637), (8.179698e-7, -0.35769245, 0.9338394), (8.193243e-7, -0.5151884, 0.8570769), (8.1932467e-7, -0.5151884, 0.85707694), (8.179706e-7, -0.3576925, 0.93383944), (-0.9999996, -0.00051716244, -0.0007520043), (-0.99999905, -0.0008013842, -0.0011656464), (-0.99999905, -0.0008013842, -0.0011656464), (-0.99999994, -0.0002478709, -0.00036009084), (1, -0.000001044611, -0.0000011068454), (1, 2.3785879e-7, -2.598171e-7), (1, 1.4472678e-7, -2.5778243e-7), (1, -0.00000108549, -9.194839e-7), (-2.6093508e-7, 0.99750096, -0.07065287), (-2.6093508e-7, 0.99750096, -0.07065287), (-2.6093508e-7, 0.99750096, -0.07065287), (-2.6093508e-7, 0.99750096, -0.07065287), (0.9999996, -0.0005014544, -0.00073027355), (1, -0.000001044611, -0.0000011068454), (1, -0.00000108549, -9.194839e-7), (0.99999994, -0.00024121044, -0.0003515465), (-1, 8.1682975e-7, -0.0000011531248), (-1, 9.608223e-7, 0.0000011068424), (-1, 0.0000010030891, 9.1947857e-7), (-1, 8.3845583e-7, -0.0000010659014), (1, 2.3785879e-7, -2.598171e-7), (1, 8.733154e-7, 7.507938e-8), (1, 0.0000010852046, -2.7824688e-8), (1, 1.4472678e-7, -2.5778243e-7), (-1, 9.608223e-7, 0.0000011068424), (-0.9999996, -0.00051716244, -0.0007520043), (-0.99999994, -0.0002478709, -0.00036009084), (-1, 0.0000010030891, 9.1947857e-7), (1, 8.733154e-7, 7.507938e-8), (1, 6.531483e-7, 0.0000011624508), (1, 5.084299e-7, 8.0670316e-7), (1, 0.0000010852046, -2.7824688e-8), (-1, 9.473607e-7, -0.000003186957), (-1, 8.1682975e-7, -0.0000011531248), (-1, 8.3845583e-7, -0.0000010659014), (-1, 8.19803e-7, -0.000002980013), (1, 6.531483e-7, 0.0000011624508), (1, 8.489399e-7, 0.0000016437469), (1, 8.489399e-7, 0.0000016437469), (1, 5.084299e-7, 8.0670316e-7), (-1, -3.2791584e-7, -0.0000014406884), (-1, 9.473607e-7, -0.000003186957), (-1, 8.19803e-7, -0.000002980013), (-1, 3.7093753e-7, -0.0000024342623), (-1.4553824e-7, -0.36372176, -0.93150765), (-1.4553824e-7, -0.36372176, -0.93150765), (-1.4553824e-7, -0.36372176, -0.93150765), (-1.4553824e-7, -0.36372176, -0.93150765), (0.99999905, -0.0007761297, -0.0011300022), (0.9999996, -0.0005014544, -0.00073027355), (0.99999994, -0.00024121044, -0.0003515465), (0.99999905, -0.0007761297, -0.0011300022), (-0.99999994, -0.0000012734045, -9.6467495e-8), (-1, -3.2791584e-7, -0.0000014406884), (-1, 3.7093753e-7, -0.0000024342623), (-0.99999994, -0.0000012734045, -9.6467495e-8), (0.5870538, 0.5870513, -0.5574394), (0.5870537, 0.5870513, -0.5574395), (0.6835967, 0.6835937, -0.2557251), (0.6835962, 0.6835933, -0.25572744), (0.2031865, 0.20318802, -0.9578256), (0.2031865, 0.20318802, -0.9578256), (0.2542375, 0.25423893, -0.9331269), (0.25423744, 0.25423884, -0.9331269), (0.36429325, 0.36429363, -0.85707676), (0.3642932, 0.36429358, -0.8570769), (0.47906968, 0.47906852, -0.7355172), (0.4790696, 0.47906843, -0.7355173), (0.4790696, 0.47906843, -0.7355173), (0.47906968, 0.47906852, -0.7355172), (0.5870537, 0.5870513, -0.5574395), (0.5870538, 0.5870513, -0.5574394), (0.6835962, 0.6835933, -0.25572744), (0.6835967, 0.6835937, -0.2557251), (0.70604455, 0.7060419, -0.05482624), (0.70604455, 0.7060419, -0.05482624), (0.25423744, 0.25423884, -0.9331269), (0.2542375, 0.25423893, -0.9331269), (0.3642932, 0.36429358, -0.8570769), (0.36429325, 0.36429363, -0.85707676), (-0.58705324, -0.58705175, 0.55743957), (-0.6839244, -0.68392164, 0.2539655), (-0.6839248, -0.6839221, 0.2539634), (-0.5870532, -0.58705163, 0.55743957), (-0.20049395, -0.20049395, 0.95896), (-0.2529267, -0.2529265, 0.93383956), (-0.25292683, -0.25292662, 0.93383944), (-0.20049395, -0.20049395, 0.95896), (-0.36429375, -0.364293, 0.8570768), (-0.4790697, -0.47906885, 0.73551697), (-0.47906962, -0.47906885, 0.735517), (-0.36429384, -0.36429307, 0.85707676), (-0.4790697, -0.47906885, 0.73551697), (-0.58705324, -0.58705175, 0.55743957), (-0.5870532, -0.58705163, 0.55743957), (-0.47906962, -0.47906885, 0.735517), (-0.6839244, -0.68392164, 0.2539655), (-0.70618105, -0.7061782, 0.05119314), (-0.70618105, -0.7061782, 0.05119314), (-0.6839248, -0.6839221, 0.2539634), (-0.2529267, -0.2529265, 0.93383956), (-0.36429375, -0.364293, 0.8570768), (-0.36429384, -0.36429307, 0.85707676), (-0.25292683, -0.25292662, 0.93383944), (-0.7074727, 0.7067404, -0.0007518487), (-0.7076723, 0.70653975, -0.0011655852), (-0.7076723, 0.70653975, -0.0011655852), (-0.7072832, 0.7069302, -0.00035985158), (0.70710474, -0.70710874, -0.0000021300812), (0.7071061, -0.7071074, -1.6977484e-8), (0.7071061, -0.7071074, -9.4013636e-8), (0.7071048, -0.70710874, -0.0000019396507), (0.70534116, 0.70533806, -0.07065477), (0.70534116, 0.70533806, -0.07065477), (0.70534116, 0.70533806, -0.07065477), (0.70534116, 0.70533806, -0.07065477), (0.70675004, -0.7074629, -0.00073038985), (0.70710474, -0.70710874, -0.0000021300812), (0.7071048, -0.70710874, -0.0000019396507), (0.7069345, -0.70727897, -0.00035213903), (-0.7071056, 0.7071079, 3.3945483e-8), (-0.7071065, 0.70710707, 0.0000022865752), (-0.707106, 0.70710754, 0.000002326275), (-0.7071055, 0.707108, 1.880256e-7), (0.7071061, -0.7071074, -1.6977484e-8), (0.7071068, -0.7071068, 4.792241e-7), (0.70710695, -0.70710665, 6.6277704e-7), (0.7071061, -0.7071074, -9.4013636e-8), (-0.7071065, 0.70710707, 0.0000022865752), (-0.7074727, 0.7067404, -0.0007518487), (-0.7072832, 0.7069302, -0.00035985158), (-0.707106, 0.70710754, 0.000002326275), (0.7071068, -0.7071068, 4.792241e-7), (0.70710725, -0.7071063, -6.580171e-7), (0.7071069, -0.7071067, -3.720898e-7), (0.70710695, -0.70710665, 6.6277704e-7), (-0.70710576, 0.7071079, -0.0000020314692), (-0.7071056, 0.7071079, 3.3945483e-8), (-0.7071055, 0.707108, 1.880256e-7), (-0.70710593, 0.70710754, -0.0000020962284), (0.70710725, -0.7071063, -6.580171e-7), (0.70710784, -0.70710576, -0.000001044849), (0.70710784, -0.70710576, -0.000001044849), (0.7071069, -0.7071067, -3.720898e-7), (-0.70710677, 0.7071068, -3.149331e-8), (-0.70710576, 0.7071079, -0.0000020314692), (-0.70710593, 0.70710754, -0.0000020962284), (-0.70710593, 0.70710754, -8.270665e-7), (-0.25719333, -0.2571927, -0.93150604), (-0.25719333, -0.2571927, -0.93150604), (-0.25719333, -0.2571927, -0.93150604), (-0.25719333, -0.2571927, -0.93150604), (0.7065553, -0.7076569, -0.0011296136), (0.70675004, -0.7074629, -0.00073038985), (0.7069345, -0.70727897, -0.00035213903), (0.7065553, -0.7076569, -0.0011296136), (-0.70710784, 0.70710576, 0.000001044849), (-0.70710677, 0.7071068, -3.149331e-8), (-0.70710593, 0.70710754, -8.270665e-7), (-0.70710784, 0.70710576, 0.000001044849)] (
                interpolation = "faceVarying"
            )
            point3f[] points = [(3.9287796, -0.062342525, 0.03366947), (3.92878, 0.06232238, 0.03366947), (3.92878, 0.066497564, 0.706462), (3.9287796, -0.066517234, 0.706462), (3.6860905, -0.11452353, 0.00414443), (4.264935, -0.11452508, 0.00414443), (3.6860912, 0.11450446, 0.00414443), (4.264936, 0.11450338, 0.00414443), (4.264936, 0.11450338, 0.055141926), (3.6860912, 0.11450446, 0.055141926), (3.6860905, -0.11452353, 0.055141926), (4.264935, -0.11452508, 0.055141926), (3.8828158, 0.11450386, 0.00414443), (4.068211, 0.11450338, 0.00414443), (4.0682106, -0.1145246, 0.00414443), (3.8828151, -0.114524126, 0.00414443), (4.068211, 0.11450338, 0.11687589), (3.8828158, 0.11450386, 0.11687589), (3.8828151, -0.114524126, 0.11687589), (4.0682106, -0.1145246, 0.11687589), (4.0240803, -0.06651747, 0.706462), (4.0240808, 0.06649768, 0.706462), (4.0240808, -0.062342882, 0.03366947), (4.0240808, 0.06232202, 0.03366947), (2.733983, -2.8221507, 0.03366947), (2.8221347, -2.7339995, 0.03366947), (2.8250866, -2.7310472, 0.706462), (2.731031, -2.825102, 0.706462), (2.5254784, -2.6874409, 0.00414443), (2.934782, -3.096747, 0.00414443), (2.687426, -2.525494, 0.00414443), (3.09673, -2.9348, 0.00414443), (3.09673, -2.9348, 0.055141926), (2.687426, -2.525494, 0.055141926), (2.5254784, -2.6874409, 0.055141926), (2.934782, -3.096747, 0.055141926), (2.8265307, -2.6645997, 0.00414443), (2.957625, -2.7956946, 0.00414443), (2.7956772, -2.9576414, 0.00414443), (2.664583, -2.8265464, 0.00414443), (2.957625, -2.7956946, 0.11687589), (2.8265307, -2.6645997, 0.11687589), (2.664583, -2.8265464, 0.11687589), (2.7956772, -2.9576414, 0.11687589), (2.7984188, -2.8924904, 0.706462), (2.8924744, -2.7984347, 0.706462), (2.8013706, -2.8895385, 0.03366947), (2.8895223, -2.8013875, 0.03366947), (0.06234038, 3.9287803, 0.03366947), (-0.062324762, 3.9287806, 0.03366947), (-0.06649983, 3.9287803, 0.706462), (0.06651509, 3.92878, 0.706462), (0.1145215, 3.686091, 0.00414443), (0.11452246, 4.2649355, 0.00414443), (-0.114506364, 3.6860914, 0.00414443), (-0.11450553, 4.2649364, 0.00414443), (-0.11450553, 4.2649364, 0.055141926), (-0.114506364, 3.6860914, 0.055141926), (0.1145215, 3.686091, 0.055141926), (0.11452246, 4.2649355, 0.055141926), (-0.114506125, 3.8828158, 0.00414443), (-0.11450577, 4.0682116, 0.00414443), (0.11452234, 4.068211, 0.00414443), (0.11452198, 3.8828156, 0.00414443), (-0.11450577, 4.0682116, 0.11687589), (-0.114506125, 3.8828158, 0.11687589), (0.11452198, 3.8828156, 0.11687589), (0.11452234, 4.068211, 0.11687589), (0.06651521, 4.0240808, 0.706462), (-0.06649983, 4.024081, 0.706462), (0.06234038, 4.0240808, 0.03366947), (-0.062324166, 4.024081, 0.03366947), (-2.7339866, 2.8221471, 0.03366947), (-2.8221383, 2.733996, 0.03366947), (-2.8250904, 2.7310433, 0.706462), (-2.7310343, 2.8250988, 0.706462), (-2.5254817, 2.6874375, 0.00414443), (-2.9347858, 3.096743, 0.00414443), (-2.6874292, 2.5254908, 0.00414443), (-3.0967338, 2.934796, 0.00414443), (-3.0967338, 2.934796, 0.055141926), (-2.6874292, 2.5254908, 0.055141926), (-2.5254817, 2.6874375, 0.055141926), (-2.9347858, 3.096743, 0.055141926), (-2.8265343, 2.664596, 0.00414443), (-2.9576283, 2.7956908, 0.00414443), (-2.7956808, 2.9576378, 0.00414443), (-2.6645868, 2.826543, 0.00414443), (-2.9576283, 2.7956908, 0.11687589), (-2.8265343, 2.664596, 0.11687589), (-2.6645868, 2.826543, 0.11687589), (-2.7956808, 2.9576378, 0.11687589), (-2.798422, 2.892487, 0.706462), (-2.8924785, 2.7984312, 0.706462), (-2.8013742, 2.889535, 0.03366947), (-2.8895257, 2.8013835, 0.03366947), (-3.9287798, 0.062337518, 0.03366947), (-3.9287798, -0.062327504, 0.03366947), (-3.9287796, -0.06650245, 0.706462), (-3.9287796, 0.06651223, 0.706462), (-3.6860905, 0.11451888, 0.00414443), (-4.2649345, 0.11451936, 0.00414443), (-3.686091, -0.114509225, 0.00414443), (-4.2649355, -0.11450863, 0.00414443), (-4.2649355, -0.11450863, 0.055141926), (-3.686091, -0.114509225, 0.055141926), (-3.6860905, 0.11451888, 0.055141926), (-4.2649345, 0.11451936, 0.055141926), (-3.8828154, -0.11450899, 0.00414443), (-4.068211, -0.11450887, 0.00414443), (-4.0682106, 0.11451936, 0.00414443), (-3.8828151, 0.114519, 0.00414443), (-4.068211, -0.11450887, 0.11687589), (-3.8828154, -0.11450899, 0.11687589), (-3.8828151, 0.114519, 0.11687589), (-4.0682106, 0.11451936, 0.11687589), (-4.0240803, 0.066512346, 0.706462), (-4.0240803, -0.06650269, 0.706462), (-4.0240803, 0.062337518, 0.03366947), (-4.0240808, -0.062327147, 0.03366947), (-2.8221443, -2.73399, 0.03366947), (-2.7339928, -2.8221416, 0.03366947), (-2.7310405, -2.8250937, 0.706462), (-2.8250961, -2.731038, 0.706462), (-2.687435, -2.525485, 0.00414443), (-3.09674, -2.9347897, 0.00414443), (-2.5254877, -2.6874325, 0.00414443), (-2.934793, -3.0967376, 0.00414443), (-2.934793, -3.0967376, 0.055141926), (-2.5254877, -2.6874325, 0.055141926), (-2.687435, -2.525485, 0.055141926), (-3.09674, -2.9347897, 0.055141926), (-2.6645932, -2.8265376, 0.00414443), (-2.7956874, -2.957632, 0.00414443), (-2.9576347, -2.7956848, 0.00414443), (-2.8265402, -2.6645901, 0.00414443), (-2.7956874, -2.957632, 0.11687589), (-2.6645932, -2.8265376, 0.11687589), (-2.8265402, -2.6645901, 0.11687589), (-2.9576347, -2.7956848, 0.11687589), (-2.892484, -2.798426, 0.706462), (-2.798428, -2.8924816, 0.706462), (-2.889532, -2.8013778, 0.03366947), (-2.8013806, -2.8895292, 0.03366947), (-0.062333107, -3.92878, 0.03366947), (0.062331796, -3.92878, 0.03366947), (0.06650686, -3.92878, 0.706462), (-0.06650782, -3.92878, 0.706462), (-0.11451459, -3.686091, 0.00414443), (-0.11451483, -4.2649355, 0.00414443), (0.1145134, -3.686091, 0.00414443), (0.114513636, -4.264936, 0.00414443), (0.114513636, -4.264936, 0.055141926), (0.1145134, -3.686091, 0.055141926), (-0.11451459, -3.686091, 0.055141926), (-0.11451483, -4.2649355, 0.055141926), (0.11451316, -3.8828156, 0.00414443), (0.11451328, -4.0682116, 0.00414443), (-0.11451483, -4.068211, 0.00414443), (-0.11451483, -3.8828156, 0.00414443), (0.11451328, -4.0682116, 0.11687589), (0.11451316, -3.8828156, 0.11687589), (-0.11451483, -3.8828156, 0.11687589), (-0.11451483, -4.068211, 0.11687589), (-0.066507936, -4.0240808, 0.706462), (0.06650734, -4.0240808, 0.706462), (-0.062333107, -4.0240808, 0.03366947), (0.062331676, -4.0240808, 0.03366947), (-3.5762787e-7, 3.7246733, 0.819772), (0.7266475, 3.6531057, 0.819772), (1.4253707, 3.4411495, 0.819772), (2.0693178, 3.096953, 0.819772), (2.633742, 2.6337416, 0.819772), (3.0969524, 2.0693173, 0.819772), (3.4411492, 1.4253706, 0.819772), (3.6531048, 0.7266469, 0.819772), (3.7246737, -4.7683716e-7, 0.819772), (3.6531055, -0.7266487, 0.819772), (3.4411492, -1.425371, 0.819772), (3.0969534, -2.0693188, 0.819772), (2.6337414, -2.6337426, 0.819772), (2.0693173, -3.0969539, 0.819772), (1.4253705, -3.44115, 0.819772), (0.7266475, -3.6531053, 0.819772), (-4.7683716e-7, -3.7246742, 0.819772), (-0.7266481, -3.6531055, 0.819772), (-1.4253713, -3.44115, 0.819772), (-2.0693178, -3.096953, 0.819772), (-2.6337419, -2.6337419, 0.819772), (-3.0969527, -2.0693176, 0.819772), (-3.441149, -1.4253708, 0.819772), (-3.653104, -0.7266476, 0.819772), (-3.7246723, 1.1920929e-7, 0.819772), (-3.6531038, 0.7266474, 0.819772), (-3.4411478, 1.42537, 0.819772), (-3.0969512, 2.0693169, 0.819772), (-2.6337402, 2.6337404, 0.819772), (-2.0693161, 3.0969505, 0.819772), (-1.4253696, 3.4411473, 0.819772), (-0.72664666, 3.653102, 0.819772), (-3.5762787e-7, 3.5132418, 0.6809318), (0.6853994, 3.4457366, 0.6809318), (1.3444593, 3.2458127, 0.6809318), (1.9518527, 2.9211538, 0.6809318), (2.4842372, 2.4842372, 0.6809318), (2.921154, 1.9518527, 0.6809318), (3.245812, 1.344459, 0.6809318), (3.445736, 0.6853992, 0.6809318), (3.5132427, -7.1525574e-7, 0.6809318), (3.445737, -0.6854006, 0.6809318), (3.2458124, -1.3444602, 0.6809318), (2.9211538, -1.9518535, 0.6809318), (2.484237, -2.484238, 0.6809318), (1.9518527, -2.9211555, 0.6809318), (1.3444594, -3.2458131, 0.6809318), (0.68539906, -3.4457366, 0.6809318), (1.1920929e-7, -3.5132427, 0.6809318), (-0.6853999, -3.445737, 0.6809318), (-1.3444599, -3.2458127, 0.6809318), (-1.9518528, -2.9211545, 0.6809318), (-2.4842372, -2.484238, 0.6809318), (-2.9211538, -1.9518524, 0.6809318), (-3.2458115, -1.3444594, 0.6809318), (-3.445735, -0.68539953, 0.6809318), (-3.5132408, -7.1525574e-7, 0.6809318), (-3.445735, 0.68539906, 0.6809318), (-3.2458115, 1.344459, 0.6809318), (-2.921152, 1.9518518, 0.6809318), (-2.4842358, 2.4842362, 0.6809318), (-1.951851, 2.9211516, 0.6809318), (-1.3444586, 3.2458105, 0.6809318), (-0.68539846, 3.445734, 0.6809318), (-9.536743e-7, 4.166866, 0.7315047), (0.8129146, 4.086801, 0.7315047), (1.59459, 3.8496816, 0.7315047), (2.314986, 3.464622, 0.7315047), (2.9464192, 2.946419, 0.7315047), (3.4646215, 2.3149858, 0.7315047), (3.8496814, 1.5945898, 0.7315047), (4.0868006, 0.8129144, 0.7315047), (4.1668653, -4.7683716e-7, 0.7315047), (4.0868006, -0.8129159, 0.7315047), (3.8496819, -1.5945908, 0.7315047), (3.464622, -2.3149872, 0.7315047), (2.946418, -2.9464192, 0.7315047), (2.3149858, -3.464623, 0.7315047), (1.5945897, -3.849682, 0.7315047), (0.8129147, -4.0868015, 0.7315047), (-4.7683716e-7, -4.166866, 0.7315047), (-0.8129152, -4.0868006, 0.7315047), (-1.5945907, -3.8496816, 0.7315047), (-2.314987, -3.4646225, 0.7315047), (-2.946419, -2.9464192, 0.7315047), (-3.4646218, -2.3149862, 0.7315047), (-3.849681, -1.5945903, 0.7315047), (-4.0867987, -0.8129152, 0.7315047), (-4.1668634, -4.7683716e-7, 0.7315047), (-4.0867987, 0.8129146, 0.7315047), (-3.84968, 1.5945898, 0.7315047), (-3.46462, 2.3149858, 0.7315047), (-2.9464173, 2.9464173, 0.7315047), (-2.3149846, 3.4646194, 0.7315047), (-1.5945886, 3.849679, 0.7315047), (-0.8129139, 4.0867977, 0.7315047), (-0.0000014305115, 4.1417427, 0.5945108), (0.80801284, 4.0621605, 0.5945108), (1.5849763, 3.8264709, 0.5945108), (2.3010287, 3.443733, 0.5945108), (2.9286537, 2.9286542, 0.5945108), (3.4437327, 2.301029, 0.5945108), (3.8264709, 1.5849761, 0.5945108), (4.06216, 0.8080133, 0.5945108), (4.1417427, 0, 0.5945108), (4.0621605, -0.8080144, 0.5945108), (3.826471, -1.5849769, 0.5945108), (3.4437327, -2.3010294, 0.5945108), (2.9286532, -2.9286547, 0.5945108), (2.3010283, -3.4437332, 0.5945108), (1.584976, -3.826471, 0.5945108), (0.8080138, -4.0621605, 0.5945108), (4.7683716e-7, -4.141744, 0.5945108), (-0.8080138, -4.06216, 0.5945108), (-1.5849766, -3.8264713, 0.5945108), (-2.3010287, -3.443733, 0.5945108), (-2.9286537, -2.9286542, 0.5945108), (-3.443732, -2.3010278, 0.5945108), (-3.8264701, -1.584976, 0.5945108), (-4.062159, -0.8080143, 0.5945108), (-4.141741, -9.536743e-7, 0.5945108), (-4.062158, 0.80801284, 0.5945108), (-3.8264694, 1.5849756, 0.5945108), (-3.4437318, 2.3010283, 0.5945108), (-2.9286525, 2.9286528, 0.5945108), (-2.3010275, 3.4437308, 0.5945108), (-1.5849748, 3.8264685, 0.5945108), (-0.8080127, 4.062157, 0.5945108), (2.3841858e-7, -3.9231405, 3.0151997), (0.7653675, -3.8477583, 3.0151997), (0.72096026, -3.6245093, 3.47212), (0.64884746, -3.261972, 3.8932204), (0.5517992, -2.7740788, 4.262318), (1.5013219, -3.6245086, 3.0151997), (1.4142141, -3.4142127, 3.47212), (1.2727594, -3.07271, 3.8932204), (1.0823929, -2.6131248, 4.262318), (2.1795812, -3.2619717, 3.0151997), (2.0531204, -3.07271, 3.47212), (1.84776, -2.765366, 3.8932204), (1.5713909, -2.3517501, 4.262318), (2.7740803, -2.7740781, 3.0151997), (2.6131268, -2.6131248, 3.47212), (2.351752, -2.35175, 3.8932204), (2.0000007, -1.9999988, 4.262318), (3.2619731, -2.1795785, 3.0151997), (3.072712, -2.053119, 3.47212), (2.7653675, -1.8477576, 3.8932204), (2.351752, -1.5713884, 4.262318), (3.6245103, -1.5013189, 3.0151997), (3.4142141, -1.4142123, 3.47212), (3.072712, -1.272757, 3.8932204), (2.6131268, -1.0823904, 4.262318), (3.847759, -0.76536465, 3.0151997), (3.6245103, -0.7209585, 3.47212), (3.2619734, -0.64884496, 3.8932204), (2.7740805, -0.5517974, 4.262318), (3.8477588, 0.7653694, 3.0151997), (3.62451, 0.7209611, 3.47212), (3.2619731, 0.64884865, 3.8932204), (2.7740803, 0.55180097, 4.262318), (3.6245093, 1.5013232, 3.0151997), (3.4142141, 1.4142151, 3.47212), (3.072711, 1.2727609, 3.8932204), (2.6131268, 1.0823942, 4.262318), (3.261972, 2.1795826, 3.0151997), (3.0727115, 2.053122, 3.47212), (2.765367, 1.847761, 3.8932204), (2.3517518, 1.5713916, 4.262318), (2.774079, 2.7740812, 3.0151997), (2.6131268, 2.613128, 3.4721193), (2.3517509, 2.3517535, 3.8932204), (2.0000002, 2.0000021, 4.262318), (2.1795797, 3.2619743, 3.0151997), (2.0531204, 3.0727131, 3.4721193), (1.8477589, 2.7653694, 3.8932204), (1.57139, 2.3517535, 4.262318), (1.5013205, 3.624511, 3.0151997), (1.414214, 3.4142156, 3.4721193), (1.2727582, 3.0727127, 3.8932204), (1.0823921, 2.6131277, 4.262318), (0.76536655, 3.8477595, 3.0151997), (0.72096026, 3.6245112, 3.4721193), (0.6488464, 3.2619743, 3.8932204), (0.5517987, 2.7740817, 4.262318), (-2.3841858e-7, 3.9231422, 3.0151997), (3.5762787e-7, 3.69552, 3.4721193), (-2.3841858e-7, 3.3258798, 3.8932204), (-1.1920929e-7, 2.8284287, 4.262318), (-0.7653667, 3.8477597, 3.0151997), (-0.7209594, 3.6245115, 3.4721193), (-0.648847, 3.2619734, 3.8932204), (-0.5517988, 2.7740815, 4.262318), (-1.501321, 3.6245103, 3.0151997), (-1.4142132, 3.4142156, 3.4721193), (-1.2727585, 3.0727115, 3.8932204), (-1.0823921, 2.6131272, 4.262318), (-2.17958, 3.261973, 3.0151997), (-2.0531194, 3.0727127, 3.4721193), (-1.8477588, 2.7653673, 3.8932204), (-1.5713898, 2.351753, 4.262318), (-2.7740788, 2.7740796, 3.0151997), (-2.6131253, 2.6131275, 3.4721193), (-2.3517504, 2.3517518, 3.8932204), (-1.9999998, 2.0000014, 4.262318), (-3.2619712, 2.1795807, 3.0151997), (-3.0727105, 2.0531216, 3.47212), (-2.7653656, 1.8477596, 3.8932204), (-2.3517506, 1.5713913, 4.262318), (-3.6245081, 1.5013214, 3.0151997), (-3.4142132, 1.4142157, 3.47212), (-3.0727093, 1.272759, 3.8932204), (-2.6131256, 1.0823936, 4.262318), (-3.847757, 0.7653675, 3.0151997), (-3.6245093, 0.72096145, 3.47212), (-3.2619708, 0.64884746, 3.8932204), (-2.7740793, 0.55180025, 4.262318), (-3.8477564, -0.7653657, 3.0151997), (-3.6245086, -0.72095776, 3.47212), (-3.26197, -0.6488452, 3.8932204), (-2.7740788, -0.5517975, 4.262318), (-3.624507, -1.5013198, 3.0151997), (-3.4142125, -1.414212, 3.47212), (-3.0727088, -1.2727572, 3.8932204), (-2.6131248, -1.0823908, 4.262318), (-3.2619698, -2.1795785, 3.0151997), (-3.07271, -2.053118, 3.47212), (-2.7653644, -1.847757, 3.8932204), (-2.3517501, -1.5713882, 4.262318), (-2.774077, -2.7740772, 3.0151997), (-2.613125, -2.613124, 3.47212), (-2.3517485, -2.351749, 3.8932204), (-1.9999988, -1.9999983, 4.262318), (-2.1795778, -3.2619693, 3.0151997), (-2.0531187, -3.0727088, 3.47212), (-1.8477569, -2.7653642, 3.8932204), (-1.5713888, -2.3517492, 4.262318), (-1.5013187, -3.624506, 3.0151997), (-1.4142126, -3.4142113, 3.47212), (-1.2727563, -3.0727077, 3.8932204), (-1.082391, -2.613124, 4.262318), (-0.7653651, -3.8477547, 3.0151997), (-0.7209592, -3.6245074, 3.47212), (-0.64884484, -3.2619693, 3.8932204), (-0.55179775, -2.7740774, 4.262318), (8.34465e-7, -3.6955156, 3.47212), (0.0000013113022, -3.3258743, 3.8932204), (9.536743e-7, -2.8284247, 4.262318), (2.3841858e-7, -4, 0.8703587), (0.0000013113022, -3.718791, 0.59050393), (0.72550046, -3.647335, 0.59050393), (0.780362, -3.9231405, 0.8703587), (1.4231205, -3.4357147, 0.59050393), (1.5307344, -3.6955175, 0.8703587), (2.0660503, -3.092061, 0.59050393), (2.222282, -3.3258774, 0.8703587), (2.6295834, -2.6295812, 0.59050393), (2.828428, -2.8284261, 0.8703587), (3.092063, -2.0660484, 0.59050393), (3.3258793, -2.2222795, 0.8703587), (3.4357157, -1.4231181, 0.59050393), (3.6955187, -1.5307322, 0.8703587), (3.6473367, -0.7254983, 0.59050393), (3.923142, -0.78035927, 0.87035847), (3.923142, 0.78036356, 0.87035847), (3.6473362, 0.7255024, 0.59050393), (3.4357157, 1.4231218, 0.59050393), (3.695519, 1.5307359, 0.8703582), (3.0920615, 2.066053, 0.59050393), (3.3258786, 2.222283, 0.8703582), (2.6295826, 2.6295853, 0.59050393), (2.8284273, 2.8284297, 0.8703582), (2.0660508, 3.0920634, 0.59050393), (2.2222807, 3.3258805, 0.8703582), (1.4231192, 3.4357176, 0.59050393), (1.5307336, 3.6955209, 0.8703582), (0.72549987, 3.6473386, 0.59050393), (0.7803612, 3.9231436, 0.8703582), (0, 3.7187934, 0.59050393), (-4.7683716e-7, 4.000002, 0.8703582), (-0.72550046, 3.6473374, 0.59050393), (-0.78036153, 3.923143, 0.8703582), (-1.4231206, 3.4357166, 0.59050393), (-1.5307343, 3.69552, 0.8703582), (-2.0660496, 3.0920634, 0.59050393), (-2.2222815, 3.3258793, 0.8703582), (-2.6295834, 2.6295826, 0.59050393), (-2.8284268, 2.8284278, 0.8703582), (-3.0920615, 2.066051, 0.59050393), (-3.3258784, 2.2222815, 0.8703582), (-3.4357145, 1.4231205, 0.59050393), (-3.6955175, 1.5307342, 0.8703582), (-3.6473353, 0.7255006, 0.59050393), (-3.92314, 0.7803618, 0.87035847), (-3.9231396, -0.78036046, 0.87035847), (-3.6473343, -0.7254989, 0.59050393), (-3.4357135, -1.4231188, 0.59050393), (-3.695516, -1.5307328, 0.8703587), (-3.0920596, -2.0660484, 0.59050393), (-3.3258765, -2.2222795, 0.8703587), (-2.62958, -2.6295817, 0.59050393), (-2.828425, -2.8284254, 0.8703587), (-2.0660481, -3.0920596, 0.59050393), (-2.2222788, -3.3258762, 0.8703587), (-1.423118, -3.4357123, 0.59050393), (-1.5307317, -3.6955154, 0.8703587), (-0.7254987, -3.6473327, 0.59050393), (-0.7803595, -3.9231377, 0.8703587), (0.4124272, -2.0734086, 4.6022325), (0.8090047, -1.9531081, 4.6022325), (1.1744927, -1.7577505, 4.6022325), (1.4948456, -1.4948437, 4.6022325), (1.7577524, -1.1744905, 4.6022325), (1.9531099, -0.80900246, 4.6022325), (2.0734103, -0.41242522, 4.6022325), (2.07341, 0.41242898, 4.6022325), (1.9531097, 0.80900663, 4.6022325), (1.7577522, 1.174494, 4.6022325), (1.4948452, 1.4948473, 4.6022325), (1.1744921, 1.7577541, 4.6022325), (0.80900407, 1.9531114, 4.6022325), (0.41242677, 2.073412, 4.6022325), (-2.3841858e-7, 2.1140323, 4.6022325), (-0.412427, 2.0734117, 4.6022325), (-0.80900466, 1.9531109, 4.6022325), (-1.1744925, 1.7577537, 4.6022325), (-1.4948454, 1.494847, 4.6022325), (-1.7577522, 1.1744944, 4.6022325), (-1.9531093, 0.809006, 4.6022325), (-2.0734098, 0.41242856, 4.6022325), (-2.0734096, -0.41242558, 4.6022325), (-1.9531088, -0.80900276, 4.6022325), (-1.7577513, -1.1744908, 4.6022325), (-1.4948444, -1.4948435, 4.6022325), (-1.1744918, -1.75775, 4.6022325), (-0.8090039, -1.9531074, 4.6022325), (-0.41242623, -2.0734076, 4.6022325), (8.34465e-7, -2.1140282, 4.6022325), (0.27450937, -1.3800507, 4.8143177), (0.5384696, -1.2999791, 4.8143177), (0.78173685, -1.1699502, 4.8143177), (0.99496216, -0.9949606, 4.8143177), (1.1699517, -0.7817349, 4.8143177), (1.2999806, -0.5384677, 4.8143177), (1.3800521, -0.27450776, 4.8143177), (1.3800519, 0.27451152, 4.8143177), (1.2999806, 0.5384718, 4.8143177), (1.1699516, 0.7817384, 4.8143177), (0.99496174, 0.9949641, 4.8143177), (0.7817363, 1.1699537, 4.8143177), (0.5384691, 1.2999827, 4.8143177), (0.274509, 1.3800542, 4.8143177), (-5.9604645e-7, 1.407091, 4.8143177), (-0.2745098, 1.380054, 4.8143177), (-0.53847003, 1.2999823, 4.8143177), (-0.78173697, 1.1699535, 4.8143177), (-0.9949624, 0.99496377, 4.8143177), (-1.1699519, 0.78173864, 4.8143177), (-1.2999809, 0.53847134, 4.8143177), (-1.3800523, 0.27451122, 4.8143177), (-1.3800522, -0.27450782, 4.8143177), (-1.2999805, -0.5384678, 4.8143177), (-1.1699516, -0.781735, 4.8143177), (-0.994962, -0.9949603, 4.8143177), (-0.7817367, -1.1699498, 4.8143177), (-0.53846955, -1.2999787, 4.8143177), (-0.27450937, -1.38005, 4.8143177), (5.9604645e-8, -1.4070868, 4.8143177), (0.14775327, -0.7428062, 4.9344993), (0.2898289, -0.699708, 4.9344993), (0.42076656, -0.62972033, 4.9344993), (0.5355343, -0.5355329, 4.9344993), (0.62972176, -0.42076498, 4.9344993), (0.69970936, -0.28982723, 4.9344993), (0.7428076, -0.14775181, 4.9344993), (0.7428075, 0.14775574, 4.9344993), (0.6997093, 0.2898313, 4.9344993), (0.6297217, 0.42076874, 4.9344993), (0.53553414, 0.53553665, 4.9344993), (0.42076623, 0.62972414, 4.9344993), (0.2898286, 0.69971186, 4.9344993), (0.147753, 0.74281, 4.9344993), (-6.854534e-7, 0.7573625, 4.9344993), (-0.14775431, 0.7428099, 4.9344993), (-0.28982997, 0.6997118, 4.9344993), (-0.42076743, 0.62972414, 4.9344993), (-0.5355352, 0.53553665, 4.9344993), (-0.62972265, 0.42076895, 4.9344993), (-0.69971037, 0.28983122, 4.9344993), (-0.7428085, 0.14775565, 4.9344993), (-0.74280846, -0.14775205, 4.9344993), (-0.69971013, -0.2898274, 4.9344993), (-0.6297226, -0.42076516, 4.9344993), (-0.53553504, -0.53553283, 4.9344993), (-0.42076728, -0.6297202, 4.9344993), (-0.2898297, -0.6997079, 4.9344993), (-0.14775407, -0.74280584, 4.9344993), (-4.172325e-7, -0.7573584, 4.9344993), (0.7557143, 0.0000019669533, 4.9344993), (-0.75572157, 0.0000035464764, 4.9344993), (-8.0772793e-7, 0.000002046233, 4.9753947), (3.916995, 0.0000022649765, 3.0151997), (3.689373, 0.00000166893, 3.47212), (3.3197331, 0.0000019073486, 3.8932204), (2.8222823, 0.0000017881393, 4.262318), (3.993855, 0.000002026558, 0.87035847), (3.7140005, 0.0000019073486, 0.59050393), (2.1094372, 0.000002026558, 4.6022325), (1.4040314, 0.0000020861626, 4.8143177), (-3.9170167, 0.0000071525574, 3.0151997), (-3.689395, 0.000007867813, 3.47212), (-3.3197546, 0.0000071525574, 3.8932204), (-2.8223042, 0.0000076293945, 4.262318), (-3.9938767, 0.0000067949295, 0.87035847), (-3.7140222, 0.000005722046, 0.59050393), (-2.1094542, 0.0000060796738, 4.6022325), (-1.4040434, 0.0000047683716, 4.8143177), (3.5762787e-7, -3.9942985, 2.3547416), (2.3841858e-7, -3.9999995, 2.2955906), (0.780362, -3.9231405, 2.2955906), (0.77924967, -3.917549, 2.3547416), (1.5307343, -3.695517, 2.2955906), (1.5285525, -3.6902497, 2.3547416), (2.222282, -3.3258772, 2.2955906), (2.2191143, -3.321137, 2.3547416), (2.8284283, -2.828426, 2.2955906), (2.8243966, -2.8243942, 2.3547416), (3.3258793, -2.2222795, 2.2955906), (3.3211386, -2.2191117, 2.3547416), (3.6955187, -1.5307322, 2.2955906), (3.6902514, -1.5285501, 2.3547416), (3.923142, -0.78035927, 2.2955906), (3.9175498, -0.7792469, 2.3547416), (3.9175496, 0.7792516, 2.3547416), (3.923142, 0.7803639, 2.2955906), (3.6955187, 1.530736, 2.2955906), (3.6902514, 1.5285543, 2.3547416), (3.325879, 2.2222834, 2.2955906), (3.3211384, 2.219116, 2.3547416), (2.8284273, 2.8284302, 2.2955906), (2.8243957, 2.8243985, 2.3547416), (2.2222807, 3.3258805, 2.2955906), (2.2191133, 3.3211398, 2.3547416), (1.5307335, 3.6955209, 2.2955906), (1.5285515, 3.6902533, 2.3547416), (0.7803612, 3.9231439, 2.2955906), (0.77924895, 3.917552, 2.3547416), (-4.7683716e-7, 4.000002, 2.2955906), (-4.7683716e-7, 3.9943004, 2.3547416), (-0.7803618, 3.923143, 2.2955906), (-0.7792494, 3.9175508, 2.3547416), (-1.5307343, 3.69552, 2.2955906), (-1.5285523, 3.6902523, 2.3547416), (-2.2222815, 3.3258793, 2.2955906), (-2.2191136, 3.3211389, 2.3547416), (-2.8284273, 2.8284283, 2.2955906), (-2.8243957, 2.8243966, 2.3547416), (-3.3258781, 2.222282, 2.2955906), (-3.321138, 2.2191145, 2.3547416), (-3.6955175, 1.5307343, 2.2955906), (-3.6902502, 1.5285525, 2.3547416), (-3.92314, 0.7803619, 2.2955906), (-3.9175482, 0.77924955, 2.3547416), (-3.9175475, -0.7792481, 2.3547416), (-3.9231396, -0.78036046, 2.2955906), (-3.695516, -1.5307326, 2.2955906), (-3.6902487, -1.5285509, 2.3547416), (-3.3258765, -2.2222795, 2.2955906), (-3.321136, -2.219112, 2.3547416), (-2.828425, -2.8284254, 2.2955906), (-2.8243933, -2.824394, 2.3547416), (-2.2222788, -3.325876, 2.2955906), (-2.2191112, -3.3211355, 2.3547416), (-1.5307317, -3.6955154, 2.2955906), (-1.5285499, -3.690248, 2.3547416), (-0.7803595, -3.9231377, 2.2955906), (-0.77924716, -3.9175458, 2.3547416), (3.993855, 0.000002026558, 2.2955906), (3.9881537, 0.0000021457672, 2.3547413), (-3.9938765, 0.000006914139, 2.2955906), (-3.9881754, 0.000006914139, 2.3547413), (2.1170757, 3.1300182, 2.328522), (2.5080042, 3.2784426, 2.328522), (2.1476407, 3.0994534, 2.0833793), (2.5312567, 3.2551901, 2.1420276), (2.2356486, 3.0114453, 1.8678044), (2.5982096, 3.1882372, 1.9780273), (2.370485, 2.876609, 1.707799), (2.7007873, 3.0856597, 1.8563018), (2.5358858, 2.711208, 1.6226621), (2.8266177, 2.9598293, 1.791533), (2.711902, 2.535192, 1.6226621), (2.9605234, 2.8259237, 1.791533), (2.8773026, 2.3697908, 1.7077992), (3.0863535, 2.7000933, 1.8563019), (3.0121388, 2.2349548, 1.8678046), (3.188931, 2.5975153, 1.9780275), (3.1001468, 2.1469467, 2.0833795), (3.255884, 2.5305629, 2.1420279), (3.1307116, 2.1163816, 2.328522), (3.2791362, 2.5073104, 2.3285222), (3.1001468, 2.1469467, 2.5736647), (3.255884, 2.5305629, 2.5150163), (3.0121388, 2.2349548, 2.7892394), (3.188931, 2.5975153, 2.6790168), (2.8773026, 2.3697908, 2.949245), (3.086353, 2.700093, 2.8007421), (2.7119017, 2.5351918, 3.034382), (2.9605231, 2.8259232, 2.865511), (2.5358856, 2.7112079, 3.0343823), (2.8266172, 2.959829, 2.8655112), (2.3704848, 2.876609, 2.9492452), (2.700787, 3.085659, 2.8007424), (2.2356486, 3.011445, 2.78924), (2.5982096, 3.1882372, 2.679017), (2.1476407, 3.0994534, 2.5736651), (2.5312567, 3.2551901, 2.5150166), (2.6053221, 3.1811247, 2.1801517), (2.586823, 3.199624, 2.328522), (2.658588, 3.1278584, 2.0496767), (2.7401965, 3.04625, 1.9528346), (2.8403044, 2.9461424, 1.9013062), (2.9468365, 2.8396103, 1.9013062), (3.046944, 2.7395024, 1.9528348), (3.1285524, 2.6578941, 2.0496767), (3.1818185, 2.6046278, 2.1801515), (3.2003176, 2.5861287, 2.3285222), (3.1818185, 2.6046278, 2.4768927), (3.1285524, 2.6578941, 2.6073675), (3.046944, 2.7395024, 2.7042096), (2.9468362, 2.8396099, 2.755738), (2.840304, 2.9461422, 2.7557383), (2.7401967, 3.04625, 2.7042096), (2.6585882, 3.1278584, 2.6073678), (2.6053221, 3.1811247, 2.476893), (2.5629227, 3.1387255, 2.476893), (2.6161888, 3.085459, 2.6073678), (2.6977973, 3.0038507, 2.7042096), (2.7979045, 2.9037428, 2.7557383), (2.9044368, 2.7972107, 2.755738), (3.0045445, 2.697103, 2.7042096), (3.086153, 2.6154947, 2.6073675), (3.139419, 2.5622287, 2.4768927), (3.157918, 2.5437293, 2.3285222), (3.139419, 2.5622284, 2.1801515), (3.086153, 2.6154947, 2.0496767), (3.0045445, 2.697103, 1.9528348), (2.9044373, 2.797211, 1.9013062), (2.7979047, 2.9037433, 1.9013062), (2.6977973, 3.0038507, 1.9528346), (2.6161888, 3.0854592, 2.0496767), (2.5444236, 3.1572247, 2.328522), (2.5629227, 3.1387255, 2.1801515), (-3.1300173, 2.1170757, 2.328521), (-3.2784414, 2.508004, 2.328521), (-3.0994523, 2.1476405, 2.0833783), (-3.255189, 2.5312564, 2.1420267), (-3.0114443, 2.2356484, 1.8678035), (-3.1882362, 2.5982094, 1.9780262), (-2.8766081, 2.3704848, 1.707798), (-3.0856583, 2.7007868, 1.8563007), (-2.711207, 2.5358856, 1.6226609), (-2.959828, 2.8266172, 1.7915319), (-2.5351908, 2.7119017, 1.622661), (-2.825922, 2.9605227, 1.7915319), (-2.3697898, 2.8773026, 1.7077981), (-2.700092, 3.0863528, 1.8563008), (-2.2349539, 3.0121388, 1.8678036), (-2.5975142, 3.1889305, 1.9780263), (-2.146946, 3.1001468, 2.0833786), (-2.5305617, 3.2558835, 2.1420267), (-2.116381, 3.1307116, 2.328521), (-2.5073092, 3.279136, 2.328521), (-2.146946, 3.1001468, 2.5736637), (-2.5305617, 3.2558835, 2.5150151), (-2.2349539, 3.0121388, 2.7892385), (-2.5975142, 3.1889305, 2.6790156), (-2.3697898, 2.8773026, 2.949244), (-2.7000923, 3.0863533, 2.8007412), (-2.535191, 2.711902, 3.034381), (-2.8259225, 2.960523, 2.86551), (-2.7112072, 2.5358858, 3.0343812), (-2.9598281, 2.8266175, 2.86551), (-2.8766081, 2.3704848, 2.949244), (-3.0856586, 2.7007873, 2.8007412), (-3.011444, 2.2356486, 2.7892387), (-3.1882362, 2.5982094, 2.6790159), (-3.0994523, 2.1476405, 2.573664), (-3.255189, 2.5312564, 2.5150156), (-3.1811237, 2.605322, 2.1801505), (-3.199623, 2.5868227, 2.328521), (-3.1278577, 2.6585877, 2.0496755), (-3.0462492, 2.7401965, 1.9528334), (-2.9461412, 2.840304, 1.901305), (-2.839609, 2.946836, 1.901305), (-2.7395015, 3.0469437, 1.9528337), (-2.657893, 3.1285522, 2.0496755), (-2.6046267, 3.1818182, 2.1801505), (-2.5861275, 3.2003171, 2.328521), (-2.6046267, 3.181818, 2.4768915), (-2.657893, 3.1285522, 2.6073663), (-2.7395015, 3.0469437, 2.7042084), (-2.8396094, 2.9468362, 2.7557368), (-2.9461415, 2.8403041, 2.755737), (-3.046249, 2.7401965, 2.7042084), (-3.1278574, 2.658588, 2.6073666), (-3.1811237, 2.605322, 2.4768918), (-3.1387248, 2.5629227, 2.4768918), (-3.0854585, 2.6161888, 2.6073666), (-3.00385, 2.6977975, 2.7042084), (-2.9037423, 2.797905, 2.755737), (-2.7972102, 2.9044373, 2.7557368), (-2.6971023, 3.0045445, 2.7042084), (-2.615494, 3.086153, 2.6073663), (-2.5622277, 3.139419, 2.4768915), (-2.5437286, 3.1579182, 2.328521), (-2.5622277, 3.139419, 2.1801505), (-2.615494, 3.086153, 2.0496755), (-2.6971023, 3.0045445, 1.9528337), (-2.7972097, 2.904437, 1.901305), (-2.903742, 2.7979047, 1.901305), (-3.00385, 2.6977975, 1.9528334), (-3.0854585, 2.6161888, 2.0496755), (-3.157224, 2.5444236, 2.328521), (-3.1387248, 2.5629227, 2.1801505), (-3.7102542, -0.7162589, 2.3285208), (-4.0916343, -0.5447825, 2.3285208), (-3.7102542, -0.6730337, 2.083378), (-4.091634, -0.51189864, 2.1420264), (-3.7102542, -0.54857147, 1.8678033), (-4.0916343, -0.41721296, 1.978026), (-3.7102542, -0.35788417, 1.7077978), (-4.0916343, -0.2721461, 1.8563005), (-3.710254, -0.1239717, 1.6226608), (-4.0916343, -0.09419513, 1.7915317), (-3.710254, 0.124952555, 1.6226609), (-4.091634, 0.09517622, 1.7915317), (-3.710254, 0.3588649, 1.7077979), (-4.091634, 0.27312708, 1.8563005), (-3.710254, 0.54955196, 1.8678033), (-4.091634, 0.4181937, 1.978026), (-3.7102542, 0.6740141, 2.083378), (-4.0916343, 0.5128794, 2.1420264), (-3.7102542, 0.71723926, 2.3285208), (-4.091634, 0.5457634, 2.3285208), (-3.7102542, 0.6740141, 2.5736632), (-4.0916343, 0.5128794, 2.515015), (-3.710254, 0.5495522, 2.7892382), (-4.0916343, 0.4181937, 2.6790154), (-3.7102542, 0.35886514, 2.9492435), (-4.0916343, 0.27312696, 2.8007407), (-3.7102542, 0.124952674, 3.034381), (-4.0916343, 0.09517622, 2.8655097), (-3.7102542, -0.12397158, 3.034381), (-4.0916343, -0.09419501, 2.8655097), (-3.7102542, -0.35788405, 2.949244), (-4.0916343, -0.27214587, 2.8007412), (-3.7102544, -0.5485711, 2.7892387), (-4.0916343, -0.41721284, 2.6790159), (-3.7102542, -0.67303324, 2.573664), (-4.0916343, -0.5118985, 2.5150154), (-4.091634, -0.4071542, 2.1801503), (-4.0916343, -0.433316, 2.3285208), (-4.091634, -0.33182454, 2.0496752), (-4.0916343, -0.21641254, 1.9528332), (-4.091634, -0.07483935, 1.9013047), (-4.091634, 0.07582021, 1.9013047), (-4.0916343, 0.21739364, 1.9528334), (-4.091634, 0.3328054, 2.0496752), (-4.091634, 0.40813518, 2.18015), (-4.0916343, 0.43429697, 2.3285208), (-4.0916343, 0.40813506, 2.4768913), (-4.0916343, 0.33280563, 2.607366), (-4.0916343, 0.21739364, 2.7042081), (-4.0916343, 0.075820446, 2.7557366), (-4.0916343, -0.07483888, 2.7557368), (-4.0916343, -0.21641243, 2.7042081), (-4.0916343, -0.3318243, 2.6073663), (-4.091634, -0.4071542, 2.4768918), (-4.0316725, -0.40715432, 2.4768918), (-4.031673, -0.33182454, 2.6073663), (-4.0316725, -0.21641254, 2.7042084), (-4.031673, -0.074839115, 2.7557368), (-4.031673, 0.07582021, 2.7557366), (-4.0316725, 0.2173934, 2.7042081), (-4.031673, 0.3328054, 2.607366), (-4.031673, 0.40813506, 2.4768913), (-4.0316725, 0.43429673, 2.3285208), (-4.0316725, 0.40813494, 2.18015), (-4.0316725, 0.33280516, 2.0496752), (-4.0316725, 0.2173934, 1.9528334), (-4.0316725, 0.07582021, 1.9013047), (-4.0316725, -0.07483947, 1.9013047), (-4.0316725, -0.21641278, 1.9528333), (-4.0316725, -0.33182466, 2.0496752), (-4.0316725, -0.4333161, 2.3285208), (-4.0316725, -0.40715432, 2.1801503), (-2.1170733, -3.1300178, 2.3285213), (-2.5080018, -3.2784421, 2.328521), (-2.147638, -3.0994527, 2.0833786), (-2.5312543, -3.2551897, 2.1420267), (-2.2356462, -3.0114448, 1.8678036), (-2.598207, -3.1882367, 1.9780263), (-2.3704822, -2.8766084, 1.707798), (-2.7007847, -3.085659, 1.8563008), (-2.5358834, -2.7112076, 1.6226609), (-2.8266149, -2.9598286, 1.7915319), (-2.7118995, -2.5351915, 1.622661), (-2.9605205, -2.825923, 1.7915319), (-2.8773005, -2.3697906, 1.707798), (-3.0863512, -2.7000928, 1.8563007), (-3.0121365, -2.2349544, 1.8678035), (-3.1889286, -2.5975149, 1.9780262), (-3.1001449, -2.1469464, 2.0833783), (-3.2558815, -2.5305622, 2.1420267), (-3.1307096, -2.1163814, 2.3285208), (-3.2791338, -2.5073097, 2.328521), (-3.1001449, -2.1469464, 2.5736635), (-3.2558815, -2.5305622, 2.5150151), (-3.012137, -2.2349544, 2.7892382), (-3.1889288, -2.597515, 2.6790154), (-2.877301, -2.3697903, 2.9492438), (-3.0863514, -2.7000928, 2.800741), (-2.7118998, -2.5351913, 3.034381), (-2.9605212, -2.825923, 2.86551), (-2.535884, -2.7112074, 3.0343812), (-2.8266156, -2.9598289, 2.86551), (-2.3704827, -2.8766084, 2.9492443), (-2.7007854, -3.085659, 2.8007414), (-2.2356467, -3.0114446, 2.789239), (-2.5982075, -3.1882367, 2.679016), (-2.1476383, -3.0994525, 2.5736642), (-2.5312543, -3.2551894, 2.5150156), (-2.6053197, -3.1811244, 2.1801505), (-2.5868204, -3.199623, 2.328521), (-2.6585855, -3.1278582, 2.0496755), (-2.7401943, -3.0462499, 1.9528335), (-2.8403018, -2.946142, 1.901305), (-2.9468338, -2.8396099, 1.901305), (-3.0469418, -2.7395022, 1.9528337), (-3.12855, -2.6578937, 2.0496755), (-3.181816, -2.6046274, 2.1801503), (-3.2003155, -2.5861287, 2.328521), (-3.181816, -2.6046274, 2.4768913), (-3.1285503, -2.6578937, 2.6073663), (-3.0469418, -2.739502, 2.7042084), (-2.9468346, -2.8396099, 2.7557368), (-2.840302, -2.9461422, 2.755737), (-2.7401946, -3.0462496, 2.7042084), (-2.6585858, -3.1278582, 2.6073666), (-2.6053197, -3.1811244, 2.476892), (-2.5629206, -3.1387248, 2.476892), (-2.6161866, -3.0854585, 2.6073666), (-2.697795, -3.0038502, 2.7042084), (-2.7979028, -2.9037426, 2.755737), (-2.904435, -2.7972105, 2.7557368), (-3.0045424, -2.6971028, 2.7042084), (-3.086151, -2.6154943, 2.6073663), (-3.139417, -2.562228, 2.4768915), (-3.157916, -2.543729, 2.328521), (-3.139417, -2.562228, 2.1801503), (-3.086151, -2.6154943, 2.0496755), (-3.004542, -2.6971028, 1.9528337), (-2.9044347, -2.7972102, 1.901305), (-2.797902, -2.9037426, 1.901305), (-2.697795, -3.0038505, 1.9528335), (-2.6161864, -3.0854588, 2.0496755), (-2.5444212, -3.157224, 2.328521), (-2.5629203, -3.138725, 2.1801505), (3.1300192, -2.1170733, 2.3285222), (3.2784436, -2.5080018, 2.3285222), (3.0994544, -2.1476383, 2.0833795), (3.255191, -2.5312543, 2.1420279), (3.0114465, -2.2356462, 1.8678046), (3.1882381, -2.5982068, 1.9780275), (2.8766105, -2.3704824, 1.7077992), (3.0856605, -2.7007844, 1.8563019), (2.7112093, -2.5358837, 1.6226621), (2.9598305, -2.826615, 1.791533), (2.5351932, -2.7118998, 1.6226621), (2.8259249, -2.9605207, 1.791533), (2.3697922, -2.8773007, 1.7077991), (2.7000945, -3.086351, 1.8563018), (2.234956, -3.0121367, 1.8678044), (2.597517, -3.1889286, 1.9780273), (2.1469483, -3.1001449, 2.0833793), (2.5305638, -3.2558813, 2.1420276), (2.1163833, -3.1307096, 2.3285217), (2.5073113, -3.2791338, 2.328522), (2.1469479, -3.1001446, 2.5736644), (2.5305638, -3.2558813, 2.5150163), (2.2349558, -3.012137, 2.7892394), (2.5975168, -3.1889288, 2.6790166), (2.3697917, -2.8773007, 2.949245), (2.7000942, -3.0863512, 2.8007421), (2.5351927, -2.7118998, 3.034382), (2.8259242, -2.9605207, 2.865511), (2.7112088, -2.5358837, 3.0343823), (2.9598298, -2.826615, 2.8655112), (2.8766098, -2.3704827, 2.9492452), (3.0856602, -2.7007847, 2.8007426), (3.0114462, -2.2356467, 2.78924), (3.188238, -2.598207, 2.6790173), (3.0994542, -2.1476383, 2.5736651), (3.255191, -2.5312543, 2.5150168), (3.1811256, -2.6053193, 2.1801517), (3.1996248, -2.5868204, 2.3285222), (3.1278598, -2.6585855, 2.0496767), (3.0462513, -2.7401943, 1.9528346), (2.9461436, -2.8403018, 1.9013062), (2.8396115, -2.946834, 1.9013062), (2.7395036, -3.0469413, 1.9528347), (2.657895, -3.12855, 2.0496767), (2.6046295, -3.1818163, 2.1801515), (2.5861301, -3.2003155, 2.328522), (2.6046293, -3.1818163, 2.4768925), (2.657895, -3.12855, 2.6073673), (2.7395034, -3.0469415, 2.7042093), (2.8396108, -2.946834, 2.755738), (2.9461432, -2.8403018, 2.7557383), (3.046251, -2.7401946, 2.7042096), (3.1278596, -2.6585858, 2.6073678), (3.1811254, -2.6053195, 2.4768932), (3.1387265, -2.5629203, 2.4768932), (3.0854604, -2.6161866, 2.6073678), (3.003852, -2.6977954, 2.7042096), (2.9037442, -2.7979028, 2.7557383), (2.797212, -2.904435, 2.755738), (2.6971045, -3.0045424, 2.7042093), (2.6154962, -3.0861511, 2.6073673), (2.5622303, -3.1394172, 2.4768925), (2.5437312, -3.1579163, 2.328522), (2.5622303, -3.1394172, 2.1801515), (2.6154962, -3.086151, 2.0496767), (2.6971045, -3.0045424, 1.9528347), (2.7972124, -2.904435, 1.9013062), (2.9037447, -2.7979028, 1.9013062), (3.0038521, -2.6977952, 1.9528346), (3.0854607, -2.6161866, 2.0496767), (3.1572256, -2.5444212, 2.3285222), (3.1387265, -2.5629203, 2.1801517), (0.82215, 2.7339845, 0.03366947), (0.7339988, 2.8221364, 0.03366947), (0.73104644, 2.8250885, 0.706462), (0.8251019, 2.7310326, 0.706462), (0.6874404, 2.5254798, 0.00414443), (1.096746, 2.934784, 0.00414443), (0.5254935, 2.6874275, 0.00414443), (0.93479955, 3.0967321, 0.00414443), (0.93479955, 3.0967321, 0.055141926), (0.5254935, 2.6874275, 0.055141926), (0.6874404, 2.5254798, 0.055141926), (1.096746, 2.934784, 0.055141926), (0.6645993, 2.8265324, 0.00414443), (0.7956941, 2.9576263, 0.00414443), (0.95764095, 2.7956786, 0.00414443), (0.826546, 2.6645849, 0.00414443), (0.7956941, 2.9576263, 0.11687589), (0.6645993, 2.8265324, 0.11687589), (0.826546, 2.6645849, 0.11687589), (0.95764095, 2.7956786, 0.11687589), (0.89248997, 2.7984202, 0.706462), (0.7984344, 2.8924766, 0.706462), (0.88953805, 2.801372, 0.03366947), (0.80138695, 2.889524, 0.03366947), (3.7102554, 0.7162609, 2.3285222), (4.091635, 0.5447848, 2.3285224), (3.7102556, 0.6730356, 2.0833795), (4.091635, 0.5119009, 2.142028), (3.7102554, 0.5485735, 1.8678048), (4.091635, 0.4172151, 1.9780276), (3.7102554, 0.3578862, 1.7077992), (4.0916357, 0.27214813, 1.8563021), (3.7102556, 0.123973966, 1.6226622), (4.0916357, 0.094197154, 1.7915332), (3.7102556, -0.12495065, 1.6226623), (4.0916357, -0.095173836, 1.7915332), (3.7102556, -0.35886276, 1.7077993), (4.091635, -0.2731247, 1.8563021), (3.7102556, -0.5495498, 1.8678048), (4.0916357, -0.41819155, 1.9780276), (3.7102556, -0.67401206, 2.0833795), (4.0916357, -0.5128772, 2.142028), (3.7102556, -0.7172375, 2.3285222), (4.0916357, -0.545761, 2.3285224), (3.7102556, -0.6740122, 2.5736647), (4.0916357, -0.5128772, 2.5150166), (3.7102554, -0.54955006, 2.7892396), (4.0916357, -0.4181918, 2.6790168), (3.7102554, -0.358863, 2.949245), (4.091635, -0.27312493, 2.8007424), (3.7102554, -0.12495077, 3.0343823), (4.0916357, -0.095174074, 2.8655112), (3.7102551, 0.12397349, 3.0343823), (4.091635, 0.094197154, 2.8655114), (3.7102551, 0.3578862, 2.9492455), (4.091635, 0.27214813, 2.8007426), (3.7102551, 0.54857314, 2.7892401), (4.091635, 0.41721487, 2.6790173), (3.7102556, 0.6730354, 2.5736654), (4.091635, 0.51190066, 2.515017), (4.0916357, 0.40715635, 2.180152), (4.091635, 0.43331826, 2.3285224), (4.0916357, 0.3318267, 2.049677), (4.0916357, 0.21641505, 1.9528348), (4.091635, 0.07484126, 1.9013064), (4.0916357, -0.07581782, 1.9013064), (4.091635, -0.21739149, 1.952835), (4.0916357, -0.33280325, 2.049677), (4.0916357, -0.4081329, 2.1801517), (4.091635, -0.43429482, 2.3285224), (4.0916357, -0.4081329, 2.4768927), (4.0916357, -0.3328035, 2.6073678), (4.091635, -0.21739149, 2.7042098), (4.091635, -0.07581806, 2.7557383), (4.091635, 0.07484126, 2.7557385), (4.091635, 0.21641481, 2.7042098), (4.091635, 0.3318267, 2.607368), (4.0916357, 0.40715635, 2.4768932), (4.031674, 0.40715635, 2.4768932), (4.031674, 0.3318267, 2.607368), (4.0316744, 0.21641481, 2.7042098), (4.031674, 0.07484138, 2.7557383), (4.031674, -0.07581806, 2.7557383), (4.0316744, -0.21739149, 2.7042096), (4.031674, -0.3328035, 2.6073675), (4.0316744, -0.4081329, 2.4768927), (4.0316744, -0.4342947, 2.3285224), (4.0316744, -0.4081329, 2.1801517), (4.0316744, -0.33280325, 2.049677), (4.0316744, -0.21739149, 1.952835), (4.0316744, -0.07581782, 1.9013063), (4.0316744, 0.07484138, 1.9013063), (4.0316744, 0.21641505, 1.9528348), (4.031674, 0.3318267, 2.049677), (4.031674, 0.43331826, 2.3285224), (4.0316744, 0.40715635, 2.180152), (-1.1315427, -0.4686985, 4.8480406), (-1.0183616, -0.68044573, 4.8480406), (1.0183612, 0.6804491, 4.8480406), (0.8660449, 0.86604726, 4.8480406), (-0.86604524, -0.8660435, 4.8480406), (0.6804469, 1.0183635, 4.8480406), (-0.68044746, -1.0183595, 4.8480406), (0.46869975, 1.1315448, 4.8480406), (-0.4687004, -1.1315408, 4.8480406), (0.23894086, 1.2012415, 4.8480406), (-0.23894146, -1.2012372, 4.8480406), (-5.9604645e-7, 1.2247751, 4.8480406), (-5.9604645e-8, -1.2247708, 4.8480406), (-0.23894182, 1.2012413, 4.8480406), (0.2389412, -1.2012378, 4.8480406), (0.46870017, -1.131541, 4.8480406), (-0.46870083, 1.1315445, 4.8480406), (0.6804474, -1.0183599, 4.8480406), (-0.68044776, 1.0183634, 4.8480406), (0.8660453, -0.8660437, 4.8480406), (-0.86604565, 0.866047, 4.8480406), (1.0183614, -0.68044555, 4.8480406), (1.201239, 0.23894346, 4.8480406), (-1.0183618, 0.6804493, 4.8480406), (1.1315426, -0.4686984, 4.8480406), (1.2012393, -0.23893961, 4.8480406), (-1.131543, 0.46870214, 4.8480406), (-1.2012396, -0.2389397, 4.8480406), (-1.2012396, 0.23894316, 4.8480406), (1.1315426, 0.46870255, 4.8480406), (1.2221115, 0.0000020861626, 4.8480406), (-1.2221222, 0.0000044107437, 4.8480406), (0.27450937, -1.3800507, 4.891832), (0.5384696, -1.2999791, 4.891832), (0.78173685, -1.1699502, 4.891832), (0.99496216, -0.9949606, 4.891832), (1.1699517, -0.7817349, 4.891832), (1.2999806, -0.5384677, 4.891832), (1.3800521, -0.27450776, 4.891832), (1.2999806, 0.5384718, 4.891832), (1.3800519, 0.27451152, 4.891832), (1.1699516, 0.7817384, 4.891832), (0.99496174, 0.9949641, 4.891832), (0.7817363, 1.1699537, 4.891832), (0.5384691, 1.2999827, 4.891832), (0.274509, 1.3800542, 4.891832), (-5.9604645e-7, 1.407091, 4.891832), (-0.2745098, 1.380054, 4.891832), (-0.53847003, 1.2999823, 4.891832), (-0.78173697, 1.1699535, 4.891832), (-0.9949624, 0.99496377, 4.891832), (-1.1699519, 0.78173864, 4.891832), (-1.2999809, 0.53847134, 4.891832), (-1.3800523, 0.27451122, 4.891832), (-1.3800522, -0.27450782, 4.891832), (-1.2999805, -0.5384678, 4.891832), (-1.1699516, -0.781735, 4.891832), (-0.994962, -0.9949603, 4.891832), (-0.7817367, -1.1699498, 4.891832), (-0.53846955, -1.2999787, 4.891832), (-0.27450937, -1.38005, 4.891832), (5.9604645e-8, -1.4070868, 4.891832), (1.4040314, 0.0000020861626, 4.891832), (-1.4040434, 0.0000047683716, 4.891832), (-1.1315427, -0.4686985, 4.9255557), (1.0183612, 0.6804491, 4.9255557), (0.2389412, -1.2012378, 4.9255557), (1.2012393, -0.23893961, 4.9255557), (-1.0183616, -0.68044573, 4.9255557), (0.8660449, 0.86604726, 4.9255557), (-0.86604524, -0.8660435, 4.9255557), (0.6804469, 1.0183635, 4.9255557), (-0.68044746, -1.0183595, 4.9255557), (0.46869975, 1.1315448, 4.9255557), (-0.4687004, -1.1315408, 4.9255557), (0.23894086, 1.2012415, 4.9255557), (-0.23894146, -1.2012372, 4.9255557), (-5.9604645e-7, 1.2247751, 4.9255557), (-5.9604645e-8, -1.2247708, 4.9255557), (-0.23894182, 1.2012413, 4.9255557), (0.46870017, -1.131541, 4.9255557), (-0.46870083, 1.1315445, 4.9255557), (0.6804474, -1.0183599, 4.9255557), (-0.68044776, 1.0183634, 4.9255557), (0.8660453, -0.8660437, 4.9255557), (-0.86604565, 0.866047, 4.9255557), (1.0183614, -0.68044555, 4.9255557), (1.201239, 0.23894346, 4.9255557), (-1.0183618, 0.6804493, 4.9255557), (1.1315426, -0.4686984, 4.9255557), (-1.131543, 0.46870214, 4.9255557), (-1.2012396, -0.2389397, 4.9255557), (-1.2012396, 0.23894316, 4.9255557), (1.1315426, 0.46870255, 4.9255557), (1.2221115, 0.0000020861626, 4.9255557), (-1.2221222, 0.0000044107437, 4.9255557), (-0.7758117, -3.9002748, 2.5181837), (3.5762787e-7, -3.9766889, 2.5181837), (0.7758144, -3.9002779, 2.5181837), (1.5218139, -3.673981, 2.5181837), (2.209331, -3.3064957, 2.5181837), (2.811945, -2.8119426, 2.5181837), (3.306497, -2.2093287, 2.5181837), (3.6739824, -1.5218112, 2.5181837), (3.900279, -0.7758117, 2.5181837), (3.9705443, 0.0000021457672, 2.5181835), (3.9002786, 0.7758161, 2.5181837), (3.6739821, 1.5218157, 2.5181837), (3.3064966, 2.2093327, 2.5181837), (2.811944, 2.8119464, 2.5181837), (2.20933, 3.306498, 2.5181837), (1.5218129, 3.673984, 2.5181837), (0.77581334, 3.9002805, 2.5181837), (-4.7683716e-7, 3.976691, 2.5181837), (-0.77581394, 3.9002798, 2.5181837), (-1.5218134, 3.673983, 2.5181837), (-2.2093303, 3.3064973, 2.5181837), (-2.8119438, 2.8119447, 2.5181837), (-3.306496, 2.209331, 2.5181837), (-3.6739812, 1.5218138, 2.5181837), (-3.9002771, 0.77581406, 2.5181837), (-3.9705658, 0.000007033348, 2.5181835), (-3.9002762, -0.7758126, 2.5181837), (-3.6739798, -1.5218121, 2.5181837), (-3.3064942, -2.209329, 2.5181837), (-2.8119416, -2.811942, 2.5181837), (-2.209328, -3.3064938, 2.5181837), (-1.5218111, -3.6739788, 2.5181837), (3.92314, -0.09380448, 3.0151997), (3.6955147, -0.09380305, 3.47212), (3.3258736, -0.09380174, 3.8932204), (2.828424, -0.09380126, 4.262318), (2.1140277, -0.093800426, 4.6022325), (1.4070863, -0.09380013, 4.8143177), (3.9593992, -0.09298468, 2.3548465), (3.9231405, 0.09097397, 3.0151997), (3.6955152, 0.09097552, 3.47212), (3.3258739, 0.090976834, 3.8932204), (2.8284242, 0.09097695, 4.262318), (2.114028, 0.090978146, 4.6022325), (1.4070866, 0.09097856, 4.8143177), (3.9593995, 0.090179324, 2.3548465), (3.7570395, -0.09380305, 3.5324447), (3.3873982, -0.09380174, 3.953545), (3.9846647, -0.09380448, 3.0755243), (2.8899488, -0.09380162, 4.322643), (2.1755524, -0.093800545, 4.662557), (1.4016273, -0.09379983, 4.8913884), (4.0203867, -0.092984915, 2.3786602), (3.75704, 0.09097552, 3.5324447), (3.3873987, 0.090976715, 3.953545), (3.9846654, 0.09097397, 3.0755243), (2.889949, 0.09097719, 4.322643), (2.1755528, 0.09097791, 4.662557), (1.4016275, 0.09097856, 4.8913884), (4.0203867, 0.09017897, 2.3786602), (2.707749, -2.8404088, 3.0151997), (2.546795, -2.679453, 3.47212), (2.28542, -2.4180758, 3.8932204), (1.9336705, -2.0663257, 4.262318), (1.4285167, -1.5611702, 4.6022325), (0.928634, -1.0612869, 4.8143177), (2.7339678, -2.8654683, 2.3548465), (2.8384078, -2.7097514, 3.0151997), (2.6774538, -2.548795, 3.47212), (2.4160783, -2.2874181, 3.8932204), (2.0643287, -1.9356679, 4.262318), (1.5591753, -1.4305124, 4.6022325), (1.0592927, -0.930629, 4.8143177), (2.8634846, -2.7359521, 2.3548465), (2.5902991, -2.7229571, 3.5324447), (2.3289244, -2.4615805, 3.953545), (2.7512536, -2.8839135, 3.0755243), (1.9771748, -2.1098304, 4.322643), (1.472021, -1.6046749, 4.662557), (0.9247741, -1.0574267, 4.8913884), (2.7770925, -2.9085932, 2.3786602), (2.720958, -2.5922997, 3.5324447), (2.459583, -2.3309226, 3.953545), (2.881912, -2.7532558, 3.0755243), (2.1078336, -1.9791726, 4.322643), (1.6026797, -1.4740173, 4.662557), (1.0554326, -0.92676884, 4.8913884), (2.9066088, -2.7790768, 2.3786602), (0.093801975, 3.923139, 3.0151997), (0.093800426, 3.6955142, 3.47212), (0.09379959, 3.3258731, 3.8932204), (0.09379947, 2.8284233, 4.262318), (0.093798876, 2.114027, 4.6022325), (0.093799055, 1.4070854, 4.8143177), (0.09298217, 3.9593983, 2.3548465), (-0.090976596, 3.9231396, 3.0151997), (-0.09097779, 3.6955147, 3.47212), (-0.09097898, 3.3258734, 3.8932204), (-0.09097886, 2.8284235, 4.262318), (-0.090979695, 2.1140273, 4.6022325), (-0.090979695, 1.4070859, 4.8143177), (-0.090182185, 3.9593983, 2.3548465), (0.093800426, 3.7570386, 3.5324447), (0.09379959, 3.3873975, 3.953545), (0.093801975, 3.984664, 3.0755243), (0.09379971, 2.8899481, 4.322643), (0.093799114, 2.1755517, 4.662557), (0.0937987, 1.4016266, 4.8913884), (0.09298253, 4.0203857, 2.3786602), (-0.09097791, 3.757039, 3.5324447), (-0.09097898, 3.3873978, 3.953545), (-0.090976596, 3.984664, 3.0755243), (-0.09097898, 2.8899484, 4.322643), (-0.09097946, 2.175552, 4.662557), (-0.090979695, 1.4016268, 4.8913884), (-0.09018159, 4.020386, 2.3786602), (2.8404076, 2.70775, 3.0151997), (2.6794512, 2.5467958, 3.47212), (2.4180746, 2.285421, 3.8932204), (2.0663242, 1.9336711, 4.262318), (1.5611693, 1.428517, 4.6022325), (1.0612861, 0.9286339, 4.8143177), (2.865467, 2.733969, 2.3548465), (2.70975, 2.838409, 3.0151997), (2.5487938, 2.6774547, 3.47212), (2.287417, 2.4160793, 3.8932204), (1.9356667, 2.0643291, 4.262318), (1.4305115, 1.5591756, 4.6022325), (0.9306282, 1.0592924, 4.8143177), (2.735951, 2.8634858, 2.3548465), (2.7229557, 2.5903006, 3.5324447), (2.461579, 2.3289256, 3.953545), (2.883912, 2.7512546, 3.0755243), (2.1098292, 1.9771754, 4.322643), (1.604674, 1.4720213, 4.662557), (1.0574259, 0.92477405, 4.8913884), (2.9085915, 2.7770934, 2.3786602), (2.592298, 2.720959, 3.5324447), (2.3309212, 2.459584, 3.953545), (2.7532544, 2.8819134, 3.0755243), (1.9791715, 2.107834, 4.322643), (1.4740163, 1.60268, 4.662557), (0.92676795, 1.0554324, 4.8913884), (2.7790754, 2.90661, 2.3786602), (-3.9231405, 0.0937978, 3.0151997), (-3.6955152, 0.09379673, 3.47212), (-3.325874, 0.093795896, 3.8932204), (-2.8284245, 0.093796015, 4.262318), (-2.1140282, 0.093796015, 4.6022325), (-1.4070866, 0.09379673, 4.8143177), (-3.9593997, 0.09297836, 2.3548465), (-3.9231408, -0.09098053, 3.0151997), (-3.6955154, -0.09098172, 3.47212), (-3.3258739, -0.090982676, 3.8932204), (-2.8284245, -0.09098208, 4.262318), (-2.1140285, -0.09098244, 4.6022325), (-1.4070868, -0.09098202, 4.8143177), (-3.9593997, -0.09018588, 2.3548465), (-3.75704, 0.09379661, 3.5324447), (-3.387399, 0.093795896, 3.953545), (-3.9846652, 0.09379792, 3.0755243), (-2.8899493, 0.09379649, 4.322643), (-2.1755528, 0.09379625, 4.662557), (-1.4016275, 0.09379637, 4.8913884), (-4.0203867, 0.09297836, 2.3786602), (-3.7570405, -0.09098184, 3.5324447), (-3.3873987, -0.090982676, 3.953545), (-3.9846654, -0.09098053, 3.0755243), (-2.8899493, -0.09098232, 4.322643), (-2.1755528, -0.09098232, 4.662557), (-1.4016278, -0.09098202, 4.8913884), (-4.0203867, -0.09018576, 2.3786602), (-2.7077527, 2.8404036, 3.0151997), (-2.5467985, 2.679448, 3.47212), (-2.2854233, 2.4180713, 3.8932204), (-1.9336735, 2.0663214, 4.262318), (-1.4285189, 1.5611668, 4.6022325), (-0.92863566, 1.0612841, 4.8143177), (-2.7339716, 2.8654633, 2.3548465), (-2.8384116, 2.7097464, 3.0151997), (-2.6774573, 2.5487902, 3.47212), (-2.4160817, 2.2874136, 3.8932204), (-2.0643315, 1.9356636, 4.262318), (-1.5591775, 1.4305089, 4.6022325), (-1.0592941, 0.93062603, 4.8143177), (-2.8634884, 2.7359471, 2.3548465), (-2.5903027, 2.7229521, 3.5324447), (-2.3289278, 2.4615757, 3.953545), (-2.7512574, 2.8839085, 3.0755243), (-1.9771776, 2.109826, 4.322643), (-1.4720232, 1.6046714, 4.662557), (-0.9247758, 1.0574238, 4.8913884), (-2.7770963, 2.908588, 2.3786602), (-2.7209616, 2.5922945, 3.5324447), (-2.4595864, 2.3309178, 3.953545), (-2.881916, 2.7532506, 3.0755243), (-2.1078365, 1.9791683, 4.322643), (-1.6026819, 1.4740137, 4.662557), (-1.055434, 0.9267658, 4.8913884), (-2.9066126, 2.7790718, 2.3786602), (-0.09379625, -3.9231415, 3.0151997), (-0.09379506, -3.6955166, 3.47212), (-0.093794584, -3.3258753, 3.8932204), (-0.09379506, -2.8284256, 4.262318), (-0.09379554, -2.1140294, 4.6022325), (-0.09379679, -1.4070879, 4.8143177), (-0.09297621, -3.9594007, 2.3548465), (0.09098232, -3.9231415, 3.0151997), (0.09098351, -3.6955168, 3.47212), (0.09098399, -3.3258753, 3.8932204), (0.09098315, -2.8284256, 4.262318), (0.09098303, -2.1140294, 4.6022325), (0.0909819, -1.4070878, 4.8143177), (0.09018779, -3.9594007, 2.3548465), (-0.09379518, -3.757041, 3.5324447), (-0.093794584, -3.3874, 3.953545), (-0.093796015, -3.9846659, 3.0755243), (-0.09379542, -2.8899505, 4.322643), (-0.09379578, -2.175554, 4.662557), (-0.09379649, -1.401629, 4.8913884), (-0.09297633, -4.020388, 2.3786602), (0.09098339, -3.7570415, 3.5324447), (0.09098399, -3.3873997, 3.953545), (0.09098256, -3.9846663, 3.0755243), (0.09098339, -2.8899503, 4.322643), (0.090982795, -2.175554, 4.662557), (0.09098196, -1.401629, 4.8913884), (0.09018755, -4.0203886, 2.3786602), (-2.840403, -2.7077558, 3.0151997), (-2.6794472, -2.5468016, 3.47212), (-2.4180708, -2.2854261, 3.8932204), (-2.0663214, -1.9336761, 4.262318), (-1.5611669, -1.4285214, 4.6022325), (-1.0612845, -0.9286377, 4.8143177), (-2.8654625, -2.733975, 2.3548465), (-2.7097454, -2.8384144, 3.0151997), (-2.5487893, -2.67746, 3.47212), (-2.287413, -2.4160845, 3.8932204), (-1.9356631, -2.064334, 4.262318), (-1.4305087, -1.5591795, 4.6022325), (-0.9306263, -1.0592959, 4.8143177), (-2.7359462, -2.8634915, 2.3548465), (-2.7229517, -2.590306, 3.5324447), (-2.4615755, -2.3289309, 3.953545), (-2.8839078, -2.7512608, 3.0755243), (-2.109826, -1.9771805, 4.322643), (-1.6046715, -1.4720258, 4.662557), (-1.0574243, -0.9247778, 4.8913884), (-2.908587, -2.7770991, 2.3786602), (-2.5922937, -2.7209644, 3.5324447), (-2.3309174, -2.459589, 3.953545), (-2.75325, -2.881919, 3.0755243), (-1.9791678, -2.1078389, 4.322643), (-1.4740136, -1.6026841, 4.662557), (-0.92676604, -1.0554359, 4.8913884), (-2.7790709, -2.906616, 2.3786602)]
            texCoord2f[] primvars:st = [(0.078489915, 0.98643094), (0.077835515, 0.9863958), (0.07888342, 0.98540103), (0.07812227, 0.9863956), (0.078499585, 0.98643094), (0.07888342, 0.9853906), (0.07812227, 0.9864518), (0.07808654, 0.985965), (0.078500204, 0.98637474), (0.07808654, 0.98595387), (0.07848988, 0.98637474), (0.077835515, 0.98645204), (0.078162685, 0.98639566), (0.07907985, 0.98530775), (0.07796052, 0.98642164), (0.07806966, 0.9863323), (0.078162685, 0.98643833), (0.07796052, 0.9863733), (0.07807022, 0.9863956), (0.07907985, 0.98528993), (0.07794144, 0.98642164), (0.07794144, 0.9863733), (0.07806966, 0.98634964), (0.07876721, 0.986372), (0.07806541, 0.98634964), (0.07807447, 0.98639566), (0.079075605, 0.9852899), (0.07876721, 0.98642033), (0.07815844, 0.9863956), (0.079075605, 0.9853077), (0.078748144, 0.98642033), (0.07806541, 0.98633224), (0.07815844, 0.9864383), (0.078748144, 0.986372), (0.07807022, 0.9864106), (0.07794144, 0.98640525), (0.07807022, 0.98642474), (0.07794144, 0.98638976), (0.078162685, 0.98642385), (0.07796052, 0.98638976), (0.078162685, 0.98641014), (0.07796052, 0.98640525), (0.07807961, 0.9864248), (0.07876721, 0.9863884), (0.07807961, 0.9864107), (0.07876721, 0.9864039), (0.0781533, 0.9864101), (0.078748144, 0.9864039), (0.0781533, 0.98642373), (0.078748144, 0.9863884), (0.07809448, 0.98595387), (0.07784251, 0.9864519), (0.07836807, 0.98643136), (0.07811503, 0.98645186), (0.07809448, 0.985965), (0.078378126, 0.98643136), (0.07784251, 0.9863957), (0.07889135, 0.98540103), (0.07836871, 0.98637515), (0.07811503, 0.9863957), (0.07889135, 0.9853906), (0.078378126, 0.98637515), (0.07847891, 0.98637474), (0.07919293, 0.9849912), (0.07886754, 0.98540103), (0.07827124, 0.9863758), (0.07846922, 0.98637474), (0.07886754, 0.9853906), (0.07827124, 0.986432), (0.07809448, 0.985965), (0.0784692, 0.98643094), (0.07809448, 0.98595387), (0.07847956, 0.98643094), (0.07919293, 0.984935), (0.078035206, 0.98592806), (0.07907136, 0.98528993), (0.07830603, 0.98642176), (0.07814209, 0.9859722), (0.078035206, 0.98597234), (0.07830603, 0.9863734), (0.07914016, 0.98580706), (0.07907136, 0.9853078), (0.07828695, 0.98642176), (0.07814209, 0.98595387), (0.07828695, 0.9863734), (0.07914016, 0.98576164), (0.07814634, 0.98595387), (0.07816521, 0.9864226), (0.07913592, 0.9857617), (0.07913592, 0.98580706), (0.079075605, 0.98530775), (0.07816521, 0.98637426), (0.07803096, 0.9859281), (0.079075605, 0.9852899), (0.07818428, 0.98637426), (0.07814634, 0.98597217), (0.07803096, 0.98597234), (0.07818428, 0.9864226), (0.07914016, 0.9857916), (0.07828695, 0.9864054), (0.07914016, 0.9857771), (0.07828695, 0.9863899), (0.078035206, 0.98595726), (0.07830603, 0.9863899), (0.078035206, 0.98594314), (0.07830603, 0.9864054), (0.07913077, 0.98577714), (0.07816521, 0.98640615), (0.07913077, 0.9857917), (0.07816521, 0.98639065), (0.07802582, 0.98594314), (0.07818428, 0.98639065), (0.07802582, 0.9859573), (0.07818428, 0.98640615), (0.07810242, 0.98595387), (0.079185665, 0.9849349), (0.079101935, 0.98519915), (0.07826379, 0.98643196), (0.07810242, 0.985965), (0.07909134, 0.98519915), (0.079185665, 0.98499113), (0.078875475, 0.98540103), (0.079101846, 0.98525536), (0.07826379, 0.98637575), (0.078875475, 0.9853906), (0.07909192, 0.98525536), (0.07839794, 0.98637515), (0.07813671, 0.9863957), (0.07886754, 0.9853906), (0.07919224, 0.98517674), (0.07838878, 0.98637515), (0.07886754, 0.98540103), (0.07919224, 0.98523295), (0.07885961, 0.9853906), (0.07838817, 0.98643136), (0.07885961, 0.98540175), (0.07839794, 0.98643136), (0.07813671, 0.98645186), (0.07809838, 0.98639566), (0.0779454, 0.98635805), (0.078609005, 0.98642063), (0.07908512, 0.98581463), (0.07809838, 0.9864395), (0.078609005, 0.98637223), (0.0782544, 0.98637575), (0.0779454, 0.9863412), (0.07858994, 0.98642063), (0.07908512, 0.98579717), (0.07858994, 0.98637223), (0.0782544, 0.9864208), (0.07908937, 0.98579717), (0.078748144, 0.986372), (0.07825865, 0.98642087), (0.07825865, 0.98637575), (0.07794115, 0.9863412), (0.078748144, 0.98642033), (0.07809414, 0.9863956), (0.07794115, 0.98635805), (0.07872907, 0.98642033), (0.07908937, 0.98581463), (0.07809414, 0.9864395), (0.07872907, 0.986372), (0.0782544, 0.98639107), (0.07858994, 0.9864042), (0.0782544, 0.9864055), (0.07858994, 0.9863887), (0.07809838, 0.9864246), (0.078609005, 0.9863887), (0.07809838, 0.98641056), (0.078609005, 0.9864042), (0.07826379, 0.98640555), (0.078748144, 0.9863884), (0.07826379, 0.9863911), (0.078748144, 0.9864039), (0.078089, 0.9864105), (0.07872907, 0.9864039), (0.078089, 0.98642457), (0.07872907, 0.9863884), (0.07885167, 0.98540175), (0.07814391, 0.9864518), (0.07834785, 0.98643136), (0.07918485, 0.985233), (0.07885167, 0.9853906), (0.078357965, 0.98643136), (0.07814391, 0.9863956), (0.07885961, 0.9853906), (0.07834849, 0.98637515), (0.07918485, 0.9851768), (0.07885961, 0.98540103), (0.078357965, 0.98637515), (0.078149326, 0.9859682), (0.07827124, 0.98637575), (0.07888342, 0.9853906), (0.07810777, 0.9864518), (0.07815926, 0.9859682), (0.07888342, 0.98540103), (0.07810777, 0.9863956), (0.07811829, 0.98595387), (0.07811829, 0.985965), (0.07827124, 0.98643196), (0.07889135, 0.9853906), (0.07839794, 0.9864206), (0.07806541, 0.98633224), (0.07839794, 0.98637515), (0.07917566, 0.9858858), (0.07889135, 0.98540896), (0.078427464, 0.9864215), (0.07806541, 0.98631436), (0.078427464, 0.9863732), (0.07917566, 0.9858416), (0.07806966, 0.98631436), (0.07834417, 0.9863734), (0.079171404, 0.9858416), (0.079171404, 0.98588586), (0.0788956, 0.9854089), (0.07834417, 0.98642176), (0.0788956, 0.9853906), (0.07840219, 0.9864205), (0.07806966, 0.98633224), (0.07840219, 0.98637515), (0.07917566, 0.9858708), (0.078427464, 0.9864051), (0.07917566, 0.9858566), (0.078427464, 0.9863896), (0.07839794, 0.9863906), (0.07839794, 0.98640513), (0.07916627, 0.98585665), (0.07834417, 0.9863899), (0.07916627, 0.98587084), (0.07834417, 0.9864054), (0.078407325, 0.9864051), (0.078407325, 0.98639053), (0.07811035, 0.985965), (0.07827869, 0.986432), (0.07914894, 0.98587364), (0.07811503, 0.98639566), (0.07811035, 0.98595387), (0.07915929, 0.98587364), (0.07827869, 0.9863758), (0.078875475, 0.9853906), (0.07914894, 0.98581743), (0.07811503, 0.98645186), (0.07887549, 0.98540103), (0.07915864, 0.98581743), (0.07838817, 0.98637515), (0.07812227, 0.9863957), (0.07888342, 0.98540103), (0.077849515, 0.9863957), (0.07837876, 0.98637515), (0.07888342, 0.98541147), (0.077849515, 0.9864519), (0.07814209, 0.98595387), (0.078378126, 0.98643136), (0.07814209, 0.985965), (0.07838817, 0.98643136), (0.07812227, 0.98645186), (0.078089, 0.98639566), (0.07908937, 0.98579717), (0.07820335, 0.9864226), (0.07794115, 0.9863412), (0.078089, 0.98643976), (0.07820335, 0.98637426), (0.07908937, 0.9858145), (0.0781533, 0.98643833), (0.07794115, 0.9863233), (0.07818428, 0.98637426), (0.0779454, 0.98632336), (0.078222424, 0.98637426), (0.07909361, 0.9858146), (0.07814905, 0.9864383), (0.07808475, 0.9863956), (0.07909361, 0.98579717), (0.07820335, 0.9864226), (0.0779454, 0.9863412), (0.07808475, 0.98643976), (0.07820335, 0.98637426), (0.0781533, 0.98642385), (0.07818428, 0.98639065), (0.078089, 0.9864248), (0.07820335, 0.98639065), (0.078089, 0.9864106), (0.07820335, 0.98640615), (0.078222424, 0.98639065), (0.07814391, 0.98642373), (0.07807961, 0.9864106), (0.07820335, 0.98640615), (0.07807961, 0.98642474), (0.07820335, 0.98639065), (0.078134164, 0.985965), (0.078129515, 0.9864518), (0.07847956, 0.98643094), (0.07784251, 0.98645204), (0.078134164, 0.98595387), (0.07848988, 0.98643094), (0.078129515, 0.9863956), (0.078875475, 0.98540103), (0.078480184, 0.98637474), (0.07784251, 0.9863958), (0.078875475, 0.98541147), (0.07848985, 0.98637474), (0.079135396, 0.9862323), (0.07914816, 0.9864366), (0.07886754, 0.98540103), (0.07852048, 0.98643094), (0.07912564, 0.9862323), (0.07886754, 0.98541147), (0.07852048, 0.98637474), (0.07812622, 0.98595387), (0.079125606, 0.9862885), (0.07812622, 0.985965), (0.079136, 0.9862885), (0.078245014, 0.98637575), (0.07806966, 0.98631436), (0.0784656, 0.9864215), (0.07908088, 0.9858147), (0.078245014, 0.9864209), (0.0784656, 0.9863732), (0.07910071, 0.9853016), (0.07806966, 0.98629636), (0.07844654, 0.9864215), (0.07908088, 0.98579717), (0.07844654, 0.9863732), (0.07910071, 0.98525536), (0.07908512, 0.98579717), (0.07830603, 0.98642176), (0.079096474, 0.98525536), (0.079096474, 0.9853016), (0.07806541, 0.98629636), (0.07830603, 0.9863734), (0.07806541, 0.98631436), (0.07824077, 0.98637575), (0.07908512, 0.9858147), (0.07824077, 0.9864209), (0.07910071, 0.9852859), (0.07844654, 0.9864051), (0.07910071, 0.9852711), (0.07844654, 0.9863896), (0.078245014, 0.98640555), (0.0784656, 0.9863896), (0.078245014, 0.98639107), (0.0784656, 0.9864051), (0.07909134, 0.9852711), (0.07830603, 0.9864054), (0.07909134, 0.98528594), (0.07830603, 0.9863899), (0.07823563, 0.9863911), (0.07823563, 0.9864056), (0.07811829, 0.985965), (0.07914074, 0.98638034), (0.07852048, 0.98637474), (0.07811829, 0.98595387), (0.07852808, 0.9863748), (0.07914074, 0.9864365), (0.07885961, 0.98540103), (0.07852048, 0.98643094), (0.07885961, 0.98541147), (0.07852808, 0.986431), (0.07836807, 0.98637515), (0.07783412, 0.9864389), (0.07885961, 0.98540175), (0.07813671, 0.9863956), (0.0783586, 0.98637515), (0.07885961, 0.9854121), (0.07813671, 0.9864518), (0.07811035, 0.98595387), (0.078357965, 0.98643136), (0.07811035, 0.985965), (0.07836807, 0.98643136), (0.07783412, 0.9863827), (0.0782544, 0.98637575), (0.079088345, 0.9853074), (0.078427464, 0.9864215), (0.07909787, 0.9857972), (0.0782544, 0.98642087), (0.078427464, 0.9863732), (0.07810777, 0.9864395), (0.079088345, 0.98528993), (0.07840839, 0.9864215), (0.07909787, 0.9858141), (0.07840839, 0.9863732), (0.07810777, 0.98639566), (0.07909361, 0.98581403), (0.078710005, 0.98642033), (0.07810352, 0.9863956), (0.07810352, 0.9864395), (0.0790841, 0.9852899), (0.078710005, 0.986372), (0.078250155, 0.98637575), (0.0790841, 0.98530734), (0.07872907, 0.986372), (0.07909361, 0.98579717), (0.078250155, 0.9864208), (0.07872907, 0.98642033), (0.07810777, 0.9864246), (0.07840839, 0.9864051), (0.07810777, 0.98641056), (0.07840839, 0.9863896), (0.0782544, 0.98640555), (0.078427464, 0.9863896), (0.0782544, 0.98639107), (0.078427464, 0.9864051), (0.07809838, 0.9864105), (0.078710005, 0.9864039), (0.07809838, 0.98642457), (0.078710005, 0.9863884), (0.078245014, 0.98639107), (0.07872907, 0.9863884), (0.078245014, 0.9864055), (0.07872907, 0.9864039), (0.07810242, 0.985965), (0.07782672, 0.9863827), (0.07913077, 0.98576164), (0.078129515, 0.98645186), (0.07810242, 0.98595387), (0.079140544, 0.98576164), (0.07782672, 0.98643893), (0.07885167, 0.98540175), (0.07913138, 0.98570544), (0.078129515, 0.9863957), (0.07885167, 0.9854121), (0.079140544, 0.98570544), (0.07754635, 0.98522), (0.07758014, 0.98527074), (0.07762313, 0.9853139), (0.07767368, 0.98534775), (0.07772986, 0.9853711), (0.07778949, 0.98538303), (0.0778503, 0.98538303), (0.07790993, 0.9853711), (0.07796611, 0.98534775), (0.07801666, 0.9853139), (0.07805965, 0.98527074), (0.07809344, 0.98522), (0.0781167, 0.9851636), (0.07812856, 0.98510385), (0.07812856, 0.9850428), (0.0781167, 0.98498297), (0.07809344, 0.98492664), (0.07805965, 0.98487586), (0.07801666, 0.98483276), (0.07796611, 0.98479885), (0.07790993, 0.98477554), (0.07785029, 0.9847636), (0.07778949, 0.9847636), (0.07772986, 0.98477554), (0.07767368, 0.98479885), (0.07762313, 0.98483276), (0.07758014, 0.9848759), (0.07754635, 0.98492664), (0.07752308, 0.98498297), (0.07751122, 0.9850428), (0.07751122, 0.98510385), (0.07752308, 0.9851636), (0.07756188, 0.9852117), (0.07825043, 0.98493284), (0.077593744, 0.98525953), (0.0782823, 0.98488504), (0.0776343, 0.98530024), (0.07832284, 0.9848443), (0.07768199, 0.9853322), (0.078370534, 0.9848123), (0.07773497, 0.9853542), (0.078423515, 0.9847903), (0.07779122, 0.98536545), (0.07847977, 0.9847791), (0.07784857, 0.98536545), (0.07853712, 0.9847791), (0.07790482, 0.9853542), (0.07859336, 0.9847903), (0.0779578, 0.9853322), (0.07864635, 0.9848123), (0.07800549, 0.98530024), (0.07869404, 0.9848443), (0.078046046, 0.98525953), (0.07873459, 0.98488504), (0.078077905, 0.9852117), (0.07876645, 0.98493284), (0.078099854, 0.9851585), (0.0787884, 0.984986), (0.07811104, 0.98510206), (0.07879959, 0.98504245), (0.07811104, 0.98504454), (0.07879959, 0.9851), (0.078099854, 0.9849881), (0.0787884, 0.9851564), (0.078077905, 0.9849349), (0.07876645, 0.9852096), (0.078046046, 0.98488706), (0.07873459, 0.98525745), (0.07800549, 0.9848464), (0.07869404, 0.9852981), (0.0779578, 0.98481447), (0.07864635, 0.9853301), (0.07790482, 0.9847924), (0.07859336, 0.9853521), (0.07784857, 0.9847812), (0.07853712, 0.98536336), (0.07779122, 0.9847812), (0.07847977, 0.98536336), (0.07773497, 0.9847924), (0.078423515, 0.9853521), (0.07768199, 0.98481447), (0.078370534, 0.9853301), (0.0776343, 0.9848464), (0.07832284, 0.9852981), (0.077593744, 0.98488706), (0.0782823, 0.98525745), (0.07756188, 0.9849349), (0.07825043, 0.9852096), (0.07753993, 0.9849881), (0.07822848, 0.9851564), (0.077528745, 0.98504454), (0.07821729, 0.9851), (0.077528745, 0.98510206), (0.07821729, 0.98504245), (0.077539936, 0.9851585), (0.07822848, 0.984986), (0.07816051, 0.98580116), (0.07751388, 0.9852374), (0.07816099, 0.9858604), (0.07755167, 0.98529416), (0.07916627, 0.98530847), (0.078161635, 0.9859119), (0.077599764, 0.98534244), (0.07916568, 0.98536295), (0.07765633, 0.98538035), (0.07916524, 0.98542446), (0.07771917, 0.98540646), (0.079164974, 0.98549056), (0.07778588, 0.98541975), (0.07916488, 0.9855587), (0.077853896, 0.98541975), (0.079164974, 0.9856262), (0.077920616, 0.98540646), (0.07916524, 0.9856907), (0.07798346, 0.98538035), (0.07916568, 0.9857495), (0.07804002, 0.98534244), (0.07916627, 0.9858004), (0.07915351, 0.98530847), (0.07808812, 0.98529416), (0.07915286, 0.9853652), (0.07812591, 0.9852374), (0.07915238, 0.9854283), (0.07815194, 0.98517436), (0.07915209, 0.9854952), (0.07816521, 0.9851074), (0.07915199, 0.98556346), (0.07816521, 0.9850392), (0.07915209, 0.9856304), (0.07815194, 0.98497224), (0.07915238, 0.98569345), (0.07812591, 0.9849092), (0.07915286, 0.9857502), (0.07808812, 0.98485243), (0.07915351, 0.9857984), (0.07804002, 0.9848042), (0.07915293, 0.98593986), (0.07798346, 0.9847663), (0.07915249, 0.98599935), (0.077920616, 0.98474014), (0.07915222, 0.9860642), (0.0778539, 0.98472685), (0.07915212, 0.98613197), (0.07778588, 0.98472685), (0.07915222, 0.9862), (0.07771917, 0.98474014), (0.07915249, 0.9862657), (0.07765633, 0.9847663), (0.07915293, 0.9863266), (0.077599764, 0.9848042), (0.07915351, 0.98638034), (0.078161635, 0.98541975), (0.07755167, 0.98485243), (0.07816099, 0.98547375), (0.07751388, 0.9849092), (0.07816051, 0.98553485), (0.07748785, 0.98497224), (0.07816021, 0.98560065), (0.07747458, 0.9850392), (0.078160115, 0.9856687), (0.07747458, 0.9851074), (0.07816021, 0.9857364), (0.07748785, 0.98517436), (0.07814913, 0.9858003), (0.078204274, 0.9849081), (0.07814961, 0.9858592), (0.07824183, 0.9848517), (0.07915489, 0.9853099), (0.07815025, 0.98591036), (0.07828964, 0.98480374), (0.0791543, 0.9853641), (0.07834586, 0.98476607), (0.07915386, 0.9854252), (0.07840832, 0.9847401), (0.0791536, 0.98549086), (0.07847464, 0.98472685), (0.07915351, 0.98555857), (0.07854225, 0.98472685), (0.0791536, 0.98562574), (0.07860856, 0.9847401), (0.07915386, 0.98568976), (0.07867102, 0.98476607), (0.0791543, 0.98574823), (0.07872724, 0.98480374), (0.07915489, 0.98579884), (0.07914212, 0.9853098), (0.07877505, 0.9848517), (0.079141475, 0.98536617), (0.078812614, 0.9849081), (0.079141006, 0.98542887), (0.07883849, 0.98497075), (0.07914071, 0.9854954), (0.07885167, 0.9850373), (0.07914062, 0.9855632), (0.07885167, 0.98510516), (0.07914071, 0.98562974), (0.07883849, 0.9851717), (0.079141006, 0.98569244), (0.078812614, 0.9852344), (0.079141475, 0.9857488), (0.07877505, 0.98529077), (0.07914212, 0.9857968), (0.07872724, 0.9853387), (0.07914154, 0.98594105), (0.07867102, 0.9853764), (0.0791411, 0.9860002), (0.07860856, 0.98540235), (0.079140835, 0.9860646), (0.07854225, 0.9854156), (0.07914074, 0.98613197), (0.07847464, 0.9854156), (0.079140835, 0.9861996), (0.07840832, 0.98540235), (0.0791411, 0.98626494), (0.07834586, 0.9853764), (0.07914154, 0.9863255), (0.07828964, 0.9853387), (0.07914212, 0.98637885), (0.07815025, 0.98542124), (0.07824183, 0.98529077), (0.07814961, 0.9854749), (0.078204274, 0.9852344), (0.07814913, 0.98553556), (0.0781784, 0.9851717), (0.07814884, 0.985601), (0.07816521, 0.98510516), (0.07814874, 0.98566866), (0.07816521, 0.98503727), (0.07814884, 0.98573595), (0.0781784, 0.98497075), (0.07765381, 0.9863394), (0.077653445, 0.98628), (0.07769176, 0.9862745), (0.07772725, 0.98626554), (0.07766981, 0.9854304), (0.077681825, 0.9854702), (0.07765326, 0.98621696), (0.077691585, 0.9862151), (0.077723056, 0.98541975), (0.0777271, 0.98621213), (0.07772711, 0.9854611), (0.07765326, 0.9861527), (0.077691585, 0.9861546), (0.077777356, 0.98541975), (0.0777271, 0.98615766), (0.07777329, 0.9854611), (0.07765345, 0.9860897), (0.07769176, 0.98609525), (0.07783059, 0.9854304), (0.07772725, 0.9861042), (0.07781857, 0.9854702), (0.07765381, 0.98603034), (0.0776921, 0.98603934), (0.07789526, 0.98542404), (0.07772756, 0.9860539), (0.07788076, 0.9854513), (0.07786123, 0.9854879), (0.07765433, 0.98597693), (0.07903165, 0.98519444), (0.0776926, 0.985989), (0.077945426, 0.98545766), (0.07906988, 0.98518044), (0.0779259, 0.9854815), (0.07789962, 0.9855136), (0.0790311, 0.9851465), (0.07798808, 0.98550045), (0.07906936, 0.9851353), (0.07910478, 0.98511714), (0.07796428, 0.98552006), (0.07793227, 0.9855464), (0.07903044, 0.9850305), (0.079068735, 0.985026), (0.07801522, 0.9856156), (0.07910421, 0.9850188), (0.077975586, 0.9856277), (0.07903036, 0.9849669), (0.07906865, 0.9849661), (0.07802582, 0.9856691), (0.07910413, 0.9849648), (0.077984594, 0.9856731), (0.07903044, 0.9849027), (0.079068735, 0.98490566), (0.07802582, 0.98572356), (0.07910421, 0.9849104), (0.077984594, 0.9857195), (0.07903069, 0.9848405), (0.07906897, 0.98484707), (0.07801522, 0.98577696), (0.07910442, 0.9848577), (0.077975586, 0.9857649), (0.0790311, 0.98478264), (0.07906936, 0.98479253), (0.0780216, 0.9858419), (0.07910478, 0.9848086), (0.07799445, 0.9858273), (0.07795792, 0.9858077), (0.07903165, 0.9847313), (0.07900777, 0.9858834), (0.07906988, 0.9847442), (0.079046, 0.98586965), (0.07798808, 0.9858922), (0.07796428, 0.98587257), (0.07793227, 0.9858462), (0.07900715, 0.98583496), (0.077945426, 0.985935), (0.07904544, 0.9858239), (0.0779259, 0.98591113), (0.07908088, 0.9858061), (0.07789962, 0.985879), (0.0790067, 0.98577917), (0.07904501, 0.9857714), (0.07788075, 0.9859414), (0.07908049, 0.98575884), (0.07786123, 0.98590475), (0.07900643, 0.98571825), (0.07904475, 0.985714), (0.0778306, 0.9859622), (0.07908027, 0.98570716), (0.07781857, 0.98592246), (0.079006344, 0.9856545), (0.07904466, 0.98565394), (0.07777735, 0.9859728), (0.07908018, 0.9856531), (0.07777329, 0.9859315), (0.079006426, 0.9855904), (0.07904475, 0.98559356), (0.077723056, 0.9859728), (0.07908027, 0.98559874), (0.07772711, 0.9859315), (0.0790067, 0.9855284), (0.07904501, 0.98553514), (0.07766981, 0.9859622), (0.07908049, 0.98554623), (0.077681825, 0.98592246), (0.07900715, 0.9854709), (0.07904544, 0.985481), (0.07760513, 0.9859686), (0.07908088, 0.9854975), (0.07761964, 0.9859414), (0.07763918, 0.98590475), (0.07900764, 0.98635614), (0.07900777, 0.9854201), (0.079046, 0.98543316), (0.07904586, 0.98634297), (0.07755498, 0.985935), (0.0775745, 0.98591113), (0.07760078, 0.985879), (0.079007074, 0.9863056), (0.07751232, 0.9858922), (0.07904535, 0.98629534), (0.07908075, 0.9862788), (0.07753611, 0.98587257), (0.07756813, 0.9858462), (0.07900641, 0.9861864), (0.079044715, 0.98618305), (0.077485174, 0.98577696), (0.079080194, 0.9861777), (0.07752481, 0.9857649), (0.07900633, 0.9861223), (0.07904464, 0.9861227), (0.07747458, 0.98572356), (0.07908012, 0.9861234), (0.0775158, 0.9857195), (0.07900641, 0.98605853), (0.079044715, 0.98606265), (0.07747458, 0.9856691), (0.079080194, 0.9860693), (0.0775158, 0.9856731), (0.07900667, 0.98599744), (0.07904495, 0.9860051), (0.077485174, 0.9856156), (0.0790804, 0.9860175), (0.07752481, 0.9856277), (0.079007074, 0.98594147), (0.07904535, 0.9859524), (0.077478796, 0.98555076), (0.07908075, 0.9859701), (0.077505946, 0.9855653), (0.077542484, 0.9855849), (0.07900764, 0.9858927), (0.077655, 0.9864383), (0.07904586, 0.9859064), (0.07751232, 0.98550045), (0.07769323, 0.98642355), (0.07753611, 0.98552006), (0.07756813, 0.9855464), (0.07765433, 0.9863928), (0.07769259, 0.98638076), (0.07755498, 0.98545766), (0.0775745, 0.9854815), (0.07760078, 0.9855136), (0.0776921, 0.98633045), (0.07760513, 0.98542404), (0.07772756, 0.98631585), (0.07761964, 0.9854513), (0.07763917, 0.9854879), (0.013141992, 0.9847922), (0.014133217, 0.9838654), (0.014135327, 0.9838888), (0.014075695, 0.98390025), (0.013141617, 0.9847317), (0.014069073, 0.9838777), (0.014019432, 0.9839231), (0.013141431, 0.9846674), (0.014008554, 0.9839023), (0.013968695, 0.9839565), (0.013141431, 0.9846019), (0.01395398, 0.9839383), (0.013925437, 0.98399925), (0.013141617, 0.98453766), (0.013907451, 0.98398423), (0.013891317, 0.9840496), (0.013141992, 0.9844771), (0.013870755, 0.9840384), (0.013867652, 0.9841057), (0.013142528, 0.9844226), (0.014519863, 0.9836489), (0.013845295, 0.98409873), (0.013855347, 0.9841654), (0.014519291, 0.9836), (0.013832061, 0.98416287), (0.014518615, 0.9834817), (0.013843792, 0.98429275), (0.013866253, 0.9842861), (0.013889046, 0.9843426), (0.014518522, 0.9834168), (0.013868311, 0.9843535), (0.01392238, 0.9843935), (0.014518615, 0.9833514), (0.013904167, 0.98440826), (0.013964973, 0.98443687), (0.014518876, 0.983288), (0.013949977, 0.98445493), (0.014015181, 0.9844711), (0.014519291, 0.983229), (0.014003985, 0.98449177), (0.01407109, 0.98449486), (0.014519863, 0.98317665), (0.014495961, 0.9843378), (0.014064115, 0.9845173), (0.014130535, 0.9845072), (0.014495339, 0.9842884), (0.014128059, 0.98453057), (0.014191236, 0.9845077), (0.014494881, 0.98423153), (0.014193356, 0.9845311), (0.014250867, 0.98449624), (0.0144946, 0.98416936), (0.014257489, 0.98451877), (0.01430713, 0.9844734), (0.014494507, 0.9841044), (0.014318015, 0.9844942), (0.014357872, 0.98443997), (0.0144946, 0.984039), (0.0143725835, 0.9844582), (0.01440113, 0.9843972), (0.014494881, 0.9839758), (0.014419116, 0.98441225), (0.01443525, 0.98434687), (0.014495339, 0.9839172), (0.014455814, 0.9843581), (0.0144589115, 0.9842907), (0.014495961, 0.9838654), (0.014495837, 0.9848104), (0.014481273, 0.98429775), (0.01447122, 0.9842311), (0.014495276, 0.9847589), (0.014494507, 0.98423356), (0.01449459, 0.9846373), (0.01448277, 0.9841037), (0.014460314, 0.98411036), (0.014437515, 0.9840539), (0.014494507, 0.984572), (0.014458256, 0.984043), (0.014404187, 0.984003), (0.01449459, 0.98450696), (0.0144224, 0.9839882), (0.014361594, 0.9839596), (0.014494849, 0.9844447), (0.014376584, 0.98394156), (0.014311383, 0.98392534), (0.014495276, 0.98438764), (0.014322579, 0.9839047), (0.0142554715, 0.9839016), (0.014495837, 0.9843379), (0.0131432135, 0.984893), (0.014262449, 0.9838792), (0.014196029, 0.9838893), (0.013142528, 0.98484665), (0.0141985025, 0.9838659), (0.077699095, 0.9855273), (0.07773294, 0.98552054), (0.077767454, 0.98552054), (0.0778013, 0.9855273), (0.077833176, 0.9855405), (0.07786188, 0.9855598), (0.07788628, 0.98558426), (0.077918656, 0.98564506), (0.0779254, 0.98567903), (0.0779254, 0.9857136), (0.077918656, 0.9857476), (0.077905454, 0.9857796), (0.07788628, 0.9858084), (0.07786188, 0.98583287), (0.07783318, 0.98585206), (0.0778013, 0.98586535), (0.077767454, 0.9858721), (0.07773294, 0.9858721), (0.077699095, 0.98586535), (0.077667214, 0.98585206), (0.07763852, 0.98583287), (0.07761411, 0.9858084), (0.07758174, 0.9857476), (0.077575006, 0.9857136), (0.077575006, 0.98567903), (0.07758174, 0.98564506), (0.07759494, 0.98561305), (0.07761412, 0.98558426), (0.07763852, 0.9855598), (0.077667214, 0.9855405), (0.07771618, 0.98558384), (0.013612285, 0.9847656), (0.07773871, 0.9855793), (0.013612248, 0.984743), (0.07776168, 0.9855793), (0.013612285, 0.98471993), (0.07778421, 0.98558384), (0.013612384, 0.98469734), (0.07780544, 0.98559266), (0.013612544, 0.98467606), (0.077824526, 0.9856055), (0.013612762, 0.9846569), (0.014879126, 0.9846054), (0.077840775, 0.98562175), (0.014878929, 0.98458815), (0.07786233, 0.98566216), (0.01487869, 0.98454654), (0.07786681, 0.9856848), (0.014878659, 0.9845237), (0.07786681, 0.9857078), (0.01487869, 0.9845007), (0.07786233, 0.98573047), (0.014878783, 0.9844784), (0.07785354, 0.98575175), (0.014878929, 0.9844576), (0.077840775, 0.9857709), (0.0136931855, 0.98433155), (0.014879126, 0.98443925), (0.07782453, 0.9857872), (0.013692968, 0.9843142), (0.07780544, 0.9858), (0.013692807, 0.9842942), (0.07778421, 0.9858088), (0.013692709, 0.9842723), (0.07776168, 0.9858133), (0.013692671, 0.9842495), (0.07773872, 0.9858133), (0.013692709, 0.98422647), (0.07771618, 0.9858088), (0.013692807, 0.98420423), (0.07769497, 0.9858), (0.013692968, 0.9841836), (0.077675864, 0.9857872), (0.0136931855, 0.9841654), (0.013620913, 0.9848231), (0.07765962, 0.9857709), (0.013620716, 0.984805), (0.077638075, 0.98573047), (0.013620477, 0.9847622), (0.07763359, 0.9857078), (0.0136204455, 0.98473924), (0.07763359, 0.9856848), (0.013620477, 0.98471636), (0.077638075, 0.98566216), (0.013620565, 0.9846944), (0.07764686, 0.9856409), (0.013620716, 0.9846744), (0.07765962, 0.98562175), (0.013620913, 0.9846569), (0.013612762, 0.98482233), (0.077675864, 0.9856055), (0.013612544, 0.98480606), (0.07769497, 0.98559266), (0.013612384, 0.98478687), (0.2013441, 0.9844014), (0.201332, 0.98439884), (0.20132062, 0.984394), (0.20131043, 0.984387), (0.20130178, 0.9843781), (0.20129502, 0.9843677), (0.2012904, 0.9843562), (0.20128828, 0.9843316), (0.20129082, 0.9843195), (0.20129567, 0.98430806), (0.20130265, 0.9842978), (0.2013115, 0.98428917), (0.20132184, 0.9842824), (0.20133331, 0.9842778), (0.20134547, 0.98427546), (0.20135784, 0.9842756), (0.20136994, 0.98427814), (0.2013813, 0.98428303), (0.20139152, 0.98429006), (0.20140016, 0.9842989), (0.2014069, 0.9843093), (0.20141152, 0.9843208), (0.20141366, 0.9843454), (0.2014111, 0.98435754), (0.20140624, 0.984369), (0.20139927, 0.9843792), (0.20139042, 0.9843879), (0.20138007, 0.98439467), (0.2013686, 0.98439926), (0.20135644, 0.9844015), (0.20128828, 0.984344), (0.20141366, 0.98433304), (0.20135096, 0.9843385), (0.0790307, 0.9850909), (0.07906899, 0.9850829), (0.077994, 0.98556554), (0.07910444, 0.98507), (0.077957466, 0.98558515), (0.014518876, 0.98354334), (0.013832061, 0.9842284), (0.013855269, 0.9842262), (0.07790512, 0.9856132), (0.07785331, 0.985641), (0.014878783, 0.9845682), (0.07900667, 0.9862481), (0.07904496, 0.98624116), (0.07908041, 0.98622996), (0.07750639, 0.985827), (0.07754292, 0.9858075), (0.014494861, 0.98470026), (0.014494507, 0.9841681), (0.0144712925, 0.98417026), (0.07759528, 0.9857794), (0.07764708, 0.9857516), (0.01362057, 0.9847843), (0.045432165, 0.98517954), (0.077598736, 0.9863422), (0.013260657, 0.9847922), (0.045427233, 0.9851797), (0.013260288, 0.9847317), (0.04542686, 0.9851192), (0.07759837, 0.98628175), (0.045431793, 0.9851191), (0.0132601, 0.9846674), (0.045426674, 0.98505497), (0.077598184, 0.98621756), (0.045431606, 0.9850549), (0.0132601, 0.9846019), (0.045426674, 0.98498946), (0.077598184, 0.9861522), (0.045431606, 0.9849895), (0.013260288, 0.98453766), (0.04542686, 0.9849252), (0.07759837, 0.986088), (0.045431793, 0.9849253), (0.013260657, 0.9844771), (0.045427233, 0.98486465), (0.077598736, 0.98602754), (0.045432165, 0.9848649), (0.013261197, 0.9844226), (0.014638532, 0.98364896), (0.04542777, 0.9848102), (0.046805106, 0.9840365), (0.07897661, 0.9851988), (0.07759928, 0.9859732), (0.045432705, 0.98481053), (0.046810035, 0.98403615), (0.01463796, 0.9836001), (0.046804532, 0.9839876), (0.046809472, 0.98398733), (0.07897605, 0.98515), (0.078975365, 0.98503184), (0.046808787, 0.9838692), (0.014637284, 0.98348176), (0.046803858, 0.9838693), (0.014637202, 0.9834169), (0.046803776, 0.98380446), (0.078975275, 0.98496705), (0.046808705, 0.9838044), (0.014637284, 0.98335147), (0.046803858, 0.983739), (0.078975365, 0.9849018), (0.046808787, 0.98373914), (0.014637545, 0.98328805), (0.04680412, 0.9836756), (0.07897562, 0.9848384), (0.046809047, 0.9836758), (0.01463796, 0.98322904), (0.046804532, 0.9836166), (0.07897605, 0.9847795), (0.046809472, 0.9836168), (0.014638532, 0.9831767), (0.014614632, 0.9843379), (0.046805106, 0.98356426), (0.046781205, 0.9847255), (0.07895271, 0.98588777), (0.07897661, 0.98472726), (0.046810035, 0.9835646), (0.046786133, 0.9847251), (0.014614008, 0.98428845), (0.046780583, 0.984676), (0.0789521, 0.98583835), (0.04678552, 0.9846757), (0.01461355, 0.9842316), (0.046780124, 0.98461914), (0.07895164, 0.98578155), (0.046785064, 0.9846189), (0.014613271, 0.9841694), (0.046779845, 0.984557), (0.078951344, 0.9857195), (0.046784773, 0.98455685), (0.014613176, 0.98410445), (0.04677975, 0.984492), (0.078951254, 0.98565465), (0.046784677, 0.984492), (0.014613271, 0.98403907), (0.046779845, 0.9844266), (0.078951344, 0.9855894), (0.046784773, 0.98442674), (0.01461355, 0.9839759), (0.046780124, 0.98436344), (0.07895164, 0.98552626), (0.046785064, 0.9843636), (0.014614008, 0.98391724), (0.046780583, 0.9843048), (0.0789521, 0.98546773), (0.04678552, 0.9843051), (0.014614632, 0.98386544), (0.014614508, 0.9848104), (0.046781205, 0.984253), (0.04678108, 0.98519796), (0.07895271, 0.985416), (0.07895258, 0.98636025), (0.046786133, 0.98425335), (0.04678601, 0.9851976), (0.014613945, 0.98475885), (0.04678052, 0.9851464), (0.046785448, 0.98514616), (0.07895202, 0.9863088), (0.078951344, 0.9861874), (0.046784773, 0.98502475), (0.01461326, 0.9846373), (0.046779834, 0.98502487), (0.014613176, 0.984572), (0.04677975, 0.98495954), (0.078951254, 0.9861222), (0.046784677, 0.98495954), (0.01461326, 0.98450696), (0.046779834, 0.9848945), (0.078951344, 0.9860572), (0.046784773, 0.9848946), (0.01461352, 0.9844447), (0.046780095, 0.9848322), (0.078951605, 0.98599505), (0.046785034, 0.9848324), (0.014613945, 0.9843876), (0.04678052, 0.9847751), (0.07895202, 0.9859381), (0.046785448, 0.9847754), (0.014614508, 0.9843379), (0.013261884, 0.984893), (0.04678108, 0.9847255), (0.04542846, 0.9852806), (0.07759996, 0.98644286), (0.07895258, 0.9858884), (0.04678601, 0.9847258), (0.045433387, 0.9852802), (0.013261192, 0.98484665), (0.045427766, 0.9852342), (0.045432705, 0.98523396), (0.07759928, 0.9863966), (0.014637556, 0.9835434), (0.04680413, 0.98393095), (0.046809055, 0.98393077), (0.07897563, 0.9850934), (0.01461353, 0.9847002), (0.046780102, 0.98508775), (0.046785034, 0.9850876), (0.078951605, 0.9862502), (0.04688447, 0.9840893), (0.045560993, 0.98511255), (0.04691916, 0.9840871), (0.046887025, 0.98410964), (0.045560993, 0.9850918), (0.046921104, 0.98410255), (0.04689183, 0.9841272), (0.04698693, 0.98508954), (0.045567498, 0.98507255), (0.047018692, 0.9851005), (0.046924762, 0.98411596), (0.04698693, 0.98510545), (0.045579735, 0.9850571), (0.047018692, 0.9851126), (0.046890084, 0.9841672), (0.04698693, 0.985125), (0.045596223, 0.98504734), (0.047018692, 0.9851275), (0.046884615, 0.98418117), (0.04698693, 0.98514575), (0.045614965, 0.9850444), (0.047018692, 0.9851433), (0.046884544, 0.98419607), (0.04698693, 0.9851653), (0.04563371, 0.9850487), (0.047018692, 0.98515815), (0.046889864, 0.98421), (0.04698693, 0.9851813), (0.046891123, 0.9842426), (0.04565019, 0.9850597), (0.047018692, 0.98517025), (0.046899937, 0.98422134), (0.046909027, 0.9842524), (0.046913765, 0.98523897), (0.045662425, 0.985076), (0.046887264, 0.9852337), (0.046913557, 0.9842288), (0.046912715, 0.9852185), (0.045668945, 0.98509574), (0.046886474, 0.98521817), (0.046929076, 0.9842314), (0.046913765, 0.98519796), (0.04694985, 0.9842524), (0.045668945, 0.9851164), (0.046887264, 0.98520255), (0.04694462, 0.9842288), (0.046967845, 0.9842426), (0.046854716, 0.98527384), (0.04566243, 0.9851357), (0.046822958, 0.9852628), (0.046958312, 0.98422134), (0.046854716, 0.98525786), (0.04565019, 0.9851511), (0.046822958, 0.9852507), (0.046968497, 0.98421), (0.046854716, 0.9852383), (0.04563371, 0.9851609), (0.046822958, 0.98523587), (0.046973966, 0.98419607), (0.046854716, 0.9852175), (0.045614965, 0.9851638), (0.046822958, 0.98522), (0.04697404, 0.98418117), (0.046854716, 0.98519796), (0.04689183, 0.9840365), (0.045596223, 0.9851595), (0.046822958, 0.9852052), (0.046924762, 0.98404694), (0.04696872, 0.9841672), (0.046887025, 0.9840504), (0.045579735, 0.98514855), (0.046921104, 0.9840575), (0.04688447, 0.98406875), (0.045567498, 0.9851322), (0.04691916, 0.98407143), (0.046917092, 0.9841566), (0.04560418, 0.9852463), (0.046929464, 0.9841546), (0.045603547, 0.9852587), (0.046906207, 0.9841625), (0.04599776, 0.9848048), (0.045606006, 0.98523533), (0.046898097, 0.98417157), (0.04599776, 0.98479515), (0.046893753, 0.9841827), (0.04599776, 0.98478335), (0.04689369, 0.9841945), (0.04599776, 0.9847707), (0.04689792, 0.9842056), (0.04599776, 0.9847589), (0.04690595, 0.98421466), (0.045571685, 0.9852353), (0.04599776, 0.98474926), (0.04691678, 0.98422056), (0.04556945, 0.98524624), (0.04692912, 0.98422265), (0.045568667, 0.9852587), (0.04694148, 0.98422056), (0.04556945, 0.9852711), (0.046952374, 0.98421466), (0.045993075, 0.98506963), (0.045571685, 0.9852819), (0.046960484, 0.9842056), (0.045993075, 0.9850793), (0.04696483, 0.9841945), (0.045993075, 0.9850911), (0.04696489, 0.9841827), (0.045993075, 0.98510367), (0.04696066, 0.98417157), (0.045993075, 0.9851155), (0.046952635, 0.9841625), (0.045993075, 0.9851251), (0.045606006, 0.9852819), (0.046941802, 0.9841566), (0.04560418, 0.9852711), (0.045599405, 0.9852711), (0.2011874, 0.98464084), (0.045998063, 0.9851251), (0.045601223, 0.9852819), (0.20117983, 0.9846506), (0.045998063, 0.9851155), (0.20116964, 0.98465705), (0.045998063, 0.98510367), (0.20115802, 0.98465943), (0.045998063, 0.9850911), (0.2011464, 0.98465747), (0.045998063, 0.9850793), (0.2011362, 0.9846513), (0.045998063, 0.98506963), (0.045576345, 0.9852819), (0.2011286, 0.98464185), (0.04557411, 0.9852711), (0.20112458, 0.9846301), (0.04557333, 0.9852587), (0.20112458, 0.98461753), (0.04557411, 0.9852463), (0.2011286, 0.9846056), (0.045576345, 0.98523533), (0.045992766, 0.98474926), (0.2011362, 0.9845959), (0.045992766, 0.9847589), (0.2011464, 0.9845894), (0.045992766, 0.9847707), (0.20115802, 0.984587), (0.045992766, 0.98478335), (0.20116964, 0.98458904), (0.045992766, 0.98479515), (0.20117983, 0.9845951), (0.045992766, 0.9848048), (0.045601223, 0.9852353), (0.20118743, 0.98460466), (0.045598768, 0.9852587), (0.20119146, 0.9846289), (0.045599405, 0.9852463), (0.20119146, 0.9846164), (0.046603195, 0.9850624), (0.04597532, 0.98464155), (0.04663793, 0.98506), (0.045838937, 0.9851337), (0.046606086, 0.9850827), (0.04596246, 0.98465776), (0.04664012, 0.98507535), (0.045823395, 0.9851363), (0.04661151, 0.98510027), (0.045660146, 0.98525554), (0.04594513, 0.98466873), (0.046644263, 0.9850887), (0.04562839, 0.9852446), (0.045809694, 0.98514366), (0.045660146, 0.98523957), (0.045925427, 0.984673), (0.04562839, 0.9852324), (0.045799494, 0.985155), (0.045660146, 0.9852201), (0.04590572, 0.98467016), (0.04562839, 0.9852176), (0.045794025, 0.9851689), (0.045660146, 0.9851993), (0.045888394, 0.98466045), (0.04562839, 0.9852018), (0.045793943, 0.98518366), (0.045660146, 0.9851797), (0.04587553, 0.9846451), (0.04562839, 0.9851869), (0.045799255, 0.98519754), (0.045660146, 0.9851638), (0.045800537, 0.9852305), (0.04586869, 0.984626), (0.04562839, 0.9851748), (0.045809325, 0.98520887), (0.045818426, 0.9852402), (0.046541143, 0.9852483), (0.04586869, 0.9846054), (0.04651594, 0.9852431), (0.045822937, 0.98521626), (0.046539906, 0.9852279), (0.04587553, 0.98458576), (0.046514995, 0.9852275), (0.045838453, 0.9852188), (0.046541143, 0.9852074), (0.04585925, 0.9852402), (0.045888394, 0.9845695), (0.04651594, 0.9852119), (0.045853995, 0.98521626), (0.045877255, 0.9852305), (0.046854716, 0.98519796), (0.04590572, 0.9845586), (0.046886474, 0.985209), (0.045867693, 0.98520887), (0.046854716, 0.98521394), (0.045925427, 0.9845543), (0.046886474, 0.9852211), (0.04587789, 0.98519754), (0.046854716, 0.9852335), (0.04594513, 0.98455715), (0.046886474, 0.9852359), (0.045883365, 0.98518366), (0.046854716, 0.9852543), (0.04596246, 0.98456687), (0.046886474, 0.9852518), (0.045883447, 0.9851689), (0.046854716, 0.98527384), (0.04661151, 0.9850095), (0.04597532, 0.9845822), (0.046886474, 0.9852666), (0.046644263, 0.9850197), (0.045878135, 0.985155), (0.046606086, 0.9850235), (0.045982167, 0.9846013), (0.04664012, 0.9850303), (0.04586806, 0.98514366), (0.046603195, 0.98504186), (0.045982167, 0.9846219), (0.04663793, 0.9850443), (0.04585445, 0.9851363), (0.045826517, 0.98514444), (0.04558938, 0.9852463), (0.045838885, 0.9851424), (0.045588627, 0.9852587), (0.045815624, 0.98515034), (0.04699271, 0.9846548), (0.045591544, 0.98523533), (0.04580751, 0.98515934), (0.04699271, 0.98466444), (0.045803152, 0.9851704), (0.04699271, 0.9846763), (0.045803092, 0.98518217), (0.04699271, 0.9846889), (0.045807317, 0.98519325), (0.04699271, 0.9847007), (0.045815326, 0.9852022), (0.04699271, 0.98471034), (0.04582616, 0.9852081), (0.045724593, 0.98524404), (0.0458385, 0.9852101), (0.045723714, 0.9852565), (0.045850866, 0.9852081), (0.045724593, 0.98526883), (0.045861766, 0.9852022), (0.045620978, 0.9852908), (0.04572712, 0.9852797), (0.04586988, 0.98519325), (0.045620978, 0.98528117), (0.04587423, 0.98518217), (0.045620978, 0.98526937), (0.045874298, 0.9851704), (0.045620978, 0.9852568), (0.045870073, 0.98515934), (0.045620978, 0.9852449), (0.045862056, 0.98515034), (0.045620978, 0.9852353), (0.04585123, 0.98514444), (0.04558938, 0.9852711), (0.045584686, 0.98527104), (0.20107234, 0.98465204), (0.045615986, 0.9852353), (0.20106202, 0.98465884), (0.045615986, 0.9852449), (0.20105034, 0.98466164), (0.045615986, 0.9852568), (0.20103863, 0.98466015), (0.045615986, 0.98526937), (0.20102835, 0.98465455), (0.045615986, 0.98528117), (0.20102069, 0.9846454), (0.045615986, 0.9852908), (0.045731686, 0.9852797), (0.20101663, 0.984634), (0.045729168, 0.9852689), (0.20101663, 0.9846216), (0.04572828, 0.9852565), (0.20102069, 0.98460966), (0.045729168, 0.9852441), (0.20102835, 0.98459977), (0.045731686, 0.9852331), (0.04699771, 0.98471034), (0.20103863, 0.984593), (0.04699771, 0.9847007), (0.20105031, 0.9845902), (0.04699771, 0.9846889), (0.20106202, 0.98459166), (0.04699771, 0.9846763), (0.20107234, 0.98459727), (0.04699771, 0.98466444), (0.20107996, 0.9846064), (0.04699771, 0.9846548), (0.04558685, 0.9852353), (0.20108402, 0.9846178), (0.045583934, 0.9852587), (0.20107996, 0.9846421), (0.045584686, 0.98524624), (0.20108402, 0.9846302), (0.045947894, 0.98512393), (0.04567361, 0.9850824), (0.04594836, 0.985099), (0.045968305, 0.98512065), (0.04568435, 0.9850646), (0.045963887, 0.9850965), (0.045986254, 0.98511106), (0.046936877, 0.98514974), (0.04569985, 0.98505145), (0.046968635, 0.9851607), (0.04597754, 0.98508924), (0.046936877, 0.98516566), (0.045718253, 0.9850444), (0.046968635, 0.9851728), (0.045987677, 0.985078), (0.046936877, 0.9851852), (0.045737334, 0.9850444), (0.046968635, 0.9851877), (0.045993075, 0.98506415), (0.046936877, 0.985206), (0.04575479, 0.98505145), (0.046968635, 0.9852035), (0.045993075, 0.9850494), (0.046936877, 0.98522556), (0.04576852, 0.9850646), (0.046968635, 0.9852184), (0.045987677, 0.98503554), (0.046936877, 0.9852415), (0.046762213, 0.98415613), (0.045776866, 0.9850824), (0.046968635, 0.9852305), (0.04679493, 0.98416764), (0.04597754, 0.9850242), (0.046756715, 0.98417366), (0.045778822, 0.98510253), (0.04679074, 0.984181), (0.045963887, 0.98501676), (0.04675378, 0.9841939), (0.045774154, 0.98512274), (0.046788514, 0.9841964), (0.04594836, 0.9850141), (0.04675378, 0.9842145), (0.04576342, 0.9851405), (0.046788514, 0.9842121), (0.045932833, 0.9850166), (0.046756715, 0.9842329), (0.045747913, 0.9851537), (0.04679074, 0.98422605), (0.04591918, 0.98502386), (0.046762213, 0.9842469), (0.046791196, 0.98519796), (0.045729514, 0.98516065), (0.04679493, 0.9842368), (0.046822958, 0.9852052), (0.04590904, 0.9850351), (0.046791196, 0.9852175), (0.045710433, 0.98516065), (0.046822958, 0.98522), (0.045903645, 0.98504895), (0.046791196, 0.9852383), (0.045692973, 0.9851537), (0.046822958, 0.98523587), (0.045903645, 0.9850637), (0.046791196, 0.98525786), (0.045679245, 0.9851405), (0.046822958, 0.9852507), (0.04590904, 0.98507756), (0.046791196, 0.98527384), (0.04590953, 0.98511064), (0.045670897, 0.98512274), (0.046822958, 0.9852628), (0.04591918, 0.98508894), (0.045927487, 0.9851205), (0.045668945, 0.98510253), (0.045932833, 0.9850964), (0.045960717, 0.98508835), (0.045700602, 0.9852687), (0.04594836, 0.9850904), (0.045699716, 0.9852563), (0.04597158, 0.98508257), (0.04698658, 0.9852732), (0.045703165, 0.9852797), (0.04597964, 0.9850736), (0.04698658, 0.9852635), (0.04598393, 0.9850626), (0.04698658, 0.9852517), (0.04598393, 0.98505086), (0.04698658, 0.98523915), (0.04597964, 0.98503983), (0.04698658, 0.98522735), (0.04597158, 0.9850308), (0.045699716, 0.9852797), (0.04698658, 0.9852177), (0.045960717, 0.98502487), (0.04569676, 0.9852687), (0.04594836, 0.9850228), (0.04569573, 0.98525625), (0.045936003, 0.98502475), (0.04569676, 0.9852439), (0.04592514, 0.98503053), (0.046968635, 0.98520523), (0.045699716, 0.98523307), (0.04591708, 0.9850395), (0.046968635, 0.9852149), (0.04591279, 0.9850505), (0.046968635, 0.98522675), (0.04591279, 0.98506224), (0.046968635, 0.9852393), (0.04591708, 0.98507327), (0.046968635, 0.9852511), (0.04592514, 0.9850823), (0.046968635, 0.9852608), (0.045703165, 0.9852331), (0.045936003, 0.9850882), (0.04570061, 0.9852439), (0.045705162, 0.9852439), (0.2024289, 0.98413956), (0.046973635, 0.9852608), (0.045707732, 0.98523307), (0.20241946, 0.98414755), (0.046973635, 0.9852511), (0.20240813, 0.98415184), (0.046973635, 0.9852393), (0.20239633, 0.98415184), (0.046973635, 0.98522675), (0.20238543, 0.98414755), (0.046973635, 0.9852149), (0.20237678, 0.98413956), (0.046973635, 0.98520523), (0.045695305, 0.9852331), (0.20237139, 0.9841288), (0.045692354, 0.9852439), (0.20236993, 0.9841165), (0.045691326, 0.9852563), (0.20237258, 0.9841042), (0.045692354, 0.9852687), (0.20237905, 0.9840934), (0.045695305, 0.9852797), (0.046981588, 0.9852177), (0.20238847, 0.98408544), (0.046981588, 0.98522735), (0.20239979, 0.98408115), (0.046981588, 0.98523915), (0.20241162, 0.98408115), (0.046981588, 0.9852517), (0.20242253, 0.98408544), (0.046981588, 0.9852635), (0.20243117, 0.9840934), (0.046981588, 0.9852732), (0.045707732, 0.9852797), (0.20243654, 0.9841042), (0.045704268, 0.98525625), (0.20243534, 0.9841288), (0.045705162, 0.98526865), (0.202438, 0.9841165), (0.046603195, 0.9852297), (0.045973763, 0.9847591), (0.04663773, 0.9852296), (0.046839766, 0.9841458), (0.046604246, 0.9852501), (0.04596109, 0.9847755), (0.046638533, 0.9852451), (0.046855286, 0.9841432), (0.04660725, 0.98526794), (0.046946064, 0.9846345), (0.045944013, 0.9847866), (0.04664082, 0.9852587), (0.046914306, 0.98462355), (0.04686895, 0.98413587), (0.046946064, 0.9846186), (0.0459246, 0.9847912), (0.046914306, 0.98461145), (0.046879083, 0.9841247), (0.046946064, 0.98459905), (0.04590518, 0.98478866), (0.046914306, 0.98459655), (0.04688447, 0.98411113), (0.046946064, 0.98457825), (0.045888104, 0.9847793), (0.046914306, 0.98458076), (0.04688447, 0.98409665), (0.046946064, 0.9845587), (0.04587543, 0.9847642), (0.046914306, 0.9845659), (0.046879083, 0.98408306), (0.046946064, 0.9845428), (0.04687765, 0.9840491), (0.04586869, 0.98474526), (0.046914306, 0.98455375), (0.04686895, 0.984072), (0.046859697, 0.98403966), (0.04586869, 0.98472476), (0.046855286, 0.9840649), (0.04683929, 0.9840365), (0.04587543, 0.9847051), (0.046839766, 0.98406243), (0.046818882, 0.9840399), (0.045888104, 0.98468876), (0.046824235, 0.98406506), (0.046800926, 0.98404956), (0.045767576, 0.9852524), (0.04590518, 0.9846776), (0.04573581, 0.9852414), (0.046810575, 0.9840724), (0.045767576, 0.98523647), (0.0459246, 0.984673), (0.045735814, 0.9852293), (0.04680044, 0.98408353), (0.045767576, 0.9852169), (0.045944013, 0.9846755), (0.045735814, 0.9852145), (0.046795055, 0.9840972), (0.045767576, 0.9851961), (0.04596109, 0.98468494), (0.04573581, 0.9851986), (0.046795055, 0.98411167), (0.045767576, 0.98517656), (0.045973763, 0.9847), (0.04573581, 0.9851838), (0.04680044, 0.9841252), (0.045767576, 0.98516065), (0.04660725, 0.985191), (0.04598051, 0.9847189), (0.045735814, 0.9851716), (0.04664082, 0.98520017), (0.046810575, 0.9841362), (0.046604246, 0.9852091), (0.04598051, 0.9847395), (0.046638533, 0.985214), (0.046824235, 0.9841434), (0.04685212, 0.9841352), (0.045566432, 0.9852463), (0.046839766, 0.9841373), (0.045565657, 0.9852587), (0.046862982, 0.9841294), (0.045993075, 0.9851251), (0.045568667, 0.98523533), (0.046871036, 0.98412055), (0.045993075, 0.9851348), (0.04687533, 0.9841097), (0.045993075, 0.9851466), (0.04687533, 0.98409814), (0.045993075, 0.9851592), (0.046871036, 0.98408735), (0.045993075, 0.985171), (0.046862982, 0.9840786), (0.045594, 0.9852353), (0.045993075, 0.9851807), (0.04685212, 0.98407286), (0.045592166, 0.9852463), (0.046839766, 0.98407096), (0.045591544, 0.9852587), (0.046827406, 0.98407304), (0.045592166, 0.9852711), (0.046816543, 0.9840789), (0.045998063, 0.98506963), (0.04559399, 0.9852819), (0.046808485, 0.98408777), (0.045998063, 0.98506), (0.04680419, 0.9840986), (0.045998063, 0.9850481), (0.04680419, 0.9841101), (0.045998063, 0.98503554), (0.046808485, 0.9841209), (0.045998063, 0.98502374), (0.046816543, 0.98412967), (0.045998063, 0.9850141), (0.045568667, 0.9852819), (0.046827406, 0.9841354), (0.045566432, 0.9852711), (0.045561768, 0.9852711), (0.20211673, 0.984653), (0.045993075, 0.9850141), (0.045564003, 0.9852819), (0.20212066, 0.9846414), (0.045993075, 0.98502374), (0.20212805, 0.984632), (0.045993075, 0.98503554), (0.20213804, 0.9846261), (0.045993075, 0.9850481), (0.20214939, 0.9846243), (0.045993075, 0.98506), (0.20216072, 0.98462695), (0.045993075, 0.98506963), (0.045598768, 0.9852819), (0.2021707, 0.98463356), (0.045596946, 0.9852711), (0.20217812, 0.98464346), (0.045596316, 0.9852587), (0.20218205, 0.9846554), (0.04559695, 0.9852463), (0.20218205, 0.9846679), (0.045598768, 0.98523533), (0.045998063, 0.9851807), (0.20217812, 0.9846796), (0.045998063, 0.985171), (0.2021707, 0.98468894), (0.045998063, 0.9851592), (0.20216072, 0.98469484), (0.045998063, 0.9851466), (0.20214939, 0.9846966), (0.045998063, 0.9851348), (0.20213804, 0.984694), (0.045998063, 0.9851251), (0.045564003, 0.9852353), (0.20212805, 0.9846874), (0.045560993, 0.9852587), (0.20211673, 0.9846656), (0.045561768, 0.98524624), (0.20212066, 0.9846775), (0.046603195, 0.985153), (0.046795055, 0.9841057), (0.046637867, 0.9851509), (0.046839997, 0.9841458), (0.04660566, 0.98517334), (0.04678842, 0.9841254), (0.04663974, 0.9851663), (0.046824455, 0.98414844), (0.046610296, 0.985191), (0.047018692, 0.985273), (0.046775956, 0.98414147), (0.046643265, 0.9851797), (0.04698693, 0.98526204), (0.04681076, 0.984156), (0.047018692, 0.985257), (0.046759166, 0.9841522), (0.04698693, 0.9852499), (0.046800576, 0.98416764), (0.047018692, 0.98523754), (0.046740077, 0.98415613), (0.04698693, 0.98523504), (0.046795115, 0.9841818), (0.047018692, 0.98521674), (0.04672098, 0.98415285), (0.04698693, 0.98521924), (0.046795055, 0.984197), (0.047018692, 0.9851972), (0.046704195, 0.9841428), (0.04698693, 0.98520434), (0.046800375, 0.9842112), (0.047018692, 0.9851813), (0.046801686, 0.98424256), (0.04669173, 0.9841271), (0.04698693, 0.98519224), (0.046810463, 0.9842228), (0.046819597, 0.9842525), (0.046419624, 0.9852488), (0.046685096, 0.9841077), (0.046395972, 0.98524356), (0.04682408, 0.9842304), (0.046418168, 0.98522836), (0.046685096, 0.98408693), (0.046394862, 0.985228), (0.046839602, 0.984233), (0.046419624, 0.9852078), (0.04686041, 0.9842525), (0.04669173, 0.98406726), (0.046395972, 0.9852124), (0.046855144, 0.9842304), (0.04687841, 0.98424256), (0.046394862, 0.9852837), (0.046704195, 0.9840511), (0.04636311, 0.98527265), (0.046868835, 0.9842228), (0.046394862, 0.9852677), (0.04672098, 0.98404044), (0.04636311, 0.98526055), (0.046879023, 0.9842112), (0.046394862, 0.98524815), (0.046740077, 0.9840365), (0.04636311, 0.9852457), (0.04688447, 0.984197), (0.046394862, 0.98522735), (0.046759166, 0.9840397), (0.04636311, 0.98522985), (0.046884544, 0.9841818), (0.046394862, 0.9852078), (0.046610296, 0.98510027), (0.046775956, 0.98404986), (0.04636311, 0.985215), (0.046643265, 0.98511076), (0.04687921, 0.98416764), (0.04660566, 0.98511416), (0.04678842, 0.98406553), (0.04663974, 0.9851213), (0.046869125, 0.984156), (0.046603195, 0.98513246), (0.046795055, 0.9840849), (0.046637867, 0.98513526), (0.046855506, 0.98414844), (0.046827592, 0.98415685), (0.04572118, 0.9852441), (0.046839952, 0.9841547), (0.045720298, 0.9852565), (0.0468167, 0.98416287), (0.047025822, 0.98454404), (0.045723714, 0.9852331), (0.04680859, 0.9841721), (0.047025822, 0.9845344), (0.046804257, 0.98418343), (0.047025822, 0.9845226), (0.046804205, 0.9841954), (0.047025822, 0.98451), (0.046808433, 0.9842068), (0.047025822, 0.98449814), (0.04681646, 0.984216), (0.04557925, 0.9852353), (0.047025822, 0.98448855), (0.046827294, 0.984222), (0.045577094, 0.98524624), (0.04683964, 0.98422414), (0.045576345, 0.9852587), (0.046852, 0.984222), (0.045577094, 0.98527104), (0.0468629, 0.984216), (0.045615986, 0.9852908), (0.046870995, 0.9842068), (0.045615986, 0.98528117), (0.046875343, 0.9841954), (0.045615986, 0.98526937), (0.046875395, 0.98418343), (0.045615986, 0.9852568), (0.04687115, 0.9841721), (0.045615986, 0.9852449), (0.04686314, 0.98416287), (0.045615986, 0.9852353), (0.045723714, 0.9852797), (0.046852294, 0.98415685), (0.04572118, 0.9852689), (0.045716614, 0.98526883), (0.20215267, 0.9835917), (0.045610994, 0.9852353), (0.045719147, 0.9852797), (0.20216316, 0.98358506), (0.045610994, 0.9852449), (0.20217508, 0.9835825), (0.045610994, 0.9852568), (0.202187, 0.9835842), (0.045610994, 0.98526937), (0.20219749, 0.9835901), (0.045610994, 0.98528117), (0.20220527, 0.98359936), (0.045610994, 0.9852908), (0.20220941, 0.9836109), (0.04558178, 0.9852711), (0.20220941, 0.9836234), (0.045581035, 0.9852587), (0.20220527, 0.9836353), (0.04558178, 0.9852463), (0.20219749, 0.98364514), (0.045583934, 0.98523533), (0.047020834, 0.98448855), (0.202187, 0.98365176), (0.047020834, 0.98449814), (0.20217508, 0.9836543), (0.047020834, 0.98451), (0.20216316, 0.9836526), (0.047020834, 0.9845226), (0.20215267, 0.98364675), (0.047020834, 0.9845344), (0.20214489, 0.98363745), (0.047020834, 0.98454404), (0.045719147, 0.98523307), (0.20214072, 0.9836259), (0.045715734, 0.9852565), (0.20214489, 0.9836015), (0.045716614, 0.98524404), (0.20214072, 0.98361343), (0.07850085, 0.98643094), (0.077834316, 0.9863827), (0.07886754, 0.98541147), (0.07827954, 0.98643196), (0.07851034, 0.98643094), (0.07886754, 0.98540103), (0.07827954, 0.98637575), (0.07812622, 0.985965), (0.07851034, 0.98637474), (0.07812622, 0.98595387), (0.078500204, 0.98637474), (0.077834316, 0.98632646), (0.078035206, 0.98588175), (0.07907985, 0.98528993), (0.078609005, 0.98637223), (0.07891592, 0.9854086), (0.078035206, 0.98592806), (0.078609005, 0.98642063), (0.07823563, 0.9864209), (0.07907985, 0.9853074), (0.078628086, 0.98637223), (0.07891592, 0.98539066), (0.078628086, 0.98642063), (0.07823563, 0.98637575), (0.078920156, 0.9853906), (0.07864715, 0.98637223), (0.07823139, 0.98637575), (0.07823139, 0.9864209), (0.0790841, 0.9853074), (0.07864715, 0.98642063), (0.07803096, 0.98588175), (0.0790841, 0.9852899), (0.078628086, 0.98642063), (0.078920156, 0.9854086), (0.07803096, 0.98592806), (0.078628086, 0.98637223), (0.07823563, 0.98640555), (0.078628086, 0.9863887), (0.07823563, 0.98639107), (0.078628086, 0.9864042), (0.078035206, 0.9859123), (0.078609005, 0.9864042), (0.078035206, 0.9858975), (0.078609005, 0.9863887), (0.078226246, 0.9863911), (0.07864715, 0.9863887), (0.078226246, 0.9864056), (0.07864715, 0.9864042), (0.07802582, 0.98589754), (0.078628086, 0.9864042), (0.07802582, 0.9859124), (0.078628086, 0.9863887), (0.078134164, 0.98595387), (0.07782672, 0.98632646), (0.079136, 0.9861761), (0.07828695, 0.9863758), (0.078134164, 0.985965), (0.079125606, 0.9861761), (0.07782672, 0.98638266), (0.07887549, 0.98541147), (0.079135954, 0.9862323), (0.07828695, 0.986432), (0.078875475, 0.98540103), (0.07912621, 0.9862323), (0.04594884, 0.98512393), (0.045793943, 0.9850832), (0.04594836, 0.98515034), (0.045928426, 0.9851271), (0.045793943, 0.9850625), (0.045932833, 0.9851527), (0.045910478, 0.9851364), (0.04698693, 0.98499775), (0.045800555, 0.98504305), (0.047018692, 0.9850087), (0.04591918, 0.9851598), (0.04698693, 0.98501366), (0.045812987, 0.9850274), (0.047018692, 0.9850209), (0.04590904, 0.9851707), (0.04698693, 0.9850332), (0.045829743, 0.9850173), (0.047018692, 0.9850357), (0.045903645, 0.9851842), (0.04698693, 0.985054), (0.045848794, 0.9850141), (0.047018692, 0.9850516), (0.045903645, 0.98519856), (0.04698693, 0.98507357), (0.045867845, 0.9850181), (0.047018692, 0.9850664), (0.04590904, 0.9852121), (0.04698693, 0.98508954), (0.046635497, 0.9850095), (0.045884594, 0.98502874), (0.047018692, 0.9850785), (0.046603195, 0.98499763), (0.04591918, 0.9852231), (0.046641838, 0.9849921), (0.04589703, 0.9850449), (0.04660802, 0.9849844), (0.045932833, 0.9852304), (0.046645205, 0.9849719), (0.045903645, 0.98506457), (0.046610586, 0.984969), (0.04594836, 0.98523295), (0.046645205, 0.98495126), (0.045903645, 0.9850853), (0.046610586, 0.98495334), (0.045963887, 0.98523057), (0.046641838, 0.9849328), (0.04589703, 0.98510474), (0.04660802, 0.9849393), (0.04597754, 0.9852235), (0.046635497, 0.98491865), (0.046514995, 0.9852832), (0.045884594, 0.9851204), (0.046603195, 0.9849285), (0.046483237, 0.98527604), (0.045987677, 0.98521256), (0.046514995, 0.98526365), (0.045867845, 0.9851305), (0.046483237, 0.98526114), (0.045993075, 0.9851991), (0.046514995, 0.98524284), (0.045848794, 0.9851337), (0.046483237, 0.98524535), (0.045993075, 0.9851847), (0.046514995, 0.9852233), (0.045829743, 0.9851297), (0.046483237, 0.98523045), (0.045987677, 0.9851712), (0.046514995, 0.9852074), (0.0459872, 0.98513687), (0.045812987, 0.98511904), (0.046483237, 0.98521835), (0.04597754, 0.9851602), (0.045969248, 0.98512733), (0.045800555, 0.9851029), (0.045963887, 0.9851529), (0.045936003, 0.98516065), (0.045683965, 0.9852687), (0.04594836, 0.98515874), (0.04568294, 0.9852563), (0.04592514, 0.9851663), (0.045606006, 0.9852353), (0.04591708, 0.985175), (0.045606002, 0.9852449), (0.04591279, 0.9851857), (0.045606006, 0.9852568), (0.04591279, 0.9851971), (0.045606006, 0.98526937), (0.04591708, 0.98520786), (0.045606006, 0.98528117), (0.04592514, 0.9852167), (0.045715734, 0.9852797), (0.045606006, 0.9852908), (0.045936003, 0.98522246), (0.04571317, 0.98526865), (0.04594836, 0.98522455), (0.045712285, 0.98525625), (0.045960717, 0.98522264), (0.04571317, 0.9852439), (0.04597158, 0.985217), (0.046973635, 0.98520523), (0.045715734, 0.98523307), (0.04597964, 0.9852083), (0.046973635, 0.98519564), (0.04598393, 0.9851976), (0.046973635, 0.9851838), (0.04598393, 0.98518616), (0.046973635, 0.9851712), (0.04597964, 0.98517543), (0.046973635, 0.9851594), (0.04597158, 0.9851666), (0.046973635, 0.98514974), (0.045686916, 0.9852331), (0.045960717, 0.9851608), (0.045683965, 0.9852439), (0.045688372, 0.9852439), (0.20224291, 0.9846774), (0.046968635, 0.98514974), (0.045691326, 0.98523307), (0.20223558, 0.98468727), (0.046968635, 0.9851594), (0.20222569, 0.98469394), (0.046968635, 0.9851712), (0.20221445, 0.98469657), (0.046968635, 0.9851838), (0.20220318, 0.98469484), (0.046968635, 0.98519564), (0.20219329, 0.98468894), (0.046968635, 0.98520523), (0.045711175, 0.9852331), (0.20218596, 0.98467964), (0.04570861, 0.9852439), (0.20218205, 0.984668), (0.045707732, 0.9852563), (0.20218205, 0.9846555), (0.04570861, 0.9852687), (0.20218596, 0.9846435), (0.04571117, 0.9852797), (0.045610994, 0.9852908), (0.20219329, 0.9846336), (0.045610994, 0.98528117), (0.20220318, 0.98462695), (0.045610994, 0.98526937), (0.20221445, 0.9846243), (0.045610994, 0.9852568), (0.20222569, 0.98462605), (0.045610994, 0.9852449), (0.20223558, 0.98463196), (0.045610994, 0.9852353), (0.20224291, 0.9846413), (0.045687344, 0.98525625), (0.20224684, 0.98466545), (0.045688372, 0.9852687), (0.20224684, 0.98465294), (0.20144823, 0.9843693), (0.014867097, 0.9848497), (0.20144036, 0.98438776), (0.014867129, 0.9848296), (0.20126155, 0.9842893), (0.0148586035, 0.9848279), (0.20127285, 0.9842727), (0.014858678, 0.9848088), (0.20142907, 0.9844043), (0.014867201, 0.98481023), (0.20128712, 0.9842587), (0.014858812, 0.98479134), (0.2014148, 0.98441833), (0.014867337, 0.9847921), (0.20130387, 0.98424774), (0.014858978, 0.9847761), (0.013607897, 0.98491716), (0.20139804, 0.9844293), (0.014867503, 0.9847761), (0.014874406, 0.9849152), (0.20132244, 0.98424023), (0.013607711, 0.984903), (0.20137951, 0.98443675), (0.01487422, 0.98490006), (0.20134208, 0.98423654), (0.013607571, 0.9848863), (0.20135984, 0.98444045), (0.014874073, 0.98488265), (0.20136207, 0.9842368), (0.0136074815, 0.98486775), (0.20133984, 0.98444027), (0.014873991, 0.9848636), (0.20132029, 0.9844361), (0.014873959, 0.98484373), (0.20138165, 0.98424095), (0.013607455, 0.9848481), (0.2013019, 0.9844282), (0.014873991, 0.9848237), (0.20140001, 0.98424876), (0.0136074815, 0.984828), (0.20128539, 0.9844169), (0.014874073, 0.98480433), (0.20141652, 0.98426014), (0.013607571, 0.9848083), (0.20127141, 0.98440254), (0.01487422, 0.9847864), (0.20124957, 0.9843274), (0.0148586035, 0.9848678), (0.2014305, 0.98427445), (0.013607711, 0.9847898), (0.20126048, 0.9843858), (0.014858978, 0.9849208), (0.014874406, 0.98477054), (0.20125306, 0.98436713), (0.014858812, 0.984905), (0.20144144, 0.98429126), (0.014867503, 0.98492074), (0.013607897, 0.9847731), (0.20145234, 0.98434967), (0.014867129, 0.98486954), (0.20144889, 0.98430985), (0.014867337, 0.9849057), (0.20125368, 0.9843077), (0.014858574, 0.9848478), (0.20124957, 0.9843474), (0.014858687, 0.984887), (0.20145234, 0.98432964), (0.014867213, 0.9848884), (0.013478115, 0.98465264), (0.013618741, 0.9847656), (0.013456797, 0.98464406), (0.013618704, 0.984743), (0.01343756, 0.9846315), (0.013618741, 0.98471993), (0.013421135, 0.9846153), (0.01361884, 0.98469734), (0.013408171, 0.9845963), (0.013619, 0.98467606), (0.0133991465, 0.98457515), (0.013619214, 0.9846569), (0.014885582, 0.9846054), (0.013394417, 0.9845526), (0.014885385, 0.98458815), (0.0148851145, 0.9845237), (0.013406955, 0.9844855), (0.013398398, 0.9845069), (0.014885146, 0.98454654), (0.014885146, 0.9845007), (0.013419507, 0.9844662), (0.014885239, 0.9844784), (0.013435563, 0.98444974), (0.014885385, 0.9844577), (0.013454527, 0.9844367), (0.013699638, 0.98433155), (0.014885582, 0.98443925), (0.013475651, 0.98442763), (0.013699418, 0.9843142), (0.013498127, 0.9844229), (0.013699258, 0.9842942), (0.013521098, 0.9844226), (0.013699159, 0.9842723), (0.013543671, 0.9844269), (0.013699127, 0.9842495), (0.013564989, 0.9844355), (0.013699159, 0.98422647), (0.013584226, 0.9844481), (0.013699258, 0.98420423), (0.013600647, 0.98446417), (0.013699418, 0.9841836), (0.013613615, 0.98448324), (0.013699638, 0.9841654), (0.01362264, 0.9845044), (0.013627369, 0.9848231), (0.013627369, 0.98452693), (0.013627166, 0.984805), (0.0136233885, 0.98457265), (0.0136269275, 0.9847622), (0.0136148315, 0.98459405), (0.013626896, 0.98473924), (0.013602279, 0.98461336), (0.0136269275, 0.98471636), (0.013586218, 0.9846298), (0.01356726, 0.9846428), (0.013546135, 0.9846519), (0.013619214, 0.98482233), (0.013523659, 0.98465663), (0.013619, 0.98480606), (0.013500689, 0.9846569), (0.01361884, 0.9847869), (0.013394417, 0.98452955), (0.014885239, 0.9845682), (0.013627369, 0.98455), (0.013627021, 0.9847843), (0.014860641, 0.9848497), (0.013601365, 0.984587), (0.014852149, 0.9848279), (0.0134313535, 0.98447573), (0.014867535, 0.9848636), (0.013482366, 0.98463804), (0.013409512, 0.98455095), (0.014852356, 0.984905), (0.014860673, 0.9848296), (0.013590438, 0.9846038), (0.014852222, 0.9848088), (0.013445325, 0.9844614), (0.0148607455, 0.98481023), (0.013576455, 0.9846181), (0.014852356, 0.98479134), (0.013461834, 0.98445004), (0.0148608815, 0.9847921), (0.013559952, 0.9846295), (0.014852522, 0.9847761), (0.0136014465, 0.98491716), (0.013480214, 0.9844422), (0.014861047, 0.9847761), (0.01486795, 0.98491514), (0.013541572, 0.9846374), (0.013601255, 0.9849029), (0.01349978, 0.98443806), (0.014867764, 0.98490006), (0.013522007, 0.9846415), (0.013601115, 0.9848863), (0.013519771, 0.9844378), (0.014867619, 0.98488265), (0.013502015, 0.98464173), (0.013539424, 0.9844415), (0.013601031, 0.98486775), (0.013463799, 0.9846305), (0.014867503, 0.98484373), (0.013557976, 0.984449), (0.0136009995, 0.984848), (0.013447061, 0.98461956), (0.014867535, 0.9848237), (0.013574725, 0.98445994), (0.013601031, 0.984828), (0.013432767, 0.98460555), (0.014867619, 0.98480433), (0.013589013, 0.984474), (0.013601115, 0.9848083), (0.013421478, 0.984589), (0.014867764, 0.9847864), (0.013412973, 0.98451114), (0.014852149, 0.9848678), (0.013600303, 0.9844906), (0.013601255, 0.9847898), (0.013413623, 0.98457056), (0.014852522, 0.9849208), (0.01486795, 0.98477054), (0.014861047, 0.9849207), (0.013608158, 0.984509), (0.0136014465, 0.9847731), (0.013608813, 0.9845684), (0.014860673, 0.98486954), (0.013612274, 0.9845286), (0.0148608815, 0.9849057), (0.014852118, 0.9848478), (0.013420418, 0.98449254), (0.013409512, 0.98453087), (0.014852231, 0.984887), (0.013612274, 0.9845487), (0.014860757, 0.9848884), (0.07761291, 0.98639566), (0.07761237, 0.9863415), (0.077612, 0.98628134), (0.07761181, 0.98621744), (0.07761181, 0.9861523), (0.077612, 0.9860884), (0.07761237, 0.98602825), (0.07761291, 0.9859741), (0.07899023, 0.9851977), (0.07898967, 0.98514915), (0.07898926, 0.9850928), (0.07898899, 0.9850315), (0.07898891, 0.984967), (0.07898899, 0.984902), (0.07898925, 0.98483896), (0.07898967, 0.98478025), (0.07899023, 0.9847282), (0.07896633, 0.9858867), (0.078965716, 0.9858375), (0.07896527, 0.98578095), (0.078964986, 0.9857192), (0.07896488, 0.9856546), (0.078964986, 0.9855896), (0.07896527, 0.9855268), (0.078965716, 0.9854685), (0.078966215, 0.98635924), (0.07896633, 0.985417), (0.07896565, 0.98630804), (0.07896523, 0.9862497), (0.07896498, 0.98618716), (0.07896488, 0.9861222), (0.07896498, 0.9860576), (0.07896523, 0.98599565), (0.07896565, 0.9859389), (0.078966215, 0.9858895), (0.077613585, 0.9864417), (0.014833124, 0.98397046), (0.014795272, 0.98370266), (0.0148342885, 0.98393196), (0.014781965, 0.9836631), (0.014885083, 0.98372775), (0.014840152, 0.9838959), (0.014778327, 0.98361856), (0.014885083, 0.9837693), (0.014784493, 0.9835709), (0.014885083, 0.983829), (0.014804006, 0.98351413), (0.014885083, 0.9838881), (0.013721343, 0.98440367), (0.014830276, 0.9834657), (0.014840277, 0.9840251), (0.014830276, 0.98374534), (0.014722979, 0.983755), (0.0148472935, 0.98396826), (0.014340907, 0.9845746), (0.014848458, 0.98392975), (0.014327256, 0.98461413), (0.014869697, 0.98372775), (0.014854321, 0.98389363), (0.014323534, 0.9846589), (0.014869697, 0.9837693), (0.014329877, 0.98470724), (0.014869697, 0.983829), (0.014349898, 0.9847651), (0.014869697, 0.9838881), (0.013721343, 0.9844181), (0.014376856, 0.9848149), (0.014854321, 0.9840229), (0.014722979, 0.9837397), (0.014376856, 0.9845328), (0.014771799, 0.98472273), (0.014775271, 0.9836624), (0.014478631, 0.98472226), (0.01477867, 0.9847599), (0.014771631, 0.9836179), (0.014770301, 0.9846835), (0.014788577, 0.98370206), (0.014478631, 0.98476386), (0.014777796, 0.9835702), (0.014478631, 0.9848235), (0.014797309, 0.9835135), (0.014478631, 0.9848882), (0.013727758, 0.98440385), (0.014826253, 0.98346066), (0.014778795, 0.9846259), (0.01482565, 0.9837469), (0.014785573, 0.98472494), (0.014320385, 0.9846146), (0.014494019, 0.98472226), (0.014792455, 0.9847622), (0.014316663, 0.9846594), (0.0147840865, 0.9846857), (0.014334034, 0.98457503), (0.014494019, 0.98476386), (0.014323005, 0.98470765), (0.014494019, 0.9848235), (0.014343027, 0.9847655), (0.014494019, 0.9848882), (0.013727758, 0.9844183), (0.014372729, 0.9848198), (0.014792455, 0.9846281), (0.014728053, 0.9837397), (0.014372105, 0.9845311), (0.0148473345, 0.98408204), (0.014220802, 0.98477674), (0.014848478, 0.9841205), (0.0142071415, 0.98473716), (0.014884325, 0.9841565), (0.014203409, 0.98469234), (0.014884325, 0.98419803), (0.014209762, 0.98464394), (0.014884325, 0.98425776), (0.014229804, 0.98458594), (0.014884325, 0.9843168), (0.013721343, 0.9844181), (0.014256792, 0.984536), (0.01485426, 0.9840273), (0.014256792, 0.9848185), (0.014728053, 0.983755), (0.014833124, 0.98407984), (0.013917567, 0.9845746), (0.014834268, 0.98411834), (0.013903793, 0.9846145), (0.014868937, 0.9841565), (0.013900029, 0.98466), (0.014868937, 0.98419803), (0.013906417, 0.9847095), (0.014868937, 0.98425776), (0.013926618, 0.9847691), (0.014868937, 0.9843168), (0.013721343, 0.98440367), (0.013953807, 0.9848206), (0.014840173, 0.9840251), (0.014728053, 0.9837397), (0.013953807, 0.984533), (0.014848791, 0.9841929), (0.014200259, 0.9847368), (0.014852637, 0.98317665), (0.014853552, 0.9841565), (0.014196537, 0.9846919), (0.014847752, 0.9842317), (0.01421392, 0.9847763), (0.014852637, 0.9832182), (0.01420288, 0.9846435), (0.014852637, 0.9832779), (0.014222922, 0.9845855), (0.014852637, 0.9833425), (0.013714934, 0.9844183), (0.014252655, 0.9845311), (0.014853552, 0.9842897), (0.014252042, 0.98482025), (0.014733136, 0.983755), (0.014834153, 0.9841946), (0.013896858, 0.98461473), (0.014868034, 0.98317665), (0.014838925, 0.98415816), (0.013893096, 0.98466027), (0.014833124, 0.9842334), (0.013910633, 0.98457485), (0.014868023, 0.9832182), (0.013899483, 0.98470974), (0.014868023, 0.98327786), (0.013919683, 0.98476934), (0.014868023, 0.9833425), (0.013714934, 0.98440385), (0.013949644, 0.98482555), (0.014839049, 0.9842914), (0.014733136, 0.9837397), (0.01394902, 0.9845311), (0.014779491, 0.98419553), (0.014494019, 0.9845311), (0.014784148, 0.98415685), (0.014494019, 0.984562), (0.014754541, 0.9840266), (0.014494019, 0.9846035), (0.014760809, 0.98397815), (0.014494019, 0.9846632), (0.014780635, 0.9839202), (0.014494019, 0.98472226), (0.013753394, 0.98441756), (0.014807321, 0.9838704), (0.014784263, 0.9842505), (0.014567528, 0.9838404), (0.014792964, 0.9841939), (0.014099741, 0.98457444), (0.014797622, 0.98415524), (0.014478631, 0.9845311), (0.014085956, 0.9846141), (0.014478631, 0.984562), (0.014082182, 0.98465925), (0.014478631, 0.9846035), (0.014088586, 0.98470825), (0.014478631, 0.9846632), (0.014108827, 0.98476714), (0.014478631, 0.98472226), (0.013753394, 0.9844039), (0.014136054, 0.98481804), (0.014797622, 0.9842489), (0.014567528, 0.9838557), (0.014136054, 0.98453295), (0.0148218125, 0.9844347), (0.014751432, 0.9840711), (0.014853552, 0.9841565), (0.014828488, 0.9844719), (0.014747731, 0.98402613), (0.014820358, 0.98439556), (0.014764948, 0.98411083), (0.014853552, 0.98419803), (0.014754001, 0.9839777), (0.014853552, 0.98425776), (0.014773825, 0.98391974), (0.014853552, 0.9843224), (0.013746986, 0.98441726), (0.014803236, 0.9838654), (0.014828611, 0.9843379), (0.014802622, 0.98415524), (0.014562454, 0.9838404), (0.014835682, 0.9844369), (0.014079012, 0.9846144), (0.014868937, 0.9841565), (0.014842367, 0.9844741), (0.014075238, 0.98465955), (0.014834236, 0.98439777), (0.014092796, 0.98457474), (0.014868937, 0.98419803), (0.014081642, 0.98470855), (0.014868937, 0.98425776), (0.014101883, 0.98476744), (0.014868937, 0.9843224), (0.013746986, 0.98440367), (0.014131885, 0.984823), (0.014842367, 0.9843401), (0.014562454, 0.9838557), (0.014131261, 0.9845311), (0.014761485, 0.9848198), (0.013717491, 0.9841223), (0.014762774, 0.9848585), (0.0137035195, 0.98408246), (0.014882473, 0.98346066), (0.014769293, 0.9848949), (0.013699705, 0.98403674), (0.014882473, 0.9835022), (0.013706192, 0.983987), (0.014882473, 0.9835619), (0.013726687, 0.9839267), (0.014882473, 0.98362094), (0.013727758, 0.9844039), (0.013754278, 0.98387444), (0.014769293, 0.98476523), (0.013754278, 0.98416334), (0.014733136, 0.983755), (0.014747607, 0.98481745), (0.014039112, 0.9845747), (0.014748907, 0.9848561), (0.014025379, 0.98461455), (0.014867088, 0.98346066), (0.014755415, 0.9848925), (0.014021615, 0.98466), (0.014867088, 0.9835022), (0.014027989, 0.9847093), (0.014867088, 0.9835619), (0.014048126, 0.9847687), (0.014867088, 0.98362094), (0.013727758, 0.98441803), (0.014075238, 0.98482), (0.01475554, 0.98476285), (0.014733136, 0.9837397), (0.014075238, 0.98453295), (0.014848666, 0.983795), (0.013696486, 0.98408234), (0.014852118, 0.9846102), (0.01485431, 0.9837583), (0.013692671, 0.9840367), (0.01484745, 0.9838339), (0.013710454, 0.98412216), (0.014852118, 0.98465174), (0.013699159, 0.98398685), (0.014852118, 0.98471147), (0.013719654, 0.9839266), (0.014852118, 0.9847761), (0.013734167, 0.98440367), (0.013750058, 0.98386955), (0.01485431, 0.9838918), (0.0137494225, 0.9841654), (0.01473821, 0.983755), (0.014834341, 0.9837969), (0.014018465, 0.9846148), (0.014867503, 0.9846102), (0.0148399845, 0.9837602), (0.014014702, 0.9846603), (0.014833124, 0.9838358), (0.014032198, 0.9845749), (0.014867503, 0.98465174), (0.014021074, 0.9847096), (0.014867503, 0.98471147), (0.014041211, 0.984769), (0.014867503, 0.9847761), (0.013734167, 0.9844178), (0.01407109, 0.98482496), (0.014840109, 0.98389363), (0.01473821, 0.9837397), (0.014070466, 0.9845311), (0.014830764, 0.98325443), (0.014400942, 0.9847779), (0.014832115, 0.98321563), (0.014387386, 0.9847382), (0.014878659, 0.98444504), (0.014838904, 0.98317915), (0.0143836755, 0.98469305), (0.014878659, 0.9844866), (0.014389966, 0.9846445), (0.014878659, 0.9845463), (0.014409853, 0.9845862), (0.014878659, 0.9846054), (0.013746986, 0.9844179), (0.014436621, 0.98453605), (0.014839029, 0.9833089), (0.014436621, 0.98482), (0.014722979, 0.9837397), (0.014844498, 0.9832519), (0.014845848, 0.9832132), (0.014863271, 0.98444504), (0.014852637, 0.98317665), (0.014778379, 0.983304), (0.014863271, 0.9844866), (0.014784606, 0.98335135), (0.014863271, 0.9845463), (0.014804276, 0.9834076), (0.014863271, 0.9846054), (0.013746986, 0.9844039), (0.014830764, 0.98345566), (0.014852637, 0.98330647), (0.014722979, 0.983755), (0.014830764, 0.9831782), (0.014831565, 0.9835574), (0.014380557, 0.98473775), (0.014851702, 0.98346066), (0.01483749, 0.98359424), (0.014376856, 0.98469263), (0.014830276, 0.9835184), (0.014394123, 0.9847775), (0.014851702, 0.9835022), (0.014383145, 0.984644), (0.014851702, 0.9835619), (0.014403023, 0.98458576), (0.014851702, 0.98362654), (0.013740577, 0.9844177), (0.014432525, 0.9845311), (0.014837615, 0.98346066), (0.014431912, 0.9848218), (0.014717896, 0.9837397), (0.014845766, 0.9835594), (0.014775291, 0.9832606), (0.014867088, 0.98346066), (0.014851702, 0.98359627), (0.014771631, 0.9833047), (0.014844477, 0.98352045), (0.014788691, 0.98322123), (0.014867088, 0.9835022), (0.01477786, 0.983352), (0.014867088, 0.9835619), (0.014797527, 0.9834083), (0.014867088, 0.98362654), (0.013740577, 0.98440367), (0.014826709, 0.98346066), (0.014851702, 0.9834626), (0.014717896, 0.983755), (0.014826106, 0.98317665), (0.014856972, 0.98439455), (0.013856648, 0.9847808), (0.014857909, 0.9844328), (0.013842804, 0.98474103), (0.014882889, 0.9846102), (0.014862627, 0.9844684), (0.013839025, 0.98469573), (0.014882889, 0.98465174), (0.013845455, 0.98464656), (0.014882889, 0.98471147), (0.01386576, 0.98458725), (0.014882889, 0.98477054), (0.013708526, 0.98441845), (0.013893096, 0.98453593), (0.014862627, 0.9843397), (0.013893096, 0.98482215), (0.014572611, 0.9838557), (0.014842367, 0.9843927), (0.014280921, 0.9845749), (0.014843302, 0.984431), (0.014267344, 0.9846147), (0.014867503, 0.9846102), (0.014848022, 0.98446655), (0.014263622, 0.98465973), (0.014867503, 0.98465174), (0.014269922, 0.9847085), (0.014867503, 0.98471147), (0.014289841, 0.98476684), (0.014867503, 0.98477054), (0.013708526, 0.98440367), (0.014316663, 0.9848171), (0.014848147, 0.9843379), (0.014572611, 0.9838404), (0.014316663, 0.98453283), (0.014845787, 0.98363304), (0.01383584, 0.9847408), (0.013716873, 0.98474616), (0.014851619, 0.98359627), (0.013832061, 0.9846955), (0.014844518, 0.9836721), (0.013849676, 0.9847805), (0.013716873, 0.9847877), (0.013838485, 0.98464626), (0.013716873, 0.9848474), (0.013858793, 0.984587), (0.013716873, 0.98491204), (0.013702117, 0.98441863), (0.01388891, 0.9845311), (0.014851619, 0.9837299), (0.013888283, 0.98482406), (0.014577685, 0.9838557), (0.014831543, 0.983635), (0.014260504, 0.9846151), (0.01373226, 0.98474616), (0.014837377, 0.98359823), (0.014256792, 0.98466015), (0.014830276, 0.983674), (0.014274092, 0.9845753), (0.01373226, 0.9847877), (0.0142630935, 0.98470885), (0.01373226, 0.9848474), (0.014283011, 0.98476726), (0.01373226, 0.98491204), (0.013702117, 0.98440385), (0.014312556, 0.98482203), (0.0148375, 0.9837318), (0.014577685, 0.9838404), (0.014311943, 0.9845311), (0.014830764, 0.98338646), (0.014160432, 0.9847809), (0.014832074, 0.9833478), (0.014146721, 0.9847411), (0.014885094, 0.98389363), (0.014838686, 0.98331136), (0.014142968, 0.9846957), (0.014885094, 0.98393524), (0.014149331, 0.9846464), (0.014885094, 0.9839949), (0.014169445, 0.98458713), (0.014885094, 0.98405397), (0.013734167, 0.98440367), (0.014196537, 0.984536), (0.0148388, 0.983441), (0.014196537, 0.9848227), (0.014567528, 0.9838557), (0.014844591, 0.983384), (0.014771767, 0.9843815), (0.014845911, 0.98334527), (0.01475817, 0.984421), (0.014869707, 0.98389363), (0.014852513, 0.9833089), (0.014754457, 0.98446566), (0.014869707, 0.98393524), (0.014760768, 0.9845138), (0.014869707, 0.9839949), (0.014780728, 0.98457146), (0.014869707, 0.98405397), (0.013734167, 0.9844178), (0.014807591, 0.98462087), (0.014852513, 0.98343855), (0.014567528, 0.9838404), (0.014807591, 0.9843396), (0.014749281, 0.98472273), (0.014139807, 0.9847408), (0.01485431, 0.98372775), (0.014756953, 0.9847604), (0.014136054, 0.9846954), (0.014747607, 0.98468333), (0.014153529, 0.98478067), (0.01485431, 0.9837693), (0.014142416, 0.98464614), (0.01485431, 0.983829), (0.014162542, 0.98458683), (0.01485431, 0.98389363), (0.013740577, 0.9844039), (0.014192389, 0.9845311), (0.014757067, 0.9846259), (0.014191765, 0.98482454), (0.014572611, 0.9838557), (0.014762629, 0.9847252), (0.014751319, 0.9844215), (0.014869697, 0.98372775), (0.014770301, 0.98476285), (0.014747607, 0.9844662), (0.0147609655, 0.9846858), (0.014764916, 0.984382), (0.014869697, 0.9837693), (0.014753928, 0.9845143), (0.014869697, 0.983829), (0.014773877, 0.98457193), (0.014869697, 0.98389363), (0.013740577, 0.984418), (0.014803486, 0.9846259), (0.014770301, 0.98462826), (0.014572611, 0.9838404), (0.014802871, 0.9843379), (0.014856588, 0.9845309), (0.013978338, 0.9847799), (0.0148577, 0.98456943), (0.013964532, 0.98474026), (0.0148834195, 0.98317665), (0.014863271, 0.9846054), (0.013960758, 0.984695), (0.0148834195, 0.9832182), (0.013967171, 0.984646), (0.0148834195, 0.9832779), (0.013987433, 0.98458695), (0.0148834195, 0.983337), (0.013714934, 0.98441815), (0.014014702, 0.98453593), (0.014863271, 0.9844762), (0.014014702, 0.9848214), (0.014582768, 0.9838404), (0.0148423035, 0.9845288), (0.013778994, 0.9839129), (0.014843406, 0.9845673), (0.0137650855, 0.9839529), (0.014868023, 0.98317665), (0.014848977, 0.9846032), (0.01376128, 0.9839988), (0.014868023, 0.9832182), (0.01376773, 0.9840488), (0.014868023, 0.9832779), (0.013788132, 0.98410934), (0.014868023, 0.983337), (0.013714934, 0.98440367), (0.013815593, 0.98416185), (0.014849102, 0.9844741), (0.014582768, 0.9838557), (0.013815593, 0.98387164), (0.014835712, 0.9845112), (0.013957577, 0.98473996), (0.014854321, 0.98389363), (0.0148423035, 0.9844741), (0.013953807, 0.9846948), (0.014834277, 0.98455036), (0.013971383, 0.98477966), (0.014854321, 0.98393524), (0.013960216, 0.9846457), (0.014854321, 0.9839949), (0.013980478, 0.9845867), (0.014854321, 0.9840596), (0.013708526, 0.9844184), (0.014010534, 0.9845311), (0.0148423035, 0.98460805), (0.014009904, 0.9848232), (0.014577685, 0.9838404), (0.014821792, 0.9845134), (0.013758084, 0.983953), (0.014869707, 0.98389363), (0.014828384, 0.98447627), (0.013754278, 0.9839989), (0.014820358, 0.9845525), (0.013771992, 0.983913), (0.014869707, 0.98393524), (0.013760729, 0.9840489), (0.014869707, 0.9839949), (0.01378113, 0.98410946), (0.014869707, 0.9840596), (0.013708526, 0.98440385), (0.013811389, 0.98416674), (0.014828509, 0.9846102), (0.014577685, 0.9838557), (0.013810759, 0.98386955)] (
                interpolation = "faceVarying"
            )
            int[] primvars:st:indices = [59, 3, 6, 53, 54, 7, 9, 50, 4, 0, 10, 8, 51, 11, 1, 56, 57, 2, 5, 60, 40, 46, 28, 12, 22, 24, 31, 15, 18, 25, 44, 34, 16, 32, 48, 38, 13, 29, 26, 19, 27, 30, 47, 45, 37, 21, 17, 39, 43, 49, 33, 23, 36, 42, 24, 22, 40, 38, 48, 46, 36, 34, 44, 42, 43, 45, 47, 49, 39, 41, 35, 37, 20, 35, 41, 14, 61, 55, 52, 58, 123, 65, 68, 117, 118, 69, 71, 114, 66, 62, 72, 70, 115, 73, 63, 120, 121, 64, 67, 124, 104, 110, 92, 74, 83, 86, 95, 77, 80, 89, 108, 98, 78, 96, 112, 102, 75, 93, 90, 81, 91, 94, 111, 109, 101, 84, 79, 103, 107, 113, 97, 87, 100, 106, 88, 85, 104, 102, 112, 110, 100, 98, 108, 106, 107, 109, 111, 113, 103, 105, 99, 101, 82, 99, 105, 76, 125, 119, 116, 122, 187, 129, 132, 181, 182, 133, 135, 178, 130, 126, 136, 134, 179, 137, 127, 184, 185, 128, 131, 188, 168, 174, 156, 138, 147, 150, 159, 141, 144, 153, 172, 162, 142, 160, 176, 166, 139, 157, 154, 145, 155, 158, 175, 173, 165, 148, 143, 167, 171, 177, 161, 151, 164, 170, 152, 149, 168, 166, 176, 174, 164, 162, 172, 170, 171, 173, 175, 177, 167, 169, 163, 165, 146, 163, 169, 140, 189, 183, 180, 186, 241, 193, 196, 235, 236, 197, 198, 232, 194, 190, 198, 197, 233, 199, 191, 238, 239, 192, 195, 242, 225, 230, 217, 201, 207, 210, 218, 202, 204, 213, 228, 220, 203, 219, 231, 224, 200, 216, 214, 205, 215, 217, 230, 229, 223, 208, 203, 224, 227, 231, 219, 211, 222, 226, 212, 209, 225, 224, 231, 230, 222, 220, 228, 226, 227, 229, 230, 231, 224, 225, 221, 223, 206, 221, 225, 201, 243, 237, 234, 240, 297, 247, 250, 291, 292, 251, 253, 288, 248, 244, 254, 252, 289, 255, 245, 294, 295, 246, 249, 298, 280, 284, 270, 256, 264, 266, 273, 259, 263, 269, 283, 276, 260, 274, 286, 278, 257, 271, 268, 262, 269, 272, 285, 283, 277, 265, 261, 279, 282, 287, 275, 267, 277, 282, 267, 265, 280, 278, 286, 284, 277, 276, 283, 282, 282, 283, 285, 287, 279, 281, 276, 277, 263, 276, 281, 258, 299, 293, 290, 296, 356, 303, 306, 351, 350, 307, 309, 347, 304, 300, 310, 308, 348, 310, 301, 352, 353, 302, 305, 355, 339, 345, 330, 311, 320, 323, 331, 314, 317, 326, 343, 333, 315, 332, 346, 337, 312, 329, 327, 318, 328, 330, 345, 344, 336, 321, 316, 338, 342, 346, 332, 324, 335, 341, 325, 322, 339, 337, 346, 345, 335, 333, 343, 341, 342, 344, 345, 346, 338, 340, 334, 336, 319, 334, 340, 313, 356, 351, 349, 354, 418, 360, 363, 412, 413, 364, 366, 409, 361, 357, 367, 365, 410, 368, 358, 415, 416, 359, 362, 419, 399, 405, 387, 369, 378, 381, 390, 372, 375, 384, 403, 393, 373, 391, 407, 397, 370, 388, 385, 376, 386, 389, 406, 404, 396, 379, 374, 398, 402, 408, 392, 382, 395, 401, 383, 380, 399, 397, 407, 405, 395, 393, 403, 401, 402, 404, 406, 408, 398, 400, 394, 396, 377, 394, 400, 371, 420, 414, 411, 417, 423, 457, 459, 424, 450, 511, 513, 451, 437, 485, 487, 438, 424, 459, 461, 425, 452, 451, 513, 515, 439, 438, 487, 489, 425, 461, 463, 426, 452, 515, 453, 421, 439, 489, 491, 440, 426, 463, 465, 427, 441, 440, 491, 493, 428, 427, 465, 467, 441, 493, 495, 442, 428, 467, 469, 429, 442, 495, 497, 443, 429, 469, 471, 430, 443, 497, 499, 444, 430, 471, 473, 431, 444, 499, 501, 445, 431, 473, 475, 432, 445, 501, 503, 446, 432, 475, 477, 433, 446, 503, 505, 447, 433, 477, 479, 434, 447, 505, 507, 448, 434, 479, 481, 435, 421, 453, 455, 422, 448, 507, 509, 449, 435, 481, 483, 436, 422, 455, 457, 423, 449, 509, 511, 450, 436, 483, 485, 437, 521, 524, 591, 588, 578, 580, 647, 645, 551, 553, 620, 618, 524, 526, 593, 591, 582, 649, 647, 580, 555, 622, 620, 553, 526, 528, 595, 593, 582, 517, 584, 649, 555, 557, 624, 622, 528, 530, 597, 595, 559, 626, 624, 557, 532, 599, 597, 530, 559, 561, 628, 626, 532, 534, 601, 599, 561, 563, 630, 628, 534, 536, 603, 601, 563, 565, 632, 630, 536, 538, 605, 603, 565, 567, 634, 632, 539, 541, 608, 606, 567, 569, 636, 634, 541, 543, 610, 608, 569, 571, 638, 636, 543, 545, 612, 610, 572, 574, 641, 639, 545, 547, 614, 612, 517, 519, 586, 584, 574, 576, 643, 641, 547, 549, 616, 614, 519, 522, 589, 586, 576, 578, 645, 643, 549, 551, 618, 616, 431, 432, 542, 540, 454, 516, 650, 585, 466, 464, 596, 598, 432, 433, 544, 542, 466, 598, 600, 468, 433, 434, 546, 544, 470, 468, 600, 602, 434, 435, 548, 546, 472, 470, 602, 604, 435, 436, 550, 548, 474, 472, 604, 607, 436, 437, 552, 550, 476, 474, 607, 609, 437, 438, 554, 552, 478, 476, 609, 611, 439, 556, 554, 438, 480, 478, 611, 613, 439, 440, 558, 556, 482, 480, 613, 615, 441, 560, 558, 440, 484, 482, 615, 617, 441, 442, 562, 560, 486, 484, 617, 619, 442, 443, 564, 562, 488, 486, 619, 621, 443, 444, 566, 564, 488, 621, 623, 490, 444, 445, 568, 566, 492, 490, 623, 625, 445, 446, 570, 568, 492, 625, 627, 494, 446, 447, 573, 570, 496, 494, 627, 629, 447, 448, 575, 573, 421, 422, 520, 518, 498, 496, 629, 631, 448, 449, 577, 575, 422, 423, 523, 520, 500, 498, 631, 633, 449, 450, 579, 577, 423, 424, 525, 523, 502, 500, 633, 635, 450, 451, 581, 579, 424, 425, 527, 525, 504, 502, 635, 637, 452, 583, 581, 451, 425, 426, 529, 527, 506, 504, 637, 640, 452, 421, 518, 583, 426, 427, 531, 529, 508, 506, 640, 642, 456, 454, 585, 587, 428, 533, 531, 427, 510, 508, 642, 644, 458, 456, 587, 590, 428, 429, 535, 533, 512, 510, 644, 646, 460, 458, 590, 592, 429, 430, 537, 535, 514, 512, 646, 648, 462, 460, 592, 594, 430, 431, 540, 537, 514, 648, 650, 516, 464, 462, 594, 596, 1062, 1192, 909, 817, 812, 651, 652, 653, 814, 812, 653, 654, 656, 655, 659, 661, 1068, 1064, 821, 824, 653, 652, 657, 658, 654, 653, 658, 660, 661, 659, 664, 666, 658, 657, 662, 663, 660, 658, 663, 665, 666, 664, 669, 671, 1072, 1068, 824, 827, 1076, 1072, 827, 830, 663, 662, 667, 668, 665, 663, 668, 670, 671, 669, 676, 677, 668, 667, 672, 673, 670, 668, 673, 675, 677, 676, 683, 684, 1080, 1076, 830, 833, 1084, 1080, 833, 836, 673, 672, 678, 680, 676, 674, 681, 683, 684, 683, 689, 690, 683, 681, 686, 689, 695, 693, 698, 700, 1092, 1085, 837, 840, 682, 679, 685, 687, 1196, 1092, 840, 1043, 1038, 1039, 687, 685, 1039, 1041, 688, 687, 690, 689, 1040, 1042, 695, 1042, 1040, 693, 2432, 1170, 1174, 2433, 692, 1039, 1038, 691, 694, 1041, 1039, 692, 1100, 1098, 842, 846, 692, 691, 696, 697, 694, 692, 697, 699, 700, 698, 703, 705, 705, 703, 708, 710, 1104, 1100, 846, 849, 697, 696, 701, 702, 699, 697, 702, 704, 1108, 1104, 849, 852, 702, 701, 706, 707, 704, 702, 707, 709, 710, 708, 715, 716, 1112, 1108, 852, 855, 707, 706, 711, 712, 709, 707, 712, 714, 716, 715, 722, 723, 1116, 1112, 855, 858, 712, 711, 717, 719, 715, 713, 721, 722, 723, 722, 727, 729, 1124, 1117, 859, 862, 720, 718, 724, 726, 722, 721, 725, 727, 729, 727, 732, 734, 726, 724, 730, 731, 728, 726, 731, 733, 734, 732, 737, 739, 1128, 1124, 862, 865, 1132, 1128, 865, 868, 731, 730, 735, 736, 733, 731, 736, 738, 739, 737, 742, 744, 736, 735, 740, 741, 738, 736, 741, 743, 744, 742, 747, 749, 1136, 1132, 868, 871, 1140, 1136, 871, 874, 741, 740, 745, 746, 743, 741, 746, 748, 749, 747, 752, 754, 748, 746, 751, 753, 754, 752, 759, 760, 1144, 1140, 874, 877, 746, 745, 750, 751, 1148, 1144, 877, 880, 751, 750, 755, 756, 753, 751, 756, 758, 760, 759, 766, 767, 767, 766, 772, 773, 1152, 1148, 880, 883, 756, 755, 762, 763, 759, 757, 765, 766, 1160, 1153, 884, 887, 764, 761, 768, 770, 766, 765, 769, 772, 778, 776, 781, 783, 1200, 1160, 887, 1054, 1049, 1050, 770, 768, 1050, 1051, 771, 770, 1052, 1053, 773, 772, 775, 1050, 1049, 774, 777, 1051, 1050, 775, 778, 1053, 1052, 776, 1168, 1166, 889, 893, 775, 774, 779, 780, 777, 775, 780, 782, 783, 781, 786, 788, 1172, 1168, 893, 896, 780, 779, 784, 785, 782, 780, 785, 787, 788, 786, 791, 793, 1176, 1172, 896, 899, 785, 784, 789, 790, 787, 785, 790, 792, 793, 791, 798, 799, 790, 789, 794, 795, 792, 790, 795, 797, 799, 798, 805, 806, 1180, 1176, 899, 902, 1184, 1180, 902, 905, 795, 794, 800, 802, 798, 796, 803, 805, 806, 805, 810, 811, 805, 803, 809, 810, 811, 810, 815, 816, 1192, 1185, 906, 909, 804, 801, 807, 808, 2403, 1061, 1066, 2404, 808, 807, 651, 812, 810, 809, 813, 815, 843, 1044, 1045, 844, 816, 815, 655, 656, 2416, 1110, 1114, 2417, 2406, 1074, 1078, 2407, 2431, 2430, 1203, 1164, 2410, 1088, 1095, 2411, 2434, 1178, 1182, 2435, 2419, 1120, 1126, 2420, 2408, 1082, 1089, 2409, 2422, 1134, 1138, 2423, 2414, 1102, 1106, 2415, 2431, 1164, 1170, 2432, 2421, 1130, 1134, 2422, 2412, 1038, 685, 2411, 2424, 1142, 1146, 2425, 2433, 1174, 1178, 2434, 1166, 1200, 1054, 889, 1053, 778, 933, 1057, 2423, 1138, 1142, 2424, 2437, 1188, 1195, 2402, 2426, 1150, 1156, 2428, 2415, 1106, 1110, 2416, 2417, 1114, 1121, 2418, 1098, 1196, 1043, 842, 2405, 1070, 1074, 2406, 2430, 1049, 768, 2429, 2435, 1182, 1189, 2436, 2425, 1146, 1150, 2426, 2420, 1126, 1130, 2421, 2427, 1157, 1163, 2429, 2407, 1078, 1082, 2408, 2404, 1066, 1070, 2405, 1064, 1062, 817, 821, 822, 818, 819, 820, 825, 822, 820, 823, 828, 825, 823, 826, 831, 828, 826, 829, 834, 831, 829, 832, 838, 834, 832, 835, 841, 838, 835, 839, 847, 843, 844, 845, 850, 847, 845, 848, 848, 851, 853, 850, 856, 853, 851, 854, 854, 857, 860, 856, 863, 860, 857, 861, 866, 863, 861, 864, 869, 866, 864, 867, 872, 869, 867, 870, 875, 872, 870, 873, 878, 875, 873, 876, 881, 878, 876, 879, 885, 881, 879, 882, 888, 885, 882, 886, 894, 890, 891, 892, 892, 895, 897, 894, 900, 897, 895, 898, 903, 900, 898, 901, 907, 903, 901, 904, 910, 907, 904, 908, 818, 910, 908, 819, 890, 1055, 1056, 891, 2413, 2412, 1199, 1096, 1044, 841, 839, 1045, 1055, 888, 886, 1056, 820, 819, 908, 904, 901, 898, 895, 892, 891, 1056, 886, 882, 879, 876, 873, 870, 867, 864, 861, 857, 854, 851, 848, 845, 844, 1045, 839, 835, 832, 829, 826, 823, 749, 754, 929, 928, 811, 816, 940, 939, 760, 767, 931, 930, 656, 661, 912, 911, 1053, 1057, 932, 773, 671, 677, 915, 914, 799, 806, 938, 937, 1042, 695, 918, 1046, 695, 700, 919, 918, 684, 690, 917, 916, 1042, 1046, 917, 690, 816, 656, 911, 940, 783, 788, 935, 934, 734, 739, 926, 925, 705, 710, 921, 920, 1046, 1047, 954, 917, 778, 783, 934, 933, 793, 799, 937, 936, 700, 705, 920, 919, 744, 749, 928, 927, 716, 723, 923, 922, 666, 671, 914, 913, 806, 811, 939, 938, 788, 793, 936, 935, 710, 716, 922, 921, 729, 734, 925, 924, 754, 760, 930, 929, 677, 684, 916, 915, 723, 729, 924, 923, 739, 744, 927, 926, 661, 666, 913, 912, 767, 773, 932, 931, 935, 936, 994, 992, 921, 922, 964, 962, 936, 937, 996, 994, 922, 923, 966, 964, 937, 938, 998, 996, 923, 924, 969, 966, 938, 939, 1001, 998, 924, 925, 971, 969, 939, 940, 1003, 1001, 925, 926, 973, 971, 911, 912, 943, 941, 940, 911, 941, 1003, 926, 927, 975, 973, 912, 913, 945, 943, 1057, 1058, 986, 932, 927, 928, 977, 975, 913, 914, 947, 945, 2265, 2247, 1012, 1035, 928, 929, 979, 977, 914, 915, 949, 947, 929, 930, 981, 979, 915, 916, 951, 949, 918, 956, 1047, 1046, 930, 931, 983, 981, 916, 917, 954, 951, 931, 932, 986, 983, 918, 919, 958, 956, 933, 988, 1058, 1057, 933, 934, 990, 988, 919, 920, 960, 958, 934, 935, 992, 990, 920, 921, 962, 960, 2201, 2203, 1029, 1028, 2205, 2207, 1015, 1014, 2203, 2209, 1030, 1029, 2207, 2211, 1016, 1015, 2209, 2213, 1031, 1030, 2211, 2215, 1017, 1016, 2213, 2218, 1032, 1031, 2215, 2221, 1018, 1017, 2218, 2223, 1033, 1032, 2221, 2225, 1019, 1018, 2223, 2227, 1034, 1033, 2225, 2229, 1020, 1019, 2231, 2233, 1006, 1005, 2227, 2231, 1005, 1034, 2229, 2235, 1021, 1020, 2233, 2237, 1007, 1006, 2235, 2239, 1022, 1021, 2237, 2241, 1008, 1007, 2239, 2243, 1023, 1022, 2241, 2245, 1009, 1008, 2267, 2259, 1027, 1036, 2243, 2249, 1024, 1023, 2245, 2251, 1010, 1009, 2267, 1036, 1026, 2261, 2249, 2256, 1025, 1024, 2251, 2254, 1011, 1010, 2265, 1035, 1011, 2254, 2256, 2261, 1026, 1025, 2247, 2263, 1013, 1012, 2259, 2201, 1028, 1027, 2263, 2205, 1014, 1013, 1026, 1036, 1037, 1027, 1028, 1037, 1013, 1014, 1037, 1028, 1029, 1037, 1014, 1015, 1037, 1029, 1030, 1037, 1015, 1016, 1037, 1030, 1031, 1037, 1016, 1017, 1037, 1031, 1032, 1037, 1017, 1018, 1037, 1032, 1033, 1037, 1018, 1019, 1037, 1033, 1034, 1037, 1019, 1020, 1037, 1005, 1006, 1037, 1034, 1005, 1037, 1020, 1021, 1037, 1006, 1007, 1037, 1021, 1022, 1037, 1007, 1008, 1037, 1022, 1023, 1037, 1008, 1009, 1037, 1035, 1012, 1037, 1023, 1024, 1037, 1009, 1010, 1037, 1011, 1035, 1037, 1024, 1025, 1037, 1010, 1011, 1037, 1036, 1027, 1037, 1025, 1026, 1037, 1012, 1013, 1037, 2413, 1096, 1102, 2414, 1067, 1060, 1063, 1065, 1071, 1067, 1065, 1069, 1075, 1071, 1069, 1073, 1079, 1075, 1073, 1077, 1083, 1079, 1077, 1081, 1090, 1083, 1081, 1086, 1094, 1091, 1087, 1093, 1103, 1097, 1099, 1101, 1107, 1103, 1101, 1105, 1105, 1109, 1111, 1107, 1115, 1111, 1109, 1113, 1113, 1118, 1122, 1115, 1127, 1123, 1119, 1125, 1131, 1127, 1125, 1129, 1135, 1131, 1129, 1133, 1139, 1135, 1133, 1137, 1143, 1139, 1137, 1141, 1147, 1143, 1141, 1145, 1151, 1147, 1145, 1149, 1158, 1151, 1149, 1154, 1162, 1159, 1155, 1161, 1171, 1165, 1167, 1169, 1169, 1173, 1175, 1171, 1179, 1175, 1173, 1177, 1183, 1179, 1177, 1181, 1190, 1183, 1181, 1186, 1194, 1191, 1187, 1193, 1060, 1194, 1193, 1063, 1198, 1094, 1093, 1197, 1202, 1162, 1161, 1201, 1097, 1198, 1197, 1099, 1165, 1202, 1201, 1167, 2402, 1195, 1061, 2403, 1204, 1206, 1209, 1207, 1207, 1209, 1214, 1210, 1211, 1213, 1217, 1215, 1215, 1217, 1221, 1219, 1219, 1221, 1225, 1223, 1223, 1225, 1229, 1227, 1227, 1229, 1234, 1231, 1232, 1235, 1240, 1236, 1237, 1239, 1243, 1241, 1241, 1243, 1248, 1245, 1246, 1249, 1254, 1250, 1251, 1253, 1257, 1255, 1255, 1257, 1261, 1259, 1259, 1261, 1265, 1263, 1263, 1265, 1270, 1267, 1268, 1271, 1275, 1273, 1230, 1226, 1290, 1292, 1273, 1275, 1278, 1276, 1276, 1278, 1206, 1204, 1205, 1208, 1212, 1216, 1220, 1224, 1228, 1233, 1238, 1242, 1247, 1252, 1256, 1260, 1264, 1269, 1274, 1277, 1300, 1298, 1339, 1337, 1254, 1249, 1301, 1303, 1275, 1272, 1312, 1314, 1222, 1218, 1286, 1288, 1244, 1240, 1297, 1299, 1266, 1262, 1308, 1310, 1214, 1209, 1279, 1283, 1235, 1230, 1292, 1294, 1258, 1254, 1303, 1306, 1278, 1275, 1314, 1317, 1226, 1222, 1288, 1290, 1249, 1244, 1299, 1301, 1272, 1266, 1310, 1312, 1218, 1214, 1283, 1286, 1240, 1235, 1294, 1297, 1209, 1206, 1281, 1279, 1262, 1258, 1306, 1308, 1206, 1278, 1317, 1281, 1315, 1313, 1324, 1321, 1280, 1282, 1355, 1357, 1298, 1295, 1341, 1339, 1313, 1311, 1326, 1324, 1296, 1293, 1344, 1342, 1311, 1309, 1328, 1326, 1293, 1291, 1346, 1344, 1309, 1307, 1330, 1328, 1291, 1289, 1348, 1346, 1307, 1304, 1332, 1330, 1289, 1287, 1350, 1348, 1305, 1302, 1335, 1333, 1282, 1318, 1319, 1355, 1287, 1284, 1352, 1350, 1302, 1300, 1337, 1335, 1318, 1316, 1322, 1319, 1285, 1280, 1357, 1353, 1356, 1320, 1323, 1325, 1327, 1329, 1331, 1334, 1336, 1338, 1340, 1343, 1345, 1347, 1349, 1351, 1354, 1358, 1359, 1361, 1365, 1363, 1363, 1365, 1370, 1367, 1368, 1371, 1375, 1373, 1373, 1375, 1379, 1377, 1377, 1379, 1383, 1381, 1381, 1383, 1387, 1385, 1385, 1387, 1392, 1389, 1390, 1393, 1398, 1394, 1395, 1397, 1401, 1399, 1399, 1401, 1406, 1403, 1404, 1407, 1412, 1408, 1409, 1411, 1415, 1413, 1413, 1415, 1419, 1417, 1417, 1419, 1423, 1421, 1421, 1423, 1428, 1425, 1426, 1429, 1433, 1431, 1388, 1384, 1450, 1452, 1431, 1433, 1437, 1435, 1435, 1437, 1361, 1359, 1360, 1364, 1369, 1374, 1378, 1382, 1386, 1391, 1396, 1400, 1405, 1410, 1414, 1418, 1422, 1427, 1432, 1436, 1459, 1457, 1496, 1494, 1412, 1407, 1460, 1462, 1434, 1430, 1471, 1473, 1380, 1376, 1446, 1448, 1402, 1398, 1456, 1458, 1424, 1420, 1467, 1469, 1372, 1366, 1439, 1443, 1393, 1388, 1452, 1454, 1416, 1412, 1462, 1465, 1438, 1434, 1473, 1475, 1384, 1380, 1448, 1450, 1407, 1402, 1458, 1460, 1430, 1424, 1469, 1471, 1376, 1372, 1443, 1446, 1398, 1393, 1454, 1456, 1366, 1362, 1441, 1439, 1420, 1416, 1465, 1467, 1362, 1438, 1475, 1441, 1474, 1472, 1481, 1479, 1440, 1442, 1512, 1514, 1457, 1454, 1498, 1496, 1472, 1470, 1483, 1481, 1455, 1453, 1501, 1499, 1470, 1468, 1485, 1483, 1453, 1451, 1503, 1501, 1468, 1466, 1487, 1485, 1451, 1449, 1505, 1503, 1466, 1463, 1489, 1487, 1449, 1447, 1507, 1505, 1464, 1461, 1492, 1490, 1442, 1476, 1477, 1512, 1447, 1444, 1509, 1507, 1461, 1459, 1494, 1492, 1476, 1474, 1479, 1477, 1445, 1440, 1514, 1510, 1513, 1478, 1480, 1482, 1484, 1486, 1488, 1491, 1493, 1495, 1497, 1500, 1502, 1504, 1506, 1508, 1511, 1515, 1516, 1518, 1521, 1519, 1519, 1521, 1526, 1522, 1523, 1525, 1529, 1527, 1527, 1529, 1533, 1531, 1531, 1533, 1537, 1535, 1535, 1537, 1541, 1539, 1539, 1541, 1546, 1543, 1544, 1547, 1551, 1549, 1549, 1551, 1555, 1553, 1553, 1555, 1559, 1557, 1557, 1559, 1563, 1561, 1561, 1563, 1568, 1565, 1566, 1569, 1573, 1571, 1571, 1573, 1577, 1575, 1575, 1577, 1581, 1579, 1579, 1581, 1586, 1583, 1542, 1538, 1602, 1604, 1584, 1587, 1590, 1588, 1588, 1590, 1518, 1516, 1517, 1520, 1524, 1528, 1532, 1536, 1540, 1545, 1550, 1554, 1558, 1562, 1567, 1572, 1576, 1580, 1585, 1589, 1612, 1610, 1651, 1649, 1564, 1560, 1613, 1615, 1587, 1582, 1624, 1626, 1534, 1530, 1598, 1600, 1556, 1552, 1609, 1611, 1578, 1574, 1620, 1622, 1526, 1521, 1591, 1595, 1548, 1542, 1604, 1606, 1570, 1564, 1615, 1618, 1590, 1587, 1626, 1629, 1538, 1534, 1600, 1602, 1560, 1556, 1611, 1613, 1582, 1578, 1622, 1624, 1530, 1526, 1595, 1598, 1552, 1548, 1606, 1609, 1521, 1518, 1593, 1591, 1574, 1570, 1618, 1620, 1518, 1590, 1629, 1593, 1627, 1625, 1636, 1633, 1592, 1594, 1667, 1669, 1610, 1607, 1653, 1651, 1625, 1623, 1638, 1636, 1608, 1605, 1656, 1654, 1623, 1621, 1640, 1638, 1605, 1603, 1658, 1656, 1621, 1619, 1642, 1640, 1603, 1601, 1660, 1658, 1619, 1616, 1644, 1642, 1601, 1599, 1662, 1660, 1617, 1614, 1647, 1645, 1594, 1630, 1631, 1667, 1599, 1596, 1664, 1662, 1614, 1612, 1649, 1647, 1630, 1628, 1634, 1631, 1597, 1592, 1669, 1665, 1668, 1632, 1635, 1637, 1639, 1641, 1643, 1646, 1648, 1650, 1652, 1655, 1657, 1659, 1661, 1663, 1666, 1670, 1671, 1673, 1677, 1675, 1675, 1677, 1682, 1679, 1680, 1683, 1687, 1685, 1685, 1687, 1691, 1689, 1689, 1691, 1695, 1693, 1693, 1695, 1699, 1697, 1697, 1699, 1704, 1701, 1702, 1705, 1708, 1706, 1706, 1708, 1711, 1709, 1709, 1711, 1714, 1712, 1712, 1714, 1719, 1715, 1716, 1718, 1722, 1720, 1720, 1722, 1726, 1724, 1724, 1726, 1730, 1728, 1728, 1730, 1734, 1732, 1732, 1734, 1739, 1736, 1700, 1696, 1757, 1759, 1737, 1740, 1744, 1742, 1742, 1744, 1673, 1671, 1672, 1676, 1681, 1686, 1690, 1694, 1698, 1703, 1707, 1710, 1713, 1717, 1721, 1725, 1729, 1733, 1738, 1743, 1767, 1765, 1806, 1804, 1719, 1714, 1768, 1770, 1741, 1735, 1779, 1781, 1692, 1688, 1753, 1755, 1711, 1708, 1764, 1766, 1731, 1727, 1775, 1777, 1684, 1678, 1746, 1750, 1705, 1700, 1759, 1761, 1723, 1719, 1770, 1773, 1745, 1741, 1781, 1784, 1696, 1692, 1755, 1757, 1714, 1711, 1766, 1768, 1735, 1731, 1777, 1779, 1688, 1684, 1750, 1753, 1708, 1705, 1761, 1764, 1678, 1674, 1748, 1746, 1727, 1723, 1773, 1775, 1674, 1745, 1784, 1748, 1782, 1780, 1791, 1788, 1747, 1749, 1822, 1824, 1765, 1762, 1808, 1806, 1780, 1778, 1793, 1791, 1763, 1760, 1811, 1809, 1778, 1776, 1795, 1793, 1760, 1758, 1813, 1811, 1776, 1774, 1797, 1795, 1758, 1756, 1815, 1813, 1774, 1771, 1799, 1797, 1756, 1754, 1817, 1815, 1772, 1769, 1802, 1800, 1749, 1785, 1786, 1822, 1754, 1751, 1819, 1817, 1769, 1767, 1804, 1802, 1785, 1783, 1789, 1786, 1752, 1747, 1824, 1820, 1823, 1787, 1790, 1792, 1794, 1796, 1798, 1801, 1803, 1805, 1807, 1810, 1812, 1814, 1816, 1818, 1821, 1825, 1826, 1828, 1832, 1830, 1830, 1832, 1837, 1834, 1835, 1838, 1842, 1840, 1840, 1842, 1846, 1844, 1844, 1846, 1850, 1848, 1848, 1850, 1854, 1852, 1852, 1854, 1859, 1856, 1857, 1860, 1865, 1861, 1862, 1864, 1868, 1866, 1866, 1868, 1873, 1870, 1871, 1874, 1879, 1875, 1876, 1878, 1882, 1880, 1880, 1882, 1886, 1884, 1884, 1886, 1890, 1888, 1888, 1890, 1895, 1892, 1893, 1896, 1900, 1898, 1855, 1851, 1917, 1919, 1898, 1900, 1904, 1902, 1902, 1904, 1828, 1826, 1827, 1831, 1836, 1841, 1845, 1849, 1853, 1858, 1863, 1867, 1872, 1877, 1881, 1885, 1889, 1894, 1899, 1903, 1927, 1925, 1964, 1962, 1879, 1874, 1928, 1930, 1901, 1897, 1938, 1940, 1847, 1843, 1913, 1915, 1869, 1865, 1924, 1926, 1891, 1887, 1934, 1936, 1839, 1833, 1906, 1910, 1860, 1855, 1919, 1921, 1883, 1879, 1930, 1932, 1905, 1901, 1940, 1943, 1851, 1847, 1915, 1917, 1874, 1869, 1926, 1928, 1897, 1891, 1936, 1938, 1843, 1839, 1910, 1913, 1865, 1860, 1921, 1924, 1833, 1829, 1908, 1906, 1887, 1883, 1932, 1934, 1829, 1905, 1943, 1908, 1941, 1939, 1950, 1947, 1907, 1909, 1980, 1982, 1925, 1922, 1966, 1964, 1939, 1937, 1952, 1950, 1923, 1920, 1969, 1967, 1937, 1935, 1954, 1952, 1920, 1918, 1971, 1969, 1935, 1933, 1956, 1954, 1918, 1916, 1973, 1971, 1933, 1931, 1958, 1956, 1916, 1914, 1975, 1973, 1931, 1929, 1960, 1958, 1909, 1944, 1945, 1980, 1914, 1911, 1977, 1975, 1929, 1927, 1962, 1960, 1944, 1942, 1948, 1945, 1912, 1907, 1982, 1978, 1981, 1946, 1949, 1951, 1953, 1955, 1957, 1959, 1961, 1963, 1965, 1968, 1970, 1972, 1974, 1976, 1979, 1983, 2045, 1987, 1990, 2039, 2040, 1991, 1993, 2036, 1988, 1984, 1994, 1992, 2037, 1995, 1985, 2042, 2043, 1986, 1989, 2046, 2026, 2032, 2014, 1996, 2005, 2008, 2017, 1999, 2002, 2011, 2030, 2020, 2000, 2018, 2034, 2024, 1997, 2015, 2012, 2003, 2013, 2016, 2033, 2031, 2023, 2006, 2001, 2025, 2029, 2035, 2019, 2009, 2022, 2028, 2010, 2007, 2026, 2024, 2034, 2032, 2022, 2020, 2030, 2028, 2029, 2031, 2033, 2035, 2025, 2027, 2021, 2023, 2004, 2021, 2027, 1998, 2047, 2041, 2038, 2044, 2048, 2050, 2053, 2051, 2051, 2053, 2058, 2054, 2055, 2057, 2061, 2059, 2059, 2061, 2065, 2063, 2063, 2065, 2069, 2067, 2067, 2069, 2073, 2071, 2071, 2073, 2078, 2075, 2076, 2079, 2083, 2081, 2081, 2083, 2087, 2085, 2085, 2087, 2091, 2089, 2089, 2091, 2095, 2093, 2093, 2095, 2100, 2097, 2098, 2101, 2105, 2103, 2103, 2105, 2109, 2107, 2107, 2109, 2113, 2111, 2111, 2113, 2118, 2115, 2074, 2070, 2133, 2135, 2116, 2119, 2122, 2120, 2120, 2122, 2050, 2048, 2049, 2052, 2056, 2060, 2064, 2068, 2072, 2077, 2082, 2086, 2090, 2094, 2099, 2104, 2108, 2112, 2117, 2121, 2143, 2141, 2182, 2180, 2096, 2092, 2144, 2146, 2119, 2114, 2155, 2157, 2066, 2062, 2129, 2131, 2088, 2084, 2140, 2142, 2110, 2106, 2151, 2153, 2058, 2053, 2123, 2127, 2080, 2074, 2135, 2137, 2102, 2096, 2146, 2149, 2122, 2119, 2157, 2160, 2070, 2066, 2131, 2133, 2092, 2088, 2142, 2144, 2114, 2110, 2153, 2155, 2062, 2058, 2127, 2129, 2084, 2080, 2137, 2140, 2053, 2050, 2125, 2123, 2106, 2102, 2149, 2151, 2050, 2122, 2160, 2125, 2158, 2156, 2167, 2164, 2124, 2126, 2197, 2199, 2141, 2138, 2184, 2182, 2156, 2154, 2169, 2167, 2139, 2136, 2187, 2185, 2154, 2152, 2171, 2169, 2136, 2134, 2189, 2187, 2152, 2150, 2173, 2171, 2134, 2132, 2191, 2189, 2150, 2147, 2175, 2173, 2132, 2130, 2193, 2191, 2148, 2145, 2178, 2176, 2126, 2161, 2162, 2197, 2130, 2128, 2195, 2193, 2145, 2143, 2180, 2178, 2161, 2159, 2165, 2162, 2128, 2124, 2199, 2195, 2198, 2163, 2166, 2168, 2170, 2172, 2174, 2177, 2179, 2181, 2183, 2186, 2188, 2190, 2192, 2194, 2196, 2200, 2204, 2202, 2334, 2342, 2262, 2257, 2389, 2395, 982, 984, 2311, 2309, 2208, 2206, 2336, 2344, 2264, 2248, 2383, 2396, 980, 982, 2309, 2307, 1059, 989, 2317, 2333, 2210, 2204, 2342, 2346, 2202, 2260, 2393, 2334, 978, 980, 2307, 2305, 2212, 2208, 2344, 2348, 2206, 2264, 2396, 2336, 976, 978, 2305, 2303, 2214, 2210, 2346, 2350, 974, 976, 2303, 2301, 2216, 2212, 2348, 2352, 972, 974, 2301, 2299, 2219, 2214, 2350, 2355, 970, 972, 2299, 2297, 2222, 2217, 2353, 2358, 967, 970, 2297, 2294, 2224, 2220, 2356, 2360, 965, 968, 2295, 2292, 2226, 2222, 2358, 2362, 963, 965, 2292, 2290, 2228, 2224, 2360, 2364, 961, 963, 2290, 2288, 2230, 2226, 2362, 2367, 959, 961, 2288, 2284, 2234, 2232, 2338, 2369, 957, 959, 2284, 2287, 2232, 2228, 2364, 2338, 2285, 2289, 2337, 2397, 2316, 2318, 2335, 2392, 2286, 2285, 2397, 2382, 2312, 2314, 2394, 2390, 2330, 2398, 2340, 2282, 2279, 2282, 2340, 2386, 2310, 2312, 2390, 2384, 2332, 2400, 2394, 2314, 2277, 2279, 2386, 2380, 2308, 2310, 2384, 2378, 2332, 2316, 2392, 2400, 2275, 2277, 2380, 2376, 2306, 2308, 2378, 2374, 2273, 2275, 2376, 2372, 2304, 2306, 2374, 2370, 2271, 2273, 2372, 2368, 2302, 2304, 2370, 2366, 2328, 2269, 2339, 2365, 2269, 2271, 2368, 2339, 2300, 2302, 2366, 2363, 2326, 2328, 2365, 2361, 2298, 2300, 2363, 2359, 2324, 2326, 2361, 2357, 2296, 2298, 2359, 2354, 2323, 2324, 2357, 2351, 2293, 2296, 2354, 2349, 2322, 2323, 2351, 2347, 2291, 2293, 2349, 2345, 2320, 2322, 2347, 2343, 2289, 2291, 2345, 2337, 2318, 2320, 2343, 2335, 2330, 2286, 2382, 2398, 985, 987, 2315, 2313, 2266, 2255, 2341, 2399, 2248, 2266, 2399, 2383, 989, 991, 2319, 2317, 2255, 2252, 2387, 2341, 991, 993, 2321, 2319, 2258, 2250, 2385, 2391, 993, 995, 2322, 2321, 2268, 2262, 2395, 2401, 995, 997, 2323, 2322, 2253, 2246, 2381, 2388, 997, 999, 2324, 2323, 2250, 2244, 2379, 2385, 2260, 2268, 2401, 2393, 1000, 1002, 2327, 2325, 1002, 1004, 2329, 2327, 2246, 2242, 2377, 2381, 942, 944, 2272, 2270, 1004, 942, 2270, 2329, 2244, 2240, 2375, 2379, 944, 946, 2274, 2272, 955, 1048, 2331, 2283, 2242, 2238, 2373, 2377, 946, 948, 2276, 2274, 987, 1059, 2333, 2315, 2240, 2236, 2371, 2375, 1048, 957, 2287, 2331, 948, 950, 2278, 2276, 2238, 2234, 2369, 2373, 950, 952, 2280, 2278, 2236, 2230, 2367, 2371, 953, 955, 2283, 2281, 807, 2402, 2403, 651, 691, 2413, 2414, 696, 691, 1038, 2412, 2413, 652, 2404, 2405, 657, 667, 2407, 2408, 672, 761, 2427, 2429, 768, 724, 2420, 2421, 730, 750, 2425, 2426, 755, 794, 2435, 2436, 800, 1203, 2430, 2429, 1163, 657, 2405, 2406, 662, 711, 2417, 2418, 717, 701, 2415, 2416, 706, 755, 2426, 2428, 762, 801, 2437, 2402, 807, 740, 2423, 2424, 745, 784, 2433, 2434, 789, 745, 2424, 2425, 750, 1199, 2412, 2411, 1095, 730, 2421, 2422, 735, 774, 2431, 2432, 779, 696, 2414, 2415, 701, 735, 2422, 2423, 740, 672, 2408, 2409, 678, 718, 2419, 2420, 724, 789, 2434, 2435, 794, 679, 2410, 2411, 685, 774, 1049, 2430, 2431, 662, 2406, 2407, 667, 706, 2416, 2417, 711, 651, 2403, 2404, 652, 779, 2432, 2433, 784, 2440, 2457, 2455, 2438, 2449, 2466, 2464, 2447, 2445, 2462, 2459, 2442, 2443, 2460, 2457, 2440, 2438, 2455, 2469, 2452, 2447, 2464, 2462, 2445, 2472, 2477, 2493, 2488, 2483, 2481, 2497, 2499, 2479, 2474, 2490, 2495, 2475, 2472, 2488, 2491, 2477, 2486, 2502, 2493, 2481, 2479, 2495, 2497, 2439, 2453, 2487, 2478, 2458, 2461, 2492, 2489, 2467, 2450, 2484, 2500, 2456, 2458, 2489, 2494, 2444, 2441, 2473, 2476, 2461, 2463, 2496, 2492, 2441, 2439, 2478, 2473, 2463, 2465, 2498, 2496, 2446, 2444, 2476, 2480, 2465, 2468, 2501, 2498, 2448, 2446, 2480, 2482, 2454, 2470, 2503, 2487, 2471, 2456, 2494, 2504, 2451, 2448, 2482, 2485, 2507, 2523, 2521, 2505, 2515, 2531, 2529, 2513, 2511, 2527, 2525, 2509, 2509, 2525, 2523, 2507, 2505, 2521, 2534, 2518, 2513, 2529, 2527, 2511, 2537, 2542, 2559, 2554, 2548, 2546, 2563, 2565, 2544, 2539, 2556, 2561, 2540, 2537, 2554, 2557, 2542, 2551, 2568, 2559, 2546, 2544, 2561, 2563, 2506, 2519, 2552, 2543, 2524, 2526, 2558, 2555, 2532, 2516, 2549, 2566, 2522, 2524, 2555, 2560, 2510, 2508, 2538, 2541, 2526, 2528, 2562, 2558, 2508, 2506, 2543, 2538, 2528, 2530, 2564, 2562, 2512, 2510, 2541, 2545, 2530, 2533, 2567, 2564, 2514, 2512, 2545, 2547, 2520, 2535, 2569, 2553, 2536, 2522, 2560, 2570, 2517, 2514, 2547, 2550, 2573, 2587, 2585, 2571, 2580, 2596, 2594, 2578, 2576, 2592, 2590, 2574, 2574, 2590, 2588, 2572, 2571, 2585, 2599, 2583, 2578, 2594, 2592, 2576, 2602, 2607, 2624, 2619, 2613, 2611, 2628, 2630, 2609, 2604, 2621, 2626, 2605, 2602, 2619, 2622, 2607, 2616, 2633, 2624, 2611, 2609, 2626, 2628, 2571, 2583, 2617, 2608, 2589, 2591, 2623, 2620, 2597, 2581, 2614, 2631, 2586, 2589, 2620, 2625, 2575, 2573, 2603, 2606, 2591, 2593, 2627, 2623, 2573, 2571, 2608, 2603, 2593, 2595, 2629, 2627, 2577, 2575, 2606, 2610, 2595, 2598, 2632, 2629, 2579, 2577, 2610, 2612, 2584, 2600, 2634, 2618, 2601, 2586, 2625, 2635, 2582, 2579, 2612, 2615, 2638, 2655, 2653, 2636, 2647, 2664, 2662, 2645, 2643, 2660, 2657, 2640, 2641, 2658, 2655, 2638, 2636, 2653, 2667, 2650, 2645, 2662, 2660, 2643, 2670, 2675, 2692, 2687, 2681, 2679, 2696, 2698, 2677, 2672, 2689, 2694, 2673, 2670, 2687, 2690, 2675, 2684, 2701, 2692, 2679, 2677, 2694, 2696, 2637, 2651, 2685, 2676, 2656, 2659, 2691, 2688, 2665, 2648, 2682, 2699, 2654, 2656, 2688, 2693, 2642, 2639, 2671, 2674, 2659, 2661, 2695, 2691, 2639, 2637, 2676, 2671, 2661, 2663, 2697, 2695, 2644, 2642, 2674, 2678, 2663, 2666, 2700, 2697, 2646, 2644, 2678, 2680, 2652, 2668, 2702, 2686, 2669, 2654, 2693, 2703, 2649, 2646, 2680, 2683, 2706, 2722, 2721, 2704, 2715, 2730, 2728, 2713, 2711, 2726, 2723, 2708, 2709, 2724, 2722, 2706, 2704, 2721, 2733, 2718, 2713, 2728, 2726, 2711, 2736, 2741, 2758, 2753, 2747, 2745, 2762, 2764, 2743, 2738, 2755, 2760, 2739, 2736, 2753, 2756, 2741, 2750, 2767, 2758, 2745, 2743, 2760, 2762, 2705, 2719, 2751, 2742, 2722, 2725, 2757, 2754, 2731, 2716, 2748, 2765, 2721, 2722, 2754, 2759, 2710, 2707, 2737, 2740, 2725, 2727, 2761, 2757, 2707, 2705, 2742, 2737, 2727, 2729, 2763, 2761, 2712, 2710, 2740, 2744, 2729, 2732, 2766, 2763, 2714, 2712, 2744, 2746, 2720, 2734, 2768, 2752, 2735, 2721, 2759, 2769, 2717, 2714, 2746, 2749, 2772, 2789, 2787, 2770, 2781, 2798, 2796, 2779, 2777, 2794, 2791, 2774, 2775, 2792, 2789, 2772, 2770, 2787, 2801, 2784, 2779, 2796, 2794, 2777, 2804, 2809, 2826, 2821, 2815, 2813, 2830, 2832, 2811, 2806, 2823, 2828, 2807, 2804, 2821, 2824, 2809, 2818, 2835, 2826, 2813, 2811, 2828, 2830, 2771, 2785, 2819, 2810, 2790, 2793, 2825, 2822, 2799, 2782, 2816, 2833, 2788, 2790, 2822, 2827, 2776, 2773, 2805, 2808, 2793, 2795, 2829, 2825, 2773, 2771, 2810, 2805, 2795, 2797, 2831, 2829, 2778, 2776, 2808, 2812, 2797, 2800, 2834, 2831, 2780, 2778, 2812, 2814, 2786, 2802, 2836, 2820, 2803, 2788, 2827, 2837, 2783, 2780, 2814, 2817, 2840, 2857, 2855, 2838, 2849, 2866, 2864, 2847, 2845, 2862, 2859, 2842, 2843, 2860, 2857, 2840, 2838, 2855, 2869, 2852, 2847, 2864, 2862, 2845, 2872, 2877, 2894, 2889, 2883, 2881, 2898, 2900, 2879, 2874, 2891, 2896, 2875, 2872, 2889, 2892, 2877, 2886, 2903, 2894, 2881, 2879, 2896, 2898, 2839, 2853, 2887, 2878, 2858, 2861, 2893, 2890, 2867, 2850, 2884, 2901, 2856, 2858, 2890, 2895, 2844, 2841, 2873, 2876, 2861, 2863, 2897, 2893, 2841, 2839, 2878, 2873, 2863, 2865, 2899, 2897, 2846, 2844, 2876, 2880, 2865, 2868, 2902, 2899, 2848, 2846, 2880, 2882, 2854, 2870, 2904, 2888, 2871, 2856, 2895, 2905, 2851, 2848, 2882, 2885, 2908, 2925, 2923, 2906, 2917, 2934, 2932, 2915, 2913, 2930, 2927, 2910, 2911, 2928, 2925, 2908, 2906, 2923, 2937, 2920, 2915, 2932, 2930, 2913, 2940, 2945, 2962, 2957, 2951, 2949, 2966, 2968, 2947, 2942, 2959, 2964, 2943, 2940, 2957, 2960, 2945, 2954, 2971, 2962, 2949, 2947, 2964, 2966, 2907, 2921, 2955, 2946, 2926, 2929, 2961, 2958, 2935, 2918, 2952, 2969, 2924, 2926, 2958, 2963, 2912, 2909, 2941, 2944, 2929, 2931, 2965, 2961, 2909, 2907, 2946, 2941, 2931, 2933, 2967, 2965, 2914, 2912, 2944, 2948, 2933, 2936, 2970, 2967, 2916, 2914, 2948, 2950, 2922, 2938, 2972, 2956, 2939, 2924, 2963, 2973, 2919, 2916, 2950, 2953]
            uniform token subdivisionScheme = "none"
            custom string userProperties:blender:data_name = "Cube.053"
        }
    }

    def Scope "_materials"
    {
        def Material "Atlas"
        {
            token outputs:surface.connect = </root/_materials/Atlas/Principled_BSDF.outputs:surface>
            custom string userProperties:blender:data_name = "Atlas"

            def Shader "Principled_BSDF"
            {
                uniform token info:id = "UsdPreviewSurface"
                float inputs:clearcoat = 0
                float inputs:clearcoatRoughness = 0.03
                color3f inputs:diffuseColor = (0.8, 0.8, 0.8)
                color3f inputs:emissiveColor = (0, 0, 0)
                float inputs:ior = 1.5
                float inputs:metallic = 0
                float inputs:opacity = 1
                float inputs:roughness = 0.5527864
                float inputs:specular = 1
                token outputs:surface
            }
        }
    }
}

