#usda 1.0
(
    defaultPrim = "root"
    doc = "Blender v5.1.2"
    metersPerUnit = 1
    upAxis = "Y"
)

def Xform "root" (
    customData = {
        dictionary Blender = {
            bool generated = 1
        }
    }
)
{
    float3 xformOp:rotateXYZ = (-90, -0, 0)
    uniform token[] xformOpOrder = ["xformOp:rotateXYZ"]

    def SkelRoot "CharacterArmature"
    {
        custom string userProperties:blender:object_name = "CharacterArmature"
        float3 xformOp:rotateXYZ = (-0.000009334668, 0, 0)
        float3 xformOp:scale = (1, 1, 1)
        double3 xformOp:translate = (0, 0, 0)
        uniform token[] xformOpOrder = ["xformOp:translate", "xformOp:rotateXYZ", "xformOp:scale"]

        def Skeleton "CharacterArmature" (
            prepend apiSchemas = ["SkelBindingAPI"]
        )
        {
            uniform matrix4d[] bindTransforms = [( (1, 2.3841856489070778e-7, 0, 0), (0, 0, 1, 0), (2.3841856489070778e-7, -1, 0, 0), (0, -0.07228865474462509, 0, 1) ), ( (1, 7.152555667744309e-7, 0, 0), (0, 0, 0.9999999403953552, 0), (7.152555667744309e-7, -1, 0, 0), (0.0004532085731625557, -0.02668297290802002, 0.8654014468193054, 1) ), ( (1, 1.7816836361816968e-7, -2.4583512114872974e-8, 0), (-3.340403509355383e-10, 0.13852375745773315, 0.9903590679168701, 0), (1.7985610156756593e-7, -0.9903591275215149, 0.13852374255657196, 0), (-0.00034377534757368267, -0.05975789576768875, 0.8940963745117188, 1) ), ( (1, 0.0000010549821354288724, -4.578448198344631e-8, 0), (1.7763568394002505e-15, 0.04335755109786987, 0.9990595579147339, 0), (0.0000010559753036432085, -0.9990596771240234, 0.043357543647289276, 0), (-0.0003437753766775131, -0.04505990818142891, 0.9991779327392578, 1) ), ( (1, -6.085142558731604e-7, -6.966722310153273e-9, 0), (-1.3455903058456897e-10, -0.01166912168264389, 0.9999318718910217, 0), (-6.085537052058498e-7, -0.9999319314956665, -0.01166912168264389, 0), (-0.0003437753766775131, -0.03803582116961479, 1.1610291004180908, 1) ), ( (1, -6.080539947106445e-7, -1.1003450595126196e-8, 0), (-5.157900773156143e-10, -0.018941227346658707, 0.9998205900192261, 0), (-6.081529591028811e-7, -0.9998205900192261, -0.018941225484013557, 0), (-0.0003437754639890045, -0.040559761226177216, 1.3773061037063599, 1) ), ( (1, 7.473491905329865e-7, 1.0658141036401503e-14, 0), (0, 1.862645149230957e-9, 0.9999999403953552, 0), (7.473494747500808e-7, -1, 1.862645149230957e-9, 0), (-0.00034377549309283495, -0.04308369383215904, 1.5105328559875488, 1) ), ( (0.9999998211860657, -0.0005502031999640167, 1.2050690306741885e-14, 0), (2.556980709523919e-19, 1.1102230246251565e-15, 0.9999999403953552, 0), (-0.0005502031999640167, -0.9999998211860657, 1.2212453270876722e-15, 0), (-0.0003437755221966654, -0.04308370128273964, 1.5872615575790405, 1) ), ( (0.9999998211860657, -0.0005502031417563558, 1.2050335399936985e-14, 0), (5.169878828456423e-26, 0, 0.9999999403953552, 0), (-0.0005502031417563558, -0.9999998211860657, 1.1102240834163406e-16, 0), (-0.0003437755221966654, -0.04308370128273964, 1.84153413772583, 1) ), ( (-0.4348364472389221, -0.5694243311882019, 0.6976196765899658, 0), (0.8249718546867371, 0.05868559330701828, 0.5621185302734375, 0), (-0.36102423071861267, 0.8199462890625, 0.44424036145210266, 0), (0.09839768707752228, -0.06368320435285568, 1.3952112197875977, 1) ), ( (0.020703226327896118, -0.9997856616973877, 1.4901161193847656e-7, 0), (0.9997856020927429, 0.020703107118606567, 4.470348358154297e-8, 0), (-8.940696716308594e-8, 5.960464477539063e-8, 1, 0), (0.1525433361530304, -0.05983147397637367, 1.4321049451828003, 1) ), ( (-0.12530601024627686, -0.9920694231987, 0.009831588715314865, 0), (0.9921172261238098, -0.1253121942281723, 3.197442310920451e-12, 0), (0.0012319752713665366, 0.009754002094268799, 0.9999516606330872, 0), (0.3344123363494873, -0.056065402925014496, 1.4321049451828003, 1) ), ( (-0.046471044421195984, -0.9984145164489746, -0.03176049143075943, 0), (0.9986447691917419, -0.04718046635389328, 0.02196010760962963, 0), (-0.023423800244927406, -0.03069702722132206, 0.9992542862892151, 0), (0.5678377151489258, -0.08554886281490326, 1.4321049451828003, 1) ), ( (-0.23081707954406738, -0.9710251688957214, -0.06191554665565491, 0), (0.9729471206665039, -0.2309812754392624, -0.004593247547745705, 0), (-0.009841205552220345, -0.0613008476793766, 0.9980708956718445, 0), (0.5958376526832581, -0.08687170594930649, 1.43272066116333, 1) ), ( (-0.09866683185100555, -0.9947112202644348, 0.028539299964904785, 0), (0.9823843836784363, -0.09279045462608337, 0.16220486164093018, 0), (-0.15869881212711334, 0.0440407395362854, 0.9863443970680237, 0), (0.7168406844139099, -0.11559824645519257, 1.4321494102478027, 1) ), ( (-0.06422079354524612, -0.9972177743911743, 0.03784779831767082, 0), (0.9895318150520325, -0.05872274562716484, 0.13182564079761505, 0), (-0.12923632562160492, 0.04591748118400574, 0.9905502200126648, 0), (0.7490173578262329, -0.11863748729228973, 1.4374622106552124, 1) ), ( (-0.060410868376493454, -0.9976310133934021, 0.03291001915931702, 0), (0.9882572889328003, -0.05514257401227951, 0.142500638961792, 0), (-0.14034827053546906, 0.041132088750600815, 0.9892475605010986, 0), (0.7782397270202637, -0.12037165462970734, 1.4413552284240723, 1) ), ( (-0.060410868376493454, -0.9976310133934021, 0.032910022884607315, 0), (0.9882572889328003, -0.05514257401227951, 0.1425006240606308, 0), (-0.14034825563430786, 0.04113209247589111, 0.9892475605010986, 0), (0.8045032620429993, -0.12183710187673569, 1.4451422691345215, 1) ), ( (-0.014582611620426178, -0.9998562335968018, 0.008634189143776894, 0), (0.9971802830696106, -0.0139069315046072, 0.07374078035354614, 0), (-0.07361014187335968, 0.009685093536973, 0.9972401261329651, 0), (0.5958376526832581, -0.08687170594930649, 1.43272066116333, 1) ), ( (0.004857969470322132, -0.9998089671134949, -0.01891901344060898, 0), (0.9955549836158752, 0.003055957378819585, 0.09413120150566101, 0), (-0.09405543655157089, -0.019292280077934265, 0.9953800439834595, 0), (0.7193667888641357, -0.0885944738984108, 1.4418556690216064, 1) ), ( (-0.00168978376314044, -0.9999693632125854, -0.0076069217175245285, 0), (0.9981437921524048, -0.0021498221904039383, 0.06086309999227524, 0), (-0.060877613723278046, -0.007490036077797413, 0.9981170892715454, 0), (0.7595808506011963, -0.08847101777791977, 1.4456579685211182, 1) ), ( (-0.008135478012263775, -0.9998387098312378, -0.015996765345335007, 0), (0.9926636815071106, -0.010005051270127296, 0.12049409002065659, 0), (-0.12063473463058472, -0.014899199828505516, 0.9925851225852966, 0), (0.7998775243759155, -0.08855780959129333, 1.4481148719787598, 1) ), ( (-0.008135479874908924, -0.9998387098312378, -0.015996765345335007, 0), (0.9926636815071106, -0.010005053132772446, 0.12049409002065659, 0), (-0.12063473463058472, -0.014899199828505516, 0.9925851225852966, 0), (0.8270408511161804, -0.0888315886259079, 1.4514120817184448, 1) ), ( (0.2051088511943817, -0.9757084250450134, 0.0769638940691948, 0), (0.9774777889251709, 0.20820070803165436, 0.034482572227716446, 0), (-0.049668919295072556, 0.06815774738788605, 0.9964373707771301, 0), (0.5958376526832581, -0.08687170594930649, 1.43272066116333, 1) ), ( (0.16837714612483978, -0.9736683368682861, -0.153685063123703, 0), (0.9829627275466919, 0.15419405698776245, 0.1000388115644455, 0), (-0.07370728999376297, -0.1679110825061798, 0.9830427765846252, 0), (0.7159725427627563, -0.061283186078071594, 1.43695867061615, 1) ), ( (0.1419387012720108, -0.979759693145752, -0.1411541849374771, 0), (0.9846358299255371, 0.12509237229824066, 0.12183358520269394, 0), (-0.10171029716730118, -0.15627850592136383, 0.9824622273445129, 0), (0.7493331432342529, -0.05605003610253334, 1.4403538703918457, 1) ), ( (0.16029991209506989, -0.976322591304779, -0.1452525407075882, 0), (0.9819599986076355, 0.14278259873390198, 0.1239640861749649, 0), (-0.10028936713933945, -0.16250373423099518, 0.9815979599952698, 0), (0.7820009589195251, -0.05189979448914528, 1.4443962574005127, 1) ), ( (0.1602998822927475, -0.976322591304779, -0.1452525407075882, 0), (0.9819599986076355, 0.1427825689315796, 0.1239640861749649, 0), (-0.10028937458992004, -0.16250373423099518, 0.9815979599952698, 0), (0.8129379749298096, -0.04740137606859207, 1.4483017921447754, 1) ), ( (0.39197200536727905, -0.9109264016151428, 0.12872815132141113, 0), (0.9162623286247253, 0.39911022782325745, 0.03426520153880119, 0), (-0.08258983492851257, 0.10451767593622208, 0.9910879135131836, 0), (0.5958376526832581, -0.08687170594930649, 1.43272066116333, 1) ), ( (0.2884691655635834, -0.9288646578788757, -0.23236997425556183, 0), (0.9569374322891235, 0.2714471220970154, 0.10289282351732254, 0), (-0.03249736875295639, -0.2520449757575989, 0.9671698808670044, 0), (0.7053253650665283, -0.039180416613817215, 1.4368151426315308, 1) ), ( (0.31655824184417725, -0.9257417917251587, -0.2068644016981125, 0), (0.9472082853317261, 0.2968008518218994, 0.12126557528972626, 0), (-0.050863102078437805, -0.23433132469654083, 0.9708254337310791, 0), (0.7307453751564026, -0.03196978196501732, 1.439548373222351, 1) ), ( (0.3188682198524475, -0.9246228933334351, -0.2083156853914261, 0), (0.9448366761207581, 0.29273539781570435, 0.14693285524845123, 0), (-0.07487612962722778, -0.2436765432357788, 0.9669619798660278, 0), (0.7568724155426025, -0.023783041164278984, 1.4428932666778564, 1) ), ( (0.3188682198524475, -0.9246228933334351, -0.2083156555891037, 0), (0.9448366165161133, 0.29273536801338196, 0.14693287014961243, 0), (-0.07487616688013077, -0.24367652833461761, 0.9669619798660278, 0), (0.777687668800354, -0.017333924770355225, 1.4461302757263184, 1) ), ( (-0.7727516889572144, -0.5639767050743103, -0.29117849469184875, 0), (0.6330065727233887, -0.7183668613433838, -0.28853362798690796, 0), (-0.04644668847322464, -0.40728282928466797, 0.9121204018592834, 0), (0.5958376526832581, -0.08687170594930649, 1.43272066116333, 1) ), ( (-0.6499578952789307, -0.7536875605583191, -0.0975172370672226, 0), (0.7566872835159302, -0.6298867464065552, -0.17511895298957825, 0), (0.07056017965078354, -0.18761011958122253, 0.9797060489654541, 0), (0.6479401588439941, -0.14600038528442383, 1.4089716672897339, 1) ), ( (-0.5363012552261353, -0.8399322628974915, -0.08303414285182953, 0), (0.8422547578811646, -0.5262084007263184, -0.11709481477737427, 0), (0.05465847998857498, -0.13273411989212036, 0.9896435737609863, 0), (0.6722148656845093, -0.16620714962482452, 1.4033535718917847, 1) ), ( (-0.53630131483078, -0.8399322628974915, -0.08303410559892654, 0), (0.8422547578811646, -0.5262084603309631, -0.11709482222795486, 0), (0.054658494889736176, -0.13273409008979797, 0.9896435737609863, 0), (0.7000327110290527, -0.18358667194843292, 1.3994861841201782, 1) ), ( (-0.43483611941337585, 0.5694240927696228, -0.6976200342178345, 0), (-0.8249722123146057, 0.05868568643927574, 0.562117874622345, 0), (0.36102384328842163, 0.8199464082717896, 0.44424042105674744, 0), (-0.09839768707752228, -0.06368320435285568, 1.3952112197875977, 1) ), ( (0.020703017711639404, 0.9997855424880981, -8.940696716308594e-8, 0), (-0.9997854828834534, 0.020703136920928955, -7.450580596923828e-8, 0), (1.043081283569336e-7, 0, 0.9999997615814209, 0), (-0.1525433361530304, -0.05983143672347069, 1.4321050643920898, 1) ), ( (-0.12530624866485596, 0.9920693039894104, -0.00983157753944397, 0), (-0.9921171069145203, -0.1253121942281723, 1.13473674900888e-10, 0), (-0.0012318409280851483, 0.00975398812443018, 0.9999514222145081, 0), (-0.3344123065471649, -0.056065402925014496, 1.4321050643920898, 1) ), ( (-0.04647118225693703, 0.9984143972396851, 0.031760457903146744, 0), (-0.9986447095870972, -0.04718036949634552, 0.02196005918085575, 0), (0.023423897102475166, -0.03069700300693512, 0.999254047870636, 0), (-0.5678377151489258, -0.08554884791374207, 1.4321048259735107, 1) ), ( (-0.23081719875335693, 0.9710251092910767, 0.06191549450159073, 0), (-0.9729471206665039, -0.23098115622997284, -0.004593247547745705, 0), (0.009841342456638813, -0.06130080670118332, 0.9980706572532654, 0), (-0.5958377122879028, -0.0868716835975647, 1.43272066116333, 1) ), ( (-0.09866715967655182, 0.9947110414505005, -0.028539590537548065, 0), (-0.9823845028877258, -0.09279052913188934, 0.1622045636177063, 0), (0.1586986482143402, 0.04404102638363838, 0.9863441586494446, 0), (-0.7168406248092651, -0.11559823155403137, 1.4321494102478027, 1) ), ( (-0.06422101706266403, 0.9972176551818848, -0.037847742438316345, 0), (-0.9895318746566772, -0.058722756803035736, 0.13182562589645386, 0), (0.12923647463321686, 0.04591743275523186, 0.9905499219894409, 0), (-0.7490174174308777, -0.11863747239112854, 1.4374622106552124, 1) ), ( (-0.060411080718040466, 0.9976308941841125, -0.03290997073054314, 0), (-0.9882572889328003, -0.05514257401227951, 0.142500638961792, 0), (0.14034844934940338, 0.04113204404711723, 0.9892472624778748, 0), (-0.7782397866249084, -0.12037165462970734, 1.4413552284240723, 1) ), ( (-0.06041107326745987, 0.9976308941841125, -0.032909974455833435, 0), (-0.9882572889328003, -0.055142566561698914, 0.14250065386295319, 0), (0.14034846425056458, 0.04113204777240753, 0.9892472624778748, 0), (-0.804503321647644, -0.12183710187673569, 1.4451422691345215, 1) ), ( (-0.01458284817636013, 0.9998561143875122, -0.008634110912680626, 0), (-0.9971802234649658, -0.01390693336725235, 0.07374081760644913, 0), (0.0736103281378746, 0.00968502089381218, 0.997239887714386, 0), (-0.5958377122879028, -0.0868716835975647, 1.43272066116333, 1) ), ( (0.004857739433646202, 0.9998088479042053, 0.01891905441880226, 0), (-0.9955549240112305, 0.0030559594742953777, 0.09413120150566101, 0), (0.09405560046434402, -0.0192923191934824, 0.9953798055648804, 0), (-0.7193666696548462, -0.0885944589972496, 1.4418556690216064, 1) ), ( (-0.0016900255577638745, 0.9999692440032959, 0.00760677270591259, 0), (-0.9981436133384705, -0.0021498152054846287, 0.06086291745305061, 0), (0.06087760627269745, -0.0074898842722177505, 0.9981168508529663, 0), (-0.7595808506011963, -0.08847102522850037, 1.4456576108932495, 1) ), ( (-0.008135708048939705, 0.9998385906219482, 0.01599680632352829, 0), (-0.9926634430885315, -0.010005050338804722, 0.1204940676689148, 0), (0.12063489854335785, -0.01489923894405365, 0.9925848841667175, 0), (-0.7998775839805603, -0.08855780959129333, 1.4481148719787598, 1) ), ( (-0.00813570711761713, 0.9998385906219482, 0.01599680818617344, 0), (-0.9926633834838867, -0.010005048476159573, 0.1204940527677536, 0), (0.12063489109277725, -0.0148992408066988, 0.9925848841667175, 0), (-0.8270409107208252, -0.0888315886259079, 1.4514120817184448, 1) ), ( (0.20510858297348022, 0.9757081866264343, -0.07696379721164703, 0), (-0.9774777293205261, 0.20820069313049316, 0.03448259085416794, 0), (0.049669049680233, 0.06815765798091888, 0.9964371919631958, 0), (-0.5958377122879028, -0.0868716835975647, 1.43272066116333, 1) ), ( (0.16837678849697113, 0.9736680388450623, 0.153685063123703, 0), (-0.9829626083374023, 0.1541939377784729, 0.1000388115644455, 0), (0.07370750606060028, -0.16791103780269623, 0.9830425977706909, 0), (-0.7159725427627563, -0.06128315627574921, 1.43695867061615, 1) ), ( (0.1419384479522705, 0.9797592759132385, 0.14115431904792786, 0), (-0.9846357107162476, 0.12509235739707947, 0.12183357775211334, 0), (0.10171046853065491, -0.156278595328331, 0.9824620485305786, 0), (-0.7493331432342529, -0.05605006590485573, 1.4403538703918457, 1) ), ( (0.1602996289730072, 0.9763221740722656, 0.14525260031223297, 0), (-0.981959879398346, 0.1427825689315796, 0.12396406382322311, 0), (0.10028953850269318, -0.16250374913215637, 0.9815977811813354, 0), (-0.7820009589195251, -0.051899801939725876, 1.4443960189819336, 1) ), ( (0.1602996289730072, 0.9763221740722656, 0.14525260031223297, 0), (-0.981959879398346, 0.1427825689315796, 0.12396407872438431, 0), (0.10028955340385437, -0.16250374913215637, 0.9815977811813354, 0), (-0.8129379749298096, -0.04740138351917267, 1.4483015537261963, 1) ), ( (0.39197176694869995, 0.9109262228012085, -0.12872807681560516, 0), (-0.9162622094154358, 0.39911016821861267, 0.0342651829123497, 0), (0.08258992433547974, 0.1045176237821579, 0.9910876750946045, 0), (-0.5958377122879028, -0.0868716835975647, 1.43272066116333, 1) ), ( (0.2884683310985565, 0.9288647174835205, 0.2323697954416275, 0), (-0.9569373726844788, 0.27144649624824524, 0.10289259254932404, 0), (0.03249753266572952, -0.2520447373390198, 0.9671696424484253, 0), (-0.7053254842758179, -0.03918039798736572, 1.4368151426315308, 1) ), ( (0.31655818223953247, 0.9257414937019348, 0.2068648636341095, 0), (-0.9472079277038574, 0.2968008518218994, 0.12126609683036804, 0), (0.0508635938167572, -0.23433198034763336, 0.9708250164985657, 0), (-0.7307454943656921, -0.03196975216269493, 1.439548373222351, 1) ), ( (0.3188680112361908, 0.9246227145195007, 0.20831561088562012, 0), (-0.9448363184928894, 0.29273536801338196, 0.14693282544612885, 0), (0.07487628608942032, -0.24367649853229523, 0.9669617414474487, 0), (-0.7568723559379578, -0.023783110082149506, 1.4428935050964355, 1) ), ( (0.3188680410385132, 0.9246227145195007, 0.20831559598445892, 0), (-0.9448363184928894, 0.29273539781570435, 0.14693278074264526, 0), (0.07487624883651733, -0.24367646872997284, 0.9669617414474487, 0), (-0.7776876091957092, -0.017333991825580597, 1.4461305141448975, 1) ), ( (-0.7727513313293457, 0.5639762878417969, 0.29117971658706665, 0), (-0.6330065727233887, -0.718366801738739, -0.2885330319404602, 0), (0.04644830524921417, -0.4072831869125366, 0.9121198654174805, 0), (-0.5958377122879028, -0.0868716835975647, 1.43272066116333, 1) ), ( (-0.6499575972557068, 0.7536879181861877, 0.09751540422439575, 0), (-0.7566871643066406, -0.6298864483833313, -0.17511975765228271, 0), (-0.07056179642677307, -0.1876092553138733, 0.9797057509422302, 0), (-0.6479403972625732, -0.14600028097629547, 1.4089714288711548, 1) ), ( (-0.5363011360168457, 0.8399322032928467, 0.08303403854370117, 0), (-0.842254638671875, -0.5262083411216736, -0.11709478497505188, 0), (-0.05465827137231827, -0.1327340304851532, 0.9896432161331177, 0), (-0.6722148656845093, -0.1662072241306305, 1.4033539295196533, 1) ), ( (-0.5363011956214905, 0.8399321436882019, 0.08303404599428177, 0), (-0.8422545790672302, -0.5262084007263184, -0.11709481477737427, 0), (-0.05465828254818916, -0.13273406028747559, 0.9896432161331177, 0), (-0.7000327110290527, -0.1835867464542389, 1.3994865417480469, 1) ), ( (-3.045610128538101e-7, 0.9952089786529541, -0.09777035564184189, 0), (2.8755664516211255e-9, -0.09777035564184189, -0.9952087998390198, 0), (-1.0000228881835938, -8.38352320897684e-8, 0.0000022649762740911683, 0), (0.12059149146080017, -0.04506383091211319, 0.9641506671905518, 1) ), ( (1.0000228881835938, -4.346329092186352e-7, -0.000002258503172924975, 0), (2.8045334943271882e-9, 0.049500785768032074, -0.9987738132476807, 0), (2.1578705400315812e-7, 0.9987740516662598, 0.04950074851512909, 0), (0.12059149891138077, -0.08739636838436127, 0.5332459807395935, 1) ), ( (1.0000228881835938, -7.235888119794254e-7, -0.0000022756321413908154, 0), (6.546200959230662e-16, 0.049500785768032074, -0.9987738132476807, 0), (5.052432356933423e-7, 0.9987740516662598, 0.04950074851512909, 0), (0.12059149891138077, -0.062095485627651215, 0.02275186777114868, 1) ), ( (-1.4048964658286422e-7, -0.9952089786529541, 0.09777035564184189, 0), (2.875573557048483e-9, -0.09777036309242249, -0.9952088594436646, 0), (1.0000228881835938, 8.010994179130648e-8, 0.0000022575256934942445, 0), (-0.12059150636196136, -0.04506383091211319, 0.9641506671905518, 1) ), ( (1.0000228881835938, 4.798414465767564e-7, 0.000002247945303679444, 0), (-6.318707335140061e-9, 0.04950079321861267, -0.9987738728523254, 0), (-2.6107119310836424e-7, 0.9987740516662598, 0.04950077831745148, 0), (-0.12059151381254196, -0.08739637583494186, 0.5332459211349487, 1) ), ( (1.0000228881835938, 7.682298246436403e-7, 0.000002268564458063338, 0), (1.2948736660277523e-15, 0.049500785768032074, -0.9987738728523254, 0), (-5.501332793755864e-7, 0.9987740516662598, 0.04950077086687088, 0), (-0.12059152126312256, -0.06209547817707062, 0.02275174856185913, 1) ), ( (1, 3.4199086940134293e-7, 0.000050794798880815506, 0), (7.035991700377053e-8, -0.9999856948852539, 0.0053475177846848965, 0), (0.00005079589755041525, -0.005347490310668945, -0.9999856948852539, 0), (0.12059149891138077, -0.06209547817707062, 0.02275174856185913, 1) ), ( (1, 3.136472912501631e-7, 0.00005079495531390421, 0), (4.201381642587876e-8, -0.9999856948852539, 0.005347559228539467, 0), (0.000050795901188394055, -0.005347531754523516, -0.9999856948852539, 0), (0.12059150636196136, -0.23942941427230835, 0.023700058460235596, 1) ), ( (1, 0.0000679470322211273, -3.620782251800847e-7, 0), (-1.2749475919449083e-9, 0.005347518250346184, 0.9999856948852539, 0), (0.00006794799992348999, -0.9999856948852539, 0.005347518250346184, 0), (0.12059149891138077, -0.7577316761016846, 0.4668584167957306, 1) ), ( (1, 0.00006794702494516969, -3.6335308095658547e-7, 0), (-1.3360826659446212e-14, 0.005347517319023609, 0.9999856948852539, 0), (0.00006794799992348999, -0.9999856948852539, 0.005347517319023609, 0), (0.12059149891138077, -0.7567833662033081, 0.6441923379898071, 1) ), ( (1, -2.5594090402591974e-7, -0.0000610184324614238, 0), (7.035993121462525e-8, -0.9999856948852539, 0.005347518250346184, 0), (-0.00006101893450249918, -0.005347490310668945, -0.9999856948852539, 0), (-0.12059149891138077, -0.06209547817707062, 0.02275174856185913, 1) ), ( (1, -2.8428905807231786e-7, -0.000061018276028335094, 0), (4.201384840030187e-8, -0.9999856948852539, 0.005347559228539467, 0), (-0.00006101893086452037, -0.005347531288862228, -0.9999856948852539, 0), (-0.12059148401021957, -0.23942939937114716, 0.023700058460235596, 1) ), ( (1, -0.00006794956425437704, 3.6464169284045056e-7, 0), (-1.2749191702354778e-9, 0.005347518250346184, 0.9999856948852539, 0), (-0.00006795053923269734, -0.9999856948852539, 0.005347518250346184, 0), (-0.12059149891138077, -0.7577316761016846, 0.4668584167957306, 1) ), ( (1, -0.00006794957153033465, 3.6336669495540264e-7, 0), (4.1557991043664894e-14, 0.005347517319023609, 0.9999856948852539, 0), (-0.00006795053923269734, -0.9999856948852539, 0.005347517319023609, 0), (-0.12059149891138077, -0.7567833662033081, 0.6441923379898071, 1) )]
            uniform token[] joints = ["Root", "Root/Body", "Root/Body/Hips", "Root/Body/Hips/Abdomen", "Root/Body/Hips/Abdomen/Torso", "Root/Body/Hips/Abdomen/Torso/Chest", "Root/Body/Hips/Abdomen/Torso/Chest/Neck", "Root/Body/Hips/Abdomen/Torso/Chest/Neck/Head", "Root/Body/Hips/Abdomen/Torso/Chest/Neck/Head/Head_end", "Root/Body/Hips/Abdomen/Torso/Chest/Shoulder_L", "Root/Body/Hips/Abdomen/Torso/Chest/Shoulder_L/UpperArm_L", "Root/Body/Hips/Abdomen/Torso/Chest/Shoulder_L/UpperArm_L/LowerArm_L", "Root/Body/Hips/Abdomen/Torso/Chest/Shoulder_L/UpperArm_L/LowerArm_L/Wrist_L", "Root/Body/Hips/Abdomen/Torso/Chest/Shoulder_L/UpperArm_L/LowerArm_L/Wrist_L/Index1_L", "Root/Body/Hips/Abdomen/Torso/Chest/Shoulder_L/UpperArm_L/LowerArm_L/Wrist_L/Index1_L/Index2_L", "Root/Body/Hips/Abdomen/Torso/Chest/Shoulder_L/UpperArm_L/LowerArm_L/Wrist_L/Index1_L/Index2_L/Index3_L", "Root/Body/Hips/Abdomen/Torso/Chest/Shoulder_L/UpperArm_L/LowerArm_L/Wrist_L/Index1_L/Index2_L/Index3_L/Index4_L", "Root/Body/Hips/Abdomen/Torso/Chest/Shoulder_L/UpperArm_L/LowerArm_L/Wrist_L/Index1_L/Index2_L/Index3_L/Index4_L/Index4_L_end", "Root/Body/Hips/Abdomen/Torso/Chest/Shoulder_L/UpperArm_L/LowerArm_L/Wrist_L/Middle1_L", "Root/Body/Hips/Abdomen/Torso/Chest/Shoulder_L/UpperArm_L/LowerArm_L/Wrist_L/Middle1_L/Middle2_L", "Root/Body/Hips/Abdomen/Torso/Chest/Shoulder_L/UpperArm_L/LowerArm_L/Wrist_L/Middle1_L/Middle2_L/Middle3_L", "Root/Body/Hips/Abdomen/Torso/Chest/Shoulder_L/UpperArm_L/LowerArm_L/Wrist_L/Middle1_L/Middle2_L/Middle3_L/Middle4_L", "Root/Body/Hips/Abdomen/Torso/Chest/Shoulder_L/UpperArm_L/LowerArm_L/Wrist_L/Middle1_L/Middle2_L/Middle3_L/Middle4_L/Middle4_L_end", "Root/Body/Hips/Abdomen/Torso/Chest/Shoulder_L/UpperArm_L/LowerArm_L/Wrist_L/Ring1_L", "Root/Body/Hips/Abdomen/Torso/Chest/Shoulder_L/UpperArm_L/LowerArm_L/Wrist_L/Ring1_L/Ring2_L", "Root/Body/Hips/Abdomen/Torso/Chest/Shoulder_L/UpperArm_L/LowerArm_L/Wrist_L/Ring1_L/Ring2_L/Ring3_L", "Root/Body/Hips/Abdomen/Torso/Chest/Shoulder_L/UpperArm_L/LowerArm_L/Wrist_L/Ring1_L/Ring2_L/Ring3_L/Ring4_L", "Root/Body/Hips/Abdomen/Torso/Chest/Shoulder_L/UpperArm_L/LowerArm_L/Wrist_L/Ring1_L/Ring2_L/Ring3_L/Ring4_L/Ring4_L_end", "Root/Body/Hips/Abdomen/Torso/Chest/Shoulder_L/UpperArm_L/LowerArm_L/Wrist_L/Pinky1_L", "Root/Body/Hips/Abdomen/Torso/Chest/Shoulder_L/UpperArm_L/LowerArm_L/Wrist_L/Pinky1_L/Pinky2_L", "Root/Body/Hips/Abdomen/Torso/Chest/Shoulder_L/UpperArm_L/LowerArm_L/Wrist_L/Pinky1_L/Pinky2_L/Pinky3_L", "Root/Body/Hips/Abdomen/Torso/Chest/Shoulder_L/UpperArm_L/LowerArm_L/Wrist_L/Pinky1_L/Pinky2_L/Pinky3_L/Pinky4_L", "Root/Body/Hips/Abdomen/Torso/Chest/Shoulder_L/UpperArm_L/LowerArm_L/Wrist_L/Pinky1_L/Pinky2_L/Pinky3_L/Pinky4_L/Pinky4_L_end", "Root/Body/Hips/Abdomen/Torso/Chest/Shoulder_L/UpperArm_L/LowerArm_L/Wrist_L/Thumb1_L", "Root/Body/Hips/Abdomen/Torso/Chest/Shoulder_L/UpperArm_L/LowerArm_L/Wrist_L/Thumb1_L/Thumb2_L", "Root/Body/Hips/Abdomen/Torso/Chest/Shoulder_L/UpperArm_L/LowerArm_L/Wrist_L/Thumb1_L/Thumb2_L/Thumb3_L", "Root/Body/Hips/Abdomen/Torso/Chest/Shoulder_L/UpperArm_L/LowerArm_L/Wrist_L/Thumb1_L/Thumb2_L/Thumb3_L/Thumb3_L_end", "Root/Body/Hips/Abdomen/Torso/Chest/Shoulder_R", "Root/Body/Hips/Abdomen/Torso/Chest/Shoulder_R/UpperArm_R", "Root/Body/Hips/Abdomen/Torso/Chest/Shoulder_R/UpperArm_R/LowerArm_R", "Root/Body/Hips/Abdomen/Torso/Chest/Shoulder_R/UpperArm_R/LowerArm_R/Wrist_R", "Root/Body/Hips/Abdomen/Torso/Chest/Shoulder_R/UpperArm_R/LowerArm_R/Wrist_R/Index1_R", "Root/Body/Hips/Abdomen/Torso/Chest/Shoulder_R/UpperArm_R/LowerArm_R/Wrist_R/Index1_R/Index2_R", "Root/Body/Hips/Abdomen/Torso/Chest/Shoulder_R/UpperArm_R/LowerArm_R/Wrist_R/Index1_R/Index2_R/Index3_R", "Root/Body/Hips/Abdomen/Torso/Chest/Shoulder_R/UpperArm_R/LowerArm_R/Wrist_R/Index1_R/Index2_R/Index3_R/Index4_R", "Root/Body/Hips/Abdomen/Torso/Chest/Shoulder_R/UpperArm_R/LowerArm_R/Wrist_R/Index1_R/Index2_R/Index3_R/Index4_R/Index4_R_end", "Root/Body/Hips/Abdomen/Torso/Chest/Shoulder_R/UpperArm_R/LowerArm_R/Wrist_R/Middle1_R", "Root/Body/Hips/Abdomen/Torso/Chest/Shoulder_R/UpperArm_R/LowerArm_R/Wrist_R/Middle1_R/Middle2_R", "Root/Body/Hips/Abdomen/Torso/Chest/Shoulder_R/UpperArm_R/LowerArm_R/Wrist_R/Middle1_R/Middle2_R/Middle3_R", "Root/Body/Hips/Abdomen/Torso/Chest/Shoulder_R/UpperArm_R/LowerArm_R/Wrist_R/Middle1_R/Middle2_R/Middle3_R/Middle4_R", "Root/Body/Hips/Abdomen/Torso/Chest/Shoulder_R/UpperArm_R/LowerArm_R/Wrist_R/Middle1_R/Middle2_R/Middle3_R/Middle4_R/Middle4_R_end", "Root/Body/Hips/Abdomen/Torso/Chest/Shoulder_R/UpperArm_R/LowerArm_R/Wrist_R/Ring1_R", "Root/Body/Hips/Abdomen/Torso/Chest/Shoulder_R/UpperArm_R/LowerArm_R/Wrist_R/Ring1_R/Ring2_R", "Root/Body/Hips/Abdomen/Torso/Chest/Shoulder_R/UpperArm_R/LowerArm_R/Wrist_R/Ring1_R/Ring2_R/Ring3_R", "Root/Body/Hips/Abdomen/Torso/Chest/Shoulder_R/UpperArm_R/LowerArm_R/Wrist_R/Ring1_R/Ring2_R/Ring3_R/Ring4_R", "Root/Body/Hips/Abdomen/Torso/Chest/Shoulder_R/UpperArm_R/LowerArm_R/Wrist_R/Ring1_R/Ring2_R/Ring3_R/Ring4_R/Ring4_R_end", "Root/Body/Hips/Abdomen/Torso/Chest/Shoulder_R/UpperArm_R/LowerArm_R/Wrist_R/Pinky1_R", "Root/Body/Hips/Abdomen/Torso/Chest/Shoulder_R/UpperArm_R/LowerArm_R/Wrist_R/Pinky1_R/Pinky2_R", "Root/Body/Hips/Abdomen/Torso/Chest/Shoulder_R/UpperArm_R/LowerArm_R/Wrist_R/Pinky1_R/Pinky2_R/Pinky3_R", "Root/Body/Hips/Abdomen/Torso/Chest/Shoulder_R/UpperArm_R/LowerArm_R/Wrist_R/Pinky1_R/Pinky2_R/Pinky3_R/Pinky4_R", "Root/Body/Hips/Abdomen/Torso/Chest/Shoulder_R/UpperArm_R/LowerArm_R/Wrist_R/Pinky1_R/Pinky2_R/Pinky3_R/Pinky4_R/Pinky4_R_end", "Root/Body/Hips/Abdomen/Torso/Chest/Shoulder_R/UpperArm_R/LowerArm_R/Wrist_R/Thumb1_R", "Root/Body/Hips/Abdomen/Torso/Chest/Shoulder_R/UpperArm_R/LowerArm_R/Wrist_R/Thumb1_R/Thumb2_R", "Root/Body/Hips/Abdomen/Torso/Chest/Shoulder_R/UpperArm_R/LowerArm_R/Wrist_R/Thumb1_R/Thumb2_R/Thumb3_R", "Root/Body/Hips/Abdomen/Torso/Chest/Shoulder_R/UpperArm_R/LowerArm_R/Wrist_R/Thumb1_R/Thumb2_R/Thumb3_R/Thumb3_R_end", "Root/Body/UpperLeg_L", "Root/Body/UpperLeg_L/LowerLeg_L", "Root/Body/UpperLeg_L/LowerLeg_L/LowerLeg_L_end", "Root/Body/UpperLeg_R", "Root/Body/UpperLeg_R/LowerLeg_R", "Root/Body/UpperLeg_R/LowerLeg_R/LowerLeg_R_end", "Root/Foot_L", "Root/Foot_L/Foot_L_end", "Root/PT_L", "Root/PT_L/PT_L_end", "Root/Foot_R", "Root/Foot_R/Foot_R_end", "Root/PT_R", "Root/PT_R/PT_R_end"]
            float[] primvars:blender:bone_lengths = [0.55779797, 0.119228125, 0.10610451, 0.16200355, 0.2162916, 0.112851486, 0.0767287, 0.2542726, 0.25427246, 0.06563336, 0.18190801, 0.23528004, 0.028037932, 0.12436748, 0.03275365, 0.02953157, 0.026575604, 0.026575604, 0.1238784, 0.04039362, 0.040371615, 0.02736408, 0.02736408, 0.122902945, 0.033938825, 0.03317762, 0.031505376, 0.031505372, 0.11949387, 0.02656386, 0.027583206, 0.022030532, 0.022030529, 0.08230969, 0.032080233, 0.03302783, 0.033027828, 0.06563342, 0.181908, 0.23528007, 0.028037995, 0.12436744, 0.03275371, 0.029531568, 0.026575604, 0.026575604, 0.12387834, 0.04039362, 0.040371746, 0.027364083, 0.027364084, 0.122902885, 0.03393883, 0.03317762, 0.03150538, 0.031505376, 0.11949393, 0.026563922, 0.027583089, 0.022030538, 0.022030542, 0.08230987, 0.032080084, 0.03302783, 0.03302783, 0.43297923, 0.51112086, 0.5111208, 0.43297923, 0.51112086, 0.5111208, 0.17733647, 0.17733648, 0.17733645, 0.17733648, 0.17733645, 0.17733648, 0.17733645, 0.17733648] (
                interpolation = "uniform"
            )
            uniform matrix4d[] restTransforms = [( (1, 2.384185791015625e-7, -6.616991305403719e-24, 0), (3.884331821035064e-14, -1.6292068494294654e-7, 1, 0), (2.384185791015625e-7, -1, -1.6292068494294654e-7, 0), (0, -0.07228865474462509, 0, 1) ), ( (1, -6.776263578034403e-21, -4.768370445162873e-7, 0), (0, 0.9999999403953552, 0, 0), (4.768370445162873e-7, 0, 1, 0), (0.00045321942889131606, 0.8654014468193054, -0.04560568183660507, 1) ), ( (1, -2.4583510338516135e-8, 5.370872599996801e-7, 0), (9.874585060742902e-8, 0.9903591871261597, -0.13852375745773315, 0), (-5.285038469082792e-7, 0.13852375745773315, 0.9903591275215149, 0), (-0.0007970075821503997, 0.028694987297058105, 0.03307492285966873, 1) ), ( (1, 1.0046294818266688e-7, -8.712972885405179e-7, 0), (-1.6835457472552662e-8, 0.9954336881637573, 0.09545393288135529, 0), (8.769084729465249e-7, -0.09545393288135529, 0.9954337477684021, 0), (0, 0.10610455274581909, 1.4901161193847656e-8, 1) ), ( (1, -3.3343869887403343e-8, 0.0000016636150803606142, 0), (-5.822666793164899e-8, 0.9984856843948364, 0.05501275882124901, 0), (-0.0000016629300034765038, -0.05501275137066841, 0.9984856247901917, 0), (0, 0.1620035171508789, -7.450580596923828e-9, 1) ), ( (1, -4.041826873191212e-9, -4.1314307530626593e-10, 0), (4.044724111196274e-9, 0.9999735355377197, 0.00727290753275156, 0), (3.836647943789018e-10, -0.007272906601428986, 0.9999734163284302, 0), (-5.820766091346741e-11, 0.2162916660308838, 3.725290298461914e-9, 1) ), ( (1, -1.4671503123508955e-8, -0.0000013553683402278693, 0), (-1.1003466582337751e-8, 0.9998202323913574, -0.01894122175872326, 0), (0.0000013554029010265367, 0.018941225484013557, 0.9998205304145813, 0), (2.9103830456733704e-11, 0.13325071334838867, 9.313225746154785e-10, 1) ), ( (0.9999997615814209, -1.0252840243474282e-12, 0.0005509505863301456, 0), (-9.335793856729557e-16, 1.0000001192092896, 1.862645149230957e-9, 0), (-0.0005509505863301456, -1.8626593600856722e-9, 0.9999997615814209, 0), (-2.9103830456733704e-11, 0.0767287015914917, 7.450580596923828e-9, 1) ), ( (1, -6.938893903907228e-18, -5.820764356623265e-11, 0), (6.938893903907228e-18, 1, 1.4210854715202004e-14, 0), (5.820767479125522e-11, 0, 1.0000001192092896, 0), (0, 0.2542726993560791, 7.450580596923828e-9, 1) ), ( (-0.4348360300064087, 0.7082799673080444, 0.5561087727546692, 0), (0.8249716758728027, 0.5609061121940613, -0.06932257860898972, 0), (-0.3610247075557709, 0.42863011360168457, -0.8282132744789124, 0), (0.09874147176742554, 0.018339872360229492, 0.02278009057044983, 1) ), ( (0.5602997541427612, -0.041593510657548904, -0.8272448778152466, 0), (-0.44653213024139404, 0.8260101079940796, -0.343971312046051, 0), (0.6976196765899658, 0.5621184706687927, 0.444240540266037, 0), (5.960464477539063e-8, 0.06563329696655273, 0, 1) ), ( (0.9892623424530029, -0.14581820368766785, 0.009831479750573635, 0), (0.14582525193691254, 0.9893102049827576, -9.880793072625238e-8, 0), (-0.009726369753479958, 0.0014337761094793677, 0.9999516010284424, 0), (-1.4901161193847656e-8, 0.18190796673297882, 0, 1) ), ( (0.9960073828697205, 0.07900868356227875, -0.04155483841896057, 0), (-0.07811415195465088, 0.9966850876808167, 0.022729191929101944, 0), (0.043212890625, -0.019392425194382668, 0.9988775849342346, 0), (-1.30385160446167e-8, 0.2352800965309143, 0, 1) ), ( (0.9821785688400269, -0.18605069816112518, -0.02665526047348976, 0), (0.18554694950580597, 0.9824258685112, -0.020289497449994087, 0), (0.029961686581373215, 0.014982106164097786, 0.9994388222694397, 0), (9.313225746154785e-10, 0.0280379056930542, 1.1920928955078125e-7, 1.0000001192092896) ), ( (0.9868966937065125, 0.13363082706928253, 0.09043180197477341, 0), (-0.1466924399137497, 0.9764963388442993, 0.1579122245311737, 0), (-0.06720437854528427, -0.16910870373249054, 0.9833035469055176, 0), (-2.9802322387695312e-8, 0.12436753511428833, 1.1920928955078125e-7, 1) ), ( (0.9993600845336914, 0.03558174520730972, 0.0036044493317604065, 0), (-0.035459741950035095, 0.9989327788352966, -0.029598325490951538, 0), (-0.0046537648886442184, 0.029451578855514526, 0.9995553493499756, 0), (1.4901161193847656e-8, 0.03275376558303833, 0, 1) ), ( (0.9999807476997375, 0.0031433822587132454, -0.005402464419603348, 0), (-0.0030843266285955906, 0.9999359846115112, 0.010903239250183105, 0), (0.005436398088932037, -0.010886341333389282, 0.9999260902404785, 0), (0, 0.02953159809112549, 0, 1) ), ( (0.9999999403953552, 0, 3.725290298461914e-9, 0), (-3.725290298461914e-9, 1, -1.4901161193847656e-8, 0), (-7.450580596923828e-9, 1.4901161193847656e-8, 1, 0), (-7.450580596923828e-9, 0.02657562494277954, 0, 1) ), ( (0.9986745119094849, 0.03280032426118851, 0.03966186195611954, 0), (-0.03479732200503349, 0.9981046915054321, 0.05075496807694435, 0), (-0.03792191669344902, -0.052067823708057404, 0.9979232549667358, 0), (9.313225746154785e-10, 0.0280379056930542, 1.1920928955078125e-7, 1.0000001192092896) ), ( (0.9994313716888428, 0.017353316769003868, -0.02890772745013237, 0), (-0.016760701313614845, 0.9996469616889954, 0.02061806619167328, 0), (0.02925531193614006, -0.02012183517217636, 0.9993694424629211, 0), (-1.4901161193847656e-8, 0.12387841939926147, 1.1920928955078125e-7, 1) ), ( (0.9999144077301025, -0.005454319529235363, 0.01187877170741558, 0), (0.005846767220646143, 0.9994297027587891, -0.03325747326016426, 0), (-0.011690601706504822, 0.033324070274829865, 0.9993759989738464, 0), (-1.4901161193847656e-8, 0.0403936505317688, 0, 0.9999999403953552) ), ( (0.9999439716339111, -0.006944642867892981, -0.007982623763382435, 0), (0.007410640362650156, 0.998176097869873, 0.059911176562309265, 0), (0.007552001625299454, -0.059966977685689926, 0.9981716275215149, 0), (7.450580596923828e-9, 0.040371596813201904, -1.1920928955078125e-7, 0.9999999403953552) ), ( (1, -1.7462298274040222e-9, 0, 0), (8.149072527885437e-10, 1, 0, 0), (-1.862645149230957e-9, 0, 1, 0), (-3.725290298461914e-9, 0.027364134788513184, -1.1920928955078125e-7, 1) ), ( (0.9621854424476624, 0.25255537033081055, 0.10205334424972534, 0), (-0.2543904483318329, 0.9670878052711487, 0.005169503390789032, 0), (-0.09738896787166595, -0.030935417860746384, 0.99476557970047, 0), (9.313225746154785e-10, 0.0280379056930542, 1.1920928955078125e-7, 1.0000001192092896) ), ( (0.9727239608764648, -0.04343314468860626, -0.2278638482093811, 0), (0.05886524170637131, 0.9963775277137756, 0.061369288712739944, 0), (0.2243729680776596, -0.07310862839221954, 0.9717569947242737, 0), (-2.9802322387695312e-8, 0.12290298938751221, 1.1920928955078125e-7, 0.9999999403953552) ), ( (0.9995532631874084, -0.02567366138100624, 0.01528988778591156, 0), (0.025267545133829117, 0.9993375539779663, 0.026188373565673828, 0), (-0.01595209538936615, -0.025790326297283173, 0.9995401501655579, 0), (2.2351741790771484e-8, 0.033938825130462646, 0, 1) ), ( (0.9998170137405396, 0.018009766936302185, -0.006431162357330322, 0), (-0.01801271177828312, 0.9998375773429871, -0.0003993213176727295, 0), (0.006422951817512512, 0.0005150735378265381, 0.9999790191650391, 0), (-1.862645149230957e-8, 0.03317767381668091, 1.1920928955078125e-7, 0.9999999403953552) ), ( (1.0000001192092896, -4.0978193283081055e-8, -1.4901161193847656e-8, 0), (3.725290298461914e-8, 1, 0, 0), (1.4901161193847656e-8, -7.450580596923828e-9, 1, 0), (1.862645149230957e-8, 0.03150534629821777, 0, 1.0000001192092896) ), ( (0.887178361415863, 0.4372456669807434, 0.14741334319114685, 0), (-0.44214555621147156, 0.8969430923461914, 0.0005258582532405853, 0), (-0.1319914609193802, -0.06564470380544662, 0.9890748262405396, 0), (9.313225746154785e-10, 0.0280379056930542, 1.1920928955078125e-7, 1.0000001192092896) ), ( (0.929286539554596, -0.11436830461025238, -0.35120654106140137, 0), (0.14106951653957367, 0.9886687397956848, 0.051313601434230804, 0), (0.3413583040237427, -0.09722958505153656, 0.9348906874656677, 0), (-5.960464477539063e-8, 0.11949390172958374, 0, 1) ), ( (0.9992756247520447, 0.03035152703523636, 0.02296830713748932, 0), (-0.030626054853200912, 0.9994625449180603, 0.011695459485054016, 0), (-0.022600963711738586, -0.01239040493965149, 0.9996679425239563, 0), (5.21540641784668e-8, 0.02656388282775879, 0, 1) ), ( (0.9999955892562866, 0.002344144508242607, -0.001788601279258728, 0), (-0.0022968556731939316, 0.9996592998504639, 0.02599172294139862, 0), (0.0018489211797714233, -0.02598751336336136, 0.9996602535247803, 0), (7.450580596923828e-9, 0.02758324146270752, -1.1920928955078125e-7, 1) ), ( (0.9999999403953552, -7.450580596923828e-9, 1.4901161193847656e-8, 0), (3.3527612686157227e-8, 1, 1.4901161193847656e-8, 0), (-4.470348358154297e-8, -2.9802322387695312e-8, 1, 0), (0, 0.022030651569366455, 0, 1) ), ( (0.6082411408424377, -0.7514904737472534, -0.2555482089519501, 0), (0.6969754695892334, 0.6597054600715637, -0.28109419345855713, 0), (0.3798260986804962, -0.00713772140443325, 0.9250303506851196, 0), (9.313225746154785e-10, 0.0280379056930542, 1.1920928955078125e-7, 1.0000001192092896) ), ( (0.9557133913040161, 0.1581335961818695, 0.24820497632026672, 0), (-0.1784992218017578, 0.9820055365562439, 0.061666831374168396, 0), (-0.23398712277412415, -0.10324022173881531, 0.9667429327964783, 0), (1.1920928955078125e-7, 0.08230970799922943, 1.1920928955078125e-7, 1) ), ( (0.9897170662879944, 0.1377907395362854, 0.0383891835808754, 0), (-0.13941475749015808, 0.9892810583114624, 0.043433159589767456, 0), (-0.03199302405118942, -0.048338547348976135, 0.9983184337615967, 0), (-8.940696716308594e-8, 0.032080233097076416, -2.384185791015625e-7, 1) ), ( (1, -1.3969838619232178e-8, 2.9802322387695312e-8, 0), (7.543712854385376e-8, 1, 0, 0), (-3.725290298461914e-8, 0, 1.0000001192092896, 0), (0, 0.0330277681350708, 0, 1) ), ( (-0.4348367154598236, -0.7082804441452026, -0.556107759475708, 0), (-0.8249721527099609, 0.5609055161476135, -0.06932160258293152, 0), (0.3610231280326843, 0.4286298453807831, -0.8282140493392944, 0), (-0.09805389493703842, 0.018339872360229492, 0.02278020977973938, 1) ), ( (0.5602995753288269, 0.041593652218580246, 0.8272449970245361, 0), (0.4465316832065582, 0.8260102868080139, -0.3439709544181824, 0), (-0.6976199746131897, 0.5621179342269897, 0.44424039125442505, 0), (-5.960464477539063e-8, 0.06563347578048706, 1.1920928955078125e-7, 1) ), ( (0.9892624020576477, 0.14581823348999023, -0.00983146857470274, 0), (-0.14582529664039612, 0.9893103241920471, 2.9197744666475955e-8, 0), (0.009726378135383129, 0.0014336478197947145, 0.9999517202377319, 0), (-2.9802322387695312e-8, 0.1819080114364624, 1.1920928955078125e-7, 1) ), ( (0.9960076212882996, -0.0790087878704071, 0.04155481234192848, 0), (0.07811424881219864, 0.996685266494751, 0.02272915467619896, 0), (-0.043212853372097015, -0.019392386078834534, 0.998877763748169, 0), (1.4901161193847656e-8, 0.23527997732162476, -2.384185791015625e-7, 1) ), ( (0.9821785092353821, 0.18605069816112518, 0.026655249297618866, 0), (-0.18554699420928955, 0.9824260473251343, -0.020289460197091103, 0), (-0.029961682856082916, 0.014982069842517376, 0.9994387626647949, 0), (-4.6566128730773926e-9, 0.02803802490234375, 1.1920928955078125e-7, 1) ), ( (0.9868965744972229, -0.133630633354187, -0.0904320478439331, 0), (0.14669229090213776, 0.9764963984489441, 0.1579119712114334, 0), (0.06720469146966934, -0.16910846531391144, 0.983303427696228, 0), (-2.9802322387695312e-8, 0.124367356300354, 0, 1) ), ( (0.9993603825569153, -0.03558177500963211, -0.003604099154472351, 0), (0.035459794104099274, 0.9989327192306519, -0.02959798276424408, 0), (0.00465339794754982, 0.029451265931129456, 0.999555230140686, 0), (-7.450580596923828e-9, 0.032753705978393555, 0, 1) ), ( (0.9999805092811584, -0.0031433855183422565, 0.005402468144893646, 0), (0.0030843415297567844, 0.9999358654022217, 0.010903239250183105, 0), (-0.005436394363641739, -0.010886386036872864, 0.999925971031189, 0), (-7.450580596923828e-9, 0.029531538486480713, 0, 0.9999999403953552) ), ( (1, -6.51925802230835e-9, 0, 0), (6.05359673500061e-9, 0.9999999403953552, 2.9802322387695312e-8, 0), (3.725290298461914e-9, -1.4901161193847656e-8, 1, 0), (-7.450580596923828e-9, 0.026575565338134766, 0, 0.9999999403953552) ), ( (0.9986745119094849, -0.032800234854221344, -0.03966175764799118, 0), (0.03479722887277603, 0.9981047511100769, 0.05075506120920181, 0), (0.03792181983590126, -0.05206791311502457, 0.9979233741760254, 0), (-4.6566128730773926e-9, 0.02803802490234375, 1.1920928955078125e-7, 1) ), ( (0.999431312084198, -0.017353318631649017, 0.028907690197229385, 0), (0.016760705038905144, 0.9996468424797058, 0.020618043839931488, 0), (-0.029255274683237076, -0.020121820271015167, 0.9993694424629211, 0), (-1.4901161193847656e-8, 0.1238783597946167, 1.1920928955078125e-7, 1) ), ( (0.9999144673347473, 0.005454310216009617, -0.011878971010446548, 0), (-0.005846764892339706, 0.99942946434021, -0.033257629722356796, 0), (0.011690796352922916, 0.0333242304623127, 0.9993759393692017, 0), (-1.4901161193847656e-8, 0.040393710136413574, -2.384185791015625e-7, 0.9999998807907104) ), ( (0.9999439716339111, 0.006944643799215555, 0.007982822135090828, 0), (-0.007410654332488775, 0.998176097869873, 0.0599113404750824, 0), (-0.007552198134362698, -0.05996714159846306, 0.9981716275215149, 0), (0, 0.040371716022491455, 2.384185791015625e-7, 0.9999999403953552) ), ( (0.9999999403953552, -2.3283064365386963e-10, 3.725290298461914e-9, 0), (1.0477378964424133e-9, 0.9999999403953552, -7.450580596923828e-9, 0), (-1.862645149230957e-9, 7.450580596923828e-9, 1, 0), (3.725290298461914e-9, 0.02736419439315796, 1.1920928955078125e-7, 1) ), ( (0.9621853828430176, -0.2525552213191986, -0.10205323994159698, 0), (0.25439029932022095, 0.9670876264572144, 0.005169589072465897, 0), (0.0973888412117958, -0.030935468152165413, 0.9947655200958252, 0), (-4.6566128730773926e-9, 0.02803802490234375, 1.1920928955078125e-7, 1) ), ( (0.9727239012718201, 0.043433189392089844, 0.22786378860473633, 0), (-0.058865323662757874, 0.9963775873184204, 0.06136928126215935, 0), (-0.22437292337417603, -0.07310864329338074, 0.9717572331428528, 0), (2.9802322387695312e-8, 0.12290287017822266, 1.1920928955078125e-7, 1.0000001192092896) ), ( (0.9995533227920532, 0.02567356452345848, -0.015289738774299622, 0), (-0.02526744455099106, 0.9993377923965454, 0.026188351213932037, 0), (0.015951991081237793, -0.02579033374786377, 0.9995402693748474, 0), (-8.940696716308594e-8, 0.03393888473510742, 0, 1) ), ( (0.9998170137405396, -0.018009744584560394, 0.006431087851524353, 0), (0.018012704327702522, 0.9998373985290527, -0.0003993287682533264, 0), (-0.006422862410545349, 0.000515080988407135, 0.9999790191650391, 0), (-1.1175870895385742e-8, 0.03317755460739136, 1.1920928955078125e-7, 1) ), ( (1.0000001192092896, -9.313225746154785e-9, 1.4901161193847656e-8, 0), (-7.450580596923828e-9, 1, 1.4901161193847656e-8, 0), (0, 0, 1, 0), (3.725290298461914e-9, 0.03150534629821777, -1.1920928955078125e-7, 1.0000001192092896) ), ( (0.887178361415863, -0.437245637178421, -0.14741334319114685, 0), (0.44214552640914917, 0.8969430327415466, 0.0005258917808532715, 0), (0.1319914311170578, -0.06564471125602722, 0.9890748858451843, 0), (-4.6566128730773926e-9, 0.02803802490234375, 1.1920928955078125e-7, 1) ), ( (0.9292864799499512, 0.11436888575553894, 0.3512062132358551, 0), (-0.14107006788253784, 0.9886687397956848, 0.05131329223513603, 0), (-0.34135812520980835, -0.0972294881939888, 0.9348911046981812, 0), (2.9802322387695312e-8, 0.11949396133422852, 0, 1) ), ( (0.9992755055427551, -0.030352339148521423, -0.022967591881752014, 0), (0.03062683530151844, 0.9994626045227051, 0.011696062982082367, 0), (0.022600218653678894, -0.012391000986099243, 0.9996678233146667, 0), (-2.9802322387695312e-8, 0.026563942432403564, 0, 1) ), ( (0.9999955296516418, -0.0023440010845661163, 0.0017880499362945557, 0), (0.0022966675460338593, 0.9996592998504639, 0.025991179049015045, 0), (-0.0018483549356460571, -0.025986962020397186, 0.9996603727340698, 0), (2.60770320892334e-8, 0.027583003044128418, 2.384185791015625e-7, 1) ), ( (1, -3.725290298461914e-9, 0, 0), (2.0489096641540527e-8, 1, -4.470348358154297e-8, 0), (-1.4901161193847656e-8, 4.470348358154297e-8, 1, 0), (-2.2351741790771484e-8, 0.02203059196472168, 0, 1) ), ( (0.6082406640052795, 0.75149005651474, 0.2555495500564575, 0), (-0.6969756484031677, 0.6597055792808533, -0.28109362721443176, 0), (-0.37982654571533203, -0.007139209657907486, 0.9250301122665405, 0), (-4.6566128730773926e-9, 0.02803802490234375, 1.1920928955078125e-7, 1) ), ( (0.9557124376296997, -0.15813322365283966, -0.2482079267501831, 0), (0.17849880456924438, 0.982005774974823, 0.06166529655456543, 0), (0.23399046063423157, -0.10323913395404816, 0.9667420983314514, 0), (0, 0.08230985701084137, -1.1920928955078125e-7, 1) ), ( (0.9897171854972839, -0.13779056072235107, -0.03838752210140228, 0), (0.13941457867622375, 0.9892811179161072, 0.0434342697262764, 0), (0.031991198658943176, -0.04833941161632538, 0.9983186721801758, 0), (-1.7881393432617188e-7, 0.03208005428314209, 3.5762786865234375e-7, 1.0000001192092896) ), ( (1, 4.470348358154297e-8, 1.4901161193847656e-8, 0), (-1.2014061212539673e-7, 1, -2.2351741790771484e-8, 0), (-2.2351741790771484e-8, 2.9802322387695312e-8, 1, 0), (-2.9802322387695312e-8, 0.033027857542037964, 0, 1) ), ( (0.000044352058466756716, -0.09776610136032104, -0.9952095150947571, 0), (0.0000012405218967614928, -0.9952091574668884, 0.09776605665683746, 0), (-1.0000052452087402, -0.0000033324581636406947, -0.000044236090616323054, 0), (0.12013828754425049, 0.09874933958053589, 0.018380941823124886, 1) ), ( (0.000001027093503580545, -4.1201928979717195e-8, -1, 0), (0.14690278470516205, 0.9891508221626282, 9.755331120686606e-8, 0), (0.9891509413719177, -0.14690281450748444, 0.0000010220592230325565, 0), (-1.4901161193847656e-8, 0.4329792261123657, -7.450580596923828e-9, 1.0000001192092896) ), ( (1, 2.8044269129168242e-9, -2.8944867835889454e-7, 0), (-2.8039721655659378e-9, 1, -3.725290298461914e-9, 0), (2.894453814406006e-7, 3.725290298461914e-9, 1, 0), (-7.450580596923828e-9, 0.5111209154129028, 0, 1) ), ( (0.00004346957939560525, 0.09776787459850311, 0.9952093362808228, 0), (0.0000020527786546153948, -0.9952091574668884, 0.09776784479618073, 0), (1.0000052452087402, 3.3996769843724906e-8, -0.00004367985820863396, 0), (-0.12104471772909164, 0.09874933958053589, 0.018380777910351753, 1) ), ( (0.000001265167270503298, 5.591320473286032e-8, 1, 0), (-0.1469079554080963, 0.9891502261161804, 1.3011049304623157e-7, 0), (-0.9891504049301147, -0.1469079703092575, 0.000001258819793292787, 0), (0, 0.4329792261123657, -7.450580596923828e-9, 1.0000001192092896) ), ( (1, -6.318501277746691e-9, 2.8905924409627914e-7, 0), (6.319169187918305e-9, 1, -7.450580596923828e-9, 0), (-2.8905168392157066e-7, 1.1175870895385742e-8, 1, 0), (-7.450580596923828e-9, 0.5111209154129028, 1.1175870895385742e-8, 1.0000001192092896) ), ( (1, 0.000050794798880815506, -1.0357073421118912e-7, 0), (-1.6805455516077927e-7, 0.005347473081201315, 0.9999856948852539, 0), (0.000050794624257832766, -0.9999856948852539, 0.005347445607185364, 0), (0.12059149891138077, 0.02275174856185913, -0.010193143039941788, 1) ), ( (1, 2.8344032898530713e-8, -3.637978807091713e-12, 0), (-2.8344004476821283e-8, 1, -4.1443854570388794e-8, 0), (3.637978807091713e-12, 4.1443854570388794e-8, 1, 0), (7.450580596923828e-9, 0.17733646929264069, 0, 1) ), ( (1, -3.6207819675837527e-7, -0.00006770860636606812, 0), (3.597122599785507e-14, 0.9999856948852539, -0.005347518250346184, 0), (0.00006770957406843081, 0.005347518250346184, 0.9999856948852539, 0), (0.12059133499860764, 0.4668584167957306, 0.6854429841041565, 1) ), ( (1, -1.2748557765007718e-9, 7.037703753098867e-12, 0), (1.2748557765007718e-9, 1, 9.313225746154785e-10, 0), (6.579181643928678e-12, -9.313225746154785e-10, 1, 0), (0, 0.1773364245891571, -5.960464477539063e-8, 1) ), ( (1, -0.0000610184324614238, 4.943566409565392e-7, 0), (-1.6805512359496788e-7, 0.005347473546862602, 0.9999856948852539, 0), (-0.00006102020779508166, -0.9999856948852539, 0.005347445607185364, 0), (-0.12059150636196136, 0.02275174856185913, -0.010193202644586563, 1) ), ( (1, 2.8348608793749008e-8, -3.637978807091713e-12, 0), (-2.8348580372039578e-8, 1, -4.0978193283081055e-8, 0), (0, 4.0978193283081055e-8, 1, 0), (0, 0.1773364543914795, 0, 1) ), ( (1, 3.6464169284045056e-7, 0.0000681879828334786, 0), (3.4861002973229915e-14, 0.9999856948852539, -0.005347518250346184, 0), (-0.0000681889578117989, 0.005347518250346184, 0.9999856948852539, 0), (-0.1205916628241539, 0.4668584167957306, 0.6854430437088013, 1) ), ( (1, -1.2750263067573542e-9, 3.106404022901188e-13, 0), (1.2750263067573542e-9, 1, 9.313225746154785e-10, 0), (-7.424061365668422e-12, -9.313225746154785e-10, 1, 0), (0, 0.1773364245891571, -5.960464477539063e-8, 1) )]
        }

        def Xform "Casual2_Head"
        {
            custom string userProperties:blender:object_name = "Casual2_Head"

            def Mesh "Cube_015" (
                active = true
                prepend apiSchemas = ["MaterialBindingAPI", "SkelBindingAPI"]
            )
            {
                uniform bool doubleSided = 1
                float3[] extent = [(-0.1124821, -0.17505066, 1.5049717), (0.112274036, 0.16800484, 1.8565791)]
                int[] faceVertexCounts = [4, 4, 4, 4, 4, 4, 4, 4, 4, 4, 4, 4, 4, 4, 4, 4, 3, 4, 4, 4, 4, 4, 4, 4, 4, 4, 4, 4, 4, 4, 4, 4, 4, 4, 4, 4, 4, 4, 4, 4, 4, 4, 4, 4, 4, 4, 4, 4, 4, 4, 4, 4, 4, 4, 4, 4, 4, 4, 4, 4, 4, 4, 4, 4, 4, 4, 4, 4, 4, 4, 4, 4, 4, 4, 4, 4, 4, 4, 4, 4, 4, 4, 4, 4, 4, 4, 4, 4, 4, 4, 4, 4, 4, 4, 4, 4, 4, 4, 4, 4, 3, 4, 4, 4, 4, 4, 4, 4, 4, 4, 4, 4, 4, 4, 4, 4, 4, 4, 4, 4, 4, 4, 4, 4, 4, 4, 4, 4, 4, 4, 4, 4, 4, 4, 4, 4, 4, 4, 4, 4, 4, 4, 4, 4, 4, 4, 4, 4, 4, 4, 4, 4, 4, 4, 4, 4, 4, 4, 4, 4, 4, 4, 4, 4, 4, 4, 4, 4, 4, 4, 4, 4, 4, 4, 4, 4, 4, 4, 4, 4, 4, 4, 4, 4, 16, 4, 4, 4, 4, 4, 4, 4, 4, 4, 4, 4, 4, 4, 4, 4, 4, 4, 4, 4, 4, 4, 4, 4, 4, 4, 4, 4, 4, 4, 4, 4, 4, 4, 4, 4, 4, 4, 4, 4, 4, 4, 4, 4, 4, 4, 4, 4, 4, 4, 4, 4, 4, 4, 4, 4, 4, 4, 4, 4, 4, 4, 4, 4, 4, 4, 4, 4, 4, 4, 4, 4, 4, 4, 4, 4, 4, 4, 4, 4, 4, 4, 4, 4, 4, 4, 4, 4, 4, 4, 4, 4, 4, 4, 4, 4, 4, 4, 4, 4, 4, 4, 4, 4, 4, 4, 4, 4, 4, 4, 4, 3, 3, 3, 3, 4, 4, 4, 4, 4, 4, 4, 4, 4, 4, 4, 4, 4, 4, 4, 4, 4, 4, 4, 4, 4, 4, 4, 4, 4, 4, 4, 4, 4, 4, 4, 4, 4, 4, 4, 4, 4, 4, 4, 4, 3, 3, 3, 3, 4, 4, 4, 4, 4, 4, 4, 4, 4, 4, 4, 4, 4, 4, 4, 4, 4, 4, 4, 4, 4, 4, 4, 4, 4, 4, 4, 4, 3, 3, 3, 3, 4, 4, 4, 4, 4, 4, 4, 4, 4, 4, 4, 4, 4, 4, 4, 4, 4, 4, 4, 4, 4, 4, 4, 4, 4, 4, 4, 4, 4, 4, 4, 4, 4, 4, 4, 4, 4, 4, 4, 4, 4, 4, 4, 4, 4, 4, 4, 4, 4, 4, 4, 4, 3, 3, 3, 3, 4, 4, 4, 4, 4, 4, 4, 4, 4, 4, 4, 4, 4, 4, 4, 4, 4, 4, 4, 4, 4, 4, 4, 4, 4, 4, 4, 4, 4, 4, 4, 4, 4, 4, 4, 4, 4, 4, 4, 4, 3, 3, 3, 3, 4, 4, 4, 4, 4, 4, 4, 4, 4, 4, 4, 4, 4, 4, 4, 4, 4, 4, 4, 4, 4, 4, 4, 4, 4, 4, 4, 4, 3, 3, 3, 3, 4, 4, 4, 4, 4, 4, 4, 4, 4, 4, 4, 4, 4, 4, 4, 4, 4, 4, 4, 4, 4, 4, 4, 4, 4, 4, 4, 4, 4, 4, 4, 4, 4, 4, 4, 4, 4, 4, 4, 4, 4, 4, 4, 4, 4, 4, 4, 4, 4, 4, 4, 4, 3, 3, 3, 3, 4, 4, 4, 4, 4, 4, 4, 4, 4, 4, 4, 4, 4, 4, 4, 4, 4, 4, 4, 4, 4, 4, 4, 4, 4, 4, 4, 4, 4, 4, 4, 4, 4, 4, 4, 4, 4, 4, 4, 4, 4, 4, 4, 4, 4, 4, 4, 4, 4, 4, 4, 4, 3, 3, 3, 3, 4, 4, 4, 4, 4, 4, 4, 4, 4, 4, 4, 4, 4, 4, 4, 4, 4, 4, 4, 4, 4, 4, 4, 4, 4, 4, 4, 4, 4, 4, 4, 4, 4, 4, 4, 4, 4, 4, 4, 4, 4, 4, 4, 4, 4, 4, 4, 4, 4, 4, 4, 4, 3, 3, 3, 3, 4, 4, 4, 4, 4, 4, 4, 4, 4, 4, 4, 4, 4, 4, 4, 4, 4, 4, 4, 4, 4, 4, 4, 4, 4, 4, 4, 4, 4, 4, 4, 4, 4, 4, 4, 4, 4, 4, 4, 4, 4, 4, 4, 4, 4, 4, 4, 4, 4, 4, 4, 4, 3, 3, 3, 3, 4, 4, 4, 4, 4, 4, 4, 4, 4, 4, 4, 4, 4, 4, 4, 4, 4, 4, 4, 4, 4, 4, 4, 4, 4, 4, 4, 4, 4, 4, 4, 4, 4, 4, 4, 4, 4, 4, 4, 4, 4, 4, 4, 4, 4, 4, 4, 4, 4, 4, 4, 4, 3, 3, 3, 3, 4, 4, 4, 4, 4, 4, 4, 4, 4, 4, 4, 4, 4, 4, 4, 4, 3, 3, 3, 3, 4, 4, 4, 4, 4, 4, 4, 4, 4, 4, 4, 4, 4, 4, 4, 4, 3, 3, 3, 3, 4, 4, 4, 4, 4, 4, 4, 4, 4, 4, 4, 4, 4, 4, 4, 4, 3, 3, 3, 3, 4, 4, 4, 4, 4, 4, 4, 4, 4, 4, 4, 4, 4, 4, 4, 4, 3, 3, 3, 3]
                int[] faceVertexIndices = [74, 71, 2, 5, 73, 70, 1, 4, 75, 69, 0, 6, 69, 72, 3, 0, 77, 86, 10, 3, 0, 3, 10, 7, 70, 74, 5, 1, 71, 75, 6, 2, 2, 6, 13, 9, 5, 2, 9, 12, 7, 10, 16, 14, 168, 73, 4, 78, 1, 5, 12, 8, 6, 0, 7, 13, 4, 1, 8, 11, 86, 95, 16, 10, 67, 20, 23, 14, 16, 21, 18, 66, 63, 19, 22, 13, 7, 14, 17, 78, 4, 11, 87, 63, 67, 23, 19, 8, 12, 68, 64, 9, 13, 17, 15, 110, 101, 22, 29, 95, 100, 21, 16, 18, 21, 28, 25, 15, 17, 24, 20, 11, 8, 64, 65, 17, 14, 18, 24, 19, 23, 30, 26, 87, 11, 65, 159, 51, 35, 32, 48, 22, 19, 26, 29, 20, 24, 31, 27, 24, 18, 25, 31, 46, 47, 34, 37, 25, 28, 51, 48, 49, 46, 37, 33, 50, 48, 32, 38, 143, 118, 35, 51, 35, 118, 127, 42, 52, 49, 33, 36, 47, 50, 38, 34, 141, 52, 36, 119, 34, 38, 45, 41, 37, 34, 41, 44, 33, 37, 44, 40, 38, 32, 39, 45, 28, 109, 143, 51, 36, 33, 40, 43, 27, 31, 50, 47, 29, 26, 49, 52, 32, 35, 42, 39, 119, 36, 43, 128, 31, 25, 48, 50, 26, 30, 46, 49, 30, 27, 47, 46, 110, 29, 52, 141, 152, 57, 53, 144, 144, 53, 54, 146, 146, 54, 55, 148, 148, 55, 56, 150, 150, 56, 42, 127, 72, 169, 77, 3, 43, 40, 58, 57, 40, 44, 61, 58, 44, 41, 60, 61, 39, 42, 56, 59, 41, 45, 62, 60, 45, 39, 59, 62, 57, 58, 61, 53, 53, 61, 60, 54, 54, 60, 62, 55, 55, 62, 59, 56, 12, 9, 15, 68, 67, 68, 15, 20, 67, 63, 64, 68, 128, 43, 57, 152, 63, 66, 65, 64, 66, 160, 159, 65, 160, 66, 22, 101, 23, 20, 27, 30, 109, 28, 21, 100, 174, 83, 80, 171, 173, 82, 79, 170, 175, 84, 76, 167, 167, 76, 81, 172, 77, 81, 90, 86, 76, 85, 90, 81, 170, 79, 83, 174, 171, 80, 84, 175, 80, 89, 93, 84, 83, 92, 89, 80, 85, 94, 97, 90, 168, 78, 82, 173, 79, 88, 92, 83, 84, 93, 85, 76, 82, 91, 88, 79, 86, 90, 97, 95, 165, 106, 103, 94, 99, 104, 97, 164, 105, 102, 161, 93, 98, 94, 85, 78, 87, 91, 82, 161, 102, 106, 165, 88, 162, 166, 92, 89, 96, 98, 93, 110, 114, 105, 101, 95, 97, 104, 100, 99, 108, 113, 104, 96, 103, 107, 98, 91, 163, 162, 88, 98, 107, 99, 94, 102, 111, 115, 106, 87, 159, 163, 91, 140, 137, 117, 122, 105, 114, 111, 102, 103, 112, 116, 107, 107, 116, 108, 99, 135, 124, 121, 136, 108, 137, 140, 113, 138, 120, 124, 135, 139, 125, 117, 137, 143, 140, 122, 118, 122, 131, 127, 118, 142, 123, 120, 138, 136, 121, 125, 139, 141, 119, 123, 142, 121, 130, 134, 125, 124, 133, 130, 121, 120, 129, 133, 124, 125, 134, 126, 117, 113, 140, 143, 109, 123, 132, 129, 120, 112, 136, 139, 116, 114, 142, 138, 111, 117, 126, 131, 122, 119, 128, 132, 123, 116, 139, 137, 108, 111, 138, 135, 115, 115, 135, 136, 112, 110, 141, 142, 114, 152, 144, 145, 153, 144, 146, 147, 145, 146, 148, 149, 147, 148, 150, 151, 149, 150, 127, 131, 151, 172, 81, 77, 169, 132, 153, 154, 129, 129, 154, 157, 133, 133, 157, 156, 130, 126, 155, 151, 131, 130, 156, 158, 134, 134, 158, 155, 126, 153, 145, 157, 154, 145, 147, 156, 157, 147, 149, 158, 156, 149, 151, 155, 158, 92, 166, 96, 89, 165, 103, 96, 166, 165, 166, 162, 161, 128, 152, 153, 132, 161, 162, 163, 164, 164, 163, 159, 160, 160, 101, 105, 164, 106, 115, 112, 103, 109, 100, 104, 113, 171, 175, 191, 187, 75, 71, 178, 182, 172, 169, 185, 188, 169, 72, 179, 185, 170, 174, 190, 186, 74, 70, 177, 181, 168, 173, 189, 184, 73, 168, 184, 180, 72, 69, 176, 179, 167, 172, 188, 183, 175, 167, 183, 191, 69, 75, 182, 176, 173, 170, 186, 189, 70, 73, 180, 177, 174, 171, 187, 190, 71, 74, 181, 178, 178, 181, 177, 180, 184, 189, 186, 190, 187, 191, 183, 188, 185, 179, 176, 182, 192, 194, 195, 193, 193, 195, 236, 234, 195, 194, 235, 236, 204, 201, 198, 203, 202, 196, 201, 204, 197, 202, 204, 200, 200, 204, 203, 199, 213, 212, 207, 210, 211, 213, 210, 205, 206, 209, 213, 211, 209, 208, 212, 213, 198, 207, 212, 203, 197, 206, 211, 202, 202, 211, 205, 196, 201, 210, 207, 198, 196, 205, 210, 201, 203, 212, 208, 199, 216, 214, 215, 217, 221, 220, 218, 219, 216, 217, 220, 221, 217, 215, 218, 220, 214, 216, 221, 219, 215, 214, 219, 218, 222, 223, 225, 224, 224, 225, 229, 228, 228, 229, 227, 226, 226, 227, 223, 222, 224, 228, 226, 222, 229, 225, 223, 227, 230, 231, 233, 232, 231, 234, 236, 233, 233, 236, 235, 232, 245, 244, 239, 242, 243, 245, 242, 237, 238, 241, 245, 243, 241, 240, 244, 245, 254, 251, 248, 253, 252, 246, 251, 254, 247, 252, 254, 250, 250, 254, 253, 249, 239, 244, 253, 248, 238, 243, 252, 247, 243, 237, 246, 252, 242, 239, 248, 251, 237, 242, 251, 246, 244, 240, 249, 253, 257, 258, 256, 255, 262, 260, 259, 261, 257, 262, 261, 258, 258, 261, 259, 256, 255, 260, 262, 257, 256, 259, 260, 255, 263, 265, 266, 264, 265, 269, 270, 266, 269, 267, 268, 270, 267, 263, 264, 268, 265, 263, 267, 269, 270, 268, 264, 266, 271, 275, 278, 274, 272, 276, 275, 271, 273, 277, 276, 272, 274, 278, 277, 273, 275, 279, 282, 278, 276, 280, 279, 275, 277, 281, 280, 276, 278, 282, 281, 277, 279, 283, 286, 282, 280, 284, 283, 279, 281, 285, 284, 280, 282, 286, 285, 281, 283, 287, 290, 286, 284, 288, 287, 283, 285, 289, 288, 284, 286, 290, 289, 285, 287, 291, 294, 290, 288, 292, 291, 287, 289, 293, 292, 288, 290, 294, 293, 289, 291, 295, 298, 294, 292, 296, 295, 291, 293, 297, 296, 292, 294, 298, 297, 293, 295, 299, 302, 298, 296, 300, 299, 295, 297, 301, 300, 296, 298, 302, 301, 297, 299, 303, 306, 302, 300, 304, 303, 299, 301, 305, 304, 300, 302, 306, 305, 301, 303, 307, 310, 306, 304, 308, 307, 303, 305, 309, 308, 304, 306, 310, 309, 305, 307, 311, 314, 310, 308, 312, 311, 307, 309, 313, 312, 308, 310, 314, 313, 309, 311, 315, 318, 314, 312, 316, 315, 311, 313, 317, 316, 312, 314, 318, 317, 313, 315, 319, 322, 318, 316, 320, 319, 315, 317, 321, 320, 316, 318, 322, 321, 317, 319, 323, 326, 322, 320, 324, 323, 319, 321, 325, 324, 320, 322, 326, 325, 321, 323, 327, 326, 324, 327, 323, 325, 327, 324, 326, 327, 325, 328, 332, 335, 331, 329, 333, 332, 328, 330, 334, 333, 329, 331, 335, 334, 330, 332, 336, 339, 335, 333, 337, 336, 332, 334, 338, 337, 333, 335, 339, 338, 334, 336, 340, 343, 339, 337, 341, 340, 336, 338, 342, 341, 337, 339, 343, 342, 338, 340, 344, 347, 343, 341, 345, 344, 340, 342, 346, 345, 341, 343, 347, 346, 342, 344, 348, 351, 347, 345, 349, 348, 344, 346, 350, 349, 345, 347, 351, 350, 346, 348, 352, 355, 351, 349, 353, 352, 348, 350, 354, 353, 349, 351, 355, 354, 350, 352, 356, 359, 355, 353, 357, 356, 352, 354, 358, 357, 353, 355, 359, 358, 354, 356, 360, 363, 359, 357, 361, 360, 356, 358, 362, 361, 357, 359, 363, 362, 358, 360, 364, 367, 363, 361, 365, 364, 360, 362, 366, 365, 361, 363, 367, 366, 362, 364, 368, 371, 367, 365, 369, 368, 364, 366, 370, 369, 365, 367, 371, 370, 366, 368, 372, 371, 369, 372, 368, 370, 372, 369, 371, 372, 370, 373, 377, 380, 376, 374, 378, 377, 373, 375, 379, 378, 374, 376, 380, 379, 375, 377, 381, 384, 380, 378, 382, 381, 377, 379, 383, 382, 378, 380, 384, 383, 379, 381, 385, 388, 384, 382, 386, 385, 381, 383, 387, 386, 382, 384, 388, 387, 383, 385, 389, 392, 388, 386, 390, 389, 385, 387, 391, 390, 386, 388, 392, 391, 387, 389, 393, 396, 392, 390, 394, 393, 389, 391, 395, 394, 390, 392, 396, 395, 391, 393, 397, 400, 396, 394, 398, 397, 393, 395, 399, 398, 394, 396, 400, 399, 395, 397, 401, 404, 400, 398, 402, 401, 397, 399, 403, 402, 398, 400, 404, 403, 399, 401, 405, 404, 402, 405, 401, 403, 405, 402, 404, 405, 403, 406, 409, 413, 410, 407, 406, 410, 411, 408, 407, 411, 412, 409, 408, 412, 413, 410, 413, 417, 414, 411, 410, 414, 415, 412, 411, 415, 416, 413, 412, 416, 417, 414, 417, 421, 418, 415, 414, 418, 419, 416, 415, 419, 420, 417, 416, 420, 421, 418, 421, 425, 422, 419, 418, 422, 423, 420, 419, 423, 424, 421, 420, 424, 425, 422, 425, 429, 426, 423, 422, 426, 427, 424, 423, 427, 428, 425, 424, 428, 429, 426, 429, 433, 430, 427, 426, 430, 431, 428, 427, 431, 432, 429, 428, 432, 433, 430, 433, 437, 434, 431, 430, 434, 435, 432, 431, 435, 436, 433, 432, 436, 437, 434, 437, 441, 438, 435, 434, 438, 439, 436, 435, 439, 440, 437, 436, 440, 441, 438, 441, 445, 442, 439, 438, 442, 443, 440, 439, 443, 444, 441, 440, 444, 445, 442, 445, 449, 446, 443, 442, 446, 447, 444, 443, 447, 448, 445, 444, 448, 449, 446, 449, 453, 450, 447, 446, 450, 451, 448, 447, 451, 452, 449, 448, 452, 453, 450, 453, 457, 454, 451, 450, 454, 455, 452, 451, 455, 456, 453, 452, 456, 457, 454, 457, 461, 458, 455, 454, 458, 459, 456, 455, 459, 460, 457, 456, 460, 461, 458, 461, 462, 459, 458, 462, 460, 459, 462, 461, 460, 462, 463, 466, 470, 467, 464, 463, 467, 468, 465, 464, 468, 469, 466, 465, 469, 470, 467, 470, 474, 471, 468, 467, 471, 472, 469, 468, 472, 473, 470, 469, 473, 474, 471, 474, 478, 475, 472, 471, 475, 476, 473, 472, 476, 477, 474, 473, 477, 478, 475, 478, 482, 479, 476, 475, 479, 480, 477, 476, 480, 481, 478, 477, 481, 482, 479, 482, 486, 483, 480, 479, 483, 484, 481, 480, 484, 485, 482, 481, 485, 486, 483, 486, 490, 487, 484, 483, 487, 488, 485, 484, 488, 489, 486, 485, 489, 490, 487, 490, 494, 491, 488, 487, 491, 492, 489, 488, 492, 493, 490, 489, 493, 494, 491, 494, 498, 495, 492, 491, 495, 496, 493, 492, 496, 497, 494, 493, 497, 498, 495, 498, 502, 499, 496, 495, 499, 500, 497, 496, 500, 501, 498, 497, 501, 502, 499, 502, 506, 503, 500, 499, 503, 504, 501, 500, 504, 505, 502, 501, 505, 506, 503, 506, 507, 504, 503, 507, 505, 504, 507, 506, 505, 507, 508, 511, 515, 512, 509, 508, 512, 513, 510, 509, 513, 514, 511, 510, 514, 515, 512, 515, 519, 516, 513, 512, 516, 517, 514, 513, 517, 518, 515, 514, 518, 519, 516, 519, 523, 520, 517, 516, 520, 521, 518, 517, 521, 522, 519, 518, 522, 523, 520, 523, 527, 524, 521, 520, 524, 525, 522, 521, 525, 526, 523, 522, 526, 527, 524, 527, 531, 528, 525, 524, 528, 529, 526, 525, 529, 530, 527, 526, 530, 531, 528, 531, 535, 532, 529, 528, 532, 533, 530, 529, 533, 534, 531, 530, 534, 535, 532, 535, 539, 536, 533, 532, 536, 537, 534, 533, 537, 538, 535, 534, 538, 539, 536, 539, 540, 537, 536, 540, 538, 537, 540, 539, 538, 540, 541, 545, 548, 544, 542, 546, 545, 541, 543, 547, 546, 542, 544, 548, 547, 543, 545, 549, 552, 548, 546, 550, 549, 545, 547, 551, 550, 546, 548, 552, 551, 547, 549, 553, 556, 552, 550, 554, 553, 549, 551, 555, 554, 550, 552, 556, 555, 551, 553, 557, 560, 556, 554, 558, 557, 553, 555, 559, 558, 554, 556, 560, 559, 555, 557, 561, 564, 560, 558, 562, 561, 557, 559, 563, 562, 558, 560, 564, 563, 559, 561, 565, 568, 564, 562, 566, 565, 561, 563, 567, 566, 562, 564, 568, 567, 563, 565, 569, 572, 568, 566, 570, 569, 565, 567, 571, 570, 566, 568, 572, 571, 567, 569, 573, 576, 572, 570, 574, 573, 569, 571, 575, 574, 570, 572, 576, 575, 571, 573, 577, 580, 576, 574, 578, 577, 573, 575, 579, 578, 574, 576, 580, 579, 575, 577, 581, 584, 580, 578, 582, 581, 577, 579, 583, 582, 578, 580, 584, 583, 579, 581, 585, 588, 584, 582, 586, 585, 581, 583, 587, 586, 582, 584, 588, 587, 583, 585, 589, 592, 588, 586, 590, 589, 585, 587, 591, 590, 586, 588, 592, 591, 587, 589, 593, 596, 592, 590, 594, 593, 589, 591, 595, 594, 590, 592, 596, 595, 591, 593, 597, 596, 594, 597, 593, 595, 597, 594, 596, 597, 595, 598, 602, 605, 601, 599, 603, 602, 598, 600, 604, 603, 599, 601, 605, 604, 600, 602, 606, 609, 605, 603, 607, 606, 602, 604, 608, 607, 603, 605, 609, 608, 604, 606, 610, 613, 609, 607, 611, 610, 606, 608, 612, 611, 607, 609, 613, 612, 608, 610, 614, 617, 613, 611, 615, 614, 610, 612, 616, 615, 611, 613, 617, 616, 612, 614, 618, 621, 617, 615, 619, 618, 614, 616, 620, 619, 615, 617, 621, 620, 616, 618, 622, 625, 621, 619, 623, 622, 618, 620, 624, 623, 619, 621, 625, 624, 620, 622, 626, 629, 625, 623, 627, 626, 622, 624, 628, 627, 623, 625, 629, 628, 624, 626, 630, 633, 629, 627, 631, 630, 626, 628, 632, 631, 627, 629, 633, 632, 628, 630, 634, 637, 633, 631, 635, 634, 630, 632, 636, 635, 631, 633, 637, 636, 632, 634, 638, 641, 637, 635, 639, 638, 634, 636, 640, 639, 635, 637, 641, 640, 636, 638, 642, 645, 641, 639, 643, 642, 638, 640, 644, 643, 639, 641, 645, 644, 640, 642, 646, 649, 645, 643, 647, 646, 642, 644, 648, 647, 643, 645, 649, 648, 644, 646, 650, 653, 649, 647, 651, 650, 646, 648, 652, 651, 647, 649, 653, 652, 648, 650, 654, 653, 651, 654, 650, 652, 654, 651, 653, 654, 652, 655, 658, 662, 659, 656, 655, 659, 660, 657, 656, 660, 661, 658, 657, 661, 662, 659, 662, 666, 663, 660, 659, 663, 664, 661, 660, 664, 665, 662, 661, 665, 666, 663, 666, 670, 667, 664, 663, 667, 668, 665, 664, 668, 669, 666, 665, 669, 670, 667, 670, 674, 671, 668, 667, 671, 672, 669, 668, 672, 673, 670, 669, 673, 674, 671, 674, 678, 675, 672, 671, 675, 676, 673, 672, 676, 677, 674, 673, 677, 678, 675, 678, 682, 679, 676, 675, 679, 680, 677, 676, 680, 681, 678, 677, 681, 682, 679, 682, 686, 683, 680, 679, 683, 684, 681, 680, 684, 685, 682, 681, 685, 686, 683, 686, 690, 687, 684, 683, 687, 688, 685, 684, 688, 689, 686, 685, 689, 690, 687, 690, 694, 691, 688, 687, 691, 692, 689, 688, 692, 693, 690, 689, 693, 694, 691, 694, 698, 695, 692, 691, 695, 696, 693, 692, 696, 697, 694, 693, 697, 698, 695, 698, 702, 699, 696, 695, 699, 700, 697, 696, 700, 701, 698, 697, 701, 702, 699, 702, 706, 703, 700, 699, 703, 704, 701, 700, 704, 705, 702, 701, 705, 706, 703, 706, 710, 707, 704, 703, 707, 708, 705, 704, 708, 709, 706, 705, 709, 710, 707, 710, 711, 708, 707, 711, 709, 708, 711, 710, 709, 711, 712, 715, 719, 716, 713, 712, 716, 717, 714, 713, 717, 718, 715, 714, 718, 719, 716, 719, 723, 720, 717, 716, 720, 721, 718, 717, 721, 722, 719, 718, 722, 723, 720, 723, 727, 724, 721, 720, 724, 725, 722, 721, 725, 726, 723, 722, 726, 727, 724, 727, 731, 728, 725, 724, 728, 729, 726, 725, 729, 730, 727, 726, 730, 731, 728, 731, 735, 732, 729, 728, 732, 733, 730, 729, 733, 734, 731, 730, 734, 735, 732, 735, 739, 736, 733, 732, 736, 737, 734, 733, 737, 738, 735, 734, 738, 739, 736, 739, 743, 740, 737, 736, 740, 741, 738, 737, 741, 742, 739, 738, 742, 743, 740, 743, 747, 744, 741, 740, 744, 745, 742, 741, 745, 746, 743, 742, 746, 747, 744, 747, 751, 748, 745, 744, 748, 749, 746, 745, 749, 750, 747, 746, 750, 751, 748, 751, 755, 752, 749, 748, 752, 753, 750, 749, 753, 754, 751, 750, 754, 755, 752, 755, 759, 756, 753, 752, 756, 757, 754, 753, 757, 758, 755, 754, 758, 759, 756, 759, 763, 760, 757, 756, 760, 761, 758, 757, 761, 762, 759, 758, 762, 763, 760, 763, 767, 764, 761, 760, 764, 765, 762, 761, 765, 766, 763, 762, 766, 767, 764, 767, 768, 765, 764, 768, 766, 765, 768, 767, 766, 768, 769, 773, 776, 772, 770, 774, 773, 769, 771, 775, 774, 770, 772, 776, 775, 771, 773, 777, 780, 776, 774, 778, 777, 773, 775, 779, 778, 774, 776, 780, 779, 775, 777, 781, 784, 780, 778, 782, 781, 777, 779, 783, 782, 778, 780, 784, 783, 779, 781, 785, 788, 784, 782, 786, 785, 781, 783, 787, 786, 782, 784, 788, 787, 783, 785, 789, 792, 788, 786, 790, 789, 785, 787, 791, 790, 786, 788, 792, 791, 787, 789, 793, 796, 792, 790, 794, 793, 789, 791, 795, 794, 790, 792, 796, 795, 791, 793, 797, 800, 796, 794, 798, 797, 793, 795, 799, 798, 794, 796, 800, 799, 795, 797, 801, 804, 800, 798, 802, 801, 797, 799, 803, 802, 798, 800, 804, 803, 799, 801, 805, 808, 804, 802, 806, 805, 801, 803, 807, 806, 802, 804, 808, 807, 803, 805, 809, 812, 808, 806, 810, 809, 805, 807, 811, 810, 806, 808, 812, 811, 807, 809, 813, 816, 812, 810, 814, 813, 809, 811, 815, 814, 810, 812, 816, 815, 811, 813, 817, 820, 816, 814, 818, 817, 813, 815, 819, 818, 814, 816, 820, 819, 815, 817, 821, 824, 820, 818, 822, 821, 817, 819, 823, 822, 818, 820, 824, 823, 819, 821, 825, 824, 822, 825, 821, 823, 825, 822, 824, 825, 823, 826, 830, 833, 829, 827, 831, 830, 826, 828, 832, 831, 827, 829, 833, 832, 828, 830, 834, 837, 833, 831, 835, 834, 830, 832, 836, 835, 831, 833, 837, 836, 832, 834, 838, 841, 837, 835, 839, 838, 834, 836, 840, 839, 835, 837, 841, 840, 836, 838, 842, 845, 841, 839, 843, 842, 838, 840, 844, 843, 839, 841, 845, 844, 840, 842, 846, 845, 843, 846, 842, 844, 846, 843, 845, 846, 844, 847, 851, 854, 850, 848, 852, 851, 847, 849, 853, 852, 848, 850, 854, 853, 849, 851, 855, 858, 854, 852, 856, 855, 851, 853, 857, 856, 852, 854, 858, 857, 853, 855, 859, 862, 858, 856, 860, 859, 855, 857, 861, 860, 856, 858, 862, 861, 857, 859, 863, 866, 862, 860, 864, 863, 859, 861, 865, 864, 860, 862, 866, 865, 861, 863, 867, 866, 864, 867, 863, 865, 867, 864, 866, 867, 865, 868, 872, 875, 871, 869, 873, 872, 868, 870, 874, 873, 869, 871, 875, 874, 870, 872, 876, 879, 875, 873, 877, 876, 872, 874, 878, 877, 873, 875, 879, 878, 874, 876, 880, 883, 879, 877, 881, 880, 876, 878, 882, 881, 877, 879, 883, 882, 878, 880, 884, 887, 883, 881, 885, 884, 880, 882, 886, 885, 881, 883, 887, 886, 882, 884, 888, 887, 885, 888, 884, 886, 888, 885, 887, 888, 886, 889, 893, 896, 892, 890, 894, 893, 889, 891, 895, 894, 890, 892, 896, 895, 891, 893, 897, 900, 896, 894, 898, 897, 893, 895, 899, 898, 894, 896, 900, 899, 895, 897, 901, 904, 900, 898, 902, 901, 897, 899, 903, 902, 898, 900, 904, 903, 899, 901, 905, 908, 904, 902, 906, 905, 901, 903, 907, 906, 902, 904, 908, 907, 903, 905, 909, 908, 906, 909, 905, 907, 909, 906, 908, 909, 907]
                rel material:binding = </root/_materials/Skin>
                normal3f[] normals = [(0.97315025, -0.20915237, 0.09609344), (0.97315025, -0.20915237, 0.09609344), (0.97315025, -0.20915237, 0.09609344), (0.97315025, -0.20915237, 0.09609344), (0.68197936, -0.7276219, -0.07396236), (0.68197936, -0.7276219, -0.07396236), (0.68197936, -0.7276219, -0.07396236), (0.68197936, -0.7276219, -0.07396236), (0.9169961, 0.37735623, 0.12930733), (0.9169961, 0.37735623, 0.12930733), (0.9169961, 0.37735623, 0.12930733), (0.9169961, 0.37735623, 0.12930733), (0.5843728, 0.8105118, 0.03973574), (0.5843728, 0.8105118, 0.03973574), (0.5843728, 0.8105118, 0.03973574), (0.5843728, 0.8105118, 0.03973574), (0.10054524, 0.99104106, -0.08791024), (0.10054524, 0.99104106, -0.08791024), (0.10054524, 0.99104106, -0.08791024), (0.10054524, 0.99104106, -0.08791024), (0.6079697, 0.7925291, -0.047649078), (0.6079697, 0.7925291, -0.047649078), (0.6079697, 0.7925291, -0.047649078), (0.6079697, 0.7925291, -0.047649078), (0.9570361, -0.27834666, 0.08127272), (0.9570361, -0.27834666, 0.08127272), (0.9570361, -0.27834666, 0.08127272), (0.9570361, -0.27834666, 0.08127272), (0.9908296, 0.084863074, 0.105141826), (0.9908296, 0.084863074, 0.105141826), (0.9908296, 0.084863074, 0.105141826), (0.9908296, 0.084863074, 0.105141826), (0.9930513, 0.035412528, -0.11222743), (0.9930513, 0.035412528, -0.11222743), (0.9930513, 0.035412528, -0.11222743), (0.9930513, 0.035412528, -0.11222743), (0.9716941, -0.22081298, -0.08397765), (0.9716941, -0.22081298, -0.08397765), (0.9716941, -0.22081298, -0.08397765), (0.9716941, -0.22081298, -0.08397765), (0.5844854, 0.7187322, -0.37656435), (0.5844854, 0.7187322, -0.37656435), (0.5844854, 0.7187322, -0.37656435), (0.5844854, 0.7187322, -0.37656435), (0.036699798, -0.99183244, -0.12215369), (0.036699798, -0.99183244, -0.12215369), (0.036699798, -0.99183244, -0.12215369), (0.036699798, -0.99183244, -0.12215369), (0.97069, -0.23540257, -0.048441365), (0.97069, -0.23540257, -0.048441365), (0.97069, -0.23540257, -0.048441365), (0.97069, -0.23540257, -0.048441365), (0.8954945, 0.42561406, -0.13016234), (0.8954945, 0.42561406, -0.13016234), (0.8954945, 0.42561406, -0.13016234), (0.8954945, 0.42561406, -0.13016234), (0.7392459, -0.62008256, -0.26270336), (0.7392459, -0.62008256, -0.26270336), (0.7392459, -0.62008256, -0.26270336), (0.7392459, -0.62008256, -0.26270336), (0.15669596, 0.8913874, -0.42529386), (0.15669596, 0.8913874, -0.42529386), (0.15669596, 0.8913874, -0.42529386), (0.15669596, 0.8913874, -0.42529386), (0.91192913, -0.020257859, -0.40984723), (0.91192913, -0.020257859, -0.40984723), (0.91192913, -0.020257859, -0.40984723), (0.5799718, 0.6241509, -0.52351546), (0.5799718, 0.6241509, -0.52351546), (0.5799718, 0.6241509, -0.52351546), (0.5799718, 0.6241509, -0.52351546), (0.88150024, -0.38544947, -0.27273795), (0.88150024, -0.38544947, -0.27273795), (0.88150024, -0.38544947, -0.27273795), (0.88150024, -0.38544947, -0.27273795), (0.82205826, 0.3818715, -0.42236772), (0.82205826, 0.3818715, -0.42236772), (0.82205826, 0.3818715, -0.42236772), (0.82205826, 0.3818715, -0.42236772), (0.019047005, -0.87886083, -0.47669774), (0.019047005, -0.87886083, -0.47669774), (0.019047005, -0.87886083, -0.47669774), (0.019047005, -0.87886083, -0.47669774), (0.9044894, -0.13511698, -0.40452734), (0.9044894, -0.13511698, -0.40452734), (0.9044894, -0.13511698, -0.40452734), (0.9044894, -0.13511698, -0.40452734), (0.6705527, 0.094698675, -0.73579293), (0.6705527, 0.094698675, -0.73579293), (0.6705527, 0.094698675, -0.73579293), (0.6705527, 0.094698675, -0.73579293), (0.90556943, -0.01686629, -0.4238626), (0.90556943, -0.01686629, -0.4238626), (0.90556943, -0.01686629, -0.4238626), (0.90556943, -0.01686629, -0.4238626), (0.2834991, -0.9550606, -0.08653106), (0.2834991, -0.9550606, -0.08653106), (0.2834991, -0.9550606, -0.08653106), (0.2834991, -0.9550606, -0.08653106), (0.17250346, 0.809988, -0.5605015), (0.17250346, 0.809988, -0.5605015), (0.17250346, 0.809988, -0.5605015), (0.17250346, 0.809988, -0.5605015), (0.5637015, 0.6708205, -0.4819133), (0.5637015, 0.6708205, -0.4819133), (0.5637015, 0.6708205, -0.4819133), (0.5637015, 0.6708205, -0.4819133), (0.88548625, 0.08468766, -0.45688316), (0.88548625, 0.08468766, -0.45688316), (0.88548625, 0.08468766, -0.45688316), (0.88548625, 0.08468766, -0.45688316), (0.58858174, 0.15454058, -0.79352933), (0.58858174, 0.15454058, -0.79352933), (0.58858174, 0.15454058, -0.79352933), (0.58858174, 0.15454058, -0.79352933), (0.84921235, 0.33860782, -0.40519503), (0.84921235, 0.33860782, -0.40519503), (0.84921235, 0.33860782, -0.40519503), (0.84921235, 0.33860782, -0.40519503), (0.93922305, -0.14415248, -0.31157658), (0.93922305, -0.14415248, -0.31157658), (0.93922305, -0.14415248, -0.31157658), (0.93922305, -0.14415248, -0.31157658), (0.08733658, 0.14038506, -0.98623747), (0.08733658, 0.14038506, -0.98623747), (0.08733658, 0.14038506, -0.98623747), (0.08733658, 0.14038506, -0.98623747), (0.53164744, 0.84690624, 0.010037188), (0.53164744, 0.84690624, 0.010037188), (0.53164744, 0.84690624, 0.010037188), (0.53164744, 0.84690624, 0.010037188), (0.8307601, -0.4972259, -0.25020796), (0.8307601, -0.4972259, -0.25020796), (0.8307601, -0.4972259, -0.25020796), (0.8307601, -0.4972259, -0.25020796), (0.9153061, 0.118743606, -0.3848567), (0.9153061, 0.118743606, -0.3848567), (0.9153061, 0.118743606, -0.3848567), (0.9153061, 0.118743606, -0.3848567), (0.8619779, 0.2784933, -0.42359844), (0.8619779, 0.2784933, -0.42359844), (0.8619779, 0.2784933, -0.42359844), (0.8619779, 0.2784933, -0.42359844), (0.9786335, -0.14904062, 0.14164434), (0.9786335, -0.14904062, 0.14164434), (0.9786335, -0.14904062, 0.14164434), (0.9786335, -0.14904062, 0.14164434), (0.5447884, 0.8185591, -0.18211703), (0.5447884, 0.8185591, -0.18211703), (0.5447884, 0.8185591, -0.18211703), (0.5447884, 0.8185591, -0.18211703), (0.9783063, -0.18828133, 0.0864119), (0.9783063, -0.18828133, 0.0864119), (0.9783063, -0.18828133, 0.0864119), (0.9783063, -0.18828133, 0.0864119), (0.96794844, 0.214982, 0.12984093), (0.96794844, 0.214982, 0.12984093), (0.96794844, 0.214982, 0.12984093), (0.96794844, 0.214982, 0.12984093), (0.12848681, 0.9911331, -0.03385906), (0.12848681, 0.9911331, -0.03385906), (0.12848681, 0.9911331, -0.03385906), (0.12848681, 0.9911331, -0.03385906), (0.09109181, 0.9856964, 0.14179206), (0.09109181, 0.9856964, 0.14179206), (0.09109181, 0.9856964, 0.14179206), (0.09109181, 0.9856964, 0.14179206), (0.88643694, -0.44125295, -0.13973357), (0.88643694, -0.44125295, -0.13973357), (0.88643694, -0.44125295, -0.13973357), (0.88643694, -0.44125295, -0.13973357), (0.98358005, 0.118598774, 0.13603218), (0.98358005, 0.118598774, 0.13603218), (0.98358005, 0.118598774, 0.13603218), (0.98358005, 0.118598774, 0.13603218), (0.22610998, -0.88796324, -0.40049404), (0.22610998, -0.88796324, -0.40049404), (0.22610998, -0.88796324, -0.40049404), (0.22610998, -0.88796324, -0.40049404), (0.98608845, 0.11777014, 0.117302135), (0.98608845, 0.11777014, 0.117302135), (0.98608845, 0.11777014, 0.117302135), (0.98608845, 0.11777014, 0.117302135), (0.9877639, -0.1313066, 0.08414899), (0.9877639, -0.1313066, 0.08414899), (0.9877639, -0.1313066, 0.08414899), (0.9877639, -0.1313066, 0.08414899), (0.98461753, -0.15987043, 0.0704977), (0.98461753, -0.15987043, 0.0704977), (0.98461753, -0.15987043, 0.0704977), (0.98461753, -0.15987043, 0.0704977), (0.978951, 0.19105351, 0.07178806), (0.978951, 0.19105351, 0.07178806), (0.978951, 0.19105351, 0.07178806), (0.978951, 0.19105351, 0.07178806), (0.1383592, 0.97864395, -0.1520282), (0.1383592, 0.97864395, -0.1520282), (0.1383592, 0.97864395, -0.1520282), (0.1383592, 0.97864395, -0.1520282), (0.80187577, -0.59117955, 0.08661319), (0.80187577, -0.59117955, 0.08661319), (0.80187577, -0.59117955, 0.08661319), (0.80187577, -0.59117955, 0.08661319), (0.99489444, 0.081098214, -0.060067635), (0.99489444, 0.081098214, -0.060067635), (0.99489444, 0.081098214, -0.060067635), (0.99489444, 0.081098214, -0.060067635), (0.85212475, -0.5033207, -0.14335842), (0.85212475, -0.5033207, -0.14335842), (0.85212475, -0.5033207, -0.14335842), (0.85212475, -0.5033207, -0.14335842), (0.52527946, 0.8491376, 0.05519906), (0.52527946, 0.8491376, 0.05519906), (0.52527946, 0.8491376, 0.05519906), (0.52527946, 0.8491376, 0.05519906), (0.21680985, -0.95064425, 0.22196586), (0.21680985, -0.95064425, 0.22196586), (0.21680985, -0.95064425, 0.22196586), (0.21680985, -0.95064425, 0.22196586), (0.9584135, 0.2675909, -0.09919123), (0.9584135, 0.2675909, -0.09919123), (0.9584135, 0.2675909, -0.09919123), (0.9584135, 0.2675909, -0.09919123), (0.9772745, -0.16071786, -0.13821928), (0.9772745, -0.16071786, -0.13821928), (0.9772745, -0.16071786, -0.13821928), (0.9772745, -0.16071786, -0.13821928), (0.9871238, -0.10987918, -0.11624611), (0.9871238, -0.10987918, -0.11624611), (0.9871238, -0.10987918, -0.11624611), (0.9871238, -0.10987918, -0.11624611), (0.24838665, -0.9685465, -0.014894682), (0.24838665, -0.9685465, -0.014894682), (0.24838665, -0.9685465, -0.014894682), (0.24838665, -0.9685465, -0.014894682), (0.16677359, -0.64955133, 0.74180156), (0.16677359, -0.64955133, 0.74180156), (0.16677359, -0.64955133, 0.74180156), (0.16677359, -0.64955133, 0.74180156), (0.2053404, -0.14964591, 0.96718216), (0.2053404, -0.14964591, 0.96718216), (0.2053404, -0.14964591, 0.96718216), (0.2053404, -0.14964591, 0.96718216), (0.20971896, 0.041865077, 0.97686505), (0.20971896, 0.041865077, 0.97686505), (0.20971896, 0.041865077, 0.97686505), (0.20971896, 0.041865077, 0.97686505), (0.18348482, 0.437438, 0.8803303), (0.18348482, 0.437438, 0.8803303), (0.18348482, 0.437438, 0.8803303), (0.18348482, 0.437438, 0.8803303), (0.12599844, 0.7596012, 0.6380676), (0.12599844, 0.7596012, 0.6380676), (0.12599844, 0.7596012, 0.6380676), (0.12599844, 0.7596012, 0.6380676), (0.11052113, 0.9934258, 0.029836936), (0.11052113, 0.9934258, 0.029836936), (0.11052113, 0.9934258, 0.029836936), (0.11052113, 0.9934258, 0.029836936), (0.5178323, -0.6406869, 0.56689507), (0.5178323, -0.6406869, 0.56689507), (0.5178323, -0.6406869, 0.56689507), (0.5178323, -0.6406869, 0.56689507), (0.8915673, -0.24075846, 0.3835923), (0.8915673, -0.24075846, 0.3835923), (0.8915673, -0.24075846, 0.3835923), (0.8915673, -0.24075846, 0.3835923), (0.92867637, -0.15059261, 0.3389424), (0.92867637, -0.15059261, 0.3389424), (0.92867637, -0.15059261, 0.3389424), (0.92867637, -0.15059261, 0.3389424), (0.558132, 0.5081882, 0.65592194), (0.558132, 0.5081882, 0.65592194), (0.558132, 0.5081882, 0.65592194), (0.558132, 0.5081882, 0.65592194), (0.90803933, 0.1052546, 0.4054455), (0.90803933, 0.1052546, 0.4054455), (0.90803933, 0.1052546, 0.4054455), (0.90803933, 0.1052546, 0.4054455), (0.74842095, 0.27686873, 0.6026689), (0.74842095, 0.27686873, 0.6026689), (0.74842095, 0.27686873, 0.6026689), (0.74842095, 0.27686873, 0.6026689), (0.5387346, -0.52866817, 0.6559536), (0.5387346, -0.52866817, 0.6559536), (0.5387346, -0.52866817, 0.6559536), (0.5387346, -0.52866817, 0.6559536), (0.599962, -0.16404088, 0.7830302), (0.599962, -0.16404088, 0.7830302), (0.599962, -0.16404088, 0.7830302), (0.599962, -0.16404088, 0.7830302), (0.61888087, 0.07360901, 0.78202826), (0.61888087, 0.07360901, 0.78202826), (0.61888087, 0.07360901, 0.78202826), (0.61888087, 0.07360901, 0.78202826), (0.69048, 0.38395852, 0.6130361), (0.69048, 0.38395852, 0.6130361), (0.69048, 0.38395852, 0.6130361), (0.69048, 0.38395852, 0.6130361), (0.80151075, 0.011045531, -0.5978784), (0.80151075, 0.011045531, -0.5978784), (0.80151075, 0.011045531, -0.5978784), (0.80151075, 0.011045531, -0.5978784), (0.8471787, 0.15514135, -0.5081531), (0.8471787, 0.15514135, -0.5081531), (0.8471787, 0.15514135, -0.5081531), (0.8471787, 0.15514135, -0.5081531), (0.8562098, -0.050947323, -0.51411015), (0.8562098, -0.050947323, -0.51411015), (0.8562098, -0.050947323, -0.51411015), (0.8562098, -0.050947323, -0.51411015), (0.1865396, -0.7554869, 0.6280466), (0.1865396, -0.7554869, 0.6280466), (0.1865396, -0.7554869, 0.6280466), (0.1865396, -0.7554869, 0.6280466), (0.8752379, -0.12592599, -0.467013), (0.8752379, -0.12592599, -0.467013), (0.8752379, -0.12592599, -0.467013), (0.8752379, -0.12592599, -0.467013), (0.24924895, -0.6412782, -0.7256978), (0.24924895, -0.6412782, -0.7256978), (0.24924895, -0.6412782, -0.7256978), (0.24924895, -0.6412782, -0.7256978), (0.25843453, -0.9649961, -0.04465564), (0.25843453, -0.9649961, -0.04465564), (0.25843453, -0.9649961, -0.04465564), (0.25843453, -0.9649961, -0.04465564), (0.9487281, -0.063201055, -0.30971032), (0.9487281, -0.063201055, -0.30971032), (0.9487281, -0.063201055, -0.30971032), (0.9487281, -0.063201055, -0.30971032), (0.15714826, 0.8787958, -0.45058006), (0.15714826, 0.8787958, -0.45058006), (0.15714826, 0.8787958, -0.45058006), (0.15714826, 0.8787958, -0.45058006), (-0.97315025, -0.20915224, 0.09609343), (-0.97315025, -0.20915224, 0.09609343), (-0.97315025, -0.20915224, 0.09609343), (-0.97315025, -0.20915224, 0.09609343), (-0.68198, -0.72762126, -0.07396234), (-0.68198, -0.72762126, -0.07396234), (-0.68198, -0.72762126, -0.07396234), (-0.68198, -0.72762126, -0.07396234), (-0.91699624, 0.37735584, 0.12930718), (-0.91699624, 0.37735584, 0.12930718), (-0.91699624, 0.37735584, 0.12930718), (-0.91699624, 0.37735584, 0.12930718), (-0.5843725, 0.81051207, 0.039735742), (-0.5843725, 0.81051207, 0.039735742), (-0.5843725, 0.81051207, 0.039735742), (-0.5843725, 0.81051207, 0.039735742), (-0.100544706, 0.9910412, -0.08791025), (-0.100544706, 0.9910412, -0.08791025), (-0.100544706, 0.9910412, -0.08791025), (-0.100544706, 0.9910412, -0.08791025), (-0.6079692, 0.7925295, -0.047649108), (-0.6079692, 0.7925295, -0.047649108), (-0.6079692, 0.7925295, -0.047649108), (-0.6079692, 0.7925295, -0.047649108), (-0.95703584, -0.2783469, 0.08127277), (-0.95703584, -0.2783469, 0.08127277), (-0.95703584, -0.2783469, 0.08127277), (-0.95703584, -0.2783469, 0.08127277), (-0.9908297, 0.08486302, 0.10514181), (-0.9908297, 0.08486302, 0.10514181), (-0.9908297, 0.08486302, 0.10514181), (-0.9908297, 0.08486302, 0.10514181), (-0.9930512, 0.035412584, -0.112227805), (-0.9930512, 0.035412584, -0.112227805), (-0.9930512, 0.035412584, -0.112227805), (-0.9930512, 0.035412584, -0.112227805), (-0.97169393, -0.22081353, -0.0839778), (-0.97169393, -0.22081353, -0.0839778), (-0.97169393, -0.22081353, -0.0839778), (-0.97169393, -0.22081353, -0.0839778), (-0.58448374, 0.7187333, -0.37656495), (-0.58448374, 0.7187333, -0.37656495), (-0.58448374, 0.7187333, -0.37656495), (-0.58448374, 0.7187333, -0.37656495), (-0.03669948, -0.9918325, -0.12215365), (-0.03669948, -0.9918325, -0.12215365), (-0.03669948, -0.9918325, -0.12215365), (-0.03669948, -0.9918325, -0.12215365), (-0.97069, -0.2354026, -0.048441365), (-0.97069, -0.2354026, -0.048441365), (-0.97069, -0.2354026, -0.048441365), (-0.97069, -0.2354026, -0.048441365), (-0.89549464, 0.425614, -0.13016231), (-0.89549464, 0.425614, -0.13016231), (-0.89549464, 0.425614, -0.13016231), (-0.89549464, 0.425614, -0.13016231), (-0.7392478, -0.6200807, -0.26270255), (-0.7392478, -0.6200807, -0.26270255), (-0.7392478, -0.6200807, -0.26270255), (-0.7392478, -0.6200807, -0.26270255), (-0.15669717, 0.8913872, -0.4252938), (-0.15669717, 0.8913872, -0.4252938), (-0.15669717, 0.8913872, -0.4252938), (-0.15669717, 0.8913872, -0.4252938), (-0.91192913, -0.020257859, -0.40984723), (-0.91192913, -0.020257859, -0.40984723), (-0.91192913, -0.020257859, -0.40984723), (-0.5799706, 0.6241515, -0.523516), (-0.5799706, 0.6241515, -0.523516), (-0.5799706, 0.6241515, -0.523516), (-0.5799706, 0.6241515, -0.523516), (-0.88150024, -0.38544953, -0.27273786), (-0.88150024, -0.38544953, -0.27273786), (-0.88150024, -0.38544953, -0.27273786), (-0.88150024, -0.38544953, -0.27273786), (-0.8220587, 0.38187099, -0.42236716), (-0.8220587, 0.38187099, -0.42236716), (-0.8220587, 0.38187099, -0.42236716), (-0.8220587, 0.38187099, -0.42236716), (-0.019046871, -0.87886083, -0.47669774), (-0.019046871, -0.87886083, -0.47669774), (-0.019046871, -0.87886083, -0.47669774), (-0.019046871, -0.87886083, -0.47669774), (-0.90448934, -0.13511693, -0.40452737), (-0.90448934, -0.13511693, -0.40452737), (-0.90448934, -0.13511693, -0.40452737), (-0.90448934, -0.13511693, -0.40452737), (-0.6705541, 0.09469846, -0.7357917), (-0.6705541, 0.09469846, -0.7357917), (-0.6705541, 0.09469846, -0.7357917), (-0.6705541, 0.09469846, -0.7357917), (-0.9055693, -0.016866298, -0.42386284), (-0.9055693, -0.016866298, -0.42386284), (-0.9055693, -0.016866298, -0.42386284), (-0.9055693, -0.016866298, -0.42386284), (-0.2834995, -0.9550605, -0.08653105), (-0.2834995, -0.9550605, -0.08653105), (-0.2834995, -0.9550605, -0.08653105), (-0.2834995, -0.9550605, -0.08653105), (-0.17250346, 0.809988, -0.5605015), (-0.17250346, 0.809988, -0.5605015), (-0.17250346, 0.809988, -0.5605015), (-0.17250346, 0.809988, -0.5605015), (-0.5637015, 0.6708205, -0.4819133), (-0.5637015, 0.6708205, -0.4819133), (-0.5637015, 0.6708205, -0.4819133), (-0.5637015, 0.6708205, -0.4819133), (-0.8854866, 0.08468755, -0.45688236), (-0.8854866, 0.08468755, -0.45688236), (-0.8854866, 0.08468755, -0.45688236), (-0.8854866, 0.08468755, -0.45688236), (-0.58858174, 0.15454063, -0.7935293), (-0.58858174, 0.15454063, -0.7935293), (-0.58858174, 0.15454063, -0.7935293), (-0.58858174, 0.15454063, -0.7935293), (-0.8492119, 0.33860838, -0.40519586), (-0.8492119, 0.33860838, -0.40519586), (-0.8492119, 0.33860838, -0.40519586), (-0.8492119, 0.33860838, -0.40519586), (-0.93922305, -0.14415254, -0.31157652), (-0.93922305, -0.14415254, -0.31157652), (-0.93922305, -0.14415254, -0.31157652), (-0.93922305, -0.14415254, -0.31157652), (-0.08733595, 0.14038505, -0.98623747), (-0.08733595, 0.14038505, -0.98623747), (-0.08733595, 0.14038505, -0.98623747), (-0.08733595, 0.14038505, -0.98623747), (-0.53164864, 0.84690547, 0.010037203), (-0.53164864, 0.84690547, 0.010037203), (-0.53164864, 0.84690547, 0.010037203), (-0.53164864, 0.84690547, 0.010037203), (-0.8307599, -0.4972262, -0.250208), (-0.8307599, -0.4972262, -0.250208), (-0.8307599, -0.4972262, -0.250208), (-0.8307599, -0.4972262, -0.250208), (-0.915306, 0.11874358, -0.38485685), (-0.915306, 0.11874358, -0.38485685), (-0.915306, 0.11874358, -0.38485685), (-0.915306, 0.11874358, -0.38485685), (-0.8619779, 0.27849331, -0.42359844), (-0.8619779, 0.27849331, -0.42359844), (-0.8619779, 0.27849331, -0.42359844), (-0.8619779, 0.27849331, -0.42359844), (-0.97863364, -0.1490405, 0.14164428), (-0.97863364, -0.1490405, 0.14164428), (-0.97863364, -0.1490405, 0.14164428), (-0.97863364, -0.1490405, 0.14164428), (-0.544788, 0.8185594, -0.18211706), (-0.544788, 0.8185594, -0.18211706), (-0.544788, 0.8185594, -0.18211706), (-0.544788, 0.8185594, -0.18211706), (-0.9783063, -0.18828124, 0.086411834), (-0.9783063, -0.18828124, 0.086411834), (-0.9783063, -0.18828124, 0.086411834), (-0.9783063, -0.18828124, 0.086411834), (-0.9679482, 0.21498282, 0.12984137), (-0.9679482, 0.21498282, 0.12984137), (-0.9679482, 0.21498282, 0.12984137), (-0.9679482, 0.21498282, 0.12984137), (-0.12848748, 0.991133, -0.033859055), (-0.12848748, 0.991133, -0.033859055), (-0.12848748, 0.991133, -0.033859055), (-0.12848748, 0.991133, -0.033859055), (-0.09109181, 0.9856964, 0.14179206), (-0.09109181, 0.9856964, 0.14179206), (-0.09109181, 0.9856964, 0.14179206), (-0.09109181, 0.9856964, 0.14179206), (-0.8864375, -0.4412519, -0.13973318), (-0.8864375, -0.4412519, -0.13973318), (-0.8864375, -0.4412519, -0.13973318), (-0.8864375, -0.4412519, -0.13973318), (-0.98358023, 0.118598066, 0.13603142), (-0.98358023, 0.118598066, 0.13603142), (-0.98358023, 0.118598066, 0.13603142), (-0.98358023, 0.118598066, 0.13603142), (-0.22610995, -0.8879631, -0.40049425), (-0.22610995, -0.8879631, -0.40049425), (-0.22610995, -0.8879631, -0.40049425), (-0.22610995, -0.8879631, -0.40049425), (-0.98608845, 0.11777025, 0.11730218), (-0.98608845, 0.11777025, 0.11730218), (-0.98608845, 0.11777025, 0.11730218), (-0.98608845, 0.11777025, 0.11730218), (-0.98776394, -0.13130635, 0.0841488), (-0.98776394, -0.13130635, 0.0841488), (-0.98776394, -0.13130635, 0.0841488), (-0.98776394, -0.13130635, 0.0841488), (-0.98461753, -0.15987048, 0.07049774), (-0.98461753, -0.15987048, 0.07049774), (-0.98461753, -0.15987048, 0.07049774), (-0.98461753, -0.15987048, 0.07049774), (-0.97895086, 0.19105357, 0.07178809), (-0.97895086, 0.19105357, 0.07178809), (-0.97895086, 0.19105357, 0.07178809), (-0.97895086, 0.19105357, 0.07178809), (-0.1383592, 0.97864395, -0.1520282), (-0.1383592, 0.97864395, -0.1520282), (-0.1383592, 0.97864395, -0.1520282), (-0.1383592, 0.97864395, -0.1520282), (-0.80187625, -0.591179, 0.08661306), (-0.80187625, -0.591179, 0.08661306), (-0.80187625, -0.591179, 0.08661306), (-0.80187625, -0.591179, 0.08661306), (-0.9948944, 0.08109817, -0.06006756), (-0.9948944, 0.08109817, -0.06006756), (-0.9948944, 0.08109817, -0.06006756), (-0.9948944, 0.08109817, -0.06006756), (-0.8521246, -0.5033211, -0.1433585), (-0.8521246, -0.5033211, -0.1433585), (-0.8521246, -0.5033211, -0.1433585), (-0.8521246, -0.5033211, -0.1433585), (-0.52527994, 0.84913725, 0.055199005), (-0.52527994, 0.84913725, 0.055199005), (-0.52527994, 0.84913725, 0.055199005), (-0.52527994, 0.84913725, 0.055199005), (-0.2168102, -0.95064425, 0.22196586), (-0.2168102, -0.95064425, 0.22196586), (-0.2168102, -0.95064425, 0.22196586), (-0.2168102, -0.95064425, 0.22196586), (-0.9584133, 0.267591, -0.09919127), (-0.9584133, 0.267591, -0.09919127), (-0.9584133, 0.267591, -0.09919127), (-0.9584133, 0.267591, -0.09919127), (-0.97727436, -0.16071793, -0.13821942), (-0.97727436, -0.16071793, -0.13821942), (-0.97727436, -0.16071793, -0.13821942), (-0.97727436, -0.16071793, -0.13821942), (-0.98712385, -0.109878965, -0.11624594), (-0.98712385, -0.109878965, -0.11624594), (-0.98712385, -0.109878965, -0.11624594), (-0.98712385, -0.109878965, -0.11624594), (-0.2483867, -0.9685464, -0.014894779), (-0.2483867, -0.9685464, -0.014894779), (-0.2483867, -0.9685464, -0.014894779), (-0.2483867, -0.9685464, -0.014894779), (-0.1667734, -0.64955133, 0.74180156), (-0.1667734, -0.64955133, 0.74180156), (-0.1667734, -0.64955133, 0.74180156), (-0.1667734, -0.64955133, 0.74180156), (-0.20533997, -0.14964594, 0.9671823), (-0.20533997, -0.14964594, 0.9671823), (-0.20533997, -0.14964594, 0.9671823), (-0.20533997, -0.14964594, 0.9671823), (-0.20971784, 0.04186508, 0.9768653), (-0.20971784, 0.04186508, 0.9768653), (-0.20971784, 0.04186508, 0.9768653), (-0.20971784, 0.04186508, 0.9768653), (-0.18348347, 0.43743807, 0.8803305), (-0.18348347, 0.43743807, 0.8803305), (-0.18348347, 0.43743807, 0.8803305), (-0.18348347, 0.43743807, 0.8803305), (-0.12599844, 0.75960124, 0.6380676), (-0.12599844, 0.75960124, 0.6380676), (-0.12599844, 0.75960124, 0.6380676), (-0.12599844, 0.75960124, 0.6380676), (-0.11052113, 0.9934258, 0.029836936), (-0.11052113, 0.9934258, 0.029836936), (-0.11052113, 0.9934258, 0.029836936), (-0.11052113, 0.9934258, 0.029836936), (-0.5178314, -0.64068735, 0.5668954), (-0.5178314, -0.64068735, 0.5668954), (-0.5178314, -0.64068735, 0.5668954), (-0.5178314, -0.64068735, 0.5668954), (-0.8915673, -0.2407586, 0.3835923), (-0.8915673, -0.2407586, 0.3835923), (-0.8915673, -0.2407586, 0.3835923), (-0.8915673, -0.2407586, 0.3835923), (-0.9286765, -0.15059257, 0.33894232), (-0.9286765, -0.15059257, 0.33894232), (-0.9286765, -0.15059257, 0.33894232), (-0.9286765, -0.15059257, 0.33894232), (-0.5581312, 0.5081884, 0.65592223), (-0.5581312, 0.5081884, 0.65592223), (-0.5581312, 0.5081884, 0.65592223), (-0.5581312, 0.5081884, 0.65592223), (-0.90803915, 0.10525478, 0.40544584), (-0.90803915, 0.10525478, 0.40544584), (-0.90803915, 0.10525478, 0.40544584), (-0.90803915, 0.10525478, 0.40544584), (-0.7484218, 0.2768683, 0.6026681), (-0.7484218, 0.2768683, 0.6026681), (-0.7484218, 0.2768683, 0.6026681), (-0.7484218, 0.2768683, 0.6026681), (-0.5387352, -0.5286679, 0.65595317), (-0.5387352, -0.5286679, 0.65595317), (-0.5387352, -0.5286679, 0.65595317), (-0.5387352, -0.5286679, 0.65595317), (-0.5999613, -0.16404098, 0.78303075), (-0.5999613, -0.16404098, 0.78303075), (-0.5999613, -0.16404098, 0.78303075), (-0.5999613, -0.16404098, 0.78303075), (-0.6188802, 0.073609054, 0.7820288), (-0.6188802, 0.073609054, 0.7820288), (-0.6188802, 0.073609054, 0.7820288), (-0.6188802, 0.073609054, 0.7820288), (-0.6904804, 0.38395828, 0.61303574), (-0.6904804, 0.38395828, 0.61303574), (-0.6904804, 0.38395828, 0.61303574), (-0.6904804, 0.38395828, 0.61303574), (-0.8015097, 0.011045556, -0.5978797), (-0.8015097, 0.011045556, -0.5978797), (-0.8015097, 0.011045556, -0.5978797), (-0.8015097, 0.011045556, -0.5978797), (-0.847179, 0.15514125, -0.50815254), (-0.847179, 0.15514125, -0.50815254), (-0.847179, 0.15514125, -0.50815254), (-0.847179, 0.15514125, -0.50815254), (-0.8562088, -0.050947465, -0.5141116), (-0.8562088, -0.050947465, -0.5141116), (-0.8562088, -0.050947465, -0.5141116), (-0.8562088, -0.050947465, -0.5141116), (-0.1865401, -0.75548685, 0.6280466), (-0.1865401, -0.75548685, 0.6280466), (-0.1865401, -0.75548685, 0.6280466), (-0.1865401, -0.75548685, 0.6280466), (-0.8752371, -0.12592648, -0.46701464), (-0.8752371, -0.12592648, -0.46701464), (-0.8752371, -0.12592648, -0.46701464), (-0.8752371, -0.12592648, -0.46701464), (-0.24924895, -0.6412782, -0.7256978), (-0.24924895, -0.6412782, -0.7256978), (-0.24924895, -0.6412782, -0.7256978), (-0.24924895, -0.6412782, -0.7256978), (-0.25843424, -0.9649961, -0.04465571), (-0.25843424, -0.9649961, -0.04465571), (-0.25843424, -0.9649961, -0.04465571), (-0.25843424, -0.9649961, -0.04465571), (-0.9487283, -0.06320097, -0.3097098), (-0.9487283, -0.06320097, -0.3097098), (-0.9487283, -0.06320097, -0.3097098), (-0.9487283, -0.06320097, -0.3097098), (-0.15714826, 0.8787958, -0.45058006), (-0.15714826, 0.8787958, -0.45058006), (-0.15714826, 0.8787958, -0.45058006), (-0.15714826, 0.8787958, -0.45058006), (-0.9963353, 0.08553349, 0), (-0.9963353, 0.08553349, 0), (-0.9963353, 0.08553349, 0), (-0.9963353, 0.08553349, 0), (0.9963353, 0.08553349, 0), (0.9963353, 0.08553349, 0), (0.9963353, 0.08553349, 0), (0.9963353, 0.08553349, 0), (-0.13745199, 0.99050844, 0), (-0.13745199, 0.99050844, 0), (-0.13745199, 0.99050844, 0), (-0.13745199, 0.99050844, 0), (0.13745199, 0.99050844, 0), (0.13745199, 0.99050844, 0), (0.13745199, 0.99050844, 0), (0.13745199, 0.99050844, 0), (-0.9544648, -0.2983238, 0), (-0.9544648, -0.2983238, 0), (-0.9544648, -0.2983238, 0), (-0.9544648, -0.2983238, 0), (0.9544648, -0.2983238, 0), (0.9544648, -0.2983238, 0), (0.9544648, -0.2983238, 0), (0.9544648, -0.2983238, 0), (-0.06997469, -0.99754876, 0), (-0.06997469, -0.99754876, 0), (-0.06997469, -0.99754876, 0), (-0.06997469, -0.99754876, 0), (0.06997469, -0.99754876, 0), (0.06997469, -0.99754876, 0), (0.06997469, -0.99754876, 0), (0.06997469, -0.99754876, 0), (0.5486603, 0.8360454, 0), (0.5486603, 0.8360454, 0), (0.5486603, 0.8360454, 0), (0.5486603, 0.8360454, 0), (-0.5486603, 0.8360454, 0), (-0.5486603, 0.8360454, 0), (-0.5486603, 0.8360454, 0), (-0.5486603, 0.8360454, 0), (-0.96189183, 0.27343032, 0), (-0.96189183, 0.27343032, 0), (-0.96189183, 0.27343032, 0), (-0.96189183, 0.27343032, 0), (0.96189183, 0.27343032, 0), (0.96189183, 0.27343032, 0), (0.96189183, 0.27343032, 0), (0.96189183, 0.27343032, 0), (-0.5706398, -0.8212004, 0), (-0.5706398, -0.8212004, 0), (-0.5706398, -0.8212004, 0), (-0.5706398, -0.8212004, 0), (0.5706398, -0.8212004, 0), (0.5706398, -0.8212004, 0), (0.5706398, -0.8212004, 0), (0.5706398, -0.8212004, 0), (-0.9735631, -0.22841844, 0), (-0.9735631, -0.22841844, 0), (-0.9735631, -0.22841844, 0), (-0.9735631, -0.22841844, 0), (0.9735631, -0.22841844, 0), (0.9735631, -0.22841844, 0), (0.9735631, -0.22841844, 0), (0.9735631, -0.22841844, 0), (9.777017e-7, 0, -0.99999994), (9.777017e-7, 0, -0.99999994), (9.777017e-7, 0, -0.99999994), (9.777017e-7, 0, -0.99999994), (9.777017e-7, 0, -0.99999994), (9.777017e-7, 0, -0.99999994), (9.777017e-7, 0, -0.99999994), (9.777017e-7, 0, -0.99999994), (9.777017e-7, 0, -0.99999994), (9.777017e-7, 0, -0.99999994), (9.777017e-7, 0, -0.99999994), (9.777017e-7, 0, -0.99999994), (9.777017e-7, 0, -0.99999994), (9.777017e-7, 0, -0.99999994), (9.777017e-7, 0, -0.99999994), (9.777017e-7, 0, -0.99999994), (0.9963995, -0.05065451, 0.06798744), (0.9963995, -0.05065451, 0.06798744), (0.9963995, -0.05065451, 0.06798744), (0.9963995, -0.05065451, 0.06798744), (0.13423604, -0.021161556, -0.9907235), (0.13423604, -0.021161556, -0.9907235), (0.13423604, -0.021161556, -0.9907235), (0.13423604, -0.021161556, -0.9907235), (0.17191961, -0.9584024, 0.2278343), (0.17191961, -0.9584024, 0.2278343), (0.17191961, -0.9584024, 0.2278343), (0.17191961, -0.9584024, 0.2278343), (0.51405346, -0.8577095, 0.009125605), (0.51405346, -0.8577095, 0.009125605), (0.51405346, -0.8577095, 0.009125605), (0.51405346, -0.8577095, 0.009125605), (0.47823623, -0.8752715, -0.072039954), (0.47823623, -0.8752715, -0.072039954), (0.47823623, -0.8752715, -0.072039954), (0.47823623, -0.8752715, -0.072039954), (0.44346234, -0.8929693, -0.07711568), (0.44346234, -0.8929693, -0.07711568), (0.44346234, -0.8929693, -0.07711568), (0.44346234, -0.8929693, -0.07711568), (0.44074795, -0.89763093, 0.000123583), (0.44074795, -0.89763093, 0.000123583), (0.44074795, -0.89763093, 0.000123583), (0.44074795, -0.89763093, 0.000123583), (-0.39686078, 0.9177544, -0.015111286), (-0.39686078, 0.9177544, -0.015111286), (-0.39686078, 0.9177544, -0.015111286), (-0.39686078, 0.9177544, -0.015111286), (-0.35819882, 0.931634, 0.061250575), (-0.35819882, 0.931634, 0.061250575), (-0.35819882, 0.931634, 0.061250575), (-0.35819882, 0.931634, 0.061250575), (-0.2948639, 0.9542448, 0.049720276), (-0.2948639, 0.9542448, 0.049720276), (-0.2948639, 0.9542448, 0.049720276), (-0.2948639, 0.9542448, 0.049720276), (-0.26819667, 0.96323586, -0.015725061), (-0.26819667, 0.96323586, -0.015725061), (-0.26819667, 0.96323586, -0.015725061), (-0.26819667, 0.96323586, -0.015725061), (0.4121981, 0.14756565, 0.8990646), (0.4121981, 0.14756565, 0.8990646), (0.4121981, 0.14756565, 0.8990646), (0.4121981, 0.14756565, 0.8990646), (0.20513459, 0.19486769, -0.95913833), (0.20513459, 0.19486769, -0.95913833), (0.20513459, 0.19486769, -0.95913833), (0.20513459, 0.19486769, -0.95913833), (0.48339114, 0.34633777, -0.8039796), (0.48339114, 0.34633777, -0.8039796), (0.48339114, 0.34633777, -0.8039796), (0.48339114, 0.34633777, -0.8039796), (0.88461703, 0.45984083, 0.07745353), (0.88461703, 0.45984083, 0.07745353), (0.88461703, 0.45984083, 0.07745353), (0.88461703, 0.45984083, 0.07745353), (0.7595989, 0.46254802, -0.4572294), (0.7595989, 0.46254802, -0.4572294), (0.7595989, 0.46254802, -0.4572294), (0.7595989, 0.46254802, -0.4572294), (-0.16750625, -0.16933925, 0.97121876), (-0.16750625, -0.16933925, 0.97121876), (-0.16750625, -0.16933925, 0.97121876), (-0.16750625, -0.16933925, 0.97121876), (-0.3042431, 0.90765643, 0.28912994), (-0.3042431, 0.90765643, 0.28912994), (-0.3042431, 0.90765643, 0.28912994), (-0.3042431, 0.90765643, 0.28912994), (0.26645336, -0.9171848, -0.29626763), (0.26645336, -0.9171848, -0.29626763), (0.26645336, -0.9171848, -0.29626763), (0.26645336, -0.9171848, -0.29626763), (0.0013661163, 0.21376395, -0.97688437), (0.0013661163, 0.21376395, -0.97688437), (0.0013661163, 0.21376395, -0.97688437), (0.0013661163, 0.21376395, -0.97688437), (0.9601656, 0.25414923, 0.11614755), (0.9601656, 0.25414923, 0.11614755), (0.9601656, 0.25414923, 0.11614755), (0.9601656, 0.25414923, 0.11614755), (-0.92678225, -0.27305353, -0.25790754), (-0.92678225, -0.27305353, -0.25790754), (-0.92678225, -0.27305353, -0.25790754), (-0.92678225, -0.27305353, -0.25790754), (0.016872255, -0.20813107, 0.97795534), (0.016872255, -0.20813107, 0.97795534), (0.016872255, -0.20813107, 0.97795534), (0.016872255, -0.20813107, 0.97795534), (-0.9523541, -0.28932515, -0.09650184), (-0.9523541, -0.28932515, -0.09650184), (-0.9523541, -0.28932515, -0.09650184), (-0.9523541, -0.28932515, -0.09650184), (-0.30214244, 0.9381556, 0.16903855), (-0.30214244, 0.9381556, 0.16903855), (-0.30214244, 0.9381556, 0.16903855), (-0.30214244, 0.9381556, 0.16903855), (0.95235264, 0.28932962, 0.09650329), (0.95235264, 0.28932962, 0.09650329), (0.95235264, 0.28932962, 0.09650329), (0.95235264, 0.28932962, 0.09650329), (0.30214274, -0.9381557, -0.16903764), (0.30214274, -0.9381557, -0.16903764), (0.30214274, -0.9381557, -0.16903764), (0.30214274, -0.9381557, -0.16903764), (0.041635416, 0.19014186, -0.9808734), (0.041635416, 0.19014186, -0.9808734), (0.041635416, 0.19014186, -0.9808734), (0.041635416, 0.19014186, -0.9808734), (-0.04161875, -0.19014014, 0.9808744), (-0.04161875, -0.19014014, 0.9808744), (-0.04161875, -0.19014014, 0.9808744), (-0.04161875, -0.19014014, 0.9808744), (-0.9963995, -0.050654396, 0.0679873), (-0.9963995, -0.050654396, 0.0679873), (-0.9963995, -0.050654396, 0.0679873), (-0.9963995, -0.050654396, 0.0679873), (-0.13423985, -0.021161543, -0.9907229), (-0.13423985, -0.021161543, -0.9907229), (-0.13423985, -0.021161543, -0.9907229), (-0.13423985, -0.021161543, -0.9907229), (-0.17192051, -0.9584022, 0.22783425), (-0.17192051, -0.9584022, 0.22783425), (-0.17192051, -0.9584022, 0.22783425), (-0.17192051, -0.9584022, 0.22783425), (-0.51405317, -0.85770977, 0.009125609), (-0.51405317, -0.85770977, 0.009125609), (-0.51405317, -0.85770977, 0.009125609), (-0.51405317, -0.85770977, 0.009125609), (-0.47823623, -0.87527156, -0.07204013), (-0.47823623, -0.87527156, -0.07204013), (-0.47823623, -0.87527156, -0.07204013), (-0.47823623, -0.87527156, -0.07204013), (-0.44346148, -0.8929698, -0.077115856), (-0.44346148, -0.8929698, -0.077115856), (-0.44346148, -0.8929698, -0.077115856), (-0.44346148, -0.8929698, -0.077115856), (-0.4407464, -0.89763165, 0.00012337272), (-0.4407464, -0.89763165, 0.00012337272), (-0.4407464, -0.89763165, 0.00012337272), (-0.4407464, -0.89763165, 0.00012337272), (0.39685956, 0.91775495, -0.015111327), (0.39685956, 0.91775495, -0.015111327), (0.39685956, 0.91775495, -0.015111327), (0.39685956, 0.91775495, -0.015111327), (0.3582001, 0.93163353, 0.061250377), (0.3582001, 0.93163353, 0.061250377), (0.3582001, 0.93163353, 0.061250377), (0.3582001, 0.93163353, 0.061250377), (0.2948639, 0.9542448, 0.049720142), (0.2948639, 0.9542448, 0.049720142), (0.2948639, 0.9542448, 0.049720142), (0.2948639, 0.9542448, 0.049720142), (0.26819736, 0.9632356, -0.015725015), (0.26819736, 0.9632356, -0.015725015), (0.26819736, 0.9632356, -0.015725015), (0.26819736, 0.9632356, -0.015725015), (-0.41219792, 0.1475658, 0.89906454), (-0.41219792, 0.1475658, 0.89906454), (-0.41219792, 0.1475658, 0.89906454), (-0.41219792, 0.1475658, 0.89906454), (-0.20513834, 0.19486754, -0.95913756), (-0.20513834, 0.19486754, -0.95913756), (-0.20513834, 0.19486754, -0.95913756), (-0.20513834, 0.19486754, -0.95913756), (-0.4833913, 0.34633777, -0.80397946), (-0.4833913, 0.34633777, -0.80397946), (-0.4833913, 0.34633777, -0.80397946), (-0.4833913, 0.34633777, -0.80397946), (-0.88461596, 0.45984292, 0.07745356), (-0.88461596, 0.45984292, 0.07745356), (-0.88461596, 0.45984292, 0.07745356), (-0.88461596, 0.45984292, 0.07745356), (-0.75959885, 0.4625482, -0.4572296), (-0.75959885, 0.4625482, -0.4572296), (-0.75959885, 0.4625482, -0.4572296), (-0.75959885, 0.4625482, -0.4572296), (0.16751043, -0.16933894, 0.9712181), (0.16751043, -0.16933894, 0.9712181), (0.16751043, -0.16933894, 0.9712181), (0.16751043, -0.16933894, 0.9712181), (0.3042409, 0.907657, 0.28913027), (0.3042409, 0.907657, 0.28913027), (0.3042409, 0.907657, 0.28913027), (0.3042409, 0.907657, 0.28913027), (-0.26645446, -0.9171845, -0.2962678), (-0.26645446, -0.9171845, -0.2962678), (-0.26645446, -0.9171845, -0.2962678), (-0.26645446, -0.9171845, -0.2962678), (-0.0013661156, 0.21376385, -0.9768844), (-0.0013661156, 0.21376385, -0.9768844), (-0.0013661156, 0.21376385, -0.9768844), (-0.0013661156, 0.21376385, -0.9768844), (-0.96016514, 0.25415045, 0.11614813), (-0.96016514, 0.25415045, 0.11614813), (-0.96016514, 0.25415045, 0.11614813), (-0.96016514, 0.25415045, 0.11614813), (0.92678237, -0.27305356, -0.25790736), (0.92678237, -0.27305356, -0.25790736), (0.92678237, -0.27305356, -0.25790736), (0.92678237, -0.27305356, -0.25790736), (-0.016872246, -0.20813099, 0.9779554), (-0.016872246, -0.20813099, 0.9779554), (-0.016872246, -0.20813099, 0.9779554), (-0.016872246, -0.20813099, 0.9779554), (0.9523542, -0.28932488, -0.09650177), (0.9523542, -0.28932488, -0.09650177), (0.9523542, -0.28932488, -0.09650177), (0.9523542, -0.28932488, -0.09650177), (0.30214137, 0.93815595, 0.16903856), (0.30214137, 0.93815595, 0.16903856), (0.30214137, 0.93815595, 0.16903856), (0.30214137, 0.93815595, 0.16903856), (-0.9523525, 0.28932974, 0.09650335), (-0.9523525, 0.28932974, 0.09650335), (-0.9523525, 0.28932974, 0.09650335), (-0.9523525, 0.28932974, 0.09650335), (-0.30214268, -0.93815565, -0.16903736), (-0.30214268, -0.93815565, -0.16903736), (-0.30214268, -0.93815565, -0.16903736), (-0.30214268, -0.93815565, -0.16903736), (-0.04163541, 0.19014181, -0.9808734), (-0.04163541, 0.19014181, -0.9808734), (-0.04163541, 0.19014181, -0.9808734), (-0.04163541, 0.19014181, -0.9808734), (0.041621134, -0.1901401, 0.98087424), (0.041621134, -0.1901401, 0.98087424), (0.041621134, -0.1901401, 0.98087424), (0.041621134, -0.1901401, 0.98087424), (0.26783606, -0.8175682, -0.509751), (0.26783606, -0.8175682, -0.509751), (0.26783606, -0.8175682, -0.509751), (0.26783606, -0.8175682, -0.509751), (-0.0010518614, 0.89609647, -0.44385812), (-0.0010518614, 0.89609647, -0.44385812), (-0.0010518614, 0.89609647, -0.44385812), (-0.0010518614, 0.89609647, -0.44385812), (-0.32446858, 0.80814064, 0.49155757), (-0.32446858, 0.80814064, 0.49155757), (-0.32446858, 0.80814064, 0.49155757), (-0.32446858, 0.80814064, 0.49155757), (-0.03801811, -0.9021226, 0.42980155), (-0.03801811, -0.9021226, 0.42980155), (-0.03801811, -0.9021226, 0.42980155), (-0.03801811, -0.9021226, 0.42980155), (0.69547117, -0.59285635, -0.40600634), (0.69547117, -0.59285635, -0.40600634), (0.69547117, -0.59285635, -0.40600634), (0.69547117, -0.59285635, -0.40600634), (-0.7243979, 0.35100365, -0.59333307), (-0.7243979, 0.35100365, -0.59333307), (-0.7243979, 0.35100365, -0.59333307), (-0.7243979, 0.35100365, -0.59333307), (-0.8039996, 0.45018995, 0.388476), (-0.8039996, 0.45018995, 0.388476), (-0.8039996, 0.45018995, 0.388476), (-0.8039996, 0.45018995, 0.388476), (0.5737528, -0.56576926, 0.5922103), (0.5737528, -0.56576926, 0.5922103), (0.5737528, -0.56576926, 0.5922103), (0.5737528, -0.56576926, 0.5922103), (0.84089726, -0.3321527, -0.42727777), (0.84089726, -0.3321527, -0.42727777), (0.84089726, -0.3321527, -0.42727777), (0.84089726, -0.3321527, -0.42727777), (-0.83066195, -0.012280963, -0.5566417), (-0.83066195, -0.012280963, -0.5566417), (-0.83066195, -0.012280963, -0.5566417), (-0.83066195, -0.012280963, -0.5566417), (-0.87780535, 0.17747913, 0.44492576), (-0.87780535, 0.17747913, 0.44492576), (-0.87780535, 0.17747913, 0.44492576), (-0.87780535, 0.17747913, 0.44492576), (0.79070807, -0.17051302, 0.5879677), (0.79070807, -0.17051302, 0.5879677), (0.79070807, -0.17051302, 0.5879677), (0.79070807, -0.17051302, 0.5879677), (0.86694443, -0.1943465, -0.45895183), (0.86694443, -0.1943465, -0.45895183), (0.86694443, -0.1943465, -0.45895183), (0.86694443, -0.1943465, -0.45895183), (-0.8388172, -0.17897776, -0.5141524), (-0.8388172, -0.17897776, -0.5141524), (-0.8388172, -0.17897776, -0.5141524), (-0.8388172, -0.17897776, -0.5141524), (-0.870569, 0.07633837, 0.4860886), (-0.870569, 0.07633837, 0.4860886), (-0.870569, 0.07633837, 0.4860886), (-0.870569, 0.07633837, 0.4860886), (0.83568853, 0.04710574, 0.5471799), (0.83568853, 0.04710574, 0.5471799), (0.83568853, 0.04710574, 0.5471799), (0.83568853, 0.04710574, 0.5471799), (0.8663257, -0.11529213, -0.48599127), (0.8663257, -0.11529213, -0.48599127), (0.8663257, -0.11529213, -0.48599127), (0.8663257, -0.11529213, -0.48599127), (-0.83458304, -0.2730567, -0.47844648), (-0.83458304, -0.2730567, -0.47844648), (-0.83458304, -0.2730567, -0.47844648), (-0.83458304, -0.2730567, -0.47844648), (-0.8596696, 0.039163012, 0.50934714), (-0.8596696, 0.039163012, 0.50934714), (-0.8596696, 0.039163012, 0.50934714), (-0.8596696, 0.039163012, 0.50934714), (0.84232813, 0.18598059, 0.5058601), (0.84232813, 0.18598059, 0.5058601), (0.84232813, 0.18598059, 0.5058601), (0.84232813, 0.18598059, 0.5058601), (0.8590759, -0.06219288, -0.5080556), (0.8590759, -0.06219288, -0.5080556), (0.8590759, -0.06219288, -0.5080556), (0.8590759, -0.06219288, -0.5080556), (-0.8267686, -0.33836538, -0.44940248), (-0.8267686, -0.33836538, -0.44940248), (-0.8267686, -0.33836538, -0.44940248), (-0.8267686, -0.33836538, -0.44940248), (-0.85343075, 0.030248584, 0.5203278), (-0.8542937, 0.031952035, 0.51880765), (-0.8542936, 0.031951908, 0.51880777), (-0.85343075, 0.030248584, 0.5203278), (0.8330455, 0.30219936, 0.46336877), (0.8330455, 0.30219936, 0.46336877), (0.8330455, 0.30219936, 0.46336877), (0.8330455, 0.30219936, 0.46336877), (0.8516055, -0.020348048, -0.5237883), (0.8516055, -0.020348048, -0.5237883), (0.8516055, -0.020348048, -0.5237883), (0.8516055, -0.020348048, -0.5237883), (-0.81239414, -0.39791527, -0.42623845), (-0.81239414, -0.39791527, -0.42623845), (-0.81239414, -0.39791527, -0.42623845), (-0.81239414, -0.39791527, -0.42623845), (-0.8542937, 0.031952035, 0.51880765), (-0.855147, 0.03364626, 0.5172925), (-0.855147, 0.03364626, 0.5172925), (-0.8542936, 0.031951908, 0.51880777), (0.80589134, 0.42335814, 0.41389248), (0.80589134, 0.42335814, 0.41389248), (0.80589134, 0.42335814, 0.41389248), (0.80589134, 0.42335814, 0.41389248), (0.8466503, 0.018529942, -0.5318269), (0.8466503, 0.018529942, -0.5318269), (0.8466503, 0.018529942, -0.5318269), (0.8466503, 0.018529942, -0.5318269), (-0.78345084, -0.4685971, -0.40819305), (-0.78345084, -0.4685971, -0.40819305), (-0.78345084, -0.4685971, -0.40819305), (-0.78345084, -0.4685971, -0.40819305), (-0.8677034, 0.036145158, 0.49576652), (-0.8677034, 0.036145158, 0.49576652), (-0.8677034, 0.036145158, 0.49576652), (-0.8677034, 0.036145158, 0.49576652), (0.74922645, 0.56480056, 0.34591934), (0.74922645, 0.56480056, 0.34591934), (0.74922645, 0.56480056, 0.34591934), (0.74922645, 0.56480056, 0.34591934), (0.8444418, 0.05711277, -0.5325939), (0.8444418, 0.05711277, -0.5325939), (0.8444418, 0.05711277, -0.5325939), (0.8444418, 0.05711277, -0.5325939), (-0.7283982, -0.5609391, -0.39342526), (-0.7283982, -0.5609391, -0.39342526), (-0.7283982, -0.5609391, -0.39342526), (-0.7283982, -0.5609391, -0.39342526), (-0.89408416, 0.02924158, 0.44694334), (-0.89408416, 0.02924158, 0.44694334), (-0.89408416, 0.02924158, 0.44694334), (-0.89408416, 0.02924158, 0.44694334), (0.6481677, 0.72294927, 0.23921335), (0.6481677, 0.72294927, 0.23921335), (0.6481677, 0.72294927, 0.23921335), (0.6481677, 0.72294927, 0.23921335), (0.845849, 0.08727898, -0.52623355), (0.845849, 0.08727898, -0.52623355), (0.845849, 0.08727898, -0.52623355), (0.845849, 0.08727898, -0.52623355), (-0.6300851, -0.68501896, -0.3657074), (-0.6300851, -0.68501896, -0.3657074), (-0.6300851, -0.68501896, -0.3657074), (-0.6300851, -0.68501896, -0.3657074), (-0.935211, 0.0055210325, 0.3540479), (-0.935211, 0.0055210325, 0.3540479), (-0.935211, 0.0055210325, 0.3540479), (-0.935211, 0.0055210325, 0.3540479), (0.49930313, 0.86387736, 0.066424996), (0.49930313, 0.86387736, 0.066424996), (0.49930313, 0.86387736, 0.066424996), (0.49930313, 0.86387736, 0.066424996), (0.8699202, 0.09669528, -0.48362055), (0.8699202, 0.09669528, -0.48362055), (0.8699202, 0.09669528, -0.48362055), (0.8699202, 0.09669528, -0.48362055), (-0.47032607, -0.8465916, -0.24915065), (-0.47032607, -0.8465916, -0.24915065), (-0.47032607, -0.8465916, -0.24915065), (-0.47032607, -0.8465916, -0.24915065), (-0.9770388, -0.05907919, 0.20470673), (-0.9770388, -0.05907919, 0.20470673), (-0.9770388, -0.05907919, 0.20470673), (-0.9770388, -0.05907919, 0.20470673), (0.33735883, 0.92503566, -0.17463653), (0.33735883, 0.92503566, -0.17463653), (0.33735883, 0.92503566, -0.17463653), (0.33735883, 0.92503566, -0.17463653), (0.92592365, 0.1282258, -0.35527956), (0.92592365, 0.1282258, -0.35527956), (0.92592365, 0.1282258, -0.35527956), (0.92592365, 0.1282258, -0.35527956), (-0.29218465, -0.9562449, -0.014956878), (-0.29218465, -0.9562449, -0.014956878), (-0.29218465, -0.9562449, -0.014956878), (-0.29218465, -0.9562449, -0.014956878), (-0.9818474, -0.1880924, 0.024433129), (-0.9818474, -0.1880924, 0.024433129), (-0.9818474, -0.1880924, 0.024433129), (-0.9818474, -0.1880924, 0.024433129), (0.2309338, 0.8833745, -0.40782222), (0.2309338, 0.8833745, -0.40782222), (0.2309338, 0.8833745, -0.40782222), (0.2309338, 0.8833745, -0.40782222), (0.95700264, 0.22466815, -0.18349455), (0.95700264, 0.22466815, -0.18349455), (0.95700264, 0.22466815, -0.18349455), (0.95700264, 0.22466815, -0.18349455), (-0.17125626, -0.96588683, 0.1942525), (-0.17125626, -0.96588683, 0.1942525), (-0.17125626, -0.96588683, 0.1942525), (-0.17125626, -0.96588683, 0.1942525), (-0.92711884, -0.3501724, -0.13352877), (-0.92711884, -0.3501724, -0.13352877), (-0.92711884, -0.3501724, -0.13352877), (-0.92711884, -0.3501724, -0.13352877), (0.19780698, 0.8164632, -0.54245764), (0.19780698, 0.8164632, -0.54245764), (0.19780698, 0.8164632, -0.54245764), (0.19780698, 0.8164632, -0.54245764), (0.9305698, 0.14904022, -0.3344052), (0.9305698, 0.14904022, -0.3344052), (0.9305698, 0.14904022, -0.3344052), (-0.208218, -0.73659414, 0.643486), (-0.208218, -0.73659414, 0.643486), (-0.208218, -0.73659414, 0.643486), (-0.91543025, -0.39564046, -0.07386476), (-0.91543025, -0.39564046, -0.07386476), (-0.91543025, -0.39564046, -0.07386476), (0.26074228, 0.41821706, -0.8701195), (0.26074228, 0.41821706, -0.8701195), (0.26074228, 0.41821706, -0.8701195), (-0.12871815, 0.6466997, 0.75180525), (-0.12871815, 0.6466997, 0.75180525), (-0.12871815, 0.6466997, 0.75180525), (-0.12871815, 0.6466997, 0.75180525), (-0.093390994, -0.9742124, 0.20539802), (-0.093390994, -0.9742124, 0.20539802), (-0.093390994, -0.9742124, 0.20539802), (-0.093390994, -0.9742124, 0.20539802), (0.054460086, -0.64641595, -0.7610392), (0.054460086, -0.64641595, -0.7610392), (0.054460086, -0.64641595, -0.7610392), (0.054460086, -0.64641595, -0.7610392), (0.058479626, 0.9758656, -0.21039598), (0.058479626, 0.9758656, -0.21039598), (0.058479626, 0.9758656, -0.21039598), (0.058479626, 0.9758656, -0.21039598), (-0.3573828, 0.5503215, 0.7546016), (-0.3573828, 0.5503215, 0.7546016), (-0.3573828, 0.5503215, 0.7546016), (-0.3573828, 0.5503215, 0.7546016), (0.443954, -0.86235106, 0.2434247), (0.443954, -0.86235106, 0.2434247), (0.443954, -0.86235106, 0.2434247), (0.443954, -0.86235106, 0.2434247), (0.15849371, -0.66518617, -0.72966236), (0.15849371, -0.66518617, -0.72966236), (0.15849371, -0.66518617, -0.72966236), (0.15849371, -0.66518617, -0.72966236), (-0.73011917, 0.65412223, -0.19761118), (-0.73011917, 0.65412223, -0.19761118), (-0.73011917, 0.65412223, -0.19761118), (-0.73011917, 0.65412223, -0.19761118), (-0.41064423, 0.42899302, 0.80457217), (-0.41064423, 0.42899302, 0.80457217), (-0.41064423, 0.42899302, 0.80457217), (-0.41064423, 0.42899302, 0.80457217), (0.84144396, -0.51919264, 0.14970325), (0.84144396, -0.51919264, 0.14970325), (0.84144396, -0.51919264, 0.14970325), (0.84144396, -0.51919264, 0.14970325), (0.28004032, -0.6390838, -0.71634436), (0.28004032, -0.6390838, -0.71634436), (0.28004032, -0.6390838, -0.71634436), (0.28004032, -0.6390838, -0.71634436), (-0.9746085, 0.22204205, -0.02890772), (-0.9746085, 0.22204205, -0.02890772), (-0.9746085, 0.22204205, -0.02890772), (-0.9746085, 0.22204205, -0.02890772), (-0.40398452, 0.39973575, 0.82280487), (-0.40398452, 0.39973575, 0.82280487), (-0.40398452, 0.39973575, 0.82280487), (-0.40398452, 0.39973575, 0.82280487), (0.9715614, -0.23312005, 0.041514546), (0.9715614, -0.23312005, 0.041514546), (0.9715614, -0.23312005, 0.041514546), (0.9715614, -0.23312005, 0.041514546), (0.36485633, -0.5882944, -0.7216575), (0.36485633, -0.5882944, -0.7216575), (0.36485633, -0.5882944, -0.7216575), (0.36485633, -0.5882944, -0.7216575), (-0.9966986, 0.06681758, 0.046120685), (-0.9966986, 0.06681758, 0.046120685), (-0.9966986, 0.06681758, 0.046120685), (-0.9966986, 0.06681758, 0.046120685), (-0.42163312, 0.39876655, 0.81437755), (-0.42163312, 0.39876655, 0.81437755), (-0.42163312, 0.39876655, 0.81437755), (-0.42163312, 0.39876655, 0.81437755), (0.99898475, -0.0377724, -0.024550142), (0.99898475, -0.0377724, -0.024550142), (0.99898475, -0.0377724, -0.024550142), (0.99898475, -0.0377724, -0.024550142), (0.42409378, -0.53700083, -0.72922873), (0.42409378, -0.53700083, -0.72922873), (0.42409378, -0.53700083, -0.72922873), (0.42409378, -0.53700083, -0.72922873), (-0.99575776, -0.049385175, 0.0776367), (-0.99575776, -0.049385175, 0.0776367), (-0.99575776, -0.049385175, 0.0776367), (-0.99575776, -0.049385175, 0.0776367), (-0.4597899, 0.38848075, 0.79854614), (-0.4597899, 0.38848075, 0.79854614), (-0.4597899, 0.38848075, 0.79854614), (-0.4597899, 0.38848075, 0.79854614), (0.9900421, 0.12403799, -0.066568166), (0.9900421, 0.12403799, -0.066568166), (0.9900421, 0.12403799, -0.066568166), (0.9900421, 0.12403799, -0.066568166), (0.47538528, -0.47370422, -0.741359), (0.47538528, -0.47370422, -0.741359), (0.47538528, -0.47370422, -0.741359), (0.47538528, -0.47370422, -0.741359), (-0.98568434, -0.14731595, 0.08200286), (-0.98568434, -0.14731595, 0.08200286), (-0.98568434, -0.14731595, 0.08200286), (-0.98568434, -0.14731595, 0.08200286), (-0.50650644, 0.35634783, 0.78515446), (-0.50650644, 0.35634783, 0.78515446), (-0.50650644, 0.35634783, 0.78515446), (-0.50650644, 0.35634783, 0.78515446), (0.95331144, 0.2840766, -0.1024581), (0.95331144, 0.2840766, -0.1024581), (0.95331144, 0.2840766, -0.1024581), (0.95331144, 0.2840766, -0.1024581), (0.5158484, -0.3834015, -0.7660964), (0.5158484, -0.3834015, -0.7660964), (0.5158484, -0.3834015, -0.7660964), (0.5158484, -0.3834015, -0.7660964), (-0.9665521, -0.24510235, 0.075510055), (-0.9665521, -0.24510235, 0.075510055), (-0.9665521, -0.24510235, 0.075510055), (-0.9665521, -0.24510235, 0.075510055), (-0.5487648, 0.29411396, 0.7825306), (-0.5487648, 0.29411396, 0.7825306), (-0.5487648, 0.29411396, 0.7825306), (-0.5487648, 0.29411396, 0.7825306), (0.8755547, 0.46023157, -0.1469385), (0.8755547, 0.46023157, -0.1469385), (0.8755547, 0.46023157, -0.1469385), (0.8755547, 0.46023157, -0.1469385), (0.5247176, -0.2504525, -0.8136), (0.5247176, -0.2504525, -0.8136), (0.5247176, -0.2504525, -0.8136), (0.5247176, -0.2504525, -0.8136), (-0.93257046, -0.3534118, 0.073570415), (-0.93257046, -0.3534118, 0.073570415), (-0.93257046, -0.3534118, 0.073570415), (-0.93257046, -0.3534118, 0.073570415), (-0.5657909, 0.18915658, 0.8025586), (-0.5657909, 0.18915658, 0.8025586), (-0.5657909, 0.18915658, 0.8025586), (-0.5657909, 0.18915658, 0.8025586), (0.71877813, 0.66302323, -0.20918469), (0.71877813, 0.66302323, -0.20918469), (0.71877813, 0.66302323, -0.20918469), (0.71877813, 0.66302323, -0.20918469), (0.45186839, -0.058736145, -0.8901489), (0.45186839, -0.058736145, -0.8901489), (0.45186839, -0.058736145, -0.8901489), (0.45186839, -0.058736145, -0.8901489), (-0.87071407, -0.4823961, 0.09566172), (-0.87071407, -0.4823961, 0.09566172), (-0.87071407, -0.4823961, 0.09566172), (-0.87071407, -0.4823961, 0.09566172), (-0.5010794, 0.019485502, 0.86518186), (-0.5010794, 0.019485502, 0.86518186), (-0.5010794, 0.019485502, 0.86518186), (-0.5010794, 0.019485502, 0.86518186), (0.4091288, 0.872797, -0.26615614), (0.4091288, 0.872797, -0.26615614), (0.4091288, 0.872797, -0.26615614), (0.4091288, 0.872797, -0.26615614), (0.20014478, 0.1808918, -0.96292275), (0.20014478, 0.1808918, -0.96292275), (0.20014478, 0.1808918, -0.96292275), (0.20014478, 0.1808918, -0.96292275), (-0.737545, -0.65535694, 0.16289479), (-0.737545, -0.65535694, 0.16289479), (-0.737545, -0.65535694, 0.16289479), (-0.737545, -0.65535694, 0.16289479), (-0.22666739, -0.17950791, 0.95728725), (-0.22666739, -0.17950791, 0.95728725), (-0.22666739, -0.17950791, 0.95728725), (-0.0602693, 0.9702477, -0.23449318), (-0.0602693, 0.9702477, -0.23449318), (-0.0602693, 0.9702477, -0.23449318), (-0.26004046, 0.350823, -0.89961225), (-0.26004046, 0.350823, -0.89961225), (-0.26004046, 0.350823, -0.89961225), (-0.44929948, -0.86704016, 0.21534014), (-0.44929948, -0.86704016, 0.21534014), (-0.44929948, -0.86704016, 0.21534014), (-0.40733704, 0.79897887, -0.44239044), (-0.40733704, 0.79897887, -0.44239044), (-0.40733704, 0.79897887, -0.44239044), (-0.40733704, 0.79897887, -0.44239044), (0.5640192, 0.14146653, 0.8135537), (0.5640192, 0.14146653, 0.8135537), (0.5640192, 0.14146653, 0.8135537), (0.5640192, 0.14146653, 0.8135537), (0.38734555, -0.8011718, 0.45616576), (0.38734555, -0.8011718, 0.45616576), (0.38734555, -0.8011718, 0.45616576), (0.38734555, -0.8011718, 0.45616576), (-0.5830029, -0.14327528, -0.7997374), (-0.5830029, -0.14327528, -0.7997374), (-0.5830029, -0.14327528, -0.7997374), (-0.5830029, -0.14327528, -0.7997374), (-0.58157456, 0.77320874, -0.25282246), (-0.58157456, 0.77320874, -0.25282246), (-0.58157456, 0.77320874, -0.25282246), (-0.58157456, 0.77320874, -0.25282246), (0.88184685, 0.19472125, 0.42945293), (0.88184685, 0.19472125, 0.42945293), (0.88184685, 0.19472125, 0.42945293), (0.88184685, 0.19472125, 0.42945293), (0.56094456, -0.77474433, 0.29174003), (0.56094456, -0.77474433, 0.29174003), (0.56094456, -0.77474433, 0.29174003), (0.56094456, -0.77474433, 0.29174003), (-0.88420635, -0.19475688, -0.42455718), (-0.88420635, -0.19475688, -0.42455718), (-0.88420635, -0.19475688, -0.42455718), (-0.88420635, -0.19475688, -0.42455718), (-0.6579603, 0.7428888, -0.12330688), (-0.6579603, 0.7428888, -0.12330688), (-0.6579603, 0.7428888, -0.12330688), (-0.6579603, 0.7428888, -0.12330688), (0.959881, 0.24624299, 0.13413818), (0.959881, 0.24624299, 0.13413818), (0.959881, 0.24624299, 0.13413818), (0.959881, 0.24624299, 0.13413818), (0.65266603, -0.7424248, 0.1511048), (0.65266603, -0.7424248, 0.1511048), (0.65266603, -0.7424248, 0.1511048), (0.65266603, -0.7424248, 0.1511048), (-0.95267004, -0.24769416, -0.17625964), (-0.95267004, -0.24769416, -0.17625964), (-0.95267004, -0.24769416, -0.17625964), (-0.95267004, -0.24769416, -0.17625964), (-0.7143908, 0.6983189, -0.04468351), (-0.7143908, 0.6983189, -0.04468351), (-0.7143908, 0.6983189, -0.04468351), (-0.7143908, 0.6983189, -0.04468351), (0.9502975, 0.3070174, -0.051721778), (0.9502975, 0.3070174, -0.051721778), (0.9502975, 0.3070174, -0.051721778), (0.9502975, 0.3070174, -0.051721778), (0.7144955, -0.69864017, 0.03739139), (0.7144955, -0.69864017, 0.03739139), (0.7144955, -0.69864017, 0.03739139), (0.7144955, -0.69864017, 0.03739139), (-0.94980186, -0.31141183, -0.029984262), (-0.94980186, -0.31141183, -0.029984262), (-0.94980186, -0.31141183, -0.029984262), (-0.94980186, -0.31141183, -0.029984262), (-0.76457167, 0.6445026, 0.00682699), (-0.76457167, 0.6445026, 0.00682699), (-0.76457167, 0.6445026, 0.00682699), (-0.76457167, 0.6445026, 0.00682699), (0.9110791, 0.3708375, -0.18004005), (0.9110791, 0.3708375, -0.18004005), (0.9110791, 0.3708375, -0.18004005), (0.9110791, 0.3708375, -0.18004005), (0.75861496, -0.6479967, -0.06784987), (0.75861496, -0.6479967, -0.06784987), (0.75861496, -0.6479967, -0.06784987), (0.75861496, -0.6479967, -0.06784987), (-0.92390144, -0.3787946, 0.05404386), (-0.92390144, -0.3787946, 0.05404386), (-0.92390144, -0.3787946, 0.05404386), (-0.92390144, -0.3787946, 0.05404386), (-0.807122, 0.5891144, 0.038706638), (-0.807122, 0.5891144, 0.038706638), (-0.807122, 0.5891144, 0.038706638), (-0.807122, 0.5891144, 0.038706638), (0.8581764, 0.4277447, -0.28384453), (0.8581764, 0.4277447, -0.28384453), (0.8581764, 0.4277447, -0.28384453), (0.8581764, 0.4277447, -0.28384453), (0.7817892, -0.5977611, -0.17744666), (0.7817892, -0.5977611, -0.17744666), (0.7817892, -0.5977611, -0.17744666), (0.7817892, -0.5977611, -0.17744666), (-0.8926041, -0.44004807, 0.09805941), (-0.8926041, -0.44004807, 0.09805941), (-0.8926041, -0.44004807, 0.09805941), (-0.8926041, -0.44004807, 0.09805941), (-0.8396871, 0.54076564, 0.04997966), (-0.8396871, 0.54076564, 0.04997966), (-0.8396871, 0.54076564, 0.04997966), (-0.8396871, 0.54076564, 0.04997966), (0.7942525, 0.46739444, -0.38820773), (0.7942525, 0.46739444, -0.38820773), (0.7942525, 0.46739444, -0.38820773), (0.7942525, 0.46739444, -0.38820773), (0.7733296, -0.5559659, -0.3047346), (0.7733296, -0.5559659, -0.3047346), (0.7733296, -0.5559659, -0.3047346), (0.7733296, -0.5559659, -0.3047346), (-0.86735004, -0.48530385, 0.11038084), (-0.86735004, -0.48530385, 0.11038084), (-0.86735004, -0.48530385, 0.11038084), (-0.86735004, -0.48530385, 0.11038084), (-0.85986793, 0.50936174, 0.034318704), (-0.85986793, 0.50936174, 0.034318704), (-0.85986793, 0.50936174, 0.034318704), (0.7061524, 0.47332105, -0.526608), (0.7061524, 0.47332105, -0.526608), (0.7061524, 0.47332105, -0.526608), (0.7059898, -0.5254626, -0.47483423), (0.7059898, -0.5254626, -0.47483423), (0.7059898, -0.5254626, -0.47483423), (-0.85784286, -0.5066494, 0.08609315), (-0.85784286, -0.5066494, 0.08609315), (-0.85784286, -0.5066494, 0.08609315), (-0.26783606, -0.817568, -0.50975126), (-0.26783606, -0.817568, -0.50975126), (-0.26783606, -0.817568, -0.50975126), (-0.26783606, -0.817568, -0.50975126), (0.0010499727, 0.89609647, -0.44385803), (0.0010499727, 0.89609647, -0.44385803), (0.0010499727, 0.89609647, -0.44385803), (0.0010499727, 0.89609647, -0.44385803), (0.32446656, 0.8081411, 0.49155813), (0.32446656, 0.8081411, 0.49155813), (0.32446656, 0.8081411, 0.49155813), (0.32446656, 0.8081411, 0.49155813), (0.038017217, -0.9021226, 0.4298015), (0.038017217, -0.9021226, 0.4298015), (0.038017217, -0.9021226, 0.4298015), (0.038017217, -0.9021226, 0.4298015), (-0.6954722, -0.5928558, -0.40600562), (-0.6954722, -0.5928558, -0.40600562), (-0.6954722, -0.5928558, -0.40600562), (-0.6954722, -0.5928558, -0.40600562), (0.72439784, 0.35100356, -0.59333324), (0.72439784, 0.35100356, -0.59333324), (0.72439784, 0.35100356, -0.59333324), (0.72439784, 0.35100356, -0.59333324), (0.8040002, 0.45018923, 0.38847554), (0.8040002, 0.45018923, 0.38847554), (0.8040002, 0.45018923, 0.38847554), (0.8040002, 0.45018923, 0.38847554), (-0.57375383, -0.5657688, 0.5922096), (-0.57375383, -0.5657688, 0.5922096), (-0.57375383, -0.5657688, 0.5922096), (-0.57375383, -0.5657688, 0.5922096), (-0.84089804, -0.33215177, -0.42727688), (-0.84089804, -0.33215177, -0.42727688), (-0.84089804, -0.33215177, -0.42727688), (-0.84089804, -0.33215177, -0.42727688), (0.83066124, -0.0122807305, -0.55664265), (0.83066124, -0.0122807305, -0.55664265), (0.83066124, -0.0122807305, -0.55664265), (0.83066124, -0.0122807305, -0.55664265), (0.8778051, 0.17747925, 0.4449262), (0.8778051, 0.17747925, 0.4449262), (0.8778051, 0.17747925, 0.4449262), (0.8778051, 0.17747925, 0.4449262), (-0.79070705, -0.17051338, 0.587969), (-0.79070705, -0.17051338, 0.587969), (-0.79070705, -0.17051338, 0.587969), (-0.79070705, -0.17051338, 0.587969), (-0.8669441, -0.1943464, -0.45895243), (-0.8669441, -0.1943464, -0.45895243), (-0.8669441, -0.1943464, -0.45895243), (-0.8669441, -0.1943464, -0.45895243), (0.8388167, -0.17897804, -0.514153), (0.8388167, -0.17897804, -0.514153), (0.8388167, -0.17897804, -0.514153), (0.8388167, -0.17897804, -0.514153), (0.87056965, 0.07633808, 0.48608747), (0.87056965, 0.07633808, 0.48608747), (0.87056965, 0.07633808, 0.48608747), (0.87056965, 0.07633808, 0.48608747), (-0.8356881, 0.047106035, 0.54718035), (-0.8356881, 0.047106035, 0.54718035), (-0.8356881, 0.047106035, 0.54718035), (-0.8356881, 0.047106035, 0.54718035), (-0.8663257, -0.11529248, -0.48599124), (-0.8663257, -0.11529248, -0.48599124), (-0.8663257, -0.11529248, -0.48599124), (-0.8663257, -0.11529248, -0.48599124), (0.83458304, -0.27305707, -0.47844648), (0.83458304, -0.27305707, -0.47844648), (0.83458304, -0.27305707, -0.47844648), (0.83458304, -0.27305707, -0.47844648), (0.8596696, 0.03916294, 0.50934714), (0.8596696, 0.03916294, 0.50934714), (0.8596696, 0.03916294, 0.50934714), (0.8596696, 0.03916294, 0.50934714), (-0.84232855, 0.18598038, 0.5058597), (-0.84232855, 0.18598038, 0.5058597), (-0.84232855, 0.18598038, 0.5058597), (-0.84232855, 0.18598038, 0.5058597), (-0.85907537, -0.062192928, -0.50805664), (-0.85907537, -0.062192928, -0.50805664), (-0.85907537, -0.062192928, -0.50805664), (-0.85907537, -0.062192928, -0.50805664), (0.8267695, -0.33836424, -0.44940162), (0.8267695, -0.33836424, -0.44940162), (0.8267695, -0.33836424, -0.44940162), (0.8267695, -0.33836424, -0.44940162), (0.85343075, 0.030248314, 0.5203278), (0.85343075, 0.030248314, 0.5203278), (0.85429394, 0.03195185, 0.51880723), (0.85429406, 0.031951975, 0.5188072), (-0.8330458, 0.30219927, 0.46336836), (-0.8330458, 0.30219927, 0.46336836), (-0.8330458, 0.30219927, 0.46336836), (-0.8330458, 0.30219927, 0.46336836), (-0.8516055, -0.020348204, -0.5237883), (-0.8516055, -0.020348204, -0.5237883), (-0.8516055, -0.020348204, -0.5237883), (-0.8516055, -0.020348204, -0.5237883), (0.812394, -0.3979156, -0.42623836), (0.812394, -0.3979156, -0.42623836), (0.812394, -0.3979156, -0.42623836), (0.812394, -0.3979156, -0.42623836), (0.85429406, 0.031951975, 0.5188072), (0.85429394, 0.03195185, 0.51880723), (0.85514766, 0.03364641, 0.5172915), (0.85514766, 0.03364641, 0.5172915), (-0.8058923, 0.42335707, 0.41389188), (-0.8058923, 0.42335707, 0.41389188), (-0.8058923, 0.42335707, 0.41389188), (-0.8058923, 0.42335707, 0.41389188), (-0.8466512, 0.018530278, -0.53182554), (-0.8466512, 0.018530278, -0.53182554), (-0.8466512, 0.018530278, -0.53182554), (-0.8466512, 0.018530278, -0.53182554), (0.7834509, -0.46859694, -0.40819314), (0.7834509, -0.46859694, -0.40819314), (0.7834509, -0.46859694, -0.40819314), (0.7834509, -0.46859694, -0.40819314), (0.8677039, 0.036145154, 0.4957655), (0.8677039, 0.036145154, 0.4957655), (0.8677039, 0.036145154, 0.4957655), (0.8677039, 0.036145154, 0.4957655), (-0.7492265, 0.5648003, 0.34591934), (-0.7492265, 0.5648003, 0.34591934), (-0.7492265, 0.5648003, 0.34591934), (-0.7492265, 0.5648003, 0.34591934), (-0.8444418, 0.057112638, -0.5325939), (-0.8444418, 0.057112638, -0.5325939), (-0.8444418, 0.057112638, -0.5325939), (-0.8444418, 0.057112638, -0.5325939), (0.7283982, -0.5609391, -0.3934254), (0.7283982, -0.5609391, -0.3934254), (0.7283982, -0.5609391, -0.3934254), (0.7283982, -0.5609391, -0.3934254), (0.89408416, 0.02924158, 0.4469435), (0.89408416, 0.02924158, 0.4469435), (0.89408416, 0.02924158, 0.4469435), (0.89408416, 0.02924158, 0.4469435), (-0.6481675, 0.7229494, 0.23921327), (-0.6481675, 0.7229494, 0.23921327), (-0.6481675, 0.7229494, 0.23921327), (-0.6481675, 0.7229494, 0.23921327), (-0.8458482, 0.08727902, -0.5262349), (-0.8458482, 0.08727902, -0.5262349), (-0.8458482, 0.08727902, -0.5262349), (-0.8458482, 0.08727902, -0.5262349), (0.6300851, -0.68501884, -0.3657075), (0.6300851, -0.68501884, -0.3657075), (0.6300851, -0.68501884, -0.3657075), (0.6300851, -0.68501884, -0.3657075), (0.9352104, 0.0055206874, 0.35404938), (0.9352104, 0.0055206874, 0.35404938), (0.9352104, 0.0055206874, 0.35404938), (0.9352104, 0.0055206874, 0.35404938), (-0.4993031, 0.8638774, 0.066424884), (-0.4993031, 0.8638774, 0.066424884), (-0.4993031, 0.8638774, 0.066424884), (-0.4993031, 0.8638774, 0.066424884), (-0.8699214, 0.096695125, -0.48361844), (-0.8699214, 0.096695125, -0.48361844), (-0.8699214, 0.096695125, -0.48361844), (-0.8699214, 0.096695125, -0.48361844), (0.47032592, -0.8465916, -0.24915083), (0.47032592, -0.8465916, -0.24915083), (0.47032592, -0.8465916, -0.24915083), (0.47032592, -0.8465916, -0.24915083), (0.9770386, -0.059079584, 0.20470767), (0.9770386, -0.059079584, 0.20470767), (0.9770386, -0.059079584, 0.20470767), (0.9770386, -0.059079584, 0.20470767), (-0.33735874, 0.9250357, -0.17463641), (-0.33735874, 0.9250357, -0.17463641), (-0.33735874, 0.9250357, -0.17463641), (-0.33735874, 0.9250357, -0.17463641), (-0.9259231, 0.12822606, -0.355281), (-0.9259231, 0.12822606, -0.355281), (-0.9259231, 0.12822606, -0.355281), (-0.9259231, 0.12822606, -0.355281), (0.2921846, -0.956245, -0.01495684), (0.2921846, -0.956245, -0.01495684), (0.2921846, -0.956245, -0.01495684), (0.2921846, -0.956245, -0.01495684), (0.9818474, -0.1880922, 0.024433091), (0.9818474, -0.1880922, 0.024433091), (0.9818474, -0.1880922, 0.024433091), (0.9818474, -0.1880922, 0.024433091), (-0.2309351, 0.8833742, -0.40782213), (-0.2309351, 0.8833742, -0.40782213), (-0.2309351, 0.8833742, -0.40782213), (-0.2309351, 0.8833742, -0.40782213), (-0.95700204, 0.22466978, -0.18349539), (-0.95700204, 0.22466978, -0.18349539), (-0.95700204, 0.22466978, -0.18349539), (-0.95700204, 0.22466978, -0.18349539), (0.17125644, -0.9658867, 0.19425255), (0.17125644, -0.9658867, 0.19425255), (0.17125644, -0.9658867, 0.19425255), (0.17125644, -0.9658867, 0.19425255), (0.9271187, -0.35017258, -0.13352872), (0.9271187, -0.35017258, -0.13352872), (0.9271187, -0.35017258, -0.13352872), (0.9271187, -0.35017258, -0.13352872), (-0.19780676, 0.81646323, -0.54245776), (-0.19780676, 0.81646323, -0.54245776), (-0.19780676, 0.81646323, -0.54245776), (-0.19780676, 0.81646323, -0.54245776), (-0.93425876, 0.160238, -0.31856617), (-0.93425876, 0.160238, -0.31856617), (-0.93425876, 0.160238, -0.31856617), (0.13345774, -0.925383, 0.35476086), (0.13345774, -0.925383, 0.35476086), (0.13345774, -0.925383, 0.35476086), (0.904248, -0.41293162, -0.10873297), (0.904248, -0.41293162, -0.10873297), (0.904248, -0.41293162, -0.10873297), (-0.23217693, 0.6285638, -0.7422947), (-0.23217693, 0.6285638, -0.7422947), (-0.23217693, 0.6285638, -0.7422947), (0.12871778, 0.6466997, 0.75180537), (0.12871778, 0.6466997, 0.75180537), (0.12871778, 0.6466997, 0.75180537), (0.12871778, 0.6466997, 0.75180537), (0.093390144, -0.9742126, 0.20539735), (0.093390144, -0.9742126, 0.20539735), (0.093390144, -0.9742126, 0.20539735), (0.093390144, -0.9742126, 0.20539735), (-0.05445843, -0.64641595, -0.7610392), (-0.05445843, -0.64641595, -0.7610392), (-0.05445843, -0.64641595, -0.7610392), (-0.05445843, -0.64641595, -0.7610392), (-0.058481865, 0.97586536, -0.21039625), (-0.058481865, 0.97586536, -0.21039625), (-0.058481865, 0.97586536, -0.21039625), (-0.058481865, 0.97586536, -0.21039625), (0.3573829, 0.55032146, 0.7546018), (0.3573829, 0.55032146, 0.7546018), (0.3573829, 0.55032146, 0.7546018), (0.3573829, 0.55032146, 0.7546018), (-0.443954, -0.86235094, 0.24342467), (-0.443954, -0.86235094, 0.24342467), (-0.443954, -0.86235094, 0.24342467), (-0.443954, -0.86235094, 0.24342467), (-0.15849373, -0.66518605, -0.7296625), (-0.15849373, -0.66518605, -0.7296625), (-0.15849373, -0.66518605, -0.7296625), (-0.15849373, -0.66518605, -0.7296625), (0.73012054, 0.6541206, -0.197611), (0.73012054, 0.6541206, -0.197611), (0.73012054, 0.6541206, -0.197611), (0.73012054, 0.6541206, -0.197611), (0.41064423, 0.42899287, 0.8045723), (0.41064423, 0.42899287, 0.8045723), (0.41064423, 0.42899287, 0.8045723), (0.41064423, 0.42899287, 0.8045723), (-0.84144413, -0.5191923, 0.14970326), (-0.84144413, -0.5191923, 0.14970326), (-0.84144413, -0.5191923, 0.14970326), (-0.84144413, -0.5191923, 0.14970326), (-0.28003895, -0.6390844, -0.7163444), (-0.28003895, -0.6390844, -0.7163444), (-0.28003895, -0.6390844, -0.7163444), (-0.28003895, -0.6390844, -0.7163444), (0.9746085, 0.22204241, -0.028907785), (0.9746085, 0.22204241, -0.028907785), (0.9746085, 0.22204241, -0.028907785), (0.9746085, 0.22204241, -0.028907785), (0.4039858, 0.39973554, 0.82280433), (0.4039858, 0.39973554, 0.82280433), (0.4039858, 0.39973554, 0.82280433), (0.4039858, 0.39973554, 0.82280433), (-0.97156125, -0.23312058, 0.041514672), (-0.97156125, -0.23312058, 0.041514672), (-0.97156125, -0.23312058, 0.041514672), (-0.97156125, -0.23312058, 0.041514672), (-0.3648564, -0.58829427, -0.7216576), (-0.3648564, -0.58829427, -0.7216576), (-0.3648564, -0.58829427, -0.7216576), (-0.3648564, -0.58829427, -0.7216576), (0.9966986, 0.06681758, 0.046120692), (0.9966986, 0.06681758, 0.046120692), (0.9966986, 0.06681758, 0.046120692), (0.9966986, 0.06681758, 0.046120692), (0.42163312, 0.3987666, 0.81437755), (0.42163312, 0.3987666, 0.81437755), (0.42163312, 0.3987666, 0.81437755), (0.42163312, 0.3987666, 0.81437755), (-0.99898475, -0.0377724, -0.024550142), (-0.99898475, -0.0377724, -0.024550142), (-0.99898475, -0.0377724, -0.024550142), (-0.99898475, -0.0377724, -0.024550142), (-0.42409378, -0.5370007, -0.7292289), (-0.42409378, -0.5370007, -0.7292289), (-0.42409378, -0.5370007, -0.7292289), (-0.42409378, -0.5370007, -0.7292289), (0.99575776, -0.049385257, 0.0776367), (0.99575776, -0.049385257, 0.0776367), (0.99575776, -0.049385257, 0.0776367), (0.99575776, -0.049385257, 0.0776367), (0.45978996, 0.3884807, 0.7985462), (0.45978996, 0.3884807, 0.7985462), (0.45978996, 0.3884807, 0.7985462), (0.45978996, 0.3884807, 0.7985462), (-0.9900421, 0.12403809, -0.06656817), (-0.9900421, 0.12403809, -0.06656817), (-0.9900421, 0.12403809, -0.06656817), (-0.9900421, 0.12403809, -0.06656817), (-0.47538522, -0.47370428, -0.74135906), (-0.47538522, -0.47370428, -0.74135906), (-0.47538522, -0.47370428, -0.74135906), (-0.47538522, -0.47370428, -0.74135906), (0.9856844, -0.1473154, 0.0820027), (0.9856844, -0.1473154, 0.0820027), (0.9856844, -0.1473154, 0.0820027), (0.9856844, -0.1473154, 0.0820027), (0.5065064, 0.35634786, 0.7851545), (0.5065064, 0.35634786, 0.7851545), (0.5065064, 0.35634786, 0.7851545), (0.5065064, 0.35634786, 0.7851545), (-0.9533116, 0.28407636, -0.10245811), (-0.9533116, 0.28407636, -0.10245811), (-0.9533116, 0.28407636, -0.10245811), (-0.9533116, 0.28407636, -0.10245811), (-0.51584595, -0.38340214, -0.7660978), (-0.51584595, -0.38340214, -0.7660978), (-0.51584595, -0.38340214, -0.7660978), (-0.51584595, -0.38340214, -0.7660978), (0.9665521, -0.24510257, 0.075510055), (0.9665521, -0.24510257, 0.075510055), (0.9665521, -0.24510257, 0.075510055), (0.9665521, -0.24510257, 0.075510055), (0.54876345, 0.2941144, 0.7825313), (0.54876345, 0.2941144, 0.7825313), (0.54876345, 0.2941144, 0.7825313), (0.54876345, 0.2941144, 0.7825313), (-0.8755547, 0.46023148, -0.1469385), (-0.8755547, 0.46023148, -0.1469385), (-0.8755547, 0.46023148, -0.1469385), (-0.8755547, 0.46023148, -0.1469385), (-0.52471757, -0.25045243, -0.8136001), (-0.52471757, -0.25045243, -0.8136001), (-0.52471757, -0.25045243, -0.8136001), (-0.52471757, -0.25045243, -0.8136001), (0.9325706, -0.3534112, 0.073570274), (0.9325706, -0.3534112, 0.073570274), (0.9325706, -0.3534112, 0.073570274), (0.9325706, -0.3534112, 0.073570274), (0.5657909, 0.18915658, 0.8025587), (0.5657909, 0.18915658, 0.8025587), (0.5657909, 0.18915658, 0.8025587), (0.5657909, 0.18915658, 0.8025587), (-0.7187778, 0.6630235, -0.20918472), (-0.7187778, 0.6630235, -0.20918472), (-0.7187778, 0.6630235, -0.20918472), (-0.7187778, 0.6630235, -0.20918472), (-0.45186827, -0.0587361, -0.8901489), (-0.45186827, -0.0587361, -0.8901489), (-0.45186827, -0.0587361, -0.8901489), (-0.45186827, -0.0587361, -0.8901489), (0.87071395, -0.482396, 0.09566173), (0.87071395, -0.482396, 0.09566173), (0.87071395, -0.482396, 0.09566173), (0.87071395, -0.482396, 0.09566173), (0.5010794, 0.019485448, 0.8651819), (0.5010794, 0.019485448, 0.8651819), (0.5010794, 0.019485448, 0.8651819), (0.5010794, 0.019485448, 0.8651819), (-0.4091288, 0.872797, -0.26615614), (-0.4091288, 0.872797, -0.26615614), (-0.4091288, 0.872797, -0.26615614), (-0.4091288, 0.872797, -0.26615614), (-0.2001448, 0.18089177, -0.96292275), (-0.2001448, 0.18089177, -0.96292275), (-0.2001448, 0.18089177, -0.96292275), (-0.2001448, 0.18089177, -0.96292275), (0.7375462, -0.6553557, 0.16289435), (0.7375462, -0.6553557, 0.16289435), (0.7375462, -0.6553557, 0.16289435), (0.7375462, -0.6553557, 0.16289435), (0.22665165, -0.17951323, 0.95728993), (0.22665165, -0.17951323, 0.95728993), (0.22665165, -0.17951323, 0.95728993), (0.06026041, 0.9702482, -0.23449348), (0.06026041, 0.9702482, -0.23449348), (0.06026041, 0.9702482, -0.23449348), (0.26005086, 0.35082576, -0.89960814), (0.26005086, 0.35082576, -0.89960814), (0.26005086, 0.35082576, -0.89960814), (0.44930786, -0.86703604, 0.21533921), (0.44930786, -0.86703604, 0.21533921), (0.44930786, -0.86703604, 0.21533921), (0.4073389, 0.798978, -0.44239023), (0.4073389, 0.798978, -0.44239023), (0.4073389, 0.798978, -0.44239023), (0.4073389, 0.798978, -0.44239023), (-0.5640226, 0.14146607, 0.81355137), (-0.5640226, 0.14146607, 0.81355137), (-0.5640226, 0.14146607, 0.81355137), (-0.5640226, 0.14146607, 0.81355137), (-0.3873465, -0.8011716, 0.45616516), (-0.3873465, -0.8011716, 0.45616516), (-0.3873465, -0.8011716, 0.45616516), (-0.3873465, -0.8011716, 0.45616516), (0.583004, -0.14327554, -0.79973644), (0.583004, -0.14327554, -0.79973644), (0.583004, -0.14327554, -0.79973644), (0.583004, -0.14327554, -0.79973644), (0.5815771, 0.77320707, -0.25282183), (0.5815771, 0.77320707, -0.25282183), (0.5815771, 0.77320707, -0.25282183), (0.5815771, 0.77320707, -0.25282183), (-0.88184667, 0.19472145, 0.42945334), (-0.88184667, 0.19472145, 0.42945334), (-0.88184667, 0.19472145, 0.42945334), (-0.88184667, 0.19472145, 0.42945334), (-0.5609486, -0.77474195, 0.291739), (-0.5609486, -0.77474195, 0.291739), (-0.5609486, -0.77474195, 0.291739), (-0.5609486, -0.77474195, 0.291739), (0.8842054, -0.19475769, -0.4245588), (0.8842054, -0.19475769, -0.4245588), (0.8842054, -0.19475769, -0.4245588), (0.8842054, -0.19475769, -0.4245588), (0.6579629, 0.7428864, -0.12330654), (0.6579629, 0.7428864, -0.12330654), (0.6579629, 0.7428864, -0.12330654), (0.6579629, 0.7428864, -0.12330654), (-0.95988125, 0.24624208, 0.13413784), (-0.95988125, 0.24624208, 0.13413784), (-0.95988125, 0.24624208, 0.13413784), (-0.95988125, 0.24624208, 0.13413784), (-0.65266854, -0.7424226, 0.15110402), (-0.65266854, -0.7424226, 0.15110402), (-0.65266854, -0.7424226, 0.15110402), (-0.65266854, -0.7424226, 0.15110402), (0.95267016, -0.2476939, -0.17625959), (0.95267016, -0.2476939, -0.17625959), (0.95267016, -0.2476939, -0.17625959), (0.95267016, -0.2476939, -0.17625959), (0.7143906, 0.69831914, -0.0446834), (0.7143906, 0.69831914, -0.0446834), (0.7143906, 0.69831914, -0.0446834), (0.7143906, 0.69831914, -0.0446834), (-0.95029795, 0.30701566, -0.05172157), (-0.95029795, 0.30701566, -0.05172157), (-0.95029795, 0.30701566, -0.05172157), (-0.95029795, 0.30701566, -0.05172157), (-0.7144961, -0.6986395, 0.037391294), (-0.7144961, -0.6986395, 0.037391294), (-0.7144961, -0.6986395, 0.037391294), (-0.7144961, -0.6986395, 0.037391294), (0.94980186, -0.31141183, -0.02998426), (0.94980186, -0.31141183, -0.02998426), (0.94980186, -0.31141183, -0.02998426), (0.94980186, -0.31141183, -0.02998426), (0.7645725, 0.6445017, 0.00682693), (0.7645725, 0.6445017, 0.00682693), (0.7645725, 0.6445017, 0.00682693), (0.7645725, 0.6445017, 0.00682693), (-0.9110791, 0.37083733, -0.18004005), (-0.9110791, 0.37083733, -0.18004005), (-0.9110791, 0.37083733, -0.18004005), (-0.9110791, 0.37083733, -0.18004005), (-0.758614, -0.6479979, -0.06784993), (-0.758614, -0.6479979, -0.06784993), (-0.758614, -0.6479979, -0.06784993), (-0.758614, -0.6479979, -0.06784993), (0.9239013, -0.37879488, 0.054043937), (0.9239013, -0.37879488, 0.054043937), (0.9239013, -0.37879488, 0.054043937), (0.9239013, -0.37879488, 0.054043937), (0.807122, 0.5891145, 0.03870674), (0.807122, 0.5891145, 0.03870674), (0.807122, 0.5891145, 0.03870674), (0.807122, 0.5891145, 0.03870674), (-0.8581766, 0.4277443, -0.2838446), (-0.8581766, 0.4277443, -0.2838446), (-0.8581766, 0.4277443, -0.2838446), (-0.8581766, 0.4277443, -0.2838446), (-0.78178793, -0.5977628, -0.17744662), (-0.78178793, -0.5977628, -0.17744662), (-0.78178793, -0.5977628, -0.17744662), (-0.78178793, -0.5977628, -0.17744662), (0.892605, -0.44004646, 0.098059244), (0.892605, -0.44004646, 0.098059244), (0.892605, -0.44004646, 0.098059244), (0.892605, -0.44004646, 0.098059244), (0.83968705, 0.5407659, 0.04997989), (0.83968705, 0.5407659, 0.04997989), (0.83968705, 0.5407659, 0.04997989), (0.83968705, 0.5407659, 0.04997989), (-0.79425246, 0.46739477, -0.3882077), (-0.79425246, 0.46739477, -0.3882077), (-0.79425246, 0.46739477, -0.3882077), (-0.79425246, 0.46739477, -0.3882077), (-0.7733291, -0.5559666, -0.3047349), (-0.7733291, -0.5559666, -0.3047349), (-0.7733291, -0.5559666, -0.3047349), (-0.7733291, -0.5559666, -0.3047349), (0.8673494, -0.48530492, 0.1103814), (0.8673494, -0.48530492, 0.1103814), (0.8673494, -0.48530492, 0.1103814), (0.8673494, -0.48530492, 0.1103814), (0.85986984, 0.5093585, 0.034318052), (0.85986984, 0.5093585, 0.034318052), (0.85986984, 0.5093585, 0.034318052), (-0.7061749, 0.47331244, -0.52658546), (-0.7061749, 0.47331244, -0.52658546), (-0.7061749, 0.47331244, -0.52658546), (-0.70600057, -0.5254536, -0.47482795), (-0.70600057, -0.5254536, -0.47482795), (-0.70600057, -0.5254536, -0.47482795), (0.85784835, -0.5066434, 0.08607292), (0.85784835, -0.5066434, 0.08607292), (0.85784835, -0.5066434, 0.08607292), (0.71035594, -0.6571579, -0.25206718), (0.71035594, -0.6571579, -0.25206718), (0.71035594, -0.6571579, -0.25206718), (0.71035594, -0.6571579, -0.25206718), (-0.025246065, 0.8997799, -0.4356131), (-0.025246065, 0.8997799, -0.4356131), (-0.025246065, 0.8997799, -0.4356131), (-0.025246065, 0.8997799, -0.4356131), (-0.7534451, 0.6311531, 0.18429929), (-0.7534451, 0.6311531, 0.18429929), (-0.7534451, 0.6311531, 0.18429929), (-0.7534451, 0.6311531, 0.18429929), (-0.033311058, -0.9368145, 0.34823707), (-0.033311058, -0.9368145, 0.34823707), (-0.033311058, -0.9368145, 0.34823707), (-0.033311058, -0.9368145, 0.34823707), (0.9011261, -0.43252268, 0.029932098), (0.9011261, -0.43252268, 0.029932098), (0.9011261, -0.43252268, 0.029932098), (0.9011261, -0.43252268, 0.029932098), (-0.2786022, 0.438371, -0.85452425), (-0.2786022, 0.438371, -0.85452425), (-0.2786022, 0.438371, -0.85452425), (-0.2786022, 0.438371, -0.85452425), (-0.9495806, 0.2889717, -0.12162284), (-0.9495806, 0.2889717, -0.12162284), (-0.9495806, 0.2889717, -0.12162284), (-0.9495806, 0.2889717, -0.12162284), (0.21678944, -0.6113164, 0.761114), (0.21678944, -0.6113164, 0.761114), (0.21678944, -0.6113164, 0.761114), (0.21678944, -0.6113164, 0.761114), (0.9632685, -0.23073666, 0.13738388), (0.9632685, -0.23073666, 0.13738388), (0.9632685, -0.23073666, 0.13738388), (0.9632685, -0.23073666, 0.13738388), (-0.30270842, 0.15227848, -0.9408395), (-0.30270842, 0.15227848, -0.9408395), (-0.30270842, 0.15227848, -0.9408395), (-0.30270842, 0.15227848, -0.9408395), (-0.9820187, 0.061915167, -0.1783416), (-0.9820187, 0.061915167, -0.1783416), (-0.9820187, 0.061915167, -0.1783416), (-0.9820187, 0.061915167, -0.1783416), (0.2836322, -0.30881843, 0.9078458), (0.2836322, -0.30881843, 0.9078458), (0.2836322, -0.30881843, 0.9078458), (0.2836322, -0.30881843, 0.9078458), (0.9773492, -0.087538734, 0.1926794), (0.9773492, -0.087538734, 0.1926794), (0.9773492, -0.087538734, 0.1926794), (0.9773492, -0.087538734, 0.1926794), (-0.28053823, -0.024196764, -0.95953786), (-0.28053823, -0.024196764, -0.95953786), (-0.28053823, -0.024196764, -0.95953786), (-0.28053823, -0.024196764, -0.95953786), (-0.97764736, -0.06657607, -0.19943243), (-0.97764736, -0.06657607, -0.19943243), (-0.97764736, -0.06657607, -0.19943243), (-0.97764736, -0.06657607, -0.19943243), (0.279855, -0.09297323, 0.95552975), (0.279855, -0.09297323, 0.95552975), (0.279855, -0.09297323, 0.95552975), (0.279855, -0.09297323, 0.95552975), (0.97153896, 0.036282435, 0.23408462), (0.97153896, 0.036282435, 0.23408462), (0.97153896, 0.036282435, 0.23408462), (0.97153896, 0.036282435, 0.23408462), (-0.23670603, -0.15630627, -0.9589258), (-0.23670603, -0.15630627, -0.9589258), (-0.23670603, -0.15630627, -0.9589258), (-0.23670603, -0.15630627, -0.9589258), (-0.96204525, -0.16071585, -0.22054341), (-0.96204525, -0.16071585, -0.22054341), (-0.96204525, -0.16071585, -0.22054341), (-0.96204525, -0.16071585, -0.22054341), (0.24170272, 0.09017995, 0.9661508), (0.24170272, 0.09017995, 0.9661508), (0.24170272, 0.09017995, 0.9661508), (0.24170272, 0.09017995, 0.9661508), (0.94991183, 0.16472574, 0.26558053), (0.94991183, 0.16472574, 0.26558053), (0.94991183, 0.16472574, 0.26558053), (0.94991183, 0.16472574, 0.26558053), (-0.17533836, -0.27754614, -0.94457644), (-0.17533836, -0.27754614, -0.94457644), (-0.17533836, -0.27754614, -0.94457644), (-0.17533836, -0.27754614, -0.94457644), (-0.9374132, -0.2495474, -0.24286324), (-0.9374132, -0.2495474, -0.24286324), (-0.9374132, -0.2495474, -0.24286324), (-0.9374132, -0.2495474, -0.24286324), (0.1764642, 0.26997033, 0.9465603), (0.1764642, 0.26997033, 0.9465603), (0.1764642, 0.26997033, 0.9465603), (0.1764642, 0.26997033, 0.9465603), (0.91003925, 0.3093284, 0.27594274), (0.91003925, 0.3093284, 0.27594274), (0.91003925, 0.3093284, 0.27594274), (0.91003925, 0.3093284, 0.27594274), (-0.09696966, -0.40667683, -0.90841115), (-0.09696966, -0.40667683, -0.90841115), (-0.09696966, -0.40667683, -0.90841115), (-0.09696966, -0.40667683, -0.90841115), (-0.901456, -0.34763658, -0.25792614), (-0.901456, -0.34763658, -0.25792614), (-0.901456, -0.34763658, -0.25792614), (-0.901456, -0.34763658, -0.25792614), (0.085856594, 0.45589837, 0.8858811), (0.085856594, 0.45589837, 0.8858811), (0.085856594, 0.45589837, 0.8858811), (0.085856594, 0.45589837, 0.8858811), (0.8501321, 0.4651691, 0.24676546), (0.8501321, 0.4651691, 0.24676546), (0.8501321, 0.4651691, 0.24676546), (0.8501321, 0.4651691, 0.24676546), (-0.0019737391, -0.55096126, -0.83452845), (-0.0019737391, -0.55096126, -0.83452845), (-0.0019737391, -0.55096126, -0.83452845), (-0.0019737391, -0.55096126, -0.83452845), (-0.8521177, -0.45893258, -0.25154784), (-0.8521177, -0.45893258, -0.25154784), (-0.8521177, -0.45893258, -0.25154784), (-0.8521177, -0.45893258, -0.25154784), (-0.025729857, 0.6378694, 0.7697146), (-0.025729857, 0.6378694, 0.7697146), (-0.025729857, 0.6378694, 0.7697146), (-0.025729857, 0.6378694, 0.7697146), (0.7749262, 0.61024237, 0.16460134), (0.7749262, 0.61024237, 0.16460134), (0.7749262, 0.61024237, 0.16460134), (0.7749262, 0.61024237, 0.16460134), (0.10537088, -0.6978838, -0.70841736), (0.10537088, -0.6978838, -0.70841736), (0.10537088, -0.6978838, -0.70841736), (0.10537088, -0.6978838, -0.70841736), (-0.79166526, -0.5730724, -0.21178806), (-0.79166526, -0.5730724, -0.21178806), (-0.79166526, -0.5730724, -0.21178806), (-0.79166526, -0.5730724, -0.21178806), (-0.14737247, 0.7920492, 0.5924015), (-0.14737247, 0.7920492, 0.5924015), (-0.14737247, 0.7920492, 0.5924015), (-0.14737247, 0.7920492, 0.5924015), (0.6963522, 0.7170425, 0.0307178), (0.6963522, 0.7170425, 0.0307178), (0.6963522, 0.7170425, 0.0307178), (0.6963522, 0.7170425, 0.0307178), (0.21461037, -0.8213458, -0.52852005), (0.21461037, -0.8213458, -0.52852005), (0.21461037, -0.8213458, -0.52852005), (0.21461037, -0.8213458, -0.52852005), (-0.72747535, -0.6721436, -0.13784988), (-0.72747535, -0.6721436, -0.13784988), (-0.72747535, -0.6721436, -0.13784988), (-0.72747535, -0.6721436, -0.13784988), (-0.26401588, 0.8947677, 0.36012006), (-0.26401588, 0.8947677, 0.36012006), (-0.26401588, 0.8947677, 0.36012006), (-0.26401588, 0.8947677, 0.36012006), (0.62995934, 0.7645496, -0.13643667), (0.62995934, 0.7645496, -0.13643667), (0.62995934, 0.7645496, -0.13643667), (0.62995934, 0.7645496, -0.13643667), (0.3123005, -0.8987774, -0.30768123), (0.3123005, -0.8987774, -0.30768123), (0.3123005, -0.8987774, -0.30768123), (0.3123005, -0.8987774, -0.30768123), (-0.6686235, -0.7425042, -0.040373538), (-0.6686235, -0.7425042, -0.040373538), (-0.6686235, -0.7425042, -0.040373538), (-0.6686235, -0.7425042, -0.040373538), (-0.359669, 0.9287841, 0.08943396), (-0.359669, 0.9287841, 0.08943396), (-0.359669, 0.9287841, 0.08943396), (-0.359669, 0.9287841, 0.08943396), (0.5890093, 0.7467018, -0.30903813), (0.5890093, 0.7467018, -0.30903813), (0.5890093, 0.7467018, -0.30903813), (0.5890093, 0.7467018, -0.30903813), (0.3868181, -0.91982186, -0.065569185), (0.3868181, -0.91982186, -0.065569185), (0.3868181, -0.91982186, -0.065569185), (0.3868181, -0.91982186, -0.065569185), (-0.6218536, -0.78044355, 0.06485322), (-0.6218536, -0.78044355, 0.06485322), (-0.6218536, -0.78044355, 0.06485322), (-0.6218536, -0.78044355, 0.06485322), (-0.42011052, 0.8855541, -0.19824524), (-0.42011052, 0.8855541, -0.19824524), (-0.42011052, 0.8855541, -0.19824524), (-0.42011052, 0.8855541, -0.19824524), (0.5538403, 0.75780493, -0.3449531), (0.5538403, 0.75780493, -0.3449531), (0.5538403, 0.75780493, -0.3449531), (0.5538403, 0.75780493, -0.3449531), (0.24491818, -0.9566169, 0.15779512), (0.24491818, -0.9566169, 0.15779512), (0.24491818, -0.9566169, 0.15779512), (0.24491818, -0.9566169, 0.15779512), (-0.5647482, -0.80318445, 0.18961622), (-0.5647482, -0.80318445, 0.18961622), (-0.5647482, -0.80318445, 0.18961622), (-0.5647482, -0.80318445, 0.18961622), (-0.2495679, 0.9497304, -0.1890188), (-0.2495679, 0.9497304, -0.1890188), (-0.2495679, 0.9497304, -0.1890188), (-0.2495679, 0.9497304, -0.1890188), (0.41776058, 0.55045086, -0.72282773), (0.41776058, 0.55045086, -0.72282773), (0.41776058, 0.55045086, -0.72282773), (0.09435267, -0.9438029, 0.31675488), (0.09435267, -0.9438029, 0.31675488), (0.09435267, -0.9438029, 0.31675488), (-0.51429474, -0.77488005, 0.36750746), (-0.51429474, -0.77488005, 0.36750746), (-0.51429474, -0.77488005, 0.36750746), (-0.15928012, 0.7251268, -0.66994107), (-0.15928012, 0.7251268, -0.66994107), (-0.15928012, 0.7251268, -0.66994107), (0.6371611, -0.77007055, 0.03189306), (0.6371611, -0.77007055, 0.03189306), (0.6371611, -0.77007055, 0.03189306), (0.6371611, -0.77007055, 0.03189306), (0.35701334, 0.9197706, -0.162983), (0.35701334, 0.9197706, -0.162983), (0.35701334, 0.9197706, -0.162983), (0.35701334, 0.9197706, -0.162983), (-0.64098287, 0.76441705, -0.06933579), (-0.64098287, 0.76441705, -0.06933579), (-0.64098287, 0.76441705, -0.06933579), (-0.64098287, 0.76441705, -0.06933579), (-0.35879022, -0.92374444, 0.13403642), (-0.35879022, -0.92374444, 0.13403642), (-0.35879022, -0.92374444, 0.13403642), (-0.35879022, -0.92374444, 0.13403642), (0.6723723, -0.62553513, 0.39575407), (0.6723723, -0.62553513, 0.39575407), (0.6723723, -0.62553513, 0.39575407), (0.6723723, -0.62553513, 0.39575407), (0.28829622, 0.61186886, -0.73654723), (0.28829622, 0.61186886, -0.73654723), (0.28829622, 0.61186886, -0.73654723), (0.28829622, 0.61186886, -0.73654723), (-0.68558234, 0.5376899, -0.49078158), (-0.68558234, 0.5376899, -0.49078158), (-0.68558234, 0.5376899, -0.49078158), (-0.68558234, 0.5376899, -0.49078158), (-0.30476344, -0.71126455, 0.6334208), (-0.30476344, -0.71126455, 0.6334208), (-0.30476344, -0.71126455, 0.6334208), (-0.30476344, -0.71126455, 0.6334208), (0.7184395, -0.33047986, 0.6120685), (0.7184395, -0.33047986, 0.6120685), (0.7184395, -0.33047986, 0.6120685), (0.7184395, -0.33047986, 0.6120685), (0.24571897, 0.17681707, -0.9530781), (0.24571897, 0.17681707, -0.9530781), (0.24571897, 0.17681707, -0.9530781), (0.24571897, 0.17681707, -0.9530781), (-0.7271472, 0.18588914, -0.6608344), (-0.7271472, 0.18588914, -0.6608344), (-0.7271472, 0.18588914, -0.6608344), (-0.7271472, 0.18588914, -0.6608344), (-0.26169586, -0.33483323, 0.90520823), (-0.26169586, -0.33483323, 0.90520823), (-0.26169586, -0.33483323, 0.90520823), (-0.26169586, -0.33483323, 0.90520823), (0.7398077, -0.09549044, 0.66600746), (0.7398077, -0.09549044, 0.66600746), (0.7398077, -0.09549044, 0.66600746), (0.7398077, -0.09549044, 0.66600746), (0.2424892, -0.057228316, -0.9684647), (0.2424892, -0.057228316, -0.9684647), (0.2424892, -0.057228316, -0.9684647), (0.2424892, -0.057228316, -0.9684647), (-0.74195933, -0.0291973, -0.6698088), (-0.74195933, -0.0291973, -0.6698088), (-0.74195933, -0.0291973, -0.6698088), (-0.74195933, -0.0291973, -0.6698088), (-0.24721865, -0.069587156, 0.9664577), (-0.24721865, -0.069587156, 0.9664577), (-0.24721865, -0.069587156, 0.9664577), (-0.24721865, -0.069587156, 0.9664577), (0.7443014, 0.07798902, 0.6632747), (0.7443014, 0.07798902, 0.6632747), (0.7443014, 0.07798902, 0.6632747), (0.7443014, 0.07798902, 0.6632747), (0.24768709, -0.18401948, -0.9512034), (0.24768709, -0.18401948, -0.9512034), (0.24768709, -0.18401948, -0.9512034), (0.24768709, -0.18401948, -0.9512034), (-0.7416271, -0.1639056, -0.6504801), (-0.7416271, -0.1639056, -0.6504801), (-0.7416271, -0.1639056, -0.6504801), (-0.7416271, -0.1639056, -0.6504801), (-0.24550186, 0.09801823, 0.96442795), (-0.24550186, 0.09801823, 0.96442795), (-0.24550186, 0.09801823, 0.96442795), (-0.24550186, 0.09801823, 0.96442795), (0.7376494, 0.23310164, 0.63366956), (0.7376494, 0.23310164, 0.63366956), (0.7376494, 0.23310164, 0.63366956), (0.7376494, 0.23310164, 0.63366956), (0.2554392, -0.27420625, -0.9271255), (0.2554392, -0.27420625, -0.9271255), (0.2554392, -0.27420625, -0.9271255), (0.2554392, -0.27420625, -0.9271255), (-0.7339701, -0.2740386, -0.6214424), (-0.7339701, -0.2740386, -0.6214424), (-0.7339701, -0.2740386, -0.6214424), (-0.7339701, -0.2740386, -0.6214424), (-0.25159794, 0.23316199, 0.9393263), (-0.25159794, 0.23316199, 0.9393263), (-0.25159794, 0.23316199, 0.9393263), (-0.25159794, 0.23316199, 0.9393263), (0.716953, 0.397289, 0.5728351), (0.716953, 0.397289, 0.5728351), (0.716953, 0.397289, 0.5728351), (0.716953, 0.397289, 0.5728351), (0.26763004, -0.37137964, -0.8890733), (0.26763004, -0.37137964, -0.8890733), (0.26763004, -0.37137964, -0.8890733), (0.26763004, -0.37137964, -0.8890733), (-0.7180776, -0.3903179, -0.5762087), (-0.7180776, -0.3903179, -0.5762087), (-0.7180776, -0.3903179, -0.5762087), (-0.7180776, -0.3903179, -0.5762087), (-0.2688928, 0.37868813, 0.8856026), (-0.2688928, 0.37868813, 0.8856026), (-0.2688928, 0.37868813, 0.8856026), (-0.2688928, 0.37868813, 0.8856026), (0.6766885, 0.5748124, 0.46009067), (0.6766885, 0.5748124, 0.46009067), (0.6766885, 0.5748124, 0.46009067), (0.6766885, 0.5748124, 0.46009067), (0.29332295, -0.5062923, -0.8109438), (0.29332295, -0.5062923, -0.8109438), (0.29332295, -0.5062923, -0.8109438), (0.29332295, -0.5062923, -0.8109438), (-0.6884428, -0.52879053, -0.49641415), (-0.6884428, -0.52879053, -0.49641415), (-0.6884428, -0.52879053, -0.49641415), (-0.6884428, -0.52879053, -0.49641415), (-0.3063186, 0.5547018, 0.77361166), (-0.3063186, 0.5547018, 0.77361166), (-0.3063186, 0.5547018, 0.77361166), (-0.3063186, 0.5547018, 0.77361166), (0.6212075, 0.73082834, 0.28282744), (0.6212075, 0.73082834, 0.28282744), (0.6212075, 0.73082834, 0.28282744), (0.6212075, 0.73082834, 0.28282744), (0.34068057, -0.6679675, -0.6616314), (0.34068057, -0.6679675, -0.6616314), (0.34068057, -0.6679675, -0.6616314), (0.34068057, -0.6679675, -0.6616314), (-0.6448822, -0.67058325, -0.36666763), (-0.6448822, -0.67058325, -0.36666763), (-0.6448822, -0.67058325, -0.36666763), (-0.6448822, -0.67058325, -0.36666763), (-0.36578453, 0.73178095, 0.57506394), (-0.36578453, 0.73178095, 0.57506394), (-0.36578453, 0.73178095, 0.57506394), (-0.36578453, 0.73178095, 0.57506394), (0.5709273, 0.8180962, 0.06899632), (0.5709273, 0.8180962, 0.06899632), (0.5709273, 0.8180962, 0.06899632), (0.5709273, 0.8180962, 0.06899632), (0.39986056, -0.8022215, -0.44334206), (0.39986056, -0.8022215, -0.44334206), (0.39986056, -0.8022215, -0.44334206), (0.39986056, -0.8022215, -0.44334206), (-0.6005158, -0.7728734, -0.20505503), (-0.6005158, -0.7728734, -0.20505503), (-0.6005158, -0.7728734, -0.20505503), (-0.6005158, -0.7728734, -0.20505503), (-0.42940167, 0.8502586, 0.30442488), (-0.42940167, 0.8502586, 0.30442488), (-0.42940167, 0.8502586, 0.30442488), (-0.42940167, 0.8502586, 0.30442488), (0.5451921, 0.82839876, -0.12853448), (0.5451921, 0.82839876, -0.12853448), (0.5451921, 0.82839876, -0.12853448), (0.5451921, 0.82839876, -0.12853448), (0.45005807, -0.87141705, -0.19514106), (0.45005807, -0.87141705, -0.19514106), (0.45005807, -0.87141705, -0.19514106), (0.45005807, -0.87141705, -0.19514106), (-0.56894094, -0.8205616, -0.05463359), (-0.56894094, -0.8205616, -0.05463359), (-0.56894094, -0.8205616, -0.05463359), (-0.56894094, -0.8205616, -0.05463359), (-0.472103, 0.8814863, 0.010038283), (-0.472103, 0.8814863, 0.010038283), (-0.472103, 0.8814863, 0.010038283), (-0.472103, 0.8814863, 0.010038283), (0.54806876, 0.7884803, -0.27914053), (0.54806876, 0.7884803, -0.27914053), (0.54806876, 0.7884803, -0.27914053), (0.54806876, 0.7884803, -0.27914053), (0.47840586, -0.8767817, 0.04880244), (0.47840586, -0.8767817, 0.04880244), (0.47840586, -0.8767817, 0.04880244), (0.47840586, -0.8767817, 0.04880244), (-0.55100846, -0.8326277, 0.05586518), (-0.55100846, -0.8326277, 0.05586518), (-0.55100846, -0.8326277, 0.05586518), (-0.55100846, -0.8326277, 0.05586518), (-0.47828436, 0.83458585, -0.27333236), (-0.47828436, 0.83458585, -0.27333236), (-0.47828436, 0.83458585, -0.27333236), (-0.47828436, 0.83458585, -0.27333236), (0.5750176, 0.72480196, -0.37949547), (0.5750176, 0.72480196, -0.37949547), (0.5750176, 0.72480196, -0.37949547), (0.5750176, 0.72480196, -0.37949547), (0.4798468, -0.8305928, 0.28260002), (0.4798468, -0.8305928, 0.28260002), (0.4798468, -0.8305928, 0.28260002), (0.4798468, -0.8305928, 0.28260002), (-0.5379725, -0.83396894, 0.122805625), (-0.5379725, -0.83396894, 0.122805625), (-0.5379725, -0.83396894, 0.122805625), (-0.5379725, -0.83396894, 0.122805625), (-0.43680617, 0.7211524, -0.537717), (-0.43680617, 0.7211524, -0.537717), (-0.43680617, 0.7211524, -0.537717), (-0.43680617, 0.7211524, -0.537717), (0.60988724, 0.66037816, -0.4381075), (0.60988724, 0.66037816, -0.4381075), (0.60988724, 0.66037816, -0.4381075), (0.4390928, -0.73592997, 0.5153683), (0.4390928, -0.73592997, 0.5153683), (0.4390928, -0.73592997, 0.5153683), (-0.52601236, -0.8376687, 0.14704466), (-0.52601236, -0.8376687, 0.14704466), (-0.52601236, -0.8376687, 0.14704466), (-0.33206147, 0.53678894, -0.77562404), (-0.33206147, 0.53678894, -0.77562404), (-0.33206147, 0.53678894, -0.77562404), (-0.71035564, -0.65715814, -0.25206733), (-0.71035564, -0.65715814, -0.25206733), (-0.71035564, -0.65715814, -0.25206733), (-0.71035564, -0.65715814, -0.25206733), (0.025246065, 0.8997799, -0.4356129), (0.025246065, 0.8997799, -0.4356129), (0.025246065, 0.8997799, -0.4356129), (0.025246065, 0.8997799, -0.4356129), (0.75344384, 0.63115454, 0.1842996), (0.75344384, 0.63115454, 0.1842996), (0.75344384, 0.63115454, 0.1842996), (0.75344384, 0.63115454, 0.1842996), (0.033311047, -0.9368144, 0.34823713), (0.033311047, -0.9368144, 0.34823713), (0.033311047, -0.9368144, 0.34823713), (0.033311047, -0.9368144, 0.34823713), (-0.90112674, -0.43252128, 0.029932115), (-0.90112674, -0.43252128, 0.029932115), (-0.90112674, -0.43252128, 0.029932115), (-0.90112674, -0.43252128, 0.029932115), (0.2786033, 0.43837115, -0.85452384), (0.2786033, 0.43837115, -0.85452384), (0.2786033, 0.43837115, -0.85452384), (0.2786033, 0.43837115, -0.85452384), (0.9495805, 0.28897214, -0.12162279), (0.9495805, 0.28897214, -0.12162279), (0.9495805, 0.28897214, -0.12162279), (0.9495805, 0.28897214, -0.12162279), (-0.21678942, -0.6113163, 0.7611141), (-0.21678942, -0.6113163, 0.7611141), (-0.21678942, -0.6113163, 0.7611141), (-0.21678942, -0.6113163, 0.7611141), (-0.9632684, -0.23073721, 0.13738407), (-0.9632684, -0.23073721, 0.13738407), (-0.9632684, -0.23073721, 0.13738407), (-0.9632684, -0.23073721, 0.13738407), (0.302711, 0.15227827, -0.94083863), (0.302711, 0.15227827, -0.94083863), (0.302711, 0.15227827, -0.94083863), (0.302711, 0.15227827, -0.94083863), (0.9820187, 0.061914753, -0.17834163), (0.9820187, 0.061914753, -0.17834163), (0.9820187, 0.061914753, -0.17834163), (0.9820187, 0.061914753, -0.17834163), (-0.2836312, -0.3088186, 0.90784603), (-0.2836312, -0.3088186, 0.90784603), (-0.2836312, -0.3088186, 0.90784603), (-0.2836312, -0.3088186, 0.90784603), (-0.9773492, -0.08753902, 0.19267939), (-0.9773492, -0.08753902, 0.19267939), (-0.9773492, -0.08753902, 0.19267939), (-0.9773492, -0.08753902, 0.19267939), (0.2805368, -0.02419679, -0.95953834), (0.2805368, -0.02419679, -0.95953834), (0.2805368, -0.02419679, -0.95953834), (0.2805368, -0.02419679, -0.95953834), (0.97764736, -0.0665757, -0.19943249), (0.97764736, -0.0665757, -0.19943249), (0.97764736, -0.0665757, -0.19943249), (0.97764736, -0.0665757, -0.19943249), (-0.2798544, -0.092973255, 0.9555299), (-0.2798544, -0.092973255, 0.9555299), (-0.2798544, -0.092973255, 0.9555299), (-0.2798544, -0.092973255, 0.9555299), (-0.97153896, 0.03628245, 0.23408465), (-0.97153896, 0.03628245, 0.23408465), (-0.97153896, 0.03628245, 0.23408465), (-0.97153896, 0.03628245, 0.23408465), (0.23670502, -0.15630631, -0.958926), (0.23670502, -0.15630631, -0.958926), (0.23670502, -0.15630631, -0.958926), (0.23670502, -0.15630631, -0.958926), (0.9620452, -0.1607162, -0.22054361), (0.9620452, -0.1607162, -0.22054361), (0.9620452, -0.1607162, -0.22054361), (0.9620452, -0.1607162, -0.22054361), (-0.2417038, 0.09018001, 0.96615046), (-0.2417038, 0.09018001, 0.96615046), (-0.2417038, 0.09018001, 0.96615046), (-0.2417038, 0.09018001, 0.96615046), (-0.94991183, 0.16472578, 0.26558053), (-0.94991183, 0.16472578, 0.26558053), (-0.94991183, 0.16472578, 0.26558053), (-0.94991183, 0.16472578, 0.26558053), (0.17533739, -0.27754617, -0.9445766), (0.17533739, -0.27754617, -0.9445766), (0.17533739, -0.27754617, -0.9445766), (0.17533739, -0.27754617, -0.9445766), (0.93741333, -0.2495473, -0.24286327), (0.93741333, -0.2495473, -0.24286327), (0.93741333, -0.2495473, -0.24286327), (0.93741333, -0.2495473, -0.24286327), (-0.17646493, 0.26997036, 0.94656014), (-0.17646493, 0.26997036, 0.94656014), (-0.17646493, 0.26997036, 0.94656014), (-0.17646493, 0.26997036, 0.94656014), (-0.91003937, 0.30932835, 0.27594277), (-0.91003937, 0.30932835, 0.27594277), (-0.91003937, 0.30932835, 0.27594277), (-0.91003937, 0.30932835, 0.27594277), (0.096969634, -0.40667674, -0.90841115), (0.096969634, -0.40667674, -0.90841115), (0.096969634, -0.40667674, -0.90841115), (0.096969634, -0.40667674, -0.90841115), (0.90145564, -0.34763715, -0.25792658), (0.90145564, -0.34763715, -0.25792658), (0.90145564, -0.34763715, -0.25792658), (0.90145564, -0.34763715, -0.25792658), (-0.08585736, 0.45589834, 0.88588107), (-0.08585736, 0.45589834, 0.88588107), (-0.08585736, 0.45589834, 0.88588107), (-0.08585736, 0.45589834, 0.88588107), (-0.8501322, 0.46516892, 0.2467655), (-0.8501322, 0.46516892, 0.2467655), (-0.8501322, 0.46516892, 0.2467655), (-0.8501322, 0.46516892, 0.2467655), (0.001973739, -0.5509613, -0.83452845), (0.001973739, -0.5509613, -0.83452845), (0.001973739, -0.5509613, -0.83452845), (0.001973739, -0.5509613, -0.83452845), (0.8521172, -0.45893314, -0.25154832), (0.8521172, -0.45893314, -0.25154832), (0.8521172, -0.45893314, -0.25154832), (0.8521172, -0.45893314, -0.25154832), (0.025731515, 0.6378693, 0.76971465), (0.025731515, 0.6378693, 0.76971465), (0.025731515, 0.6378693, 0.76971465), (0.025731515, 0.6378693, 0.76971465), (-0.77492684, 0.61024165, 0.16460098), (-0.77492684, 0.61024165, 0.16460098), (-0.77492684, 0.61024165, 0.16460098), (-0.77492684, 0.61024165, 0.16460098), (-0.10537085, -0.6978838, -0.70841736), (-0.10537085, -0.6978838, -0.70841736), (-0.10537085, -0.6978838, -0.70841736), (-0.10537085, -0.6978838, -0.70841736), (0.7916645, -0.57307327, -0.21178836), (0.7916645, -0.57307327, -0.21178836), (0.7916645, -0.57307327, -0.21178836), (0.7916645, -0.57307327, -0.21178836), (0.14737247, 0.7920493, 0.5924015), (0.14737247, 0.7920493, 0.5924015), (0.14737247, 0.7920493, 0.5924015), (0.14737247, 0.7920493, 0.5924015), (-0.69635266, 0.717042, 0.030717911), (-0.69635266, 0.717042, 0.030717911), (-0.69635266, 0.717042, 0.030717911), (-0.69635266, 0.717042, 0.030717911), (-0.21461037, -0.82134587, -0.52852005), (-0.21461037, -0.82134587, -0.52852005), (-0.21461037, -0.82134587, -0.52852005), (-0.21461037, -0.82134587, -0.52852005), (0.7274743, -0.6721448, -0.13785005), (0.7274743, -0.6721448, -0.13785005), (0.7274743, -0.6721448, -0.13785005), (0.7274743, -0.6721448, -0.13785005), (0.264015, 0.894768, 0.36011994), (0.264015, 0.894768, 0.36011994), (0.264015, 0.894768, 0.36011994), (0.264015, 0.894768, 0.36011994), (-0.62995857, 0.76455045, -0.13643675), (-0.62995857, 0.76455045, -0.13643675), (-0.62995857, 0.76455045, -0.13643675), (-0.62995857, 0.76455045, -0.13643675), (-0.3123004, -0.89877725, -0.30768132), (-0.3123004, -0.89877725, -0.30768132), (-0.3123004, -0.89877725, -0.30768132), (-0.3123004, -0.89877725, -0.30768132), (0.6686244, -0.7425036, -0.040373426), (0.6686244, -0.7425036, -0.040373426), (0.6686244, -0.7425036, -0.040373426), (0.6686244, -0.7425036, -0.040373426), (0.3596691, 0.928784, 0.08943428), (0.3596691, 0.928784, 0.08943428), (0.3596691, 0.928784, 0.08943428), (0.3596691, 0.928784, 0.08943428), (-0.5890091, 0.7467019, -0.3090382), (-0.5890091, 0.7467019, -0.3090382), (-0.5890091, 0.7467019, -0.3090382), (-0.5890091, 0.7467019, -0.3090382), (-0.3868179, -0.91982204, -0.06556915), (-0.3868179, -0.91982204, -0.06556915), (-0.3868179, -0.91982204, -0.06556915), (-0.3868179, -0.91982204, -0.06556915), (0.621853, -0.780444, 0.06485316), (0.621853, -0.780444, 0.06485316), (0.621853, -0.780444, 0.06485316), (0.621853, -0.780444, 0.06485316), (0.42011058, 0.8855541, -0.19824533), (0.42011058, 0.8855541, -0.19824533), (0.42011058, 0.8855541, -0.19824533), (0.42011058, 0.8855541, -0.19824533), (-0.5538402, 0.75780493, -0.34495312), (-0.5538402, 0.75780493, -0.34495312), (-0.5538402, 0.75780493, -0.34495312), (-0.5538402, 0.75780493, -0.34495312), (-0.24491821, -0.9566168, 0.15779515), (-0.24491821, -0.9566168, 0.15779515), (-0.24491821, -0.9566168, 0.15779515), (-0.24491821, -0.9566168, 0.15779515), (0.5647487, -0.8031839, 0.18961619), (0.5647487, -0.8031839, 0.18961619), (0.5647487, -0.8031839, 0.18961619), (0.5647487, -0.8031839, 0.18961619), (0.24956791, 0.94973034, -0.18901873), (0.24956791, 0.94973034, -0.18901873), (0.24956791, 0.94973034, -0.18901873), (0.24956791, 0.94973034, -0.18901873), (-0.4177605, 0.5504512, -0.72282743), (-0.4177605, 0.5504512, -0.72282743), (-0.4177605, 0.5504512, -0.72282743), (-0.09435265, -0.94380283, 0.31675482), (-0.09435265, -0.94380283, 0.31675482), (-0.09435265, -0.94380283, 0.31675482), (0.51429474, -0.77488005, 0.36750746), (0.51429474, -0.77488005, 0.36750746), (0.51429474, -0.77488005, 0.36750746), (0.15928015, 0.7251267, -0.6699412), (0.15928015, 0.7251267, -0.6699412), (0.15928015, 0.7251267, -0.6699412), (-0.637161, -0.77007055, 0.03189309), (-0.637161, -0.77007055, 0.03189309), (-0.637161, -0.77007055, 0.03189309), (-0.637161, -0.77007055, 0.03189309), (-0.35701331, 0.9197707, -0.16298287), (-0.35701331, 0.9197707, -0.16298287), (-0.35701331, 0.9197707, -0.16298287), (-0.35701331, 0.9197707, -0.16298287), (0.6409823, 0.76441765, -0.06933502), (0.6409823, 0.76441765, -0.06933502), (0.6409823, 0.76441765, -0.06933502), (0.6409823, 0.76441765, -0.06933502), (0.3587895, -0.92374474, 0.1340361), (0.3587895, -0.92374474, 0.1340361), (0.3587895, -0.92374474, 0.1340361), (0.3587895, -0.92374474, 0.1340361), (-0.6723721, -0.6255353, 0.395754), (-0.6723721, -0.6255353, 0.395754), (-0.6723721, -0.6255353, 0.395754), (-0.6723721, -0.6255353, 0.395754), (-0.28829765, 0.6118685, -0.73654693), (-0.28829765, 0.6118685, -0.73654693), (-0.28829765, 0.6118685, -0.73654693), (-0.28829765, 0.6118685, -0.73654693), (0.68558204, 0.5376897, -0.49078208), (0.68558204, 0.5376897, -0.49078208), (0.68558204, 0.5376897, -0.49078208), (0.68558204, 0.5376897, -0.49078208), (0.30476522, -0.71126384, 0.6334208), (0.30476522, -0.71126384, 0.6334208), (0.30476522, -0.71126384, 0.6334208), (0.30476522, -0.71126384, 0.6334208), (-0.71843946, -0.3304798, 0.61206865), (-0.71843946, -0.3304798, 0.61206865), (-0.71843946, -0.3304798, 0.61206865), (-0.71843946, -0.3304798, 0.61206865), (-0.24571712, 0.17681722, -0.95307857), (-0.24571712, 0.17681722, -0.95307857), (-0.24571712, 0.17681722, -0.95307857), (-0.24571712, 0.17681722, -0.95307857), (0.72714627, 0.18588954, -0.66083527), (0.72714627, 0.18588954, -0.66083527), (0.72714627, 0.18588954, -0.66083527), (0.72714627, 0.18588954, -0.66083527), (0.26169708, -0.33483303, 0.90520793), (0.26169708, -0.33483303, 0.90520793), (0.26169708, -0.33483303, 0.90520793), (0.26169708, -0.33483303, 0.90520793), (-0.7398073, -0.095490344, 0.66600794), (-0.7398073, -0.095490344, 0.66600794), (-0.7398073, -0.095490344, 0.66600794), (-0.7398073, -0.095490344, 0.66600794), (-0.24248995, -0.057228357, -0.96846455), (-0.24248995, -0.057228357, -0.96846455), (-0.24248995, -0.057228357, -0.96846455), (-0.24248995, -0.057228357, -0.96846455), (0.7419597, -0.029197406, -0.6698084), (0.7419597, -0.029197406, -0.6698084), (0.7419597, -0.029197406, -0.6698084), (0.7419597, -0.029197406, -0.6698084), (0.2472187, -0.069587216, 0.9664577), (0.2472187, -0.069587216, 0.9664577), (0.2472187, -0.069587216, 0.9664577), (0.2472187, -0.069587216, 0.9664577), (-0.7443012, 0.077989094, 0.6632748), (-0.7443012, 0.077989094, 0.6632748), (-0.7443012, 0.077989094, 0.6632748), (-0.7443012, 0.077989094, 0.6632748), (-0.247687, -0.18401946, -0.95120335), (-0.247687, -0.18401946, -0.95120335), (-0.247687, -0.18401946, -0.95120335), (-0.247687, -0.18401946, -0.95120335), (0.74162674, -0.16390572, -0.65048045), (0.74162674, -0.16390572, -0.65048045), (0.74162674, -0.16390572, -0.65048045), (0.74162674, -0.16390572, -0.65048045), (0.2455032, 0.0980182, 0.96442765), (0.2455032, 0.0980182, 0.96442765), (0.2455032, 0.0980182, 0.96442765), (0.2455032, 0.0980182, 0.96442765), (-0.73764896, 0.23310184, 0.6336699), (-0.73764896, 0.23310184, 0.6336699), (-0.73764896, 0.23310184, 0.6336699), (-0.73764896, 0.23310184, 0.6336699), (-0.25543913, -0.27420634, -0.9271255), (-0.25543913, -0.27420634, -0.9271255), (-0.25543913, -0.27420634, -0.9271255), (-0.25543913, -0.27420634, -0.9271255), (0.7339695, -0.27403894, -0.62144303), (0.7339695, -0.27403894, -0.62144303), (0.7339695, -0.27403894, -0.62144303), (0.7339695, -0.27403894, -0.62144303), (0.25159794, 0.23316196, 0.9393263), (0.25159794, 0.23316196, 0.9393263), (0.25159794, 0.23316196, 0.9393263), (0.25159794, 0.23316196, 0.9393263), (-0.71695215, 0.3972894, 0.5728357), (-0.71695215, 0.3972894, 0.5728357), (-0.71695215, 0.3972894, 0.5728357), (-0.71695215, 0.3972894, 0.5728357), (-0.26763153, -0.3713794, -0.88907295), (-0.26763153, -0.3713794, -0.88907295), (-0.26763153, -0.3713794, -0.88907295), (-0.26763153, -0.3713794, -0.88907295), (0.71807766, -0.39031786, -0.5762088), (0.71807766, -0.39031786, -0.5762088), (0.71807766, -0.39031786, -0.5762088), (0.71807766, -0.39031786, -0.5762088), (0.26889282, 0.37868807, 0.8856027), (0.26889282, 0.37868807, 0.8856027), (0.26889282, 0.37868807, 0.8856027), (0.26889282, 0.37868807, 0.8856027), (-0.6766883, 0.5748125, 0.46009073), (-0.6766883, 0.5748125, 0.46009073), (-0.6766883, 0.5748125, 0.46009073), (-0.6766883, 0.5748125, 0.46009073), (-0.29332116, -0.5062926, -0.8109442), (-0.29332116, -0.5062926, -0.8109442), (-0.29332116, -0.5062926, -0.8109442), (-0.29332116, -0.5062926, -0.8109442), (0.6884428, -0.5287905, -0.49641415), (0.6884428, -0.5287905, -0.49641415), (0.6884428, -0.5287905, -0.49641415), (0.6884428, -0.5287905, -0.49641415), (0.3063186, 0.55470175, 0.77361166), (0.3063186, 0.55470175, 0.77361166), (0.3063186, 0.55470175, 0.77361166), (0.3063186, 0.55470175, 0.77361166), (-0.62120634, 0.73082906, 0.28282765), (-0.62120634, 0.73082906, 0.28282765), (-0.62120634, 0.73082906, 0.28282765), (-0.62120634, 0.73082906, 0.28282765), (-0.34067863, -0.667968, -0.66163194), (-0.34067863, -0.667968, -0.66163194), (-0.34067863, -0.667968, -0.66163194), (-0.34067863, -0.667968, -0.66163194), (0.64488333, -0.67058235, -0.36666736), (0.64488333, -0.67058235, -0.36666736), (0.64488333, -0.67058235, -0.36666736), (0.64488333, -0.67058235, -0.36666736), (0.36578313, 0.73178136, 0.57506406), (0.36578313, 0.73178136, 0.57506406), (0.36578313, 0.73178136, 0.57506406), (0.36578313, 0.73178136, 0.57506406), (-0.5709266, 0.8180967, 0.06899646), (-0.5709266, 0.8180967, 0.06899646), (-0.5709266, 0.8180967, 0.06899646), (-0.5709266, 0.8180967, 0.06899646), (-0.39986056, -0.80222154, -0.44334203), (-0.39986056, -0.80222154, -0.44334203), (-0.39986056, -0.80222154, -0.44334203), (-0.39986056, -0.80222154, -0.44334203), (0.6005158, -0.77287346, -0.20505473), (0.6005158, -0.77287346, -0.20505473), (0.6005158, -0.77287346, -0.20505473), (0.6005158, -0.77287346, -0.20505473), (0.42940173, 0.85025865, 0.30442464), (0.42940173, 0.85025865, 0.30442464), (0.42940173, 0.85025865, 0.30442464), (0.42940173, 0.85025865, 0.30442464), (-0.545192, 0.82839876, -0.12853454), (-0.545192, 0.82839876, -0.12853454), (-0.545192, 0.82839876, -0.12853454), (-0.545192, 0.82839876, -0.12853454), (-0.4500587, -0.87141675, -0.19514087), (-0.4500587, -0.87141675, -0.19514087), (-0.4500587, -0.87141675, -0.19514087), (-0.4500587, -0.87141675, -0.19514087), (0.568941, -0.8205616, -0.054633737), (0.568941, -0.8205616, -0.054633737), (0.568941, -0.8205616, -0.054633737), (0.568941, -0.8205616, -0.054633737), (0.47210324, 0.88148606, 0.010038477), (0.47210324, 0.88148606, 0.010038477), (0.47210324, 0.88148606, 0.010038477), (0.47210324, 0.88148606, 0.010038477), (-0.5480688, 0.7884802, -0.2791406), (-0.5480688, 0.7884802, -0.2791406), (-0.5480688, 0.7884802, -0.2791406), (-0.5480688, 0.7884802, -0.2791406), (-0.478407, -0.8767811, 0.0488025), (-0.478407, -0.8767811, 0.0488025), (-0.478407, -0.8767811, 0.0488025), (-0.478407, -0.8767811, 0.0488025), (0.55100775, -0.83262813, 0.05586515), (0.55100775, -0.83262813, 0.05586515), (0.55100775, -0.83262813, 0.05586515), (0.55100775, -0.83262813, 0.05586515), (0.4782843, 0.8345858, -0.27333263), (0.4782843, 0.8345858, -0.27333263), (0.4782843, 0.8345858, -0.27333263), (0.4782843, 0.8345858, -0.27333263), (-0.5750176, 0.72480196, -0.37949553), (-0.5750176, 0.72480196, -0.37949553), (-0.5750176, 0.72480196, -0.37949553), (-0.5750176, 0.72480196, -0.37949553), (-0.4798482, -0.83059216, 0.28259942), (-0.4798482, -0.83059216, 0.28259942), (-0.4798482, -0.83059216, 0.28259942), (-0.4798482, -0.83059216, 0.28259942), (0.5379725, -0.83396894, 0.12280573), (0.5379725, -0.83396894, 0.12280573), (0.5379725, -0.83396894, 0.12280573), (0.5379725, -0.83396894, 0.12280573), (0.43680748, 0.721152, -0.5377166), (0.43680748, 0.721152, -0.5377166), (0.43680748, 0.721152, -0.5377166), (0.43680748, 0.721152, -0.5377166), (-0.609887, 0.6603784, -0.43810746), (-0.609887, 0.6603784, -0.43810746), (-0.609887, 0.6603784, -0.43810746), (-0.4390929, -0.7359299, 0.51536846), (-0.4390929, -0.7359299, 0.51536846), (-0.4390929, -0.7359299, 0.51536846), (0.52601206, -0.83766884, 0.14704458), (0.52601206, -0.83766884, 0.14704458), (0.52601206, -0.83766884, 0.14704458), (0.3320616, 0.536789, -0.7756241), (0.3320616, 0.536789, -0.7756241), (0.3320616, 0.536789, -0.7756241), (-0.469266, 0.8688963, -0.15750796), (-0.469266, 0.8688963, -0.15750796), (-0.469266, 0.8688963, -0.15750796), (-0.469266, 0.8688963, -0.15750796), (-0.54582876, -0.8336621, 0.0841335), (-0.54582876, -0.8336621, 0.0841335), (-0.54582876, -0.8336621, 0.0841335), (-0.54582876, -0.8336621, 0.0841335), (0.46781152, -0.8790862, 0.09143118), (0.46781152, -0.8790862, 0.09143118), (0.46781152, -0.8790862, 0.09143118), (0.46781152, -0.8790862, 0.09143118), (0.547477, 0.82301515, -0.15137708), (0.547477, 0.82301515, -0.15137708), (0.547477, 0.82301515, -0.15137708), (0.547477, 0.82301515, -0.15137708), (-0.46304303, 0.5938225, -0.65800154), (-0.46304303, 0.5938225, -0.65800154), (-0.46304303, 0.5938225, -0.65800154), (-0.46304303, 0.5938225, -0.65800154), (-0.5398412, -0.71100855, 0.45059755), (-0.5398412, -0.71100855, 0.45059755), (-0.5398412, -0.71100855, 0.45059755), (-0.5398412, -0.71100855, 0.45059755), (0.46245354, -0.7448677, 0.48094591), (0.46245354, -0.7448677, 0.48094591), (0.46245354, -0.7448677, 0.48094591), (0.46245354, -0.7448677, 0.48094591), (0.54071456, 0.5609518, -0.6268659), (0.54071456, 0.5609518, -0.6268659), (0.54071456, 0.5609518, -0.6268659), (0.54071456, 0.5609518, -0.6268659), (-0.4618374, 0.14597492, -0.87487), (-0.4618374, 0.14597492, -0.87487), (-0.4618374, 0.14597492, -0.87487), (-0.4618374, 0.14597492, -0.87487), (-0.5462427, -0.4051195, 0.73314196), (-0.5462427, -0.4051195, 0.73314196), (-0.5462427, -0.4051195, 0.73314196), (-0.5462427, -0.4051195, 0.73314196), (0.46850264, -0.41999, 0.7772475), (0.46850264, -0.41999, 0.7772475), (0.46850264, -0.41999, 0.7772475), (0.46850264, -0.41999, 0.7772475), (0.5393857, 0.13593681, -0.8310141), (0.5393857, 0.13593681, -0.8310141), (0.5393857, 0.13593681, -0.8310141), (0.5393857, 0.13593681, -0.8310141), (-0.47093365, -0.09951151, -0.87653816), (-0.47093365, -0.09951151, -0.87653816), (-0.47093365, -0.09951151, -0.87653816), (-0.47093365, -0.09951151, -0.87653816), (-0.552595, -0.12603068, 0.8238659), (-0.552595, -0.12603068, 0.8238659), (-0.552595, -0.12603068, 0.8238659), (-0.552595, -0.12603068, 0.8238659), (0.47444493, -0.1264653, 0.87115353), (0.47444493, -0.1264653, 0.87115353), (0.47444493, -0.1264653, 0.87115353), (0.47444493, -0.1264653, 0.87115353), (0.5489096, -0.09805015, -0.830111), (0.5489096, -0.09805015, -0.830111), (0.5489096, -0.09805015, -0.830111), (0.5489096, -0.09805015, -0.830111), (-0.47619757, -0.21877418, -0.85168874), (-0.47619757, -0.21877418, -0.85168874), (-0.47619757, -0.21877418, -0.85168874), (-0.47619757, -0.21877418, -0.85168874), (-0.55543244, 0.07614403, 0.8280682), (-0.55543244, 0.07614403, 0.8280682), (-0.55543244, 0.07614403, 0.8280682), (-0.55543244, 0.07614403, 0.8280682), (0.4770075, 0.08461675, 0.8748166), (0.4770075, 0.08461675, 0.8748166), (0.4770075, 0.08461675, 0.8748166), (0.4770075, 0.08461675, 0.8748166), (0.5545812, -0.20981124, -0.8052446), (0.5545812, -0.20981124, -0.8052446), (0.5545812, -0.20981124, -0.8052446), (0.5545812, -0.20981124, -0.8052446), (-0.47794384, -0.2948053, -0.8274416), (-0.47794384, -0.2948053, -0.8274416), (-0.47794384, -0.2948053, -0.8274416), (-0.47794384, -0.2948053, -0.8274416), (-0.5564904, 0.24418998, 0.79415977), (-0.5564904, 0.24418998, 0.79415977), (-0.5564904, 0.24418998, 0.79415977), (-0.5564904, 0.24418998, 0.79415977), (0.4779206, 0.25932688, 0.83925056), (0.4779206, 0.25932688, 0.83925056), (0.4779206, 0.25932688, 0.83925056), (0.4779206, 0.25932688, 0.83925056), (0.5565211, -0.27967376, -0.782347), (0.5565211, -0.27967376, -0.782347), (0.5565211, -0.27967376, -0.782347), (0.5565211, -0.27967376, -0.782347), (-0.47696143, -0.37333387, -0.7956944), (-0.47696143, -0.37333387, -0.7956944), (-0.47696143, -0.37333387, -0.7956944), (-0.47696143, -0.37333387, -0.7956944), (-0.55595183, 0.41154617, 0.72218233), (-0.55595183, 0.41154617, 0.72218233), (-0.55595183, 0.41154617, 0.72218233), (-0.55595183, 0.41154617, 0.72218233), (0.47740802, 0.43335336, 0.76438636), (0.47740802, 0.43335336, 0.76438636), (0.47740802, 0.43335336, 0.76438636), (0.47740802, 0.43335336, 0.76438636), (0.55547494, -0.3521621, -0.75327915), (0.55547494, -0.3521621, -0.75327915), (0.55547494, -0.3521621, -0.75327915), (0.55547494, -0.3521621, -0.75327915), (-0.47397044, -0.49159542, -0.73053813), (-0.47397044, -0.49159542, -0.73053813), (-0.47397044, -0.49159542, -0.73053813), (-0.47397044, -0.49159542, -0.73053813), (-0.5538135, 0.58660156, 0.5909223), (-0.5538135, 0.58660156, 0.5909223), (-0.5538135, 0.58660156, 0.5909223), (-0.5538135, 0.58660156, 0.5909223), (0.4754904, 0.61623704, 0.6278222), (0.4754904, 0.61623704, 0.6278222), (0.4754904, 0.61623704, 0.6278222), (0.4754904, 0.61623704, 0.6278222), (0.5522511, -0.4633471, -0.69305724), (0.5522511, -0.4633471, -0.69305724), (0.5522511, -0.4633471, -0.69305724), (0.5522511, -0.4633471, -0.69305724), (-0.47184038, -0.64924055, -0.5965345), (-0.47184038, -0.64924055, -0.5965345), (-0.47184038, -0.64924055, -0.5965345), (-0.47184038, -0.64924055, -0.5965345), (-0.5512321, 0.7380801, 0.38907713), (-0.5512321, 0.7380801, 0.38907713), (-0.5512321, 0.7380801, 0.38907713), (-0.5512321, 0.7380801, 0.38907713), (0.47320744, 0.77597415, 0.4170599), (0.47320744, 0.77597415, 0.4170599), (0.47320744, 0.77597415, 0.4170599), (0.47320744, 0.77597415, 0.4170599), (0.5499233, -0.61260754, -0.5677114), (0.5499233, -0.61260754, -0.5677114), (0.5499233, -0.61260754, -0.5677114), (0.5499233, -0.61260754, -0.5677114), (-0.47200918, -0.7895061, -0.39228496), (-0.47200918, -0.7895061, -0.39228496), (-0.47200918, -0.7895061, -0.39228496), (-0.47200918, -0.7895061, -0.39228496), (-0.54988575, 0.82214546, 0.14731763), (-0.54988575, 0.82214546, 0.14731763), (-0.54988575, 0.82214546, 0.14731763), (-0.54988575, 0.82214546, 0.14731763), (0.47204983, 0.8663218, 0.16326493), (0.47204983, 0.8663218, 0.16326493), (0.47204983, 0.8663218, 0.16326493), (0.47204983, 0.8663218, 0.16326493), (0.55003023, -0.74579495, -0.3758413), (0.55003023, -0.74579495, -0.3758413), (0.55003023, -0.74579495, -0.3758413), (0.55003023, -0.74579495, -0.3758413), (-0.47309837, -0.86532927, -0.16547829), (-0.47309837, -0.86532927, -0.16547829), (-0.47309837, -0.86532927, -0.16547829), (-0.47309837, -0.86532927, -0.16547829), (-0.54988754, 0.8310241, -0.08380134), (-0.54988754, 0.8310241, -0.08380134), (-0.54988754, 0.8310241, -0.08380134), (-0.54988754, 0.8310241, -0.08380134), (0.47208944, 0.87785625, -0.08062299), (0.47208944, 0.87785625, -0.08062299), (0.47208944, 0.87785625, -0.08062299), (0.47208944, 0.87785625, -0.08062299), (0.551124, -0.818508, -0.162194), (0.551124, -0.818508, -0.162194), (0.551124, -0.818508, -0.162194), (0.551124, -0.818508, -0.162194), (-0.47367543, -0.8798136, 0.039492648), (-0.47367543, -0.8798136, 0.039492648), (-0.47367543, -0.8798136, 0.039492648), (-0.47367543, -0.8798136, 0.039492648), (-0.54990053, 0.7858828, -0.28283864), (-0.54990053, 0.7858828, -0.28283864), (-0.54990053, 0.7858828, -0.28283864), (-0.54990053, 0.7858828, -0.28283864), (0.47213712, 0.83206546, -0.29112476), (0.47213712, 0.83206546, -0.29112476), (0.47213712, 0.83206546, -0.29112476), (0.47213712, 0.83206546, -0.29112476), (0.5516812, -0.83347225, 0.031171879), (0.5516812, -0.83347225, 0.031171879), (0.5516812, -0.83347225, 0.031171879), (0.5516812, -0.83347225, 0.031171879), (-0.473454, -0.8545841, 0.21337152), (-0.473454, -0.8545841, 0.21337152), (-0.473454, -0.8545841, 0.21337152), (-0.473454, -0.8545841, 0.21337152), (-0.5481879, 0.6986809, -0.4597119), (-0.5481879, 0.6986809, -0.4597119), (-0.5481879, 0.6986809, -0.4597119), (-0.5481879, 0.6986809, -0.4597119), (0.4706401, 0.7416985, -0.47789246), (0.4706401, 0.7416985, -0.47789246), (0.4706401, 0.7416985, -0.47789246), (0.4706401, 0.7416985, -0.47789246), (0.55134875, -0.81116843, 0.19498818), (0.55134875, -0.81116843, 0.19498818), (0.55134875, -0.81116843, 0.19498818), (0.55134875, -0.81116843, 0.19498818), (-0.47746834, -0.7983168, 0.36703452), (-0.47746834, -0.7983168, 0.36703452), (-0.47746834, -0.7983168, 0.36703452), (-0.5376613, 0.5579952, -0.63210887), (-0.5376613, 0.5579952, -0.63210887), (-0.5376613, 0.5579952, -0.63210887), (0.46122092, 0.5943616, -0.6587941), (0.46122092, 0.5943616, -0.6587941), (0.46122092, 0.5943616, -0.6587941), (0.5555683, -0.75951695, 0.33834583), (0.5555683, -0.75951695, 0.33834583), (0.5555683, -0.75951695, 0.33834583), (-0.4803562, -0.4881233, -0.72869307), (-0.48074418, -0.48839465, -0.7282552), (-0.4807247, -0.48838106, -0.7282772), (-0.4803562, -0.4881233, -0.72869307), (-0.55393374, 0.32464892, 0.7666554), (-0.5514168, 0.32755607, 0.7672331), (-0.55375904, 0.32485133, 0.7666958), (-0.55393374, 0.32464892, 0.7666554), (0.47949204, 0.34127858, 0.8084654), (0.47930932, 0.34152797, 0.8084684), (0.4772175, 0.34436885, 0.8085008), (0.47949204, 0.34127858, 0.8084654), (0.55306953, -0.47149432, -0.68688226), (0.55353516, -0.47170332, -0.6863635), (0.55355966, -0.47171426, -0.6863362), (0.55306953, -0.47149432, -0.68688226), (-0.48074418, -0.48839465, -0.7282552), (-0.48106977, -0.48862234, -0.72788745), (-0.48106977, -0.48862234, -0.72788745), (-0.4807247, -0.48838106, -0.7282772), (-0.5514168, 0.32755607, 0.7672331), (-0.54904133, 0.33028638, 0.7677658), (-0.54904133, 0.33028638, 0.7677658), (-0.55375904, 0.32485133, 0.7666958), (0.47930932, 0.34152797, 0.8084684), (0.47507176, 0.3472707, 0.8085233), (0.47507176, 0.3472707, 0.8085233), (0.4772175, 0.34436885, 0.8085008), (0.55353516, -0.47170332, -0.6863635), (0.5539712, -0.47189885, -0.685877), (0.5539712, -0.47189885, -0.685877), (0.55355966, -0.47171426, -0.6863362), (-0.46737158, -0.5515682, -0.69089526), (-0.46737158, -0.5515682, -0.69089526), (-0.46737158, -0.5515682, -0.69089526), (-0.46737158, -0.5515682, -0.69089526), (-0.54422754, 0.6384083, 0.54428965), (-0.54422754, 0.6384083, 0.54428965), (-0.54422754, 0.6384083, 0.54428965), (-0.54422754, 0.6384083, 0.54428965), (0.4735883, 0.6656957, 0.57668316), (0.4735883, 0.6656957, 0.57668316), (0.4735883, 0.6656957, 0.57668316), (0.4735883, 0.6656957, 0.57668316), (0.5389298, -0.5287568, -0.65572166), (0.5389298, -0.5287568, -0.65572166), (0.5389298, -0.5287568, -0.65572166), (0.5389298, -0.5287568, -0.65572166), (-0.46894506, -0.72108835, -0.51002157), (-0.46894506, -0.72108835, -0.51002157), (-0.46894506, -0.72108835, -0.51002157), (-0.46894506, -0.72108835, -0.51002157), (-0.48892942, 0.85956264, -0.1486613), (-0.48892942, 0.85956264, -0.1486613), (-0.48892942, 0.85956264, -0.1486613), (-0.48892942, 0.85956264, -0.1486613), (0.42759547, 0.89363676, -0.13629183), (0.42759547, 0.89363676, -0.13629183), (0.42759547, 0.89363676, -0.13629183), (0.42759547, 0.89363676, -0.13629183), (0.5367716, -0.6799356, -0.4995636), (0.5367716, -0.6799356, -0.4995636), (0.5367716, -0.6799356, -0.4995636), (0.5367716, -0.6799356, -0.4995636), (-0.45405954, -0.7512843, -0.4789593), (-0.45405954, -0.7512843, -0.4789593), (-0.45405954, -0.7512843, -0.4789593), (-0.51932883, 0.82877773, -0.2083864), (-0.51932883, 0.82877773, -0.2083864), (-0.51932883, 0.82877773, -0.2083864), (0.45405647, 0.8678405, -0.20170622), (0.45405647, 0.8678405, -0.20170622), (0.45405647, 0.8678405, -0.20170622), (0.5193275, -0.7122174, -0.47227675), (0.5193275, -0.7122174, -0.47227675), (0.5193275, -0.7122174, -0.47227675), (0.24913082, -0.5793235, -0.7760916), (0.249308, -0.57988524, -0.7756151), (0.24929824, -0.5798542, -0.7756414), (0.24913082, -0.5793235, -0.7760916), (-0.9297312, -0.09910048, 0.35465366), (-0.9297072, -0.09903923, 0.35473317), (-0.929643, -0.09887718, 0.3549466), (-0.9297312, -0.09910048, 0.35465366), (-0.2131232, 0.43401662, 0.8753331), (-0.21318723, 0.43435675, 0.87514883), (-0.21314593, 0.4341372, 0.87526786), (-0.2131232, 0.43401662, 0.8753331), (0.9657264, -0.046207167, -0.25541627), (0.9662371, -0.04491771, -0.25370875), (0.96577436, -0.046086654, -0.2552566), (0.9657264, -0.046207167, -0.25541627), (0.249308, -0.57988524, -0.7756151), (0.24945399, -0.5803481, -0.7752218), (0.24945399, -0.5803481, -0.7752218), (0.24929824, -0.5798542, -0.7756414), (-0.9297072, -0.09903923, 0.35473317), (-0.92779136, -0.09427181, 0.36099315), (-0.92779136, -0.09427181, 0.36099315), (-0.929643, -0.09887718, 0.3549466), (-0.21318723, 0.43435675, 0.87514883), (-0.21456985, 0.4417273, 0.87111235), (-0.21456985, 0.4417273, 0.87111235), (-0.21314593, 0.4341372, 0.87526786), (0.9662371, -0.04491771, -0.25370875), (0.96670973, -0.043714095, -0.25211406), (0.96670973, -0.043714095, -0.25211406), (0.96577436, -0.046086654, -0.2552566), (0.26011008, -0.631739, -0.73023874), (0.26011008, -0.631739, -0.73023874), (0.26011008, -0.631739, -0.73023874), (0.26011008, -0.631739, -0.73023874), (-0.9780511, 0.106071144, 0.17934586), (-0.9780511, 0.106071144, 0.17934586), (-0.9780511, 0.106071144, 0.17934586), (-0.9780511, 0.106071144, 0.17934586), (-0.28758696, 0.75038683, 0.5951583), (-0.28758696, 0.75038683, 0.5951583), (-0.28758696, 0.75038683, 0.5951583), (-0.28758696, 0.75038683, 0.5951583), (0.9566368, -0.021513669, -0.29048806), (0.9566368, -0.021513669, -0.29048806), (0.9566368, -0.021513669, -0.29048806), (0.9566368, -0.021513669, -0.29048806), (0.29583985, -0.7923617, -0.5335184), (0.29583985, -0.7923617, -0.5335184), (0.29583985, -0.7923617, -0.5335184), (0.29583985, -0.7923617, -0.5335184), (-0.9178702, 0.26313654, -0.2971084), (-0.9178702, 0.26313654, -0.2971084), (-0.9178702, 0.26313654, -0.2971084), (-0.9178702, 0.26313654, -0.2971084), (-0.30389842, 0.9458419, -0.11414363), (-0.30389842, 0.9458419, -0.11414363), (-0.30389842, 0.9458419, -0.11414363), (-0.30389842, 0.9458419, -0.11414363), (0.9317986, -0.03438082, -0.3613439), (0.9317986, -0.03438082, -0.3613439), (0.9317986, -0.03438082, -0.3613439), (0.9317986, -0.03438082, -0.3613439), (0.2996135, -0.8183498, -0.49044418), (0.2996135, -0.8183498, -0.49044418), (0.2996135, -0.8183498, -0.49044418), (-0.9273265, 0.20058766, -0.315959), (-0.9273265, 0.20058766, -0.315959), (-0.9273265, 0.20058766, -0.315959), (-0.2996103, 0.9349064, -0.19021969), (-0.2996103, 0.9349064, -0.19021969), (-0.2996103, 0.9349064, -0.19021969), (0.92732376, -0.08402784, -0.36470523), (0.92732376, -0.08402784, -0.36470523), (0.92732376, -0.08402784, -0.36470523), (-0.795603, -0.29196516, -0.5308222), (-0.79636246, -0.2917947, -0.5297762), (-0.7963216, -0.29180387, -0.5298325), (-0.795603, -0.29196516, -0.5308222), (-0.18288174, 0.52797055, 0.82933795), (-0.18018515, 0.53075993, 0.8281468), (-0.18263827, 0.528223, 0.8292308), (-0.18288174, 0.52797055, 0.82933795), (0.7578507, 0.14582838, 0.6359216), (0.7577229, 0.14611936, 0.6360072), (0.75780654, 0.14593005, 0.63595104), (0.7578507, 0.14582838, 0.6359216), (0.14512593, -0.6741062, -0.724237), (0.14538878, -0.6746617, -0.72366685), (0.1454041, -0.6746941, -0.7236335), (0.14512593, -0.6741062, -0.724237), (-0.79636246, -0.2917947, -0.5297762), (-0.7969895, -0.29165334, -0.52891034), (-0.7969895, -0.29165334, -0.52891034), (-0.7963216, -0.29180387, -0.5298325), (-0.18018515, 0.53075993, 0.8281468), (-0.1776628, 0.5333585, 0.82702166), (-0.1776628, 0.5333585, 0.82702166), (-0.18263827, 0.528223, 0.8292308), (0.7577229, 0.14611936, 0.6360072), (0.7547793, 0.1527631, 0.6379434), (0.7547793, 0.1527631, 0.6379434), (0.75780654, 0.14593005, 0.63595104), (0.14538878, -0.6746617, -0.72366685), (0.14563316, -0.67517805, -0.72313607), (0.14563316, -0.67517805, -0.72313607), (0.1454041, -0.6746941, -0.7236335), (-0.79346883, -0.32121074, -0.51694393), (-0.79346883, -0.32121074, -0.51694393), (-0.79346883, -0.32121074, -0.51694393), (-0.79346883, -0.32121074, -0.51694393), (-0.10428947, 0.8243307, 0.55641955), (-0.10428947, 0.8243307, 0.55641955), (-0.10428947, 0.8243307, 0.55641955), (-0.10428947, 0.8243307, 0.55641955), (0.8193626, 0.41316432, 0.39741683), (0.8193626, 0.41316432, 0.39741683), (0.8193626, 0.41316432, 0.39741683), (0.8193626, 0.41316432, 0.39741683), (0.125009, -0.7189731, -0.68370336), (0.125009, -0.7189731, -0.68370336), (0.125009, -0.7189731, -0.68370336), (0.125009, -0.7189731, -0.68370336), (-0.8020401, -0.3997823, -0.44374055), (-0.8020401, -0.3997823, -0.44374055), (-0.8020401, -0.3997823, -0.44374055), (-0.8020401, -0.3997823, -0.44374055), (-0.054478053, 0.9908491, -0.12349206), (-0.054478053, 0.9908491, -0.12349206), (-0.054478053, 0.9908491, -0.12349206), (-0.054478053, 0.9908491, -0.12349206), (0.7783141, 0.5911458, -0.21159807), (0.7783141, 0.5911458, -0.21159807), (0.7783141, 0.5911458, -0.21159807), (0.7783141, 0.5911458, -0.21159807), (0.09467382, -0.84196335, -0.5311634), (0.09467382, -0.84196335, -0.5311634), (0.09467382, -0.84196335, -0.5311634), (0.09467382, -0.84196335, -0.5311634), (-0.7933859, -0.43584535, -0.42494437), (-0.7933859, -0.43584535, -0.42494437), (-0.7933859, -0.43584535, -0.42494437), (-0.07886287, 0.9800393, -0.18249328), (-0.07886287, 0.9800393, -0.18249328), (-0.07886287, 0.9800393, -0.18249328), (0.7933834, 0.5524029, -0.25572214), (0.7933834, 0.5524029, -0.25572214), (0.7933834, 0.5524029, -0.25572214), (0.07886102, -0.8634834, -0.49817386), (0.07886102, -0.8634834, -0.49817386), (0.07886102, -0.8634834, -0.49817386), (-0.42188743, -0.67310274, -0.6074073), (-0.42253628, -0.67363137, -0.6063694), (-0.4224978, -0.6736001, -0.60643095), (-0.42188743, -0.67310274, -0.6074073), (-0.6030218, 0.44197893, 0.6640929), (-0.60294276, 0.44208613, 0.66409326), (-0.60278505, 0.44230336, 0.6640918), (-0.6030218, 0.44197893, 0.6640929), (0.42383006, 0.5220419, 0.74016225), (0.42363653, 0.52235526, 0.7400521), (0.42374706, 0.5221773, 0.74011445), (0.42383006, 0.5220419, 0.74016225), (0.604969, -0.5930379, -0.5313366), (0.605823, -0.5931752, -0.53020924), (0.6050405, -0.59304893, -0.5312429), (0.604969, -0.5930379, -0.5313366), (-0.42253628, -0.67363137, -0.6063694), (-0.42306116, -0.6740587, -0.605528), (-0.42306116, -0.6740587, -0.605528), (-0.4224978, -0.6736001, -0.60643095), (-0.60294276, 0.44208613, 0.66409326), (-0.598589, 0.44801468, 0.6640588), (-0.598589, 0.44801468, 0.6640588), (-0.60278505, 0.44230336, 0.6640918), (0.42363653, 0.52235526, 0.7400521), (0.41996902, 0.52825564, 0.73795116), (0.41996902, 0.52825564, 0.73795116), (0.42374706, 0.5221773, 0.74011445), (0.605823, -0.5931752, -0.53020924), (0.60263777, -0.5987239, -0.52759594), (0.6025697, -0.59881604, -0.527569), (0.6050405, -0.59304893, -0.5312429), (-0.41536394, -0.6945704, -0.5874051), (-0.41536394, -0.6945704, -0.5874051), (-0.41536394, -0.6945704, -0.5874051), (-0.41536394, -0.6945704, -0.5874051), (-0.6030717, 0.6925531, 0.39582148), (-0.6030717, 0.6925531, 0.39582148), (-0.6030717, 0.6925531, 0.39582148), (-0.6030717, 0.6925531, 0.39582148), (0.41736338, 0.7872519, 0.45391867), (0.41736338, 0.7872519, 0.45391867), (0.41736338, 0.7872519, 0.45391867), (0.41736338, 0.7872519, 0.45391867), (0.60263777, -0.5987239, -0.52759594), (0.5986251, -0.6041323, -0.52599627), (0.5986251, -0.6041323, -0.52599627), (0.6025697, -0.59881604, -0.527569), (-0.4072549, -0.75765085, -0.51000845), (-0.4072549, -0.75765085, -0.51000845), (-0.4072549, -0.75765085, -0.51000845), (-0.4072549, -0.75765085, -0.51000845), (-0.55203277, 0.81483376, -0.17693411), (-0.55203277, 0.81483376, -0.17693411), (-0.55203277, 0.81483376, -0.17693411), (-0.55203277, 0.81483376, -0.17693411), (0.37937036, 0.9127775, -0.15137818), (0.37937036, 0.9127775, -0.15137818), (0.37937036, 0.9127775, -0.15137818), (0.37937036, 0.9127775, -0.15137818), (0.58623695, -0.6485363, -0.48551717), (0.58623695, -0.6485363, -0.48551717), (0.58623695, -0.6485363, -0.48551717), (0.58623695, -0.6485363, -0.48551717), (-0.39597937, -0.78038424, -0.48394307), (-0.39597937, -0.78038424, -0.48394307), (-0.39597937, -0.78038424, -0.48394307), (-0.5723112, 0.7914084, -0.21478507), (-0.5723112, 0.7914084, -0.21478507), (-0.5723112, 0.7914084, -0.21478507), (0.39598238, 0.8969384, -0.19672176), (0.39598238, 0.8969384, -0.19672176), (0.39598238, 0.8969384, -0.19672176), (0.57231224, -0.67484605, -0.46587697), (0.57231224, -0.67484605, -0.46587697), (0.57231224, -0.67484605, -0.46587697)] (
                    interpolation = "faceVarying"
                )
                point3f[] points = [(0.035715174, -0.0074208314, 1.5711557), (0.038506147, -0.075964876, 1.5688537), (0.045684725, -0.043635596, 1.5747408), (0.024887957, 0.0018689946, 1.5683167), (0.030693887, -0.08668129, 1.564807), (0.042826142, -0.058898713, 1.5731074), (0.044299938, -0.024697203, 1.5725405), (0.038288224, -0.007204556, 1.5883793), (0.036285, -0.08808051, 1.583843), (0.047128536, -0.046636343, 1.5906465), (0.022861905, 0.0033291099, 1.5859553), (0.026788024, -0.093842484, 1.5780774), (0.03904785, -0.077420235, 1.586781), (0.04667593, -0.024895465, 1.5894247), (0.050719082, -0.0030233397, 1.617069), (0.055013176, -0.057801366, 1.6085464), (0.027496308, 0.014596137, 1.6132387), (0.05925151, -0.022250975, 1.6155765), (0.060156617, 0.0113548655, 1.6455567), (0.0658531, -0.11291367, 1.6280046), (0.076875, -0.06165973, 1.6424278), (0.033916183, 0.03307191, 1.641488), (0.04465103, -0.1424448, 1.6172054), (0.0740812, -0.08628352, 1.6374285), (0.07145501, -0.018341595, 1.6477265), (0.07213977, 0.028610414, 1.6799884), (0.0801473, -0.10744194, 1.6655034), (0.08984797, -0.05659488, 1.6796681), (0.039897077, 0.05016235, 1.6758785), (0.05628052, -0.14297077, 1.655952), (0.08614113, -0.08240365, 1.6750456), (0.089303516, -0.018317623, 1.6853595), (0.0760402, 0.03490674, 1.7339331), (0.08425971, -0.11164434, 1.723883), (0.092198275, -0.054377947, 1.7325399), (0.042505417, 0.056658857, 1.7292836), (0.06384608, -0.15533514, 1.7177612), (0.08856382, -0.08371203, 1.7273803), (0.087101035, -0.016206667, 1.7362278), (0.07520097, 0.03414344, 1.7645059), (0.07921265, -0.12899192, 1.7553015), (0.088836804, -0.058273315, 1.7638706), (0.04436438, 0.052390296, 1.7664129), (0.0530511, -0.14907713, 1.7573187), (0.08558197, -0.0898301, 1.7548846), (0.08380506, -0.0166269, 1.7651954), (0.09067831, -0.08362421, 1.712268), (0.09427285, -0.054976273, 1.7181726), (0.07810536, 0.03442748, 1.7194521), (0.08641183, -0.10563618, 1.7039738), (0.08914976, -0.016804982, 1.7218246), (0.042505417, 0.056179594, 1.7152545), (0.06385136, -0.14285778, 1.6929826), (0.044896007, -0.10179427, 1.8094096), (0.044896007, -0.05948752, 1.8161151), (0.044896007, -0.010327899, 1.8140635), (0.044895995, 0.02821169, 1.7948885), (0.044896007, -0.13315974, 1.7819376), (0.06894802, -0.12208805, 1.7732999), (0.05979495, 0.020609012, 1.777906), (0.07594817, -0.060685724, 1.7942294), (0.074450046, -0.09900514, 1.785192), (0.07168139, -0.013020391, 1.7905439), (0.055647388, -0.10744319, 1.6032797), (0.051200498, -0.100544654, 1.5948799), (0.035908446, -0.13652606, 1.5741289), (0.03774407, -0.14425397, 1.581447), (0.06362847, -0.08640567, 1.6141765), (0.057598922, -0.082180075, 1.6040263), (0.046099197, -0.011053634, 1.519965), (0.044290964, -0.069378935, 1.519965), (0.051459152, -0.043146655, 1.519965), (0.025332399, 0.0025746897, 1.519965), (0.028590836, -0.08028873, 1.519965), (0.04835586, -0.056373544, 1.519965), (0.049831055, -0.024181789, 1.519965), (-0.035715174, -0.0074208314, 1.5711557), (0, 0.0039769714, 1.5671111), (0, -0.086764865, 1.5639585), (-0.038506147, -0.075964876, 1.5688537), (-0.045684725, -0.043635596, 1.5747408), (-0.024887957, 0.0018689946, 1.5683167), (-0.030693887, -0.08668129, 1.564807), (-0.042826142, -0.058898713, 1.5731074), (-0.044299938, -0.024697203, 1.5725405), (-0.038288224, -0.007204556, 1.5883793), (0, 0.005854961, 1.5847869), (0, -0.093964115, 1.5770077), (-0.036285, -0.08808051, 1.583843), (-0.047128536, -0.046636343, 1.5906465), (-0.022861905, 0.0033291099, 1.5859553), (-0.026788024, -0.093842484, 1.5780774), (-0.03904785, -0.077420235, 1.586781), (-0.04667593, -0.024895465, 1.5894247), (-0.050719082, -0.0030233397, 1.617069), (0, 0.019517705, 1.6114621), (-0.055013176, -0.057801366, 1.6085464), (-0.027496308, 0.014596137, 1.6132387), (-0.05925151, -0.022250975, 1.6155765), (-0.060156617, 0.0113548655, 1.6455567), (0, 0.038701802, 1.6396115), (0, -0.15586062, 1.6138293), (-0.0658531, -0.11291367, 1.6280046), (-0.076875, -0.06165973, 1.6424278), (-0.033916183, 0.03307191, 1.641488), (-0.04465103, -0.1424448, 1.6172054), (-0.0740812, -0.08628352, 1.6374285), (-0.07145501, -0.018341595, 1.6477265), (-0.07213977, 0.028610414, 1.6799884), (0, 0.0557688, 1.6739264), (0, -0.15855154, 1.6486896), (-0.0801473, -0.10744194, 1.6655034), (-0.08984797, -0.05659488, 1.6796681), (-0.039897077, 0.05016235, 1.6758785), (-0.05628052, -0.14297077, 1.655952), (-0.08614113, -0.08240365, 1.6750456), (-0.089303516, -0.018317623, 1.6853595), (-0.0760402, 0.03490674, 1.7339331), (0, 0.062104255, 1.7273858), (0, -0.17037167, 1.7179365), (-0.08425971, -0.11164434, 1.723883), (-0.092198275, -0.054377947, 1.7325399), (-0.042505417, 0.056658857, 1.7292836), (-0.06384608, -0.15533514, 1.7177612), (-0.08856382, -0.08371203, 1.7273803), (-0.087101035, -0.016206667, 1.7362278), (-0.07520097, 0.03414344, 1.7645059), (0, 0.05435072, 1.7726363), (0, -0.15907773, 1.7640952), (-0.07921265, -0.12899192, 1.7553015), (-0.088836804, -0.058273315, 1.7638706), (-0.04436438, 0.052390296, 1.7664129), (-0.0530511, -0.14907713, 1.7573187), (-0.08558197, -0.0898301, 1.7548846), (-0.08380506, -0.0166269, 1.7651954), (-0.09067831, -0.08362421, 1.712268), (-0.09427285, -0.054976273, 1.7181726), (-0.07810536, 0.03442748, 1.7194521), (-0.08641183, -0.10563618, 1.7039738), (-0.08914976, -0.016804982, 1.7218246), (-0.042505417, 0.056179594, 1.7152545), (0, -0.15788737, 1.6873739), (-0.06385136, -0.14285778, 1.6929826), (0, 0.061624993, 1.7133565), (0, -0.102342196, 1.8190163), (-0.044896007, -0.10179427, 1.8094096), (0, -0.05785979, 1.8257391), (-0.044896007, -0.05948752, 1.8161151), (0, -0.010879378, 1.8236705), (-0.044896007, -0.010327899, 1.8140635), (0, 0.027759908, 1.8044952), (-0.044895995, 0.02821169, 1.7948885), (0, -0.13372372, 1.7915446), (-0.044896007, -0.13315974, 1.7819376), (-0.06894802, -0.12208805, 1.7732999), (-0.05979495, 0.020609012, 1.777906), (-0.07594817, -0.060685724, 1.7942294), (-0.074450046, -0.09900514, 1.785192), (-0.07168139, -0.013020391, 1.7905439), (0, -0.14429922, 1.5685232), (0, -0.15249142, 1.5759037), (-0.055647388, -0.10744319, 1.6032797), (-0.051200498, -0.100544654, 1.5948799), (-0.035908446, -0.13652606, 1.5741289), (-0.03774407, -0.14425397, 1.581447), (-0.06362847, -0.08640567, 1.6141765), (-0.057598922, -0.082180075, 1.6040263), (-0.046099197, -0.011053634, 1.519965), (0, -0.08229429, 1.519965), (0, 0.0060900464, 1.519965), (-0.044290964, -0.069378935, 1.519965), (-0.051459152, -0.043146655, 1.519965), (-0.025332399, 0.0025746897, 1.519965), (-0.028590836, -0.08028873, 1.519965), (-0.04835586, -0.056373544, 1.519965), (-0.049831055, -0.024181789, 1.519965), (0.046099197, -0.011053634, 1.5049717), (0.044290964, -0.069378935, 1.5049717), (0.051459152, -0.043146655, 1.5049717), (0.025332399, 0.0025746897, 1.5049717), (0.028590836, -0.08028873, 1.5049717), (0.04835586, -0.056373544, 1.5049717), (0.049831055, -0.024181789, 1.5049717), (-0.046099197, -0.011053634, 1.5049717), (0, -0.08229429, 1.5049717), (0, 0.0060900464, 1.5049717), (-0.044290964, -0.069378935, 1.5049717), (-0.051459152, -0.043146655, 1.5049717), (-0.025332399, 0.0025746897, 1.5049717), (-0.028590836, -0.08028873, 1.5049717), (-0.04835586, -0.056373544, 1.5049717), (-0.049831055, -0.024181789, 1.5049717), (0.008069708, -0.1533861, 1.6956449), (0.011409063, -0.15081461, 1.6459094), (0.007143353, -0.16035253, 1.7013197), (0.010424874, -0.17315568, 1.646399), (0.09738945, -0.079138204, 1.6677293), (0.07167986, -0.09080499, 1.6535563), (0.10625894, -0.07509455, 1.6987528), (0.08178575, -0.08863217, 1.7026024), (0.080194764, -0.08947245, 1.6863174), (0.10713477, -0.07500266, 1.6882554), (0.08436015, -0.08491016, 1.6574413), (0.093983, -0.08269961, 1.7056773), (0.09332499, -0.08296837, 1.6872832), (0.09470214, -0.07444114, 1.6681693), (0.06725569, -0.08280721, 1.6542101), (0.10421442, -0.07121145, 1.6991011), (0.07756933, -0.080733754, 1.703189), (0.07585132, -0.08167759, 1.6869339), (0.10516799, -0.07128511, 1.6885961), (0.08082011, -0.07863381, 1.6579841), (0.09084906, -0.077187836, 1.706161), (0.090132646, -0.07748727, 1.687779), (0.020308264, -0.15933229, 1.7119166), (0.06415735, -0.14486776, 1.7140307), (0.021609897, -0.15576254, 1.7034597), (0.0645289, -0.14267863, 1.7061696), (0.06688336, -0.15432027, 1.7121795), (0.023034284, -0.16683607, 1.710065), (0.067255266, -0.15213273, 1.7043179), (0.02433589, -0.16326633, 1.7016083), (0.038266204, -0.15445662, 1.684381), (0.03744454, -0.15820973, 1.7037421), (0.0323023, -0.13593867, 1.6877177), (0.03148064, -0.13969181, 1.7070787), (0.05706437, -0.14874564, 1.6862859), (0.05624271, -0.15249878, 1.705647), (0.05110047, -0.13022773, 1.6896224), (0.05027881, -0.13398086, 1.7089835), (-0.008069708, -0.1533861, 1.6956449), (-0.011409063, -0.15081461, 1.6459094), (-0.007143353, -0.16035253, 1.7013197), (-0.010424874, -0.17315568, 1.646399), (0, -0.15385611, 1.6445743), (0, -0.16235903, 1.6996826), (0, -0.17505066, 1.6448812), (-0.09738945, -0.079138204, 1.6677293), (-0.07167986, -0.09080499, 1.6535563), (-0.10625894, -0.07509455, 1.6987528), (-0.08178575, -0.08863217, 1.7026024), (-0.080194764, -0.08947245, 1.6863174), (-0.10713477, -0.07500266, 1.6882554), (-0.08436015, -0.08491016, 1.6574413), (-0.093983, -0.08269961, 1.7056773), (-0.09332499, -0.08296837, 1.6872832), (-0.09470214, -0.07444114, 1.6681693), (-0.06725569, -0.08280721, 1.6542101), (-0.10421442, -0.07121145, 1.6991011), (-0.07756933, -0.080733754, 1.703189), (-0.07585132, -0.08167759, 1.6869339), (-0.10516799, -0.07128511, 1.6885961), (-0.08082011, -0.07863381, 1.6579841), (-0.09084906, -0.077187836, 1.706161), (-0.090132646, -0.07748727, 1.687779), (-0.020308264, -0.15933229, 1.7119166), (-0.06415735, -0.14486776, 1.7140307), (-0.021609897, -0.15576254, 1.7034597), (-0.0645289, -0.14267863, 1.7061696), (-0.06688336, -0.15432027, 1.7121795), (-0.023034284, -0.16683607, 1.710065), (-0.067255266, -0.15213273, 1.7043179), (-0.02433589, -0.16326633, 1.7016083), (-0.038266204, -0.15445662, 1.684381), (-0.03744454, -0.15820973, 1.7037421), (-0.0323023, -0.13593867, 1.6877177), (-0.03148064, -0.13969181, 1.7070787), (-0.05706437, -0.14874564, 1.6862859), (-0.05624271, -0.15249878, 1.705647), (-0.05110047, -0.13022773, 1.6896224), (-0.05027881, -0.13398086, 1.7089835), (0.072384104, -0.11331295, 1.7351118), (0.06630184, -0.104021005, 1.7538345), (0.057053104, -0.116792224, 1.7688422), (0.06313537, -0.12608418, 1.7501194), (0.08488405, -0.11164775, 1.7383931), (0.07470157, -0.10248416, 1.7569684), (0.07673763, -0.11388188, 1.7769345), (0.086920105, -0.12304547, 1.7583592), (0.09188771, -0.10206578, 1.7362336), (0.07794776, -0.09451577, 1.7569964), (0.08857021, -0.09810076, 1.7805915), (0.10251016, -0.10565076, 1.7598288), (0.09549808, -0.085822426, 1.7306148), (0.079238735, -0.07910223, 1.7546027), (0.09360861, -0.07584051, 1.7804447), (0.10986795, -0.0825607, 1.7564569), (0.0958496, -0.065708235, 1.7228404), (0.077986225, -0.058860384, 1.7497989), (0.09441066, -0.050795034, 1.7773296), (0.112274036, -0.057642885, 1.7503711), (0.09373904, -0.04476501, 1.7142758), (0.07484045, -0.03727299, 1.7432595), (0.09240336, -0.025243804, 1.7715472), (0.11130195, -0.03273583, 1.7425635), (0.09019541, -0.02524925, 1.7059579), (0.07073947, -0.016786598, 1.7355229), (0.08831308, -0.0010889098, 1.7632536), (0.10776902, -0.009551562, 1.7336886), (0.08618166, -0.008718178, 1.6985584), (0.066400915, 0.00089652464, 1.7269007), (0.082463704, 0.020231294, 1.7524968), (0.10224445, 0.010616589, 1.7241545), (0.08247313, 0.0040353425, 1.6924497), (0.062253777, 0.014766825, 1.7175235), (0.0749377, 0.037648156, 1.7391624), (0.09515706, 0.026916675, 1.7140887), (0.07955496, 0.013098766, 1.6878694), (0.05864196, 0.024477785, 1.7074255), (0.06611264, 0.050029516, 1.7229358), (0.08702564, 0.038650498, 1.7033798), (0.07724392, 0.019607402, 1.6844988), (0.0559833, 0.030178368, 1.696489), (0.057473116, 0.055695094, 1.7038512), (0.078733735, 0.04512413, 1.691861), (0.07443587, 0.024762306, 1.680059), (0.054785486, 0.03216279, 1.684232), (0.05190275, 0.05336969, 1.6837062), (0.07155313, 0.045969207, 1.6795331), (0.07084762, 0.027461648, 1.6710148), (0.05592964, 0.030573726, 1.6700379), (0.051942438, 0.04455187, 1.6653582), (0.066860415, 0.041439794, 1.6663351), (0.068590365, 0.025465166, 1.6557984), (0.06074069, 0.025747772, 1.6535823), (0.058216743, 0.032349464, 1.6495011), (0.06606642, 0.032066856, 1.6517172), (0.065837085, 0.015778735, 1.6438197), (0.052864466, -0.1058302, 1.7442837), (0.056444768, -0.1105274, 1.7233316), (0.06353037, -0.09443167, 1.7105021), (0.059950072, -0.08973447, 1.7314543), (0.07234953, -0.10679742, 1.7482548), (0.07449878, -0.11175815, 1.7260039), (0.07099928, -0.0948029, 1.7110169), (0.06885003, -0.08984218, 1.7332679), (0.090129256, -0.09728401, 1.7487731), (0.08952599, -0.10476627, 1.7241242), (0.072647065, -0.09306752, 1.7085626), (0.07325033, -0.08558526, 1.7332116), (0.10174013, -0.07914792, 1.7443199), (0.09939993, -0.09129414, 1.7174388), (0.07341512, -0.08872783, 1.7035174), (0.07575532, -0.07658161, 1.7303985), (0.10680082, -0.057112128, 1.7361827), (0.10462039, -0.073771894, 1.7071023), (0.07393847, -0.07885027, 1.6944216), (0.076118894, -0.062190503, 1.723502), (0.10660975, -0.03268841, 1.7248423), (0.10592424, -0.05275187, 1.6938047), (0.072947964, -0.064141676, 1.681591), (0.07363347, -0.044078216, 1.7126286), (0.10135673, -0.007243067, 1.7106714), (0.10302175, -0.02897247, 1.6784033), (0.07005885, -0.045883596, 1.6664182), (0.068393834, -0.024154194, 1.6986865), (0.09099398, 0.017195707, 1.6944989), (0.0951077, -0.0037544668, 1.6622007), (0.06489953, -0.025124662, 1.6508082), (0.060785808, -0.004174486, 1.6831064), (0.075676255, 0.038142912, 1.6776437), (0.08105286, 0.020956019, 1.647041), (0.056671556, -0.0028858911, 1.6371444), (0.051294945, 0.014301004, 1.6677471), (0.055848233, 0.05295158, 1.6618475), (0.059697006, 0.042233557, 1.6357031), (0.0440623, 0.019544419, 1.6283563), (0.04021353, 0.03026244, 1.6545006), (0.03178595, 0.05936101, 1.6489643), (0.03159642, 0.055368915, 1.6324952), (0.025703361, 0.040062606, 1.6282296), (0.025892895, 0.044054702, 1.6446987), (0.0018837356, 0.055622995, 1.6411831), (0.079367265, -0.09398314, 1.7490892), (0.08128397, -0.10775896, 1.7500035), (0.078473136, -0.11540549, 1.7386936), (0.07655643, -0.10162967, 1.7377794), (0.08883723, -0.09292764, 1.742188), (0.09098522, -0.106758304, 1.7432562), (0.082622044, -0.11520506, 1.7357895), (0.08047405, -0.101374395, 1.7347212), (0.09363456, -0.09256753, 1.7313817), (0.09651081, -0.10637692, 1.7325289), (0.08614996, -0.115486704, 1.729374), (0.08327371, -0.101677306, 1.7282268), (0.09496461, -0.09288374, 1.7188234), (0.09878933, -0.10633168, 1.719762), (0.08863972, -0.115983285, 1.7193277), (0.084815, -0.102535345, 1.7183892), (0.09400873, -0.09396566, 1.7053304), (0.09864743, -0.10647043, 1.7058395), (0.089698106, -0.116319306, 1.7068667), (0.085059404, -0.103814535, 1.7063576), (0.09155936, -0.0959477, 1.6916454), (0.09650668, -0.1067533, 1.6916316), (0.08932086, -0.11607415, 1.6932817), (0.08437354, -0.105268545, 1.6932955), (0.08829451, -0.09893053, 1.6785915), (0.09268736, -0.10717525, 1.6781362), (0.08761812, -0.114861034, 1.6797829), (0.08322527, -0.10661631, 1.6802381), (0.084783204, -0.10297557, 1.6670208), (0.0875118, -0.10769456, 1.6664383), (0.08480901, -0.11233228, 1.6675519), (0.08208042, -0.10761329, 1.6681345), (0.081353575, -0.10814249, 1.6577777), (-0.07259217, -0.11331295, 1.7351118), (-0.0665099, -0.104021005, 1.7538345), (-0.05726116, -0.116792224, 1.7688422), (-0.063343436, -0.12608418, 1.7501194), (-0.08509211, -0.11164775, 1.7383931), (-0.074909635, -0.10248416, 1.7569684), (-0.07694569, -0.11388188, 1.7769345), (-0.08712817, -0.12304547, 1.7583592), (-0.09209578, -0.10206578, 1.7362336), (-0.07815582, -0.09451577, 1.7569964), (-0.08877827, -0.09810076, 1.7805915), (-0.10271823, -0.10565076, 1.7598288), (-0.09570614, -0.085822426, 1.7306148), (-0.0794468, -0.07910223, 1.7546027), (-0.093816675, -0.07584051, 1.7804447), (-0.11007602, -0.0825607, 1.7564569), (-0.09605767, -0.065708235, 1.7228404), (-0.07819429, -0.058860384, 1.7497989), (-0.09461872, -0.050795034, 1.7773296), (-0.1124821, -0.057642885, 1.7503711), (-0.093947105, -0.04476501, 1.7142758), (-0.07504851, -0.03727299, 1.7432595), (-0.092611425, -0.025243804, 1.7715472), (-0.111510016, -0.03273583, 1.7425635), (-0.090403475, -0.02524925, 1.7059579), (-0.070947535, -0.016786598, 1.7355229), (-0.088521145, -0.0010889098, 1.7632536), (-0.107977085, -0.009551562, 1.7336886), (-0.08638973, -0.008718178, 1.6985584), (-0.06660898, 0.00089652464, 1.7269007), (-0.08267177, 0.020231294, 1.7524968), (-0.10245252, 0.010616589, 1.7241545), (-0.082681194, 0.0040353425, 1.6924497), (-0.062461834, 0.014766825, 1.7175235), (-0.075145766, 0.037648156, 1.7391624), (-0.09536512, 0.026916675, 1.7140887), (-0.079763025, 0.013098766, 1.6878694), (-0.058850016, 0.024477785, 1.7074255), (-0.0663207, 0.050029516, 1.7229358), (-0.08723371, 0.038650498, 1.7033798), (-0.07745198, 0.019607402, 1.6844988), (-0.05619136, 0.030178368, 1.696489), (-0.057681173, 0.055695094, 1.7038512), (-0.0789418, 0.04512413, 1.691861), (-0.07464393, 0.024762306, 1.680059), (-0.054993544, 0.03216279, 1.684232), (-0.052110806, 0.05336969, 1.6837062), (-0.0717612, 0.045969207, 1.6795331), (-0.07105569, 0.027461648, 1.6710148), (-0.056137696, 0.030573726, 1.6700379), (-0.052150495, 0.04455187, 1.6653582), (-0.06706848, 0.041439794, 1.6663351), (-0.06879843, 0.025465166, 1.6557984), (-0.06094875, 0.025747772, 1.6535823), (-0.0584248, 0.032349464, 1.6495011), (-0.06627449, 0.032066856, 1.6517172), (-0.064765655, 0.020568619, 1.6415087), (-0.053072523, -0.1058302, 1.7442837), (-0.056652825, -0.1105274, 1.7233316), (-0.063738436, -0.09443167, 1.7105021), (-0.06015813, -0.08973447, 1.7314543), (-0.0725576, -0.10679742, 1.7482548), (-0.074706845, -0.11175815, 1.7260039), (-0.071207345, -0.0948029, 1.7110169), (-0.0690581, -0.08984218, 1.7332679), (-0.09033732, -0.09728401, 1.7487731), (-0.089734055, -0.10476627, 1.7241242), (-0.07285513, -0.09306752, 1.7085626), (-0.073458396, -0.08558526, 1.7332116), (-0.101948194, -0.07914792, 1.7443199), (-0.099608, -0.09129414, 1.7174388), (-0.07362319, -0.08872783, 1.7035174), (-0.075963385, -0.07658161, 1.7303985), (-0.10700888, -0.057112128, 1.7361827), (-0.104828455, -0.073771894, 1.7071023), (-0.07414653, -0.07885027, 1.6944216), (-0.07632696, -0.062190503, 1.723502), (-0.10681781, -0.03268841, 1.7248423), (-0.106132306, -0.05275187, 1.6938047), (-0.07315603, -0.064141676, 1.681591), (-0.073841535, -0.044078216, 1.7126286), (-0.101564795, -0.007243067, 1.7106714), (-0.10322981, -0.02897247, 1.6784033), (-0.07026692, -0.045883596, 1.6664182), (-0.0686019, -0.024154194, 1.6986865), (-0.09120204, 0.017195707, 1.6944989), (-0.09531576, -0.0037544668, 1.6622007), (-0.06510759, -0.025124662, 1.6508082), (-0.060993865, -0.004174486, 1.6831064), (-0.07588432, 0.038142912, 1.6776437), (-0.08126093, 0.020956019, 1.647041), (-0.056879614, -0.0028858911, 1.6371444), (-0.051503003, 0.014301004, 1.6677471), (-0.05605629, 0.05295158, 1.6618475), (-0.059905063, 0.042233557, 1.6357031), (-0.04427036, 0.019544419, 1.6283563), (-0.040421586, 0.03026244, 1.6545006), (-0.031994008, 0.05936101, 1.6489643), (-0.031804476, 0.055368915, 1.6324952), (-0.025911422, 0.040062606, 1.6282296), (-0.026100956, 0.044054702, 1.6446987), (-0.0020919277, 0.055623367, 1.6411836), (-0.07957533, -0.09398314, 1.7490892), (-0.08149204, -0.10775896, 1.7500035), (-0.0786812, -0.11540549, 1.7386936), (-0.076764494, -0.10162967, 1.7377794), (-0.08904529, -0.09292764, 1.742188), (-0.09119329, -0.106758304, 1.7432562), (-0.08283011, -0.11520506, 1.7357895), (-0.080682114, -0.101374395, 1.7347212), (-0.093842626, -0.09256753, 1.7313817), (-0.09671888, -0.10637692, 1.7325289), (-0.086358026, -0.115486704, 1.729374), (-0.083481774, -0.101677306, 1.7282268), (-0.09517267, -0.09288374, 1.7188234), (-0.09899739, -0.10633168, 1.719762), (-0.088847786, -0.115983285, 1.7193277), (-0.08502307, -0.102535345, 1.7183892), (-0.094216794, -0.09396566, 1.7053304), (-0.098855495, -0.10647043, 1.7058395), (-0.08990617, -0.116319306, 1.7068667), (-0.08526747, -0.103814535, 1.7063576), (-0.09176742, -0.0959477, 1.6916454), (-0.09671474, -0.1067533, 1.6916316), (-0.089528926, -0.11607415, 1.6932817), (-0.084581606, -0.105268545, 1.6932955), (-0.08850258, -0.09893053, 1.6785915), (-0.092895426, -0.10717525, 1.6781362), (-0.087826185, -0.114861034, 1.6797829), (-0.08343334, -0.10661631, 1.6802381), (-0.08499127, -0.10297557, 1.6670208), (-0.087719865, -0.10769456, 1.6664383), (-0.08501708, -0.11233228, 1.6675519), (-0.08228848, -0.10761329, 1.6681345), (-0.081561744, -0.10814231, 1.6577775), (0.07678201, -0.12276513, 1.7530907), (0.056775995, -0.11685658, 1.7670723), (0.042370763, -0.13573465, 1.7752419), (0.062376782, -0.1416432, 1.7612604), (0.08446309, -0.11826604, 1.7625564), (0.06063116, -0.11339361, 1.7733841), (0.052511606, -0.12950757, 1.7929635), (0.07634354, -0.13437998, 1.7821358), (0.09112806, -0.10455748, 1.7679739), (0.06279807, -0.102023564, 1.7779524), (0.05700746, -0.11159863, 1.8059411), (0.085337445, -0.114132546, 1.7959626), (0.09623661, -0.08402652, 1.7701066), (0.06344197, -0.0833656, 1.7803118), (0.057201482, -0.08738146, 1.8138528), (0.08999612, -0.088042386, 1.8036476), (0.09928678, -0.06003946, 1.7692438), (0.062430758, -0.06099475, 1.7794094), (0.05441319, -0.060058847, 1.816792), (0.09126921, -0.059103556, 1.8066264), (0.10019278, -0.035433397, 1.7659215), (0.06026228, -0.03814482, 1.775308), (0.04956047, -0.032171007, 1.814547), (0.089490965, -0.02945958, 1.8051604), (0.0989897, -0.01224637, 1.7605094), (0.057484675, -0.017082836, 1.7684573), (0.04345514, -0.0058655813, 1.8070134), (0.08496016, -0.0010291152, 1.7990655), (0.095771834, 0.00821761, 1.7530438), (0.054478306, 0.0008923244, 1.7593789), (0.036864463, 0.017167374, 1.7943622), (0.07815799, 0.02449266, 1.788027), (0.09074468, 0.025270304, 1.7431986), (0.05136286, 0.015456956, 1.7483693), (0.030467352, 0.03576707, 1.7770895), (0.06984918, 0.045580417, 1.7719188), (0.08424454, 0.038440123, 1.7306186), (0.04812805, 0.026790988, 1.7353619), (0.024926139, 0.04918641, 1.7559221), (0.06104264, 0.060835544, 1.7511787), (0.07668287, 0.047185205, 1.7152632), (0.044870716, 0.034958884, 1.7200406), (0.021033322, 0.056864664, 1.7317126), (0.05284548, 0.069090985, 1.7269351), (0.06849153, 0.05092467, 1.697378), (0.041948084, 0.039644536, 1.702034), (0.019774541, 0.058349416, 1.7054889), (0.046318, 0.06962955, 1.700833), (0.060082305, 0.04903362, 1.6773028), (0.040090412, 0.04013847, 1.6811397), (0.02236918, 0.053301506, 1.6786472), (0.042361073, 0.062196657, 1.6748103), (0.058028657, 0.039675318, 1.6504896), (0.034914915, 0.03894305, 1.6551926), (0.0154871335, 0.05079158, 1.6529874), (0.03860089, 0.05152385, 1.6482842), (0.029511496, 0.028415106, 1.6254331), (0.055527154, -0.13253641, 1.7574025), (0.03128551, -0.122712605, 1.7594765), (0.011260883, -0.13965318, 1.7587713), (0.03550253, -0.14947698, 1.7566973), (0.059119985, -0.12869331, 1.7866967), (0.03311813, -0.118944384, 1.7850202), (0.012703619, -0.13508537, 1.794852), (0.038705476, -0.14483431, 1.7965286), (0.064714685, -0.11344241, 1.8019583), (0.034701515, -0.10598988, 1.7959992), (0.012901307, -0.11613726, 1.8163369), (0.042914484, -0.12358979, 1.822296), (0.070439525, -0.0898441, 1.8082081), (0.035793994, -0.08632423, 1.7995334), (0.011728064, -0.08920086, 1.8260005), (0.046373602, -0.09272073, 1.8346753), (0.07470163, -0.06088861, 1.8077723), (0.035998672, -0.06138199, 1.7979027), (0.009380522, -0.05934132, 1.827616), (0.048083484, -0.05884794, 1.8374856), (0.07636056, -0.030269604, 1.8023937), (0.034885608, -0.03487128, 1.7923712), (0.006204142, -0.029522974, 1.8238444), (0.047679096, -0.024921294, 1.833867), (0.07490871, -0.0011533443, 1.7934259), (0.032416385, -0.010100048, 1.7843208), (0.0025128971, -0.0018403064, 1.81604), (0.04500523, 0.0071063973, 1.825145), (0.07050837, 0.023876183, 1.781595), (0.028933672, 0.010640029, 1.7746601), (-0.0014477719, 0.022427168, 1.8044891), (0.040126927, 0.03566332, 1.8114241), (0.06397236, 0.043090012, 1.7670745), (0.024972323, 0.02655477, 1.763452), (-0.005489414, 0.042504117, 1.7884569), (0.03351063, 0.05903936, 1.7920792), (0.056326497, 0.055968482, 1.7499012), (0.020929296, 0.038219795, 1.7498281), (-0.009127249, 0.057344668, 1.7671148), (0.02626995, 0.07509336, 1.7671878), (0.04838025, 0.062788576, 1.73013), (0.017181845, 0.046098586, 1.732455), (-0.01123535, 0.06562506, 1.7407304), (0.01996305, 0.08231506, 1.7384052), (0.040831685, 0.06383293, 1.7078053), (0.01460762, 0.049709905, 1.7106429), (-0.01015924, 0.06649638, 1.7108172), (0.016064823, 0.08061941, 1.7079796), (0.03450976, 0.05904477, 1.6832535), (0.014707205, 0.048312478, 1.6850618), (-0.0039581633, 0.05992963, 1.6798427), (0.01584439, 0.070661925, 1.6780343), (0.030602677, 0.047962017, 1.6570413), (0.019435598, 0.041529607, 1.6573703), (0.0093665365, 0.046781596, 1.6512697), (0.020533616, 0.053214006, 1.6509407), (0.031264316, 0.029256077, 1.6297661), (-0.076990075, -0.12276513, 1.7530907), (-0.056984052, -0.11685658, 1.7670723), (-0.04257882, -0.13573465, 1.7752419), (-0.06258484, -0.1416432, 1.7612604), (-0.084671155, -0.11826604, 1.7625564), (-0.060839217, -0.11339361, 1.7733841), (-0.052719664, -0.12950757, 1.7929635), (-0.0765516, -0.13437998, 1.7821358), (-0.09133612, -0.10455748, 1.7679739), (-0.06300613, -0.102023564, 1.7779524), (-0.05721552, -0.11159863, 1.8059411), (-0.08554551, -0.114132546, 1.7959626), (-0.096444674, -0.08402652, 1.7701066), (-0.063650034, -0.0833656, 1.7803118), (-0.05740954, -0.08738146, 1.8138528), (-0.09020419, -0.088042386, 1.8036476), (-0.099494845, -0.06003946, 1.7692438), (-0.06263882, -0.06099475, 1.7794094), (-0.054621246, -0.060058847, 1.816792), (-0.091477275, -0.059103556, 1.8066264), (-0.10040084, -0.035433397, 1.7659215), (-0.06047034, -0.03814482, 1.775308), (-0.049768526, -0.032171007, 1.814547), (-0.08969903, -0.02945958, 1.8051604), (-0.09919777, -0.01224637, 1.7605094), (-0.057692733, -0.017082836, 1.7684573), (-0.043663196, -0.0058655813, 1.8070134), (-0.08516823, -0.0010291152, 1.7990655), (-0.0959799, 0.00821761, 1.7530438), (-0.054686364, 0.0008923244, 1.7593789), (-0.03707252, 0.017167374, 1.7943622), (-0.078366056, 0.02449266, 1.788027), (-0.09095275, 0.025270304, 1.7431986), (-0.05157092, 0.015456956, 1.7483693), (-0.030675413, 0.03576707, 1.7770895), (-0.07005724, 0.045580417, 1.7719188), (-0.08445261, 0.038440123, 1.7306186), (-0.048336107, 0.026790988, 1.7353619), (-0.0251342, 0.04918641, 1.7559221), (-0.061250698, 0.060835544, 1.7511787), (-0.07689094, 0.047185205, 1.7152632), (-0.045078773, 0.034958884, 1.7200406), (-0.021241384, 0.056864664, 1.7317126), (-0.05305354, 0.069090985, 1.7269351), (-0.0686996, 0.05092467, 1.697378), (-0.04215614, 0.039644536, 1.702034), (-0.019982602, 0.058349416, 1.7054889), (-0.046526056, 0.06962955, 1.700833), (-0.060290363, 0.04903362, 1.6773028), (-0.04029847, 0.04013847, 1.6811397), (-0.022577241, 0.053301506, 1.6786472), (-0.04256913, 0.062196657, 1.6748103), (-0.058236714, 0.039675318, 1.6504896), (-0.035122972, 0.03894305, 1.6551926), (-0.015695194, 0.05079158, 1.6529874), (-0.03880895, 0.05152385, 1.6482842), (-0.029719558, 0.028415106, 1.6254331), (-0.05573521, -0.13253641, 1.7574025), (-0.031493567, -0.122712605, 1.7594765), (-0.011468942, -0.13965318, 1.7587713), (-0.035710588, -0.14947698, 1.7566973), (-0.059328042, -0.12869331, 1.7866967), (-0.033326186, -0.118944384, 1.7850202), (-0.012911678, -0.13508537, 1.794852), (-0.038913533, -0.14483431, 1.7965286), (-0.06492275, -0.11344241, 1.8019583), (-0.034909572, -0.10598988, 1.7959992), (-0.013109366, -0.11613726, 1.8163369), (-0.04312254, -0.12358979, 1.822296), (-0.07064759, -0.0898441, 1.8082081), (-0.03600205, -0.08632423, 1.7995334), (-0.0119361235, -0.08920086, 1.8260005), (-0.04658166, -0.09272073, 1.8346753), (-0.074909694, -0.06088861, 1.8077723), (-0.03620673, -0.06138199, 1.7979027), (-0.0095885815, -0.05934132, 1.827616), (-0.04829154, -0.05884794, 1.8374856), (-0.076568626, -0.030269604, 1.8023937), (-0.035093665, -0.03487128, 1.7923712), (-0.006412202, -0.029522974, 1.8238444), (-0.047887154, -0.024921294, 1.833867), (-0.075116776, -0.0011533443, 1.7934259), (-0.032624442, -0.010100048, 1.7843208), (-0.002720957, -0.0018403064, 1.81604), (-0.045213286, 0.0071063973, 1.825145), (-0.07071643, 0.023876183, 1.781595), (-0.029141733, 0.010640029, 1.7746601), (0.0012397121, 0.022427168, 1.8044891), (-0.040334985, 0.03566332, 1.8114241), (-0.06418043, 0.043090012, 1.7670745), (-0.025180385, 0.02655477, 1.763452), (0.005281354, 0.042504117, 1.7884569), (-0.033718687, 0.05903936, 1.7920792), (-0.056534555, 0.055968482, 1.7499012), (-0.021137357, 0.038219795, 1.7498281), (0.00891919, 0.057344668, 1.7671148), (-0.026478011, 0.07509336, 1.7671878), (-0.048588306, 0.062788576, 1.73013), (-0.017389907, 0.046098586, 1.732455), (0.0110272905, 0.06562506, 1.7407304), (-0.020171111, 0.08231506, 1.7384052), (-0.041039743, 0.06383293, 1.7078053), (-0.01481568, 0.049709905, 1.7106429), (0.009951181, 0.06649638, 1.7108172), (-0.016272884, 0.08061941, 1.7079796), (-0.034717817, 0.05904477, 1.6832535), (-0.014915264, 0.048312478, 1.6850618), (0.0037501033, 0.05992963, 1.6798427), (-0.016052451, 0.070661925, 1.6780343), (-0.030810738, 0.047962017, 1.6570413), (-0.019643659, 0.041529607, 1.6573703), (-0.009574596, 0.046781596, 1.6512697), (-0.020741677, 0.053214006, 1.6509407), (-0.031472374, 0.029256077, 1.6297661), (-0.02183883, -0.14265952, 1.7544353), (-0.00006117198, -0.15727586, 1.7536851), (0.022969296, -0.14472005, 1.7543294), (0.0011916398, -0.13010374, 1.7550797), (-0.024764502, -0.13699088, 1.7944183), (-0.00014298686, -0.15216309, 1.8010213), (0.025894968, -0.13912979, 1.7953492), (0.0012734546, -0.12395758, 1.7887461), (-0.031377718, -0.11860333, 1.8165549), (-0.00032787406, -0.13077381, 1.833505), (0.032508187, -0.120319046, 1.8189445), (0.001458342, -0.10814857, 1.8019943), (-0.038956646, -0.09232621, 1.8259692), (-0.0005397771, -0.097299226, 1.8513036), (0.040087115, -0.09302728, 1.8295407), (0.0016702448, -0.08805426, 1.8042063), (-0.04547799, -0.06193459, 1.8265718), (-0.0007221105, -0.05987256, 1.8565791), (0.04660846, -0.0616439, 1.8308021), (0.0018525783, -0.06370593, 1.8007948), (-0.04961695, -0.030735295, 1.8211032), (-0.0008378335, -0.0228381, 1.8529195), (0.05074742, -0.029622, 1.8255885), (0.0019683014, -0.037519194, 1.7937721), (-0.050747216, -0.0014435053, 1.8113682), (-0.00086949475, 0.011618046, 1.8422389), (0.051877685, 0.00039790198, 1.8157204), (0.0019999624, -0.0126636475, 1.7848498), (-0.048941053, 0.02393591, 1.7982129), (-0.0008189359, 0.041907154, 1.8251001), (0.050071523, 0.026469383, 1.8020033), (0.0019494037, 0.00849814, 1.775116), (-0.044924427, 0.044153642, 1.7815344), (-0.0007066068, 0.066170245, 1.8014926), (0.046054896, 0.04725735, 1.784348), (0.0018370745, 0.025240742, 1.7643899), (-0.039585114, 0.05850717, 1.760948), (-0.0005573719, 0.082096316, 1.7724146), (0.040715583, 0.061832685, 1.7625644), (0.0016878396, 0.03824354, 1.7510978), (-0.033480573, 0.066504866, 1.7365355), (-0.00038666915, 0.08842162, 1.7403171), (0.034611043, 0.06959456, 1.7370687), (0.0015171368, 0.047677808, 1.7332871), (-0.026793338, 0.06779379, 1.709034), (-0.00019971319, 0.08560626, 1.7075748), (0.027923804, 0.07030493, 1.7088283), (0.0013301809, 0.05249245, 1.7102875), (-0.019330857, 0.0622508, 1.6798755), (0.000008961266, 0.07464061, 1.6759487), (0.020461323, 0.0639974, 1.6793219), (0.0011215067, 0.051607594, 1.6832488), (-0.010525608, 0.050038375, 1.6511198), (0.00025513975, 0.05630241, 1.6474793), (0.011656078, 0.05092144, 1.6506066), (0.0008753281, 0.044657405, 1.6542473), (0.0005652242, 0.031573705, 1.6253862), (-0.020625738, 0.048092816, 1.6832078), (-0.00056918, 0.054396976, 1.6950297), (0.020568723, 0.048755668, 1.6848744), (0.00051216525, 0.04245151, 1.6730524), (-0.027798336, 0.08831487, 1.6609929), (-0.0005261968, 0.09688702, 1.6770679), (0.028216314, 0.08921619, 1.663259), (0.00094417506, 0.080644034, 1.6471839), (-0.034972094, 0.12833697, 1.6389055), (-0.00046837926, 0.14194319, 1.6574665), (0.03586507, 0.12987666, 1.6415159), (0.0013613506, 0.116270445, 1.6229547), (-0.030736035, 0.15003194, 1.6177145), (-0.00021459992, 0.16800484, 1.6271322), (0.031866502, 0.15225266, 1.6190114), (0.0013450679, 0.13427976, 1.6095937), (-0.015085725, 0.15424389, 1.5964752), (0.00017829778, 0.16423905, 1.5981869), (0.016216192, 0.15550008, 1.5966903), (0.00095217023, 0.14550495, 1.5949787), (0.0005650383, 0.15860167, 1.5748025), (-0.023583574, 0.034776177, 1.6686236), (-0.017960956, 0.048938386, 1.6873207), (0.004997021, 0.056038827, 1.6893901), (-0.0006255966, 0.041876614, 1.6706929), (-0.03728127, 0.065492734, 1.6412978), (-0.02963582, 0.08474997, 1.6667216), (0.0015815671, 0.09440486, 1.6695354), (-0.0060638855, 0.07514763, 1.6441116), (-0.050472457, 0.09412218, 1.6156169), (-0.0417667, 0.12244063, 1.6446415), (-0.002340398, 0.13485801, 1.6480359), (-0.011046153, 0.10653957, 1.6190113), (-0.0510494, 0.11143233, 1.6005294), (-0.04507072, 0.14442766, 1.6153227), (-0.010320029, 0.15581885, 1.6177529), (-0.01629871, 0.122823514, 1.6029596), (-0.040777586, 0.12554832, 1.5853391), (-0.03795837, 0.14339584, 1.5883954), (-0.020591842, 0.14916226, 1.5893829), (-0.02341106, 0.13131472, 1.5863266), (-0.030684842, 0.14108485, 1.5655807), (-0.010027714, 0.052170835, 1.6817595), (0.013241834, 0.050578594, 1.6879045), (0.027499402, 0.036926657, 1.6740439), (0.004229855, 0.0385189, 1.667899), (-0.008221549, 0.08803314, 1.6593273), (0.023419492, 0.085868075, 1.6676829), (0.04280639, 0.067304686, 1.6488359), (0.011165348, 0.06946976, 1.6404803), (-0.006259277, 0.12451271, 1.6363846), (0.034145754, 0.12332668, 1.6456676), (0.057957273, 0.09706547, 1.6241384), (0.017552242, 0.0982515, 1.6148554), (0.0020249102, 0.14255579, 1.6111594), (0.038412675, 0.14456066, 1.6150565), (0.058229662, 0.115872264, 1.6037632), (0.021841897, 0.11386738, 1.5998663), (0.016102517, 0.13981965, 1.5868586), (0.034363177, 0.14133751, 1.5871185), (0.044152055, 0.12606782, 1.5845037), (0.025891397, 0.12454995, 1.5842438), (0.030127233, 0.13667332, 1.563901), (-0.021165056, 0.040617194, 1.672454), (-0.0019997505, 0.050422706, 1.683331), (0.019831995, 0.04381378, 1.6754911), (0.0006666903, 0.03400827, 1.6646141), (-0.028907754, 0.06865157, 1.6467654), (-0.0028474869, 0.08198471, 1.6615555), (0.02683847, 0.07299814, 1.6508951), (0.00077820395, 0.05966499, 1.636105), (-0.036646765, 0.0963931, 1.6213678), (-0.0037187652, 0.11541743, 1.6379198), (0.033841264, 0.10247534, 1.6260079), (0.00091325946, 0.08345101, 1.609456), (-0.032725763, 0.1123863, 1.5990283), (-0.0036706172, 0.13311422, 1.6073606), (0.029552145, 0.1188212, 1.6014248), (0.0004970004, 0.098093286, 1.5930926), (-0.01715585, 0.117636636, 1.5781558), (-0.0026321297, 0.12865147, 1.580042), (0.013982234, 0.12103027, 1.5787369), (-0.0005414871, 0.11001543, 1.5768508), (-0.0015870031, 0.123063125, 1.5566661)]
                matrix4d primvars:skel:geomBindTransform = ( (1, 0, 0, 0), (0, 0.9999999999999999, -2.6469779601696886e-23, 0), (0, 2.6469779601696886e-23, 0.9999999999999999, 0), (0, 0, 0, 1) )
                int[] primvars:skel:jointIndices = [6, 7, 0, 6, 7, 0, 6, 7, 0, 6, 7, 0, 6, 7, 0, 6, 7, 0, 6, 7, 0, 6, 7, 0, 6, 7, 0, 6, 7, 0, 6, 7, 0, 6, 7, 0, 6, 7, 0, 6, 7, 0, 6, 7, 0, 6, 7, 0, 6, 7, 0, 6, 7, 0, 6, 7, 0, 6, 7, 0, 6, 7, 0, 6, 7, 0, 6, 7, 0, 6, 7, 0, 6, 7, 0, 6, 7, 0, 6, 7, 0, 6, 7, 0, 6, 7, 0, 6, 7, 0, 6, 7, 0, 7, 0, 0, 7, 0, 0, 7, 0, 0, 7, 0, 0, 7, 0, 0, 7, 0, 0, 7, 0, 0, 7, 0, 0, 7, 0, 0, 7, 0, 0, 7, 0, 0, 7, 0, 0, 7, 0, 0, 7, 0, 0, 7, 0, 0, 7, 0, 0, 7, 0, 0, 7, 0, 0, 7, 0, 0, 7, 0, 0, 7, 0, 0, 7, 0, 0, 7, 0, 0, 7, 0, 0, 7, 0, 0, 7, 0, 0, 7, 0, 0, 7, 0, 0, 7, 0, 0, 7, 0, 0, 7, 0, 0, 7, 0, 0, 6, 7, 0, 6, 7, 0, 6, 7, 0, 6, 7, 0, 6, 7, 0, 6, 7, 0, 5, 6, 7, 5, 6, 7, 5, 6, 7, 5, 6, 7, 5, 6, 7, 5, 6, 7, 5, 6, 7, 6, 7, 0, 6, 7, 0, 6, 7, 0, 6, 7, 0, 6, 7, 0, 6, 7, 0, 6, 7, 0, 6, 7, 0, 6, 7, 0, 6, 7, 0, 6, 7, 0, 6, 7, 0, 6, 7, 0, 6, 7, 0, 6, 7, 0, 6, 7, 0, 6, 7, 0, 6, 7, 0, 6, 7, 0, 6, 7, 0, 6, 7, 0, 6, 7, 0, 6, 7, 0, 6, 7, 0, 6, 7, 0, 6, 7, 0, 6, 7, 0, 6, 7, 0, 6, 7, 0, 6, 7, 0, 6, 7, 0, 6, 7, 0, 7, 0, 0, 6, 7, 0, 6, 7, 0, 6, 7, 0, 6, 7, 0, 6, 7, 0, 6, 7, 0, 6, 7, 0, 7, 0, 0, 7, 0, 0, 7, 0, 0, 7, 0, 0, 7, 0, 0, 7, 0, 0, 7, 0, 0, 7, 0, 0, 7, 0, 0, 7, 0, 0, 7, 0, 0, 7, 0, 0, 7, 0, 0, 7, 0, 0, 7, 0, 0, 7, 0, 0, 7, 0, 0, 7, 0, 0, 7, 0, 0, 7, 0, 0, 7, 0, 0, 7, 0, 0, 7, 0, 0, 7, 0, 0, 7, 0, 0, 7, 0, 0, 7, 0, 0, 7, 0, 0, 7, 0, 0, 7, 0, 0, 7, 0, 0, 7, 0, 0, 7, 0, 0, 7, 0, 0, 7, 0, 0, 7, 0, 0, 7, 0, 0, 7, 0, 0, 7, 0, 0, 7, 0, 0, 7, 0, 0, 7, 0, 0, 7, 0, 0, 6, 7, 0, 6, 7, 0, 6, 7, 0, 6, 7, 0, 6, 7, 0, 6, 7, 0, 6, 7, 0, 6, 7, 0, 5, 6, 7, 5, 6, 7, 5, 6, 7, 5, 6, 7, 5, 6, 7, 5, 6, 7, 5, 6, 7, 5, 6, 7, 5, 6, 7, 5, 6, 0, 5, 6, 0, 5, 6, 0, 5, 6, 0, 5, 6, 0, 5, 6, 0, 5, 6, 0, 5, 6, 0, 5, 6, 0, 5, 6, 0, 5, 6, 0, 5, 6, 0, 5, 6, 0, 5, 6, 0, 5, 6, 0, 5, 6, 0, 7, 0, 0, 7, 0, 0, 7, 0, 0, 7, 0, 0, 7, 0, 0, 7, 0, 0, 7, 0, 0, 7, 0, 0, 7, 0, 0, 7, 0, 0, 7, 0, 0, 7, 0, 0, 7, 0, 0, 7, 0, 0, 7, 0, 0, 7, 0, 0, 7, 0, 0, 7, 0, 0, 7, 0, 0, 7, 0, 0, 7, 0, 0, 7, 0, 0, 7, 0, 0, 7, 0, 0, 7, 0, 0, 7, 0, 0, 7, 0, 0, 7, 0, 0, 7, 0, 0, 7, 0, 0, 7, 0, 0, 7, 0, 0, 7, 0, 0, 7, 0, 0, 7, 0, 0, 7, 0, 0, 7, 0, 0, 7, 0, 0, 7, 0, 0, 7, 0, 0, 7, 0, 0, 7, 0, 0, 7, 0, 0, 7, 0, 0, 7, 0, 0, 7, 0, 0, 7, 0, 0, 7, 0, 0, 7, 0, 0, 7, 0, 0, 7, 0, 0, 7, 0, 0, 7, 0, 0, 7, 0, 0, 7, 0, 0, 7, 0, 0, 7, 0, 0, 7, 0, 0, 7, 0, 0, 7, 0, 0, 7, 0, 0, 7, 0, 0, 7, 0, 0, 7, 0, 0, 7, 0, 0, 7, 0, 0, 7, 0, 0, 7, 0, 0, 7, 0, 0, 7, 0, 0, 7, 0, 0, 7, 0, 0, 7, 0, 0, 7, 0, 0, 7, 0, 0, 7, 0, 0, 7, 0, 0, 7, 0, 0, 7, 0, 0, 7, 0, 0, 7, 0, 0, 7, 0, 0, 7, 0, 0, 7, 0, 0, 7, 0, 0, 7, 0, 0, 7, 0, 0, 7, 0, 0, 7, 0, 0, 7, 0, 0, 7, 0, 0, 7, 0, 0, 7, 0, 0, 7, 0, 0, 7, 0, 0, 7, 0, 0, 7, 0, 0, 7, 0, 0, 7, 0, 0, 7, 0, 0, 7, 0, 0, 7, 0, 0, 7, 0, 0, 7, 0, 0, 7, 0, 0, 7, 0, 0, 7, 0, 0, 7, 0, 0, 7, 0, 0, 7, 0, 0, 7, 0, 0, 7, 0, 0, 7, 0, 0, 7, 0, 0, 7, 0, 0, 7, 0, 0, 7, 0, 0, 7, 0, 0, 7, 0, 0, 7, 0, 0, 7, 0, 0, 7, 0, 0, 7, 0, 0, 7, 0, 0, 7, 0, 0, 7, 0, 0, 7, 0, 0, 7, 0, 0, 7, 0, 0, 7, 0, 0, 7, 0, 0, 7, 0, 0, 7, 0, 0, 7, 0, 0, 7, 0, 0, 7, 0, 0, 7, 0, 0, 7, 0, 0, 7, 0, 0, 7, 0, 0, 7, 0, 0, 7, 0, 0, 7, 0, 0, 7, 0, 0, 7, 0, 0, 7, 0, 0, 7, 0, 0, 7, 0, 0, 7, 0, 0, 7, 0, 0, 7, 0, 0, 7, 0, 0, 7, 0, 0, 7, 0, 0, 7, 0, 0, 7, 0, 0, 7, 0, 0, 7, 0, 0, 7, 0, 0, 7, 0, 0, 7, 0, 0, 7, 0, 0, 7, 0, 0, 7, 0, 0, 7, 0, 0, 7, 0, 0, 7, 0, 0, 7, 0, 0, 7, 0, 0, 7, 0, 0, 7, 0, 0, 7, 0, 0, 7, 0, 0, 7, 0, 0, 7, 0, 0, 7, 0, 0, 7, 0, 0, 7, 0, 0, 7, 0, 0, 7, 0, 0, 7, 0, 0, 7, 0, 0, 7, 0, 0, 7, 0, 0, 7, 0, 0, 7, 0, 0, 7, 0, 0, 7, 0, 0, 7, 0, 0, 7, 0, 0, 7, 0, 0, 7, 0, 0, 7, 0, 0, 7, 0, 0, 7, 0, 0, 7, 0, 0, 7, 0, 0, 7, 0, 0, 7, 0, 0, 7, 0, 0, 7, 0, 0, 7, 0, 0, 7, 0, 0, 7, 0, 0, 7, 0, 0, 7, 0, 0, 7, 0, 0, 7, 0, 0, 7, 0, 0, 7, 0, 0, 7, 0, 0, 7, 0, 0, 7, 0, 0, 7, 0, 0, 7, 0, 0, 7, 0, 0, 7, 0, 0, 7, 0, 0, 7, 0, 0, 7, 0, 0, 7, 0, 0, 7, 0, 0, 7, 0, 0, 7, 0, 0, 7, 0, 0, 7, 0, 0, 7, 0, 0, 7, 0, 0, 7, 0, 0, 7, 0, 0, 7, 0, 0, 7, 0, 0, 7, 0, 0, 7, 0, 0, 7, 0, 0, 7, 0, 0, 7, 0, 0, 7, 0, 0, 7, 0, 0, 7, 0, 0, 7, 0, 0, 7, 0, 0, 7, 0, 0, 7, 0, 0, 7, 0, 0, 7, 0, 0, 7, 0, 0, 7, 0, 0, 7, 0, 0, 7, 0, 0, 7, 0, 0, 7, 0, 0, 7, 0, 0, 7, 0, 0, 7, 0, 0, 7, 0, 0, 7, 0, 0, 7, 0, 0, 7, 0, 0, 7, 0, 0, 7, 0, 0, 7, 0, 0, 7, 0, 0, 7, 0, 0, 7, 0, 0, 7, 0, 0, 7, 0, 0, 7, 0, 0, 7, 0, 0, 7, 0, 0, 7, 0, 0, 7, 0, 0, 7, 0, 0, 7, 0, 0, 7, 0, 0, 7, 0, 0, 7, 0, 0, 7, 0, 0, 7, 0, 0, 7, 0, 0, 7, 0, 0, 7, 0, 0, 7, 0, 0, 7, 0, 0, 7, 0, 0, 7, 0, 0, 7, 0, 0, 7, 0, 0, 7, 0, 0, 7, 0, 0, 7, 0, 0, 7, 0, 0, 7, 0, 0, 7, 0, 0, 7, 0, 0, 7, 0, 0, 7, 0, 0, 7, 0, 0, 7, 0, 0, 7, 0, 0, 7, 0, 0, 7, 0, 0, 7, 0, 0, 7, 0, 0, 7, 0, 0, 7, 0, 0, 7, 0, 0, 7, 0, 0, 7, 0, 0, 7, 0, 0, 7, 0, 0, 7, 0, 0, 7, 0, 0, 7, 0, 0, 7, 0, 0, 7, 0, 0, 7, 0, 0, 7, 0, 0, 7, 0, 0, 7, 0, 0, 7, 0, 0, 7, 0, 0, 7, 0, 0, 7, 0, 0, 7, 0, 0, 7, 0, 0, 7, 0, 0, 7, 0, 0, 7, 0, 0, 7, 0, 0, 7, 0, 0, 7, 0, 0, 7, 0, 0, 7, 0, 0, 7, 0, 0, 7, 0, 0, 7, 0, 0, 7, 0, 0, 7, 0, 0, 7, 0, 0, 7, 0, 0, 7, 0, 0, 7, 0, 0, 7, 0, 0, 7, 0, 0, 7, 0, 0, 7, 0, 0, 7, 0, 0, 7, 0, 0, 7, 0, 0, 7, 0, 0, 7, 0, 0, 7, 0, 0, 7, 0, 0, 7, 0, 0, 7, 0, 0, 7, 0, 0, 7, 0, 0, 7, 0, 0, 7, 0, 0, 7, 0, 0, 7, 0, 0, 7, 0, 0, 7, 0, 0, 7, 0, 0, 7, 0, 0, 7, 0, 0, 7, 0, 0, 7, 0, 0, 7, 0, 0, 7, 0, 0, 7, 0, 0, 7, 0, 0, 7, 0, 0, 7, 0, 0, 7, 0, 0, 7, 0, 0, 7, 0, 0, 7, 0, 0, 7, 0, 0, 7, 0, 0, 7, 0, 0, 7, 0, 0, 7, 0, 0, 7, 0, 0, 7, 0, 0, 7, 0, 0, 7, 0, 0, 7, 0, 0, 7, 0, 0, 7, 0, 0, 7, 0, 0, 7, 0, 0, 7, 0, 0, 7, 0, 0, 7, 0, 0, 7, 0, 0, 7, 0, 0, 7, 0, 0, 7, 0, 0, 7, 0, 0, 7, 0, 0, 7, 0, 0, 7, 0, 0, 7, 0, 0, 7, 0, 0, 7, 0, 0, 7, 0, 0, 7, 0, 0, 7, 0, 0, 7, 0, 0, 7, 0, 0, 7, 0, 0, 7, 0, 0, 7, 0, 0, 7, 0, 0, 7, 0, 0, 7, 0, 0, 7, 0, 0, 7, 0, 0, 7, 0, 0, 7, 0, 0, 7, 0, 0, 7, 0, 0, 7, 0, 0, 7, 0, 0, 7, 0, 0, 7, 0, 0, 7, 0, 0, 7, 0, 0, 7, 0, 0, 7, 0, 0, 7, 0, 0, 7, 0, 0, 7, 0, 0, 7, 0, 0, 7, 0, 0, 7, 0, 0, 7, 0, 0, 7, 0, 0, 7, 0, 0, 7, 0, 0, 7, 0, 0, 7, 0, 0, 7, 0, 0, 7, 0, 0, 7, 0, 0, 7, 0, 0, 7, 0, 0, 7, 0, 0, 7, 0, 0, 7, 0, 0, 7, 0, 0, 7, 0, 0, 7, 0, 0, 7, 0, 0, 7, 0, 0, 7, 0, 0, 7, 0, 0, 7, 0, 0, 7, 0, 0, 7, 0, 0, 7, 0, 0, 7, 0, 0, 7, 0, 0, 7, 0, 0, 7, 0, 0, 7, 0, 0, 7, 0, 0, 7, 0, 0, 7, 0, 0, 7, 0, 0, 7, 0, 0, 7, 0, 0, 7, 0, 0, 7, 0, 0, 7, 0, 0, 7, 0, 0, 7, 0, 0, 7, 0, 0, 7, 0, 0, 7, 0, 0, 7, 0, 0, 7, 0, 0, 7, 0, 0, 7, 0, 0, 7, 0, 0, 7, 0, 0, 7, 0, 0, 7, 0, 0, 7, 0, 0, 7, 0, 0, 7, 0, 0, 7, 0, 0, 7, 0, 0, 7, 0, 0, 7, 0, 0, 7, 0, 0, 7, 0, 0, 7, 0, 0, 7, 0, 0, 7, 0, 0, 7, 0, 0, 7, 0, 0, 7, 0, 0, 7, 0, 0, 7, 0, 0, 7, 0, 0, 7, 0, 0, 7, 0, 0, 7, 0, 0, 7, 0, 0, 7, 0, 0, 7, 0, 0, 7, 0, 0, 7, 0, 0, 7, 0, 0, 7, 0, 0, 7, 0, 0, 7, 0, 0, 7, 0, 0, 7, 0, 0, 7, 0, 0, 7, 0, 0, 7, 0, 0, 7, 0, 0, 7, 0, 0, 7, 0, 0, 7, 0, 0, 7, 0, 0, 7, 0, 0, 7, 0, 0, 7, 0, 0, 7, 0, 0, 7, 0, 0, 7, 0, 0, 7, 0, 0, 7, 0, 0, 7, 0, 0, 7, 0, 0, 7, 0, 0, 7, 0, 0, 7, 0, 0, 7, 0, 0, 7, 0, 0, 7, 0, 0, 7, 0, 0, 7, 0, 0, 7, 0, 0, 7, 0, 0, 7, 0, 0, 7, 0, 0, 7, 0, 0, 7, 0, 0, 7, 0, 0, 7, 0, 0, 7, 0, 0, 7, 0, 0, 7, 0, 0, 7, 0, 0, 7, 0, 0, 7, 0, 0, 7, 0, 0, 7, 0, 0, 7, 0, 0, 7, 0, 0, 7, 0, 0, 7, 0, 0, 7, 0, 0, 7, 0, 0, 7, 0, 0, 7, 0, 0, 7, 0, 0, 7, 0, 0, 7, 0, 0, 7, 0, 0, 7, 0, 0, 7, 0, 0, 7, 0, 0, 7, 0, 0, 7, 0, 0, 7, 0, 0, 7, 0, 0, 7, 0, 0, 7, 0, 0, 7, 0, 0, 7, 0, 0, 7, 0, 0, 7, 0, 0, 7, 0, 0, 7, 0, 0, 7, 0, 0, 7, 0, 0, 7, 0, 0, 7, 0, 0, 7, 0, 0, 7, 0, 0, 7, 0, 0, 7, 0, 0, 7, 0, 0, 7, 0, 0, 7, 0, 0, 7, 0, 0, 7, 0, 0, 7, 0, 0, 7, 0, 0, 7, 0, 0, 7, 0, 0, 7, 0, 0, 7, 0, 0, 7, 0, 0, 7, 0, 0, 7, 0, 0, 7, 0, 0, 7, 0, 0, 7, 0, 0, 7, 0, 0, 7, 0, 0, 7, 0, 0, 7, 0, 0, 7, 0, 0, 7, 0, 0, 7, 0, 0, 7, 0, 0, 7, 0, 0, 7, 0, 0, 7, 0, 0, 7, 0, 0, 7, 0, 0, 7, 0, 0, 7, 0, 0, 7, 0, 0, 7, 0, 0, 7, 0, 0, 7, 0, 0, 7, 0, 0, 7, 0, 0, 7, 0, 0, 7, 0, 0, 7, 0, 0, 7, 0, 0, 7, 0, 0, 7, 0, 0, 7, 0, 0, 7, 0, 0, 7, 0, 0, 7, 0, 0, 7, 0, 0, 7, 0, 0, 7, 0, 0, 7, 0, 0, 7, 0, 0, 7, 0, 0, 7, 0, 0, 7, 0, 0, 7, 0, 0, 7, 0, 0, 7, 0, 0, 7, 0, 0, 7, 0, 0, 7, 0, 0, 7, 0, 0, 7, 0, 0, 7, 0, 0, 7, 0, 0, 7, 0, 0, 7, 0, 0, 7, 0, 0, 7, 0, 0, 7, 0, 0, 7, 0, 0, 7, 0, 0, 7, 0, 0, 7, 0, 0, 7, 0, 0, 7, 0, 0, 7, 0, 0, 7, 0, 0, 7, 0, 0, 7, 0, 0, 7, 0, 0, 7, 0, 0, 7, 0, 0, 7, 0, 0, 7, 0, 0, 7, 0, 0, 7, 0, 0, 7, 0, 0, 7, 0, 0, 7, 0, 0, 7, 0, 0, 7, 0, 0, 7, 0, 0, 7, 0, 0, 7, 0, 0, 7, 0, 0, 7, 0, 0, 7, 0, 0, 7, 0, 0, 7, 0, 0, 7, 0, 0, 7, 0, 0, 7, 0, 0, 7, 0, 0, 7, 0, 0, 7, 0, 0, 7, 0, 0, 7, 0, 0, 7, 0, 0, 7, 0, 0, 7, 0, 0, 7, 0, 0, 7, 0, 0, 7, 0, 0, 7, 0, 0, 7, 0, 0, 7, 0, 0, 7, 0, 0] (
                    elementSize = 3
                    interpolation = "vertex"
                )
                float[] primvars:skel:jointWeights = [0.6968594, 0.3031406, 0, 0.69567955, 0.3043205, 0, 0.693247, 0.30675295, 0, 0.7130192, 0.2869808, 0, 0.6855864, 0.3144136, 0, 0.7002824, 0.29971758, 0, 0.70482534, 0.2951747, 0, 0.3372408, 0.6627592, 0, 0.3556401, 0.6443598, 0, 0.34545225, 0.65454775, 0, 0.34937117, 0.65062886, 0, 0.37920552, 0.6207945, 0, 0.37017655, 0.6298235, 0, 0.34422776, 0.65577227, 0, 0.12898375, 0.87101626, 0, 0.17263949, 0.8273605, 0, 0.13762005, 0.86237997, 0, 0.13823657, 0.8617634, 0, 0.05577756, 0.94422245, 0, 0.084543444, 0.91545653, 0, 0.066269375, 0.9337306, 0, 0.059159055, 0.94084096, 0, 0.08291697, 0.917083, 0, 0.074022174, 0.9259778, 0, 0.055573214, 0.9444268, 0, 0.00016139599, 0.99983865, 0, 0.032059327, 0.9679407, 0, 0.0075236685, 0.99247634, 0, 0.0045579826, 0.99544203, 0, 0.03781789, 0.9621821, 0, 0.016383365, 0.9836166, 0, 1, 0, 0, 1, 0, 0, 1, 0, 0, 1, 0, 0, 1, 0, 0, 1, 0, 0, 1, 0, 0, 1, 0, 0, 1, 0, 0, 1, 0, 0, 1, 0, 0, 1, 0, 0, 1, 0, 0, 1, 0, 0, 1, 0, 0, 1, 0, 0, 1, 0, 0, 1, 0, 0, 1, 0, 0, 1, 0, 0, 1, 0, 0, 1, 0, 0, 1, 0, 0, 1, 0, 0, 1, 0, 0, 1, 0, 0, 1, 0, 0, 1, 0, 0, 1, 0, 0, 1, 0, 0, 1, 0, 0, 1, 0, 0, 0.15135999, 0.84864, 0, 0.20238805, 0.79761195, 0, 0.17234439, 0.8276556, 0, 0.14559335, 0.85440665, 0, 0.1336204, 0.8663796, 0, 0.18198669, 0.8180133, 0, 0.09951358, 0.8474702, 0.053016156, 0.09729205, 0.84987706, 0.052830897, 0.091340944, 0.8580688, 0.050590217, 0.10719307, 0.8398839, 0.052923, 0.09844943, 0.84782565, 0.053724926, 0.09392313, 0.85500544, 0.051071446, 0.09178971, 0.85665107, 0.051559206, 0.6982923, 0.3017077, 0, 0.72418296, 0.27581707, 0, 0.7154934, 0.28450662, 0, 0.69865847, 0.3013415, 0, 0.69647115, 0.30352882, 0, 0.7139363, 0.28606364, 0, 0.68800485, 0.31199512, 0, 0.7037462, 0.29625377, 0, 0.7072876, 0.2927124, 0, 0.33579022, 0.6642098, 0, 0.34881356, 0.6511864, 0, 0.41570604, 0.58429396, 0, 0.3559742, 0.6440258, 0, 0.34409302, 0.655907, 0, 0.3484028, 0.6515972, 0, 0.37953508, 0.620465, 0, 0.37047228, 0.62952775, 0, 0.34265098, 0.657349, 0, 0.12769863, 0.87230134, 0, 0.1394555, 0.8605445, 0, 0.17109053, 0.82890946, 0, 0.13684003, 0.86315995, 0, 0.13671906, 0.86328095, 0, 0.055071868, 0.94492817, 0, 0.061548855, 0.9384511, 0, 0.07918139, 0.9208186, 0, 0.08413551, 0.91586447, 0, 0.06542729, 0.9345727, 0, 0.0587423, 0.9412577, 0, 0.08272402, 0.91727597, 0, 0.07336648, 0.92663354, 0, 0.054699145, 0.9453009, 0, 1, 0, 0, 0.0070871385, 0.9929129, 0, 0.041097876, 0.9589021, 0, 0.03134611, 0.96865386, 0, 0.0065327366, 0.9934672, 0, 0.0041253907, 0.9958746, 0, 0.037435446, 0.9625645, 0, 0.015487085, 0.9845129, 0, 1, 0, 0, 1, 0, 0, 1, 0, 0, 1, 0, 0, 1, 0, 0, 1, 0, 0, 1, 0, 0, 1, 0, 0, 1, 0, 0, 1, 0, 0, 1, 0, 0, 1, 0, 0, 1, 0, 0, 1, 0, 0, 1, 0, 0, 1, 0, 0, 1, 0, 0, 1, 0, 0, 1, 0, 0, 1, 0, 0, 1, 0, 0, 1, 0, 0, 1, 0, 0, 1, 0, 0, 1, 0, 0, 1, 0, 0, 1, 0, 0, 1, 0, 0, 1, 0, 0, 1, 0, 0, 1, 0, 0, 1, 0, 0, 1, 0, 0, 1, 0, 0, 1, 0, 0, 1, 0, 0, 1, 0, 0, 1, 0, 0, 1, 0, 0, 1, 0, 0, 1, 0, 0, 1, 0, 0, 1, 0, 0, 0.16845582, 0.8315442, 0, 0.1413934, 0.8586066, 0, 0.15102634, 0.84897363, 0, 0.20216992, 0.7978301, 0, 0.17233163, 0.82766837, 0, 0.14553212, 0.85446787, 0, 0.13291684, 0.8670832, 0, 0.18132247, 0.81867754, 0, 0.11125514, 0.8365708, 0.05217397, 0.084370196, 0.8757455, 0.039884366, 0.110776365, 0.83831173, 0.05091191, 0.08210989, 0.8663955, 0.051494695, 0.086787835, 0.864684, 0.04852817, 0.11648458, 0.831052, 0.052463382, 0.08580752, 0.86160254, 0.052589957, 0.08109718, 0.8695516, 0.049351208, 0.100645036, 0.8488906, 0.05046438, 0.52740514, 0.4725949, 0, 0.59974724, 0.40025273, 0, 0.5004227, 0.4995773, 0, 0.62270105, 0.37729898, 0, 0.70268875, 0.29731128, 0, 0.56872416, 0.43127584, 0, 0.43484828, 0.5651517, 0, 0.6341817, 0.36581826, 0, 0.6715166, 0.32848346, 0, 0.674336, 0.32566395, 0, 0.4692762, 0.5307238, 0, 0.4676746, 0.5323254, 0, 0.70214784, 0.29785222, 0, 0.60313994, 0.39686006, 0, 0.40734866, 0.5926513, 0, 0.5812426, 0.41875738, 0, 1, 0, 0, 1, 0, 0, 1, 0, 0, 1, 0, 0, 1, 0, 0, 1, 0, 0, 1, 0, 0, 1, 0, 0, 1, 0, 0, 1, 0, 0, 1, 0, 0, 1, 0, 0, 1, 0, 0, 1, 0, 0, 1, 0, 0, 1, 0, 0, 1, 0, 0, 1, 0, 0, 1, 0, 0, 1, 0, 0, 1, 0, 0, 1, 0, 0, 1, 0, 0, 1, 0, 0, 1, 0, 0, 1, 0, 0, 1, 0, 0, 1, 0, 0, 1, 0, 0, 1, 0, 0, 1, 0, 0, 1, 0, 0, 1, 0, 0, 1, 0, 0, 1, 0, 0, 1, 0, 0, 1, 0, 0, 1, 0, 0, 1, 0, 0, 1, 0, 0, 1, 0, 0, 1, 0, 0, 1, 0, 0, 1, 0, 0, 1, 0, 0, 1, 0, 0, 1, 0, 0, 1, 0, 0, 1, 0, 0, 1, 0, 0, 1, 0, 0, 1, 0, 0, 1, 0, 0, 1, 0, 0, 1, 0, 0, 1, 0, 0, 1, 0, 0, 1, 0, 0, 1, 0, 0, 1, 0, 0, 1, 0, 0, 1, 0, 0, 1, 0, 0, 1, 0, 0, 1, 0, 0, 1, 0, 0, 1, 0, 0, 1, 0, 0, 1, 0, 0, 1, 0, 0, 1, 0, 0, 1, 0, 0, 1, 0, 0, 1, 0, 0, 1, 0, 0, 1, 0, 0, 1, 0, 0, 1, 0, 0, 1, 0, 0, 1, 0, 0, 1, 0, 0, 1, 0, 0, 1, 0, 0, 1, 0, 0, 1, 0, 0, 1, 0, 0, 1, 0, 0, 1, 0, 0, 1, 0, 0, 1, 0, 0, 1, 0, 0, 1, 0, 0, 1, 0, 0, 1, 0, 0, 1, 0, 0, 1, 0, 0, 1, 0, 0, 1, 0, 0, 1, 0, 0, 1, 0, 0, 1, 0, 0, 1, 0, 0, 1, 0, 0, 1, 0, 0, 1, 0, 0, 1, 0, 0, 1, 0, 0, 1, 0, 0, 1, 0, 0, 1, 0, 0, 1, 0, 0, 1, 0, 0, 1, 0, 0, 1, 0, 0, 1, 0, 0, 1, 0, 0, 1, 0, 0, 1, 0, 0, 1, 0, 0, 1, 0, 0, 1, 0, 0, 1, 0, 0, 1, 0, 0, 1, 0, 0, 1, 0, 0, 1, 0, 0, 1, 0, 0, 1, 0, 0, 1, 0, 0, 1, 0, 0, 1, 0, 0, 1, 0, 0, 1, 0, 0, 1, 0, 0, 1, 0, 0, 1, 0, 0, 1, 0, 0, 1, 0, 0, 1, 0, 0, 1, 0, 0, 1, 0, 0, 1, 0, 0, 1, 0, 0, 1, 0, 0, 1, 0, 0, 1, 0, 0, 1, 0, 0, 1, 0, 0, 1, 0, 0, 1, 0, 0, 1, 0, 0, 1, 0, 0, 1, 0, 0, 1, 0, 0, 1, 0, 0, 1, 0, 0, 1, 0, 0, 1, 0, 0, 1, 0, 0, 1, 0, 0, 1, 0, 0, 1, 0, 0, 1, 0, 0, 1, 0, 0, 1, 0, 0, 1, 0, 0, 1, 0, 0, 1, 0, 0, 1, 0, 0, 1, 0, 0, 1, 0, 0, 1, 0, 0, 1, 0, 0, 1, 0, 0, 1, 0, 0, 1, 0, 0, 1, 0, 0, 1, 0, 0, 1, 0, 0, 1, 0, 0, 1, 0, 0, 1, 0, 0, 1, 0, 0, 1, 0, 0, 1, 0, 0, 1, 0, 0, 1, 0, 0, 1, 0, 0, 1, 0, 0, 1, 0, 0, 1, 0, 0, 1, 0, 0, 1, 0, 0, 1, 0, 0, 1, 0, 0, 1, 0, 0, 1, 0, 0, 1, 0, 0, 1, 0, 0, 1, 0, 0, 1, 0, 0, 1, 0, 0, 1, 0, 0, 1, 0, 0, 1, 0, 0, 1, 0, 0, 1, 0, 0, 1, 0, 0, 1, 0, 0, 1, 0, 0, 1, 0, 0, 1, 0, 0, 1, 0, 0, 1, 0, 0, 1, 0, 0, 1, 0, 0, 1, 0, 0, 1, 0, 0, 1, 0, 0, 1, 0, 0, 1, 0, 0, 1, 0, 0, 1, 0, 0, 1, 0, 0, 1, 0, 0, 1, 0, 0, 1, 0, 0, 1, 0, 0, 1, 0, 0, 1, 0, 0, 1, 0, 0, 1, 0, 0, 1, 0, 0, 1, 0, 0, 1, 0, 0, 1, 0, 0, 1, 0, 0, 1, 0, 0, 1, 0, 0, 1, 0, 0, 1, 0, 0, 1, 0, 0, 1, 0, 0, 1, 0, 0, 1, 0, 0, 1, 0, 0, 1, 0, 0, 1, 0, 0, 1, 0, 0, 1, 0, 0, 1, 0, 0, 1, 0, 0, 1, 0, 0, 1, 0, 0, 1, 0, 0, 1, 0, 0, 1, 0, 0, 1, 0, 0, 1, 0, 0, 1, 0, 0, 1, 0, 0, 1, 0, 0, 1, 0, 0, 1, 0, 0, 1, 0, 0, 1, 0, 0, 1, 0, 0, 1, 0, 0, 1, 0, 0, 1, 0, 0, 1, 0, 0, 1, 0, 0, 1, 0, 0, 1, 0, 0, 1, 0, 0, 1, 0, 0, 1, 0, 0, 1, 0, 0, 1, 0, 0, 1, 0, 0, 1, 0, 0, 1, 0, 0, 1, 0, 0, 1, 0, 0, 1, 0, 0, 1, 0, 0, 1, 0, 0, 1, 0, 0, 1, 0, 0, 1, 0, 0, 1, 0, 0, 1, 0, 0, 1, 0, 0, 1, 0, 0, 1, 0, 0, 1, 0, 0, 1, 0, 0, 1, 0, 0, 1, 0, 0, 1, 0, 0, 1, 0, 0, 1, 0, 0, 1, 0, 0, 1, 0, 0, 1, 0, 0, 1, 0, 0, 1, 0, 0, 1, 0, 0, 1, 0, 0, 1, 0, 0, 1, 0, 0, 1, 0, 0, 1, 0, 0, 1, 0, 0, 1, 0, 0, 1, 0, 0, 1, 0, 0, 1, 0, 0, 1, 0, 0, 1, 0, 0, 1, 0, 0, 1, 0, 0, 1, 0, 0, 1, 0, 0, 1, 0, 0, 1, 0, 0, 1, 0, 0, 1, 0, 0, 1, 0, 0, 1, 0, 0, 1, 0, 0, 1, 0, 0, 1, 0, 0, 1, 0, 0, 1, 0, 0, 1, 0, 0, 1, 0, 0, 1, 0, 0, 1, 0, 0, 1, 0, 0, 1, 0, 0, 1, 0, 0, 1, 0, 0, 1, 0, 0, 1, 0, 0, 1, 0, 0, 1, 0, 0, 1, 0, 0, 1, 0, 0, 1, 0, 0, 1, 0, 0, 1, 0, 0, 1, 0, 0, 1, 0, 0, 1, 0, 0, 1, 0, 0, 1, 0, 0, 1, 0, 0, 1, 0, 0, 1, 0, 0, 1, 0, 0, 1, 0, 0, 1, 0, 0, 1, 0, 0, 1, 0, 0, 1, 0, 0, 1, 0, 0, 1, 0, 0, 1, 0, 0, 1, 0, 0, 1, 0, 0, 1, 0, 0, 1, 0, 0, 1, 0, 0, 1, 0, 0, 1, 0, 0, 1, 0, 0, 1, 0, 0, 1, 0, 0, 1, 0, 0, 1, 0, 0, 1, 0, 0, 1, 0, 0, 1, 0, 0, 1, 0, 0, 1, 0, 0, 1, 0, 0, 1, 0, 0, 1, 0, 0, 1, 0, 0, 1, 0, 0, 1, 0, 0, 1, 0, 0, 1, 0, 0, 1, 0, 0, 1, 0, 0, 1, 0, 0, 1, 0, 0, 1, 0, 0, 1, 0, 0, 1, 0, 0, 1, 0, 0, 1, 0, 0, 1, 0, 0, 1, 0, 0, 1, 0, 0, 1, 0, 0, 1, 0, 0, 1, 0, 0, 1, 0, 0, 1, 0, 0, 1, 0, 0, 1, 0, 0, 1, 0, 0, 1, 0, 0, 1, 0, 0, 1, 0, 0, 1, 0, 0, 1, 0, 0, 1, 0, 0, 1, 0, 0, 1, 0, 0, 1, 0, 0, 1, 0, 0, 1, 0, 0, 1, 0, 0, 1, 0, 0, 1, 0, 0, 1, 0, 0, 1, 0, 0, 1, 0, 0, 1, 0, 0, 1, 0, 0, 1, 0, 0, 1, 0, 0, 1, 0, 0, 1, 0, 0, 1, 0, 0, 1, 0, 0, 1, 0, 0, 1, 0, 0, 1, 0, 0, 1, 0, 0, 1, 0, 0, 1, 0, 0, 1, 0, 0, 1, 0, 0, 1, 0, 0, 1, 0, 0, 1, 0, 0, 1, 0, 0, 1, 0, 0, 1, 0, 0, 1, 0, 0, 1, 0, 0, 1, 0, 0, 1, 0, 0, 1, 0, 0, 1, 0, 0, 1, 0, 0, 1, 0, 0, 1, 0, 0, 1, 0, 0, 1, 0, 0, 1, 0, 0, 1, 0, 0, 1, 0, 0, 1, 0, 0, 1, 0, 0, 1, 0, 0, 1, 0, 0, 1, 0, 0, 1, 0, 0, 1, 0, 0, 1, 0, 0, 1, 0, 0, 1, 0, 0, 1, 0, 0, 1, 0, 0, 1, 0, 0, 1, 0, 0, 1, 0, 0, 1, 0, 0, 1, 0, 0, 1, 0, 0, 1, 0, 0, 1, 0, 0, 1, 0, 0, 1, 0, 0, 1, 0, 0, 1, 0, 0, 1, 0, 0, 1, 0, 0, 1, 0, 0, 1, 0, 0, 1, 0, 0, 1, 0, 0, 1, 0, 0, 1, 0, 0, 1, 0, 0, 1, 0, 0, 1, 0, 0, 1, 0, 0, 1, 0, 0, 1, 0, 0, 1, 0, 0, 1, 0, 0, 1, 0, 0, 1, 0, 0, 1, 0, 0, 1, 0, 0, 1, 0, 0, 1, 0, 0, 1, 0, 0, 1, 0, 0, 1, 0, 0, 1, 0, 0, 1, 0, 0, 1, 0, 0, 1, 0, 0, 1, 0, 0, 1, 0, 0, 1, 0, 0, 1, 0, 0, 1, 0, 0, 1, 0, 0, 1, 0, 0, 1, 0, 0, 1, 0, 0, 1, 0, 0, 1, 0, 0, 1, 0, 0, 1, 0, 0, 1, 0, 0, 1, 0, 0, 1, 0, 0, 1, 0, 0, 1, 0, 0, 1, 0, 0, 1, 0, 0, 1, 0, 0, 1, 0, 0, 1, 0, 0, 1, 0, 0, 1, 0, 0, 1, 0, 0, 1, 0, 0, 1, 0, 0, 1, 0, 0, 1, 0, 0, 1, 0, 0, 1, 0, 0, 1, 0, 0, 1, 0, 0, 1, 0, 0, 1, 0, 0, 1, 0, 0, 1, 0, 0, 1, 0, 0, 1, 0, 0, 1, 0, 0, 1, 0, 0, 1, 0, 0, 1, 0, 0, 1, 0, 0, 1, 0, 0, 1, 0, 0, 1, 0, 0, 1, 0, 0, 1, 0, 0, 1, 0, 0, 1, 0, 0, 1, 0, 0, 1, 0, 0, 1, 0, 0, 1, 0, 0, 1, 0, 0, 1, 0, 0, 1, 0, 0, 1, 0, 0, 1, 0, 0, 1, 0, 0, 1, 0, 0, 1, 0, 0, 1, 0, 0, 1, 0, 0, 1, 0, 0, 1, 0, 0, 1, 0, 0, 1, 0, 0, 1, 0, 0, 1, 0, 0, 1, 0, 0, 1, 0, 0, 1, 0, 0, 1, 0, 0, 1, 0, 0, 1, 0, 0, 1, 0, 0, 1, 0, 0, 1, 0, 0, 1, 0, 0, 1, 0, 0, 1, 0, 0, 1, 0, 0, 1, 0, 0, 1, 0, 0, 1, 0, 0, 1, 0, 0, 1, 0, 0, 1, 0, 0, 1, 0, 0, 1, 0, 0, 1, 0, 0, 1, 0, 0, 1, 0, 0, 1, 0, 0, 1, 0, 0, 1, 0, 0, 1, 0, 0, 1, 0, 0, 1, 0, 0, 1, 0, 0, 1, 0, 0, 1, 0, 0, 1, 0, 0, 1, 0, 0, 1, 0, 0, 1, 0, 0, 1, 0, 0, 1, 0, 0, 1, 0, 0, 1, 0, 0, 1, 0, 0, 1, 0, 0, 1, 0, 0, 1, 0, 0, 1, 0, 0, 1, 0, 0, 1, 0, 0, 1, 0, 0, 1, 0, 0, 1, 0, 0, 1, 0, 0, 1, 0, 0, 1, 0, 0, 1, 0, 0, 1, 0, 0, 1, 0, 0, 1, 0, 0, 1, 0, 0, 1, 0, 0, 1, 0, 0, 1, 0, 0, 1, 0, 0, 1, 0, 0, 1, 0, 0, 1, 0, 0, 1, 0, 0, 1, 0, 0, 1, 0, 0, 1, 0, 0, 1, 0, 0, 1, 0, 0, 1, 0, 0, 1, 0, 0, 1, 0, 0, 1, 0, 0, 1, 0, 0, 1, 0, 0, 1, 0, 0, 1, 0, 0, 1, 0, 0, 1, 0, 0, 1, 0, 0, 1, 0, 0, 1, 0, 0, 1, 0, 0, 1, 0, 0, 1, 0, 0, 1, 0, 0, 1, 0, 0, 1, 0, 0, 1, 0, 0, 1, 0, 0, 1, 0, 0, 1, 0, 0, 1, 0, 0, 1, 0, 0, 1, 0, 0, 1, 0, 0, 1, 0, 0, 1, 0, 0, 1, 0, 0, 1, 0, 0, 1, 0, 0, 1, 0, 0, 1, 0, 0, 1, 0, 0, 1, 0, 0, 1, 0, 0, 1, 0, 0, 1, 0, 0, 1, 0, 0, 1, 0, 0, 1, 0, 0, 1, 0, 0, 1, 0, 0, 1, 0, 0, 1, 0, 0, 1, 0, 0, 1, 0, 0, 1, 0, 0, 1, 0, 0, 1, 0, 0, 1, 0, 0, 1, 0, 0, 1, 0, 0] (
                    elementSize = 3
                    interpolation = "vertex"
                )
                texCoord2f[] primvars:st = [(0, 0), (0, 0), (0, 0), (0, 0), (0, 0), (0, 0), (0, 0), (0, 0), (0, 0), (0, 0), (0, 0), (0, 0), (0, 0), (0, 0), (0, 0), (0, 0), (0, 0), (0, 0), (0, 0), (0, 0), (0, 0), (0, 0), (0, 0), (0, 0), (0, 0), (0, 0), (0, 0), (0, 0), (0, 0), (0, 0), (0, 0), (0, 0), (0, 0), (0, 0), (0, 0), (0, 0), (0, 0), (0, 0), (0, 0), (0, 0), (0, 0), (0, 0), (0, 0), (0, 0), (0, 0), (0, 0), (0, 0), (0, 0), (0, 0), (0, 0), (0, 0), (0, 0), (0, 0), (0, 0), (0, 0), (0, 0), (0, 0), (0, 0), (0, 0), (0, 0), (0, 0), (0, 0), (0, 0), (0, 0), (0, 0), (0, 0), (0, 0), (0, 0), (0, 0), (0, 0), (0, 0), (0, 0), (0, 0), (0, 0), (0, 0), (0, 0), (0, 0), (0, 0), (0, 0), (0, 0), (0, 0), (0, 0), (0, 0), (0, 0), (0, 0), (0, 0), (0, 0), (0, 0), (0, 0), (0, 0), (0, 0), (0, 0), (0, 0), (0, 0), (0, 0), (0, 0), (0, 0), (0, 0), (0, 0), (0, 0), (0, 0), (0, 0), (0, 0), (0, 0), (0, 0), (0, 0), (0, 0), (0, 0), (0, 0), (0, 0), (0, 0), (0, 0), (0, 0), (0, 0), (0, 0), (0, 0), (0, 0), (0, 0), (0, 0), (0, 0), (0, 0), (0, 0), (0, 0), (0, 0), (0, 0), (0, 0), (0, 0), (0, 0), (0, 0), (0, 0), (0, 0), (0, 0), (0, 0), (0, 0), (0, 0), (0, 0), (0, 0), (0, 0), (0, 0), (0, 0), (0, 0), (0, 0), (0, 0), (0, 0), (0, 0), (0, 0), (0, 0), (0, 0), (0, 0), (0, 0), (0, 0), (0, 0), (0, 0), (0, 0), (0, 0), (0, 0), (0, 0), (0, 0), (0, 0), (0, 0), (0, 0), (0, 0), (0, 0), (0, 0), (0, 0), (0, 0), (0, 0), (0, 0), (0, 0), (0, 0), (0, 0), (0, 0), (0, 0), (0, 0), (0, 0), (0, 0), (0, 0), (0, 0), (0, 0), (0, 0), (0, 0), (0, 0), (0, 0), (0, 0), (0, 0), (0, 0), (0, 0), (0, 0), (0, 0), (0, 0), (0, 0), (0, 0), (0, 0), (0, 0), (0, 0), (0, 0), (0, 0), (0, 0), (0, 0), (0, 0), (0, 0), (0, 0), (0, 0), (0, 0), (0, 0), (0, 0), (0, 0), (0, 0), (0, 0), (0, 0), (0, 0), (0, 0), (0, 0), (0, 0), (0, 0), (0, 0), (0, 0), (0, 0), (0, 0), (0, 0), (0, 0), (0, 0), (0, 0), (0, 0), (0, 0), (0, 0), (0, 0), (0, 0), (0, 0), (0, 0), (0, 0), (0, 0), (0, 0), (0, 0), (0, 0), (0, 0), (0, 0), (0, 0), (0, 0), (0, 0), (0, 0), (0, 0), (0, 0), (0, 0), (0, 0), (0, 0), (0, 0), (0, 0), (0, 0), (0, 0), (0, 0), (0, 0), (0, 0), (0, 0), (0, 0), (0, 0), (0, 0), (0, 0), (0, 0), (0, 0), (0, 0), (0, 0), (0, 0), (0, 0), (0, 0), (0, 0), (0, 0), (0, 0), (0, 0), (0, 0), (0, 0), (0, 0), (0, 0), (0, 0), (0, 0), (0, 0), (0, 0), (0, 0), (0, 0), (0, 0), (0, 0), (0, 0), (0, 0), (0, 0), (0, 0), (0, 0), (0, 0), (0, 0), (0, 0), (0, 0), (0, 0), (0, 0), (0, 0), (0, 0), (0, 0), (0, 0), (0, 0), (0, 0), (0, 0), (0, 0), (0, 0), (0, 0), (0, 0), (0, 0), (0, 0), (0, 0), (0, 0), (0, 0), (0, 0), (0, 0), (0, 0), (0, 0), (0, 0), (0, 0), (0, 0), (0, 0), (0, 0), (0, 0), (0, 0), (0, 0), (0, 0), (0, 0), (0, 0), (0, 0), (0, 0), (0, 0), (0, 0), (0, 0), (0, 0), (0, 0), (0, 0), (0, 0), (0, 0), (0, 0), (0, 0), (0, 0), (0, 0), (0, 0), (0, 0), (0, 0), (0, 0), (0, 0), (0, 0), (0, 0), (0, 0), (0, 0), (0, 0), (0, 0), (0, 0), (0, 0), (0, 0), (0, 0), (0, 0), (0, 0), (0, 0), (0, 0), (0, 0), (0, 0), (0, 0), (0, 0), (0, 0), (0, 0), (0, 0), (0, 0), (0, 0), (0, 0), (0, 0), (0, 0), (0, 0), (0, 0), (0, 0), (0, 0), (0, 0), (0, 0), (0, 0), (0, 0), (0, 0), (0, 0), (0, 0), (0, 0), (0, 0), (0, 0), (0, 0), (0, 0), (0, 0), (0, 0), (0, 0), (0, 0), (0, 0), (0, 0), (0, 0), (0, 0), (0, 0), (0, 0), (0, 0), (0, 0), (0, 0), (0, 0), (0, 0), (0, 0), (0, 0), (0, 0), (0, 0), (0, 0), (0, 0), (0, 0), (0, 0), (0, 0), (0, 0), (0, 0), (0, 0), (0, 0), (0, 0), (0, 0), (0, 0), (0, 0), (0, 0), (0, 0), (0, 0), (0, 0), (0, 0), (0, 0), (0, 0), (0, 0), (0, 0), (0, 0), (0, 0), (0, 0), (0, 0), (0, 0), (0, 0), (0, 0), (0, 0), (0, 0), (0, 0), (0, 0), (0, 0), (0, 0), (0, 0), (0, 0), (0, 0), (0, 0), (0, 0), (0, 0), (0, 0), (0, 0), (0, 0), (0, 0), (0, 0), (0, 0), (0, 0), (0, 0), (0, 0), (0, 0), (0, 0), (0, 0), (0, 0), (0, 0), (0, 0), (0, 0), (0, 0), (0, 0), (0, 0), (0, 0), (0, 0), (0, 0), (0, 0), (0, 0), (0, 0), (0, 0), (0, 0), (0, 0), (0, 0), (0, 0), (0, 0), (0, 0), (0, 0), (0, 0), (0, 0), (0, 0), (0, 0), (0, 0), (0, 0), (0, 0), (0, 0), (0, 0), (0, 0), (0, 0), (0, 0), (0, 0), (0, 0), (0, 0), (0, 0), (0, 0), (0, 0), (0, 0), (0, 0), (0, 0), (0, 0), (0, 0), (0, 0), (0, 0), (0, 0), (0, 0), (0, 0), (0, 0), (0, 0), (0, 0), (0, 0), (0, 0), (0, 0), (0, 0), (0, 0), (0, 0), (0, 0), (0, 0), (0, 0), (0, 0), (0, 0), (0, 0), (0, 0), (0, 0), (0, 0), (0, 0), (0, 0), (0, 0), (0, 0), (0, 0), (0, 0), (0, 0), (0, 0), (0, 0), (0, 0), (0, 0), (0, 0), (0, 0), (0, 0), (0, 0), (0, 0), (0, 0), (0, 0), (0, 0), (0, 0), (0, 0), (0, 0), (0, 0), (0, 0), (0, 0), (0, 0), (0, 0), (0, 0), (0, 0), (0, 0), (0, 0), (0, 0), (0, 0), (0, 0), (0, 0), (0, 0), (0, 0), (0, 0), (0, 0), (0, 0), (0, 0), (0, 0), (0, 0), (0, 0), (0, 0), (0, 0), (0, 0), (0, 0), (0, 0), (0, 0), (0, 0), (0, 0), (0, 0), (0, 0), (0, 0), (0, 0), (0, 0), (0, 0), (0, 0), (0, 0), (0, 0), (0, 0), (0, 0), (0, 0), (0, 0), (0, 0), (0, 0), (0, 0), (0, 0), (0, 0), (0, 0), (0, 0), (0, 0), (0, 0), (0, 0), (0, 0), (0, 0), (0, 0), (0, 0), (0, 0), (0, 0), (0, 0), (0, 0), (0, 0), (0, 0), (0, 0), (0, 0), (0, 0), (0, 0), (0, 0), (0, 0), (0, 0), (0, 0), (0, 0), (0, 0), (0, 0), (0, 0), (0, 0), (0, 0), (0, 0), (0, 0), (0, 0), (0, 0), (0, 0), (0, 0), (0, 0), (0, 0), (0, 0), (0, 0), (0, 0), (0, 0), (0, 0), (0, 0), (0, 0), (0, 0), (0, 0), (0, 0), (0, 0), (0, 0), (0, 0), (0, 0), (0, 0), (0, 0), (0, 0), (0, 0), (0, 0), (0, 0), (0, 0), (0, 0), (0, 0), (0, 0), (0, 0), (0, 0), (0, 0), (0, 0), (0, 0), (0, 0), (0, 0), (0, 0), (0, 0), (0, 0), (0, 0), (0, 0), (0, 0), (0, 0), (0, 0), (0, 0), (0, 0), (0, 0), (0, 0), (0, 0), (0, 0), (0, 0), (0, 0), (0, 0), (0, 0), (0, 0), (0, 0), (0, 0), (0, 0), (0, 0), (0, 0), (0, 0), (0, 0), (0, 0), (0, 0), (0, 0), (0, 0), (0, 0), (0, 0), (0, 0), (0, 0), (0, 0), (0, 0), (0, 0), (0, 0), (0, 0), (0, 0), (0, 0), (0, 0), (0, 0), (0, 0), (0, 0), (0, 0), (0, 0), (0, 0), (0, 0), (0, 0), (0, 0), (0, 0), (0, 0), (0, 0), (0, 0), (0, 0), (0, 0), (0, 0), (0, 0), (0, 0), (0, 0), (0, 0), (0, 0), (0, 0), (0, 0), (0, 0), (0, 0), (0, 0), (0, 0), (0, 0), (0, 0), (0, 0), (0, 0), (0, 0), (0, 0), (0, 0), (0, 0), (0, 0), (0, 0), (0, 0), (0, 0), (0, 0), (0, 0), (0, 0), (0, 0), (0, 0), (0, 0), (0, 0), (0, 0), (0, 0), (0, 0), (0, 0), (0, 0), (0, 0), (0, 0), (0, 0), (0, 0), (0, 0), (0, 0), (0, 0), (0, 0), (0, 0), (0, 0), (0, 0), (0, 0), (0, 0), (0, 0), (0, 0), (0, 0), (0, 0), (0, 0), (0, 0), (0, 0), (0, 0), (0, 0), (0, 0), (0, 0), (0, 0), (0, 0), (0, 0), (0, 0), (0, 0), (0, 0), (0, 0), (0, 0), (0, 0), (0, 0), (0, 0), (0, 0), (0, 0), (0, 0), (0, 0), (0, 0), (0, 0), (0, 0), (0, 0), (0, 0), (0, 0), (0, 0), (0, 0), (0, 0), (0, 0), (0, 0), (0, 0), (0, 0), (0, 0), (0, 0), (0, 0), (0, 0), (0, 0), (0, 0), (0, 0), (0, 0), (0, 0), (0, 0), (0, 0), (0, 0), (0, 0), (0, 0), (0, 0), (0, 0), (0, 0), (0, 0), (0, 0), (0, 0), (0, 0), (0, 0), (0, 0), (0, 0), (0, 0), (0, 0), (0, 0), (0, 0), (0, 0), (0, 0), (0, 0), (0, 0), (0, 0), (0, 0), (0, 0), (0, 0), (0, 0), (0, 0), (0, 0), (0, 0), (0, 0), (0, 0), (0, 0), (0, 0), (0, 0), (0, 0), (0, 0), (0, 0), (0, 0), (0, 0), (0, 0), (0, 0), (0, 0), (0, 0), (0, 0), (0, 0), (0, 0), (0, 0), (0, 0), (0, 0), (0, 0), (0, 0), (0, 0), (0, 0), (0, 0), (0, 0), (0, 0), (0, 0), (0, 0), (0, 0), (0, 0), (0, 0), (0, 0), (0, 0), (0, 0), (0, 0), (0, 0), (0, 0), (0, 0), (0, 0), (0, 0), (0, 0), (0, 0), (0, 0), (0, 0), (0, 0), (0, 0), (0, 0), (0, 0), (0, 0), (0, 0), (0, 0), (0, 0), (0, 0), (0, 0), (0, 0), (0, 0), (0, 0), (0, 0), (0, 0), (0, 0), (0, 0), (0, 0), (0, 0)] (
                    interpolation = "faceVarying"
                )
                int[] primvars:st:indices = [74, 71, 2, 5, 73, 70, 1, 4, 75, 69, 0, 6, 69, 72, 3, 0, 77, 86, 10, 3, 0, 3, 10, 7, 70, 74, 5, 1, 71, 75, 6, 2, 2, 6, 13, 9, 5, 2, 9, 12, 7, 10, 16, 14, 168, 73, 4, 78, 1, 5, 12, 8, 6, 0, 7, 13, 4, 1, 8, 11, 86, 95, 16, 10, 67, 20, 23, 14, 16, 21, 18, 66, 63, 19, 22, 13, 7, 14, 17, 78, 4, 11, 87, 63, 67, 23, 19, 8, 12, 68, 64, 9, 13, 17, 15, 110, 101, 22, 29, 95, 100, 21, 16, 18, 21, 28, 25, 15, 17, 24, 20, 11, 8, 64, 65, 17, 14, 18, 24, 19, 23, 30, 26, 87, 11, 65, 159, 51, 35, 32, 48, 22, 19, 26, 29, 20, 24, 31, 27, 24, 18, 25, 31, 46, 47, 34, 37, 25, 28, 51, 48, 49, 46, 37, 33, 50, 48, 32, 38, 143, 118, 35, 51, 35, 118, 127, 42, 52, 49, 33, 36, 47, 50, 38, 34, 141, 52, 36, 119, 34, 38, 45, 41, 37, 34, 41, 44, 33, 37, 44, 40, 38, 32, 39, 45, 28, 109, 143, 51, 36, 33, 40, 43, 27, 31, 50, 47, 29, 26, 49, 52, 32, 35, 42, 39, 119, 36, 43, 128, 31, 25, 48, 50, 26, 30, 46, 49, 30, 27, 47, 46, 110, 29, 52, 141, 152, 57, 53, 144, 144, 53, 54, 146, 146, 54, 55, 148, 148, 55, 56, 150, 150, 56, 42, 127, 72, 169, 77, 3, 43, 40, 58, 57, 40, 44, 61, 58, 44, 41, 60, 61, 39, 42, 56, 59, 41, 45, 62, 60, 45, 39, 59, 62, 57, 58, 61, 53, 53, 61, 60, 54, 54, 60, 62, 55, 55, 62, 59, 56, 12, 9, 15, 68, 67, 68, 15, 20, 67, 63, 64, 68, 128, 43, 57, 152, 63, 66, 65, 64, 66, 160, 159, 65, 160, 66, 22, 101, 23, 20, 27, 30, 109, 28, 21, 100, 174, 83, 80, 171, 173, 82, 79, 170, 175, 84, 76, 167, 167, 76, 81, 172, 77, 81, 90, 86, 76, 85, 90, 81, 170, 79, 83, 174, 171, 80, 84, 175, 80, 89, 93, 84, 83, 92, 89, 80, 85, 94, 97, 90, 168, 78, 82, 173, 79, 88, 92, 83, 84, 93, 85, 76, 82, 91, 88, 79, 86, 90, 97, 95, 165, 106, 103, 94, 99, 104, 97, 164, 105, 102, 161, 93, 98, 94, 85, 78, 87, 91, 82, 161, 102, 106, 165, 88, 162, 166, 92, 89, 96, 98, 93, 110, 114, 105, 101, 95, 97, 104, 100, 99, 108, 113, 104, 96, 103, 107, 98, 91, 163, 162, 88, 98, 107, 99, 94, 102, 111, 115, 106, 87, 159, 163, 91, 140, 137, 117, 122, 105, 114, 111, 102, 103, 112, 116, 107, 107, 116, 108, 99, 135, 124, 121, 136, 108, 137, 140, 113, 138, 120, 124, 135, 139, 125, 117, 137, 143, 140, 122, 118, 122, 131, 127, 118, 142, 123, 120, 138, 136, 121, 125, 139, 141, 119, 123, 142, 121, 130, 134, 125, 124, 133, 130, 121, 120, 129, 133, 124, 125, 134, 126, 117, 113, 140, 143, 109, 123, 132, 129, 120, 112, 136, 139, 116, 114, 142, 138, 111, 117, 126, 131, 122, 119, 128, 132, 123, 116, 139, 137, 108, 111, 138, 135, 115, 115, 135, 136, 112, 110, 141, 142, 114, 152, 144, 145, 153, 144, 146, 147, 145, 146, 148, 149, 147, 148, 150, 151, 149, 150, 127, 131, 151, 172, 81, 77, 169, 132, 153, 154, 129, 129, 154, 157, 133, 133, 157, 156, 130, 126, 155, 151, 131, 130, 156, 158, 134, 134, 158, 155, 126, 153, 145, 157, 154, 145, 147, 156, 157, 147, 149, 158, 156, 149, 151, 155, 158, 92, 166, 96, 89, 165, 103, 96, 166, 165, 166, 162, 161, 128, 152, 153, 132, 161, 162, 163, 164, 164, 163, 159, 160, 160, 101, 105, 164, 106, 115, 112, 103, 109, 100, 104, 113, 171, 175, 191, 187, 75, 71, 178, 182, 172, 169, 185, 188, 169, 72, 179, 185, 170, 174, 190, 186, 74, 70, 177, 181, 168, 173, 189, 184, 73, 168, 184, 180, 72, 69, 176, 179, 167, 172, 188, 183, 175, 167, 183, 191, 69, 75, 182, 176, 173, 170, 186, 189, 70, 73, 180, 177, 174, 171, 187, 190, 71, 74, 181, 178, 178, 181, 177, 180, 184, 189, 186, 190, 187, 191, 183, 188, 185, 179, 176, 182, 192, 194, 195, 193, 193, 195, 236, 234, 195, 194, 235, 236, 204, 201, 198, 203, 202, 196, 201, 204, 197, 202, 204, 200, 200, 204, 203, 199, 213, 212, 207, 210, 211, 213, 210, 205, 206, 209, 213, 211, 209, 208, 212, 213, 198, 207, 212, 203, 197, 206, 211, 202, 202, 211, 205, 196, 201, 210, 207, 198, 196, 205, 210, 201, 203, 212, 208, 199, 216, 214, 215, 217, 221, 220, 218, 219, 216, 217, 220, 221, 217, 215, 218, 220, 214, 216, 221, 219, 215, 214, 219, 218, 222, 223, 225, 224, 224, 225, 229, 228, 228, 229, 227, 226, 226, 227, 223, 222, 224, 228, 226, 222, 229, 225, 223, 227, 230, 231, 233, 232, 231, 234, 236, 233, 233, 236, 235, 232, 245, 244, 239, 242, 243, 245, 242, 237, 238, 241, 245, 243, 241, 240, 244, 245, 254, 251, 248, 253, 252, 246, 251, 254, 247, 252, 254, 250, 250, 254, 253, 249, 239, 244, 253, 248, 238, 243, 252, 247, 243, 237, 246, 252, 242, 239, 248, 251, 237, 242, 251, 246, 244, 240, 249, 253, 257, 258, 256, 255, 262, 260, 259, 261, 257, 262, 261, 258, 258, 261, 259, 256, 255, 260, 262, 257, 256, 259, 260, 255, 263, 265, 266, 264, 265, 269, 270, 266, 269, 267, 268, 270, 267, 263, 264, 268, 265, 263, 267, 269, 270, 268, 264, 266, 271, 275, 278, 274, 272, 276, 275, 271, 273, 277, 276, 272, 274, 278, 277, 273, 275, 279, 282, 278, 276, 280, 279, 275, 277, 281, 280, 276, 278, 282, 281, 277, 279, 283, 286, 282, 280, 284, 283, 279, 281, 285, 284, 280, 282, 286, 285, 281, 283, 287, 290, 286, 284, 288, 287, 283, 285, 289, 288, 284, 286, 290, 289, 285, 287, 291, 294, 290, 288, 292, 291, 287, 289, 293, 292, 288, 290, 294, 293, 289, 291, 295, 298, 294, 292, 296, 295, 291, 293, 297, 296, 292, 294, 298, 297, 293, 295, 299, 302, 298, 296, 300, 299, 295, 297, 301, 300, 296, 298, 302, 301, 297, 299, 303, 306, 302, 300, 304, 303, 299, 301, 305, 304, 300, 302, 306, 305, 301, 303, 307, 310, 306, 304, 308, 307, 303, 305, 309, 308, 304, 306, 310, 309, 305, 307, 311, 314, 310, 308, 312, 311, 307, 309, 313, 312, 308, 310, 314, 313, 309, 311, 315, 318, 314, 312, 316, 315, 311, 313, 317, 316, 312, 314, 318, 317, 313, 315, 319, 322, 318, 316, 320, 319, 315, 317, 321, 320, 316, 318, 322, 321, 317, 319, 323, 326, 322, 320, 324, 323, 319, 321, 325, 324, 320, 322, 326, 325, 321, 323, 327, 326, 324, 327, 323, 325, 327, 324, 326, 327, 325, 328, 332, 335, 331, 329, 333, 332, 328, 330, 334, 333, 329, 331, 335, 334, 330, 332, 336, 339, 335, 333, 337, 336, 332, 334, 338, 337, 333, 335, 339, 338, 334, 336, 340, 343, 339, 337, 341, 340, 336, 338, 342, 341, 337, 339, 343, 342, 338, 340, 344, 347, 343, 341, 345, 344, 340, 342, 346, 345, 341, 343, 347, 346, 342, 344, 348, 351, 347, 345, 349, 348, 344, 346, 350, 349, 345, 347, 351, 350, 346, 348, 352, 355, 351, 349, 353, 352, 348, 350, 354, 353, 349, 351, 355, 354, 350, 352, 356, 359, 355, 353, 357, 356, 352, 354, 358, 357, 353, 355, 359, 358, 354, 356, 360, 363, 359, 357, 361, 360, 356, 358, 362, 361, 357, 359, 363, 362, 358, 360, 364, 367, 363, 361, 365, 364, 360, 362, 366, 365, 361, 363, 367, 366, 362, 364, 368, 371, 367, 365, 369, 368, 364, 366, 370, 369, 365, 367, 371, 370, 366, 368, 372, 371, 369, 372, 368, 370, 372, 369, 371, 372, 370, 373, 377, 380, 376, 374, 378, 377, 373, 375, 379, 378, 374, 376, 380, 379, 375, 377, 381, 384, 380, 378, 382, 381, 377, 379, 383, 382, 378, 380, 384, 383, 379, 381, 385, 388, 384, 382, 386, 385, 381, 383, 387, 386, 382, 384, 388, 387, 383, 385, 389, 392, 388, 386, 390, 389, 385, 387, 391, 390, 386, 388, 392, 391, 387, 389, 393, 396, 392, 390, 394, 393, 389, 391, 395, 394, 390, 392, 396, 395, 391, 393, 397, 400, 396, 394, 398, 397, 393, 395, 399, 398, 394, 396, 400, 399, 395, 397, 401, 404, 400, 398, 402, 401, 397, 399, 403, 402, 398, 400, 404, 403, 399, 401, 405, 404, 402, 405, 401, 403, 405, 402, 404, 405, 403, 406, 409, 413, 410, 407, 406, 410, 411, 408, 407, 411, 412, 409, 408, 412, 413, 410, 413, 417, 414, 411, 410, 414, 415, 412, 411, 415, 416, 413, 412, 416, 417, 414, 417, 421, 418, 415, 414, 418, 419, 416, 415, 419, 420, 417, 416, 420, 421, 418, 421, 425, 422, 419, 418, 422, 423, 420, 419, 423, 424, 421, 420, 424, 425, 422, 425, 429, 426, 423, 422, 426, 427, 424, 423, 427, 428, 425, 424, 428, 429, 426, 429, 433, 430, 427, 426, 430, 431, 428, 427, 431, 432, 429, 428, 432, 433, 430, 433, 437, 434, 431, 430, 434, 435, 432, 431, 435, 436, 433, 432, 436, 437, 434, 437, 441, 438, 435, 434, 438, 439, 436, 435, 439, 440, 437, 436, 440, 441, 438, 441, 445, 442, 439, 438, 442, 443, 440, 439, 443, 444, 441, 440, 444, 445, 442, 445, 449, 446, 443, 442, 446, 447, 444, 443, 447, 448, 445, 444, 448, 449, 446, 449, 453, 450, 447, 446, 450, 451, 448, 447, 451, 452, 449, 448, 452, 453, 450, 453, 457, 454, 451, 450, 454, 455, 452, 451, 455, 456, 453, 452, 456, 457, 454, 457, 461, 458, 455, 454, 458, 459, 456, 455, 459, 460, 457, 456, 460, 461, 458, 461, 462, 459, 458, 462, 460, 459, 462, 461, 460, 462, 463, 466, 470, 467, 464, 463, 467, 468, 465, 464, 468, 469, 466, 465, 469, 470, 467, 470, 474, 471, 468, 467, 471, 472, 469, 468, 472, 473, 470, 469, 473, 474, 471, 474, 478, 475, 472, 471, 475, 476, 473, 472, 476, 477, 474, 473, 477, 478, 475, 478, 482, 479, 476, 475, 479, 480, 477, 476, 480, 481, 478, 477, 481, 482, 479, 482, 486, 483, 480, 479, 483, 484, 481, 480, 484, 485, 482, 481, 485, 486, 483, 486, 490, 487, 484, 483, 487, 488, 485, 484, 488, 489, 486, 485, 489, 490, 487, 490, 494, 491, 488, 487, 491, 492, 489, 488, 492, 493, 490, 489, 493, 494, 491, 494, 498, 495, 492, 491, 495, 496, 493, 492, 496, 497, 494, 493, 497, 498, 495, 498, 502, 499, 496, 495, 499, 500, 497, 496, 500, 501, 498, 497, 501, 502, 499, 502, 506, 503, 500, 499, 503, 504, 501, 500, 504, 505, 502, 501, 505, 506, 503, 506, 507, 504, 503, 507, 505, 504, 507, 506, 505, 507, 508, 511, 515, 512, 509, 508, 512, 513, 510, 509, 513, 514, 511, 510, 514, 515, 512, 515, 519, 516, 513, 512, 516, 517, 514, 513, 517, 518, 515, 514, 518, 519, 516, 519, 523, 520, 517, 516, 520, 521, 518, 517, 521, 522, 519, 518, 522, 523, 520, 523, 527, 524, 521, 520, 524, 525, 522, 521, 525, 526, 523, 522, 526, 527, 524, 527, 531, 528, 525, 524, 528, 529, 526, 525, 529, 530, 527, 526, 530, 531, 528, 531, 535, 532, 529, 528, 532, 533, 530, 529, 533, 534, 531, 530, 534, 535, 532, 535, 539, 536, 533, 532, 536, 537, 534, 533, 537, 538, 535, 534, 538, 539, 536, 539, 540, 537, 536, 540, 538, 537, 540, 539, 538, 540, 541, 545, 548, 544, 542, 546, 545, 541, 543, 547, 546, 542, 544, 548, 547, 543, 545, 549, 552, 548, 546, 550, 549, 545, 547, 551, 550, 546, 548, 552, 551, 547, 549, 553, 556, 552, 550, 554, 553, 549, 551, 555, 554, 550, 552, 556, 555, 551, 553, 557, 560, 556, 554, 558, 557, 553, 555, 559, 558, 554, 556, 560, 559, 555, 557, 561, 564, 560, 558, 562, 561, 557, 559, 563, 562, 558, 560, 564, 563, 559, 561, 565, 568, 564, 562, 566, 565, 561, 563, 567, 566, 562, 564, 568, 567, 563, 565, 569, 572, 568, 566, 570, 569, 565, 567, 571, 570, 566, 568, 572, 571, 567, 569, 573, 576, 572, 570, 574, 573, 569, 571, 575, 574, 570, 572, 576, 575, 571, 573, 577, 580, 576, 574, 578, 577, 573, 575, 579, 578, 574, 576, 580, 579, 575, 577, 581, 584, 580, 578, 582, 581, 577, 579, 583, 582, 578, 580, 584, 583, 579, 581, 585, 588, 584, 582, 586, 585, 581, 583, 587, 586, 582, 584, 588, 587, 583, 585, 589, 592, 588, 586, 590, 589, 585, 587, 591, 590, 586, 588, 592, 591, 587, 589, 593, 596, 592, 590, 594, 593, 589, 591, 595, 594, 590, 592, 596, 595, 591, 593, 597, 596, 594, 597, 593, 595, 597, 594, 596, 597, 595, 598, 602, 605, 601, 599, 603, 602, 598, 600, 604, 603, 599, 601, 605, 604, 600, 602, 606, 609, 605, 603, 607, 606, 602, 604, 608, 607, 603, 605, 609, 608, 604, 606, 610, 613, 609, 607, 611, 610, 606, 608, 612, 611, 607, 609, 613, 612, 608, 610, 614, 617, 613, 611, 615, 614, 610, 612, 616, 615, 611, 613, 617, 616, 612, 614, 618, 621, 617, 615, 619, 618, 614, 616, 620, 619, 615, 617, 621, 620, 616, 618, 622, 625, 621, 619, 623, 622, 618, 620, 624, 623, 619, 621, 625, 624, 620, 622, 626, 629, 625, 623, 627, 626, 622, 624, 628, 627, 623, 625, 629, 628, 624, 626, 630, 633, 629, 627, 631, 630, 626, 628, 632, 631, 627, 629, 633, 632, 628, 630, 634, 637, 633, 631, 635, 634, 630, 632, 636, 635, 631, 633, 637, 636, 632, 634, 638, 641, 637, 635, 639, 638, 634, 636, 640, 639, 635, 637, 641, 640, 636, 638, 642, 645, 641, 639, 643, 642, 638, 640, 644, 643, 639, 641, 645, 644, 640, 642, 646, 649, 645, 643, 647, 646, 642, 644, 648, 647, 643, 645, 649, 648, 644, 646, 650, 653, 649, 647, 651, 650, 646, 648, 652, 651, 647, 649, 653, 652, 648, 650, 654, 653, 651, 654, 650, 652, 654, 651, 653, 654, 652, 655, 658, 662, 659, 656, 655, 659, 660, 657, 656, 660, 661, 658, 657, 661, 662, 659, 662, 666, 663, 660, 659, 663, 664, 661, 660, 664, 665, 662, 661, 665, 666, 663, 666, 670, 667, 664, 663, 667, 668, 665, 664, 668, 669, 666, 665, 669, 670, 667, 670, 674, 671, 668, 667, 671, 672, 669, 668, 672, 673, 670, 669, 673, 674, 671, 674, 678, 675, 672, 671, 675, 676, 673, 672, 676, 677, 674, 673, 677, 678, 675, 678, 682, 679, 676, 675, 679, 680, 677, 676, 680, 681, 678, 677, 681, 682, 679, 682, 686, 683, 680, 679, 683, 684, 681, 680, 684, 685, 682, 681, 685, 686, 683, 686, 690, 687, 684, 683, 687, 688, 685, 684, 688, 689, 686, 685, 689, 690, 687, 690, 694, 691, 688, 687, 691, 692, 689, 688, 692, 693, 690, 689, 693, 694, 691, 694, 698, 695, 692, 691, 695, 696, 693, 692, 696, 697, 694, 693, 697, 698, 695, 698, 702, 699, 696, 695, 699, 700, 697, 696, 700, 701, 698, 697, 701, 702, 699, 702, 706, 703, 700, 699, 703, 704, 701, 700, 704, 705, 702, 701, 705, 706, 703, 706, 710, 707, 704, 703, 707, 708, 705, 704, 708, 709, 706, 705, 709, 710, 707, 710, 711, 708, 707, 711, 709, 708, 711, 710, 709, 711, 712, 715, 719, 716, 713, 712, 716, 717, 714, 713, 717, 718, 715, 714, 718, 719, 716, 719, 723, 720, 717, 716, 720, 721, 718, 717, 721, 722, 719, 718, 722, 723, 720, 723, 727, 724, 721, 720, 724, 725, 722, 721, 725, 726, 723, 722, 726, 727, 724, 727, 731, 728, 725, 724, 728, 729, 726, 725, 729, 730, 727, 726, 730, 731, 728, 731, 735, 732, 729, 728, 732, 733, 730, 729, 733, 734, 731, 730, 734, 735, 732, 735, 739, 736, 733, 732, 736, 737, 734, 733, 737, 738, 735, 734, 738, 739, 736, 739, 743, 740, 737, 736, 740, 741, 738, 737, 741, 742, 739, 738, 742, 743, 740, 743, 747, 744, 741, 740, 744, 745, 742, 741, 745, 746, 743, 742, 746, 747, 744, 747, 751, 748, 745, 744, 748, 749, 746, 745, 749, 750, 747, 746, 750, 751, 748, 751, 755, 752, 749, 748, 752, 753, 750, 749, 753, 754, 751, 750, 754, 755, 752, 755, 759, 756, 753, 752, 756, 757, 754, 753, 757, 758, 755, 754, 758, 759, 756, 759, 763, 760, 757, 756, 760, 761, 758, 757, 761, 762, 759, 758, 762, 763, 760, 763, 767, 764, 761, 760, 764, 765, 762, 761, 765, 766, 763, 762, 766, 767, 764, 767, 768, 765, 764, 768, 766, 765, 768, 767, 766, 768, 769, 773, 776, 772, 770, 774, 773, 769, 771, 775, 774, 770, 772, 776, 775, 771, 773, 777, 780, 776, 774, 778, 777, 773, 775, 779, 778, 774, 776, 780, 779, 775, 777, 781, 784, 780, 778, 782, 781, 777, 779, 783, 782, 778, 780, 784, 783, 779, 781, 785, 788, 784, 782, 786, 785, 781, 783, 787, 786, 782, 784, 788, 787, 783, 785, 789, 792, 788, 786, 790, 789, 785, 787, 791, 790, 786, 788, 792, 791, 787, 789, 793, 796, 792, 790, 794, 793, 789, 791, 795, 794, 790, 792, 796, 795, 791, 793, 797, 800, 796, 794, 798, 797, 793, 795, 799, 798, 794, 796, 800, 799, 795, 797, 801, 804, 800, 798, 802, 801, 797, 799, 803, 802, 798, 800, 804, 803, 799, 801, 805, 808, 804, 802, 806, 805, 801, 803, 807, 806, 802, 804, 808, 807, 803, 805, 809, 812, 808, 806, 810, 809, 805, 807, 811, 810, 806, 808, 812, 811, 807, 809, 813, 816, 812, 810, 814, 813, 809, 811, 815, 814, 810, 812, 816, 815, 811, 813, 817, 820, 816, 814, 818, 817, 813, 815, 819, 818, 814, 816, 820, 819, 815, 817, 821, 824, 820, 818, 822, 821, 817, 819, 823, 822, 818, 820, 824, 823, 819, 821, 825, 824, 822, 825, 821, 823, 825, 822, 824, 825, 823, 826, 830, 833, 829, 827, 831, 830, 826, 828, 832, 831, 827, 829, 833, 832, 828, 830, 834, 837, 833, 831, 835, 834, 830, 832, 836, 835, 831, 833, 837, 836, 832, 834, 838, 841, 837, 835, 839, 838, 834, 836, 840, 839, 835, 837, 841, 840, 836, 838, 842, 845, 841, 839, 843, 842, 838, 840, 844, 843, 839, 841, 845, 844, 840, 842, 846, 845, 843, 846, 842, 844, 846, 843, 845, 846, 844, 847, 851, 854, 850, 848, 852, 851, 847, 849, 853, 852, 848, 850, 854, 853, 849, 851, 855, 858, 854, 852, 856, 855, 851, 853, 857, 856, 852, 854, 858, 857, 853, 855, 859, 862, 858, 856, 860, 859, 855, 857, 861, 860, 856, 858, 862, 861, 857, 859, 863, 866, 862, 860, 864, 863, 859, 861, 865, 864, 860, 862, 866, 865, 861, 863, 867, 866, 864, 867, 863, 865, 867, 864, 866, 867, 865, 868, 872, 875, 871, 869, 873, 872, 868, 870, 874, 873, 869, 871, 875, 874, 870, 872, 876, 879, 875, 873, 877, 876, 872, 874, 878, 877, 873, 875, 879, 878, 874, 876, 880, 883, 879, 877, 881, 880, 876, 878, 882, 881, 877, 879, 883, 882, 878, 880, 884, 887, 883, 881, 885, 884, 880, 882, 886, 885, 881, 883, 887, 886, 882, 884, 888, 887, 885, 888, 884, 886, 888, 885, 887, 888, 886, 889, 893, 896, 892, 890, 894, 893, 889, 891, 895, 894, 890, 892, 896, 895, 891, 893, 897, 900, 896, 894, 898, 897, 893, 895, 899, 898, 894, 896, 900, 899, 895, 897, 901, 904, 900, 898, 902, 901, 897, 899, 903, 902, 898, 900, 904, 903, 899, 901, 905, 908, 904, 902, 906, 905, 901, 903, 907, 906, 902, 904, 908, 907, 903, 905, 909, 908, 906, 909, 905, 907, 909, 906, 908, 909, 907]
                rel skel:skeleton = </root/CharacterArmature/CharacterArmature>
                uniform token subdivisionScheme = "none"
                uniform token subsetFamily:materialBind:familyType = "nonOverlapping"
                custom string userProperties:blender:data_name = "Cube.015"

                def GeomSubset "Skin" (
                    prepend apiSchemas = ["MaterialBindingAPI"]
                )
                {
                    uniform token elementType = "face"
                    uniform token familyName = "materialBind"
                    int[] indices = [0, 1, 2, 3, 4, 5, 6, 7, 8, 9, 10, 11, 12, 13, 14, 15, 16, 17, 19, 20, 23, 24, 25, 26, 27, 29, 32, 33, 34, 35, 36, 37, 38, 39, 40, 41, 42, 43, 44, 45, 46, 47, 48, 49, 50, 51, 52, 53, 54, 55, 57, 58, 59, 60, 61, 62, 63, 64, 65, 66, 67, 68, 69, 70, 71, 72, 73, 74, 75, 76, 78, 82, 83, 84, 85, 86, 87, 88, 89, 90, 91, 92, 93, 94, 95, 96, 97, 98, 99, 100, 101, 103, 104, 107, 108, 109, 110, 111, 113, 116, 117, 118, 119, 120, 121, 122, 123, 124, 125, 126, 127, 128, 129, 130, 131, 132, 133, 134, 135, 136, 137, 138, 139, 141, 142, 143, 144, 145, 146, 147, 148, 149, 150, 151, 152, 153, 154, 155, 156, 157, 158, 159, 160, 162, 166, 167, 168, 169, 170, 171, 172, 173, 174, 175, 176, 177, 178, 179, 180, 181, 182, 183, 184, 185, 186, 187, 188, 189, 190, 191, 192, 193, 194, 195, 196, 197, 198, 199, 200, 201, 214, 215, 216, 217, 218, 219, 220, 221, 222, 223, 224, 225, 226, 227, 228, 229, 230]
                    rel material:binding = </root/_materials/Skin>
                }

                def GeomSubset "Skin_Darker" (
                    prepend apiSchemas = ["MaterialBindingAPI"]
                )
                {
                    uniform token elementType = "face"
                    uniform token familyName = "materialBind"
                    int[] indices = [18, 21, 22, 28, 30, 31, 56, 77, 79, 80, 81, 102, 105, 106, 112, 114, 115, 140, 161, 163, 164, 165]
                    rel material:binding = </root/_materials/Skin_Darker>
                }

                def GeomSubset "Eyebrows" (
                    prepend apiSchemas = ["MaterialBindingAPI"]
                )
                {
                    uniform token elementType = "face"
                    uniform token familyName = "materialBind"
                    int[] indices = [202, 203, 204, 205, 206, 207, 231, 232, 233, 234, 235, 236]
                    rel material:binding = </root/_materials/Eyebrows>
                }

                def GeomSubset "Hair" (
                    prepend apiSchemas = ["MaterialBindingAPI"]
                )
                {
                    uniform token elementType = "face"
                    uniform token familyName = "materialBind"
                    int[] indices = [243, 244, 245, 246, 247, 248, 249, 250, 251, 252, 253, 254, 255, 256, 257, 258, 259, 260, 261, 262, 263, 264, 265, 266, 267, 268, 269, 270, 271, 272, 273, 274, 275, 276, 277, 278, 279, 280, 281, 282, 283, 284, 285, 286, 287, 288, 289, 290, 291, 292, 293, 294, 295, 296, 297, 298, 299, 300, 301, 302, 303, 304, 305, 306, 307, 308, 309, 310, 311, 312, 313, 314, 315, 316, 317, 318, 319, 320, 321, 322, 323, 324, 325, 326, 327, 328, 329, 330, 331, 332, 333, 334, 335, 336, 337, 338, 339, 340, 341, 342, 343, 344, 345, 346, 347, 348, 349, 350, 351, 352, 353, 354, 355, 356, 357, 358, 359, 360, 361, 362, 363, 364, 365, 366, 367, 368, 369, 370, 371, 372, 373, 374, 375, 376, 377, 378, 379, 380, 381, 382, 383, 384, 385, 386, 387, 388, 389, 390, 391, 392, 393, 394, 395, 396, 397, 398, 399, 400, 401, 402, 403, 404, 405, 406, 407, 408, 409, 410, 411, 412, 413, 414, 415, 416, 417, 418, 419, 420, 421, 422, 423, 424, 425, 426, 427, 428, 429, 430, 431, 432, 433, 434, 435, 436, 437, 438, 439, 440, 441, 442, 443, 444, 445, 446, 447, 448, 449, 450, 451, 452, 453, 454, 455, 456, 457, 458, 459, 460, 461, 462, 463, 464, 465, 466, 467, 468, 469, 470, 471, 472, 473, 474, 475, 476, 477, 478, 479, 480, 481, 482, 483, 484, 485, 486, 487, 488, 489, 490, 491, 492, 493, 494, 495, 496, 497, 498, 499, 500, 501, 502, 503, 504, 505, 506, 507, 508, 509, 510, 511, 512, 513, 514, 515, 516, 517, 518, 519, 520, 521, 522, 523, 524, 525, 526, 527, 528, 529, 530, 531, 532, 533, 534, 535, 536, 537, 538, 539, 540, 541, 542, 543, 544, 545, 546, 547, 548, 549, 550, 551, 552, 553, 554, 555, 556, 557, 558, 559, 560, 561, 562, 563, 564, 565, 566, 567, 568, 569, 570, 571, 572, 573, 574, 575, 576, 577, 578, 579, 580, 581, 582, 583, 584, 585, 586, 587, 588, 589, 590, 591, 592, 593, 594, 595, 596, 597, 598, 599, 600, 601, 602, 603, 604, 605, 606, 607, 608, 609, 610, 611, 612, 613, 614, 615, 616, 617, 618, 619, 620, 621, 622, 623, 624, 625, 626, 627, 628, 629, 630, 631, 632, 633, 634, 635, 636, 637, 638, 639, 640, 641, 642, 643, 644, 645, 646, 647, 648, 649, 650, 651, 652, 653, 654, 655, 656, 657, 658, 659, 660, 661, 662, 663, 664, 665, 666, 667, 668, 669, 670, 671, 672, 673, 674, 675, 676, 677, 678, 679, 680, 681, 682, 683, 684, 685, 686, 687, 688, 689, 690, 691, 692, 693, 694, 695, 696, 697, 698, 699, 700, 701, 702, 703, 704, 705, 706, 707, 708, 709, 710, 711, 712, 713, 714, 715, 716, 717, 718, 719, 720, 721, 722, 723, 724, 725, 726, 727, 728, 729, 730, 731, 732, 733, 734, 735, 736, 737, 738, 739, 740, 741, 742, 743, 744, 745, 746, 747, 748, 749, 750, 751, 752, 753, 754, 755, 756, 757, 758, 759, 760, 761, 762, 763, 764, 765, 766, 767, 768, 769, 770, 771, 772, 773, 774, 775, 776, 777, 778, 779, 780, 781, 782, 783, 784, 785, 786, 787, 788, 789, 790, 791, 792, 793, 794, 795, 796, 797, 798, 799, 800, 801, 802, 803, 804, 805, 806, 807, 808, 809, 810, 811, 812, 813, 814, 815, 816, 817, 818, 819, 820, 821, 822, 823, 824, 825, 826, 827, 828, 829, 830, 831, 832, 833, 834, 835, 836, 837, 838, 839, 840, 841, 842, 843, 844, 845, 846, 847, 848, 849, 850, 851, 852, 853, 854, 855, 856, 857, 858, 859, 860, 861, 862, 863, 864, 865, 866]
                    rel material:binding = </root/_materials/Hair>
                }

                def GeomSubset "Eye" (
                    prepend apiSchemas = ["MaterialBindingAPI"]
                )
                {
                    uniform token elementType = "face"
                    uniform token familyName = "materialBind"
                    int[] indices = [208, 209, 210, 211, 212, 213, 237, 238, 239, 240, 241, 242]
                    rel material:binding = </root/_materials/Eye>
                }
            }
        }
    }

    def Scope "_materials"
    {
        def Material "Skin"
        {
            token outputs:surface.connect = </root/_materials/Skin/Principled_BSDF.outputs:surface>
            custom string userProperties:blender:data_name = "Skin"

            def Shader "Principled_BSDF"
            {
                uniform token info:id = "UsdPreviewSurface"
                float inputs:clearcoat = 0
                float inputs:clearcoatRoughness = 0.03
                color3f inputs:diffuseColor = (0.61720675, 0.41788512, 0.23839758)
                float inputs:ior = 1.5
                float inputs:metallic = 0
                float inputs:opacity = 1
                float inputs:roughness = 0.6900348
                float inputs:specular = 0.5
                token outputs:surface
            }
        }

        def Material "Skin_Darker"
        {
            token outputs:surface.connect = </root/_materials/Skin_Darker/Principled_BSDF.outputs:surface>
            custom string userProperties:blender:data_name = "Skin_Darker"

            def Shader "Principled_BSDF"
            {
                uniform token info:id = "UsdPreviewSurface"
                float inputs:clearcoat = 0
                float inputs:clearcoatRoughness = 0.03
                color3f inputs:diffuseColor = (0.48688766, 0.3306396, 0.18961725)
                float inputs:ior = 1.5
                float inputs:metallic = 0
                float inputs:opacity = 1
                float inputs:roughness = 0.6900348
                float inputs:specular = 0.5
                token outputs:surface
            }
        }

        def Material "Eyebrows"
        {
            token outputs:surface.connect = </root/_materials/Eyebrows/Principled_BSDF.outputs:surface>
            custom string userProperties:blender:data_name = "Eyebrows"

            def Shader "Principled_BSDF"
            {
                uniform token info:id = "UsdPreviewSurface"
                float inputs:clearcoat = 0
                float inputs:clearcoatRoughness = 0.03
                color3f inputs:diffuseColor = (0.048171837, 0.03433981, 0.022173885)
                float inputs:ior = 1.5
                float inputs:metallic = 0
                float inputs:opacity = 1
                float inputs:roughness = 0.6900348
                float inputs:specular = 0.5
                token outputs:surface
            }
        }

        def Material "Hair"
        {
            token outputs:surface.connect = </root/_materials/Hair/Principled_BSDF.outputs:surface>
            custom string userProperties:blender:data_name = "Hair"

            def Shader "Principled_BSDF"
            {
                uniform token info:id = "UsdPreviewSurface"
                float inputs:clearcoat = 0
                float inputs:clearcoatRoughness = 0.03
                color3f inputs:diffuseColor = (0.066804744, 0.027386492, 0.009025612)
                float inputs:ior = 1.5
                float inputs:metallic = 0
                float inputs:opacity = 1
                float inputs:roughness = 0.6900348
                float inputs:specular = 0.5
                token outputs:surface
            }
        }

        def Material "Eye"
        {
            token outputs:surface.connect = </root/_materials/Eye/Principled_BSDF.outputs:surface>
            custom string userProperties:blender:data_name = "Eye"

            def Shader "Principled_BSDF"
            {
                uniform token info:id = "UsdPreviewSurface"
                float inputs:clearcoat = 0
                float inputs:clearcoatRoughness = 0.03
                color3f inputs:diffuseColor = (0.031061957, 0.018161438, 0.01130784)
                float inputs:ior = 1.5
                float inputs:metallic = 0
                float inputs:opacity = 1
                float inputs:roughness = 0.6900348
                float inputs:specular = 0.5
                token outputs:surface
            }
        }
    }
}

