#usda 1.0
(
    defaultPrim = "root"
    doc = "Blender v5.1.2"
    metersPerUnit = 1
    upAxis = "Y"
)

def Xform "root" (
    customData = {
        dictionary Blender = {
            bool generated = 1
        }
    }
)
{
    float3 xformOp:rotateXYZ = (-90, -0, 0)
    uniform token[] xformOpOrder = ["xformOp:rotateXYZ"]

    def Xform "_2Story_2_Mat"
    {
        custom string userProperties:blender:object_name = "2Story_2_Mat"

        def Mesh "Cube_034" (
            active = true
            prepend apiSchemas = ["MaterialBindingAPI"]
        )
        {
            uniform bool doubleSided = 1
            float3[] extent = [(-1.0793229, -1.0975559, -0.0151929185), (1.0793229, 1.0773021, 2.7472708)]
            int[] faceVertexCounts = [4, 4, 4, 4, 4, 4, 4, 4, 4, 4, 4, 4, 4, 4, 4, 4, 4, 4, 4, 4, 4, 4, 4, 4, 4, 4, 4, 4, 4, 4, 4, 4, 4, 4, 4, 4, 4, 4, 4, 4, 4, 4, 4, 4, 4, 4, 4, 4, 4, 4, 4, 4, 4, 4, 4, 4, 4, 4, 4, 4, 4, 4, 4, 4, 4, 4, 4, 4, 4, 4, 4, 4, 4, 4, 4, 4, 4, 4, 4, 4, 4, 4, 4, 4, 4, 4, 4, 4, 4, 4, 4, 4, 4, 4, 4, 4, 4, 4, 4, 4, 4, 4, 4, 4, 4, 4, 4, 4, 4, 4, 4, 4, 4, 4, 4, 4, 4, 4, 4, 4, 4, 4, 4, 4, 4, 4, 4, 4, 4, 4, 4, 4, 4, 4, 4, 4, 4, 4, 4, 4, 4, 4, 4, 4, 4, 4, 4, 4, 4, 4, 4, 4, 4, 4, 4, 4, 4, 4, 4, 4, 4, 4, 4, 4, 4, 4, 4, 4, 4, 4, 4, 4, 4, 4, 4, 4, 4, 4, 4, 4, 4, 4, 4, 4, 4, 4, 4, 4, 4, 4, 4, 4, 4, 4, 4, 8, 8, 4, 4, 4, 4, 4, 4, 4, 4, 4, 4, 4, 4, 4, 4, 4, 4, 4, 8, 4, 4, 4, 4, 4, 4, 4, 4, 4, 4, 4, 4, 4, 4, 4, 4, 4, 4, 4, 4, 4, 4, 4, 4, 4, 4, 4, 4, 4, 4, 4, 4, 4, 4, 4, 4, 4, 4, 4, 4, 4, 4, 4, 4, 4, 4, 4, 4, 4, 4, 4, 4, 4, 4, 4, 4, 4, 4, 4, 4, 4, 4, 4, 4, 4, 4, 4, 4, 4, 4, 4, 4, 4, 4, 4, 4, 4, 4, 4, 4, 4, 4, 4, 4, 4, 4, 4, 4, 4, 4, 4, 4, 4, 4, 4, 4, 4, 4, 4, 4, 4, 4, 4, 4, 4, 4, 4, 4, 4, 4, 4, 4, 4, 4, 4, 4, 4, 4, 4, 4, 4, 4, 4, 4, 4, 4, 4, 4, 4, 4, 4, 4, 4, 4, 4, 4, 4, 4, 4, 4, 4, 4, 4, 4, 4, 4, 4, 4, 4, 4, 4, 4, 4, 4, 4, 4, 4, 4, 4, 4, 4, 4, 4, 4, 4, 4, 4, 4, 4, 4, 4, 4, 4, 4, 4, 4, 4, 4, 4, 4, 4, 4, 4, 4, 4, 4, 4, 4, 4, 4, 4, 4, 4, 4, 4, 4, 4, 4, 4, 4, 4, 4, 4, 4, 4, 4, 4, 4, 4, 4, 4, 4, 4, 4, 4, 4, 4, 4, 4, 4, 4, 4, 4, 4, 4, 4, 4, 4, 4, 4, 4, 4, 4, 4, 4, 4, 4, 4, 4, 4, 4, 4, 4, 4, 4, 4, 4, 4, 4, 4, 4, 4, 4, 4, 4, 4, 4, 4, 4, 4, 4, 4, 4, 4, 4, 4, 4, 4, 4, 4, 4, 4, 4, 4, 4, 4, 4, 4, 4, 4, 4, 4, 4, 4, 4, 4, 4, 4, 4, 4, 4, 4, 4, 4, 4, 4, 4, 4, 4, 4, 4, 4, 4, 4, 4, 4, 4, 4, 4, 4, 4, 4, 4, 4, 4, 4, 4, 4, 4, 4, 4, 4, 4, 4, 4, 4, 4, 4, 4, 4, 4, 4, 4, 4, 4, 4, 4, 4, 4, 4, 4, 4, 4, 4, 4, 4, 4, 4, 4, 4, 4, 4, 4, 4, 4, 4, 4, 4, 4, 4, 4, 4, 4, 4, 4, 4, 4, 4, 4, 4, 4, 4, 4, 4, 4, 4, 4, 4, 4, 4, 4, 4, 4, 4, 4, 4, 4, 4, 4, 4, 4, 4, 4, 4, 4, 4, 4, 4, 4, 4, 4, 4, 4, 4, 4, 4, 4, 4, 4, 4, 4, 4, 4, 4, 4, 4, 4, 4, 4, 4, 4, 4, 4, 4, 4, 4, 4, 4, 4, 4, 4, 4, 4, 4, 4, 4, 4, 4, 4, 4, 4, 4, 4, 4, 4, 4, 4, 4, 4, 4, 4, 4, 4, 4, 4, 4, 4, 4, 4, 4, 4, 4, 4, 4, 4, 4, 4, 4, 4, 4, 4, 4, 4, 4, 4, 4, 4, 4, 4, 4, 4, 4, 4, 4, 4, 4, 4, 4, 4, 4, 4, 4, 4, 4, 4, 4, 4, 4, 4, 4, 4, 4, 4, 4, 4, 4, 4, 4, 4, 4, 4, 4, 4, 4, 4, 4, 4, 9, 4, 4, 4, 4, 4, 4, 4, 4, 4, 4, 4, 4, 4, 4, 4, 4, 4, 4, 9, 4, 4, 4, 4, 4, 4, 4, 4, 4, 4, 4, 4, 4, 4, 4, 4, 4, 4, 4, 4, 4, 4, 4, 4, 4, 4, 4, 4, 4, 4, 4, 4, 4, 4, 4, 4, 4, 4, 4, 4, 4, 4, 4, 4, 4, 4, 4, 4, 4, 4, 4, 4, 4, 4, 4, 4, 4, 4, 4, 4, 4, 4, 4, 4, 4, 4, 4, 4, 4, 4, 4, 4, 4, 4, 4, 4, 4, 4, 4, 4, 4, 4, 4, 4, 4, 4, 4, 4, 4, 4, 4, 4, 4, 4, 4, 4, 4, 4, 4, 4, 4, 4, 4, 4, 4, 4, 4, 4, 4, 4, 4, 4, 4, 4, 4, 4, 4, 4, 4, 4, 4, 4, 4, 4, 4, 4, 4, 4, 4, 4, 4, 4, 4, 4, 4, 4, 4, 4, 4, 4, 4, 4, 4, 4, 4, 4, 4, 4, 4, 4, 4, 4, 4, 4, 4, 4, 4, 4, 4, 4, 4, 4, 4, 4, 4, 4, 4, 4, 4, 4, 4, 4, 4, 4, 4, 4, 4, 4, 4, 4, 4, 4, 4, 4, 4, 4, 4, 4, 4, 4, 4, 4, 4, 4, 4, 4, 4, 4, 4, 4, 4, 4, 4, 4, 4, 4, 4, 4, 4, 4, 4, 4, 4, 4, 4, 4, 4, 4, 4, 4, 4, 4, 4, 4, 4, 4, 4, 4, 4, 4, 4, 4, 4, 4, 4, 4, 4, 4, 4, 4, 4, 4, 4, 4, 4, 4, 4, 4, 4, 4, 4, 4, 4, 4, 4, 4, 4, 4, 4, 4, 4, 4, 4, 4, 4, 4, 4, 4, 4, 4, 4, 4, 4, 4, 4, 4, 4, 4, 4, 4, 4, 4, 4, 4, 4, 4, 4, 4, 4, 4, 4, 4, 4, 4, 4, 4, 4, 4, 4, 4, 4, 4, 4, 4, 4, 4, 4, 4, 4, 4, 4, 4, 4, 4, 4, 4, 4, 4, 4, 4, 4, 4, 4, 4, 4, 4, 4, 4, 4, 4, 4, 4, 4, 4, 4, 4, 4, 4, 4, 4, 4, 4, 4, 4, 4, 4, 4, 4, 4, 4, 4, 4, 4, 4, 4, 4, 4, 4, 4, 4, 4, 4, 4, 4, 4, 4, 4, 4, 4, 4, 4, 4, 4, 4, 4, 4, 4, 4, 4, 4, 4, 4, 4, 4, 4, 4, 4, 4, 4, 4, 4, 4, 4, 4, 4, 4, 4, 4, 4, 4, 4, 4, 4, 4, 4, 4, 4, 4, 4, 4, 4, 4, 4, 4, 4, 4, 4, 4, 4, 4, 4, 4, 4, 4, 4, 4, 4, 4, 4, 4, 4, 4, 4, 4, 4, 4, 4, 4, 4, 4, 4, 4, 4, 4, 4, 4, 4, 4, 4, 4, 4, 4, 4, 4, 4, 4, 4, 4, 4, 4, 4, 4, 4, 4, 4, 4, 4, 4, 4, 4, 4, 4, 4, 4, 4, 4, 4, 4, 4, 4, 4, 4, 4, 4, 4, 4, 4, 4, 4, 4, 4, 4, 4, 4, 4, 4, 4, 4, 4, 4, 4, 4, 4, 4, 4, 4, 4, 4, 4, 4, 4, 4, 4, 4, 4, 4, 4, 4, 4, 4, 4, 4, 4, 4, 4, 4, 4, 4, 4, 4, 4, 4, 4, 4, 4, 4, 4, 4, 4, 4, 4, 4, 4, 4, 4, 4, 4, 4, 4, 4, 4, 4, 4, 4, 4, 4, 4, 4, 4, 4, 4, 4, 4, 4, 4, 4, 4, 4, 4, 4, 4, 4, 4, 4, 4, 4, 4, 4, 4, 4, 4, 4, 4, 4, 4, 4, 4, 4, 4, 4, 4, 4, 4, 4, 4, 4, 4, 4, 4, 4, 4, 4, 4, 4, 4, 4, 4, 4, 4, 4, 4, 4, 4, 4, 4, 4, 4, 4, 4, 4, 4, 4, 4, 4, 4, 4, 4, 4, 4, 4, 4, 4, 4, 4, 4, 4, 4, 4, 4, 4, 4, 4, 4, 4, 4, 4, 4, 4, 4, 4, 4, 4, 4, 4, 4, 4, 4, 4, 4, 4, 4, 4, 4, 4, 4, 4, 4, 4, 4, 4, 4, 4, 4, 4, 4, 4, 4, 4, 4, 4, 4, 4, 4, 4, 4, 4, 4, 4, 4, 4, 4, 4, 4, 4, 4, 4, 4, 4, 4, 4, 4, 4, 4, 4, 4, 4, 4, 4, 4, 4, 4, 4, 4, 4, 4, 4, 4, 4, 4, 4, 4, 4, 4, 4, 4, 4, 4, 4, 4, 4, 4, 4, 4, 4, 4, 4, 4, 4, 4, 4, 4, 4, 4, 4, 4, 4, 4, 4, 4, 4, 4, 4, 4, 4, 4, 4, 4, 4, 4, 4, 4, 4, 4, 4, 4, 4, 4, 4, 4, 4, 4, 4, 4, 4, 4, 4, 4, 4, 4, 4, 4, 4, 4, 4, 4, 4, 4, 4, 4, 4, 4, 4, 4, 4, 4, 4, 4, 4, 4, 4, 4, 4, 4, 4, 4, 4, 4, 4, 4, 4, 4, 4, 4, 4, 4, 4, 4, 4, 4, 4, 4, 4, 4, 4, 4, 4, 4, 4, 4, 4, 4, 4, 4, 4, 4, 4, 4, 4, 4, 4, 4, 4, 4, 4, 4, 4, 4, 4, 4, 4, 4, 4, 4, 4, 4, 4, 4, 4, 4, 4, 4, 4, 4, 4, 4, 4, 4, 4, 4, 4, 4, 4, 4, 4, 4, 4, 4, 4, 4, 4, 4, 4, 4, 4, 4, 4, 4, 4, 4, 4, 4, 4, 4, 4, 4, 4, 4, 4, 4, 4, 4, 4, 4, 4, 4, 4, 4, 4, 4, 4, 4, 4, 4, 4, 4, 4, 4, 4, 4, 4, 4, 4, 4, 4, 4, 4, 4, 4, 4, 4, 4, 4, 4, 4, 4, 4, 4, 4, 4, 4, 4, 4, 4, 4, 4, 4, 4, 4, 4, 4, 4, 4, 4, 4, 4, 4, 4, 4, 4, 4, 4, 4, 4, 4, 4, 4, 4, 4, 4, 4, 4, 4, 4, 4, 4, 4, 4, 4, 4, 4, 4, 4, 4, 4, 4, 4, 4, 4, 4, 4, 4, 4, 4, 4, 4, 4, 4, 4, 4, 4, 4, 4, 4, 4, 4, 4, 4, 4, 4, 4, 4, 4, 4, 4, 4, 4, 4, 4, 4, 4, 4, 4, 4, 4, 4, 4, 4, 4, 4, 4, 4, 4, 4, 4, 4, 4, 4, 4, 4, 4, 4, 4, 4, 4, 4, 4, 4, 4, 4, 4, 4, 4, 4, 4, 4, 4, 4, 4, 4, 4, 4, 4, 4, 4, 4, 4, 4, 4, 4, 4, 4, 4, 4, 4, 4, 4, 4, 4, 4, 4, 4, 4, 4, 4, 4, 4, 4, 4, 4, 4, 4, 4, 4, 4, 4, 4, 4, 4, 4, 4, 4, 4, 4, 4, 4, 4, 4, 4, 4, 4, 4, 4, 4, 4, 4, 4, 4, 4, 4, 4, 4, 4, 4, 4, 4, 4, 4, 4, 4, 4, 4, 4, 4, 4, 4, 4, 4, 4, 4, 4, 4, 4, 4, 4, 4, 4, 4, 4, 4, 4, 4, 4, 4, 4, 4, 4, 4, 4, 4, 4, 4, 4, 4, 4, 4, 4, 4, 4, 4, 4, 4, 4, 4, 4, 4, 4, 4, 4, 4, 4, 4, 4, 4, 4, 4, 4, 4, 4, 4, 4, 4, 4, 4, 4, 4, 4, 4, 4, 4, 4, 4, 4, 4, 4, 4, 4, 4, 4, 4, 4, 4, 4, 4, 4, 4, 4, 4, 4, 4, 4, 4, 4, 4, 4, 4, 4, 4, 4, 4, 4, 4, 4, 4, 4, 4, 4, 4, 4, 4, 4, 4, 4, 4, 4, 4, 4, 4, 4, 4, 4, 4, 4, 4, 4, 4, 4, 4, 4, 4, 4, 4, 4, 4, 4, 4, 4, 4, 4, 4, 4, 6, 4, 4, 4, 4, 4, 4, 8, 4, 4, 8, 4, 4, 6]
            int[] faceVertexIndices = [0, 1, 3, 2, 6, 7, 5, 4, 4, 5, 1, 0, 2, 6, 4, 0, 7, 3, 1, 5, 8, 9, 11, 10, 10, 11, 15, 14, 14, 15, 13, 12, 12, 13, 9, 8, 10, 14, 12, 8, 15, 11, 9, 13, 16, 17, 19, 18, 22, 23, 21, 20, 20, 21, 17, 16, 18, 22, 20, 16, 23, 19, 17, 21, 24, 25, 27, 26, 30, 31, 29, 28, 28, 29, 25, 24, 26, 30, 28, 24, 31, 27, 25, 29, 32, 33, 35, 34, 71, 67, 65, 69, 38, 39, 37, 36, 36, 37, 33, 32, 34, 38, 36, 32, 39, 35, 33, 37, 40, 41, 43, 42, 66, 70, 68, 64, 46, 47, 45, 44, 44, 45, 41, 40, 42, 46, 44, 40, 47, 43, 41, 45, 48, 49, 51, 50, 68, 69, 65, 64, 54, 55, 53, 52, 52, 53, 49, 48, 50, 54, 52, 48, 55, 51, 49, 53, 70, 71, 69, 68, 56, 57, 59, 58, 64, 65, 67, 66, 62, 63, 61, 60, 60, 61, 57, 56, 58, 62, 60, 56, 63, 59, 57, 61, 72, 73, 75, 74, 78, 79, 77, 76, 76, 77, 73, 72, 74, 78, 76, 72, 79, 75, 73, 77, 80, 81, 83, 82, 86, 87, 85, 84, 84, 85, 81, 80, 82, 86, 84, 80, 87, 83, 81, 85, 88, 89, 91, 90, 90, 91, 95, 94, 94, 95, 93, 92, 92, 93, 89, 88, 90, 94, 92, 88, 95, 91, 89, 93, 96, 97, 99, 98, 102, 103, 101, 100, 100, 101, 97, 96, 98, 102, 100, 96, 103, 99, 97, 101, 104, 105, 107, 106, 110, 111, 109, 108, 108, 109, 105, 104, 106, 110, 108, 104, 111, 107, 105, 109, 112, 113, 115, 114, 159, 155, 153, 157, 118, 119, 117, 116, 116, 117, 113, 112, 114, 118, 116, 112, 119, 115, 113, 117, 125, 121, 123, 127, 154, 158, 156, 152, 127, 126, 124, 125, 123, 122, 126, 127, 120, 124, 126, 122, 121, 120, 122, 123, 128, 129, 131, 130, 156, 157, 153, 152, 134, 135, 133, 132, 132, 133, 129, 128, 130, 134, 132, 128, 135, 131, 129, 133, 136, 137, 139, 138, 158, 159, 157, 156, 142, 143, 141, 140, 140, 141, 137, 136, 138, 142, 140, 136, 143, 139, 137, 141, 144, 145, 147, 146, 152, 153, 155, 154, 150, 151, 149, 148, 148, 149, 145, 144, 146, 150, 148, 144, 151, 147, 145, 149, 160, 161, 163, 162, 166, 167, 165, 164, 164, 165, 161, 160, 162, 166, 164, 160, 167, 163, 161, 165, 168, 169, 171, 170, 170, 171, 175, 174, 174, 175, 173, 172, 172, 173, 169, 168, 170, 174, 172, 168, 175, 171, 169, 173, 176, 177, 179, 178, 182, 183, 181, 180, 180, 181, 177, 176, 178, 182, 180, 176, 183, 179, 177, 181, 184, 185, 187, 186, 190, 191, 189, 188, 188, 189, 185, 184, 186, 190, 188, 184, 191, 187, 185, 189, 192, 193, 195, 194, 223, 219, 217, 221, 198, 199, 197, 196, 196, 197, 193, 192, 194, 198, 196, 192, 199, 195, 193, 197, 200, 201, 203, 202, 218, 222, 220, 216, 206, 207, 205, 204, 204, 205, 201, 200, 202, 206, 204, 200, 207, 203, 201, 205, 208, 209, 211, 210, 220, 221, 217, 216, 214, 215, 213, 212, 212, 213, 209, 208, 210, 214, 212, 208, 215, 211, 209, 213, 222, 223, 221, 220, 216, 217, 219, 218, 224, 225, 227, 226, 230, 231, 229, 228, 228, 229, 225, 224, 226, 230, 228, 224, 231, 227, 225, 229, 232, 233, 235, 234, 238, 239, 237, 236, 236, 237, 233, 232, 234, 238, 236, 232, 239, 235, 233, 237, 240, 241, 243, 242, 242, 243, 247, 246, 246, 247, 245, 244, 244, 245, 241, 240, 242, 246, 244, 240, 247, 243, 241, 245, 248, 249, 251, 250, 254, 255, 253, 252, 252, 253, 249, 248, 250, 254, 252, 248, 255, 251, 249, 253, 256, 257, 259, 258, 279, 275, 273, 277, 262, 263, 261, 260, 260, 261, 257, 256, 258, 262, 260, 256, 263, 259, 257, 261, 274, 278, 276, 272, 276, 277, 273, 272, 264, 265, 267, 266, 278, 279, 277, 276, 270, 271, 269, 268, 268, 269, 265, 264, 266, 270, 268, 264, 271, 267, 265, 269, 272, 273, 275, 274, 295, 292, 300, 303, 281, 286, 294, 289, 285, 282, 290, 293, 286, 287, 295, 294, 282, 283, 291, 290, 287, 284, 292, 295, 283, 280, 288, 291, 284, 285, 293, 292, 280, 281, 289, 288, 291, 288, 296, 299, 292, 293, 301, 300, 288, 289, 297, 296, 289, 294, 302, 297, 293, 290, 298, 301, 294, 295, 303, 302, 290, 291, 299, 298, 280, 283, 282, 285, 284, 287, 286, 281, 307, 306, 309, 308, 311, 310, 305, 304, 319, 316, 324, 327, 305, 310, 318, 313, 309, 306, 314, 317, 310, 311, 319, 318, 306, 307, 315, 314, 311, 308, 316, 319, 307, 304, 312, 315, 308, 309, 317, 316, 304, 305, 313, 312, 325, 322, 330, 333, 315, 312, 320, 323, 316, 317, 325, 324, 312, 313, 321, 320, 313, 318, 326, 321, 317, 314, 322, 325, 318, 319, 327, 326, 314, 315, 323, 322, 331, 328, 329, 334, 335, 332, 333, 330, 326, 327, 335, 334, 322, 323, 331, 330, 327, 324, 332, 335, 323, 320, 328, 331, 324, 325, 333, 332, 320, 321, 329, 328, 321, 326, 334, 329, 336, 337, 345, 344, 363, 364, 349, 341, 342, 350, 347, 339, 340, 341, 349, 348, 338, 339, 347, 346, 340, 348, 351, 343, 338, 346, 345, 337, 342, 343, 351, 350, 337, 336, 352, 353, 363, 341, 357, 365, 342, 339, 355, 358, 341, 340, 356, 357, 339, 338, 354, 355, 340, 343, 359, 356, 338, 337, 353, 354, 343, 342, 358, 359, 336, 360, 362, 352, 336, 344, 361, 360, 363, 365, 367, 364, 362, 360, 361, 366, 368, 369, 371, 370, 374, 375, 373, 372, 372, 373, 369, 368, 370, 374, 372, 368, 376, 377, 379, 378, 382, 383, 381, 380, 375, 371, 369, 373, 380, 381, 377, 376, 378, 382, 380, 376, 384, 385, 387, 386, 390, 391, 389, 388, 383, 379, 377, 381, 388, 389, 385, 384, 386, 390, 388, 384, 391, 387, 385, 389, 392, 393, 395, 394, 398, 399, 397, 396, 396, 397, 393, 392, 394, 398, 396, 392, 400, 401, 403, 402, 406, 407, 405, 404, 399, 395, 393, 397, 404, 405, 401, 400, 402, 406, 404, 400, 408, 409, 411, 410, 414, 415, 413, 412, 407, 403, 401, 405, 412, 413, 409, 408, 410, 414, 412, 408, 415, 411, 409, 413, 416, 417, 419, 418, 422, 423, 421, 420, 420, 421, 417, 416, 418, 422, 420, 416, 424, 425, 427, 426, 430, 431, 429, 428, 423, 419, 417, 421, 428, 429, 425, 424, 426, 430, 428, 424, 432, 433, 435, 434, 438, 439, 437, 436, 431, 427, 425, 429, 436, 437, 433, 432, 434, 438, 436, 432, 439, 435, 433, 437, 440, 441, 443, 442, 446, 447, 445, 444, 444, 445, 441, 440, 442, 446, 444, 440, 448, 449, 451, 450, 454, 455, 453, 452, 447, 443, 441, 445, 452, 453, 449, 448, 450, 454, 452, 448, 456, 457, 459, 458, 462, 463, 461, 460, 455, 451, 449, 453, 460, 461, 457, 456, 458, 462, 460, 456, 463, 459, 457, 461, 464, 465, 467, 466, 470, 471, 469, 468, 468, 469, 465, 464, 466, 470, 468, 464, 472, 473, 475, 474, 478, 479, 477, 476, 471, 467, 465, 469, 476, 477, 473, 472, 474, 478, 476, 472, 480, 481, 483, 482, 486, 487, 485, 484, 479, 475, 473, 477, 484, 485, 481, 480, 482, 486, 484, 480, 487, 483, 481, 485, 488, 489, 491, 490, 494, 495, 493, 492, 492, 493, 489, 488, 490, 494, 492, 488, 496, 497, 499, 498, 502, 503, 501, 500, 495, 491, 489, 493, 500, 501, 497, 496, 498, 502, 500, 496, 504, 505, 507, 506, 510, 511, 509, 508, 503, 499, 497, 501, 508, 509, 505, 504, 506, 510, 508, 504, 511, 507, 505, 509, 512, 513, 515, 514, 518, 519, 517, 516, 516, 517, 513, 512, 514, 518, 516, 512, 520, 521, 523, 522, 526, 527, 525, 524, 519, 515, 513, 517, 524, 525, 521, 520, 522, 526, 524, 520, 528, 529, 531, 530, 534, 535, 533, 532, 527, 523, 521, 525, 532, 533, 529, 528, 530, 534, 532, 528, 535, 531, 529, 533, 536, 537, 539, 538, 542, 543, 541, 540, 540, 541, 537, 536, 538, 542, 540, 536, 544, 545, 547, 546, 550, 551, 549, 548, 543, 539, 537, 541, 548, 549, 545, 544, 546, 550, 548, 544, 552, 553, 555, 554, 558, 559, 557, 556, 551, 547, 545, 549, 556, 557, 553, 552, 554, 558, 556, 552, 559, 555, 553, 557, 546, 547, 551, 550, 370, 371, 375, 374, 386, 387, 391, 390, 560, 561, 563, 562, 566, 567, 565, 564, 564, 565, 561, 560, 562, 566, 564, 560, 568, 569, 571, 570, 574, 575, 573, 572, 567, 563, 561, 565, 572, 573, 569, 568, 570, 574, 572, 568, 576, 577, 579, 578, 582, 583, 581, 580, 575, 571, 569, 573, 580, 581, 577, 576, 578, 582, 580, 576, 583, 579, 577, 581, 584, 585, 587, 586, 590, 591, 589, 588, 588, 589, 585, 584, 586, 590, 588, 584, 592, 593, 595, 594, 598, 599, 597, 596, 591, 587, 585, 589, 596, 597, 593, 592, 594, 598, 596, 592, 600, 601, 603, 602, 606, 607, 605, 604, 599, 595, 593, 597, 604, 605, 601, 600, 602, 606, 604, 600, 607, 603, 601, 605, 608, 609, 611, 610, 614, 615, 613, 612, 612, 613, 609, 608, 610, 614, 612, 608, 616, 617, 619, 618, 622, 623, 621, 620, 615, 611, 609, 613, 620, 621, 617, 616, 618, 622, 620, 616, 624, 625, 627, 626, 630, 631, 629, 628, 623, 619, 617, 621, 628, 629, 625, 624, 626, 630, 628, 624, 631, 627, 625, 629, 632, 633, 635, 634, 638, 639, 637, 636, 636, 637, 633, 632, 634, 638, 636, 632, 640, 641, 643, 642, 646, 647, 645, 644, 639, 635, 633, 637, 644, 645, 641, 640, 642, 646, 644, 640, 648, 649, 651, 650, 654, 655, 653, 652, 647, 643, 641, 645, 652, 653, 649, 648, 650, 654, 652, 648, 655, 651, 649, 653, 656, 657, 659, 658, 662, 663, 661, 660, 660, 661, 657, 656, 658, 662, 660, 656, 664, 665, 667, 666, 670, 671, 669, 668, 663, 659, 657, 661, 668, 669, 665, 664, 666, 670, 668, 664, 672, 673, 675, 674, 678, 679, 677, 676, 671, 667, 665, 669, 676, 677, 673, 672, 674, 678, 676, 672, 679, 675, 673, 677, 680, 681, 683, 682, 686, 687, 685, 684, 684, 685, 681, 680, 682, 686, 684, 680, 688, 689, 691, 690, 694, 695, 693, 692, 687, 683, 681, 685, 692, 693, 689, 688, 690, 694, 692, 688, 696, 697, 699, 698, 702, 703, 701, 700, 695, 691, 689, 693, 700, 701, 697, 696, 698, 702, 700, 696, 703, 699, 697, 701, 704, 705, 707, 706, 710, 711, 709, 708, 708, 709, 705, 704, 706, 710, 708, 704, 712, 713, 715, 714, 718, 719, 717, 716, 711, 707, 705, 709, 716, 717, 713, 712, 714, 718, 716, 712, 720, 721, 723, 722, 726, 727, 725, 724, 719, 715, 713, 717, 724, 725, 721, 720, 722, 726, 724, 720, 727, 723, 721, 725, 728, 729, 731, 730, 734, 735, 733, 732, 732, 733, 729, 728, 730, 734, 732, 728, 736, 737, 739, 738, 742, 743, 741, 740, 735, 731, 729, 733, 740, 741, 737, 736, 738, 742, 740, 736, 744, 745, 747, 746, 750, 751, 749, 748, 743, 739, 737, 741, 748, 749, 745, 744, 746, 750, 748, 744, 751, 747, 745, 749, 738, 739, 743, 742, 562, 563, 567, 566, 578, 579, 583, 582, 752, 753, 755, 754, 758, 759, 757, 756, 756, 757, 753, 752, 754, 758, 756, 752, 760, 761, 763, 762, 766, 767, 765, 764, 759, 755, 753, 757, 764, 765, 761, 760, 762, 766, 764, 760, 768, 769, 771, 770, 774, 775, 773, 772, 767, 763, 761, 765, 772, 773, 769, 768, 770, 774, 772, 768, 775, 771, 769, 773, 776, 777, 779, 778, 782, 783, 781, 780, 780, 781, 777, 776, 778, 782, 780, 776, 784, 785, 787, 786, 790, 791, 789, 788, 783, 779, 777, 781, 788, 789, 785, 784, 786, 790, 788, 784, 792, 793, 795, 794, 798, 799, 797, 796, 791, 787, 785, 789, 796, 797, 793, 792, 794, 798, 796, 792, 799, 795, 793, 797, 800, 801, 803, 802, 806, 807, 805, 804, 804, 805, 801, 800, 802, 806, 804, 800, 808, 809, 811, 810, 814, 815, 813, 812, 807, 803, 801, 805, 812, 813, 809, 808, 810, 814, 812, 808, 816, 817, 819, 818, 822, 823, 821, 820, 815, 811, 809, 813, 820, 821, 817, 816, 818, 822, 820, 816, 823, 819, 817, 821, 824, 825, 827, 826, 830, 831, 829, 828, 828, 829, 825, 824, 826, 830, 828, 824, 832, 833, 835, 834, 838, 839, 837, 836, 831, 827, 825, 829, 836, 837, 833, 832, 834, 838, 836, 832, 840, 841, 843, 842, 846, 847, 845, 844, 839, 835, 833, 837, 844, 845, 841, 840, 842, 846, 844, 840, 847, 843, 841, 845, 848, 849, 851, 850, 854, 855, 853, 852, 852, 853, 849, 848, 850, 854, 852, 848, 856, 857, 859, 858, 862, 863, 861, 860, 855, 851, 849, 853, 860, 861, 857, 856, 858, 862, 860, 856, 864, 865, 867, 866, 870, 871, 869, 868, 863, 859, 857, 861, 868, 869, 865, 864, 866, 870, 868, 864, 871, 867, 865, 869, 872, 873, 875, 874, 878, 879, 877, 876, 876, 877, 873, 872, 874, 878, 876, 872, 880, 881, 883, 882, 886, 887, 885, 884, 879, 875, 873, 877, 884, 885, 881, 880, 882, 886, 884, 880, 888, 889, 891, 890, 894, 895, 893, 892, 887, 883, 881, 885, 892, 893, 889, 888, 890, 894, 892, 888, 895, 891, 889, 893, 896, 897, 899, 898, 902, 903, 901, 900, 900, 901, 897, 896, 898, 902, 900, 896, 904, 905, 907, 906, 910, 911, 909, 908, 903, 899, 897, 901, 908, 909, 905, 904, 906, 910, 908, 904, 912, 913, 915, 914, 918, 919, 917, 916, 911, 907, 905, 909, 916, 917, 913, 912, 914, 918, 916, 912, 919, 915, 913, 917, 920, 921, 923, 922, 926, 927, 925, 924, 924, 925, 921, 920, 922, 926, 924, 920, 928, 929, 931, 930, 934, 935, 933, 932, 927, 923, 921, 925, 932, 933, 929, 928, 930, 934, 932, 928, 936, 937, 939, 938, 942, 943, 941, 940, 935, 931, 929, 933, 940, 941, 937, 936, 938, 942, 940, 936, 943, 939, 937, 941, 770, 771, 775, 774, 754, 755, 759, 758, 930, 931, 935, 934, 944, 945, 947, 946, 950, 951, 949, 948, 948, 949, 945, 944, 946, 950, 948, 944, 952, 953, 955, 954, 958, 959, 957, 956, 951, 947, 945, 949, 956, 957, 953, 952, 954, 958, 956, 952, 960, 961, 963, 962, 966, 967, 965, 964, 959, 955, 953, 957, 964, 965, 961, 960, 962, 966, 964, 960, 967, 963, 961, 965, 968, 969, 971, 970, 974, 975, 973, 972, 972, 973, 969, 968, 970, 974, 972, 968, 976, 977, 979, 978, 982, 983, 981, 980, 975, 971, 969, 973, 980, 981, 977, 976, 978, 982, 980, 976, 984, 985, 987, 986, 990, 991, 989, 988, 983, 979, 977, 981, 988, 989, 985, 984, 986, 990, 988, 984, 991, 987, 985, 989, 992, 993, 995, 994, 998, 999, 997, 996, 996, 997, 993, 992, 994, 998, 996, 992, 1000, 1001, 1003, 1002, 1006, 1007, 1005, 1004, 999, 995, 993, 997, 1004, 1005, 1001, 1000, 1002, 1006, 1004, 1000, 1008, 1009, 1011, 1010, 1014, 1015, 1013, 1012, 1007, 1003, 1001, 1005, 1012, 1013, 1009, 1008, 1010, 1014, 1012, 1008, 1015, 1011, 1009, 1013, 1016, 1017, 1019, 1018, 1022, 1023, 1021, 1020, 1020, 1021, 1017, 1016, 1018, 1022, 1020, 1016, 1023, 1019, 1017, 1021, 1024, 1025, 1027, 1026, 1030, 1031, 1029, 1028, 1028, 1029, 1025, 1024, 1026, 1030, 1028, 1024, 1032, 1033, 1035, 1034, 1038, 1039, 1037, 1036, 1031, 1027, 1025, 1029, 1036, 1037, 1033, 1032, 1034, 1038, 1036, 1032, 1040, 1041, 1043, 1042, 1046, 1047, 1045, 1044, 1039, 1035, 1033, 1037, 1044, 1045, 1041, 1040, 1042, 1046, 1044, 1040, 1047, 1043, 1041, 1045, 1048, 1049, 1051, 1050, 1054, 1055, 1053, 1052, 1052, 1053, 1049, 1048, 1050, 1054, 1052, 1048, 1056, 1057, 1059, 1058, 1062, 1063, 1061, 1060, 1055, 1051, 1049, 1053, 1060, 1061, 1057, 1056, 1058, 1062, 1060, 1056, 1064, 1065, 1067, 1066, 1070, 1071, 1069, 1068, 1063, 1059, 1057, 1061, 1068, 1069, 1065, 1064, 1066, 1070, 1068, 1064, 1071, 1067, 1065, 1069, 1072, 1073, 1075, 1074, 1078, 1079, 1077, 1076, 1076, 1077, 1073, 1072, 1074, 1078, 1076, 1072, 1080, 1081, 1083, 1082, 1086, 1087, 1085, 1084, 1079, 1075, 1073, 1077, 1084, 1085, 1081, 1080, 1082, 1086, 1084, 1080, 1088, 1089, 1091, 1090, 1094, 1095, 1093, 1092, 1087, 1083, 1081, 1085, 1092, 1093, 1089, 1088, 1090, 1094, 1092, 1088, 1095, 1091, 1089, 1093, 1082, 1083, 1087, 1086, 946, 947, 951, 950, 962, 963, 967, 966, 1096, 1097, 1099, 1098, 1098, 1099, 1115, 1114, 1112, 1113, 1097, 1096, 1098, 1114, 1112, 1096, 1115, 1099, 1097, 1113, 1100, 1101, 1103, 1102, 1102, 1103, 1107, 1106, 1106, 1107, 1105, 1104, 1104, 1105, 1101, 1100, 1102, 1106, 1104, 1100, 1107, 1103, 1101, 1105, 1108, 1110, 1111, 1109, 1110, 1114, 1115, 1111, 1114, 1112, 1113, 1115, 1112, 1108, 1109, 1113, 1110, 1108, 1112, 1114, 1115, 1113, 1109, 1111, 1116, 1118, 1119, 1117, 1118, 1122, 1123, 1119, 1122, 1120, 1121, 1123, 1120, 1116, 1117, 1121, 1118, 1116, 1120, 1122, 1123, 1121, 1117, 1119, 1131, 1128, 1129, 1144, 1143, 1133, 1155, 1159, 1130, 1135, 1128, 1131, 1134, 1146, 1144, 1129, 1136, 1134, 1131, 1130, 1137, 1136, 1129, 1128, 1135, 1164, 1155, 1133, 1138, 1137, 1130, 1159, 1166, 1127, 1137, 1166, 1158, 1138, 1132, 1139, 1140, 1124, 1136, 1135, 1125, 1126, 1134, 1137, 1127, 1142, 1146, 1136, 1124, 1125, 1135, 1134, 1126, 1168, 1167, 1140, 1139, 1164, 1138, 1140, 1167, 1132, 1138, 1145, 1141, 1138, 1133, 1143, 1145, 1145, 1143, 1144, 1146, 1145, 1146, 1142, 1141, 1154, 1153, 1159, 1155, 1157, 1173, 1174, 1152, 1151, 1161, 1160, 1154, 1151, 1176, 1162, 1152, 1174, 1160, 1163, 1153, 1154, 1162, 1161, 1151, 1152, 1164, 1165, 1157, 1155, 1163, 1166, 1159, 1153, 1150, 1158, 1166, 1163, 1165, 1170, 1169, 1156, 1147, 1148, 1161, 1162, 1149, 1150, 1163, 1160, 1172, 1147, 1162, 1176, 1148, 1149, 1160, 1161, 1168, 1169, 1170, 1167, 1164, 1167, 1170, 1165, 1156, 1171, 1175, 1165, 1165, 1175, 1173, 1157, 1175, 1176, 1174, 1173, 1175, 1171, 1172, 1176, 1179, 1182, 1185, 1181, 1185, 1182, 1183, 1184, 1201, 1192, 1177, 1182, 1179, 1181, 1186, 1180, 1205, 1197, 1195, 1194, 1196, 1201, 1182, 1179, 1178, 1179, 1180, 1187, 1191, 1196, 1179, 1178, 1206, 1204, 1197, 1205, 1183, 1190, 1189, 1184, 1182, 1177, 1190, 1183, 1195, 1198, 1203, 1199, 1191, 1194, 1195, 1196, 1203, 1202, 1200, 1199, 1201, 1199, 1193, 1192, 1195, 1197, 1204, 1198, 1180, 1186, 1188, 1187, 1196, 1195, 1199, 1201, 1200, 1202, 1207, 1208, 1199, 1200, 1208, 1193, 1210, 1216, 1220, 1214, 1212, 1209, 1215, 1218, 1210, 1211, 1217, 1216, 1213, 1219, 1215, 1209, 1214, 1220, 1219, 1213, 1235, 1212, 1218, 1243, 1211, 1236, 1244, 1217, 1216, 1217, 1223, 1222, 1219, 1225, 1221, 1215, 1220, 1226, 1225, 1219, 1243, 1218, 1224, 1251, 1217, 1244, 1252, 1223, 1216, 1222, 1226, 1220, 1218, 1215, 1221, 1224, 1210, 1214, 1232, 1228, 1209, 1212, 1230, 1227, 1211, 1210, 1228, 1229, 1213, 1209, 1227, 1231, 1214, 1213, 1231, 1232, 1212, 1235, 1259, 1230, 1236, 1211, 1229, 1260, 1234, 1240, 1248, 1242, 1238, 1246, 1241, 1233, 1234, 1242, 1245, 1237, 1239, 1233, 1241, 1247, 1240, 1239, 1247, 1248, 1235, 1243, 1246, 1238, 1237, 1245, 1244, 1236, 1242, 1250, 1253, 1245, 1247, 1241, 1249, 1255, 1248, 1247, 1255, 1256, 1243, 1251, 1254, 1246, 1245, 1253, 1252, 1244, 1242, 1248, 1256, 1250, 1246, 1254, 1249, 1241, 1234, 1258, 1264, 1240, 1233, 1257, 1262, 1238, 1237, 1261, 1258, 1234, 1239, 1263, 1257, 1233, 1240, 1264, 1263, 1239, 1238, 1262, 1259, 1235, 1236, 1260, 1261, 1237, 1266, 1274, 1278, 1270, 1268, 1265, 1273, 1276, 1266, 1267, 1275, 1274, 1271, 1279, 1280, 1272, 1270, 1278, 1277, 1269, 1299, 1268, 1276, 1309, 1272, 1280, 1273, 1265, 1269, 1277, 1279, 1271, 1267, 1300, 1310, 1275, 1274, 1275, 1283, 1282, 1279, 1287, 1288, 1280, 1278, 1286, 1285, 1277, 1309, 1276, 1284, 1319, 1280, 1288, 1281, 1273, 1277, 1285, 1287, 1279, 1275, 1310, 1320, 1283, 1274, 1282, 1286, 1278, 1276, 1273, 1281, 1284, 1266, 1270, 1294, 1290, 1265, 1268, 1292, 1289, 1267, 1266, 1290, 1291, 1271, 1272, 1296, 1295, 1270, 1269, 1293, 1294, 1268, 1299, 1329, 1292, 1272, 1265, 1289, 1296, 1269, 1271, 1295, 1293, 1300, 1267, 1291, 1330, 1298, 1304, 1314, 1308, 1302, 1312, 1307, 1297, 1298, 1308, 1311, 1301, 1305, 1306, 1316, 1315, 1304, 1303, 1313, 1314, 1299, 1309, 1312, 1302, 1306, 1297, 1307, 1316, 1303, 1305, 1315, 1313, 1301, 1311, 1310, 1300, 1308, 1318, 1321, 1311, 1315, 1316, 1326, 1325, 1314, 1313, 1323, 1324, 1309, 1319, 1322, 1312, 1316, 1307, 1317, 1326, 1313, 1315, 1325, 1323, 1311, 1321, 1320, 1310, 1308, 1314, 1324, 1318, 1312, 1322, 1317, 1307, 1298, 1328, 1334, 1304, 1297, 1327, 1332, 1302, 1301, 1331, 1328, 1298, 1305, 1335, 1336, 1306, 1304, 1334, 1333, 1303, 1302, 1332, 1329, 1299, 1306, 1336, 1327, 1297, 1303, 1333, 1335, 1305, 1300, 1330, 1331, 1301, 1339, 1344, 1348, 1343, 1338, 1357, 1345, 1352, 1348, 1344, 1346, 1347, 1372, 1360, 1337, 1344, 1339, 1343, 1350, 1342, 1357, 1358, 1340, 1345, 1377, 1366, 1339, 1353, 1349, 1353, 1341, 1351, 1366, 1372, 1344, 1339, 1382, 1377, 1353, 1357, 1357, 1353, 1349, 1358, 1353, 1339, 1342, 1341, 1352, 1345, 1340, 1354, 1346, 1356, 1355, 1347, 1341, 1342, 1350, 1351, 1344, 1337, 1356, 1346, 1359, 1382, 1357, 1338, 1363, 1368, 1374, 1369, 1362, 1379, 1370, 1385, 1374, 1373, 1371, 1369, 1372, 1369, 1361, 1360, 1363, 1367, 1376, 1368, 1385, 1370, 1364, 1386, 1377, 1380, 1363, 1366, 1375, 1378, 1365, 1380, 1366, 1363, 1369, 1372, 1382, 1385, 1380, 1377, 1385, 1386, 1375, 1380, 1380, 1365, 1367, 1363, 1379, 1381, 1364, 1370, 1371, 1373, 1383, 1384, 1365, 1378, 1376, 1367, 1369, 1371, 1384, 1361, 1359, 1362, 1385, 1382, 1389, 1391, 1395, 1392, 1395, 1394, 1393, 1392, 1411, 1392, 1387, 1402, 1389, 1390, 1396, 1391, 1415, 1404, 1405, 1407, 1406, 1389, 1392, 1411, 1388, 1397, 1390, 1389, 1401, 1388, 1389, 1406, 1416, 1415, 1407, 1414, 1393, 1394, 1399, 1400, 1392, 1393, 1400, 1387, 1405, 1409, 1413, 1408, 1401, 1406, 1405, 1404, 1413, 1409, 1410, 1412, 1411, 1402, 1403, 1409, 1405, 1408, 1414, 1407, 1390, 1397, 1398, 1396, 1406, 1411, 1409, 1405, 1410, 1418, 1417, 1412, 1409, 1403, 1418, 1410, 1420, 1424, 1430, 1426, 1422, 1428, 1425, 1419, 1420, 1426, 1427, 1421, 1423, 1419, 1425, 1429, 1424, 1423, 1429, 1430, 1445, 1453, 1428, 1422, 1421, 1427, 1454, 1446, 1426, 1432, 1433, 1427, 1429, 1425, 1431, 1435, 1430, 1429, 1435, 1436, 1453, 1461, 1434, 1428, 1427, 1433, 1462, 1454, 1426, 1430, 1436, 1432, 1428, 1434, 1431, 1425, 1420, 1438, 1442, 1424, 1419, 1437, 1440, 1422, 1421, 1439, 1438, 1420, 1423, 1441, 1437, 1419, 1424, 1442, 1441, 1423, 1422, 1440, 1469, 1445, 1446, 1470, 1439, 1421, 1444, 1452, 1458, 1450, 1448, 1443, 1451, 1456, 1444, 1447, 1455, 1452, 1449, 1457, 1451, 1443, 1450, 1458, 1457, 1449, 1445, 1448, 1456, 1453, 1447, 1446, 1454, 1455, 1452, 1455, 1463, 1460, 1457, 1465, 1459, 1451, 1458, 1466, 1465, 1457, 1453, 1456, 1464, 1461, 1455, 1454, 1462, 1463, 1452, 1460, 1466, 1458, 1456, 1451, 1459, 1464, 1444, 1450, 1474, 1468, 1443, 1448, 1472, 1467, 1447, 1444, 1468, 1471, 1449, 1443, 1467, 1473, 1450, 1449, 1473, 1474, 1448, 1445, 1469, 1472, 1446, 1447, 1471, 1470, 1476, 1480, 1488, 1484, 1478, 1486, 1483, 1475, 1476, 1484, 1485, 1477, 1481, 1482, 1490, 1489, 1480, 1479, 1487, 1488, 1509, 1519, 1486, 1478, 1482, 1475, 1483, 1490, 1479, 1481, 1489, 1487, 1477, 1485, 1520, 1510, 1484, 1492, 1493, 1485, 1489, 1490, 1498, 1497, 1488, 1487, 1495, 1496, 1519, 1529, 1494, 1486, 1490, 1483, 1491, 1498, 1487, 1489, 1497, 1495, 1485, 1493, 1530, 1520, 1484, 1488, 1496, 1492, 1486, 1494, 1491, 1483, 1476, 1500, 1504, 1480, 1475, 1499, 1502, 1478, 1477, 1501, 1500, 1476, 1481, 1505, 1506, 1482, 1480, 1504, 1503, 1479, 1478, 1502, 1539, 1509, 1482, 1506, 1499, 1475, 1479, 1503, 1505, 1481, 1510, 1540, 1501, 1477, 1508, 1518, 1524, 1514, 1512, 1507, 1517, 1522, 1508, 1511, 1521, 1518, 1515, 1525, 1526, 1516, 1514, 1524, 1523, 1513, 1509, 1512, 1522, 1519, 1516, 1526, 1517, 1507, 1513, 1523, 1525, 1515, 1511, 1510, 1520, 1521, 1518, 1521, 1531, 1528, 1525, 1535, 1536, 1526, 1524, 1534, 1533, 1523, 1519, 1522, 1532, 1529, 1526, 1536, 1527, 1517, 1523, 1533, 1535, 1525, 1521, 1520, 1530, 1531, 1518, 1528, 1534, 1524, 1522, 1517, 1527, 1532, 1508, 1514, 1544, 1538, 1507, 1512, 1542, 1537, 1511, 1508, 1538, 1541, 1515, 1516, 1546, 1545, 1514, 1513, 1543, 1544, 1512, 1509, 1539, 1542, 1516, 1507, 1537, 1546, 1513, 1515, 1545, 1543, 1510, 1511, 1541, 1540, 1549, 1553, 1558, 1554, 1548, 1562, 1555, 1567, 1558, 1557, 1556, 1554, 1582, 1554, 1547, 1570, 1549, 1552, 1560, 1553, 1567, 1555, 1550, 1568, 1587, 1563, 1549, 1576, 1559, 1561, 1551, 1563, 1576, 1549, 1554, 1582, 1592, 1567, 1563, 1587, 1567, 1568, 1559, 1563, 1563, 1551, 1552, 1549, 1562, 1564, 1550, 1555, 1556, 1557, 1565, 1566, 1551, 1561, 1560, 1552, 1554, 1556, 1566, 1547, 1569, 1548, 1567, 1592, 1573, 1579, 1584, 1578, 1572, 1595, 1580, 1589, 1584, 1579, 1581, 1583, 1582, 1570, 1571, 1579, 1573, 1578, 1586, 1577, 1595, 1596, 1574, 1580, 1587, 1576, 1573, 1590, 1585, 1590, 1575, 1588, 1576, 1582, 1579, 1573, 1592, 1587, 1590, 1595, 1595, 1590, 1585, 1596, 1590, 1573, 1577, 1575, 1589, 1580, 1574, 1591, 1581, 1594, 1593, 1583, 1575, 1577, 1586, 1588, 1579, 1571, 1594, 1581, 1569, 1592, 1595, 1572, 1600, 1598, 1597, 1599, 1603, 1604, 1601, 1602, 1611, 1601, 1604, 1609, 1609, 1604, 1603, 1612, 1610, 1602, 1601, 1611, 1598, 1607, 1606, 1597, 1599, 1605, 1608, 1600, 1597, 1606, 1605, 1599, 1614, 1615, 1609, 1612, 1615, 1613, 1611, 1609, 1613, 1616, 1610, 1611, 1606, 1607, 1616, 1613, 1605, 1606, 1613, 1615, 1608, 1605, 1615, 1614, 1620, 1618, 1617, 1619, 1623, 1624, 1621, 1622, 1631, 1621, 1624, 1629, 1629, 1624, 1623, 1632, 1630, 1622, 1621, 1631, 1618, 1627, 1626, 1617, 1619, 1625, 1628, 1620, 1617, 1626, 1625, 1619, 1634, 1635, 1629, 1632, 1635, 1633, 1631, 1629, 1633, 1636, 1630, 1631, 1626, 1627, 1636, 1633, 1625, 1626, 1633, 1635, 1628, 1625, 1635, 1634, 1640, 1638, 1637, 1639, 1643, 1644, 1641, 1642, 1651, 1641, 1644, 1649, 1649, 1644, 1643, 1652, 1650, 1642, 1641, 1651, 1638, 1647, 1646, 1637, 1639, 1645, 1648, 1640, 1637, 1646, 1645, 1639, 1654, 1655, 1649, 1652, 1655, 1653, 1651, 1649, 1653, 1656, 1650, 1651, 1646, 1647, 1656, 1653, 1645, 1646, 1653, 1655, 1648, 1645, 1655, 1654, 1660, 1658, 1657, 1659, 1663, 1664, 1661, 1662, 1671, 1661, 1664, 1669, 1669, 1664, 1663, 1672, 1670, 1662, 1661, 1671, 1658, 1667, 1666, 1657, 1659, 1665, 1668, 1660, 1657, 1666, 1665, 1659, 1674, 1675, 1669, 1672, 1675, 1673, 1671, 1669, 1673, 1676, 1670, 1671, 1666, 1667, 1676, 1673, 1665, 1666, 1673, 1675, 1668, 1665, 1675, 1674, 1680, 1678, 1677, 1679, 1683, 1684, 1681, 1682, 1691, 1681, 1684, 1689, 1689, 1684, 1683, 1692, 1690, 1682, 1681, 1691, 1678, 1687, 1686, 1677, 1679, 1685, 1688, 1680, 1677, 1686, 1685, 1679, 1694, 1695, 1689, 1692, 1695, 1693, 1691, 1689, 1693, 1696, 1690, 1691, 1686, 1687, 1696, 1693, 1685, 1686, 1693, 1695, 1688, 1685, 1695, 1694, 1700, 1698, 1697, 1699, 1703, 1704, 1701, 1702, 1711, 1701, 1704, 1709, 1709, 1704, 1703, 1712, 1710, 1702, 1701, 1711, 1698, 1707, 1706, 1697, 1699, 1705, 1708, 1700, 1697, 1706, 1705, 1699, 1714, 1715, 1709, 1712, 1715, 1713, 1711, 1709, 1713, 1716, 1710, 1711, 1706, 1707, 1716, 1713, 1705, 1706, 1713, 1715, 1708, 1705, 1715, 1714, 1720, 1718, 1717, 1719, 1723, 1724, 1721, 1722, 1731, 1721, 1724, 1729, 1729, 1724, 1723, 1732, 1730, 1722, 1721, 1731, 1718, 1727, 1726, 1717, 1719, 1725, 1728, 1720, 1717, 1726, 1725, 1719, 1734, 1735, 1729, 1732, 1735, 1733, 1731, 1729, 1733, 1736, 1730, 1731, 1726, 1727, 1736, 1733, 1725, 1726, 1733, 1735, 1728, 1725, 1735, 1734, 1740, 1738, 1737, 1739, 1743, 1744, 1741, 1742, 1751, 1741, 1744, 1749, 1749, 1744, 1743, 1752, 1750, 1742, 1741, 1751, 1738, 1747, 1746, 1737, 1739, 1745, 1748, 1740, 1737, 1746, 1745, 1739, 1754, 1755, 1749, 1752, 1755, 1753, 1751, 1749, 1753, 1756, 1750, 1751, 1746, 1747, 1756, 1753, 1745, 1746, 1753, 1755, 1748, 1745, 1755, 1754, 1760, 1758, 1757, 1759, 1763, 1764, 1761, 1762, 1771, 1761, 1764, 1769, 1769, 1764, 1763, 1772, 1770, 1762, 1761, 1771, 1758, 1767, 1766, 1757, 1759, 1765, 1768, 1760, 1757, 1766, 1765, 1759, 1774, 1775, 1769, 1772, 1775, 1773, 1771, 1769, 1773, 1776, 1770, 1771, 1766, 1767, 1776, 1773, 1765, 1766, 1773, 1775, 1768, 1765, 1775, 1774, 1780, 1778, 1777, 1779, 1783, 1784, 1781, 1782, 1791, 1781, 1784, 1789, 1789, 1784, 1783, 1792, 1790, 1782, 1781, 1791, 1778, 1787, 1786, 1777, 1779, 1785, 1788, 1780, 1777, 1786, 1785, 1779, 1794, 1795, 1789, 1792, 1795, 1793, 1791, 1789, 1793, 1796, 1790, 1791, 1786, 1787, 1796, 1793, 1785, 1786, 1793, 1795, 1788, 1785, 1795, 1794, 1800, 1798, 1797, 1799, 1803, 1804, 1801, 1802, 1811, 1801, 1804, 1809, 1809, 1804, 1803, 1812, 1810, 1802, 1801, 1811, 1798, 1807, 1806, 1797, 1799, 1805, 1808, 1800, 1797, 1806, 1805, 1799, 1814, 1815, 1809, 1812, 1815, 1813, 1811, 1809, 1813, 1816, 1810, 1811, 1806, 1807, 1816, 1813, 1805, 1806, 1813, 1815, 1808, 1805, 1815, 1814, 1820, 1818, 1817, 1819, 1823, 1824, 1821, 1822, 1831, 1821, 1824, 1829, 1829, 1824, 1823, 1832, 1830, 1822, 1821, 1831, 1818, 1827, 1826, 1817, 1819, 1825, 1828, 1820, 1817, 1826, 1825, 1819, 1834, 1835, 1829, 1832, 1835, 1833, 1831, 1829, 1833, 1836, 1830, 1831, 1826, 1827, 1836, 1833, 1825, 1826, 1833, 1835, 1828, 1825, 1835, 1834, 1840, 1838, 1837, 1839, 1843, 1844, 1841, 1842, 1851, 1841, 1844, 1849, 1849, 1844, 1843, 1852, 1850, 1842, 1841, 1851, 1838, 1847, 1846, 1837, 1839, 1845, 1848, 1840, 1837, 1846, 1845, 1839, 1854, 1855, 1849, 1852, 1855, 1853, 1851, 1849, 1853, 1856, 1850, 1851, 1846, 1847, 1856, 1853, 1845, 1846, 1853, 1855, 1848, 1845, 1855, 1854, 1860, 1858, 1857, 1859, 1863, 1864, 1861, 1862, 1871, 1861, 1864, 1869, 1869, 1864, 1863, 1872, 1870, 1862, 1861, 1871, 1858, 1867, 1866, 1857, 1859, 1865, 1868, 1860, 1857, 1866, 1865, 1859, 1874, 1875, 1869, 1872, 1875, 1873, 1871, 1869, 1873, 1876, 1870, 1871, 1866, 1867, 1876, 1873, 1865, 1866, 1873, 1875, 1868, 1865, 1875, 1874, 1880, 1878, 1877, 1879, 1883, 1884, 1881, 1882, 1891, 1881, 1884, 1889, 1889, 1884, 1883, 1892, 1890, 1882, 1881, 1891, 1878, 1887, 1886, 1877, 1879, 1885, 1888, 1880, 1877, 1886, 1885, 1879, 1894, 1895, 1889, 1892, 1895, 1893, 1891, 1889, 1893, 1896, 1890, 1891, 1886, 1887, 1896, 1893, 1885, 1886, 1893, 1895, 1888, 1885, 1895, 1894, 1900, 1898, 1897, 1899, 1903, 1904, 1901, 1902, 1911, 1901, 1904, 1909, 1909, 1904, 1903, 1912, 1910, 1902, 1901, 1911, 1898, 1907, 1906, 1897, 1899, 1905, 1908, 1900, 1897, 1906, 1905, 1899, 1914, 1915, 1909, 1912, 1915, 1913, 1911, 1909, 1913, 1916, 1910, 1911, 1906, 1907, 1916, 1913, 1905, 1906, 1913, 1915, 1908, 1905, 1915, 1914, 1920, 1918, 1917, 1919, 1923, 1924, 1921, 1922, 1931, 1921, 1924, 1929, 1929, 1924, 1923, 1932, 1930, 1922, 1921, 1931, 1918, 1927, 1926, 1917, 1919, 1925, 1928, 1920, 1917, 1926, 1925, 1919, 1934, 1935, 1929, 1932, 1935, 1933, 1931, 1929, 1933, 1936, 1930, 1931, 1926, 1927, 1936, 1933, 1925, 1926, 1933, 1935, 1928, 1925, 1935, 1934, 1940, 1938, 1937, 1939, 1943, 1944, 1941, 1942, 1951, 1941, 1944, 1949, 1949, 1944, 1943, 1952, 1950, 1942, 1941, 1951, 1938, 1947, 1946, 1937, 1939, 1945, 1948, 1940, 1937, 1946, 1945, 1939, 1954, 1955, 1949, 1952, 1955, 1953, 1951, 1949, 1953, 1956, 1950, 1951, 1946, 1947, 1956, 1953, 1945, 1946, 1953, 1955, 1948, 1945, 1955, 1954, 1960, 1958, 1957, 1959, 1963, 1964, 1961, 1962, 1971, 1961, 1964, 1969, 1969, 1964, 1963, 1972, 1970, 1962, 1961, 1971, 1958, 1967, 1966, 1957, 1959, 1965, 1968, 1960, 1957, 1966, 1965, 1959, 1974, 1975, 1969, 1972, 1975, 1973, 1971, 1969, 1973, 1976, 1970, 1971, 1966, 1967, 1976, 1973, 1965, 1966, 1973, 1975, 1968, 1965, 1975, 1974, 1980, 1978, 1977, 1979, 1983, 1984, 1981, 1982, 1991, 1981, 1984, 1989, 1989, 1984, 1983, 1992, 1990, 1982, 1981, 1991, 1978, 1987, 1986, 1977, 1979, 1985, 1988, 1980, 1977, 1986, 1985, 1979, 1994, 1995, 1989, 1992, 1995, 1993, 1991, 1989, 1993, 1996, 1990, 1991, 1986, 1987, 1996, 1993, 1985, 1986, 1993, 1995, 1988, 1985, 1995, 1994, 2000, 1998, 1997, 1999, 2003, 2004, 2001, 2002, 2011, 2001, 2004, 2009, 2009, 2004, 2003, 2012, 2010, 2002, 2001, 2011, 1998, 2007, 2006, 1997, 1999, 2005, 2008, 2000, 1997, 2006, 2005, 1999, 2014, 2015, 2009, 2012, 2015, 2013, 2011, 2009, 2013, 2016, 2010, 2011, 2006, 2007, 2016, 2013, 2005, 2006, 2013, 2015, 2008, 2005, 2015, 2014, 2020, 2018, 2017, 2019, 2023, 2024, 2021, 2022, 2031, 2021, 2024, 2029, 2029, 2024, 2023, 2032, 2030, 2022, 2021, 2031, 2018, 2027, 2026, 2017, 2019, 2025, 2028, 2020, 2017, 2026, 2025, 2019, 2034, 2035, 2029, 2032, 2035, 2033, 2031, 2029, 2033, 2036, 2030, 2031, 2026, 2027, 2036, 2033, 2025, 2026, 2033, 2035, 2028, 2025, 2035, 2034, 2040, 2038, 2037, 2039, 2043, 2044, 2041, 2042, 2051, 2041, 2044, 2049, 2049, 2044, 2043, 2052, 2050, 2042, 2041, 2051, 2038, 2047, 2046, 2037, 2039, 2045, 2048, 2040, 2037, 2046, 2045, 2039, 2054, 2055, 2049, 2052, 2055, 2053, 2051, 2049, 2053, 2056, 2050, 2051, 2046, 2047, 2056, 2053, 2045, 2046, 2053, 2055, 2048, 2045, 2055, 2054, 2060, 2058, 2057, 2059, 2063, 2064, 2061, 2062, 2071, 2061, 2064, 2069, 2069, 2064, 2063, 2072, 2070, 2062, 2061, 2071, 2058, 2067, 2066, 2057, 2059, 2065, 2068, 2060, 2057, 2066, 2065, 2059, 2074, 2075, 2069, 2072, 2075, 2073, 2071, 2069, 2073, 2076, 2070, 2071, 2066, 2067, 2076, 2073, 2065, 2066, 2073, 2075, 2068, 2065, 2075, 2074, 2080, 2078, 2077, 2079, 2083, 2084, 2081, 2082, 2091, 2081, 2084, 2089, 2089, 2084, 2083, 2092, 2090, 2082, 2081, 2091, 2078, 2087, 2086, 2077, 2079, 2085, 2088, 2080, 2077, 2086, 2085, 2079, 2094, 2095, 2089, 2092, 2095, 2093, 2091, 2089, 2093, 2096, 2090, 2091, 2086, 2087, 2096, 2093, 2085, 2086, 2093, 2095, 2088, 2085, 2095, 2094, 2100, 2098, 2097, 2099, 2103, 2104, 2101, 2102, 2111, 2101, 2104, 2109, 2109, 2104, 2103, 2112, 2110, 2102, 2101, 2111, 2098, 2107, 2106, 2097, 2099, 2105, 2108, 2100, 2097, 2106, 2105, 2099, 2114, 2115, 2109, 2112, 2115, 2113, 2111, 2109, 2113, 2116, 2110, 2111, 2106, 2107, 2116, 2113, 2105, 2106, 2113, 2115, 2108, 2105, 2115, 2114, 2120, 2118, 2117, 2119, 2123, 2124, 2121, 2122, 2131, 2121, 2124, 2129, 2129, 2124, 2123, 2132, 2130, 2122, 2121, 2131, 2118, 2127, 2126, 2117, 2119, 2125, 2128, 2120, 2117, 2126, 2125, 2119, 2134, 2135, 2129, 2132, 2135, 2133, 2131, 2129, 2133, 2136, 2130, 2131, 2126, 2127, 2136, 2133, 2125, 2126, 2133, 2135, 2128, 2125, 2135, 2134, 2140, 2138, 2137, 2139, 2143, 2144, 2141, 2142, 2151, 2141, 2144, 2149, 2149, 2144, 2143, 2152, 2150, 2142, 2141, 2151, 2138, 2147, 2146, 2137, 2139, 2145, 2148, 2140, 2137, 2146, 2145, 2139, 2154, 2155, 2149, 2152, 2155, 2153, 2151, 2149, 2153, 2156, 2150, 2151, 2146, 2147, 2156, 2153, 2145, 2146, 2153, 2155, 2148, 2145, 2155, 2154, 2160, 2158, 2157, 2159, 2163, 2164, 2161, 2162, 2171, 2161, 2164, 2169, 2169, 2164, 2163, 2172, 2170, 2162, 2161, 2171, 2158, 2167, 2166, 2157, 2159, 2165, 2168, 2160, 2157, 2166, 2165, 2159, 2174, 2175, 2169, 2172, 2175, 2173, 2171, 2169, 2173, 2176, 2170, 2171, 2166, 2167, 2176, 2173, 2165, 2166, 2173, 2175, 2168, 2165, 2175, 2174, 2180, 2178, 2177, 2179, 2183, 2184, 2181, 2182, 2191, 2181, 2184, 2189, 2189, 2184, 2183, 2192, 2190, 2182, 2181, 2191, 2178, 2187, 2186, 2177, 2179, 2185, 2188, 2180, 2177, 2186, 2185, 2179, 2194, 2195, 2189, 2192, 2195, 2193, 2191, 2189, 2193, 2196, 2190, 2191, 2186, 2187, 2196, 2193, 2185, 2186, 2193, 2195, 2188, 2185, 2195, 2194, 2200, 2198, 2197, 2199, 2203, 2204, 2201, 2202, 2211, 2201, 2204, 2209, 2209, 2204, 2203, 2212, 2210, 2202, 2201, 2211, 2198, 2207, 2206, 2197, 2199, 2205, 2208, 2200, 2197, 2206, 2205, 2199, 2214, 2215, 2209, 2212, 2215, 2213, 2211, 2209, 2213, 2216, 2210, 2211, 2206, 2207, 2216, 2213, 2205, 2206, 2213, 2215, 2208, 2205, 2215, 2214, 2220, 2218, 2217, 2219, 2223, 2224, 2221, 2222, 2231, 2221, 2224, 2229, 2229, 2224, 2223, 2232, 2230, 2222, 2221, 2231, 2218, 2227, 2226, 2217, 2219, 2225, 2228, 2220, 2217, 2226, 2225, 2219, 2234, 2235, 2229, 2232, 2235, 2233, 2231, 2229, 2233, 2236, 2230, 2231, 2226, 2227, 2236, 2233, 2225, 2226, 2233, 2235, 2228, 2225, 2235, 2234, 2240, 2238, 2237, 2239, 2243, 2244, 2241, 2242, 2251, 2241, 2244, 2249, 2249, 2244, 2243, 2252, 2250, 2242, 2241, 2251, 2238, 2247, 2246, 2237, 2239, 2245, 2248, 2240, 2237, 2246, 2245, 2239, 2254, 2255, 2249, 2252, 2255, 2253, 2251, 2249, 2253, 2256, 2250, 2251, 2246, 2247, 2256, 2253, 2245, 2246, 2253, 2255, 2248, 2245, 2255, 2254, 2260, 2258, 2257, 2259, 2263, 2264, 2261, 2262, 2271, 2261, 2264, 2269, 2269, 2264, 2263, 2272, 2270, 2262, 2261, 2271, 2258, 2267, 2266, 2257, 2259, 2265, 2268, 2260, 2257, 2266, 2265, 2259, 2274, 2275, 2269, 2272, 2275, 2273, 2271, 2269, 2273, 2276, 2270, 2271, 2266, 2267, 2276, 2273, 2265, 2266, 2273, 2275, 2268, 2265, 2275, 2274, 2280, 2278, 2277, 2279, 2283, 2284, 2281, 2282, 2291, 2281, 2284, 2289, 2289, 2284, 2283, 2292, 2290, 2282, 2281, 2291, 2278, 2287, 2286, 2277, 2279, 2285, 2288, 2280, 2277, 2286, 2285, 2279, 2294, 2295, 2289, 2292, 2295, 2293, 2291, 2289, 2293, 2296, 2290, 2291, 2286, 2287, 2296, 2293, 2285, 2286, 2293, 2295, 2288, 2285, 2295, 2294, 2300, 2298, 2297, 2299, 2303, 2304, 2301, 2302, 2311, 2301, 2304, 2309, 2309, 2304, 2303, 2312, 2310, 2302, 2301, 2311, 2298, 2307, 2306, 2297, 2299, 2305, 2308, 2300, 2297, 2306, 2305, 2299, 2314, 2315, 2309, 2312, 2315, 2313, 2311, 2309, 2313, 2316, 2310, 2311, 2306, 2307, 2316, 2313, 2305, 2306, 2313, 2315, 2308, 2305, 2315, 2314, 2320, 2318, 2317, 2319, 2323, 2324, 2321, 2322, 2331, 2321, 2324, 2329, 2329, 2324, 2323, 2332, 2330, 2322, 2321, 2331, 2318, 2327, 2326, 2317, 2319, 2325, 2328, 2320, 2317, 2326, 2325, 2319, 2334, 2335, 2329, 2332, 2335, 2333, 2331, 2329, 2333, 2336, 2330, 2331, 2326, 2327, 2336, 2333, 2325, 2326, 2333, 2335, 2328, 2325, 2335, 2334, 2340, 2338, 2337, 2339, 2343, 2344, 2341, 2342, 2351, 2341, 2344, 2349, 2349, 2344, 2343, 2352, 2350, 2342, 2341, 2351, 2338, 2347, 2346, 2337, 2339, 2345, 2348, 2340, 2337, 2346, 2345, 2339, 2354, 2355, 2349, 2352, 2355, 2353, 2351, 2349, 2353, 2356, 2350, 2351, 2346, 2347, 2356, 2353, 2345, 2346, 2353, 2355, 2348, 2345, 2355, 2354, 2360, 2358, 2357, 2359, 2363, 2364, 2361, 2362, 2371, 2361, 2364, 2369, 2369, 2364, 2363, 2372, 2370, 2362, 2361, 2371, 2358, 2367, 2366, 2357, 2359, 2365, 2368, 2360, 2357, 2366, 2365, 2359, 2374, 2375, 2369, 2372, 2375, 2373, 2371, 2369, 2373, 2376, 2370, 2371, 2366, 2367, 2376, 2373, 2365, 2366, 2373, 2375, 2368, 2365, 2375, 2374, 2380, 2378, 2377, 2379, 2383, 2384, 2381, 2382, 2391, 2381, 2384, 2389, 2389, 2384, 2383, 2392, 2390, 2382, 2381, 2391, 2378, 2387, 2386, 2377, 2379, 2385, 2388, 2380, 2377, 2386, 2385, 2379, 2394, 2395, 2389, 2392, 2395, 2393, 2391, 2389, 2393, 2396, 2390, 2391, 2386, 2387, 2396, 2393, 2385, 2386, 2393, 2395, 2388, 2385, 2395, 2394, 2400, 2398, 2397, 2399, 2403, 2404, 2401, 2402, 2411, 2401, 2404, 2409, 2409, 2404, 2403, 2412, 2410, 2402, 2401, 2411, 2398, 2407, 2406, 2397, 2399, 2405, 2408, 2400, 2397, 2406, 2405, 2399, 2414, 2415, 2409, 2412, 2415, 2413, 2411, 2409, 2413, 2416, 2410, 2411, 2406, 2407, 2416, 2413, 2405, 2406, 2413, 2415, 2408, 2405, 2415, 2414, 2420, 2418, 2417, 2419, 2423, 2424, 2421, 2422, 2431, 2421, 2424, 2429, 2429, 2424, 2423, 2432, 2430, 2422, 2421, 2431, 2418, 2427, 2426, 2417, 2419, 2425, 2428, 2420, 2417, 2426, 2425, 2419, 2434, 2435, 2429, 2432, 2435, 2433, 2431, 2429, 2433, 2436, 2430, 2431, 2426, 2427, 2436, 2433, 2425, 2426, 2433, 2435, 2428, 2425, 2435, 2434, 2440, 2438, 2437, 2439, 2443, 2444, 2441, 2442, 2451, 2441, 2444, 2449, 2449, 2444, 2443, 2452, 2450, 2442, 2441, 2451, 2438, 2447, 2446, 2437, 2439, 2445, 2448, 2440, 2437, 2446, 2445, 2439, 2454, 2455, 2449, 2452, 2455, 2453, 2451, 2449, 2453, 2456, 2450, 2451, 2446, 2447, 2456, 2453, 2445, 2446, 2453, 2455, 2448, 2445, 2455, 2454, 2460, 2458, 2457, 2459, 2463, 2464, 2461, 2462, 2471, 2461, 2464, 2469, 2469, 2464, 2463, 2472, 2470, 2462, 2461, 2471, 2458, 2467, 2466, 2457, 2459, 2465, 2468, 2460, 2457, 2466, 2465, 2459, 2474, 2475, 2469, 2472, 2475, 2473, 2471, 2469, 2473, 2476, 2470, 2471, 2466, 2467, 2476, 2473, 2465, 2466, 2473, 2475, 2468, 2465, 2475, 2474, 2480, 2478, 2477, 2479, 2483, 2484, 2481, 2482, 2491, 2481, 2484, 2489, 2489, 2484, 2483, 2492, 2490, 2482, 2481, 2491, 2478, 2487, 2486, 2477, 2479, 2485, 2488, 2480, 2477, 2486, 2485, 2479, 2494, 2495, 2489, 2492, 2495, 2493, 2491, 2489, 2493, 2496, 2490, 2491, 2486, 2487, 2496, 2493, 2485, 2486, 2493, 2495, 2488, 2485, 2495, 2494, 2500, 2498, 2497, 2499, 2503, 2504, 2501, 2502, 2511, 2501, 2504, 2509, 2509, 2504, 2503, 2512, 2510, 2502, 2501, 2511, 2498, 2507, 2506, 2497, 2499, 2505, 2508, 2500, 2497, 2506, 2505, 2499, 2514, 2515, 2509, 2512, 2515, 2513, 2511, 2509, 2513, 2516, 2510, 2511, 2506, 2507, 2516, 2513, 2505, 2506, 2513, 2515, 2508, 2505, 2515, 2514, 2520, 2518, 2517, 2519, 2523, 2524, 2521, 2522, 2531, 2521, 2524, 2529, 2529, 2524, 2523, 2532, 2530, 2522, 2521, 2531, 2518, 2527, 2526, 2517, 2519, 2525, 2528, 2520, 2517, 2526, 2525, 2519, 2534, 2535, 2529, 2532, 2535, 2533, 2531, 2529, 2533, 2536, 2530, 2531, 2526, 2527, 2536, 2533, 2525, 2526, 2533, 2535, 2528, 2525, 2535, 2534, 2540, 2538, 2537, 2539, 2543, 2544, 2541, 2542, 2551, 2541, 2544, 2549, 2549, 2544, 2543, 2552, 2550, 2542, 2541, 2551, 2538, 2547, 2546, 2537, 2539, 2545, 2548, 2540, 2537, 2546, 2545, 2539, 2554, 2555, 2549, 2552, 2555, 2553, 2551, 2549, 2553, 2556, 2550, 2551, 2546, 2547, 2556, 2553, 2545, 2546, 2553, 2555, 2548, 2545, 2555, 2554, 2560, 2558, 2557, 2559, 2563, 2564, 2561, 2562, 2571, 2561, 2564, 2569, 2569, 2564, 2563, 2572, 2570, 2562, 2561, 2571, 2558, 2567, 2566, 2557, 2559, 2565, 2568, 2560, 2557, 2566, 2565, 2559, 2574, 2575, 2569, 2572, 2575, 2573, 2571, 2569, 2573, 2576, 2570, 2571, 2566, 2567, 2576, 2573, 2565, 2566, 2573, 2575, 2568, 2565, 2575, 2574, 2580, 2578, 2577, 2579, 2583, 2584, 2581, 2582, 2591, 2581, 2584, 2589, 2589, 2584, 2583, 2592, 2590, 2582, 2581, 2591, 2578, 2587, 2586, 2577, 2579, 2585, 2588, 2580, 2577, 2586, 2585, 2579, 2594, 2595, 2589, 2592, 2595, 2593, 2591, 2589, 2593, 2596, 2590, 2591, 2586, 2587, 2596, 2593, 2585, 2586, 2593, 2595, 2588, 2585, 2595, 2594, 2600, 2598, 2597, 2599, 2603, 2604, 2601, 2602, 2611, 2601, 2604, 2609, 2609, 2604, 2603, 2612, 2610, 2602, 2601, 2611, 2598, 2607, 2606, 2597, 2599, 2605, 2608, 2600, 2597, 2606, 2605, 2599, 2614, 2615, 2609, 2612, 2615, 2613, 2611, 2609, 2613, 2616, 2610, 2611, 2606, 2607, 2616, 2613, 2605, 2606, 2613, 2615, 2608, 2605, 2615, 2614, 2620, 2618, 2617, 2619, 2623, 2624, 2621, 2622, 2631, 2621, 2624, 2629, 2629, 2624, 2623, 2632, 2630, 2622, 2621, 2631, 2618, 2627, 2626, 2617, 2619, 2625, 2628, 2620, 2617, 2626, 2625, 2619, 2634, 2635, 2629, 2632, 2635, 2633, 2631, 2629, 2633, 2636, 2630, 2631, 2626, 2627, 2636, 2633, 2625, 2626, 2633, 2635, 2628, 2625, 2635, 2634, 2640, 2638, 2637, 2639, 2643, 2644, 2641, 2642, 2651, 2641, 2644, 2649, 2649, 2644, 2643, 2652, 2650, 2642, 2641, 2651, 2638, 2647, 2646, 2637, 2639, 2645, 2648, 2640, 2637, 2646, 2645, 2639, 2654, 2655, 2649, 2652, 2655, 2653, 2651, 2649, 2653, 2656, 2650, 2651, 2646, 2647, 2656, 2653, 2645, 2646, 2653, 2655, 2648, 2645, 2655, 2654, 2660, 2658, 2657, 2659, 2663, 2664, 2661, 2662, 2671, 2661, 2664, 2669, 2669, 2664, 2663, 2672, 2670, 2662, 2661, 2671, 2658, 2667, 2666, 2657, 2659, 2665, 2668, 2660, 2657, 2666, 2665, 2659, 2674, 2675, 2669, 2672, 2675, 2673, 2671, 2669, 2673, 2676, 2670, 2671, 2666, 2667, 2676, 2673, 2665, 2666, 2673, 2675, 2668, 2665, 2675, 2674, 2680, 2678, 2677, 2679, 2683, 2684, 2681, 2682, 2691, 2681, 2684, 2689, 2689, 2684, 2683, 2692, 2690, 2682, 2681, 2691, 2678, 2687, 2686, 2677, 2679, 2685, 2688, 2680, 2677, 2686, 2685, 2679, 2694, 2695, 2689, 2692, 2695, 2693, 2691, 2689, 2693, 2696, 2690, 2691, 2686, 2687, 2696, 2693, 2685, 2686, 2693, 2695, 2688, 2685, 2695, 2694, 2700, 2698, 2697, 2699, 2703, 2704, 2701, 2702, 2711, 2701, 2704, 2709, 2709, 2704, 2703, 2712, 2710, 2702, 2701, 2711, 2698, 2707, 2706, 2697, 2699, 2705, 2708, 2700, 2697, 2706, 2705, 2699, 2714, 2715, 2709, 2712, 2715, 2713, 2711, 2709, 2713, 2716, 2710, 2711, 2706, 2707, 2716, 2713, 2705, 2706, 2713, 2715, 2708, 2705, 2715, 2714, 2718, 2719, 2723, 2722, 2721, 2717, 2728, 2729, 2764, 2720, 2726, 2777, 2719, 2720, 2725, 2724, 2724, 2725, 2733, 2732, 2759, 2718, 2722, 2769, 2719, 2763, 2771, 2723, 2726, 2727, 2735, 2734, 2720, 2764, 2774, 2725, 2763, 2719, 2724, 2773, 2769, 2722, 2730, 2785, 2720, 2721, 2727, 2726, 2721, 2765, 2778, 2727, 2728, 2782, 2798, 2736, 2717, 2760, 2782, 2728, 2765, 2721, 2729, 2781, 2731, 2787, 2803, 2739, 2735, 2794, 2810, 2743, 2730, 2731, 2739, 2738, 2734, 2735, 2743, 2742, 2729, 2728, 2736, 2737, 2727, 2778, 2794, 2735, 2725, 2774, 2790, 2733, 2781, 2729, 2737, 2797, 2722, 2723, 2731, 2730, 2777, 2726, 2734, 2793, 2773, 2724, 2732, 2789, 2723, 2771, 2787, 2731, 2809, 2742, 2750, 2825, 2739, 2803, 2819, 2747, 2743, 2810, 2826, 2751, 2738, 2739, 2747, 2746, 2793, 2734, 2742, 2809, 2732, 2733, 2741, 2740, 2736, 2798, 2814, 2744, 2733, 2790, 2806, 2741, 2737, 2736, 2744, 2745, 2789, 2732, 2740, 2805, 2785, 2730, 2738, 2801, 2797, 2737, 2745, 2813, 2819, 2817, 2746, 2747, 2822, 2821, 2748, 2749, 2826, 2825, 2750, 2751, 2830, 2829, 2753, 2752, 2740, 2741, 2749, 2748, 2744, 2814, 2830, 2752, 2741, 2806, 2822, 2749, 2745, 2744, 2752, 2753, 2805, 2740, 2748, 2821, 2801, 2738, 2746, 2817, 2813, 2745, 2753, 2829, 2742, 2743, 2751, 2750, 2717, 2721, 2758, 2754, 2721, 2720, 2757, 2758, 2719, 2718, 2755, 2756, 2718, 2759, 2833, 2755, 2760, 2717, 2754, 2834, 2720, 2719, 2756, 2757, 2762, 2770, 2772, 2766, 2768, 2784, 2783, 2761, 2764, 2777, 2779, 2767, 2766, 2775, 2776, 2767, 2775, 2791, 2792, 2776, 2759, 2769, 2770, 2762, 2766, 2772, 2771, 2763, 2779, 2795, 2796, 2780, 2767, 2776, 2774, 2764, 2763, 2773, 2775, 2766, 2769, 2785, 2786, 2770, 2767, 2779, 2780, 2768, 2768, 2780, 2778, 2765, 2783, 2799, 2798, 2782, 2761, 2783, 2782, 2760, 2765, 2781, 2784, 2768, 2788, 2804, 2803, 2787, 2796, 2812, 2810, 2794, 2786, 2802, 2804, 2788, 2795, 2811, 2812, 2796, 2784, 2800, 2799, 2783, 2780, 2796, 2794, 2778, 2776, 2792, 2790, 2774, 2781, 2797, 2800, 2784, 2770, 2786, 2788, 2772, 2777, 2793, 2795, 2779, 2773, 2789, 2791, 2775, 2772, 2788, 2787, 2771, 2809, 2825, 2827, 2811, 2804, 2820, 2819, 2803, 2812, 2828, 2826, 2810, 2802, 2818, 2820, 2804, 2793, 2809, 2811, 2795, 2791, 2807, 2808, 2792, 2799, 2815, 2814, 2798, 2792, 2808, 2806, 2790, 2800, 2816, 2815, 2799, 2789, 2805, 2807, 2791, 2785, 2801, 2802, 2786, 2797, 2813, 2816, 2800, 2819, 2820, 2818, 2817, 2822, 2824, 2823, 2821, 2826, 2828, 2827, 2825, 2830, 2831, 2832, 2829, 2807, 2823, 2824, 2808, 2815, 2831, 2830, 2814, 2808, 2824, 2822, 2806, 2816, 2832, 2831, 2815, 2805, 2821, 2823, 2807, 2801, 2817, 2818, 2802, 2813, 2829, 2832, 2816, 2811, 2827, 2828, 2812, 2761, 2835, 2839, 2768, 2768, 2839, 2838, 2767, 2766, 2837, 2836, 2762, 2762, 2836, 2833, 2759, 2760, 2834, 2835, 2761, 2767, 2838, 2837, 2766, 2840, 2841, 2861, 2859, 2841, 2842, 2863, 2861, 2842, 2843, 2865, 2863, 2843, 2844, 2867, 2865, 2844, 2845, 2869, 2867, 2845, 2840, 2859, 2869, 2843, 2849, 2850, 2844, 2841, 2847, 2848, 2842, 2844, 2850, 2851, 2845, 2840, 2846, 2847, 2841, 2842, 2848, 2849, 2843, 2845, 2851, 2846, 2840, 2846, 2851, 2857, 2852, 2850, 2856, 2857, 2851, 2849, 2848, 2854, 2855, 2850, 2849, 2855, 2856, 2848, 2847, 2853, 2854, 2847, 2846, 2852, 2853, 2882, 2859, 2861, 2883, 2883, 2861, 2863, 2884, 2884, 2863, 2865, 2885, 2885, 2865, 2867, 2886, 2886, 2867, 2869, 2887, 2887, 2869, 2859, 2882, 2864, 2866, 2874, 2873, 2860, 2862, 2872, 2871, 2866, 2868, 2875, 2874, 2858, 2860, 2871, 2870, 2862, 2864, 2873, 2872, 2868, 2858, 2870, 2875, 2870, 2876, 2881, 2875, 2874, 2875, 2881, 2880, 2873, 2879, 2878, 2872, 2874, 2880, 2879, 2873, 2872, 2878, 2877, 2871, 2871, 2877, 2876, 2870, 2892, 2887, 2882, 2893, 2891, 2886, 2887, 2892, 2890, 2885, 2886, 2891, 2889, 2884, 2885, 2890, 2888, 2883, 2884, 2889, 2893, 2882, 2883, 2888, 2858, 2893, 2888, 2860, 2860, 2888, 2889, 2862, 2862, 2889, 2890, 2864, 2864, 2890, 2891, 2866, 2866, 2891, 2892, 2868, 2868, 2892, 2893, 2858, 2920, 2917, 2914, 2919, 2897, 2921, 2918, 2896, 2894, 2915, 2916, 2895, 2895, 2897, 2896, 2894, 2895, 2916, 2917, 2920, 2921, 2897, 2898, 2899, 2901, 2900, 2900, 2901, 2903, 2902, 2902, 2903, 2905, 2904, 2904, 2905, 2907, 2906, 2906, 2907, 2909, 2908, 2908, 2909, 2911, 2910, 2901, 2899, 2913, 2911, 2909, 2907, 2905, 2903, 2910, 2911, 2913, 2912, 2912, 2913, 2899, 2898, 2898, 2900, 2902, 2904, 2906, 2908, 2910, 2912, 2914, 2917, 2916, 2915, 2920, 2919, 2918, 2921, 2896, 2918, 2919, 2914, 2915, 2894]
            rel material:binding = </root/_materials/Bricks>
            normal3f[] normals = [(0, -1, 0), (0, -1, 0), (0, -1, 0), (0, -1, 0), (0, 1, 0), (0, 1, 0), (0, 1, 0), (0, 1, 0), (1, 0, 0), (1, 0, 0), (1, 0, 0), (1, 0, 0), (0, 0, -1), (0, 0, -1), (0, 0, -1), (0, 0, -1), (0, 0, 1), (0, 0, 1), (0, 0, 1), (0, 0, 1), (-1, 0, 0), (-1, 0, 0), (-1, 0, 0), (-1, 0, 0), (0, 1, 0), (0, 1, 0), (0, 1, 0), (0, 1, 0), (1, 0, 0), (1, 0, 0), (1, 0, 0), (1, 0, 0), (0, -1, 0), (0, -1, 0), (0, -1, 0), (0, -1, 0), (0, 0, -1), (0, 0, -1), (0, 0, -1), (0, 0, -1), (0, 0, 1), (0, 0, 1), (0, 0, 1), (0, 0, 1), (0, -1, 0), (0, -1, 0), (0, -1, 0), (0, -1, 0), (0, 1, 0), (0, 1, 0), (0, 1, 0), (0, 1, 0), (1, 0, 0), (1, 0, 0), (1, 0, 0), (1, 0, 0), (0, 0, -0.99999994), (0, 0, -0.99999994), (0, 0, -0.99999994), (0, 0, -0.99999994), (0, 0, 0.99999994), (0, 0, 0.99999994), (0, 0, 0.99999994), (0, 0, 0.99999994), (0, -1, 0), (0, -1, 0), (0, -1, 0), (0, -1, 0), (0, 1, 0), (0, 1, 0), (0, 1, 0), (0, 1, 0), (0.99999994, 0, 0), (0.99999994, 0, 0), (0.99999994, 0, 0), (0.99999994, 0, 0), (0, 0, -1), (0, 0, -1), (0, 0, -1), (0, 0, -1), (0, 0, 1), (0, 0, 1), (0, 0, 1), (0, 0, 1), (-1.327793e-8, -1, -1.7747265e-8), (-1.327793e-8, -1, -1.7747265e-8), (-1.327793e-8, -1, -1.7747265e-8), (-1.327793e-8, -1, -1.7747265e-8), (0, 0, 1), (0, 0, 1), (0, 0, 1), (0, 0, 1), (0, 1, 2.2429825e-7), (0, 1, 2.2429825e-7), (0, 1, 2.2429825e-7), (0, 1, 2.2429825e-7), (1, 0, -8.497881e-7), (1, 0, -8.497881e-7), (1, 0, -8.497881e-7), (1, 0, -8.497881e-7), (0, 0, -1), (0, 0, -1), (0, 0, -1), (0, 0, -1), (0, 0, 1), (0, 0, 1), (0, 0, 1), (0, 0, 1), (0, -1, 0), (0, -1, 0), (0, -1, 0), (0, -1, 0), (0, 0, -1), (0, 0, -1), (0, 0, -1), (0, 0, -1), (0, 1, 6.345738e-8), (0, 1, 6.345738e-8), (0, 1, 6.345738e-8), (0, 1, 6.345738e-8), (1, 0, -8.497871e-7), (1, 0, -8.497871e-7), (1, 0, -8.497871e-7), (1, 0, -8.497871e-7), (0, 0, -1), (0, 0, -1), (0, 0, -1), (0, 0, -1), (0, 0, 0.99999994), (0, 0, 0.99999994), (0, 0, 0.99999994), (0, 0, 0.99999994), (-5.311162e-8, -1, 0), (-5.311162e-8, -1, 0), (-5.311162e-8, -1, 0), (-5.311162e-8, -1, 0), (0.99999994, 0, 0), (0.99999994, 0, 0), (0.99999994, 0, 0), (0.99999994, 0, 0), (0, 1, 0), (0, 1, 0), (0, 1, 0), (0, 1, 0), (1, 0, 0), (1, 0, 0), (1, 0, 0), (1, 0, 0), (0, 1.2138987e-7, -1), (0, 1.2138987e-7, -1), (0, 1.2138987e-7, -1), (0, 1.2138987e-7, -1), (0, -1.2138987e-7, 1), (0, -1.2138987e-7, 1), (0, -1.2138987e-7, 1), (0, -1.2138987e-7, 1), (0, 1, 0), (0, 1, 0), (0, 1, 0), (0, 1, 0), (0, -1, 0), (0, -1, 0), (0, -1, 0), (0, -1, 0), (0, -1, 0), (0, -1, 0), (0, -1, 0), (0, -1, 0), (0, 1, 0), (0, 1, 0), (0, 1, 0), (0, 1, 0), (1, 0, 0), (1, 0, 0), (1, 0, 0), (1, 0, 0), (0, 0, -1), (0, 0, -1), (0, 0, -1), (0, 0, -1), (0, 0, 1), (0, 0, 1), (0, 0, 1), (0, 0, 1), (0, -1, 0), (0, -1, 0), (0, -1, 0), (0, -1, 0), (0, 1, 0), (0, 1, 0), (0, 1, 0), (0, 1, 0), (1, 0, 0), (1, 0, 0), (1, 0, 0), (1, 0, 0), (0, 0, -1), (0, 0, -1), (0, 0, -1), (0, 0, -1), (0, 0, 1), (0, 0, 1), (0, 0, 1), (0, 0, 1), (1, 0, 0), (1, 0, 0), (1, 0, 0), (1, 0, 0), (-1, 0, 0), (-1, 0, 0), (-1, 0, 0), (-1, 0, 0), (0, 1, 0), (0, 1, 0), (0, 1, 0), (0, 1, 0), (0, 0, -1), (0, 0, -1), (0, 0, -1), (0, 0, -1), (0, 0, 1), (0, 0, 1), (0, 0, 1), (0, 0, 1), (0, -1, 0), (0, -1, 0), (0, -1, 0), (0, -1, 0), (-1, 0, 0), (-1, 0, 0), (-1, 0, 0), (-1, 0, 0), (0, 1, 0), (0, 1, 0), (0, 1, 0), (0, 1, 0), (1, 0, 0), (1, 0, 0), (1, 0, 0), (1, 0, 0), (0, 0, -1), (0, 0, -1), (0, 0, -1), (0, 0, -1), (0, 0, 1), (0, 0, 1), (0, 0, 1), (0, 0, 1), (1, 0, -4.2489344e-7), (1, 0, -4.2489344e-7), (1, 0, -4.2489344e-7), (1, 0, -4.2489344e-7), (-1, 0, 0), (-1, 0, 0), (-1, 0, 0), (-1, 0, 0), (0, 1, 2.7981358e-8), (0, 1, 2.7981358e-8), (0, 1, 2.7981358e-8), (0, 1, 2.7981358e-8), (0, 0, -1), (0, 0, -1), (0, 0, -1), (0, 0, -1), (0, 0, 1), (0, 0, 1), (0, 0, 1), (0, 0, 1), (1, 0, 0), (1, 0, 0), (1, 0, 0), (1, 0, 0), (-1, 0, 0), (-1, 0, 0), (-1, 0, 0), (-1, 0, 0), (0, 1, 0), (0, 1, 0), (0, 1, 0), (0, 1, 0), (4.3266536e-7, 0, -1), (4.3266536e-7, 0, -1), (4.3266536e-7, 0, -1), (4.3266536e-7, 0, -1), (0, 0, 1), (0, 0, 1), (0, 0, 1), (0, 0, 1), (1, 0, 0), (1, 0, 0), (1, 0, 0), (1, 0, 0), (0, 0, 1), (0, 0, 1), (0, 0, 1), (0, 0, 1), (-1, 0, 0), (-1, 0, 0), (-1, 0, 0), (-1, 0, 0), (0, 1, 0), (0, 1, 0), (0, 1, 0), (0, 1, 0), (0, 0, -1), (0, 0, -1), (0, 0, -1), (0, 0, -1), (0, 0, 1), (0, 0, 1), (0, 0, 1), (0, 0, 1), (0, 0, -1), (0, 0, -1), (0, 0, -1), (0, 0, -1), (0, 0, -1), (0, 0, -1), (0, 0, -1), (0, 0, -1), (1, 0, 0), (1, 0, 0), (1, 0, 0), (1, 0, 0), (0, 1, 0), (0, 1, 0), (0, 1, 0), (0, 1, 0), (0, 0, 1), (0, 0, 1), (0, 0, 1), (0, 0, 1), (-1, 0, 0), (-1, 0, 0), (-1, 0, 0), (-1, 0, 0), (1, 0, 0), (1, 0, 0), (1, 0, 0), (1, 0, 0), (0, 1, 0), (0, 1, 0), (0, 1, 0), (0, 1, 0), (-1, 0, 0), (-1, 0, 0), (-1, 0, 0), (-1, 0, 0), (0, 1, 0), (0, 1, 0), (0, 1, 0), (0, 1, 0), (0, 0, -1), (0, 0, -1), (0, 0, -1), (0, 0, -1), (0, 0, 1), (0, 0, 1), (0, 0, 1), (0, 0, 1), (1, 0, 0), (1, 0, 0), (1, 0, 0), (1, 0, 0), (-0.99999994, 0, 0), (-0.99999994, 0, 0), (-0.99999994, 0, 0), (-0.99999994, 0, 0), (-1, 0, 0), (-1, 0, 0), (-1, 0, 0), (-1, 0, 0), (0, 1, 0), (0, 1, 0), (0, 1, 0), (0, 1, 0), (0, 0, -1), (0, 0, -1), (0, 0, -1), (0, 0, -1), (0, 0, 1), (0, 0, 1), (0, 0, 1), (0, 0, 1), (1, 0, 0), (1, 0, 0), (1, 0, 0), (1, 0, 0), (0.99999994, 0, 0), (0.99999994, 0, 0), (0.99999994, 0, 0), (0.99999994, 0, 0), (-1, 0, 0), (-1, 0, 0), (-1, 0, 0), (-1, 0, 0), (0, 1, 0), (0, 1, 0), (0, 1, 0), (0, 1, 0), (-8.653307e-7, 0, -1), (-8.653307e-7, 0, -1), (-8.653307e-7, 0, -1), (-8.653307e-7, 0, -1), (0, 0, 1), (0, 0, 1), (0, 0, 1), (0, 0, 1), (0, 1, 0), (0, 1, 0), (0, 1, 0), (0, 1, 0), (-4.2489327e-7, -1, 0), (-4.2489327e-7, -1, 0), (-4.2489327e-7, -1, 0), (-4.2489327e-7, -1, 0), (-1, 0, 0), (-1, 0, 0), (-1, 0, 0), (-1, 0, 0), (-4.3266593e-7, 0, -1), (-4.3266593e-7, 0, -1), (-4.3266593e-7, 0, -1), (-4.3266593e-7, 0, -1), (0, 0, 1), (0, 0, 1), (0, 0, 1), (0, 0, 1), (1, -3.7860775e-7, 0), (1, -3.7860775e-7, 0), (1, -3.7860775e-7, 0), (1, -3.7860775e-7, 0), (-2.4277978e-7, -1, 0), (-2.4277978e-7, -1, 0), (-2.4277978e-7, -1, 0), (-2.4277978e-7, -1, 0), (-1, 0, 0), (-1, 0, 0), (-1, 0, 0), (-1, 0, 0), (0, 1, 0), (0, 1, 0), (0, 1, 0), (0, 1, 0), (0, 0, -1), (0, 0, -1), (0, 0, -1), (0, 0, -1), (0, 0, 1), (0, 0, 1), (0, 0, 1), (0, 0, 1), (4.2489313e-7, 1, 0), (4.2489313e-7, 1, 0), (4.2489313e-7, 1, 0), (4.2489313e-7, 1, 0), (0, -1, 0), (0, -1, 0), (0, -1, 0), (0, -1, 0), (-1, 0, 0), (-1, 0, 0), (-1, 0, 0), (-1, 0, 0), (-8.653314e-7, 0, -1), (-8.653314e-7, 0, -1), (-8.653314e-7, 0, -1), (-8.653314e-7, 0, -1), (0, 0, 1), (0, 0, 1), (0, 0, 1), (0, 0, 1), (0, 1, 0), (0, 1, 0), (0, 1, 0), (0, 1, 0), (0, -1, 0), (0, -1, 0), (0, -1, 0), (0, -1, 0), (-0.99999994, 0, 0), (-0.99999994, 0, 0), (-0.99999994, 0, 0), (-0.99999994, 0, 0), (0, 0, -1), (0, 0, -1), (0, 0, -1), (0, 0, -1), (0, 0, 1), (0, 0, 1), (0, 0, 1), (0, 0, 1), (4.6472728e-8, 1, 0), (4.6472728e-8, 1, 0), (4.6472728e-8, 1, 0), (4.6472728e-8, 1, 0), (0, 0, 1), (0, 0, 1), (0, 0, 1), (0, 0, 1), (0, -1, 0), (0, -1, 0), (0, -1, 0), (0, -1, 0), (-1, 0, 0), (-1, 0, 0), (-1, 0, 0), (-1, 0, 0), (0, 0, -1), (0, 0, -1), (0, 0, -1), (0, 0, -1), (0, 0, 1), (0, 0, 1), (0, 0, 1), (0, 0, 1), (4.2489296e-7, 1, 0), (4.2489296e-7, 1, 0), (4.2489296e-7, 1, 0), (4.2489296e-7, 1, 0), (0, 0, -1), (0, 0, -1), (0, 0, -1), (0, 0, -1), (-4.2489296e-7, -1, 0), (-4.2489296e-7, -1, 0), (-4.2489296e-7, -1, 0), (-4.2489296e-7, -1, 0), (-1, 0, 0), (-1, 0, 0), (-1, 0, 0), (-1, 0, 0), (0, 0, -1), (0, 0, -1), (0, 0, -1), (0, 0, -1), (0, 0, 1), (0, 0, 1), (0, 0, 1), (0, 0, 1), (5.311162e-8, 1, 0), (5.311162e-8, 1, 0), (5.311162e-8, 1, 0), (5.311162e-8, 1, 0), (-0.99999994, 0, 0), (-0.99999994, 0, 0), (-0.99999994, 0, 0), (-0.99999994, 0, 0), (0, -1, 0), (0, -1, 0), (0, -1, 0), (0, -1, 0), (-1, 0, 0), (-1, 0, 0), (-1, 0, 0), (-1, 0, 0), (0, 0, -1), (0, 0, -1), (0, 0, -1), (0, 0, -1), (0, 0, 1), (0, 0, 1), (0, 0, 1), (0, 0, 1), (-4.2489353e-7, -1, 0), (-4.2489353e-7, -1, 0), (-4.2489353e-7, -1, 0), (-4.2489353e-7, -1, 0), (0, 1, 0), (0, 1, 0), (0, 1, 0), (0, 1, 0), (0, 1, 0), (0, 1, 0), (0, 1, 0), (0, 1, 0), (0, -1, 0), (0, -1, 0), (0, -1, 0), (0, -1, 0), (-1, 0, 0), (-1, 0, 0), (-1, 0, 0), (-1, 0, 0), (0, 0, -1), (0, 0, -1), (0, 0, -1), (0, 0, -1), (0, 0, 1), (0, 0, 1), (0, 0, 1), (0, 0, 1), (-1, 0, 0), (-1, 0, 0), (-1, 0, 0), (-1, 0, 0), (1, -3.7860818e-7, 0), (1, -3.7860818e-7, 0), (1, -3.7860818e-7, 0), (1, -3.7860818e-7, 0), (0, -1, 0), (0, -1, 0), (0, -1, 0), (0, -1, 0), (0, 0, -1), (0, 0, -1), (0, 0, -1), (0, 0, -1), (0, 0, 1), (0, 0, 1), (0, 0, 1), (0, 0, 1), (4.2489296e-7, 1, 0), (4.2489296e-7, 1, 0), (4.2489296e-7, 1, 0), (4.2489296e-7, 1, 0), (1, -2.1633278e-7, 0), (1, -2.1633278e-7, 0), (1, -2.1633278e-7, 0), (1, -2.1633278e-7, 0), (0, -1, 0), (0, -1, 0), (0, -1, 0), (0, -1, 0), (-1, 0, 0), (-1, 0, 0), (-1, 0, 0), (-1, 0, 0), (-4.3266547e-7, 0, -1), (-4.3266547e-7, 0, -1), (-4.3266547e-7, 0, -1), (-4.3266547e-7, 0, -1), (0, 0, 1), (0, 0, 1), (0, 0, 1), (0, 0, 1), (-1, 3.7860804e-7, 0), (-1, 3.7860804e-7, 0), (-1, 3.7860804e-7, 0), (-1, 3.7860804e-7, 0), (1, 0, 0), (1, 0, 0), (1, 0, 0), (1, 0, 0), (0, -1, 0), (0, -1, 0), (0, -1, 0), (0, -1, 0), (0, 0, -1), (0, 0, -1), (0, 0, -1), (0, 0, -1), (0, 0, 1), (0, 0, 1), (0, 0, 1), (0, 0, 1), (-1, 0, 0), (-1, 0, 0), (-1, 0, 0), (-1, 0, 0), (8.6533186e-7, 0, 1), (8.6533186e-7, 0, 1), (8.6533186e-7, 0, 1), (8.6533186e-7, 0, 1), (1, -3.7860775e-7, 0), (1, -3.7860775e-7, 0), (1, -3.7860775e-7, 0), (1, -3.7860775e-7, 0), (0, -1, 0), (0, -1, 0), (0, -1, 0), (0, -1, 0), (4.326652e-7, 0, -1), (4.326652e-7, 0, -1), (4.326652e-7, 0, -1), (4.326652e-7, 0, -1), (0, 0, 1), (0, 0, 1), (0, 0, 1), (0, 0, 1), (0, 0, -1), (0, 0, -1), (0, 0, -1), (0, 0, -1), (0, -1, 0), (0, -1, 0), (0, -1, 0), (0, -1, 0), (-1, 0, 0), (-1, 0, 0), (-1, 0, 0), (-1, 0, 0), (0.99999994, -3.786089e-7, 0), (0.99999994, -3.786089e-7, 0), (0.99999994, -3.786089e-7, 0), (0.99999994, -3.786089e-7, 0), (1, -3.7860775e-7, 0), (1, -3.7860775e-7, 0), (1, -3.7860775e-7, 0), (1, -3.7860775e-7, 0), (0, -1, 0), (0, -1, 0), (0, -1, 0), (0, -1, 0), (0, 0, -1), (0, 0, -1), (0, 0, -1), (0, 0, -1), (0, 0, 1), (0, 0, 1), (0, 0, 1), (0, 0, 1), (-1, 0, 0), (-1, 0, 0), (-1, 0, 0), (-1, 0, 0), (-0.01665138, 0.0012157699, 0.9998606), (-0.016651167, -0.0012150158, 0.9998606), (-0.009850599, -0.008336522, 0.9999167), (-0.009850451, 0.008336723, 0.9999167), (0, -1, 0), (0, -1, 0), (0, -1, 0), (0, -1, 0), (0, 1, 0), (0, 1, 0), (0, 1, 0), (0, 1, 0), (0.7064444, -0.70776856, 0), (0.7064444, -0.70776856, 0), (0.7064444, -0.70776856, 0), (0.7064444, -0.70776856, 0), (-0.7064444, 0.70776856, 0), (-0.7064444, 0.70776856, 0), (-0.7064444, 0.70776856, 0), (-0.7064444, 0.70776856, 0), (1, 0, 0), (1, 0, 0), (1, 0, 0), (1, 0, 0), (-1, 0, 0), (-1, 0, 0), (-1, 0, 0), (-1, 0, 0), (0.7064444, 0.70776856, 0), (0.7064444, 0.70776856, 0), (0.7064444, 0.70776856, 0), (0.7064444, 0.70776856, 0), (-0.7064444, -0.70776856, 0), (-0.7064444, -0.70776856, 0), (-0.7064444, -0.70776856, 0), (-0.7064444, -0.70776856, 0), (0.01665138, -0.0012157699, 0.9998606), (0.016651167, 0.0012150158, 0.9998606), (0.009850599, 0.008336522, 0.9999167), (0.009850451, -0.008336723, 0.9999167), (-0.016651167, -0.0012150158, 0.9998606), (-0.0012237863, -0.016671868, 0.99986017), (-0.008315942, -0.009874716, 0.9999166), (-0.009850599, -0.008336522, 0.9999167), (0.016651167, 0.0012150158, 0.9998606), (0.0012237863, 0.016671868, 0.99986017), (0.008315942, 0.009874716, 0.9999166), (0.009850599, 0.008336522, 0.9999167), (0.0012237863, 0.016671868, 0.99986017), (-0.0012235588, 0.016672231, 0.9998602), (-0.008314861, 0.009873962, 0.9999167), (0.008315942, 0.009874716, 0.9999166), (-0.0012237863, -0.016671868, 0.99986017), (0.0012235588, -0.016672231, 0.9998602), (0.008314861, -0.009873962, 0.9999167), (-0.008315942, -0.009874716, 0.9999166), (-0.0012235588, 0.016672231, 0.9998602), (-0.01665138, 0.0012157699, 0.9998606), (-0.009850451, 0.008336723, 0.9999167), (-0.008314861, 0.009873962, 0.9999167), (0.0012235588, -0.016672231, 0.9998602), (0.01665138, -0.0012157699, 0.9998606), (0.009850451, -0.008336723, 0.9999167), (0.008314861, -0.009873962, 0.9999167), (-8.81871e-9, 0, -1), (-8.81871e-9, 0, -1), (-8.81871e-9, 0, -1), (-8.81871e-9, 0, -1), (-8.81871e-9, 0, -1), (-8.81871e-9, 0, -1), (-8.81871e-9, 0, -1), (-8.81871e-9, 0, -1), (0, 0, -1), (0, 0, -1), (0, 0, -1), (0, 0, -1), (0, 0, -1), (0, 0, -1), (0, 0, -1), (0, 0, -1), (0.00000170974, 0, 1), (0.0000028761367, 0, 1), (0.0000036855579, 0, 1), (0.0000029658688, 0, 1), (0, -1, 0), (0, -1, 0), (0, -1, 0), (0, -1, 0), (0, 1, 0), (0, 1, 0), (0, 1, 0), (0, 1, 0), (0.70710725, -0.70710635, 0), (0.70710725, -0.70710635, 0), (0.70710725, -0.70710635, 0), (0.70710725, -0.70710635, 0), (-0.70710725, 0.70710635, 0), (-0.70710725, 0.70710635, 0), (-0.70710725, 0.70710635, 0), (-0.70710725, 0.70710635, 0), (1, 0, 0), (1, 0, 0), (1, 0, 0), (1, 0, 0), (-1, 0, 0), (-1, 0, 0), (-1, 0, 0), (-1, 0, 0), (0.70710725, 0.70710635, 0), (0.70710725, 0.70710635, 0), (0.70710725, 0.70710635, 0), (0.70710725, 0.70710635, 0), (-0.70710725, -0.70710635, 0), (-0.70710725, -0.70710635, 0), (-0.70710725, -0.70710635, 0), (-0.70710725, -0.70710635, 0), (0, -1, 0), (0, -1, 0), (0, -1, 0), (0, -1, 0), (-0.00000170974, 0, 1), (-0.0000028761367, 0, 1), (-0.0000036855579, 0, 1), (-0.0000029658688, 0, 1), (0.0000028761367, 0, 1), (0.0000011663966, 0, 1), (7.1968907e-7, 0, 1), (0.0000036855579, 0, 1), (-0.0000028761367, 0, 1), (-0.0000011663966, 0, 1), (-7.1968907e-7, 0, 1), (-0.0000036855579, 0, 1), (-0.0000011663966, 0, 1), (0, 0, 1), (0, 0, 1), (-7.1968907e-7, 0, 1), (0.0000011663966, 0, 1), (0, 0, 1), (0, 0, 1), (7.1968907e-7, 0, 1), (0, 0, 1), (0.00000170974, 0, 1), (0.0000029658688, 0, 1), (0, 0, 1), (0, 0, 1), (-0.00000170974, 0, 1), (-0.0000029658688, 0, 1), (0, 0, 1), (-2.9893307e-8, 0, 1), (-2.9893307e-8, 0, 1), (-2.9893307e-8, 0, 1), (-2.9893307e-8, 0, 1), (-2.9893307e-8, 0, 1), (-2.9893307e-8, 0, 1), (-2.9893307e-8, 0, 1), (-2.9893307e-8, 0, 1), (-0.70710766, 0.7071059, 0), (-0.70710766, 0.7071059, 0), (-0.70710766, 0.7071059, 0), (-0.70710766, 0.7071059, 0), (0.70710766, -0.7071059, 0), (0.70710766, -0.7071059, 0), (0.70710766, -0.7071059, 0), (0.70710766, -0.7071059, 0), (-1, 0, 0), (-1, 0, 0), (-1, 0, 0), (-1, 0, 0), (1, 0, 0), (1, 0, 0), (1, 0, 0), (1, 0, 0), (-0.70710766, -0.7071059, 0), (-0.70710766, -0.7071059, 0), (-0.70710766, -0.7071059, 0), (-0.70710766, -0.7071059, 0), (0.70710766, 0.7071059, 0), (0.70710766, 0.7071059, 0), (0.70710766, 0.7071059, 0), (0.70710766, 0.7071059, 0), (0, 1, 0), (0, 1, 0), (0, 1, 0), (0, 1, 0), (-0.7071067, -0.70710695, 0), (-0.7071067, -0.70710695, 0), (-0.7071067, -0.70710695, 0), (-0.7071067, -0.70710695, 0), (0, -1, 0), (0, -1, 0), (0, -1, 0), (0, -1, 0), (0, 1, 0), (0, 1, 0), (0, 1, 0), (0, 1, 0), (0.7071067, -0.70710695, 0), (0.7071067, -0.70710695, 0), (0.7071067, -0.70710695, 0), (0.7071067, -0.70710695, 0), (-0.7071067, 0.70710695, 0), (-0.7071067, 0.70710695, 0), (-0.7071067, 0.70710695, 0), (-0.7071067, 0.70710695, 0), (1, 0, 0), (1, 0, 0), (1, 0, 0), (1, 0, 0), (-1, 0, 0), (-1, 0, 0), (-1, 0, 0), (-1, 0, 0), (0.7071067, 0.70710695, 0), (0.7071067, 0.70710695, 0), (0.7071067, 0.70710695, 0), (0.7071067, 0.70710695, 0), (7.11381e-8, 0, 1), (2.6635078e-7, 0, 1), (1.6434348e-7, 0, 1), (-1.742901e-7, 0, 1), (0, 0, 1), (0, 0, 1), (0, 0, 1), (0, 0, 1), (-2.6635078e-7, 0, 1), (0, 0, 1), (0, 0, 1), (-1.643435e-7, 0, 1), (0, 0, 1), (1.9521266e-7, 0, 1), (3.3863358e-7, 0, 1), (0, 0, 1), (0, 0, 1), (-1.9521266e-7, 0, 1), (-3.3863358e-7, 0, 1), (0, 0, 1), (1.9521266e-7, 0, 1), (-7.11381e-8, 0, 1), (1.742901e-7, 0, 1), (3.3863358e-7, 0, 1), (-1.9521266e-7, 0, 1), (7.11381e-8, 0, 1), (-1.742901e-7, 0, 1), (-3.3863358e-7, 0, 1), (-7.11381e-8, 0, 1), (-2.6635078e-7, 0, 1), (-1.643435e-7, 0, 1), (1.742901e-7, 0, 1), (2.6635078e-7, 0, 1), (0, 0, 1), (0, 0, 1), (1.6434348e-7, 0, 1), (0, -1, 0), (0, -1, 0), (0, -1, 0), (0, -1, 0), (-1, 2.2399017e-7, 0), (-1, 2.2399017e-7, 0), (-1, 2.2399017e-7, 0), (-1, 2.2399017e-7, 0), (1, -5.9515433e-8, 0), (1, -5.9515433e-8, 0), (1, -5.9515433e-8, 0), (1, -5.9515433e-8, 0), (1, 0, 0), (1, 0, 0), (1, 0, 0), (1, 0, 0), (-1, 0, 0), (-1, 0, 0), (-1, 0, 0), (-1, 0, 0), (4.992835e-7, 1, 0), (4.992835e-7, 1, 0), (4.992835e-7, 1, 0), (4.992835e-7, 1, 0), (0.001854513, -0.00769064, -0.99996865), (0.001854513, -0.00769064, -0.99996865), (0.001854513, -0.00769064, -0.99996865), (0.001854513, -0.00769064, -0.99996865), (1, 0, 0), (1, 0, 0), (1, 0, 0), (1, 0, 0), (-1, -3.8530348e-7, 0), (-1, -3.8530348e-7, 0), (-1, -3.8530348e-7, 0), (-1, -3.8530348e-7, 0), (2.3361903e-8, 0, 1), (2.3361903e-8, 0, 1), (2.3361903e-8, 0, 1), (2.3361903e-8, 0, 1), (0, 1, 0), (0, 1, 0), (0, 1, 0), (0, 1, 0), (0.018711505, -0.0044016372, -0.99981517), (0.018711505, -0.0044016372, -0.99981517), (0.018711505, -0.0044016372, -0.99981517), (0.018711505, -0.0044016372, -0.99981517), (1, 0, 0), (1, 0, 0), (1, 0, 0), (1, 0, 0), (-0.99999994, 0, 0), (-0.99999994, 0, 0), (-0.99999994, 0, 0), (-0.99999994, 0, 0), (-0.008535798, 0.070158206, 0.99749935), (-0.008535798, 0.070158206, 0.99749935), (-0.008535798, 0.070158206, 0.99749935), (-0.008535798, 0.070158206, 0.99749935), (4.992833e-7, 1, 0), (4.992833e-7, 1, 0), (4.992833e-7, 1, 0), (4.992833e-7, 1, 0), (-0.03702649, -0.13366534, -0.9903346), (-0.03702649, -0.13366534, -0.9903346), (-0.03702649, -0.13366534, -0.9903346), (-0.03702649, -0.13366534, -0.9903346), (-0.017486664, -0.021148575, 0.9996234), (-0.017486664, -0.021148575, 0.9996234), (-0.017486664, -0.021148575, 0.9996234), (-0.017486664, -0.021148575, 0.9996234), (1, -6.801485e-7, 0), (1, -6.801485e-7, 0), (1, -6.801485e-7, 0), (1, -6.801485e-7, 0), (-1, 3.3133577e-7, 0), (-1, 3.3133577e-7, 0), (-1, 3.3133577e-7, 0), (-1, 3.3133577e-7, 0), (4.992836e-7, 1, 0), (4.992836e-7, 1, 0), (4.992836e-7, 1, 0), (4.992836e-7, 1, 0), (0.01575633, -0.022824032, -0.9996154), (0.01575633, -0.022824032, -0.9996154), (0.01575633, -0.022824032, -0.9996154), (0.01575633, -0.022824032, -0.9996154), (1, 0, 0), (1, 0, 0), (1, 0, 0), (1, 0, 0), (-1, 4.201733e-7, 0), (-1, 4.201733e-7, 0), (-1, 4.201733e-7, 0), (-1, 4.201733e-7, 0), (-0.0010802258, 0.0015647332, 0.9999982), (-0.0010802258, 0.0015647332, 0.9999982), (-0.0010802258, 0.0015647332, 0.9999982), (-0.0010802258, 0.0015647332, 0.9999982), (4.992838e-7, 1, 0), (4.992838e-7, 1, 0), (4.992838e-7, 1, 0), (4.992838e-7, 1, 0), (-0.027181465, -0.048668135, -0.9984451), (-0.027181465, -0.048668135, -0.9984451), (-0.027181465, -0.048668135, -0.9984451), (-0.027181465, -0.048668135, -0.9984451), (1, 0, 0), (1, 0, 0), (1, 0, 0), (1, 0, 0), (-1, -3.799066e-7, 0), (-1, -3.799066e-7, 0), (-1, -3.799066e-7, 0), (-1, -3.799066e-7, 0), (0.011652336, -0.020393152, 0.9997241), (0.011652336, -0.020393152, 0.9997241), (0.011652336, -0.020393152, 0.9997241), (0.011652336, -0.020393152, 0.9997241), (4.992836e-7, 1, 0), (4.992836e-7, 1, 0), (4.992836e-7, 1, 0), (4.992836e-7, 1, 0), (0.012582958, -0.02202155, -0.9996783), (0.012582958, -0.02202155, -0.9996783), (0.012582958, -0.02202155, -0.9996783), (0.012582958, -0.02202155, -0.9996783), (0.01211181, 0.008881126, 0.9998872), (0.01211181, 0.008881126, 0.9998872), (0.01211181, 0.008881126, 0.9998872), (0.01211181, 0.008881126, 0.9998872), (1, 0, 0), (1, 0, 0), (1, 0, 0), (1, 0, 0), (-1, 3.8478836e-7, 0), (-1, 3.8478836e-7, 0), (-1, 3.8478836e-7, 0), (-1, 3.8478836e-7, 0), (0, 1, 0), (0, 1, 0), (0, 1, 0), (0, 1, 0), (0.023835298, -0.02321751, -0.9994462), (0.023835298, -0.02321751, -0.9994462), (0.023835298, -0.02321751, -0.9994462), (0.023835298, -0.02321751, -0.9994462), (1, -3.8866256e-7, 0), (1, -3.8866256e-7, 0), (1, -3.8866256e-7, 0), (1, -3.8866256e-7, 0), (-1, 3.1165e-7, 0), (-1, 3.1165e-7, 0), (-1, 3.1165e-7, 0), (-1, 3.1165e-7, 0), (0.009121707, 0.035824843, 0.9993164), (0.009121707, 0.035824843, 0.9993164), (0.009121707, 0.035824843, 0.9993164), (0.009121707, 0.035824843, 0.9993164), (4.9928366e-7, 1, 0), (4.9928366e-7, 1, 0), (4.9928366e-7, 1, 0), (4.9928366e-7, 1, 0), (-0.020910885, -0.0365965, -0.99911135), (-0.020910885, -0.0365965, -0.99911135), (-0.020910885, -0.0365965, -0.99911135), (-0.020910885, -0.0365965, -0.99911135), (1, 0, 0), (1, 0, 0), (1, 0, 0), (1, 0, 0), (-1, 5.8586e-7, 0), (-1, 5.8586e-7, 0), (-1, 5.8586e-7, 0), (-1, 5.8586e-7, 0), (-0.017123735, 0.013200126, 0.9997663), (-0.017123735, 0.013200126, 0.9997663), (-0.017123735, 0.013200126, 0.9997663), (-0.017123735, 0.013200126, 0.9997663), (0, 1, 0), (0, 1, 0), (0, 1, 0), (0, 1, 0), (0.017709816, -0.03099434, -0.9993626), (0.017709816, -0.03099434, -0.9993626), (0.017709816, -0.03099434, -0.9993626), (0.017709816, -0.03099434, -0.9993626), (0.001989633, 0.0034819795, 0.9999919), (0.001989633, 0.0034819795, 0.9999919), (0.001989633, 0.0034819795, 0.9999919), (0.001989633, 0.0034819795, 0.9999919), (1, -5.0214e-7, 0), (1, -5.0214e-7, 0), (1, -5.0214e-7, 0), (1, -5.0214e-7, 0), (-1, 2.6312793e-7, 0), (-1, 2.6312793e-7, 0), (-1, 2.6312793e-7, 0), (-1, 2.6312793e-7, 0), (4.992836e-7, 1, 0), (4.992836e-7, 1, 0), (4.992836e-7, 1, 0), (4.992836e-7, 1, 0), (0.019257966, -0.027326802, -0.9994411), (0.019257966, -0.027326802, -0.9994411), (0.019257966, -0.027326802, -0.9994411), (0.019257966, -0.027326802, -0.9994411), (1, -4.0354453e-7, 0), (1, -4.0354453e-7, 0), (1, -4.0354453e-7, 0), (1, -4.0354453e-7, 0), (-1, 3.9391583e-7, 0), (-1, 3.9391583e-7, 0), (-1, 3.9391583e-7, 0), (-1, 3.9391583e-7, 0), (-0.00021600083, -0.041005526, 0.9991589), (-0.00021600083, -0.041005526, 0.9991589), (-0.00021600083, -0.041005526, 0.9991589), (-0.00021600083, -0.041005526, 0.9991589), (0, 1, 0), (0, 1, 0), (0, 1, 0), (0, 1, 0), (-0.017317066, -0.04630439, -0.9987772), (-0.017317066, -0.04630439, -0.9987772), (-0.017317066, -0.04630439, -0.9987772), (-0.017317066, -0.04630439, -0.9987772), (1, -3.3133594e-7, 0), (1, -3.3133594e-7, 0), (1, -3.3133594e-7, 0), (1, -3.3133594e-7, 0), (-1, 2.5042698e-7, 0), (-1, 2.5042698e-7, 0), (-1, 2.5042698e-7, 0), (-1, 2.5042698e-7, 0), (0.031151751, 0.041266784, 0.9986625), (0.031151751, 0.041266784, 0.9986625), (0.031151751, 0.041266784, 0.9986625), (0.031151751, 0.041266784, 0.9986625), (4.9928366e-7, 1, 0), (4.9928366e-7, 1, 0), (4.9928366e-7, 1, 0), (4.9928366e-7, 1, 0), (-0.0158194, 0.022915374, -0.9996122), (-0.0158194, 0.022915374, -0.9996122), (-0.0158194, 0.022915374, -0.9996122), (-0.0158194, 0.022915374, -0.9996122), (0.01143073, -0.016558181, 0.9997975), (0.01143073, -0.016558181, 0.9997975), (0.01143073, -0.016558181, 0.9997975), (0.01143073, -0.016558181, 0.9997975), (0.99999994, -3.079009e-7, 0), (0.99999994, -3.079009e-7, 0), (0.99999994, -3.079009e-7, 0), (0.99999994, -3.079009e-7, 0), (-1, 4.2040855e-7, 0), (-1, 4.2040855e-7, 0), (-1, 4.2040855e-7, 0), (-1, 4.2040855e-7, 0), (4.9928366e-7, 1, 0), (4.9928366e-7, 1, 0), (4.9928366e-7, 1, 0), (4.9928366e-7, 1, 0), (-0.027294077, -0.025413707, -0.99930435), (-0.027294077, -0.025413707, -0.99930435), (-0.027294077, -0.025413707, -0.99930435), (-0.027294077, -0.025413707, -0.99930435), (1, -3.6324926e-7, 0), (1, -3.6324926e-7, 0), (1, -3.6324926e-7, 0), (1, -3.6324926e-7, 0), (-1, 3.9299405e-7, 0), (-1, 3.9299405e-7, 0), (-1, 3.9299405e-7, 0), (-1, 3.9299405e-7, 0), (-0.0321837, 0.013515758, 0.9993906), (-0.0321837, 0.013515758, 0.9993906), (-0.0321837, 0.013515758, 0.9993906), (-0.0321837, 0.013515758, 0.9993906), (4.992836e-7, 1, 0), (4.992836e-7, 1, 0), (4.992836e-7, 1, 0), (4.992836e-7, 1, 0), (0.035823714, 0.02952834, -0.99892175), (0.035823714, 0.02952834, -0.99892175), (0.035823714, 0.02952834, -0.99892175), (0.035823714, 0.02952834, -0.99892175), (0.99999994, -3.129861e-7, 0), (0.99999994, -3.129861e-7, 0), (0.99999994, -3.129861e-7, 0), (0.99999994, -3.129861e-7, 0), (-1, 3.1019712e-7, 0), (-1, 3.1019712e-7, 0), (-1, 3.1019712e-7, 0), (-1, 3.1019712e-7, 0), (-0.004796531, 0.07686564, 0.9970299), (-0.004796531, 0.07686564, 0.9970299), (-0.004796531, 0.07686564, 0.9970299), (-0.004796531, 0.07686564, 0.9970299), (4.9928366e-7, 1, 0), (4.9928366e-7, 1, 0), (4.9928366e-7, 1, 0), (4.9928366e-7, 1, 0), (-0.027837241, -0.048718467, -0.99842453), (-0.027837241, -0.048718467, -0.99842453), (-0.027837241, -0.048718467, -0.99842453), (-0.027837241, -0.048718467, -0.99842453), (-0.012855325, 0.040206894, 0.9991086), (-0.012855325, 0.040206894, 0.9991086), (-0.012855325, 0.040206894, 0.9991086), (-0.012855325, 0.040206894, 0.9991086), (1, -1.914638e-7, 0), (1, -1.914638e-7, 0), (1, -1.914638e-7, 0), (1, -1.914638e-7, 0), (-1, 3.8944412e-7, 0), (-1, 3.8944412e-7, 0), (-1, 3.8944412e-7, 0), (-1, 3.8944412e-7, 0), (0, 1, 0), (0, 1, 0), (0, 1, 0), (0, 1, 0), (0.012473796, 0.021830613, -0.99968386), (0.012473796, 0.021830613, -0.99968386), (0.012473796, 0.021830613, -0.99968386), (0.012473796, 0.021830613, -0.99968386), (1, -3.35444e-7, 0), (1, -3.35444e-7, 0), (1, -3.35444e-7, 0), (1, -3.35444e-7, 0), (-1, 3.347013e-7, 0), (-1, 3.347013e-7, 0), (-1, 3.347013e-7, 0), (-1, 3.347013e-7, 0), (-0.022368703, 0.09338311, 0.995379), (-0.022368703, 0.09338311, 0.995379), (-0.022368703, 0.09338311, 0.995379), (-0.022368703, 0.09338311, 0.995379), (4.992838e-7, 1, 0), (4.992838e-7, 1, 0), (4.992838e-7, 1, 0), (4.992838e-7, 1, 0), (0.0012522512, -0.0018139341, -0.9999975), (0.0012522512, -0.0018139341, -0.9999975), (0.0012522512, -0.0018139341, -0.9999975), (0.0012522512, -0.0018139341, -0.9999975), (1, -3.114438e-7, 0), (1, -3.114438e-7, 0), (1, -3.114438e-7, 0), (1, -3.114438e-7, 0), (-1, 4.003128e-7, 0), (-1, 4.003128e-7, 0), (-1, 4.003128e-7, 0), (-1, 4.003128e-7, 0), (-6.170963e-8, 0, 1), (-6.170963e-8, 0, 1), (-6.170963e-8, 0, 1), (-6.170963e-8, 0, 1), (0, 1, 0), (0, 1, 0), (0, 1, 0), (0, 1, 0), (0.020547658, 0.035960723, -0.99914193), (0.020547658, 0.035960723, -0.99914193), (0.020547658, 0.035960723, -0.99914193), (0.020547658, 0.035960723, -0.99914193), (0, 0, 1), (0, 0, 1), (0, 0, 1), (0, 0, 1), (1, -6.1372054e-7, 0), (1, -6.1372054e-7, 0), (1, -6.1372054e-7, 0), (1, -6.1372054e-7, 0), (-1, 3.9689493e-7, 0), (-1, 3.9689493e-7, 0), (-1, 3.9689493e-7, 0), (-1, 3.9689493e-7, 0), (4.9928366e-7, 1, 0), (4.9928366e-7, 1, 0), (4.9928366e-7, 1, 0), (4.9928366e-7, 1, 0), (0.028838318, -0.041804682, -0.99870956), (0.028838318, -0.041804682, -0.99870956), (0.028838318, -0.041804682, -0.99870956), (0.028838318, -0.041804682, -0.99870956), (1, 3.807641e-7, 0), (1, 3.807641e-7, 0), (1, 3.807641e-7, 0), (1, 3.807641e-7, 0), (-1, 0, 0), (-1, 0, 0), (-1, 0, 0), (-1, 0, 0), (-0.011606254, -0.042831056, 0.9990149), (-0.011606254, -0.042831056, 0.9990149), (-0.011606254, -0.042831056, 0.9990149), (-0.011606254, -0.042831056, 0.9990149), (0, 1, 0), (0, 1, 0), (0, 1, 0), (0, 1, 0), (-0.03202051, 0.012904789, -0.9994039), (-0.03202051, 0.012904789, -0.9994039), (-0.03202051, 0.012904789, -0.9994039), (-0.03202051, 0.012904789, -0.9994039), (1, -4.013889e-7, 0), (1, -4.013889e-7, 0), (1, -4.013889e-7, 0), (1, -4.013889e-7, 0), (-1, -4.316383e-7, 0), (-1, -4.316383e-7, 0), (-1, -4.316383e-7, 0), (-1, -4.316383e-7, 0), (-0.021640267, 0.06058518, 0.99792844), (-0.021640267, 0.06058518, 0.99792844), (-0.021640267, 0.06058518, 0.99792844), (-0.021640267, 0.06058518, 0.99792844), (4.9928354e-7, 1, 0), (4.9928354e-7, 1, 0), (4.9928354e-7, 1, 0), (4.9928354e-7, 1, 0), (-0.019179655, -0.006052944, -0.9997977), (-0.019179655, -0.006052944, -0.9997977), (-0.019179655, -0.006052944, -0.9997977), (-0.019179655, -0.006052944, -0.9997977), (-0.02074756, -0.0064137424, 0.9997642), (-0.02074756, -0.0064137424, 0.9997642), (-0.02074756, -0.0064137424, 0.9997642), (-0.02074756, -0.0064137424, 0.9997642), (1, 0, 0), (1, 0, 0), (1, 0, 0), (1, 0, 0), (-1, -7.7409896e-7, 0), (-1, -7.7409896e-7, 0), (-1, -7.7409896e-7, 0), (-1, -7.7409896e-7, 0), (4.992835e-7, 1, 0), (4.992835e-7, 1, 0), (4.992835e-7, 1, 0), (4.992835e-7, 1, 0), (0.011484756, 0.020099677, -0.99973196), (0.011484756, 0.020099677, -0.99973196), (0.011484756, 0.020099677, -0.99973196), (0.011484756, 0.020099677, -0.99973196), (1, 0, 0), (1, 0, 0), (1, 0, 0), (1, 0, 0), (-1, 0.0000022332083, 0), (-1, 0.0000022332083, 0), (-1, 0.0000022332083, 0), (-1, 0.0000022332083, 0), (0.0017423589, 0.001121308, 0.99999785), (0.0017423589, 0.001121308, 0.99999785), (0.0017423589, 0.001121308, 0.99999785), (0.0017423589, 0.001121308, 0.99999785), (6.458948e-7, 1, 0), (6.458948e-7, 1, 0), (6.458948e-7, 1, 0), (6.458948e-7, 1, 0), (-0.0067774425, 0.0013738063, -0.99997616), (-0.0067774425, 0.0013738063, -0.99997616), (-0.0067774425, 0.0013738063, -0.99997616), (-0.0067774425, 0.0013738063, -0.99997616), (1, -4.0030903e-7, 0), (1, -4.0030903e-7, 0), (1, -4.0030903e-7, 0), (1, -4.0030903e-7, 0), (-1, 7.9182036e-7, 0), (-1, 7.9182036e-7, 0), (-1, 7.9182036e-7, 0), (-1, 7.9182036e-7, 0), (0.0052361684, 0.009858803, 0.9999377), (0.0052361684, 0.009858803, 0.9999377), (0.0052361684, 0.009858803, 0.9999377), (0.0052361684, 0.009858803, 0.9999377), (4.992836e-7, 1, 0), (4.992836e-7, 1, 0), (4.992836e-7, 1, 0), (4.992836e-7, 1, 0), (0.011827905, -0.020700337, -0.99971575), (0.011827905, -0.020700337, -0.99971575), (0.011827905, -0.020700337, -0.99971575), (0.011827905, -0.020700337, -0.99971575), (-0.0054799234, 0.03181832, 0.99947864), (-0.0054799234, 0.03181832, 0.99947864), (-0.0054799234, 0.03181832, 0.99947864), (-0.0054799234, 0.03181832, 0.99947864), (-3.2294713e-7, -1, 0), (-3.2294713e-7, -1, 0), (-3.2294713e-7, -1, 0), (-3.2294713e-7, -1, 0), (-2.4964174e-7, -1, 0), (-2.4964174e-7, -1, 0), (-2.4964174e-7, -1, 0), (-2.4964174e-7, -1, 0), (-2.4964177e-7, -1, 0), (-2.4964177e-7, -1, 0), (-2.4964177e-7, -1, 0), (-2.4964177e-7, -1, 0), (0, 1, 0), (0, 1, 0), (0, 1, 0), (0, 1, 0), (0, -1, 0), (0, -1, 0), (0, -1, 0), (0, -1, 0), (-1, 0, 0), (-1, 0, 0), (-1, 0, 0), (-1, 0, 0), (0.007924974, 0.0018545134, -0.99996686), (0.007924974, 0.0018545134, -0.99996686), (0.007924974, 0.0018545134, -0.99996686), (0.007924974, 0.0018545134, -0.99996686), (-4.3690304e-7, 1, 0), (-4.3690304e-7, 1, 0), (-4.3690304e-7, 1, 0), (-4.3690304e-7, 1, 0), (4.3690238e-7, -1, 0), (4.3690238e-7, -1, 0), (4.3690238e-7, -1, 0), (4.3690238e-7, -1, 0), (0, 0, 1), (0, 0, 1), (0, 0, 1), (0, 0, 1), (-1, 0, 0), (-1, 0, 0), (-1, 0, 0), (-1, 0, 0), (0.0044016424, 0.018711437, -0.9998152), (0.0044016424, 0.018711437, -0.9998152), (0.0044016424, 0.018711437, -0.9998152), (0.0044016424, 0.018711437, -0.9998152), (0, 1, 0), (0, 1, 0), (0, 1, 0), (0, 1, 0), (0, -1, 0), (0, -1, 0), (0, -1, 0), (0, -1, 0), (-0.07015819, -0.008535908, 0.99749935), (-0.07015819, -0.008535908, 0.99749935), (-0.07015819, -0.008535908, 0.99749935), (-0.07015819, -0.008535908, 0.99749935), (-1, 0, 0), (-1, 0, 0), (-1, 0, 0), (-1, 0, 0), (0.13766259, -0.03700583, -0.9897876), (0.13766259, -0.03700583, -0.9897876), (0.13766259, -0.03700583, -0.9897876), (0.13766259, -0.03700583, -0.9897876), (0.021792455, -0.017486332, 0.99960953), (0.021792455, -0.017486332, 0.99960953), (0.021792455, -0.017486332, 0.99960953), (0.021792455, -0.017486332, 0.99960953), (-4.3690278e-7, 1, 0), (-4.3690278e-7, 1, 0), (-4.3690278e-7, 1, 0), (-4.3690278e-7, 1, 0), (4.3690306e-7, -0.99999994, 0), (4.3690306e-7, -0.99999994, 0), (4.3690306e-7, -0.99999994, 0), (4.3690306e-7, -0.99999994, 0), (-1, 0, 0), (-1, 0, 0), (-1, 0, 0), (-1, 0, 0), (0.027572164, 0.01575446, -0.9994956), (0.027572164, 0.01575446, -0.9994956), (0.027572164, 0.01575446, -0.9994956), (0.027572164, 0.01575446, -0.9994956), (-4.3690315e-7, 1, 0), (-4.3690315e-7, 1, 0), (-4.3690315e-7, 1, 0), (-4.3690315e-7, 1, 0), (-2.1845132e-7, -1, 0), (-2.1845132e-7, -1, 0), (-2.1845132e-7, -1, 0), (-2.1845132e-7, -1, 0), (-0.0018904877, -0.0010801961, 0.99999756), (-0.0018904877, -0.0010801961, 0.99999756), (-0.0018904877, -0.0010801961, 0.99999756), (-0.0018904877, -0.0010801961, 0.99999756), (-1, 4.5704564e-7, 0), (-1, 4.5704564e-7, 0), (-1, 4.5704564e-7, 0), (-1, 4.5704564e-7, 0), (0.048668157, -0.027181426, -0.9984451), (0.048668157, -0.027181426, -0.9984451), (0.048668157, -0.027181426, -0.9984451), (0.048668157, -0.027181426, -0.9984451), (0, 1, 0), (0, 1, 0), (0, 1, 0), (0, 1, 0), (0, -1, 0), (0, -1, 0), (0, -1, 0), (0, -1, 0), (0.020392938, 0.011652436, 0.9997241), (0.020392938, 0.011652436, 0.9997241), (0.020392938, 0.011652436, 0.9997241), (0.020392938, 0.011652436, 0.9997241), (-1, 0, 0), (-1, 0, 0), (-1, 0, 0), (-1, 0, 0), (0.018323025, 0.012583832, -0.9997529), (0.018323025, 0.012583832, -0.9997529), (0.018323025, 0.012583832, -0.9997529), (0.018323025, 0.012583832, -0.9997529), (-0.007389006, 0.012111959, 0.9998994), (-0.007389006, 0.012111959, 0.9998994), (-0.007389006, 0.012111959, 0.9998994), (-0.007389006, 0.012111959, 0.9998994), (0, 1, 0), (0, 1, 0), (0, 1, 0), (0, 1, 0), (-1.8174983e-7, -1, 0), (-1.8174983e-7, -1, 0), (-1.8174983e-7, -1, 0), (-1.8174983e-7, -1, 0), (-1, -9.102235e-7, 0), (-1, -9.102235e-7, 0), (-1, -9.102235e-7, 0), (-1, -9.102235e-7, 0), (0.01931837, 0.023837278, -0.9995291), (0.01931837, 0.023837278, -0.9995291), (0.01931837, 0.023837278, -0.9995291), (0.01931837, 0.023837278, -0.9995291), (2.1845129e-7, 0.99999994, 0), (2.1845129e-7, 0.99999994, 0), (2.1845129e-7, 0.99999994, 0), (2.1845129e-7, 0.99999994, 0), (0, -1, 0), (0, -1, 0), (0, -1, 0), (0, -1, 0), (-0.02981182, 0.009123546, 0.9995139), (-0.02981182, 0.009123546, 0.9995139), (-0.02981182, 0.009123546, 0.9995139), (-0.02981182, 0.009123546, 0.9995139), (-1, -4.5366482e-7, 0), (-1, -4.5366482e-7, 0), (-1, -4.5366482e-7, 0), (-1, -4.5366482e-7, 0), (0.03659647, -0.020910894, -0.99911135), (0.03659647, -0.020910894, -0.99911135), (0.03659647, -0.020910894, -0.99911135), (0.03659647, -0.020910894, -0.99911135), (-4.369029e-7, 1, 0), (-4.369029e-7, 1, 0), (-4.369029e-7, 1, 0), (-4.369029e-7, 1, 0), (-2.1845152e-7, -1, 0), (-2.1845152e-7, -1, 0), (-2.1845152e-7, -1, 0), (-2.1845152e-7, -1, 0), (-0.013200174, -0.017123675, 0.9997663), (-0.013200174, -0.017123675, 0.9997663), (-0.013200174, -0.017123675, 0.9997663), (-0.013200174, -0.017123675, 0.9997663), (-1, 0, 0), (-1, 0, 0), (-1, 0, 0), (-1, 0, 0), (0.030994369, 0.017709825, -0.9993626), (0.030994369, 0.017709825, -0.9993626), (0.030994369, 0.017709825, -0.9993626), (0.030994369, 0.017709825, -0.9993626), (-0.0034819997, 0.0019895467, 0.99999183), (-0.0034819997, 0.0019895467, 0.99999183), (-0.0034819997, 0.0019895467, 0.99999183), (-0.0034819997, 0.0019895467, 0.99999183), (2.184513e-7, 0.99999994, 0), (2.184513e-7, 0.99999994, 0), (2.184513e-7, 0.99999994, 0), (2.184513e-7, 0.99999994, 0), (0, -1, 0), (0, -1, 0), (0, -1, 0), (0, -1, 0), (-1, -4.3661936e-7, 0), (-1, -4.3661936e-7, 0), (-1, -4.3661936e-7, 0), (-1, -4.3661936e-7, 0), (0.033009972, 0.019254683, -0.9992695), (0.033009972, 0.019254683, -0.9992695), (0.033009972, 0.019254683, -0.9992695), (0.033009972, 0.019254683, -0.9992695), (0, 0.99999994, 0), (0, 0.99999994, 0), (0, 0.99999994, 0), (0, 0.99999994, 0), (-1.0922576e-7, -1, 0), (-1.0922576e-7, -1, 0), (-1.0922576e-7, -1, 0), (-1.0922576e-7, -1, 0), (0.049522787, -0.00021591519, 0.998773), (0.049522787, -0.00021591519, 0.998773), (0.049522787, -0.00021591519, 0.998773), (0.049522787, -0.00021591519, 0.998773), (-1, 4.5445384e-7, 0), (-1, 4.5445384e-7, 0), (-1, 4.5445384e-7, 0), (-1, 4.5445384e-7, 0), (0.04630441, -0.017317034, -0.9987772), (0.04630441, -0.017317034, -0.9987772), (0.04630441, -0.017317034, -0.9987772), (0.04630441, -0.017317034, -0.9987772), (2.1845153e-7, 0.99999994, 0), (2.1845153e-7, 0.99999994, 0), (2.1845153e-7, 0.99999994, 0), (2.1845153e-7, 0.99999994, 0), (0, -1, 0), (0, -1, 0), (0, -1, 0), (0, -1, 0), (-0.041266575, 0.03115177, 0.9986625), (-0.041266575, 0.03115177, 0.9986625), (-0.041266575, 0.03115177, 0.9986625), (-0.041266575, 0.03115177, 0.9986625), (-1, 0, 0), (-1, 0, 0), (-1, 0, 0), (-1, 0, 0), (-0.02768249, -0.015817495, -0.9994916), (-0.02768249, -0.015817495, -0.9994916), (-0.02768249, -0.015817495, -0.9994916), (-0.02768249, -0.015817495, -0.9994916), (0.020003717, 0.011430056, 0.9997345), (0.020003717, 0.011430056, 0.9997345), (0.020003717, 0.011430056, 0.9997345), (0.020003717, 0.011430056, 0.9997345), (4.0959648e-8, 0.99999994, 0), (4.0959648e-8, 0.99999994, 0), (4.0959648e-8, 0.99999994, 0), (4.0959648e-8, 0.99999994, 0), (0, -1, 0), (0, -1, 0), (0, -1, 0), (0, -1, 0), (-1, -4.5283522e-7, 0), (-1, -4.5283522e-7, 0), (-1, -4.5283522e-7, 0), (-1, -4.5283522e-7, 0), (0.025413739, -0.027294088, -0.9993043), (0.025413739, -0.027294088, -0.9993043), (0.025413739, -0.027294088, -0.9993043), (0.025413739, -0.027294088, -0.9993043), (1.0922579e-7, 1, 0), (1.0922579e-7, 1, 0), (1.0922579e-7, 1, 0), (1.0922579e-7, 1, 0), (-2.1845136e-7, -1, 0), (-2.1845136e-7, -1, 0), (-2.1845136e-7, -1, 0), (-2.1845136e-7, -1, 0), (-0.013515701, -0.03218371, 0.99939054), (-0.013515701, -0.03218371, 0.99939054), (-0.013515701, -0.03218371, 0.99939054), (-0.013515701, -0.03218371, 0.99939054), (-1, 0, 0), (-1, 0, 0), (-1, 0, 0), (-1, 0, 0), (-0.029528199, 0.035823803, -0.99892175), (-0.029528199, 0.035823803, -0.99892175), (-0.029528199, 0.035823803, -0.99892175), (-0.029528199, 0.035823803, -0.99892175), (4.095968e-8, 1, 0), (4.095968e-8, 1, 0), (4.095968e-8, 1, 0), (4.095968e-8, 1, 0), (0, -1, 0), (0, -1, 0), (0, -1, 0), (0, -1, 0), (-0.07686582, -0.0047966023, 0.9970299), (-0.07686582, -0.0047966023, 0.9970299), (-0.07686582, -0.0047966023, 0.9970299), (-0.07686582, -0.0047966023, 0.9970299), (-1, 0, 0), (-1, 0, 0), (-1, 0, 0), (-1, 0, 0), (0.048718654, -0.027837269, -0.9984246), (0.048718654, -0.027837269, -0.9984246), (0.048718654, -0.027837269, -0.9984246), (0.048718654, -0.027837269, -0.9984246), (-0.04020658, -0.0128552625, 0.99910873), (-0.04020658, -0.0128552625, 0.99910873), (-0.04020658, -0.0128552625, 0.99910873), (-0.04020658, -0.0128552625, 0.99910873), (0, 1, 0), (0, 1, 0), (0, 1, 0), (0, 1, 0), (-2.184516e-7, -1, 0), (-2.184516e-7, -1, 0), (-2.184516e-7, -1, 0), (-2.184516e-7, -1, 0), (-1, -4.6736446e-7, 0), (-1, -4.6736446e-7, 0), (-1, -4.6736446e-7, 0), (-1, -4.6736446e-7, 0), (-0.021830628, 0.012473791, -0.9996839), (-0.021830628, 0.012473791, -0.9996839), (-0.021830628, 0.012473791, -0.9996839), (-0.021830628, 0.012473791, -0.9996839), (1.8174993e-7, 0.99999994, 0), (1.8174993e-7, 0.99999994, 0), (1.8174993e-7, 0.99999994, 0), (1.8174993e-7, 0.99999994, 0), (0, -1, 0), (0, -1, 0), (0, -1, 0), (0, -1, 0), (-0.09338304, -0.022368584, 0.9953789), (-0.09338304, -0.022368584, 0.9953789), (-0.09338304, -0.022368584, 0.9953789), (-0.09338304, -0.022368584, 0.9953789), (-1, 4.6211596e-7, 0), (-1, 4.6211596e-7, 0), (-1, 4.6211596e-7, 0), (-1, 4.6211596e-7, 0), (0.0018233121, 0.0012522306, -0.9999975), (0.0018233121, 0.0012522306, -0.9999975), (0.0018233121, 0.0012522306, -0.9999975), (0.0018233121, 0.0012522306, -0.9999975), (0, 1, 0), (0, 1, 0), (0, 1, 0), (0, 1, 0), (-2.1845153e-7, -0.99999994, 0), (-2.1845153e-7, -0.99999994, 0), (-2.1845153e-7, -0.99999994, 0), (-2.1845153e-7, -0.99999994, 0), (0, 0, 1), (0, 0, 1), (0, 0, 1), (0, 0, 1), (-1, 0, 0), (-1, 0, 0), (-1, 0, 0), (-1, 0, 0), (-0.035960525, 0.020547576, -0.99914193), (-0.035960525, 0.020547576, -0.99914193), (-0.035960525, 0.020547576, -0.99914193), (-0.035960525, 0.020547576, -0.99914193), (0, 0, 1), (0, 0, 1), (0, 0, 1), (0, 0, 1), (2.1845145e-7, 1, 0), (2.1845145e-7, 1, 0), (2.1845145e-7, 1, 0), (2.1845145e-7, 1, 0), (4.36903e-7, -1, 0), (4.36903e-7, -1, 0), (4.36903e-7, -1, 0), (4.36903e-7, -1, 0), (-1, 0, 0), (-1, 0, 0), (-1, 0, 0), (-1, 0, 0), (0.041804675, 0.028838376, -0.9987095), (0.041804675, 0.028838376, -0.9987095), (0.041804675, 0.028838376, -0.9987095), (0.041804675, 0.028838376, -0.9987095), (-4.3690272e-7, 1, 0), (-4.3690272e-7, 1, 0), (-4.3690272e-7, 1, 0), (-4.3690272e-7, 1, 0), (4.369031e-7, -1, 0), (4.369031e-7, -1, 0), (4.369031e-7, -1, 0), (4.369031e-7, -1, 0), (0.042831074, -0.011606196, 0.99901485), (0.042831074, -0.011606196, 0.99901485), (0.042831074, -0.011606196, 0.99901485), (0.042831074, -0.011606196, 0.99901485), (-1, 0, 0), (-1, 0, 0), (-1, 0, 0), (-1, 0, 0), (-0.01290483, -0.03202053, -0.9994039), (-0.01290483, -0.03202053, -0.9994039), (-0.01290483, -0.03202053, -0.9994039), (-0.01290483, -0.03202053, -0.9994039), (2.184514e-7, 1, 0), (2.184514e-7, 1, 0), (2.184514e-7, 1, 0), (2.184514e-7, 1, 0), (4.36903e-7, -1, 0), (4.36903e-7, -1, 0), (4.36903e-7, -1, 0), (4.36903e-7, -1, 0), (-0.060584977, -0.021640085, 0.99792844), (-0.060584977, -0.021640085, 0.99792844), (-0.060584977, -0.021640085, 0.99792844), (-0.060584977, -0.021640085, 0.99792844), (-1, 0, 0), (-1, 0, 0), (-1, 0, 0), (-1, 0, 0), (0.0060527, -0.01917971, -0.99979776), (0.0060527, -0.01917971, -0.99979776), (0.0060527, -0.01917971, -0.99979776), (0.0060527, -0.01917971, -0.99979776), (0.0064138123, -0.020747459, 0.9997642), (0.0064138123, -0.020747459, 0.9997642), (0.0064138123, -0.020747459, 0.9997642), (0.0064138123, -0.020747459, 0.9997642), (-4.3690272e-7, 1, 0), (-4.3690272e-7, 1, 0), (-4.3690272e-7, 1, 0), (-4.3690272e-7, 1, 0), (4.3690272e-7, -1, 0), (4.3690272e-7, -1, 0), (4.3690272e-7, -1, 0), (4.3690272e-7, -1, 0), (-1, 0, 0), (-1, 0, 0), (-1, 0, 0), (-1, 0, 0), (-0.020099688, 0.011484775, -0.999732), (-0.020099688, 0.011484775, -0.999732), (-0.020099688, 0.011484775, -0.999732), (-0.020099688, 0.011484775, -0.999732), (-5.532038e-7, 1, 0), (-5.532038e-7, 1, 0), (-5.532038e-7, 1, 0), (-5.532038e-7, 1, 0), (-0.0000011064079, -1, 0), (-0.0000011064079, -1, 0), (-0.0000011064079, -1, 0), (-0.0000011064079, -1, 0), (-0.0011213691, 0.001742368, 0.99999785), (-0.0011213691, 0.001742368, 0.99999785), (-0.0011213691, 0.001742368, 0.99999785), (-0.0011213691, 0.001742368, 0.99999785), (-1, 0, 0), (-1, 0, 0), (-1, 0, 0), (-1, 0, 0), (-0.0012499449, -0.0064090677, -0.9999786), (-0.0012499449, -0.0064090677, -0.9999786), (-0.0012499449, -0.0064090677, -0.9999786), (-0.0012499449, -0.0064090677, -0.9999786), (-4.369032e-7, 0.99999994, 0), (-4.369032e-7, 0.99999994, 0), (-4.369032e-7, 0.99999994, 0), (-4.369032e-7, 0.99999994, 0), (4.3690275e-7, -0.99999994, 0), (4.3690275e-7, -0.99999994, 0), (4.3690275e-7, -0.99999994, 0), (4.3690275e-7, -0.99999994, 0), (-0.008969352, 0.004951503, 0.99994755), (-0.008969352, 0.004951503, 0.99994755), (-0.008969352, 0.004951503, 0.99994755), (-0.008969352, 0.004951503, 0.99994755), (-1, 4.574691e-7, 0), (-1, 4.574691e-7, 0), (-1, 4.574691e-7, 0), (-1, 4.574691e-7, 0), (0.020700088, 0.011827964, -0.99971575), (0.020700088, 0.011827964, -0.99971575), (0.020700088, 0.011827964, -0.99971575), (0.020700088, 0.011827964, -0.99971575), (-0.03181823, -0.005480139, 0.99947864), (-0.03181823, -0.005480139, 0.99947864), (-0.03181823, -0.005480139, 0.99947864), (-0.03181823, -0.005480139, 0.99947864), (1, 0, 0), (1, 0, 0), (1, 0, 0), (1, 0, 0), (1, 4.589586e-7, 0), (1, 4.589586e-7, 0), (1, 4.589586e-7, 0), (1, 4.589586e-7, 0), (1, -2.4807895e-7, 0), (1, -2.4807895e-7, 0), (1, -2.4807895e-7, 0), (1, -2.4807895e-7, 0), (0, -1, 0), (0, -1, 0), (0, -1, 0), (0, -1, 0), (-9.8125e-7, 1, 0), (-9.8125e-7, 1, 0), (-9.8125e-7, 1, 0), (-9.8125e-7, 1, 0), (1, -4.5746893e-7, 0), (1, -4.5746893e-7, 0), (1, -4.5746893e-7, 0), (1, -4.5746893e-7, 0), (-0.001543807, 0.00039276757, -0.9999987), (-0.001543807, 0.00039276757, -0.9999987), (-0.001543807, 0.00039276757, -0.9999987), (-0.001543807, 0.00039276757, -0.9999987), (4.3690304e-7, -1, 0), (4.3690304e-7, -1, 0), (4.3690304e-7, -1, 0), (4.3690304e-7, -1, 0), (-4.3690275e-7, 1, 0), (-4.3690275e-7, 1, 0), (-4.3690275e-7, 1, 0), (-4.3690275e-7, 1, 0), (0.0049140546, -0.00125019, 0.9999872), (0.0049140546, -0.00125019, 0.9999872), (0.0049140546, -0.00125019, 0.9999872), (0.0049140546, -0.00125019, 0.9999872), (1, 4.587994e-7, 0), (1, 4.587994e-7, 0), (1, 4.587994e-7, 0), (1, 4.587994e-7, 0), (-0.004401643, -0.01871145, -0.9998152), (-0.004401643, -0.01871145, -0.9998152), (-0.004401643, -0.01871145, -0.9998152), (-0.004401643, -0.01871145, -0.9998152), (0, -1, 0), (0, -1, 0), (0, -1, 0), (0, -1, 0), (-9.81249e-7, 1, 0), (-9.81249e-7, 1, 0), (-9.81249e-7, 1, 0), (-9.81249e-7, 1, 0), (0.0701582, 0.0085359225, 0.99749935), (0.0701582, 0.0085359225, 0.99749935), (0.0701582, 0.0085359225, 0.99749935), (0.0701582, 0.0085359225, 0.99749935), (1, -9.261332e-7, 0), (1, -9.261332e-7, 0), (1, -9.261332e-7, 0), (1, -9.261332e-7, 0), (-0.064018525, 0.05371966, -0.9965018), (-0.064018525, 0.05371966, -0.9965018), (-0.064018525, 0.05371966, -0.9965018), (-0.064018525, 0.05371966, -0.9965018), (0.036077015, 0.0027133934, 0.9993453), (0.036077015, 0.0027133934, 0.9993453), (0.036077015, 0.0027133934, 0.9993453), (0.036077015, 0.0027133934, 0.9993453), (9.812508e-7, -1, 0), (9.812508e-7, -1, 0), (9.812508e-7, -1, 0), (9.812508e-7, -1, 0), (-9.812485e-7, 1, 0), (-9.812485e-7, 1, 0), (-9.812485e-7, 1, 0), (-9.812485e-7, 1, 0), (1, -4.5746904e-7, 0), (1, -4.5746904e-7, 0), (1, -4.5746904e-7, 0), (1, -4.5746904e-7, 0), (-0.049663782, 0.012635072, -0.9986861), (-0.049663782, 0.012635072, -0.9986861), (-0.049663782, 0.012635072, -0.9986861), (-0.049663782, 0.012635072, -0.9986861), (4.3690332e-7, -1, 0), (4.3690332e-7, -1, 0), (4.3690332e-7, -1, 0), (4.3690332e-7, -1, 0), (0, 1, 0), (0, 1, 0), (0, 1, 0), (0, 1, 0), (0.031131007, -0.0079201, 0.99948394), (0.031131007, -0.0079201, 0.99948394), (0.031131007, -0.0079201, 0.99948394), (0.031131007, -0.0079201, 0.99948394), (1, -4.570456e-7, 0), (1, -4.570456e-7, 0), (1, -4.570456e-7, 0), (1, -4.570456e-7, 0), (-0.048668183, 0.027181441, -0.9984451), (-0.048668183, 0.027181441, -0.9984451), (-0.048668183, 0.027181441, -0.9984451), (-0.048668183, 0.027181441, -0.9984451), (9.812492e-7, -1, 0), (9.812492e-7, -1, 0), (9.812492e-7, -1, 0), (9.812492e-7, -1, 0), (-9.812485e-7, 1, 0), (-9.812485e-7, 1, 0), (-9.812485e-7, 1, 0), (-9.812485e-7, 1, 0), (-0.020392952, -0.011652444, 0.9997242), (-0.020392952, -0.011652444, 0.9997242), (-0.020392952, -0.011652444, 0.9997242), (-0.020392952, -0.011652444, 0.9997242), (1, -4.4043637e-7, 0), (1, -4.4043637e-7, 0), (1, -4.4043637e-7, 0), (1, -4.4043637e-7, 0), (-0.0461034, 0.011729278, -0.99886787), (-0.0461034, 0.011729278, -0.99886787), (-0.0461034, 0.011729278, -0.99886787), (-0.0461034, 0.011729278, -0.99886787), (-0.08652652, 0.008050656, 0.996217), (-0.08652652, 0.008050656, 0.996217), (-0.08652652, 0.008050656, 0.996217), (-0.08652652, 0.008050656, 0.996217), (9.81246e-7, -1, 0), (9.81246e-7, -1, 0), (9.81246e-7, -1, 0), (9.81246e-7, -1, 0), (0, 1, 0), (0, 1, 0), (0, 1, 0), (0, 1, 0), (1, 9.1022383e-7, 0), (1, 9.1022383e-7, 0), (1, 9.1022383e-7, 0), (1, 9.1022383e-7, 0), (0.023937691, -0.004481725, -0.99970335), (0.023937691, -0.004481725, -0.99970335), (0.023937691, -0.004481725, -0.99970335), (0.023937691, -0.004481725, -0.99970335), (0, -1, 0), (0, -1, 0), (0, -1, 0), (0, -1, 0), (-9.461101e-8, 1, 0), (-9.461101e-8, 1, 0), (-9.461101e-8, 1, 0), (-9.461101e-8, 1, 0), (-0.010211281, 0.0025978966, 0.9999445), (-0.010211281, 0.0025978966, 0.9999445), (-0.010211281, 0.0025978966, 0.9999445), (-0.010211281, 0.0025978966, 0.9999445), (1, -4.5366482e-7, 0), (1, -4.5366482e-7, 0), (1, -4.5366482e-7, 0), (1, -4.5366482e-7, 0), (-0.03170518, 0.020914389, -0.9992784), (-0.03170518, 0.020914389, -0.9992784), (-0.03170518, 0.020914389, -0.9992784), (-0.03170518, 0.020914389, -0.9992784), (9.812479e-7, -1, 0), (9.812479e-7, -1, 0), (9.812479e-7, -1, 0), (9.812479e-7, -1, 0), (0, 0.99999994, 0), (0, 0.99999994, 0), (0, 0.99999994, 0), (0, 0.99999994, 0), (0.011434209, 0.017124038, 0.99978805), (0.011434209, 0.017124038, 0.99978805), (0.011434209, 0.017124038, 0.99978805), (0.011434209, 0.017124038, 0.99978805), (1, 4.478607e-7, 0), (1, 4.478607e-7, 0), (1, 4.478607e-7, 0), (1, 4.478607e-7, 0), (-0.07968053, 0.020271607, -0.99661434), (-0.07968053, 0.020271607, -0.99661434), (-0.07968053, 0.020271607, -0.99661434), (-0.07968053, 0.020271607, -0.99661434), (0.046285536, 0.03439499, 0.99833596), (0.046285536, 0.03439499, 0.99833596), (0.046285536, 0.03439499, 0.99833596), (0.046285536, 0.03439499, 0.99833596), (0, -1, 0), (0, -1, 0), (0, -1, 0), (0, -1, 0), (-6.1328e-8, 1, 0), (-6.1328e-8, 1, 0), (-6.1328e-8, 1, 0), (-6.1328e-8, 1, 0), (1, 4.3661936e-7, 0), (1, 4.3661936e-7, 0), (1, 4.3661936e-7, 0), (1, 4.3661936e-7, 0), (-0.24134758, 0.005173328, -0.97042495), (-0.24134758, 0.005173328, -0.97042495), (-0.24134758, 0.005173328, -0.97042495), (-0.24134758, 0.005173328, -0.97042495), (-1.0922561e-7, -1, 0), (-1.0922561e-7, -1, 0), (-1.0922561e-7, -1, 0), (-1.0922561e-7, -1, 0), (0, 1, 0), (0, 1, 0), (0, 1, 0), (0, 1, 0), (-0.0522318, -0.0147855515, 0.99852556), (-0.0522318, -0.0147855515, 0.99852556), (-0.0522318, -0.0147855515, 0.99852556), (-0.0522318, -0.0147855515, 0.99852556), (1, 0, 0), (1, 0, 0), (1, 0, 0), (1, 0, 0), (-0.046304386, 0.017316997, -0.9987773), (-0.046304386, 0.017316997, -0.9987773), (-0.046304386, 0.017316997, -0.9987773), (-0.046304386, 0.017316997, -0.9987773), (0, -1, 0), (0, -1, 0), (0, -1, 0), (0, -1, 0), (-6.132812e-8, 1, 0), (-6.132812e-8, 1, 0), (-6.132812e-8, 1, 0), (-6.132812e-8, 1, 0), (0.041266546, -0.031151727, 0.9986625), (0.041266546, -0.031151727, 0.9986625), (0.041266546, -0.031151727, 0.9986625), (0.041266546, -0.031151727, 0.9986625), (1, 0, 0), (1, 0, 0), (1, 0, 0), (1, 0, 0), (0.062076595, 0.01579304, -0.9979464), (0.062076595, 0.01579304, -0.9979464), (0.062076595, 0.01579304, -0.9979464), (0.062076595, 0.01579304, -0.9979464), (-0.020379059, -0.017673252, 0.9996362), (-0.020379059, -0.017673252, 0.9996362), (-0.020379059, -0.017673252, 0.9996362), (-0.020379059, -0.017673252, 0.9996362), (0, -1, 0), (0, -1, 0), (0, -1, 0), (0, -1, 0), (2.4531258e-7, 1, 0), (2.4531258e-7, 1, 0), (2.4531258e-7, 1, 0), (2.4531258e-7, 1, 0), (1, 4.5283522e-7, 0), (1, 4.5283522e-7, 0), (1, 4.5283522e-7, 0), (1, 4.5283522e-7, 0), (0.0029455128, 0.00074935355, -0.99999535), (0.0029455128, 0.00074935355, -0.99999535), (0.0029455128, 0.00074935355, -0.99999535), (0.0029455128, 0.00074935355, -0.99999535), (-5.4612872e-8, -1, 0), (-5.4612872e-8, -1, 0), (-5.4612872e-8, -1, 0), (-5.4612872e-8, -1, 0), (0, 1, 0), (0, 1, 0), (0, 1, 0), (0, 1, 0), (-0.003311139, 0.023626516, 0.9997154), (-0.003311139, 0.023626516, 0.9997154), (-0.003311139, 0.023626516, 0.9997154), (-0.003311139, 0.023626516, 0.9997154), (1, 0, 0), (1, 0, 0), (1, 0, 0), (1, 0, 0), (0.029528424, -0.0358238, -0.99892175), (0.029528424, -0.0358238, -0.99892175), (0.029528424, -0.0358238, -0.99892175), (0.029528424, -0.0358238, -0.99892175), (0, -1, 0), (0, -1, 0), (0, -1, 0), (0, -1, 0), (2.453127e-7, 1, 0), (2.453127e-7, 1, 0), (2.453127e-7, 1, 0), (2.453127e-7, 1, 0), (0.0768656, 0.004796574, 0.9970299), (0.0768656, 0.004796574, 0.9970299), (0.0768656, 0.004796574, 0.9970299), (0.0768656, 0.004796574, 0.9970299), (1, 0, 0), (1, 0, 0), (1, 0, 0), (1, 0, 0), (-0.046344575, -0.011790691, -0.99885595), (-0.046344575, -0.011790691, -0.99885595), (-0.046344575, -0.011790691, -0.99885595), (-0.046344575, -0.011790691, -0.99885595), (-0.017552476, 0.004465293, 0.99983597), (-0.017552476, 0.004465293, 0.99983597), (-0.017552476, 0.004465293, 0.99983597), (-0.017552476, 0.004465293, 0.99983597), (-2.4531215e-7, -0.99999994, 0), (-2.4531215e-7, -0.99999994, 0), (-2.4531215e-7, -0.99999994, 0), (-2.4531215e-7, -0.99999994, 0), (0, 1, 0), (0, 1, 0), (0, 1, 0), (0, 1, 0), (1, 4.6736446e-7, 0), (1, 4.6736446e-7, 0), (1, 4.6736446e-7, 0), (1, 4.6736446e-7, 0), (0.041985143, -0.014249371, -0.99901664), (0.041985143, -0.014249371, -0.99901664), (0.041985143, -0.014249371, -0.99901664), (0.041985143, -0.014249371, -0.99901664), (-2.1845152e-7, -1, 0), (-2.1845152e-7, -1, 0), (-2.1845152e-7, -1, 0), (-2.1845152e-7, -1, 0), (-4.369026e-7, 1, 0), (-4.369026e-7, 1, 0), (-4.369026e-7, 1, 0), (-4.369026e-7, 1, 0), (0.16988777, 0.033846613, 0.984882), (0.16988777, 0.033846613, 0.984882), (0.16988777, 0.033846613, 0.984882), (0.16988777, 0.033846613, 0.984882), (1, 0, 0), (1, 0, 0), (1, 0, 0), (1, 0, 0), (-0.0021913857, -0.0012522256, -0.9999968), (-0.0021913857, -0.0012522256, -0.9999968), (-0.0021913857, -0.0012522256, -0.9999968), (-0.0021913857, -0.0012522256, -0.9999968), (-2.4531235e-7, -1, 0), (-2.4531235e-7, -1, 0), (-2.4531235e-7, -1, 0), (-2.4531235e-7, -1, 0), (0, 1, 0), (0, 1, 0), (0, 1, 0), (0, 1, 0), (0, 0, 1), (0, 0, 1), (0, 0, 1), (0, 0, 1), (1, 0, 0), (1, 0, 0), (1, 0, 0), (1, 0, 0), (-0.0018195922, 0.00046292492, -0.9999982), (-0.0018195922, 0.00046292492, -0.9999982), (-0.0018195922, 0.00046292492, -0.9999982), (-0.0018195922, 0.00046292492, -0.9999982), (0.09338659, 0.023758652, 0.99534637), (0.09338659, 0.023758652, 0.99534637), (0.09338659, 0.023758652, 0.99534637), (0.09338659, 0.023758652, 0.99534637), (0, -1, 0), (0, -1, 0), (0, -1, 0), (0, -1, 0), (-9.812469e-7, 1, 0), (-9.812469e-7, 1, 0), (-9.812469e-7, 1, 0), (-9.812469e-7, 1, 0), (0.99999994, -4.416254e-7, 0), (0.99999994, -4.416254e-7, 0), (0.99999994, -4.416254e-7, 0), (0.99999994, -4.416254e-7, 0), (0.015714189, -0.003997878, -0.99986845), (0.015714189, -0.003997878, -0.99986845), (0.015714189, -0.003997878, -0.99986845), (0.015714189, -0.003997878, -0.99986845), (4.3690272e-7, -1, 0), (4.3690272e-7, -1, 0), (4.3690272e-7, -1, 0), (4.3690272e-7, -1, 0), (-4.369033e-7, 1, 0), (-4.369033e-7, 1, 0), (-4.369033e-7, 1, 0), (-4.369033e-7, 1, 0), (-0.054912716, 0.022081176, 0.99824697), (-0.054912716, 0.022081176, 0.99824697), (-0.054912716, 0.022081176, 0.99824697), (-0.054912716, 0.022081176, 0.99824697), (1, 0, 0), (1, 0, 0), (1, 0, 0), (1, 0, 0), (0.012904837, 0.03202049, -0.99940395), (0.012904837, 0.03202049, -0.99940395), (0.012904837, 0.03202049, -0.99940395), (0.012904837, 0.03202049, -0.99940395), (0, -1, 0), (0, -1, 0), (0, -1, 0), (0, -1, 0), (0, 1, 0), (0, 1, 0), (0, 1, 0), (0, 1, 0), (0.060585003, 0.021640098, 0.9979284), (0.060585003, 0.021640098, 0.9979284), (0.060585003, 0.021640098, 0.9979284), (0.060585003, 0.021640098, 0.9979284), (1, -4.722957e-7, 0), (1, -4.722957e-7, 0), (1, -4.722957e-7, 0), (1, -4.722957e-7, 0), (0.081759885, 0.019571986, -0.99645984), (0.081759885, 0.019571986, -0.99645984), (0.081759885, 0.019571986, -0.99645984), (0.081759885, 0.019571986, -0.99645984), (-0.033208773, 0.012201332, 0.99937403), (-0.033208773, 0.012201332, 0.99937403), (-0.033208773, 0.012201332, 0.99937403), (-0.033208773, 0.012201332, 0.99937403), (9.812464e-7, -1, 0), (9.812464e-7, -1, 0), (9.812464e-7, -1, 0), (9.812464e-7, -1, 0), (-9.812499e-7, 1, 0), (-9.812499e-7, 1, 0), (-9.812499e-7, 1, 0), (-9.812499e-7, 1, 0), (1, 4.5201034e-7, 0), (1, 4.5201034e-7, 0), (1, 4.5201034e-7, 0), (1, 4.5201034e-7, 0), (-0.044566154, 0.011338213, -0.9989421), (-0.044566154, 0.011338213, -0.9989421), (-0.044566154, 0.011338213, -0.9989421), (-0.044566154, 0.011338213, -0.9989421), (5.557582e-7, -0.99999994, 0), (5.557582e-7, -0.99999994, 0), (5.557582e-7, -0.99999994, 0), (5.557582e-7, -0.99999994, 0), (0.0000011115151, 1, 0), (0.0000011115151, 1, 0), (0.0000011115151, 1, 0), (0.0000011115151, 1, 0), (-0.07976471, 0.0018998162, 0.9968119), (-0.07976471, 0.0018998162, 0.9968119), (-0.07976471, 0.0018998162, 0.9968119), (-0.07976471, 0.0018998162, 0.9968119), (1, -5.694372e-7, 0), (1, -5.694372e-7, 0), (1, -5.694372e-7, 0), (1, -5.694372e-7, 0), (0.0012556469, 0.0064882543, -0.9999781), (0.0012556469, 0.0064882543, -0.9999781), (0.0012556469, 0.0064882543, -0.9999781), (0.0012556469, 0.0064882543, -0.9999781), (9.812493e-7, -1, 0), (9.812493e-7, -1, 0), (9.812493e-7, -1, 0), (9.812493e-7, -1, 0), (-9.812495e-7, 1, 0), (-9.812495e-7, 1, 0), (-9.812495e-7, 1, 0), (-9.812495e-7, 1, 0), (0.009010756, -0.005012685, 0.99994683), (0.009010756, -0.005012685, 0.99994683), (0.009010756, -0.005012685, 0.99994683), (0.009010756, -0.005012685, 0.99994683), (1, 0, 0), (1, 0, 0), (1, 0, 0), (1, 0, 0), (-0.08022157, 0.02040941, -0.9965681), (-0.08022157, 0.02040941, -0.9965681), (-0.08022157, 0.02040941, -0.9965681), (-0.08022157, 0.02040941, -0.9965681), (0.028257981, 0.007189244, 0.9995749), (0.028257981, 0.007189244, 0.9995749), (0.028257981, 0.007189244, 0.9995749), (0.028257981, 0.007189244, 0.9995749), (-1, 0, 0), (-1, 0, 0), (-1, 0, 0), (-1, 0, 0), (-1, 0, 0), (-1, 0, 0), (-1, 0, 0), (-1, 0, 0), (-1, 0, 0), (-1, 0, 0), (-1, 0, 0), (-1, 0, 0), (-1, 0, 0), (-1, 0, 0), (-1, 0, 0), (-1, 0, 0), (1, 8.95955e-7, 0), (1, 8.95955e-7, 0), (1, 8.95955e-7, 0), (1, 8.95955e-7, 0), (0, -1, 0), (0, -1, 0), (0, -1, 0), (0, -1, 0), (-0.0018545224, 0.007264184, -0.99997187), (-0.0018545224, 0.007264184, -0.99997187), (-0.0018545224, 0.007264184, -0.99997187), (-0.0018545224, 0.007264184, -0.99997187), (-1, -7.8402127e-7, 0), (-1, -7.8402127e-7, 0), (-1, -7.8402127e-7, 0), (-1, -7.8402127e-7, 0), (1, 3.8530348e-7, 0), (1, 3.8530348e-7, 0), (1, 3.8530348e-7, 0), (1, 3.8530348e-7, 0), (0, 0, 0.99999994), (0, 0, 0.99999994), (0, 0, 0.99999994), (0, 0, 0.99999994), (4.9928366e-7, -1, 0), (4.9928366e-7, -1, 0), (4.9928366e-7, -1, 0), (4.9928366e-7, -1, 0), (-0.018711437, 0.004401631, -0.99981517), (-0.018711437, 0.004401631, -0.99981517), (-0.018711437, 0.004401631, -0.99981517), (-0.018711437, 0.004401631, -0.99981517), (-1, 0, 0), (-1, 0, 0), (-1, 0, 0), (-1, 0, 0), (1, 9.878844e-7, 0), (1, 9.878844e-7, 0), (1, 9.878844e-7, 0), (1, 9.878844e-7, 0), (0.008535931, -0.070158064, 0.99749935), (0.008535931, -0.070158064, 0.99749935), (0.008535931, -0.070158064, 0.99749935), (0.008535931, -0.070158064, 0.99749935), (0, -1, 0), (0, -1, 0), (0, -1, 0), (0, -1, 0), (0.037062224, 0.12637469, -0.99129003), (0.037062224, 0.12637469, -0.99129003), (0.037062224, 0.12637469, -0.99129003), (0.037062224, 0.12637469, -0.99129003), (0.017487077, 0.019976275, 0.99964744), (0.017487077, 0.019976275, 0.99964744), (0.017487077, 0.019976275, 0.99964744), (0.017487077, 0.019976275, 0.99964744), (-1, 3.3228588e-7, 0), (-1, 3.3228588e-7, 0), (-1, 3.3228588e-7, 0), (-1, 3.3228588e-7, 0), (1, 0, 0), (1, 0, 0), (1, 0, 0), (1, 0, 0), (-4.992835e-7, -1, 0), (-4.992835e-7, -1, 0), (-4.992835e-7, -1, 0), (-4.992835e-7, -1, 0), (-0.015756518, 0.022301558, -0.9996272), (-0.015756518, 0.022301558, -0.9996272), (-0.015756518, 0.022301558, -0.9996272), (-0.015756518, 0.022301558, -0.9996272), (-1, 0, 0), (-1, 0, 0), (-1, 0, 0), (-1, 0, 0), (1, 0, 0), (1, 0, 0), (1, 0, 0), (1, 0, 0), (0.0010801818, -0.0015288965, 0.9999983), (0.0010801818, -0.0015288965, 0.9999983), (0.0010801818, -0.0015288965, 0.9999983), (0.0010801818, -0.0015288965, 0.9999983), (0, -1, 0), (0, -1, 0), (0, -1, 0), (0, -1, 0), (0.027181394, 0.04866815, -0.9984451), (0.027181394, 0.04866815, -0.9984451), (0.027181394, 0.04866815, -0.9984451), (0.027181394, 0.04866815, -0.9984451), (-1, -3.96159e-7, 0), (-1, -3.96159e-7, 0), (-1, -3.96159e-7, 0), (-1, -3.96159e-7, 0), (1, 3.7990637e-7, 0), (1, 3.7990637e-7, 0), (1, 3.7990637e-7, 0), (1, 3.7990637e-7, 0), (-0.011652421, 0.020393152, 0.9997241), (-0.011652421, 0.020393152, 0.9997241), (-0.011652421, 0.020393152, 0.9997241), (-0.011652421, 0.020393152, 0.9997241), (-4.992836e-7, -1, 0), (-4.992836e-7, -1, 0), (-4.992836e-7, -1, 0), (-4.992836e-7, -1, 0), (-0.012582951, 0.022021526, -0.99967825), (-0.012582951, 0.022021526, -0.99967825), (-0.012582951, 0.022021526, -0.99967825), (-0.012582951, 0.022021526, -0.99967825), (-0.012111804, -0.008881107, 0.9998873), (-0.012111804, -0.008881107, 0.9998873), (-0.012111804, -0.008881107, 0.9998873), (-0.012111804, -0.008881107, 0.9998873), (-1, 0, 0), (-1, 0, 0), (-1, 0, 0), (-1, 0, 0), (1, 0, 0), (1, 0, 0), (1, 0, 0), (1, 0, 0), (0, -1, 0), (0, -1, 0), (0, -1, 0), (0, -1, 0), (-0.019794513, 0.02321955, -0.99953437), (-0.019794513, 0.02321955, -0.99953437), (-0.019794513, 0.02321955, -0.99953437), (-0.019794513, 0.02321955, -0.99953437), (-1, 0, 0), (-1, 0, 0), (-1, 0, 0), (-1, 0, 0), (1, 0, 0), (1, 0, 0), (1, 0, 0), (1, 0, 0), (-0.0075747394, -0.035825305, 0.9993294), (-0.0075747394, -0.035825305, 0.9993294), (-0.0075747394, -0.035825305, 0.9993294), (-0.0075747394, -0.035825305, 0.9993294), (0, -1, 0), (0, -1, 0), (0, -1, 0), (0, -1, 0), (0.028726663, 0.036589347, -0.99891746), (0.028726663, 0.036589347, -0.99891746), (0.028726663, 0.036589347, -0.99891746), (0.028726663, 0.036589347, -0.99891746), (-1, -4.041766e-7, 0), (-1, -4.041766e-7, 0), (-1, -4.041766e-7, 0), (-1, -4.041766e-7, 0), (1, 0, 0), (1, 0, 0), (1, 0, 0), (1, 0, 0), (0.023525491, -0.013198405, 0.9996361), (0.023525491, -0.013198405, 0.9996361), (0.023525491, -0.013198405, 0.9996361), (0.023525491, -0.013198405, 0.9996361), (0, -1, 0), (0, -1, 0), (0, -1, 0), (0, -1, 0), (-0.014706806, 0.030995836, -0.99941134), (-0.014706806, 0.030995836, -0.99941134), (-0.014706806, 0.030995836, -0.99941134), (-0.014706806, 0.030995836, -0.99941134), (-0.0016521872, -0.0034819737, 0.99999255), (-0.0016521872, -0.0034819737, 0.99999255), (-0.0016521872, -0.0034819737, 0.99999255), (-0.0016521872, -0.0034819737, 0.99999255), (-1, 1.037855e-7, 0), (-1, 1.037855e-7, 0), (-1, 1.037855e-7, 0), (-1, 1.037855e-7, 0), (1, 0, 0), (1, 0, 0), (1, 0, 0), (1, 0, 0), (0, -1, 0), (0, -1, 0), (0, -1, 0), (0, -1, 0), (-0.07922036, -0.029454492, -0.99642193), (-0.07922036, -0.029454492, -0.99642193), (-0.07922036, -0.029454492, -0.99642193), (-0.07922036, -0.029454492, -0.99642193), (0.010633244, -0.07686227, 0.99698496), (0.010633244, -0.07686227, 0.99698496), (0.010633244, -0.07686227, 0.99698496), (0.010633244, -0.07686227, 0.99698496), (-0.99999994, 0, 0), (-0.99999994, 0, 0), (-0.99999994, 0, 0), (-0.99999994, 0, 0), (1, 0, 0), (1, 0, 0), (1, 0, 0), (1, 0, 0), (0, -1, 0), (0, -1, 0), (0, -1, 0), (0, -1, 0), (-0.013448197, -0.021830354, -0.9996713), (-0.013448197, -0.021830354, -0.9996713), (-0.013448197, -0.021830354, -0.9996713), (-0.013448197, -0.021830354, -0.9996713), (-1, 0, 0), (-1, 0, 0), (-1, 0, 0), (-1, 0, 0), (1, 0, 0), (1, 0, 0), (1, 0, 0), (1, 0, 0), (0.02411527, -0.093379356, 0.9953385), (0.02411527, -0.093379356, 0.9953385), (0.02411527, -0.093379356, 0.9953385), (0.02411527, -0.093379356, 0.9953385), (0, -1, 0), (0, -1, 0), (0, -1, 0), (0, -1, 0), (-0.0012522044, 0.002191547, -0.9999968), (-0.0012522044, 0.002191547, -0.9999968), (-0.0012522044, 0.002191547, -0.9999968), (-0.0012522044, 0.002191547, -0.9999968), (-1, 0, 0), (-1, 0, 0), (-1, 0, 0), (-1, 0, 0), (1, 0, 0), (1, 0, 0), (1, 0, 0), (1, 0, 0), (0, 0, 1), (0, 0, 1), (0, 0, 1), (0, 0, 1), (0, -1, 0), (0, -1, 0), (0, -1, 0), (0, -1, 0), (-0.022152165, -0.035959512, -0.99910766), (-0.022152165, -0.035959512, -0.99910766), (-0.022152165, -0.035959512, -0.99910766), (-0.022152165, -0.035959512, -0.99910766), (0, 0, 0.99999994), (0, 0, 0.99999994), (0, 0, 0.99999994), (0, 0, 0.99999994), (-1, -2.0457344e-7, 0), (-1, -2.0457344e-7, 0), (-1, -2.0457344e-7, 0), (-1, -2.0457344e-7, 0), (1, 0, 0), (1, 0, 0), (1, 0, 0), (1, 0, 0), (0, -1, 0), (0, -1, 0), (0, -1, 0), (0, -1, 0), (-0.028838327, 0.04180466, -0.99870956), (-0.028838327, 0.04180466, -0.99870956), (-0.028838327, 0.04180466, -0.99870956), (-0.028838327, 0.04180466, -0.99870956), (-1, -3.8076425e-7, 0), (-1, -3.8076425e-7, 0), (-1, -3.8076425e-7, 0), (-1, -3.8076425e-7, 0), (1, 4.1816156e-7, 0), (1, 4.1816156e-7, 0), (1, 4.1816156e-7, 0), (1, 4.1816156e-7, 0), (0.011606223, 0.042831052, 0.9990149), (0.011606223, 0.042831052, 0.9990149), (0.011606223, 0.042831052, 0.9990149), (0.011606223, 0.042831052, 0.9990149), (0, -1, 0), (0, -1, 0), (0, -1, 0), (0, -1, 0), (0.03202051, -0.012904774, -0.9994039), (0.03202051, -0.012904774, -0.9994039), (0.03202051, -0.012904774, -0.9994039), (0.03202051, -0.012904774, -0.9994039), (-1, -1.6230892e-7, 0), (-1, -1.6230892e-7, 0), (-1, -1.6230892e-7, 0), (-1, -1.6230892e-7, 0), (1, 3.490818e-7, 0), (1, 3.490818e-7, 0), (1, 3.490818e-7, 0), (1, 3.490818e-7, 0), (0.021640152, -0.060585156, 0.99792844), (0.021640152, -0.060585156, 0.99792844), (0.021640152, -0.060585156, 0.99792844), (0.021640152, -0.060585156, 0.99792844), (0, -1, 0), (0, -1, 0), (0, -1, 0), (0, -1, 0), (0.01917986, 0.0048952773, -0.9998041), (0.01917986, 0.0048952773, -0.9998041), (0.01917986, 0.0048952773, -0.9998041), (0.01917986, 0.0048952773, -0.9998041), (0.020747742, 0.005187074, 0.99977136), (0.020747742, 0.005187074, 0.99977136), (0.020747742, 0.005187074, 0.99977136), (0.020747742, 0.005187074, 0.99977136), (-1, -3.394958e-7, 0), (-1, -3.394958e-7, 0), (-1, -3.394958e-7, 0), (-1, -3.394958e-7, 0), (1, 0, 0), (1, 0, 0), (1, 0, 0), (1, 0, 0), (0, -1, 0), (0, -1, 0), (0, -1, 0), (0, -1, 0), (-0.011485368, -0.017236412, -0.9997854), (-0.011485368, -0.017236412, -0.9997854), (-0.011485368, -0.017236412, -0.9997854), (-0.011485368, -0.017236412, -0.9997854), (-1, -5.633713e-7, 0), (-1, -5.633713e-7, 0), (-1, -5.633713e-7, 0), (-1, -5.633713e-7, 0), (1, -0.0000011290969, 0), (1, -0.0000011290969, 0), (1, -0.0000011290969, 0), (1, -0.0000011290969, 0), (-0.0017423589, -0.0009615233, 0.99999803), (-0.0017423589, -0.0009615233, 0.99999803), (-0.0017423589, -0.0009615233, 0.99999803), (-0.0017423589, -0.0009615233, 0.99999803), (0, -1, 0), (0, -1, 0), (0, -1, 0), (0, -1, 0), (0.0064448263, -0.0013891837, -0.99997824), (0.0064448263, -0.0013891837, -0.99997824), (0.0064448263, -0.0013891837, -0.99997824), (0.0064448263, -0.0013891837, -0.99997824), (-1, -8.0061807e-7, 0), (-1, -8.0061807e-7, 0), (-1, -8.0061807e-7, 0), (-1, -8.0061807e-7, 0), (1, -7.918208e-7, 0), (1, -7.918208e-7, 0), (1, -7.918208e-7, 0), (1, -7.918208e-7, 0), (-0.0049790917, -0.00996911, 0.99993795), (-0.0049790917, -0.00996911, 0.99993795), (-0.0049790917, -0.00996911, 0.99993795), (-0.0049790917, -0.00996911, 0.99993795), (0, -1, 0), (0, -1, 0), (0, -1, 0), (0, -1, 0), (-0.011827823, 0.020700362, -0.99971575), (-0.011827823, 0.020700362, -0.99971575), (-0.011827823, 0.020700362, -0.99971575), (-0.011827823, 0.020700362, -0.99971575), (0.0054800254, -0.031818334, 0.99947864), (0.0054800254, -0.031818334, 0.99947864), (0.0054800254, -0.031818334, 0.99947864), (0.0054800254, -0.031818334, 0.99947864), (0, 0.99999994, 0), (0, 0.99999994, 0), (0, 0.99999994, 0), (0, 0.99999994, 0), (-2.496418e-7, 1, 0), (-2.496418e-7, 1, 0), (-2.496418e-7, 1, 0), (-2.496418e-7, 1, 0), (-2.4964183e-7, 1, 0), (-2.4964183e-7, 1, 0), (-2.4964183e-7, 1, 0), (-2.4964183e-7, 1, 0), (-0.9927996, 0.045758344, -0.11070304), (-0.9927996, 0.045758344, -0.11070304), (-0.9927996, 0.045758344, -0.11070304), (-0.9927996, 0.045758344, -0.11070304), (0, 1, 0), (0, 1, 0), (0, 1, 0), (0, 1, 0), (-0.0052709426, -0.9995336, 0.030079741), (-0.0052709426, -0.9995336, 0.030079741), (-0.0052709426, -0.9995336, 0.030079741), (-0.0052709426, -0.9995336, 0.030079741), (0.017226217, -0.04063436, -0.9990255), (0.017226217, -0.04063436, -0.9990255), (0.017226217, -0.04063436, -0.9990255), (0.017226217, -0.04063436, -0.9990255), (0.017665775, 0.04167082, 0.99897516), (0.017665775, 0.04167082, 0.99897516), (0.017665775, 0.04167082, 0.99897516), (0.017665775, 0.04167082, 0.99897516), (-5.4505513e-8, 8.488872e-9, -1), (-5.4505513e-8, 8.488872e-9, -1), (-5.4505513e-8, 8.488872e-9, -1), (-5.4505513e-8, 8.488872e-9, -1), (4.4485375e-7, 1, 1.18328295e-7), (4.4485375e-7, 1, 1.18328295e-7), (4.4485375e-7, 1, 1.18328295e-7), (4.4485375e-7, 1, 1.18328295e-7), (0, 0, 0.99999994), (0, 0, 0.99999994), (0, 0, 0.99999994), (0, 0, 0.99999994), (-0.021349642, -0.9997707, -0.0015923069), (-0.021349642, -0.9997707, -0.0015923069), (-0.021349642, -0.9997707, -0.0015923069), (-0.021349642, -0.9997707, -0.0015923069), (0.99916035, -0.040639922, 0.0051882896), (0.99916035, -0.040639922, 0.0051882896), (0.99916035, -0.040639922, 0.0051882896), (0.99916035, -0.040639922, 0.0051882896), (-0.9990808, 0.042521924, 0.0054285736), (-0.9990808, 0.042521924, 0.0054285736), (-0.9990808, 0.042521924, 0.0054285736), (-0.9990808, 0.042521924, 0.0054285736), (0.9927996, 0.04575833, -0.11070304), (0.9927996, 0.04575833, -0.11070304), (0.9927996, 0.04575833, -0.11070304), (0.9927996, 0.04575833, -0.11070304), (0, 1, 0), (0, 1, 0), (0, 1, 0), (0, 1, 0), (-1, -2.079611e-15, 1.8462069e-14), (-1, -2.079611e-15, 1.8462069e-14), (-1, -2.079611e-15, 1.8462069e-14), (-1, -2.079611e-15, 1.8462069e-14), (0.0052709393, -0.9995336, 0.030079978), (0.0052709393, -0.9995336, 0.030079978), (0.0052709393, -0.9995336, 0.030079978), (0.0052709393, -0.9995336, 0.030079978), (-0.017226217, -0.040634364, -0.9990255), (-0.017226217, -0.040634364, -0.9990255), (-0.017226217, -0.040634364, -0.9990255), (-0.017226217, -0.040634364, -0.9990255), (-0.017665708, 0.041671038, 0.9989753), (-0.017665708, 0.041671038, 0.9989753), (-0.017665708, 0.041671038, 0.9989753), (-0.017665708, 0.041671038, 0.9989753), (-1.3626372e-8, 7.429226e-9, -1), (-1.3626372e-8, 7.429226e-9, -1), (-1.3626372e-8, 7.429226e-9, -1), (-1.3626372e-8, 7.429226e-9, -1), (-4.4485367e-7, 1, 1.18328266e-7), (-4.4485367e-7, 1, 1.18328266e-7), (-4.4485367e-7, 1, 1.18328266e-7), (-4.4485367e-7, 1, 1.18328266e-7), (0, 0, 0.99999994), (0, 0, 0.99999994), (0, 0, 0.99999994), (0, 0, 0.99999994), (0.021349639, -0.9997707, -0.0015922696), (0.021349639, -0.9997707, -0.0015922696), (0.021349639, -0.9997707, -0.0015922696), (0.021349639, -0.9997707, -0.0015922696), (-0.9991604, -0.040639922, 0.0051882896), (-0.9991604, -0.040639922, 0.0051882896), (-0.9991604, -0.040639922, 0.0051882896), (-0.9991604, -0.040639922, 0.0051882896), (0.9990808, 0.042521913, 0.005428573), (0.9990808, 0.042521913, 0.005428573), (0.9990808, 0.042521913, 0.005428573), (0.9990808, 0.042521913, 0.005428573), (-2.3863893e-7, 0, 1), (-2.3863893e-7, 0, 1), (-2.3863893e-7, 0, 1), (-2.3863893e-7, 0, 1), (-2.3863893e-7, 0, 1), (-2.3863893e-7, 0, 1), (-5.5930993e-8, 0, 1), (-5.5930993e-8, 0, 1), (-2.3863893e-7, 0, 1), (-1, 0, 0), (-1, 0, 0), (-1, 0, 0), (-1, 0, 0), (0, -1, 0), (0, -1, 0), (0, -1, 0), (0, -1, 0), (-0.70710677, 0.7071069, 0), (-0.7071065, 0.70710707, 0), (-0.7071065, 0.70710707, 0), (-0.70710677, 0.7071069, 0), (-0.70710677, -0.7071069, 0), (-0.7071065, -0.70710707, 0), (-0.7071065, -0.70710707, 0), (-0.70710677, -0.7071069, 0), (0, -1, 0), (0, -1, 0), (0, -1, 0), (0, -1, 0), (0, 1, -4.1962592e-16), (0, 1, 1.1695382e-15), (0, 1, 5.8476915e-16), (0, 1, -2.0981296e-16), (0, 1, -2.00879e-15), (0, 1, -4.1962592e-16), (0, 1, -2.0981296e-16), (0, 1, -1.004395e-15), (1, 0, -1.6126815e-8), (1, 0, -1.6126815e-8), (1, 0, -1.6126815e-8), (1, 0, -1.6126815e-8), (-0.7071068, -0.70710665, 0), (-0.70710677, -0.7071069, 0), (-0.70710677, -0.7071069, 0), (-0.7071068, -0.70710665, 0), (-0.7071068, 0.70710665, 0), (-0.70710677, 0.7071069, 0), (-0.70710677, 0.7071069, 0), (-0.7071068, 0.70710665, 0), (0, -1, 0), (0, -1, 0), (0, -1, 0), (0, -1, 0), (-0.99999994, 0, 0), (-1, 0, 0), (-1, 0, 0), (-0.99999994, 0, 0), (0, -1, 6.626063e-8), (0, -1, 6.626063e-8), (0, -1, 6.762682e-8), (0, -1, 6.762682e-8), (0, 0, -1), (0, 0, -0.99999994), (0, 0, -0.99999994), (0, 0, -1), (0, -1, 0), (0, -1, 0), (0, -1, 0), (0, -1, 0), (0, -1, 0), (0, -1, 0), (0, -1, 0), (0, -1, 0), (0, -1, 0), (0, -1, 0), (0, -1, 0), (0, -1, 0), (0, -1, 0), (0, -1, 0), (0, -1, 0), (0, -1, 0), (1.2677694e-7, 0, 1), (1.2677694e-7, 0, 1), (-5.5930993e-8, 0, 1), (-5.5930993e-8, 0, 1), (1.2677694e-7, 0, 1), (1.2677694e-7, 0, 1), (1.2677694e-7, 0, 1), (1.2677694e-7, 0, 1), (1.2677694e-7, 0, 1), (1, 0, 0), (1, 0, 0), (1, 0, 0), (1, 0, 0), (0, -1, 0), (0, -1, 0), (0, -1, 0), (0, -1, 0), (0.70710677, 0.7071069, 0), (0.70710677, 0.7071069, 0), (0.7071065, 0.70710707, 0), (0.7071065, 0.70710707, 0), (0.70710677, -0.7071069, 0), (0.70710677, -0.7071069, 0), (0.7071065, -0.70710707, 0), (0.7071065, -0.70710707, 0), (0, -1, 0), (0, -1, 0), (0, -1, 0), (0, -1, 0), (0, 1, 0), (0, 1, -2.0981296e-16), (0, 1, 5.8476915e-16), (0, 1, 0), (0, 1, 0), (0, 1, -1.004395e-15), (0, 1, -2.0981296e-16), (0, 1, 0), (-1, 0, -1.6126815e-8), (-1, 0, -1.6126815e-8), (-1, 0, -1.6126815e-8), (-1, 0, -1.6126815e-8), (0.7071068, -0.70710665, 0), (0.7071068, -0.70710665, 0), (0.70710677, -0.7071069, 0), (0.70710677, -0.7071069, 0), (0.7071068, 0.70710665, 0), (0.7071068, 0.70710665, 0), (0.70710677, 0.7071069, 0), (0.70710677, 0.7071069, 0), (0, -1, 0), (0, -1, 0), (0, -1, 0), (0, -1, 0), (0.99999994, 0, 0), (0.99999994, 0, 0), (1, 0, 0), (1, 0, 0), (0, -1, 6.626063e-8), (0, -1, 6.489445e-8), (0, -1, 6.489445e-8), (0, -1, 6.626063e-8), (0, 0, -1), (0, 0, -1), (0, 0, -0.99999994), (0, 0, -0.99999994), (0, -1, 0), (0, -1, 0), (0, -1, 0), (0, -1, 0), (0, -1, 0), (0, -1, 0), (0, -1, 0), (0, -1, 0), (0, -1, 0), (0, -1, 0), (0, -1, 0), (0, -1, 0), (0, -1, 0), (0, -1, 0), (0, -1, 0), (0, -1, 0), (0, -1, 4.8156517e-7), (0, -1, 4.815648e-7), (0, -1, 6.1197755e-7), (0, -1, 6.1197755e-7), (0, 0, 1), (0, 0, 1), (0, 0, 1), (0, 0, 1), (0, -1, 2.0817987e-7), (0, -1, 0), (0, -1, 0), (0, -1, 4.815648e-7), (0, 0, -1), (0, 0, -1), (0, 0, -1), (0, 0, -1), (1, 0, -3.177523e-7), (1, 0, -3.177523e-7), (1, 0, -3.177523e-7), (1, 0, -3.177523e-7), (0, -1, 2.0817885e-7), (0, -1, 2.0817987e-7), (0, -1, 4.815648e-7), (0, -1, 4.8156517e-7), (-1, 0, 0), (-1, 0, 0), (-1, 0, 0), (-1, 0, 0), (0, -1, 0), (0, -1, 2.0817885e-7), (0, -1, 4.8156517e-7), (0, -1, 0), (0, -1, -1.06493125e-8), (0, -1, -1.06493125e-8), (0, -1, -1.06493125e-8), (0, -1, -1.06493125e-8), (0, -1, 0), (0, -1, 0), (0, -1, 0), (0, -1, 0), (-0.99999994, 0, 0), (-0.99999994, 0, 0), (-0.99999994, 0, 0), (-0.99999994, 0, 0), (0, -1, 0), (0, -1, 0), (0, -1, 0), (0, -1, 0), (0, -1, 0), (0, -1, 0), (0, -1, 0), (0, -1, 2.0817885e-7), (0, 0, 1), (0, 0, 1), (0, 0, 1), (0, 0, 1), (0, -1, 2.0817987e-7), (0, -1, 0), (0, -1, 0), (0, -1, 0), (0, 0, -1), (0, 0, -1), (0, 0, -1), (0, 0, -1), (0, -1, 0), (0, -1, 0), (0, -1, 0), (0, -1, 0), (0, -1, 2.0817885e-7), (0, -1, 0), (0, -1, 0), (0, -1, 2.0817987e-7), (0, -1, 0), (0, -1, 0), (0, -1, 0), (0, -1, 0), (0.99999994, 0, 5.677257e-7), (0.99999994, 0, 5.677257e-7), (0.99999994, 0, 5.677257e-7), (0.99999994, 0, 5.677257e-7), (0, -1, -0.0000029082726), (0, -1, -0.0000024298695), (0, -1, -0.000001605382), (0, -1, -0.000002610476), (0, -1, 0), (0, -1, 1.7333828e-7), (0, -1, 2.045986e-7), (0, -1, 0), (0, -1, -0.0000029082726), (0, -1, -0.0000017967961), (0, -1, -0.0000038329795), (0, -1, -0.0000024298695), (0, -1, -0.000001451206), (0, -1, -0.0000024012777), (0, -1, 2.045986e-7), (0, -1, 1.7333828e-7), (0, -1, -0.000002610476), (0, -1, -0.000001605382), (0, -1, -0.0000024012777), (0, -1, -0.000001451206), (0, -1, 0), (0, -1, 0), (0, -1, 0), (0, -1, 0), (0, -1, -0.0000017967961), (0, -1, 0), (0, -1, 0), (0, -1, -0.0000038329795), (-0.1064973, 0, 0.99431294), (-0.1064973, 0, 0.99431294), (-0.1064973, 0, 0.99431294), (-0.1064973, 0, 0.99431294), (-1, 0, -1.486386e-7), (-1, 0, -1.486386e-7), (-1, 0, -2.972772e-7), (-1, 0, -2.972772e-7), (-1, 0, 0), (-1, 0, 0), (-1, 0, -1.486386e-7), (-1, 0, -1.486386e-7), (-0.05035925, 0, -0.99873114), (-0.05035925, 0, -0.99873114), (-0.05035925, 0, -0.99873114), (-0.05035925, 0, -0.99873114), (-0.05035925, 0, 0.99873114), (-0.05035925, 0, 0.99873114), (-0.05035925, 0, 0.99873114), (-0.05035925, 0, 0.99873114), (-1, 0, 0), (-1, 0, 0), (-1, 0, 0), (-1, 0, 0), (-0.10649837, 0, -0.99431294), (-0.10649837, 0, -0.99431294), (-0.10649837, 0, -0.99431294), (-0.10649837, 0, -0.99431294), (1, 0, 0), (1, 0, 0.000001952898), (1, 0, 0.000001952898), (1, 0, 0), (0.10649907, 0, 0.9943127), (0.10649717, 0, 0.99431306), (0.10649717, 0, 0.99431306), (0.10649907, 0, 0.9943127), (0.10649178, 0, -0.99431354), (0.10649993, 0, -0.9943127), (0.10649993, 0, -0.9943127), (0.10649178, 0, -0.99431354), (1, 0, 0.000001952898), (1, 0, 0), (1, 0, 0), (1, 0, 0.000001952898), (1, 0, 0.000001952898), (1, 0, 0.000001952898), (1, 0, 0.000001952898), (1, 0, 0.000001952898), (0.10649717, 0, 0.99431306), (0.106495254, 0, 0.99431324), (0.106495254, 0, 0.99431324), (0.10649717, 0, 0.99431306), (0.106483646, 0, -0.99431455), (0.10649178, 0, -0.99431354), (0.10649178, 0, -0.99431354), (0.106483646, 0, -0.99431455), (0, -1, -0.000002181203), (0, -1, 0), (0, -1, 0), (0, -1, -0.0000018223974), (0, -1, 6.7380074e-7), (0, -1, 0.0000014373667), (0, -1, 9.1119693e-7), (0, -1, 0.0000010906042), (0, -1, -0.000002181203), (0, -1, -0.0000018223974), (0, -1, -0.0000028747347), (0, -1, -0.0000013475932), (0, -1, 0), (0, -1, 0.0000010906042), (0, -1, 9.1119693e-7), (0, -1, 0), (0, -1, 0), (0, -1, 0), (0, -1, 0), (0, -1, 0), (0, -1, 0), (0, -1, 0), (0, -1, 0.0000014373667), (0, -1, 6.7380074e-7), (0, -1, -0.0000013475932), (0, -1, -0.0000028747347), (0, -1, 0), (0, -1, 0), (0.1064973, 0, 0.99431294), (0.1064973, 0, 0.99431294), (0.1064973, 0, 0.99431294), (0.1064973, 0, 0.99431294), (1, 0, 0), (1, 0, 0), (1, 0, 0), (1, 0, 0), (1, 0, 0), (1, 0, 0), (1, 0, 0), (1, 0, 0), (0.05035902, 0, -0.99873114), (0.05035902, 0, -0.99873114), (0.05035902, 0, -0.99873114), (0.05035902, 0, -0.99873114), (0.05035902, 0, 0.99873114), (0.05035902, 0, 0.99873114), (0.05035902, 0, 0.99873114), (0.05035902, 0, 0.99873114), (1, 0, 0), (1, 0, 0), (1, 0, 0), (1, 0, 0), (0.10649847, 0, -0.9943128), (0.10649847, 0, -0.9943128), (0.10649847, 0, -0.9943128), (0.10649847, 0, -0.9943128), (-1, 0, 0), (-1, 0, 0), (-1, 0, 0), (-1, 0, 0), (-0.10649907, 0, 0.9943127), (-0.10649907, 0, 0.9943127), (-0.10649675, 0, 0.9943131), (-0.10649675, 0, 0.9943131), (-0.10649138, 0, -0.99431366), (-0.10649138, 0, -0.99431366), (-0.10649993, 0, -0.9943127), (-0.10649993, 0, -0.9943127), (-1, 0, 0), (-1, 0, 0), (-1, 0, 0), (-1, 0, 0), (-1, 0, 0), (-1, 0, 0), (-1, 0, 0), (-1, 0, 0), (-0.10649675, 0, 0.9943131), (-0.10649675, 0, 0.9943131), (-0.10649443, 0, 0.99431336), (-0.10649443, 0, 0.99431336), (-0.106482804, 0, -0.9943145), (-0.106482804, 0, -0.9943145), (-0.10649138, 0, -0.99431366), (-0.10649138, 0, -0.99431366), (0, -1, -0.0000029082714), (0, -1, -0.0000024298795), (0, -1, 0), (0, -1, 0), (0, -1, 0.0000017968105), (0, -1, 0.000002908315), (0, -1, 0.0000024298672), (0, -1, 0.0000038330295), (0, -1, -0.0000029082714), (0, -1, -0.0000017967824), (0, -1, -0.0000038330036), (0, -1, -0.0000024298795), (0, -1, 0), (0, -1, 0), (0, -1, 0), (0, -1, 0), (0, -1, 0), (0, -1, 0), (0, -1, 0), (0, -1, 0), (0, -1, 0), (0, -1, 0.0000017968105), (0, -1, 0.0000038330295), (0, -1, 0), (0, -1, 0), (0, -1, 0), (0, -1, 0.0000024298672), (0, -1, 0.000002908315), (0, -1, 0), (0, -1, 0), (0, -1, 0), (0, -1, 0), (0, -1, -0.0000017967824), (0, -1, 0), (0, -1, 0), (0, -1, -0.0000038330036), (-0.106496654, 0, 0.994313), (-0.106496654, 0, 0.994313), (-0.106496654, 0, 0.994313), (-0.106496654, 0, 0.994313), (-1, 0, 0), (-1, 0, 0), (-1, 0, 0), (-1, 0, 0), (-1, 0, 0), (-1, 0, 0), (-1, 0, 0), (-1, 0, 0), (-0.050361298, 0, -0.9987311), (-0.050361298, 0, -0.9987311), (-0.050361298, 0, -0.9987311), (-0.050361298, 0, -0.9987311), (-1, 0, 0), (-1, 0, 0), (-1, 0, 0), (-1, 0, 0), (-1, 0, 0), (-1, 0, 0), (-1, 0, 0), (-1, 0, 0), (-0.05035218, 0, 0.99873155), (-0.05035218, 0, 0.99873155), (-0.05035218, 0, 0.99873155), (-0.05035218, 0, 0.99873155), (-0.99999994, 0, 0), (-0.99999994, 0, 0), (-1, 0, 0), (-1, 0, 0), (-0.106496654, 0, -0.994313), (-0.106496654, 0, -0.994313), (-0.106496654, 0, -0.994313), (-0.106496654, 0, -0.994313), (1, 0, 0), (1, 0, 0), (1, 0, 0), (1, 0, 0), (0.10649749, 0, 0.994313), (0.10649401, 0, 0.99431336), (0.10649401, 0, 0.99431336), (0.10649749, 0, 0.994313), (0.10648499, 0, -0.9943143), (0.10650263, 0, -0.9943124), (0.10650263, 0, -0.9943124), (0.10648499, 0, -0.9943143), (1, 0, 0), (1, 0, 0), (1, 0, 0), (1, 0, 0), (1, 0, 0), (1, 0, 0), (1, 0, 0), (1, 0, 0), (0.10649401, 0, 0.99431336), (0.106490545, 0, 0.9943137), (0.106490545, 0, 0.9943137), (0.10649401, 0, 0.99431336), (1, 0, 0), (1, 0, 0), (1, 0, 0), (1, 0, 0), (1, 0, 0), (1, 0, 0), (1, 0, 0), (1, 0, 0), (0.10646732, 0, -0.9943161), (0.10648499, 0, -0.9943143), (0.10648499, 0, -0.9943143), (0.10646732, 0, -0.9943161), (0, -1, -0.0000029082742), (0, -1, 0), (0, -1, 0), (0, -1, -0.0000024298774), (0, -1, 0.0000011230046), (0, -1, 0.0000023956452), (0, -1, 0.0000015186649), (0, -1, 0.0000018176978), (0, -1, -0.0000029082742), (0, -1, -0.0000024298774), (0, -1, -0.000003833009), (0, -1, -0.0000017967805), (0, -1, 0), (0, -1, 0), (0, -1, 0), (0, -1, 0), (0, -1, 0), (0, -1, 0), (0, -1, 0), (0, -1, 0), (0, -1, 0), (0, -1, 0), (0, -1, 0.0000023956452), (0, -1, 0.0000011230046), (0, -1, 0), (0, -1, 0.0000018176978), (0, -1, 0.0000015186649), (0, -1, 0), (0, -1, 0), (0, -1, 0), (0, -1, 0), (0, -1, 0), (0, -1, -0.0000017967805), (0, -1, -0.000003833009), (0, -1, 0), (0, -1, 0), (0.106496654, 0, 0.994313), (0.106496654, 0, 0.994313), (0.106496654, 0, 0.994313), (0.106496654, 0, 0.994313), (1, 0, 0), (1, 0, 0), (1, 0, 0), (1, 0, 0), (1, 0, 0), (1, 0, 0), (1, 0, 0), (1, 0, 0), (0.050361183, 0, -0.9987311), (0.050361183, 0, -0.9987311), (0.050361183, 0, -0.9987311), (0.050361183, 0, -0.9987311), (1, 0, 0), (1, 0, 0), (1, 0, 0), (1, 0, 0), (1, 0, 0), (1, 0, 0), (1, 0, 0), (1, 0, 0), (0.050352063, 0, 0.99873155), (0.050352063, 0, 0.99873155), (0.050352063, 0, 0.99873155), (0.050352063, 0, 0.99873155), (0.99999994, 0, 0), (1, 0, 0), (1, 0, 0), (0.99999994, 0, 0), (0.106496654, 0, -0.994313), (0.106496654, 0, -0.994313), (0.106496654, 0, -0.994313), (0.106496654, 0, -0.994313), (-1, 0, 0), (-1, 0, 0), (-1, 0, 0), (-1, 0, 0), (-0.10649749, 0, 0.994313), (-0.10649749, 0, 0.994313), (-0.10649401, 0, 0.99431336), (-0.10649401, 0, 0.99431336), (-0.10648499, 0, -0.9943143), (-0.10648499, 0, -0.9943143), (-0.10650263, 0, -0.9943124), (-0.10650263, 0, -0.9943124), (-1, 0, 0), (-1, 0, 0), (-1, 0, 0), (-1, 0, 0), (-1, 0, 0), (-1, 0, 0), (-1, 0, 0), (-1, 0, 0), (-0.10649401, 0, 0.99431336), (-0.10649401, 0, 0.99431336), (-0.106490545, 0, 0.9943137), (-0.106490545, 0, 0.9943137), (-1, 0, 0), (-1, 0, 0), (-1, 0, 0), (-1, 0, 0), (-1, 0, 0), (-1, 0, 0), (-1, 0, 0), (-1, 0, 0), (-0.10646732, 0, -0.9943161), (-0.10646732, 0, -0.9943161), (-0.10648499, 0, -0.9943143), (-0.10648499, 0, -0.9943143), (0, -1, 0), (0, -1, 0), (0, -1, 0), (0, -1, 0), (-1, 0, 0), (-1, 0, 0), (-1, 0, 0), (-1, 0, 0), (0, 0, 1), (0, 0, 1), (0, 0, 1), (0, 0, 1), (0, -1, 0), (0, -1, 0), (0, -1, 0), (0, -1, 0), (0, 0, -1), (0, 0, -1), (0, 0, -1), (0, 0, -1), (0, 0, -1), (0, 0, -1), (0, 0, -1), (0, 0, -1), (0, -1, 0), (0, -1, 0), (0, -1, 0), (0, -1, 0), (0, 0, 1), (0, 0, 1), (0, 0, 1), (0, 0, 1), (0, -1, 0), (0, -1, 0), (0, -1, 0), (0, -1, 0), (0, -1, 0), (0, -1, 0), (0, -1, 0), (0, -1, 0), (0, -1, 0), (0, -1, 0), (0, -1, 0), (0, -1, 0), (-1, 0, 0), (-1, 0, 0), (-1, 0, 0), (-1, 0, 0), (0, -1, 0), (0, -1, 0), (0, -1, 0), (0, -1, 0), (0, -1, 0), (0, -1, 0), (0, -1, 0), (0, -1, 0), (0, -1, 0), (0, -1, 0), (0, -1, 0), (0, -1, 0), (-1, 0, 0), (-1, 0, 0), (-1, 0, 0), (-1, 0, 0), (0, -1, 0), (0, -1, 0), (0, -1, 0), (0, -1, 0), (0, -1, 0), (0, -1, 0), (0, -1, 0), (0, -1, 0), (1, 0, -4.8128413e-7), (1, 0, -4.8128413e-7), (1, 0, -4.8128413e-7), (1, 0, -4.8128413e-7), (0, 0, 1), (0, 0, 1), (0, 0, 1), (0, 0, 1), (0, -1, 0), (0, -1, 0), (0, -1, 0), (0, -1, 0), (0, 0, -1), (0, 0, -1), (0, 0, -1), (0, 0, -1), (0, 0, -1), (0, 0, -1), (0, 0, -1), (0, 0, -1), (0, -1, 0), (0, -1, 0), (0, -1, 0), (0, -1, 0), (0, 0, 1), (0, 0, 1), (0, 0, 1), (0, 0, 1), (0, -1, 0), (0, -1, 0), (0, -1, 0), (0, -1, 0), (0, -1, 0), (0, -1, 0), (0, -1, 0), (0, -1, 0), (0, -1, 0), (0, -1, 0), (0, -1, 0), (0, -1, 0), (1, 0, 0), (1, 0, 0), (1, 0, 0), (1, 0, 0), (0, -1, 0), (0, -1, 0), (0, -1, 0), (0, -1, 0), (0, -0.99999994, 0), (0, -0.99999994, 0), (0, -0.99999994, 0), (0, -0.99999994, 0), (0, -1, 0), (0, -1, 0), (0, -1, 0), (0, -1, 0), (1, 0, 5.677259e-7), (1, 0, 5.677259e-7), (1, 0, 5.677259e-7), (1, 0, 5.677259e-7), (0, -1, 0), (0, -1, 0), (0, -1, 0), (0, -1, 0), (0, -1, 0), (0, -1, 0), (0, -1, 0), (0, -1, 0), (0, 0, 1), (0, 0, 1), (0, 0, 1), (0, 0, 1), (0, -1, 1.7767795e-7), (0, -1, 0), (0, -0.99999994, 0), (0, -1, -6.100391e-8), (0, 0, -1), (0, 0, -1), (0, 0, -1), (0, 0, -1), (-1, 0, -3.177523e-7), (-1, 0, -3.177523e-7), (-1, 0, -3.177523e-7), (-1, 0, -3.177523e-7), (0, -1, 2.2529834e-7), (0, -1, 0), (0, -1, 0), (0, -1, 1.7767795e-7), (1, 0, 0), (1, 0, 0), (1, 0, 0), (1, 0, 0), (0, -1, 3.423897e-8), (0, -1, 0), (0, -1, 0), (0, -1, 2.2529834e-7), (0, -1, 0), (0, -1, 0), (0, -1, 0), (0, -1, 0), (0, -1, 0), (0, -1, 0), (0, -1, 0), (0, -1, 0), (0.99999994, 0, 0), (0.99999994, 0, 0), (0.99999994, 0, 0), (0.99999994, 0, 0), (0, -1, 3.0039917e-7), (0, -1, 2.3690255e-7), (0, -1, 0), (0, -1, 0), (0, -1, 3.423897e-8), (0, -1, 2.2529834e-7), (0, -1, 3.0039917e-7), (0, -1, 6.847794e-8), (0, 0, 1), (0, 0, 1), (0, 0, 1), (0, 0, 1), (0, -1, 1.7767795e-7), (0, -1, -6.100391e-8), (0, -1, -1.2200782e-7), (0, -1, 2.3690255e-7), (0, 0, -1), (0, 0, -1), (0, 0, -1), (0, 0, -1), (0, -1, 0), (0, -1, 0), (0, -1, 0), (0, -1, 0), (0, -1, 2.2529834e-7), (0, -1, 1.7767795e-7), (0, -1, 2.3690255e-7), (0, -1, 3.0039917e-7), (0, -1, 0), (0, -1, 0), (0, -1, 0), (0, -1, 0), (-0.99999994, 0, 5.677257e-7), (-0.99999994, 0, 5.677257e-7), (-0.99999994, 0, 5.677257e-7), (-0.99999994, 0, 5.677257e-7), (0, -1, -0.0000018176697), (0, -1, 0), (0, -1, 0), (0, -1, -0.0000015186678), (0, -1, 6.738012e-7), (0, -1, 0.0000014373638), (0, -1, 9.636576e-7), (0, -1, 0.0000011350476), (0, -1, -0.0000018176697), (0, -1, -0.0000015186678), (0, -1, -0.0000023956113), (0, -1, -0.0000011229972), (0, -1, 5.625019e-8), (0, -1, 0.0000011350476), (0, -1, 9.636576e-7), (0, -1, 3.691985e-8), (0, -1, 0), (0, -1, 5.625019e-8), (0, -1, 3.691985e-8), (0, -1, 0), (0, -1, 0), (0, -1, 0), (0, -1, 0.0000014373638), (0, -1, 6.738012e-7), (0, -1, -0.0000011229972), (0, -1, -0.0000023956113), (0, -1, 0), (0, -1, 0), (0.1064973, 0, 0.99431294), (0.1064973, 0, 0.99431294), (0.1064973, 0, 0.99431294), (0.1064973, 0, 0.99431294), (1, 0, 1.486386e-7), (1, 0, 2.972772e-7), (1, 0, 2.972772e-7), (1, 0, 1.486386e-7), (1, 0, 0), (1, 0, 1.486386e-7), (1, 0, 1.486386e-7), (1, 0, 0), (0.05035925, 0, -0.99873114), (0.05035925, 0, -0.99873114), (0.05035925, 0, -0.99873114), (0.05035925, 0, -0.99873114), (0.05035925, 0, 0.99873114), (0.05035925, 0, 0.99873114), (0.05035925, 0, 0.99873114), (0.05035925, 0, 0.99873114), (1, 0, 0), (1, 0, 0), (1, 0, 0), (1, 0, 0), (0.10649837, 0, -0.99431294), (0.10649837, 0, -0.99431294), (0.10649837, 0, -0.99431294), (0.10649837, 0, -0.99431294), (-1, 0, 0), (-1, 0, 0), (-1, 0, -0.000001952898), (-1, 0, -0.000001952898), (-0.10649907, 0, 0.9943127), (-0.10649907, 0, 0.9943127), (-0.10649717, 0, 0.99431306), (-0.10649717, 0, 0.99431306), (-0.10649178, 0, -0.99431354), (-0.10649178, 0, -0.99431354), (-0.10649993, 0, -0.9943127), (-0.10649993, 0, -0.9943127), (-1, 0, -0.000001952898), (-1, 0, -0.000001952898), (-1, 0, 0), (-1, 0, 0), (-1, 0, -0.000001952898), (-1, 0, -0.000001952898), (-1, 0, -0.000001952898), (-1, 0, -0.000001952898), (-0.10649717, 0, 0.99431306), (-0.10649717, 0, 0.99431306), (-0.106495254, 0, 0.99431324), (-0.106495254, 0, 0.99431324), (-0.106483646, 0, -0.99431455), (-0.106483646, 0, -0.99431455), (-0.10649178, 0, -0.99431354), (-0.10649178, 0, -0.99431354), (0, -1, 0), (0, -1, 0), (0, -1, 0), (0, -1, 0), (0, -1, 0), (0, -1, 0), (0, -1, 0), (0, -1, 0), (0, -1, 0), (0, -1, 0), (0, -1, 0), (0, -1, 0), (0, -1, 0), (0, -1, 0), (0, -1, 0), (0, -1, 0), (0, -1, 0), (0, -1, 0), (0, -1, 0), (0, -1, 0), (0, -1, 0), (0, -1, 0), (0, -1, 0), (0, -1, 0), (0, -1, 0), (0, -1, 0), (0, -1, 0), (0, -1, 0), (-0.10649765, 0, 0.994313), (-0.10649765, 0, 0.994313), (-0.10649765, 0, 0.994313), (-0.10649765, 0, 0.994313), (-1, 0, 0), (-1, 0, 0), (-1, 0, 0), (-1, 0, 0), (-1, 0, 0), (-1, 0, 0), (-1, 0, 0), (-1, 0, 0), (-0.05035902, 0, -0.99873114), (-0.05035902, 0, -0.99873114), (-0.05035902, 0, -0.99873114), (-0.05035902, 0, -0.99873114), (-0.05035902, 0, 0.99873114), (-0.05035902, 0, 0.99873114), (-0.05035902, 0, 0.99873114), (-0.05035902, 0, 0.99873114), (-1, 0, 0), (-1, 0, 0), (-1, 0, 0), (-1, 0, 0), (-0.10649847, 0, -0.9943128), (-0.10649847, 0, -0.9943128), (-0.10649847, 0, -0.9943128), (-0.10649847, 0, -0.9943128), (1, 0, 0), (1, 0, 0), (1, 0, 0), (1, 0, 0), (0.10649907, 0, 0.9943127), (0.10649675, 0, 0.9943131), (0.10649675, 0, 0.9943131), (0.10649907, 0, 0.9943127), (0.10649138, 0, -0.99431366), (0.10649993, 0, -0.9943127), (0.10649993, 0, -0.9943127), (0.10649138, 0, -0.99431366), (1, 0, 0), (1, 0, 0), (1, 0, 0), (1, 0, 0), (1, 0, 0), (1, 0, 0), (1, 0, 0), (1, 0, 0), (0.10649675, 0, 0.9943131), (0.10649443, 0, 0.99431336), (0.10649443, 0, 0.99431336), (0.10649675, 0, 0.9943131), (0.106482804, 0, -0.9943145), (0.10649138, 0, -0.99431366), (0.10649138, 0, -0.99431366), (0.106482804, 0, -0.9943145), (0, -1, -0.000002544737), (0, -1, 0), (0, -1, 0), (0, -1, -0.0000021261442), (0, -1, 0.0000013476078), (0, -1, 0.0000028747718), (0, -1, 0.0000018224005), (0, -1, 0.0000021812364), (0, -1, -0.000002544737), (0, -1, -0.0000021261442), (0, -1, -0.000003353877), (0, -1, -0.0000015721844), (0, -1, 0), (0, -1, 0), (0, -1, 0), (0, -1, 0), (0, -1, 0), (0, -1, 0), (0, -1, 0), (0, -1, 0), (0, -1, 0), (0, -1, 0), (0, -1, 0.0000028747718), (0, -1, 0.0000013476078), (0, -1, 0), (0, -1, 0.0000021812364), (0, -1, 0.0000018224005), (0, -1, 0), (0, -1, 0), (0, -1, 0), (0, -1, 0), (0, -1, 0), (0, -1, -0.0000015721844), (0, -1, -0.000003353877), (0, -1, 0), (0, -1, 0), (0.106496654, 0, 0.994313), (0.106496654, 0, 0.994313), (0.106496654, 0, 0.994313), (0.106496654, 0, 0.994313), (1, 0, 0), (1, 0, 0), (1, 0, 0), (1, 0, 0), (1, 0, 0), (1, 0, 0), (1, 0, 0), (1, 0, 0), (0.050361298, 0, -0.9987311), (0.050361298, 0, -0.9987311), (0.050361298, 0, -0.9987311), (0.050361298, 0, -0.9987311), (1, 0, 0), (1, 0, 0), (1, 0, 0), (1, 0, 0), (1, 0, 0), (1, 0, 0), (1, 0, 0), (1, 0, 0), (0.05035218, 0, 0.99873155), (0.05035218, 0, 0.99873155), (0.05035218, 0, 0.99873155), (0.05035218, 0, 0.99873155), (0.99999994, 0, 0), (1, 0, 0), (1, 0, 0), (0.99999994, 0, 0), (0.106496654, 0, -0.994313), (0.106496654, 0, -0.994313), (0.106496654, 0, -0.994313), (0.106496654, 0, -0.994313), (-1, 0, 0), (-1, 0, 0), (-1, 0, 0), (-1, 0, 0), (-0.10649749, 0, 0.994313), (-0.10649749, 0, 0.994313), (-0.10649401, 0, 0.99431336), (-0.10649401, 0, 0.99431336), (-0.10648499, 0, -0.9943143), (-0.10648499, 0, -0.9943143), (-0.10650263, 0, -0.9943124), (-0.10650263, 0, -0.9943124), (-1, 0, 0), (-1, 0, 0), (-1, 0, 0), (-1, 0, 0), (-1, 0, 0), (-1, 0, 0), (-1, 0, 0), (-1, 0, 0), (-0.10649401, 0, 0.99431336), (-0.10649401, 0, 0.99431336), (-0.106490545, 0, 0.9943137), (-0.106490545, 0, 0.9943137), (-1, 0, 0), (-1, 0, 0), (-1, 0, 0), (-1, 0, 0), (-1, 0, 0), (-1, 0, 0), (-1, 0, 0), (-1, 0, 0), (-0.10646732, 0, -0.9943161), (-0.10646732, 0, -0.9943161), (-0.10648499, 0, -0.9943143), (-0.10648499, 0, -0.9943143), (0, -1, -0.000002908273), (0, -1, -0.0000024298763), (0, -1, 0), (0, -1, 0), (0, -1, 0.0000017968077), (0, -1, 0.0000029083171), (0, -1, 0.0000024298645), (0, -1, 0.0000038330327), (0, -1, -0.000002908273), (0, -1, -0.0000017967798), (0, -1, -0.0000038330068), (0, -1, -0.0000024298763), (0, -1, 0), (0, -1, 0), (0, -1, 0), (0, -1, 0), (0, -1, 0), (0, -1, 0), (0, -1, 0), (0, -1, 0), (0, -1, 0), (0, -1, 0.0000017968077), (0, -1, 0.0000038330327), (0, -1, 0), (0, -1, 0), (0, -1, 0), (0, -1, 0.0000024298645), (0, -1, 0.0000029083171), (0, -1, 0), (0, -1, 0), (0, -1, 0), (0, -1, 0), (0, -1, -0.0000017967798), (0, -1, 0), (0, -1, 0), (0, -1, -0.0000038330068), (-0.106496654, 0, 0.994313), (-0.106496654, 0, 0.994313), (-0.106496654, 0, 0.994313), (-0.106496654, 0, 0.994313), (-1, 0, 0), (-1, 0, 0), (-1, 0, 0), (-1, 0, 0), (-1, 0, 0), (-1, 0, 0), (-1, 0, 0), (-1, 0, 0), (-0.050361183, 0, -0.9987311), (-0.050361183, 0, -0.9987311), (-0.050361183, 0, -0.9987311), (-0.050361183, 0, -0.9987311), (-1, 0, 0), (-1, 0, 0), (-1, 0, 0), (-1, 0, 0), (-1, 0, 0), (-1, 0, 0), (-1, 0, 0), (-1, 0, 0), (-0.050352063, 0, 0.99873155), (-0.050352063, 0, 0.99873155), (-0.050352063, 0, 0.99873155), (-0.050352063, 0, 0.99873155), (-0.99999994, 0, 0), (-0.99999994, 0, 0), (-1, 0, 0), (-1, 0, 0), (-0.106496654, 0, -0.994313), (-0.106496654, 0, -0.994313), (-0.106496654, 0, -0.994313), (-0.106496654, 0, -0.994313), (1, 0, 0), (1, 0, 0), (1, 0, 0), (1, 0, 0), (0.10649749, 0, 0.994313), (0.10649401, 0, 0.99431336), (0.10649401, 0, 0.99431336), (0.10649749, 0, 0.994313), (0.10648499, 0, -0.9943143), (0.10650263, 0, -0.9943124), (0.10650263, 0, -0.9943124), (0.10648499, 0, -0.9943143), (1, 0, 0), (1, 0, 0), (1, 0, 0), (1, 0, 0), (1, 0, 0), (1, 0, 0), (1, 0, 0), (1, 0, 0), (0.10649401, 0, 0.99431336), (0.106490545, 0, 0.9943137), (0.106490545, 0, 0.9943137), (0.10649401, 0, 0.99431336), (1, 0, 0), (1, 0, 0), (1, 0, 0), (1, 0, 0), (1, 0, 0), (1, 0, 0), (1, 0, 0), (1, 0, 0), (0.10646732, 0, -0.9943161), (0.10648499, 0, -0.9943143), (0.10648499, 0, -0.9943143), (0.10646732, 0, -0.9943161), (0, -1, 0), (0, -1, 0), (0, -1, 0), (0, -1, 0), (1, 0, 0), (1, 0, 0), (1, 0, 0), (1, 0, 0), (0, 0, 1), (0, 0, 1), (0, 0, 1), (0, 0, 1), (0, -1, -2.989994e-8), (0, -1, 0), (0, -1, 0), (0, -1, -5.979988e-8), (0, 0, -1), (0, 0, -1), (0, 0, -1), (0, 0, -1), (0, 0, -1), (0, 0, -1), (0, 0, -1), (0, 0, -1), (0, -1, 0), (0, -1, 0), (0, -1, 0), (0, -1, 0), (0, 0, 1), (0, 0, 1), (0, 0, 1), (0, 0, 1), (0, -1, 0), (0, -1, 0), (0, -1, 0), (0, -1, -2.989994e-8), (0, -1, 2.5371966e-8), (0, -1, 0), (0, -1, 0), (0, -1, 0), (0, -1, 0), (0, -1, 0), (0, -1, 0), (0, -1, 0), (1, 0, 0), (1, 0, 0), (1, 0, 0), (1, 0, 0), (0, -1, 0), (0, -1, 0), (0, -1, 0), (0, -1, 0), (0, -1, 0), (0, -1, 0), (0, -1, 0), (0, -1, 0), (0, -1, 0), (0, -1, 0), (0, -1, 0), (0, -1, 0), (1, 0, 0), (1, 0, 0), (1, 0, 0), (1, 0, 0), (0, -1, 5.074393e-8), (0, -1, 0), (0, -1, 0), (0, -1, 2.5371966e-8), (0, -1, 0), (0, -1, -3.9866578e-8), (0, -1, 0), (0, -1, 0), (-1, 0, -4.8128413e-7), (-1, 0, -4.8128413e-7), (-1, 0, -4.8128413e-7), (-1, 0, -4.8128413e-7), (0, 0, 1), (0, 0, 1), (0, 0, 1), (0, 0, 1), (0, -1, -2.989994e-8), (0, -1, -5.979988e-8), (0, -1, -1.1959976e-7), (0, -1, -3.9866578e-8), (0, 0, -1), (0, 0, -1), (0, 0, -1), (0, 0, -1), (0, 0, -1), (0, 0, -1), (0, 0, -1), (0, 0, -1), (0, -1, 0), (0, -1, 0), (0, -1, 0), (0, -1, 0), (0, 0, 1), (0, 0, 1), (0, 0, 1), (0, 0, 1), (0, -1, 0), (0, -1, -2.989994e-8), (0, -1, -3.9866578e-8), (0, -1, 0), (0, -1, 2.5371966e-8), (0, -1, 0), (0, -1, 0), (0, -1, 3.382928e-8), (0, -1, 3.382928e-8), (0, -1, 0), (0, -1, 0), (0, -1, 0), (-1, 0, 0), (-1, 0, 0), (-1, 0, 0), (-1, 0, 0), (0, -1, 0), (0, -1, 0), (0, -1, 0), (0, -1, 0), (0, -1, 0), (0, -1, 0), (0, -1, 0), (0, -1, 0), (0, -1, 0), (0, -1, 0), (0, -1, 0), (0, -1, 0), (-1, 0, 5.677259e-7), (-1, 0, 5.677259e-7), (-1, 0, 5.677259e-7), (-1, 0, 5.677259e-7), (0, -1, 5.074393e-8), (0, -1, 2.5371966e-8), (0, -1, 3.382928e-8), (0, -1, 1.0148786e-7), (0, 0, 1), (0, 0, 1), (0, 0, 1), (0, 0, 1), (0, 0, -1), (0, 0, -1), (0, 0, -1), (0, 0, -1), (0.9830044, 0, -0.18358219), (0.9830044, 0, -0.18358219), (0.9830044, 0, -0.18358219), (0.9830044, 0, -0.18358219), (0, 1, 0), (0, 1, 0), (0, 1, 0), (0, 1, 0), (0, -1, -3.976428e-7), (0, -1, -7.9528553e-7), (0, -1, -7.9528553e-7), (0, -1, -3.0935314e-7), (0, -1, 0), (0, -1, 0), (0, -1, 0), (0, -1, 0), (0, 1, 0), (0, 1, 0), (0, 1, 0), (0, 1, 0), (1, 0, 0), (1, 0, 0), (1, 0, 0), (1, 0, 0), (0, 1, 0), (0, 1, 0), (0, 1, 0), (0, 1, 0), (0.8215773, 0, -0.5700971), (0.8215773, 0, -0.5700971), (0.8215773, 0, -0.5700971), (0.8215773, 0, -0.5700971), (0, -1, 0), (0, -1, 0), (0, -1, -3.976428e-7), (0, -1, -3.0935314e-7), (0, -1, 0), (0, -1, 0), (0, -1, 0), (0, -1, 0), (0.5564684, 0, -0.8308687), (0.5564684, 0, -0.8308687), (0.5564684, 0, -0.8308687), (0.5564684, 0, -0.8308687), (0, 1, 0), (0, 1, 0), (0, 1, 0), (0, 1, 0), (0, 0, 1), (0, 0, 1), (0, 0, 1), (0, 0, 1), (0, 0, -1), (0, 0, -1), (0, 0, -1), (0, 0, -1), (0.9830044, 0, -0.18358211), (0.9830044, 0, -0.18358211), (0.9830044, 0, -0.18358211), (0.9830044, 0, -0.18358211), (0, 1, -0.0000010639544), (0, 1, 0), (0, 1, 0), (0, 1, -8.706433e-7), (0, -1, 6.7182185e-7), (0, -1, -3.9764276e-7), (0, -1, -3.9764276e-7), (0, -1, 9.0927784e-7), (0, -1, 0), (0, -1, 0), (0, -1, 0), (0, -1, 0), (0, 1, 0), (0, 1, 0), (0, 1, 0), (0, 1, 0), (1, 0, 0), (1, 0, 0), (1, 0, 0), (1, 0, 0), (0, 1, -8.706433e-7), (0, 1, -4.775583e-7), (0, 1, -0.0000010639544), (0, 1, -8.706433e-7), (0.8215773, 0, -0.5700971), (0.8215773, 0, -0.5700971), (0.8215773, 0, -0.5700971), (0.8215773, 0, -0.5700971), (0, -1, 4.775583e-7), (0, -1, 8.706433e-7), (0, -1, 6.7182185e-7), (0, -1, 9.0927784e-7), (0, -1, 0), (0, -1, 0), (0, -1, 8.706433e-7), (0, -1, 4.775583e-7), (0.5564686, 0, -0.83086854), (0.5564686, 0, -0.83086854), (0.5564686, 0, -0.83086854), (0.5564686, 0, -0.83086854), (0, 1, 0), (0, 1, 0), (0, 1, -4.775583e-7), (0, 1, -8.706433e-7), (0, 0, 1), (0, 0, 1), (0, 0, 1), (0, 0, 1), (0, 0, -1), (0, 0, -1), (0, 0, -1), (0, 0, -1), (0.9830044, 0, -0.18358211), (0.9830044, 0, -0.18358211), (0.9830044, 0, -0.18358211), (0.9830044, 0, -0.18358211), (0, 1, 0), (0, 1, 0), (0, 1, 0), (0, 1, 0), (0, -1, 8.706433e-7), (0, -1, 0), (0, -1, 0), (0, -1, 0.0000010639544), (0, -1, 0), (0, -1, -5.959099e-7), (0, -1, -3.2548232e-7), (0, -1, 0), (0, 1, 0), (0, 1, 0), (0, 1, 0), (0, 1, 0), (1, 0, 0), (1, 0, 0), (1, 0, 0), (1, 0, 0), (0, 1, 0), (0, 1, 0), (0, 1, 0), (0, 1, 0), (0.82157725, 0, -0.5700972), (0.82157725, 0, -0.5700972), (0.82157725, 0, -0.5700972), (0.82157725, 0, -0.5700972), (0, -1, -3.8739788e-7), (0, -1, 2.7473337e-7), (0, -1, 8.706433e-7), (0, -1, 0.0000010639544), (0, -1, -3.2548232e-7), (0, -1, -5.959099e-7), (0, -1, 2.7473337e-7), (0, -1, -3.8739788e-7), (0.55646855, 0, -0.83086866), (0.55646855, 0, -0.83086866), (0.55646855, 0, -0.83086866), (0.55646855, 0, -0.83086866), (0, 1, 0), (0, 1, 0), (0, 1, 0), (0, 1, 0), (0, 0, 1), (0, 0, 1), (0, 0, 1), (0, 0, 1), (0, 0, -1), (0, 0, -1), (0, 0, -1), (0, 0, -1), (0.9830044, 0, -0.18358214), (0.9830044, 0, -0.18358214), (0.9830044, 0, -0.18358214), (0.9830044, 0, -0.18358214), (4.211911e-8, 1, 0), (5.0193687e-8, 1, 0), (5.0193687e-8, 1, 0), (4.358619e-8, 1, 0), (0, -1, -1.8038182e-7), (0, -1, 7.455802e-8), (0, -1, 7.455802e-8), (0, -1, -2.3698675e-7), (0, -1, 0), (0, -1, 1.4897748e-7), (0, -1, 8.137058e-8), (0, -1, 0), (2.082395e-8, 1, 0), (2.2049111e-8, 1, -2.0342645e-8), (2.306704e-8, 1, -3.724437e-8), (2.082395e-8, 1, 0), (1, 0, 0), (1, 0, 0), (1, 0, 0), (1, 0, 0), (3.114441e-8, 1, -3.724437e-8), (2.8510302e-8, 1, -5.4059758e-8), (4.211911e-8, 1, 0), (4.358619e-8, 1, 0), (0.8215773, 0, -0.57009715), (0.8215773, 0, -0.57009715), (0.8215773, 0, -0.57009715), (0.8215773, 0, -0.57009715), (0, -1, 9.684947e-8), (0, -1, -6.868334e-8), (0, -1, -1.8038182e-7), (0, -1, -2.3698675e-7), (0, -1, 8.137058e-8), (0, -1, 1.4897748e-7), (0, -1, -6.868334e-8), (0, -1, 9.684947e-8), (0.55646855, 0, -0.83086866), (0.55646855, 0, -0.83086866), (0.55646855, 0, -0.83086866), (0.55646855, 0, -0.83086866), (2.306704e-8, 1, -3.724437e-8), (2.2049111e-8, 1, -2.0342645e-8), (2.8510302e-8, 1, -5.4059758e-8), (3.114441e-8, 1, -3.724437e-8), (0, 0, 1), (0, 0, 1), (0, 0, 1), (0, 0, 1), (0, 0, -0.99999994), (0, 0, -0.99999994), (0, 0, -0.99999994), (0, 0, -0.99999994), (0.9830044, 0, -0.18358214), (0.9830044, 0, -0.18358214), (0.9830044, 0, -0.18358214), (0.9830044, 0, -0.18358214), (0, 1, 0), (0, 1, 0), (0, 1, 0), (0, 1, 0), (0, -1, -3.3591093e-7), (0, -1, 1.9882138e-7), (0, -1, 1.9882138e-7), (0, -1, -4.5463892e-7), (0, -1, 0), (0, -1, 2.9795495e-7), (0, -1, 1.6274116e-7), (0, -1, 0), (0, 1, 0), (0, 1, 3.2548232e-7), (0, 1, 5.959099e-7), (0, 1, 0), (1, 0, 0), (1, 0, 0), (1, 0, 0), (1, 0, 0), (0, 1, 5.959099e-7), (0, 1, 8.649561e-7), (0, 1, 0), (0, 1, 0), (0.8215773, 0, -0.5700972), (0.8215773, 0, -0.5700972), (0.8215773, 0, -0.5700972), (0.8215773, 0, -0.5700972), (0, -1, 1.9369894e-7), (0, -1, -1.3736668e-7), (0, -1, -3.3591093e-7), (0, -1, -4.5463892e-7), (0, -1, 1.6274116e-7), (0, -1, 2.9795495e-7), (0, -1, -1.3736668e-7), (0, -1, 1.9369894e-7), (0.5564685, 0, -0.8308687), (0.5564685, 0, -0.8308687), (0.5564685, 0, -0.8308687), (0.5564685, 0, -0.8308687), (0, 1, 5.959099e-7), (0, 1, 3.2548232e-7), (0, 1, 8.649561e-7), (0, 1, 5.959099e-7), (0, 0, 1), (0, 0, 1), (0, 0, 1), (0, 0, 1), (0, 0, -1), (0, 0, -1), (0, 0, -1), (0, 0, -1), (0.9830044, 0, -0.18358232), (0.9830044, 0, -0.18358232), (0.9830044, 0, -0.18358232), (0.9830044, 0, -0.18358232), (0, 1, 0), (0, 1, 0), (0, 1, 0), (0, 1, 0), (0, -1, -9.94107e-8), (0, -1, -1.9882138e-7), (0, -1, -1.9882138e-7), (0, -1, -7.7338285e-8), (0, -1, 0), (0, -1, 5.959099e-7), (0, -1, 3.2548232e-7), (0, -1, 0), (0, 1, 0), (0, 1, 0), (0, 1, 0), (0, 1, 0), (1, 0, 0), (1, 0, 0), (1, 0, 0), (1, 0, 0), (0, 1, 0), (0, 1, 0), (0, 1, 0), (0, 1, 0), (0.8215782, 0, -0.5700958), (0.8215782, 0, -0.5700958), (0.8215782, 0, -0.5700958), (0.8215782, 0, -0.5700958), (0, -1, 8.649561e-7), (0, -1, 5.959099e-7), (0, -1, -9.94107e-8), (0, -1, -7.7338285e-8), (0, -1, 3.2548232e-7), (0, -1, 5.959099e-7), (0, -1, 5.959099e-7), (0, -1, 8.649561e-7), (0.556466, 0, -0.83087033), (0.556466, 0, -0.83087033), (0.556466, 0, -0.83087033), (0.556466, 0, -0.83087033), (0, 1, 0), (0, 1, 0), (0, 1, 0), (0, 1, 0), (0, 0, 1), (0, 0, 1), (0, 0, 1), (0, 0, 1), (0, 0, -1), (0, 0, -1), (0, 0, -1), (0, 0, -1), (0.9830044, 0, -0.18358204), (0.9830044, 0, -0.18358204), (0.9830044, 0, -0.18358204), (0.9830044, 0, -0.18358204), (0, 1, -3.0935314e-7), (0, 1, -7.9528553e-7), (0, 1, -7.9528553e-7), (0, 1, -3.976428e-7), (0, -1, 0), (0, -1, 0), (0, -1, 0), (0, -1, 0), (0, -1, 0), (0, -1, -0.0000011918198), (0, -1, -6.5096464e-7), (0, -1, 0), (0, 1, 0), (0, 1, 0), (0, 1, 0), (0, 1, 0), (1, 0, 0), (1, 0, 0), (1, 0, 0), (1, 0, 0), (0, 1, 0), (0, 1, 0), (0, 1, -3.0935314e-7), (0, 1, -3.976428e-7), (0.8215773, 0, -0.5700971), (0.8215773, 0, -0.5700971), (0.8215773, 0, -0.5700971), (0.8215773, 0, -0.5700971), (0, -1, -0.0000017299122), (0, -1, -0.0000011918198), (0, -1, 0), (0, -1, 0), (0, -1, -6.5096464e-7), (0, -1, -0.0000011918198), (0, -1, -0.0000011918198), (0, -1, -0.0000017299122), (0.5564686, 0, -0.83086854), (0.5564686, 0, -0.83086854), (0.5564686, 0, -0.83086854), (0.5564686, 0, -0.83086854), (0, 1, 0), (0, 1, 0), (0, 1, 0), (0, 1, 0), (0, 0, 1), (0, 0, 1), (0, 0, 1), (0, 0, 1), (0, 0, -1), (0, 0, -1), (0, 0, -1), (0, 0, -1), (0, 0.98300433, -0.18358243), (0, 0.98300433, -0.18358243), (0, 0.98300433, -0.18358243), (0, 0.98300433, -0.18358243), (-1, 0, 0), (-1, 0, 0), (-1, 0, 0), (-1, 0, 0), (1, 0, 0), (1, 0, 0), (1, 0, 0), (1, 0, 0), (1, 0, 0), (1, 0, 0), (1, 0, 0), (1, 0, 0), (-1, 0, 0), (-1, 0, 0), (-1, 0, 0), (-1, 0, 0), (0, 1, 0), (0, 1, 0), (0, 1, 0), (0, 1, 0), (-1, 0, 0), (-1, 0, 0), (-1, 0, 0), (-1, 0, 0), (0, 0.82157636, -0.5700985), (0, 0.82157636, -0.5700985), (0, 0.82157636, -0.5700985), (0, 0.82157636, -0.5700985), (1, 0, 0), (1, 0, 0), (1, 0, 0), (1, 0, 0), (1, 0, 0), (1, 0, 0), (1, 0, 0), (1, 0, 0), (0, 0.55646664, -0.83086985), (0, 0.55646664, -0.83086985), (0, 0.55646664, -0.83086985), (0, 0.55646664, -0.83086985), (-1, 0, 0), (-1, 0, 0), (-1, 0, 0), (-1, 0, 0), (0, 0, 1), (0, 0, 1), (0, 0, 1), (0, 0, 1), (0, 0, -1), (0, 0, -1), (0, 0, -1), (0, 0, -1), (0, 0.98300433, -0.18358243), (0, 0.98300433, -0.18358243), (0, 0.98300433, -0.18358243), (0, 0.98300433, -0.18358243), (-1, 0, 0), (-1, 0, 0), (-1, 0, 0), (-1, 0, 0), (1, 0, 0), (1, 0, 0), (1, 0, 0), (1, 0, 0), (1, 0, 0), (1, 0, 0), (1, 0, 0), (1, 0, 0), (-1, 0, 0), (-1, 0, 0), (-1, 0, 0), (-1, 0, 0), (0, 1, 0), (0, 1, 0), (0, 1, 0), (0, 1, 0), (-1, 0, 0), (-1, 0, 0), (-1, 0, 0), (-1, 0, 0), (0, 0.82157636, -0.5700985), (0, 0.82157636, -0.5700985), (0, 0.82157636, -0.5700985), (0, 0.82157636, -0.5700985), (1, 0, 0), (1, 0, 0), (1, 0, 0), (1, 0, 0), (1, 0, 0), (1, 0, 0), (1, 0, 0), (1, 0, 0), (0, 0.55646664, -0.83086985), (0, 0.55646664, -0.83086985), (0, 0.55646664, -0.83086985), (0, 0.55646664, -0.83086985), (-1, 0, 0), (-1, 0, 0), (-1, 0, 0), (-1, 0, 0), (0, 0, 1), (0, 0, 1), (0, 0, 1), (0, 0, 1), (0, 0, -1), (0, 0, -1), (0, 0, -1), (0, 0, -1), (0, 0.9830043, -0.1835825), (0, 0.9830043, -0.1835825), (0, 0.9830043, -0.1835825), (0, 0.9830043, -0.1835825), (-1, 0, 0), (-1, 0, 0), (-1, 0, 0), (-1, 0, 0), (1, 0, 0), (1, 0, 0), (1, 0, 0), (1, 0, 0), (1, 0, 0), (1, 0, 0), (1, 0, 0), (1, 0, 0), (-1, 0, 0), (-1, 0, 0), (-1, 0, 0), (-1, 0, 0), (0, 1, 0), (0, 1, 0), (0, 1, 0), (0, 1, 0), (-1, 0, 0), (-1, 0, 0), (-1, 0, 0), (-1, 0, 0), (0, 0.82157624, -0.57009876), (0, 0.82157624, -0.57009876), (0, 0.82157624, -0.57009876), (0, 0.82157624, -0.57009876), (1, 0, 0), (1, 0, 0), (1, 0, 0), (1, 0, 0), (1, 0, 0), (1, 0, 0), (1, 0, 0), (1, 0, 0), (0, 0.55646646, -0.83087), (0, 0.55646646, -0.83087), (0, 0.55646646, -0.83087), (0, 0.55646646, -0.83087), (-1, 0, 0), (-1, 0, 0), (-1, 0, 0), (-1, 0, 0), (0, 0, 1), (0, 0, 1), (0, 0, 1), (0, 0, 1), (0, 0, -1), (0, 0, -1), (0, 0, -1), (0, 0, -1), (0, 0.98300433, -0.18358247), (0, 0.98300433, -0.18358247), (0, 0.98300433, -0.18358247), (0, 0.98300433, -0.18358247), (-1, 0, 0), (-1, 0, 0), (-1, 0, 0), (-1, 0, 0), (1, 5.4415587e-8, 7.488038e-8), (1, 0, 0), (1, 0, 0), (1, 6.649767e-8, 9.150634e-8), (1, 4.6709904e-8, 0), (1, 9.784378e-8, -3.7791125e-8), (1, 7.463891e-8, -2.064128e-8), (1, 4.6709904e-8, 0), (-1, -4.6709904e-8, 0), (-1, -3.395357e-8, -1.8792976e-8), (-1, -2.3354952e-8, -3.4407154e-8), (-1, -4.6709904e-8, 0), (0, 1, 0), (0, 1, 0), (0, 1, 0), (0, 1, 0), (-1, 0, -3.4407154e-8), (-1, 0, -4.9941615e-8), (-1, 0, 0), (-1, 0, 0), (0, 0.821575, -0.5701005), (0, 0.821575, -0.5701005), (0, 0.821575, -0.5701005), (0, 0.821575, -0.5701005), (1, 1.3796726e-7, -1.37807135e-8), (1, 1.2890442e-7, 3.7089258e-8), (1, 5.4415587e-8, 7.488038e-8), (1, 6.649767e-8, 9.150634e-8), (1, 7.463891e-8, -2.064128e-8), (1, 9.784378e-8, -3.7791125e-8), (1, 1.2890442e-7, 3.7089258e-8), (1, 1.3796726e-7, -1.37807135e-8), (0, 0.5564675, -0.8308694), (0, 0.5564675, -0.8308694), (0, 0.5564675, -0.8308694), (0, 0.5564675, -0.8308694), (-1, -2.3354952e-8, -3.4407154e-8), (-1, -3.395357e-8, -1.8792976e-8), (-1, 0, -4.9941615e-8), (-1, 0, -3.4407154e-8), (0, 0, 1), (0, 0, 1), (0, 0, 1), (0, 0, 1), (0, 0, -1), (0, 0, -1), (0, 0, -1), (0, 0, -1), (0, 0.9830043, -0.18358244), (0, 0.9830043, -0.18358244), (0, 0.9830043, -0.18358244), (0, 0.9830043, -0.18358244), (-1, 0, 0), (-1, 0, 0), (-1, 0, 0), (-1, 0, 0), (1, 0, 0), (1, 0, 0), (1, 0, 0), (1, 0, 0), (1, 0, 0), (1, 0, 0), (1, 0, 0), (1, 0, 0), (-1, 0, 0), (-1, 0, 0), (-1, 0, 0), (-1, 0, 0), (0, 1, 0), (0, 1, 0), (0, 1, 0), (0, 1, 0), (-1, 0, 0), (-1, 0, 0), (-1, 0, 0), (-1, 0, 0), (0, 0.821575, -0.5701005), (0, 0.821575, -0.5701005), (0, 0.821575, -0.5701005), (0, 0.821575, -0.5701005), (1, 0, 0), (1, 0, 0), (1, 0, 0), (1, 0, 0), (1, 0, 0), (1, 0, 0), (1, 0, 0), (1, 0, 0), (0, 0.5564676, -0.8308694), (0, 0.5564676, -0.8308694), (0, 0.5564676, -0.8308694), (0, 0.5564676, -0.8308694), (-1, 0, 0), (-1, 0, 0), (-1, 0, 0), (-1, 0, 0), (0, 0, 1), (0, 0, 1), (0, 0, 1), (0, 0, 1), (0, 0, -1), (0, 0, -1), (0, 0, -1), (0, 0, -1), (0, 0.98300433, -0.18358243), (0, 0.98300433, -0.18358243), (0, 0.98300433, -0.18358243), (0, 0.98300433, -0.18358243), (-1, 0, 0), (-1, 0, 0), (-1, 0, 0), (-1, 0, 0), (1, 0, 0), (1, 0, 0), (1, 0, 0), (1, 0, 0), (1, 0, 0), (1, 0, 0), (1, 0, 0), (1, 0, 0), (-1, 0, 0), (-1, 0, 0), (-1, 0, 0), (-1, 0, 0), (0, 1, 0), (0, 1, 0), (0, 1, 0), (0, 1, 0), (-1, 0, 0), (-1, 0, 0), (-1, 0, 0), (-1, 0, 0), (0, 0.82157624, -0.5700987), (0, 0.82157624, -0.5700987), (0, 0.82157624, -0.5700987), (0, 0.82157624, -0.5700987), (1, 0, 0), (1, 0, 0), (1, 0, 0), (1, 0, 0), (1, 0, 0), (1, 0, 0), (1, 0, 0), (1, 0, 0), (0, 0.55646664, -0.83086985), (0, 0.55646664, -0.83086985), (0, 0.55646664, -0.83086985), (0, 0.55646664, -0.83086985), (-1, 0, 0), (-1, 0, 0), (-1, 0, 0), (-1, 0, 0), (0, 0, 1), (0, 0, 1), (0, 0, 1), (0, 0, 1), (0, 0, -1), (0, 0, -1), (0, 0, -1), (0, 0, -1), (0, 0.98300433, -0.18358243), (0, 0.98300433, -0.18358243), (0, 0.98300433, -0.18358243), (0, 0.98300433, -0.18358243), (-1, 0, 0), (-1, 0, 0), (-1, 0, 0), (-1, 0, 0), (1, 0, 0), (1, 0, 0), (1, 0, 0), (1, 0, 0), (1, 0, 0), (1, 0, 0), (1, 0, 0), (1, 0, 0), (-1, 0, 0), (-1, 0, 0), (-1, 0, 0), (-1, 0, 0), (0, 1, 0), (0, 1, 0), (0, 1, 0), (0, 1, 0), (-1, 0, 0), (-1, 0, 0), (-1, 0, 0), (-1, 0, 0), (0, 0.8215761, -0.5700988), (0, 0.8215761, -0.5700988), (0, 0.8215761, -0.5700988), (0, 0.8215761, -0.5700988), (1, 0, 0), (1, 0, 0), (1, 0, 0), (1, 0, 0), (1, 0, 0), (1, 0, 0), (1, 0, 0), (1, 0, 0), (0, 0.55646664, -0.83086985), (0, 0.55646664, -0.83086985), (0, 0.55646664, -0.83086985), (0, 0.55646664, -0.83086985), (-1, 0, 0), (-1, 0, 0), (-1, 0, 0), (-1, 0, 0), (0, 0, 1), (0, 0, 1), (0, 0, 1), (0, 0, 1), (0, 0, -1), (0, 0, -1), (0, 0, -1), (0, 0, -1), (0, 0.9830042, -0.18358283), (0, 0.9830042, -0.18358283), (0, 0.9830042, -0.18358283), (0, 0.9830042, -0.18358283), (-1, 0, 0), (-1, 0, 0), (-1, 0, 0), (-1, 0, 0), (1, 0, 0), (1, 0, 0), (1, 0, 0), (1, 0, 0), (1, 0, 0), (1, 0, 0), (1, 0, 0), (1, 0, 0), (-1, 0, 0), (-1, 0, 0), (-1, 0, 0), (-1, 0, 0), (0, 1, 0), (0, 1, 0), (0, 1, 0), (0, 1, 0), (-1, 0, 0), (-1, 0, 0), (-1, 0, 0), (-1, 0, 0), (0, 0.82157475, -0.5701008), (0, 0.82157475, -0.5701008), (0, 0.82157475, -0.5701008), (0, 0.82157475, -0.5701008), (1, 0, 0), (1, 0, 0), (1, 0, 0), (1, 0, 0), (1, 0, 0), (1, 0, 0), (1, 0, 0), (1, 0, 0), (0, 0.55646896, -0.83086836), (0, 0.55646896, -0.83086836), (0, 0.55646896, -0.83086836), (0, 0.55646896, -0.83086836), (-1, 0, 0), (-1, 0, 0), (-1, 0, 0), (-1, 0, 0), (0, 0, 1), (0, 0, 1), (0, 0, 1), (0, 0, 1), (0, 0, -1), (0, 0, -1), (0, 0, -1), (0, 0, -1), (0, 0.98300433, -0.18358274), (0, 0.98300433, -0.18358274), (0, 0.98300433, -0.18358274), (0, 0.98300433, -0.18358274), (-1, 0, 0), (-1, 0, 0), (-1, 0, 0), (-1, 0, 0), (1, 0, 0), (1, 0, 0), (1, 0, 0), (1, 0, 0), (1, 0, 0), (1, 0, 0), (1, 0, 0), (1, 0, 0), (-1, 0, 0), (-1, 0, 0), (-1, 0, 0), (-1, 0, 0), (0, 1, 0), (0, 1, 0), (0, 1, 0), (0, 1, 0), (-1, 0, 0), (-1, 0, 0), (-1, 0, 0), (-1, 0, 0), (0, 0.82157475, -0.5701008), (0, 0.82157475, -0.5701008), (0, 0.82157475, -0.5701008), (0, 0.82157475, -0.5701008), (1, 0, 0), (1, 0, 0), (1, 0, 0), (1, 0, 0), (1, 0, 0), (1, 0, 0), (1, 0, 0), (1, 0, 0), (0, 0.5564688, -0.8308685), (0, 0.5564688, -0.8308685), (0, 0.5564688, -0.8308685), (0, 0.5564688, -0.8308685), (-1, 0, 0), (-1, 0, 0), (-1, 0, 0), (-1, 0, 0), (0, 0, 1), (0, 0, 1), (0, 0, 1), (0, 0, 1), (0, 0, -1), (0, 0, -1), (0, 0, -1), (0, 0, -1), (0, 0.98300403, -0.18358399), (0, 0.98300403, -0.18358399), (0, 0.98300403, -0.18358399), (0, 0.98300403, -0.18358399), (-1, 0, 0), (-1, 0, 0), (-1, 0, 0), (-1, 0, 0), (1, 0, 0), (1, 0, 0), (1, 0, 0), (1, 0, 0), (1, 0, 0), (1, 0, 0), (1, 0, 0), (1, 0, 0), (-1, 0, 0), (-1, 0, 0), (-1, 0, 0), (-1, 0, 0), (0, 1, 0), (0, 1, 0), (0, 1, 0), (0, 1, 0), (-1, 0, 0), (-1, 0, 0), (-1, 0, 0), (-1, 0, 0), (0, 0.8215746, -0.57010096), (0, 0.8215746, -0.57010096), (0, 0.8215746, -0.57010096), (0, 0.8215746, -0.57010096), (1, 0, 0), (1, 0, 0), (1, 0, 0), (1, 0, 0), (1, 0, 0), (1, 0, 0), (1, 0, 0), (1, 0, 0), (0, 0.5564694, -0.8308682), (0, 0.5564694, -0.8308682), (0, 0.5564694, -0.8308682), (0, 0.5564694, -0.8308682), (-1, 0, 0), (-1, 0, 0), (-1, 0, 0), (-1, 0, 0), (0, 0, 1), (0, 0, 1), (0, 0, 1), (0, 0, 1), (0, 0, -1), (0, 0, -1), (0, 0, -1), (0, 0, -1), (0, 0.98300415, -0.18358333), (0, 0.98300415, -0.18358333), (0, 0.98300415, -0.18358333), (0, 0.98300415, -0.18358333), (-1, 0, -2.2959535e-8), (-1, 0, -5.9024533e-8), (-1, 0, -5.9024533e-8), (-1, 0, -2.9512266e-8), (1, 5.4415967e-8, 1.04393145e-7), (1, 0, 5.9024483e-8), (1, 0, 5.9024483e-8), (1, 6.649816e-8, 1.1446653e-7), (1, 4.6709975e-8, 0), (1, 9.784275e-8, -3.7790585e-8), (1, 7.463847e-8, -2.0641053e-8), (1, 4.6709975e-8, 0), (-1, -4.6709975e-8, 0), (-1, -3.3953583e-8, -1.8792768e-8), (-1, -2.3354987e-8, -3.440666e-8), (-1, -4.6709975e-8, 0), (0, 1, 0), (0, 1, 0), (0, 1, 0), (0, 1, 0), (-1, 0, -3.440666e-8), (-1, 0, -4.994092e-8), (-1, 0, -2.2959535e-8), (-1, 0, -2.9512266e-8), (0, 0.82157344, -0.57010263), (0, 0.82157344, -0.57010263), (0, 0.82157344, -0.57010263), (0, 0.82157344, -0.57010263), (1, 1.3796594e-7, -1.3779714e-8), (1, 1.2890374e-7, 3.7090317e-8), (1, 5.4415967e-8, 1.04393145e-7), (1, 6.649816e-8, 1.1446653e-7), (1, 7.463847e-8, -2.0641053e-8), (1, 9.784275e-8, -3.7790585e-8), (1, 1.2890374e-7, 3.7090317e-8), (1, 1.3796594e-7, -1.3779714e-8), (0, 0.5564696, -0.83086795), (0, 0.5564696, -0.83086795), (0, 0.5564696, -0.83086795), (0, 0.5564696, -0.83086795), (-1, -2.3354987e-8, -3.440666e-8), (-1, -3.3953583e-8, -1.8792768e-8), (-1, 0, -4.994092e-8), (-1, 0, -3.440666e-8), (0, 0, 1), (0, 0, 1), (0, 0, 1), (0, 0, 1), (0, 0, -1), (0, 0, -1), (0, 0, -1), (0, 0, -1), (0, 0.9830043, -0.1835827), (0, 0.9830043, -0.1835827), (0, 0.9830043, -0.1835827), (0, 0.9830043, -0.1835827), (-1, 0, 0), (-1, 0, 0), (-1, 0, 0), (-1, 0, 0), (1, 0, 0), (1, 0, 0), (1, 0, 0), (1, 0, 0), (1, 0, 0), (1, 0, 0), (1, 0, 0), (1, 0, 0), (-1, 0, 0), (-1, 0, 0), (-1, 0, 0), (-1, 0, 0), (0, 1, 0), (0, 1, 0), (0, 1, 0), (0, 1, 0), (-1, 0, 0), (-1, 0, 0), (-1, 0, 0), (-1, 0, 0), (0, 0.82157356, -0.5701026), (0, 0.82157356, -0.5701026), (0, 0.82157356, -0.5701026), (0, 0.82157356, -0.5701026), (1, 0, 0), (1, 0, 0), (1, 0, 0), (1, 0, 0), (1, 0, 0), (1, 0, 0), (1, 0, 0), (1, 0, 0), (0, 0.5564698, -0.8308679), (0, 0.5564698, -0.8308679), (0, 0.5564698, -0.8308679), (0, 0.5564698, -0.8308679), (-1, 0, 0), (-1, 0, 0), (-1, 0, 0), (-1, 0, 0), (0, 0, 1), (0, 0, 1), (0, 0, 1), (0, 0, 1), (0, 0, -1), (0, 0, -1), (0, 0, -1), (0, 0, -1), (0, 0.98300433, -0.18358274), (0, 0.98300433, -0.18358274), (0, 0.98300433, -0.18358274), (0, 0.98300433, -0.18358274), (-1, 0, 0), (-1, 0, 0), (-1, 0, 0), (-1, 0, 0), (1, 0, 0), (1, 0, 0), (1, 0, 0), (1, 0, 0), (1, 0, 0), (1, 0, 0), (1, 0, 0), (1, 0, 0), (-1, 0, 0), (-1, 0, 0), (-1, 0, 0), (-1, 0, 0), (0, 1, 0), (0, 1, 0), (0, 1, 0), (0, 1, 0), (-1, 0, 0), (-1, 0, 0), (-1, 0, 0), (-1, 0, 0), (0, 0.82157475, -0.5701008), (0, 0.82157475, -0.5701008), (0, 0.82157475, -0.5701008), (0, 0.82157475, -0.5701008), (1, 0, 0), (1, 0, 0), (1, 0, 0), (1, 0, 0), (1, 0, 0), (1, 0, 0), (1, 0, 0), (1, 0, 0), (0, 0.5564688, -0.8308685), (0, 0.5564688, -0.8308685), (0, 0.5564688, -0.8308685), (0, 0.5564688, -0.8308685), (-1, 0, 0), (-1, 0, 0), (-1, 0, 0), (-1, 0, 0), (0, 0, 1), (0, 0, 1), (0, 0, 1), (0, 0, 1), (0, 0, -1), (0, 0, -1), (0, 0, -1), (0, 0, -1), (0, 0.9830042, -0.18358283), (0, 0.9830042, -0.18358283), (0, 0.9830042, -0.18358283), (0, 0.9830042, -0.18358283), (-1, 0, 0), (-1, 0, 0), (-1, 0, 0), (-1, 0, 0), (1, 0, 0), (1, 0, 0), (1, 0, 0), (1, 0, 0), (1, 0, 0), (1, 0, 0), (1, 0, 0), (1, 0, 0), (-1, 0, 0), (-1, 0, 0), (-1, 0, 0), (-1, 0, 0), (0, 1, 0), (0, 1, 0), (0, 1, 0), (0, 1, 0), (-1, 0, 0), (-1, 0, 0), (-1, 0, 0), (-1, 0, 0), (0, 0.82157475, -0.5701008), (0, 0.82157475, -0.5701008), (0, 0.82157475, -0.5701008), (0, 0.82157475, -0.5701008), (1, 0, 0), (1, 0, 0), (1, 0, 0), (1, 0, 0), (1, 0, 0), (1, 0, 0), (1, 0, 0), (1, 0, 0), (0, 0.55646867, -0.8308686), (0, 0.55646867, -0.8308686), (0, 0.55646867, -0.8308686), (0, 0.55646867, -0.8308686), (-1, 0, 0), (-1, 0, 0), (-1, 0, 0), (-1, 0, 0), (0, 0, 1), (0, 0, 1), (0, 0, 1), (0, 0, 1), (0, 0, -1), (0, 0, -1), (0, 0, -1), (0, 0, -1), (0.98300433, 0, -0.18358196), (0.98300433, 0, -0.18358196), (0.98300433, 0, -0.18358196), (0.98300433, 0, -0.18358196), (0, 1, 0), (0, 1, 0), (0, 1, 0), (0, 1, 0), (0, -1, -3.976428e-7), (0, -1, -7.9528553e-7), (0, -1, -7.9528553e-7), (0, -1, -3.0935274e-7), (0, -1, 0), (0, -1, 0), (0, -1, 0), (0, -1, 0), (0, 1, 0), (0, 1, 0), (0, 1, 0), (0, 1, 0), (1, 0, 0), (1, 0, 0), (1, 0, 0), (1, 0, 0), (0, 1, 0), (0, 1, 0), (0, 1, 0), (0, 1, 0), (0.8215746, 0, -0.5701011), (0.8215746, 0, -0.5701011), (0.8215746, 0, -0.5701011), (0.8215746, 0, -0.5701011), (0, -1, 0), (0, -1, 0), (0, -1, -3.976428e-7), (0, -1, -3.0935274e-7), (0, -1, 0), (0, -1, 0), (0, -1, 0), (0, -1, 0), (0.55647105, 0, -0.830867), (0.55647105, 0, -0.830867), (0.55647105, 0, -0.830867), (0.55647105, 0, -0.830867), (0, 1, 0), (0, 1, 0), (0, 1, 0), (0, 1, 0), (0, 0, 1), (0, 0, 1), (0, 0, 1), (0, 0, 1), (0, 0, -1), (0, 0, -1), (0, 0, -1), (0, 0, -1), (0.98300445, 0, -0.1835819), (0.98300445, 0, -0.1835819), (0.98300445, 0, -0.1835819), (0.98300445, 0, -0.1835819), (0, 1, -0.0000010639683), (0, 1, 0), (0, 1, 0), (0, 1, -8.7065393e-7), (0, -1, 6.718326e-7), (0, -1, -3.9764276e-7), (0, -1, -3.9764276e-7), (0, -1, 9.09292e-7), (0, -1, 0), (0, -1, 0), (0, -1, 0), (0, -1, 0), (0, 1, 0), (0, 1, 0), (0, 1, 0), (0, 1, 0), (1, 0, 0), (1, 0, 0), (1, 0, 0), (1, 0, 0), (0, 1, -8.7065393e-7), (0, 1, -4.7756254e-7), (0, 1, -0.0000010639683), (0, 1, -8.7065393e-7), (0.8215746, 0, -0.5701011), (0.8215746, 0, -0.5701011), (0.8215746, 0, -0.5701011), (0.8215746, 0, -0.5701011), (0, -1, 4.7756254e-7), (0, -1, 8.7065393e-7), (0, -1, 6.718326e-7), (0, -1, 9.09292e-7), (0, -1, 0), (0, -1, 0), (0, -1, 8.7065393e-7), (0, -1, 4.7756254e-7), (0.5564713, 0, -0.8308669), (0.5564713, 0, -0.8308669), (0.5564713, 0, -0.8308669), (0.5564713, 0, -0.8308669), (0, 1, 0), (0, 1, 0), (0, 1, -4.7756254e-7), (0, 1, -8.7065393e-7), (0, 0, 1), (0, 0, 1), (0, 0, 1), (0, 0, 1), (0, 0, -1), (0, 0, -1), (0, 0, -1), (0, 0, -1), (0.98300445, 0, -0.1835819), (0.98300445, 0, -0.1835819), (0.98300445, 0, -0.1835819), (0.98300445, 0, -0.1835819), (0, 1, 0), (0, 1, 0), (0, 1, 0), (0, 1, 0), (0, -1, 8.7065393e-7), (0, -1, 0), (0, -1, 0), (0, -1, 0.0000010639683), (0, -1, 0), (0, -1, -5.959064e-7), (0, -1, -3.254815e-7), (0, -1, 0), (0, 1, 0), (0, 1, 0), (0, 1, 0), (0, 1, 0), (1, 0, 0), (1, 0, 0), (1, 0, 0), (1, 0, 0), (0, 1, 0), (0, 1, 0), (0, 1, 0), (0, 1, 0), (0.82157445, 0, -0.57010114), (0.82157445, 0, -0.57010114), (0.82157445, 0, -0.57010114), (0.82157445, 0, -0.57010114), (0, -1, -3.8738955e-7), (0, -1, 2.7474755e-7), (0, -1, 8.7065393e-7), (0, -1, 0.0000010639683), (0, -1, -3.254815e-7), (0, -1, -5.959064e-7), (0, -1, 2.7474755e-7), (0, -1, -3.8738955e-7), (0.55647117, 0, -0.83086693), (0.55647117, 0, -0.83086693), (0.55647117, 0, -0.83086693), (0.55647117, 0, -0.83086693), (0, 1, 0), (0, 1, 0), (0, 1, 0), (0, 1, 0), (0, 0, 1), (0, 0, 1), (0, 0, 1), (0, 0, 1), (0, 0, -1), (0, 0, -1), (0, 0, -1), (0, 0, -1), (0.9830045, 0, -0.18358181), (0.9830045, 0, -0.18358181), (0.9830045, 0, -0.18358181), (0.9830045, 0, -0.18358181), (4.211916e-8, 1, 0), (5.0193783e-8, 1, 0), (5.0193783e-8, 1, 0), (4.3586258e-8, 1, 0), (0, -1, -8.3979074e-8), (0, -1, 4.9705346e-8), (0, -1, 4.9705346e-8), (0, -1, -1.136615e-7), (0, -1, 0), (0, -1, 0), (0, -1, 0), (0, -1, 0), (2.082395e-8, 1, 0), (2.2049115e-8, 1, -2.0342593e-8), (2.3067035e-8, 1, -3.724415e-8), (2.082395e-8, 1, 0), (1, 0, 0), (1, 0, 0), (1, 0, 0), (1, 0, 0), (3.1144424e-8, 1, -3.724415e-8), (2.8510295e-8, 1, -5.4059505e-8), (4.211916e-8, 1, 0), (4.3586258e-8, 1, 0), (0.8215746, 0, -0.5701011), (0.8215746, 0, -0.5701011), (0.8215746, 0, -0.5701011), (0.8215746, 0, -0.5701011), (0, -1, -5.969532e-8), (0, -1, -1.0883174e-7), (0, -1, -8.3979074e-8), (0, -1, -1.136615e-7), (0, -1, 0), (0, -1, 0), (0, -1, -1.0883174e-7), (0, -1, -5.969532e-8), (0.5564686, 0, -0.83086866), (0.5564686, 0, -0.83086866), (0.5564686, 0, -0.83086866), (0.5564686, 0, -0.83086866), (2.3067035e-8, 1, -3.724415e-8), (2.2049115e-8, 1, -2.0342593e-8), (2.8510295e-8, 1, -5.4059505e-8), (3.1144424e-8, 1, -3.724415e-8), (0, 0, 1), (0, 0, 1), (0, 0, 1), (0, 0, 1), (0, 0, -0.99999994), (0, 0, -0.99999994), (0, 0, -0.99999994), (0, 0, -0.99999994), (0.98300445, 0, -0.18358195), (0.98300445, 0, -0.18358195), (0.98300445, 0, -0.18358195), (0.98300445, 0, -0.18358195), (0, 1, 0), (0, 1, 0), (0, 1, 0), (0, 1, 0), (0, -1, -3.359163e-7), (0, -1, 1.9882138e-7), (0, -1, 1.9882138e-7), (0, -1, -4.54646e-7), (0, -1, 0), (0, -1, 2.979532e-7), (0, -1, 1.6274075e-7), (0, -1, 0), (0, 1, 0), (0, 1, 3.254815e-7), (0, 1, 5.959064e-7), (0, 1, 0), (1, 0, 0), (1, 0, 0), (1, 0, 0), (1, 0, 0), (0, 1, 5.959064e-7), (0, 1, 8.649521e-7), (0, 1, 0), (0, 1, 0), (0.8215746, 0, -0.57010114), (0.8215746, 0, -0.57010114), (0.8215746, 0, -0.57010114), (0.8215746, 0, -0.57010114), (0, -1, 1.9369477e-7), (0, -1, -1.3737377e-7), (0, -1, -3.359163e-7), (0, -1, -4.54646e-7), (0, -1, 1.6274075e-7), (0, -1, 2.979532e-7), (0, -1, -1.3737377e-7), (0, -1, 1.9369477e-7), (0.5564711, 0, -0.83086693), (0.5564711, 0, -0.83086693), (0.5564711, 0, -0.83086693), (0.5564711, 0, -0.83086693), (0, 1, 5.959064e-7), (0, 1, 3.254815e-7), (0, 1, 8.649521e-7), (0, 1, 5.959064e-7), (0, 0, 1), (0, 0, 1), (0, 0, 1), (0, 0, 1), (0, 0, -1), (0, 0, -1), (0, 0, -1), (0, 0, -1), (0.98300445, 0, -0.18358149), (0.98300445, 0, -0.18358149), (0.98300445, 0, -0.18358149), (0.98300445, 0, -0.18358149), (0, 1, 0), (0, 1, 0), (0, 1, 0), (0, 1, 0), (0, -1, -9.94107e-8), (0, -1, -1.9882138e-7), (0, -1, -1.9882138e-7), (0, -1, -7.7338186e-8), (0, -1, 0), (0, -1, 5.959064e-7), (0, -1, 3.254815e-7), (0, -1, 0), (0, 1, 0), (0, 1, 0), (0, 1, 0), (0, 1, 0), (1, 0, 0), (1, 0, 0), (1, 0, 0), (1, 0, 0), (0, 1, 0), (0, 1, 0), (0, 1, 0), (0, 1, 0), (0.8215746, 0, -0.5701011), (0.8215746, 0, -0.5701011), (0.8215746, 0, -0.5701011), (0.8215746, 0, -0.5701011), (0, -1, 8.649521e-7), (0, -1, 5.959064e-7), (0, -1, -9.94107e-8), (0, -1, -7.7338186e-8), (0, -1, 3.254815e-7), (0, -1, 5.959064e-7), (0, -1, 5.959064e-7), (0, -1, 8.649521e-7), (0.5564686, 0, -0.83086854), (0.5564686, 0, -0.83086854), (0.5564686, 0, -0.83086854), (0.5564686, 0, -0.83086854), (0, 1, 0), (0, 1, 0), (0, 1, 0), (0, 1, 0), (0, 0, 1), (0, 0, 1), (0, 0, 1), (0, 0, 1), (0, 0, -1), (0, 0, -1), (0, 0, -1), (0, 0, -1), (0.98300445, 0, -0.18358184), (0.98300445, 0, -0.18358184), (0.98300445, 0, -0.18358184), (0.98300445, 0, -0.18358184), (0, 1, -3.0935274e-7), (0, 1, -7.9528553e-7), (0, 1, -7.9528553e-7), (0, 1, -3.976428e-7), (0, -1, 0), (0, -1, 0), (0, -1, 0), (0, -1, 0), (0, -1, 0), (0, -1, -0.0000011918128), (0, -1, -6.50963e-7), (0, -1, 0), (0, 1, 0), (0, 1, 0), (0, 1, 0), (0, 1, 0), (1, 0, 0), (1, 0, 0), (1, 0, 0), (1, 0, 0), (0, 1, 0), (0, 1, 0), (0, 1, -3.0935274e-7), (0, 1, -3.976428e-7), (0.8215746, 0, -0.5701011), (0.8215746, 0, -0.5701011), (0.8215746, 0, -0.5701011), (0.8215746, 0, -0.5701011), (0, -1, -0.0000017299042), (0, -1, -0.0000011918128), (0, -1, 0), (0, -1, 0), (0, -1, -6.50963e-7), (0, -1, -0.0000011918128), (0, -1, -0.0000011918128), (0, -1, -0.0000017299042), (0.5564713, 0, -0.8308669), (0.5564713, 0, -0.8308669), (0.5564713, 0, -0.8308669), (0.5564713, 0, -0.8308669), (0, 1, 0), (0, 1, 0), (0, 1, 0), (0, 1, 0), (0, 0, 1), (0, 0, 1), (0, 0, 1), (0, 0, 1), (0, 0, -1), (0, 0, -1), (0, 0, -1), (0, 0, -1), (-0.98300445, 0, -0.18358156), (-0.98300445, 0, -0.18358156), (-0.98300445, 0, -0.18358156), (-0.98300445, 0, -0.18358156), (0, -1, 0), (0, -1, 0), (0, -1, 0), (0, -1, 0), (0, 1, -3.976428e-7), (0, 1, -7.9528553e-7), (0, 1, -7.9528553e-7), (0, 1, -3.0935317e-7), (0, 1, 0), (0, 1, 0), (0, 1, 0), (0, 1, 0), (0, -1, 0), (0, -1, 0), (0, -1, 0), (0, -1, 0), (-1, 0, 0), (-1, 0, 0), (-1, 0, 0), (-1, 0, 0), (0, -1, 0), (0, -1, 0), (0, -1, 0), (0, -1, 0), (-0.8215764, 0, -0.5700984), (-0.8215764, 0, -0.5700984), (-0.8215764, 0, -0.5700984), (-0.8215764, 0, -0.5700984), (0, 1, 0), (0, 1, 0), (0, 1, -3.976428e-7), (0, 1, -3.0935317e-7), (0, 1, 0), (0, 1, 0), (0, 1, 0), (0, 1, 0), (-0.5564658, 0, -0.8308705), (-0.5564658, 0, -0.8308705), (-0.5564658, 0, -0.8308705), (-0.5564658, 0, -0.8308705), (0, -1, 0), (0, -1, 0), (0, -1, 0), (0, -1, 0), (0, 0, 1), (0, 0, 1), (0, 0, 1), (0, 0, 1), (0, 0, -1), (0, 0, -1), (0, 0, -1), (0, 0, -1), (-0.98300445, 0, -0.18358149), (-0.98300445, 0, -0.18358149), (-0.98300445, 0, -0.18358149), (-0.98300445, 0, -0.18358149), (0, -1, -7.5460116e-7), (0, -1, 7.9528553e-7), (0, -1, 7.9528553e-7), (0, -1, -4.730005e-7), (0, 1, -9.94107e-8), (0, 1, -1.9882138e-7), (0, 1, -1.9882138e-7), (0, 1, -7.733829e-8), (0, 1, 0), (0, 1, 0), (0, 1, 0), (0, 1, 0), (0, -1, 0), (0, -1, 0), (0, -1, 0), (0, -1, 0), (-1, 0, 0), (-1, 0, 0), (-1, 0, 0), (-1, 0, 0), (0, -1, -8.706433e-7), (0, -1, -4.775579e-7), (0, -1, -7.5460116e-7), (0, -1, -4.730005e-7), (-0.8215764, 0, -0.5700984), (-0.8215764, 0, -0.5700984), (-0.8215764, 0, -0.5700984), (-0.8215764, 0, -0.5700984), (0, 1, 0), (0, 1, 0), (0, 1, -9.94107e-8), (0, 1, -7.733829e-8), (0, 1, 0), (0, 1, 0), (0, 1, 0), (0, 1, 0), (-0.556466, 0, -0.83087033), (-0.556466, 0, -0.83087033), (-0.556466, 0, -0.83087033), (-0.556466, 0, -0.83087033), (0, -1, 0), (0, -1, 0), (0, -1, -4.775579e-7), (0, -1, -8.706433e-7), (0, 0, 1), (0, 0, 1), (0, 0, 1), (0, 0, 1), (0, 0, -1), (0, 0, -1), (0, 0, -1), (0, 0, -1), (-0.98300445, 0, -0.18358152), (-0.98300445, 0, -0.18358152), (-0.98300445, 0, -0.18358152), (-0.98300445, 0, -0.18358152), (0, -1, 0), (0, -1, 0), (0, -1, 0), (0, -1, 0), (0, 1, 5.3473235e-7), (0, 1, 1.9882138e-7), (0, 1, 1.9882138e-7), (0, 1, 6.093155e-7), (0, 1, 0), (0, 1, 5.9591275e-7), (0, 1, 3.2548286e-7), (0, 1, 0), (0, -1, 0), (0, -1, -1.6274143e-7), (0, -1, -2.9795638e-7), (0, -1, 0), (-1, 0, 0), (-1, 0, 0), (-1, 0, 0), (-1, 0, 0), (0, -1, -2.9795638e-7), (0, -1, -4.3248025e-7), (0, -1, 0), (0, -1, 0), (-0.8215764, 0, -0.5700984), (-0.8215764, 0, -0.5700984), (-0.8215764, 0, -0.5700984), (-0.8215764, 0, -0.5700984), (0, 1, 0.0000011037394), (0, 1, 0.0000010312343), (0, 1, 5.3473235e-7), (0, 1, 6.093155e-7), (0, 1, 3.2548286e-7), (0, 1, 5.9591275e-7), (0, 1, 0.0000010312343), (0, 1, 0.0000011037394), (-0.5564659, 0, -0.83087045), (-0.5564659, 0, -0.83087045), (-0.5564659, 0, -0.83087045), (-0.5564659, 0, -0.83087045), (0, -1, -2.9795638e-7), (0, -1, -1.6274143e-7), (0, -1, -4.3248025e-7), (0, -1, -2.9795638e-7), (0, 0, 1), (0, 0, 1), (0, 0, 1), (0, 0, 1), (-0.000004658092, 0, -0.99999994), (-0.000004658092, 0, -0.99999994), (-0.000004658092, 0, -0.99999994), (-0.000004658092, 0, -0.99999994), (-0.9830044, 0, -0.18358205), (-0.9830044, 0, -0.18358205), (-0.9830044, 0, -0.18358205), (-0.9830044, 0, -0.18358205), (-8.4238295e-8, -1, -1.9334573e-8), (-1.0038757e-7, -1, -4.9705346e-8), (-1.0038757e-7, -1, -4.9705346e-8), (-8.717248e-8, -1, -2.4852675e-8), (3.6978694e-8, 1, 3.727901e-8), (0, 1, 7.455802e-8), (0, 1, 7.455802e-8), (4.5189164e-8, 1, 2.9001859e-8), (8.32958e-8, 1, 0), (9.226812e-8, 1, 0), (8.8196416e-8, 1, 0), (8.32958e-8, 1, 0), (-4.16479e-8, -1, 0), (-4.4098208e-8, -1, 4.0685357e-8), (-4.613406e-8, -1, 7.4489094e-8), (-4.16479e-8, -1, 0), (-1, 0, 0), (-1, 0, 0), (-1, 0, 0), (-1, 0, 0), (-6.22888e-8, -1, 7.4489094e-8), (-5.7020564e-8, -1, 1.0812006e-7), (-8.4238295e-8, -1, -1.9334573e-8), (-8.717248e-8, -1, -2.4852675e-8), (-0.8215782, 0, -0.57009584), (-0.8215782, 0, -0.57009584), (-0.8215782, 0, -0.57009584), (-0.8215782, 0, -0.57009584), (9.375789e-8, 1, 0), (8.7598906e-8, 1, 0), (3.6978694e-8, 1, 3.727901e-8), (4.5189164e-8, 1, 2.9001859e-8), (8.8196416e-8, 1, 0), (9.226812e-8, 1, 0), (8.7598906e-8, 1, 0), (9.375789e-8, 1, 0), (-0.55646324, 0, -0.83087224), (-0.55646324, 0, -0.83087224), (-0.55646324, 0, -0.83087224), (-0.55646324, 0, -0.83087224), (-4.613406e-8, -1, 7.4489094e-8), (-4.4098208e-8, -1, 4.0685357e-8), (-5.7020564e-8, -1, 1.0812006e-7), (-6.22888e-8, -1, 7.4489094e-8), (0, 0, 1), (0, 0, 1), (0, 0, 1), (0, 0, 1), (0, 0, -0.99999994), (0, 0, -0.99999994), (0, 0, -0.99999994), (0, 0, -0.99999994), (-0.98300445, 0, -0.18358152), (-0.98300445, 0, -0.18358152), (-0.98300445, 0, -0.18358152), (-0.98300445, 0, -0.18358152), (0, -1, -5.319772e-7), (0, -1, 0), (0, -1, 0), (0, -1, -4.3532165e-7), (0, 1, 4.3532165e-7), (0, 1, 0), (0, 1, 0), (0, 1, 5.319772e-7), (0, 1, 0), (0, 1, 0), (0, 1, 0), (0, 1, 0), (0, -1, 0), (0, -1, 0), (0, -1, 0), (0, -1, 0), (-1, 0, 0), (-1, 0, 0), (-1, 0, 0), (-1, 0, 0), (0, -1, -4.3532165e-7), (0, -1, -2.3877894e-7), (0, -1, -5.319772e-7), (0, -1, -4.3532165e-7), (-0.82157636, 0, -0.57009846), (-0.82157636, 0, -0.57009846), (-0.82157636, 0, -0.57009846), (-0.82157636, 0, -0.57009846), (0, 1, 2.3877894e-7), (0, 1, 4.3532165e-7), (0, 1, 4.3532165e-7), (0, 1, 5.319772e-7), (0, 1, 0), (0, 1, 0), (0, 1, 4.3532165e-7), (0, 1, 2.3877894e-7), (-0.55646586, 0, -0.8308705), (-0.55646586, 0, -0.8308705), (-0.55646586, 0, -0.8308705), (-0.55646586, 0, -0.8308705), (0, -1, 0), (0, -1, 0), (0, -1, -2.3877894e-7), (0, -1, -4.3532165e-7), (0, 0, 1), (0, 0, 1), (0, 0, 1), (0, 0, 1), (0, 0, -1), (0, 0, -1), (0, 0, -1), (0, 0, -1), (-0.98300433, 0, -0.18358196), (-0.98300433, 0, -0.18358196), (-0.98300433, 0, -0.18358196), (-0.98300433, 0, -0.18358196), (0, -1, 0), (0, -1, 0), (0, -1, 0), (0, -1, 0), (0, 1, 0), (0, 1, 0), (0, 1, 0), (0, 1, 0), (0, 1, 0), (0, 1, 0), (0, 1, 0), (0, 1, 0), (0, -1, 0), (0, -1, 0), (0, -1, 0), (0, -1, 0), (-1, 0, 0), (-1, 0, 0), (-1, 0, 0), (-1, 0, 0), (0, -1, 0), (0, -1, 0), (0, -1, 0), (0, -1, 0), (-0.8215781, 0, -0.570096), (-0.8215781, 0, -0.570096), (-0.8215781, 0, -0.570096), (-0.8215781, 0, -0.570096), (0, 1, 0), (0, 1, 0), (0, 1, 0), (0, 1, 0), (0, 1, 0), (0, 1, 0), (0, 1, 0), (0, 1, 0), (-0.5564658, 0, -0.8308705), (-0.5564658, 0, -0.8308705), (-0.5564658, 0, -0.8308705), (-0.5564658, 0, -0.8308705), (0, -1, 0), (0, -1, 0), (0, -1, 0), (0, -1, 0), (0, 0, 1), (0, 0, 1), (0, 0, 1), (0, 0, 1), (0, 0, -1), (0, 0, -1), (0, 0, -1), (0, 0, -1), (-0.98300433, 0, -0.18358196), (-0.98300433, 0, -0.18358196), (-0.98300433, 0, -0.18358196), (-0.98300433, 0, -0.18358196), (0, -1, -3.0935317e-7), (0, -1, -7.9528553e-7), (0, -1, -7.9528553e-7), (0, -1, -3.976428e-7), (0, 1, -1.988214e-7), (0, 1, -3.9764276e-7), (0, 1, -3.9764276e-7), (0, 1, -1.5467658e-7), (0, 1, 0), (0, 1, 0), (0, 1, 0), (0, 1, 0), (0, -1, 0), (0, -1, 0), (0, -1, 0), (0, -1, 0), (-1, 0, 0), (-1, 0, 0), (-1, 0, 0), (-1, 0, 0), (0, -1, 0), (0, -1, 0), (0, -1, -3.0935317e-7), (0, -1, -3.976428e-7), (-0.8215781, 0, -0.570096), (-0.8215781, 0, -0.570096), (-0.8215781, 0, -0.570096), (-0.8215781, 0, -0.570096), (0, 1, 0), (0, 1, 0), (0, 1, -1.988214e-7), (0, 1, -1.5467658e-7), (0, 1, 0), (0, 1, 0), (0, 1, 0), (0, 1, 0), (-0.5564658, 0, -0.8308705), (-0.5564658, 0, -0.8308705), (-0.5564658, 0, -0.8308705), (-0.5564658, 0, -0.8308705), (0, -1, 0), (0, -1, 0), (0, -1, 0), (0, -1, 0), (0, 0, 1), (0, 0, 1), (0, 0, 1), (0, 0, 1), (0, 0, -1), (0, 0, -1), (0, 0, -1), (0, 0, -1), (0, -0.9830042, -0.18358283), (0, -0.9830042, -0.18358283), (0, -0.9830042, -0.18358283), (0, -0.9830042, -0.18358283), (1, 0, 0), (1, 0, 0), (1, 0, 0), (1, 0, 0), (-1, 0, 0), (-1, 0, 0), (-1, 0, 0), (-1, 0, 0), (-0.99999994, 0, 0), (-1, 0, 0), (-1, 0, 0), (-0.99999994, 0, 0), (0.99999994, 0, 0), (1, 0, 0), (1, 0, 0), (0.99999994, 0, 0), (0, -1, 0), (0, -1, 0), (0, -1, 0), (0, -1, 0), (1, 0, 0), (1, 0, 0), (1, 0, 0), (1, 0, 0), (0, -0.82157797, -0.5700962), (0, -0.82157797, -0.5700962), (0, -0.82157797, -0.5700962), (0, -0.82157797, -0.5700962), (-1, 0, 0), (-1, 0, 0), (-1, 0, 0), (-1, 0, 0), (-1, 0, 0), (-1, 0, 0), (-1, 0, 0), (-1, 0, 0), (0, -0.55646473, -0.8308713), (0, -0.55646473, -0.8308713), (0, -0.55646473, -0.8308713), (0, -0.55646473, -0.8308713), (1, 0, 0), (1, 0, 0), (1, 0, 0), (1, 0, 0), (0, 0, 1), (0, 0, 1), (0, 0, 1), (0, 0, 1), (0, 0, -1), (0, 0, -1), (0, 0, -1), (0, 0, -1), (0, -0.98300433, -0.18358274), (0, -0.98300433, -0.18358274), (0, -0.98300433, -0.18358274), (0, -0.98300433, -0.18358274), (1, 0, 0), (1, 0, 0), (1, 0, 0), (1, 0, 0), (-1, 0, 0), (-1, 0, 0), (-1, 0, 0), (-1, 0, 0), (-0.99999994, 0, 0), (-1, 0, 0), (-1, 0, 0), (-0.99999994, 0, 0), (0.99999994, 0, 0), (1, 0, 0), (1, 0, 0), (0.99999994, 0, 0), (0, -1, 0), (0, -1, 0), (0, -1, 0), (0, -1, 0), (1, 0, 0), (1, 0, 0), (1, 0, 0), (1, 0, 0), (0, -0.8215777, -0.5700965), (0, -0.8215777, -0.5700965), (0, -0.8215777, -0.5700965), (0, -0.8215777, -0.5700965), (-1, 0, 0), (-1, 0, 0), (-1, 0, 0), (-1, 0, 0), (-1, 0, 0), (-1, 0, 0), (-1, 0, 0), (-1, 0, 0), (0, -0.5564644, -0.83087146), (0, -0.5564644, -0.83087146), (0, -0.5564644, -0.83087146), (0, -0.5564644, -0.83087146), (1, 0, 0), (1, 0, 0), (1, 0, 0), (1, 0, 0), (0, 0, 1), (0, 0, 1), (0, 0, 1), (0, 0, 1), (0, 0, -1), (0, 0, -1), (0, 0, -1), (0, 0, -1), (0, -0.9830043, -0.18358281), (0, -0.9830043, -0.18358281), (0, -0.9830043, -0.18358281), (0, -0.9830043, -0.18358281), (1, 1.5467621e-7, 7.729906e-8), (1, 3.9764214e-7, 3.7496623e-8), (1, 3.9764214e-7, 3.7496623e-8), (1, 1.9882107e-7, 7.0067294e-8), (-1, -6.153033e-7, -1.4013462e-7), (-1, -7.952849e-7, -7.499331e-8), (-1, -7.952849e-7, -7.499331e-8), (-1, -5.753414e-7, -1.5459814e-7), (-0.99999994, -3.7367866e-7, 0), (-1, -3.3581773e-7, -1.5116524e-7), (-1, -3.5299934e-7, -8.256526e-8), (-0.99999994, -3.7367866e-7, 0), (0.99999994, 1.8683933e-7, 0), (1, 1.3581426e-7, 4.128263e-8), (1, 9.341967e-8, 7.558262e-8), (0.99999994, 1.8683933e-7, 0), (0, -1, 0), (0, -1, 0), (0, -1, 0), (0, -1, 0), (1, 0, 1.269016e-7), (1, 0, 1.3785635e-7), (1, 1.5467621e-7, 7.729906e-8), (1, 1.9882107e-7, 7.0067294e-8), (0, -0.8215777, -0.57009643), (0, -0.8215777, -0.57009643), (0, -0.8215777, -0.57009643), (0, -0.8215777, -0.57009643), (-1, -3.3562986e-7, -2.757127e-7), (-1, -3.666392e-7, -2.538032e-7), (-1, -6.153033e-7, -1.4013462e-7), (-1, -5.753414e-7, -1.5459814e-7), (-1, -3.5299934e-7, -8.256526e-8), (-1, -3.3581773e-7, -1.5116524e-7), (-1, -3.666392e-7, -2.538032e-7), (-1, -3.3562986e-7, -2.757127e-7), (0, -0.55646443, -0.83087134), (0, -0.55646443, -0.83087134), (0, -0.55646443, -0.83087134), (0, -0.55646443, -0.83087134), (1, 9.341967e-8, 7.558262e-8), (1, 1.3581426e-7, 4.128263e-8), (1, 0, 1.3785635e-7), (1, 0, 1.269016e-7), (0, 0, 1), (0, 0, 1), (0, 0, 1), (0, 0, 1), (0, 0, -1), (0, 0, -1), (0, 0, -1), (0, 0, -1), (0, -0.9830044, -0.18358228), (0, -0.9830044, -0.18358228), (0, -0.9830044, -0.18358228), (0, -0.9830044, -0.18358228), (1, 0, 2.2959568e-8), (1, 0, 5.9024533e-8), (1, 0, 5.9024533e-8), (1, 0, 2.9512266e-8), (-1, 0, -2.951229e-8), (-1, 0, -5.902458e-8), (-1, 0, -5.902458e-8), (-1, 0, -2.2959586e-8), (-0.99999994, 0, 0), (-1, 0, 0), (-1, 0, 0), (-0.99999994, 0, 0), (0.99999994, 0, 0), (1, 0, 0), (1, 0, 0), (0.99999994, 0, 0), (0, -1, 0), (0, -1, 0), (0, -1, 0), (0, -1, 0), (1, 0, 0), (1, 0, 0), (1, 0, 2.2959568e-8), (1, 0, 2.9512266e-8), (0, -0.8215777, -0.57009643), (0, -0.8215777, -0.57009643), (0, -0.8215777, -0.57009643), (0, -0.8215777, -0.57009643), (-1, 0, 0), (-1, 0, 0), (-1, 0, -2.951229e-8), (-1, 0, -2.2959586e-8), (-1, 0, 0), (-1, 0, 0), (-1, 0, 0), (-1, 0, 0), (0, -0.55646443, -0.83087134), (0, -0.55646443, -0.83087134), (0, -0.55646443, -0.83087134), (0, -0.55646443, -0.83087134), (1, 0, 0), (1, 0, 0), (1, 0, 0), (1, 0, 0), (0, 0, 1), (0, 0, 1), (0, 0, 1), (0, 0, 1), (0, 0, -1), (0, 0, -1), (0, 0, -1), (0, 0, -1), (0, -0.9830042, -0.18358283), (0, -0.9830042, -0.18358283), (0, -0.9830042, -0.18358283), (0, -0.9830042, -0.18358283), (1, 8.413299e-7, 1.5459813e-7), (1, 7.952843e-7, 7.4993245e-8), (1, 7.952843e-7, 7.4993245e-8), (1, 8.329638e-7, 1.4013459e-7), (-1, -6.153033e-7, -1.4013462e-7), (-1, -7.952849e-7, -7.499331e-8), (-1, -7.952849e-7, -7.499331e-8), (-1, -5.753414e-7, -1.5459814e-7), (-0.99999994, -3.7367866e-7, 0), (-1, -3.3581773e-7, -1.5116524e-7), (-1, -3.5299934e-7, -8.256526e-8), (-0.99999994, -3.7367866e-7, 0), (0.99999994, 3.7367866e-7, 0), (1, 4.3437015e-7, 8.256526e-8), (1, 4.8479615e-7, 1.5116524e-7), (0.99999994, 3.7367866e-7, 0), (0, -1, 0), (0, -1, 0), (0, -1, 0), (0, -1, 0), (1, 7.332784e-7, 2.538032e-7), (1, 6.712597e-7, 2.757127e-7), (1, 8.413299e-7, 1.5459813e-7), (1, 8.329638e-7, 1.4013459e-7), (0, -0.8215777, -0.5700965), (0, -0.8215777, -0.5700965), (0, -0.8215777, -0.5700965), (0, -0.8215777, -0.5700965), (-1, -3.3562986e-7, -2.757127e-7), (-1, -3.666392e-7, -2.538032e-7), (-1, -6.153033e-7, -1.4013462e-7), (-1, -5.753414e-7, -1.5459814e-7), (-1, -3.5299934e-7, -8.256526e-8), (-1, -3.3581773e-7, -1.5116524e-7), (-1, -3.666392e-7, -2.538032e-7), (-1, -3.3562986e-7, -2.757127e-7), (0, -0.5564644, -0.83087146), (0, -0.5564644, -0.83087146), (0, -0.5564644, -0.83087146), (0, -0.5564644, -0.83087146), (1, 4.8479615e-7, 1.5116524e-7), (1, 4.3437015e-7, 8.256526e-8), (1, 6.712597e-7, 2.757127e-7), (1, 7.332784e-7, 2.538032e-7), (0, 0, 1), (0, 0, 1), (0, 0, 1), (0, 0, 1), (0, 0, -1), (0, 0, -1), (0, 0, -1), (0, 0, -1), (0, -0.98300433, -0.18358274), (0, -0.98300433, -0.18358274), (0, -0.98300433, -0.18358274), (0, -0.98300433, -0.18358274), (1, 0, 0), (1, 0, 0), (1, 0, 0), (1, 0, 0), (-1, 0, 0), (-1, 0, 0), (-1, 0, 0), (-1, 0, 0), (-0.99999994, 0, 0), (-1, 0, 0), (-1, 0, 0), (-0.99999994, 0, 0), (0.99999994, 0, 0), (1, 0, 0), (1, 0, 0), (0.99999994, 0, 0), (0, -1, 0), (0, -1, 0), (0, -1, 0), (0, -1, 0), (1, 0, 0), (1, 0, 0), (1, 0, 0), (1, 0, 0), (0, -0.82157785, -0.5700964), (0, -0.82157785, -0.5700964), (0, -0.82157785, -0.5700964), (0, -0.82157785, -0.5700964), (-1, 0, 0), (-1, 0, 0), (-1, 0, 0), (-1, 0, 0), (-1, 0, 0), (-1, 0, 0), (-1, 0, 0), (-1, 0, 0), (0, -0.55646455, -0.83087134), (0, -0.55646455, -0.83087134), (0, -0.55646455, -0.83087134), (0, -0.55646455, -0.83087134), (1, 0, 0), (1, 0, 0), (1, 0, 0), (1, 0, 0), (0, 0, 1), (0, 0, 1), (0, 0, 1), (0, 0, 1), (0, 0, -1), (0, 0, -1), (0, 0, -1), (0, 0, -1), (0, -0.9830042, -0.18358283), (0, -0.9830042, -0.18358283), (0, -0.9830042, -0.18358283), (0, -0.9830042, -0.18358283), (1, 0, 0), (1, 0, 0), (1, 0, 0), (1, 0, 0), (-1, 0, 0), (-1, 0, 0), (-1, 0, 0), (-1, 0, 0), (-0.99999994, 0, 0), (-1, 0, 0), (-1, 0, 0), (-0.99999994, 0, 0), (0.99999994, 0, 0), (1, 0, 0), (1, 0, 0), (0.99999994, 0, 0), (0, -1, 0), (0, -1, 0), (0, -1, 0), (0, -1, 0), (1, 0, 0), (1, 0, 0), (1, 0, 0), (1, 0, 0), (0, -0.82157797, -0.5700962), (0, -0.82157797, -0.5700962), (0, -0.82157797, -0.5700962), (0, -0.82157797, -0.5700962), (-1, 0, 0), (-1, 0, 0), (-1, 0, 0), (-1, 0, 0), (-1, 0, 0), (-1, 0, 0), (-1, 0, 0), (-1, 0, 0), (0, -0.55646473, -0.8308713), (0, -0.55646473, -0.8308713), (0, -0.55646473, -0.8308713), (0, -0.55646473, -0.8308713), (1, 0, 0), (1, 0, 0), (1, 0, 0), (1, 0, 0), (0, 0, 1), (0, 0, 1), (0, 0, 1), (0, 0, 1), (0, 0, -1), (0, 0, -1), (0, 0, -1), (0, 0, -1), (-0.9830044, 0, -0.18358219), (-0.9830044, 0, -0.18358219), (-0.9830044, 0, -0.18358219), (-0.9830044, 0, -0.18358219), (0, -1, 0), (0, -1, 0), (0, -1, 0), (0, -1, 0), (0, 1, -3.976428e-7), (0, 1, -7.9528553e-7), (0, 1, -7.9528553e-7), (0, 1, -3.0935314e-7), (0, 1, 0), (0, 1, 0), (0, 1, 0), (0, 1, 0), (0, -1, 0), (0, -1, 0), (0, -1, 0), (0, -1, 0), (-1, 0, 0), (-1, 0, 0), (-1, 0, 0), (-1, 0, 0), (0, -1, 0), (0, -1, 0), (0, -1, 0), (0, -1, 0), (-0.8215773, 0, -0.5700971), (-0.8215773, 0, -0.5700971), (-0.8215773, 0, -0.5700971), (-0.8215773, 0, -0.5700971), (0, 1, 0), (0, 1, 0), (0, 1, -3.976428e-7), (0, 1, -3.0935314e-7), (0, 1, 0), (0, 1, 0), (0, 1, 0), (0, 1, 0), (-0.5564684, 0, -0.8308687), (-0.5564684, 0, -0.8308687), (-0.5564684, 0, -0.8308687), (-0.5564684, 0, -0.8308687), (0, -1, 0), (0, -1, 0), (0, -1, 0), (0, -1, 0), (0, 0, 1), (0, 0, 1), (0, 0, 1), (0, 0, 1), (0, 0, -1), (0, 0, -1), (0, 0, -1), (0, 0, -1), (-0.9830044, 0, -0.18358211), (-0.9830044, 0, -0.18358211), (-0.9830044, 0, -0.18358211), (-0.9830044, 0, -0.18358211), (0, -1, -7.5460133e-7), (0, -1, 7.9528553e-7), (0, -1, 7.9528553e-7), (0, -1, -4.730005e-7), (0, 1, -9.94107e-8), (0, 1, -1.9882138e-7), (0, 1, -1.9882138e-7), (0, 1, -7.7338285e-8), (0, 1, 0), (0, 1, 0), (0, 1, 0), (0, 1, 0), (0, -1, 0), (0, -1, 0), (0, -1, 0), (0, -1, 0), (-1, 0, 0), (-1, 0, 0), (-1, 0, 0), (-1, 0, 0), (0, -1, -8.706433e-7), (0, -1, -4.775583e-7), (0, -1, -7.5460133e-7), (0, -1, -4.730005e-7), (-0.8215773, 0, -0.5700971), (-0.8215773, 0, -0.5700971), (-0.8215773, 0, -0.5700971), (-0.8215773, 0, -0.5700971), (0, 1, 0), (0, 1, 0), (0, 1, -9.94107e-8), (0, 1, -7.7338285e-8), (0, 1, 0), (0, 1, 0), (0, 1, 0), (0, 1, 0), (-0.5564686, 0, -0.83086854), (-0.5564686, 0, -0.83086854), (-0.5564686, 0, -0.83086854), (-0.5564686, 0, -0.83086854), (0, -1, 0), (0, -1, 0), (0, -1, -4.775583e-7), (0, -1, -8.706433e-7), (0, 0, 1), (0, 0, 1), (0, 0, 1), (0, 0, 1), (0, 0, -1), (0, 0, -1), (0, 0, -1), (0, 0, -1), (-0.9830044, 0, -0.18358214), (-0.9830044, 0, -0.18358214), (-0.9830044, 0, -0.18358214), (-0.9830044, 0, -0.18358214), (0, -1, 0), (0, -1, 0), (0, -1, 0), (0, -1, 0), (0, 1, 5.3473235e-7), (0, 1, 1.9882138e-7), (0, 1, 1.9882138e-7), (0, 1, 6.0931546e-7), (0, 1, 0), (0, 1, 5.959099e-7), (0, 1, 3.2548232e-7), (0, 1, 0), (0, -1, 0), (0, -1, -1.6274116e-7), (0, -1, -2.9795495e-7), (0, -1, 0), (-1, 0, 0), (-1, 0, 0), (-1, 0, 0), (-1, 0, 0), (0, -1, -2.9795495e-7), (0, -1, -4.3247806e-7), (0, -1, 0), (0, -1, 0), (-0.8215773, 0, -0.5700971), (-0.8215773, 0, -0.5700971), (-0.8215773, 0, -0.5700971), (-0.8215773, 0, -0.5700971), (0, 1, 0.0000011037353), (0, 1, 0.0000010312316), (0, 1, 5.3473235e-7), (0, 1, 6.0931546e-7), (0, 1, 3.2548232e-7), (0, 1, 5.959099e-7), (0, 1, 0.0000010312316), (0, 1, 0.0000011037353), (-0.55646855, 0, -0.83086866), (-0.55646855, 0, -0.83086866), (-0.55646855, 0, -0.83086866), (-0.55646855, 0, -0.83086866), (0, -1, -2.9795495e-7), (0, -1, -1.6274116e-7), (0, -1, -4.3247806e-7), (0, -1, -2.9795495e-7), (0, 0, 1), (0, 0, 1), (0, 0, 1), (0, 0, 1), (-0.0000023290463, 0, -1), (-0.0000023290463, 0, -1), (-0.0000023290463, 0, -1), (-0.0000023290463, 0, -1), (-0.9830044, 0, -0.18358213), (-0.9830044, 0, -0.18358213), (-0.9830044, 0, -0.18358213), (-0.9830044, 0, -0.18358213), (-8.423822e-8, -1, -6.649715e-8), (-1.00387375e-7, -1, 0), (-1.00387375e-7, -1, 0), (-8.717238e-8, -1, -5.4415207e-8), (3.6978694e-8, 1, -9.640407e-8), (0, 1, 2.4852673e-8), (0, 1, 2.4852673e-8), (4.5189164e-8, 1, -1.2332703e-7), (8.32958e-8, 1, 0), (9.226816e-8, 1, -1.4897748e-7), (8.8196444e-8, 1, -8.137058e-8), (8.32958e-8, 1, 0), (-4.16479e-8, -1, 0), (-4.4098222e-8, -1, 0), (-4.613408e-8, -1, 0), (-4.16479e-8, -1, 0), (-1, 0, 0), (-1, 0, 0), (-1, 0, 0), (-1, 0, 0), (-6.228882e-8, -1, -5.4415207e-8), (-5.7020603e-8, -1, -2.9847392e-8), (-8.423822e-8, -1, -6.649715e-8), (-8.717238e-8, -1, -5.4415207e-8), (-0.8215773, 0, -0.5700972), (-0.8215773, 0, -0.5700972), (-0.8215773, 0, -0.5700972), (-0.8215773, 0, -0.5700972), (9.375795e-8, 1, -2.7593381e-7), (8.759895e-8, 1, -2.578079e-7), (3.6978694e-8, 1, -9.640407e-8), (4.5189164e-8, 1, -1.2332703e-7), (8.8196444e-8, 1, -8.137058e-8), (9.226816e-8, 1, -1.4897748e-7), (8.759895e-8, 1, -2.578079e-7), (9.375795e-8, 1, -2.7593381e-7), (-0.5564659, 0, -0.83087045), (-0.5564659, 0, -0.83087045), (-0.5564659, 0, -0.83087045), (-0.5564659, 0, -0.83087045), (-4.613408e-8, -1, 0), (-4.4098222e-8, -1, 0), (-5.7020603e-8, -1, -2.9847392e-8), (-6.228882e-8, -1, -5.4415207e-8), (0, 0, 1), (0, 0, 1), (0, 0, 1), (0, 0, 1), (0, 0, -0.99999994), (0, 0, -0.99999994), (0, 0, -0.99999994), (0, 0, -0.99999994), (-0.9830044, 0, -0.18358214), (-0.9830044, 0, -0.18358214), (-0.9830044, 0, -0.18358214), (-0.9830044, 0, -0.18358214), (0, -1, -5.319772e-7), (0, -1, 0), (0, -1, 0), (0, -1, -4.3532165e-7), (0, 1, 4.3532165e-7), (0, 1, 0), (0, 1, 0), (0, 1, 5.319772e-7), (0, 1, 0), (0, 1, 0), (0, 1, 0), (0, 1, 0), (0, -1, 0), (0, -1, 0), (0, -1, 0), (0, -1, 0), (-1, 0, 0), (-1, 0, 0), (-1, 0, 0), (-1, 0, 0), (0, -1, -4.3532165e-7), (0, -1, -2.3877914e-7), (0, -1, -5.319772e-7), (0, -1, -4.3532165e-7), (-0.8215773, 0, -0.5700972), (-0.8215773, 0, -0.5700972), (-0.8215773, 0, -0.5700972), (-0.8215773, 0, -0.5700972), (0, 1, 2.3877914e-7), (0, 1, 4.3532165e-7), (0, 1, 4.3532165e-7), (0, 1, 5.319772e-7), (0, 1, 0), (0, 1, 0), (0, 1, 4.3532165e-7), (0, 1, 2.3877914e-7), (-0.5564685, 0, -0.8308687), (-0.5564685, 0, -0.8308687), (-0.5564685, 0, -0.8308687), (-0.5564685, 0, -0.8308687), (0, -1, 0), (0, -1, 0), (0, -1, -2.3877914e-7), (0, -1, -4.3532165e-7), (0, 0, 1), (0, 0, 1), (0, 0, 1), (0, 0, 1), (0, 0, -1), (0, 0, -1), (0, 0, -1), (0, 0, -1), (-0.98300433, 0, -0.18358196), (-0.98300433, 0, -0.18358196), (-0.98300433, 0, -0.18358196), (-0.98300433, 0, -0.18358196), (0, -1, 0), (0, -1, 0), (0, -1, 0), (0, -1, 0), (0, 1, 0), (0, 1, 0), (0, 1, 0), (0, 1, 0), (0, 1, 0), (0, 1, 0), (0, 1, 0), (0, 1, 0), (0, -1, 0), (0, -1, 0), (0, -1, 0), (0, -1, 0), (-1, 0, 0), (-1, 0, 0), (-1, 0, 0), (-1, 0, 0), (0, -1, 0), (0, -1, 0), (0, -1, 0), (0, -1, 0), (-0.8215781, 0, -0.570096), (-0.8215781, 0, -0.570096), (-0.8215781, 0, -0.570096), (-0.8215781, 0, -0.570096), (0, 1, 0), (0, 1, 0), (0, 1, 0), (0, 1, 0), (0, 1, 0), (0, 1, 0), (0, 1, 0), (0, 1, 0), (-0.5564658, 0, -0.8308705), (-0.5564658, 0, -0.8308705), (-0.5564658, 0, -0.8308705), (-0.5564658, 0, -0.8308705), (0, -1, 0), (0, -1, 0), (0, -1, 0), (0, -1, 0), (0, 0, 1), (0, 0, 1), (0, 0, 1), (0, 0, 1), (0, 0, -1), (0, 0, -1), (0, 0, -1), (0, 0, -1), (-0.9830044, 0, -0.18358219), (-0.9830044, 0, -0.18358219), (-0.9830044, 0, -0.18358219), (-0.9830044, 0, -0.18358219), (0, -1, -3.0935314e-7), (0, -1, -7.9528553e-7), (0, -1, -7.9528553e-7), (0, -1, -3.976428e-7), (0, 1, -1.988214e-7), (0, 1, -3.9764276e-7), (0, 1, -3.9764276e-7), (0, 1, -1.5467657e-7), (0, 1, 0), (0, 1, 0), (0, 1, 0), (0, 1, 0), (0, -1, 0), (0, -1, 0), (0, -1, 0), (0, -1, 0), (-1, 0, 0), (-1, 0, 0), (-1, 0, 0), (-1, 0, 0), (0, -1, 0), (0, -1, 0), (0, -1, -3.0935314e-7), (0, -1, -3.976428e-7), (-0.8215781, 0, -0.570096), (-0.8215781, 0, -0.570096), (-0.8215781, 0, -0.570096), (-0.8215781, 0, -0.570096), (0, 1, 0), (0, 1, 0), (0, 1, -1.988214e-7), (0, 1, -1.5467657e-7), (0, 1, 0), (0, 1, 0), (0, 1, 0), (0, 1, 0), (-0.5564684, 0, -0.8308687), (-0.5564684, 0, -0.8308687), (-0.5564684, 0, -0.8308687), (-0.5564684, 0, -0.8308687), (0, -1, 0), (0, -1, 0), (0, -1, 0), (0, -1, 0), (0, 0, 1), (0, 0, 1), (0, 0, 1), (0, 0, 1), (0, 0, -1), (0, 0, -1), (0, 0, -1), (0, 0, -1), (0, -0.9830042, -0.18358314), (0, -0.9830042, -0.18358314), (0, -0.9830042, -0.18358314), (0, -0.9830042, -0.18358314), (1, 0, 0), (1, 0, 0), (1, 0, 0), (1, 0, 0), (-1, 0, 0), (-1, 0, 0), (-1, 0, 0), (-1, 0, 0), (-1, 0, 0), (-1, 0, 0), (-1, 0, 0), (-1, 0, 0), (1, 0, 0), (1, 0, 0), (1, 0, 0), (1, 0, 0), (0, -1, 0), (0, -1, 0), (0, -1, 0), (0, -1, 0), (1, 0, 0), (1, 0, 0), (1, 0, 0), (1, 0, 0), (0, -0.82157797, -0.5700962), (0, -0.82157797, -0.5700962), (0, -0.82157797, -0.5700962), (0, -0.82157797, -0.5700962), (-1, 0, 0), (-1, 0, 0), (-1, 0, 0), (-1, 0, 0), (-1, 0, 0), (-1, 0, 0), (-1, 0, 0), (-1, 0, 0), (0, -0.55646664, -0.83086985), (0, -0.55646664, -0.83086985), (0, -0.55646664, -0.83086985), (0, -0.55646664, -0.83086985), (1, 0, 0), (1, 0, 0), (1, 0, 0), (1, 0, 0), (0, 0, 1), (0, 0, 1), (0, 0, 1), (0, 0, 1), (0, 0, -1), (0, 0, -1), (0, 0, -1), (0, 0, -1), (0, -0.9830042, -0.18358314), (0, -0.9830042, -0.18358314), (0, -0.9830042, -0.18358314), (0, -0.9830042, -0.18358314), (1, 0, 0), (1, 0, 0), (1, 0, 0), (1, 0, 0), (-1, 0, 0), (-1, 0, 0), (-1, 0, 0), (-1, 0, 0), (-1, 0, 0), (-1, 0, 0), (-1, 0, 0), (-1, 0, 0), (1, 0, 0), (1, 0, 0), (1, 0, 0), (1, 0, 0), (0, -1, 0), (0, -1, 0), (0, -1, 0), (0, -1, 0), (1, 0, 0), (1, 0, 0), (1, 0, 0), (1, 0, 0), (0, -0.8215777, -0.5700965), (0, -0.8215777, -0.5700965), (0, -0.8215777, -0.5700965), (0, -0.8215777, -0.5700965), (-1, 0, 0), (-1, 0, 0), (-1, 0, 0), (-1, 0, 0), (-1, 0, 0), (-1, 0, 0), (-1, 0, 0), (-1, 0, 0), (0, -0.55646646, -0.83087), (0, -0.55646646, -0.83087), (0, -0.55646646, -0.83087), (0, -0.55646646, -0.83087), (1, 0, 0), (1, 0, 0), (1, 0, 0), (1, 0, 0), (0, 0, 1), (0, 0, 1), (0, 0, 1), (0, 0, 1), (0, 0, -1), (0, 0, -1), (0, 0, -1), (0, 0, -1), (0, -0.98300415, -0.18358317), (0, -0.98300415, -0.18358317), (0, -0.98300415, -0.18358317), (0, -0.98300415, -0.18358317), (1, 1.5467668e-7, 7.7299106e-8), (1, 3.9764342e-7, 3.7496743e-8), (1, 3.9764342e-7, 3.7496743e-8), (1, 1.9882171e-7, 7.006735e-8), (-1, -8.329649e-7, -1.4013469e-7), (-1, -7.952865e-7, -7.499346e-8), (-1, -7.952865e-7, -7.499346e-8), (-1, -8.413307e-7, -1.5459821e-7), (-1, -3.7367923e-7, 0), (-1, -4.8479495e-7, -1.511645e-7), (-1, -4.3436992e-7, -8.256512e-8), (-1, -3.7367923e-7, 0), (1, 1.8683961e-7, 0), (1, 2.1718496e-7, 4.128256e-8), (1, 2.4239748e-7, 7.558225e-8), (1, 1.8683961e-7, 0), (0, -1, 0), (0, -1, 0), (0, -1, 0), (0, -1, 0), (1, 1.4897766e-7, 1.2690124e-7), (1, 2.1623931e-7, 1.378558e-7), (1, 1.5467668e-7, 7.7299106e-8), (1, 1.9882171e-7, 7.006735e-8), (0, -0.82157767, -0.5700966), (0, -0.82157767, -0.5700966), (0, -0.82157767, -0.5700966), (0, -0.82157767, -0.5700966), (-1, -6.7125774e-7, -2.757116e-7), (-1, -7.332769e-7, -2.5380248e-7), (-1, -8.329649e-7, -1.4013469e-7), (-1, -8.413307e-7, -1.5459821e-7), (-1, -4.3436992e-7, -8.256512e-8), (-1, -4.8479495e-7, -1.511645e-7), (-1, -7.332769e-7, -2.5380248e-7), (-1, -6.7125774e-7, -2.757116e-7), (0, -0.55646646, -0.83087), (0, -0.55646646, -0.83087), (0, -0.55646646, -0.83087), (0, -0.55646646, -0.83087), (1, 2.4239748e-7, 7.558225e-8), (1, 2.1718496e-7, 4.128256e-8), (1, 2.1623931e-7, 1.378558e-7), (1, 1.4897766e-7, 1.2690124e-7), (0, 0, 1), (0, 0, 1), (0, 0, 1), (0, 0, 1), (0, 0, -1), (0, 0, -1), (0, 0, -1), (0, 0, -1), (0, -0.9830042, -0.18358314), (0, -0.9830042, -0.18358314), (0, -0.9830042, -0.18358314), (0, -0.9830042, -0.18358314), (1, 0, 0), (1, 0, 0), (1, 0, 0), (1, 0, 0), (-1, 0, 0), (-1, 0, 0), (-1, 0, 0), (-1, 0, 0), (-1, 0, 0), (-1, 0, 0), (-1, 0, 0), (-1, 0, 0), (1, 0, 0), (1, 0, 0), (1, 0, 0), (1, 0, 0), (0, -1, 0), (0, -1, 0), (0, -1, 0), (0, -1, 0), (1, 0, 0), (1, 0, 0), (1, 0, 0), (1, 0, 0), (0, -0.8215777, -0.57009643), (0, -0.8215777, -0.57009643), (0, -0.8215777, -0.57009643), (0, -0.8215777, -0.57009643), (-1, 0, 0), (-1, 0, 0), (-1, 0, 0), (-1, 0, 0), (-1, 0, 0), (-1, 0, 0), (-1, 0, 0), (-1, 0, 0), (0, -0.5564666, -0.83087), (0, -0.5564666, -0.83087), (0, -0.5564666, -0.83087), (0, -0.5564666, -0.83087), (1, 0, 0), (1, 0, 0), (1, 0, 0), (1, 0, 0), (0, 0, 1), (0, 0, 1), (0, 0, 1), (0, 0, 1), (0, 0, -1), (0, 0, -1), (0, 0, -1), (0, 0, -1), (0, -0.9830042, -0.18358314), (0, -0.9830042, -0.18358314), (0, -0.9830042, -0.18358314), (0, -0.9830042, -0.18358314), (1, 5.7534214e-7, 1.5459821e-7), (1, 7.9528684e-7, 7.499349e-8), (1, 7.9528684e-7, 7.499349e-8), (1, 6.153043e-7, 1.401347e-7), (-1, -6.153041e-7, -1.4013469e-7), (-1, -7.952865e-7, -7.499346e-8), (-1, -7.952865e-7, -7.499346e-8), (-1, -5.7534197e-7, -1.5459821e-7), (-1, -3.7367923e-7, 0), (-1, -3.3581728e-7, -1.511645e-7), (-1, -3.5299922e-7, -8.256512e-8), (-1, -3.7367923e-7, 0), (1, 3.7367923e-7, 0), (1, 3.5299922e-7, 8.256512e-8), (1, 3.3581728e-7, 1.511645e-7), (1, 3.7367923e-7, 0), (0, -1, 0), (0, -1, 0), (0, -1, 0), (0, -1, 0), (1, 3.6663846e-7, 2.5380248e-7), (1, 3.3562887e-7, 2.757116e-7), (1, 5.7534214e-7, 1.5459821e-7), (1, 6.153043e-7, 1.401347e-7), (0, -0.8215777, -0.57009643), (0, -0.8215777, -0.57009643), (0, -0.8215777, -0.57009643), (0, -0.8215777, -0.57009643), (-1, -3.3562887e-7, -2.757116e-7), (-1, -3.6663846e-7, -2.5380248e-7), (-1, -6.153041e-7, -1.4013469e-7), (-1, -5.7534197e-7, -1.5459821e-7), (-1, -3.5299922e-7, -8.256512e-8), (-1, -3.3581728e-7, -1.511645e-7), (-1, -3.6663846e-7, -2.5380248e-7), (-1, -3.3562887e-7, -2.757116e-7), (0, -0.5564666, -0.83087), (0, -0.5564666, -0.83087), (0, -0.5564666, -0.83087), (0, -0.5564666, -0.83087), (1, 3.3581728e-7, 1.511645e-7), (1, 3.5299922e-7, 8.256512e-8), (1, 3.3562887e-7, 2.757116e-7), (1, 3.6663846e-7, 2.5380248e-7), (0, 0, 1), (0, 0, 1), (0, 0, 1), (0, 0, 1), (0, 0, -1), (0, 0, -1), (0, 0, -1), (0, 0, -1), (0, -0.9830042, -0.18358314), (0, -0.9830042, -0.18358314), (0, -0.9830042, -0.18358314), (0, -0.9830042, -0.18358314), (1, 0, 0), (1, 0, 0), (1, 0, 0), (1, 0, 0), (-1, 0, 0), (-1, 0, 0), (-1, 0, 0), (-1, 0, 0), (-1, 0, 0), (-1, 0, 0), (-1, 0, 0), (-1, 0, 0), (1, 0, 0), (1, 0, 0), (1, 0, 0), (1, 0, 0), (0, -1, 0), (0, -1, 0), (0, -1, 0), (0, -1, 0), (1, 0, 0), (1, 0, 0), (1, 0, 0), (1, 0, 0), (0, -0.82157785, -0.5700964), (0, -0.82157785, -0.5700964), (0, -0.82157785, -0.5700964), (0, -0.82157785, -0.5700964), (-1, 0, 0), (-1, 0, 0), (-1, 0, 0), (-1, 0, 0), (-1, 0, 0), (-1, 0, 0), (-1, 0, 0), (-1, 0, 0), (0, -0.55646646, -0.83087), (0, -0.55646646, -0.83087), (0, -0.55646646, -0.83087), (0, -0.55646646, -0.83087), (1, 0, 0), (1, 0, 0), (1, 0, 0), (1, 0, 0), (0, 0, 1), (0, 0, 1), (0, 0, 1), (0, 0, 1), (0, 0, -1), (0, 0, -1), (0, 0, -1), (0, 0, -1), (0, -0.9830042, -0.18358314), (0, -0.9830042, -0.18358314), (0, -0.9830042, -0.18358314), (0, -0.9830042, -0.18358314), (1, 0, 0), (1, 0, 0), (1, 0, 0), (1, 0, 0), (-1, 0, 0), (-1, 0, 0), (-1, 0, 0), (-1, 0, 0), (-1, 0, 0), (-1, 0, 0), (-1, 0, 0), (-1, 0, 0), (1, 0, 0), (1, 0, 0), (1, 0, 0), (1, 0, 0), (0, -1, 0), (0, -1, 0), (0, -1, 0), (0, -1, 0), (1, 0, 0), (1, 0, 0), (1, 0, 0), (1, 0, 0), (0, -0.82157797, -0.5700962), (0, -0.82157797, -0.5700962), (0, -0.82157797, -0.5700962), (0, -0.82157797, -0.5700962), (-1, 0, 0), (-1, 0, 0), (-1, 0, 0), (-1, 0, 0), (-1, 0, 0), (-1, 0, 0), (-1, 0, 0), (-1, 0, 0), (0, -0.55646664, -0.83086985), (0, -0.55646664, -0.83086985), (0, -0.55646664, -0.83086985), (0, -0.55646664, -0.83086985), (1, 0, 0), (1, 0, 0), (1, 0, 0), (1, 0, 0), (0, -1, 6.0642134e-7), (0, -1, -8.610212e-9), (0, -1, -0.0000015296029), (0, -1, 6.1435765e-7), (0, -1, -3.5942215e-8), (0, -1, -6.315785e-7), (0, -1, -7.119681e-7), (0, -1, 7.1196797e-7), (0, -1, -2.7774777e-7), (0, -1, 1.0856513e-13), (0, -1, 0.0000012468191), (0, -1, 0.0000016664919), (0, -1, -8.610212e-9), (0, -1, 1.0856513e-13), (0, -1, -0.0000012468179), (0, -1, 0.0000012468179), (1, 0, 0), (1, 0, 0), (1, 0, 0), (1, 0, 0), (0, -1, 9.185602e-7), (0, -1, 6.0642134e-7), (0, -1, 6.1435765e-7), (0, -1, 9.185602e-7), (0, -1, -8.610212e-9), (0, -1, -4.941518e-7), (0, -1, -0.0000026547943), (0, -1, -0.0000015296029), (1, 0, 0), (1, 0, 0), (1, 0, 0), (1, 0, 0), (0, -1, 1.0856513e-13), (0, -1, -2.7774777e-7), (0, -1, -0.0000022219874), (0, -1, -0.0000012468179), (0, -1, -4.941518e-7), (0, -1, -8.610212e-9), (0, -1, 0.0000012468179), (0, -1, 0.0000016664907), (0, 0, -1), (0, 0, -1), (0, 0, -1), (0, 0, -1), (0, -1, 1.0856513e-13), (0, -1, -3.5942215e-8), (0, -1, -0.0000012468179), (0, -1, 0.0000012468191), (0, -1, -3.5942215e-8), (0, -1, -5.9209157e-7), (0, -1, -0.0000022219874), (0, -1, -0.0000012468179), (0, 0, 1), (0, 0, 1), (0, 0, 1), (0, 0, 1), (0, -1, -6.315785e-7), (0, -1, -0.0000013837393), (0, -1, -0.0000013837393), (0, -1, -7.119681e-7), (0, -1, -5.9209157e-7), (0, -1, -3.5942215e-8), (0, -1, 7.1196797e-7), (0, -1, 0.0000010378043), (0, -1, 0), (0, -1, 0), (0, -1, 0), (0, -1, 0), (0, -1, 0), (0, -1, 0), (0, -1, 0), (0, -1, 0), (0, -1, 0), (0, -1, 0), (0, -1, 0), (0, -1, 0), (0, -1, 0), (0, -1, 0), (0, -1, 0), (0, -1, 0), (1, 0, 0), (1, 0, 0), (1, 0, 0), (1, 0, 0), (0, 0, 1), (0, 0, 1), (0, 0, 1), (0, 0, 1), (0, 0, 1), (0, 0, 1), (0, 0, 1), (0, 0, 1), (0, 0, -1), (0, 0, -1), (0, 0, -1), (0, 0, -1), (1, 0, 0), (1, 0, 0), (1, 0, 0), (1, 0, 0), (0, 0, -1), (0, 0, -1), (0, 0, -1), (0, 0, -1), (0, 0, -1), (0, 0, -1), (0, 0, -1), (0, 0, -1), (0, 0, 1), (0, 0, 1), (0, 0, 1), (0, 0, 1), (0, 0, -1), (0, 0, -1), (0, 0, -1), (0, 0, -1), (0, 0, 1), (0, 0, 1), (0, 0, 1), (0, 0, 1), (0, 0, 1), (0, 0, 1), (0, 0, 1), (0, 0, 1), (1, 0, 0), (1, 0, 0), (1, 0, 0), (1, 0, 0), (0, -1, -0.0000013342682), (0, -1, 0), (0, -1, 0), (0, -1, -0.0000013342682), (0, -1, 0), (0, -1, 0), (0, -1, 0), (0, -1, 0), (0, -1, 0), (0, -1, 7.2763186e-14), (0, -1, 7.2763186e-14), (0, -1, 0), (0, -1, 0), (0, -1, 0), (0, -1, 0), (0, -1, 0), (0, -1, 0), (0, -1, 0), (0, -1, 0), (0, -1, 0), (0, -1, -0.0000013342682), (0, -1, 0), (0, -1, 0), (0, -1, -0.0000013342682), (0, -1, -0.0000015941534), (0, -1, 0), (0, -1, 0), (0, -1, -0.0000015941534), (0, -1, -8.3091044e-7), (0, -1, 0), (0, -1, 0), (0, -1, -8.3091044e-7), (0, -1, 0), (0, -1, 0), (0, -1, 0), (0, -1, 0), (0, -1, 0), (0, -1, 0), (0, -1, 0), (0, -1, 0), (0, -1, 0), (0, -1, 0), (0, -1, 0), (0, -1, 0), (0, -1, 0), (0, -1, 0), (0, -1, 0), (0, -1, 0), (1, 0, 0), (1, 0, 0), (1, 0, 0), (1, 0, 0), (0, 0, 1), (0, 0, 1), (0, 0, 1), (0, 0, 1), (0, 0, 1), (0, 0, 1), (0, 0, 1), (0, 0, 1), (1, 0, 0), (1, 0, 0), (1, 0, 0), (1, 0, 0), (0, 0, -1), (0, 0, -1), (0, 0, -1), (0, 0, -1), (0, 0, -1), (0, 0, -1), (0, 0, -1), (0, 0, -1), (0, 0, -1), (0, 0, -1), (0, 0, -1), (0, 0, -1), (1, 0, 0), (1, 0, 0), (1, 0, 0), (1, 0, 0), (-1, 0, 0), (-1, 0, 0), (-1, 0, 0), (-1, 0, 0), (-1, 0, 0), (-1, 0, 0), (-1, 0, 0), (-1, 0, 0), (-1, 0, 0), (-1, 0, 0), (-1, 0, 0), (-1, 0, 0), (0, 0, 1), (0, 0, 1), (0, 0, 1), (0, 0, 1), (0, 0, -1), (0, 0, -1), (0, 0, -1), (0, 0, -1), (-1, 0, 0), (-1, 0, 0), (-1, 0, 0), (-1, 0, 0), (0, -1, 3.0321067e-7), (0, -1, 3.0717882e-7), (0, -1, -0.0000015296029), (0, -1, -1.8448968e-7), (0, -1, -1.9384244e-7), (0, -1, 3.5598399e-7), (0, -1, -7.119681e-7), (0, -1, -6.315785e-7), (0, -1, -2.7774777e-7), (0, -1, 0.0000016664919), (0, -1, 6.2340956e-7), (0, -1, -1.758775e-7), (0, -1, -1.8448968e-7), (0, -1, 6.2340894e-7), (0, -1, -0.0000012468179), (0, -1, -1.758775e-7), (-1, 0, 0), (-1, 0, 0), (-1, 0, 0), (-1, 0, 0), (0, -1, 9.185602e-7), (0, -1, 9.185602e-7), (0, -1, 3.0717882e-7), (0, -1, 3.0321067e-7), (0, -1, -1.8448968e-7), (0, -1, -0.0000015296029), (0, -1, -0.0000026547943), (0, -1, -4.941518e-7), (-1, 0, 0), (-1, 0, 0), (-1, 0, 0), (-1, 0, 0), (0, -1, -1.758775e-7), (0, -1, -0.0000012468179), (0, -1, -0.0000022219874), (0, -1, -2.7774777e-7), (0, -1, -4.941518e-7), (0, -1, 0.0000016664907), (0, -1, 6.2340894e-7), (0, -1, -1.8448968e-7), (0, 0, -1), (0, 0, -1), (0, 0, -1), (0, 0, -1), (0, -1, -1.758775e-7), (0, -1, 6.2340956e-7), (0, -1, -0.0000012468179), (0, -1, -1.9384244e-7), (0, -1, -1.9384244e-7), (0, -1, -0.0000012468179), (0, -1, -0.0000022219874), (0, -1, -5.9209157e-7), (0, 0, 1), (0, 0, 1), (0, 0, 1), (0, 0, 1), (0, -1, -6.315785e-7), (0, -1, -7.119681e-7), (0, -1, -0.0000013837393), (0, -1, -0.0000013837393), (0, -1, -5.9209157e-7), (0, -1, 0.0000010378043), (0, -1, 3.5598399e-7), (0, -1, -1.9384244e-7), (0, -1, 0), (0, -1, 0), (0, -1, 0), (0, -1, 0), (0, -1, 0), (0, -1, 0), (0, -1, 0), (0, -1, 0), (0, -1, -9.818356e-7), (0, -1, -0.0000017982528), (0, -1, 0), (0, -1, 0), (0, -1, -9.5225676e-7), (0, -1, -0.000001461606), (0, -1, 0), (0, -1, 0), (-1, 0, 0), (-1, 0, 0), (-1, 0, 0), (-1, 0, 0), (0, 0, 1), (0, 0, 1), (0, 0, 1), (0, 0, 1), (0, 0, 1), (0, 0, 1), (0, 0, 1), (0, 0, 1), (0, 0, -1), (0, 0, -1), (0, 0, -1), (0, 0, -1), (-1, 0, 0), (-1, 0, 0), (-1, 0, 0), (-1, 0, 0), (0, 0, -1), (0, 0, -1), (0, 0, -1), (0, 0, -1), (0, 0, -1), (0, 0, -1), (0, 0, -1), (0, 0, -1), (0, 0, 1), (0, 0, 1), (0, 0, 1), (0, 0, 1), (0, 0, -1), (0, 0, -1), (0, 0, -1), (0, 0, -1), (0, 0, 1), (0, 0, 1), (0, 0, 1), (0, 0, 1), (0, 0, 1), (0, 0, 1), (0, 0, 1), (0, 0, 1), (-1, 0, 0), (-1, 0, 0), (-1, 0, 0), (-1, 0, 0), (0, -1, -0.0000013342682), (0, -1, -0.0000013342682), (0, -1, -0.000001461606), (0, -1, -9.5225676e-7), (0, -1, -9.5225676e-7), (0, -1, -0.000001461606), (0, -1, 0), (0, -1, 0), (0, -1, 7.312856e-14), (0, -1, 7.264138e-14), (0, -1, 7.2763186e-14), (0, -1, 7.2763186e-14), (0, -1, 0), (0, -1, 0), (0, -1, 0), (0, -1, 0), (0, -1, -8.350832e-7), (0, -1, -8.295194e-7), (0, -1, 7.264138e-14), (0, -1, 7.312856e-14), (0, -1, -0.0000013342682), (0, -1, -0.0000013342682), (0, -1, -0.000001461606), (0, -1, -9.5225676e-7), (0, -1, -0.0000015941534), (0, -1, -0.0000015941534), (0, -1, -0.0000017982528), (0, -1, -9.818356e-7), (0, -1, -8.3091044e-7), (0, -1, -8.3091044e-7), (0, -1, -8.295194e-7), (0, -1, -8.350832e-7), (0, -1, 0), (0, -1, 0), (0, -1, 0), (0, -1, 0), (0, -1, 0), (0, -1, 0), (0, -1, 0), (0, -1, 0), (0, -1, 0), (0, -1, 0), (0, -1, 0), (0, -1, 0), (0, -1, 0), (0, -1, 0), (0, -1, 0), (0, -1, 0), (-1, 0, 0), (-1, 0, 0), (-1, 0, 0), (-1, 0, 0), (0, 0, 1), (0, 0, 1), (0, 0, 1), (0, 0, 1), (0, 0, 1), (0, 0, 1), (0, 0, 1), (0, 0, 1), (-1, 0, 0), (-1, 0, 0), (-1, 0, 0), (-1, 0, 0), (0, 0, -1), (0, 0, -1), (0, 0, -1), (0, 0, -1), (0, 0, -1), (0, 0, -1), (0, 0, -1), (0, 0, -1), (0, 0, -1), (0, 0, -1), (0, 0, -1), (0, 0, -1), (-1, 0, 0), (-1, 0, 0), (-1, 0, 0), (-1, 0, 0), (1, 0, 0), (1, 0, 0), (1, 0, 0), (1, 0, 0), (1, 0, 0), (1, 0, 0), (1, 0, 0), (1, 0, 0), (1, 0, 0), (1, 0, 0), (1, 0, 0), (1, 0, 0), (0, 0, 1), (0, 0, 1), (0, 0, 1), (0, 0, 1), (0, 0, -1), (0, 0, -1), (0, 0, -1), (0, 0, -1), (1, 0, 0), (1, 0, 0), (1, 0, 0), (1, 0, 0), (0, 0.50000286, -0.86602366), (0, 0.50000286, -0.86602366), (0, 0.50000286, -0.86602366), (0, 0.50000286, -0.86602366), (-3.9494363e-8, 1, 0.0000013707163), (-5.1581633e-8, 1, 0.0000010435188), (-9.013111e-8, 1, 0), (-9.013111e-8, 1, 0), (0, 0.50000024, 0.8660253), (0, 0.50000024, 0.8660253), (0, 0.50000024, 0.8660253), (0, 0.50000024, 0.8660253), (0, -0.50000405, 0.866023), (0, -0.50000405, 0.866023), (0, -0.50000405, 0.866023), (0, -0.50000405, 0.866023), (0, -1, 0), (0, -1, 0), (0, -1, 0), (0, -1, 0), (0, -0.50000405, -0.866023), (0, -0.50000405, -0.866023), (0, -0.50000405, -0.866023), (0, -0.50000405, -0.866023), (-0.33310416, -0.48099902, 0.81097573), (-0.33310416, -0.48099902, 0.81097573), (-0.33310416, -0.48099902, 0.81097573), (-0.33310416, -0.48099902, 0.81097573), (-3.9494363e-8, 1, 0.0000013707163), (0, 1, 0.0000018961789), (0, 1, 0.000002018248), (-5.1581633e-8, 1, 0.0000010435188), (0, -1, 0), (0, -1, -6.1559706e-7), (0, -1, -7.9385035e-7), (0, -1, 0), (0.39241964, 0.47771552, -0.7859992), (0.39241964, 0.47771552, -0.7859992), (0.39241964, 0.47771552, -0.7859992), (0.39241964, 0.47771552, -0.7859992), (-0.33310416, 0.48099902, 0.81097573), (-0.33310416, 0.48099902, 0.81097573), (-0.33310416, 0.48099902, 0.81097573), (-0.33310416, 0.48099902, 0.81097573), (0.39242065, -0.47771695, -0.78599787), (0.39242065, -0.47771695, -0.78599787), (0.39242065, -0.47771695, -0.78599787), (0.39242065, -0.47771695, -0.78599787), (0.8165293, -0.43321633, -0.38158026), (0.8165293, -0.43321633, -0.38158026), (0.8165293, -0.43321633, -0.38158026), (0.8165293, -0.43321633, -0.38158026), (0, -1, -6.1559706e-7), (0, -1, -0.0000014481263), (0, -1, -0.0000014481263), (0, -1, -7.9385035e-7), (-0.8351462, 0.43147415, 0.341117), (-0.8351462, 0.43147415, 0.341117), (-0.8351462, 0.43147415, 0.341117), (-0.8351462, 0.43147415, 0.341117), (-0.8351462, -0.43147415, 0.341117), (-0.8351462, -0.43147415, 0.341117), (-0.8351462, -0.43147415, 0.341117), (-0.8351462, -0.43147415, 0.341117), (0, 1, 0.000002018248), (0, 1, 0.0000018961789), (0, 1, 0.0000014481263), (0, 1, 0.0000014481263), (0.8165295, 0.43321675, -0.38157922), (0.8165295, 0.43321675, -0.38157922), (0.8165295, 0.43321675, -0.38157922), (0.8165295, 0.43321675, -0.38157922), (0.14528675, 0.49387553, -0.85730904), (0.14528675, 0.49387553, -0.85730904), (0.14528675, 0.49387553, -0.85730904), (0.14528675, 0.49387553, -0.85730904), (0.2812208, 0.95964307, 0), (0.2812208, 0.95964307, 0), (0.2812208, 0.95964307, 0), (0.2812208, 0.95964307, 0), (0.14528732, 0.49387348, 0.8573101), (0.14528732, 0.49387348, 0.8573101), (0.14528732, 0.49387348, 0.8573101), (0.14528732, 0.49387348, 0.8573101), (-0.14700921, -0.493378, 0.8573019), (-0.14700921, -0.493378, 0.8573019), (-0.14700921, -0.493378, 0.8573019), (-0.14700921, -0.493378, 0.8573019), (-0.28867966, -0.9574257, 0), (-0.28867966, -0.9574257, 0), (-0.28867966, -0.9574257, 0), (-0.28867966, -0.9574257, 0), (-0.14700778, -0.4933788, -0.8573016), (-0.14700778, -0.4933788, -0.8573016), (-0.14700778, -0.4933788, -0.8573016), (-0.14700778, -0.4933788, -0.8573016), (-0.4790684, -0.3358669, 0.81097907), (-0.4790684, -0.3358669, 0.81097907), (-0.4790684, -0.3358669, 0.81097907), (-0.4790684, -0.3358669, 0.81097907), (0.99998343, 0.005760408, 5.8612795e-7), (0.99998343, 0.005760408, 5.8612795e-7), (0.99998343, 0.0057605016, 8.1910207e-7), (0.99998343, 0.0057605295, 8.8656213e-7), (-0.99998343, -0.005761628, 7.9103444e-7), (-0.99998343, -0.005761628, 7.9103444e-7), (-0.99998343, -0.0057642655, 6.674939e-7), (-0.99998343, -0.005763673, 6.952341e-7), (0.47545034, 0.39516807, -0.7859957), (0.47545034, 0.39516807, -0.7859957), (0.47545034, 0.39516807, -0.7859957), (0.47545034, 0.39516807, -0.7859957), (0.48290965, -0.33032355, 0.8109776), (0.48290965, -0.33032355, 0.8109776), (0.48290965, -0.33032355, 0.8109776), (0.48290965, -0.33032355, 0.8109776), (-0.47997427, 0.38966295, -0.7859945), (-0.47997427, 0.38966295, -0.7859945), (-0.47997427, 0.38966295, -0.7859945), (-0.47997427, 0.38966295, -0.7859945), (-0.4379178, 0.8140189, -0.38157713), (-0.4379178, 0.8140189, -0.38157713), (-0.4379178, 0.8140189, -0.38157713), (-0.4379178, 0.8140189, -0.38157713), (-0.99998343, -0.005763673, 6.952341e-7), (-0.99998343, -0.0057642655, 6.674939e-7), (-0.9999834, -0.0057664393, 5.656743e-7), (-0.9999834, -0.0057664393, 5.656743e-7), (0.43628022, -0.8326454, 0.34111756), (0.43628022, -0.8326454, 0.34111756), (0.43628022, -0.8326454, 0.34111756), (0.43628022, -0.8326454, 0.34111756), (-0.4266577, -0.8376176, 0.34111595), (-0.4266577, -0.8376176, 0.34111595), (-0.4266577, -0.8376176, 0.34111595), (-0.4266577, -0.8376176, 0.34111595), (0.99998343, 0.0057605016, 8.1910207e-7), (0.99998343, 0.00576063, 0.0000011341739), (0.99998343, 0.00576063, 0.0000011341739), (0.99998343, 0.0057605295, 8.8656213e-7), (0.42849967, 0.8190136, -0.38158202), (0.42849967, 0.8190136, -0.38158202), (0.42849967, 0.8190136, -0.38158202), (0.42849967, 0.8190136, -0.38158202), (-0.49509484, -0.24200645, -0.83445436), (-0.49509484, -0.24200645, -0.83445436), (-0.49509484, -0.24200645, -0.83445436), (-0.49509484, -0.24200645, -0.83445436), (-0.9098892, -0.4148512, 0), (-0.9098892, -0.4148512, 0), (-0.9098892, -0.4148512, 0), (-0.9098892, -0.4148512, 0), (-0.4950907, -0.2420073, 0.83445656), (-0.4950907, -0.2420073, 0.83445656), (-0.4950907, -0.2420073, 0.83445656), (-0.4950907, -0.2420073, 0.83445656), (0.48935577, 0.2526048, 0.8346985), (0.48935577, 0.2526048, 0.8346985), (0.48935577, 0.2526048, 0.8346985), (0.48935577, 0.2526048, 0.8346985), (0.8860487, 0.46359226, 0), (0.8860487, 0.46359226, 0), (0.8860487, 0.46359226, 0), (0.8860487, 0.46359226, 0), (0.48936123, 0.25260395, -0.83469564), (0.48936123, 0.25260395, -0.83469564), (0.48936123, 0.25260395, -0.83469564), (0.48936123, 0.25260395, -0.83469564), (0.49991542, 0.012690348, -0.8659812), (0.49991542, 0.012690348, -0.8659812), (0.49991542, 0.012690348, -0.8659812), (0.49991542, 0.012690348, -0.8659812), (0.99967796, 0.02537628, 0), (0.99967796, 0.02537628, 0), (0.99967796, 0.02537628, 0), (0.99967796, 0.02537628, 0), (0.49991006, 0.012689491, 0.8659843), (0.49991006, 0.012689491, 0.8659843), (0.49991006, 0.012689491, 0.8659843), (0.49991006, 0.012689491, 0.8659843), (-0.4999115, -0.012690882, 0.8659836), (-0.4999115, -0.012690882, 0.8659836), (-0.4999115, -0.012690882, 0.8659836), (-0.4999115, -0.012690882, 0.8659836), (-0.99967796, -0.02537628, 0), (-0.99967796, -0.02537628, 0), (-0.99967796, -0.02537628, 0), (-0.99967796, -0.02537628, 0), (-0.4999168, -0.012690382, -0.8659804), (-0.4999168, -0.012690382, -0.8659804), (-0.4999168, -0.012690382, -0.8659804), (-0.4999168, -0.012690382, -0.8659804), (0, 0, 1), (0, 0, 1), (0, 0, 1), (0, 0, 1), (1, 0, 0), (1, 0, 0), (1, 0, 0), (1, 0, 0), (-1, 0, 0), (-1, 0, 0), (-1, 0, 0), (-1, 0, 0), (0, 0, -0.99999994), (0, 0, -0.99999994), (0, 0, -0.99999994), (0, 0, -0.99999994), (0, 1, -1.1163482e-7), (0, 1, -1.1163482e-7), (0, 1, -1.1163482e-7), (0, 1, -1.1163482e-7), (0, 1, -1.1163482e-7), (0, 1, -1.1163482e-7), (0.92387784, 0, -0.38268763), (0.92387784, 0, -0.38268763), (0.92387784, 0, -0.38268763), (0.92387784, 0, -0.38268763), (0.38268623, 0, -0.92387843), (0.38268623, 0, -0.92387843), (0.38268623, 0, -0.92387843), (0.38268623, 0, -0.92387843), (-0.38268277, 0, -0.9238798), (-0.38268277, 0, -0.9238798), (-0.38268277, 0, -0.9238798), (-0.38268277, 0, -0.9238798), (-0.9238808, 0, -0.38268033), (-0.9238808, 0, -0.38268033), (-0.9238808, 0, -0.38268033), (-0.9238808, 0, -0.38268033), (-0.923881, 0, 0.38267988), (-0.923881, 0, 0.38267988), (-0.923881, 0, 0.38267988), (-0.923881, 0, 0.38267988), (-0.38268277, 0, 0.9238798), (-0.38268277, 0, 0.9238798), (-0.38268277, 0, 0.9238798), (-0.38268277, 0, 0.9238798), (1.4201771e-7, -1, -2.3927075e-7), (1.4201771e-7, -1, -2.3927075e-7), (1.4201771e-7, -1, -2.3927075e-7), (1.4201771e-7, -1, -2.3927075e-7), (1.4201771e-7, -1, -2.3927075e-7), (1.4201771e-7, -1, -2.3927075e-7), (1.4201771e-7, -1, -2.3927075e-7), (1.4201771e-7, -1, -2.3927075e-7), (0.38268566, 0, 0.9238786), (0.38268566, 0, 0.9238786), (0.38268566, 0, 0.9238786), (0.38268566, 0, 0.9238786), (0.92387784, 0, 0.38268763), (0.92387784, 0, 0.38268763), (0.92387784, 0, 0.38268763), (0.92387784, 0, 0.38268763), (0, 1, 0), (0, 1, 0), (0, 1, 0), (0, 1, 0), (0, 1, 0), (0, 1, 0), (0, 1, 0), (0, 1, 0), (-0.52668524, 0, 0.8500604), (-0.52668524, 0, 0.8500604), (-0.52668524, 0, 0.8500604), (-0.52668524, 0, 0.8500604), (0.5266779, 0, 0.85006493), (0.5266779, 0, 0.85006493), (0.5266779, 0, 0.85006493), (0.5266779, 0, 0.85006493), (0, -1, -1.4884642e-7), (0, -1, -1.4884642e-7), (0, -1, -1.4884642e-7), (0, -1, -1.4884642e-7), (0, -1, -1.4884642e-7), (0, -1, -1.4884642e-7)] (
                interpolation = "faceVarying"
            )
            point3f[] points = [(1.016168, -1.0095214, 0.85471886), (1.016168, -1.0095214, 0.9950003), (0.8758866, -1.0095214, 0.85471886), (0.8758866, -1.0095214, 0.9950003), (1.016168, -0.76401234, 0.85471886), (1.016168, -0.76401234, 0.9950003), (0.8758866, -0.76401234, 0.85471886), (0.8758866, -0.76401234, 0.9950003), (0.7697256, -1.0065367, 1.5315441), (0.7697256, -1.0065367, 1.6718255), (0.7697256, -0.8662553, 1.5315441), (0.7697256, -0.8662553, 1.6718255), (1.0152347, -1.0065367, 1.5315441), (1.0152347, -1.0065367, 1.6718255), (1.0152347, -0.8662553, 1.5315441), (1.0152347, -0.8662553, 1.6718255), (1.016168, -0.52900314, 1.055806), (1.016168, -0.52900314, 1.1960875), (0.8758866, -0.52900314, 1.055806), (0.8758866, -0.52900314, 1.1960875), (1.016168, -0.2834941, 1.055806), (1.016168, -0.2834941, 1.1960875), (0.8758866, -0.2834941, 1.055806), (0.8758866, -0.2834941, 1.1960875), (1.0161681, 0.14026043, 1.7739661), (1.0161681, 0.14026043, 1.9142475), (0.87588674, 0.14026043, 1.7739661), (0.87588674, 0.14026043, 1.9142475), (1.0161681, 0.351058, 1.7739661), (1.0161681, 0.351058, 1.9142475), (0.87588674, 0.351058, 1.7739661), (0.87588674, 0.351058, 1.9142475), (1.0161681, 0.010267708, 1.9310406), (1.0161682, 0.010267707, 2.071322), (0.87588674, 0.01026771, 1.9310406), (0.87588674, 0.010267708, 2.071322), (1.0161681, 0.25577676, 1.9310406), (1.0161682, 0.25577673, 2.071322), (0.87588674, 0.25577676, 1.9310406), (0.87588674, 0.25577673, 2.071322), (1.0161682, -0.8600336, 1.9342904), (1.0161684, -0.8600336, 2.0745718), (0.87588674, -0.8600336, 1.9342904), (0.87588674, -0.8600336, 2.0745718), (1.0161682, -0.61452454, 1.9342904), (1.0161684, -0.61452454, 2.0745718), (0.87588674, -0.61452454, 1.9342904), (0.87588674, -0.61452454, 2.0745718), (1.0161681, -0.117729686, 0.5152692), (1.0161681, -0.117729686, 0.65555066), (0.8758866, -0.11772968, 0.5152693), (0.8758866, -0.11772968, 0.6555507), (1.0161681, 0.12777935, 0.5152693), (1.0161681, 0.12777935, 0.6555507), (0.8758866, 0.12777935, 0.5152693), (0.8758866, 0.12777935, 0.6555507), (1.0161682, 0.50813985, 1.2524786), (1.0161682, 0.50813985, 1.39276), (0.87588674, 0.50813985, 1.2524786), (0.87588674, 0.50813985, 1.39276), (1.0161682, 0.7536489, 1.2524786), (1.0161682, 0.7536489, 1.39276), (0.87588674, 0.7536489, 1.2524786), (0.87588674, 0.7536489, 1.39276), (1.0161681, -1.0095214, 2.0897348), (1.0161681, -1.0095214, 2.230016), (0.8758867, -1.0095214, 2.0897348), (0.8758867, -1.0095214, 2.230016), (1.0161681, -0.76401234, 2.0897348), (1.0161681, -0.76401234, 2.230016), (0.8758867, -0.76401234, 2.0897348), (0.8758867, -0.76401234, 2.230016), (1.0161682, 0.14026043, 2.095698), (1.0161682, 0.14026043, 2.2359796), (0.87588674, 0.14026043, 2.095698), (0.87588674, 0.14026043, 2.2359796), (1.0161682, 0.38576946, 2.095698), (1.0161682, 0.38576946, 2.2359796), (0.87588674, 0.38576946, 2.095698), (0.87588674, 0.38576946, 2.2359796), (1.0095214, 1.016168, 0.62190557), (1.0095214, 1.016168, 0.762187), (1.0095214, 0.8758867, 0.62190557), (1.0095214, 0.8758867, 0.762187), (0.7640123, 1.016168, 0.62190557), (0.7640123, 1.016168, 0.762187), (0.7640123, 0.8758867, 0.62190557), (0.7640123, 0.8758867, 0.762187), (1.0065367, 0.7697256, 0.77811587), (1.0065367, 0.7697256, 0.9183973), (0.8662552, 0.7697256, 0.77811587), (0.8662552, 0.7697256, 0.9183973), (1.0065367, 1.0152347, 0.77811587), (1.0065367, 1.0152347, 0.9183973), (0.8662552, 1.0152347, 0.77811587), (0.8662552, 1.0152347, 0.9183973), (0.56545514, 1.016168, 0.9690094), (0.5654552, 1.016168, 1.1092908), (0.56545514, 0.87588656, 0.9690094), (0.5654552, 0.87588656, 1.1092908), (0.3199462, 1.016168, 0.9690094), (0.3199462, 1.016168, 1.1092908), (0.3199462, 0.87588656, 0.9690094), (0.3199462, 0.87588656, 1.1092908), (-0.59913486, 1.0161681, 1.1500009), (-0.59913486, 1.0161681, 1.2902824), (-0.59913486, 0.8758866, 1.1500009), (-0.59913486, 0.8758866, 1.2902824), (-0.8446439, 1.0161681, 1.1500009), (-0.8446439, 1.0161681, 1.2902824), (-0.8446439, 0.87588656, 1.1500009), (-0.8446439, 0.87588656, 1.2902824), (-0.46914214, 1.0161681, 2.2884576), (-0.46914214, 1.0161681, 2.4287393), (-0.46914214, 0.8758866, 2.2884576), (-0.46914214, 0.8758866, 2.4287393), (-0.7146512, 1.0161681, 2.2884576), (-0.7146512, 1.0161681, 2.4287393), (-0.7146512, 0.87588656, 2.2884576), (-0.7146512, 0.87588656, 2.4287393), (0.5434605, 0.8758867, 2.1469214), (0.5434605, 0.8758867, 2.00664), (0.5434605, 1.0161682, 2.1469214), (0.5434605, 1.0161682, 2.00664), (0.7889695, 0.87588674, 2.1469214), (0.7889695, 0.87588674, 2.00664), (0.7889695, 1.0161682, 2.1469214), (0.7889695, 1.0161682, 2.00664), (-0.23190525, 1.0161682, 2.0090363), (-0.23190525, 1.0161682, 2.1493177), (-0.23190525, 0.8758867, 2.0090363), (-0.23190525, 0.8758867, 2.1493177), (-0.47741428, 1.0161682, 2.0090363), (-0.47741428, 1.0161682, 2.1493177), (-0.47741428, 0.8758867, 2.0090363), (-0.47741428, 0.8758867, 2.1493177), (-0.40414563, 1.0161682, 2.1812766), (-0.40414563, 1.0161682, 2.321558), (-0.40414563, 0.8758867, 2.1812766), (-0.40414563, 0.8758867, 2.321558), (-0.6496547, 1.0161682, 2.1812766), (-0.6496547, 1.0161682, 2.321558), (-0.6496547, 0.8758867, 2.1812766), (-0.6496547, 0.8758867, 2.321558), (-0.50813985, 1.0161682, 2.0090363), (-0.50813985, 1.0161682, 2.1493177), (-0.50813985, 0.8758867, 2.0090363), (-0.50813985, 0.8758867, 2.1493177), (-0.7536489, 1.0161682, 2.0090363), (-0.7536489, 1.0161682, 2.1493177), (-0.7536489, 0.8758866, 2.0090363), (-0.7536489, 0.8758866, 2.1493177), (1.0095215, 1.016168, 2.0897348), (1.0095215, 1.016168, 2.230016), (1.0095215, 0.8758867, 2.0897348), (1.0095215, 0.8758867, 2.230016), (0.76401234, 1.016168, 2.0897348), (0.76401234, 1.016168, 2.230016), (0.76401234, 0.8758867, 2.0897348), (0.76401234, 0.8758867, 2.230016), (-1.016168, 1.0095214, 0.6279785), (-1.016168, 1.0095214, 0.76825994), (-0.87588656, 1.0095214, 0.6279785), (-0.87588656, 1.0095214, 0.76825994), (-1.016168, 0.7640124, 0.6279785), (-1.016168, 0.7640124, 0.76825994), (-0.8758866, 0.76401234, 0.6279785), (-0.8758866, 0.76401234, 0.76825994), (-0.7697255, 1.0065367, 1.5315441), (-0.7697255, 1.0065367, 1.6718255), (-0.76972556, 0.8662553, 1.5315441), (-0.76972556, 0.8662553, 1.6718255), (-1.0152347, 1.0065367, 1.5315441), (-1.0152347, 1.0065367, 1.6718255), (-1.0152347, 0.86625534, 1.5315441), (-1.0152347, 0.86625534, 1.6718255), (-1.016168, 0.5290032, 1.055806), (-1.016168, 0.5290032, 1.1960875), (-0.87588656, 0.52900314, 1.055806), (-0.87588656, 0.52900314, 1.1960875), (-1.016168, 0.28349414, 1.055806), (-1.016168, 0.28349414, 1.1960875), (-0.87588656, 0.28349414, 1.055806), (-0.87588656, 0.28349414, 1.1960875), (-1.0161681, -0.14026041, 1.7739661), (-1.0161681, -0.14026041, 1.9142475), (-0.8758867, -0.14026041, 1.7739661), (-0.8758867, -0.14026041, 1.9142475), (-1.0161681, -0.35105798, 1.7739661), (-1.0161681, -0.35105798, 1.9142475), (-0.8758867, -0.35105798, 1.7739661), (-0.8758867, -0.35105798, 1.9142475), (-1.0161681, -0.01026769, 1.9310406), (-1.0161681, -0.01026769, 2.071322), (-0.8758867, -0.010267696, 1.9310406), (-0.8758867, -0.010267696, 2.071322), (-1.0161681, -0.25577673, 1.9310406), (-1.0161681, -0.25577673, 2.071322), (-0.8758867, -0.25577673, 1.9310406), (-0.8758867, -0.25577673, 2.071322), (-1.0161682, 0.86003363, 1.9342904), (-1.0161682, 0.86003363, 2.0745718), (-0.8758867, 0.8600336, 1.9342904), (-0.8758867, 0.8600336, 2.0745718), (-1.0161682, 0.6145246, 1.9342904), (-1.0161682, 0.6145246, 2.0745718), (-0.8758867, 0.61452454, 1.9342904), (-0.8758867, 0.61452454, 2.0745718), (-1.0161681, 0.11772971, 0.5152693), (-1.0161681, 0.11772971, 0.6555507), (-0.8758866, 0.1177297, 0.5152693), (-0.8758866, 0.1177297, 0.6555507), (-1.0161681, -0.12777932, 0.5152693), (-1.0161681, -0.12777932, 0.6555507), (-0.8758866, -0.12777932, 0.5152693), (-0.8758866, -0.12777932, 0.6555507), (-1.016168, 1.0095214, 2.0897348), (-1.016168, 1.0095214, 2.230016), (-0.87588656, 1.0095214, 2.0897348), (-0.87588656, 1.0095214, 2.230016), (-1.016168, 0.7640124, 2.0897348), (-1.016168, 0.7640124, 2.230016), (-0.8758866, 0.76401234, 2.0897348), (-0.8758866, 0.76401234, 2.230016), (-1.0161681, -0.14026041, 2.095698), (-1.0161681, -0.14026041, 2.2359796), (-0.8758867, -0.14026041, 2.095698), (-0.8758867, -0.14026041, 2.2359796), (-1.0161681, -0.38576946, 2.095698), (-1.0161681, -0.38576946, 2.2359796), (-0.8758867, -0.38576946, 2.095698), (-0.8758867, -0.38576946, 2.2359796), (-1.0095214, -1.016168, 0.62190557), (-1.0095214, -1.016168, 0.762187), (-1.0095214, -0.8758866, 0.62190557), (-1.0095214, -0.8758866, 0.762187), (-0.76401234, -1.016168, 0.62190557), (-0.76401234, -1.016168, 0.762187), (-0.7640123, -0.8758867, 0.62190557), (-0.7640123, -0.8758867, 0.762187), (-1.0065367, -0.76972556, 0.77811587), (-1.0065367, -0.76972556, 0.9183973), (-0.8662552, -0.7697256, 0.77811587), (-0.8662552, -0.7697256, 0.9183973), (-1.0065367, -1.0152347, 0.77811587), (-1.0065367, -1.0152347, 0.9183973), (-0.8662553, -1.0152347, 0.77811587), (-0.8662553, -1.0152347, 0.9183973), (-0.5654552, -1.016168, 0.9690094), (-0.5654552, -1.016168, 1.1092908), (-0.56545514, -0.87588656, 0.9690094), (-0.56545514, -0.87588656, 1.1092908), (-0.3199462, -1.016168, 0.9690094), (-0.3199462, -1.016168, 1.1092908), (-0.3199462, -0.87588656, 0.9690094), (-0.3199462, -0.87588656, 1.1092908), (0.46914214, -1.0161681, 1.3070755), (0.46914214, -1.0161681, 1.4473569), (0.46914214, -0.8758866, 1.3070755), (0.46914214, -0.8758866, 1.4473569), (0.71465117, -1.0161681, 1.3070755), (0.71465117, -1.0161681, 1.4473569), (0.7146512, -0.87588656, 1.3070755), (0.7146512, -0.87588656, 1.4473569), (0.40414566, -1.0161682, 2.1812766), (0.40414566, -1.0161682, 2.321558), (0.40414566, -0.8758867, 2.1812766), (0.40414566, -0.8758867, 2.321558), (0.6496547, -1.0161682, 2.1812766), (0.6496547, -1.0161682, 2.321558), (0.64965475, -0.8758867, 2.1812766), (0.64965475, -0.8758867, 2.321558), (-1.0095214, -1.016168, 2.0897348), (-1.0095214, -1.016168, 2.230016), (-1.0095214, -0.8758866, 2.0897348), (-1.0095214, -0.8758866, 2.230016), (-0.76401234, -1.016168, 2.0897348), (-0.76401234, -1.016168, 2.230016), (-0.7640123, -0.8758867, 2.0897348), (-0.7640123, -0.8758867, 2.230016), (-1.0793229, -1.031008, 1.3043563), (-1.032942, -1.0773021, 1.3043563), (-1.032942, 1.0773021, 1.3043563), (-1.0793229, 1.031008, 1.3043563), (1.0793229, 1.031008, 1.3043563), (1.032942, 1.0773021, 1.3043563), (1.032942, -1.0773021, 1.3043563), (1.0793229, -1.031008, 1.3043563), (-1.0793229, -1.031008, 1.3921518), (-1.032942, -1.0773021, 1.3921518), (-1.032942, 1.0773021, 1.3921518), (-1.0793229, 1.031008, 1.3921518), (1.0793229, 1.031008, 1.3921518), (1.032942, 1.0773021, 1.3921518), (1.032942, -1.0773021, 1.3921518), (1.0793229, -1.031008, 1.3921518), (-0.9811257, -0.9372065, 1.3904026), (-0.9389646, -0.9792887, 1.3904026), (-0.9389646, 0.9792887, 1.3904026), (-0.9811257, 0.9372065, 1.3904026), (0.9811257, 0.9372065, 1.3904026), (0.9389646, 0.9792887, 1.3904026), (0.9389646, -0.9792887, 1.3904026), (0.9811257, -0.9372065, 1.3904026), (-1.0770804, -1.0307958, 2.4802735), (-1.0307958, -1.0770804, 2.4802735), (-1.0307958, 1.0770804, 2.4802735), (-1.0770804, 1.0307958, 2.4802735), (1.0770804, 1.0307958, 2.4802735), (1.0307958, 1.0770804, 2.4802735), (1.0307958, -1.0770804, 2.4802735), (1.0770804, -1.0307958, 2.4802735), (-1.0770804, -1.0307958, 2.6096675), (-1.0307958, -1.0770804, 2.6096675), (-1.0307958, 1.0770804, 2.6096675), (-1.0770804, 1.0307958, 2.6096675), (1.0770804, 1.0307958, 2.6096675), (1.0307958, 1.0770804, 2.6096675), (1.0307958, -1.0770804, 2.6096675), (1.0770804, -1.0307958, 2.6096675), (-1.029682, -0.9854343, 2.6096675), (-0.9854343, -1.029682, 2.6096675), (-0.9854343, 1.029682, 2.6096675), (-1.029682, 0.9854343, 2.6096675), (1.029682, 0.9854343, 2.6096675), (0.9854343, 1.029682, 2.6096675), (0.9854343, -1.029682, 2.6096675), (1.029682, -0.9854343, 2.6096675), (-1.029682, -0.9854343, 2.5768113), (-0.9854343, -1.029682, 2.5768113), (-0.9854343, 1.029682, 2.5768113), (-1.029682, 0.9854343, 2.5768113), (1.029682, 0.9854343, 2.5768113), (0.9854343, 1.029682, 2.5768113), (0.9854343, -1.029682, 2.5768113), (1.029682, -0.9854343, 2.5768113), (-0.97564125, -1.0194494, 0.39243162), (-1.0194494, -0.97564125, 0.39243162), (-1.0194494, 0.97564125, 0.39243162), (-0.97564125, 1.0194494, 0.39243162), (1.0194494, -0.97564125, 0.39243162), (0.97564125, -1.0194494, 0.39243162), (0.97564125, 1.0194494, 0.39243162), (1.0194494, 0.97564125, 0.39243162), (-0.97564125, -1.0194494, 0.0065746177), (-1.0194494, -0.97564125, 0.0065746177), (-1.0194494, 0.97564125, 0.0065746177), (-0.97564125, 1.0194494, 0.0065746177), (1.0194494, -0.97564125, 0.0065746177), (0.97564125, -1.0194494, 0.0065746177), (0.97564125, 1.0194494, 0.0065746177), (1.0194494, 0.97564125, 0.0065746177), (-0.92290133, -0.96434134, 0.39243162), (-0.96434134, -0.92290133, 0.39243162), (-0.96434134, 0.92290133, 0.39243162), (-0.92290133, 0.96434134, 0.39243162), (0.96434134, -0.92290133, 0.39243162), (0.92290133, -0.96434134, 0.39243162), (0.92290133, 0.96434134, 0.39243162), (0.96434134, 0.92290133, 0.39243162), (-0.26413846, -1.0194494, 0.39243162), (-0.26413846, -1.0194494, 0.006574616), (-0.26413846, -0.96434134, 0.39243162), (0.25426134, -1.0194494, 0.39243162), (0.25426134, -1.0194494, 0.006574616), (0.25426134, -0.96434134, 0.39243162), (-0.26413846, -0.96434134, 0.00655213), (0.25426134, -0.96434134, 0.00655213), (1.0273894, 1.0241761, -0.010213213), (1.0273894, 1.0241761, 0.12621228), (1.0273894, 0.9666015, -0.009327614), (1.0273894, 0.9666015, 0.12621228), (0.7886287, 1.0241762, -0.010213213), (0.7886287, 1.0241762, 0.12621228), (0.7886287, 0.96660155, -0.010213213), (0.7886287, 0.96660155, 0.12621228), (0.90926737, 1.0241762, 0.13781424), (0.90926737, 1.0241762, 0.2748943), (0.90926737, 0.8877508, 0.14046118), (0.90926737, 0.8877508, 0.2820104), (0.67050666, 1.0241762, 0.13539219), (0.67050666, 1.0241762, 0.2703719), (0.67050666, 0.88775086, 0.13394646), (0.67050666, 0.88775086, 0.2824465), (1.0273894, 1.0241761, 0.27385825), (1.0273894, 1.0241761, 0.41595423), (1.0273894, 0.9666015, 0.28167114), (1.0273894, 0.9666015, 0.41324234), (0.7886287, 1.0241762, 0.28282702), (0.7886287, 1.0241762, 0.41028374), (0.7886287, 0.96660155, 0.2905558), (0.7886287, 0.96660155, 0.41055948), (0.77757156, 1.052577, -0.010213213), (0.77757156, 1.052577, 0.12621228), (0.7775715, 0.88775086, -0.0026863287), (0.7775715, 0.88775086, 0.1267281), (0.53881085, 1.0525771, -0.010213213), (0.53881085, 1.0525771, 0.12621228), (0.5388108, 0.8877509, -0.010213213), (0.5388108, 0.8877509, 0.12621228), (0.65944946, 1.0241762, 0.13727099), (0.65944946, 1.0241762, 0.2703719), (0.65944946, 0.8877509, 0.13608474), (0.65944946, 0.8877509, 0.2703719), (0.42068884, 1.0241764, 0.13593479), (0.42068884, 1.0241764, 0.27593774), (0.42068878, 0.887751, 0.15042086), (0.42068878, 0.887751, 0.2703719), (0.7775715, 1.0241762, 0.27385825), (0.7775715, 1.0241762, 0.4174891), (0.7775715, 0.88775086, 0.27986878), (0.7775715, 0.88775086, 0.41194975), (0.5388108, 1.0241764, 0.27385825), (0.5388108, 1.0241764, 0.41363016), (0.5388108, 0.8877509, 0.27385825), (0.5388108, 0.8877509, 0.421593), (0.5277536, 1.0241764, -0.00768834), (0.5277536, 1.0241764, 0.13053447), (0.5277536, 0.8877509, -0.0009658016), (0.5277536, 0.8877509, 0.12892364), (0.28899297, 1.0241764, -0.0098290965), (0.28899297, 1.0241764, 0.12621228), (0.2889929, 0.887751, -0.010213213), (0.2889929, 0.887751, 0.13760464), (0.40963164, 1.0241764, 0.13394646), (0.40963164, 1.0241764, 0.27266008), (0.40963158, 0.887751, 0.13394646), (0.40963158, 0.887751, 0.27626258), (0.17087097, 1.0241765, 0.13394646), (0.17087097, 1.0241765, 0.2703719), (0.17087093, 0.88775104, 0.14394073), (0.17087093, 0.88775104, 0.2703719), (0.5277536, 1.0241764, 0.27385825), (0.5277536, 1.0241764, 0.41613755), (0.5277536, 0.8877509, 0.28232047), (0.5277536, 0.8877509, 0.41028374), (0.28899297, 1.0241764, 0.27385825), (0.28899297, 1.0241764, 0.41028374), (0.2889929, 0.887751, 0.27385825), (0.2889929, 0.887751, 0.4170876), (0.27793577, 1.0525771, -0.0101192845), (0.27793577, 1.0525771, 0.13302837), (0.2779357, 0.88775104, -0.0007002653), (0.2779357, 0.88775104, 0.12621228), (0.039175104, 1.0525773, -0.009807573), (0.039175104, 1.0525773, 0.13292514), (0.039175063, 0.8877511, -0.010213213), (0.039175063, 0.8877511, 0.12621228), (0.15981379, 1.0241765, 0.13394646), (0.15981379, 1.0241765, 0.2703719), (0.15981375, 0.88775104, 0.1361316), (0.15981375, 0.88775104, 0.2703719), (-0.0789469, 1.0241765, 0.13394646), (-0.0789469, 1.0241765, 0.27218232), (-0.078946956, 0.8877511, 0.14441098), (-0.078946956, 0.8877511, 0.28345707), (0.27793577, 1.0525771, 0.27385825), (0.27793577, 1.0525771, 0.41028374), (0.2779357, 0.88775104, 0.27385825), (0.2779357, 0.88775104, 0.41028374), (0.039175104, 1.0525773, 0.28141528), (0.039175104, 1.0525773, 0.4157433), (0.039175063, 0.8877511, 0.27385825), (0.039175063, 0.8877511, 0.41028374), (0.028117923, 1.0241765, -0.010213213), (0.028117923, 1.0241765, 0.13205616), (0.028117878, 0.8877511, -0.010213213), (0.028117878, 0.8877511, 0.1357462), (-0.21064276, 1.0241766, -0.007161414), (-0.21064276, 1.0241766, 0.12621228), (-0.2106428, 0.88775116, -0.00022243022), (-0.2106428, 0.88775116, 0.12621228), (-0.09000409, 1.0241765, 0.14654177), (-0.09000409, 1.0241765, 0.2703719), (-0.09000414, 0.8877511, 0.14276385), (-0.09000414, 0.8877511, 0.28203824), (-0.32876477, 1.0241766, 0.13823408), (-0.32876477, 1.0241766, 0.2703719), (-0.32876483, 0.8877512, 0.13394646), (-0.32876483, 0.8877512, 0.27974093), (0.028117923, 1.0241765, 0.27385825), (0.028117923, 1.0241765, 0.41241637), (0.028117878, 0.8877511, 0.27385825), (0.028117878, 0.8877511, 0.41884595), (-0.21064276, 1.0241766, 0.27385825), (-0.21064276, 1.0241766, 0.41028374), (-0.2106428, 0.88775116, 0.2871721), (-0.2106428, 0.88775116, 0.41483444), (-0.22169994, 1.0241766, -0.0042548263), (-0.22169994, 1.0241766, 0.12639363), (-0.22169998, 0.88775116, -0.010213213), (-0.22169998, 0.88775116, 0.1443768), (-0.46046063, 1.0241766, -0.010213213), (-0.46046063, 1.0241766, 0.12621228), (-0.4604607, 0.8877512, -0.010213213), (-0.4604607, 0.8877512, 0.13382706), (-0.33982196, 1.0525774, 0.13394646), (-0.33982196, 1.0525774, 0.2703719), (-0.33982202, 0.8877512, 0.13728794), (-0.33982202, 0.8877512, 0.2703719), (-0.5785826, 1.0525775, 0.13668998), (-0.5785826, 1.0525775, 0.2703719), (-0.57858264, 0.8877513, 0.13394646), (-0.57858264, 0.8877513, 0.2703719), (-0.22169994, 1.0241766, 0.2836786), (-0.22169994, 1.0241766, 0.41028374), (-0.22169998, 0.88775116, 0.27385825), (-0.22169998, 0.88775116, 0.41028374), (-0.46046063, 1.0241766, 0.27385825), (-0.46046063, 1.0241766, 0.41028374), (-0.4604607, 0.8877512, 0.27385825), (-0.4604607, 0.8877512, 0.41028374), (-0.47151783, 1.0241766, -0.008303889), (-0.47151783, 1.0241766, 0.13483512), (-0.4715179, 0.8877512, 0.002391728), (-0.4715179, 0.8877512, 0.12621228), (-0.7102785, 1.0241767, -0.010213213), (-0.7102785, 1.0241767, 0.12928745), (-0.7102785, 0.88775134, -0.009487657), (-0.7102785, 0.88775134, 0.12621228), (-0.58963984, 1.0241767, 0.13394646), (-0.58963984, 1.0241767, 0.2703719), (-0.58963984, 0.8877513, 0.13394646), (-0.58963984, 0.8877513, 0.28438017), (-0.82840055, 1.0241767, 0.14335786), (-0.82840055, 1.0241767, 0.27092013), (-0.82840055, 0.88775134, 0.13983467), (-0.82840055, 0.88775134, 0.2734769), (-0.47151783, 1.0241766, 0.2763664), (-0.47151783, 1.0241766, 0.4161138), (-0.4715179, 0.8877512, 0.2819913), (-0.4715179, 0.8877512, 0.41436338), (-0.7102785, 1.0241767, 0.28574565), (-0.7102785, 1.0241767, 0.41028374), (-0.7102785, 0.88775134, 0.28177264), (-0.7102785, 0.88775134, 0.41028374), (-0.7213357, 1.0241767, -0.0034731168), (-0.7213357, 1.0241767, 0.13184188), (-0.7213357, 0.88775134, -0.010213213), (-0.7213357, 0.88775134, 0.1303549), (-0.9600964, 1.0241768, -0.010213213), (-0.9600964, 1.0241768, 0.13061793), (-0.9600964, 0.8877514, -0.008958804), (-0.9600964, 0.8877514, 0.13241087), (-0.83945775, 1.0241767, 0.13394646), (-0.83945775, 1.0241767, 0.2703719), (-0.83945775, 0.9261529, 0.13394646), (-0.83945775, 0.9261529, 0.2703719), (-1.0240223, 1.0241768, 0.13533205), (-1.0240223, 1.0241768, 0.2703719), (-1.0240225, 0.92615294, 0.13506271), (-1.0240225, 0.92615294, 0.27230483), (-0.7213357, 1.0241767, 0.27385825), (-0.7213357, 1.0241767, 0.41028374), (-0.7213357, 0.88775134, 0.27950796), (-0.7213357, 0.88775134, 0.41593596), (-0.9600964, 1.0241768, 0.27385825), (-0.9600964, 1.0241768, 0.41028374), (-0.9600964, 0.8877514, 0.27385825), (-0.9600964, 0.8877514, 0.4133177), (-1.0241765, 1.0273892, -0.010213213), (-1.0241765, 1.0273892, 0.12621228), (-0.96830446, 1.0273892, -0.009327614), (-0.96830446, 1.0273892, 0.12621228), (-1.0241765, 0.7886284, -0.010213213), (-1.0241765, 0.7886284, 0.12621228), (-0.96830446, 0.7886284, -0.010213213), (-0.96830446, 0.7886284, 0.12621228), (-1.0241765, 0.90926707, 0.13781424), (-1.0241765, 0.90926707, 0.2748943), (-0.88775104, 0.9092671, 0.14046118), (-0.88775104, 0.9092671, 0.2820104), (-1.0241765, 0.67050636, 0.13539219), (-1.0241765, 0.67050636, 0.2703719), (-0.88775104, 0.6705064, 0.13394646), (-0.88775104, 0.6705064, 0.2824465), (-1.0241765, 1.0273892, 0.27385825), (-1.0241765, 1.0273892, 0.41595423), (-0.96830446, 1.0273892, 0.28167114), (-0.96830446, 1.0273892, 0.41324234), (-1.0241765, 0.7886284, 0.28282702), (-1.0241765, 0.7886284, 0.41028374), (-0.96830446, 0.7886284, 0.2905558), (-0.96830446, 0.7886284, 0.41055948), (-1.0241765, 0.7775712, -0.010213213), (-1.0241765, 0.7775712, 0.12621228), (-0.8877511, 0.77757126, -0.0026863287), (-0.8877511, 0.77757126, 0.1267281), (-1.0241765, 0.5388105, -0.010213213), (-1.0241765, 0.5388105, 0.12621228), (-0.8877511, 0.53881055, -0.010213213), (-0.8877511, 0.53881055, 0.12621228), (-1.0241765, 0.65944916, 0.13727099), (-1.0241765, 0.65944916, 0.2703719), (-0.8877511, 0.6594492, 0.13608474), (-0.8877511, 0.6594492, 0.2703719), (-1.0241765, 0.42068854, 0.13593479), (-1.0241765, 0.42068854, 0.27593774), (-0.8877511, 0.4206885, 0.15042086), (-0.8877511, 0.4206885, 0.2703719), (-1.0517255, 0.77757126, 0.27385825), (-1.0517255, 0.77757126, 0.4174891), (-0.8877511, 0.77757126, 0.27986878), (-0.8877511, 0.77757126, 0.41194975), (-1.0517255, 0.53881055, 0.27385825), (-1.0517255, 0.53881055, 0.41363016), (-0.8877511, 0.53881055, 0.27385825), (-0.8877511, 0.53881055, 0.421593), (-1.0517255, 0.5277534, -0.00768834), (-1.0517255, 0.5277534, 0.13053447), (-0.8877511, 0.5277534, -0.0009658016), (-0.8877511, 0.5277534, 0.12892364), (-1.0517255, 0.28899267, -0.0098290965), (-1.0517255, 0.28899267, 0.12621228), (-0.88775104, 0.28899264, -0.010213213), (-0.88775104, 0.28899264, 0.13760464), (-1.0241765, 0.40963134, 0.13394646), (-1.0241765, 0.40963134, 0.27266008), (-0.8877511, 0.4096313, 0.13394646), (-0.8877511, 0.4096313, 0.27626258), (-1.0241765, 0.17087068, 0.13394646), (-1.0241765, 0.17087068, 0.2703719), (-0.8877511, 0.17087068, 0.14394073), (-0.8877511, 0.17087068, 0.2703719), (-1.0241765, 0.52775335, 0.27385825), (-1.0241765, 0.52775335, 0.41613755), (-0.8877511, 0.5277534, 0.28232047), (-0.8877511, 0.5277534, 0.41028374), (-1.0241765, 0.28899267, 0.27385825), (-1.0241765, 0.28899267, 0.41028374), (-0.88775104, 0.28899264, 0.27385825), (-0.88775104, 0.28899264, 0.4170876), (-1.0241765, 0.2779355, -0.0101192845), (-1.0241765, 0.2779355, 0.13302837), (-0.8877511, 0.27793548, -0.0007002653), (-0.8877511, 0.27793548, 0.12621228), (-1.0241765, 0.039174814, -0.009807573), (-1.0241765, 0.039174814, 0.13292514), (-0.8877511, 0.039174814, -0.010213213), (-0.8877511, 0.039174814, 0.12621228), (-1.0241765, 0.1598135, 0.13394646), (-1.0241765, 0.1598135, 0.2703719), (-0.8877511, 0.1598135, 0.1361316), (-0.8877511, 0.1598135, 0.2703719), (-1.0241765, -0.078947194, 0.13394646), (-1.0241765, -0.078947194, 0.27218232), (-0.8877511, -0.07894721, 0.14441098), (-0.8877511, -0.07894721, 0.28345707), (-1.0241765, 0.2779355, 0.27385825), (-1.0241765, 0.2779355, 0.41028374), (-0.8877511, 0.27793548, 0.27385825), (-0.8877511, 0.27793548, 0.41028374), (-1.0241765, 0.039174814, 0.28141528), (-1.0241765, 0.039174814, 0.4157433), (-0.8877511, 0.039174814, 0.27385825), (-0.8877511, 0.039174814, 0.41028374), (-1.0241765, 0.028117634, -0.010213213), (-1.0241765, 0.028117634, 0.13205616), (-0.8877511, 0.028117629, -0.010213213), (-0.8877511, 0.028117629, 0.1357462), (-1.0241765, -0.21064304, -0.007161414), (-1.0241765, -0.21064304, 0.12621228), (-0.8877511, -0.21064304, -0.00022243022), (-0.8877511, -0.21064304, 0.12621228), (-1.0241765, -0.09000438, 0.14654177), (-1.0241765, -0.09000438, 0.2703719), (-0.8877511, -0.09000439, 0.14276385), (-0.8877511, -0.09000439, 0.28203824), (-1.0241765, -0.32876506, 0.13823408), (-1.0241765, -0.32876506, 0.2703719), (-0.8877511, -0.3287651, 0.13394646), (-0.8877511, -0.3287651, 0.27974093), (-1.0241765, 0.028117634, 0.27385825), (-1.0241765, 0.028117634, 0.41241637), (-0.8877511, 0.028117629, 0.27385825), (-0.8877511, 0.028117629, 0.41884595), (-1.0241765, -0.21064304, 0.27385825), (-1.0241765, -0.21064304, 0.41028374), (-0.8877511, -0.21064304, 0.2871721), (-0.8877511, -0.21064304, 0.41483444), (-1.0241765, -0.22170022, -0.0042548263), (-1.0241765, -0.22170022, 0.12639363), (-0.8877511, -0.22170022, -0.010213213), (-0.8877511, -0.22170022, 0.1443768), (-1.0241765, -0.46046093, -0.010213213), (-1.0241765, -0.46046093, 0.12621228), (-0.8877511, -0.46046096, -0.010213213), (-0.8877511, -0.46046096, 0.13382706), (-1.0517255, -0.33982226, 0.13394646), (-1.0517255, -0.33982226, 0.2703719), (-0.8877511, -0.3398223, 0.13728794), (-0.8877511, -0.3398223, 0.2703719), (-1.0517256, -0.5785829, 0.13668998), (-1.0517256, -0.5785829, 0.2703719), (-0.8877511, -0.5785829, 0.13394646), (-0.8877511, -0.5785829, 0.2703719), (-1.0241765, -0.22170022, 0.2836786), (-1.0241765, -0.22170022, 0.41028374), (-0.8877511, -0.22170022, 0.27385825), (-0.8877511, -0.22170022, 0.41028374), (-1.0241765, -0.46046093, 0.27385825), (-1.0241765, -0.46046093, 0.41028374), (-0.8877511, -0.46046096, 0.27385825), (-0.8877511, -0.46046096, 0.41028374), (-1.0241765, -0.4715181, -0.008303889), (-1.0241765, -0.4715181, 0.13483512), (-0.8877511, -0.47151813, 0.002391728), (-0.8877511, -0.47151813, 0.12621228), (-1.0241765, -0.7102788, -0.010213213), (-1.0241765, -0.7102788, 0.12928745), (-0.88775116, -0.71027875, -0.009487657), (-0.88775116, -0.71027875, 0.12621228), (-1.0241766, -0.58964014, 0.13394646), (-1.0241766, -0.58964014, 0.2703719), (-0.8877511, -0.5896401, 0.13394646), (-0.8877511, -0.5896401, 0.28438017), (-1.0241765, -0.82840085, 0.14335786), (-1.0241765, -0.82840085, 0.27092013), (-0.8877511, -0.8284008, 0.13983467), (-0.8877511, -0.8284008, 0.2734769), (-1.0241765, -0.4715181, 0.2763664), (-1.0241765, -0.4715181, 0.4161138), (-0.8877511, -0.47151813, 0.2819913), (-0.8877511, -0.47151813, 0.41436338), (-1.0241765, -0.7102788, 0.28574565), (-1.0241765, -0.7102788, 0.41028374), (-0.88775116, -0.71027875, 0.28177264), (-0.88775116, -0.71027875, 0.41028374), (-1.0241765, -0.721336, -0.0034731168), (-1.0241765, -0.721336, 0.13184188), (-0.8877511, -0.72133595, -0.010213213), (-0.8877511, -0.72133595, 0.1303549), (-1.0241766, -0.9600967, -0.010213213), (-1.0241766, -0.9600967, 0.13061793), (-0.8877511, -0.96009666, -0.008958804), (-0.8877511, -0.96009666, 0.13241087), (-1.0241765, -0.839458, 0.13394646), (-1.0241765, -0.839458, 0.2703719), (-0.916432, -0.8394579, 0.13394646), (-0.916432, -0.8394579, 0.2703719), (-1.0241765, -1.0346326, 0.13533205), (-1.0241765, -1.0346326, 0.2703719), (-0.916432, -1.0346327, 0.13506271), (-0.916432, -1.0346327, 0.27230483), (-1.0241765, -0.721336, 0.27385825), (-1.0241765, -0.721336, 0.41028374), (-0.8877511, -0.72133595, 0.27950796), (-0.8877511, -0.72133595, 0.41593596), (-1.0241766, -0.9600967, 0.27385825), (-1.0241766, -0.9600967, 0.41028374), (-0.8877511, -0.96009666, 0.27385825), (-0.8877511, -0.96009666, 0.4133177), (1.0241765, -1.027389, -0.010213213), (1.0241765, -1.027389, 0.12621228), (0.9634329, -1.027389, -0.010213213), (0.9634329, -1.027389, 0.12621228), (1.0241766, -0.7886283, -0.010213213), (1.0241766, -0.7886283, 0.12621228), (0.9634329, -0.78862834, -0.010025658), (0.9634329, -0.78862834, 0.12680928), (1.0241766, -0.90926695, 0.13781424), (1.0241766, -0.90926695, 0.2748943), (0.88775116, -0.909267, 0.14046118), (0.88775116, -0.909267, 0.2820104), (1.0241765, -0.67050624, 0.13539219), (1.0241765, -0.67050624, 0.2703719), (0.8877511, -0.6705063, 0.13394646), (0.8877511, -0.6705063, 0.2824465), (1.0241765, -1.027389, 0.27385825), (1.0241765, -1.027389, 0.41595423), (0.9634329, -1.027389, 0.27385825), (0.9634329, -1.027389, 0.4131249), (1.0241766, -0.7886283, 0.28282702), (1.0241766, -0.7886283, 0.41028374), (0.9634329, -0.78862834, 0.29063177), (0.9634329, -0.78862834, 0.41749883), (1.0241765, -0.7775711, -0.010213213), (1.0241765, -0.7775711, 0.12621228), (0.9634329, -0.77757114, -0.010213213), (0.9634329, -0.77757114, 0.12621228), (1.0241766, -0.5388104, -0.010213213), (1.0241766, -0.5388104, 0.12621228), (0.96343285, -0.53881043, -0.0041717547), (0.96343285, -0.53881043, 0.12999626), (1.0241765, -0.6594491, 0.13727099), (1.0241765, -0.6594491, 0.2703719), (0.88775116, -0.65944916, 0.13608474), (0.88775116, -0.65944916, 0.2703719), (1.0241765, -0.42068845, 0.13593479), (1.0241765, -0.42068845, 0.27593774), (0.88775116, -0.42068845, 0.15042086), (0.88775116, -0.42068845, 0.2703719), (1.0241765, -0.7775711, 0.27385825), (1.0241765, -0.7775711, 0.4174891), (0.9634329, -0.77757114, 0.27385825), (0.9634329, -0.77757114, 0.41028374), (1.0241766, -0.5388104, 0.27385825), (1.0241766, -0.5388104, 0.41363016), (0.96343285, -0.53881043, 0.2794656), (0.96343285, -0.53881043, 0.41028374), (1.0241766, -0.52775323, -0.00768834), (1.0241766, -0.52775323, 0.13053447), (0.96343285, -0.5277533, -0.010213213), (0.96343285, -0.5277533, 0.12621228), (1.0241765, -0.28899258, -0.0098290965), (1.0241765, -0.28899258, 0.12621228), (0.96343285, -0.28899258, -0.010213213), (0.96343285, -0.28899258, 0.12929387), (1.0452502, -0.40963125, 0.13394646), (1.0452502, -0.40963125, 0.27266008), (0.88775116, -0.40963125, 0.13394646), (0.88775116, -0.40963125, 0.27626258), (1.0452503, -0.17087059, 0.13394646), (1.0452503, -0.17087059, 0.2703719), (0.8877511, -0.1708706, 0.14394073), (0.8877511, -0.1708706, 0.2703719), (1.0241766, -0.52775323, 0.27385825), (1.0241766, -0.52775323, 0.41613755), (0.96343285, -0.5277533, 0.27385825), (0.96343285, -0.5277533, 0.42132577), (1.0241765, -0.28899258, 0.27385825), (1.0241765, -0.28899258, 0.41028374), (0.96343285, -0.28899258, 0.28357127), (0.96343285, -0.28899258, 0.4107279), (1.0241765, -0.27793542, -0.0101192845), (1.0241765, -0.27793542, 0.13302837), (0.9634329, -0.27793542, 0.0040267347), (0.9634329, -0.27793542, 0.12621228), (1.0241765, -0.039174728, -0.009807573), (1.0241765, -0.039174728, 0.13292514), (0.96343285, -0.03917473, 0.0062606414), (0.96343285, -0.03917473, 0.13338636), (1.0241766, -0.15981342, 0.13394646), (1.0241766, -0.15981342, 0.2703719), (0.8877511, -0.1598134, 0.1361316), (0.8877511, -0.1598134, 0.2703719), (1.0241765, 0.078947276, 0.13394646), (1.0241765, 0.078947276, 0.27218232), (0.88775104, 0.078947276, 0.14441098), (0.88775104, 0.078947276, 0.28345707), (1.0241765, -0.27793542, 0.27385825), (1.0241765, -0.27793542, 0.41028374), (0.9634329, -0.27793542, 0.27385825), (0.9634329, -0.27793542, 0.41028374), (1.0241765, -0.039174728, 0.28141528), (1.0241765, -0.039174728, 0.4157433), (0.96343285, -0.03917473, 0.27385825), (0.96343285, -0.03917473, 0.41326663), (1.0241765, -0.028117545, -0.010213213), (1.0241765, -0.028117545, 0.13205616), (0.96343285, -0.028117545, -0.007519261), (0.96343285, -0.028117545, 0.13165379), (1.0241765, 0.21064313, -0.007161414), (1.0241765, 0.21064313, 0.12621228), (0.96343285, 0.21064314, -0.010213213), (0.96343285, 0.21064314, 0.12621228), (1.0241765, 0.09000446, 0.14654177), (1.0241765, 0.09000446, 0.2703719), (0.88775104, 0.09000447, 0.14276385), (0.88775104, 0.09000447, 0.28203824), (1.0241765, 0.32876515, 0.13823408), (1.0241765, 0.32876515, 0.2703719), (0.8877511, 0.32876515, 0.13394646), (0.8877511, 0.32876515, 0.27974093), (1.0241765, -0.028117545, 0.27385825), (1.0241765, -0.028117545, 0.41241637), (0.96343285, -0.028117545, 0.279495), (0.96343285, -0.028117545, 0.41028374), (1.0241765, 0.21064313, 0.27385825), (1.0241765, 0.21064313, 0.41028374), (0.96343285, 0.21064314, 0.27385825), (0.96343285, 0.21064314, 0.41028374), (1.0241765, 0.22170031, -0.0042548263), (1.0241765, 0.22170031, 0.12639363), (0.96343285, 0.22170033, -0.009360511), (0.96343285, 0.22170033, 0.14489558), (1.0241765, 0.46046102, -0.010213213), (1.0241765, 0.46046102, 0.12621228), (0.9634328, 0.46046102, -0.010213213), (0.9634328, 0.46046102, 0.12866634), (1.0241765, 0.33982232, 0.13394646), (1.0241765, 0.33982232, 0.2703719), (0.8877511, 0.33982235, 0.13728794), (0.8877511, 0.33982235, 0.2703719), (1.0241765, 0.57858306, 0.13668998), (1.0241765, 0.57858306, 0.2703719), (0.88775104, 0.578583, 0.13394646), (0.88775104, 0.578583, 0.2703719), (1.0241765, 0.22170031, 0.2836786), (1.0241765, 0.22170031, 0.41028374), (0.96343285, 0.22170033, 0.27385825), (0.96343285, 0.22170033, 0.42168203), (1.0241765, 0.46046102, 0.27385825), (1.0241765, 0.46046102, 0.41028374), (0.9634328, 0.46046102, 0.2838996), (0.9634328, 0.46046102, 0.41028374), (1.0241764, 0.4715182, -0.008303889), (1.0241764, 0.4715182, 0.13483512), (0.9634328, 0.4715182, -0.010213213), (0.9634328, 0.4715182, 0.13122737), (1.0241765, 0.7102789, -0.010213213), (1.0241765, 0.7102789, 0.12928745), (0.9634328, 0.71027887, -0.010213213), (0.9634328, 0.71027887, 0.12621228), (1.0241765, 0.58964026, 0.13394646), (1.0241765, 0.58964026, 0.2703719), (0.88775104, 0.5896402, 0.13394646), (0.88775104, 0.5896402, 0.28438017), (1.0241764, 0.82840097, 0.14335786), (1.0241764, 0.82840097, 0.27092013), (0.88775104, 0.8284009, 0.13983467), (0.88775104, 0.8284009, 0.2734769), (1.0511569, 0.4715182, 0.2763664), (1.0511569, 0.4715182, 0.4161138), (0.9634328, 0.4715182, 0.27385825), (0.9634328, 0.4715182, 0.41028374), (1.051157, 0.71027887, 0.28574565), (1.051157, 0.71027887, 0.41028374), (0.9634328, 0.71027887, 0.27385825), (0.9634328, 0.71027887, 0.41028374), (1.0241765, 0.7213361, -0.0034731168), (1.0241765, 0.7213361, 0.13184188), (0.9634328, 0.72133607, -0.010213213), (0.9634328, 0.72133607, 0.12621228), (1.0241765, 0.9600968, -0.010213213), (1.0241765, 0.9600968, 0.13061793), (0.9634328, 0.9600967, 0.0019468383), (0.9634328, 0.9600967, 0.12652613), (1.0241764, 0.8394581, 0.13394646), (1.0241764, 0.8394581, 0.2703719), (0.91692716, 0.83945805, 0.13394646), (0.91692716, 0.83945805, 0.2703719), (1.0241765, 1.0322505, 0.13533205), (1.0241765, 1.0322505, 0.2703719), (0.9169271, 1.0322506, 0.13506271), (0.9169271, 1.0322506, 0.27230483), (1.0241765, 0.7213361, 0.27385825), (1.0241765, 0.7213361, 0.41028374), (0.9634328, 0.72133607, 0.27385825), (0.9634328, 0.72133607, 0.41371822), (1.0241765, 0.9600968, 0.27385825), (1.0241765, 0.9600968, 0.41028374), (0.9634328, 0.9600967, 0.28363773), (0.9634328, 0.9600967, 0.41028374), (-1.027389, -1.0241765, -0.010213213), (-1.027389, -1.0241765, 0.12621228), (-1.027389, -0.96322167, -0.009327614), (-1.027389, -0.96322167, 0.12621228), (-0.78862834, -1.0241765, -0.010213213), (-0.78862834, -1.0241765, 0.12621228), (-0.7886284, -0.9632216, -0.010213213), (-0.7886284, -0.9632216, 0.12621228), (-0.909267, -1.0241766, 0.13781424), (-0.909267, -1.0241766, 0.2748943), (-0.90926707, -0.8877511, 0.14046118), (-0.90926707, -0.8877511, 0.2820104), (-0.6705063, -1.0241765, 0.13539219), (-0.6705063, -1.0241765, 0.2703719), (-0.67050636, -0.8877511, 0.13394646), (-0.67050636, -0.8877511, 0.2824465), (-1.027389, -1.0241765, 0.27385825), (-1.027389, -1.0241765, 0.41595423), (-1.027389, -0.96322167, 0.28167114), (-1.027389, -0.96322167, 0.41324234), (-0.78862834, -1.0241765, 0.28282702), (-0.78862834, -1.0241765, 0.41028374), (-0.7886284, -0.9632216, 0.2905558), (-0.7886284, -0.9632216, 0.41055948), (-0.7775712, -1.0564406, -0.010213213), (-0.7775712, -1.0564406, 0.12621228), (-0.7775712, -0.8877511, -0.0026863287), (-0.7775712, -0.8877511, 0.1267281), (-0.5388105, -1.0564407, -0.010213213), (-0.5388105, -1.0564407, 0.12621228), (-0.5388105, -0.8877511, -0.010213213), (-0.5388105, -0.8877511, 0.12621228), (-0.65944916, -1.0241765, 0.13727099), (-0.65944916, -1.0241765, 0.2703719), (-0.65944916, -0.88775116, 0.13608474), (-0.65944916, -0.88775116, 0.2703719), (-0.42068848, -1.0241765, 0.13593479), (-0.42068848, -1.0241765, 0.27593774), (-0.42068848, -0.8877511, 0.15042086), (-0.42068848, -0.8877511, 0.2703719), (-0.77757114, -1.0241765, 0.27385825), (-0.77757114, -1.0241765, 0.4174891), (-0.7775712, -0.8877511, 0.27986878), (-0.7775712, -0.8877511, 0.41194975), (-0.53881043, -1.0241766, 0.27385825), (-0.53881043, -1.0241766, 0.41363016), (-0.5388105, -0.8877511, 0.27385825), (-0.5388105, -0.8877511, 0.421593), (-0.5277533, -1.0241765, -0.00768834), (-0.5277533, -1.0241765, 0.13053447), (-0.52775335, -0.8877511, -0.0009658016), (-0.52775335, -0.8877511, 0.12892364), (-0.24022761, -1.0241765, -0.0098290965), (-0.24022761, -1.0241765, 0.12621228), (-0.24022761, -0.8877511, -0.010213213), (-0.24022761, -0.8877511, 0.13760464), (-0.40963128, -1.0241765, 0.13394646), (-0.40963128, -1.0241765, 0.27266008), (-0.40963128, -0.8877511, 0.13394646), (-0.40963128, -0.8877511, 0.27626258), (-0.2358656, -1.0241765, 0.13394646), (-0.2358656, -1.0241765, 0.2703719), (-0.2358656, -0.8877511, 0.14394072), (-0.2358656, -0.8877511, 0.2703719), (-0.5277533, -1.0241765, 0.27385825), (-0.5277533, -1.0241765, 0.41613755), (-0.52775335, -0.8877511, 0.28232047), (-0.52775335, -0.8877511, 0.41028374), (-0.24022761, -1.0241765, 0.27385825), (-0.24022761, -1.0241765, 0.41028374), (-0.24022761, -0.8877511, 0.27385825), (-0.24022761, -0.8877511, 0.4170876), (0.22106683, -1.0241765, 0.14654177), (0.22106683, -1.0241765, 0.2703719), (0.22106683, -0.8877511, 0.14276385), (0.22106683, -0.8877511, 0.28203824), (0.32876512, -1.0241765, 0.13823408), (0.32876512, -1.0241765, 0.2703719), (0.32876512, -0.8877511, 0.13394646), (0.32876512, -0.8877511, 0.27974093), (0.23900269, -1.0241765, -0.0042548263), (0.23900269, -1.0241765, 0.12639363), (0.2390027, -0.8877511, -0.010213213), (0.2390027, -0.8877511, 0.1443768), (0.460461, -1.0241765, -0.010213213), (0.460461, -1.0241765, 0.12621228), (0.460461, -0.88775104, -0.010213213), (0.460461, -0.88775104, 0.13382706), (0.33982232, -1.0241765, 0.13394646), (0.33982232, -1.0241765, 0.2703719), (0.33982232, -0.8877511, 0.13728794), (0.33982232, -0.8877511, 0.2703719), (0.578583, -1.0241765, 0.13668998), (0.578583, -1.0241765, 0.2703719), (0.57858294, -0.8877511, 0.13394646), (0.57858294, -0.8877511, 0.2703719), (0.23900269, -1.0241765, 0.2836786), (0.23900269, -1.0241765, 0.41028374), (0.2390027, -0.8877511, 0.27385825), (0.2390027, -0.8877511, 0.41028374), (0.460461, -1.0241765, 0.27385825), (0.460461, -1.0241765, 0.41028374), (0.460461, -0.88775104, 0.27385825), (0.460461, -0.88775104, 0.41028374), (0.47151816, -1.0241765, -0.008303889), (0.47151816, -1.0241765, 0.13483512), (0.47151816, -0.88775104, 0.002391728), (0.47151816, -0.88775104, 0.12621228), (0.71027887, -1.0241765, -0.010213213), (0.71027887, -1.0241765, 0.12928745), (0.7102788, -0.8877511, -0.009487657), (0.7102788, -0.8877511, 0.12621228), (0.5896402, -1.0241765, 0.13394646), (0.5896402, -1.0241765, 0.2703719), (0.58964014, -0.8877511, 0.13394646), (0.58964014, -0.8877511, 0.28438017), (0.8284009, -1.0241765, 0.14335786), (0.8284009, -1.0241765, 0.27092013), (0.82840085, -0.88775104, 0.13983467), (0.82840085, -0.88775104, 0.2734769), (0.47151816, -1.0564406, 0.2763664), (0.47151816, -1.0564406, 0.4161138), (0.47151816, -0.88775104, 0.2819913), (0.47151816, -0.88775104, 0.41436338), (0.7102788, -1.0564406, 0.28574565), (0.7102788, -1.0564406, 0.41028374), (0.7102788, -0.8877511, 0.28177264), (0.7102788, -0.8877511, 0.41028374), (0.721336, -1.0468476, -0.0034731168), (0.721336, -1.0468476, 0.13184188), (0.721336, -0.8877511, -0.010213213), (0.721336, -0.8877511, 0.1303549), (0.96009666, -1.0468476, -0.010213213), (0.96009666, -1.0468476, 0.13061793), (0.9600967, -0.8877511, -0.008958804), (0.9600967, -0.8877511, 0.13241087), (0.83945805, -1.0241765, 0.13394646), (0.83945805, -1.0241765, 0.2703719), (0.839458, -0.92723715, 0.13394646), (0.839458, -0.92723715, 0.2703719), (1.0335481, -1.0241765, 0.13533205), (1.0335481, -1.0241765, 0.2703719), (1.0335482, -0.92723715, 0.13506271), (1.0335482, -0.92723715, 0.27230483), (0.72133607, -1.0241765, 0.27385825), (0.72133607, -1.0241765, 0.41028374), (0.721336, -0.8877511, 0.27950796), (0.721336, -0.8877511, 0.41593596), (0.9600967, -1.0241765, 0.27385825), (0.9600967, -1.0241765, 0.41028374), (0.9600967, -0.8877511, 0.27385825), (0.9600967, -0.8877511, 0.4133177), (-0.32720613, -1.0975559, 0.8957443), (-0.34034115, -1.09424, 0.9575753), (-0.32720613, -0.9588425, 0.8957443), (-0.32720613, -0.9588425, 0.9530804), (-0.20397644, -1.0269228, -0.008821489), (-0.27795988, -1.0240545, -0.0088214865), (-0.20397644, -0.906934, -0.008821488), (-0.27407166, -0.906934, -0.008821486), (-0.2137373, -1.0269228, 0.9310504), (-0.27407166, -1.0269228, 0.9310504), (-0.20397644, -0.90693414, 0.9310504), (-0.26786825, -0.9069341, 0.9310504), (0.3272062, -1.0975559, 0.8957443), (0.3403412, -1.09424, 0.9575754), (0.3272062, -0.9588425, 0.8957443), (0.3272062, -0.9588425, 0.9530804), (1.7292193e-8, -1.0975559, 0.9070284), (1.7292194e-8, -1.0975559, 0.9530804), (1.7292194e-8, -0.9588425, 0.8957443), (1.7292194e-8, -0.9588425, 0.9459089), (0.20397647, -1.0269228, -0.008821501), (0.27795994, -1.0240545, -0.008821503), (0.20397647, -0.906934, -0.0088215), (0.27407172, -0.906934, -0.008821502), (0.21373732, -1.0269228, 0.9310505), (0.27407172, -1.0269228, 0.9310505), (0.20397647, -0.90693414, 0.9310505), (0.2678683, -0.9069341, 0.9310505), (-0.9570277, -1, -0.0151929185), (-1, -0.9570277, -0.0151929185), (-1, 0.9570277, -0.0151929185), (-0.9570277, 1, -0.0151929185), (-1, -0.9570277, 2.495858), (-0.9570277, -1, 2.495858), (-0.9570277, 1, 2.495858), (-1, 0.9570277, 2.495858), (-0.24850857, -1, -0.0151929185), (-0.24850856, -1, 2.495858), (-1, 0.9570277, 0.9088054), (-1, -0.9570277, 0.9088054), (-0.9570277, -1, 0.9088054), (-0.9570277, 1, 0.9088054), (-0.24850856, -1, 0.9088054), (-0.24850857, -0.95789516, -0.0151929185), (-0.24850856, -0.9578951, 0.9088054), (-0.4846816, -1, -0.0151929185), (-0.72085464, -1, -0.0151929185), (-0.48468164, -1, 2.495858), (-0.72085464, -1, 2.495858), (-0.4846816, -1, 0.9088054), (-0.72085464, -1, 0.9088054), (0.9570277, -1, -0.0151929185), (1, -0.9570277, -0.0151929185), (1, 0.9570277, -0.0151929185), (0.9570277, 1, -0.0151929185), (1, -0.9570277, 2.495858), (0.9570277, -1, 2.495858), (0.9570277, 1, 2.495858), (1, 0.9570277, 2.495858), (0, -1, 2.495858), (0.24850857, -1, -0.0151929185), (0.24850856, -1, 2.495858), (0, 1, -0.0151929185), (0, 1, 2.495858), (1, 0.9570277, 0.9088054), (1, -0.9570277, 0.9088054), (0.9570277, -1, 0.9088054), (0.9570277, 1, 0.9088054), (0, -1, 0.9088054), (0.24850856, -1, 0.9088054), (-1.7763568e-15, 1, 0.9088054), (0, -0.9578951, 0.9088054), (4.440892e-16, -0.95789516, -0.0151929185), (0.24850857, -0.95789516, -0.0151929185), (0.24850856, -0.9578951, 0.9088054), (0.4846816, -1, -0.0151929185), (0.72085464, -1, -0.0151929185), (0.48468158, -1, 2.495858), (0.72085464, -1, 2.495858), (0.4846816, -1, 0.9088054), (0.72085464, -1, 0.9088054), (-0.59916043, -1.0183977, 0.8468417), (-0.5991604, -1.0183977, 0.5387902), (-0.5991604, -1.0183977, 0.72637236), (-0.5991604, -1.003754, 0.72637236), (-0.71490806, -1.0183977, 0.72637236), (-0.59916043, -1.0183977, 0.74185324), (-0.59916043, -1.003754, 0.74185324), (-0.7149081, -1.003754, 0.74185324), (-0.7149081, -1.0183977, 0.74185324), (-0.71490806, -1.003754, 0.72637236), (-0.5991604, -1.003754, 0.5387902), (-0.71490806, -1.003754, 0.5508989), (-0.7149081, -1.003754, 0.8347329), (-0.59916043, -1.003754, 0.8468417), (-0.5863404, -1.0183977, 0.53744924), (-0.5863405, -1.0183977, 0.8481828), (-0.57352054, -1.0183977, 0.8468417), (-0.5735205, -1.0183977, 0.5387902), (-0.5735204, -1.0183977, 0.72637236), (-0.5863404, -1.0183977, 0.72637236), (-0.5735204, -1.003754, 0.72637236), (-0.4577728, -1.0183977, 0.72637236), (-0.5735205, -1.0183977, 0.74185324), (-0.5735205, -1.003754, 0.74185324), (-0.5863405, -1.0183977, 0.74185324), (-0.4577728, -1.003754, 0.74185324), (-0.4577728, -1.0183977, 0.74185324), (-0.4577728, -1.003754, 0.72637236), (-0.5735205, -1.003754, 0.5387902), (-0.4577728, -1.003754, 0.5508989), (-0.4577728, -1.003754, 0.8347329), (-0.57352054, -1.003754, 0.8468417), (-0.71012807, -1.0232373, 0.55603933), (-0.7101281, -1.0232373, 0.83409226), (-0.5986839, -1.0232373, 0.8460289), (-0.59868383, -1.0232373, 0.5441028), (-0.71012807, -1.0232373, 0.72727203), (-0.7101281, -1.0232373, 0.7425326), (-0.7377071, -1.0232373, 0.5360892), (-0.73770714, -1.0232373, 0.85404253), (-0.61517173, -1.0232373, 0.8671669), (-0.6151717, -1.0232373, 0.5229647), (-0.73770714, -1.0232373, 0.7365911), (-0.73770714, -1.0232373, 0.75337076), (-0.7377071, -0.96680284, 0.5360892), (-0.73770714, -0.96680284, 0.85404253), (-0.61517173, -0.96680284, 0.8671669), (-0.6151717, -0.96680284, 0.5229647), (-0.73770714, -0.96680284, 0.7365911), (-0.73770714, -0.96680284, 0.75337076), (-0.71012807, -1.0040736, 0.55603933), (-0.7101281, -1.0040736, 0.83409226), (-0.5986839, -1.0040736, 0.8460289), (-0.59868383, -1.0040736, 0.5441028), (-0.71012807, -1.0040736, 0.72727203), (-0.7101281, -1.0040736, 0.7425326), (-0.46255302, -1.0232373, 0.55603933), (-0.46255302, -1.0232373, 0.83409226), (-0.58634055, -1.0232373, 0.54278076), (-0.5863406, -1.0232373, 0.84735084), (-0.57399726, -1.0232373, 0.8460289), (-0.5739972, -1.0232373, 0.5441028), (-0.46255302, -1.0232373, 0.72727203), (-0.46255302, -1.0232373, 0.7425326), (-0.43497396, -1.0232373, 0.5360892), (-0.43497396, -1.0232373, 0.85404253), (-0.58634055, -1.0232373, 0.52151096), (-0.5863406, -1.0232373, 0.86862063), (-0.55750936, -1.0232373, 0.8671669), (-0.5575093, -1.0232373, 0.5229647), (-0.43497396, -1.0232373, 0.7365911), (-0.43497396, -1.0232373, 0.75337076), (-0.43497396, -0.96680284, 0.5360892), (-0.43497396, -0.96680284, 0.85404253), (-0.58634055, -0.96680284, 0.52151096), (-0.5863406, -0.96680284, 0.86862063), (-0.55750936, -0.96680284, 0.8671669), (-0.5575093, -0.96680284, 0.5229647), (-0.43497396, -0.96680284, 0.7365911), (-0.43497396, -0.96680284, 0.75337076), (-0.46255302, -1.0040736, 0.55603933), (-0.46255302, -1.0040736, 0.83409226), (-0.58634055, -1.0040736, 0.54278076), (-0.5863406, -1.0040736, 0.84735084), (-0.57399726, -1.0040736, 0.8460289), (-0.5739972, -1.0040736, 0.5441028), (-0.46255302, -1.0040736, 0.72727203), (-0.46255302, -1.0040736, 0.7425326), (-0.71012807, -1.0232375, 1.6190283), (-0.71012807, -1.0232375, 2.0199487), (-0.59868383, -1.0232375, 2.0318856), (-0.59868383, -1.0232375, 1.6070919), (-0.71012807, -1.0232375, 1.9131285), (-0.71012807, -1.0232375, 1.928389), (-0.71012807, -1.0232375, 1.7448632), (-0.71012807, -1.0232375, 1.7291766), (-0.7377071, -1.0232375, 1.5990784), (-0.7377071, -1.0232375, 2.039899), (-0.61517173, -1.0232375, 2.0530233), (-0.61517173, -1.0232375, 1.5859541), (-0.7377071, -1.0232375, 1.9224473), (-0.7377071, -1.0232375, 1.9392273), (-0.7377071, -1.0232375, 1.7374362), (-0.7377071, -1.0232375, 1.7201885), (-0.7377071, -0.96680284, 1.5990784), (-0.7377071, -0.96680284, 2.039899), (-0.61517173, -0.96680284, 2.0530233), (-0.61517173, -0.96680284, 1.5859541), (-0.7377071, -0.96680284, 1.9224473), (-0.7377071, -0.96680284, 1.9392273), (-0.7377071, -0.96680284, 1.7374362), (-0.7377071, -0.96680284, 1.7201885), (-0.71012807, -1.0040736, 1.6190283), (-0.71012807, -1.0040736, 2.0199487), (-0.59868383, -1.0040736, 2.0318856), (-0.59868383, -1.0040736, 1.6070919), (-0.71012807, -1.0040736, 1.9131285), (-0.71012807, -1.0040736, 1.928389), (-0.71012807, -1.0040736, 1.7448632), (-0.71012807, -1.0040736, 1.7291766), (-0.46255302, -1.0232375, 1.6190283), (-0.46255302, -1.0232375, 2.0199487), (-0.58634055, -1.0232375, 1.6057699), (-0.58634055, -1.0232375, 2.0332074), (-0.57399726, -1.0232375, 2.0318856), (-0.57399726, -1.0232375, 1.6070919), (-0.46255302, -1.0232375, 1.9131285), (-0.46255302, -1.0232375, 1.928389), (-0.46255302, -1.0232375, 1.7448632), (-0.46255302, -1.0232375, 1.7291766), (-0.43497396, -1.0232375, 1.5990784), (-0.43497396, -1.0232375, 2.039899), (-0.58634055, -1.0232375, 1.5845003), (-0.58634055, -1.0232375, 2.054477), (-0.5575093, -1.0232375, 2.0530233), (-0.5575093, -1.0232375, 1.5859541), (-0.43497396, -1.0232375, 1.9224473), (-0.43497396, -1.0232375, 1.9392273), (-0.43497396, -1.0232375, 1.7374362), (-0.43497396, -1.0232375, 1.7201885), (-0.43497396, -0.96680284, 1.5990784), (-0.43497396, -0.96680284, 2.039899), (-0.58634055, -0.96680284, 1.5845003), (-0.58634055, -0.96680284, 2.054477), (-0.5575093, -0.96680284, 2.0530233), (-0.5575093, -0.96680284, 1.5859541), (-0.43497396, -0.96680284, 1.9224473), (-0.43497396, -0.96680284, 1.9392273), (-0.43497396, -0.96680284, 1.7374362), (-0.43497396, -0.96680284, 1.7201885), (-0.46255302, -1.0040736, 1.6190283), (-0.46255302, -1.0040736, 2.0199487), (-0.58634055, -1.0040736, 1.6057699), (-0.58634055, -1.0040736, 2.0332074), (-0.57399726, -1.0040736, 2.0318856), (-0.57399726, -1.0040736, 1.6070919), (-0.46255302, -1.0040736, 1.9131285), (-0.46255302, -1.0040736, 1.928389), (-0.46255302, -1.0040736, 1.7448632), (-0.46255302, -1.0040736, 1.7291766), (-0.5991604, -1.018343, 2.0344384), (-0.5991604, -1.018343, 1.6035199), (-0.5991604, -1.018343, 1.9139689), (-0.71490806, -1.0036994, 1.7273649), (-0.5991604, -1.0036994, 1.7432774), (-0.5991604, -1.0036994, 1.9139689), (-0.71490806, -1.018343, 1.9139689), (-0.5991604, -1.018343, 1.9294499), (-0.5991604, -1.0036994, 1.7273649), (-0.5991604, -1.0036994, 1.9294499), (-0.71490806, -1.0036994, 1.9294499), (-0.71490806, -1.018343, 1.9294499), (-0.71490806, -1.018343, 1.7432774), (-0.71490806, -1.0036994, 1.9139689), (-0.71490806, -1.0036994, 1.7432774), (-0.5991604, -1.0036994, 1.6035199), (-0.5991604, -1.018343, 1.7432774), (-0.71490806, -1.0036994, 1.6156285), (-0.71490806, -1.0036994, 2.0223296), (-0.5991604, -1.0036994, 2.0344384), (-0.5991604, -1.018343, 1.7273649), (-0.71490806, -1.018343, 1.7273649), (-0.5863404, -1.018343, 1.6021787), (-0.5863404, -1.018343, 2.0357795), (-0.5735205, -1.018343, 2.0344384), (-0.5735205, -1.018343, 1.6035199), (-0.5735204, -1.018343, 1.9139689), (-0.4577728, -1.0036994, 1.7273649), (-0.5735204, -1.0036994, 1.7432774), (-0.5863404, -1.018343, 1.9139689), (-0.5735204, -1.0036994, 1.9139689), (-0.4577728, -1.018343, 1.9139689), (-0.5735204, -1.018343, 1.9294499), (-0.5735204, -1.0036994, 1.7273649), (-0.5735204, -1.0036994, 1.9294499), (-0.5863404, -1.018343, 1.9294499), (-0.4577728, -1.0036994, 1.9294499), (-0.4577728, -1.018343, 1.9294499), (-0.4577728, -1.018343, 1.7432774), (-0.4577728, -1.0036994, 1.9139689), (-0.5863404, -1.018343, 1.7432774), (-0.4577728, -1.0036994, 1.7432774), (-0.5735205, -1.0036994, 1.6035199), (-0.5735204, -1.018343, 1.7432774), (-0.4577728, -1.0036994, 1.6156285), (-0.5863404, -1.018343, 1.7273649), (-0.4577728, -1.0036994, 2.0223296), (-0.5735205, -1.0036994, 2.0344384), (-0.5735204, -1.018343, 1.7273649), (-0.4577728, -1.018343, 1.7273649), (0.5991603, -1.0183977, 0.8468417), (0.5991604, -1.0183977, 0.5387902), (0.5991604, -1.0183977, 0.72637236), (0.5991604, -1.003754, 0.72637236), (0.71490806, -1.0183977, 0.72637236), (0.5991603, -1.0183977, 0.74185324), (0.5991603, -1.003754, 0.74185324), (0.714908, -1.003754, 0.74185324), (0.714908, -1.0183977, 0.74185324), (0.71490806, -1.003754, 0.72637236), (0.5991604, -1.003754, 0.5387902), (0.71490806, -1.003754, 0.5508989), (0.714908, -1.003754, 0.8347329), (0.5991603, -1.003754, 0.8468417), (0.5863404, -1.0183977, 0.53744924), (0.58634037, -1.0183977, 0.8481828), (0.5735204, -1.0183977, 0.8468417), (0.5735205, -1.0183977, 0.5387902), (0.5735204, -1.0183977, 0.72637236), (0.5863404, -1.0183977, 0.72637236), (0.5735204, -1.003754, 0.72637236), (0.4577728, -1.0183977, 0.72637236), (0.57352036, -1.0183977, 0.74185324), (0.57352036, -1.003754, 0.74185324), (0.58634037, -1.0183977, 0.74185324), (0.4577728, -1.003754, 0.74185324), (0.4577728, -1.0183977, 0.74185324), (0.4577728, -1.003754, 0.72637236), (0.5735205, -1.003754, 0.5387902), (0.4577728, -1.003754, 0.5508989), (0.4577728, -1.003754, 0.8347329), (0.5735204, -1.003754, 0.8468417), (0.71012807, -1.0232373, 0.55603933), (0.710128, -1.0232373, 0.83409226), (0.5986838, -1.0232373, 0.8460289), (0.59868383, -1.0232373, 0.5441028), (0.71012807, -1.0232373, 0.72727203), (0.710128, -1.0232373, 0.7425326), (0.7377071, -1.0232373, 0.5360892), (0.737707, -1.0232373, 0.85404253), (0.6151716, -1.0232373, 0.8671669), (0.6151717, -1.0232373, 0.5229647), (0.737707, -1.0232373, 0.7365911), (0.737707, -1.0232373, 0.75337076), (0.7377071, -0.96680284, 0.5360892), (0.737707, -0.96680284, 0.85404253), (0.6151716, -0.96680284, 0.8671669), (0.6151717, -0.96680284, 0.5229647), (0.737707, -0.96680284, 0.7365911), (0.737707, -0.96680284, 0.75337076), (0.71012807, -1.0040736, 0.55603933), (0.710128, -1.0040736, 0.83409226), (0.5986838, -1.0040736, 0.8460289), (0.59868383, -1.0040736, 0.5441028), (0.71012807, -1.0040736, 0.72727203), (0.710128, -1.0040736, 0.7425326), (0.46255302, -1.0232373, 0.55603933), (0.46255302, -1.0232373, 0.83409226), (0.58634055, -1.0232373, 0.54278076), (0.5863405, -1.0232373, 0.84735084), (0.57399714, -1.0232373, 0.8460289), (0.5739972, -1.0232373, 0.5441028), (0.46255302, -1.0232373, 0.72727203), (0.46255302, -1.0232373, 0.7425326), (0.43497396, -1.0232373, 0.5360892), (0.43497396, -1.0232373, 0.85404253), (0.58634055, -1.0232373, 0.52151096), (0.5863405, -1.0232373, 0.86862063), (0.55750924, -1.0232373, 0.8671669), (0.5575093, -1.0232373, 0.5229647), (0.43497396, -1.0232373, 0.7365911), (0.43497396, -1.0232373, 0.75337076), (0.43497396, -0.96680284, 0.5360892), (0.43497396, -0.96680284, 0.85404253), (0.58634055, -0.96680284, 0.52151096), (0.5863405, -0.96680284, 0.86862063), (0.55750924, -0.96680284, 0.8671669), (0.5575093, -0.96680284, 0.5229647), (0.43497396, -0.96680284, 0.7365911), (0.43497396, -0.96680284, 0.75337076), (0.46255302, -1.0040736, 0.55603933), (0.46255302, -1.0040736, 0.83409226), (0.58634055, -1.0040736, 0.54278076), (0.5863405, -1.0040736, 0.84735084), (0.57399714, -1.0040736, 0.8460289), (0.5739972, -1.0040736, 0.5441028), (0.46255302, -1.0040736, 0.72727203), (0.46255302, -1.0040736, 0.7425326), (0.71012807, -1.0232375, 1.6190283), (0.71012807, -1.0232375, 2.0199487), (0.59868383, -1.0232375, 2.0318856), (0.59868383, -1.0232375, 1.6070919), (0.71012807, -1.0232375, 1.9131285), (0.71012807, -1.0232375, 1.928389), (0.71012807, -1.0232375, 1.7448632), (0.71012807, -1.0232375, 1.7291766), (0.7377071, -1.0232375, 1.5990784), (0.7377071, -1.0232375, 2.039899), (0.61517173, -1.0232375, 2.0530233), (0.61517173, -1.0232375, 1.5859541), (0.7377071, -1.0232375, 1.9224473), (0.7377071, -1.0232375, 1.9392273), (0.7377071, -1.0232375, 1.7374362), (0.7377071, -1.0232375, 1.7201885), (0.7377071, -0.96680284, 1.5990784), (0.7377071, -0.96680284, 2.039899), (0.61517173, -0.96680284, 2.0530233), (0.61517173, -0.96680284, 1.5859541), (0.7377071, -0.96680284, 1.9224473), (0.7377071, -0.96680284, 1.9392273), (0.7377071, -0.96680284, 1.7374362), (0.7377071, -0.96680284, 1.7201885), (0.71012807, -1.0040736, 1.6190283), (0.71012807, -1.0040736, 2.0199487), (0.59868383, -1.0040736, 2.0318856), (0.59868383, -1.0040736, 1.6070919), (0.71012807, -1.0040736, 1.9131285), (0.71012807, -1.0040736, 1.928389), (0.71012807, -1.0040736, 1.7448632), (0.71012807, -1.0040736, 1.7291766), (0.46255302, -1.0232375, 1.6190283), (0.46255302, -1.0232375, 2.0199487), (0.58634055, -1.0232375, 1.6057699), (0.58634055, -1.0232375, 2.0332074), (0.57399726, -1.0232375, 2.0318856), (0.57399726, -1.0232375, 1.6070919), (0.46255302, -1.0232375, 1.9131285), (0.46255302, -1.0232375, 1.928389), (0.46255302, -1.0232375, 1.7448632), (0.46255302, -1.0232375, 1.7291766), (0.43497396, -1.0232375, 1.5990784), (0.43497396, -1.0232375, 2.039899), (0.58634055, -1.0232375, 1.5845003), (0.58634055, -1.0232375, 2.054477), (0.5575093, -1.0232375, 2.0530233), (0.5575093, -1.0232375, 1.5859541), (0.43497396, -1.0232375, 1.9224473), (0.43497396, -1.0232375, 1.9392273), (0.43497396, -1.0232375, 1.7374362), (0.43497396, -1.0232375, 1.7201885), (0.43497396, -0.96680284, 1.5990784), (0.43497396, -0.96680284, 2.039899), (0.58634055, -0.96680284, 1.5845003), (0.58634055, -0.96680284, 2.054477), (0.5575093, -0.96680284, 2.0530233), (0.5575093, -0.96680284, 1.5859541), (0.43497396, -0.96680284, 1.9224473), (0.43497396, -0.96680284, 1.9392273), (0.43497396, -0.96680284, 1.7374362), (0.43497396, -0.96680284, 1.7201885), (0.46255302, -1.0040736, 1.6190283), (0.46255302, -1.0040736, 2.0199487), (0.58634055, -1.0040736, 1.6057699), (0.58634055, -1.0040736, 2.0332074), (0.57399726, -1.0040736, 2.0318856), (0.57399726, -1.0040736, 1.6070919), (0.46255302, -1.0040736, 1.9131285), (0.46255302, -1.0040736, 1.928389), (0.46255302, -1.0040736, 1.7448632), (0.46255302, -1.0040736, 1.7291766), (0.5991604, -1.018343, 2.0344384), (0.5991604, -1.018343, 1.6035199), (0.5991604, -1.018343, 1.9139689), (0.71490806, -1.0036994, 1.7273649), (0.5991604, -1.0036994, 1.7432774), (0.5991604, -1.0036994, 1.9139689), (0.71490806, -1.018343, 1.9139689), (0.5991604, -1.018343, 1.9294499), (0.5991604, -1.0036994, 1.7273649), (0.5991604, -1.0036994, 1.9294499), (0.71490806, -1.0036994, 1.9294499), (0.71490806, -1.018343, 1.9294499), (0.71490806, -1.018343, 1.7432774), (0.71490806, -1.0036994, 1.9139689), (0.71490806, -1.0036994, 1.7432774), (0.5991604, -1.0036994, 1.6035199), (0.5991604, -1.018343, 1.7432774), (0.71490806, -1.0036994, 1.6156285), (0.71490806, -1.0036994, 2.0223296), (0.5991604, -1.0036994, 2.0344384), (0.5991604, -1.018343, 1.7273649), (0.71490806, -1.018343, 1.7273649), (0.5863404, -1.018343, 1.6021787), (0.5863404, -1.018343, 2.0357795), (0.5735205, -1.018343, 2.0344384), (0.5735205, -1.018343, 1.6035199), (0.5735204, -1.018343, 1.9139689), (0.4577728, -1.0036994, 1.7273649), (0.5735204, -1.0036994, 1.7432774), (0.5863404, -1.018343, 1.9139689), (0.5735204, -1.0036994, 1.9139689), (0.4577728, -1.018343, 1.9139689), (0.5735204, -1.018343, 1.9294499), (0.5735204, -1.0036994, 1.7273649), (0.5735204, -1.0036994, 1.9294499), (0.5863404, -1.018343, 1.9294499), (0.4577728, -1.0036994, 1.9294499), (0.4577728, -1.018343, 1.9294499), (0.4577728, -1.018343, 1.7432774), (0.4577728, -1.0036994, 1.9139689), (0.5863404, -1.018343, 1.7432774), (0.4577728, -1.0036994, 1.7432774), (0.5735205, -1.0036994, 1.6035199), (0.5735204, -1.018343, 1.7432774), (0.4577728, -1.0036994, 1.6156285), (0.5863404, -1.018343, 1.7273649), (0.4577728, -1.0036994, 2.0223296), (0.5735205, -1.0036994, 2.0344384), (0.5735204, -1.018343, 1.7273649), (0.4577728, -1.018343, 1.7273649), (1.0770173, -0.9355825, 1.3120037), (0.98757005, -0.9355825, 1.3120037), (1.0770173, -0.83310246, 1.3120037), (0.98757005, -0.83310246, 1.3120037), (1.0187857, -0.9355825, 1.15069), (0.98757005, -0.9355825, 1.15069), (0.98757005, -0.83310246, 1.15069), (1.0187857, -0.83310246, 1.15069), (1.0770173, -0.83310246, 1.256277), (1.0770173, -0.9355825, 1.256277), (0.98757005, -0.9355825, 1.256277), (0.98757005, -0.83310246, 1.256277), (1.0305727, -0.83310246, 1.213804), (0.98757005, -0.9355825, 1.213804), (1.0305727, -0.9355825, 1.213804), (0.98757005, -0.83310246, 1.213804), (1.0453087, -0.9355825, 1.2350404), (0.98757005, -0.83310246, 1.2350404), (1.0453087, -0.83310246, 1.2350404), (0.98757005, -0.9355825, 1.2350404), (1.0770173, -0.6486384, 1.3120037), (0.98757005, -0.6486384, 1.3120037), (1.0770173, -0.5461584, 1.3120037), (0.98757005, -0.5461584, 1.3120037), (1.0187857, -0.6486384, 1.15069), (0.98757005, -0.6486384, 1.15069), (0.98757005, -0.5461584, 1.15069), (1.0187857, -0.5461584, 1.15069), (1.0770173, -0.5461584, 1.256277), (1.0770173, -0.6486384, 1.256277), (0.98757005, -0.6486384, 1.256277), (0.98757005, -0.5461584, 1.256277), (1.0305727, -0.5461584, 1.213804), (0.98757005, -0.6486384, 1.213804), (1.0305727, -0.6486384, 1.213804), (0.98757005, -0.5461584, 1.213804), (1.0453087, -0.6486384, 1.2350404), (0.98757005, -0.5461584, 1.2350404), (1.0453087, -0.5461584, 1.2350404), (0.98757005, -0.6486384, 1.2350404), (1.0770173, -0.36169428, 1.3120037), (0.98757005, -0.36169428, 1.3120037), (1.0770173, -0.25921422, 1.3120037), (0.98757005, -0.25921422, 1.3120037), (1.0187857, -0.36169428, 1.15069), (0.98757005, -0.36169428, 1.15069), (0.98757005, -0.25921422, 1.15069), (1.0187857, -0.25921422, 1.15069), (1.0770173, -0.25921422, 1.256277), (1.0770173, -0.36169428, 1.256277), (0.98757005, -0.36169428, 1.256277), (0.98757005, -0.25921422, 1.256277), (1.0305727, -0.25921422, 1.213804), (0.98757005, -0.36169428, 1.213804), (1.0305727, -0.36169428, 1.213804), (0.98757005, -0.25921422, 1.213804), (1.0453087, -0.36169428, 1.2350404), (0.98757005, -0.25921422, 1.2350404), (1.0453087, -0.25921422, 1.2350404), (0.98757005, -0.36169428, 1.2350404), (1.0770173, -0.07475015, 1.3120037), (0.98757005, -0.07475015, 1.3120037), (1.0770173, 0.027729906, 1.3120037), (0.98757005, 0.027729908, 1.3120037), (1.0187857, -0.07475015, 1.15069), (0.98757005, -0.07475015, 1.15069), (0.98757005, 0.027729908, 1.15069), (1.0187857, 0.027729906, 1.15069), (1.0770173, 0.027729906, 1.256277), (1.0770173, -0.07475015, 1.256277), (0.98757005, -0.07475015, 1.256277), (0.98757005, 0.027729908, 1.256277), (1.0305727, 0.027729906, 1.213804), (0.98757005, -0.07475015, 1.213804), (1.0305727, -0.07475015, 1.213804), (0.98757005, 0.027729908, 1.213804), (1.0453087, -0.07475015, 1.2350404), (0.98757005, 0.027729908, 1.2350404), (1.0453087, 0.027729906, 1.2350404), (0.98757005, -0.07475015, 1.2350404), (1.0770173, 0.21219397, 1.3120037), (0.98757005, 0.21219397, 1.3120037), (1.0770173, 0.31467402, 1.3120037), (0.98757005, 0.31467402, 1.3120037), (1.0187857, 0.21219397, 1.15069), (0.98757005, 0.21219397, 1.15069), (0.98757005, 0.31467402, 1.15069), (1.0187857, 0.31467402, 1.15069), (1.0770173, 0.31467402, 1.256277), (1.0770173, 0.21219397, 1.256277), (0.98757005, 0.21219397, 1.256277), (0.98757005, 0.31467402, 1.256277), (1.0305727, 0.31467402, 1.213804), (0.98757005, 0.21219397, 1.213804), (1.0305727, 0.21219397, 1.213804), (0.98757005, 0.31467402, 1.213804), (1.0453087, 0.21219397, 1.2350404), (0.98757005, 0.31467402, 1.2350404), (1.0453087, 0.31467402, 1.2350404), (0.98757005, 0.21219397, 1.2350404), (1.0770173, 0.4991381, 1.3120037), (0.98757005, 0.4991381, 1.3120037), (1.0770173, 0.6016181, 1.3120037), (0.98757005, 0.6016181, 1.3120037), (1.0187857, 0.4991381, 1.15069), (0.98757005, 0.4991381, 1.15069), (0.98757005, 0.6016181, 1.15069), (1.0187857, 0.6016181, 1.15069), (1.0770173, 0.6016181, 1.256277), (1.0770173, 0.4991381, 1.256277), (0.98757005, 0.4991381, 1.256277), (0.98757005, 0.6016181, 1.256277), (1.0305727, 0.6016181, 1.213804), (0.98757005, 0.4991381, 1.213804), (1.0305727, 0.4991381, 1.213804), (0.98757005, 0.6016181, 1.213804), (1.0453087, 0.4991381, 1.2350404), (0.98757005, 0.6016181, 1.2350404), (1.0453087, 0.6016181, 1.2350404), (0.98757005, 0.4991381, 1.2350404), (1.0770173, 0.78608227, 1.3120037), (0.98757005, 0.78608227, 1.3120037), (1.0770173, 0.8885623, 1.3120037), (0.98757005, 0.8885623, 1.3120037), (1.0187857, 0.78608227, 1.15069), (0.98757005, 0.78608227, 1.15069), (0.98757005, 0.8885623, 1.15069), (1.0187857, 0.8885623, 1.15069), (1.0770173, 0.8885623, 1.256277), (1.0770173, 0.78608227, 1.256277), (0.98757005, 0.78608227, 1.256277), (0.98757005, 0.8885623, 1.256277), (1.0305727, 0.8885623, 1.213804), (0.98757005, 0.78608227, 1.213804), (1.0305727, 0.78608227, 1.213804), (0.98757005, 0.8885623, 1.213804), (1.0453087, 0.78608227, 1.2350404), (0.98757005, 0.8885623, 1.2350404), (1.0453087, 0.8885623, 1.2350404), (0.98757005, 0.78608227, 1.2350404), (0.91356164, 1.0704612, 1.312004), (0.91356164, 0.98101383, 1.312004), (0.8110816, 1.0704612, 1.312004), (0.8110816, 0.98101383, 1.312004), (0.91356164, 1.0122294, 1.1506901), (0.91356164, 0.98101383, 1.1506901), (0.8110816, 0.98101383, 1.1506901), (0.8110816, 1.0122294, 1.1506901), (0.8110816, 1.0704612, 1.2562772), (0.91356164, 1.0704612, 1.2562772), (0.91356164, 0.98101383, 1.2562772), (0.8110816, 0.98101383, 1.2562772), (0.8110816, 1.0240165, 1.2138044), (0.91356164, 0.98101383, 1.2138044), (0.91356164, 1.0240165, 1.2138044), (0.8110816, 0.98101383, 1.2138044), (0.91356164, 1.0387526, 1.2350407), (0.8110816, 0.98101383, 1.2350407), (0.8110816, 1.0387526, 1.2350407), (0.91356164, 0.98101383, 1.2350407), (0.6266175, 1.0704612, 1.312004), (0.6266175, 0.98101383, 1.312004), (0.52413744, 1.0704612, 1.312004), (0.52413744, 0.98101383, 1.312004), (0.6266175, 1.0122294, 1.1506901), (0.6266175, 0.98101383, 1.1506901), (0.52413744, 0.98101383, 1.1506901), (0.52413744, 1.0122294, 1.1506901), (0.52413744, 1.0704612, 1.2562772), (0.6266175, 1.0704612, 1.2562772), (0.6266175, 0.98101383, 1.2562772), (0.52413744, 0.98101383, 1.2562772), (0.52413744, 1.0240165, 1.2138044), (0.6266175, 0.98101383, 1.2138044), (0.6266175, 1.0240165, 1.2138044), (0.52413744, 0.98101383, 1.2138044), (0.6266175, 1.0387526, 1.2350407), (0.52413744, 0.98101383, 1.2350407), (0.52413744, 1.0387526, 1.2350407), (0.6266175, 0.98101383, 1.2350407), (0.33967337, 1.0704612, 1.312004), (0.33967337, 0.98101383, 1.312004), (0.23719335, 1.0704612, 1.312004), (0.23719335, 0.98101383, 1.312004), (0.33967337, 1.0122294, 1.1506901), (0.33967337, 0.98101383, 1.1506901), (0.23719335, 0.98101383, 1.1506901), (0.23719335, 1.0122294, 1.1506901), (0.23719335, 1.0704612, 1.2562772), (0.33967337, 1.0704612, 1.2562772), (0.33967337, 0.98101383, 1.2562772), (0.23719335, 0.98101383, 1.2562772), (0.23719335, 1.0240165, 1.2138044), (0.33967337, 0.98101383, 1.2138044), (0.33967337, 1.0240165, 1.2138044), (0.23719335, 0.98101383, 1.2138044), (0.33967337, 1.0387526, 1.2350407), (0.23719335, 0.98101383, 1.2350407), (0.23719335, 1.0387526, 1.2350407), (0.33967337, 0.98101383, 1.2350407), (0.052729234, 1.0704612, 1.312004), (0.05272924, 0.98101383, 1.312004), (-0.04975082, 1.0704612, 1.312004), (-0.049750816, 0.98101383, 1.312004), (0.05272924, 1.0122294, 1.1506901), (0.05272924, 0.98101383, 1.1506901), (-0.049750816, 0.98101383, 1.1506901), (-0.049750816, 1.0122294, 1.1506901), (-0.04975082, 1.0704612, 1.2562772), (0.052729234, 1.0704612, 1.2562772), (0.05272924, 0.98101383, 1.2562772), (-0.049750816, 0.98101383, 1.2562772), (-0.049750816, 1.0240165, 1.2138044), (0.05272924, 0.98101383, 1.2138044), (0.05272924, 1.0240165, 1.2138044), (-0.049750816, 0.98101383, 1.2138044), (0.052729234, 1.0387526, 1.2350407), (-0.049750816, 0.98101383, 1.2350407), (-0.049750816, 1.0387526, 1.2350407), (0.05272924, 0.98101383, 1.2350407), (-0.23421486, 1.0704612, 1.312004), (-0.23421486, 0.98101383, 1.312004), (-0.33669493, 1.0704612, 1.312004), (-0.33669493, 0.98101383, 1.312004), (-0.23421486, 1.0122294, 1.1506901), (-0.23421486, 0.98101383, 1.1506901), (-0.33669493, 0.98101383, 1.1506901), (-0.33669493, 1.0122294, 1.1506901), (-0.33669493, 1.0704612, 1.2562772), (-0.23421486, 1.0704612, 1.2562772), (-0.23421486, 0.98101383, 1.2562772), (-0.33669493, 0.98101383, 1.2562772), (-0.33669493, 1.0240165, 1.2138044), (-0.23421486, 0.98101383, 1.2138044), (-0.23421486, 1.0240165, 1.2138044), (-0.33669493, 0.98101383, 1.2138044), (-0.23421486, 1.0387526, 1.2350407), (-0.33669493, 0.98101383, 1.2350407), (-0.33669493, 1.0387526, 1.2350407), (-0.23421486, 0.98101383, 1.2350407), (-0.521159, 1.0704612, 1.312004), (-0.521159, 0.98101383, 1.312004), (-0.62363905, 1.0704612, 1.312004), (-0.62363905, 0.98101383, 1.312004), (-0.521159, 1.0122294, 1.1506901), (-0.521159, 0.98101383, 1.1506901), (-0.62363905, 0.98101383, 1.1506901), (-0.62363905, 1.0122294, 1.1506901), (-0.62363905, 1.0704612, 1.2562772), (-0.521159, 1.0704612, 1.2562772), (-0.521159, 0.98101383, 1.2562772), (-0.62363905, 0.98101383, 1.2562772), (-0.62363905, 1.0240165, 1.2138044), (-0.521159, 0.98101383, 1.2138044), (-0.521159, 1.0240165, 1.2138044), (-0.62363905, 0.98101383, 1.2138044), (-0.521159, 1.0387526, 1.2350407), (-0.62363905, 0.98101383, 1.2350407), (-0.62363905, 1.0387526, 1.2350407), (-0.521159, 0.98101383, 1.2350407), (-0.80810314, 1.0704612, 1.312004), (-0.80810314, 0.98101383, 1.312004), (-0.9105832, 1.0704612, 1.312004), (-0.9105832, 0.98101383, 1.312004), (-0.80810314, 1.0122294, 1.1506901), (-0.80810314, 0.98101383, 1.1506901), (-0.9105832, 0.98101383, 1.1506901), (-0.9105832, 1.0122294, 1.1506901), (-0.9105832, 1.0704612, 1.2562772), (-0.80810314, 1.0704612, 1.2562772), (-0.80810314, 0.98101383, 1.2562772), (-0.9105832, 0.98101383, 1.2562772), (-0.9105832, 1.0240165, 1.2138044), (-0.80810314, 0.98101383, 1.2138044), (-0.80810314, 1.0240165, 1.2138044), (-0.9105832, 0.98101383, 1.2138044), (-0.80810314, 1.0387526, 1.2350407), (-0.9105832, 0.98101383, 1.2350407), (-0.9105832, 1.0387526, 1.2350407), (-0.80810314, 0.98101383, 1.2350407), (0.91356164, 1.0704612, 2.4892764), (0.91356164, 0.98101383, 2.4892764), (0.8110816, 1.0704612, 2.4892764), (0.8110816, 0.98101383, 2.4892764), (0.91356164, 1.0122294, 2.3279626), (0.91356164, 0.98101383, 2.3279626), (0.8110816, 0.98101383, 2.3279626), (0.8110816, 1.0122294, 2.3279626), (0.8110816, 1.0704612, 2.4335496), (0.91356164, 1.0704612, 2.4335496), (0.91356164, 0.98101383, 2.4335496), (0.8110816, 0.98101383, 2.4335496), (0.8110816, 1.0240165, 2.3910768), (0.91356164, 0.98101383, 2.3910768), (0.91356164, 1.0240165, 2.3910768), (0.8110816, 0.98101383, 2.3910768), (0.91356164, 1.0387526, 2.412313), (0.8110816, 0.98101383, 2.412313), (0.8110816, 1.0387526, 2.412313), (0.91356164, 0.98101383, 2.412313), (0.6266175, 1.0704612, 2.4892764), (0.6266175, 0.98101383, 2.4892764), (0.52413744, 1.0704612, 2.4892764), (0.52413744, 0.98101383, 2.4892764), (0.6266175, 1.0122294, 2.3279626), (0.6266175, 0.98101383, 2.3279626), (0.52413744, 0.98101383, 2.3279626), (0.52413744, 1.0122294, 2.3279626), (0.52413744, 1.0704612, 2.4335496), (0.6266175, 1.0704612, 2.4335496), (0.6266175, 0.98101383, 2.4335496), (0.52413744, 0.98101383, 2.4335496), (0.52413744, 1.0240165, 2.3910768), (0.6266175, 0.98101383, 2.3910768), (0.6266175, 1.0240165, 2.3910768), (0.52413744, 0.98101383, 2.3910768), (0.6266175, 1.0387526, 2.412313), (0.52413744, 0.98101383, 2.412313), (0.52413744, 1.0387526, 2.412313), (0.6266175, 0.98101383, 2.412313), (0.33967334, 1.0704612, 2.4892764), (0.33967334, 0.98101383, 2.4892764), (0.23719335, 1.0704612, 2.4892764), (0.23719335, 0.98101383, 2.4892764), (0.33967334, 1.0122294, 2.3279626), (0.33967334, 0.98101383, 2.3279626), (0.23719335, 0.98101383, 2.3279626), (0.23719335, 1.0122294, 2.3279626), (0.23719335, 1.0704612, 2.4335496), (0.33967334, 1.0704612, 2.4335496), (0.33967334, 0.98101383, 2.4335496), (0.23719335, 0.98101383, 2.4335496), (0.23719335, 1.0240165, 2.3910768), (0.33967334, 0.98101383, 2.3910768), (0.33967334, 1.0240165, 2.3910768), (0.23719335, 0.98101383, 2.3910768), (0.33967334, 1.0387526, 2.412313), (0.23719335, 0.98101383, 2.412313), (0.23719335, 1.0387526, 2.412313), (0.33967334, 0.98101383, 2.412313), (0.052729234, 1.0704612, 2.4892764), (0.05272924, 0.98101383, 2.4892764), (-0.04975082, 1.0704612, 2.4892764), (-0.049750816, 0.98101383, 2.4892764), (0.052729245, 1.0122294, 2.3279626), (0.052729245, 0.98101383, 2.3279626), (-0.049750812, 0.98101383, 2.3279626), (-0.049750812, 1.0122294, 2.3279626), (-0.04975082, 1.0704612, 2.4335496), (0.052729234, 1.0704612, 2.4335496), (0.05272924, 0.98101383, 2.4335496), (-0.049750816, 0.98101383, 2.4335496), (-0.049750816, 1.0240165, 2.3910768), (0.05272924, 0.98101383, 2.3910768), (0.05272924, 1.0240165, 2.3910768), (-0.049750816, 0.98101383, 2.3910768), (0.052729234, 1.0387526, 2.412313), (-0.049750816, 0.98101383, 2.412313), (-0.049750816, 1.0387526, 2.412313), (0.05272924, 0.98101383, 2.412313), (-0.23421486, 1.0704612, 2.4892764), (-0.23421486, 0.98101383, 2.4892764), (-0.33669496, 1.0704612, 2.4892764), (-0.33669496, 0.98101383, 2.4892764), (-0.23421486, 1.0122294, 2.3279626), (-0.23421486, 0.98101383, 2.3279626), (-0.33669496, 0.98101383, 2.3279626), (-0.33669496, 1.0122294, 2.3279626), (-0.33669496, 1.0704612, 2.4335496), (-0.23421486, 1.0704612, 2.4335496), (-0.23421486, 0.98101383, 2.4335496), (-0.33669496, 0.98101383, 2.4335496), (-0.33669496, 1.0240165, 2.3910768), (-0.23421486, 0.98101383, 2.3910768), (-0.23421486, 1.0240165, 2.3910768), (-0.33669496, 0.98101383, 2.3910768), (-0.23421486, 1.0387526, 2.412313), (-0.33669496, 0.98101383, 2.412313), (-0.33669496, 1.0387526, 2.412313), (-0.23421486, 0.98101383, 2.412313), (-0.521159, 1.0704612, 2.4892764), (-0.521159, 0.98101383, 2.4892764), (-0.62363905, 1.0704612, 2.4892764), (-0.62363905, 0.98101383, 2.4892764), (-0.521159, 1.0122294, 2.3279626), (-0.521159, 0.98101383, 2.3279626), (-0.62363905, 0.98101383, 2.3279626), (-0.62363905, 1.0122294, 2.3279626), (-0.62363905, 1.0704612, 2.4335496), (-0.521159, 1.0704612, 2.4335496), (-0.521159, 0.98101383, 2.4335496), (-0.62363905, 0.98101383, 2.4335496), (-0.62363905, 1.0240165, 2.3910768), (-0.521159, 0.98101383, 2.3910768), (-0.521159, 1.0240165, 2.3910768), (-0.62363905, 0.98101383, 2.3910768), (-0.521159, 1.0387526, 2.412313), (-0.62363905, 0.98101383, 2.412313), (-0.62363905, 1.0387526, 2.412313), (-0.521159, 0.98101383, 2.412313), (-0.80810314, 1.0704612, 2.4892764), (-0.80810314, 0.98101383, 2.4892764), (-0.9105832, 1.0704612, 2.4892764), (-0.9105832, 0.98101383, 2.4892764), (-0.80810314, 1.0122294, 2.3279626), (-0.80810314, 0.98101383, 2.3279626), (-0.9105832, 0.98101383, 2.3279626), (-0.9105832, 1.0122294, 2.3279626), (-0.9105832, 1.0704612, 2.4335496), (-0.80810314, 1.0704612, 2.4335496), (-0.80810314, 0.98101383, 2.4335496), (-0.9105832, 0.98101383, 2.4335496), (-0.9105832, 1.0240165, 2.3910768), (-0.80810314, 0.98101383, 2.3910768), (-0.80810314, 1.0240165, 2.3910768), (-0.9105832, 0.98101383, 2.3910768), (-0.80810314, 1.0387526, 2.412313), (-0.9105832, 0.98101383, 2.412313), (-0.9105832, 1.0387526, 2.412313), (-0.80810314, 0.98101383, 2.412313), (1.0770173, -0.9355825, 2.4892764), (0.98757005, -0.9355825, 2.4892764), (1.0770173, -0.83310246, 2.4892764), (0.98757005, -0.83310246, 2.4892764), (1.0187857, -0.9355825, 2.3279626), (0.98757005, -0.9355825, 2.3279626), (0.98757005, -0.83310246, 2.3279626), (1.0187857, -0.83310246, 2.3279626), (1.0770173, -0.83310246, 2.4335496), (1.0770173, -0.9355825, 2.4335496), (0.98757005, -0.9355825, 2.4335496), (0.98757005, -0.83310246, 2.4335496), (1.0305727, -0.83310246, 2.3910768), (0.98757005, -0.9355825, 2.3910768), (1.0305727, -0.9355825, 2.3910768), (0.98757005, -0.83310246, 2.3910768), (1.0453087, -0.9355825, 2.412313), (0.98757005, -0.83310246, 2.412313), (1.0453087, -0.83310246, 2.412313), (0.98757005, -0.9355825, 2.412313), (1.0770173, -0.6486384, 2.4892764), (0.98757005, -0.6486384, 2.4892764), (1.0770173, -0.5461584, 2.4892764), (0.98757005, -0.5461584, 2.4892764), (1.0187857, -0.6486384, 2.3279626), (0.98757005, -0.6486384, 2.3279626), (0.98757005, -0.5461584, 2.3279626), (1.0187857, -0.5461584, 2.3279626), (1.0770173, -0.5461584, 2.4335496), (1.0770173, -0.6486384, 2.4335496), (0.98757005, -0.6486384, 2.4335496), (0.98757005, -0.5461584, 2.4335496), (1.0305727, -0.5461584, 2.3910768), (0.98757005, -0.6486384, 2.3910768), (1.0305727, -0.6486384, 2.3910768), (0.98757005, -0.5461584, 2.3910768), (1.0453087, -0.6486384, 2.412313), (0.98757005, -0.5461584, 2.412313), (1.0453087, -0.5461584, 2.412313), (0.98757005, -0.6486384, 2.412313), (1.0770173, -0.36169428, 2.4892764), (0.98757005, -0.36169428, 2.4892764), (1.0770173, -0.25921422, 2.4892764), (0.98757005, -0.25921422, 2.4892764), (1.0187857, -0.36169428, 2.3279626), (0.98757005, -0.36169428, 2.3279626), (0.98757005, -0.25921422, 2.3279626), (1.0187857, -0.25921422, 2.3279626), (1.0770173, -0.25921422, 2.4335496), (1.0770173, -0.36169428, 2.4335496), (0.98757005, -0.36169428, 2.4335496), (0.98757005, -0.25921422, 2.4335496), (1.0305727, -0.25921422, 2.3910768), (0.98757005, -0.36169428, 2.3910768), (1.0305727, -0.36169428, 2.3910768), (0.98757005, -0.25921422, 2.3910768), (1.0453087, -0.36169428, 2.412313), (0.98757005, -0.25921422, 2.412313), (1.0453087, -0.25921422, 2.412313), (0.98757005, -0.36169428, 2.412313), (1.0770173, -0.07475014, 2.4892764), (0.98757005, -0.07475014, 2.4892764), (1.0770173, 0.027729906, 2.4892764), (0.98757005, 0.027729908, 2.4892764), (1.0187857, -0.07475014, 2.3279626), (0.98757005, -0.07475014, 2.3279626), (0.98757005, 0.027729908, 2.3279626), (1.0187857, 0.027729906, 2.3279626), (1.0770173, 0.027729906, 2.4335496), (1.0770173, -0.07475014, 2.4335496), (0.98757005, -0.07475014, 2.4335496), (0.98757005, 0.027729908, 2.4335496), (1.0305727, 0.027729904, 2.3910768), (0.98757005, -0.07475014, 2.3910768), (1.0305727, -0.07475014, 2.3910768), (0.98757005, 0.027729906, 2.3910768), (1.0453087, -0.07475014, 2.412313), (0.98757005, 0.027729906, 2.412313), (1.0453087, 0.027729904, 2.412313), (0.98757005, -0.07475014, 2.412313), (1.0770173, 0.21219397, 2.4892764), (0.98757005, 0.21219397, 2.4892764), (1.0770173, 0.31467402, 2.4892764), (0.98757005, 0.31467402, 2.4892764), (1.0187857, 0.21219397, 2.3279626), (0.98757005, 0.21219397, 2.3279626), (0.98757005, 0.31467402, 2.3279626), (1.0187857, 0.31467402, 2.3279626), (1.0770173, 0.31467402, 2.4335496), (1.0770173, 0.21219397, 2.4335496), (0.98757005, 0.21219397, 2.4335496), (0.98757005, 0.31467402, 2.4335496), (1.0305727, 0.31467402, 2.3910768), (0.98757005, 0.21219397, 2.3910768), (1.0305727, 0.21219397, 2.3910768), (0.98757005, 0.31467402, 2.3910768), (1.0453087, 0.21219397, 2.412313), (0.98757005, 0.31467402, 2.412313), (1.0453087, 0.31467402, 2.412313), (0.98757005, 0.21219397, 2.412313), (1.0770173, 0.4991381, 2.4892764), (0.98757005, 0.4991381, 2.4892764), (1.0770173, 0.6016181, 2.4892764), (0.98757005, 0.6016181, 2.4892764), (1.0187857, 0.4991381, 2.3279626), (0.98757005, 0.4991381, 2.3279626), (0.98757005, 0.6016181, 2.3279626), (1.0187857, 0.6016181, 2.3279626), (1.0770173, 0.6016181, 2.4335496), (1.0770173, 0.4991381, 2.4335496), (0.98757005, 0.4991381, 2.4335496), (0.98757005, 0.6016181, 2.4335496), (1.0305727, 0.6016181, 2.3910768), (0.98757005, 0.4991381, 2.3910768), (1.0305727, 0.4991381, 2.3910768), (0.98757005, 0.6016181, 2.3910768), (1.0453087, 0.4991381, 2.412313), (0.98757005, 0.6016181, 2.412313), (1.0453087, 0.6016181, 2.412313), (0.98757005, 0.4991381, 2.412313), (1.0770173, 0.78608227, 2.4892764), (0.98757005, 0.78608227, 2.4892764), (1.0770173, 0.8885623, 2.4892764), (0.98757005, 0.8885623, 2.4892764), (1.0187857, 0.78608227, 2.3279626), (0.98757005, 0.78608227, 2.3279626), (0.98757005, 0.8885623, 2.3279626), (1.0187857, 0.8885623, 2.3279626), (1.0770173, 0.8885623, 2.4335496), (1.0770173, 0.78608227, 2.4335496), (0.98757005, 0.78608227, 2.4335496), (0.98757005, 0.8885623, 2.4335496), (1.0305727, 0.8885623, 2.3910768), (0.98757005, 0.78608227, 2.3910768), (1.0305727, 0.78608227, 2.3910768), (0.98757005, 0.8885623, 2.3910768), (1.0453087, 0.78608227, 2.412313), (0.98757005, 0.8885623, 2.412313), (1.0453087, 0.8885623, 2.412313), (0.98757005, 0.78608227, 2.412313), (-1.0770173, 0.9355825, 2.4892762), (-0.98757005, 0.9355825, 2.4892762), (-1.0770173, 0.83310246, 2.4892762), (-0.98757005, 0.83310246, 2.4892762), (-1.0187857, 0.9355825, 2.3279624), (-0.98757005, 0.9355825, 2.3279624), (-0.98757005, 0.83310246, 2.3279624), (-1.0187857, 0.83310246, 2.3279624), (-1.0770173, 0.83310246, 2.4335494), (-1.0770173, 0.9355825, 2.4335494), (-0.98757005, 0.9355825, 2.4335494), (-0.98757005, 0.83310246, 2.4335494), (-1.0305727, 0.83310246, 2.3910766), (-0.98757005, 0.9355825, 2.3910766), (-1.0305727, 0.9355825, 2.3910766), (-0.98757005, 0.83310246, 2.3910766), (-1.0453087, 0.9355825, 2.412313), (-0.98757005, 0.83310246, 2.412313), (-1.0453087, 0.83310246, 2.412313), (-0.98757005, 0.9355825, 2.412313), (-1.0770173, 0.6486385, 2.4892762), (-0.98757005, 0.6486385, 2.4892762), (-1.0770173, 0.54615843, 2.4892762), (-0.98757005, 0.54615843, 2.4892762), (-1.0187857, 0.6486385, 2.3279624), (-0.98757005, 0.6486385, 2.3279624), (-0.98757005, 0.54615843, 2.3279624), (-1.0187857, 0.54615843, 2.3279624), (-1.0770173, 0.54615843, 2.4335494), (-1.0770173, 0.6486385, 2.4335494), (-0.98757005, 0.6486385, 2.4335494), (-0.98757005, 0.54615843, 2.4335494), (-1.0305727, 0.54615843, 2.3910766), (-0.98757005, 0.6486385, 2.3910766), (-1.0305727, 0.6486385, 2.3910766), (-0.98757005, 0.54615843, 2.3910766), (-1.0453087, 0.6486385, 2.412313), (-0.98757005, 0.54615843, 2.412313), (-1.0453087, 0.54615843, 2.412313), (-0.98757005, 0.6486385, 2.412313), (-1.0770173, 0.3616943, 2.4892762), (-0.98757005, 0.3616943, 2.4892762), (-1.0770173, 0.25921425, 2.4892762), (-0.98757005, 0.25921425, 2.4892762), (-1.0187857, 0.3616943, 2.3279624), (-0.98757005, 0.3616943, 2.3279624), (-0.98757005, 0.25921425, 2.3279624), (-1.0187857, 0.25921425, 2.3279624), (-1.0770173, 0.25921425, 2.4335494), (-1.0770173, 0.3616943, 2.4335494), (-0.98757005, 0.3616943, 2.4335494), (-0.98757005, 0.25921425, 2.4335494), (-1.0305727, 0.25921425, 2.3910766), (-0.98757005, 0.3616943, 2.3910766), (-1.0305727, 0.3616943, 2.3910766), (-0.98757005, 0.25921425, 2.3910766), (-1.0453087, 0.3616943, 2.412313), (-0.98757005, 0.25921425, 2.412313), (-1.0453087, 0.25921425, 2.412313), (-0.98757005, 0.3616943, 2.412313), (-1.0770173, 0.07475019, 2.4892762), (-0.98757005, 0.074750185, 2.4892762), (-1.0770173, -0.027729874, 2.4892762), (-0.98757005, -0.027729878, 2.4892762), (-1.0187857, 0.074750185, 2.3279624), (-0.98757005, 0.074750185, 2.3279624), (-0.98757005, -0.027729878, 2.3279624), (-1.0187857, -0.027729874, 2.3279624), (-1.0770173, -0.027729874, 2.4335494), (-1.0770173, 0.07475019, 2.4335494), (-0.98757005, 0.074750185, 2.4335494), (-0.98757005, -0.027729878, 2.4335494), (-1.0305727, -0.027729876, 2.3910766), (-0.98757005, 0.074750185, 2.3910766), (-1.0305727, 0.074750185, 2.3910766), (-0.98757005, -0.02772988, 2.3910766), (-1.0453087, 0.07475019, 2.412313), (-0.98757005, -0.02772988, 2.412313), (-1.0453087, -0.027729876, 2.412313), (-0.98757005, 0.074750185, 2.412313), (-1.0770173, -0.21219394, 2.4892762), (-0.98757005, -0.21219394, 2.4892762), (-1.0770173, -0.314674, 2.4892762), (-0.98757005, -0.314674, 2.4892762), (-1.0187857, -0.21219394, 2.3279624), (-0.98757005, -0.21219394, 2.3279624), (-0.98757005, -0.314674, 2.3279624), (-1.0187857, -0.314674, 2.3279624), (-1.0770173, -0.314674, 2.4335494), (-1.0770173, -0.21219394, 2.4335494), (-0.98757005, -0.21219394, 2.4335494), (-0.98757005, -0.314674, 2.4335494), (-1.0305727, -0.314674, 2.3910766), (-0.98757005, -0.21219394, 2.3910766), (-1.0305727, -0.21219394, 2.3910766), (-0.98757005, -0.314674, 2.3910766), (-1.0453087, -0.21219394, 2.412313), (-0.98757005, -0.314674, 2.412313), (-1.0453087, -0.314674, 2.412313), (-0.98757005, -0.21219394, 2.412313), (-1.0770173, -0.49913803, 2.4892762), (-0.98757005, -0.49913803, 2.4892762), (-1.0770173, -0.6016181, 2.4892762), (-0.98757005, -0.6016181, 2.4892762), (-1.0187857, -0.49913803, 2.3279624), (-0.98757005, -0.49913803, 2.3279624), (-0.98757005, -0.6016181, 2.3279624), (-1.0187857, -0.6016181, 2.3279624), (-1.0770173, -0.6016181, 2.4335494), (-1.0770173, -0.49913803, 2.4335494), (-0.98757005, -0.49913803, 2.4335494), (-0.98757005, -0.6016181, 2.4335494), (-1.0305727, -0.6016181, 2.3910766), (-0.98757005, -0.49913803, 2.3910766), (-1.0305727, -0.49913803, 2.3910766), (-0.98757005, -0.6016181, 2.3910766), (-1.0453087, -0.49913803, 2.412313), (-0.98757005, -0.6016181, 2.412313), (-1.0453087, -0.6016181, 2.412313), (-0.98757005, -0.49913803, 2.412313), (-1.0770173, -0.7860822, 2.4892762), (-0.98757005, -0.7860822, 2.4892762), (-1.0770173, -0.8885623, 2.4892762), (-0.98757005, -0.8885623, 2.4892762), (-1.0187857, -0.7860822, 2.3279624), (-0.98757005, -0.7860822, 2.3279624), (-0.98757005, -0.8885623, 2.3279624), (-1.0187857, -0.8885623, 2.3279624), (-1.0770173, -0.8885623, 2.4335494), (-1.0770173, -0.7860822, 2.4335494), (-0.98757005, -0.7860822, 2.4335494), (-0.98757005, -0.8885623, 2.4335494), (-1.0305727, -0.8885623, 2.3910766), (-0.98757005, -0.7860822, 2.3910766), (-1.0305727, -0.7860822, 2.3910766), (-0.98757005, -0.8885623, 2.3910766), (-1.0453087, -0.7860822, 2.412313), (-0.98757005, -0.8885623, 2.412313), (-1.0453087, -0.8885623, 2.412313), (-0.98757005, -0.7860822, 2.412313), (-0.91356164, -1.0704612, 2.4892762), (-0.91356164, -0.98101383, 2.4892762), (-0.8110816, -1.0704612, 2.4892762), (-0.8110816, -0.98101383, 2.4892762), (-0.91356164, -1.0122294, 2.3279624), (-0.91356164, -0.98101383, 2.3279624), (-0.8110816, -0.98101383, 2.3279624), (-0.8110816, -1.0122294, 2.3279624), (-0.8110816, -1.0704612, 2.4335494), (-0.91356164, -1.0704612, 2.4335494), (-0.91356164, -0.98101383, 2.4335494), (-0.8110816, -0.98101383, 2.4335494), (-0.8110816, -1.0240165, 2.3910766), (-0.91356164, -0.98101383, 2.3910766), (-0.91356164, -1.0240165, 2.3910766), (-0.8110816, -0.98101383, 2.3910766), (-0.91356164, -1.0387526, 2.412313), (-0.8110816, -0.98101383, 2.412313), (-0.8110816, -1.0387526, 2.412313), (-0.91356164, -0.98101383, 2.412313), (-0.62661755, -1.0704612, 2.4892762), (-0.62661755, -0.98101383, 2.4892762), (-0.5241375, -1.0704612, 2.4892762), (-0.5241375, -0.98101383, 2.4892762), (-0.62661755, -1.0122294, 2.3279624), (-0.62661755, -0.98101383, 2.3279624), (-0.5241375, -0.98101383, 2.3279624), (-0.5241375, -1.0122294, 2.3279624), (-0.5241375, -1.0704612, 2.4335494), (-0.62661755, -1.0704612, 2.4335494), (-0.62661755, -0.98101383, 2.4335494), (-0.5241375, -0.98101383, 2.4335494), (-0.5241375, -1.0240165, 2.3910766), (-0.62661755, -0.98101383, 2.3910766), (-0.62661755, -1.0240165, 2.3910766), (-0.5241375, -0.98101383, 2.3910766), (-0.62661755, -1.0387526, 2.412313), (-0.5241375, -0.98101383, 2.412313), (-0.5241375, -1.0387526, 2.412313), (-0.62661755, -0.98101383, 2.412313), (-0.33967343, -1.0704612, 2.4892762), (-0.33967346, -0.98101383, 2.4892762), (-0.23719338, -1.0704612, 2.4892762), (-0.23719339, -0.98101383, 2.4892762), (-0.33967343, -1.0122294, 2.3279624), (-0.33967346, -0.98101383, 2.3279624), (-0.23719339, -0.98101383, 2.3279624), (-0.23719338, -1.0122294, 2.3279624), (-0.23719338, -1.0704612, 2.4335494), (-0.33967343, -1.0704612, 2.4335494), (-0.33967346, -0.98101383, 2.4335494), (-0.23719339, -0.98101383, 2.4335494), (-0.23719338, -1.0240165, 2.3910766), (-0.33967346, -0.98101383, 2.3910766), (-0.33967343, -1.0240165, 2.3910766), (-0.23719339, -0.98101383, 2.3910766), (-0.33967343, -1.0387526, 2.412313), (-0.23719339, -0.98101383, 2.412313), (-0.23719338, -1.0387526, 2.412313), (-0.33967346, -0.98101383, 2.412313), (-0.05272927, -1.0704612, 2.4892762), (-0.05272927, -0.98101383, 2.4892762), (0.049750783, -1.0704612, 2.4892762), (0.049750783, -0.98101383, 2.4892762), (-0.052729268, -1.0122294, 2.3279624), (-0.052729268, -0.98101383, 2.3279624), (0.049750786, -0.98101383, 2.3279624), (0.049750786, -1.0122294, 2.3279624), (0.049750783, -1.0704612, 2.4335494), (-0.05272927, -1.0704612, 2.4335494), (-0.05272927, -0.98101383, 2.4335494), (0.049750783, -0.98101383, 2.4335494), (0.049750783, -1.0240165, 2.3910766), (-0.05272927, -0.98101383, 2.3910766), (-0.05272927, -1.0240165, 2.3910766), (0.049750783, -0.98101383, 2.3910766), (-0.05272927, -1.0387526, 2.412313), (0.049750783, -0.98101383, 2.412313), (0.049750783, -1.0387526, 2.412313), (-0.05272927, -0.98101383, 2.412313), (0.23421484, -1.0704612, 2.4892762), (0.23421481, -0.98101383, 2.4892762), (0.33669487, -1.0704612, 2.4892762), (0.33669484, -0.98101383, 2.4892762), (0.23421484, -1.0122294, 2.3279624), (0.23421481, -0.98101383, 2.3279624), (0.33669484, -0.98101383, 2.3279624), (0.33669487, -1.0122294, 2.3279624), (0.33669487, -1.0704612, 2.4335494), (0.23421484, -1.0704612, 2.4335494), (0.23421481, -0.98101383, 2.4335494), (0.33669484, -0.98101383, 2.4335494), (0.33669487, -1.0240165, 2.3910766), (0.23421481, -0.98101383, 2.3910766), (0.23421484, -1.0240165, 2.3910766), (0.33669484, -0.98101383, 2.3910766), (0.23421484, -1.0387526, 2.412313), (0.33669484, -0.98101383, 2.412313), (0.33669487, -1.0387526, 2.412313), (0.23421481, -0.98101383, 2.412313), (0.52115893, -1.0704612, 2.4892762), (0.52115893, -0.98101383, 2.4892762), (0.623639, -1.0704612, 2.4892762), (0.623639, -0.98101383, 2.4892762), (0.52115893, -1.0122294, 2.3279624), (0.52115893, -0.98101383, 2.3279624), (0.623639, -0.98101383, 2.3279624), (0.623639, -1.0122294, 2.3279624), (0.623639, -1.0704612, 2.4335494), (0.52115893, -1.0704612, 2.4335494), (0.52115893, -0.98101383, 2.4335494), (0.623639, -0.98101383, 2.4335494), (0.623639, -1.0240165, 2.3910766), (0.52115893, -0.98101383, 2.3910766), (0.52115893, -1.0240165, 2.3910766), (0.623639, -0.98101383, 2.3910766), (0.52115893, -1.0387526, 2.412313), (0.623639, -0.98101383, 2.412313), (0.623639, -1.0387526, 2.412313), (0.52115893, -0.98101383, 2.412313), (0.80810314, -1.0704612, 2.4892762), (0.80810314, -0.98101383, 2.4892762), (0.9105832, -1.0704612, 2.4892762), (0.9105832, -0.98101383, 2.4892762), (0.80810314, -1.0122294, 2.3279624), (0.80810314, -0.98101383, 2.3279624), (0.9105832, -0.98101383, 2.3279624), (0.9105832, -1.0122294, 2.3279624), (0.9105832, -1.0704612, 2.4335494), (0.80810314, -1.0704612, 2.4335494), (0.80810314, -0.98101383, 2.4335494), (0.9105832, -0.98101383, 2.4335494), (0.9105832, -1.0240165, 2.3910766), (0.80810314, -0.98101383, 2.3910766), (0.80810314, -1.0240165, 2.3910766), (0.9105832, -0.98101383, 2.3910766), (0.80810314, -1.0387526, 2.412313), (0.9105832, -0.98101383, 2.412313), (0.9105832, -1.0387526, 2.412313), (0.80810314, -0.98101383, 2.412313), (-1.0770173, 0.9355825, 1.3120039), (-0.98757005, 0.9355825, 1.3120039), (-1.0770173, 0.83310246, 1.3120039), (-0.98757005, 0.83310246, 1.3120039), (-1.0187857, 0.9355825, 1.1506901), (-0.98757005, 0.9355825, 1.1506901), (-0.98757005, 0.83310246, 1.1506901), (-1.0187857, 0.83310246, 1.1506901), (-1.0770173, 0.83310246, 1.2562771), (-1.0770173, 0.9355825, 1.2562771), (-0.98757005, 0.9355825, 1.2562771), (-0.98757005, 0.83310246, 1.2562771), (-1.0305727, 0.83310246, 1.2138041), (-0.98757005, 0.9355825, 1.2138041), (-1.0305727, 0.9355825, 1.2138041), (-0.98757005, 0.83310246, 1.2138041), (-1.0453087, 0.9355825, 1.2350405), (-0.98757005, 0.83310246, 1.2350405), (-1.0453087, 0.83310246, 1.2350405), (-0.98757005, 0.9355825, 1.2350405), (-1.0770173, 0.6486385, 1.3120039), (-0.98757005, 0.6486385, 1.3120039), (-1.0770173, 0.54615843, 1.3120039), (-0.98757005, 0.54615843, 1.3120039), (-1.0187857, 0.6486385, 1.1506901), (-0.98757005, 0.6486385, 1.1506901), (-0.98757005, 0.54615843, 1.1506901), (-1.0187857, 0.54615843, 1.1506901), (-1.0770173, 0.54615843, 1.2562771), (-1.0770173, 0.6486385, 1.2562771), (-0.98757005, 0.6486385, 1.2562771), (-0.98757005, 0.54615843, 1.2562771), (-1.0305727, 0.54615843, 1.2138041), (-0.98757005, 0.6486385, 1.2138041), (-1.0305727, 0.6486385, 1.2138041), (-0.98757005, 0.54615843, 1.2138041), (-1.0453087, 0.6486385, 1.2350405), (-0.98757005, 0.54615843, 1.2350405), (-1.0453087, 0.54615843, 1.2350405), (-0.98757005, 0.6486385, 1.2350405), (-1.0770173, 0.3616943, 1.3120039), (-0.98757005, 0.3616943, 1.3120039), (-1.0770173, 0.25921425, 1.3120039), (-0.98757005, 0.25921425, 1.3120039), (-1.0187857, 0.3616943, 1.1506901), (-0.98757005, 0.3616943, 1.1506901), (-0.98757005, 0.25921425, 1.1506901), (-1.0187857, 0.25921425, 1.1506901), (-1.0770173, 0.25921425, 1.2562771), (-1.0770173, 0.3616943, 1.2562771), (-0.98757005, 0.3616943, 1.2562771), (-0.98757005, 0.25921425, 1.2562771), (-1.0305727, 0.25921425, 1.2138041), (-0.98757005, 0.3616943, 1.2138041), (-1.0305727, 0.3616943, 1.2138041), (-0.98757005, 0.25921425, 1.2138041), (-1.0453087, 0.3616943, 1.2350405), (-0.98757005, 0.25921425, 1.2350405), (-1.0453087, 0.25921425, 1.2350405), (-0.98757005, 0.3616943, 1.2350405), (-1.0770173, 0.074750185, 1.3120039), (-0.98757005, 0.07475018, 1.3120039), (-1.0770173, -0.027729874, 1.3120039), (-0.98757005, -0.027729878, 1.3120039), (-1.0187857, 0.07475018, 1.1506901), (-0.98757005, 0.07475018, 1.1506901), (-0.98757005, -0.027729878, 1.1506901), (-1.0187857, -0.027729874, 1.1506901), (-1.0770173, -0.027729874, 1.2562771), (-1.0770173, 0.074750185, 1.2562771), (-0.98757005, 0.07475018, 1.2562771), (-0.98757005, -0.027729878, 1.2562771), (-1.0305727, -0.027729874, 1.2138041), (-0.98757005, 0.07475018, 1.2138041), (-1.0305727, 0.07475018, 1.2138041), (-0.98757005, -0.027729878, 1.2138041), (-1.0453087, 0.074750185, 1.2350405), (-0.98757005, -0.027729878, 1.2350405), (-1.0453087, -0.027729874, 1.2350405), (-0.98757005, 0.07475018, 1.2350405), (-1.0770173, -0.21219394, 1.3120039), (-0.98757005, -0.21219394, 1.3120039), (-1.0770173, -0.314674, 1.3120039), (-0.98757005, -0.314674, 1.3120039), (-1.0187857, -0.21219394, 1.1506901), (-0.98757005, -0.21219394, 1.1506901), (-0.98757005, -0.314674, 1.1506901), (-1.0187857, -0.314674, 1.1506901), (-1.0770173, -0.314674, 1.2562771), (-1.0770173, -0.21219394, 1.2562771), (-0.98757005, -0.21219394, 1.2562771), (-0.98757005, -0.314674, 1.2562771), (-1.0305727, -0.314674, 1.2138041), (-0.98757005, -0.21219394, 1.2138041), (-1.0305727, -0.21219394, 1.2138041), (-0.98757005, -0.314674, 1.2138041), (-1.0453087, -0.21219394, 1.2350405), (-0.98757005, -0.314674, 1.2350405), (-1.0453087, -0.314674, 1.2350405), (-0.98757005, -0.21219394, 1.2350405), (-1.0770173, -0.49913803, 1.3120039), (-0.98757005, -0.49913803, 1.3120039), (-1.0770173, -0.6016181, 1.3120039), (-0.98757005, -0.6016181, 1.3120039), (-1.0187857, -0.49913803, 1.1506901), (-0.98757005, -0.49913803, 1.1506901), (-0.98757005, -0.6016181, 1.1506901), (-1.0187857, -0.6016181, 1.1506901), (-1.0770173, -0.6016181, 1.2562771), (-1.0770173, -0.49913803, 1.2562771), (-0.98757005, -0.49913803, 1.2562771), (-0.98757005, -0.6016181, 1.2562771), (-1.0305727, -0.6016181, 1.2138041), (-0.98757005, -0.49913803, 1.2138041), (-1.0305727, -0.49913803, 1.2138041), (-0.98757005, -0.6016181, 1.2138041), (-1.0453087, -0.49913803, 1.2350405), (-0.98757005, -0.6016181, 1.2350405), (-1.0453087, -0.6016181, 1.2350405), (-0.98757005, -0.49913803, 1.2350405), (-1.0770173, -0.7860822, 1.3120039), (-0.98757005, -0.7860822, 1.3120039), (-1.0770173, -0.8885623, 1.3120039), (-0.98757005, -0.8885623, 1.3120039), (-1.0187857, -0.7860822, 1.1506901), (-0.98757005, -0.7860822, 1.1506901), (-0.98757005, -0.8885623, 1.1506901), (-1.0187857, -0.8885623, 1.1506901), (-1.0770173, -0.8885623, 1.2562771), (-1.0770173, -0.7860822, 1.2562771), (-0.98757005, -0.7860822, 1.2562771), (-0.98757005, -0.8885623, 1.2562771), (-1.0305727, -0.8885623, 1.2138041), (-0.98757005, -0.7860822, 1.2138041), (-1.0305727, -0.7860822, 1.2138041), (-0.98757005, -0.8885623, 1.2138041), (-1.0453087, -0.7860822, 1.2350405), (-0.98757005, -0.8885623, 1.2350405), (-1.0453087, -0.8885623, 1.2350405), (-0.98757005, -0.7860822, 1.2350405), (-0.91356164, -1.0704612, 1.3120039), (-0.91356164, -0.98101383, 1.3120039), (-0.8110816, -1.0704612, 1.3120039), (-0.8110816, -0.98101383, 1.3120039), (-0.91356164, -1.0122294, 1.1506901), (-0.91356164, -0.98101383, 1.1506901), (-0.8110816, -0.98101383, 1.1506901), (-0.8110816, -1.0122294, 1.1506901), (-0.8110816, -1.0704612, 1.2562771), (-0.91356164, -1.0704612, 1.2562771), (-0.91356164, -0.98101383, 1.2562771), (-0.8110816, -0.98101383, 1.2562771), (-0.8110816, -1.0240165, 1.2138041), (-0.91356164, -0.98101383, 1.2138041), (-0.91356164, -1.0240165, 1.2138041), (-0.8110816, -0.98101383, 1.2138041), (-0.91356164, -1.0387526, 1.2350405), (-0.8110816, -0.98101383, 1.2350405), (-0.8110816, -1.0387526, 1.2350405), (-0.91356164, -0.98101383, 1.2350405), (-0.62661755, -1.0704612, 1.3120039), (-0.62661755, -0.98101383, 1.3120039), (-0.5241375, -1.0704612, 1.3120039), (-0.5241375, -0.98101383, 1.3120039), (-0.62661755, -1.0122294, 1.1506901), (-0.62661755, -0.98101383, 1.1506901), (-0.5241375, -0.98101383, 1.1506901), (-0.5241375, -1.0122294, 1.1506901), (-0.5241375, -1.0704612, 1.2562771), (-0.62661755, -1.0704612, 1.2562771), (-0.62661755, -0.98101383, 1.2562771), (-0.5241375, -0.98101383, 1.2562771), (-0.5241375, -1.0240165, 1.2138041), (-0.62661755, -0.98101383, 1.2138041), (-0.62661755, -1.0240165, 1.2138041), (-0.5241375, -0.98101383, 1.2138041), (-0.62661755, -1.0387526, 1.2350405), (-0.5241375, -0.98101383, 1.2350405), (-0.5241375, -1.0387526, 1.2350405), (-0.62661755, -0.98101383, 1.2350405), (-0.3396734, -1.0704612, 1.3120039), (-0.33967343, -0.98101383, 1.3120039), (-0.23719338, -1.0704612, 1.3120039), (-0.23719339, -0.98101383, 1.3120039), (-0.3396734, -1.0122294, 1.1506901), (-0.33967343, -0.98101383, 1.1506901), (-0.23719339, -0.98101383, 1.1506901), (-0.23719338, -1.0122294, 1.1506901), (-0.23719338, -1.0704612, 1.2562771), (-0.3396734, -1.0704612, 1.2562771), (-0.33967343, -0.98101383, 1.2562771), (-0.23719339, -0.98101383, 1.2562771), (-0.23719338, -1.0240165, 1.2138041), (-0.33967343, -0.98101383, 1.2138041), (-0.3396734, -1.0240165, 1.2138041), (-0.23719339, -0.98101383, 1.2138041), (-0.3396734, -1.0387526, 1.2350405), (-0.23719339, -0.98101383, 1.2350405), (-0.23719338, -1.0387526, 1.2350405), (-0.33967343, -0.98101383, 1.2350405), (-0.05272927, -1.0704612, 1.3120039), (-0.05272927, -0.98101383, 1.3120039), (0.049750783, -1.0704612, 1.3120039), (0.049750783, -0.98101383, 1.3120039), (-0.05272927, -1.0122294, 1.1506901), (-0.05272927, -0.98101383, 1.1506901), (0.049750783, -0.98101383, 1.1506901), (0.049750783, -1.0122294, 1.1506901), (0.049750783, -1.0704612, 1.2562771), (-0.05272927, -1.0704612, 1.2562771), (-0.05272927, -0.98101383, 1.2562771), (0.049750783, -0.98101383, 1.2562771), (0.049750783, -1.0240165, 1.2138041), (-0.05272927, -0.98101383, 1.2138041), (-0.05272927, -1.0240165, 1.2138041), (0.049750783, -0.98101383, 1.2138041), (-0.05272927, -1.0387526, 1.2350405), (0.049750783, -0.98101383, 1.2350405), (0.049750783, -1.0387526, 1.2350405), (-0.05272927, -0.98101383, 1.2350405), (0.23421484, -1.0704612, 1.3120039), (0.23421481, -0.98101383, 1.3120039), (0.3366949, -1.0704612, 1.3120039), (0.33669487, -0.98101383, 1.3120039), (0.23421484, -1.0122294, 1.1506901), (0.23421481, -0.98101383, 1.1506901), (0.33669487, -0.98101383, 1.1506901), (0.3366949, -1.0122294, 1.1506901), (0.3366949, -1.0704612, 1.2562771), (0.23421484, -1.0704612, 1.2562771), (0.23421481, -0.98101383, 1.2562771), (0.33669487, -0.98101383, 1.2562771), (0.3366949, -1.0240165, 1.2138041), (0.23421481, -0.98101383, 1.2138041), (0.23421484, -1.0240165, 1.2138041), (0.33669487, -0.98101383, 1.2138041), (0.23421484, -1.0387526, 1.2350405), (0.33669487, -0.98101383, 1.2350405), (0.3366949, -1.0387526, 1.2350405), (0.23421481, -0.98101383, 1.2350405), (0.52115893, -1.0704612, 1.3120039), (0.52115893, -0.98101383, 1.3120039), (0.623639, -1.0704612, 1.3120039), (0.623639, -0.98101383, 1.3120039), (0.52115893, -1.0122294, 1.1506901), (0.52115893, -0.98101383, 1.1506901), (0.623639, -0.98101383, 1.1506901), (0.623639, -1.0122294, 1.1506901), (0.623639, -1.0704612, 1.2562771), (0.52115893, -1.0704612, 1.2562771), (0.52115893, -0.98101383, 1.2562771), (0.623639, -0.98101383, 1.2562771), (0.623639, -1.0240165, 1.2138041), (0.52115893, -0.98101383, 1.2138041), (0.52115893, -1.0240165, 1.2138041), (0.623639, -0.98101383, 1.2138041), (0.52115893, -1.0387526, 1.2350405), (0.623639, -0.98101383, 1.2350405), (0.623639, -1.0387526, 1.2350405), (0.52115893, -0.98101383, 1.2350405), (0.80810314, -1.0704612, 1.3120039), (0.80810314, -0.98101383, 1.3120039), (0.9105832, -1.0704612, 1.3120039), (0.9105832, -0.98101383, 1.3120039), (0.80810314, -1.0122294, 1.1506901), (0.80810314, -0.98101383, 1.1506901), (0.9105832, -0.98101383, 1.1506901), (0.9105832, -1.0122294, 1.1506901), (0.9105832, -1.0704612, 1.2562771), (0.80810314, -1.0704612, 1.2562771), (0.80810314, -0.98101383, 1.2562771), (0.9105832, -0.98101383, 1.2562771), (0.9105832, -1.0240165, 1.2138041), (0.80810314, -0.98101383, 1.2138041), (0.80810314, -1.0240165, 1.2138041), (0.9105832, -0.98101383, 1.2138041), (0.80810314, -1.0387526, 1.2350405), (0.9105832, -0.98101383, 1.2350405), (0.9105832, -1.0387526, 1.2350405), (0.80810314, -0.98101383, 1.2350405), (-0.21932319, -0.98729604, -0.013159371), (-0.21932319, -0.98729604, 0.9037654), (-0.21932319, -0.98729604, 0.71526814), (-0.21932319, -0.98729604, 0.53512716), (-0.21932319, -0.98729604, 0.35498622), (-0.15295355, -0.98729604, 0.8384015), (-0.15295355, -0.98729604, 0.7454227), (-0.15295355, -0.98729604, 0.6792399), (-0.15295355, -0.98729604, 0.57115537), (-0.15295355, -0.98729604, 0.499099), (-0.15295355, -0.98729604, 0.39101443), (-0.15295355, -0.98729604, 0.044694167), (-0.15295355, -0.98729604, 0.29713267), (-0.15295355, -0.9794579, 0.8384015), (-0.15295355, -0.9794579, 0.7454227), (-0.15295355, -0.9794579, 0.6792399), (-0.15295355, -0.9794579, 0.57115537), (-0.15295355, -0.9794579, 0.499099), (-0.15295355, -0.9794579, 0.39101443), (-0.15295355, -0.9794579, 0.044694167), (-0.15295355, -0.9794579, 0.29713267), (-0.13764678, -0.9794579, 0.83036005), (-0.13764678, -0.9794579, 0.75346416), (-0.13764678, -0.9794579, 0.6696322), (-0.13764678, -0.9794579, 0.5807631), (-0.13764678, -0.9794579, 0.48949125), (-0.13764678, -0.9794579, 0.40062216), (-0.13764678, -0.9794579, 0.060122162), (-0.13764678, -0.9794579, 0.28170466), (-0.13764678, -0.9748555, 0.83036005), (-0.13764678, -0.9748555, 0.75346416), (-0.13764678, -0.9748555, 0.6696322), (-0.13764678, -0.9748555, 0.5807631), (-0.13764678, -0.9748555, 0.48949125), (-0.13764678, -0.9748555, 0.40062216), (-0.13764678, -0.9748555, 0.060122162), (-0.13764678, -0.9748555, 0.28170466), (-0.21932319, -0.9443586, -0.013159371), (-0.21932319, -0.9443586, 0.9037654), (-0.21932319, -0.9443586, 0.71526814), (-0.21932319, -0.9443586, 0.53512716), (-0.21932319, -0.9443586, 0.35498622), (0, -0.98729604, 0.9037654), (2.7755576e-17, -0.98729604, -0.013159371), (0.21932319, -0.98729604, -0.013159371), (0.21932319, -0.98729604, 0.9037654), (0, -0.98729604, 0.71526814), (0, -0.98729604, 0.53512716), (0, -0.98729604, 0.35498622), (0.21932319, -0.98729604, 0.71526814), (0.21932319, -0.98729604, 0.53512716), (0.21932319, -0.98729604, 0.35498622), (0, -0.98729604, 0.8384015), (0.15295355, -0.98729604, 0.8384015), (0, -0.98729604, 0.7454227), (0.15295355, -0.98729604, 0.7454227), (0, -0.98729604, 0.6792399), (0, -0.98729604, 0.57115537), (0.15295355, -0.98729604, 0.6792399), (0.15295355, -0.98729604, 0.57115537), (0, -0.98729604, 0.499099), (0, -0.98729604, 0.39101443), (0.15295355, -0.98729604, 0.499099), (0.15295355, -0.98729604, 0.39101443), (0, -0.98729604, 0.29713267), (5.551115e-16, -0.98729604, 0.044694167), (0.15295355, -0.98729604, 0.044694167), (0.15295355, -0.98729604, 0.29713267), (0, -0.9794579, 0.8384015), (0.15295355, -0.9794579, 0.8384015), (0, -0.9794579, 0.7454227), (0.15295355, -0.9794579, 0.7454227), (0, -0.9794579, 0.6792399), (0, -0.9794579, 0.57115537), (0.15295355, -0.9794579, 0.6792399), (0.15295355, -0.9794579, 0.57115537), (0, -0.9794579, 0.499099), (0, -0.9794579, 0.39101443), (0.15295355, -0.9794579, 0.499099), (0.15295355, -0.9794579, 0.39101443), (0, -0.9794579, 0.29713267), (5.551115e-16, -0.9794579, 0.044694167), (0.15295355, -0.9794579, 0.044694167), (0.15295355, -0.9794579, 0.29713267), (0, -0.9794579, 0.83036005), (0.13764678, -0.9794579, 0.83036005), (0, -0.9794579, 0.75346416), (0.13764678, -0.9794579, 0.75346416), (0, -0.9794579, 0.6696322), (0, -0.9794579, 0.5807631), (0.13764678, -0.9794579, 0.6696322), (0.13764678, -0.9794579, 0.5807631), (0, -0.9794579, 0.48949125), (0, -0.9794579, 0.40062216), (0.13764678, -0.9794579, 0.48949125), (0.13764678, -0.9794579, 0.40062216), (0, -0.9794579, 0.28170466), (2.220446e-16, -0.9794579, 0.060122162), (0.13764678, -0.9794579, 0.060122162), (0.13764678, -0.9794579, 0.28170466), (0, -0.9748555, 0.83036005), (0.13764678, -0.9748555, 0.83036005), (0, -0.9748555, 0.75346416), (0.13764678, -0.9748555, 0.75346416), (0, -0.9748555, 0.6696322), (0, -0.9748555, 0.5807631), (0.13764678, -0.9748555, 0.6696322), (0.13764678, -0.9748555, 0.5807631), (0, -0.9748555, 0.48949125), (0, -0.9748555, 0.40062216), (0.13764678, -0.9748555, 0.48949125), (0.13764678, -0.9748555, 0.40062216), (0, -0.9748555, 0.28170466), (2.220446e-16, -0.9748555, 0.060122162), (0.13764678, -0.9748555, 0.060122162), (0.13764678, -0.9748555, 0.28170466), (0, -0.9443586, 0.9037654), (2.7755576e-17, -0.9443586, -0.013159371), (0.21932319, -0.9443586, -0.013159371), (0.21932319, -0.9443586, 0.9037654), (0.21932319, -0.9443586, 0.71526814), (0.21932319, -0.9443586, 0.53512716), (0.21932319, -0.9443586, 0.35498622), (0.2317616, 0.93528414, 2.6018605), (0.2317616, 0.96384203, 2.6183486), (0.2317616, 0.96384203, 2.6513243), (0.2317616, 0.93528414, 2.6678123), (0.2317616, 0.90672624, 2.6513243), (0.2317616, 0.90672624, 2.6183486), (0.20599829, 0.93528414, 2.5881288), (0.196532, 0.96384203, 2.6016285), (0.17759961, 0.96384203, 2.6286278), (0.16813332, 0.93528414, 2.6421275), (0.17759961, 0.90672624, 2.6286278), (0.196532, 0.90672624, 2.6016285), (0.1977671, 0.93528414, 2.571849), (0.18323877, 0.96384203, 2.571849), (0.15418231, 0.96384203, 2.571849), (0.13965401, 0.93528414, 2.571849), (0.15418231, 0.90672624, 2.571849), (0.18323877, 0.90672624, 2.571849), (0.9624868, 0.74797463, 2.6018605), (0.8930697, 0.93528414, 2.6018605), (0.9910443, 0.74813914, 2.6183486), (0.8930697, 0.9638421, 2.6183486), (0.9910443, 0.74813914, 2.6513243), (0.8930697, 0.9638421, 2.6513245), (0.9624868, 0.74797463, 2.667812), (0.8930697, 0.93528414, 2.6678123), (0.9339294, 0.74781, 2.6513243), (0.8930697, 0.90672624, 2.6513243), (0.9339294, 0.74781, 2.6183486), (0.8930697, 0.90672624, 2.6183486), (0.9626352, 0.7222117, 2.5881288), (0.99124724, 0.7129102, 2.6016285), (0.99135625, 0.6939781, 2.6286278), (0.96285343, 0.68434733, 2.6421275), (0.9342415, 0.69364893, 2.6286278), (0.93413234, 0.712581, 2.6016285), (0.9626826, 0.7139807, 2.571849), (0.9913238, 0.69961727, 2.571849), (0.99149126, 0.6705611, 2.571849), (0.9630175, 0.65586853, 2.571849), (0.9343765, 0.670232, 2.571849), (0.9342089, 0.6992881, 2.571849), (0.9340723, 0.92315865, 2.6018605), (0.9491622, 0.94740427, 2.6183486), (0.9491622, 0.94740427, 2.6513243), (0.9340723, 0.92315865, 2.6678123), (0.91898245, 0.8989131, 2.6513243), (0.91898245, 0.8989131, 2.6183486), (0.98786366, 0.87343514, 2.6183486), (0.98786366, 0.87343514, 2.6513243), (0.9593062, 0.8732706, 2.6678123), (0.9307488, 0.873106, 2.6513243), (0.9307488, 0.873106, 2.6183486), (0.9593062, 0.8732706, 2.6018605), (0.5501233, 0.69304085, 2.570544), (0.5501233, 0.850883, 2.570544), (0.8353577, 0.69304085, 2.570544), (0.8353577, 0.850883, 2.570544), (0.7087994, 0.7140143, 2.6589074), (0.7087994, 0.6737276, 2.6589074), (0.6870685, 0.7140143, 2.606445), (0.6870685, 0.6737276, 2.606445), (0.6346064, 0.7140143, 2.5847144), (0.6346064, 0.6737276, 2.5847144), (0.58214384, 0.7140143, 2.606445), (0.58214384, 0.6737276, 2.606445), (0.5604134, 0.7140143, 2.6589074), (0.5604134, 0.6737276, 2.6589074), (0.58214384, 0.7140143, 2.7113698), (0.58214384, 0.6737275, 2.7113698), (0.6346064, 0.7140143, 2.7331004), (0.6346064, 0.6737275, 2.7331004), (0.6870685, 0.7140143, 2.7113698), (0.6870685, 0.6737276, 2.7113698), (0.5739952, 0.69304085, 2.7472708), (0.5501233, 0.69304085, 2.73248), (0.5501233, 0.850883, 2.73248), (0.5739952, 0.850883, 2.7472708), (0.8353577, 0.69304085, 2.73248), (0.81148535, 0.69304085, 2.7472708), (0.81148535, 0.850883, 2.7472708), (0.8353577, 0.850883, 2.73248)]
            texCoord2f[] primvars:st = [(0.22595705, 0.81614864), (0.4908497, 0.8854715), (0.2096746, 0.8161254), (0.6011411, 0.88932234), (0.22603329, 0.8046109), (0.47456703, 0.8854715), (0.20975085, 0.80458766), (0.6174238, 0.88932234), (0.9633322, 0.874448), (0.22603329, 0.8362886), (0.49084967, 0.8569522), (0.9633321, 0.8906925), (0.20975086, 0.8362654), (0.6011411, 0.860803), (0.97506785, 0.8735528), (0.47456703, 0.8569522), (0.97506785, 0.8897972), (0.6174238, 0.86080295), (0.24842575, 0.9664827), (0.16059873, 0.80458766), (0.85149896, 0.82128346), (0.24842574, 0.9501875), (0.14431627, 0.8046106), (0.78134584, 0.8894878), (0.26470628, 0.9664847), (0.36711273, 0.95405173), (0.8677817, 0.82128346), (0.26470628, 0.9501895), (0.35092822, 0.9528172), (0.7976285, 0.8894878), (0.16052255, 0.82478034), (0.85149896, 0.8498028), (0.14424011, 0.82480335), (0.78134584, 0.8609684), (0.36711273, 0.9334369), (0.16059873, 0.8362879), (0.8677817, 0.8498028), (0.35092822, 0.9322023), (0.1443163, 0.8363109), (0.7976285, 0.8609684), (0.74962556, 0.82412195), (0.2647844, 0.8693009), (0.7333431, 0.82409877), (0.12772961, 0.86483026), (0.7497018, 0.8125842), (0.24850173, 0.8693009), (0.73341936, 0.81256104), (0.11144693, 0.86483026), (0.96442115, 0.13592607), (0.7497018, 0.84426194), (0.26478443, 0.84078157), (0.96442115, 0.1521705), (0.73341936, 0.84423876), (0.1277296, 0.8933496), (0.9761569, 0.13503084), (0.24850172, 0.8407815), (0.9761569, 0.15127526), (0.11144693, 0.8933496), (0.073381126, 0.8438781), (0.94813895, 0.18725377), (0.05709868, 0.843861), (0.931856, 0.13099858), (0.07345306, 0.83234036), (0.9318563, 0.18725377), (0.05717059, 0.8323232), (0.94813865, 0.13099858), (0.039493296, 0.9628146), (0.07345306, 0.86117053), (0.94813895, 0.16276664), (0.039493296, 0.97905904), (0.05717062, 0.8611534), (0.931856, 0.10651147), (0.051229015, 0.9619194), (0.9318563, 0.16276665), (0.051229015, 0.97816384), (0.94813865, 0.106511466), (0.68328047, 0.82602996), (0.12772964, 0.8648303), (0.666998, 0.8260067), (0.63370645, 0.85775137), (0.6833567, 0.8144922), (0.14401232, 0.8648303), (0.66707426, 0.814469), (0.6174238, 0.85775137), (0.963584, 0.0825954), (0.6833567, 0.84616995), (0.12772965, 0.89334965), (0.96358395, 0.09883981), (0.66707426, 0.8461467), (0.63370645, 0.8862707), (0.9753197, 0.08170015), (0.14401232, 0.8933497), (0.9753197, 0.09794458), (0.6174238, 0.8862707), (0.71718776, 0.8258511), (0.3715788, 0.84821504), (0.7009053, 0.82582784), (0.42419717, 0.848215), (0.717264, 0.81431335), (0.3878615, 0.84821504), (0.7009815, 0.8142901), (0.40791446, 0.848215), (0.78030425, 0.96242976), (0.71726394, 0.8459911), (0.37157884, 0.87673444), (0.78030425, 0.9786742), (0.70098156, 0.8459678), (0.42419717, 0.8767344), (0.79204, 0.96153456), (0.38786152, 0.87673444), (0.79204, 0.9777789), (0.40791446, 0.8767344), (0.24842547, 0.8206416), (0.29227564, 0.8521808), (0.23214304, 0.82061833), (0.59116036, 0.86484516), (0.24850172, 0.80910385), (0.30855834, 0.8521808), (0.23221928, 0.8090806), (0.5748777, 0.86484516), (0.9636215, 0.029412817), (0.24850172, 0.84078157), (0.29227567, 0.8807001), (0.9636215, 0.045657255), (0.23221928, 0.8407583), (0.59116036, 0.8933645), (0.97535723, 0.028517595), (0.30855834, 0.8807001), (0.97535723, 0.044762027), (0.5748777, 0.8933645), (0.766862, 0.8210292), (0.17688142, 0.8648303), (0.75057954, 0.821006), (0.057098653, 0.8608426), (0.7669382, 0.80949146), (0.16059874, 0.8648303), (0.7506558, 0.8094682), (0.04081598, 0.8608426), (0.8148583, 0.9603028), (0.7669382, 0.8411692), (0.17688142, 0.836311), (0.8148583, 0.9765473), (0.7506558, 0.84114593), (0.05709864, 0.8893619), (0.82659405, 0.9594076), (0.16059873, 0.836311), (0.82659405, 0.97565204), (0.04081597, 0.8893619), (0.24842572, 0.89782023), (0.30855808, 0.8320408), (0.4424467, 0.8544043), (0.29227564, 0.83201754), (0.23214304, 0.89782023), (0.30863428, 0.82050306), (0.42616406, 0.8544043), (0.29235187, 0.8204798), (0.24842572, 0.8693009), (0.30863428, 0.8521808), (0.64089525, 0.97757864), (0.44244674, 0.8829236), (0.29235187, 0.85215753), (0.64089525, 0.9613343), (0.23214304, 0.8693009), (0.6291595, 0.9784739), (0.42616406, 0.8829236), (0.6291595, 0.96222943), (0.69972694, 0.82409996), (0.7976285, 0.8609684), (0.6834445, 0.8240768), (0.8677001, 0.18800311), (0.6998032, 0.8125622), (0.78134584, 0.8609684), (0.68352073, 0.81253904), (0.8514174, 0.18800312), (0.9633814, 0.9021836), (0.6998032, 0.84424), (0.7976285, 0.8324491), (0.9633814, 0.918428), (0.68352073, 0.8442167), (0.8677001, 0.21652246), (0.97511715, 0.9012884), (0.78134584, 0.8324491), (0.97511715, 0.9175328), (0.8514174, 0.21652246), (0.97940046, 0.87125224), (0.38737503, 0.9334365), (0.7668622, 0.8982079), (0.97940046, 0.8549568), (0.37119052, 0.9322019), (0.16052282, 0.8933497), (0.99089897, 0.8711923), (0.75057954, 0.8982079), (0.99089897, 0.85489684), (0.17680545, 0.8933497), (0.8996768, 0.96780264), (0.38737503, 0.95405143), (0.7668622, 0.8696885), (0.91595906, 0.9678007), (0.37119052, 0.95281684), (0.16052279, 0.8648303), (0.8996768, 0.9515091), (0.75057954, 0.8696885), (0.91595906, 0.95150715), (0.17680545, 0.8648303), (0.20959838, 0.81614864), (0.19331592, 0.864808), (0.19331592, 0.8161254), (0.9001857, 0.16355018), (0.2096746, 0.80461085), (0.9001853, 0.22058515), (0.2095986, 0.864808), (0.19339217, 0.80458766), (0.8839031, 0.2205871), (0.8839031, 0.16355018), (0.6174238, 0.9622295), (0.20967461, 0.83628863), (0.19331592, 0.89332736), (0.6174238, 0.9784739), (0.19339217, 0.8362654), (0.90018576, 0.19206952), (0.90018535, 0.19206952), (0.6291595, 0.9613343), (0.2095986, 0.89332736), (0.6291595, 0.9775787), (0.8839031, 0.19207148), (0.97969896, 0.6700107), (0.8833946, 0.9504209), (0.16052277, 0.89334965), (0.979699, 0.65371525), (0.8995791, 0.9516555), (0.5423123, 0.8933645), (0.9911975, 0.66995066), (0.14424011, 0.89334965), (0.9911975, 0.65365523), (0.558595, 0.8933645), (0.89967513, 0.96795267), (0.8833946, 0.92980605), (0.16052279, 0.8648303), (0.89967513, 0.9516574), (0.8995791, 0.93104064), (0.5423123, 0.86484516), (0.8833946, 0.9679507), (0.14424011, 0.8648303), (0.8833946, 0.9516555), (0.558595, 0.86484516), (0.9903247, 0.80951536), (0.936066, 0.8023162), (0.666998, 0.84616995), (0.9903247, 0.82581085), (0.95225054, 0.8035508), (0.5748777, 0.86484516), (0.97882617, 0.8095754), (0.68328077, 0.84616995), (0.97882617, 0.8258708), (0.5911604, 0.86484516), (0.947222, 0.95018643), (0.936066, 0.7817013), (0.666998, 0.8746893), (0.93093973, 0.95018834), (0.95225054, 0.78293586), (0.5748777, 0.8363258), (0.947222, 0.96647996), (0.68328077, 0.8746893), (0.93093973, 0.9664819), (0.5911604, 0.8363258), (0.66666734, 0.97275805), (0.7495277, 0.930269), (0.20959863, 0.86480796), (0.66666734, 0.9890536), (0.7333431, 0.92903435), (0.35092825, 0.87673503), (0.6551688, 0.9728181), (0.19331594, 0.86480796), (0.65516883, 0.98911357), (0.36721092, 0.87673503), (0.90773433, 0.7652358), (0.7495277, 0.9508839), (0.20959862, 0.83628863), (0.90773433, 0.78153104), (0.7333432, 0.94964933), (0.35092822, 0.8482157), (0.92401487, 0.76523775), (0.19331592, 0.83628863), (0.92401487, 0.781533), (0.36721092, 0.8482157), (0.5066852, 0.8767355), (0.66666734, 0.96843356), (0.33053896, 0.84585536), (0.6829496, 0.9684316), (0.7005559, 0.95137846), (0.5229679, 0.8767355), (0.6666674, 0.95214), (0.34682164, 0.84585536), (0.7167404, 0.95261306), (0.6829496, 0.95213807), (0.97985727, 0.7809533), (0.5066852, 0.8482162), (0.33053896, 0.8743747), (0.97985727, 0.7646579), (0.99135584, 0.7808933), (0.7005559, 0.93076354), (0.5229679, 0.8482162), (0.34682164, 0.8743747), (0.99135584, 0.7645979), (0.7167404, 0.93199813), (0.9907646, 0.7817013), (0.66666734, 0.95090353), (0.12788147, 0.836311), (0.9907646, 0.79799676), (0.68285185, 0.9521381), (0.11144695, 0.8648303), (0.97926605, 0.7817613), (0.14416417, 0.836311), (0.97926605, 0.7980567), (0.12772964, 0.8648303), (0.96442115, 0.13503084), (0.66666734, 0.9302886), (0.12788147, 0.8648303), (0.9481389, 0.13503277), (0.68285185, 0.9315232), (0.11144693, 0.836311), (0.9644211, 0.1513244), (0.14416417, 0.8648303), (0.9481389, 0.15132633), (0.12772962, 0.836311), (0.46979553, 0.97573936), (0.71689117, 0.94998604), (0.07613146, 0.8323231), (0.46979553, 0.9920348), (0.7330757, 0.9512206), (0, 0.8608432), (0.45829698, 0.9757994), (0.09241417, 0.8323231), (0.45829698, 0.9920948), (0.016282702, 0.8608432), (0.7333431, 0.96717936), (0.7168911, 0.9293711), (0.07613148, 0.8608424), (0.7496254, 0.96717745), (0.7330757, 0.93060565), (0, 0.83232385), (0.7333432, 0.95088583), (0.09241417, 0.8608424), (0.7496254, 0.9508839), (0.016282687, 0.83232385), (0.99089897, 0.8375461), (0.42409897, 0.9334362), (0.11144692, 0.8648303), (0.99089897, 0.8538416), (0.40791446, 0.9322016), (0.81391126, 0.8324491), (0.97940046, 0.8376061), (0.095164225, 0.8648303), (0.97940046, 0.85390157), (0.7976285, 0.8324491), (0.7668618, 0.9501253), (0.424099, 0.9540511), (0.11144693, 0.836311), (0.7505796, 0.9501272), (0.40791446, 0.9528165), (0.81391126, 0.8609684), (0.7668618, 0.9664188), (0.09516423, 0.836311), (0.75057954, 0.96642077), (0.7976285, 0.8609684), (0.07338135, 0.8896899), (0.9359697, 0.85816103), (0.99191725, 0.5105337), (0.8839031, 0.13503084), (0.95215416, 0.8593957), (0.99191725, 0.5268291), (0.057098687, 0.8896899), (0.9804187, 0.5105937), (0.9001857, 0.13503084), (0.9804187, 0.5268891), (0.07338135, 0.8611706), (0.9359697, 0.8375461), (0.6834445, 0.95229757), (0.8839031, 0.106511466), (0.95215416, 0.83878076), (0.6834445, 0.96859276), (0.05709868, 0.86117053), (0.699725, 0.95229954), (0.9001857, 0.106511466), (0.699725, 0.96859473), (0.96358013, 0.01713967), (0.7496254, 0.87278134), (0.558595, 0.86484516), (0.9635801, 0.0008952357), (0.7333431, 0.87278324), (0.07613146, 0.8893618), (0.9753158, 0.016244434), (0.5748777, 0.86484516), (0.9753158, 0), (0.09241415, 0.8893618), (0.97615665, 0.106511466), (0.7496254, 0.9012969), (0.558595, 0.8933645), (0.97615665, 0.12280694), (0.7333431, 0.9012989), (0.07613148, 0.8608424), (0.98768526, 0.10657131), (0.5748777, 0.8933645), (0.98768526, 0.12286679), (0.09241414, 0.8608424), (0.17695732, 0.836288), (0.33053896, 0.95124286), (0.717188, 0.8745104), (0.16067488, 0.8363109), (0.34672347, 0.95247746), (0.86778164, 0.8498028), (0.17688116, 0.82478034), (0.7009053, 0.8745104), (0.16059873, 0.82480335), (0.851499, 0.8498028), (0.9644209, 0.106511466), (0.33053896, 0.93062794), (0.717188, 0.845991), (0.9481387, 0.10651343), (0.34672347, 0.93186253), (0.86778164, 0.8783222), (0.17695734, 0.80458766), (0.9644209, 0.12280502), (0.7009053, 0.8459911), (0.16067488, 0.8046106), (0.94813865, 0.122806974), (0.85149896, 0.8783222), (0.9747088, 0.9257755), (0.90028197, 0.028517595), (0.5257181, 0.8553192), (0.9747088, 0.94202), (0.8839997, 0.028519562), (0.2647084, 0.8693009), (0.96297306, 0.9266708), (0.5420008, 0.85531926), (0.96297306, 0.9429152), (0.24842574, 0.8693009), (0.9761569, 0.19285163), (0.90028197, 0.057033207), (0.5257181, 0.8838386), (0.9761569, 0.2091471), (0.8839997, 0.057035174), (0.2647084, 0.89782023), (0.9876855, 0.19291148), (0.5420008, 0.8838386), (0.9876855, 0.20920692), (0.24842574, 0.89782023), (0.5025855, 0.9614551), (0.93185663, 0.1595167), (0.94763035, 0.9257755), (0.5025855, 0.9776996), (0.94813883, 0.15951476), (0.93185616, 0.21733874), (0.49084973, 0.96235037), (0.93134767, 0.9257755), (0.49084973, 0.9785948), (0.94813883, 0.21733876), (0.42454267, 0.9714752), (0.93185663, 0.13503279), (0.94763035, 0.9012884), (0.4245427, 0.9877707), (0.94813883, 0.13503084), (0.9318562, 0.19285163), (0.4360713, 0.9715351), (0.93134767, 0.9012884), (0.43607134, 0.9878305), (0.94813883, 0.19285163), (0.9756033, 0.057035174), (0.90028197, 0.057035174), (0.6997272, 0.8727593), (0.9756033, 0.07327961), (0.8839997, 0.05703714), (0.2096746, 0.89332736), (0.96386755, 0.057930384), (0.6834445, 0.8727593), (0.96386755, 0.07417482), (0.22595729, 0.89332736), (0.9761569, 0.13503084), (0.90028197, 0.08555079), (0.6997272, 0.84423995), (0.9761569, 0.15132628), (0.8839997, 0.08555275), (0.20967461, 0.864808), (0.9876855, 0.1350907), (0.6834445, 0.84423995), (0.9876855, 0.15138613), (0.22595729, 0.864808), (0.96297306, 0.96172243), (0.34682116, 0.8743747), (0.2259573, 0.86480796), (0.96297306, 0.945478), (0.33053896, 0.87437665), (0.19324003, 0.836311), (0.9747088, 0.96082723), (0.2096746, 0.86480796), (0.9747088, 0.9445828), (0.17695734, 0.836311), (0.29227564, 0.9720719), (0.34682116, 0.9028903), (0.2259573, 0.83628863), (0.29227567, 0.9883674), (0.33053896, 0.9028923), (0.19324005, 0.8648303), (0.30380428, 0.9721317), (0.2096746, 0.83628863), (0.30380428, 0.98842716), (0.17695734, 0.8648303), (0.9761569, 0.19285163), (0.8996768, 0.8735528), (0.038439594, 0.8916938), (0.9761569, 0.20909606), (0.8833946, 0.87355477), (0.8839031, 0.16355018), (0.96442115, 0.19374685), (0.022156913, 0.8916938), (0.96442115, 0.20999128), (0.9001857, 0.16355018), (0.39946252, 0.9882466), (0.8996768, 0.90206844), (0.038439594, 0.8631744), (0.39946252, 0.9719511), (0.8833946, 0.9020704), (0.8839031, 0.13503084), (0.38793388, 0.9881868), (0.022156918, 0.8631744), (0.38793388, 0.9718913), (0.90018576, 0.13503084), (0.85149896, 0.79276407), (0.71718746, 0.8745104), (0.97615665, 0.106511466), (0.5748777, 0.8363258), (0.7009053, 0.8745124), (0.97615665, 0.12275588), (0.8677817, 0.79276407), (0.9644209, 0.107406706), (0.558595, 0.8363258), (0.9644209, 0.12365112), (0.85149896, 0.8212834), (0.71718746, 0.903026), (0.9761569, 0.20920692), (0.5748777, 0.86484516), (0.7009053, 0.90302795), (0.9761569, 0.22550236), (0.86778164, 0.8212834), (0.9876855, 0.20926678), (0.558595, 0.86484516), (0.9876855, 0.2255622), (0.96297306, 0.9788621), (0.6834445, 0.9012769), (0.7668622, 0.8696885), (0.96297306, 0.96261764), (0.6997267, 0.9012749), (0.44246095, 0.88406956), (0.97470874, 0.97796685), (0.75057954, 0.8696885), (0.97470874, 0.96172243), (0.45874363, 0.88406956), (0.85149896, 0.97129154), (0.6834445, 0.87276125), (0.7668622, 0.8411692), (0.851499, 0.987587), (0.6997267, 0.87275934), (0.44246095, 0.8555502), (0.86302763, 0.9713514), (0.75057954, 0.8411692), (0.86302763, 0.9876468), (0.45874363, 0.8555502), (0.9481389, 0.1928536), (0.12788147, 0.80458766), (0.74962586, 0.8727813), (0.96442115, 0.19285163), (0.11159901, 0.8046106), (0.14424013, 0.8648303), (0.9481389, 0.20914713), (0.7333431, 0.8727813), (0.9644211, 0.20914517), (0.16052279, 0.8648303), (0.1278053, 0.82478034), (0.7496258, 0.84426194), (0.11152284, 0.82480335), (0.14424011, 0.836311), (0.12788147, 0.8362879), (0.7333431, 0.84426194), (0.11159902, 0.8363109), (0.16052277, 0.836311), (0.97615534, 0.16276664), (0.90028197, 0), (0.5423123, 0.8363258), (0.97615534, 0.17901106), (0.8839997, 0.0000019594706), (0.016282681, 0.8608432), (0.9644196, 0.16366187), (0.2648604, 0.84078157), (0.558595, 0.8363258), (0.9644196, 0.1799063), (0.24857795, 0.8407583), (0, 0.8608432), (0.2648604, 0.80910385), (0.90028197, 0.028515643), (0.5423123, 0.86484516), (0.24857797, 0.8090806), (0.8839997, 0.028517595), (0.016282681, 0.8893626), (0.26478416, 0.8206416), (0.558595, 0.86484516), (0.24850172, 0.82061833), (6.918402e-9, 0.8893626), (0.24842528, 0.9664809), (0.1442401, 0.80458766), (0.8139112, 0.8894878), (0.23214304, 0.9664829), (0.12795766, 0.8046106), (0.33020782, 0.85141003), (0.24842528, 0.9501874), (0.7976285, 0.88948774), (0.23214304, 0.95018935), (0.31392512, 0.85141003), (0.14416394, 0.82478034), (0.81391126, 0.8609684), (0.12788147, 0.8248033), (0.33020782, 0.87992936), (0.14424011, 0.8362879), (0.7976286, 0.8609684), (0.12795764, 0.8363109), (0.31392515, 0.87992936), (0.96441954, 0.16276859), (0.11152284, 0.80458766), (0.05709868, 0.8608426), (0.96441954, 0.17906381), (0.095240384, 0.8046106), (0.38793388, 0.8801775), (0.948139, 0.16276664), (0.04081597, 0.8608426), (0.948139, 0.17906187), (0.40421656, 0.8801775), (0.11144664, 0.82478034), (0.057098664, 0.83232325), (0.095164225, 0.8248033), (0.38793388, 0.85165817), (0.11152284, 0.836288), (0.04081598, 0.8323232), (0.095240384, 0.836311), (0.40421656, 0.85165817), (0.9644211, 0.2254407), (0.19331592, 0.80458766), (0.6426827, 0.84896296), (0.9481389, 0.22544263), (0.1770335, 0.80461067), (0.17688142, 0.8933497), (0.9644211, 0.20914713), (0.6589654, 0.84896296), (0.9481389, 0.20914906), (0.1931641, 0.89334965), (0.19323975, 0.82478034), (0.6426827, 0.8774823), (0.17695734, 0.82480335), (0.17688142, 0.8648303), (0.19331592, 0.836288), (0.6589654, 0.8774823), (0.17703353, 0.836311), (0.1931641, 0.8648303), (0.24842574, 0.8693009), (0.5420767, 0.7927441), (0.7168911, 0.95122254), (0.095164225, 0.89334965), (0.52579427, 0.7927671), (0.7331733, 0.9512206), (0.23214304, 0.8693009), (0.7168911, 0.96751606), (0.1114469, 0.89334965), (0.7331733, 0.9675141), (0.24842572, 0.84078157), (0.54200053, 0.81293684), (0.095164254, 0.86483026), (0.5257181, 0.81295985), (0.23214304, 0.8407815), (0.5420767, 0.8244444), (0.1114469, 0.86483026), (0.52579427, 0.8244674), (0.8575914, 0.54797333), (0.24471478, 0.5722593), (0.2896566, 0.42820156), (0.85755146, 0.5425091), (0.2500882, 0.5668715), (0.8746854, 0.18179707), (0.85755146, 0.79276407), (0, 0.5668715), (0.85759145, 0.7874743), (0.0053734398, 0.5722593), (0.28965658, 0.77488166), (0.8746854, 0.00073966035), (0.0053734537, 0.32150206), (0.874121, 0.008329725), (2.7673607e-8, 0.32688987), (0.28877562, 0.59811586), (0.2500882, 0.32688987), (0.28877565, 0.60572827), (0.2447148, 0.3215021), (0.8677817, 0.5479721), (0.2976491, 0.5425078), (0.27946618, 0.42820153), (0.8677417, 0.5425078), (0.2922757, 0.53712004), (0.8645538, 0.18105742), (0.86774176, 0.7927628), (0.54236376, 0.5371199), (0.8677817, 0.7874731), (0.53699034, 0.54250777), (0.27946615, 0.77488166), (0.8645538, 0), (0.5369903, 0.2917505), (0.8639894, 0.007590076), (0.5423637, 0.29713827), (0.27858523, 0.59811586), (0.29227564, 0.29713833), (0.2785852, 0.6057282), (0.29764906, 0.29175055), (0.30853692, 0.5311008), (0.30365238, 0.5262032), (0.5309873, 0.52620316), (0.5261028, 0.53110075), (0.5261028, 0.3031575), (0.5309873, 0.3080551), (0.30365232, 0.30805516), (0.30853686, 0.30315757), (0.7690527, 0.2502362), (0.8575115, 0.7872484), (0.77442497, 0.2448596), (0.8424929, 0.54250795), (0.8575514, 0.7927114), (0.52438825, 0.2448596), (0.8639894, 0.18177815), (0.85755134, 0.5425078), (0.5297606, 0.2502362), (0.85751146, 0.5477967), (0.5297606, 0), (0.8424929, 0.8887915), (0.86398935, 0.001090023), (0.52438825, 0.005376607), (0.863425, 0.008671251), (0.77442497, 0.005376607), (0.84161294, 0.7120692), (0.7690527, 1.3847848e-8), (0.84161294, 0.7196729), (0.84249294, 0.78725016), (0.29764795, 0.7927441), (0.8274741, 0.5425078), (0.8425329, 0.79271317), (0.29227564, 0.78736746), (0.84905726, 0.18068813), (0.8425328, 0.5425097), (0.54231226, 0.7873676), (0.8424929, 0.5477985), (0.53694, 0.79274416), (0.8274741, 0.88879144), (0.8490573, 0), (0.53694004, 0.5425079), (0.848493, 0.007581233), (0.5423123, 0.5478845), (0.82659423, 0.7120691), (0.29227573, 0.54788446), (0.8265942, 0.7196728), (0.297648, 0.5425078), (0.30291313, 0.7872381), (0.8880495, 0.8735528), (0.8790165, 0.00027678907), (0.29777724, 0.7820981), (0.87847704, 0.007524411), (0.5368107, 0.7820982), (0.8872082, 0.70460737), (0.5316748, 0.7872382), (0.8872082, 0.71187645), (0.53167486, 0.5480139), (0.88808763, 0.54773086), (0.53681076, 0.5531539), (0.8880494, 0.5425079), (0.2977773, 0.5531538), (0.8880496, 0.78170127), (0.8790165, 0.17301348), (0.30291322, 0.54801387), (0.8880877, 0.7766452), (0.7813458, 0.77659214), (0.88423586, 0.87355274), (0.8752249, 0), (0.7762099, 0.7817321), (0.8746854, 0.00724761), (0.77620995, 0.5425079), (0.8833946, 0.70460737), (0.7813458, 0.5476479), (0.8833946, 0.7118764), (0.5423123, 0.54764783), (0.8919012, 0.54773045), (0.8842358, 0.5425078), (0.5474482, 0.5425078), (0.89186305, 0.5425078), (0.5474482, 0.7817321), (0.8918631, 0.7817008), (0.8752249, 0.17273673), (0.5423123, 0.7765921), (0.89190125, 0.7766447), (0.23218086, 0.8090806), (0.54744864, 0.2917505), (0.78139186, 0.7694082), (0.2321431, 0.80390996), (0.54236376, 0.29683942), (0.23214304, 0.57727057), (0.54236376, 0.5235084), (0.77495915, 0.1710201), (0.2321808, 0.5722647), (0.54744864, 0.52859735), (0.78134584, 0.6090357), (0.7790218, 0.29683942), (0.78136253, 0.6018388), (0.7739369, 0.2917505), (0.774425, 0.0071755983), (0.7739369, 0.5285974), (0.7818079, 0.7691068), (0.7749591, 0), (0.7790218, 0.5235084), (0.27696663, 0.8090752), (0.82617784, 0.76921105), (0.27692887, 0.80390453), (0.2769288, 0.57726514), (0.819487, 0.17427057), (0.27696657, 0.5722593), (0.8261321, 0.60913986), (0.8261488, 0.6019431), (0.81895286, 0.010426083), (0.8265942, 0.76921105), (0.819487, 0.003250477), (0.5535702, 0.29815206), (0.54876024, 0.3029659), (0.54876024, 0.51738197), (0.5535702, 0.5221958), (0.7726253, 0.3029659), (0.7678153, 0.2981521), (0.7678153, 0.5221958), (0.7726253, 0.51738197), (0.6300338, 0.2917505), (0.78134584, 0.82792854), (0.8261318, 0.8277313), (0.6300338, 0.2981521), (0.7813893, 0.8324491), (0.78180784, 0.5425078), (0.6902053, 0.2917505), (0.27141, 0.8090806), (0.8265942, 0.5426121), (0.27141, 0.8539021), (0.6902053, 0.2981521), (0.27780563, 0.8090814), (0.82617784, 0.83225185), (0.27780563, 0.8539055), (0.94722205, 0.9501362), (0.9551932, 0.57160133), (0.98904926, 0.027735433), (0.9313872, 0.95018643), (0.9394536, 0.5704007), (0.9888646, 0.47631198), (0.9823665, 0.02773535), (0.94707966, 0.9454136), (0.98218185, 0.47631198), (0.93134767, 0.9454635), (0.74372405, 0.96717936), (0.9551932, 0.5916496), (0.98904926, 0), (0.74372405, 0.9830267), (0.9394536, 0.590449), (0.98886466, 0.50404745), (0.75040597, 0.9671802), (0.9823665, 6.923924e-9), (0.94722205, 0.9257755), (0.75040597, 0.9830275), (0.98218185, 0.50404745), (0.9313872, 0.9258258), (0.9805, 0.2633643), (0.95520484, 0.682818), (0.9394061, 0.6258783), (0.9805, 0.24744071), (0.93940794, 0.6813912), (0.5257185, 0.91157407), (0.99168247, 0.26299846), (0.923571, 0.62587804), (0.99168247, 0.24655573), (0.5415541, 0.9115741), (0.095164254, 0.94697666), (0.95520484, 0.70288956), (0.9394061, 0.5981431), (0.095164225, 0.962656), (0.93965, 0.70148456), (0.5257181, 0.8838386), (0.11099727, 0.94681066), (0.923571, 0.5981432), (0.11099727, 0.96406054), (0.5415541, 0.8838387), (0.55814743, 0.9454611), (0.40437046, 0.9360459), (0.23211697, 0.9562311), (0.54165435, 0.9454611), (0.38793388, 0.9356467), (0.9821679, 0.90128756), (0.22543414, 0.95623034), (0.557216, 0.9407381), (0.9888505, 0.9012876), (0.5419445, 0.9407381), (0.55146766, 0.9830079), (0.40437046, 0.9560421), (0.23211697, 0.9284948), (0.55146766, 0.9978134), (0.38962722, 0.955684), (0.98216766, 0.8735521), (0.5581496, 0.9839065), (0.22543414, 0.9284941), (0.5562865, 0.92110056), (0.5581496, 0.99784625), (0.9888505, 0.87355214), (0.5423577, 0.92110056), (0.9754654, 0.39354828), (0.9394079, 0.777994), (0.3496706, 0.7927441), (0.9754654, 0.40939584), (0.9551475, 0.77919465), (0.3496706, 0.79274416), (0.961955, 0.39449313), (0.36880225, 0.7927448), (0.961955, 0.40952626), (0.33053896, 0.7927441), (0.96203583, 0.24655573), (0.9394079, 0.7579457), (0.34967062, 0.8204796), (0.9462012, 0.24655765), (0.9551475, 0.75914633), (0.3496706, 0.8204796), (0.9620359, 0.26570013), (0.36880225, 0.8204795), (0.9462012, 0.26570204), (0.33053896, 0.8204796), (0.97560364, 0.21007073), (0.8847975, 0.10559748), (0.5066849, 0.9132082), (0.97560364, 0.22553207), (0.9001833, 0.10627467), (0.9201346, 0.8652816), (0.96442115, 0.20999128), (0.4908498, 0.9132083), (0.96442115, 0.22559042), (0.9359697, 0.8652816), (0.31144163, 0.9542095), (0.8839997, 0.08555275), (0.5066849, 0.8854729), (0.31144166, 0.97047234), (0.9001833, 0.086265065), (0.9201351, 0.83754617), (0.32727468, 0.9558941), (0.49084973, 0.8854715), (0.32727468, 0.9698277), (0.9359697, 0.8375461), (0.28024697, 0.9765382), (0.5232561, 0.9334669), (0.931856, 0.13424692), (0.28024697, 0.9932227), (0.5066852, 0.9322028), (0.9160206, 0.19285163), (0.26906452, 0.97729474), (0.9160208, 0.13424633), (0.26906452, 0.99263763), (0.90018594, 0.19285178), (0.96386755, 0.07419808), (0.5232561, 0.9535152), (0.931856, 0.106511466), (0.96386755, 0.05796204), (0.5071304, 0.95228505), (0.91602105, 0.2205871), (0.9480345, 0.07419619), (0.9160209, 0.106511466), (0.9480345, 0.057035174), (0.90018535, 0.2205871), (0.03333939, 0.97854614), (0.95533705, 0.6273327), (0.54155326, 0.93930936), (0.03333939, 0.99460244), (0.9394062, 0.62591976), (0.4582973, 0.91180503), (0.022156913, 0.9793854), (0.5257181, 0.9393087), (0.022156913, 0.9944737), (0.47413227, 0.91180503), (0.14424011, 0.94685346), (0.95533705, 0.64740133), (0.54155326, 0.9115741), (0.14424011, 0.96265614), (0.9396576, 0.6460107), (0.45829698, 0.88406956), (0.16007315, 0.9468107), (0.52571815, 0.9115741), (0.16007315, 0.9639814), (0.47413296, 0.8840697), (0.9929418, 0.9257755), (0.9554114, 0.654876), (0.91611713, 0.08477156), (0.9929418, 0.94188887), (0.93940777, 0.65365523), (0.5907131, 0.89336467), (0.9817593, 0.9258339), (0.900282, 0.08477155), (0.9817593, 0.9423657), (0.5748777, 0.89336455), (0.29227564, 0.9720719), (0.9554114, 0.6749243), (0.91611713, 0.057036124), (0.30811033, 0.97207), (0.93967175, 0.67372364), (0.5907131, 0.9211001), (0.29343566, 0.95622605), (0.90028197, 0.057035174), (0.30811033, 0.95622426), (0.574878, 0.9211), (0.99356544, 0.6891187), (0.867914, 0.9350416), (0.40791446, 0.9044662), (0.99356544, 0.7056462), (0.85149896, 0.93378943), (0.037991952, 0.8916938), (0.98238295, 0.69016004), (0.42374963, 0.904467), (0.98238295, 0.7050246), (0.02215732, 0.8916939), (0.9521542, 0.85423046), (0.867914, 0.95508987), (0.4079145, 0.9322016), (0.9521542, 0.8700778), (0.85217434, 0.95388925), (0.037992533, 0.91942924), (0.96798724, 0.8542324), (0.42374957, 0.9322016), (0.96798724, 0.87087), (0.022156913, 0.91942924), (0.9754654, 0.37691987), (0.65920013, 0.9341797), (0.33053896, 0.8204796), (0.9754654, 0.39354828), (0.6426827, 0.9329496), (0.4261966, 0.7927441), (0.961955, 0.3780845), (0.31140727, 0.8204787), (0.961955, 0.392827), (0.4070655, 0.79274416), (0.8141953, 0.9418945), (0.65920013, 0.9542253), (0.33053896, 0.7927441), (0.7976285, 0.94185567), (0.6427306, 0.95299876), (0.42619658, 0.8204796), (0.8141953, 0.9610389), (0.31140733, 0.79274416), (0.79836065, 0.9610018), (0.40706548, 0.82047963), (0.99390584, 0.35556293), (0.93961686, 0.7569095), (0.91611713, 0.056254018), (0.99390584, 0.37141046), (0.9553682, 0.7579457), (0.49040303, 0.8854715), (0.98272336, 0.3558751), (0.900282, 0.056253806), (0.98272336, 0.3714688), (0.47456792, 0.88547164), (0.2095986, 0.9467894), (0.9394079, 0.7368623), (0.91611713, 0.02851859), (0.2095986, 0.962847), (0.9553682, 0.7379123), (0.490403, 0.91320693), (0.22543164, 0.94800687), (0.90028197, 0.028517595), (0.22543164, 0.9641586), (0.47456703, 0.91320693), (0.9754654, 0.41649735), (0.5066267, 0.9414543), (0.76971114, 0.80946827), (0.9754654, 0.4323449), (0.49084973, 0.94094205), (0.38793388, 0.8204796), (0.961955, 0.41656786), (0.75057954, 0.8094682), (0.961955, 0.4324154), (0.40706548, 0.8204796), (0.78054756, 0.9610198), (0.5066267, 0.9614551), (0.76971114, 0.7817321), (0.7961303, 0.96153456), (0.4910923, 0.96095073), (0.3879343, 0.79274416), (0.78030425, 0.941857), (0.7505796, 0.7817328), (0.7961303, 0.9423798), (0.40706548, 0.7927441), (0.7005559, 0.98615795), (0.308709, 0.9361998), (0.056651115, 0.91709834), (0.7005559, 0.96963155), (0.29227564, 0.93523693), (0.20915131, 0.89332765), (0.71173835, 0.9860996), (0.040816005, 0.91709834), (0.71173835, 0.9691446), (0.19331592, 0.89332736), (0.7976285, 0.97688645), (0.308709, 0.95622426), (0.056651115, 0.88936263), (0.813109, 0.9768846), (0.29330316, 0.95532167), (0.20915131, 0.9210632), (0.79843396, 0.9610407), (0.04081597, 0.889362), (0.813109, 0.9610389), (0.19331624, 0.9210629), (0.9936985, 0.45387578), (0.8688725, 0.9539108), (0.9394536, 0.59813535), (0.9936985, 0.4682602), (0.88315904, 0.95500064), (0.28490052, 0.8840608), (0.98251605, 0.45349526), (0.9236185, 0.5981357), (0.98251605, 0.46967375), (0.26906452, 0.8840607), (0.89190125, 0.7650935), (0.867914, 0.93378943), (0.9394536, 0.5704007), (0.89190125, 0.7804427), (0.88315904, 0.9349524), (0.28490052, 0.9117962), (0.9077343, 0.7645973), (0.92361856, 0.57040113), (0.9077343, 0.78153294), (0.2690647, 0.9117961), (0.98733777, 0.16276664), (0.9553933, 0.71034575), (0.63325894, 0.9140074), (0.98733777, 0.17886192), (0.93940765, 0.70912635), (0.6169767, 0.8893225), (0.97615534, 0.16282499), (0.61742383, 0.9140074), (0.97615534, 0.17966715), (0.6011411, 0.88932234), (0.35092822, 0.9704366), (0.9553933, 0.730394), (0.63325894, 0.886272), (0.36675403, 0.9699063), (0.9396537, 0.7291934), (0.6169767, 0.917058), (0.35194477, 0.95454794), (0.6174238, 0.8862707), (0.36675403, 0.95405173), (0.6011412, 0.9170578), (0.97882617, 0.81014913), (0.9162757, 0.944061), (0.851499, 0.90605456), (0.97882617, 0.8253256), (0.9313476, 0.94522655), (0.90773773, 0.6536554), (0.9676437, 0.80951536), (0.86733407, 0.90605396), (0.9676437, 0.8274729), (0.89190125, 0.65365523), (0.8193342, 0.20886482), (0.91560924, 0.92395955), (0.85149896, 0.93378943), (0.81933427, 0.22471215), (0.9313476, 0.9251767), (0.90773773, 0.6813909), (0.8351672, 0.20886672), (0.86733407, 0.93378943), (0.8351672, 0.22559859), (0.8919021, 0.68139076), (0.961955, 0.44833344), (0.45821762, 0.9404916), (0.31140727, 0.8204798), (0.961955, 0.4324859), (0.44246095, 0.93954027), (0.36880225, 0.8204796), (0.9754654, 0.44787478), (0.29227564, 0.8204795), (0.9754654, 0.4324154), (0.38793388, 0.8204796), (0.9617197, 0.26570204), (0.45821762, 0.96051824), (0.31140727, 0.7927441), (0.9462035, 0.26570204), (0.4427778, 0.959586), (0.36880225, 0.79274416), (0.96203583, 0.28484645), (0.29227564, 0.7927444), (0.9462012, 0.28484645), (0.38793388, 0.7927441), (0.84954405, 0.9800061), (0.52685106, 0.959444), (0.31392515, 0.90766215), (0.84954405, 0.9947129), (0.5414577, 0.96055824), (0.8673341, 0.93378943), (0.83836156, 0.9789237), (0.3297602, 0.9076612), (0.83836156, 0.99477124), (0.8831692, 0.93378943), (0.38793388, 0.95604205), (0.5257181, 0.9393093), (0.31392512, 0.9353967), (0.38793388, 0.9718894), (0.5414577, 0.94051), (0.8673341, 0.90605396), (0.4037669, 0.95604396), (0.32976022, 0.9353967), (0.4037669, 0.9718913), (0.8831692, 0.90605396), (0.8260408, 0.9765473), (0.91678137, 0.086212784), (0.9202308, 0.7817013), (0.82604074, 0.9931747), (0.90028197, 0.08477156), (0.9235731, 0.7368618), (0.8148583, 0.97784805), (0.936066, 0.7817023), (0.8148583, 0.99223137), (0.93940747, 0.7368618), (0.6585157, 0.97042984), (0.91678137, 0.10627908), (0.92023087, 0.80943656), (0.6585157, 0.9542253), (0.90070134, 0.10487448), (0.9235728, 0.70912635), (0.6426827, 0.9703437), (0.936066, 0.80943656), (0.6426827, 0.95458066), (0.93940765, 0.7091264), (0.96808356, 0.7992344), (0.4903486, 0.94128525), (0.9042112, 0.80951536), (0.9680836, 0.7833869), (0.47456703, 0.94094247), (0.90773743, 0.7091265), (0.97926605, 0.7991761), (0.9200463, 0.80951536), (0.97926605, 0.7817013), (0.89190125, 0.70912635), (0.2841691, 0.96069247), (0.4903486, 0.9612803), (0.9042113, 0.83725166), (0.26936316, 0.9606925), (0.4755923, 0.96095973), (0.90773743, 0.7368619), (0.28457615, 0.9765381), (0.9200463, 0.83725137), (0.26906452, 0.9765381), (0.89190215, 0.7368619), (0.9936985, 0.43726185), (0.47446278, 0.9398951), (0.8134637, 0.9172241), (0.9936985, 0.45349526), (0.45829698, 0.939541), (0.66666746, 0.9302884), (0.98251605, 0.4379736), (0.7976285, 0.9172236), (0.98251605, 0.45335028), (0.68250245, 0.93028855), (0.48902383, 0.96128035), (0.47446278, 0.9598902), (0.8134637, 0.8894878), (0.4745689, 0.9612803), (0.46005636, 0.9595746), (0.66666734, 0.9025529), (0.4894831, 0.977126), (0.7976286, 0.88948816), (0.47456703, 0.977126), (0.68250245, 0.9025531), (0.9936637, 0.3043783), (0.94004214, 0.6182556), (0.7167404, 0.9307628), (0.9936637, 0.32009685), (0.9556449, 0.61955655), (0.9155119, 0.9012883), (0.9824813, 0.30365372), (0.7009054, 0.9307635), (0.9824813, 0.31998247), (0.8996769, 0.90128833), (0.34637198, 0.96904665), (0.9394061, 0.5981431), (0.7167404, 0.903028), (0.34637198, 0.95268756), (0.9556449, 0.599497), (0.9155121, 0.92902374), (0.33053896, 0.968899), (0.7009053, 0.90302795), (0.33053896, 0.9524774), (0.8996768, 0.92902374), (0.699374, 0.9522976), (0.3866309, 0.9698493), (0.826594, 0.9594076), (0.6835393, 0.95223427), (0.3866309, 0.9540514), (0.8265941, 0.916528), (0.81521624, 0.9594076), (0.69936424, 0.94425637), (0.81521636, 0.916528), (0.6835295, 0.944193), (0.6174238, 0.9785038), (0.37119052, 0.9708667), (0.826594, 0.9379677), (0.6174238, 0.9941902), (0.37119052, 0.9552292), (0.8265942, 0.9379678), (0.62880003, 0.9784739), (0.81521624, 0.9379677), (0.699374, 0.92907625), (0.62880003, 0.9944161), (0.81521624, 0.9379678), (0.6834445, 0.9290125), (0.98237157, 0.5869632), (0.93948126, 0.56255615), (0.35092822, 0.90446687), (0.98237157, 0.5711156), (0.9552209, 0.56375676), (0.22543412, 0.8933274), (0.99355406, 0.5862485), (0.36676335, 0.90446734), (0.99355406, 0.5704007), (0.2095986, 0.89332736), (0.86733204, 0.97129154), (0.93948126, 0.5425078), (0.35092825, 0.9322023), (0.86733204, 0.9554442), (0.9552209, 0.5437085), (0.22543414, 0.9210629), (0.851499, 0.97128963), (0.36676335, 0.9322023), (0.85149896, 0.95508987), (0.2095988, 0.9210628), (0.021790639, 0.91709894), (0.84242886, 0.916528), (0.98251504, 0.62591976), (0.021790639, 0.93289685), (0.8265942, 0.9165299), (0.9890312, 0.7368623), (0.017116483, 0.9175581), (0.98900014, 0.62591976), (0.7506041, 0.9259437), (0.017116468, 0.93325347), (0.98254603, 0.7368623), (0.7663362, 0.9259437), (0.75057954, 0.9501253), (0.84242886, 0.9442598), (0.98251504, 0.6536552), (0.76641446, 0.9501253), (0.8265942, 0.94426167), (0.9890312, 0.7645977), (0.9890002, 0.6536552), (0.7506034, 0.94552994), (0.98254603, 0.7645977), (0.76643825, 0.94552994), (0.011413122, 0.96191984), (0.9078111, 0.54266745), (0.24797828, 0.9255558), (0.011413122, 0.9777936), (0.89190125, 0.5425078), (0.1272822, 0.8933497), (0, 0.963097), (0.23214343, 0.9255557), (0, 0.9794882), (0.11144702, 0.8933502), (0.6778791, 0.98557395), (0.9078111, 0.57040066), (0.24797828, 0.8978204), (0.6778791, 0.96989435), (0.89214504, 0.5702435), (0.1272822, 0.92108476), (0.66666734, 0.9856837), (0.23214304, 0.8978203), (0.66666734, 0.96843356), (0.11144696, 0.92108566), (0.26893502, 0.8978203), (0.6591755, 0.87748235), (0.98265386, 0.057035327), (0.26893502, 0.9142748), (0.6426827, 0.8774823), (0.98257107, 0.73686135), (0.26426086, 0.8990815), (0.98913825, 0.057035174), (0.8677817, 0.87041265), (0.26426086, 0.91431737), (0.98905617, 0.7368615), (0.8830532, 0.87041265), (0.8679941, 0.8945943), (0.65813124, 0.90521413), (0.98265386, 0.08477081), (0.882788, 0.8945943), (0.64333755, 0.90521413), (0.98257107, 0.70912635), (0.98913825, 0.08477065), (0.868915, 0.889999), (0.98905617, 0.70912635), (0.8828438, 0.8899989), (0.34195206, 0.96904665), (0.63325846, 0.9140074), (0.44037777, 0.93536973), (0.34195206, 0.9848445), (0.6174238, 0.91400933), (0.91611713, 0.0847706), (0.33053896, 0.97078884), (0.42454338, 0.9353697), (0.33053896, 0.9857749), (0.93195224, 0.08477057), (0.49084973, 0.9785948), (0.63325846, 0.9417392), (0.44037777, 0.9076343), (0.49084973, 0.9944423), (0.6174238, 0.9417411), (0.91611713, 0.057035174), (0.5020615, 0.97865295), (0.42454267, 0.9076343), (0.5020615, 0.9945005), (0.93195224, 0.05703519), (0.48598015, 0.977126), (0.9041476, 0.8375461), (0.74917835, 0.92903435), (0.48598015, 0.9925389), (0.8886988, 0.8375461), (0.9077377, 0.7368622), (0.47456703, 0.97785926), (0.7333431, 0.92903435), (0.47456703, 0.9934096), (0.9235728, 0.7368622), (0.9824813, 0.32009685), (0.9042994, 0.8652779), (0.74917823, 0.90129894), (0.9824813, 0.33635995), (0.8880495, 0.86527795), (0.90773773, 0.70912635), (0.993693, 0.32183778), (0.73334455, 0.9012988), (0.993693, 0.3357716), (0.9235728, 0.7091268), (0.97567284, 0.28484645), (0.3878615, 0.87673444), (0.095164225, 0.8323231), (0.97567284, 0.30147874), (0.37119052, 0.87673444), (0.019032815, 0.8045881), (0.961955, 0.28658888), (0.07613202, 0.832323), (0.961955, 0.3018837), (1.17612835e-7, 0.80458766), (0.961955, 0.30365372), (0.38785818, 0.9044662), (0.095164225, 0.80458766), (0.961955, 0.31989), (0.37163508, 0.9044662), (0.019032815, 0.8323232), (0.9754307, 0.30372366), (0.07613146, 0.80458766), (0.9754307, 0.3208849), (0, 0.8323238), (0.97567284, 0.33965722), (0.73334074, 0.8461708), (0.05709868, 0.8323232), (0.97567284, 0.35566324), (0.7172981, 0.84602875), (0.5066853, 0.82048017), (0.961955, 0.34148207), (0.038066585, 0.8323231), (0.961955, 0.35652313), (0.52571803, 0.8204802), (0.961955, 0.32246098), (0.73334074, 0.8739037), (0.057098664, 0.8045878), (0.961955, 0.3382639), (0.7175513, 0.8737639), (0.5066852, 0.7927451), (0.9754308, 0.3224863), (0.038065877, 0.80458766), (0.9754308, 0.33965722), (0.52571803, 0.7927441), (0.9794004, 0.8375461), (0.73334074, 0.8739037), (0.6426827, 0.9052142), (0.9794004, 0.853609), (0.71724045, 0.8739037), (0.45829606, 0.91180503), (0.9679873, 0.83841676), (0.6585178, 0.90521413), (0.9679873, 0.8548968), (0.44246095, 0.91180533), (0.98272336, 0.33965722), (0.7333374, 0.9016355), (0.6426828, 0.9329496), (0.98272336, 0.35550475), (0.7175027, 0.9016355), (0.45829606, 0.93954027), (0.9939351, 0.34087637), (0.6585169, 0.9329496), (0.9939351, 0.35556293), (0.44246095, 0.93954027), (0.91786385, 0.9861057), (0.36744234, 0.87673503), (0.91611713, 0.028517595), (0.91786385, 0.9696299), (0.35092822, 0.87673503), (0.1768056, 0.92108524), (0.929277, 0.98425514), (0.9319514, 0.02851763), (0.929277, 0.9694371), (0.19264063, 0.92108566), (0.44246095, 0.9763655), (0.367439, 0.90446687), (0.91611713, 0.056253042), (0.44246098, 0.992213), (0.35160434, 0.90446687), (0.17680547, 0.89335024), (0.4536727, 0.9764237), (0.93195224, 0.056253035), (0.45367268, 0.9930616), (0.19264063, 0.8933497), (0.3228548, 0.9704724), (0.42452937, 0.8767344), (0.5066852, 0.90446734), (0.3228548, 0.98704875), (0.40791446, 0.8767344), (0.90781105, 0.5702433), (0.31144163, 0.97243375), (0.5225194, 0.9044674), (0.31144163, 0.98713005), (0.9236461, 0.57024384), (0.8088403, 0.9934667), (0.42448986, 0.90446615), (0.5066852, 0.9322028), (0.8088403, 0.9768865), (0.4079231, 0.90446615), (0.9078111, 0.5425078), (0.7976285, 0.99345565), (0.5225203, 0.9322028), (0.7976285, 0.9776081), (0.9236461, 0.54250836), (0.6426827, 0.9870984), (0.40397868, 0.8801775), (0.9235713, 0.6259198), (0.6426827, 0.9713005), (0.388144, 0.8801794), (0.8424294, 0.8887915), (0.6540958, 0.9859747), (0.9394062, 0.62591976), (0.6540958, 0.97042984), (0.8265943, 0.88879156), (0.979699, 0.67108095), (0.40397868, 0.90790933), (0.9235714, 0.65365523), (0.979699, 0.6550231), (0.38793388, 0.90791124), (0.8424294, 0.9165271), (0.9684873, 0.6698072), (0.9394055, 0.65365523), (0.96848726, 0.65365523), (0.8265942, 0.916528), (0.5066852, 0.9867111), (0.49085167, 0.8852871), (0.9155119, 0.9012883), (0.5066852, 0.9709132), (0.50668216, 0.8849229), (0.90778345, 0.59813654), (0.5180983, 0.9858405), (0.8996768, 0.9012883), (0.5180983, 0.9700426), (0.92361856, 0.59813654), (0.98240787, 0.029337248), (0.49109504, 0.8575424), (0.9155126, 0.8735528), (0.98240787, 0.044941135), (0.50668216, 0.85718375), (0.9077835, 0.5704007), (0.9936196, 0.028517595), (0.8996768, 0.87355286), (0.9936196, 0.044365134), (0.92361856, 0.57040113), (0.9620359, 0.26432827), (0.5066852, 0.90446734), (0.34637403, 0.93062776), (0.9620359, 0.24785365), (0.5231981, 0.90446734), (0.9235728, 0.7091262), (0.97344905, 0.26345766), (0.33053896, 0.93062794), (0.97344905, 0.24655573), (0.93940794, 0.70912594), (0.99163043, 0.5424403), (0.5070427, 0.8767355), (0.34637403, 0.9028923), (0.99163043, 0.52694726), (0.52252316, 0.8767355), (0.92357284, 0.6813912), (0.98041874, 0.5415761), (0.3305396, 0.9028924), (0.9804187, 0.5268891), (0.93940794, 0.68139124), (0.8787452, 0.9712682), (0.47355622, 0.8556331), (0.9160212, 0.19050209), (0.8787452, 0.9856075), (0.45918348, 0.8556331), (0.05709868, 0.91742605), (0.86733204, 0.97170126), (0.90018576, 0.19050166), (0.86733204, 0.9878291), (0.07293392, 0.91742516), (0.40791446, 0.971004), (0.47451717, 0.88336486), (0.9160212, 0.1627667), (0.40791446, 0.98635346), (0.45918015, 0.88336486), (0.05709872, 0.88969064), (0.4191262, 0.9705641), (0.9001857, 0.16276626), (0.4191262, 0.9875), (0.07293392, 0.8896899), (0.9620359, 0.2819883), (0.31392512, 0.9076612), (0.93185616, 0.22058713), (0.9620359, 0.26594344), (0.3300073, 0.9076612), (0.7330756, 0.9016355), (0.97344905, 0.28111768), (0.91602105, 0.22058713), (0.97344905, 0.26432827), (0.71724045, 0.901636), (0.9823989, 0.5425078), (0.31392846, 0.8799294), (0.93185616, 0.19285169), (0.9823989, 0.5583554), (0.32976314, 0.8799294), (0.7330756, 0.92937076), (0.9936107, 0.5441126), (0.9160223, 0.19285163), (0.9936107, 0.5589422), (0.7172405, 0.9293711), (0.9733681, 0.5105337), (0.89257175, 0.6536455), (0.07613146, 0.8893618), (0.9733681, 0.5256626), (0.90773594, 0.65365523), (0.9042994, 0.86528206), (0.961955, 0.5107143), (0.09196713, 0.8893618), (0.961955, 0.52861565), (0.92013466, 0.86528075), (0.98752654, 0.24239616), (0.89190125, 0.62591326), (0.07613204, 0.9170972), (0.98752654, 0.22654861), (0.90773594, 0.6259234), (0.9042995, 0.83754665), (0.97631484, 0.24233797), (0.091967136, 0.9170972), (0.97631484, 0.22560588), (0.92013466, 0.8375461), (0.97567284, 0.36007556), (0.6011411, 0.9447917), (0.0380656, 0.8323231), (0.97567284, 0.37587345), (0.6169758, 0.94478977), (0.057098694, 0.8323231), (0.961955, 0.3615089), (0.019033188, 0.8323231), (0.961955, 0.3769199), (0.076131456, 0.8323231), (0.961955, 0.45436063), (0.60145956, 0.91705984), (0.038065877, 0.80458766), (0.961955, 0.46988946), (0.6169758, 0.917058), (0.05709868, 0.80458766), (0.9754308, 0.45411187), (0.019032815, 0.80458766), (0.9754308, 0.46995944), (0.07613146, 0.80458766), (0.6402132, 0.97874045), (0.07726796, 0.94482905), (0.45829698, 0.91180503), (0.6402132, 0.9934012), (0.09196281, 0.94482905), (0.9319528, 1.730981e-9), (0.62880003, 0.9784739), (0.44246095, 0.91180503), (0.62880003, 0.9942718), (0.9161177, 0), (0.791516, 0.9945799), (0.07613146, 0.9170973), (0.45829612, 0.8840696), (0.791516, 0.9787324), (0.091966145, 0.9170973), (0.9319528, 0.027735436), (0.78030425, 0.99452174), (0.44246104, 0.88406956), (0.78030425, 0.9786742), (0.91611767, 0.027735436), (0.38260365, 0.9708667), (0.68328077, 0.87482023), (0.9358814, 0.8372509), (0.38260365, 0.987442), (0.66666734, 0.8746893), (0.37119055, 0.9322012), (0.37119052, 0.97297585), (0.9200473, 0.83725077), (0.37119052, 0.9873141), (0.38702554, 0.9322019), (0.98251605, 0.40952626), (0.68328077, 0.9025529), (0.9358814, 0.8095155), (0.98251605, 0.425731), (0.66708964, 0.9024253), (0.37119052, 0.9044662), (0.99372774, 0.4096687), (0.9200463, 0.80951536), (0.99372774, 0.42543197), (0.38702554, 0.9044665), (0.9733681, 0.4699594), (0.89190125, 0.62591326), (0.7813462, 0.8894881), (0.9733681, 0.48575732), (0.9077359, 0.625875), (0.9077377, 0.7645978), (0.961955, 0.47083002), (0.7971813, 0.8894878), (0.961955, 0.48825008), (0.92357296, 0.76459676), (0.039493296, 0.9794101), (0.89293, 0.59817886), (0.78134584, 0.91722363), (0.039493296, 0.99422807), (0.9077359, 0.5981431), (0.90773785, 0.7368623), (0.050705038, 0.97905904), (0.7971813, 0.9172233), (0.050705038, 0.9945833), (0.92357296, 0.7368622), (0.6834445, 0.98544526), (0.86771923, 0.8783222), (0.16007474, 0.9210851), (0.6834445, 0.96926266), (0.85149896, 0.8783222), (0.90773773, 0.7091258), (0.6948576, 0.98392326), (0.14424017, 0.9210851), (0.6948576, 0.96859473), (0.92357284, 0.709126), (1.3836804e-8, 0.97989154), (0.8666273, 0.90605396), (0.16007558, 0.89334965), (0, 0.9943582), (0.8521723, 0.90605396), (0.90773773, 0.6813909), (0.011211741, 0.97948825), (0.14424011, 0.8933497), (0.011211741, 0.9944164), (0.92357284, 0.6813909), (0.5257181, 0.9927735), (0.8886897, 0.8094367), (0.90028197, 3.461962e-8), (0.5257181, 0.9771041), (0.9043953, 0.80951536), (0.88339466, 0.9298059), (0.5371312, 0.99268335), (0.9161177, 0), (0.5371312, 0.9764057), (0.89922976, 0.929806), (0.28024697, 0.9765382), (0.8880495, 0.7817013), (0.9002826, 0.02773544), (0.28024697, 0.9928975), (0.9043953, 0.7817832), (0.8833946, 0.9020705), (0.29145873, 0.97674215), (0.9161176, 0.02773544), (0.29145873, 0.993164), (0.89922976, 0.9020704), (0.63366896, 0.96096414), (0.91551256, 0.9239595), (0.7668623, 0.84116924), (0.63366896, 0.94516623), (0.93134725, 0.9239576), (0.8264173, 0.8324491), (0.6426827, 0.96027654), (0.77936834, 0.8411692), (0.19305624, 0.9460845), (0.6426827, 0.94447863), (0.81391126, 0.8324491), (0.17722183, 0.9459581), (0.19305624, 0.9212112), (0.9156734, 0.9012901), (0.7668623, 0.86384153), (0.17738266, 0.921086), (0.93134725, 0.9012883), (0.8264173, 0.8551213), (0.77936834, 0.86384153), (0.19297092, 0.93007255), (0.81391126, 0.8551215), (0.17704174, 0.92994535), (0.9794004, 0.85489684), (0.5066844, 0.9132083), (0.9160215, 0.16276626), (0.9794004, 0.8706947), (0.49084973, 0.9132102), (0.6834445, 0.92901254), (0.9679873, 0.85642165), (0.9318561, 0.1627663), (0.9679873, 0.87221986), (0.6992796, 0.92901206), (0.98251617, 0.3817908), (0.5066844, 0.94094014), (0.9160215, 0.1905017), (0.98251617, 0.39763832), (0.49084973, 0.94094205), (0.6834445, 0.90127707), (0.9937279, 0.381849), (0.93185663, 0.19050172), (0.9937279, 0.39804894), (0.6992796, 0.9012769), (0.26426056, 0.93060106), (0.9825161, 0.4095262), (0.24842574, 0.93055195), (0.98257107, 0.70912635), (0.26430193, 0.9256051), (0.97546554, 0.40952626), (0.90778345, 0.5981431), (0.2484671, 0.925556), (0.9755205, 0.70912635), (0.89194876, 0.59813255), (0.79204, 0.9619005), (0.26430193, 0.95018756), (0.9825161, 0.3817908), (0.79204, 0.9776984), (0.2484671, 0.95013845), (0.98257107, 0.73686177), (0.7971217, 0.96153456), (0.9754655, 0.3817908), (0.90778345, 0.57041126), (0.7971217, 0.97737986), (0.9755205, 0.7368617), (0.89190125, 0.5704007), (0.40435943, 0.8320682), (0.57443035, 0.92109996), (0.38845247, 0.8317145), (0.14356466, 0.89335024), (0.40435943, 0.8208447), (0.558595, 0.92110014), (0.38793388, 0.8204795), (0.12772964, 0.8933497), (0.8265942, 0.96410704), (0.40430784, 0.85165817), (0.57443035, 0.89336455), (0.8265942, 0.9797375), (0.3886446, 0.8513099), (0.14356466, 0.921086), (0.83800733, 0.963069), (0.5585954, 0.89336467), (0.83800733, 0.98026514), (0.1277297, 0.9210851), (0.17701586, 0.9260821), (0.97549546, 0.76459783), (0.16052279, 0.9260821), (0.9753209, 0.59813654), (0.17704174, 0.921086), (0.9684449, 0.76459765), (0.8880495, 0.80951536), (0.16087708, 0.9210861), (0.9823715, 0.59813637), (0.9042112, 0.80980974), (0.13811058, 0.9636812), (0.17607689, 0.94566834), (0.97549546, 0.7368625), (0.1381106, 0.9784405), (0.161283, 0.94566834), (0.975321, 0.5704007), (0.14319229, 0.96419734), (0.9684441, 0.7368623), (0.8894884, 0.83727795), (0.14319229, 0.9788884), (0.9823715, 0.57040125), (0.9042112, 0.8375461), (0.24797787, 0.9306009), (0.97552043, 0.73686177), (0.23214304, 0.93055177), (0.9756033, 0.084770605), (0.24801923, 0.925605), (0.96846986, 0.73686177), (0.2321844, 0.9255558), (0.98265386, 0.08477061), (0.051229015, 0.9619194), (0.24801922, 0.9501874), (0.97552043, 0.70912635), (0.051229015, 0.97771734), (0.2321844, 0.9501383), (0.9756033, 0.057035174), (0.056310736, 0.96223134), (0.96846926, 0.70912635), (0.056310736, 0.9777679), (0.98265386, 0.057035495), (0.44218957, 0.834818), (0.8919015, 0.6813909), (0.4267406, 0.834818), (0.93185663, 0.13503088), (0.44238544, 0.8235973), (0.9077365, 0.68139094), (0.42679873, 0.8235973), (0.9160215, 0.13503084), (0.98238295, 0.6729065), (0.44244674, 0.8544043), (0.89190125, 0.70912635), (0.98238295, 0.6891187), (0.4261966, 0.8544043), (0.93185663, 0.16276586), (0.9937961, 0.6737133), (0.90773773, 0.7091263), (0.9937961, 0.68760353), (0.9160215, 0.16276628), (0.8142997, 0.92226917), (0.84249306, 0.9511882), (0.7976285, 0.9222174), (0.97513115, 0.504048), (0.81434107, 0.9172732), (0.8495437, 0.95118827), (0.7985062, 0.9172241), (0.98218185, 0.5040474), (0.5960594, 0.960638), (0.81434107, 0.94185567), (0.8424929, 0.9789237), (0.5960594, 0.9768234), (0.7981178, 0.9418053), (0.97513115, 0.47631225), (0.60114115, 0.96089965), (0.84954405, 0.9789236), (0.60114115, 0.97604823), (0.98218185, 0.47631198), (0.59115165, 0.92611617), (0.97567296, 0.33965722), (0.5751082, 0.92609555), (0.98238295, 0.6729065), (0.59147704, 0.9211205), (0.98272336, 0.33965722), (0.57564217, 0.92110014), (0.9753323, 0.6729069), (0.3088434, 0.9130754), (0.59147704, 0.94570285), (0.9756728, 0.36739266), (0.3088434, 0.92882884), (0.57568675, 0.9456825), (0.98238295, 0.7006423), (0.31392512, 0.9126433), (0.98272336, 0.36739266), (0.31392512, 0.928798), (0.97533244, 0.70064205), (0.7173429, 0.7947037), (0.42619658, 0.84821504), (0.7012424, 0.7946864), (0.5249663, 0.8204805), (0.7174239, 0.78174984), (0.4079154, 0.84821504), (0.7009053, 0.7817321), (0.5066852, 0.8204803), (0.9751311, 0.50404793), (0.7174239, 0.8142901), (0.42619658, 0.8204796), (0.9751311, 0.48825005), (0.70158905, 0.81427306), (0.5249663, 0.8482161), (0.961955, 0.5038957), (0.40791446, 0.82047963), (0.961955, 0.48925513), (0.5066852, 0.8482162), (0.017075108, 0.922148), (0.96841305, 0.62591976), (0.0005608368, 0.9220968), (0.97511715, 0.901288), (0.017116467, 0.9171521), (0.9754637, 0.6259198), (0, 0.91709894), (0.9821677, 0.9012884), (0.6118104, 0.9635991), (0.017116468, 0.9417345), (0.9684129, 0.6536552), (0.6118104, 0.979397), (0.0012816443, 0.9416854), (0.9751171, 0.8735521), (0.6168921, 0.9643362), (0.9754644, 0.6536552), (0.6168921, 0.97906077), (0.9821677, 0.8735521), (0.03877196, 0.9244784), (0.2849007, 0.947094), (0.022156913, 0.9244225), (0.98240787, 0.028517595), (0.037172727, 0.919477), (0.29195264, 0.947094), (0.022990735, 0.91942924), (0.97535723, 0.028518127), (0.31392512, 0.8964577), (0.03877196, 0.9440648), (0.28490052, 0.9748295), (0.31392512, 0.8799294), (0.022205086, 0.944009), (0.98240787, 0.056253027), (0.3088434, 0.89498466), (0.29195264, 0.97482944), (0.3088434, 0.8802636), (0.9753573, 0.05625299), (0.7332411, 0.8264425), (0.8919013, 0.7368618), (0.7174062, 0.8264425), (0.28489962, 0.9117962), (0.73304564, 0.8152218), (0.90773666, 0.7368619), (0.7174643, 0.8152218), (0.26906452, 0.9117962), (0.9919131, 0.27980682), (0.7333431, 0.84602875), (0.89190125, 0.7645973), (0.9919131, 0.26379925), (0.7172981, 0.84602875), (0.28489962, 0.9395315), (0.9805, 0.27946565), (0.9077374, 0.7645973), (0.9805, 0.2633643), (0.26906466, 0.9395306), (0.93195224, 0.048470516), (0.97549546, 0.7368623), (0.9477831, 0.048110887), (0.975772, 0.6258783), (0.9320397, 0.053465836), (0.9825461, 0.7368623), (0.9478705, 0.053106215), (0.9828226, 0.6258783), (0.27315348, 0.54259527), (0.93228304, 0.028871683), (0.9754962, 0.7645977), (0.27315348, 0.5581503), (0.9478705, 0.028517595), (0.97577196, 0.5981433), (0.2782352, 0.54133254), (0.9825461, 0.7645978), (0.27823523, 0.55747586), (0.9828226, 0.5981431), (0.5751082, 0.9260962), (0.97344905, 0.24655576), (0.558595, 0.9260962), (0.9823989, 0.5425078), (0.5748214, 0.92110014), (0.9804999, 0.24655573), (0.5586676, 0.92110014), (0.97534835, 0.5425079), (0.015835108, 0.9424755), (0.574856, 0.94568247), (0.9734494, 0.2742912), (0.0158351, 0.95792), (0.55937535, 0.94568247), (0.9823989, 0.5702437), (0.02091682, 0.94173443), (0.98049974, 0.2742912), (0.02091682, 0.95753235), (0.97534835, 0.5702438), (0.66623634, 0.82671666), (0.4741317, 0.9395405), (0.65186584, 0.82645047), (0.1605228, 0.9210851), (0.6669404, 0.81550705), (0.45829698, 0.939541), (0.6507776, 0.8152077), (0.17635776, 0.921086), (0.9684441, 0.765965), (0.6669404, 0.8463193), (0.4741317, 0.91180503), (0.9684441, 0.7812664), (0.6516058, 0.8460353), (0.16052279, 0.8933497), (0.97985727, 0.7645979), (0.458297, 0.91180545), (0.97985727, 0.7814807), (0.17635776, 0.8933504), (0.94803447, 0.062113617), (0.96872085, 0.5981431), (0.93195224, 0.062029704), (0.98251605, 0.40952626), (0.94743216, 0.057114378), (0.97577196, 0.5981431), (0.9322517, 0.057035174), (0.9754655, 0.4095264), (0.016282702, 0.8999746), (0.94803447, 0.08170015), (0.96872085, 0.6258786), (0.016282715, 0.9157725), (0.9321998, 0.08161753), (0.98251605, 0.43726185), (0.02136442, 0.8995869), (0.9757715, 0.6258786), (0.021364426, 0.9153848), (0.9754655, 0.43726185), (0.44179264, 0.88804287), (0.98251563, 0.46499732), (0.42662865, 0.8879347), (0.97336835, 0.5382691), (0.4424467, 0.8830514), (0.97546554, 0.46499732), (0.42454267, 0.88292366), (0.9804187, 0.53827053), (0.3088434, 0.89684534), (0.4424467, 0.9076343), (0.9825161, 0.43726185), (0.3088434, 0.91264325), (0.42661223, 0.9075213), (0.9733681, 0.5105337), (0.31392512, 0.8964577), (0.9754655, 0.43726188), (0.31392512, 0.9125398), (0.9804187, 0.5105338), (0.49084973, 0.83736587), (0.92357135, 0.65365523), (0.47501484, 0.83736587), (0.40376896, 0.90791124), (0.49052003, 0.82614523), (0.9077359, 0.65365523), (0.47507298, 0.8261452), (0.38793388, 0.90791124), (0.36234134, 0.98591685), (0.49063334, 0.85695213), (0.9235711, 0.62591976), (0.36234134, 0.97043663), (0.47511688, 0.85695213), (0.40376896, 0.9356467), (0.35092822, 0.98710513), (0.90773624, 0.62591976), (0.35092822, 0.9713072), (0.38793388, 0.9356467), (0.0554699, 0.922144), (0.9682819, 0.6729065), (0.040774923, 0.9220984), (0.97470886, 0.953511), (0.056651115, 0.9171516), (0.97533154, 0.67290664), (0.039493296, 0.91709834), (0.98175937, 0.95351183), (0.069600224, 0.9625491), (0.056651115, 0.941734), (0.96828073, 0.700642), (0.06960022, 0.978347), (0.040816285, 0.9416849), (0.97470874, 0.9257756), (0.074681945, 0.96332425), (0.9753323, 0.700642), (0.07468194, 0.9779594), (0.98175937, 0.9257755), (0.79691833, 0.92226976), (0.9754647, 0.62591976), (0.78030425, 0.9222182), (0.9817594, 0.9535119), (0.7971813, 0.91727453), (0.9825151, 0.62591976), (0.7807644, 0.9172236), (0.9747088, 0.9535122), (0.231115, 0.8784772), (0.7971813, 0.941857), (0.97546446, 0.65365523), (0.231115, 0.8623232), (0.7809895, 0.94180673), (0.9817594, 0.9812478), (0.22603329, 0.8788648), (0.9825151, 0.6536552), (0.22603329, 0.8630669), (0.97470874, 0.981248), (0.70084715, 0.7929528), (0.75057954, 0.8982079), (0.6850123, 0.7929528), (1.5220485e-7, 0.9170979), (0.7009053, 0.7817321), (0.76641464, 0.8982082), (0.6834445, 0.7817321), (0.01583508, 0.917099), (0.05709868, 0.9796758), (0.6998568, 0.81253904), (0.7505799, 0.9259433), (0.05709868, 0.9944474), (0.68505067, 0.81253904), (0, 0.8893626), (0.0685118, 0.97839725), (0.76641464, 0.9259436), (0.0685118, 0.9938729), (0.015835088, 0.8893627), (0.29260415, 0.90028644), (0.81391126, 0.8551215), (0.30882463, 0.90028644), (0.8778825, 0.18800311), (0.29227564, 0.9075015), (0.8240933, 0.8551215), (0.30811054, 0.9075015), (0.8677001, 0.18800358), (0.08347034, 0.99679726), (0.29359075, 0.8807001), (0.81391215, 0.88285685), (0.08347034, 0.9823759), (0.3080459, 0.8807001), (0.8778824, 0.21573901), (0.07613147, 0.99873364), (0.8240933, 0.88285697), (0.07613146, 0.9829357), (0.86770016, 0.21573901), (0.12690596, 0.9261287), (0.96827, 0.5704007), (0.11120002, 0.9260799), (0.9753158, 0.027735814), (0.12772964, 0.9211352), (0.97532, 0.5704008), (0.11189481, 0.921086), (0.9823665, 0.027735384), (0.02136442, 0.8995869), (0.12772964, 0.9457176), (0.9682691, 0.5981362), (0.021364419, 0.8832788), (0.11138345, 0.94566685), (0.9753158, 3.115766e-7), (0.016282702, 0.8985664), (0.9753209, 0.5981362), (0.016282707, 0.88414025), (0.9823665, 0), (0.94778717, 0.090521164), (0.2648604, 0.86028755), (0.93195224, 0.090521164), (0.7668623, 0.8862371), (0.9478329, 0.08170015), (0.27730894, 0.8602876), (0.915606, 0.95150715), (0.93199795, 0.08170015), (0.7793108, 0.8862371), (0.8997716, 0.95141727), (0.34195203, 0.9697622), (0.9477087, 0.10633653), (0.26486042, 0.8826831), (0.34195206, 0.98539966), (0.9320347, 0.10633653), (0.7668623, 0.86384153), (0.35092437, 0.96904665), (0.27730894, 0.8826832), (0.915606, 0.9291141), (0.35092437, 0.9849391), (0.7793108, 0.86384165), (0.8996768, 0.92902374), (0.94753975, 0.8785991), (0.968297, 0.5425078), (0.93170494, 0.87855), (0.9754307, 0.33138913), (0.9475811, 0.87360317), (0.97534764, 0.5425079), (0.93134767, 0.8735528), (0.9824813, 0.3313894), (0.9576029, 0.9633902), (0.9475811, 0.89818555), (0.96829677, 0.5702433), (0.9576029, 0.9791881), (0.9317463, 0.89813644), (0.9754307, 0.30365372), (0.96268463, 0.964135), (0.9753483, 0.5702433), (0.96268463, 0.9788005), (0.9824813, 0.30365372), (0.1927033, 0.98246485), (0.94782907, 0), (0.63560754, 0.9167433), (0.1927033, 0.9983122), (0.93199426, 0.000048772123), (0.28490052, 0.947094), (0.18562911, 0.9825669), (0.6426827, 0.9167432), (0.2848101, 0.9606925), (0.18562913, 0.99831134), (0.29197565, 0.947094), (0.26916674, 0.9595795), (0.94778764, 0.019637773), (0.63560754, 0.9444787), (0.93195283, 0.019686516), (0.28490052, 0.9193586), (0.94782907, 0.02463798), (0.6426827, 0.9444787), (0.2848101, 0.94065183), (0.93199426, 0.02468671), (0.29197565, 0.9193586), (0.26906452, 0.93953156), (0.9676437, 0.80951536), (0.75017405, 0.7817321), (0.5423124, 0.8933648), (0.9676437, 0.82543874), (0.7342632, 0.7817321), (0.47456703, 0.94094247), (0.95181066, 0.80982095), (0.55814743, 0.89336455), (0.9518106, 0.8262634), (0.49040157, 0.9409424), (0.75035346, 0.80136967), (0.5423123, 0.92110044), (0.7346863, 0.8013696), (0.4745674, 0.91320705), (0.75057954, 0.81256104), (0.55814743, 0.92110056), (0.7333431, 0.81256104), (0.49040157, 0.91320693), (0.9979732, 0.8562981), (0.14422272, 0.921086), (0.6595923, 0.9450234), (0.9979732, 0.8728041), (0.12772964, 0.9210861), (0.6598651, 0.87405473), (0.990899, 0.8572048), (0.66666734, 0.9450227), (0.9462012, 0.22560588), (0.990899, 0.87248826), (0.6669404, 0.8740547), (0.9613969, 0.22652867), (0.14307995, 0.9407236), (0.6595923, 0.97275805), (0.12828606, 0.9407236), (0.6598653, 0.8463193), (0.14220893, 0.9457239), (0.66666734, 0.9727573), (0.9475372, 0.24571405), (0.12828012, 0.9457239), (0.6669404, 0.8463193), (0.9613969, 0.24655573), (0.05709868, 0.9429093), (0.7333432, 0.7817321), (0.69674766, 0.25023696), (0.07293329, 0.94295585), (0.71750826, 0.78174615), (0.775068, 0.2502362), (0.05791243, 0.96250486), (0.71632767, 0.2502362), (0.07293329, 0.96254903), (0.755488, 0.2502362), (0.7332588, 0.80136967), (0.6967476, 0.27797237), (0.7174239, 0.80138373), (0.775068, 0.27797166), (0.7333432, 0.8152077), (0.71632767, 0.27797237), (0.71750826, 0.8152218), (0.755488, 0.27797166), (0.5258558, 0.9605601), (0.8513641, 0.18800311), (0.93134767, 0.90128833), (0.5413046, 0.96055824), (0.835915, 0.18800311), (0.09516466, 0.9210851), (0.5257181, 0.97640574), (0.91551256, 0.9012883), (0.5413046, 0.9764039), (0.110999756, 0.9210851), (0.85141736, 0.20764065), (0.93134767, 0.8735528), (0.8351672, 0.20764065), (0.095164225, 0.89334965), (0.84979427, 0.21883203), (0.9155127, 0.87355417), (0.8358716, 0.21883203), (0.11099975, 0.8933497), (0.96798724, 0.8375461), (0.44334415, 0.7927441), (0.9077359, 0.59814364), (0.96798724, 0.8542304), (0.42667294, 0.79276764), (0.90439534, 0.80943686), (0.9521542, 0.8382424), (0.923571, 0.5981431), (0.9521542, 0.85358506), (0.92023087, 0.80943686), (0.44327006, 0.81238174), (0.9077359, 0.62587905), (0.42704675, 0.8124047), (0.90439546, 0.78170145), (0.44334415, 0.82357305), (0.923571, 0.62587905), (0.4261966, 0.8235973), (0.92023, 0.7817013), (0.4245427, 0.97147524), (0.67989427, 0.2502362), (0.45917973, 0.79274476), (0.42454267, 0.9554191), (0.6638507, 0.2502362), (0.50668514, 0.7927443), (0.44037572, 0.9706962), (0.4750148, 0.7927441), (0.44037572, 0.9556081), (0.49084994, 0.7927441), (0.68002015, 0.27388453), (0.4591797, 0.8261451), (0.66422987, 0.27388456), (0.50668454, 0.8261444), (0.68012303, 0.28507593), (0.4750148, 0.8261452), (0.66296583, 0.28507593), (0.4908504, 0.8261444), (0.71638894, 0.9526149), (0.07319916, 0.91742605), (0.015835088, 0.9619198), (0.71638894, 0.968728), (0.05709868, 0.91742605), (0.055328384, 0.941734), (0.7005559, 0.952613), (0, 0.9619198), (0.7005559, 0.9691446), (0.03949358, 0.9417342), (0.07312508, 0.9317179), (0.0158351, 0.94173443), (0.05729019, 0.93171793), (0.055328384, 0.9619193), (0.07202335, 0.9429093), (5.5347215e-8, 0.9417354), (0.05734849, 0.9429093), (0.039493296, 0.9619195), (0.5225182, 0.95351523), (0.69674766, 0.2502362), (0.47501484, 0.79274493), (0.5225182, 0.9700425), (0.6802333, 0.2502667), (0.44334415, 0.8261444), (0.5066852, 0.95449626), (0.49084988, 0.7927441), (0.5066852, 0.96936065), (0.4591797, 0.8261444), (0.6966687, 0.27388474), (0.47501484, 0.8261451), (0.6808338, 0.27391398), (0.44334447, 0.7927443), (0.69674766, 0.285076), (0.4908499, 0.8261451), (0.68012303, 0.28510672), (0.45917904, 0.7927441), (0.88316506, 0.95553064), (0.4399907, 0.9353698), (0.06960022, 0.9625491), (0.88316506, 0.96991485), (0.42561775, 0.9353698), (0.022156913, 0.9626991), (0.86733204, 0.95508987), (0.06960022, 0.9783969), (0.86733204, 0.9712681), (0.02215694, 0.9785459), (0.44090906, 0.9442277), (0.05709872, 0.96254945), (0.42557183, 0.9442277), (0.034657612, 0.9626992), (0.44146502, 0.9554191), (0.05709868, 0.9783972), (0.42454267, 0.9554191), (0.034657612, 0.97854614), (0.12772964, 0.9629871), (0.4585242, 0.82614434), (0.19331592, 0.9210632), (0.12772964, 0.9478109), (0.44335982, 0.82614434), (0.1600746, 0.9210852), (0.14356266, 0.96368116), (0.20915104, 0.9210637), (0.14356266, 0.94572383), (0.14424093, 0.92108536), (0.45912138, 0.8443588), (0.19331594, 0.9467892), (0.44328648, 0.8443588), (0.1600746, 0.94681066), (0.4591797, 0.85555017), (0.20915104, 0.94678926), (0.44246095, 0.85555017), (0.14424011, 0.9468108), (0.458294, 0.96051824), (0.038065877, 0.83232313), (0.26426083, 0.9255557), (0.458294, 0.97636557), (0.022231001, 0.8323455), (0.30811074, 0.9075015), (0.44246095, 0.9609045), (0.24842577, 0.925556), (0.44246095, 0.9763636), (0.29227567, 0.9075015), (0.037673354, 0.8519612), (0.26426083, 0.89782053), (0.022156913, 0.85198313), (0.30811074, 0.935237), (0.038065873, 0.863152), (0.24842574, 0.8978203), (0.022230998, 0.8631744), (0.29227564, 0.93523693), (0.47413003, 0.9610328), (0.47406384, 0.82622105), (0.2095986, 0.9210629), (0.47413003, 0.9757394), (0.459369, 0.82614434), (0.11099932, 0.9210851), (0.45829698, 0.9598902), (0.22543375, 0.9210638), (0.458297, 0.9757375), (0.095164225, 0.9210851), (0.4750144, 0.8444407), (0.20959865, 0.9467893), (0.4591797, 0.8443581), (0.11099931, 0.9468106), (0.4750144, 0.85563225), (0.22543377, 0.9467893), (0.4591797, 0.85554963), (0.095164225, 0.9468106), (0.95225054, 0.79832846), (0.33053893, 0.82058114), (0.90018576, 0.10651245), (0.95225054, 0.7817013), (0.31392512, 0.8204796), (0.91602147, 0.1350309), (0.96808356, 0.79708797), (0.9160208, 0.106511466), (0.96808356, 0.78270483), (0.9001857, 0.13503084), (0.33053893, 0.840219), (0.9001857, 0.13424806), (0.31434742, 0.8401201), (0.9160211, 0.16276626), (0.33044472, 0.8514101), (0.9160208, 0.13424802), (0.31469434, 0.85131377), (0.90018576, 0.16276626), (0.20914896, 0.9467912), (0.49085167, 0.85718375), (0.9394812, 0.5702427), (0.20914896, 0.9626385), (0.5066852, 0.856976), (0.9394077, 0.65365523), (0.19331594, 0.94678926), (0.9236461, 0.57024276), (0.19331592, 0.9642638), (0.92357373, 0.65365535), (0.49178848, 0.8375322), (0.9394812, 0.5425082), (0.50659335, 0.837338), (0.9394077, 0.68139064), (0.49117467, 0.82634795), (0.9236461, 0.5425078), (0.5066852, 0.8261444), (0.9235728, 0.68139064), (0.633644, 0.9613342), (0.666998, 0.7817321), (0.7359079, 0.25023675), (0.6174238, 0.9613342), (0.6507776, 0.7817321), (0.71632767, 0.2779718), (0.63299346, 0.9417411), (0.755488, 0.2502362), (0.6176293, 0.9417411), (0.73590785, 0.2779716), (0.6658076, 0.8013696), (0.73590785, 0.2779713), (0.65135247, 0.8013696), (0.71632785, 0.25023645), (0.6663408, 0.8152077), (0.755488, 0.27797166), (0.6514246, 0.8152077), (0.73590785, 0.2502362), (0.02276661, 0.94421357), (0.66773856, 0.814469), (0.3693948, 0.8482157), (0.038471684, 0.9440648), (0.6834445, 0.81442094), (0.3693948, 0.84821504), (0.022156913, 0.96269906), (0.35092822, 0.84821504), (0.038471688, 0.9625445), (0.3878615, 0.84821504), (0.666998, 0.79483366), (0.3693948, 0.8204796), (0.68334424, 0.79478365), (0.36939487, 0.82047963), (0.6670358, 0.78178227), (0.35092825, 0.8204797), (0.6834445, 0.7817321), (0.3878613, 0.8204796), (0.96297306, 0.9947094), (0.95181066, 0.80951536), (0.77811414, 0.9087833), (0.96297306, 0.9788621), (0.93597615, 0.80962867), (0.8251631, 0.88285697), (0.9742235, 0.99471074), (0.7668623, 0.9087833), (0.19286558, 0.9637253), (0.9742235, 0.9788634), (0.81391126, 0.88285697), (0.1771359, 0.9624002), (0.95168114, 0.82548016), (0.77811414, 0.88623714), (0.9360075, 0.82559234), (0.82516307, 0.9054033), (0.9518106, 0.8334317), (0.7668623, 0.8862371), (0.19286558, 0.9474176), (0.9358814, 0.8335457), (0.8139113, 0.9054033), (0.17704174, 0.94608456), (0.42373595, 0.9705641), (0.5419051, 0.8244674), (0.90773773, 0.65365577), (0.40791476, 0.96991026), (0.52607024, 0.8244898), (0.93940765, 0.7368622), (0.42373595, 0.95470494), (0.92357284, 0.65365523), (0.40791446, 0.9540511), (0.923573, 0.73686224), (0.541831, 0.84410506), (0.90773773, 0.6813912), (0.52599615, 0.8441275), (0.93940765, 0.7645976), (0.5419051, 0.8552964), (0.92357284, 0.6813912), (0.5257181, 0.85531926), (0.9235728, 0.76459765), (0.14350495, 0.9985322), (0.776885, 0.7825032), (0.61742383, 0.7817321), (0.13631701, 0.99812317), (0.76971114, 0.7817321), (0.60170645, 0.860803), (0.14350495, 0.98242074), (0.6507776, 0.84896296), (0.6335245, 0.7817321), (0.13685003, 0.9824216), (0.6441515, 0.8486356), (0.61742264, 0.8592774), (0.1856291, 0.9964033), (0.8293222, 0.20882113), (0.17704174, 0.9960701), (0.8351672, 0.20885845), (0.86811024, 0.8704062), (0.1856291, 0.98246485), (0.28490052, 0.77535707), (0.819487, 0.20886484), (0.17749305, 0.98246485), (0.29076236, 0.7748817), (0.8816955, 0.87041265), (0.98927695, 0.50904226), (0.83020884, 0.099648006), (0.9962707, 0.5094041), (0.8351672, 0.09967757), (0.8677817, 0.7612331), (0.2854193, 0.8841919), (0.9888646, 0.4950639), (0.81957144, 0.09968691), (0.29076236, 0.8837586), (0.9962707, 0.4954471), (0.8816955, 0.7612416), (0.6507776, 0.782922), (0.776885, 0.83632785), (0.61742383, 0.8577513), (0.64356744, 0.7817321), (0.76971114, 0.8377175), (0.60170764, 0.7817321), (0.6493088, 0.7940329), (0.6335245, 0.85775137), (0.6426827, 0.7937056), (0.6174237, 0.7832582), (0.27289718, 0.5251748), (0.7755752, 0.8094223), (0.6174238, 0.81974065), (0.2782352, 0.52489793), (0.77023005, 0.8094501), (0.60132253, 0.8212676), (0.6500432, 0.8214979), (0.2724205, 0.54133254), (0.6335245, 0.8197417), (0.64424586, 0.8212115), (0.2782352, 0.54103094), (0.6174238, 0.8212679), (0.13631701, 0.98242074), (0.28490052, 0.8840607), (0.8817255, 0.6520606), (0.12772964, 0.98275393), (0.2785852, 0.8840607), (0.8677817, 0.5425078), (0.13631701, 0.99635917), (0.8833946, 0.5428128), (0.86780006, 0.65205663), (0.12818095, 0.99635917), (0.8775305, 0.54326016), (0.3423644, 0.9857615), (0.2835747, 0.7748836), (0.8817255, 0.7612287), (0.34935817, 0.9853997), (0.27861622, 0.7748817), (0.8678762, 0.6513001), (0.8833946, 0.65164894), (0.34195203, 0.9997399), (0.8677817, 0.7612331), (0.34935817, 0.9993567), (0.8780495, 0.65205663), (0.52438825, 0.000027927432), (0.000002194863, 0.3215021), (0.51932025, 0.000064392654), (0.29718208, 0.00003767621), (0.9462012, 0.22560588), (0.29227564, 0), (0.0049878773, 0.8045876), (0.5193203, 0.2917505), (0, 0.7995957), (0.2914597, 0.32150206), (0.52438825, 0.29171404), (0.23214297, 0.7995958), (0.29227567, 0.29168612), (0.9462012, 0.51638263), (0.2271551, 0.80458766), (0.29718208, 0.29172376), (0.00030421425, 0.26322797), (2.7673607e-8, 0.71729124), (0.29176173, 0.26322797), (0.29718208, 0.107370205), (0.51932025, 0.10739693), (0.52438825, 0.10736047), (0.10725062, 0.32150206), (0.9462012, 0.33260378), (0.29227567, 0.10733254), (0.22603329, 0.80458766), (0.10755264, 0.26322797), (0.00028621947, 0.259774), (0.107534654, 0.25977397), (0.23092048, 0.80458766), (0.00020354112, 0.28265268), (0.00010287491, 0.30207738), (2.7673607e-8, 0.74472606), (0.29166105, 0.28265265), (1.3836804e-8, 0.7721609), (0.29156044, 0.30207735), (0.107451975, 0.28265268), (0.1073513, 0.30207738), (0.0008180863, 0.16407533), (0.000818037, 0.1570158), (0.7790218, 0.23780978), (0, 0), (0.7860744, 0.2378207), (0.0049879397, 0.5722593), (0.29227558, 0.15701577), (6.918402e-8, 0.57725114), (0.29227564, 0.16407531), (0.23214304, 0.5772512), (0.7860744, 0.5285974), (0.22715516, 0.5722593), (0.29145756, 0), (0.7790218, 0.5285865), (4.151041e-8, 0.68842345), (0.2918677, 0.24278869), (0.8790165, 0.21384399), (0.00051607477, 0.22234942), (4.151041e-8, 0.6595556), (0.29197365, 0.2223494), (0.8661378, 0.23171328), (0.232143, 0.68842345), (0.8661378, 0.52249), (0.7790218, 0.3448077), (0.107248425, 2.7695696e-8), (0.10806648, 0.1570158), (0.108066514, 0.16407531), (0.7860744, 0.3448186), (0.10765858, 0.2427887), (0.22603332, 0.83345544), (0.8790165, 0.106511466), (0.22603332, 0.8623232), (0.10776451, 0.22234944), (0.8661378, 0.3387112), (0.10764058, 0.2393347), (0.23092048, 0.83345544), (0.00039214885, 0.23933472), (0.8839031, 0.21384458), (0.0004980765, 0.21889545), (0.8839031, 0.10651205), (0.10774651, 0.21889544), (0.2309205, 0.8623232), (0.00061674614, 0.20292473), (0.00071740715, 0.18350004), (4.151041e-8, 0.6321208), (0.2920743, 0.20292473), (6.918402e-8, 0.60468596), (0.29217497, 0.1835), (0.10786518, 0.20292473), (0.107965834, 0.18350004), (0.25960064, 0.56083226), (0.85074204, 0.8721376), (0.29174972, 0.7093186), (0.25960064, 0.52504826), (0.03911623, 0.85921466), (0.29174972, 0.7311083), (0.25960064, 0.5468383), (0.040815942, 0.85921466), (0.2900502, 0.7311081), (0.6011411, 0.938848), (0.2500882, 0.5467889), (0.03911623, 0.8457689), (0.0934645, 0.8323231), (0.2596006, 0.54863656), (0.85074204, 0.859942), (0.09516421, 0.8323231), (0.77893615, 0.27802175), (0.84904253, 0.8599418), (0.095164225, 0.8457688), (0.7694238, 0.27797237), (0.2500882, 0.5485872), (0.09346451, 0.8457688), (0.040815942, 0.8457689), (0.5916287, 0.93879867), (0.29005024, 0.7093184), (0.6011411, 0.917058), (0.59162873, 0.9184152), (0.7694238, 0.28876153), (0.7789362, 0.2902175), (0.84904253, 0.87213737), (0.26065418, 0.52489793), (0.2606542, 0.56099355), (0.26170778, 0.5608432), (0.26170775, 0.52505916), (0.07613146, 0.8457688), (0.26170778, 0.5468492), (0.2606542, 0.5468437), (0.26290807, 0.54684293), (0.07443174, 0.8457688), (0.27122015, 0.54689854), (0.07613146, 0.8323231), (0.6344334, 0.85808766), (0.26170775, 0.5486475), (0.63613313, 0.85808766), (0.26290807, 0.54864126), (0.2606542, 0.54864204), (0.63613313, 0.8446419), (0.27242047, 0.5486906), (0.27122015, 0.5486969), (0.6344334, 0.8446419), (0.27242047, 0.5468923), (0.074431755, 0.8323231), (0.26290807, 0.5250529), (0.27242047, 0.52650887), (0.27242047, 0.5594798), (0.26290807, 0.560837), (0.29227564, 0.5367623), (0.5266548, 0.25419432), (0.5266548, 0.28649366), (0.2900503, 0.6230404), (0.5358135, 0.2879278), (0.2900502, 0.635985), (0.5358135, 0.25285527), (0.2922747, 0.549708), (0.5266548, 0.27408516), (0.5266548, 0.27585787), (0.52438825, 0.2518651), (0.8424929, 0.8808539), (0.66666627, 0.9450227), (0.52438825, 0.28879938), (0.8424941, 0.9160214), (0.8424929, 0.8439201), (0.53445846, 0.29037622), (0.842493, 0.90178704), (0.53445846, 0.2503928), (0.6666662, 0.93078727), (0.52438825, 0.27515593), (0.8424929, 0.8575634), (0.52438825, 0.2771051), (0.8424929, 0.85561424), (0.8490425, 0.88085467), (0.66011584, 0.9450227), (0.8490445, 0.9160214), (0.8490425, 0.8439209), (0.8490434, 0.90178704), (0.6601158, 0.93078727), (0.8490425, 0.8575642), (0.8490425, 0.855615), (0.29005125, 0.53676236), (0.5282256, 0.25418612), (0.5282256, 0.2864855), (0.29227465, 0.6230404), (0.2922746, 0.635985), (0.29005033, 0.549708), (0.52822554, 0.27407697), (0.52822554, 0.27584967), (0.547001, 0.25429994), (0.29227564, 0.56552166), (0.2922756, 0.41464555), (0.547001, 0.28659928), (0.29227564, 0.44694445), (0.2900503, 0.6517997), (0.53682786, 0.25270697), (0.2922746, 0.55114186), (0.5368279, 0.28808662), (0.2900502, 0.63741875), (0.5378423, 0.28793833), (0.29005024, 0.6388527), (0.5378423, 0.2528658), (0.2922747, 0.5525757), (0.547001, 0.27419075), (0.2922756, 0.4345361), (0.547001, 0.2759635), (0.2922756, 0.43630877), (0.54926753, 0.25199422), (0.66666627, 0.90985596), (0.842494, 0.88085467), (0.54926753, 0.28892854), (0.5368279, 0.2502362), (0.66666615, 0.92743796), (0.5368279, 0.29055738), (0.8424929, 0.89843786), (0.5391973, 0.2904008), (0.842493, 0.89508873), (0.5391973, 0.25041738), (0.6666662, 0.92408895), (0.54926753, 0.27528507), (0.54926753, 0.27723423), (0.5538933, 0.2519701), (0.66011584, 0.90985596), (0.84904444, 0.88085467), (0.5538933, 0.28890437), (0.6601157, 0.92743796), (0.8490433, 0.89843786), (0.8490434, 0.89508873), (0.6601158, 0.92408895), (0.5538933, 0.27526093), (0.5538933, 0.2772101), (0.29005125, 0.56552166), (0.29005155, 0.41464525), (0.29005155, 0.44694418), (0.29227465, 0.6517997), (0.2900502, 0.55114186), (0.2922746, 0.63741875), (0.2922746, 0.6388527), (0.29005033, 0.5525757), (0.29005155, 0.43453583), (0.29005155, 0.4363085), (0.29005018, 0.53676236), (0.54457885, 0.7856901), (0.54457885, 0.8322621), (0.2900503, 0.594281), (0.5537376, 0.83369625), (0.29005024, 0.6072257), (0.5537376, 0.7843511), (0.29005113, 0.52381665), (0.54457885, 0.8198536), (0.54457885, 0.8216263), (0.54457885, 0.80030745), (0.54457885, 0.7984853), (0.5423123, 0.78336096), (0.27141, 0.8090814), (0.23198467, 0.9284941), (0.5423123, 0.8345678), (0.59116155, 0.9008519), (0.27141, 0.86028755), (0.5523825, 0.8361446), (0.59116054, 0.88661754), (0.5523825, 0.78188866), (0.2319846, 0.91425866), (0.5423123, 0.82092434), (0.27141, 0.8466442), (0.5423123, 0.82287353), (0.27141, 0.8485934), (0.5423123, 0.79943293), (0.27141, 0.8251532), (0.5423123, 0.7974294), (0.27141, 0.8231496), (0.2648604, 0.8090806), (0.22543421, 0.9284941), (0.59771204, 0.9008519), (0.2648604, 0.8602868), (0.59771097, 0.88661754), (0.22543414, 0.91425866), (0.2648604, 0.84664345), (0.2648604, 0.84859264), (0.2648604, 0.8251524), (0.2648604, 0.82314885), (0.29227456, 0.53676236), (0.5461497, 0.78568196), (0.5461497, 0.8322539), (0.29227465, 0.594281), (0.2922746, 0.6072257), (0.29227552, 0.52381665), (0.5461497, 0.8198454), (0.5461497, 0.8216181), (0.5461497, 0.8002993), (0.5461497, 0.79847705), (0.5649251, 0.78579575), (0.2900502, 0.508003), (0.2922756, 0.3680739), (0.5649251, 0.8323677), (0.29227564, 0.41464525), (0.2900503, 0.6230404), (0.55475193, 0.7842028), (0.29005125, 0.52238286), (0.554752, 0.8338551), (0.2900502, 0.60865945), (0.5557664, 0.8337068), (0.2900502, 0.6100934), (0.55576634, 0.78436166), (0.29005113, 0.52094895), (0.5649251, 0.8199592), (0.29227564, 0.4022369), (0.5649251, 0.8217319), (0.2922756, 0.40400958), (0.5649251, 0.8004131), (0.29227564, 0.38269103), (0.5649251, 0.7985909), (0.29227564, 0.38086885), (0.5671916, 0.7834901), (0.23198466, 0.89332736), (0.59116155, 0.86568516), (0.5671916, 0.83469695), (0.55475193, 0.7817321), (0.23198459, 0.91090935), (0.55475193, 0.8363258), (0.5911604, 0.8832684), (0.5571214, 0.83616924), (0.59116054, 0.87991923), (0.5571214, 0.7819133), (0.23198459, 0.90756035), (0.5671916, 0.82105345), (0.5671916, 0.8230027), (0.5671916, 0.7995621), (0.5671916, 0.79755855), (0.5718174, 0.783466), (0.22543421, 0.89332736), (0.597712, 0.86568516), (0.5718174, 0.8346728), (0.22543414, 0.91090935), (0.59771085, 0.8832684), (0.59771097, 0.87991923), (0.22543414, 0.90756035), (0.5718174, 0.82102937), (0.5718174, 0.82297856), (0.5718174, 0.79953796), (0.5718174, 0.7975344), (0.29227456, 0.508003), (0.29005155, 0.36807364), (0.29005155, 0.414645), (0.29227465, 0.6230404), (0.2922756, 0.52238286), (0.2922746, 0.60865945), (0.2922746, 0.6100934), (0.29227552, 0.52094895), (0.29005155, 0.40223664), (0.29005155, 0.4040093), (0.29005155, 0.38269076), (0.29005155, 0.38086858), (0.7839374, 0.22447747), (0.5229679, 0.86166185), (0.4060589, 0.82047975), (0.7839374, 0.17442091), (0.0934645, 0.85921454), (0.7839374, 0.21048348), (0.29005024, 0.7528982), (0.7796461, 0.8727863), (0.5911604, 0.9151887), (0.8264173, 0.8551215), (0.29174975, 0.7727261), (0.9851852, 0.28205574), (0.095164195, 0.85921454), (0.29174975, 0.7528984), (0.9851852, 0.3018837), (0.774425, 0.2104341), (0.0934645, 0.8457688), (0.5229679, 0.8482162), (0.7839374, 0.21228176), (0.5229679, 0.87385744), (0.40435943, 0.8348655), (0.77964616, 0.8593406), (0.6006728, 0.9152381), (0.52466756, 0.8482162), (0.9309398, 0.99741644), (0.5246674, 0.8738576), (0.52466756, 0.8616619), (0.94045216, 0.9974657), (0.774425, 0.2122324), (0.5229679, 0.8616619), (0.82471764, 0.8685672), (0.774425, 0.19060612), (0.095164195, 0.8457688), (0.9756728, 0.30183432), (0.8264173, 0.8685672), (0.9756728, 0.28200635), (0.40435943, 0.8204795), (0.6006728, 0.90085196), (0.82471764, 0.8551215), (0.7839374, 0.1906555), (0.29005027, 0.7727259), (0.5911604, 0.90220916), (0.94045216, 0.9866766), (0.93093973, 0.9852207), (0.5246674, 0.8616621), (0.4060589, 0.8348657), (0.78134584, 0.8593406), (0.7839374, 0.18880706), (0.78134584, 0.8727863), (0.774425, 0.18875769), (0.78499097, 0.17427056), (0.78499097, 0.22463877), (0.78604454, 0.22448844), (0.78604454, 0.17443186), (0.076131456, 0.85921454), (0.78604454, 0.2104944), (0.8507422, 0.8061589), (0.7967572, 0.18886112), (0.076131456, 0.8726602), (0.78724486, 0.19066018), (0.78499097, 0.21048893), (0.07443177, 0.85921454), (0.78724486, 0.21048814), (0.79555696, 0.21054378), (0.076131456, 0.8457688), (0.09346451, 0.8726603), (0.7860446, 0.21229273), (0.8507422, 0.79271317), (0.78724486, 0.18881175), (0.095164195, 0.8726603), (0.78724486, 0.21228646), (0.78499097, 0.21228725), (0.095164195, 0.8592146), (0.7967572, 0.21233582), (0.79555696, 0.2123421), (0.0934645, 0.8592146), (0.074431755, 0.85921454), (0.7955569, 0.19071582), (0.07443174, 0.8457688), (0.7967572, 0.21053752), (0.78499097, 0.19066098), (0.076131456, 0.85921454), (0.7967572, 0.19070956), (0.78724486, 0.17442557), (0.074431755, 0.8726602), (0.78604454, 0.19066644), (0.7967572, 0.1758815), (0.78499097, 0.18881252), (0.7967572, 0.22312495), (0.78724486, 0.22448218), (0.84904253, 0.79271317), (0.78604454, 0.18881801), (0.84904253, 0.8061589), (0.79555696, 0.18886739), (0.5950179, 0.2861815), (0.59501797, 0.25039747), (0.8507422, 0.84649605), (0.59501797, 0.27218747), (0.84904253, 0.84649605), (0.5962182, 0.2721812), (0.60453033, 0.27223685), (0.8507422, 0.8330503), (0.77964616, 0.8458948), (0.5950179, 0.27398577), (0.78134584, 0.8458948), (0.5962182, 0.2739795), (0.78134584, 0.8324491), (0.60573065, 0.2740289), (0.60453033, 0.27403516), (0.7796461, 0.8324491), (0.84904253, 0.8330503), (0.60573065, 0.2722306), (0.5962182, 0.25039122), (0.60573065, 0.25184715), (0.60573065, 0.28481805), (0.5962182, 0.28617525), (0.5939644, 0.2502362), (0.5939644, 0.28633183), (0.5929108, 0.28617057), (0.42589667, 0.87385654), (0.29174972, 0.7311085), (0.5929108, 0.2503865), (0.29174972, 0.7528982), (0.40605915, 0.8348657), (0.59291077, 0.27217653), (0.5939644, 0.27218202), (0.2900502, 0.75289804), (0.6011411, 0.96063805), (0.40435943, 0.8348657), (0.5833984, 0.27212718), (0.40605915, 0.8483114), (0.03911623, 0.8323232), (0.59291077, 0.27397484), (0.42589667, 0.86166096), (0.04081597, 0.8323232), (0.24842574, 0.9974192), (0.42419717, 0.8616608), (0.59396434, 0.27398032), (0.04081597, 0.8457689), (0.25793812, 0.9974686), (0.5833984, 0.27392548), (0.03911627, 0.8457689), (0.59162873, 0.96058863), (0.40435943, 0.8483114), (0.29005024, 0.7311083), (0.6011411, 0.938848), (0.5916287, 0.9402052), (0.25793812, 0.98667943), (0.24842574, 0.9852235), (0.42419717, 0.8738563), (0.57650614, 0.25429994), (0.2922756, 0.594281), (0.29227564, 0.44694468), (0.57650614, 0.28659928), (0.29227564, 0.4792436), (0.2900503, 0.7093184), (0.5673474, 0.28793833), (0.2900502, 0.69637144), (0.5673474, 0.25286582), (0.29227465, 0.581335), (0.57650614, 0.27419075), (0.29227564, 0.4668353), (0.57650614, 0.27596346), (0.29227564, 0.46860796), (0.5787726, 0.25199425), (0.8490434, 0.91602147), (0.6361323, 0.8815765), (0.5787726, 0.28892854), (0.5687024, 0.2904008), (0.6361312, 0.89581054), (0.5687024, 0.25041738), (0.8490433, 0.9302544), (0.5787726, 0.27528507), (0.5787726, 0.27723423), (0.5833984, 0.2519701), (0.84249294, 0.91602147), (0.64268273, 0.8815765), (0.5833984, 0.2889044), (0.64268166, 0.89581054), (0.8424929, 0.9302544), (0.5833984, 0.27526093), (0.5833984, 0.2772101), (0.29005125, 0.594281), (0.29005155, 0.44694445), (0.29005158, 0.47924334), (0.29227465, 0.7093184), (0.29227456, 0.69637144), (0.2900503, 0.581335), (0.29005155, 0.46683502), (0.29005155, 0.4686077), (0.2922756, 0.56552166), (0.55615985, 0.25419432), (0.55615985, 0.2864937), (0.2900503, 0.68055904), (0.566333, 0.25270697), (0.29227456, 0.5799012), (0.566333, 0.28808662), (0.2900502, 0.69493747), (0.5653186, 0.2879278), (0.29005024, 0.69350374), (0.5653186, 0.2528553), (0.29227465, 0.57846737), (0.55615985, 0.27408516), (0.55615985, 0.27585787), (0.5538933, 0.2518651), (0.63613313, 0.8815757), (0.84904337, 0.95118815), (0.5538934, 0.2887994), (0.63613224, 0.9167432), (0.63613313, 0.8446419), (0.566333, 0.2502362), (0.8490433, 0.9336034), (0.566333, 0.29055738), (0.6361311, 0.89915967), (0.5639636, 0.29037622), (0.6361312, 0.90250885), (0.5639636, 0.2503928), (0.84904337, 0.9369527), (0.5538933, 0.27515593), (0.63613313, 0.8582852), (0.5538934, 0.2771051), (0.63613313, 0.85633606), (0.64268273, 0.8815765), (0.842493, 0.95118815), (0.6426827, 0.9167432), (0.64268273, 0.8446427), (0.8424929, 0.9336034), (0.64268154, 0.89915967), (0.64268166, 0.90250885), (0.8424929, 0.9369527), (0.6426827, 0.858286), (0.6426827, 0.85633683), (0.29005125, 0.56552166), (0.5577307, 0.25418612), (0.5577307, 0.2864855), (0.29227465, 0.68055904), (0.2900502, 0.5799012), (0.29227456, 0.69493747), (0.2922746, 0.69350374), (0.2900503, 0.57846737), (0.5577307, 0.27407697), (0.5577307, 0.27584967), (0.5944302, 0.78579575), (0.29227564, 0.508003), (0.29005155, 0.36807337), (0.5944302, 0.8323677), (0.29005155, 0.32150206), (0.2900503, 0.68055904), (0.5852715, 0.8337068), (0.2900502, 0.66761214), (0.5852715, 0.78436166), (0.29227468, 0.49505702), (0.5944302, 0.8199592), (0.29005155, 0.3339104), (0.5944302, 0.82173187), (0.29005155, 0.33213773), (0.5944302, 0.8004131), (0.29005155, 0.3534563), (0.5944302, 0.79859084), (0.29005155, 0.35527846), (0.5966967, 0.78349006), (0.29145104, 0.8841919), (0.66011685, 0.8746893), (0.59669673, 0.83469695), (0.58662647, 0.8361692), (0.6601159, 0.88892335), (0.58662647, 0.7819133), (0.29145098, 0.89842486), (0.5966967, 0.82105345), (0.59669673, 0.8230027), (0.5966967, 0.7995621), (0.5966967, 0.79755855), (0.60132253, 0.7834659), (0.2849006, 0.8841919), (0.66666734, 0.8746893), (0.60132253, 0.8346728), (0.66666627, 0.88892335), (0.28490055, 0.89842486), (0.60132253, 0.8210293), (0.60132253, 0.82297856), (0.60132253, 0.7995379), (0.60132253, 0.7975344), (0.29005125, 0.508003), (0.29227564, 0.36807364), (0.29227564, 0.32150233), (0.29227465, 0.68055904), (0.2922746, 0.66761214), (0.2900503, 0.49505702), (0.29227564, 0.33391067), (0.29227564, 0.332138), (0.29227564, 0.35345656), (0.29227564, 0.35527873), (0.29227564, 0.47924364), (0.5740839, 0.7856901), (0.5740839, 0.83226204), (0.29005027, 0.65179974), (0.58425707, 0.7842028), (0.29227456, 0.49362317), (0.58425707, 0.8338551), (0.2900502, 0.66617817), (0.58324265, 0.83369625), (0.2900502, 0.66474444), (0.58324265, 0.7843511), (0.2922747, 0.49218935), (0.5740839, 0.8198536), (0.5740839, 0.8216263), (0.5740839, 0.80030745), (0.5740839, 0.7984853), (0.57181746, 0.78336096), (0.84904253, 0.79271394), (0.29145104, 0.9193586), (0.57181746, 0.8345678), (0.6601169, 0.909856), (0.8490425, 0.8439201), (0.58425707, 0.7817321), (0.29145098, 0.90177387), (0.58425707, 0.8363258), (0.6601157, 0.8922725), (0.58188766, 0.8361446), (0.66011584, 0.89562166), (0.58188766, 0.78188866), (0.29145098, 0.9051232), (0.57181746, 0.8209243), (0.8490425, 0.8302768), (0.57181746, 0.82287353), (0.8490425, 0.832226), (0.57181746, 0.79943293), (0.8490425, 0.80878574), (0.57181746, 0.7974294), (0.8490425, 0.80678225), (0.84249294, 0.79271317), (0.2849006, 0.9193586), (0.66666734, 0.909856), (0.8424929, 0.84391934), (0.28490052, 0.90177387), (0.6666662, 0.8922725), (0.66666627, 0.89562166), (0.28490052, 0.9051232), (0.8424929, 0.830276), (0.8424929, 0.8322252), (0.8424929, 0.80878496), (0.84249294, 0.8067814), (0.29005125, 0.47924364), (0.57565475, 0.7856819), (0.57565475, 0.8322539), (0.29227465, 0.65179974), (0.29005018, 0.49362317), (0.29227456, 0.66617817), (0.2922746, 0.66474444), (0.2900503, 0.49218935), (0.57565475, 0.8198454), (0.57565475, 0.8216181), (0.57565475, 0.8002992), (0.57565475, 0.79847705), (0.80837685, 0.2244884), (0.8083768, 0.17443183), (0.84904253, 0.84649605), (0.8083768, 0.2104944), (0.8507422, 0.8330504), (0.81908953, 0.1888611), (0.78134584, 0.85934055), (0.8095771, 0.19066015), (0.8507422, 0.84649605), (0.8095771, 0.21048814), (0.8178892, 0.21054378), (0.84904253, 0.8599418), (0.8507422, 0.8061589), (0.80837685, 0.21229272), (0.8507422, 0.81960464), (0.8095771, 0.1888117), (0.84904253, 0.8061589), (0.8095771, 0.21228646), (0.84904253, 0.81960464), (0.81908953, 0.21233581), (0.8178892, 0.21234208), (0.8507422, 0.81960464), (0.7796461, 0.8458948), (0.8178892, 0.1907158), (0.8507422, 0.8599418), (0.8190895, 0.2105375), (0.78134584, 0.8458948), (0.81908953, 0.19070955), (0.8095771, 0.17442556), (0.7796461, 0.85934055), (0.8083768, 0.19066644), (0.81908953, 0.17588149), (0.81908953, 0.22312495), (0.8095771, 0.22448218), (0.84904253, 0.81960464), (0.80837685, 0.18881801), (0.84904253, 0.8330504), (0.8178892, 0.18886736), (0.8073232, 0.17427056), (0.8073232, 0.22463875), (0.8062697, 0.22447747), (0.5994115, 0.87788093), (0.40791446, 0.8204798), (0.80626965, 0.1744209), (0.406215, 0.8483115), (0.80626965, 0.21048345), (0.76971114, 0.8292961), (0.03911623, 0.87266034), (0.947222, 0.9964665), (0.42589688, 0.848215), (0.7680117, 0.8094682), (0.2588067, 0.9863126), (0.8073232, 0.21048893), (0.40791473, 0.8483115), (0.7680117, 0.82929593), (0.25880668, 0.96648467), (0.7967573, 0.21043406), (0.40621504, 0.83486575), (0.6344334, 0.85808766), (0.80626965, 0.21228176), (0.5994115, 0.8656854), (0.406215, 0.83486557), (0.039116245, 0.85921466), (0.9567344, 0.99651587), (0.6361331, 0.85808766), (0.7668623, 0.99747026), (0.59771204, 0.86568516), (0.8073232, 0.21228725), (0.63613313, 0.8715334), (0.77637464, 0.9975196), (0.7967573, 0.2122324), (0.6344334, 0.8715334), (0.42419717, 0.8616607), (0.7967573, 0.1906061), (0.40791473, 0.83486575), (0.26831907, 0.966534), (0.8073232, 0.19066094), (0.42589685, 0.8616607), (0.26831907, 0.986362), (0.406215, 0.8204796), (0.9567344, 0.98212975), (0.4241972, 0.848215), (0.80626965, 0.1906555), (0.76971114, 0.80946845), (0.947222, 0.9834869), (0.8073232, 0.1888125), (0.77637464, 0.9867305), (0.7668623, 0.98527455), (0.59771204, 0.87788075), (0.40791446, 0.83486575), (0.04081593, 0.8592146), (0.80626965, 0.18880704), (0.04081593, 0.87266034), (0.7967573, 0.18875767), (0.83306825, 0.5285974), (0.954573, 0.9445828), (0.822686, 0.5285974), (0.947222, 0.9445447), (0.83306825, 0.54050195), (0.9607861, 0.58965147), (0.962973, 0.944539), (0.822686, 0.54050195), (0.9682691, 0.58908063), (0.50626385, 0.98526424), (0.9497874, 0.9258194), (0.5026406, 0.98526424), (0.947222, 0.92580605), (0.5026406, 0.9733597), (0.9682691, 0.5704007), (0.50626385, 0.97335976), (0.9581874, 0.9257755), (0.9656577, 0.5705999), (0.962973, 0.93806565), (0.50626385, 0.9614552), (0.9607861, 0.58319837), (0.954573, 0.93810946), (0.50626385, 0.97335976), (0.947222, 0.9380713), (0.9682691, 0.58262753), (0.9591561, 0.9331121), (0.9646716, 0.5779836), (0.947222, 0.93313754), (0.956426, 0.57730365), (0.9507561, 0.9331559), (0.9682691, 0.5777092), (0.9551932, 0.5798569), (0.9519671, 0.93562907), (0.5025854, 0.97335964), (0.9682691, 0.58016837), (0.5025854, 0.9614551), (0.9634388, 0.58053684), (0.947222, 0.93560445), (0.7603922, 0.54050195), (0.95518005, 0.01880729), (0.7707745, 0.5405019), (0.94782907, 0.018769138), (0.7603922, 0.5285974), (0.9234567, 0.9694371), (0.9635801, 0.01876346), (0.7707745, 0.5285974), (0.93093973, 0.96886635), (0.42373595, 0.99437314), (0.9503944, 0.000043814594), (0.4201127, 0.99437314), (0.94782907, 0.00003052066), (0.4201127, 0.9824686), (0.93093973, 0.95018643), (0.42373595, 0.9824686), (0.9587945, 0), (0.9283283, 0.9503856), (0.9635801, 0.012290076), (0.20369686, 0.97616833), (0.9234567, 0.9629841), (0.95518005, 0.012333904), (0.20369688, 0.9642638), (0.94782907, 0.012295768), (0.93093973, 0.96241325), (0.95976317, 0.007336507), (0.92734224, 0.95776933), (0.94782907, 0.0073620146), (0.91909665, 0.95708936), (0.9513631, 0.007380349), (0.93093973, 0.9574949), (0.91786385, 0.9596425), (0.95257413, 0.009853492), (0.2073753, 0.9642639), (0.93093973, 0.9599541), (0.2073753, 0.9761684), (0.92610943, 0.9603225), (0.94782907, 0.00982887), (0.69809836, 0.5405019), (0.9549813, 0.9200957), (0.70848066, 0.54050195), (0.94763035, 0.92005754), (0.6980984, 0.5285974), (0.9607404, 0.77719647), (0.96338135, 0.9200518), (0.70848066, 0.5285974), (0.9682234, 0.77662563), (0.99656504, 0.93768007), (0.9501957, 0.9013322), (0.9929418, 0.93768007), (0.94763035, 0.9013189), (0.9929418, 0.9257755), (0.96822345, 0.7579457), (0.99656504, 0.9257755), (0.95859575, 0.9012884), (0.965612, 0.7581449), (0.96338135, 0.9135785), (0.35092795, 0.95301414), (0.9607404, 0.77074337), (0.9549813, 0.9136223), (0.35092795, 0.9649186), (0.94763035, 0.9135842), (0.9682234, 0.77017254), (0.95956445, 0.9086249), (0.9646259, 0.7655287), (0.94763035, 0.9086504), (0.9563803, 0.76484865), (0.9511644, 0.90866876), (0.9682234, 0.76525426), (0.9551475, 0.7674019), (0.9523755, 0.9111419), (0.34724948, 0.96491855), (0.9682234, 0.76771337), (0.34724948, 0.953014), (0.9633931, 0.76808184), (0.94763035, 0.91111726), (0.9644196, 0.1918108), (0.95623296, 0.08170015), (0.97480184, 0.1918108), (0.96358395, 0.0817383), (0.9644196, 0.1799063), (0.96123785, 0.6173938), (0.94783294, 0.08174398), (0.9748019, 0.1799063), (0.96872085, 0.616823), (0.6963807, 0.98544526), (0.96101856, 0.100463614), (0.7000039, 0.98544526), (0.96358395, 0.10047692), (0.7000039, 0.99734974), (0.96872085, 0.5981431), (0.6963807, 0.99734974), (0.95261854, 0.100507446), (0.96610945, 0.59834224), (0.94783294, 0.088217355), (0.03833606, 0.96269923), (0.96123785, 0.6109407), (0.95623296, 0.08817352), (0.03833606, 0.9746037), (0.96358395, 0.08821167), (0.96872085, 0.6103699), (0.95164984, 0.09317092), (0.96512336, 0.605726), (0.96358395, 0.09314544), (0.95687777, 0.60504603), (0.96004987, 0.09312708), (0.96872085, 0.6054516), (0.95564497, 0.6075992), (0.9588388, 0.09065392), (0.034657612, 0.9746036), (0.96872085, 0.60791075), (0.034657612, 0.9626991), (0.96389055, 0.6082792), (0.96358395, 0.09067856), (0.9359697, 0.87130016), (0.16787376, 0.96447563), (0.94635195, 0.87130016), (0.16052279, 0.9644375), (0.9359697, 0.8593956), (0.9607977, 0.700642), (0.17627381, 0.96443176), (0.946352, 0.8593956), (0.96828073, 0.7000711), (0.6702906, 0.9856837), (0.16308816, 0.94571215), (0.67391384, 0.9856837), (0.16052279, 0.94569886), (0.67391384, 0.99758816), (0.96828073, 0.6813912), (0.6702906, 0.99758816), (0.1714882, 0.94566834), (0.96566933, 0.68159044), (0.17627381, 0.95795846), (0.5689759, 0.9763942), (0.9607977, 0.6941889), (0.16787376, 0.95800227), (0.5689759, 0.9644897), (0.16052279, 0.9579641), (0.96828073, 0.69361806), (0.17245688, 0.95300484), (0.96468323, 0.68897414), (0.16052279, 0.95303035), (0.95643765, 0.6882942), (0.16405684, 0.9530487), (0.96828073, 0.6886997), (0.95520484, 0.69084734), (0.16526787, 0.9555218), (0.5726543, 0.9644898), (0.96828073, 0.6911589), (0.57265437, 0.9763943), (0.96345043, 0.69152737), (0.16052279, 0.95549726), (0.7590415, 0.28987688), (0.5490053, 0.9642684), (0.7694237, 0.28987688), (0.54165435, 0.96423024), (0.7590415, 0.27797237), (0.96100426, 0.672906), (0.5574054, 0.9642245), (0.7694237, 0.2779724), (0.9684873, 0.67233515), (0.50626385, 0.9971687), (0.54421973, 0.94550496), (0.5026406, 0.9971688), (0.54165435, 0.9454916), (0.5026406, 0.98526424), (0.9684873, 0.65365523), (0.50626385, 0.98526424), (0.5526198, 0.9454611), (0.96587586, 0.6538544), (0.5574054, 0.95775115), (0.26897815, 0.94993305), (0.96100426, 0.6664529), (0.5490053, 0.957795), (0.26897818, 0.96183753), (0.54165435, 0.9577569), (0.9684873, 0.66588205), (0.55358845, 0.9527976), (0.96488976, 0.6612382), (0.54165435, 0.9528231), (0.9566442, 0.6605582), (0.5451884, 0.9528414), (0.9684873, 0.6609637), (0.9554114, 0.6631114), (0.5463995, 0.9553146), (0.2652997, 0.9618375), (0.9684873, 0.6634229), (0.2652997, 0.94993293), (0.96365696, 0.66379136), (0.54165435, 0.95528996), (0.6461868, 0.5285974), (0.9552214, 0.047324885), (0.63580453, 0.5285974), (0.9478705, 0.047286734), (0.6461868, 0.54050195), (0.92237425, 0.10402234), (0.96362144, 0.047281057), (0.63580453, 0.5405019), (0.92985725, 0.10345151), (0.9919131, 0.2633643), (0.9504358, 0.028561438), (0.9955363, 0.2633643), (0.94787043, 0.028548116), (0.9955363, 0.2752688), (0.9298573, 0.08477156), (0.9919131, 0.2752688), (0.95883584, 0.028517595), (0.92724586, 0.08497077), (0.96362144, 0.040807683), (0.4037669, 0.9679466), (0.92237425, 0.09756923), (0.9552214, 0.040851526), (0.40376693, 0.95604205), (0.94787043, 0.040813375), (0.92985725, 0.096998416), (0.95980453, 0.03585413), (0.92625976, 0.09235453), (0.94787043, 0.035879597), (0.91801417, 0.09167453), (0.9514045, 0.035897944), (0.92985725, 0.092080094), (0.91678137, 0.09422772), (0.95261556, 0.038371116), (0.40744534, 0.9560422), (0.9298573, 0.09453925), (0.40744534, 0.9679467), (0.92502695, 0.09490772), (0.94787043, 0.03834648), (0.948139, 0.19096832), (0.9820405, 0.9999618), (0.9607291, 0.056420363), (0.95852125, 0.19096832), (0.97470874, 1), (0.948139, 0.17906383), (0.25880668, 0.9664859), (0.9607291, 0.047815323), (0.95852125, 0.17906381), (0.24842574, 0.96648467), (0.4201127, 0.9705641), (0.9612477, 0.8368431), (0.97726744, 0.981248), (0.42373595, 0.9705641), (0.9747088, 0.9812614), (0.42373595, 0.98246866), (0.24842577, 0.98522305), (0.4201127, 0.98246866), (0.95266104, 0.83639824), (0.25204852, 0.9852235), (0.9542998, 0.047324885), (0.9500323, 0.8593956), (0.25880668, 0.97295916), (0.9542998, 0.05592993), (0.9820405, 0.9934884), (0.9500323, 0.87130016), (0.97470874, 0.99352664), (0.24842575, 0.97295797), (0.2534165, 0.9778922), (0.95266104, 0.82895076), (0.9747088, 0.9885929), (0.9612477, 0.8293956), (0.97823364, 0.9885745), (0.24842575, 0.9778916), (0.9603973, 0.8267083), (0.97944146, 0.99103504), (0.94635195, 0.8713022), (0.24842575, 0.9754248), (0.9518106, 0.8262634), (0.94635195, 0.85939765), (0.25512668, 0.9754256), (0.9747088, 0.9910598), (0.77077454, 0.54050195), (0.9890912, 0.98120975), (0.9542584, 0.027902791), (0.7811568, 0.54050195), (0.9817594, 0.981248), (0.77077454, 0.5285974), (0.121580966, 0.9645261), (0.9542584, 0.019297741), (0.7811568, 0.5285974), (0.11120002, 0.9645249), (0.9934673, 0.08477062), (0.957576, 0.16190597), (0.98431814, 0.96249604), (0.99709046, 0.08477061), (0.9817595, 0.9625094), (0.99709046, 0.09667513), (0.11120007, 0.98326325), (0.9934673, 0.096675135), (0.9489893, 0.16146113), (0.11482285, 0.98326373), (0.94782907, 0.01880729), (0.36751014, 0.912454), (0.121580966, 0.9709994), (0.94782907, 0.027412338), (0.9890912, 0.9747364), (0.3675101, 0.90054953), (0.9817595, 0.97477466), (0.111200035, 0.9709982), (0.11619078, 0.9759325), (0.9489893, 0.15401362), (0.9817594, 0.9698409), (0.957576, 0.15445848), (0.98528427, 0.96982247), (0.11120006, 0.9759319), (0.9567256, 0.15177116), (0.98649216, 0.97228307), (0.3711905, 0.90054744), (0.11120004, 0.9734651), (0.9481389, 0.15132633), (0.37119046, 0.912452), (0.11790098, 0.97346586), (0.9817594, 0.97230774), (0.7915391, 0.5285974), (0.9890912, 0.9624578), (0.94787043, 0.047324885), (0.7811568, 0.5285974), (0.9817594, 0.96249604), (0.7915391, 0.5405019), (0.75057954, 0.9851583), (0.94787043, 0.055929933), (0.7811568, 0.54050195), (0.76096046, 0.9851596), (0.8787452, 0.98317266), (0.8772188, 0.9051739), (0.9843181, 0.94374406), (0.88236845, 0.98317266), (0.9817594, 0.9437574), (0.88236845, 0.99507713), (0.76096046, 0.9664212), (0.8787452, 0.99507713), (0.8686321, 0.90472907), (0.7573377, 0.96642077), (0.95429975, 0.056420397), (0.3472476, 0.91729456), (0.75057954, 0.978685), (0.95429975, 0.04781534), (0.9890912, 0.9559844), (0.34724763, 0.90539), (0.9817594, 0.9560227), (0.76096046, 0.9786863), (0.75596976, 0.97375196), (0.8686321, 0.8972816), (0.9817594, 0.95108896), (0.8772188, 0.8977264), (0.98528427, 0.95107055), (0.76096046, 0.97375256), (0.8763684, 0.89503914), (0.98649216, 0.9535311), (0.35092798, 0.905388), (0.76096046, 0.9762194), (0.8677817, 0.89459425), (0.35092795, 0.91729254), (0.7542595, 0.9762186), (0.9817594, 0.9535558), (0.72789454, 0.28987688), (0.9990142, 0.26332602), (0.9542584, 0.01880729), (0.73827684, 0.28987688), (0.9916824, 0.2633643), (0.72789454, 0.27797237), (0.94132066, 0.9664831), (0.95425844, 0.02741235), (0.73827684, 0.27797237), (0.93093973, 0.96648186), (0.5407545, 0.9883102), (0.9616876, 0.8089081), (0.9942411, 0.2446123), (0.53713125, 0.9883102), (0.9916824, 0.24462564), (0.53713125, 0.9764057), (0.9309398, 0.98522025), (0.5407545, 0.9764057), (0.9531009, 0.8084633), (0.93456256, 0.9852207), (0.9606877, 0.02790277), (0.4042166, 0.9111907), (0.94132066, 0.97295636), (0.9606877, 0.019297732), (0.9990142, 0.25685266), (0.40421662, 0.89928615), (0.9916824, 0.25689092), (0.93093973, 0.97295517), (0.9359305, 0.9778894), (0.9531009, 0.80101573), (0.9916824, 0.25195718), (0.9616876, 0.8014606), (0.99520725, 0.2519388), (0.93093973, 0.9778888), (0.9608372, 0.7987733), (0.99641514, 0.25439933), (0.40789694, 0.8992842), (0.93093973, 0.975422), (0.95225054, 0.79832846), (0.40789697, 0.91118866), (0.9376407, 0.9754228), (0.9916824, 0.25442407), (0.84345055, 0.5285974), (0.9919172, 0.5105719), (0.9575759, 0.15132633), (0.83306825, 0.5285974), (0.999249, 0.5105337), (0.84345055, 0.54050195), (0.23214304, 0.98522043), (0.9575759, 0.15993138), (0.83306825, 0.5405019), (0.24252397, 0.98522174), (0.33832878, 0.98577493), (0.82334834, 0.91598296), (0.99669033, 0.5292856), (0.34195203, 0.98577493), (0.999249, 0.5292723), (0.34195203, 0.9976795), (0.24252395, 0.96648335), (0.33832878, 0.9976795), (0.81476164, 0.9155381), (0.23890118, 0.9664829), (0.96400523, 0.16042182), (0.40421677, 0.92309725), (0.23214304, 0.9787472), (0.9640052, 0.15181677), (0.9919172, 0.51704526), (0.40421677, 0.9111927), (0.999249, 0.517007), (0.24252397, 0.97874844), (0.23753323, 0.97381413), (0.81476164, 0.9080906), (0.999249, 0.52194077), (0.82334834, 0.9085354), (0.99572414, 0.5219592), (0.24252397, 0.9738148), (0.82249796, 0.90584815), (0.99451625, 0.5194986), (0.40789714, 0.9111907), (0.24252397, 0.9762816), (0.81391126, 0.9054033), (0.40789714, 0.9230952), (0.23582302, 0.9762808), (0.999249, 0.5194739), (0.6980983, 0.5285974), (0.99670404, 0.99996173), (0.9741063, 0.8368431), (0.68771607, 0.5285974), (0.98937225, 1), (0.69809836, 0.54050195), (0.5854891, 0.98324764), (0.9741063, 0.82823807), (0.68771607, 0.54050195), (0.59587, 0.9832489), (0.9966043, 0.9131929), (0.27839947, 0.57157326), (0.9919309, 0.981248), (0.9929811, 0.9131929), (0.98937225, 0.9812614), (0.9929811, 0.9012884), (0.59587, 0.9645105), (0.9966043, 0.9012884), (0.26981276, 0.57112837), (0.59224725, 0.9645101), (0.967677, 0.8277476), (0.3711905, 0.912454), (0.5854891, 0.97677433), (0.967677, 0.83635265), (0.99670404, 0.9934884), (0.3711905, 0.9243585), (0.98937225, 0.99352664), (0.59587, 0.9767756), (0.5908793, 0.97184134), (0.2698128, 0.5636808), (0.98937225, 0.98859286), (0.27839947, 0.5641257), (0.9928971, 0.98857445), (0.59587, 0.97184193), (0.2775491, 0.56143844), (0.9941049, 0.99103504), (0.3675101, 0.9243605), (0.59587, 0.9743087), (0.2689624, 0.56099355), (0.3675101, 0.91245604), (0.5891691, 0.97430795), (0.98937225, 0.9910597), (0.6461868, 0.54050195), (0.98204046, 0.9812863), (0.8805588, 0.22483452), (0.6565691, 0.54050195), (0.98937225, 0.981248), (0.6461868, 0.5285974), (0.9100577, 0.96780384), (0.8805588, 0.21622947), (0.6565691, 0.5285974), (0.8996768, 0.96780264), (0.6984809, 0.98049927), (0.25952533, 0.5715732), (0.9868136, 1), (0.69485766, 0.98049927), (0.98937225, 0.99998665), (0.6948576, 0.96859473), (0.89967686, 0.98654103), (0.6984809, 0.96859473), (0.25093862, 0.57112837), (0.9032996, 0.98654145), (0.8741295, 0.21573901), (0.3675101, 0.94817364), (0.9100577, 0.97427714), (0.8741295, 0.22434406), (0.98204046, 0.98775965), (0.3675101, 0.9362691), (0.98937225, 0.9877214), (0.8996768, 0.97427595), (0.90466756, 0.9792102), (0.25093865, 0.5636808), (0.98937225, 0.99265516), (0.25952533, 0.5641257), (0.9858475, 0.9926735), (0.8996768, 0.9792096), (0.25867492, 0.5614384), (0.9846396, 0.990213), (0.37119046, 0.9362671), (0.8996768, 0.97674274), (0.2500882, 0.56099355), (0.37119046, 0.9481716), (0.9063778, 0.9767436), (0.98937225, 0.99018824), (0.82268596, 0.5285974), (0.018744912, 0.99937326), (0.967958, 0.124131866), (0.8123037, 0.5285974), (0.011413122, 0.9994115), (0.82268596, 0.54050195), (0.71689117, 0.9862536), (0.967958, 0.1327369), (0.8123037, 0.5405019), (0.7272721, 0.9862548), (0.45367268, 0.9763655), (0.9832937, 0.16276664), (0.013971782, 0.98065954), (0.45729595, 0.9763655), (0.011413122, 0.9806729), (0.45729592, 0.98827), (0.72727203, 0.9675165), (0.45367268, 0.98827), (0.974707, 0.16232182), (0.72364926, 0.96751606), (0.9743872, 0.13322735), (0.3675101, 0.9362671), (0.7168911, 0.9797804), (0.9743872, 0.12462231), (0.018744912, 0.9928999), (0.3675101, 0.9243626), (0.011413122, 0.99293816), (0.7272721, 0.97978157), (0.72228134, 0.9748473), (0.974707, 0.15487431), (0.011413122, 0.9880044), (0.9832937, 0.15531918), (0.014937951, 0.98798597), (0.72727203, 0.97484785), (0.98244333, 0.15263192), (0.016145835, 0.9904465), (0.3711905, 0.9243606), (0.7272721, 0.9773147), (0.9738566, 0.15218705), (0.3711905, 0.93626505), (0.7205711, 0.9773139), (0.011413122, 0.99047124), (0.7292453, 0.5285974), (0.9982308, 0.8562599), (0.97685194, 0.8004199), (0.718863, 0.5285974), (0.9908991, 0.85629815), (0.72924525, 0.54050195), (0.5751082, 0.9832477), (0.97685194, 0.809025), (0.718863, 0.5405019), (0.5854891, 0.9832489), (0.99355406, 0.5704007), (0.967958, 0.13471149), (0.99345773, 0.8375461), (0.99717724, 0.5704007), (0.990899, 0.83755946), (0.99717724, 0.5823052), (0.5854891, 0.9645105), (0.99355406, 0.5823052), (0.9593713, 0.13426659), (0.5818663, 0.9645101), (0.9832812, 0.8095154), (0.35092795, 0.9411075), (0.5751082, 0.9767744), (0.9832812, 0.80091035), (0.9982308, 0.84978646), (0.35092795, 0.95301205), (0.990899, 0.8498247), (0.5854891, 0.9767756), (0.58049834, 0.97184134), (0.9593713, 0.12681915), (0.990899, 0.844891), (0.967958, 0.12726398), (0.99442387, 0.8448726), (0.5854891, 0.9718419), (0.9671076, 0.12457671), (0.99563175, 0.84733313), (0.3472476, 0.9530141), (0.5854891, 0.9743087), (0.9585209, 0.124131866), (0.3472476, 0.9411096), (0.57878816, 0.97430795), (0.990899, 0.8473578), (0.9498635, 0.5425079), (0.99642307, 0.98120975), (0.9754655, 0.46499735), (0.9602458, 0.5425079), (0.9890913, 0.981248), (0.9498635, 0.53060335), (0.7437241, 0.9671806), (0.9754655, 0.47360238), (0.9602458, 0.53060335), (0.7333431, 0.96717936), (0.9952536, 0.54244035), (0.9727692, 0.90127206), (0.99165, 0.96249604), (0.9916304, 0.54244035), (0.9890913, 0.9625094), (0.9916304, 0.5305358), (0.7333432, 0.98591775), (0.9952536, 0.5305358), (0.9641825, 0.9008272), (0.73696595, 0.98591816), (0.9818948, 0.4740928), (0.40789714, 0.92309725), (0.7437241, 0.9736539), (0.98189473, 0.46548778), (0.99642307, 0.9747364), (0.40789714, 0.93500173), (0.9890913, 0.97477466), (0.7333432, 0.97365266), (0.7383339, 0.978587), (0.9641825, 0.89337975), (0.9890913, 0.9698409), (0.9727692, 0.8938246), (0.9926161, 0.9698225), (0.7333432, 0.9785864), (0.9719188, 0.8911373), (0.993824, 0.97228307), (0.4042168, 0.93500376), (0.7333432, 0.9761195), (0.9633321, 0.8906925), (0.40421677, 0.9230993), (0.7400441, 0.9761203), (0.9890913, 0.97230774), (0.7500099, 0.54050195), (0.9913559, 0.7622396), (0.86770016, 0.21573901), (0.7603922, 0.54050195), (0.9986877, 0.7622013), (0.7500099, 0.5285974), (0.8833946, 0.9866902), (0.8677001, 0.22434406), (0.7603922, 0.5285974), (0.8937755, 0.9866914), (0.4705068, 0.97573936), (0.9738567, 0.16276664), (0.996129, 0.7809533), (0.47413003, 0.97573936), (0.9986876, 0.78093994), (0.47413006, 0.98764384), (0.8937755, 0.9679531), (0.47050682, 0.98764384), (0.96527, 0.16232179), (0.89015275, 0.96795267), (0.8741294, 0.22483452), (0.34724763, 0.905388), (0.8833946, 0.9802169), (0.8741294, 0.21622947), (0.9913559, 0.76871294), (0.3472476, 0.89348346), (0.9986877, 0.7686747), (0.8937755, 0.9802182), (0.8887848, 0.97528386), (0.96527, 0.15487428), (0.9986876, 0.77360845), (0.9738567, 0.15531915), (0.99516284, 0.7736268), (0.8937755, 0.97528446), (0.9730063, 0.15263188), (0.99395496, 0.77116627), (0.35092798, 0.8934815), (0.8937755, 0.9777513), (0.9644196, 0.15218705), (0.35092798, 0.905386), (0.8870746, 0.9777505), (0.9986877, 0.77114165), (0.7396276, 0.54050195), (1, 0.30072007), (0.9741064, 0.8277476), (0.7500099, 0.54050195), (0.9926683, 0.30075833), (0.7396276, 0.5285974), (0.9859842, 0.084771805), (0.9741064, 0.83635265), (0.7500099, 0.5285974), (0.9756033, 0.08477061), (0.6168921, 0.9913016), (0.26896238, 0.5715732), (0.995227, 0.28200635), (0.61326885, 0.9913016), (0.9926683, 0.28201973), (0.61326885, 0.97939706), (0.97560334, 0.10350894), (0.6168921, 0.97939706), (0.2603757, 0.5711283), (0.97922605, 0.10350936), (0.9805357, 0.8368431), (0.3472476, 0.9411076), (0.9859842, 0.09124506), (0.9805357, 0.82823807), (1, 0.2942467), (0.3472476, 0.9292031), (0.9926683, 0.29428497), (0.9756033, 0.09124388), (0.98059404, 0.096178144), (0.2603757, 0.5636809), (0.9926683, 0.28935122), (0.2689624, 0.5641257), (0.9961931, 0.2893328), (0.9756033, 0.09617753), (0.268112, 0.56143844), (0.997401, 0.29179335), (0.35092795, 0.92920107), (0.9756033, 0.09371073), (0.2595253, 0.56099355), (0.35092795, 0.94110554), (0.9823043, 0.09371148), (0.9926683, 0.29181805), (0.85383284, 0.5285974), (0.9911976, 0.6536935), (0.986965, 0.8368431), (0.84345055, 0.5285974), (0.9985294, 0.65365523), (0.85383284, 0.5405019), (0.9751171, 0.9200259), (0.986965, 0.828238), (0.84345055, 0.5405019), (0.985498, 0.9200272), (0.48598015, 0.977126), (0.9730586, 0.05623685), (0.9959707, 0.6724072), (0.4896034, 0.977126), (0.9985294, 0.67239386), (0.4896034, 0.98903054), (0.985498, 0.9012888), (0.48598015, 0.98903054), (0.9644719, 0.055792026), (0.98187524, 0.9012884), (0.9805357, 0.8277476), (0.3711903, 0.88864094), (0.9751171, 0.91355264), (0.9805357, 0.83635265), (0.9911976, 0.66016686), (0.37119034, 0.9005454), (0.9985294, 0.6601286), (0.985498, 0.9135539), (0.9805073, 0.90861964), (0.9644719, 0.04834454), (0.9985294, 0.6650623), (0.9730586, 0.048789363), (0.99500453, 0.6650807), (0.985498, 0.9086202), (0.9722082, 0.046102077), (0.99379665, 0.6626202), (0.36750996, 0.90054744), (0.985498, 0.91108704), (0.9636215, 0.045657255), (0.36750993, 0.88864297), (0.9787971, 0.91108626), (0.9985294, 0.6625955), (0.71886295, 0.5285974), (0.99642307, 0.9624578), (0.96767694, 0.8368431), (0.7084807, 0.5285974), (0.9890913, 0.96249604), (0.71886295, 0.54050195), (0.7668623, 0.9852733), (0.96767694, 0.828238), (0.70848066, 0.54050195), (0.7772432, 0.98527455), (0.88236845, 0.98317266), (0.97301716, 0.027719287), (0.99165, 0.94374406), (0.8787452, 0.98317266), (0.9890913, 0.9437574), (0.8787452, 0.9712682), (0.77724314, 0.96653616), (0.88236845, 0.9712682), (0.96443045, 0.027274411), (0.7736204, 0.96653575), (0.9612476, 0.8277476), (0.35092795, 0.91729456), (0.7668623, 0.97880006), (0.9612477, 0.8363527), (0.99642307, 0.9559844), (0.35092798, 0.92919904), (0.9890913, 0.9560226), (0.7772432, 0.97880125), (0.77225244, 0.973867), (0.96443045, 0.019826926), (0.9890913, 0.9510889), (0.97301716, 0.02027183), (0.9926161, 0.95107055), (0.7772432, 0.9738676), (0.9721668, 0.017584518), (0.993824, 0.9535311), (0.3472476, 0.92920107), (0.7772432, 0.9763344), (0.9635801, 0.01713967), (0.34724763, 0.9172966), (0.77054226, 0.9763336), (0.9890913, 0.95355576), (0.8642152, 0.5405019), (0.11960007, 0.94571763), (0.8745975, 0.5405019), (0.12695104, 0.9457558), (0.8642152, 0.5285974), (0.77245516, 0.9472849), (0.111200035, 0.94576144), (0.8745975, 0.5285974), (0.77993816, 0.94671404), (0.43675247, 0.9714752), (0.12438565, 0.96448106), (0.44037572, 0.9714752), (0.12695104, 0.9644944), (0.44037572, 0.9833797), (0.77993816, 0.9280341), (0.43675247, 0.9833797), (0.11598561, 0.96452487), (0.7773267, 0.92823327), (0.11120002, 0.95223486), (0.95852125, 0.19096833), (0.77245516, 0.9408318), (0.11960006, 0.952191), (0.95852125, 0.17906381), (0.12695104, 0.95222914), (0.77993816, 0.94026095), (0.11501694, 0.95718837), (0.7763406, 0.9356171), (0.12695104, 0.9571629), (0.768095, 0.9349371), (0.123416975, 0.95714456), (0.77993816, 0.9353426), (0.7668623, 0.9374903), (0.12220596, 0.95467144), (0.9621997, 0.17906392), (0.77993816, 0.9378018), (0.9621997, 0.19096842), (0.77510786, 0.93817025), (0.12695104, 0.95469606), (0.5942753, 0.5405019), (0.084531516, 0.94482905), (0.6046576, 0.5405019), (0.0918825, 0.9448672), (0.5942753, 0.5285974), (0.9609611, 0.75611305), (0.07613146, 0.94487286), (0.6046576, 0.5285974), (0.9684441, 0.7555422), (0.86302763, 0.97129154), (0.08931712, 0.9635925), (0.8666509, 0.97129154), (0.0918825, 0.9636058), (0.8666509, 0.983196), (0.9684441, 0.7368623), (0.86302763, 0.983196), (0.08091705, 0.9636364), (0.96583265, 0.7370615), (0.07613146, 0.9513463), (0.17458215, 0.9644757), (0.9609611, 0.74965996), (0.084531516, 0.9513024), (0.17458215, 0.9763802), (0.09188248, 0.95134056), (0.9684441, 0.7490891), (0.07994838, 0.95629984), (0.9648466, 0.74444526), (0.09188249, 0.95627433), (0.956601, 0.7437653), (0.08834843, 0.956256), (0.9684441, 0.74417084), (0.9553682, 0.74631846), (0.08713739, 0.95378286), (0.17090371, 0.9763801), (0.9684441, 0.74663), (0.17090374, 0.96447563), (0.9636138, 0.7469984), (0.09188249, 0.9538075), (0.9161266, 0.54050195), (0.5835082, 0.9457028), (0.9265089, 0.5405019), (0.5908592, 0.94574094), (0.9161266, 0.5285974), (0.77245516, 0.9280341), (0.5751082, 0.94574654), (0.9265089, 0.5285974), (0.77993816, 0.9274633), (0.7272721, 0.97942054), (0.5882938, 0.9644662), (0.7308953, 0.97942054), (0.5908592, 0.96447957), (0.7308953, 0.9913251), (0.77993816, 0.9087833), (0.72727203, 0.9913251), (0.57989377, 0.9645101), (0.7773267, 0.9089826), (0.5751082, 0.95221996), (0.105545156, 0.975965), (0.77245516, 0.92158103), (0.5835082, 0.95217615), (0.105545156, 0.9640605), (0.5908592, 0.9522143), (0.77993816, 0.9210102), (0.5789251, 0.9571735), (0.7763406, 0.91636634), (0.5908592, 0.9571481), (0.7680951, 0.91568637), (0.5873251, 0.9571297), (0.77993816, 0.9160919), (0.7668623, 0.91823953), (0.5861141, 0.9546566), (0.109223604, 0.9640606), (0.77993816, 0.918551), (0.109223604, 0.97596514), (0.77510786, 0.9189195), (0.5908592, 0.9546812), (0.9602457, 0.5425079), (0.6084921, 0.9635991), (0.970628, 0.5425079), (0.6011411, 0.96356094), (0.9602457, 0.53060335), (0.96081376, 0.56175864), (0.61689216, 0.9635552), (0.970628, 0.53060335), (0.96829677, 0.5611878), (0.8375684, 0.9921697), (0.6037065, 0.94483554), (0.8339451, 0.9921697), (0.60114115, 0.94482225), (0.83394516, 0.98026514), (0.9682968, 0.5425078), (0.8375684, 0.98026514), (0.61210656, 0.94479173), (0.96568537, 0.5427071), (0.61689216, 0.95708185), (0.83866954, 0.9749735), (0.96081376, 0.55530554), (0.6084921, 0.9571257), (0.83866954, 0.963069), (0.6011411, 0.9570875), (0.9682968, 0.5547347), (0.6130752, 0.9521283), (0.96469927, 0.55009085), (0.6011411, 0.9521538), (0.9564537, 0.5494109), (0.6046752, 0.9521721), (0.9682968, 0.54981637), (0.9552209, 0.55196404), (0.6058862, 0.9546453), (0.842348, 0.96306914), (0.96829677, 0.55227554), (0.842348, 0.9749736), (0.96346647, 0.55264395), (0.6011411, 0.9546206), (0.94813865, 0.13471147), (0.9549321, 0.8923601), (0.95852095, 0.13471147), (0.9475811, 0.892322), (0.94813865, 0.122806974), (0.77245516, 0.9665357), (0.9633321, 0.8923163), (0.95852095, 0.122806974), (0.77993816, 0.96596485), (0.77637464, 0.98527455), (0.9501465, 0.87359667), (0.7799979, 0.98527455), (0.9475811, 0.8735833), (0.7799979, 0.99717903), (0.77993816, 0.9472849), (0.77637464, 0.99717903), (0.9585465, 0.8735528), (0.7773267, 0.94748414), (0.9633321, 0.8858429), (0.15462103, 0.9758859), (0.77245516, 0.9600826), (0.9549321, 0.8858867), (0.15462103, 0.9639814), (0.9475811, 0.88584864), (0.77993816, 0.9595118), (0.9595152, 0.88088936), (0.7763406, 0.9548679), (0.9475811, 0.88091487), (0.768095, 0.9541879), (0.95111513, 0.88093317), (0.77993816, 0.9545935), (0.7668623, 0.9567411), (0.9523262, 0.88340634), (0.15829948, 0.9639815), (0.77993816, 0.9570526), (0.15829948, 0.97588605), (0.77510786, 0.95742106), (0.9475811, 0.8833817), (0.62542224, 0.54050195), (0.566995, 0.9456824), (0.63580453, 0.5405019), (0.574346, 0.94572055), (0.62542224, 0.5285974), (0.96098626, 0.7283771), (0.558595, 0.9457263), (0.63580453, 0.5285974), (0.96846926, 0.72780627), (0.99641335, 0.056845658), (0.5717806, 0.9644459), (0.99279016, 0.05684565), (0.574346, 0.9644592), (0.99279016, 0.044941135), (0.96846926, 0.70912635), (0.9964134, 0.044941142), (0.5633806, 0.9644897), (0.9658578, 0.7093255), (0.558595, 0.95219964), (0.19110112, 0.9637254), (0.96098626, 0.721924), (0.566995, 0.95215577), (0.1911011, 0.9756299), (0.574346, 0.9521939), (0.96846926, 0.7213532), (0.5624119, 0.95715314), (0.9648717, 0.71670926), (0.574346, 0.9571277), (0.9566261, 0.71602935), (0.570812, 0.95710933), (0.96846926, 0.71643484), (0.9553934, 0.71858245), (0.56960094, 0.9546362), (0.18742268, 0.9756298), (0.96846926, 0.718894), (0.18742268, 0.96372527), (0.9636389, 0.7192624), (0.574346, 0.95466083), (0.8745975, 0.5405019), (0.9556221, 0.9445828), (0.8849798, 0.5405019), (0.962973, 0.94462097), (0.8745975, 0.5285974), (0.96092993, 0.6451705), (0.947222, 0.9446267), (0.8849798, 0.5285974), (0.96841294, 0.6445997), (0.7127657, 0.98104906), (0.9604076, 0.9633463), (0.7163889, 0.98104906), (0.962973, 0.9633596), (0.7163889, 0.99295354), (0.96841294, 0.62591976), (0.71276563, 0.99295354), (0.9520076, 0.9633901), (0.9658015, 0.62611896), (0.947222, 0.9511), (0.37119046, 0.9481737), (0.96092993, 0.6387174), (0.9556221, 0.9510562), (0.37119046, 0.9600782), (0.962973, 0.9510943), (0.96841294, 0.63814664), (0.9510389, 0.95605356), (0.9648154, 0.6335027), (0.962973, 0.9560281), (0.9565698, 0.63282275), (0.959439, 0.95600975), (0.96841294, 0.6332283), (0.955337, 0.6353759), (0.95822793, 0.9535366), (0.36751205, 0.9600781), (0.96841294, 0.6356875), (0.367512, 0.9481736), (0.9635826, 0.6360559), (0.962973, 0.95356125), (0.93689114, 0.5285974), (0.985498, 0.9018592), (0.55203533, 0.9642691), (0.92650884, 0.5285974), (0.992981, 0.9012884), (0.93689114, 0.54050195), (0.9876855, 0.15374465), (0.5520353, 0.9761721), (0.92650884, 0.54050195), (0.9950365, 0.1537828), (0.38300768, 0.9708667), (0.21997952, 0.9948011), (0.99036956, 0.92016757), (0.38663092, 0.9708667), (0.992981, 0.9199683), (0.38663092, 0.9827712), (0.9950364, 0.13504414), (0.38300768, 0.98277116), (0.21997955, 0.9828981), (0.99247104, 0.13503084), (0.55850345, 0.9761713), (0.77875054, 0.2621408), (0.98768544, 0.14727129), (0.55850345, 0.9642683), (0.985498, 0.90831226), (0.77875054, 0.27404535), (0.992981, 0.9077415), (0.9950364, 0.1473094), (0.9915024, 0.14235735), (0.22731525, 0.98291945), (0.992981, 0.91265976), (0.22731525, 0.9948224), (0.9893835, 0.9129342), (0.9950364, 0.14237566), (0.22979285, 0.9948498), (0.9881507, 0.9105691), (0.77506804, 0.27404547), (0.9950364, 0.1448425), (0.22979285, 0.9829468), (0.77506804, 0.26214096), (0.99029136, 0.14481792), (0.992981, 0.9102006), (0.6254222, 0.5285974), (0.9175408, 0.986111), (0.9821409, 0.37929562), (0.6150399, 0.5285974), (0.9100577, 0.9866818), (0.6254222, 0.54050195), (0.9907647, 0.8004151), (0.9821409, 0.36739263), (0.61503994, 0.54050195), (0.9981156, 0.80045325), (0.05122903, 0.9777679), (0.16052282, 0.99511814), (0.9126692, 0.96780264), (0.05485226, 0.9777679), (0.9100577, 0.96800184), (0.054852266, 0.9896724), (0.9981156, 0.7817146), (0.051229015, 0.9896724), (0.16052279, 0.9832152), (0.9955502, 0.7817013), (0.97567284, 0.36739343), (0.78056747, 0.7936367), (0.9907647, 0.79394174), (0.9756728, 0.3792964), (0.9175408, 0.9796579), (0.78056747, 0.8055412), (0.9100578, 0.9802287), (0.9981156, 0.7939799), (0.9945816, 0.78902775), (0.16785851, 0.9832365), (0.9100577, 0.9753104), (0.16785853, 0.9951394), (0.9136553, 0.97503597), (0.9981156, 0.78904617), (0.1703361, 0.99516684), (0.9148881, 0.9774011), (0.776885, 0.80554134), (0.9981156, 0.791513), (0.1703361, 0.98326385), (0.776885, 0.7936368), (0.99337053, 0.79148835), (0.9100578, 0.97776955), (0.7292453, 0.54050195), (0.08651241, 0.9642072), (0.74393785, 0.9830283), (0.7396276, 0.54050195), (0.093995444, 0.96363634), (0.7292453, 0.5285974), (0.9903057, 0.6168569), (0.74393785, 0.9949313), (0.7396276, 0.5285974), (0.9976567, 0.616895), (0.79204, 0.97769845), (0.10497756, 0.98284876), (0.091383986, 0.9825155), (0.79566324, 0.97769845), (0.093995444, 0.9823163), (0.79566324, 0.9896029), (0.9976567, 0.59815645), (0.79204, 0.9896029), (0.10497756, 0.99475175), (0.9950913, 0.5981431), (0.750406, 0.99493045), (0.8483296, 0.12345725), (0.9903057, 0.6103835), (0.750406, 0.9830275), (0.086512394, 0.97066027), (0.8483296, 0.13536176), (0.09399544, 0.97008944), (0.9976567, 0.6104217), (0.9941226, 0.6054696), (0.09764184, 0.9947305), (0.09399544, 0.9750078), (0.09764184, 0.9828275), (0.090397894, 0.9752822), (0.9976567, 0.6054879), (0.095164225, 0.98280007), (0.08916511, 0.972917), (0.8446471, 0.13536188), (0.9976567, 0.6079548), (0.095164254, 0.99470305), (0.84464717, 0.12345736), (0.9929116, 0.6079301), (0.09399543, 0.9725486), (0.98240787, 0.05684564), (0.51809835, 0.97061336), (0.12748146, 0.99516666), (0.99279016, 0.05684564), (0.52558136, 0.9700426), (0.98240787, 0.04494114), (0.9888646, 0.49502578), (0.12748146, 0.98326373), (0.99279016, 0.044941135), (0.9962156, 0.4950639), (0.10560034, 0.97596514), (0.15405343, 0.9827698), (0.5229699, 0.9889217), (0.109223604, 0.97596514), (0.52558136, 0.9887225), (0.109223604, 0.9878696), (0.9962156, 0.47632527), (0.10560039, 0.9878696), (0.15405343, 0.9946728), (0.9936502, 0.47631198), (0.121013366, 0.9832645), (0.77875054, 0.2502362), (0.9888646, 0.4885524), (0.12101334, 0.99516743), (0.5180983, 0.97706646), (0.77875054, 0.26214072), (0.52558136, 0.9764957), (0.9962156, 0.48859057), (0.9926815, 0.48363847), (0.14671773, 0.9946515), (0.52558136, 0.98141396), (0.1467177, 0.9827485), (0.5219838, 0.9816884), (0.9962156, 0.4836568), (0.14424011, 0.9827211), (0.520751, 0.97932327), (0.77506804, 0.2621408), (0.9962156, 0.48612368), (0.14424011, 0.9946241), (0.77506804, 0.25023633), (0.9914705, 0.48609903), (0.52558136, 0.9789548), (0.98518413, 0.1799063), (0.99516827, 0.12481979), (0.76039284, 0.9851603), (0.97480184, 0.1799063), (0.98768526, 0.1253906), (0.98518413, 0.1918108), (0.8265942, 0.998979), (0.76039284, 0.9970633), (0.97480184, 0.19181079), (0.83394516, 0.99901706), (0.66666734, 0.9856837), (0.11120005, 0.99516666), (0.9902967, 0.106511466), (0.6702906, 0.9856837), (0.98768526, 0.10671068), (0.6702906, 0.99758816), (0.8339451, 0.9802785), (0.66666734, 0.99758816), (0.11120002, 0.98326373), (0.8313798, 0.98026514), (0.76686096, 0.9970625), (0.8446471, 0.12345725), (0.8265942, 0.9925056), (0.76686096, 0.9851595), (0.99516827, 0.118366696), (0.8446471, 0.111552745), (0.98768526, 0.11893753), (0.83394516, 0.99254376), (0.8304111, 0.9875916), (0.11853574, 0.983285), (0.98768526, 0.114019215), (0.11853577, 0.99518794), (0.99128276, 0.11374481), (0.83394516, 0.98761), (0.121013336, 0.99521536), (0.99251556, 0.11610991), (0.8483296, 0.11155263), (0.83394516, 0.99007684), (0.121013336, 0.98331237), (0.8483296, 0.12345714), (0.8292, 0.9900522), (0.98768526, 0.11647835), (0.5735107, 0.54050195), (0.98752654, 0.2261767), (0.20959735, 0.9949063), (0.583893, 0.54050195), (0.99500954, 0.22560588), (0.5735107, 0.5285974), (0.9890002, 0.64463353), (0.20959735, 0.9830034), (0.583893, 0.5285974), (0.9963512, 0.64467174), (0.33778542, 0.9976795), (0.20959863, 0.9948011), (0.9923981, 0.244485), (0.3341622, 0.9976795), (0.99500954, 0.24428582), (0.3341622, 0.98577493), (0.9963511, 0.6259331), (0.33778542, 0.98577493), (0.2095986, 0.9828981), (0.9937858, 0.62591976), (0.20312922, 0.98300415), (0.8446471, 0.11155263), (0.9890002, 0.6381602), (0.20312922, 0.99490714), (0.98752654, 0.2326298), (0.8446471, 0.09964812), (0.99500954, 0.23205894), (0.9963512, 0.6381983), (0.9928171, 0.63324624), (0.21693432, 0.9829194), (0.99500954, 0.23697726), (0.21693432, 0.9948224), (0.991412, 0.23725173), (0.9963512, 0.6332646), (0.21941194, 0.9948498), (0.9901792, 0.2348866), (0.8483296, 0.099648006), (0.9963512, 0.63573146), (0.21941194, 0.9829468), (0.8483296, 0.11155253), (0.99160606, 0.63570684), (0.99500954, 0.23451813), (0.6150399, 0.5285974), (0.32285476, 0.9710432), (0.15405343, 0.98272187), (0.6046576, 0.5285974), (0.3303378, 0.9704724), (0.6150399, 0.54050195), (0.98768544, 0.21156542), (0.15405343, 0.99462485), (0.6046576, 0.54050195), (0.9950365, 0.21160355), (0.12520425, 0.9764294), (0.093995444, 0.9825642), (0.32772633, 0.9893516), (0.121580996, 0.9764294), (0.3303378, 0.9891524), (0.121580966, 0.9645249), (0.9950364, 0.19286495), (0.12520419, 0.9645249), (0.093995444, 0.9944672), (0.9924711, 0.19285163), (0.16052157, 0.9946241), (0.7805674, 0.81744593), (0.9876855, 0.20509206), (0.16052157, 0.9827211), (0.32285476, 0.9774963), (0.78056747, 0.8293505), (0.3303378, 0.97692555), (0.9950364, 0.20513022), (0.9915024, 0.20017812), (0.0866597, 0.99444586), (0.3303378, 0.9818438), (0.08665975, 0.98254293), (0.32674026, 0.9821182), (0.9950365, 0.20019647), (0.084182136, 0.9825155), (0.32550746, 0.97975314), (0.776885, 0.82935053), (0.9950365, 0.20266333), (0.084182136, 0.99441844), (0.776885, 0.81744605), (0.99029136, 0.20263872), (0.3303378, 0.97938466), (0.8953621, 0.5405019), (0.19331595, 0.9642638), (0.9462012, 0.30361), (0.9057444, 0.54050195), (0.20369686, 0.964265), (0.8953621, 0.5285974), (0.9546232, 0.30365372), (0.9057444, 0.5285974), (0.961955, 0.30361542), (0.9576029, 0.97918814), (0.9509743, 0.28484645), (0.20007409, 0.98300296), (0.96122617, 0.97918814), (0.20369685, 0.9830034), (0.96122617, 0.9910926), (0.961955, 0.28487682), (0.9576029, 0.9910926), (0.95939636, 0.28489015), (0.40421656, 0.88737565), (0.9546232, 0.29718035), (0.9462012, 0.2971366), (0.19331592, 0.97073704), (0.40421656, 0.8754712), (0.20369686, 0.9707383), (0.961955, 0.2971421), (0.9584302, 0.29222673), (0.20369686, 0.975672), (0.95000815, 0.292183), (0.19870612, 0.97567135), (0.961955, 0.2922083), (0.94880027, 0.2946562), (0.19699591, 0.9732043), (0.4078971, 0.8754732), (0.961955, 0.2946752), (0.4078971, 0.8873777), (0.9572223, 0.29469985), (0.20369686, 0.97320515), (0.71751225, 0.27797237), (0.5520353, 0.98300797), (0.9462012, 0.32241723), (0.70712996, 0.27797237), (0.54165435, 0.9830067), (0.71751225, 0.28987688), (0.9546232, 0.32246098), (0.70712996, 0.28987688), (0.961955, 0.32242268), (0.9929811, 0.91319287), (0.9509743, 0.30365372), (0.5452771, 0.96426874), (0.9966043, 0.91319287), (0.54165435, 0.9642683), (0.9966043, 0.9250974), (0.961955, 0.30368406), (0.9929811, 0.9250974), (0.9593963, 0.30369744), (0.35092822, 0.8696704), (0.9546232, 0.3159876), (0.9462012, 0.3159439), (0.5520353, 0.97653466), (0.35092822, 0.88157487), (0.54165435, 0.9765334), (0.961955, 0.31594932), (0.9584302, 0.31103396), (0.54165435, 0.97159976), (0.95000815, 0.31099024), (0.5466451, 0.97160035), (0.961955, 0.31101558), (0.94880027, 0.31346342), (0.54835534, 0.9740674), (0.34724766, 0.8815729), (0.961955, 0.31348243), (0.34724763, 0.86966836), (0.9572223, 0.31350714), (0.54165435, 0.97406656), (0.5631284, 0.54050195), (0.6115221, 0.9823387), (0.9462012, 0.41645363), (0.5735107, 0.54050195), (0.60114115, 0.9823375), (0.56312835, 0.5285974), (0.9546232, 0.41649735), (0.57351065, 0.5285974), (0.961955, 0.41645908), (0.8937755, 0.97985715), (0.9509743, 0.3976901), (0.6047639, 0.96359956), (0.89739877, 0.97985715), (0.6011411, 0.9635991), (0.89739877, 0.9917616), (0.961955, 0.39772046), (0.8937755, 0.9917616), (0.9593963, 0.3977338), (0.878366, 0.1730155), (0.9546232, 0.41002396), (0.9462012, 0.40998027), (0.6115221, 0.9758654), (0.878366, 0.18492001), (0.60114115, 0.9758642), (0.961955, 0.40998572), (0.9584302, 0.40507033), (0.60114115, 0.9709305), (0.95000815, 0.40502664), (0.60613185, 0.9709311), (0.961955, 0.40505195), (0.94880027, 0.40749982), (0.6078421, 0.97339815), (0.87468547, 0.18491797), (0.961955, 0.40751883), (0.8746854, 0.17301348), (0.9572223, 0.4075435), (0.60114115, 0.9733973), (0.93948126, 0.5425079), (0.14424011, 0.9639814), (0.9462012, 0.3600318), (0.94986355, 0.5425079), (0.15462103, 0.9639827), (0.93948126, 0.53060335), (0.9546232, 0.36007556), (0.94986355, 0.53060335), (0.961955, 0.36003727), (0.38300768, 0.98277116), (0.9509743, 0.34126827), (0.15099825, 0.9827206), (0.38663092, 0.98277116), (0.15462102, 0.98272103), (0.38663092, 0.9946757), (0.961955, 0.3412986), (0.38300768, 0.9946757), (0.9593963, 0.341312), (0.35092822, 0.8577639), (0.9546232, 0.35360214), (0.9462012, 0.35355842), (0.14424011, 0.97045475), (0.35092822, 0.86966836), (0.15462103, 0.97045594), (0.961955, 0.3535639), (0.9584302, 0.34864852), (0.15462103, 0.97538966), (0.95000815, 0.34860483), (0.1496303, 0.97538906), (0.961955, 0.34863013), (0.94880027, 0.351078), (0.14792009, 0.972922), (0.34724766, 0.8696664), (0.961955, 0.351097), (0.34724763, 0.85776186), (0.9572223, 0.3511217), (0.15462103, 0.9729228), (0.72789454, 0.27797237), (0.07613148, 0.96363634), (0.9462012, 0.3976464), (0.71751225, 0.27797237), (0.086512394, 0.9636376), (0.72789454, 0.28987688), (0.9546232, 0.3976901), (0.71751225, 0.28987688), (0.961955, 0.39765182), (0.44037572, 0.9952842), (0.9509743, 0.37888283), (0.082889624, 0.9823755), (0.43675247, 0.9952842), (0.086512394, 0.982376), (0.43675247, 0.9833797), (0.961955, 0.37891322), (0.44037572, 0.9833797), (0.9593963, 0.37892655), (0.40421656, 0.89928216), (0.9546232, 0.39121675), (0.9462012, 0.39117303), (0.07613146, 0.97010964), (0.40421656, 0.8873777), (0.086512394, 0.97011083), (0.961955, 0.3911785), (0.9584302, 0.3862631), (0.086512394, 0.97504455), (0.95000815, 0.3862194), (0.08152166, 0.97504395), (0.961955, 0.38624468), (0.94880027, 0.38869256), (0.07981145, 0.9725769), (0.4078971, 0.88737965), (0.961955, 0.38871157), (0.4078971, 0.8992842), (0.9572223, 0.38873625), (0.086512394, 0.9725777), (0.9057444, 0.54050195), (0.16052282, 0.96447563), (0.9462012, 0.43526092), (0.9161266, 0.54050195), (0.17090371, 0.9644768), (0.9057444, 0.5285974), (0.9546232, 0.4353046), (0.9161266, 0.5285974), (0.961955, 0.43526638), (0.6778791, 0.96843356), (0.9509743, 0.41649735), (0.16728094, 0.9832148), (0.68150234, 0.96843356), (0.17090371, 0.9832152), (0.68150234, 0.98033804), (0.961955, 0.41652772), (0.6778791, 0.98033804), (0.9593963, 0.4165411), (0.40421656, 0.87546915), (0.9546232, 0.42883125), (0.9462012, 0.42878756), (0.16052279, 0.9709489), (0.40421656, 0.8635646), (0.17090371, 0.9709501), (0.961955, 0.428793), (0.9584302, 0.4238776), (0.17090371, 0.9758838), (0.95000815, 0.4238339), (0.16591299, 0.9758832), (0.961955, 0.42385924), (0.94880027, 0.42630708), (0.16420278, 0.97341615), (0.4078971, 0.86356664), (0.961955, 0.42632613), (0.4078971, 0.8754712), (0.9572223, 0.4263508), (0.17090371, 0.9734169), (0.55274606, 0.54050195), (0.21997952, 0.96415854), (0.961955, 0.3225047), (0.56312835, 0.54050195), (0.23036046, 0.9641598), (0.55274606, 0.5285974), (0.95353293, 0.32246098), (0.56312835, 0.5285974), (0.9462012, 0.3224993), (0.8088403, 0.9768865), (0.9571819, 0.34126827), (0.22673771, 0.98289776), (0.8124635, 0.9768865), (0.23036046, 0.9828982), (0.8124635, 0.988791), (0.9462012, 0.34123793), (0.8088403, 0.988791), (0.94875985, 0.34122458), (0.26854098, 0.8826852), (0.95353293, 0.32893437), (0.961955, 0.3289781), (0.21997952, 0.9706319), (0.26854098, 0.8945897), (0.23036046, 0.9706331), (0.9462012, 0.32897267), (0.94972605, 0.333888), (0.23036046, 0.97556674), (0.95814806, 0.3339317), (0.22536972, 0.97556615), (0.9462012, 0.33390644), (0.9593559, 0.33145854), (0.22365952, 0.9730991), (0.2648604, 0.8945877), (0.9462012, 0.33143955), (0.26486042, 0.8826832), (0.9509339, 0.33141488), (0.23036046, 0.97309995), (0.7915391, 0.54050195), (0.98282266, 0.5987139), (0.24195631, 0.98522246), (0.80192137, 0.54050195), (0.99030566, 0.5981431), (0.7915391, 0.5285974), (0.9903246, 0.8282292), (0.24195631, 0.99712545), (0.80192137, 0.5285974), (0.9976756, 0.8282673), (0.9449439, 0.9783864), (0.19331592, 0.9949063), (0.9876942, 0.6170222), (0.94132066, 0.9783864), (0.99030566, 0.616823), (0.94132066, 0.96648186), (0.9976756, 0.8095287), (0.9449439, 0.9664819), (0.19331594, 0.9830034), (0.9951102, 0.80951536), (0.24842441, 0.9971247), (0.774425, 0.24844801), (0.9903246, 0.82175577), (0.24842441, 0.9852217), (0.98282266, 0.605167), (0.774425, 0.23654349), (0.99030566, 0.60459614), (0.9976756, 0.821794), (0.9941416, 0.81684184), (0.20065165, 0.98302466), (0.99030566, 0.6095145), (0.20065163, 0.99492764), (0.98670816, 0.6097889), (0.9976756, 0.81686014), (0.20312922, 0.99495506), (0.98547536, 0.60742384), (0.77810746, 0.2365434), (0.9976756, 0.81932706), (0.20312922, 0.9830521), (0.7781075, 0.24844792), (0.99293053, 0.81930244), (0.99030566, 0.6070553), (0.6669514, 0.54050195), (0.9948208, 0.18107496), (0.94045216, 0.98522145), (0.6773337, 0.54050195), (0.98733777, 0.18164578), (0.6669514, 0.5285974), (0.98913825, 0.075748764), (0.94045216, 0.99712443), (0.6773337, 0.5285974), (0.99648917, 0.075786926), (0.33416218, 0.9976795), (0.55146766, 0.9830566), (0.9899492, 0.16276664), (0.33053896, 0.9976795), (0.98733777, 0.16296586), (0.33053896, 0.98577493), (0.99648917, 0.05704831), (0.33416218, 0.98577493), (0.55146766, 0.9949596), (0.99392384, 0.057034973), (0.9469203, 0.99712366), (0.78056747, 0.7817321), (0.98913825, 0.06927542), (0.9469203, 0.9852207), (0.9948208, 0.17462188), (0.78056747, 0.7936366), (0.98733777, 0.1751927), (0.99648917, 0.06931357), (0.99295515, 0.06436145), (0.54413193, 0.9949383), (0.98733777, 0.17027439), (0.54413193, 0.9830353), (0.9909353, 0.16999996), (0.99648917, 0.06437979), (0.54165435, 0.9830079), (0.9921681, 0.17236507), (0.776885, 0.79363674), (0.99648917, 0.066846676), (0.54165435, 0.9949109), (0.776885, 0.7817322), (0.9917441, 0.06682205), (0.98733777, 0.17273353), (0.54236376, 0.54050195), (0.40694553, 0.9901996), (0.5684083, 0.98323005), (0.55274606, 0.54050195), (0.39946252, 0.99077046), (0.54236376, 0.5285974), (0.98905617, 0.7278401), (0.56840825, 0.995133), (0.55274606, 0.5285974), (0.99640715, 0.7278783), (0.5960594, 0.97682333), (0.5684083, 0.983278), (0.40207395, 0.9718913), (0.5996827, 0.97682333), (0.39946252, 0.9720905), (0.5996827, 0.98872787), (0.99640715, 0.70913965), (0.59605944, 0.98872787), (0.5684083, 0.9951809), (0.99384177, 0.70912635), (0.5748764, 0.9951322), (0.8446471, 0.14726649), (0.9890562, 0.72136676), (0.5748764, 0.9832293), (0.40694553, 0.9837465), (0.8446471, 0.13536198), (0.39946252, 0.98431736), (0.99640715, 0.7214049), (0.99287313, 0.7164528), (0.5610726, 0.9951596), (0.3994625, 0.979399), (0.5610726, 0.9832567), (0.40306002, 0.9791246), (0.99640715, 0.71647114), (0.558595, 0.9832293), (0.40429282, 0.9814897), (0.8483296, 0.13536188), (0.99640715, 0.71893805), (0.558595, 0.9951322), (0.8483296, 0.14726639), (0.9916621, 0.71891344), (0.39946252, 0.9818582), (0.7590414, 0.27797237), (0.36982435, 0.988745), (0.6963807, 0.9973482), (0.7486592, 0.27797237), (0.36234134, 0.98931575), (0.7590414, 0.28987688), (0.07586278, 0.9784354), (0.6963807, 0.98544526), (0.74865913, 0.28987688), (0.0685118, 0.97839725), (0.6778791, 0.99758816), (0.5849214, 0.9832976), (0.36495283, 0.97043663), (0.67425585, 0.99758816), (0.3623414, 0.97063583), (0.67425585, 0.9856837), (0.06851183, 0.9971359), (0.6778791, 0.9856837), (0.5849214, 0.9952005), (0.071077205, 0.99714917), (0.68991256, 0.98544604), (0.776885, 0.81744593), (0.07586279, 0.98490876), (0.68991256, 0.99734896), (0.36982438, 0.9822919), (0.776885, 0.8055414), (0.36234134, 0.9828627), (0.06851182, 0.9848706), (0.07204587, 0.98982275), (0.57758576, 0.99517924), (0.36234137, 0.9779444), (0.57758576, 0.9832763), (0.3659389, 0.97766995), (0.06851182, 0.9898044), (0.5751082, 0.9832489), (0.36717167, 0.98003507), (0.78056747, 0.80554134), (0.06851182, 0.98733747), (0.5751082, 0.9951518), (0.78056747, 0.8174458), (0.0732569, 0.98736215), (0.36234134, 0.98040354), (0.6011411, 0.9942432), (0.9926682, 0.3003147), (0.1703361, 0.983216), (0.6115234, 0.9942432), (0.9851852, 0.30088553), (0.6011411, 0.98233867), (0.9890492, 0.018713789), (0.1703361, 0.9951189), (0.6115234, 0.98233867), (0.9964002, 0.018751953), (0.73089534, 0.97942054), (0.5953024, 0.9832976), (0.98779666, 0.28200635), (0.72727203, 0.97942054), (0.9851852, 0.28220558), (0.7272721, 0.96751606), (0.9964002, 0.00001332163), (0.7308953, 0.96751606), (0.5953024, 0.9952005), (0.9938348, 0), (0.17680421, 0.99511814), (0.8446471, 0.15917109), (0.9890492, 0.012240432), (0.17680421, 0.9832152), (0.9926682, 0.29386163), (0.8446471, 0.1472666), (0.9851852, 0.29443243), (0.9964002, 0.012278569), (0.99286616, 0.0073264674), (0.5879667, 0.99517924), (0.9851852, 0.28951412), (0.5879667, 0.9832763), (0.98878276, 0.28923967), (0.9964002, 0.007344816), (0.5854891, 0.9832489), (0.9900155, 0.29160482), (0.8483296, 0.14726648), (0.9964002, 0.009811685), (0.5854891, 0.9951518), (0.8483296, 0.15917099), (0.9916551, 0.009787064), (0.9851852, 0.29197326), (0.8849798, 0.54050195), (0.9934672, 0.103078954), (0.68991256, 0.9973482), (0.8953621, 0.54050195), (0.9859842, 0.10364976), (0.8849798, 0.5285974), (0.9888504, 0.89226586), (0.68991256, 0.98544526), (0.8953621, 0.5285974), (0.9962014, 0.892304), (0.24252398, 0.9664829), (0.24195631, 0.9852704), (0.98859566, 0.08477061), (0.24614725, 0.9664829), (0.98598427, 0.08496982), (0.24614723, 0.9783874), (0.9962014, 0.8735654), (0.24252397, 0.9783874), (0.24195631, 0.99717337), (0.993636, 0.8735521), (0.6834445, 0.98544604), (0.774425, 0.2365434), (0.9888504, 0.8857925), (0.6834445, 0.99734896), (0.9934672, 0.09662586), (0.774425, 0.22463888), (0.9859842, 0.097196676), (0.9962014, 0.88583064), (0.9926674, 0.8808785), (0.23462063, 0.9971521), (0.9859842, 0.092278354), (0.23462062, 0.9852491), (0.98958176, 0.09200393), (0.9962014, 0.88089687), (0.23214304, 0.9852217), (0.9908145, 0.09436903), (0.7781075, 0.22463877), (0.9962014, 0.8833638), (0.23214304, 0.9971246), (0.7781075, 0.23654328), (0.99145633, 0.8833391), (0.9859842, 0.09473751), (0.583893, 0.54050195), (0.31128728, 0.9903802), (0.9876855, 0.21160433), (0.5942753, 0.54050195), (0.30380428, 0.99095106), (0.583893, 0.5285974), (0.9890312, 0.7555761), (0.98768544, 0.22350729), (0.5942753, 0.5285974), (0.9963822, 0.7556142), (0.7369664, 0.9978227), (0.76039284, 0.9852083), (0.30641574, 0.9720719), (0.7333431, 0.9978227), (0.30380428, 0.9722711), (0.7333431, 0.98591816), (0.9963821, 0.7368756), (0.7369664, 0.98591816), (0.76039284, 0.9971112), (0.9938168, 0.7368623), (0.9941536, 0.22350651), (0.8446471, 0.1710757), (0.9890312, 0.7491027), (0.9941536, 0.21160355), (0.31128728, 0.98392713), (0.8446471, 0.15917118), (0.30380428, 0.9844979), (0.9963822, 0.7491409), (0.9928481, 0.7441888), (0.7530571, 0.9970899), (0.30380428, 0.9795796), (0.7530571, 0.98518693), (0.3074018, 0.9793052), (0.9963822, 0.7442071), (0.75057954, 0.9851595), (0.3086346, 0.9816703), (0.8483296, 0.15917109), (0.9963822, 0.746674), (0.75057954, 0.9970625), (0.8483296, 0.1710756), (0.99163705, 0.7466494), (0.30380428, 0.9820388), (0.6773338, 0.54050195), (0.12772967, 0.9636812), (0.9462012, 0.45406815), (0.68771607, 0.5405019), (0.13811058, 0.9636824), (0.6773338, 0.5285974), (0.9546232, 0.45411187), (0.68771607, 0.5285974), (0.961955, 0.4540736), (0.76096046, 0.96642077), (0.9509743, 0.4353046), (0.13448781, 0.9824204), (0.7645837, 0.96642077), (0.13811058, 0.9824208), (0.76458377, 0.97832525), (0.961955, 0.43533498), (0.7609605, 0.97832525), (0.9593963, 0.43534833), (0.35092822, 0.8458574), (0.9546232, 0.4476385), (0.9462012, 0.4475948), (0.12772964, 0.97015446), (0.35092822, 0.85776186), (0.13811058, 0.9701557), (0.961955, 0.44760025), (0.9584302, 0.4426849), (0.13811058, 0.97508943), (0.95000815, 0.44264117), (0.13311987, 0.97508883), (0.961955, 0.44266647), (0.94880027, 0.44511434), (0.13140963, 0.97262174), (0.34724763, 0.85775983), (0.961955, 0.44513336), (0.34724766, 0.84585536), (0.9572223, 0.44515806), (0.13811056, 0.9726226), (0.8538329, 0.5405019), (0.20959862, 0.96415854), (0.9462012, 0.51048994), (0.86421514, 0.5405019), (0.21997954, 0.9641598), (0.8538329, 0.5285974), (0.9546232, 0.51053363), (0.86421514, 0.5285974), (0.961955, 0.51049536), (0.74372405, 0.9978227), (0.9509743, 0.4917264), (0.21635675, 0.9828977), (0.7401008, 0.9978227), (0.21997954, 0.9828982), (0.7401008, 0.98591816), (0.961955, 0.49175674), (0.74372405, 0.98591816), (0.9593963, 0.49177012), (0.36750993, 0.8886389), (0.9546232, 0.50406027), (0.9462012, 0.5040166), (0.2095986, 0.97063184), (0.36750993, 0.87673444), (0.21997954, 0.9706331), (0.961955, 0.504022), (0.9584302, 0.49910665), (0.21997954, 0.9755668), (0.9500081, 0.49906296), (0.21498881, 0.97556615), (0.961955, 0.49908826), (0.94880027, 0.50153613), (0.2132786, 0.9730991), (0.37119052, 0.87673646), (0.961955, 0.50155514), (0.37119052, 0.88864094), (0.9572223, 0.5015798), (0.21997952, 0.97309995), (0.9865389, 0.12286678), (0.021794053, 0.9806595), (0.8265942, 0.9630253), (0.97615665, 0.12286678), (0.011413122, 0.98065823), (0.9865389, 0.13477129), (0.8350162, 0.963069), (0.97615665, 0.13477129), (0.842348, 0.96303076), (0.86302763, 0.983196), (0.8313673, 0.9442617), (0.015035936, 0.96192026), (0.8666509, 0.983196), (0.0114131635, 0.96191984), (0.8666509, 0.99510056), (0.842348, 0.9442921), (0.86302763, 0.99510056), (0.83978933, 0.9443055), (0.40421656, 0.86356264), (0.8350162, 0.95659566), (0.8265942, 0.9565519), (0.021794053, 0.97418624), (0.40421656, 0.85165817), (0.011413136, 0.97418493), (0.842348, 0.95655733), (0.83882314, 0.951642), (0.01141315, 0.9692512), (0.8304011, 0.9515983), (0.016403884, 0.9692519), (0.842348, 0.9516236), (0.82919323, 0.95407146), (0.018114086, 0.9717189), (0.4078971, 0.85166013), (0.842348, 0.9540905), (0.40789714, 0.86356467), (0.83761525, 0.95411515), (0.011413143, 0.9717181), (0.80192137, 0.54050195), (0.558595, 0.9644897), (0.9462012, 0.5292972), (0.81230366, 0.54050195), (0.5689759, 0.96449095), (0.8019214, 0.5285974), (0.9546232, 0.5293409), (0.81230366, 0.5285974), (0.96195495, 0.52930266), (0.6778791, 0.98033804), (0.9509743, 0.5105337), (0.56535316, 0.98322886), (0.68150234, 0.98033804), (0.5689759, 0.9832293), (0.68150234, 0.9922426), (0.96195495, 0.510564), (0.6778791, 0.9922426), (0.9593963, 0.5105774), (0.8483277, 0.17107771), (0.9546232, 0.52286756), (0.9462012, 0.52282387), (0.558595, 0.97096294), (0.8483277, 0.18298222), (0.5689759, 0.9709642), (0.96195495, 0.5228293), (0.9584302, 0.51791394), (0.5689759, 0.9758979), (0.9500081, 0.51787025), (0.5639852, 0.9758973), (0.96195495, 0.5178955), (0.9488002, 0.52034336), (0.562275, 0.9734302), (0.8446471, 0.1829802), (0.96195495, 0.5203624), (0.8446471, 0.1710757), (0.9572223, 0.5203871), (0.5689759, 0.97343105), (0.73827684, 0.28987688), (0.9576029, 0.9821298), (0.9462012, 0.47287542), (0.74865913, 0.28987688), (0.947222, 0.98212856), (0.73827684, 0.27797237), (0.9546232, 0.47291914), (0.74865913, 0.27797237), (0.961955, 0.4728809), (0.03833606, 0.98650825), (0.9509743, 0.45411187), (0.9508448, 0.9633906), (0.034712803, 0.9865082), (0.947222, 0.9633902), (0.034712803, 0.9746037), (0.96195495, 0.45414224), (0.03833606, 0.9746037), (0.9593963, 0.4541556), (0.37089148, 0.84821767), (0.9546232, 0.46644577), (0.9462012, 0.46640208), (0.9576029, 0.9756565), (0.37089148, 0.8601222), (0.947222, 0.97565526), (0.961955, 0.4664075), (0.9584302, 0.46149215), (0.947222, 0.97072154), (0.9500081, 0.46144843), (0.95221275, 0.9707222), (0.96195495, 0.46147373), (0.94880027, 0.4639216), (0.9539229, 0.97318923), (0.36721092, 0.8601202), (0.961955, 0.46394062), (0.3672109, 0.8482157), (0.9572223, 0.46396533), (0.947222, 0.9731884), (0.6967476, 0.28987688), (0.105545156, 0.9828001), (0.9462012, 0.49168268), (0.7071299, 0.28987688), (0.09516423, 0.9827989), (0.69674766, 0.27797237), (0.9546232, 0.4917264), (0.7071299, 0.27797237), (0.961955, 0.49168816), (0.89739877, 0.97985715), (0.9509743, 0.47291914), (0.098786995, 0.96406096), (0.8937755, 0.97985715), (0.095164225, 0.9640605), (0.8937755, 0.96795267), (0.961955, 0.4729495), (0.89739877, 0.96795267), (0.9593963, 0.47296286), (0.37089148, 0.8601242), (0.9546232, 0.48525304), (0.9462012, 0.48520932), (0.105545156, 0.9763269), (0.37089148, 0.8720287), (0.09516423, 0.9763256), (0.961955, 0.48521477), (0.9584302, 0.4802994), (0.095164225, 0.9713919), (0.9500081, 0.4802557), (0.10015496, 0.9713925), (0.961955, 0.480281), (0.94880027, 0.48272887), (0.10186517, 0.97385955), (0.3672109, 0.8720267), (0.961955, 0.48274788), (0.3672109, 0.86012214), (0.9572223, 0.48277256), (0.09516423, 0.9738587), (0.6669514, 0.5285974), (0.17704175, 0.96372527), (0.9462012, 0.37883908), (0.6565691, 0.5285974), (0.18742268, 0.9637265), (0.6669514, 0.54050195), (0.9546232, 0.37888283), (0.6565691, 0.54050195), (0.961955, 0.37884456), (0.71638894, 0.98104906), (0.9509743, 0.36007556), (0.18379991, 0.9824645), (0.7127657, 0.98104906), (0.18742268, 0.9824649), (0.71276563, 0.9691446), (0.961955, 0.3601059), (0.71638894, 0.9691446), (0.9593963, 0.36011925), (0.34724766, 0.8934794), (0.9546232, 0.37240943), (0.9462012, 0.3723657), (0.17704174, 0.9701986), (0.34724763, 0.8815749), (0.18742268, 0.9701998), (0.961955, 0.37237117), (0.9584302, 0.36745578), (0.18742268, 0.97513354), (0.95000815, 0.3674121), (0.18243195, 0.9751329), (0.961955, 0.3674374), (0.94880027, 0.3698853), (0.18072173, 0.97266585), (0.35092822, 0.88157696), (0.961955, 0.3699043), (0.35092822, 0.89348143), (0.9572223, 0.369929), (0.18742268, 0.9726667), (0.2500882, 0.32150206), (0.8839997, 6.010832e-7), (0.30863428, 0.8204798), (0.25008824, 0.42801443), (0.8839997, 0.106511466), (0.021266518, 0.83232385), (0.25008824, 0.4061181), (0.8839997, 0.08461545), (0.25008824, 0.38519245), (0.8839997, 0.063690096), (0.2500882, 0.3642668), (0.8839997, 0.042764753), (0.27839944, 0.6071087), (0.25554264, 0.42044988), (0.25554264, 0.40964922), (0.27839944, 0.71371514), (0.25554264, 0.40196127), (0.27707818, 0.42820153), (0.25554264, 0.38940588), (0.27748966, 0.7137151), (0.25554264, 0.38103563), (0.27839944, 0.78478605), (0.25554264, 0.36848024), (0.27748966, 0.6781796), (0.27839944, 0.6071087), (0.25554264, 0.3282508), (0.25554264, 0.3575747), (0.27707818, 0.46373698), (0.27748966, 0.6071087), (0.2561851, 0.42044654), (0.2561851, 0.4096459), (0.27748966, 0.71371514), (0.277988, 0.42820153), (0.2561851, 0.40195793), (0.27839944, 0.7137151), (0.2561851, 0.38940254), (0.27748966, 0.78478605), (0.2561851, 0.3810323), (0.2561851, 0.3684769), (0.27839944, 0.6781796), (0.27748966, 0.6071087), (0.2561851, 0.32824743), (0.27798796, 0.46373698), (0.2561851, 0.35757133), (0.25744307, 0.41951895), (0.23160881, 0.80458766), (0.27798802, 0.4601808), (0.25744307, 0.41058654), (0.25744307, 0.4008484), (0.23160881, 0.83656687), (0.25744307, 0.39052513), (0.277988, 0.49216002), (0.29174975, 0.83402896), (0.25744304, 0.37992275), (0.78134584, 0.7817321), (0.25744304, 0.3695995), (0.277988, 0.5241392), (0.25744304, 0.33004612), (0.25744304, 0.35578573), (0.27839947, 0.8167653), (0.2578203, 0.41951698), (0.23214303, 0.80458766), (0.2785222, 0.4601808), (0.2578203, 0.41058457), (0.2578203, 0.40084642), (0.2310746, 0.83656687), (0.2578203, 0.39052317), (0.2785222, 0.49216002), (0.2912155, 0.83402896), (0.2578203, 0.37992078), (0.7808116, 0.7817321), (0.2578203, 0.36959752), (0.2785222, 0.5241392), (0.2578203, 0.33004415), (0.2578203, 0.35578376), (0.27786526, 0.8167653), (0.8790165, 0), (0.31361812, 0.8204798), (0.8790165, 0.10651088), (0.016282702, 0.83232385), (0.8790165, 0.08461484), (0.8790165, 0.0636895), (0.8790165, 0.042764153), (0.2681127, 0.42810798), (0.021266524, 0.8578013), (0.26811266, 0.3215956), (0.3086343, 0.84595734), (0.28613713, 0.3216892), (0.3086343, 0.8714348), (0.28613713, 0.42820153), (0.021266524, 0.8832788), (0.2681127, 0.40621164), (0.2681127, 0.385286), (0.2681127, 0.36436036), (0.28613713, 0.40630522), (0.28613713, 0.38537955), (0.28613713, 0.3644539), (0.2681127, 0.42051515), (0.27839947, 0.589341), (0.28068274, 0.4205804), (0.27839944, 0.57157326), (0.7790172, 0.23543939), (0.2681127, 0.4097145), (0.27839944, 0.73148286), (0.28068274, 0.40977973), (0.7790172, 0.22463888), (0.27839944, 0.74925053), (0.2681127, 0.40202653), (0.27707818, 0.44596925), (0.2681127, 0.38947114), (0.27748966, 0.69594735), (0.27798796, 0.52438307), (0.28068274, 0.40209177), (0.27707818, 0.46373698), (0.27798796, 0.5118279), (0.28068274, 0.38953638), (0.27748966, 0.6781797), (0.2681127, 0.38110086), (0.27839944, 0.7670183), (0.2681127, 0.3685455), (0.27748966, 0.6604119), (0.27798787, 0.51182777), (0.28068274, 0.38116613), (0.27839944, 0.7492506), (0.27798784, 0.49927256), (0.28068274, 0.36861074), (0.27748966, 0.64264417), (0.2681127, 0.35763994), (0.2770782, 0.48150468), (0.27839944, 0.62487644), (0.2681127, 0.32831603), (0.27839944, 0.64264417), (0.28068274, 0.3283813), (0.29174972, 0.77272624), (0.28068274, 0.3577052), (0.29174972, 0.80204976), (0.27707818, 0.4992724), (0.27748966, 0.589341), (0.26875517, 0.42051178), (0.27748966, 0.57157326), (0.7781075, 0.23543927), (0.28132522, 0.42057705), (0.26875517, 0.40971112), (0.27748966, 0.73148286), (0.28132522, 0.4097764), (0.7781075, 0.22463877), (0.27748966, 0.74925053), (0.27798796, 0.44596925), (0.26875517, 0.40202317), (0.27839944, 0.69594735), (0.26875517, 0.38946778), (0.2770783, 0.524383), (0.277988, 0.46373698), (0.28132522, 0.40208843), (0.2770783, 0.51182777), (0.27839944, 0.6781797), (0.28132522, 0.38953304), (0.27748966, 0.7670183), (0.26875517, 0.38109753), (0.26875514, 0.36854213), (0.27839944, 0.6604119), (0.27707818, 0.51182765), (0.27748966, 0.7492506), (0.28132522, 0.3811628), (0.27707818, 0.49927244), (0.28132522, 0.3686074), (0.27839944, 0.64264417), (0.277988, 0.48150468), (0.26875517, 0.3576366), (0.27748966, 0.62487644), (0.26875514, 0.3283127), (0.27748966, 0.64264417), (0.29084006, 0.7727261), (0.2813252, 0.32837793), (0.29084006, 0.80204964), (0.277988, 0.4992724), (0.28132522, 0.35770184), (0.26875517, 0.4195777), (0.23160881, 0.82057726), (0.27295464, 0.5605881), (0.28006727, 0.4196364), (0.23160881, 0.83656687), (0.26875517, 0.41064525), (0.277988, 0.44419116), (0.28006727, 0.41070396), (0.277988, 0.42820153), (0.27295464, 0.5516558), (0.26875517, 0.4009071), (0.23160881, 0.82057726), (0.26875517, 0.39058384), (0.277988, 0.47617042), (0.28006727, 0.40096584), (0.77864164, 0.24576259), (0.23160881, 0.80458766), (0.28006727, 0.39064255), (0.77864164, 0.23543946), (0.277988, 0.4601808), (0.29174975, 0.81803936), (0.26875517, 0.37998146), (0.26875517, 0.3696582), (0.78134584, 0.79772174), (0.29174975, 0.8020497), (0.28006727, 0.3800402), (0.27295464, 0.55165577), (0.28006727, 0.3697169), (0.78134584, 0.81371135), (0.27295464, 0.5413326), (0.26875517, 0.35584444), (0.27839947, 0.80077565), (0.26875514, 0.33010486), (0.277988, 0.5081496), (0.28006727, 0.33016357), (0.277988, 0.49216002), (0.7680117, 0.80946827), (0.28006727, 0.35590315), (0.7680117, 0.8352075), (0.27839947, 0.78478605), (0.2691324, 0.41957572), (0.23214301, 0.82057726), (0.2724205, 0.56058806), (0.28044453, 0.41963443), (0.23214303, 0.83656687), (0.2785222, 0.44419116), (0.2691324, 0.41064328), (0.2785222, 0.42820153), (0.2724205, 0.55165577), (0.28044453, 0.410702), (0.2691324, 0.40090513), (0.2310746, 0.82057726), (0.2691324, 0.39058188), (0.2785222, 0.47617042), (0.28044453, 0.40096387), (0.7781075, 0.24576253), (0.2310746, 0.80458766), (0.28044453, 0.3906406), (0.7781075, 0.2354394), (0.2785222, 0.4601808), (0.29121554, 0.8180393), (0.2691324, 0.3799795), (0.7808116, 0.79772174), (0.2691324, 0.36965623), (0.2912155, 0.8020497), (0.28044453, 0.38003823), (0.2724205, 0.55165565), (0.7808116, 0.81371135), (0.28044453, 0.36971495), (0.2724205, 0.54133254), (0.2691324, 0.35584247), (0.27786526, 0.80077565), (0.2691324, 0.33010286), (0.2785222, 0.5081496), (0.2804445, 0.3301616), (0.2785222, 0.49216002), (0.7674776, 0.8094682), (0.2804445, 0.35590118), (0.7674776, 0.83520746), (0.27786526, 0.78478605), (0.016282702, 0.8578013), (0.31361812, 0.8459573), (0.2896566, 0.32167083), (0.31361812, 0.8714348), (0.28965664, 0.42818317), (0.016282702, 0.8832788), (0.28965664, 0.40628687), (0.2896566, 0.3853612), (0.2896566, 0.36443555), (0.27283174, 0.5200959), (0.8389586, 0.18088882), (0.26962665, 0.5209418), (0.8351672, 0.18046018), (0.8404029, 0.006207973), (0.8435934, 0.007112449), (0.84678155, 0.008015872), (0.6335245, 0.78901684), (0.6373324, 0.78862953), (0.27603778, 0.51925296), (0.27359253, 0.52298886), (0.64086765, 0.7884949), (0.84280056, 0.18117967), (0.27066702, 0.52489793), (0.8407734, 0.18406235), (0.8421143, 0.00015364189), (0.62632275, 0.28994566), (0.8376113, 0.18530007), (0.845604, 0), (0.62960863, 0.2915444), (0.848493, 0.0019615476), (0.63571835, 0.78431606), (0.6329512, 0.2899909), (0.27707818, 0.52320904), (0.63898534, 0.785549), (0.6426827, 0.7876298), (0.8446471, 0.18208198), (0.8441567, 0.1855649), (0.6263227, 0.28337023), (0.8440679, 0.18800311), (0.6296096, 0.28340524), (0.6420902, 0.7817321), (0.6329512, 0.28341547), (0.6423193, 0.7841109), (0.27226758, 0.43246928), (0.25329334, 0.4458059), (0.9714712, 0.80951536), (0.27140588, 0.42926756), (0.8446471, 0.100076646), (0.2500882, 0.44665185), (0.84097856, 0.1253969), (0.9676437, 0.80951107), (0.8408557, 0.099648006), (0.84047776, 0.0978995), (0.8371872, 0.12496827), (0.819487, 0.08012131), (0.84140056, 0.094713405), (0.82267755, 0.08102579), (0.842321, 0.09152626), (0.5997315, 0.84829223), (0.8258656, 0.081929214), (0.6387385, 0.84315777), (0.5959448, 0.84773475), (0.27313027, 0.43567395), (0.6425464, 0.8427705), (0.2564994, 0.444963), (0.27515462, 0.43168956), (0.59289074, 0.8442253), (0.5833984, 0.28702685), (0.27535376, 0.42820153), (0.97339994, 0.8066443), (0.5868944, 0.28633186), (0.84651494, 0.099648006), (0.9702598, 0.8050967), (0.848493, 0.09676757), (0.9687044, 0.8019606), (0.5997315, 0.8407868), (0.8483581, 0.093274824), (0.59804064, 0.8416842), (0.27707818, 0.43460798), (0.5946203, 0.84340346), (0.5911604, 0.8430041), (0.58347124, 0.28907648), (0.97685194, 0.805564), (0.5868944, 0.2900283), (0.9768421, 0.8031942), (0.97685194, 0.79964703), (0.59214264, 0.8363258), (0.5919164, 0.8380332), (0.5914253, 0.8413724), (0.25344297, 0.44084126), (0.84140664, 0.11938698), (0.2502761, 0.4398645), (0.81954867, 0.086911), (0.83761525, 0.118958354), (0.8227349, 0.0859924), (0.6388748, 0.8446419), (0.59718573, 0.8656852), (0.8259187, 0.08507276), (0.6426827, 0.8442547), (0.2566108, 0.44182098), (0.59339905, 0.8651277), (0.25743556, 0.43332967), (0.8426802, 0.11027585), (0.8388889, 0.109847225), (0.8265854, 0.093577966), (0.8275082, 0.09039188), (0.8284286, 0.087204754), (0.59761524, 0.86269635), (0.59382856, 0.8621388), (0.25915995, 0.4397361), (0.2582973, 0.43653142), (0.32976022, 0.9353988), (0.64464486, 0.2502362), (0.6263227, 0.2502362), (0.31144163, 0.9353967), (0.66296583, 0.2502362), (0.35092822, 0.8458553), (0.64464486, 0.28337023), (0.626236, 0.27369627), (0.6263227, 0.28664443), (0.66296583, 0.28337023), (0.35092822, 0.8219047), (0.9763148, 0.23675525), (0.9272008, 0.77548766), (0.92401487, 0.7761427), (0.9731741, 0.23573416), (0.26430202, 0.9377445), (0.92720085, 0.769013), (0.9240149, 0.76966804), (0.26897818, 0.9377445), (0.9733927, 0.22937822), (0.26430193, 0.9438366), (0.9306123, 0.7650424), (0.26897806, 0.9438366), (0.97009796, 0.22560588), (0.26430202, 0.949933), (0.22607414, 0.8788648), (0.93543696, 0.7659018), (0.26897818, 0.949933), (0.23074967, 0.8788654), (0.9652197, 0.22662689), (0.22603329, 0.88497764), (0.9388485, 0.7710878), (0.23070882, 0.8849782), (0.9616156, 0.2318432), (0.22607414, 0.89105296), (0.2689798, 0.9377445), (0.9388485, 0.7775624), (0.23074967, 0.8910535), (0.26430362, 0.9377445), (0.9613969, 0.23819919), (0.26897806, 0.93165), (0.9354369, 0.781533), (0.9646917, 0.24197154), (0.26430193, 0.93165), (0.26897976, 0.925556), (0.97271067, 0.24197154), (0.9306123, 0.7806736), (0.26430362, 0.925556), (0.9695699, 0.24095054), (0.64464486, 0.25300944), (0.6058028, 0.2522302), (0.32976022, 0.9542095), (0.64464366, 0.2502362), (0.6075268, 0.2502642), (0.31144163, 0.9542073), (0.33224538, 0.84443015), (0.6263227, 0.2502362), (0.33053896, 0.8422955), (0.6263239, 0.25300944), (0.64464366, 0.28337023), (0.6074401, 0.27372426), (0.64464486, 0.2805973), (0.6057306, 0.27176335), (0.33053896, 0.8223539), (0.6263239, 0.2805973), (0.6075268, 0.2866724), (0.33224535, 0.8204796), (0.6263227, 0.28337023)] (
                interpolation = "faceVarying"
            )
            int[] primvars:st:indices = [0, 2, 6, 4, 14, 16, 11, 8, 9, 12, 2, 0, 5, 15, 10, 1, 17, 7, 3, 13, 18, 21, 27, 24, 25, 28, 37, 34, 35, 38, 32, 30, 30, 32, 22, 19, 26, 36, 31, 20, 39, 29, 23, 33, 40, 42, 46, 44, 54, 56, 51, 48, 49, 52, 42, 40, 45, 55, 50, 41, 57, 47, 43, 53, 58, 60, 64, 62, 72, 74, 69, 66, 67, 70, 60, 58, 63, 73, 68, 59, 75, 65, 61, 71, 76, 78, 82, 80, 164, 154, 150, 159, 90, 92, 87, 84, 85, 88, 78, 76, 81, 91, 86, 77, 93, 83, 79, 89, 94, 96, 100, 98, 152, 162, 156, 148, 108, 110, 105, 102, 103, 106, 96, 94, 99, 109, 104, 95, 111, 101, 97, 107, 112, 114, 118, 116, 157, 160, 151, 149, 126, 128, 123, 120, 121, 124, 114, 112, 117, 127, 122, 113, 129, 119, 115, 125, 163, 165, 161, 158, 130, 132, 136, 134, 149, 151, 155, 153, 144, 146, 141, 138, 139, 142, 132, 130, 135, 145, 140, 131, 147, 137, 133, 143, 166, 168, 172, 170, 180, 182, 177, 174, 175, 178, 168, 166, 171, 181, 176, 167, 183, 173, 169, 179, 184, 187, 192, 190, 200, 202, 197, 194, 195, 198, 188, 185, 191, 201, 196, 186, 203, 193, 189, 199, 204, 206, 211, 208, 209, 212, 224, 220, 221, 223, 217, 214, 215, 218, 206, 204, 210, 222, 216, 205, 224, 213, 207, 219, 225, 228, 233, 231, 241, 243, 238, 235, 236, 239, 229, 226, 232, 242, 237, 227, 244, 234, 230, 240, 245, 248, 253, 251, 261, 263, 258, 255, 256, 259, 249, 246, 252, 262, 257, 247, 264, 254, 250, 260, 265, 268, 273, 271, 383, 373, 368, 378, 281, 283, 278, 275, 276, 279, 269, 266, 272, 282, 277, 267, 284, 274, 270, 280, 297, 287, 292, 302, 371, 381, 375, 365, 303, 299, 295, 298, 293, 289, 300, 304, 285, 296, 301, 290, 288, 286, 291, 294, 305, 308, 313, 311, 376, 379, 369, 366, 321, 323, 318, 315, 316, 319, 309, 306, 312, 322, 317, 307, 324, 314, 310, 320, 325, 328, 333, 331, 382, 384, 380, 377, 341, 343, 338, 335, 336, 339, 329, 326, 332, 342, 337, 327, 344, 334, 330, 340, 345, 348, 353, 351, 367, 370, 374, 372, 361, 363, 358, 355, 356, 359, 349, 346, 352, 362, 357, 347, 364, 354, 350, 360, 385, 388, 393, 391, 401, 403, 398, 395, 396, 399, 389, 386, 392, 402, 397, 387, 404, 394, 390, 400, 405, 408, 413, 411, 411, 413, 424, 421, 422, 425, 418, 415, 416, 419, 409, 406, 412, 423, 417, 407, 426, 414, 410, 420, 427, 430, 435, 433, 443, 445, 440, 437, 438, 441, 431, 428, 434, 444, 439, 429, 446, 436, 432, 442, 447, 450, 455, 453, 463, 465, 460, 457, 458, 461, 451, 448, 454, 464, 459, 449, 466, 456, 452, 462, 467, 470, 475, 473, 545, 535, 530, 540, 483, 485, 480, 477, 478, 481, 471, 468, 474, 484, 479, 469, 486, 476, 472, 482, 487, 490, 495, 493, 533, 543, 537, 527, 503, 505, 500, 497, 498, 501, 491, 488, 494, 504, 499, 489, 506, 496, 492, 502, 507, 510, 515, 513, 538, 541, 531, 528, 523, 525, 520, 517, 518, 521, 511, 508, 514, 524, 519, 509, 526, 516, 512, 522, 544, 546, 542, 539, 529, 532, 536, 534, 547, 550, 555, 553, 563, 565, 560, 557, 558, 561, 551, 548, 554, 564, 559, 549, 566, 556, 552, 562, 567, 570, 575, 573, 581, 583, 579, 577, 577, 579, 571, 568, 574, 582, 578, 569, 584, 576, 572, 580, 585, 588, 594, 591, 592, 595, 605, 603, 603, 605, 600, 597, 598, 601, 589, 586, 593, 604, 599, 587, 606, 596, 590, 602, 607, 610, 615, 613, 621, 623, 619, 617, 617, 619, 611, 608, 614, 622, 618, 609, 624, 616, 612, 620, 625, 628, 633, 631, 677, 669, 664, 673, 639, 641, 637, 635, 635, 637, 629, 626, 632, 640, 636, 627, 642, 634, 630, 638, 667, 675, 671, 661, 672, 674, 665, 662, 643, 646, 651, 649, 676, 678, 674, 672, 657, 659, 655, 653, 653, 655, 647, 644, 650, 658, 654, 645, 660, 652, 648, 656, 663, 666, 670, 668, 716, 710, 721, 724, 681, 694, 713, 700, 692, 684, 703, 711, 694, 696, 715, 713, 685, 687, 706, 704, 696, 689, 708, 715, 687, 679, 698, 706, 690, 692, 711, 709, 679, 682, 701, 698, 707, 699, 717, 720, 710, 712, 722, 721, 699, 702, 718, 717, 702, 714, 723, 718, 712, 705, 719, 722, 714, 716, 724, 723, 705, 707, 720, 719, 680, 688, 686, 693, 691, 697, 695, 683, 733, 730, 738, 735, 742, 740, 727, 725, 762, 756, 772, 779, 728, 741, 759, 746, 739, 731, 749, 757, 741, 743, 761, 759, 732, 734, 752, 750, 743, 736, 754, 761, 734, 726, 744, 752, 737, 739, 757, 755, 726, 729, 747, 744, 775, 769, 787, 792, 753, 745, 763, 770, 756, 758, 774, 772, 745, 748, 766, 763, 748, 760, 776, 766, 758, 751, 768, 774, 760, 762, 779, 776, 751, 753, 770, 768, 788, 781, 784, 795, 798, 790, 793, 786, 777, 780, 799, 796, 769, 771, 789, 787, 780, 773, 791, 799, 771, 764, 782, 789, 773, 775, 794, 791, 765, 767, 785, 783, 767, 778, 797, 785, 800, 803, 821, 819, 843, 846, 826, 812, 814, 827, 823, 807, 810, 812, 826, 825, 805, 808, 824, 822, 810, 825, 828, 816, 805, 822, 821, 803, 814, 817, 829, 827, 804, 801, 830, 831, 844, 813, 835, 848, 815, 809, 833, 836, 813, 811, 834, 835, 809, 806, 832, 833, 811, 818, 837, 834, 806, 804, 831, 832, 818, 815, 836, 837, 801, 838, 841, 830, 802, 820, 840, 839, 845, 849, 851, 847, 842, 839, 840, 850, 852, 855, 861, 859, 868, 871, 865, 862, 863, 866, 856, 853, 858, 869, 864, 854, 874, 877, 882, 880, 890, 892, 887, 884, 872, 860, 857, 867, 885, 888, 878, 875, 881, 891, 886, 876, 894, 897, 903, 901, 910, 913, 907, 904, 893, 883, 879, 889, 905, 908, 898, 895, 900, 911, 906, 896, 914, 902, 899, 909, 916, 919, 924, 922, 932, 934, 929, 926, 927, 930, 920, 917, 923, 933, 928, 918, 936, 939, 944, 942, 952, 954, 949, 946, 935, 925, 921, 931, 947, 950, 940, 937, 943, 953, 948, 938, 956, 959, 964, 962, 972, 974, 969, 966, 955, 945, 941, 951, 967, 970, 960, 957, 963, 973, 968, 958, 975, 965, 961, 971, 976, 979, 984, 982, 992, 994, 989, 986, 987, 990, 980, 977, 983, 993, 988, 978, 996, 999, 1004, 1002, 1012, 1014, 1009, 1006, 995, 985, 981, 991, 1007, 1010, 1000, 997, 1003, 1013, 1008, 998, 1016, 1019, 1024, 1022, 1032, 1034, 1029, 1026, 1015, 1005, 1001, 1011, 1027, 1030, 1020, 1017, 1023, 1033, 1028, 1018, 1035, 1025, 1021, 1031, 1036, 1039, 1044, 1042, 1052, 1054, 1049, 1046, 1047, 1050, 1040, 1037, 1043, 1053, 1048, 1038, 1056, 1059, 1064, 1062, 1072, 1074, 1069, 1066, 1055, 1045, 1041, 1051, 1067, 1070, 1060, 1057, 1063, 1073, 1068, 1058, 1076, 1079, 1084, 1082, 1092, 1094, 1089, 1086, 1075, 1065, 1061, 1071, 1087, 1090, 1080, 1077, 1083, 1093, 1088, 1078, 1095, 1085, 1081, 1091, 1096, 1099, 1104, 1102, 1112, 1114, 1109, 1106, 1107, 1110, 1100, 1097, 1103, 1113, 1108, 1098, 1116, 1119, 1124, 1122, 1132, 1134, 1129, 1126, 1115, 1105, 1101, 1111, 1127, 1130, 1120, 1117, 1123, 1133, 1128, 1118, 1136, 1139, 1144, 1142, 1152, 1154, 1149, 1146, 1135, 1125, 1121, 1131, 1147, 1150, 1140, 1137, 1143, 1153, 1148, 1138, 1155, 1145, 1141, 1151, 1156, 1159, 1164, 1162, 1172, 1174, 1169, 1166, 1167, 1170, 1160, 1157, 1163, 1173, 1168, 1158, 1176, 1179, 1184, 1182, 1192, 1194, 1189, 1186, 1175, 1165, 1161, 1171, 1187, 1190, 1180, 1177, 1183, 1193, 1188, 1178, 1196, 1199, 1204, 1202, 1212, 1214, 1209, 1206, 1195, 1185, 1181, 1191, 1207, 1210, 1200, 1197, 1203, 1213, 1208, 1198, 1215, 1205, 1201, 1211, 1216, 1219, 1224, 1222, 1232, 1234, 1229, 1226, 1227, 1230, 1220, 1217, 1223, 1233, 1228, 1218, 1236, 1239, 1244, 1242, 1252, 1254, 1249, 1246, 1235, 1225, 1221, 1231, 1247, 1250, 1240, 1237, 1243, 1253, 1248, 1238, 1256, 1259, 1264, 1262, 1272, 1274, 1269, 1266, 1255, 1245, 1241, 1251, 1267, 1270, 1260, 1257, 1263, 1273, 1268, 1258, 1275, 1265, 1261, 1271, 1276, 1279, 1284, 1282, 1292, 1294, 1289, 1286, 1287, 1290, 1280, 1277, 1283, 1293, 1288, 1278, 1296, 1299, 1305, 1303, 1312, 1315, 1309, 1306, 1295, 1285, 1281, 1291, 1307, 1310, 1300, 1297, 1302, 1313, 1308, 1298, 1318, 1321, 1326, 1324, 1334, 1336, 1331, 1328, 1316, 1304, 1301, 1311, 1329, 1332, 1322, 1319, 1325, 1335, 1330, 1320, 1337, 1327, 1323, 1333, 1303, 1305, 1317, 1314, 859, 861, 873, 870, 901, 903, 915, 912, 1338, 1341, 1347, 1344, 1357, 1359, 1353, 1350, 1351, 1354, 1342, 1339, 1345, 1356, 1352, 1340, 1360, 1363, 1368, 1366, 1376, 1378, 1373, 1370, 1358, 1348, 1343, 1355, 1371, 1374, 1364, 1361, 1367, 1377, 1372, 1362, 1380, 1383, 1389, 1386, 1399, 1401, 1395, 1392, 1379, 1369, 1365, 1375, 1393, 1396, 1384, 1381, 1387, 1398, 1394, 1382, 1400, 1390, 1385, 1397, 1402, 1405, 1410, 1408, 1418, 1420, 1415, 1412, 1413, 1416, 1406, 1403, 1409, 1419, 1414, 1404, 1422, 1425, 1430, 1428, 1438, 1440, 1435, 1432, 1421, 1411, 1407, 1417, 1433, 1436, 1426, 1423, 1429, 1439, 1434, 1424, 1442, 1445, 1450, 1448, 1458, 1460, 1455, 1452, 1441, 1431, 1427, 1437, 1453, 1456, 1446, 1443, 1449, 1459, 1454, 1444, 1461, 1451, 1447, 1457, 1462, 1465, 1470, 1468, 1478, 1480, 1475, 1472, 1473, 1476, 1466, 1463, 1469, 1479, 1474, 1464, 1482, 1485, 1490, 1488, 1498, 1500, 1495, 1492, 1481, 1471, 1467, 1477, 1493, 1496, 1486, 1483, 1489, 1499, 1494, 1484, 1502, 1505, 1510, 1508, 1518, 1520, 1515, 1512, 1501, 1491, 1487, 1497, 1513, 1516, 1506, 1503, 1509, 1519, 1514, 1504, 1521, 1511, 1507, 1517, 1522, 1525, 1530, 1528, 1538, 1540, 1535, 1532, 1533, 1536, 1526, 1523, 1529, 1539, 1534, 1524, 1542, 1545, 1550, 1548, 1558, 1560, 1555, 1552, 1541, 1531, 1527, 1537, 1553, 1556, 1546, 1543, 1549, 1559, 1554, 1544, 1562, 1565, 1570, 1568, 1578, 1580, 1575, 1572, 1561, 1551, 1547, 1557, 1573, 1576, 1566, 1563, 1569, 1579, 1574, 1564, 1581, 1571, 1567, 1577, 1582, 1585, 1590, 1588, 1598, 1600, 1595, 1592, 1593, 1596, 1586, 1583, 1589, 1599, 1594, 1584, 1602, 1605, 1610, 1608, 1618, 1620, 1615, 1612, 1601, 1591, 1587, 1597, 1613, 1616, 1606, 1603, 1609, 1619, 1614, 1604, 1622, 1625, 1630, 1628, 1638, 1640, 1635, 1632, 1621, 1611, 1607, 1617, 1633, 1636, 1626, 1623, 1629, 1639, 1634, 1624, 1641, 1631, 1627, 1637, 1642, 1645, 1650, 1648, 1658, 1660, 1655, 1652, 1653, 1656, 1646, 1643, 1649, 1659, 1654, 1644, 1662, 1665, 1670, 1668, 1678, 1680, 1675, 1672, 1661, 1651, 1647, 1657, 1673, 1676, 1666, 1663, 1669, 1679, 1674, 1664, 1682, 1685, 1690, 1688, 1698, 1700, 1695, 1692, 1681, 1671, 1667, 1677, 1693, 1696, 1686, 1683, 1689, 1699, 1694, 1684, 1701, 1691, 1687, 1697, 1702, 1705, 1710, 1708, 1718, 1720, 1715, 1712, 1713, 1716, 1706, 1703, 1709, 1719, 1714, 1704, 1722, 1725, 1730, 1728, 1738, 1740, 1735, 1732, 1721, 1711, 1707, 1717, 1733, 1736, 1726, 1723, 1729, 1739, 1734, 1724, 1742, 1745, 1750, 1748, 1758, 1760, 1755, 1752, 1741, 1731, 1727, 1737, 1753, 1756, 1746, 1743, 1749, 1759, 1754, 1744, 1761, 1751, 1747, 1757, 1762, 1765, 1770, 1768, 1778, 1780, 1775, 1772, 1773, 1776, 1766, 1763, 1769, 1779, 1774, 1764, 1782, 1785, 1791, 1788, 1801, 1803, 1797, 1794, 1781, 1771, 1767, 1777, 1795, 1798, 1786, 1783, 1789, 1800, 1796, 1784, 1804, 1807, 1812, 1810, 1820, 1822, 1817, 1814, 1802, 1792, 1787, 1799, 1815, 1818, 1808, 1805, 1811, 1821, 1816, 1806, 1823, 1813, 1809, 1819, 1790, 1793, 1803, 1801, 1346, 1349, 1359, 1357, 1388, 1391, 1401, 1399, 1824, 1826, 1831, 1828, 1840, 1843, 1837, 1834, 1835, 1838, 1826, 1824, 1829, 1841, 1836, 1825, 1846, 1848, 1852, 1850, 1860, 1862, 1857, 1854, 1844, 1832, 1827, 1839, 1855, 1858, 1848, 1846, 1851, 1861, 1856, 1847, 1864, 1866, 1871, 1868, 1880, 1883, 1877, 1874, 1863, 1853, 1849, 1859, 1875, 1878, 1866, 1864, 1869, 1881, 1876, 1865, 1884, 1872, 1867, 1879, 1886, 1888, 1892, 1890, 1900, 1902, 1897, 1894, 1895, 1898, 1888, 1886, 1891, 1901, 1896, 1887, 1904, 1906, 1910, 1908, 1918, 1920, 1915, 1912, 1903, 1893, 1889, 1899, 1913, 1916, 1906, 1904, 1909, 1919, 1914, 1905, 1922, 1924, 1928, 1926, 1936, 1938, 1933, 1930, 1921, 1911, 1907, 1917, 1931, 1934, 1924, 1922, 1927, 1937, 1932, 1923, 1939, 1929, 1925, 1935, 1940, 1942, 1946, 1944, 1954, 1956, 1951, 1948, 1949, 1952, 1942, 1940, 1945, 1955, 1950, 1941, 1958, 1960, 1964, 1962, 1972, 1974, 1969, 1966, 1957, 1947, 1943, 1953, 1967, 1970, 1960, 1958, 1963, 1973, 1968, 1959, 1976, 1978, 1982, 1980, 1990, 1992, 1987, 1984, 1975, 1965, 1961, 1971, 1985, 1988, 1978, 1976, 1981, 1991, 1986, 1977, 1993, 1983, 1979, 1989, 1994, 1996, 2000, 1998, 2008, 2010, 2005, 2002, 2003, 2006, 1996, 1994, 1999, 2009, 2004, 1995, 2012, 2014, 2018, 2016, 2026, 2028, 2023, 2020, 2011, 2001, 1997, 2007, 2021, 2024, 2014, 2012, 2017, 2027, 2022, 2013, 2030, 2032, 2036, 2034, 2044, 2046, 2041, 2038, 2029, 2019, 2015, 2025, 2039, 2042, 2032, 2030, 2035, 2045, 2040, 2031, 2047, 2037, 2033, 2043, 2048, 2050, 2054, 2052, 2062, 2064, 2059, 2056, 2057, 2060, 2050, 2048, 2053, 2063, 2058, 2049, 2066, 2068, 2072, 2070, 2080, 2082, 2077, 2074, 2065, 2055, 2051, 2061, 2075, 2078, 2068, 2066, 2071, 2081, 2076, 2067, 2084, 2086, 2090, 2088, 2098, 2100, 2095, 2092, 2083, 2073, 2069, 2079, 2093, 2096, 2086, 2084, 2089, 2099, 2094, 2085, 2101, 2091, 2087, 2097, 2102, 2104, 2108, 2106, 2116, 2118, 2113, 2110, 2111, 2114, 2104, 2102, 2107, 2117, 2112, 2103, 2120, 2122, 2126, 2124, 2134, 2136, 2131, 2128, 2119, 2109, 2105, 2115, 2129, 2132, 2122, 2120, 2125, 2135, 2130, 2121, 2138, 2140, 2144, 2142, 2152, 2154, 2149, 2146, 2137, 2127, 2123, 2133, 2147, 2150, 2140, 2138, 2143, 2153, 2148, 2139, 2155, 2145, 2141, 2151, 2156, 2158, 2162, 2160, 2170, 2172, 2167, 2164, 2165, 2168, 2158, 2156, 2161, 2171, 2166, 2157, 2174, 2176, 2180, 2178, 2188, 2190, 2185, 2182, 2173, 2163, 2159, 2169, 2183, 2186, 2176, 2174, 2179, 2189, 2184, 2175, 2192, 2194, 2198, 2196, 2206, 2208, 2203, 2200, 2191, 2181, 2177, 2187, 2201, 2204, 2194, 2192, 2197, 2207, 2202, 2193, 2209, 2199, 2195, 2205, 2210, 2212, 2216, 2214, 2224, 2226, 2221, 2218, 2219, 2222, 2212, 2210, 2215, 2225, 2220, 2211, 2228, 2230, 2235, 2232, 2244, 2247, 2241, 2238, 2227, 2217, 2213, 2223, 2239, 2242, 2230, 2228, 2233, 2245, 2240, 2229, 2250, 2252, 2256, 2254, 2264, 2266, 2261, 2258, 2248, 2236, 2231, 2243, 2259, 2262, 2252, 2250, 2255, 2265, 2260, 2251, 2267, 2257, 2253, 2263, 1870, 1873, 1885, 1882, 1830, 1833, 1845, 1842, 2234, 2237, 2249, 2246, 2268, 2271, 2277, 2274, 2284, 2287, 2282, 2280, 2280, 2282, 2272, 2269, 2275, 2285, 2281, 2270, 2290, 2293, 2298, 2296, 2304, 2306, 2302, 2300, 2288, 2278, 2273, 2283, 2300, 2302, 2294, 2291, 2297, 2305, 2301, 2292, 2308, 2311, 2317, 2314, 2324, 2327, 2322, 2320, 2307, 2299, 2295, 2303, 2320, 2322, 2312, 2309, 2315, 2325, 2321, 2310, 2328, 2318, 2313, 2323, 2330, 2333, 2338, 2336, 2344, 2346, 2342, 2340, 2340, 2342, 2334, 2331, 2337, 2345, 2341, 2332, 2348, 2351, 2356, 2354, 2362, 2364, 2360, 2358, 2347, 2339, 2335, 2343, 2358, 2360, 2352, 2349, 2355, 2363, 2359, 2350, 2366, 2369, 2374, 2372, 2380, 2382, 2378, 2376, 2365, 2357, 2353, 2361, 2376, 2378, 2370, 2367, 2373, 2381, 2377, 2368, 2383, 2375, 2371, 2379, 2384, 2387, 2392, 2390, 2398, 2400, 2396, 2394, 2394, 2396, 2388, 2385, 2391, 2399, 2395, 2386, 2402, 2405, 2410, 2408, 2416, 2418, 2414, 2412, 2401, 2393, 2389, 2397, 2412, 2414, 2406, 2403, 2409, 2417, 2413, 2404, 2420, 2423, 2428, 2426, 2434, 2436, 2432, 2430, 2419, 2411, 2407, 2415, 2430, 2432, 2424, 2421, 2427, 2435, 2431, 2422, 2437, 2429, 2425, 2433, 2438, 2441, 2446, 2444, 2452, 2454, 2450, 2448, 2448, 2450, 2442, 2439, 2445, 2453, 2449, 2440, 2455, 2447, 2443, 2451, 2456, 2459, 2464, 2462, 2470, 2472, 2468, 2466, 2466, 2468, 2460, 2457, 2463, 2471, 2467, 2458, 2474, 2477, 2482, 2480, 2488, 2490, 2486, 2484, 2473, 2465, 2461, 2469, 2484, 2486, 2478, 2475, 2481, 2489, 2485, 2476, 2492, 2495, 2500, 2498, 2506, 2508, 2504, 2502, 2491, 2483, 2479, 2487, 2502, 2504, 2496, 2493, 2499, 2507, 2503, 2494, 2509, 2501, 2497, 2505, 2510, 2513, 2518, 2516, 2524, 2526, 2522, 2520, 2520, 2522, 2514, 2511, 2517, 2525, 2521, 2512, 2528, 2531, 2536, 2534, 2542, 2544, 2540, 2538, 2527, 2519, 2515, 2523, 2538, 2540, 2532, 2529, 2535, 2543, 2539, 2530, 2546, 2549, 2554, 2552, 2560, 2562, 2558, 2556, 2545, 2537, 2533, 2541, 2556, 2558, 2550, 2547, 2553, 2561, 2557, 2548, 2563, 2555, 2551, 2559, 2564, 2567, 2572, 2570, 2578, 2580, 2576, 2574, 2574, 2576, 2568, 2565, 2571, 2579, 2575, 2566, 2582, 2585, 2591, 2588, 2598, 2601, 2596, 2594, 2581, 2573, 2569, 2577, 2594, 2596, 2586, 2583, 2589, 2599, 2595, 2584, 2604, 2607, 2612, 2610, 2618, 2620, 2616, 2614, 2602, 2592, 2587, 2597, 2614, 2616, 2608, 2605, 2611, 2619, 2615, 2606, 2621, 2613, 2609, 2617, 2590, 2593, 2603, 2600, 2276, 2279, 2289, 2286, 2316, 2319, 2329, 2326, 2622, 2625, 2631, 2628, 2629, 2632, 2675, 2672, 2667, 2670, 2626, 2623, 2630, 2674, 2668, 2624, 2677, 2633, 2627, 2671, 2634, 2636, 2642, 2639, 2640, 2643, 2653, 2650, 2651, 2654, 2647, 2645, 2646, 2648, 2637, 2635, 2641, 2652, 2646, 2635, 2655, 2644, 2638, 2649, 2656, 2662, 2664, 2659, 2662, 2672, 2675, 2664, 2673, 2666, 2669, 2676, 2667, 2657, 2660, 2670, 2663, 2658, 2668, 2674, 2677, 2671, 2661, 2665, 2678, 2684, 2687, 2681, 2685, 2695, 2699, 2688, 2696, 2689, 2692, 2698, 2690, 2679, 2682, 2693, 2686, 2680, 2691, 2697, 2699, 2694, 2683, 2688, 2714, 2706, 2708, 2734, 2732, 2717, 2752, 2759, 2711, 2720, 2707, 2715, 2719, 2737, 2735, 2709, 2722, 2719, 2715, 2712, 2724, 2721, 2710, 2707, 2720, 2766, 2753, 2718, 2726, 2723, 2713, 2760, 2771, 2704, 2723, 2771, 2758, 2726, 2716, 2727, 2728, 2700, 2721, 2720, 2702, 2703, 2719, 2724, 2705, 2731, 2737, 2722, 2701, 2702, 2720, 2719, 2703, 2774, 2772, 2728, 2727, 2767, 2725, 2729, 2773, 2716, 2726, 2736, 2730, 2726, 2718, 2733, 2736, 2736, 2733, 2735, 2737, 2736, 2737, 2731, 2730, 2749, 2747, 2759, 2752, 2756, 2782, 2784, 2745, 2743, 2763, 2762, 2750, 2744, 2787, 2764, 2746, 2785, 2761, 2765, 2748, 2751, 2764, 2763, 2744, 2746, 2766, 2770, 2757, 2753, 2765, 2771, 2760, 2748, 2742, 2758, 2771, 2765, 2768, 2777, 2775, 2754, 2738, 2739, 2763, 2764, 2740, 2742, 2765, 2761, 2781, 2738, 2764, 2787, 2739, 2741, 2762, 2763, 2774, 2776, 2778, 2772, 2767, 2773, 2779, 2769, 2755, 2780, 2786, 2770, 2770, 2786, 2783, 2757, 2786, 2787, 2785, 2783, 2786, 2780, 2781, 2787, 2794, 2801, 2808, 2798, 2809, 2800, 2803, 2806, 2833, 2819, 2788, 2801, 2792, 2799, 2810, 2795, 2840, 2825, 2823, 2821, 2824, 2833, 2801, 2794, 2790, 2793, 2796, 2812, 2818, 2824, 2794, 2791, 2841, 2838, 2825, 2840, 2804, 2816, 2815, 2807, 2802, 2789, 2817, 2805, 2823, 2827, 2836, 2830, 2818, 2821, 2823, 2824, 2837, 2834, 2831, 2829, 2833, 2830, 2820, 2819, 2822, 2826, 2839, 2828, 2797, 2811, 2814, 2813, 2824, 2823, 2830, 2833, 2832, 2835, 2842, 2843, 2830, 2832, 2843, 2820, 2846, 2857, 2866, 2853, 2850, 2845, 2854, 2862, 2846, 2848, 2860, 2857, 2852, 2864, 2854, 2845, 2853, 2866, 2864, 2852, 2890, 2850, 2862, 2906, 2848, 2892, 2908, 2860, 2858, 2861, 2872, 2870, 2865, 2874, 2868, 2855, 2867, 2875, 2874, 2865, 2907, 2863, 2873, 2920, 2861, 2909, 2921, 2872, 2859, 2871, 2875, 2867, 2863, 2856, 2869, 2873, 2846, 2853, 2883, 2878, 2844, 2851, 2881, 2876, 2849, 2847, 2879, 2880, 2852, 2845, 2877, 2882, 2853, 2852, 2882, 2883, 2851, 2891, 2930, 2881, 2893, 2849, 2880, 2931, 2887, 2900, 2915, 2905, 2896, 2912, 2902, 2884, 2887, 2905, 2910, 2894, 2898, 2884, 2902, 2914, 2900, 2898, 2914, 2915, 2890, 2906, 2912, 2896, 2894, 2910, 2908, 2892, 2904, 2918, 2922, 2911, 2914, 2902, 2916, 2924, 2915, 2914, 2924, 2925, 2907, 2920, 2923, 2913, 2911, 2922, 2921, 2909, 2905, 2915, 2925, 2919, 2913, 2923, 2917, 2903, 2888, 2928, 2935, 2901, 2885, 2926, 2933, 2897, 2895, 2932, 2929, 2889, 2899, 2934, 2927, 2886, 2901, 2935, 2934, 2899, 2897, 2933, 2930, 2891, 2893, 2931, 2932, 2895, 2938, 2951, 2960, 2945, 2942, 2937, 2948, 2956, 2938, 2940, 2954, 2951, 2946, 2962, 2964, 2947, 2945, 2960, 2958, 2944, 2992, 2942, 2956, 3012, 2947, 2964, 2948, 2937, 2944, 2958, 2962, 2946, 2940, 2994, 3014, 2954, 2952, 2955, 2970, 2968, 2963, 2974, 2975, 2965, 2961, 2973, 2972, 2959, 3013, 2957, 2971, 3028, 2965, 2975, 2966, 2949, 2959, 2972, 2974, 2963, 2955, 3015, 3029, 2970, 2953, 2969, 2973, 2961, 2957, 2950, 2967, 2971, 2938, 2945, 2983, 2978, 2936, 2943, 2981, 2976, 2941, 2939, 2979, 2980, 2946, 2947, 2985, 2984, 2945, 2944, 2982, 2983, 2943, 2993, 3040, 2981, 2947, 2937, 2977, 2985, 2944, 2946, 2984, 2982, 2995, 2941, 2980, 3041, 2989, 3002, 3021, 3011, 2998, 3018, 3008, 2986, 2989, 3011, 3016, 2996, 3004, 3006, 3023, 3022, 3002, 3000, 3020, 3021, 2992, 3012, 3018, 2998, 3006, 2986, 3008, 3023, 3000, 3004, 3022, 3020, 2996, 3016, 3014, 2994, 3010, 3026, 3030, 3017, 3022, 3023, 3035, 3034, 3021, 3020, 3032, 3033, 3013, 3028, 3031, 3019, 3023, 3008, 3024, 3035, 3020, 3022, 3034, 3032, 3017, 3030, 3029, 3015, 3011, 3021, 3033, 3027, 3019, 3031, 3025, 3009, 2990, 3038, 3045, 3003, 2987, 3036, 3043, 2999, 2997, 3042, 3039, 2991, 3005, 3046, 3047, 3007, 3003, 3045, 3044, 3001, 2999, 3043, 3040, 2993, 3007, 3047, 3037, 2988, 3001, 3044, 3046, 3005, 2995, 3041, 3042, 2997, 3053, 3066, 3076, 3063, 3050, 3093, 3068, 3084, 3077, 3065, 3071, 3074, 3119, 3099, 3048, 3066, 3052, 3064, 3080, 3060, 3094, 3096, 3055, 3069, 3128, 3108, 3053, 3087, 3078, 3086, 3057, 3082, 3108, 3119, 3066, 3053, 3135, 3128, 3087, 3095, 3095, 3087, 3079, 3097, 3088, 3054, 3061, 3058, 3085, 3070, 3056, 3089, 3072, 3091, 3090, 3075, 3059, 3062, 3081, 3083, 3067, 3049, 3092, 3073, 3098, 3135, 3095, 3051, 3103, 3111, 3122, 3114, 3101, 3131, 3116, 3139, 3123, 3120, 3117, 3113, 3119, 3114, 3100, 3099, 3102, 3109, 3126, 3112, 3138, 3115, 3104, 3140, 3128, 3133, 3103, 3108, 3124, 3129, 3106, 3132, 3108, 3103, 3114, 3119, 3135, 3139, 3133, 3128, 3139, 3141, 3125, 3133, 3133, 3107, 3110, 3103, 3131, 3134, 3105, 3116, 3118, 3121, 3136, 3137, 3107, 3130, 3127, 3110, 3114, 3118, 3137, 3100, 3098, 3101, 3139, 3135, 3145, 3148, 3156, 3151, 3157, 3154, 3152, 3150, 3185, 3151, 3142, 3165, 3144, 3146, 3158, 3149, 3192, 3168, 3170, 3174, 3173, 3145, 3151, 3185, 3143, 3160, 3147, 3145, 3164, 3143, 3145, 3173, 3194, 3193, 3175, 3190, 3153, 3155, 3162, 3163, 3151, 3153, 3163, 3142, 3172, 3180, 3188, 3177, 3164, 3173, 3172, 3169, 3189, 3179, 3182, 3186, 3185, 3165, 3166, 3180, 3171, 3178, 3191, 3176, 3147, 3160, 3161, 3159, 3173, 3185, 3180, 3172, 3183, 3196, 3195, 3187, 3181, 3167, 3197, 3184, 3201, 3210, 3221, 3215, 3206, 3218, 3212, 3198, 3201, 3215, 3216, 3204, 3208, 3198, 3212, 3220, 3210, 3208, 3220, 3221, 3242, 3258, 3218, 3206, 3204, 3216, 3260, 3244, 3214, 3224, 3226, 3217, 3220, 3212, 3222, 3228, 3221, 3220, 3228, 3229, 3259, 3274, 3227, 3219, 3217, 3226, 3275, 3261, 3215, 3221, 3229, 3225, 3219, 3227, 3223, 3213, 3202, 3232, 3237, 3211, 3199, 3230, 3235, 3207, 3205, 3234, 3233, 3203, 3209, 3236, 3231, 3200, 3211, 3237, 3236, 3209, 3207, 3235, 3284, 3243, 3245, 3285, 3234, 3205, 3240, 3255, 3268, 3251, 3248, 3239, 3252, 3264, 3240, 3246, 3262, 3255, 3250, 3266, 3252, 3239, 3251, 3268, 3266, 3250, 3242, 3248, 3264, 3258, 3246, 3244, 3260, 3262, 3256, 3263, 3276, 3272, 3267, 3278, 3270, 3253, 3269, 3279, 3278, 3267, 3259, 3265, 3277, 3274, 3263, 3261, 3275, 3276, 3257, 3273, 3279, 3269, 3265, 3254, 3271, 3277, 3240, 3251, 3289, 3282, 3238, 3249, 3287, 3280, 3247, 3241, 3283, 3286, 3250, 3239, 3281, 3288, 3251, 3250, 3288, 3289, 3249, 3243, 3284, 3287, 3245, 3247, 3286, 3285, 3293, 3302, 3317, 3311, 3298, 3314, 3308, 3290, 3293, 3311, 3312, 3296, 3304, 3306, 3319, 3318, 3302, 3300, 3316, 3317, 3344, 3362, 3314, 3298, 3306, 3290, 3308, 3319, 3300, 3304, 3318, 3316, 3296, 3312, 3364, 3346, 3310, 3322, 3324, 3313, 3318, 3319, 3329, 3328, 3317, 3316, 3326, 3327, 3363, 3382, 3325, 3315, 3319, 3308, 3320, 3329, 3316, 3318, 3328, 3326, 3313, 3324, 3383, 3365, 3311, 3317, 3327, 3323, 3315, 3325, 3321, 3309, 3294, 3332, 3337, 3303, 3291, 3330, 3335, 3299, 3297, 3334, 3333, 3295, 3305, 3338, 3339, 3307, 3303, 3337, 3336, 3301, 3299, 3335, 3394, 3345, 3307, 3339, 3331, 3292, 3301, 3336, 3338, 3305, 3347, 3395, 3334, 3297, 3342, 3359, 3372, 3353, 3350, 3341, 3356, 3368, 3342, 3348, 3366, 3359, 3354, 3374, 3376, 3355, 3353, 3372, 3370, 3352, 3344, 3350, 3368, 3362, 3355, 3376, 3356, 3341, 3352, 3370, 3374, 3354, 3348, 3346, 3364, 3366, 3360, 3367, 3384, 3380, 3375, 3388, 3389, 3377, 3373, 3387, 3386, 3371, 3363, 3369, 3385, 3382, 3377, 3389, 3378, 3357, 3371, 3386, 3388, 3375, 3367, 3365, 3383, 3384, 3361, 3381, 3387, 3373, 3369, 3358, 3379, 3385, 3342, 3353, 3399, 3392, 3340, 3351, 3397, 3390, 3349, 3343, 3393, 3396, 3354, 3355, 3401, 3400, 3353, 3352, 3398, 3399, 3351, 3345, 3394, 3397, 3355, 3341, 3391, 3401, 3352, 3354, 3400, 3398, 3347, 3349, 3396, 3395, 3405, 3412, 3422, 3415, 3403, 3430, 3417, 3437, 3423, 3420, 3418, 3414, 3469, 3415, 3402, 3441, 3404, 3410, 3426, 3413, 3436, 3416, 3406, 3438, 3478, 3432, 3405, 3454, 3424, 3428, 3408, 3431, 3454, 3405, 3415, 3469, 3487, 3437, 3432, 3478, 3437, 3439, 3425, 3432, 3432, 3409, 3411, 3405, 3430, 3433, 3407, 3417, 3419, 3421, 3434, 3435, 3409, 3429, 3427, 3411, 3415, 3419, 3435, 3402, 3440, 3403, 3437, 3487, 3447, 3461, 3472, 3458, 3444, 3491, 3463, 3481, 3473, 3460, 3466, 3470, 3469, 3441, 3442, 3461, 3446, 3459, 3476, 3455, 3492, 3494, 3449, 3464, 3478, 3454, 3447, 3484, 3474, 3483, 3451, 3479, 3454, 3469, 3461, 3447, 3487, 3478, 3484, 3493, 3493, 3484, 3475, 3495, 3485, 3448, 3456, 3452, 3482, 3465, 3450, 3486, 3467, 3489, 3488, 3471, 3453, 3457, 3477, 3480, 3462, 3443, 3490, 3468, 3440, 3487, 3493, 3445, 3503, 3498, 3496, 3500, 3509, 3511, 3505, 3507, 3525, 3506, 3512, 3521, 3522, 3513, 3510, 3526, 3523, 3508, 3506, 3525, 3499, 3519, 3517, 3497, 3501, 3516, 3520, 3504, 3497, 3517, 3514, 3502, 3530, 3532, 3522, 3526, 3532, 3527, 3524, 3522, 3528, 3533, 3523, 3525, 3517, 3519, 3533, 3528, 3515, 3518, 3529, 3531, 3520, 3516, 3532, 3530, 3541, 3536, 3534, 3538, 3547, 3549, 3543, 3545, 3563, 3544, 3550, 3559, 3560, 3551, 3548, 3564, 3561, 3546, 3544, 3563, 3537, 3557, 3555, 3535, 3539, 3554, 3558, 3542, 3535, 3555, 3552, 3540, 3568, 3570, 3560, 3564, 3570, 3565, 3562, 3560, 3566, 3571, 3561, 3563, 3555, 3557, 3571, 3566, 3553, 3556, 3567, 3569, 3558, 3554, 3570, 3568, 3579, 3574, 3572, 3576, 3585, 3587, 3581, 3583, 3601, 3582, 3588, 3597, 3598, 3589, 3586, 3602, 3599, 3584, 3582, 3601, 3575, 3595, 3593, 3573, 3577, 3592, 3596, 3580, 3573, 3593, 3590, 3578, 3606, 3608, 3598, 3602, 3608, 3603, 3600, 3598, 3604, 3609, 3599, 3601, 3593, 3595, 3609, 3604, 3591, 3594, 3605, 3607, 3596, 3592, 3608, 3606, 3617, 3612, 3610, 3614, 3623, 3625, 3619, 3621, 3639, 3620, 3626, 3635, 3636, 3627, 3624, 3640, 3637, 3622, 3620, 3639, 3613, 3633, 3631, 3611, 3615, 3630, 3634, 3618, 3611, 3631, 3628, 3616, 3644, 3646, 3636, 3640, 3646, 3641, 3638, 3636, 3642, 3647, 3637, 3639, 3631, 3633, 3647, 3642, 3629, 3632, 3643, 3645, 3634, 3630, 3646, 3644, 3655, 3650, 3648, 3652, 3661, 3663, 3657, 3659, 3677, 3658, 3664, 3673, 3674, 3665, 3662, 3678, 3675, 3660, 3658, 3677, 3651, 3671, 3669, 3649, 3653, 3668, 3672, 3656, 3649, 3669, 3666, 3654, 3682, 3684, 3674, 3678, 3684, 3679, 3676, 3674, 3680, 3685, 3675, 3677, 3669, 3671, 3685, 3680, 3667, 3670, 3681, 3683, 3672, 3668, 3684, 3682, 3693, 3688, 3686, 3690, 3699, 3701, 3695, 3697, 3715, 3696, 3702, 3711, 3712, 3703, 3700, 3716, 3713, 3698, 3696, 3715, 3689, 3709, 3707, 3687, 3691, 3706, 3710, 3694, 3687, 3707, 3704, 3692, 3720, 3722, 3712, 3716, 3722, 3717, 3714, 3712, 3718, 3723, 3713, 3715, 3707, 3709, 3723, 3718, 3705, 3708, 3719, 3721, 3710, 3706, 3722, 3720, 3731, 3726, 3724, 3728, 3737, 3739, 3733, 3735, 3753, 3734, 3740, 3749, 3750, 3741, 3738, 3754, 3751, 3736, 3734, 3753, 3727, 3747, 3745, 3725, 3729, 3744, 3748, 3732, 3725, 3745, 3742, 3730, 3758, 3760, 3750, 3754, 3760, 3755, 3752, 3750, 3756, 3761, 3751, 3753, 3745, 3747, 3761, 3756, 3743, 3746, 3757, 3759, 3748, 3744, 3760, 3758, 3770, 3765, 3762, 3767, 3777, 3779, 3772, 3775, 3793, 3773, 3780, 3791, 3790, 3781, 3778, 3795, 3792, 3776, 3774, 3794, 3766, 3788, 3786, 3763, 3768, 3784, 3789, 3771, 3764, 3785, 3782, 3769, 3799, 3802, 3790, 3795, 3800, 3796, 3793, 3791, 3797, 3803, 3792, 3794, 3786, 3788, 3803, 3797, 3783, 3787, 3798, 3801, 3789, 3784, 3802, 3799, 3812, 3807, 3804, 3809, 3819, 3821, 3814, 3817, 3835, 3815, 3822, 3833, 3832, 3823, 3820, 3837, 3834, 3818, 3816, 3836, 3808, 3830, 3828, 3805, 3810, 3826, 3831, 3813, 3806, 3827, 3824, 3811, 3841, 3844, 3832, 3837, 3842, 3838, 3835, 3833, 3839, 3845, 3834, 3836, 3828, 3830, 3845, 3839, 3825, 3829, 3840, 3843, 3831, 3826, 3844, 3841, 3854, 3849, 3846, 3851, 3861, 3863, 3856, 3859, 3877, 3857, 3864, 3875, 3874, 3865, 3862, 3879, 3876, 3860, 3858, 3878, 3850, 3872, 3870, 3847, 3852, 3868, 3873, 3855, 3848, 3869, 3866, 3853, 3883, 3886, 3874, 3879, 3884, 3880, 3877, 3875, 3881, 3887, 3876, 3878, 3870, 3872, 3887, 3881, 3867, 3871, 3882, 3885, 3873, 3868, 3886, 3883, 3896, 3891, 3888, 3893, 3903, 3905, 3898, 3901, 3919, 3899, 3906, 3917, 3916, 3907, 3904, 3921, 3918, 3902, 3900, 3920, 3892, 3914, 3912, 3889, 3894, 3910, 3915, 3897, 3890, 3911, 3908, 3895, 3925, 3928, 3916, 3921, 3926, 3922, 3919, 3917, 3923, 3929, 3918, 3920, 3912, 3914, 3929, 3923, 3909, 3913, 3924, 3927, 3915, 3910, 3928, 3925, 3938, 3933, 3930, 3935, 3945, 3947, 3940, 3943, 3961, 3941, 3948, 3959, 3958, 3949, 3946, 3963, 3960, 3944, 3942, 3962, 3934, 3956, 3954, 3931, 3936, 3952, 3957, 3939, 3932, 3953, 3950, 3937, 3967, 3970, 3958, 3963, 3968, 3964, 3961, 3959, 3965, 3971, 3960, 3962, 3954, 3956, 3971, 3965, 3951, 3955, 3966, 3969, 3957, 3952, 3970, 3967, 3980, 3975, 3972, 3977, 3987, 3989, 3982, 3985, 4003, 3983, 3990, 4001, 4000, 3991, 3988, 4005, 4002, 3986, 3984, 4004, 3976, 3998, 3996, 3973, 3978, 3994, 3999, 3981, 3974, 3995, 3992, 3979, 4009, 4012, 4000, 4005, 4010, 4006, 4003, 4001, 4007, 4013, 4002, 4004, 3996, 3998, 4013, 4007, 3993, 3997, 4008, 4011, 3999, 3994, 4012, 4009, 4022, 4017, 4014, 4019, 4029, 4031, 4024, 4027, 4045, 4025, 4032, 4043, 4042, 4033, 4030, 4047, 4044, 4028, 4026, 4046, 4018, 4040, 4038, 4015, 4020, 4036, 4041, 4023, 4016, 4037, 4034, 4021, 4051, 4054, 4042, 4047, 4052, 4048, 4045, 4043, 4049, 4055, 4044, 4046, 4038, 4040, 4055, 4049, 4035, 4039, 4050, 4053, 4041, 4036, 4054, 4051, 4064, 4059, 4056, 4061, 4071, 4073, 4066, 4069, 4087, 4067, 4074, 4085, 4084, 4075, 4072, 4089, 4086, 4070, 4068, 4088, 4060, 4082, 4080, 4057, 4062, 4078, 4083, 4065, 4058, 4079, 4076, 4063, 4093, 4096, 4084, 4089, 4094, 4090, 4087, 4085, 4091, 4097, 4086, 4088, 4080, 4082, 4097, 4091, 4077, 4081, 4092, 4095, 4083, 4078, 4096, 4093, 4106, 4101, 4098, 4103, 4113, 4115, 4108, 4111, 4129, 4109, 4116, 4127, 4126, 4117, 4114, 4131, 4128, 4112, 4110, 4130, 4102, 4124, 4122, 4099, 4104, 4120, 4125, 4107, 4100, 4121, 4118, 4105, 4135, 4138, 4126, 4131, 4136, 4132, 4129, 4127, 4133, 4139, 4128, 4130, 4122, 4124, 4139, 4133, 4119, 4123, 4134, 4137, 4125, 4120, 4138, 4135, 4148, 4143, 4140, 4145, 4155, 4157, 4150, 4153, 4171, 4151, 4158, 4169, 4168, 4159, 4156, 4173, 4170, 4154, 4152, 4172, 4144, 4166, 4164, 4141, 4146, 4162, 4167, 4149, 4142, 4163, 4160, 4147, 4177, 4180, 4168, 4173, 4178, 4174, 4171, 4169, 4175, 4181, 4170, 4172, 4164, 4166, 4181, 4175, 4161, 4165, 4176, 4179, 4167, 4162, 4180, 4177, 4190, 4185, 4182, 4187, 4197, 4199, 4192, 4195, 4213, 4193, 4200, 4211, 4210, 4201, 4198, 4215, 4212, 4196, 4194, 4214, 4186, 4208, 4206, 4183, 4188, 4204, 4209, 4191, 4184, 4205, 4202, 4189, 4219, 4222, 4210, 4215, 4220, 4216, 4213, 4211, 4217, 4223, 4212, 4214, 4206, 4208, 4223, 4217, 4203, 4207, 4218, 4221, 4209, 4204, 4222, 4219, 4232, 4227, 4224, 4229, 4239, 4241, 4234, 4237, 4255, 4235, 4242, 4253, 4252, 4243, 4240, 4257, 4254, 4238, 4236, 4256, 4228, 4250, 4248, 4225, 4230, 4246, 4251, 4233, 4226, 4247, 4244, 4231, 4261, 4264, 4252, 4257, 4262, 4258, 4255, 4253, 4259, 4265, 4254, 4256, 4248, 4250, 4265, 4259, 4245, 4249, 4260, 4263, 4251, 4246, 4264, 4261, 4274, 4269, 4266, 4271, 4281, 4283, 4276, 4279, 4297, 4277, 4284, 4295, 4294, 4285, 4282, 4299, 4296, 4280, 4278, 4298, 4270, 4292, 4290, 4267, 4272, 4288, 4293, 4275, 4268, 4289, 4286, 4273, 4303, 4306, 4294, 4299, 4304, 4300, 4297, 4295, 4301, 4307, 4296, 4298, 4290, 4292, 4307, 4301, 4287, 4291, 4302, 4305, 4293, 4288, 4306, 4303, 4316, 4311, 4308, 4313, 4323, 4325, 4318, 4321, 4339, 4319, 4326, 4337, 4336, 4327, 4324, 4341, 4338, 4322, 4320, 4340, 4312, 4334, 4332, 4309, 4314, 4330, 4335, 4317, 4310, 4331, 4328, 4315, 4345, 4348, 4336, 4341, 4346, 4342, 4339, 4337, 4343, 4349, 4338, 4340, 4332, 4334, 4349, 4343, 4329, 4333, 4344, 4347, 4335, 4330, 4348, 4345, 4357, 4352, 4350, 4354, 4363, 4365, 4359, 4361, 4379, 4360, 4366, 4375, 4376, 4367, 4364, 4380, 4377, 4362, 4360, 4379, 4353, 4373, 4371, 4351, 4355, 4370, 4374, 4358, 4351, 4371, 4368, 4356, 4384, 4386, 4376, 4380, 4386, 4381, 4378, 4376, 4382, 4387, 4377, 4379, 4371, 4373, 4387, 4382, 4369, 4372, 4383, 4385, 4374, 4370, 4386, 4384, 4395, 4390, 4388, 4392, 4401, 4403, 4397, 4399, 4417, 4398, 4404, 4413, 4414, 4405, 4402, 4418, 4415, 4400, 4398, 4417, 4391, 4411, 4409, 4389, 4393, 4408, 4412, 4396, 4389, 4409, 4406, 4394, 4422, 4424, 4414, 4418, 4424, 4419, 4416, 4414, 4420, 4425, 4415, 4417, 4409, 4411, 4425, 4420, 4407, 4410, 4421, 4423, 4412, 4408, 4424, 4422, 4433, 4428, 4426, 4430, 4439, 4441, 4435, 4437, 4455, 4436, 4442, 4451, 4452, 4443, 4440, 4456, 4453, 4438, 4436, 4455, 4429, 4449, 4447, 4427, 4431, 4446, 4450, 4434, 4427, 4447, 4444, 4432, 4460, 4462, 4452, 4456, 4462, 4457, 4454, 4452, 4458, 4463, 4453, 4455, 4447, 4449, 4463, 4458, 4445, 4448, 4459, 4461, 4450, 4446, 4462, 4460, 4471, 4466, 4464, 4468, 4477, 4479, 4473, 4475, 4493, 4474, 4480, 4489, 4490, 4481, 4478, 4494, 4491, 4476, 4474, 4493, 4467, 4487, 4485, 4465, 4469, 4484, 4488, 4472, 4465, 4485, 4482, 4470, 4498, 4500, 4490, 4494, 4500, 4495, 4492, 4490, 4496, 4501, 4491, 4493, 4485, 4487, 4501, 4496, 4483, 4486, 4497, 4499, 4488, 4484, 4500, 4498, 4509, 4504, 4502, 4506, 4515, 4517, 4511, 4513, 4531, 4512, 4518, 4527, 4528, 4519, 4516, 4532, 4529, 4514, 4512, 4531, 4505, 4525, 4523, 4503, 4507, 4522, 4526, 4510, 4503, 4523, 4520, 4508, 4536, 4538, 4528, 4532, 4538, 4533, 4530, 4528, 4534, 4539, 4529, 4531, 4523, 4525, 4539, 4534, 4521, 4524, 4535, 4537, 4526, 4522, 4538, 4536, 4547, 4542, 4540, 4544, 4553, 4555, 4549, 4551, 4569, 4550, 4556, 4565, 4566, 4557, 4554, 4570, 4567, 4552, 4550, 4569, 4543, 4563, 4561, 4541, 4545, 4560, 4564, 4548, 4541, 4561, 4558, 4546, 4574, 4576, 4566, 4570, 4576, 4571, 4568, 4566, 4572, 4577, 4567, 4569, 4561, 4563, 4577, 4572, 4559, 4562, 4573, 4575, 4564, 4560, 4576, 4574, 4585, 4580, 4578, 4582, 4591, 4593, 4587, 4589, 4607, 4588, 4594, 4603, 4604, 4595, 4592, 4608, 4605, 4590, 4588, 4607, 4581, 4601, 4599, 4579, 4583, 4598, 4602, 4586, 4579, 4599, 4596, 4584, 4612, 4614, 4604, 4608, 4614, 4609, 4606, 4604, 4610, 4615, 4605, 4607, 4599, 4601, 4615, 4610, 4597, 4600, 4611, 4613, 4602, 4598, 4614, 4612, 4624, 4619, 4616, 4621, 4631, 4633, 4626, 4629, 4647, 4627, 4634, 4645, 4644, 4635, 4632, 4649, 4646, 4630, 4628, 4648, 4620, 4642, 4640, 4617, 4622, 4638, 4643, 4625, 4618, 4639, 4636, 4623, 4653, 4656, 4644, 4649, 4654, 4650, 4647, 4645, 4651, 4657, 4646, 4648, 4640, 4642, 4657, 4651, 4637, 4641, 4652, 4655, 4643, 4638, 4656, 4653, 4666, 4661, 4658, 4663, 4673, 4675, 4668, 4671, 4689, 4669, 4676, 4687, 4686, 4677, 4674, 4691, 4688, 4672, 4670, 4690, 4662, 4684, 4682, 4659, 4664, 4680, 4685, 4667, 4660, 4681, 4678, 4665, 4695, 4698, 4686, 4691, 4696, 4692, 4689, 4687, 4693, 4699, 4688, 4690, 4682, 4684, 4699, 4693, 4679, 4683, 4694, 4697, 4685, 4680, 4698, 4695, 4708, 4703, 4700, 4705, 4715, 4717, 4710, 4713, 4731, 4711, 4718, 4729, 4728, 4719, 4716, 4733, 4730, 4714, 4712, 4732, 4704, 4726, 4724, 4701, 4706, 4722, 4727, 4709, 4702, 4723, 4720, 4707, 4737, 4740, 4728, 4733, 4738, 4734, 4731, 4729, 4735, 4741, 4730, 4732, 4724, 4726, 4741, 4735, 4721, 4725, 4736, 4739, 4727, 4722, 4740, 4737, 4750, 4745, 4742, 4747, 4757, 4759, 4752, 4755, 4773, 4753, 4760, 4771, 4770, 4761, 4758, 4775, 4772, 4756, 4754, 4774, 4746, 4768, 4766, 4743, 4748, 4764, 4769, 4751, 4744, 4765, 4762, 4749, 4779, 4782, 4770, 4775, 4780, 4776, 4773, 4771, 4777, 4783, 4772, 4774, 4766, 4768, 4783, 4777, 4763, 4767, 4778, 4781, 4769, 4764, 4782, 4779, 4792, 4787, 4784, 4789, 4799, 4801, 4794, 4797, 4815, 4795, 4802, 4813, 4812, 4803, 4800, 4817, 4814, 4798, 4796, 4816, 4788, 4810, 4808, 4785, 4790, 4806, 4811, 4793, 4786, 4807, 4804, 4791, 4821, 4824, 4812, 4817, 4822, 4818, 4815, 4813, 4819, 4825, 4814, 4816, 4808, 4810, 4825, 4819, 4805, 4809, 4820, 4823, 4811, 4806, 4824, 4821, 4834, 4829, 4826, 4831, 4841, 4843, 4836, 4839, 4857, 4837, 4844, 4855, 4854, 4845, 4842, 4859, 4856, 4840, 4838, 4858, 4830, 4852, 4850, 4827, 4832, 4848, 4853, 4835, 4828, 4849, 4846, 4833, 4863, 4866, 4854, 4859, 4864, 4860, 4857, 4855, 4861, 4867, 4856, 4858, 4850, 4852, 4867, 4861, 4847, 4851, 4862, 4865, 4853, 4848, 4866, 4863, 4876, 4871, 4868, 4873, 4883, 4885, 4878, 4881, 4899, 4879, 4886, 4897, 4896, 4887, 4884, 4901, 4898, 4882, 4880, 4900, 4872, 4894, 4892, 4869, 4874, 4890, 4895, 4877, 4870, 4891, 4888, 4875, 4905, 4908, 4896, 4901, 4906, 4902, 4899, 4897, 4903, 4909, 4898, 4900, 4892, 4894, 4909, 4903, 4889, 4893, 4904, 4907, 4895, 4890, 4908, 4905, 4917, 4913, 4910, 4915, 4924, 4926, 4919, 4922, 4937, 4920, 4927, 4935, 4935, 4927, 4925, 4939, 4936, 4923, 4921, 4938, 4914, 4933, 4931, 4911, 4916, 4929, 4934, 4918, 4912, 4930, 4929, 4916, 4943, 4945, 4935, 4939, 4945, 4940, 4937, 4935, 4941, 4946, 4936, 4938, 4931, 4933, 4946, 4941, 4928, 4932, 4942, 4944, 4934, 4929, 4945, 4943, 4954, 4950, 4947, 4952, 4961, 4963, 4956, 4959, 4974, 4957, 4964, 4972, 4972, 4964, 4962, 4976, 4973, 4960, 4958, 4975, 4951, 4970, 4968, 4948, 4953, 4966, 4971, 4955, 4949, 4967, 4966, 4953, 4980, 4982, 4972, 4976, 4982, 4977, 4974, 4972, 4978, 4983, 4973, 4975, 4968, 4970, 4983, 4978, 4965, 4969, 4979, 4981, 4971, 4966, 4982, 4980, 4991, 4987, 4984, 4989, 4998, 5000, 4993, 4996, 5011, 4994, 5001, 5009, 5009, 5001, 4999, 5013, 5010, 4997, 4995, 5012, 4988, 5007, 5005, 4985, 4990, 5003, 5008, 4992, 4986, 5004, 5003, 4990, 5017, 5019, 5009, 5013, 5019, 5014, 5011, 5009, 5015, 5020, 5010, 5012, 5005, 5007, 5020, 5015, 5002, 5006, 5016, 5018, 5008, 5003, 5019, 5017, 5028, 5024, 5021, 5026, 5035, 5037, 5030, 5033, 5048, 5031, 5038, 5046, 5046, 5038, 5036, 5050, 5047, 5034, 5032, 5049, 5025, 5044, 5042, 5022, 5027, 5040, 5045, 5029, 5023, 5041, 5040, 5027, 5054, 5056, 5046, 5050, 5056, 5051, 5048, 5046, 5052, 5057, 5047, 5049, 5042, 5044, 5057, 5052, 5039, 5043, 5053, 5055, 5045, 5040, 5056, 5054, 5065, 5061, 5058, 5063, 5072, 5074, 5067, 5070, 5085, 5068, 5075, 5083, 5083, 5075, 5073, 5087, 5084, 5071, 5069, 5086, 5062, 5081, 5079, 5059, 5064, 5077, 5082, 5066, 5060, 5078, 5077, 5064, 5091, 5093, 5083, 5087, 5093, 5088, 5085, 5083, 5089, 5094, 5084, 5086, 5079, 5081, 5094, 5089, 5076, 5080, 5090, 5092, 5082, 5077, 5093, 5091, 5102, 5098, 5095, 5100, 5109, 5111, 5104, 5107, 5122, 5105, 5112, 5120, 5120, 5112, 5110, 5124, 5121, 5108, 5106, 5123, 5099, 5118, 5116, 5096, 5101, 5114, 5119, 5103, 5097, 5115, 5114, 5101, 5128, 5130, 5120, 5124, 5130, 5125, 5122, 5120, 5126, 5131, 5121, 5123, 5116, 5118, 5131, 5126, 5113, 5117, 5127, 5129, 5119, 5114, 5130, 5128, 5139, 5135, 5132, 5137, 5146, 5148, 5141, 5144, 5159, 5142, 5149, 5157, 5157, 5149, 5147, 5161, 5158, 5145, 5143, 5160, 5136, 5155, 5153, 5133, 5138, 5151, 5156, 5140, 5134, 5152, 5151, 5138, 5165, 5167, 5157, 5161, 5167, 5162, 5159, 5157, 5163, 5168, 5158, 5160, 5153, 5155, 5168, 5163, 5150, 5154, 5164, 5166, 5156, 5151, 5167, 5165, 5177, 5172, 5169, 5174, 5184, 5186, 5179, 5182, 5200, 5180, 5187, 5198, 5197, 5188, 5185, 5202, 5199, 5183, 5181, 5201, 5173, 5195, 5193, 5170, 5175, 5191, 5196, 5178, 5171, 5192, 5189, 5176, 5206, 5209, 5197, 5202, 5207, 5203, 5200, 5198, 5204, 5210, 5199, 5201, 5193, 5195, 5210, 5204, 5190, 5194, 5205, 5208, 5196, 5191, 5209, 5206, 5219, 5214, 5211, 5216, 5226, 5228, 5221, 5224, 5242, 5222, 5229, 5240, 5239, 5230, 5227, 5244, 5241, 5225, 5223, 5243, 5215, 5237, 5235, 5212, 5217, 5233, 5238, 5220, 5213, 5234, 5231, 5218, 5248, 5251, 5239, 5244, 5249, 5245, 5242, 5240, 5246, 5252, 5241, 5243, 5235, 5237, 5252, 5246, 5232, 5236, 5247, 5250, 5238, 5233, 5251, 5248, 5261, 5256, 5253, 5258, 5268, 5270, 5263, 5266, 5284, 5264, 5271, 5282, 5281, 5272, 5269, 5286, 5283, 5267, 5265, 5285, 5257, 5279, 5277, 5254, 5259, 5275, 5280, 5262, 5255, 5276, 5273, 5260, 5290, 5293, 5281, 5286, 5291, 5287, 5284, 5282, 5288, 5294, 5283, 5285, 5277, 5279, 5294, 5288, 5274, 5278, 5289, 5292, 5280, 5275, 5293, 5290, 5303, 5298, 5295, 5300, 5310, 5312, 5305, 5308, 5326, 5306, 5313, 5324, 5323, 5314, 5311, 5328, 5325, 5309, 5307, 5327, 5299, 5321, 5319, 5296, 5301, 5317, 5322, 5304, 5297, 5318, 5315, 5302, 5332, 5335, 5323, 5328, 5333, 5329, 5326, 5324, 5330, 5336, 5325, 5327, 5319, 5321, 5336, 5330, 5316, 5320, 5331, 5334, 5322, 5317, 5335, 5332, 5345, 5340, 5337, 5342, 5352, 5354, 5347, 5350, 5368, 5348, 5355, 5366, 5365, 5356, 5353, 5370, 5367, 5351, 5349, 5369, 5341, 5363, 5361, 5338, 5343, 5359, 5364, 5346, 5339, 5360, 5357, 5344, 5374, 5377, 5365, 5370, 5375, 5371, 5368, 5366, 5372, 5378, 5367, 5369, 5361, 5363, 5378, 5372, 5358, 5362, 5373, 5376, 5364, 5359, 5377, 5374, 5387, 5382, 5379, 5384, 5394, 5396, 5389, 5392, 5410, 5390, 5397, 5408, 5407, 5398, 5395, 5412, 5409, 5393, 5391, 5411, 5383, 5405, 5403, 5380, 5385, 5401, 5406, 5388, 5381, 5402, 5399, 5386, 5416, 5419, 5407, 5412, 5417, 5413, 5410, 5408, 5414, 5420, 5409, 5411, 5403, 5405, 5420, 5414, 5400, 5404, 5415, 5418, 5406, 5401, 5419, 5416, 5429, 5424, 5421, 5426, 5436, 5438, 5431, 5434, 5452, 5432, 5439, 5450, 5449, 5440, 5437, 5454, 5451, 5435, 5433, 5453, 5425, 5447, 5445, 5422, 5427, 5443, 5448, 5430, 5423, 5444, 5441, 5428, 5458, 5461, 5449, 5454, 5459, 5455, 5452, 5450, 5456, 5462, 5451, 5453, 5445, 5447, 5462, 5456, 5442, 5446, 5457, 5460, 5448, 5443, 5461, 5458, 5470, 5466, 5463, 5468, 5477, 5479, 5472, 5475, 5490, 5473, 5480, 5488, 5488, 5480, 5478, 5492, 5489, 5476, 5474, 5491, 5467, 5486, 5484, 5464, 5469, 5482, 5487, 5471, 5465, 5483, 5482, 5469, 5496, 5498, 5488, 5492, 5498, 5493, 5490, 5488, 5494, 5499, 5489, 5491, 5484, 5486, 5499, 5494, 5481, 5485, 5495, 5497, 5487, 5482, 5498, 5496, 5507, 5503, 5500, 5505, 5514, 5516, 5509, 5512, 5527, 5510, 5517, 5525, 5525, 5517, 5515, 5529, 5526, 5513, 5511, 5528, 5504, 5523, 5521, 5501, 5506, 5519, 5524, 5508, 5502, 5520, 5519, 5506, 5533, 5535, 5525, 5529, 5535, 5530, 5527, 5525, 5531, 5536, 5526, 5528, 5521, 5523, 5536, 5531, 5518, 5522, 5532, 5534, 5524, 5519, 5535, 5533, 5544, 5540, 5537, 5542, 5551, 5553, 5546, 5549, 5564, 5547, 5554, 5562, 5562, 5554, 5552, 5566, 5563, 5550, 5548, 5565, 5541, 5560, 5558, 5538, 5543, 5556, 5561, 5545, 5539, 5557, 5556, 5543, 5570, 5572, 5562, 5566, 5572, 5567, 5564, 5562, 5568, 5573, 5563, 5565, 5558, 5560, 5573, 5568, 5555, 5559, 5569, 5571, 5561, 5556, 5572, 5570, 5581, 5577, 5574, 5579, 5588, 5590, 5583, 5586, 5601, 5584, 5591, 5599, 5599, 5591, 5589, 5603, 5600, 5587, 5585, 5602, 5578, 5597, 5595, 5575, 5580, 5593, 5598, 5582, 5576, 5594, 5593, 5580, 5607, 5609, 5599, 5603, 5609, 5604, 5601, 5599, 5605, 5610, 5600, 5602, 5595, 5597, 5610, 5605, 5592, 5596, 5606, 5608, 5598, 5593, 5609, 5607, 5618, 5614, 5611, 5616, 5625, 5627, 5620, 5623, 5638, 5621, 5628, 5636, 5636, 5628, 5626, 5640, 5637, 5624, 5622, 5639, 5615, 5634, 5632, 5612, 5617, 5630, 5635, 5619, 5613, 5631, 5630, 5617, 5644, 5646, 5636, 5640, 5646, 5641, 5638, 5636, 5642, 5647, 5637, 5639, 5632, 5634, 5647, 5642, 5629, 5633, 5643, 5645, 5635, 5630, 5646, 5644, 5655, 5651, 5648, 5653, 5662, 5664, 5657, 5660, 5675, 5658, 5665, 5673, 5673, 5665, 5663, 5677, 5674, 5661, 5659, 5676, 5652, 5671, 5669, 5649, 5654, 5667, 5672, 5656, 5650, 5668, 5667, 5654, 5681, 5683, 5673, 5677, 5683, 5678, 5675, 5673, 5679, 5684, 5674, 5676, 5669, 5671, 5684, 5679, 5666, 5670, 5680, 5682, 5672, 5667, 5683, 5681, 5692, 5688, 5685, 5690, 5699, 5701, 5694, 5697, 5712, 5695, 5702, 5710, 5710, 5702, 5700, 5714, 5711, 5698, 5696, 5713, 5689, 5708, 5706, 5686, 5691, 5704, 5709, 5693, 5687, 5705, 5704, 5691, 5718, 5720, 5710, 5714, 5720, 5715, 5712, 5710, 5716, 5721, 5711, 5713, 5706, 5708, 5721, 5716, 5703, 5707, 5717, 5719, 5709, 5704, 5720, 5718, 5725, 5728, 5736, 5735, 5732, 5722, 5747, 5748, 5814, 5730, 5742, 5839, 5728, 5730, 5740, 5738, 5738, 5740, 5757, 5755, 5805, 5725, 5735, 5819, 5728, 5813, 5824, 5736, 5742, 5744, 5760, 5759, 5730, 5814, 5831, 5740, 5813, 5728, 5738, 5829, 5820, 5734, 5750, 5859, 5730, 5732, 5744, 5742, 5732, 5815, 5841, 5744, 5746, 5851, 5891, 5762, 5722, 5807, 5852, 5747, 5815, 5732, 5748, 5849, 5752, 5864, 5904, 5769, 5760, 5881, 5921, 5777, 5751, 5752, 5769, 5766, 5759, 5760, 5777, 5775, 5748, 5747, 5763, 5765, 5745, 5842, 5882, 5761, 5741, 5832, 5871, 5756, 5850, 5749, 5764, 5889, 5735, 5736, 5752, 5751, 5840, 5743, 5758, 5879, 5830, 5739, 5754, 5869, 5737, 5825, 5865, 5753, 5919, 5774, 5790, 5959, 5768, 5905, 5944, 5784, 5776, 5922, 5961, 5792, 5766, 5769, 5785, 5782, 5880, 5759, 5775, 5920, 5755, 5757, 5772, 5770, 5763, 5892, 5931, 5779, 5757, 5872, 5911, 5772, 5765, 5763, 5779, 5780, 5870, 5755, 5770, 5909, 5860, 5751, 5766, 5899, 5890, 5765, 5780, 5929, 5945, 5939, 5782, 5785, 5951, 5949, 5786, 5788, 5962, 5960, 5791, 5793, 5971, 5969, 5796, 5795, 5770, 5772, 5788, 5786, 5778, 5932, 5972, 5794, 5773, 5912, 5952, 5789, 5780, 5779, 5795, 5796, 5910, 5771, 5787, 5950, 5900, 5767, 5783, 5940, 5930, 5781, 5797, 5970, 5775, 5777, 5793, 5791, 5723, 5733, 5804, 5798, 5733, 5731, 5803, 5804, 5729, 5726, 5800, 5802, 5727, 5806, 5979, 5801, 5808, 5724, 5799, 5980, 5731, 5729, 5802, 5803, 5811, 5821, 5826, 5816, 5818, 5856, 5854, 5809, 5814, 5839, 5844, 5817, 5816, 5834, 5837, 5817, 5833, 5873, 5876, 5836, 5805, 5819, 5821, 5811, 5816, 5826, 5824, 5813, 5843, 5883, 5886, 5846, 5817, 5837, 5831, 5814, 5813, 5829, 5834, 5816, 5820, 5859, 5861, 5822, 5817, 5844, 5847, 5818, 5818, 5847, 5841, 5815, 5853, 5893, 5891, 5851, 5809, 5854, 5852, 5807, 5815, 5849, 5856, 5818, 5866, 5906, 5904, 5864, 5887, 5926, 5921, 5881, 5863, 5902, 5906, 5866, 5885, 5924, 5926, 5887, 5857, 5896, 5894, 5855, 5848, 5888, 5882, 5842, 5838, 5877, 5871, 5832, 5850, 5889, 5897, 5858, 5823, 5862, 5867, 5827, 5840, 5879, 5884, 5845, 5830, 5869, 5874, 5835, 5828, 5868, 5865, 5825, 5919, 5959, 5963, 5923, 5907, 5946, 5944, 5905, 5927, 5966, 5961, 5922, 5901, 5941, 5947, 5908, 5880, 5920, 5924, 5885, 5875, 5913, 5916, 5878, 5895, 5933, 5931, 5892, 5878, 5916, 5911, 5872, 5898, 5936, 5933, 5895, 5870, 5909, 5913, 5875, 5860, 5899, 5902, 5863, 5890, 5929, 5936, 5898, 5945, 5948, 5942, 5939, 5951, 5956, 5953, 5949, 5962, 5967, 5964, 5960, 5971, 5973, 5976, 5969, 5914, 5954, 5957, 5917, 5934, 5974, 5972, 5932, 5918, 5958, 5952, 5912, 5937, 5977, 5975, 5935, 5910, 5950, 5955, 5915, 5900, 5940, 5943, 5903, 5930, 5970, 5978, 5938, 5925, 5965, 5968, 5928, 5809, 5981, 5987, 5818, 5818, 5987, 5986, 5817, 5816, 5985, 5983, 5811, 5812, 5984, 5979, 5806, 5808, 5980, 5982, 5810, 5817, 5986, 5985, 5816, 5988, 5990, 6027, 6023, 5989, 5991, 6032, 6028, 5992, 5993, 6035, 6033, 5993, 5994, 6038, 6035, 5995, 5996, 6042, 6039, 5997, 5988, 6023, 6043, 5993, 6006, 6008, 5994, 5989, 6002, 6005, 5991, 5995, 6009, 6012, 5996, 5988, 5998, 6001, 5990, 5992, 6003, 6006, 5993, 5997, 6011, 5998, 5988, 5999, 6012, 6021, 6013, 6009, 6019, 6021, 6012, 6007, 6004, 6016, 6018, 6010, 6007, 6018, 6020, 6005, 6002, 6015, 6017, 6002, 6000, 6014, 6015, 6068, 6023, 6027, 6070, 6069, 6028, 6032, 6072, 6071, 6033, 6035, 6073, 6073, 6035, 6038, 6076, 6074, 6039, 6042, 6077, 6078, 6043, 6023, 6068, 6034, 6036, 6055, 6052, 6024, 6029, 6051, 6048, 6037, 6040, 6058, 6056, 6022, 6025, 6047, 6044, 6031, 6034, 6052, 6050, 6041, 6022, 6044, 6057, 6045, 6059, 6067, 6058, 6056, 6058, 6067, 6066, 6053, 6064, 6063, 6051, 6056, 6066, 6065, 6054, 6051, 6063, 6061, 6048, 6049, 6062, 6060, 6046, 6088, 6078, 6068, 6089, 6086, 6075, 6079, 6087, 6084, 6073, 6076, 6085, 6083, 6071, 6073, 6084, 6081, 6069, 6072, 6082, 6089, 6068, 6070, 6080, 6022, 6089, 6080, 6025, 6026, 6081, 6082, 6030, 6031, 6083, 6084, 6034, 6034, 6084, 6085, 6036, 6037, 6086, 6087, 6040, 6041, 6088, 6089, 6022, 6154, 6148, 6139, 6151, 6098, 6155, 6150, 6097, 6090, 6141, 6144, 6093, 6094, 6099, 6096, 6091, 6095, 6145, 6147, 6153, 6156, 6100, 6102, 6103, 6107, 6106, 6105, 6108, 6112, 6110, 6110, 6112, 6117, 6114, 6115, 6118, 6122, 6120, 6120, 6122, 6127, 6124, 6125, 6128, 6133, 6130, 6109, 6104, 6138, 6132, 6129, 6123, 6119, 6113, 6130, 6133, 6137, 6134, 6135, 6138, 6104, 6101, 6102, 6106, 6111, 6116, 6121, 6126, 6131, 6136, 6139, 6148, 6146, 6142, 6154, 6151, 6149, 6157, 6097, 6150, 6152, 6140, 6143, 6092]
            uniform token subdivisionScheme = "none"
            uniform token subsetFamily:materialBind:familyType = "nonOverlapping"
            custom string userProperties:blender:data_name = "Cube.034"

            def GeomSubset "Bricks" (
                prepend apiSchemas = ["MaterialBindingAPI"]
            )
            {
                uniform token elementType = "face"
                uniform token familyName = "materialBind"
                int[] indices = [0, 1, 2, 3, 4, 5, 6, 7, 8, 9, 10, 11, 12, 13, 14, 15, 16, 17, 18, 19, 20, 21, 22, 23, 24, 25, 26, 27, 28, 29, 30, 31, 32, 33, 34, 35, 36, 37, 38, 39, 40, 41, 42, 43, 44, 45, 46, 47, 48, 49, 50, 51, 52, 53, 54, 55, 56, 57, 58, 59, 60, 61, 62, 63, 64, 65, 66, 67, 68, 69, 70, 71, 72, 73, 74, 75, 76, 77, 78, 79, 80, 81, 82, 83, 84, 85, 86, 87, 88, 89, 90, 91, 92, 93, 94, 95, 96, 97, 98, 99, 100, 101, 102, 103, 104, 105, 106, 107, 108, 109, 110, 111, 112, 113, 114, 115, 116, 117, 118, 119, 120, 121, 122, 123, 124, 125, 126, 127, 128, 129, 130, 131, 132, 133, 134, 135, 136, 137, 138, 139, 140, 141, 142, 143, 144, 145, 146, 147, 148, 149, 150, 151, 152, 153, 154, 155, 156, 157, 158, 159, 160, 161, 162, 163, 164, 165, 166, 167, 168, 169, 170, 171, 172, 173, 174, 175, 176, 177, 178, 1970, 1971, 1972, 1973, 1974, 1975, 1976, 1977, 1978, 1979, 1980, 1981, 1982, 1983, 1984, 1985, 1986, 1987, 1988, 1989, 1990, 1991, 1992, 1993, 1994, 1995, 1996, 1997, 1998, 1999, 2000, 2001, 2002, 2003, 2004, 2005, 2006, 2007, 2008, 2009, 2010, 2011, 2012, 2013, 2014, 2015, 2016, 2017]
                rel material:binding = </root/_materials/Bricks>
            }

            def GeomSubset "Light" (
                prepend apiSchemas = ["MaterialBindingAPI"]
            )
            {
                uniform token elementType = "face"
                uniform token familyName = "materialBind"
                int[] indices = [179, 180, 181, 182, 183, 184, 185, 186, 187, 188, 189, 190, 191, 192, 193, 194, 195, 196, 197, 198, 199, 200, 201, 202, 203, 204, 205, 206, 207, 208, 209, 210, 211, 212, 213, 215, 216, 217, 218, 219, 220, 221, 1070, 1071, 1072, 1073, 1074, 1075, 1076, 1077, 1078, 1079, 1080, 1081, 1082, 1083, 1084, 1085, 1086, 1087, 1088, 1089, 1090, 1091, 1092, 1093, 1094, 1095, 1096, 1097, 1098, 1099, 1100, 1101, 1102, 1103, 1104, 1105, 1106, 1107, 1108, 1109, 1110, 1111, 1112, 1113, 1114, 1115, 1116, 1117, 1118, 1119, 1120, 1121, 1122, 1123, 1124, 1125, 1126, 1127, 1128, 1129, 1130, 1131, 1132, 1133, 1134, 1135, 1136, 1137, 1138, 1139, 1140, 1141, 1142, 1143, 1144, 1145, 1146, 1147, 1148, 1149, 1150, 1151, 1152, 1153, 1154, 1155, 1156, 1157, 1158, 1159, 1160, 1161, 1162, 1163, 1164, 1165, 1166, 1167, 1168, 1169, 1170, 1171, 1172, 1173, 1174, 1175, 1176, 1177, 1178, 1179, 1180, 1181, 1182, 1183, 1184, 1185, 1186, 1187, 1188, 1189, 1190, 1191, 1192, 1193, 1194, 1195, 1196, 1197, 1198, 1199, 1200, 1201, 1202, 1203, 1204, 1205, 1206, 1207, 1208, 1209, 1210, 1211, 1212, 1213, 1214, 1215, 1216, 1217, 1218, 1219, 1220, 1221, 1222, 1223, 1224, 1225, 1226, 1227, 1228, 1229, 1230, 1231, 1232, 1233, 1234, 1235, 1236, 1237, 1238, 1239, 1240, 1241, 1242, 1243, 1244, 1245, 1246, 1247, 1248, 1249, 1250, 1251, 1252, 1253, 1254, 1255, 1256, 1257, 1258, 1259, 1260, 1261, 1262, 1263, 1264, 1265, 1266, 1267, 1268, 1269, 1270, 1271, 1272, 1273, 1274, 1275, 1276, 1277, 1278, 1279, 1280, 1281, 1282, 1283, 1284, 1285, 1286, 1287, 1288, 1289, 1290, 1291, 1292, 1293, 1294, 1295, 1296, 1297, 1298, 1299, 1300, 1301, 1302, 1303, 1304, 1305, 1306, 1307, 1308, 1309, 1310, 1311, 1312, 1313, 1314, 1315, 1316, 1317, 1318, 1319, 1320, 1321, 1322, 1323, 1324, 1325, 1326, 1327, 1328, 1329, 1330, 1331, 1332, 1333, 1334, 1335, 1336, 1337, 1338, 1339, 1340, 1341, 1342, 1343, 1344, 1345, 1346, 1347, 1348, 1349, 1350, 1351, 1352, 1353, 1354, 1355, 1356, 1357, 1358, 1359, 1360, 1361, 1362, 1363, 1364, 1365, 1366, 1367, 1368, 1369, 1370, 1371, 1372, 1373, 1374, 1375, 1376, 1377, 1378, 1379, 1380, 1381, 1382, 1383, 1384, 1385, 1386, 1387, 1388, 1389, 1390, 1391, 1392, 1393, 1394, 1395, 1396, 1397, 1398, 1399, 1400, 1401, 1402, 1403, 1404, 1405, 1406, 1407, 1408, 1409, 1410, 1411, 1412, 1413, 1414, 1415, 1416, 1417, 1418, 1419, 1420, 1421, 1422, 1423, 1424, 1425, 1426, 1427, 1428, 1429, 1430, 1431, 1432, 1433, 1434, 1435, 1436, 1437, 1438, 1439, 1440, 1441, 1442, 1443, 1444, 1445, 1446, 1447, 1448, 1449, 1450, 1451, 1452, 1453, 1454, 1455, 1456, 1457, 1458, 1459, 1460, 1461, 1462, 1463, 1464, 1465, 1466, 1467, 1468, 1469, 1470, 1471, 1472, 1473, 1474, 1475, 1476, 1477, 1478, 1479, 1480, 1481, 1482, 1483, 1484, 1485, 1486, 1487, 1488, 1489, 1490, 1491, 1492, 1493, 1494, 1495, 1496, 1497, 1498, 1499, 1500, 1501, 1502, 1503, 1504, 1505, 1506, 1507, 1508, 1509, 1510, 1511, 1512, 1513, 1514, 1515, 1516, 1517, 1518, 1519, 1520, 1521, 1522, 1523, 1524, 1525, 1526, 1527, 1528, 1529, 1530, 1531, 1532, 1533, 1534, 1535, 1536, 1537, 1538, 1539, 1540, 1541, 1542, 1543, 1544, 1545, 1546, 1547, 1548, 1549, 1550, 1551, 1552, 1553, 1554, 1555, 1556, 1557, 1558, 1559, 1560, 1561, 1562, 1563, 1564, 1565, 1566, 1567, 1568, 1569, 1570, 1571, 1572, 1573, 1574, 1575, 1576, 1577, 1578, 1579, 1580, 1581, 1582, 1583, 1584, 1585, 1586, 1587, 1588, 1589, 1590, 1591, 1592, 1593, 1594, 1595, 1596, 1597, 1598, 1599, 1600, 1601, 1602, 1603, 1604, 1605, 1606, 1607, 1608, 1609, 1610, 1611, 1612, 1613, 1614, 1615, 1616, 1617, 1618, 1619, 1620, 1621, 1622, 1623, 1624, 1625, 1626, 1627, 1628, 1629, 1630, 1631, 1632, 1633, 1634, 1635, 1636, 1637, 1638, 1639, 1640, 1641, 1642, 1643, 1644, 1645, 1646, 1647, 1648, 1649, 1650, 1651, 1652, 1653, 1654, 1655, 1656, 1657, 1658, 1659, 1660, 1661, 1662, 1663, 1664, 1665, 1666, 1667, 1668, 1669, 1670, 1671, 1672, 1673, 1674, 1675, 1676, 1677, 1678, 1679, 1680, 1681, 1682, 1683, 1684, 1685, 1686, 1687, 1688, 1689, 1690, 1691, 1692, 1693, 1694, 1695, 1696, 1697, 1698, 1699, 1700, 1701, 1702, 1703, 1704, 1705, 1706, 1707, 1708, 1709, 1710, 1711, 1712, 1713, 1714, 1715, 1716, 1717, 1718, 1719, 1720, 1721, 1722, 1723, 1724, 1725, 1726, 1727, 1728, 1729, 1730, 1731, 1732, 1733, 1734, 1735, 1736, 1737, 1738, 1739, 1740, 1741, 1742, 1743, 1744, 1745, 1746, 1747, 1748, 1749, 1750, 1751, 1752, 1753, 1754, 1755, 1756, 1757, 1758, 1759, 1760, 1761, 1762, 1763, 1764, 1765, 1766, 1767, 1768, 1769, 1770, 1771, 1772, 1773, 1774, 1775, 1776, 1777, 1778, 1779, 1780, 1781, 1782, 1783, 1784, 1785, 1786, 1787, 1788, 1789, 1790, 1791, 1792, 1793, 1794, 1795, 1796, 1797, 1798, 1799, 1800, 1801, 1802, 1803, 1804, 1805, 1806, 1807, 1808, 1809, 1810, 1811, 1812, 1813, 1814, 1815, 1816, 1817, 1818, 1819, 1820, 1821, 1822, 1823, 1824, 1825, 1826, 1827, 1828, 1829, 1830, 1831, 1832, 1833, 1834, 1835, 1836, 1837, 1838, 1839, 1840, 1841, 1842, 1843, 1844, 1845, 1846, 1847, 1848, 1849, 1850, 1851, 1852, 1853]
                rel material:binding = </root/_materials/Light>
            }

            def GeomSubset "Main" (
                prepend apiSchemas = ["MaterialBindingAPI"]
            )
            {
                uniform token elementType = "face"
                uniform token familyName = "materialBind"
                int[] indices = [732, 733, 734, 735, 736, 737, 738, 739, 740, 741, 742, 743, 744, 746, 747, 748, 749, 750, 751, 752, 753, 754, 755, 756, 757, 758, 759, 760, 761, 762, 763, 765, 766, 767, 768, 769]
                rel material:binding = </root/_materials/Main>
            }

            def GeomSubset "Dark" (
                prepend apiSchemas = ["MaterialBindingAPI"]
            )
            {
                uniform token elementType = "face"
                uniform token familyName = "materialBind"
                int[] indices = [214, 242, 243, 244, 245, 246, 247, 248, 249, 250, 251, 252, 253, 254, 255, 256, 257, 258, 259, 260, 261, 262, 263, 264, 265, 266, 267, 268, 269, 270, 271, 272, 273, 274, 275, 276, 277, 278, 279, 280, 281, 282, 283, 284, 285, 286, 287, 288, 289, 290, 291, 292, 293, 294, 295, 296, 297, 298, 299, 300, 301, 302, 303, 304, 305, 306, 307, 308, 309, 310, 311, 312, 313, 314, 315, 316, 317, 318, 319, 320, 321, 322, 323, 324, 325, 326, 327, 328, 329, 330, 331, 332, 333, 334, 335, 336, 337, 338, 339, 340, 341, 342, 343, 344, 345, 346, 347, 348, 349, 350, 351, 352, 353, 354, 355, 356, 357, 358, 359, 360, 361, 362, 363, 364, 365, 366, 367, 368, 369, 370, 371, 372, 373, 374, 375, 376, 377, 378, 379, 380, 381, 382, 383, 384, 385, 386, 387, 388, 389, 390, 391, 392, 393, 394, 395, 396, 397, 398, 399, 400, 401, 402, 403, 404, 405, 406, 407, 408, 409, 410, 411, 412, 413, 414, 415, 416, 417, 418, 419, 420, 421, 422, 423, 424, 425, 426, 427, 428, 429, 430, 431, 432, 433, 434, 435, 436, 437, 438, 439, 440, 441, 442, 443, 444, 445, 446, 447, 448, 449, 450, 451, 452, 453, 454, 455, 456, 457, 458, 459, 460, 461, 462, 463, 464, 465, 466, 467, 468, 469, 470, 471, 472, 473, 474, 475, 476, 477, 478, 479, 480, 481, 482, 483, 484, 485, 486, 487, 488, 489, 490, 491, 492, 493, 494, 495, 496, 497, 498, 499, 500, 501, 502, 503, 504, 505, 506, 507, 508, 509, 510, 511, 512, 513, 514, 515, 516, 517, 518, 519, 520, 521, 522, 523, 524, 525, 526, 527, 528, 529, 530, 531, 532, 533, 534, 535, 536, 537, 538, 539, 540, 541, 542, 543, 544, 545, 546, 547, 548, 549, 550, 551, 552, 553, 554, 555, 556, 557, 558, 559, 560, 561, 562, 563, 564, 565, 566, 567, 568, 569, 570, 571, 572, 573, 574, 575, 576, 577, 578, 579, 580, 581, 582, 583, 584, 585, 586, 587, 588, 589, 590, 591, 592, 593, 594, 595, 596, 597, 598, 599, 600, 601, 602, 603, 604, 605, 606, 607, 608, 609, 610, 611, 612, 613, 614, 615, 616, 617, 618, 619, 620, 621, 622, 623, 624, 625, 626, 627, 628, 629, 630, 631, 632, 633, 634, 635, 636, 637, 638, 639, 640, 641, 642, 643, 644, 645, 646, 647, 648, 649, 650, 651, 652, 653, 654, 655, 656, 657, 658, 659, 660, 661, 662, 663, 664, 665, 666, 667, 668, 669, 670, 671, 672, 673, 674, 675, 676, 677, 678, 679, 680, 681, 682, 683, 684, 685, 686, 687, 688, 689, 690, 691, 692, 693, 694, 695, 696, 697, 698, 699, 700, 701, 702, 703, 704, 705, 706, 707, 708]
                rel material:binding = </root/_materials/Dark>
            }

            def GeomSubset "White" (
                prepend apiSchemas = ["MaterialBindingAPI"]
            )
            {
                uniform token elementType = "face"
                uniform token familyName = "materialBind"
                int[] indices = [222, 223, 224, 225, 226, 227, 228, 229, 230, 231, 232, 233, 234, 235, 236, 237, 238, 239, 240, 241, 2018, 2019, 2020, 2021, 2022, 2033, 2034, 2035]
                rel material:binding = </root/_materials/White>
            }

            def GeomSubset "Wood" (
                prepend apiSchemas = ["MaterialBindingAPI"]
            )
            {
                uniform token elementType = "face"
                uniform token familyName = "materialBind"
                int[] indices = [709, 710, 711, 712, 713, 714, 715, 716, 717, 718, 719, 720, 721, 722, 723, 724, 725, 726, 727, 728, 729, 730, 731, 745, 764, 770, 771, 772, 773, 774, 775, 776, 777, 780, 781, 782, 783, 784, 785, 787, 789, 790, 791, 792, 793, 794, 795, 796, 797, 798, 799, 800, 801, 802, 803, 804, 805, 806, 807, 808, 809, 810, 811, 812, 813, 814, 815, 816, 817, 818, 819, 820, 821, 822, 823, 824, 825, 826, 827, 828, 829, 830, 831, 832, 833, 834, 835, 836, 837, 838, 839, 840, 841, 842, 843, 844, 845, 846, 847, 848, 849, 850, 851, 852, 853, 854, 855, 856, 857, 858, 859, 860, 861, 862, 863, 864, 865, 866, 867, 868, 869, 870, 871, 872, 873, 874, 875, 876, 877, 878, 879, 880, 881, 882, 883, 884, 885, 886, 887, 888, 889, 890, 891, 892, 893, 894, 895, 896, 897, 901, 902, 903, 904, 905, 906, 907, 908, 909, 910, 911, 912, 913, 914, 918, 919, 920, 921, 922, 923, 924, 925, 926, 927, 930, 931, 932, 933, 934, 935, 937, 939, 940, 941, 942, 943, 944, 945, 946, 947, 948, 949, 950, 951, 952, 953, 954, 955, 956, 957, 958, 959, 960, 961, 962, 963, 964, 965, 966, 967, 968, 969, 970, 971, 972, 973, 974, 975, 976, 977, 978, 979, 980, 981, 982, 983, 984, 985, 986, 987, 988, 989, 990, 991, 992, 993, 994, 995, 996, 997, 998, 999, 1000, 1001, 1002, 1003, 1004, 1005, 1006, 1007, 1008, 1009, 1010, 1011, 1012, 1013, 1014, 1015, 1016, 1017, 1018, 1019, 1020, 1021, 1022, 1023, 1024, 1025, 1026, 1027, 1028, 1029, 1030, 1031, 1032, 1033, 1034, 1035, 1036, 1037, 1038, 1039, 1040, 1041, 1042, 1043, 1044, 1045, 1046, 1047, 1051, 1052, 1053, 1054, 1055, 1056, 1057, 1058, 1059, 1060, 1061, 1062, 1063, 1064, 1068, 1069]
                rel material:binding = </root/_materials/Wood>
            }

            def GeomSubset "DarkWood" (
                prepend apiSchemas = ["MaterialBindingAPI"]
            )
            {
                uniform token elementType = "face"
                uniform token familyName = "materialBind"
                int[] indices = [1854, 1855, 1856, 1857, 1858, 1859, 1860, 1861, 1862, 1863, 1864, 1865, 1866, 1867, 1868, 1869, 1870, 1871, 1872, 1873, 1874, 1875, 1876, 1877, 1878, 1879, 1880, 1881, 1882, 1883, 1884, 1885, 1886, 1887, 1888, 1889, 1890, 1891, 1892, 1893, 1894, 1895, 1896, 1897, 1898, 1899, 1900, 1901, 1902, 1903, 1904, 1905, 1906, 1907, 1908, 1909, 1910, 1911, 1912, 1913, 1914, 1915, 1916, 1917, 1918, 1919, 1920, 1921, 1922, 1923, 1924, 1925, 1926, 1927, 1928, 1929, 1930, 1931, 1932, 1933, 1934, 1935, 1936, 1937, 1938, 1939, 1940, 1941, 1942, 1943, 1944, 1945, 1946, 1947, 1948, 1949, 1950, 1951, 1952, 1953, 1954, 1955, 1956, 1957, 1958, 1959, 1960, 1961, 1962, 1963, 1964, 1965, 1966, 1967, 1968, 1969]
                rel material:binding = </root/_materials/DarkWood>
            }

            def GeomSubset "Glass" (
                prepend apiSchemas = ["MaterialBindingAPI"]
            )
            {
                uniform token elementType = "face"
                uniform token familyName = "materialBind"
                int[] indices = [778, 779, 786, 788, 898, 899, 900, 915, 916, 917, 928, 929, 936, 938, 1048, 1049, 1050, 1065, 1066, 1067]
                rel material:binding = </root/_materials/Glass>
            }

            def GeomSubset "Black" (
                prepend apiSchemas = ["MaterialBindingAPI"]
            )
            {
                uniform token elementType = "face"
                uniform token familyName = "materialBind"
                int[] indices = [2023, 2024, 2025, 2026, 2027, 2028, 2029, 2030, 2031, 2032]
                rel material:binding = </root/_materials/Black>
            }
        }
    }

    def Scope "_materials"
    {
        def Material "Bricks"
        {
            token outputs:surface.connect = </root/_materials/Bricks/Principled_BSDF.outputs:surface>
            custom string userProperties:blender:data_name = "Bricks"

            def Shader "Principled_BSDF"
            {
                uniform token info:id = "UsdPreviewSurface"
                float inputs:clearcoat = 0
                float inputs:clearcoatRoughness = 0.03
                color3f inputs:diffuseColor = (0.16513221, 0.30946895, 0.26225066)
                float inputs:ior = 1.5
                float inputs:metallic = 0
                float inputs:opacity = 1
                float inputs:roughness = 0.6900348
                float inputs:specular = 0.5
                token outputs:surface
            }
        }

        def Material "Light"
        {
            token outputs:surface.connect = </root/_materials/Light/Principled_BSDF.outputs:surface>
            custom string userProperties:blender:data_name = "Light"

            def Shader "Principled_BSDF"
            {
                uniform token info:id = "UsdPreviewSurface"
                float inputs:clearcoat = 0
                float inputs:clearcoatRoughness = 0.03
                color3f inputs:diffuseColor = (0.33716366, 0.37626213, 0.21586052)
                float inputs:ior = 1.5
                float inputs:metallic = 0
                float inputs:opacity = 1
                float inputs:roughness = 0.6900348
                float inputs:specular = 0.5
                token outputs:surface
            }
        }

        def Material "Main"
        {
            token outputs:surface.connect = </root/_materials/Main/Principled_BSDF.outputs:surface>
            custom string userProperties:blender:data_name = "Main"

            def Shader "Principled_BSDF"
            {
                uniform token info:id = "UsdPreviewSurface"
                float inputs:clearcoat = 0
                float inputs:clearcoatRoughness = 0.03
                color3f inputs:diffuseColor = (0.115046464, 0.21402867, 0.17980532)
                float inputs:ior = 1.5
                float inputs:metallic = 0
                float inputs:opacity = 1
                float inputs:roughness = 0.6900348
                float inputs:specular = 0.5
                token outputs:surface
            }
        }

        def Material "Dark"
        {
            token outputs:surface.connect = </root/_materials/Dark/Principled_BSDF.outputs:surface>
            custom string userProperties:blender:data_name = "Dark"

            def Shader "Principled_BSDF"
            {
                uniform token info:id = "UsdPreviewSurface"
                float inputs:clearcoat = 0
                float inputs:clearcoatRoughness = 0.03
                color3f inputs:diffuseColor = (0.06847818, 0.114435375, 0.11193244)
                float inputs:ior = 1.5
                float inputs:metallic = 0
                float inputs:opacity = 1
                float inputs:roughness = 0.6900348
                float inputs:specular = 0.5
                token outputs:surface
            }
        }

        def Material "White"
        {
            token outputs:surface.connect = </root/_materials/White/Principled_BSDF.outputs:surface>
            custom string userProperties:blender:data_name = "White"

            def Shader "Principled_BSDF"
            {
                uniform token info:id = "UsdPreviewSurface"
                float inputs:clearcoat = 0
                float inputs:clearcoatRoughness = 0.03
                color3f inputs:diffuseColor = (0.5840785, 0.5840785, 0.5840785)
                float inputs:ior = 1.5
                float inputs:metallic = 0
                float inputs:opacity = 1
                float inputs:roughness = 0.6900348
                float inputs:specular = 0.5
                token outputs:surface
            }
        }

        def Material "Wood"
        {
            token outputs:surface.connect = </root/_materials/Wood/Principled_BSDF.outputs:surface>
            custom string userProperties:blender:data_name = "Wood"

            def Shader "Principled_BSDF"
            {
                uniform token info:id = "UsdPreviewSurface"
                float inputs:clearcoat = 0
                float inputs:clearcoatRoughness = 0.03
                color3f inputs:diffuseColor = (0.23839758, 0.08650047, 0.04666509)
                float inputs:ior = 1.5
                float inputs:metallic = 0
                float inputs:opacity = 1
                float inputs:roughness = 0.6900348
                float inputs:specular = 0.5
                token outputs:surface
            }
        }

        def Material "DarkWood"
        {
            token outputs:surface.connect = </root/_materials/DarkWood/Principled_BSDF.outputs:surface>
            custom string userProperties:blender:data_name = "DarkWood"

            def Shader "Principled_BSDF"
            {
                uniform token info:id = "UsdPreviewSurface"
                float inputs:clearcoat = 0
                float inputs:clearcoatRoughness = 0.03
                color3f inputs:diffuseColor = (0.13286835, 0.061246056, 0.029556844)
                float inputs:ior = 1.5
                float inputs:metallic = 0
                float inputs:opacity = 1
                float inputs:roughness = 0.6900348
                float inputs:specular = 0.5
                token outputs:surface
            }
        }

        def Material "Glass"
        {
            token outputs:surface.connect = </root/_materials/Glass/Principled_BSDF.outputs:surface>
            custom string userProperties:blender:data_name = "Glass"

            def Shader "Principled_BSDF"
            {
                uniform token info:id = "UsdPreviewSurface"
                float inputs:clearcoat = 0
                float inputs:clearcoatRoughness = 0.03
                color3f inputs:diffuseColor = (0.17464742, 0.25415215, 0.3277781)
                float inputs:ior = 1.5
                float inputs:metallic = 0
                float inputs:opacity = 1
                float inputs:roughness = 0.6900348
                float inputs:specular = 0.5
                token outputs:surface
            }
        }

        def Material "Black"
        {
            token outputs:surface.connect = </root/_materials/Black/Principled_BSDF.outputs:surface>
            custom string userProperties:blender:data_name = "Black"

            def Shader "Principled_BSDF"
            {
                uniform token info:id = "UsdPreviewSurface"
                float inputs:clearcoat = 0
                float inputs:clearcoatRoughness = 0.03
                color3f inputs:diffuseColor = (0.06662594, 0.06662594, 0.06662594)
                float inputs:ior = 1.5
                float inputs:metallic = 0
                float inputs:opacity = 1
                float inputs:roughness = 0.6900348
                float inputs:specular = 0.5
                token outputs:surface
            }
        }
    }
}

