#usda 1.0
(
    defaultPrim = "root"
    doc = "Blender v5.1.2"
    metersPerUnit = 1
    upAxis = "Y"
)

def Xform "root" (
    customData = {
        dictionary Blender = {
            bool generated = 1
        }
    }
)
{
    float3 xformOp:rotateXYZ = (-90, -0, 0)
    uniform token[] xformOpOrder = ["xformOp:rotateXYZ"]

    def Xform "Farm_SecondAge_Level3"
    {
        custom string userProperties:blender:object_name = "Farm_SecondAge_Level3"

        def Mesh "Cube_046" (
            active = true
            prepend apiSchemas = ["MaterialBindingAPI"]
        )
        {
            uniform bool doubleSided = 1
            float3[] extent = [(-0.93690354, -0.9633793, -0.021247573), (0.97472864, 1.0133007, 1.8153955)]
            int[] faceVertexCounts = [4, 4, 4, 4, 4, 4, 4, 4, 4, 4, 4, 4, 4, 4, 4, 4, 4, 4, 4, 4, 4, 4, 4, 4, 4, 4, 4, 4, 4, 4, 4, 4, 4, 4, 4, 4, 4, 4, 4, 4, 4, 4, 4, 4, 4, 4, 4, 4, 4, 4, 4, 4, 4, 4, 4, 4, 4, 4, 4, 4, 4, 4, 4, 4, 4, 4, 4, 4, 4, 4, 4, 4, 4, 4, 4, 4, 4, 4, 4, 4, 4, 4, 4, 4, 4, 4, 4, 4, 4, 4, 4, 4, 4, 4, 4, 4, 4, 4, 4, 4, 4, 4, 4, 4, 4, 4, 4, 4, 4, 4, 4, 4, 4, 4, 4, 4, 4, 4, 4, 4, 4, 4, 4, 4, 4, 4, 4, 4, 4, 4, 4, 4, 4, 4, 4, 4, 4, 4, 4, 4, 4, 4, 4, 4, 4, 4, 4, 4, 4, 4, 4, 4, 4, 4, 4, 4, 4, 4, 4, 4, 4, 4, 4, 4, 4, 4, 4, 4, 4, 4, 4, 4, 4, 4, 4, 4, 4, 4, 4, 4, 4, 4, 4, 4, 4, 4, 4, 4, 4, 4, 4, 4, 4, 4, 4, 4, 4, 4, 4, 4, 4, 4, 4, 4, 4, 4, 4, 4, 4, 4, 4, 4, 4, 4, 4, 4, 4, 4, 4, 4, 4, 4, 4, 4, 4, 4, 4, 4, 4, 4, 4, 4, 4, 4, 4, 4, 4, 4, 4, 4, 4, 4, 4, 4, 4, 4, 4, 4, 4, 4, 4, 4, 4, 4, 4, 4, 4, 4, 4, 4, 4, 4, 4, 4, 4, 4, 4, 4, 4, 4, 4, 4, 4, 4, 4, 4, 4, 4, 4, 4, 4, 4, 4, 4, 4, 4, 4, 4, 4, 4, 4, 4, 4, 4, 4, 4, 4, 4, 4, 4, 4, 4, 4, 4, 4, 4, 4, 4, 4, 4, 4, 4, 4, 4, 4, 4, 4, 4, 4, 4, 4, 4, 4, 4, 4, 4, 4, 4, 4, 4, 4, 4, 4, 4, 4, 4, 4, 4, 4, 4, 4, 4, 4, 4, 4, 4, 4, 4, 4, 4, 4, 4, 4, 4, 4, 4, 4, 4, 4, 4, 4, 4, 4, 4, 4, 4, 4, 4, 4, 4, 4, 4, 4, 4, 4, 4, 4, 4, 4, 4, 4, 4, 4, 4, 4, 4, 4, 4, 4, 4, 4, 4, 4, 4, 4, 4, 4, 4, 4, 4, 4, 4, 4, 4, 4, 4, 4, 4, 4, 4, 4, 4, 4, 4, 4, 4, 4, 4, 4, 4, 4, 4, 4, 4, 4, 4, 4, 4, 4, 4, 4, 4, 4, 4, 4, 4, 4, 4, 4, 4, 4, 4, 4, 4, 4, 4, 4, 4, 4, 4, 4, 4, 4, 4, 4, 4, 4, 4, 4, 4, 4, 4, 4, 4, 4, 4, 4, 4, 4, 4, 4, 4, 4, 4, 4, 4, 4, 4, 4, 4, 4, 4, 4, 4, 4, 4, 4, 4, 4, 4, 4, 4, 4, 4, 4, 4, 4, 4, 4, 4, 4, 4, 4, 4, 4, 4, 4, 4, 4, 4, 4, 4, 4, 4, 4, 4, 4, 4, 4, 4, 4, 4, 4, 4, 4, 4, 4, 4, 4, 4, 4, 4, 4, 4, 4, 4, 4, 4, 4, 4, 4, 4, 4, 4, 4, 4, 4, 4, 4, 4, 4, 4, 4, 4, 4, 4, 4, 4, 4, 4, 4, 4, 4, 4, 4, 4, 4, 4, 4, 4, 4, 4, 4, 4, 4, 4, 4, 4, 4, 4, 4, 4, 4, 4, 4, 4, 4, 4, 4, 4, 4, 4, 4, 4, 4, 4, 4, 4, 4, 4, 4, 4, 4, 4, 4, 4, 4, 4, 4, 4, 4, 4, 4, 4, 4, 4, 4, 4, 4, 4, 4, 4, 4, 4, 4, 4, 4, 4, 4, 4, 4, 4, 4, 4, 4, 4, 4, 4, 4, 4, 4, 4, 4, 4, 4, 4, 4, 4, 4, 4, 4, 4, 4, 4, 4, 4, 4, 4, 4, 4, 4, 4, 4, 4, 4, 4, 4, 4, 4, 4, 4, 4, 4, 4, 4, 4, 4, 4, 4, 4, 4, 4, 4, 4, 4, 4, 4, 4, 4, 4, 4, 4, 4, 4, 4, 4, 4, 4, 4, 4, 4, 4, 4, 4, 4, 4, 4, 4, 4, 4, 4, 4, 4, 4, 4, 4, 4, 4, 4, 4, 4, 4, 4, 4, 4, 4, 4, 4, 4, 4, 4, 4, 4, 4, 4, 4, 4, 4, 4, 4, 4, 4, 4, 4, 4, 4, 4, 4, 4, 4, 4, 4, 4, 4, 4, 4, 4, 4, 4, 4, 4, 4, 4, 4, 4, 4, 4, 4, 4, 4, 4, 4, 4, 4, 4, 4, 4, 4, 4, 4, 4, 4, 4, 4, 4, 4, 4, 4, 4, 4, 4, 4, 4, 4, 4, 4, 4, 4, 4, 4, 4, 4, 4, 4, 4, 4, 4, 4, 4, 4, 4, 4, 4, 4, 4, 4, 4, 4, 4, 4, 4, 4, 4, 4, 4, 4, 4, 4, 4, 4, 4, 4, 4, 4, 4, 4, 4, 4, 4, 4, 4, 4, 4, 4, 4, 4, 4, 4, 4, 4, 4, 4, 4, 4, 4, 4, 4, 4, 4, 4, 4, 4, 4, 4, 4, 4, 4, 4, 4, 4, 4, 4, 4, 4, 4, 4, 4, 4, 4, 4, 4, 4, 4, 4, 4, 4, 4, 4, 4, 4, 4, 4, 4, 4, 4, 4, 4, 4, 4, 4, 4, 4, 4, 4, 4, 4, 4, 4, 4, 4, 4, 4, 4, 4, 4, 4, 4, 4, 4, 4, 4, 4, 4, 4, 4, 4, 4, 4, 4, 4, 4, 4, 4, 4, 4, 4, 4, 4, 4, 4, 4, 4, 4, 4, 4, 4, 4, 4, 4, 4, 4, 4, 4, 4, 4, 4, 4, 4, 4, 4, 4, 4, 4, 4, 4, 4, 4, 4, 4, 4, 4, 4, 4, 4, 4, 4, 4, 4, 4, 4, 4, 4, 4, 4, 4, 4, 4, 4, 4, 4, 4, 4, 4, 4, 4, 4, 4, 4, 4, 4, 4, 4, 4, 4, 4, 4, 4, 4, 4, 4, 4, 4, 4, 4, 4, 4, 4, 4, 4, 4, 4, 4, 4, 4, 4, 4, 4, 4, 4, 4, 4, 4, 4, 4, 4, 4, 4, 4, 4, 4, 4, 4, 4, 4, 4, 4, 4, 4, 4, 4, 4, 4, 4, 4, 4, 4, 4, 4, 4, 4, 4, 4, 4, 4, 4, 4, 4, 4, 4, 4, 4, 4, 4, 4, 4, 4, 4, 4, 4, 4, 4, 4, 4, 4, 4, 4, 4, 4, 4, 4, 4, 4, 4, 4, 4, 4, 4, 4, 4, 4, 4, 4, 4, 4, 4, 4, 4, 4, 4, 4, 4, 4, 4, 4, 4, 4, 4, 4, 4, 4, 4, 4, 4, 4, 4, 4, 4, 4, 4, 4, 4, 4, 4, 4, 4, 4, 4, 4, 4, 4, 4, 4, 4, 4, 4, 4, 4, 4, 4, 4, 4, 4, 4, 4, 4, 4, 4, 4, 4, 4, 4, 4, 4, 4, 4, 4, 4, 4, 4, 4, 4, 4, 4, 4, 4, 4, 4, 4, 4, 4, 4, 4, 4, 4, 4, 4, 4, 4, 4, 4, 4, 4, 4, 4, 4, 4, 4, 4, 4, 4, 4, 4, 4, 4, 4, 4, 4, 4, 4, 4, 4, 4, 4, 4, 4, 4, 4, 4, 4, 4, 4, 4, 4, 4, 4, 4, 4, 4, 4, 4, 4, 4, 4, 4, 4, 4, 4, 4, 4, 4, 4, 4, 4, 4, 4, 4, 4, 4, 4, 4, 4, 4, 4, 4, 4, 4, 4, 4, 4, 4, 4, 4, 4, 4, 4, 4, 4, 4, 4, 4, 4, 4, 4, 4, 4, 4, 4, 4, 4, 4, 4, 4, 4, 4, 4, 4, 4, 4, 4, 4, 4, 4, 4, 4, 4, 4, 4, 4, 4, 4, 4, 4, 4, 4, 4, 4, 4, 4, 4, 4, 4, 4, 4, 4, 4, 4, 4, 4, 4, 4, 4, 4, 4, 4, 4, 4, 4, 4, 4, 4, 4, 4, 4, 4, 4, 4, 4, 4, 4, 4, 4, 4, 4, 4, 4, 4, 4, 4, 4, 4, 4, 4, 4, 4, 4, 4, 4, 4, 4, 4, 4, 4, 4, 4, 4, 4, 4, 4, 4, 4, 4, 4, 4, 4, 4, 4, 4, 4, 4, 4, 4, 4, 4, 4, 4, 4, 4, 4, 4, 4, 4, 4, 4, 4, 4, 4, 4, 4, 4, 4, 4, 4, 4, 4, 4, 4, 4, 4, 4, 4, 4, 4, 4, 4, 4, 4, 4, 4, 4, 4, 4, 4, 4, 4, 4, 4, 4, 4, 4, 4, 4, 4, 4, 4, 4, 4, 4, 4, 4, 4, 4, 4, 4, 4, 4, 4, 4, 4, 4, 4, 4, 4, 4, 4, 4, 4, 4, 4, 4, 4, 4, 4, 4, 4, 4, 4, 4, 4, 4, 4, 4, 4, 4, 4, 4, 4, 4, 4, 4, 4, 4, 4, 4, 4, 4, 4, 4, 4, 4, 4, 4, 4, 4, 4, 4, 4, 4, 4, 4, 4, 4, 4, 4, 4, 4, 4, 4, 4, 4, 4, 4, 4, 4, 4, 4, 4, 4, 4, 4, 4, 4, 4, 4, 4, 4, 4, 4, 4, 4, 4, 4, 4, 4, 4, 4, 4, 4, 4, 4, 4, 4, 4, 4, 4, 4, 4, 4, 4, 4, 4, 4, 4, 4, 4, 4, 4, 4, 4, 4, 4, 4, 4, 4, 4, 4, 4, 4, 4, 4, 4, 4, 4, 4, 4, 4, 4, 4, 4, 4, 4, 4, 4, 4, 4, 4, 4, 4, 4, 4, 4, 4, 4, 4, 4, 4, 4, 4, 4, 4, 4, 4, 4, 4, 4, 4, 4, 4, 4, 4, 4, 4, 4, 4, 4, 4, 4, 4, 4, 4, 4, 4, 4, 4, 4, 4, 4, 4, 4, 4, 4, 4, 4, 4, 4, 4, 4, 4, 4, 4, 4, 4, 4, 4, 4, 4, 4, 4, 4, 4, 4, 4, 4, 4, 4, 4, 4, 4, 4, 4, 4, 4, 4, 4, 4, 4, 4, 4, 4, 4, 4, 4, 4, 4, 4, 4, 4, 4, 4, 4, 4, 4, 4, 4, 4, 4, 4, 4, 4, 4, 4, 4, 4, 4, 4, 4, 4, 4, 4, 4, 4, 4, 4, 4, 4, 4, 4, 4, 4, 4, 4, 4, 4, 4, 4, 4, 4, 4, 4, 4, 4, 4, 4, 4, 4, 4, 4, 4, 4, 4, 4, 4, 4, 4, 4, 4, 4, 4, 4, 4, 4, 4, 4, 4, 4, 4, 4, 4, 4, 4, 4, 4, 4, 4, 4, 4, 4, 4, 4, 4, 4, 4, 4, 4, 4, 4, 4, 4, 4, 4, 4, 4, 4, 4, 4, 4, 4, 4, 4, 4, 4, 4, 4, 4, 4, 4, 4, 4, 4, 4, 4, 4, 4, 4, 4, 4, 4, 4, 4, 4, 4, 4, 4, 4, 4, 4, 4, 4, 4, 4, 4, 4, 4, 4, 4, 4, 4, 4, 4, 4, 4, 4, 4, 4, 4, 4, 4, 4, 4, 4, 4, 4, 4, 4, 4, 4, 4, 4, 4, 4, 4, 4, 4, 4, 4, 4, 4, 4, 4, 4, 4, 4, 4, 4, 4, 4, 4, 4, 4, 4, 4, 4, 4, 4, 4, 4, 4, 4, 4, 4, 4, 4, 4, 4, 4, 4, 4, 4, 4, 4, 4, 4, 4, 4, 4, 4, 4, 4, 4, 4, 4, 4, 4, 4, 4, 4, 4, 4, 4, 4, 4, 4, 4, 4, 4, 4, 4, 4, 4, 4, 4, 4, 4, 4, 4, 4, 4, 4, 4, 4, 4, 4, 4, 4, 4, 4, 4, 4, 4, 4, 4, 4, 4, 4, 4, 4, 4, 4, 4, 4, 4, 4, 4, 4, 4, 4, 4, 4, 4, 4, 4, 4, 4, 4, 4, 4, 4, 4, 4, 4, 4, 4, 4, 4, 4, 4, 4, 4, 4, 4, 4, 4, 4, 4, 4, 4, 4, 4, 4, 4, 4, 4, 4, 4, 4, 4, 4, 4, 4, 4, 4, 4, 4, 4, 4, 4, 4, 4, 4, 4, 4, 4, 4, 4, 4, 4, 4, 4, 4, 4, 4, 4, 4, 4, 4, 4, 4, 4, 4, 4, 4, 4, 4, 4, 4, 4, 4, 4, 4, 4, 4, 4, 4, 4, 4, 4, 4, 4, 4, 4, 4, 4, 4, 4, 4, 4, 4, 4, 4, 4, 4, 4, 4, 4, 4, 4, 4, 4, 4, 4, 4, 4, 4, 4, 4, 4, 4, 4, 4, 4, 4, 4, 4, 4, 4, 4, 4, 4, 4, 4, 4, 4]
            int[] faceVertexIndices = [10, 20, 21, 11, 16, 2, 4, 18, 3, 17, 19, 6, 20, 10, 12, 22, 11, 21, 23, 14, 0, 2, 3, 1, 5, 7, 6, 4, 1, 3, 6, 7, 2, 0, 5, 4, 4, 6, 19, 18, 8, 10, 11, 9, 13, 15, 14, 12, 9, 11, 14, 15, 10, 8, 13, 12, 12, 14, 23, 22, 2, 16, 17, 3, 27, 25, 29, 30, 26, 27, 30, 31, 25, 24, 28, 29, 24, 26, 31, 28, 28, 31, 30, 29, 48, 50, 36, 34, 32, 33, 35, 34, 37, 36, 38, 39, 33, 39, 38, 35, 34, 36, 37, 32, 52, 54, 44, 42, 40, 41, 43, 42, 45, 44, 46, 47, 41, 47, 46, 43, 42, 44, 45, 40, 34, 35, 49, 48, 36, 50, 51, 38, 35, 38, 51, 49, 42, 43, 53, 52, 44, 54, 55, 46, 43, 46, 55, 53, 56, 58, 59, 57, 59, 62, 61, 57, 58, 63, 62, 59, 57, 61, 60, 56, 56, 60, 63, 58, 60, 61, 62, 63, 82, 92, 93, 83, 88, 74, 76, 90, 75, 89, 91, 78, 92, 82, 84, 94, 83, 93, 95, 86, 67, 70, 69, 65, 66, 71, 70, 67, 65, 69, 68, 64, 64, 68, 71, 66, 68, 69, 70, 71, 72, 74, 75, 73, 77, 79, 78, 76, 73, 75, 78, 79, 74, 72, 77, 76, 76, 78, 91, 90, 80, 82, 83, 81, 85, 87, 86, 84, 81, 83, 86, 87, 82, 80, 85, 84, 84, 86, 95, 94, 74, 88, 89, 75, 99, 97, 101, 102, 98, 99, 102, 103, 97, 96, 100, 101, 96, 98, 103, 100, 100, 103, 102, 101, 120, 122, 108, 106, 104, 105, 107, 106, 109, 108, 110, 111, 105, 111, 110, 107, 106, 108, 109, 104, 124, 126, 116, 114, 112, 113, 115, 114, 117, 116, 118, 119, 113, 119, 118, 115, 114, 116, 117, 112, 106, 107, 121, 120, 108, 122, 123, 110, 107, 110, 123, 121, 114, 115, 125, 124, 116, 126, 127, 118, 115, 118, 127, 125, 128, 130, 131, 129, 131, 134, 133, 129, 130, 135, 134, 131, 129, 133, 132, 128, 128, 132, 135, 130, 132, 133, 134, 135, 136, 224, 422, 225, 136, 225, 423, 226, 136, 226, 425, 227, 136, 227, 424, 224, 137, 245, 436, 249, 137, 249, 434, 229, 137, 229, 429, 230, 137, 230, 428, 245, 138, 231, 428, 230, 138, 230, 429, 232, 138, 232, 427, 233, 138, 233, 426, 231, 139, 238, 432, 241, 139, 241, 433, 235, 139, 235, 423, 225, 139, 225, 422, 238, 140, 240, 431, 237, 140, 237, 425, 226, 140, 226, 423, 235, 140, 235, 433, 240, 141, 256, 440, 252, 141, 252, 431, 240, 141, 240, 433, 239, 141, 239, 439, 256, 142, 253, 441, 255, 142, 255, 439, 239, 142, 239, 433, 241, 142, 241, 432, 253, 143, 228, 424, 227, 143, 227, 425, 237, 143, 237, 431, 242, 143, 242, 430, 228, 144, 234, 426, 233, 144, 233, 427, 246, 144, 246, 437, 247, 144, 247, 435, 234, 145, 232, 429, 229, 145, 229, 434, 248, 145, 248, 437, 246, 145, 246, 427, 232, 146, 266, 448, 270, 146, 270, 446, 243, 146, 243, 434, 249, 146, 249, 436, 266, 147, 236, 430, 242, 147, 242, 431, 252, 147, 252, 440, 254, 147, 254, 438, 236, 148, 258, 443, 262, 148, 262, 445, 251, 148, 251, 439, 255, 148, 255, 441, 258, 149, 261, 442, 257, 149, 257, 440, 256, 149, 256, 439, 251, 149, 251, 445, 261, 150, 269, 446, 264, 150, 264, 442, 261, 150, 261, 445, 260, 150, 260, 449, 269, 151, 265, 447, 268, 151, 268, 449, 260, 151, 260, 445, 262, 151, 262, 443, 265, 152, 250, 438, 254, 152, 254, 440, 257, 152, 257, 442, 263, 152, 263, 444, 250, 153, 244, 435, 247, 153, 247, 437, 267, 153, 267, 449, 268, 153, 268, 447, 244, 154, 248, 434, 243, 154, 243, 446, 269, 154, 269, 449, 267, 154, 267, 437, 248, 155, 259, 444, 263, 155, 263, 442, 264, 155, 264, 446, 270, 155, 270, 448, 259, 156, 271, 450, 272, 156, 272, 451, 273, 156, 273, 453, 274, 156, 274, 452, 271, 157, 287, 460, 291, 157, 291, 458, 276, 157, 276, 457, 277, 157, 277, 456, 287, 158, 278, 456, 277, 158, 277, 457, 279, 158, 279, 455, 280, 158, 280, 454, 278, 159, 282, 451, 272, 159, 272, 450, 284, 160, 283, 453, 273, 160, 273, 451, 282, 161, 275, 452, 274, 161, 274, 453, 283, 283, 294, 169, 161, 162, 281, 454, 280, 162, 280, 455, 288, 162, 288, 461, 289, 162, 289, 459, 281, 163, 279, 457, 276, 163, 276, 458, 290, 163, 290, 461, 288, 163, 288, 455, 279, 164, 303, 468, 307, 164, 307, 466, 285, 164, 285, 458, 291, 164, 291, 460, 303, 165, 295, 463, 299, 165, 299, 465, 293, 165, 159, 284, 295, 283, 160, 166, 294, 166, 298, 462, 294, 293, 166, 160, 282, 166, 293, 465, 298, 167, 306, 466, 301, 167, 301, 462, 298, 167, 298, 465, 297, 167, 297, 469, 306, 168, 302, 467, 305, 168, 305, 469, 297, 168, 297, 465, 299, 168, 299, 463, 302, 293, 282, 159, 165, 161, 169, 292, 275, 169, 294, 462, 300, 169, 300, 464, 292, 170, 286, 459, 289, 170, 289, 461, 304, 170, 304, 469, 305, 170, 305, 467, 286, 171, 290, 458, 285, 171, 285, 466, 306, 171, 306, 469, 304, 171, 304, 461, 290, 172, 296, 464, 300, 172, 300, 462, 301, 172, 301, 466, 307, 172, 307, 468, 296, 173, 308, 470, 309, 173, 309, 471, 310, 173, 310, 473, 311, 173, 311, 472, 308, 174, 329, 484, 333, 174, 333, 482, 313, 174, 313, 477, 314, 174, 314, 476, 329, 175, 315, 476, 314, 175, 314, 477, 316, 175, 316, 475, 317, 175, 317, 474, 315, 176, 322, 480, 325, 176, 325, 481, 319, 176, 319, 471, 309, 176, 309, 470, 322, 177, 324, 479, 321, 177, 321, 473, 310, 177, 310, 471, 319, 177, 319, 481, 324, 178, 340, 488, 336, 178, 336, 479, 324, 178, 324, 481, 323, 178, 323, 487, 340, 179, 337, 489, 339, 179, 339, 487, 323, 179, 323, 481, 325, 179, 325, 480, 337, 180, 312, 472, 311, 180, 311, 473, 321, 180, 321, 479, 326, 180, 326, 478, 312, 181, 318, 474, 317, 181, 317, 475, 330, 181, 330, 485, 331, 181, 331, 483, 318, 182, 316, 477, 313, 182, 313, 482, 332, 182, 332, 485, 330, 182, 330, 475, 316, 183, 350, 496, 354, 183, 354, 494, 327, 183, 327, 482, 333, 183, 333, 484, 350, 184, 320, 478, 326, 184, 326, 479, 336, 184, 336, 488, 338, 184, 338, 486, 320, 185, 342, 491, 346, 185, 346, 493, 335, 185, 335, 487, 339, 185, 339, 489, 342, 186, 345, 490, 341, 186, 341, 488, 340, 186, 340, 487, 335, 186, 335, 493, 345, 187, 353, 494, 348, 187, 348, 490, 345, 187, 345, 493, 344, 187, 344, 497, 353, 188, 349, 495, 352, 188, 352, 497, 344, 188, 344, 493, 346, 188, 346, 491, 349, 189, 334, 486, 338, 189, 338, 488, 341, 189, 341, 490, 347, 189, 347, 492, 334, 190, 328, 483, 331, 190, 331, 485, 351, 190, 351, 497, 352, 190, 352, 495, 328, 191, 332, 482, 327, 191, 327, 494, 353, 191, 353, 497, 351, 191, 351, 485, 332, 192, 343, 492, 347, 192, 347, 490, 348, 192, 348, 494, 354, 192, 354, 496, 343, 193, 355, 498, 356, 193, 356, 499, 357, 193, 357, 501, 358, 193, 358, 500, 355, 194, 371, 508, 375, 194, 375, 506, 360, 194, 360, 505, 361, 194, 361, 504, 371, 195, 362, 504, 361, 195, 361, 505, 363, 195, 363, 503, 364, 195, 364, 502, 362, 198, 206, 376, 359, 367, 378, 206, 198, 196, 366, 499, 356, 196, 356, 498, 368, 377, 366, 196, 203, 197, 367, 501, 357, 197, 357, 499, 366, 203, 196, 368, 379, 377, 202, 197, 366, 198, 359, 500, 358, 198, 358, 501, 367, 199, 365, 502, 364, 199, 364, 503, 372, 199, 372, 509, 373, 199, 373, 507, 365, 200, 363, 505, 360, 200, 360, 506, 374, 200, 374, 509, 372, 200, 372, 503, 363, 201, 380, 512, 384, 201, 384, 510, 369, 201, 369, 506, 375, 201, 375, 508, 380, 202, 383, 510, 378, 202, 377, 513, 383, 203, 379, 511, 382, 203, 382, 513, 377, 204, 370, 507, 373, 204, 373, 509, 381, 204, 381, 513, 382, 204, 382, 511, 370, 205, 374, 506, 369, 205, 369, 510, 383, 205, 383, 513, 381, 205, 381, 509, 374, 206, 378, 510, 384, 206, 384, 512, 376, 207, 385, 514, 386, 207, 386, 515, 387, 207, 387, 517, 388, 207, 388, 516, 385, 405, 416, 221, 215, 208, 390, 521, 391, 208, 391, 520, 404, 209, 392, 520, 391, 209, 391, 521, 393, 209, 393, 519, 394, 209, 394, 518, 392, 210, 399, 524, 402, 210, 402, 525, 396, 210, 396, 515, 386, 210, 386, 514, 399, 211, 401, 523, 398, 211, 398, 517, 387, 211, 387, 515, 396, 211, 396, 525, 401, 212, 412, 528, 408, 212, 408, 523, 401, 212, 401, 525, 400, 212, 400, 527, 412, 213, 409, 529, 411, 213, 411, 527, 400, 213, 400, 525, 402, 213, 402, 524, 409, 214, 389, 516, 388, 214, 388, 517, 398, 214, 398, 523, 403, 214, 403, 522, 389, 215, 395, 518, 394, 215, 394, 519, 405, 216, 393, 521, 390, 216, 405, 519, 393, 217, 397, 522, 403, 217, 403, 523, 408, 217, 408, 528, 410, 217, 410, 526, 397, 218, 414, 531, 418, 218, 418, 533, 407, 218, 407, 527, 411, 218, 411, 529, 414, 219, 417, 530, 413, 219, 413, 528, 412, 219, 412, 527, 407, 219, 407, 533, 417, 405, 216, 220, 416, 220, 420, 530, 417, 220, 417, 533, 416, 420, 390, 208, 223, 420, 220, 216, 390, 215, 221, 421, 395, 221, 416, 533, 418, 221, 418, 531, 421, 222, 406, 526, 410, 222, 410, 528, 413, 222, 413, 530, 419, 222, 419, 532, 406, 223, 415, 532, 419, 223, 419, 530, 420, 223, 208, 404, 415, 367, 197, 202, 378, 548, 537, 536, 549, 549, 536, 534, 547, 546, 535, 537, 548, 547, 534, 535, 546, 560, 561, 541, 540, 540, 541, 539, 538, 561, 559, 539, 541, 538, 539, 559, 558, 568, 569, 545, 544, 567, 543, 545, 569, 543, 542, 544, 545, 566, 542, 543, 567, 542, 566, 568, 544, 535, 534, 536, 537, 548, 549, 552, 553, 549, 547, 550, 552, 546, 548, 553, 551, 547, 546, 551, 550, 560, 556, 557, 561, 556, 554, 555, 557, 561, 557, 555, 559, 554, 558, 559, 555, 568, 564, 565, 569, 567, 569, 565, 563, 563, 565, 564, 562, 566, 567, 563, 562, 562, 564, 568, 566, 551, 553, 552, 550, 606, 654, 656, 607, 608, 609, 660, 658, 571, 573, 572, 570, 606, 608, 658, 654, 607, 609, 573, 571, 575, 574, 576, 577, 579, 581, 580, 578, 577, 581, 579, 575, 575, 579, 578, 574, 574, 578, 580, 576, 576, 580, 581, 577, 583, 582, 672, 673, 585, 677, 676, 584, 673, 677, 585, 583, 583, 585, 584, 582, 582, 584, 676, 672, 679, 586, 587, 681, 683, 685, 589, 588, 679, 683, 588, 586, 587, 589, 685, 681, 591, 590, 592, 593, 595, 597, 596, 594, 593, 597, 595, 591, 591, 595, 594, 590, 590, 594, 596, 592, 592, 596, 597, 593, 599, 695, 694, 598, 602, 642, 644, 603, 604, 605, 648, 646, 602, 604, 646, 642, 644, 648, 605, 603, 656, 660, 609, 607, 570, 572, 608, 606, 572, 573, 609, 608, 570, 606, 607, 571, 650, 651, 708, 706, 652, 710, 712, 653, 611, 610, 612, 613, 650, 706, 710, 652, 651, 611, 613, 653, 615, 617, 616, 614, 619, 618, 620, 621, 617, 615, 619, 621, 615, 614, 618, 619, 614, 616, 620, 618, 616, 617, 621, 620, 723, 725, 623, 622, 727, 624, 625, 729, 723, 622, 624, 727, 623, 725, 729, 625, 627, 629, 628, 626, 631, 630, 632, 633, 629, 627, 631, 633, 627, 626, 630, 631, 626, 628, 632, 630, 628, 629, 633, 632, 635, 637, 636, 634, 639, 638, 640, 641, 635, 634, 638, 639, 636, 637, 641, 640, 643, 645, 644, 642, 647, 646, 648, 649, 643, 642, 646, 647, 644, 645, 649, 648, 708, 651, 653, 712, 610, 650, 652, 612, 612, 652, 653, 613, 610, 611, 651, 650, 702, 703, 656, 654, 704, 658, 660, 705, 657, 655, 659, 661, 702, 654, 658, 704, 703, 657, 661, 705, 663, 665, 664, 662, 667, 666, 668, 669, 665, 663, 667, 669, 663, 662, 666, 667, 662, 664, 668, 666, 664, 665, 669, 668, 671, 673, 672, 670, 675, 674, 676, 677, 673, 671, 675, 677, 671, 670, 674, 675, 670, 672, 676, 674, 679, 681, 680, 678, 683, 682, 684, 685, 679, 678, 682, 683, 680, 681, 685, 684, 687, 689, 688, 686, 691, 690, 692, 693, 689, 687, 691, 693, 687, 686, 690, 691, 686, 688, 692, 690, 688, 689, 693, 692, 600, 696, 697, 601, 598, 694, 696, 600, 601, 697, 695, 599, 698, 699, 748, 746, 700, 750, 752, 701, 698, 746, 750, 700, 748, 699, 701, 752, 656, 703, 705, 660, 655, 702, 704, 659, 659, 704, 705, 661, 655, 657, 703, 702, 754, 706, 708, 755, 756, 757, 712, 710, 709, 713, 711, 707, 754, 756, 710, 706, 755, 757, 713, 709, 715, 714, 716, 717, 719, 721, 720, 718, 717, 721, 719, 715, 715, 719, 718, 714, 714, 718, 720, 716, 716, 720, 721, 717, 723, 722, 724, 725, 727, 729, 728, 726, 723, 727, 726, 722, 724, 728, 729, 725, 731, 730, 732, 733, 735, 737, 736, 734, 733, 737, 735, 731, 731, 735, 734, 730, 730, 734, 736, 732, 732, 736, 737, 733, 739, 738, 740, 741, 743, 745, 744, 742, 739, 743, 742, 738, 740, 744, 745, 741, 747, 746, 748, 749, 751, 753, 752, 750, 747, 751, 750, 746, 748, 752, 753, 749, 708, 712, 757, 755, 707, 711, 756, 754, 711, 713, 757, 756, 707, 754, 755, 709, 766, 758, 760, 767, 768, 769, 764, 762, 761, 765, 763, 759, 766, 768, 762, 758, 758, 762, 764, 760, 767, 769, 765, 761, 760, 764, 769, 767, 759, 763, 768, 766, 763, 765, 769, 768, 759, 766, 767, 761, 771, 770, 772, 773, 775, 777, 776, 774, 773, 777, 775, 771, 771, 775, 774, 770, 770, 774, 776, 772, 772, 776, 777, 773, 778, 779, 793, 791, 780, 795, 797, 781, 779, 781, 797, 793, 778, 780, 781, 779, 791, 795, 780, 778, 783, 785, 784, 782, 787, 786, 788, 789, 785, 783, 787, 789, 783, 782, 786, 787, 782, 784, 788, 786, 784, 785, 789, 788, 790, 791, 793, 792, 794, 796, 797, 795, 792, 793, 797, 796, 790, 792, 796, 794, 791, 790, 794, 795, 637, 741, 745, 641, 639, 743, 739, 635, 635, 739, 741, 637, 641, 745, 743, 639, 803, 805, 801, 800, 805, 803, 804, 807, 807, 804, 802, 806, 798, 799, 806, 802, 813, 815, 811, 810, 815, 813, 814, 817, 817, 814, 812, 816, 808, 809, 816, 812, 823, 825, 821, 820, 825, 823, 824, 827, 827, 824, 822, 826, 818, 819, 826, 822, 833, 835, 831, 830, 835, 833, 834, 837, 837, 834, 832, 836, 828, 829, 836, 832, 843, 845, 841, 840, 845, 843, 844, 847, 847, 844, 842, 846, 838, 839, 846, 842, 853, 850, 851, 855, 855, 857, 854, 853, 857, 856, 852, 854, 848, 852, 856, 849, 863, 860, 861, 865, 865, 867, 864, 863, 867, 866, 862, 864, 858, 862, 866, 859, 873, 870, 871, 875, 875, 877, 874, 873, 877, 876, 872, 874, 868, 872, 876, 869, 883, 880, 881, 885, 885, 887, 884, 883, 887, 886, 882, 884, 878, 882, 886, 879, 893, 890, 891, 895, 895, 897, 894, 893, 897, 896, 892, 894, 888, 892, 896, 889, 903, 905, 901, 900, 905, 903, 904, 907, 907, 904, 902, 906, 898, 899, 906, 902, 913, 915, 911, 910, 915, 913, 914, 917, 917, 914, 912, 916, 908, 909, 916, 912, 923, 925, 921, 920, 925, 923, 924, 927, 927, 924, 922, 926, 918, 919, 926, 922, 933, 935, 931, 930, 935, 933, 934, 937, 937, 934, 932, 936, 928, 929, 936, 932, 943, 945, 941, 940, 945, 943, 944, 947, 947, 944, 942, 946, 938, 939, 946, 942, 953, 950, 951, 955, 955, 957, 954, 953, 957, 956, 952, 954, 948, 952, 956, 949, 963, 960, 961, 965, 965, 967, 964, 963, 967, 966, 962, 964, 958, 962, 966, 959, 973, 970, 971, 975, 975, 977, 974, 973, 977, 976, 972, 974, 968, 972, 976, 969, 983, 980, 981, 985, 985, 987, 984, 983, 987, 986, 982, 984, 978, 982, 986, 979, 993, 990, 991, 995, 995, 997, 994, 993, 997, 996, 992, 994, 988, 992, 996, 989, 1003, 1005, 1001, 1000, 1005, 1003, 1004, 1007, 1007, 1004, 1002, 1006, 998, 999, 1006, 1002, 1013, 1015, 1011, 1010, 1015, 1013, 1014, 1017, 1017, 1014, 1012, 1016, 1008, 1009, 1016, 1012, 1023, 1025, 1021, 1020, 1025, 1023, 1024, 1027, 1027, 1024, 1022, 1026, 1018, 1019, 1026, 1022, 1033, 1035, 1031, 1030, 1035, 1033, 1034, 1037, 1037, 1034, 1032, 1036, 1028, 1029, 1036, 1032, 1043, 1045, 1041, 1040, 1045, 1043, 1044, 1047, 1047, 1044, 1042, 1046, 1038, 1039, 1046, 1042, 1053, 1050, 1051, 1055, 1055, 1057, 1054, 1053, 1057, 1056, 1052, 1054, 1048, 1052, 1056, 1049, 1063, 1060, 1061, 1065, 1065, 1067, 1064, 1063, 1067, 1066, 1062, 1064, 1058, 1062, 1066, 1059, 1073, 1070, 1071, 1075, 1075, 1077, 1074, 1073, 1077, 1076, 1072, 1074, 1068, 1072, 1076, 1069, 1083, 1080, 1081, 1085, 1085, 1087, 1084, 1083, 1087, 1086, 1082, 1084, 1078, 1082, 1086, 1079, 1093, 1090, 1091, 1095, 1095, 1097, 1094, 1093, 1097, 1096, 1092, 1094, 1088, 1092, 1096, 1089, 1103, 1105, 1101, 1100, 1105, 1103, 1104, 1107, 1107, 1104, 1102, 1106, 1098, 1099, 1106, 1102, 1113, 1115, 1111, 1110, 1115, 1113, 1114, 1117, 1117, 1114, 1112, 1116, 1108, 1109, 1116, 1112, 1123, 1125, 1121, 1120, 1125, 1123, 1124, 1127, 1127, 1124, 1122, 1126, 1118, 1119, 1126, 1122, 1133, 1135, 1131, 1130, 1135, 1133, 1134, 1137, 1137, 1134, 1132, 1136, 1128, 1129, 1136, 1132, 1143, 1145, 1141, 1140, 1145, 1143, 1144, 1147, 1147, 1144, 1142, 1146, 1138, 1139, 1146, 1142, 1153, 1150, 1151, 1155, 1155, 1157, 1154, 1153, 1157, 1156, 1152, 1154, 1148, 1152, 1156, 1149, 1163, 1160, 1161, 1165, 1165, 1167, 1164, 1163, 1167, 1166, 1162, 1164, 1158, 1162, 1166, 1159, 1173, 1170, 1171, 1175, 1175, 1177, 1174, 1173, 1177, 1176, 1172, 1174, 1168, 1172, 1176, 1169, 1183, 1180, 1181, 1185, 1185, 1187, 1184, 1183, 1187, 1186, 1182, 1184, 1178, 1182, 1186, 1179, 1193, 1190, 1191, 1195, 1195, 1197, 1194, 1193, 1197, 1196, 1192, 1194, 1188, 1192, 1196, 1189, 799, 798, 1198, 1199, 800, 801, 1201, 1200, 805, 807, 1207, 1205, 804, 803, 1203, 1204, 807, 806, 1206, 1207, 802, 804, 1204, 1202, 798, 802, 1202, 1198, 806, 799, 1199, 1206, 803, 800, 1200, 1203, 801, 805, 1205, 1201, 809, 808, 1208, 1209, 810, 811, 1211, 1210, 815, 817, 1217, 1215, 814, 813, 1213, 1214, 817, 816, 1216, 1217, 812, 814, 1214, 1212, 808, 812, 1212, 1208, 816, 809, 1209, 1216, 813, 810, 1210, 1213, 811, 815, 1215, 1211, 819, 818, 1218, 1219, 820, 821, 1221, 1220, 825, 827, 1227, 1225, 824, 823, 1223, 1224, 827, 826, 1226, 1227, 822, 824, 1224, 1222, 818, 822, 1222, 1218, 826, 819, 1219, 1226, 823, 820, 1220, 1223, 821, 825, 1225, 1221, 829, 828, 1228, 1229, 830, 831, 1231, 1230, 835, 837, 1237, 1235, 834, 833, 1233, 1234, 837, 836, 1236, 1237, 832, 834, 1234, 1232, 828, 832, 1232, 1228, 836, 829, 1229, 1236, 833, 830, 1230, 1233, 831, 835, 1235, 1231, 839, 838, 1238, 1239, 840, 841, 1241, 1240, 845, 847, 1247, 1245, 844, 843, 1243, 1244, 847, 846, 1246, 1247, 842, 844, 1244, 1242, 838, 842, 1242, 1238, 846, 839, 1239, 1246, 843, 840, 1240, 1243, 841, 845, 1245, 1241, 848, 849, 1249, 1248, 851, 850, 1250, 1251, 857, 855, 1255, 1257, 853, 854, 1254, 1253, 856, 857, 1257, 1256, 854, 852, 1252, 1254, 852, 848, 1248, 1252, 849, 856, 1256, 1249, 850, 853, 1253, 1250, 855, 851, 1251, 1255, 858, 859, 1259, 1258, 861, 860, 1260, 1261, 867, 865, 1265, 1267, 863, 864, 1264, 1263, 866, 867, 1267, 1266, 864, 862, 1262, 1264, 862, 858, 1258, 1262, 859, 866, 1266, 1259, 860, 863, 1263, 1260, 865, 861, 1261, 1265, 868, 869, 1269, 1268, 871, 870, 1270, 1271, 877, 875, 1275, 1277, 873, 874, 1274, 1273, 876, 877, 1277, 1276, 874, 872, 1272, 1274, 872, 868, 1268, 1272, 869, 876, 1276, 1269, 870, 873, 1273, 1270, 875, 871, 1271, 1275, 878, 879, 1279, 1278, 881, 880, 1280, 1281, 887, 885, 1285, 1287, 883, 884, 1284, 1283, 886, 887, 1287, 1286, 884, 882, 1282, 1284, 882, 878, 1278, 1282, 879, 886, 1286, 1279, 880, 883, 1283, 1280, 885, 881, 1281, 1285, 888, 889, 1289, 1288, 891, 890, 1290, 1291, 897, 895, 1295, 1297, 893, 894, 1294, 1293, 896, 897, 1297, 1296, 894, 892, 1292, 1294, 892, 888, 1288, 1292, 889, 896, 1296, 1289, 890, 893, 1293, 1290, 895, 891, 1291, 1295, 899, 898, 1298, 1299, 900, 901, 1301, 1300, 905, 907, 1307, 1305, 904, 903, 1303, 1304, 907, 906, 1306, 1307, 902, 904, 1304, 1302, 898, 902, 1302, 1298, 906, 899, 1299, 1306, 903, 900, 1300, 1303, 901, 905, 1305, 1301, 909, 908, 1308, 1309, 910, 911, 1311, 1310, 915, 917, 1317, 1315, 914, 913, 1313, 1314, 917, 916, 1316, 1317, 912, 914, 1314, 1312, 908, 912, 1312, 1308, 916, 909, 1309, 1316, 913, 910, 1310, 1313, 911, 915, 1315, 1311, 919, 918, 1318, 1319, 920, 921, 1321, 1320, 925, 927, 1327, 1325, 924, 923, 1323, 1324, 927, 926, 1326, 1327, 922, 924, 1324, 1322, 918, 922, 1322, 1318, 926, 919, 1319, 1326, 923, 920, 1320, 1323, 921, 925, 1325, 1321, 929, 928, 1328, 1329, 930, 931, 1331, 1330, 935, 937, 1337, 1335, 934, 933, 1333, 1334, 937, 936, 1336, 1337, 932, 934, 1334, 1332, 928, 932, 1332, 1328, 936, 929, 1329, 1336, 933, 930, 1330, 1333, 931, 935, 1335, 1331, 939, 938, 1338, 1339, 940, 941, 1341, 1340, 945, 947, 1347, 1345, 944, 943, 1343, 1344, 947, 946, 1346, 1347, 942, 944, 1344, 1342, 938, 942, 1342, 1338, 946, 939, 1339, 1346, 943, 940, 1340, 1343, 941, 945, 1345, 1341, 948, 949, 1349, 1348, 951, 950, 1350, 1351, 957, 955, 1355, 1357, 953, 954, 1354, 1353, 956, 957, 1357, 1356, 954, 952, 1352, 1354, 952, 948, 1348, 1352, 949, 956, 1356, 1349, 950, 953, 1353, 1350, 955, 951, 1351, 1355, 958, 959, 1359, 1358, 961, 960, 1360, 1361, 967, 965, 1365, 1367, 963, 964, 1364, 1363, 966, 967, 1367, 1366, 964, 962, 1362, 1364, 962, 958, 1358, 1362, 959, 966, 1366, 1359, 960, 963, 1363, 1360, 965, 961, 1361, 1365, 968, 969, 1369, 1368, 971, 970, 1370, 1371, 977, 975, 1375, 1377, 973, 974, 1374, 1373, 976, 977, 1377, 1376, 974, 972, 1372, 1374, 972, 968, 1368, 1372, 969, 976, 1376, 1369, 970, 973, 1373, 1370, 975, 971, 1371, 1375, 978, 979, 1379, 1378, 981, 980, 1380, 1381, 987, 985, 1385, 1387, 983, 984, 1384, 1383, 986, 987, 1387, 1386, 984, 982, 1382, 1384, 982, 978, 1378, 1382, 979, 986, 1386, 1379, 980, 983, 1383, 1380, 985, 981, 1381, 1385, 988, 989, 1389, 1388, 991, 990, 1390, 1391, 997, 995, 1395, 1397, 993, 994, 1394, 1393, 996, 997, 1397, 1396, 994, 992, 1392, 1394, 992, 988, 1388, 1392, 989, 996, 1396, 1389, 990, 993, 1393, 1390, 995, 991, 1391, 1395, 999, 998, 1398, 1399, 1000, 1001, 1401, 1400, 1005, 1007, 1407, 1405, 1004, 1003, 1403, 1404, 1007, 1006, 1406, 1407, 1002, 1004, 1404, 1402, 998, 1002, 1402, 1398, 1006, 999, 1399, 1406, 1003, 1000, 1400, 1403, 1001, 1005, 1405, 1401, 1009, 1008, 1408, 1409, 1010, 1011, 1411, 1410, 1015, 1017, 1417, 1415, 1014, 1013, 1413, 1414, 1017, 1016, 1416, 1417, 1012, 1014, 1414, 1412, 1008, 1012, 1412, 1408, 1016, 1009, 1409, 1416, 1013, 1010, 1410, 1413, 1011, 1015, 1415, 1411, 1019, 1018, 1418, 1419, 1020, 1021, 1421, 1420, 1025, 1027, 1427, 1425, 1024, 1023, 1423, 1424, 1027, 1026, 1426, 1427, 1022, 1024, 1424, 1422, 1018, 1022, 1422, 1418, 1026, 1019, 1419, 1426, 1023, 1020, 1420, 1423, 1021, 1025, 1425, 1421, 1029, 1028, 1428, 1429, 1030, 1031, 1431, 1430, 1035, 1037, 1437, 1435, 1034, 1033, 1433, 1434, 1037, 1036, 1436, 1437, 1032, 1034, 1434, 1432, 1028, 1032, 1432, 1428, 1036, 1029, 1429, 1436, 1033, 1030, 1430, 1433, 1031, 1035, 1435, 1431, 1039, 1038, 1438, 1439, 1040, 1041, 1441, 1440, 1045, 1047, 1447, 1445, 1044, 1043, 1443, 1444, 1047, 1046, 1446, 1447, 1042, 1044, 1444, 1442, 1038, 1042, 1442, 1438, 1046, 1039, 1439, 1446, 1043, 1040, 1440, 1443, 1041, 1045, 1445, 1441, 1048, 1049, 1449, 1448, 1051, 1050, 1450, 1451, 1057, 1055, 1455, 1457, 1053, 1054, 1454, 1453, 1056, 1057, 1457, 1456, 1054, 1052, 1452, 1454, 1052, 1048, 1448, 1452, 1049, 1056, 1456, 1449, 1050, 1053, 1453, 1450, 1055, 1051, 1451, 1455, 1058, 1059, 1459, 1458, 1061, 1060, 1460, 1461, 1067, 1065, 1465, 1467, 1063, 1064, 1464, 1463, 1066, 1067, 1467, 1466, 1064, 1062, 1462, 1464, 1062, 1058, 1458, 1462, 1059, 1066, 1466, 1459, 1060, 1063, 1463, 1460, 1065, 1061, 1461, 1465, 1068, 1069, 1469, 1468, 1071, 1070, 1470, 1471, 1077, 1075, 1475, 1477, 1073, 1074, 1474, 1473, 1076, 1077, 1477, 1476, 1074, 1072, 1472, 1474, 1072, 1068, 1468, 1472, 1069, 1076, 1476, 1469, 1070, 1073, 1473, 1470, 1075, 1071, 1471, 1475, 1078, 1079, 1479, 1478, 1081, 1080, 1480, 1481, 1087, 1085, 1485, 1487, 1083, 1084, 1484, 1483, 1086, 1087, 1487, 1486, 1084, 1082, 1482, 1484, 1082, 1078, 1478, 1482, 1079, 1086, 1486, 1479, 1080, 1083, 1483, 1480, 1085, 1081, 1481, 1485, 1088, 1089, 1489, 1488, 1091, 1090, 1490, 1491, 1097, 1095, 1495, 1497, 1093, 1094, 1494, 1493, 1096, 1097, 1497, 1496, 1094, 1092, 1492, 1494, 1092, 1088, 1488, 1492, 1089, 1096, 1496, 1489, 1090, 1093, 1493, 1490, 1095, 1091, 1491, 1495, 1099, 1098, 1498, 1499, 1100, 1101, 1501, 1500, 1105, 1107, 1507, 1505, 1104, 1103, 1503, 1504, 1107, 1106, 1506, 1507, 1102, 1104, 1504, 1502, 1098, 1102, 1502, 1498, 1106, 1099, 1499, 1506, 1103, 1100, 1500, 1503, 1101, 1105, 1505, 1501, 1109, 1108, 1508, 1509, 1110, 1111, 1511, 1510, 1115, 1117, 1517, 1515, 1114, 1113, 1513, 1514, 1117, 1116, 1516, 1517, 1112, 1114, 1514, 1512, 1108, 1112, 1512, 1508, 1116, 1109, 1509, 1516, 1113, 1110, 1510, 1513, 1111, 1115, 1515, 1511, 1119, 1118, 1518, 1519, 1120, 1121, 1521, 1520, 1125, 1127, 1527, 1525, 1124, 1123, 1523, 1524, 1127, 1126, 1526, 1527, 1122, 1124, 1524, 1522, 1118, 1122, 1522, 1518, 1126, 1119, 1519, 1526, 1123, 1120, 1520, 1523, 1121, 1125, 1525, 1521, 1129, 1128, 1528, 1529, 1130, 1131, 1531, 1530, 1135, 1137, 1537, 1535, 1134, 1133, 1533, 1534, 1137, 1136, 1536, 1537, 1132, 1134, 1534, 1532, 1128, 1132, 1532, 1528, 1136, 1129, 1529, 1536, 1133, 1130, 1530, 1533, 1131, 1135, 1535, 1531, 1139, 1138, 1538, 1539, 1140, 1141, 1541, 1540, 1145, 1147, 1547, 1545, 1144, 1143, 1543, 1544, 1147, 1146, 1546, 1547, 1142, 1144, 1544, 1542, 1138, 1142, 1542, 1538, 1146, 1139, 1539, 1546, 1143, 1140, 1540, 1543, 1141, 1145, 1545, 1541, 1148, 1149, 1549, 1548, 1151, 1150, 1550, 1551, 1157, 1155, 1555, 1557, 1153, 1154, 1554, 1553, 1156, 1157, 1557, 1556, 1154, 1152, 1552, 1554, 1152, 1148, 1548, 1552, 1149, 1156, 1556, 1549, 1150, 1153, 1553, 1550, 1155, 1151, 1551, 1555, 1158, 1159, 1559, 1558, 1161, 1160, 1560, 1561, 1167, 1165, 1565, 1567, 1163, 1164, 1564, 1563, 1166, 1167, 1567, 1566, 1164, 1162, 1562, 1564, 1162, 1158, 1558, 1562, 1159, 1166, 1566, 1559, 1160, 1163, 1563, 1560, 1165, 1161, 1561, 1565, 1168, 1169, 1569, 1568, 1171, 1170, 1570, 1571, 1177, 1175, 1575, 1577, 1173, 1174, 1574, 1573, 1176, 1177, 1577, 1576, 1174, 1172, 1572, 1574, 1172, 1168, 1568, 1572, 1169, 1176, 1576, 1569, 1170, 1173, 1573, 1570, 1175, 1171, 1571, 1575, 1178, 1179, 1579, 1578, 1181, 1180, 1580, 1581, 1187, 1185, 1585, 1587, 1183, 1184, 1584, 1583, 1186, 1187, 1587, 1586, 1184, 1182, 1582, 1584, 1182, 1178, 1578, 1582, 1179, 1186, 1586, 1579, 1180, 1183, 1583, 1580, 1185, 1181, 1581, 1585, 1188, 1189, 1589, 1588, 1191, 1190, 1590, 1591, 1197, 1195, 1595, 1597, 1193, 1194, 1594, 1593, 1196, 1197, 1597, 1596, 1194, 1192, 1592, 1594, 1192, 1188, 1588, 1592, 1189, 1196, 1596, 1589, 1190, 1193, 1593, 1590, 1195, 1191, 1591, 1595, 1598, 1600, 1601, 1599, 1600, 1604, 1605, 1601, 1604, 1602, 1603, 1605, 1602, 1598, 1599, 1603, 1600, 1598, 1602, 1604, 1605, 1603, 1599, 1601, 1607, 1615, 1617, 1613, 1616, 1610, 1613, 1617, 1609, 1607, 1613, 1610, 1614, 1609, 1610, 1616, 1615, 1606, 1612, 1617, 1606, 1608, 1611, 1612, 1608, 1614, 1616, 1611, 1611, 1616, 1617, 1612, 1620, 1621, 1619, 1618, 1625, 1622, 1623, 1624, 1621, 1624, 1623, 1619, 1628, 1629, 1627, 1626, 1633, 1630, 1631, 1632, 1629, 1632, 1631, 1627, 1635, 1637, 1636, 1634, 1639, 1641, 1640, 1638, 1634, 1643, 1642, 1635, 1641, 1648, 1649, 1640, 1637, 1644, 1645, 1636, 1638, 1647, 1646, 1639, 1652, 1653, 1651, 1650, 1657, 1654, 1655, 1656, 1653, 1656, 1655, 1651, 1659, 1661, 1660, 1658, 1661, 1664, 1665, 1660, 1658, 1663, 1662, 1659, 1670, 1666, 1667, 1671, 1670, 1671, 1669, 1668, 1674, 1675, 1673, 1672, 1674, 1676, 1677, 1675, 1669, 1671, 1675, 1677, 1668, 1669, 1677, 1676, 1671, 1667, 1673, 1675, 1667, 1666, 1672, 1673, 1670, 1668, 1676, 1674, 1666, 1670, 1674, 1672, 1678, 1680, 1681, 1679, 1680, 1684, 1685, 1681, 1684, 1682, 1683, 1685, 1682, 1678, 1679, 1683, 1680, 1678, 1682, 1684, 1685, 1683, 1679, 1681, 1686, 1688, 1689, 1687, 1688, 1692, 1693, 1689, 1692, 1690, 1691, 1693, 1690, 1686, 1687, 1691, 1688, 1686, 1690, 1692, 1693, 1691, 1687, 1689, 1694, 1696, 1697, 1695, 1696, 1700, 1701, 1697, 1700, 1698, 1699, 1701, 1698, 1694, 1695, 1699, 1696, 1694, 1698, 1700, 1701, 1699, 1695, 1697, 1702, 1704, 1705, 1703, 1704, 1708, 1709, 1705, 1708, 1706, 1707, 1709, 1706, 1702, 1703, 1707, 1704, 1702, 1706, 1708, 1709, 1707, 1703, 1705, 1710, 1712, 1713, 1711, 1712, 1716, 1717, 1713, 1716, 1714, 1715, 1717, 1714, 1710, 1711, 1715, 1712, 1710, 1714, 1716, 1717, 1715, 1711, 1713, 1718, 1719, 1721, 1720, 1720, 1721, 1725, 1724, 1724, 1725, 1723, 1722, 1722, 1723, 1719, 1718, 1720, 1724, 1722, 1718, 1725, 1721, 1719, 1723, 1726, 1727, 1729, 1728, 1728, 1729, 1733, 1732, 1732, 1733, 1731, 1730, 1730, 1731, 1727, 1726, 1728, 1732, 1730, 1726, 1733, 1729, 1727, 1731, 1734, 1735, 1737, 1736, 1736, 1737, 1741, 1740, 1740, 1741, 1739, 1738, 1738, 1739, 1735, 1734, 1736, 1740, 1738, 1734, 1741, 1737, 1735, 1739, 1742, 1743, 1745, 1744, 1744, 1745, 1749, 1748, 1748, 1749, 1747, 1746, 1746, 1747, 1743, 1742, 1744, 1748, 1746, 1742, 1749, 1745, 1743, 1747, 1750, 1751, 1753, 1752, 1752, 1753, 1757, 1756, 1756, 1757, 1755, 1754, 1754, 1755, 1751, 1750, 1752, 1756, 1754, 1750, 1757, 1753, 1751, 1755, 1758, 1759, 1761, 1760, 1760, 1761, 1765, 1764, 1764, 1765, 1763, 1762, 1762, 1763, 1759, 1758, 1760, 1764, 1762, 1758, 1765, 1761, 1759, 1763, 1766, 1767, 1769, 1768, 1768, 1769, 1773, 1772, 1772, 1773, 1771, 1770, 1770, 1771, 1767, 1766, 1768, 1772, 1770, 1766, 1773, 1769, 1767, 1771, 1774, 1775, 1777, 1776, 1776, 1777, 1781, 1780, 1780, 1781, 1779, 1778, 1778, 1779, 1775, 1774, 1776, 1780, 1778, 1774, 1781, 1777, 1775, 1779, 1782, 1783, 1785, 1784, 1784, 1785, 1789, 1788, 1788, 1789, 1787, 1786, 1786, 1787, 1783, 1782, 1784, 1788, 1786, 1782, 1789, 1785, 1783, 1787, 1790, 1791, 1793, 1792, 1792, 1793, 1797, 1796, 1796, 1797, 1795, 1794, 1794, 1795, 1791, 1790, 1792, 1796, 1794, 1790, 1797, 1793, 1791, 1795, 1798, 1800, 1801, 1799, 1800, 1804, 1805, 1801, 1804, 1802, 1803, 1805, 1802, 1798, 1799, 1803, 1800, 1798, 1802, 1804, 1805, 1803, 1799, 1801, 1806, 1808, 1809, 1807, 1808, 1812, 1813, 1809, 1812, 1810, 1811, 1813, 1810, 1806, 1807, 1811, 1808, 1806, 1810, 1812, 1813, 1811, 1807, 1809, 1814, 1816, 1817, 1815, 1816, 1820, 1821, 1817, 1820, 1818, 1819, 1821, 1818, 1814, 1815, 1819, 1816, 1814, 1818, 1820, 1821, 1819, 1815, 1817, 1822, 1824, 1825, 1823, 1824, 1828, 1829, 1825, 1828, 1826, 1827, 1829, 1826, 1822, 1823, 1827, 1824, 1822, 1826, 1828, 1829, 1827, 1823, 1825, 1830, 1832, 1833, 1831, 1832, 1836, 1837, 1833, 1836, 1834, 1835, 1837, 1834, 1830, 1831, 1835, 1832, 1830, 1834, 1836, 1837, 1835, 1831, 1833, 1856, 1866, 1867, 1857, 1862, 1848, 1850, 1864, 1849, 1863, 1865, 1852, 1866, 1856, 1858, 1868, 1857, 1867, 1869, 1860, 1841, 1844, 1843, 1839, 1840, 1845, 1844, 1841, 1839, 1843, 1842, 1838, 1838, 1842, 1845, 1840, 1842, 1843, 1844, 1845, 1846, 1848, 1849, 1847, 1851, 1853, 1852, 1850, 1847, 1849, 1852, 1853, 1848, 1846, 1851, 1850, 1850, 1852, 1865, 1864, 1854, 1856, 1857, 1855, 1859, 1861, 1860, 1858, 1855, 1857, 1860, 1861, 1856, 1854, 1859, 1858, 1858, 1860, 1869, 1868, 1848, 1862, 1863, 1849, 1873, 1871, 1875, 1876, 1872, 1873, 1876, 1877, 1871, 1870, 1874, 1875, 1870, 1872, 1877, 1874, 1874, 1877, 1876, 1875, 1894, 1896, 1882, 1880, 1878, 1879, 1881, 1880, 1883, 1882, 1884, 1885, 1879, 1885, 1884, 1881, 1880, 1882, 1883, 1878, 1898, 1900, 1890, 1888, 1886, 1887, 1889, 1888, 1891, 1890, 1892, 1893, 1887, 1893, 1892, 1889, 1888, 1890, 1891, 1886, 1880, 1881, 1895, 1894, 1882, 1896, 1897, 1884, 1881, 1884, 1897, 1895, 1888, 1889, 1899, 1898, 1890, 1900, 1901, 1892, 1889, 1892, 1901, 1899, 1902, 1904, 1905, 1903, 1905, 1908, 1907, 1903, 1904, 1909, 1908, 1905, 1903, 1907, 1906, 1902, 1902, 1906, 1909, 1904, 1906, 1907, 1908, 1909, 1920, 1930, 1931, 1921, 1926, 1912, 1914, 1928, 1913, 1927, 1929, 1916, 1930, 1920, 1922, 1932, 1921, 1931, 1933, 1924, 1910, 1912, 1913, 1911, 1915, 1917, 1916, 1914, 1911, 1913, 1916, 1917, 1912, 1910, 1915, 1914, 1914, 1916, 1929, 1928, 1918, 1920, 1921, 1919, 1923, 1925, 1924, 1922, 1919, 1921, 1924, 1925, 1920, 1918, 1923, 1922, 1922, 1924, 1933, 1932, 1912, 1926, 1927, 1913, 1937, 1935, 1939, 1940, 1936, 1937, 1940, 1941, 1935, 1934, 1938, 1939, 1934, 1936, 1941, 1938, 1938, 1941, 1940, 1939, 1958, 1960, 1946, 1944, 1942, 1943, 1945, 1944, 1947, 1946, 1948, 1949, 1943, 1949, 1948, 1945, 1944, 1946, 1947, 1942, 1962, 1964, 1954, 1952, 1950, 1951, 1953, 1952, 1955, 1954, 1956, 1957, 1951, 1957, 1956, 1953, 1952, 1954, 1955, 1950, 1944, 1945, 1959, 1958, 1946, 1960, 1961, 1948, 1945, 1948, 1961, 1959, 1952, 1953, 1963, 1962, 1954, 1964, 1965, 1956, 1953, 1956, 1965, 1963, 1966, 1968, 1969, 1967, 1969, 1972, 1971, 1967, 1968, 1973, 1972, 1969, 1967, 1971, 1970, 1966, 1966, 1970, 1973, 1968, 1970, 1971, 1972, 1973, 1992, 2002, 2003, 1993, 1998, 1984, 1986, 2000, 1985, 1999, 2001, 1988, 2002, 1992, 1994, 2004, 1993, 2003, 2005, 1996, 1980, 1981, 1977, 1976, 1979, 1978, 1975, 1974, 1977, 1974, 1975, 1976, 1981, 1979, 1974, 1977, 1978, 1980, 1976, 1975, 1982, 1984, 1985, 1983, 1987, 1989, 1988, 1986, 1983, 1985, 1988, 1989, 1984, 1982, 1987, 1986, 1986, 1988, 2001, 2000, 1990, 1992, 1993, 1991, 1995, 1997, 1996, 1994, 1991, 1993, 1996, 1997, 1992, 1990, 1995, 1994, 1994, 1996, 2005, 2004, 1984, 1998, 1999, 1985, 2009, 2007, 2011, 2012, 2008, 2009, 2012, 2013, 2007, 2006, 2010, 2011, 2006, 2008, 2013, 2010, 2010, 2013, 2012, 2011, 2030, 2032, 2018, 2016, 2014, 2015, 2017, 2016, 2019, 2018, 2020, 2021, 2015, 2021, 2020, 2017, 2016, 2018, 2019, 2014, 2034, 2036, 2026, 2024, 2022, 2023, 2025, 2024, 2027, 2026, 2028, 2029, 2023, 2029, 2028, 2025, 2024, 2026, 2027, 2022, 2016, 2017, 2031, 2030, 2018, 2032, 2033, 2020, 2017, 2020, 2033, 2031, 2024, 2025, 2035, 2034, 2026, 2036, 2037, 2028, 2025, 2028, 2037, 2035, 2038, 2040, 2041, 2039, 2041, 2044, 2043, 2039, 2040, 2045, 2044, 2041, 2039, 2043, 2042, 2038, 2038, 2042, 2045, 2040, 2042, 2043, 2044, 2045, 2062, 2064, 2050, 2048, 2046, 2047, 2049, 2048, 2051, 2050, 2052, 2053, 2047, 2053, 2052, 2049, 2048, 2050, 2051, 2046, 2066, 2068, 2058, 2056, 2054, 2055, 2057, 2056, 2059, 2058, 2060, 2061, 2055, 2061, 2060, 2057, 2056, 2058, 2059, 2054, 2048, 2049, 2063, 2062, 2050, 2064, 2065, 2052, 2049, 2052, 2065, 2063, 2056, 2057, 2067, 2066, 2058, 2068, 2069, 2060, 2057, 2060, 2069, 2067, 2073, 2071, 2075, 2076, 2072, 2073, 2076, 2077, 2071, 2070, 2074, 2075, 2070, 2072, 2077, 2074, 2074, 2077, 2076, 2075, 2094, 2096, 2082, 2080, 2078, 2079, 2081, 2080, 2083, 2082, 2084, 2085, 2079, 2085, 2084, 2081, 2080, 2082, 2083, 2078, 2098, 2100, 2090, 2088, 2086, 2087, 2089, 2088, 2091, 2090, 2092, 2093, 2087, 2093, 2092, 2089, 2088, 2090, 2091, 2086, 2080, 2081, 2095, 2094, 2082, 2096, 2097, 2084, 2081, 2084, 2097, 2095, 2088, 2089, 2099, 2098, 2090, 2100, 2101, 2092, 2089, 2092, 2101, 2099, 2112, 2122, 2123, 2113, 2118, 2104, 2106, 2120, 2105, 2119, 2121, 2108, 2122, 2112, 2114, 2124, 2113, 2123, 2125, 2116, 2102, 2104, 2105, 2103, 2107, 2109, 2108, 2106, 2103, 2105, 2108, 2109, 2104, 2102, 2107, 2106, 2106, 2108, 2121, 2120, 2110, 2112, 2113, 2111, 2115, 2117, 2116, 2114, 2111, 2113, 2116, 2117, 2112, 2110, 2115, 2114, 2114, 2116, 2125, 2124, 2104, 2118, 2119, 2105, 2129, 2127, 2131, 2132, 2128, 2129, 2132, 2133, 2127, 2126, 2130, 2131, 2126, 2128, 2133, 2130, 2130, 2133, 2132, 2131, 2150, 2152, 2138, 2136, 2134, 2135, 2137, 2136, 2139, 2138, 2140, 2141, 2135, 2141, 2140, 2137, 2136, 2138, 2139, 2134, 2154, 2156, 2146, 2144, 2142, 2143, 2145, 2144, 2147, 2146, 2148, 2149, 2143, 2149, 2148, 2145, 2144, 2146, 2147, 2142, 2136, 2137, 2151, 2150, 2138, 2152, 2153, 2140, 2137, 2140, 2153, 2151, 2144, 2145, 2155, 2154, 2146, 2156, 2157, 2148, 2145, 2148, 2157, 2155, 2158, 2160, 2161, 2159, 2161, 2164, 2163, 2159, 2160, 2165, 2164, 2161, 2159, 2163, 2162, 2158, 2158, 2162, 2165, 2160, 2162, 2163, 2164, 2165, 2169, 2167, 2171, 2172, 2168, 2169, 2172, 2173, 2167, 2166, 2170, 2171, 2166, 2168, 2173, 2170, 2170, 2173, 2172, 2171, 2190, 2192, 2178, 2176, 2174, 2175, 2177, 2176, 2179, 2178, 2180, 2181, 2175, 2181, 2180, 2177, 2176, 2178, 2179, 2174, 2194, 2196, 2186, 2184, 2182, 2183, 2185, 2184, 2187, 2186, 2188, 2189, 2183, 2189, 2188, 2185, 2184, 2186, 2187, 2182, 2176, 2177, 2191, 2190, 2178, 2192, 2193, 2180, 2177, 2180, 2193, 2191, 2184, 2185, 2195, 2194, 2186, 2196, 2197, 2188, 2185, 2188, 2197, 2195, 2231, 2198, 2199, 2233, 2235, 2237, 2201, 2200, 2231, 2235, 2200, 2198, 2199, 2201, 2237, 2233, 2203, 2239, 2238, 2202, 2206, 2222, 2224, 2207, 2208, 2209, 2228, 2226, 2206, 2208, 2226, 2222, 2224, 2228, 2209, 2207, 2247, 2249, 2211, 2210, 2251, 2212, 2213, 2253, 2247, 2210, 2212, 2251, 2211, 2249, 2253, 2213, 2215, 2217, 2216, 2214, 2219, 2218, 2220, 2221, 2215, 2214, 2218, 2219, 2216, 2217, 2221, 2220, 2223, 2225, 2224, 2222, 2227, 2226, 2228, 2229, 2223, 2222, 2226, 2227, 2224, 2225, 2229, 2228, 2231, 2233, 2232, 2230, 2235, 2234, 2236, 2237, 2231, 2230, 2234, 2235, 2232, 2233, 2237, 2236, 2204, 2240, 2241, 2205, 2202, 2238, 2240, 2204, 2205, 2241, 2239, 2203, 2242, 2243, 2264, 2262, 2244, 2266, 2268, 2245, 2242, 2262, 2266, 2244, 2264, 2243, 2245, 2268, 2247, 2246, 2248, 2249, 2251, 2253, 2252, 2250, 2247, 2251, 2250, 2246, 2248, 2252, 2253, 2249, 2255, 2254, 2256, 2257, 2259, 2261, 2260, 2258, 2255, 2259, 2258, 2254, 2256, 2260, 2261, 2257, 2263, 2262, 2264, 2265, 2267, 2269, 2268, 2266, 2263, 2267, 2266, 2262, 2264, 2268, 2269, 2265, 2217, 2257, 2261, 2221, 2219, 2259, 2255, 2215, 2215, 2255, 2257, 2217, 2221, 2261, 2259, 2219, 2232, 2236, 2234, 2230, 2248, 2246, 2250, 2252, 2199, 2198, 2200, 2201, 2211, 2213, 2212, 2210, 2270, 2274, 2276, 2271, 2272, 2273, 2280, 2278, 2270, 2272, 2278, 2274, 2276, 2280, 2273, 2271, 2275, 2277, 2276, 2274, 2279, 2278, 2280, 2281, 2275, 2274, 2278, 2279, 2276, 2277, 2281, 2280, 2282, 2283, 2288, 2286, 2284, 2290, 2292, 2285, 2282, 2286, 2290, 2284, 2288, 2283, 2285, 2292, 2287, 2286, 2288, 2289, 2291, 2293, 2292, 2290, 2287, 2291, 2290, 2286, 2288, 2292, 2293, 2289, 2299, 2301, 2297, 2296, 2301, 2299, 2300, 2303, 2303, 2300, 2298, 2302, 2294, 2295, 2302, 2298, 2309, 2311, 2307, 2306, 2311, 2309, 2310, 2313, 2313, 2310, 2308, 2312, 2304, 2305, 2312, 2308, 2319, 2321, 2317, 2316, 2321, 2319, 2320, 2323, 2323, 2320, 2318, 2322, 2314, 2315, 2322, 2318, 2329, 2331, 2327, 2326, 2331, 2329, 2330, 2333, 2333, 2330, 2328, 2332, 2324, 2325, 2332, 2328, 2339, 2341, 2337, 2336, 2341, 2339, 2340, 2343, 2343, 2340, 2338, 2342, 2334, 2335, 2342, 2338, 2349, 2346, 2347, 2351, 2351, 2353, 2350, 2349, 2353, 2352, 2348, 2350, 2344, 2348, 2352, 2345, 2359, 2356, 2357, 2361, 2361, 2363, 2360, 2359, 2363, 2362, 2358, 2360, 2354, 2358, 2362, 2355, 2369, 2366, 2367, 2371, 2371, 2373, 2370, 2369, 2373, 2372, 2368, 2370, 2364, 2368, 2372, 2365, 2379, 2376, 2377, 2381, 2381, 2383, 2380, 2379, 2383, 2382, 2378, 2380, 2374, 2378, 2382, 2375, 2389, 2386, 2387, 2391, 2391, 2393, 2390, 2389, 2393, 2392, 2388, 2390, 2384, 2388, 2392, 2385, 2295, 2294, 2394, 2395, 2296, 2297, 2397, 2396, 2301, 2303, 2403, 2401, 2300, 2299, 2399, 2400, 2303, 2302, 2402, 2403, 2298, 2300, 2400, 2398, 2294, 2298, 2398, 2394, 2302, 2295, 2395, 2402, 2299, 2296, 2396, 2399, 2297, 2301, 2401, 2397, 2305, 2304, 2404, 2405, 2306, 2307, 2407, 2406, 2311, 2313, 2413, 2411, 2310, 2309, 2409, 2410, 2313, 2312, 2412, 2413, 2308, 2310, 2410, 2408, 2304, 2308, 2408, 2404, 2312, 2305, 2405, 2412, 2309, 2306, 2406, 2409, 2307, 2311, 2411, 2407, 2315, 2314, 2414, 2415, 2316, 2317, 2417, 2416, 2321, 2323, 2423, 2421, 2320, 2319, 2419, 2420, 2323, 2322, 2422, 2423, 2318, 2320, 2420, 2418, 2314, 2318, 2418, 2414, 2322, 2315, 2415, 2422, 2319, 2316, 2416, 2419, 2317, 2321, 2421, 2417, 2325, 2324, 2424, 2425, 2326, 2327, 2427, 2426, 2331, 2333, 2433, 2431, 2330, 2329, 2429, 2430, 2333, 2332, 2432, 2433, 2328, 2330, 2430, 2428, 2324, 2328, 2428, 2424, 2332, 2325, 2425, 2432, 2329, 2326, 2426, 2429, 2327, 2331, 2431, 2427, 2335, 2334, 2434, 2435, 2336, 2337, 2437, 2436, 2341, 2343, 2443, 2441, 2340, 2339, 2439, 2440, 2343, 2342, 2442, 2443, 2338, 2340, 2440, 2438, 2334, 2338, 2438, 2434, 2342, 2335, 2435, 2442, 2339, 2336, 2436, 2439, 2337, 2341, 2441, 2437, 2344, 2345, 2445, 2444, 2347, 2346, 2446, 2447, 2353, 2351, 2451, 2453, 2349, 2350, 2450, 2449, 2352, 2353, 2453, 2452, 2350, 2348, 2448, 2450, 2348, 2344, 2444, 2448, 2345, 2352, 2452, 2445, 2346, 2349, 2449, 2446, 2351, 2347, 2447, 2451, 2354, 2355, 2455, 2454, 2357, 2356, 2456, 2457, 2363, 2361, 2461, 2463, 2359, 2360, 2460, 2459, 2362, 2363, 2463, 2462, 2360, 2358, 2458, 2460, 2358, 2354, 2454, 2458, 2355, 2362, 2462, 2455, 2356, 2359, 2459, 2456, 2361, 2357, 2457, 2461, 2364, 2365, 2465, 2464, 2367, 2366, 2466, 2467, 2373, 2371, 2471, 2473, 2369, 2370, 2470, 2469, 2372, 2373, 2473, 2472, 2370, 2368, 2468, 2470, 2368, 2364, 2464, 2468, 2365, 2372, 2472, 2465, 2366, 2369, 2469, 2466, 2371, 2367, 2467, 2471, 2374, 2375, 2475, 2474, 2377, 2376, 2476, 2477, 2383, 2381, 2481, 2483, 2379, 2380, 2480, 2479, 2382, 2383, 2483, 2482, 2380, 2378, 2478, 2480, 2378, 2374, 2474, 2478, 2375, 2382, 2482, 2475, 2376, 2379, 2479, 2476, 2381, 2377, 2477, 2481, 2384, 2385, 2485, 2484, 2387, 2386, 2486, 2487, 2393, 2391, 2491, 2493, 2389, 2390, 2490, 2489, 2392, 2393, 2493, 2492, 2390, 2388, 2488, 2490, 2388, 2384, 2484, 2488, 2385, 2392, 2492, 2485, 2386, 2389, 2489, 2486, 2391, 2387, 2487, 2491, 2499, 2501, 2497, 2496, 2501, 2499, 2500, 2503, 2503, 2500, 2498, 2502, 2494, 2495, 2502, 2498, 2509, 2511, 2507, 2506, 2511, 2509, 2510, 2513, 2513, 2510, 2508, 2512, 2504, 2505, 2512, 2508, 2519, 2521, 2517, 2516, 2521, 2519, 2520, 2523, 2523, 2520, 2518, 2522, 2514, 2515, 2522, 2518, 2529, 2531, 2527, 2526, 2531, 2529, 2530, 2533, 2533, 2530, 2528, 2532, 2524, 2525, 2532, 2528, 2539, 2541, 2537, 2536, 2541, 2539, 2540, 2543, 2543, 2540, 2538, 2542, 2534, 2535, 2542, 2538, 2549, 2546, 2547, 2551, 2551, 2553, 2550, 2549, 2553, 2552, 2548, 2550, 2544, 2548, 2552, 2545, 2559, 2556, 2557, 2561, 2561, 2563, 2560, 2559, 2563, 2562, 2558, 2560, 2554, 2558, 2562, 2555, 2569, 2566, 2567, 2571, 2571, 2573, 2570, 2569, 2573, 2572, 2568, 2570, 2564, 2568, 2572, 2565, 2579, 2576, 2577, 2581, 2581, 2583, 2580, 2579, 2583, 2582, 2578, 2580, 2574, 2578, 2582, 2575, 2589, 2586, 2587, 2591, 2591, 2593, 2590, 2589, 2593, 2592, 2588, 2590, 2584, 2588, 2592, 2585, 2495, 2494, 2594, 2595, 2496, 2497, 2597, 2596, 2501, 2503, 2603, 2601, 2500, 2499, 2599, 2600, 2503, 2502, 2602, 2603, 2498, 2500, 2600, 2598, 2494, 2498, 2598, 2594, 2502, 2495, 2595, 2602, 2499, 2496, 2596, 2599, 2497, 2501, 2601, 2597, 2505, 2504, 2604, 2605, 2506, 2507, 2607, 2606, 2511, 2513, 2613, 2611, 2510, 2509, 2609, 2610, 2513, 2512, 2612, 2613, 2508, 2510, 2610, 2608, 2504, 2508, 2608, 2604, 2512, 2505, 2605, 2612, 2509, 2506, 2606, 2609, 2507, 2511, 2611, 2607, 2515, 2514, 2614, 2615, 2516, 2517, 2617, 2616, 2521, 2523, 2623, 2621, 2520, 2519, 2619, 2620, 2523, 2522, 2622, 2623, 2518, 2520, 2620, 2618, 2514, 2518, 2618, 2614, 2522, 2515, 2615, 2622, 2519, 2516, 2616, 2619, 2517, 2521, 2621, 2617, 2525, 2524, 2624, 2625, 2526, 2527, 2627, 2626, 2531, 2533, 2633, 2631, 2530, 2529, 2629, 2630, 2533, 2532, 2632, 2633, 2528, 2530, 2630, 2628, 2524, 2528, 2628, 2624, 2532, 2525, 2625, 2632, 2529, 2526, 2626, 2629, 2527, 2531, 2631, 2627, 2535, 2534, 2634, 2635, 2536, 2537, 2637, 2636, 2541, 2543, 2643, 2641, 2540, 2539, 2639, 2640, 2543, 2542, 2642, 2643, 2538, 2540, 2640, 2638, 2534, 2538, 2638, 2634, 2542, 2535, 2635, 2642, 2539, 2536, 2636, 2639, 2537, 2541, 2641, 2637, 2544, 2545, 2645, 2644, 2547, 2546, 2646, 2647, 2553, 2551, 2651, 2653, 2549, 2550, 2650, 2649, 2552, 2553, 2653, 2652, 2550, 2548, 2648, 2650, 2548, 2544, 2644, 2648, 2545, 2552, 2652, 2645, 2546, 2549, 2649, 2646, 2551, 2547, 2647, 2651, 2554, 2555, 2655, 2654, 2557, 2556, 2656, 2657, 2563, 2561, 2661, 2663, 2559, 2560, 2660, 2659, 2562, 2563, 2663, 2662, 2560, 2558, 2658, 2660, 2558, 2554, 2654, 2658, 2555, 2562, 2662, 2655, 2556, 2559, 2659, 2656, 2561, 2557, 2657, 2661, 2564, 2565, 2665, 2664, 2567, 2566, 2666, 2667, 2573, 2571, 2671, 2673, 2569, 2570, 2670, 2669, 2572, 2573, 2673, 2672, 2570, 2568, 2668, 2670, 2568, 2564, 2664, 2668, 2565, 2572, 2672, 2665, 2566, 2569, 2669, 2666, 2571, 2567, 2667, 2671, 2574, 2575, 2675, 2674, 2577, 2576, 2676, 2677, 2583, 2581, 2681, 2683, 2579, 2580, 2680, 2679, 2582, 2583, 2683, 2682, 2580, 2578, 2678, 2680, 2578, 2574, 2674, 2678, 2575, 2582, 2682, 2675, 2576, 2579, 2679, 2676, 2581, 2577, 2677, 2681, 2584, 2585, 2685, 2684, 2587, 2586, 2686, 2687, 2593, 2591, 2691, 2693, 2589, 2590, 2690, 2689, 2592, 2593, 2693, 2692, 2590, 2588, 2688, 2690, 2588, 2584, 2684, 2688, 2585, 2592, 2692, 2685, 2586, 2589, 2689, 2686, 2591, 2587, 2687, 2691, 2708, 2704, 2705, 2709, 2697, 2696, 2694, 2695, 2713, 2700, 2698, 2712, 2711, 2710, 2694, 2696, 2716, 2717, 2715, 2714, 2700, 2696, 2697, 2701, 2701, 2697, 2695, 2699, 2699, 2695, 2694, 2698, 2709, 2705, 2703, 2707, 2708, 2709, 2707, 2706, 2701, 2699, 2698, 2700, 2707, 2703, 2702, 2706, 2740, 2739, 2738, 2741, 2704, 2702, 2703, 2705, 2721, 2719, 2715, 2717, 2719, 2718, 2714, 2715, 2720, 2721, 2717, 2716, 2712, 2698, 2694, 2710, 2700, 2713, 2711, 2696, 2713, 2712, 2710, 2711, 2737, 2735, 2734, 2736, 2720, 2718, 2719, 2721, 2725, 2724, 2722, 2723, 2733, 2728, 2726, 2732, 2731, 2730, 2722, 2724, 2728, 2724, 2725, 2729, 2729, 2725, 2723, 2727, 2727, 2723, 2722, 2726, 2729, 2727, 2726, 2728, 2732, 2726, 2722, 2730, 2728, 2733, 2731, 2724, 2733, 2732, 2730, 2731, 2737, 2736, 2739, 2740, 2735, 2737, 2740, 2741, 2734, 2735, 2741, 2738, 2736, 2734, 2738, 2739, 2756, 2752, 2753, 2757, 2745, 2744, 2742, 2743, 2761, 2748, 2746, 2760, 2759, 2758, 2742, 2744, 2764, 2765, 2763, 2762, 2748, 2744, 2745, 2749, 2749, 2745, 2743, 2747, 2747, 2743, 2742, 2746, 2757, 2753, 2751, 2755, 2756, 2757, 2755, 2754, 2749, 2747, 2746, 2748, 2755, 2751, 2750, 2754, 2788, 2787, 2786, 2789, 2752, 2750, 2751, 2753, 2769, 2767, 2763, 2765, 2767, 2766, 2762, 2763, 2768, 2769, 2765, 2764, 2760, 2746, 2742, 2758, 2748, 2761, 2759, 2744, 2761, 2760, 2758, 2759, 2785, 2783, 2782, 2784, 2768, 2766, 2767, 2769, 2773, 2772, 2770, 2771, 2781, 2776, 2774, 2780, 2779, 2778, 2770, 2772, 2776, 2772, 2773, 2777, 2777, 2773, 2771, 2775, 2775, 2771, 2770, 2774, 2777, 2775, 2774, 2776, 2780, 2774, 2770, 2778, 2776, 2781, 2779, 2772, 2781, 2780, 2778, 2779, 2785, 2784, 2787, 2788, 2783, 2785, 2788, 2789, 2782, 2783, 2789, 2786, 2784, 2782, 2786, 2787, 2804, 2800, 2801, 2805, 2793, 2792, 2790, 2791, 2809, 2796, 2794, 2808, 2807, 2806, 2790, 2792, 2812, 2813, 2811, 2810, 2796, 2792, 2793, 2797, 2797, 2793, 2791, 2795, 2795, 2791, 2790, 2794, 2805, 2801, 2799, 2803, 2804, 2805, 2803, 2802, 2797, 2795, 2794, 2796, 2803, 2799, 2798, 2802, 2836, 2835, 2834, 2837, 2800, 2798, 2799, 2801, 2817, 2815, 2811, 2813, 2815, 2814, 2810, 2811, 2816, 2817, 2813, 2812, 2808, 2794, 2790, 2806, 2796, 2809, 2807, 2792, 2809, 2808, 2806, 2807, 2833, 2831, 2830, 2832, 2816, 2814, 2815, 2817, 2821, 2820, 2818, 2819, 2829, 2824, 2822, 2828, 2827, 2826, 2818, 2820, 2824, 2820, 2821, 2825, 2825, 2821, 2819, 2823, 2823, 2819, 2818, 2822, 2825, 2823, 2822, 2824, 2828, 2822, 2818, 2826, 2824, 2829, 2827, 2820, 2829, 2828, 2826, 2827, 2833, 2832, 2835, 2836, 2831, 2833, 2836, 2837, 2830, 2831, 2837, 2834, 2832, 2830, 2834, 2835, 2852, 2848, 2849, 2853, 2841, 2840, 2838, 2839, 2857, 2844, 2842, 2856, 2855, 2854, 2838, 2840, 2860, 2861, 2859, 2858, 2844, 2840, 2841, 2845, 2845, 2841, 2839, 2843, 2843, 2839, 2838, 2842, 2853, 2849, 2847, 2851, 2852, 2853, 2851, 2850, 2845, 2843, 2842, 2844, 2851, 2847, 2846, 2850, 2884, 2883, 2882, 2885, 2848, 2846, 2847, 2849, 2865, 2863, 2859, 2861, 2863, 2862, 2858, 2859, 2864, 2865, 2861, 2860, 2856, 2842, 2838, 2854, 2844, 2857, 2855, 2840, 2857, 2856, 2854, 2855, 2881, 2879, 2878, 2880, 2864, 2862, 2863, 2865, 2869, 2868, 2866, 2867, 2877, 2872, 2870, 2876, 2875, 2874, 2866, 2868, 2872, 2868, 2869, 2873, 2873, 2869, 2867, 2871, 2871, 2867, 2866, 2870, 2873, 2871, 2870, 2872, 2876, 2870, 2866, 2874, 2872, 2877, 2875, 2868, 2877, 2876, 2874, 2875, 2881, 2880, 2883, 2884, 2879, 2881, 2884, 2885, 2878, 2879, 2885, 2882, 2880, 2878, 2882, 2883]
            rel material:binding = </root/_materials/Wood>
            normal3f[] normals = [(-0.99933004, 0.011124638, 0.03486645), (-0.9993737, -0.0037662322, 0.03518833), (-0.9993737, -0.0037662322, 0.03518833), (-0.99924207, 0.017592626, 0.034724217), (0, -0.0018481738, 0.99999833), (0, -0.010680829, 0.99994296), (0, -0.010528813, 0.99994457), (0, -0.0018481738, 0.99999833), (0, 0.024342865, -0.9997037), (0, -0.0075917197, -0.9999712), (0, -0.0075917197, -0.9999712), (0, 0.023663327, -0.9997199), (0, -0.0028718626, 0.9999959), (0, -0.016595045, 0.99986225), (0, -0.016358934, 0.9998662), (0, -0.0028718626, 0.9999959), (2.989775e-7, 0.037759706, -0.9992868), (6.036248e-7, -0.011797206, -0.99993044), (6.036248e-7, -0.011797206, -0.99993044), (3.0545928e-7, 0.03670753, -0.999326), (-0.99804896, 0.032345034, 0.053403854), (-0.99848384, 0.009681172, 0.05418677), (-0.9983684, 0.018935965, 0.05387046), (-0.99804896, 0.032345034, 0.053403854), (0.9980491, -0.032346435, -0.053401347), (0.9980491, -0.032346435, -0.053401347), (0.99836856, -0.018936766, -0.05386632), (0.99848413, -0.009681561, -0.05418151), (0, 0.05558291, -0.9984541), (0, 0.024342865, -0.9997037), (0, 0.023663327, -0.9997199), (0, 0.05558291, -0.9984541), (0, -0.010680829, 0.99994296), (0, -0.019362366, 0.99981254), (0, -0.019362366, 0.99981254), (0, -0.010528813, 0.99994457), (0.99848413, -0.009681561, -0.05418151), (0.99836856, -0.018936766, -0.05386632), (0.9984996, 0.0037632203, -0.054631054), (0.9984996, 0.0037632203, -0.054631054), (-0.99888396, 0.03237195, 0.03439369), (-0.99933004, 0.011124638, 0.03486645), (-0.99924207, 0.017592626, 0.034724217), (-0.99888396, 0.03237195, 0.03439369), (0.998884, -0.032373637, -0.034392077), (0.998884, -0.032373637, -0.034392077), (0.99924207, -0.017593464, -0.03472265), (0.9993301, -0.011125104, -0.034864906), (0, 0.08618875, -0.9962788), (2.989775e-7, 0.037759706, -0.9992868), (3.0545928e-7, 0.03670753, -0.999326), (0, 0.08618875, -0.9962788), (0, -0.016595045, 0.99986225), (0, -0.030081725, 0.9995474), (0, -0.030081725, 0.9995474), (0, -0.016358934, 0.9998662), (0.9993301, -0.011125104, -0.034864906), (0.99924207, -0.017593464, -0.03472265), (0.9993736, 0.0037666257, -0.035186827), (0.9993736, 0.0037666257, -0.035186827), (-0.99848384, 0.009681172, 0.05418677), (-0.9984992, -0.0037630075, 0.054637942), (-0.9984992, -0.0037630075, 0.054637942), (-0.9983684, 0.018935965, 0.05387046), (0, -1, 0), (0, -1, 0), (0, -1, 0), (0, -1, 0), (-1, 0, 0), (-1, 0, 0), (-1, 0, 0), (-1, 0, 0), (1, 0, 0), (1, 0, 0), (1, 0, 0), (1, 0, 0), (0, 1, 0), (0, 1, 0), (0, 1, 0), (0, 1, 0), (0, 0, 1), (0, 0, 1), (0, 0, 1), (0, 0, 1), (0, 0.0018481623, 0.9999984), (0, 0.0018481623, 0.9999984), (0, 0.010528817, 0.99994457), (0, 0.010680836, 0.99994296), (-0.9980496, -0.032345757, 0.053392407), (-0.9980496, -0.032345757, 0.053392407), (-0.9983689, -0.01893634, 0.053860307), (-0.9984844, -0.00968131, 0.054177515), (0.99804956, 0.032346442, -0.053392395), (0.9984844, 0.009681516, -0.054177515), (0.9983689, 0.018936746, -0.0538603), (0.99804956, 0.032346442, -0.053392395), (0, -0.055582985, -0.99845403), (0, -0.055582985, -0.99845403), (0, -0.023663387, -0.99972), (0, -0.024342878, -0.9997037), (0, 0.010680836, 0.99994296), (0, 0.010528817, 0.99994457), (0, 0.01936239, 0.99981254), (0, 0.01936239, 0.99981254), (0, 0.0028718477, 0.9999959), (0, 0.0028718477, 0.9999959), (0, 0.016358955, 0.9998662), (0, 0.01659507, 0.99986225), (-0.9988842, -0.032372758, 0.03438632), (-0.9988842, -0.032372758, 0.03438632), (-0.9992423, -0.017593084, 0.034718342), (-0.9993303, -0.011124938, 0.034861226), (0.99888426, 0.032372195, -0.034386314), (0.9993303, 0.011124583, -0.034861226), (0.99924225, 0.017592663, -0.034718335), (0.99888426, 0.032372195, -0.034386314), (0, -0.08618887, -0.9962788), (0, -0.08618887, -0.9962788), (0, -0.036707614, -0.99932605), (0, -0.03775972, -0.99928683), (0, 0.01659507, 0.99986225), (0, 0.016358955, 0.9998662), (0, 0.030081782, 0.9995474), (0, 0.030081782, 0.9995474), (-0.9984844, -0.00968131, 0.054177515), (-0.9983689, -0.01893634, 0.053860307), (-0.99849963, 0.0037632142, 0.054629996), (-0.99849963, 0.0037632142, 0.054629996), (0.9984844, 0.009681516, -0.054177515), (0.9984995, -0.0037632948, -0.054629985), (0.9984995, -0.0037632948, -0.054629985), (0.9983689, 0.018936746, -0.0538603), (0, -0.024342878, -0.9997037), (0, -0.023663387, -0.99972), (0, 0.0075917426, -0.9999712), (0, 0.0075917426, -0.9999712), (-0.9993303, -0.011124938, 0.034861226), (-0.9992423, -0.017593084, 0.034718342), (-0.99937373, 0.003766288, 0.03518461), (-0.99937373, 0.003766288, 0.03518461), (0.9993303, 0.011124583, -0.034861226), (0.9993738, -0.0037664978, -0.03518461), (0.9993738, -0.0037664978, -0.03518461), (0.99924225, 0.017592663, -0.034718335), (0, -0.03775972, -0.99928683), (0, -0.036707614, -0.99932605), (0, 0.011797257, -0.99993044), (0, 0.011797257, -0.99993044), (-1.5992434e-8, 0, -1), (-1.5992434e-8, 0, -1), (-1.5992434e-8, 0, -1), (-1.5992434e-8, 0, -1), (-5.240778e-8, 1, 0), (-5.240778e-8, 1, 0), (-5.240778e-8, 1, 0), (-5.240778e-8, 1, 0), (-1, 0, 0), (-1, 0, 0), (-1, 0, 0), (-1, 0, 0), (1, 0, 0), (1, 0, 0), (1, 0, 0), (1, 0, 0), (-0.000017748767, -1, 0), (-0.000017748767, -1, 0), (-0.000017748767, -1, 0), (-0.000017748767, -1, 0), (0, 0, 1), (0, 0, 1), (0, 0, 1), (0, 0, 1), (-0.011124945, -0.9993301, 0.034865536), (0.0037663656, -0.9993737, 0.03518701), (0.0037663656, -0.9993737, 0.03518701), (-0.017593127, -0.99924207, 0.03472347), (0.0018481702, 6.111068e-10, 0.99999833), (0.0106807845, 6.5039805e-9, 0.99994296), (0.010528769, 6.4025603e-9, 0.99994457), (0.0018481702, 6.111068e-10, 0.99999833), (-0.024342865, 1.167124e-9, -0.9997037), (0.0075917155, 2.358101e-9, -0.9999713), (0.0075917155, 2.358101e-9, -0.9999713), (-0.023663325, 1.192489e-9, -0.9997199), (0.0028718533, 1.2221495e-9, 0.99999595), (0.016594995, 6.8056014e-9, 0.99986225), (0.016358888, 6.709537e-9, 0.9998662), (0.0028718533, 1.2221495e-9, 0.99999595), (-0.037759647, 1.2963498e-7, -0.99928683), (0.011797267, 2.6172842e-7, -0.99993044), (0.011797267, 2.6172842e-7, -0.99993044), (-0.03670746, 1.3244545e-7, -0.99932605), (-1, -4.12599e-7, 0), (-1, -4.12599e-7, 0), (-1, -4.12599e-7, 0), (-1, -4.12599e-7, 0), (0, -1, 0), (0, -1, 0), (0, -1, 0), (0, -1, 0), (0, 1, 0), (0, 1, 0), (0, 1, 0), (0, 1, 0), (1, 4.12599e-7, 0), (1, 4.12599e-7, 0), (1, 4.12599e-7, 0), (1, 4.12599e-7, 0), (0, 0, 1), (0, 0, 1), (0, 0, 1), (0, 0, 1), (-0.032345843, -0.99804896, 0.05340333), (-0.009681465, -0.99848396, 0.054185353), (-0.018936468, -0.9983684, 0.0538694), (-0.032345843, -0.99804896, 0.05340333), (0.03234585, 0.9980489, -0.053405423), (0.03234585, 0.9980489, -0.053405423), (0.018936468, 0.9983685, -0.053869173), (0.009681458, 0.9984841, -0.054183524), (-0.05558289, 0, -0.9984541), (-0.024342865, 1.167124e-9, -0.9997037), (-0.023663325, 1.192489e-9, -0.9997199), (-0.05558289, 0, -0.9984541), (0.0106807845, 6.5039805e-9, 0.99994296), (0.01936228, 1.229608e-8, 0.99981254), (0.01936228, 1.229608e-8, 0.99981254), (0.010528769, 6.4025603e-9, 0.99994457), (0.009681458, 0.9984841, -0.054183524), (0.018936468, 0.9983685, -0.053869173), (-0.0037630356, 0.9984995, -0.054631837), (-0.0037630356, 0.9984995, -0.054631837), (-0.032372884, -0.99888384, 0.03439334), (-0.011124945, -0.9993301, 0.034865536), (-0.017593127, -0.99924207, 0.03472347), (-0.032372884, -0.99888384, 0.03439334), (0.03237289, 0.99888384, -0.03439468), (0.03237289, 0.99888384, -0.03439468), (0.01759313, 0.999242, -0.034724787), (0.011124949, 0.99933004, -0.03486684), (-0.08618865, 0, -0.9962789), (-0.037759647, 1.2963498e-7, -0.99928683), (-0.03670746, 1.3244545e-7, -0.99932605), (-0.08618865, 0, -0.9962789), (0.016594995, 6.8056014e-9, 0.99986225), (0.030081635, 1.2292819e-8, 0.9995474), (0.030081635, 1.2292819e-8, 0.9995474), (0.016358888, 6.709537e-9, 0.9998662), (0.011124949, 0.99933004, -0.03486684), (0.01759313, 0.999242, -0.034724787), (-0.0037663588, 0.9993737, -0.03518829), (-0.0037663588, 0.9993737, -0.03518829), (-0.009681465, -0.99848396, 0.054185353), (0.0037630205, -0.9984992, 0.05463599), (0.0037630205, -0.9984992, 0.05463599), (-0.018936468, -0.9983684, 0.0538694), (0.99999994, 0, 0), (0.99999994, 0, 0), (0.99999994, 0, 0), (0.99999994, 0, 0), (0, -1, 0), (0, -1, 0), (0, -1, 0), (0, -1, 0), (0, 1, 0), (0, 1, 0), (0, 1, 0), (0, 1, 0), (-0.99999994, 0, 0), (-0.99999994, 0, 0), (-0.99999994, 0, 0), (-0.99999994, 0, 0), (0, 0, 1), (0, 0, 1), (0, 0, 1), (0, 0, 1), (-0.0018481732, 0, 0.99999833), (-0.0018481732, 0, 0.99999833), (-0.010528795, -6.094324e-9, 0.99994457), (-0.010680814, -6.201052e-9, 0.99994296), (0.032345712, -0.99804956, 0.0533933), (0.032345712, -0.99804956, 0.0533933), (0.018936303, -0.9983689, 0.053861126), (0.009681271, -0.9984843, 0.05417828), (-0.032345705, 0.99804944, -0.05339503), (-0.009681269, 0.9984843, -0.054178294), (-0.018936297, 0.99836886, -0.05386184), (-0.032345705, 0.99804944, -0.05339503), (0.055583123, 5.4094656e-8, -0.99845403), (0.055583123, 5.4094656e-8, -0.99845403), (0.023663454, 2.6766092e-8, -0.99972), (0.02434295, 2.7347921e-8, -0.9997037), (-0.010680814, -6.201052e-9, 0.99994296), (-0.010528795, -6.094324e-9, 0.99994457), (-0.019362334, -1.2296106e-8, 0.99981254), (-0.019362334, -1.2296106e-8, 0.99981254), (-0.0028718363, 0, 0.99999595), (-0.0028718363, 0, 0.99999595), (-0.01635899, -1.218611e-8, 0.9998662), (-0.01659511, -1.2399456e-8, 0.99986225), (0.032372735, -0.9988841, 0.034386855), (0.032372735, -0.9988841, 0.034386855), (0.017593037, -0.9992423, 0.03471864), (0.01112488, -0.9993303, 0.034861423), (-0.032372743, 0.9988841, -0.034387972), (-0.011124886, 0.9993303, -0.034862485), (-0.017593041, 0.99924225, -0.034719713), (-0.032372743, 0.9988841, -0.034387972), (0.08618897, 1.0795361e-7, -0.9962788), (0.08618897, 1.0795361e-7, -0.9962788), (0.036707662, 5.3454603e-8, -0.99932605), (0.037759773, 5.4613732e-8, -0.99928683), (-0.01659511, -1.2399456e-8, 0.99986225), (-0.01635899, -1.218611e-8, 0.9998662), (-0.030081872, -2.4585692e-8, 0.9995474), (-0.030081872, -2.4585692e-8, 0.9995474), (0.009681271, -0.9984843, 0.05417828), (0.018936303, -0.9983689, 0.053861126), (-0.0037632496, -0.9984995, 0.054630674), (-0.0037632496, -0.9984995, 0.054630674), (-0.009681269, 0.9984843, -0.054178294), (0.00376325, 0.9984995, -0.054629672), (0.00376325, 0.9984995, -0.054629672), (-0.018936297, 0.99836886, -0.05386184), (0.02434295, 2.7347921e-8, -0.9997037), (0.023663454, 2.6766092e-8, -0.99972), (-0.007591744, 0, -0.99997115), (-0.007591744, 0, -0.99997115), (0.01112488, -0.9993303, 0.034861423), (0.017593037, -0.9992423, 0.03471864), (-0.0037663695, -0.9993738, 0.035184566), (-0.0037663695, -0.9993738, 0.035184566), (-0.011124886, 0.9993303, -0.034862485), (0.003766369, 0.99937373, -0.03518558), (0.003766369, 0.99937373, -0.03518558), (-0.017593041, 0.99924225, -0.034719713), (0.037759773, 5.4613732e-8, -0.99928683), (0.036707662, 5.3454603e-8, -0.99932605), (-0.011797264, 0, -0.99993044), (-0.011797264, 0, -0.99993044), (0, 0, -1), (0, 0, -1), (0, 0, -1), (0, 0, -1), (-1, 0, 0), (-1, 0, 0), (-1, 0, 0), (-1, 0, 0), (0, -1, 0), (0, -1, 0), (0, -1, 0), (0, -1, 0), (0, 1, 0), (0, 1, 0), (0, 1, 0), (0, 1, 0), (1, -0.00001751833, 0), (1, -0.00001751833, 0), (1, -0.00001751833, 0), (1, -0.00001751833, 0), (0, 0, 0.99999994), (0, 0, 0.99999994), (0, 0, 0.99999994), (0, 0, 0.99999994), (0.3949002, 8.7098186e-7, 0.918724), (0.43911633, 4.3073422e-7, 0.89843017), (0.42583275, 0.24409841, 0.87125343), (0.26260868, 0.53138924, 0.80539566), (0.3949002, 8.7098186e-7, 0.918724), (0.26260868, 0.53138924, 0.80539566), (0.16862948, 0.42097858, 0.8912581), (0.21739173, 8.715734e-7, 0.9760844), (0.3949002, 8.7098186e-7, 0.918724), (0.21739173, 8.715734e-7, 0.9760844), (0.16862972, -0.42097968, 0.8912576), (0.26260883, -0.53138745, 0.80539674), (0.3949002, 8.7098186e-7, 0.918724), (0.26260883, -0.53138745, 0.80539674), (0.425834, -0.24409702, 0.87125313), (0.43911633, 4.3073422e-7, 0.89843017), (-0.10461335, -0.77816457, 0.61928666), (-0.18791313, -0.7788742, 0.5983674), (-0.01332398, -0.9075402, 0.41975376), (-0.013204799, -0.8412464, 0.5404907), (-0.10461335, -0.77816457, 0.61928666), (-0.013204799, -0.8412464, 0.5404907), (-0.010974408, -0.7592045, 0.65075964), (-0.07564562, -0.50890017, 0.8574954), (-0.10461335, -0.77816457, 0.61928666), (-0.07564562, -0.50890017, 0.8574954), (-0.24848896, -0.3734328, 0.89375675), (-0.3486729, -0.4673897, 0.8123878), (-0.10461335, -0.77816457, 0.61928666), (-0.3486729, -0.4673897, 0.8123878), (-0.23317061, -0.7324672, 0.63962746), (-0.18791313, -0.7788742, 0.5983674), (-0.46815285, -7.8834e-7, 0.88364756), (-0.5144662, -6.542344e-7, 0.8575107), (-0.5063667, -0.17673942, 0.8440117), (-0.3486729, -0.4673897, 0.8123878), (-0.46815285, -7.8834e-7, 0.88364756), (-0.3486729, -0.4673897, 0.8123878), (-0.24848896, -0.3734328, 0.89375675), (-0.27875108, -8.0298486e-7, 0.9603634), (-0.46815285, -7.8834e-7, 0.88364756), (-0.27875108, -8.0298486e-7, 0.9603634), (-0.24848974, 0.37342983, 0.8937578), (-0.34867442, 0.46738824, 0.8123881), (-0.46815285, -7.8834e-7, 0.88364756), (-0.34867442, 0.46738824, 0.8123881), (-0.50636786, 0.17673819, 0.8440113), (-0.5144662, -6.542344e-7, 0.8575107), (0.070410796, 0.7939034, 0.6039533), (0.12875687, 0.8188543, 0.5593741), (0.016573615, 0.9036453, 0.427961), (0.019504992, 0.83324724, 0.5525563), (0.070410796, 0.7939034, 0.6039533), (0.019504992, 0.83324724, 0.5525563), (0.01727024, 0.7495328, 0.6617418), (0.050813995, 0.5173877, 0.85424125), (0.070410796, 0.7939034, 0.6039533), (0.050813995, 0.5173877, 0.85424125), (0.16862948, 0.42097858, 0.8912581), (0.26260868, 0.53138924, 0.80539566), (0.070410796, 0.7939034, 0.6039533), (0.26260868, 0.53138924, 0.80539566), (0.15401193, 0.7945428, 0.5873518), (0.12875687, 0.8188543, 0.5593741), (0.03978614, 5.923807e-7, 0.9992083), (0.0020193476, 9.784534e-8, 0.999998), (0.00161636, -0.2477638, 0.9688191), (0.05081488, -0.5173856, 0.8542423), (0.03978614, 5.923807e-7, 0.9992083), (0.05081488, -0.5173856, 0.8542423), (0.16862972, -0.42097968, 0.8912576), (0.21739173, 8.715734e-7, 0.9760844), (0.03978614, 5.923807e-7, 0.9992083), (0.21739173, 8.715734e-7, 0.9760844), (0.16862948, 0.42097858, 0.8912581), (0.050813995, 0.5173877, 0.85424125), (0.03978614, 5.923807e-7, 0.9992083), (0.050813995, 0.5173877, 0.85424125), (0.0016160026, 0.24776436, 0.96881896), (0.0020193476, 9.784534e-8, 0.999998), (0.0016777656, -1.0731691e-7, 0.99999857), (-0.0010560408, 1.0241931e-7, 0.99999946), (-0.00050585694, -0.23171188, 0.97278434), (0.0019054199, -0.23552369, 0.9718667), (0.0016777656, -1.0731691e-7, 0.99999857), (0.0019054199, -0.23552369, 0.9718667), (0.00161636, -0.2477638, 0.9688191), (0.0020193476, 9.784534e-8, 0.999998), (0.0016777656, -1.0731691e-7, 0.99999857), (0.0020193476, 9.784534e-8, 0.999998), (0.0016160026, 0.24776436, 0.96881896), (0.00190542, 0.23552357, 0.9718667), (0.0016777656, -1.0731691e-7, 0.99999857), (0.00190542, 0.23552357, 0.9718667), (-0.0005058674, 0.23171195, 0.97278434), (-0.0010560408, 1.0241931e-7, 0.99999946), (0.017477695, 0.82408327, 0.56619906), (0.027602993, 0.8895638, 0.45597625), (0.0011243303, 0.89804965, 0.4398926), (-0.01094251, 0.8356962, 0.54908293), (0.017477695, 0.82408327, 0.56619906), (-0.01094251, 0.8356962, 0.54908293), (-0.012319862, 0.7520458, 0.6589957), (0.011359236, 0.7380572, 0.67464256), (0.017477695, 0.82408327, 0.56619906), (0.011359236, 0.7380572, 0.67464256), (0.01727024, 0.7495328, 0.6617418), (0.019504992, 0.83324724, 0.5525563), (0.017477695, 0.82408327, 0.56619906), (0.019504992, 0.83324724, 0.5525563), (0.016573615, 0.9036453, 0.427961), (0.027602993, 0.8895638, 0.45597625), (0.07041133, -0.79390377, 0.6039528), (0.1287565, -0.8188524, 0.55937684), (0.15401115, -0.7945405, 0.5873551), (0.26260883, -0.53138745, 0.80539674), (0.07041133, -0.79390377, 0.6039528), (0.26260883, -0.53138745, 0.80539674), (0.16862972, -0.42097968, 0.8912576), (0.05081488, -0.5173856, 0.8542423), (0.07041133, -0.79390377, 0.6039528), (0.05081488, -0.5173856, 0.8542423), (0.01727062, -0.7495303, 0.6617447), (0.019506337, -0.8332466, 0.55255747), (0.07041133, -0.79390377, 0.6039528), (0.019506337, -0.8332466, 0.55255747), (0.016574956, -0.9036454, 0.4279607), (0.1287565, -0.8188524, 0.55937684), (-0.1046142, 0.7781639, 0.6192873), (-0.18791567, 0.778874, 0.598367), (-0.2331738, 0.73246664, 0.63962704), (-0.34867442, 0.46738824, 0.8123881), (-0.1046142, 0.7781639, 0.6192873), (-0.34867442, 0.46738824, 0.8123881), (-0.24848974, 0.37342983, 0.8937578), (-0.07564618, 0.508901, 0.85749483), (-0.1046142, 0.7781639, 0.6192873), (-0.07564618, 0.508901, 0.85749483), (-0.010974057, 0.75920254, 0.6507619), (-0.013204647, 0.841247, 0.5404897), (-0.1046142, 0.7781639, 0.6192873), (-0.013204647, 0.841247, 0.5404897), (-0.013323973, 0.9075407, 0.4197528), (-0.18791567, 0.778874, 0.598367), (-0.06291833, 6.839085e-7, 0.9980187), (-0.27875108, -8.0298486e-7, 0.9603634), (-0.24848896, -0.3734328, 0.89375675), (-0.07564562, -0.50890017, 0.8574954), (-0.06291833, 6.839085e-7, 0.9980187), (-0.07564562, -0.50890017, 0.8574954), (-0.001185202, -0.2492558, 0.968437), (-0.0013451492, 2.202883e-7, 0.99999905), (-0.06291833, 6.839085e-7, 0.9980187), (-0.0013451492, 2.202883e-7, 0.99999905), (-0.0011849772, 0.24925657, 0.9684368), (-0.07564618, 0.508901, 0.85749483), (-0.06291833, 6.839085e-7, 0.9980187), (-0.07564618, 0.508901, 0.85749483), (-0.24848974, 0.37342983, 0.8937578), (-0.27875108, -8.0298486e-7, 0.9603634), (-0.011665658, -0.83349204, 0.55240834), (-0.016869368, -0.90014905, 0.43525526), (-0.00081607216, -0.9025782, 0.43052518), (0.0044317855, -0.8373268, 0.5466847), (-0.011665658, -0.83349204, 0.55240834), (0.0044317855, -0.8373268, 0.5466847), (0.005059522, -0.7548126, 0.655921), (-0.008116593, -0.7487305, 0.66282475), (-0.011665658, -0.83349204, 0.55240834), (-0.008116593, -0.7487305, 0.66282475), (-0.010974408, -0.7592045, 0.65075964), (-0.013204799, -0.8412464, 0.5404907), (-0.011665658, -0.83349204, 0.55240834), (-0.013204799, -0.8412464, 0.5404907), (-0.01332398, -0.9075402, 0.41975376), (-0.016869368, -0.90014905, 0.43525526), (0.017477741, -0.82408226, 0.56620044), (0.027603742, -0.8895643, 0.45597512), (0.016574956, -0.9036454, 0.4279607), (0.019506337, -0.8332466, 0.55255747), (0.017477741, -0.82408226, 0.56620044), (0.019506337, -0.8332466, 0.55255747), (0.01727062, -0.7495303, 0.6617447), (0.011359074, -0.73805624, 0.67464364), (0.017477741, -0.82408226, 0.56620044), (0.011359074, -0.73805624, 0.67464364), (-0.012319944, -0.75204617, 0.6589953), (-0.010942733, -0.83569586, 0.54908353), (0.017477741, -0.82408226, 0.56620044), (-0.010942733, -0.83569586, 0.54908353), (0.0011242067, -0.8980491, 0.43989378), (0.027603742, -0.8895643, 0.45597512), (-0.024127178, 0.85192376, 0.52310973), (-0.031288024, 0.91604817, 0.39984608), (-0.008961762, 0.92027014, 0.391181), (-0.0032643501, 0.85808146, 0.51350325), (-0.024127178, 0.85192376, 0.52310973), (-0.0032643501, 0.85808146, 0.51350325), (-0.0010162529, 0.78173405, 0.62361115), (-0.0179496, 0.7745097, 0.63230735), (-0.024127178, 0.85192376, 0.52310973), (-0.0179496, 0.7745097, 0.63230735), (-0.012319862, 0.7520458, 0.6589957), (-0.01094251, 0.8356962, 0.54908293), (-0.024127178, 0.85192376, 0.52310973), (-0.01094251, 0.8356962, 0.54908293), (0.0011243303, 0.89804965, 0.4398926), (-0.031288024, 0.91604817, 0.39984608), (-0.0023815518, 2.1538543e-7, 0.9999972), (-0.00031930412, 1.7670259e-7, 1), (-0.0005016383, -0.25713953, 0.9663741), (-0.0023607456, -0.2446587, 0.96960646), (-0.0023815518, 2.1538543e-7, 0.9999972), (-0.0023607456, -0.2446587, 0.96960646), (-0.00050585694, -0.23171188, 0.97278434), (-0.0010560408, 1.0241931e-7, 0.99999946), (-0.0023815518, 2.1538543e-7, 0.9999972), (-0.0010560408, 1.0241931e-7, 0.99999946), (-0.0005058674, 0.23171195, 0.97278434), (-0.0023608191, 0.24465916, 0.9696063), (-0.0023815518, 2.1538543e-7, 0.9999972), (-0.0023608191, 0.24465916, 0.9696063), (-0.0005016522, 0.25713986, 0.96637404), (-0.00031930412, 1.7670259e-7, 1), (0.00139586, -9.796836e-9, 0.99999905), (0.00043170026, 7.3244486e-8, 0.99999994), (0.0002082107, -0.23689573, 0.9715351), (0.0013546421, -0.24915211, 0.9684635), (0.00139586, -9.796836e-9, 0.99999905), (0.0013546421, -0.24915211, 0.9684635), (-0.0005016383, -0.25713953, 0.9663741), (-0.00031930412, 1.7670259e-7, 1), (0.00139586, -9.796836e-9, 0.99999905), (-0.00031930412, 1.7670259e-7, 1), (-0.0005016522, 0.25713986, 0.96637404), (0.0013546775, 0.24915203, 0.9684634), (0.00139586, -9.796836e-9, 0.99999905), (0.0013546775, 0.24915203, 0.9684634), (0.00020796378, 0.23689581, 0.971535), (0.00043170026, 7.3244486e-8, 0.99999994), (0.013894532, 0.8498882, 0.5267799), (0.017018558, 0.9133608, 0.40679547), (-0.0008165007, 0.902578, 0.43052563), (0.004431438, 0.8373267, 0.5466848), (0.013894532, 0.8498882, 0.5267799), (0.004431438, 0.8373267, 0.5466848), (0.0050591948, 0.7548129, 0.65592074), (0.010620764, 0.77125525, 0.6364374), (0.013894532, 0.8498882, 0.5267799), (0.010620764, 0.77125525, 0.6364374), (-0.0010162529, 0.78173405, 0.62361115), (-0.0032643501, 0.85808146, 0.51350325), (0.013894532, 0.8498882, 0.5267799), (-0.0032643501, 0.85808146, 0.51350325), (-0.008961762, 0.92027014, 0.391181), (0.017018558, 0.9133608, 0.40679547), (-0.024127131, -0.85192364, 0.52311), (-0.031288233, -0.91604763, 0.3998473), (0.0011242067, -0.8980491, 0.43989378), (-0.010942733, -0.83569586, 0.54908353), (-0.024127131, -0.85192364, 0.52311), (-0.010942733, -0.83569586, 0.54908353), (-0.012319944, -0.75204617, 0.6589953), (-0.017949384, -0.77451015, 0.6323068), (-0.024127131, -0.85192364, 0.52311), (-0.017949384, -0.77451015, 0.6323068), (-0.001016233, -0.7817359, 0.6236088), (-0.0032642626, -0.8580816, 0.51350313), (-0.024127131, -0.85192364, 0.52311), (-0.0032642626, -0.8580816, 0.51350313), (-0.008961664, -0.92026937, 0.3911828), (-0.031288233, -0.91604763, 0.3998473), (-0.011665875, 0.83349055, 0.55241054), (-0.016869549, 0.90014935, 0.4352546), (-0.013323973, 0.9075407, 0.4197528), (-0.013204647, 0.841247, 0.5404897), (-0.011665875, 0.83349055, 0.55241054), (-0.013204647, 0.841247, 0.5404897), (-0.010974057, 0.75920254, 0.6507619), (-0.008117, 0.74872786, 0.6628278), (-0.011665875, 0.83349055, 0.55241054), (-0.008117, 0.74872786, 0.6628278), (0.0050591948, 0.7548129, 0.65592074), (0.004431438, 0.8373267, 0.5466848), (-0.011665875, 0.83349055, 0.55241054), (0.004431438, 0.8373267, 0.5466848), (-0.0008165007, 0.902578, 0.43052563), (-0.016869549, 0.90014935, 0.4352546), (-0.0011409064, 3.4184744e-8, 0.9999993), (-0.0013451492, 2.202883e-7, 0.99999905), (-0.001185202, -0.2492558, 0.968437), (-0.0012137392, -0.2392866, 0.97094816), (-0.0011409064, 3.4184744e-8, 0.9999993), (-0.0012137392, -0.2392866, 0.97094816), (0.0002082107, -0.23689573, 0.9715351), (0.00043170026, 7.3244486e-8, 0.99999994), (-0.0011409064, 3.4184744e-8, 0.9999993), (0.00043170026, 7.3244486e-8, 0.99999994), (0.00020796378, 0.23689581, 0.971535), (-0.0012138012, 0.2392868, 0.9709482), (-0.0011409064, 3.4184744e-8, 0.9999993), (-0.0012138012, 0.2392868, 0.9709482), (-0.0011849772, 0.24925657, 0.9684368), (-0.0013451492, 2.202883e-7, 0.99999905), (0.013894488, -0.8498878, 0.5267806), (0.017018538, -0.9133597, 0.4067978), (-0.008961664, -0.92026937, 0.3911828), (-0.0032642626, -0.8580816, 0.51350313), (0.013894488, -0.8498878, 0.5267806), (-0.0032642626, -0.8580816, 0.51350313), (-0.001016233, -0.7817359, 0.6236088), (0.010620682, -0.77125615, 0.63643634), (0.013894488, -0.8498878, 0.5267806), (0.010620682, -0.77125615, 0.63643634), (0.005059522, -0.7548126, 0.655921), (0.0044317855, -0.8373268, 0.5466847), (0.013894488, -0.8498878, 0.5267806), (0.0044317855, -0.8373268, 0.5466847), (-0.00081607216, -0.9025782, 0.43052518), (0.017018538, -0.9133597, 0.4067978), (-0.45845142, -4.947245e-8, 0.88871944), (-0.5111737, 5.0031865e-8, 0.8594774), (-0.49696878, -0.23410648, 0.83559334), (-0.31448635, -0.5237393, 0.7917042), (-0.45845142, -4.947245e-8, 0.88871944), (-0.31448635, -0.5237393, 0.7917042), (-0.20630994, -0.4140706, 0.88655615), (-0.2569384, 3.0212453e-7, 0.96642774), (-0.45845142, -4.947245e-8, 0.88871944), (-0.2569384, 3.0212453e-7, 0.96642774), (-0.20631035, 0.41407052, 0.8865561), (-0.31448674, 0.5237399, 0.79170364), (-0.45845142, -4.947245e-8, 0.88871944), (-0.31448674, 0.5237399, 0.79170364), (-0.49696857, 0.23410638, 0.8355934), (-0.5111737, 5.0031865e-8, 0.8594774), (0.086026095, 0.77886313, 0.62126625), (0.16143335, 0.7765858, 0.6089776), (0.010752829, 0.9078351, 0.41918936), (0.010886807, 0.8413154, 0.5404349), (0.086026095, 0.77886313, 0.62126625), (0.010886807, 0.8413154, 0.5404349), (0.009143928, 0.7587461, 0.65132236), (0.06186145, 0.5113199, 0.85716116), (0.086026095, 0.77886313, 0.62126625), (0.06186145, 0.5113199, 0.85716116), (0.20530123, 0.3812718, 0.90137845), (0.2932249, 0.47570717, 0.8292899), (0.086026095, 0.77886313, 0.62126625), (0.2932249, 0.47570717, 0.8292899), (0.19333275, 0.73901796, 0.6453487), (0.16143335, 0.7765858, 0.6089776), (0.40231493, 3.4068897e-8, 0.91550136), (0.44220948, 9.169653e-8, 0.8969118), (0.43461055, 0.18459018, 0.88149875), (0.2932249, 0.47570717, 0.8292899), (0.40231493, 3.4068897e-8, 0.91550136), (0.2932249, 0.47570717, 0.8292899), (0.20530123, 0.3812718, 0.90137845), (0.23418242, -7.942275e-8, 0.97219265), (0.40231493, 3.4068897e-8, 0.91550136), (0.23418242, -7.942275e-8, 0.97219265), (0.20530076, -0.3812731, 0.90137804), (0.29322466, -0.4757069, 0.8292903), (0.40231493, 3.4068897e-8, 0.91550136), (0.29322466, -0.4757069, 0.8292903), (0.43461025, -0.18458998, 0.881499), (0.44220948, 9.169653e-8, 0.8969118), (-0.08148225, -0.79646355, 0.5991716), (-0.05977411, -0.5163469, 0.85429096), (-0.20630994, -0.4140706, 0.88655615), (-0.31448635, -0.5237393, 0.7917042), (-0.08148225, -0.79646355, 0.5991716), (-0.31448635, -0.5237393, 0.7917042), (-0.18634985, -0.7900491, 0.5840344), (-0.14888525, -0.8212524, 0.55079734), (-0.050594818, 1.3847277e-7, 0.9987193), (-0.05977423, 0.5163471, 0.8542908), (-0.20631035, 0.41407052, 0.8865561), (-0.2569384, 3.0212453e-7, 0.96642774), (-0.050594818, 1.3847277e-7, 0.9987193), (-0.2569384, 3.0212453e-7, 0.96642774), (-0.20630994, -0.4140706, 0.88655615), (-0.05977411, -0.5163469, 0.85429096), (-0.08148226, 0.7964635, 0.5991716), (-0.14888535, 0.82125306, 0.5507963), (-0.18634988, 0.79005015, 0.58403295), (-0.31448674, 0.5237399, 0.79170364), (-0.08148226, 0.7964635, 0.5991716), (-0.31448674, 0.5237399, 0.79170364), (-0.20631035, 0.41407052, 0.8865561), (-0.05977423, 0.5163471, 0.8542908), (-0.05977423, 0.5163471, 0.8542908), (0.009344276, 0.7781603, 0.6279963), (0.009289247, 0.8549812, 0.51857585), (-0.08148226, 0.7964635, 0.5991716), (0.086025834, -0.77886295, 0.6212665), (0.16143303, -0.776585, 0.60897875), (0.19333233, -0.7390172, 0.6453496), (0.29322466, -0.4757069, 0.8292903), (0.086025834, -0.77886295, 0.6212665), (0.29322466, -0.4757069, 0.8292903), (0.20530076, -0.3812731, 0.90137804), (0.061861247, -0.51131976, 0.85716116), (0.086025834, -0.77886295, 0.6212665), (0.061861247, -0.51131976, 0.85716116), (0.009143844, -0.75874555, 0.6513229), (0.01088686, -0.8413155, 0.5404347), (0.086025834, -0.77886295, 0.6212665), (0.01088686, -0.8413155, 0.5404347), (0.010752995, -0.9078344, 0.41919094), (0.16143303, -0.776585, 0.60897875), (0.04896199, 4.6211e-7, 0.99880064), (0.23418242, -7.942275e-8, 0.97219265), (0.20530123, 0.3812718, 0.90137845), (0.06186145, 0.5113199, 0.85716116), (0.04896199, 4.6211e-7, 0.99880064), (0.06186145, 0.5113199, 0.85716116), (0.00096384675, 0.24945936, 0.9683848), (0.0011154779, 3.6712802e-7, 0.99999934), (0.04896199, 4.6211e-7, 0.99880064), (0.0011154779, 3.6712802e-7, 0.99999934), (0.0009638498, -0.24945849, 0.968385), (0.061861247, -0.51131976, 0.85716116), (0.04896199, 4.6211e-7, 0.99880064), (0.061861247, -0.51131976, 0.85716116), (0.20530076, -0.3812731, 0.90137804), (0.23418242, -7.942275e-8, 0.97219265), (0.008270512, 0.8343116, 0.55123115), (0.0134478845, 0.90054125, 0.43456262), (-0.0022099651, 0.9033677, 0.4288613), (-0.0061127977, 0.83775985, 0.5460046), (0.008270512, 0.8343116, 0.55123115), (-0.0061127977, 0.83775985, 0.5460046), (-0.006077423, 0.7551502, 0.6555237), (0.0052782926, 0.7491385, 0.66239244), (0.008270512, 0.8343116, 0.55123115), (0.0052782926, 0.7491385, 0.66239244), (0.009143928, 0.7587461, 0.65132236), (0.010886807, 0.8413154, 0.5404349), (0.008270512, 0.8343116, 0.55123115), (0.010886807, 0.8413154, 0.5404349), (0.010752829, 0.9078351, 0.41918936), (0.0134478845, 0.90054125, 0.43456262), (0.0092892125, -0.8549812, 0.51857585), (0.0037347071, -0.9146968, 0.4041235), (0.008961651, -0.9202706, 0.39118), (0.0032641967, -0.858082, 0.5135023), (0.0092892125, -0.8549812, 0.51857585), (0.0032641967, -0.858082, 0.5135023), (0.0010161295, -0.78173494, 0.62361), (0.009344219, -0.7781601, 0.62799644), (0.0092892125, -0.8549812, 0.51857585), (-0.08148225, -0.79646355, 0.5991716), (-0.14888525, -0.8212524, 0.55079734), (0.0037347071, -0.9146968, 0.4041235), (-0.05977423, 0.5163471, 0.8542908), (-0.050594818, 1.3847277e-7, 0.9987193), (0.0009621817, -1.7162641e-7, 0.9999995), (0.0006401706, 0.25306794, 0.9674483), (0.0009621817, -1.7162641e-7, 0.9999995), (0.0003192784, -1.2271013e-7, 0.99999994), (0.00050162483, 0.25713986, 0.9663741), (0.0006401706, 0.25306794, 0.9674483), (0.0006401511, -0.2530682, 0.9674482), (0.0009621817, -1.7162641e-7, 0.9999995), (-0.050594818, 1.3847277e-7, 0.9987193), (-0.05977411, -0.5163469, 0.85429096), (0.0009621817, -1.7162641e-7, 0.9999995), (0.0006401511, -0.2530682, 0.9674482), (0.00050161884, -0.2571401, 0.966374), (0.0003192784, -1.2271013e-7, 0.99999994), (-0.0013958547, 0, 0.99999905), (-0.00059576787, 1.5625584e-7, 0.9999998), (-0.00040061184, 0.23692329, 0.9715283), (-0.001354646, 0.24915214, 0.9684634), (-0.0013958547, 0, 0.99999905), (-0.001354646, 0.24915214, 0.9684634), (0.00050162483, 0.25713986, 0.9663741), (0.0003192784, -1.2271013e-7, 0.99999994), (-0.0013958547, 0, 0.99999905), (0.0003192784, -1.2271013e-7, 0.99999994), (0.00050161884, -0.2571401, 0.966374), (-0.0013546603, -0.24915211, 0.9684634), (-0.0013958547, 0, 0.99999905), (-0.0013546603, -0.24915211, 0.9684634), (-0.00040055247, -0.23692283, 0.9715284), (-0.00059576787, 1.5625584e-7, 0.9999998), (-0.013894594, -0.8498885, 0.52677935), (-0.017018653, -0.91336083, 0.40679517), (-0.002209816, -0.90336776, 0.42886102), (-0.006112725, -0.83775973, 0.54600483), (-0.013894594, -0.8498885, 0.52677935), (-0.006112725, -0.83775973, 0.54600483), (-0.0060773618, -0.7551495, 0.6555245), (-0.010620785, -0.77125597, 0.6364366), (-0.013894594, -0.8498885, 0.52677935), (-0.010620785, -0.77125597, 0.6364366), (0.0010161295, -0.78173494, 0.62361), (0.0032641967, -0.858082, 0.5135023), (-0.013894594, -0.8498885, 0.52677935), (0.0032641967, -0.858082, 0.5135023), (0.008961651, -0.9202706, 0.39118), (-0.017018653, -0.91336083, 0.40679517), (0.009344219, -0.7781601, 0.62799644), (-0.05977411, -0.5163469, 0.85429096), (-0.08148225, -0.79646355, 0.5991716), (0.0092892125, -0.8549812, 0.51857585), (-0.08148226, 0.7964635, 0.5991716), (0.009289247, 0.8549812, 0.51857585), (0.0037346696, 0.9146967, 0.4041237), (-0.14888535, 0.82125306, 0.5507963), (0.009289247, 0.8549812, 0.51857585), (0.009344276, 0.7781603, 0.6279963), (0.0010162754, 0.7817347, 0.62361026), (0.0032643673, 0.85808146, 0.5135032), (0.009289247, 0.8549812, 0.51857585), (0.0032643673, 0.85808146, 0.5135032), (0.00896181, 0.92027, 0.39118126), (0.0037346696, 0.9146967, 0.4041237), (0.008270573, -0.8343115, 0.5512313), (0.0134478, -0.9005417, 0.4345616), (0.010752995, -0.9078344, 0.41919094), (0.01088686, -0.8413155, 0.5404347), (0.008270573, -0.8343115, 0.5512313), (0.01088686, -0.8413155, 0.5404347), (0.009143844, -0.75874555, 0.6513229), (0.005278466, -0.74913794, 0.662393), (0.008270573, -0.8343115, 0.5512313), (0.005278466, -0.74913794, 0.662393), (-0.0060773618, -0.7551495, 0.6555245), (-0.006112725, -0.83775973, 0.54600483), (0.008270573, -0.8343115, 0.5512313), (-0.006112725, -0.83775973, 0.54600483), (-0.002209816, -0.90336776, 0.42886102), (0.0134478, -0.9005417, 0.4345616), (0.0007997732, 3.7602194e-7, 0.9999997), (0.0011154779, 3.6712802e-7, 0.99999934), (0.00096384675, 0.24945936, 0.9683848), (0.0009186338, 0.2394571, 0.9709065), (0.0007997732, 3.7602194e-7, 0.9999997), (0.0009186338, 0.2394571, 0.9709065), (-0.00040061184, 0.23692329, 0.9715283), (-0.00059576787, 1.5625584e-7, 0.9999998), (0.0007997732, 3.7602194e-7, 0.9999997), (-0.00059576787, 1.5625584e-7, 0.9999998), (-0.00040055247, -0.23692283, 0.9715284), (0.0009186714, -0.23945646, 0.9709067), (0.0007997732, 3.7602194e-7, 0.9999997), (0.0009186714, -0.23945646, 0.9709067), (0.0009638498, -0.24945849, 0.968385), (0.0011154779, 3.6712802e-7, 0.99999934), (-0.0138944, 0.84988815, 0.52677995), (-0.017018422, 0.9133602, 0.40679657), (0.00896181, 0.92027, 0.39118126), (0.0032643673, 0.85808146, 0.5135032), (-0.0138944, 0.84988815, 0.52677995), (0.0032643673, 0.85808146, 0.5135032), (0.0010162754, 0.7817347, 0.62361026), (-0.010620636, 0.7712561, 0.63643634), (-0.0138944, 0.84988815, 0.52677995), (-0.010620636, 0.7712561, 0.63643634), (-0.006077423, 0.7551502, 0.6555237), (-0.0061127977, 0.83775985, 0.5460046), (-0.0138944, 0.84988815, 0.52677995), (-0.0061127977, 0.83775985, 0.5460046), (-0.0022099651, 0.9033677, 0.4288613), (-0.017018422, 0.9133602, 0.40679657), (0.47145122, 9.893161e-9, 0.88189214), (0.52570885, -1.2347707e-8, 0.85066456), (0.5113859, 0.23183551, 0.8274882), (0.32536712, 0.5220095, 0.788443), (0.47145122, 9.893161e-9, 0.88189214), (0.32536712, 0.5220095, 0.788443), (0.21447065, 0.41254425, 0.88533026), (0.26534155, -1.51231e-8, 0.9641545), (0.47145122, 9.893161e-9, 0.88189214), (0.26534155, -1.51231e-8, 0.9641545), (0.21447071, -0.4125446, 0.88533), (0.3253672, -0.5220095, 0.7884429), (0.47145122, 9.893161e-9, 0.88189214), (0.3253672, -0.5220095, 0.7884429), (0.5113859, -0.23183551, 0.82748824), (0.52570885, -1.2347707e-8, 0.85066456), (-0.104613684, -0.7781641, 0.61928713), (-0.18791375, -0.7788744, 0.59836704), (-0.0133236945, -0.9075405, 0.41975304), (-0.013204583, -0.8412464, 0.5404907), (-0.104613684, -0.7781641, 0.61928713), (-0.013204583, -0.8412464, 0.5404907), (-0.010974155, -0.75920415, 0.65075994), (-0.07564591, -0.5089004, 0.85749525), (-0.104613684, -0.7781641, 0.61928713), (-0.07564591, -0.5089004, 0.85749525), (-0.24848934, -0.3734309, 0.89375746), (-0.34867322, -0.46738914, 0.81238806), (-0.104613684, -0.7781641, 0.61928713), (-0.34867322, -0.46738914, 0.81238806), (-0.23317151, -0.732467, 0.63962734), (-0.18791375, -0.7788744, 0.59836704), (-0.46815267, -1.6545408e-7, 0.8836476), (-0.514466, -5.2107158e-8, 0.8575108), (-0.506367, -0.17673962, 0.8440116), (-0.34867322, -0.46738914, 0.81238806), (-0.46815267, -1.6545408e-7, 0.8836476), (-0.34867322, -0.46738914, 0.81238806), (-0.24848934, -0.3734309, 0.89375746), (-0.27875128, -1.7456192e-7, 0.9603633), (-0.46815267, -1.6545408e-7, 0.8836476), (-0.27875128, -1.7456192e-7, 0.9603633), (-0.24848936, 0.3734309, 0.8937574), (-0.3486734, 0.4673891, 0.812388), (-0.46815267, -1.6545408e-7, 0.8836476), (-0.3486734, 0.4673891, 0.812388), (-0.506367, 0.1767395, 0.8440116), (-0.514466, -5.2107158e-8, 0.8575108), (0.08912254, 0.7934402, 0.6020878), (0.15510766, 0.8202043, 0.5506418), (0.02184889, 0.9029, 0.42929515), (0.024499686, 0.833119, 0.5525509), (0.08912254, 0.7934402, 0.6020878), (0.024499686, 0.833119, 0.5525509), (0.021270001, 0.750385, 0.6606587), (0.06476414, 0.51494014, 0.85477614), (0.08912254, 0.7934402, 0.6020878), (0.06476414, 0.51494014, 0.85477614), (0.21447065, 0.41254425, 0.88533026), (0.32536712, 0.5220095, 0.788443), (0.08912254, 0.7934402, 0.6020878), (0.32536712, 0.5220095, 0.788443), (0.19336665, 0.7889588, 0.58322674), (0.15510766, 0.8202043, 0.5506418), (0.05357187, 2.4746353e-8, 0.998564), (0.0025089628, 3.4248426e-8, 0.99999684), (0.0020888043, -0.2474647, 0.96889466), (0.06476421, -0.51494014, 0.8547762), (0.05357187, 2.4746353e-8, 0.998564), (0.06476421, -0.51494014, 0.8547762), (0.21447071, -0.4125446, 0.88533), (0.26534155, -1.51231e-8, 0.9641545), (0.05357187, 2.4746353e-8, 0.998564), (0.26534155, -1.51231e-8, 0.9641545), (0.21447065, 0.41254425, 0.88533026), (0.06476414, 0.51494014, 0.85477614), (0.05357187, 2.4746353e-8, 0.998564), (0.06476414, 0.51494014, 0.85477614), (0.0020888282, 0.24746473, 0.96889466), (0.0025089628, 3.4248426e-8, 0.99999684), (0.0021580309, 1.4634902e-8, 0.9999977), (-0.001267326, 4.876995e-9, 0.99999917), (-0.00070325244, -0.23180771, 0.9727614), (0.0023713014, -0.23529573, 0.97192097), (0.0021580309, 1.4634902e-8, 0.9999977), (0.0023713014, -0.23529573, 0.97192097), (0.0020888043, -0.2474647, 0.96889466), (0.0025089628, 3.4248426e-8, 0.99999684), (0.0021580309, 1.4634902e-8, 0.9999977), (0.0025089628, 3.4248426e-8, 0.99999684), (0.0020888282, 0.24746473, 0.96889466), (0.0023713014, 0.23529577, 0.97192097), (0.0021580309, 1.4634902e-8, 0.9999977), (0.0023713014, 0.23529577, 0.97192097), (-0.00070325145, 0.23180772, 0.9727614), (-0.001267326, 4.876995e-9, 0.99999917), (0.02226267, 0.823869, 0.56634283), (0.034016058, 0.88949686, 0.45567346), (-0.00072449434, 0.8988517, 0.43825227), (-0.013377089, 0.83564985, 0.5490996), (0.02226267, 0.823869, 0.56634283), (-0.013377089, 0.83564985, 0.5490996), (-0.014311246, 0.7512538, 0.6598583), (0.014911277, 0.73833543, 0.6742688), (0.02226267, 0.823869, 0.56634283), (0.014911277, 0.73833543, 0.6742688), (0.021270001, 0.750385, 0.6606587), (0.024499686, 0.833119, 0.5525509), (0.02226267, 0.823869, 0.56634283), (0.024499686, 0.833119, 0.5525509), (0.02184889, 0.9029, 0.42929515), (0.034016058, 0.88949686, 0.45567346), (0.089122646, -0.7934404, 0.6020876), (0.15510784, -0.8202044, 0.5506417), (0.19336683, -0.7889587, 0.5832267), (0.3253672, -0.5220095, 0.7884429), (0.089122646, -0.7934404, 0.6020876), (0.3253672, -0.5220095, 0.7884429), (0.21447071, -0.4125446, 0.88533), (0.06476421, -0.51494014, 0.8547762), (0.089122646, -0.7934404, 0.6020876), (0.06476421, -0.51494014, 0.8547762), (0.021270126, -0.750385, 0.6606587), (0.024499815, -0.83311886, 0.5525511), (0.089122646, -0.7934404, 0.6020876), (0.024499815, -0.83311886, 0.5525511), (0.021849025, -0.9028999, 0.42929536), (0.15510784, -0.8202044, 0.5506417), (-0.1046138, 0.77816427, 0.61928695), (-0.18791386, 0.77887446, 0.59836686), (-0.2331716, 0.7324672, 0.63962704), (-0.3486734, 0.4673891, 0.812388), (-0.1046138, 0.77816427, 0.61928695), (-0.3486734, 0.4673891, 0.812388), (-0.24848936, 0.3734309, 0.8937574), (-0.07564596, 0.50890034, 0.8574953), (-0.1046138, 0.77816427, 0.61928695), (-0.07564596, 0.50890034, 0.8574953), (-0.0109743485, 0.7592041, 0.6507602), (-0.013204807, 0.8412464, 0.5404907), (-0.1046138, 0.77816427, 0.61928695), (-0.013204807, 0.8412464, 0.5404907), (-0.013323919, 0.9075405, 0.41975307), (-0.18791386, 0.77887446, 0.59836686), (-0.062918544, -1.0407303e-7, 0.9980187), (-0.27875128, -1.7456192e-7, 0.9603633), (-0.24848934, -0.3734309, 0.89375746), (-0.07564591, -0.5089004, 0.85749525), (-0.062918544, -1.0407303e-7, 0.9980187), (-0.07564591, -0.5089004, 0.85749525), (-0.0011851025, -0.24925615, 0.96843684), (-0.0013451693, -1.2238237e-7, 0.99999905), (-0.062918544, -1.0407303e-7, 0.9980187), (-0.0013451693, -1.2238237e-7, 0.99999905), (-0.0011851452, 0.24925594, 0.9684369), (-0.07564596, 0.50890034, 0.8574953), (-0.062918544, -1.0407303e-7, 0.9980187), (-0.07564596, 0.50890034, 0.8574953), (-0.24848936, 0.3734309, 0.8937574), (-0.27875128, -1.7456192e-7, 0.9603633), (-0.011132232, -0.8337075, 0.552094), (-0.0165577, -0.90024763, 0.43506327), (-0.001389901, -0.9026339, 0.4304069), (0.003083424, -0.83715725, 0.5469536), (-0.011132232, -0.8337075, 0.552094), (0.003083424, -0.83715725, 0.5469536), (0.003684494, -0.7546866, 0.65607506), (-0.0075847856, -0.74893486, 0.66260016), (-0.011132232, -0.8337075, 0.552094), (-0.0075847856, -0.74893486, 0.66260016), (-0.010974155, -0.75920415, 0.65075994), (-0.013204583, -0.8412464, 0.5404907), (-0.011132232, -0.8337075, 0.552094), (-0.013204583, -0.8412464, 0.5404907), (-0.0133236945, -0.9075405, 0.41975304), (-0.0165577, -0.90024763, 0.43506327), (0.022262832, -0.823869, 0.56634283), (0.034016207, -0.88949674, 0.4556736), (0.021849025, -0.9028999, 0.42929536), (0.024499815, -0.83311886, 0.5525511), (0.022262832, -0.823869, 0.56634283), (0.024499815, -0.83311886, 0.5525511), (0.021270126, -0.750385, 0.6606587), (0.014911422, -0.73833543, 0.67426884), (0.022262832, -0.823869, 0.56634283), (0.014911422, -0.73833543, 0.67426884), (-0.014311072, -0.75125366, 0.6598584), (-0.013376929, -0.83564985, 0.5490996), (0.022262832, -0.823869, 0.56634283), (-0.013376929, -0.83564985, 0.5490996), (-0.00072430866, -0.8988518, 0.43825215), (0.034016207, -0.88949674, 0.4556736), (-0.027572395, 0.8512478, 0.5240391), (-0.036933213, 0.91575056, 0.400046), (-0.009513325, 0.9197447, 0.3924018), (-0.0049542533, 0.85785973, 0.51386005), (-0.027572395, 0.8512478, 0.5240391), (-0.0049542533, 0.85785973, 0.51386005), (-0.0027983943, 0.7815475, 0.6238395), (-0.02009815, 0.7732095, 0.6338321), (-0.027572395, 0.8512478, 0.5240391), (-0.02009815, 0.7732095, 0.6338321), (-0.014311246, 0.7512538, 0.6598583), (-0.013377089, 0.83564985, 0.5490996), (-0.027572395, 0.8512478, 0.5240391), (-0.013377089, 0.83564985, 0.5490996), (-0.00072449434, 0.8988517, 0.43825227), (-0.036933213, 0.91575056, 0.400046), (-0.0026974268, 2.4473923e-8, 0.9999963), (-0.00049951253, 4.9083595e-9, 0.99999994), (-0.0006140483, -0.2571332, 0.96637577), (-0.002721322, -0.24484417, 0.9695586), (-0.0026974268, 2.4473923e-8, 0.9999963), (-0.002721322, -0.24484417, 0.9695586), (-0.00070325244, -0.23180771, 0.9727614), (-0.001267326, 4.876995e-9, 0.99999917), (-0.0026974268, 2.4473923e-8, 0.9999963), (-0.001267326, 4.876995e-9, 0.99999917), (-0.00070325145, 0.23180772, 0.9727614), (-0.0027213965, 0.24484418, 0.9695586), (-0.0026974268, 2.4473923e-8, 0.9999963), (-0.0027213965, 0.24484418, 0.9695586), (-0.0006141255, 0.2571332, 0.96637577), (-0.00049951253, 4.9083595e-9, 0.99999994), (0.0010680896, -3.4289446e-8, 0.99999934), (0.00029112172, -2.9297778e-8, 0.99999994), (0.000111111265, -0.23689196, 0.971536), (0.0010369841, -0.24910831, 0.96847504), (0.0010680896, -3.4289446e-8, 0.99999934), (0.0010369841, -0.24910831, 0.96847504), (-0.0006140483, -0.2571332, 0.96637577), (-0.00049951253, 4.9083595e-9, 0.99999994), (0.0010680896, -3.4289446e-8, 0.99999934), (-0.00049951253, 4.9083595e-9, 0.99999994), (-0.0006141255, 0.2571332, 0.96637577), (0.0010369472, 0.24910827, 0.96847504), (0.0010680896, -3.4289446e-8, 0.99999934), (0.0010369472, 0.24910827, 0.96847504), (0.0001111395, 0.23689193, 0.97153604), (0.00029112172, -2.9297778e-8, 0.99999994), (0.010849153, 0.8499084, 0.5268189), (0.013396243, 0.9132612, 0.40715423), (-0.0013896507, 0.90263414, 0.43040633), (0.003083522, 0.83715725, 0.54695356), (0.010849153, 0.8499084, 0.5268189), (0.003083522, 0.83715725, 0.54695356), (0.0036845196, 0.7546866, 0.6560751), (0.008203882, 0.7714827, 0.6361974), (0.010849153, 0.8499084, 0.5268189), (0.008203882, 0.7714827, 0.6361974), (-0.0027983943, 0.7815475, 0.6238395), (-0.0049542533, 0.85785973, 0.51386005), (0.010849153, 0.8499084, 0.5268189), (-0.0049542533, 0.85785973, 0.51386005), (-0.009513325, 0.9197447, 0.3924018), (0.013396243, 0.9132612, 0.40715423), (-0.027572263, -0.8512478, 0.5240391), (-0.0369331, -0.9157506, 0.40004587), (-0.00072430866, -0.8988518, 0.43825215), (-0.013376929, -0.83564985, 0.5490996), (-0.027572263, -0.8512478, 0.5240391), (-0.013376929, -0.83564985, 0.5490996), (-0.014311072, -0.75125366, 0.6598584), (-0.020098032, -0.7732095, 0.63383216), (-0.027572263, -0.8512478, 0.5240391), (-0.020098032, -0.7732095, 0.63383216), (-0.0027982802, -0.78154755, 0.62383944), (-0.004954121, -0.85785985, 0.5138599), (-0.027572263, -0.8512478, 0.5240391), (-0.004954121, -0.85785985, 0.5138599), (-0.009513185, -0.9197448, 0.3924016), (-0.0369331, -0.9157506, 0.40004587), (-0.0111321295, 0.83370775, 0.55209374), (-0.016557783, 0.90024775, 0.43506294), (-0.013323919, 0.9075405, 0.41975307), (-0.013204807, 0.8412464, 0.5404907), (-0.0111321295, 0.83370775, 0.55209374), (-0.013204807, 0.8412464, 0.5404907), (-0.0109743485, 0.7592041, 0.6507602), (-0.0075846105, 0.7489347, 0.6626004), (-0.0111321295, 0.83370775, 0.55209374), (-0.0075846105, 0.7489347, 0.6626004), (0.0036845196, 0.7546866, 0.6560751), (0.003083522, 0.83715725, 0.54695356), (-0.0111321295, 0.83370775, 0.55209374), (0.003083522, 0.83715725, 0.54695356), (-0.0013896507, 0.90263414, 0.43040633), (-0.016557783, 0.90024775, 0.43506294), (-0.0010830165, -4.3951925e-8, 0.99999946), (-0.0013451693, -1.2238237e-7, 0.99999905), (-0.0011851025, -0.24925615, 0.96843684), (-0.0011713763, -0.23929565, 0.970946), (-0.0010830165, -4.3951925e-8, 0.99999946), (-0.0011713763, -0.23929565, 0.970946), (0.000111111265, -0.23689196, 0.971536), (0.00029112172, -2.9297778e-8, 0.99999994), (-0.0010830165, -4.3951925e-8, 0.99999946), (0.00029112172, -2.9297778e-8, 0.99999994), (0.0001111395, 0.23689193, 0.97153604), (-0.0011713979, 0.23929554, 0.9709461), (-0.0010830165, -4.3951925e-8, 0.99999946), (-0.0011713979, 0.23929554, 0.9709461), (-0.0011851452, 0.24925594, 0.9684369), (-0.0013451693, -1.2238237e-7, 0.99999905), (0.010849315, -0.8499084, 0.52681875), (0.013396425, -0.9132612, 0.40715414), (-0.009513185, -0.9197448, 0.3924016), (-0.004954121, -0.85785985, 0.5138599), (0.010849315, -0.8499084, 0.52681875), (-0.004954121, -0.85785985, 0.5138599), (-0.0027982802, -0.78154755, 0.62383944), (0.00820402, -0.7714827, 0.6361973), (0.010849315, -0.8499084, 0.52681875), (0.00820402, -0.7714827, 0.6361973), (0.003684494, -0.7546866, 0.65607506), (0.003083424, -0.83715725, 0.5469536), (0.010849315, -0.8499084, 0.52681875), (0.003083424, -0.83715725, 0.5469536), (-0.001389901, -0.9026339, 0.4304069), (0.013396425, -0.9132612, 0.40715414), (-0.59497297, 6.412503e-8, 0.8037457), (-0.658946, 7.8371144e-8, 0.7521903), (-0.64478374, -0.20620932, 0.7360241), (-0.43354863, -0.5020294, 0.74833286), (-0.59497297, 6.412503e-8, 0.8037457), (-0.43354863, -0.5020294, 0.74833286), (-0.30149263, -0.39553905, 0.8675546), (-0.35193118, -5.6077276e-8, 0.9360259), (-0.59497297, 6.412503e-8, 0.8037457), (-0.35193118, -5.6077276e-8, 0.9360259), (-0.3014929, 0.39554006, 0.8675541), (-0.43354872, 0.5020298, 0.7483326), (-0.59497297, 6.412503e-8, 0.8037457), (-0.43354872, 0.5020298, 0.7483326), (-0.6447838, 0.20620948, 0.7360241), (-0.658946, 7.8371144e-8, 0.7521903), (0.08602597, 0.77886325, 0.62126607), (0.16143338, 0.77658635, 0.60897684), (0.010753021, 0.90783536, 0.41918895), (0.0108869625, 0.8413154, 0.5404349), (0.08602597, 0.77886325, 0.62126607), (0.0108869625, 0.8413154, 0.5404349), (0.009143823, 0.7587456, 0.6513229), (0.061861526, 0.5113191, 0.8571615), (0.08602597, 0.77886325, 0.62126607), (0.061861526, 0.5113191, 0.8571615), (0.20530097, 0.38127214, 0.9013784), (0.29322487, 0.4757076, 0.8292897), (0.08602597, 0.77886325, 0.62126607), (0.29322487, 0.4757076, 0.8292897), (0.1933327, 0.7390187, 0.6453478), (0.16143338, 0.77658635, 0.60897684), (0.4023148, -3.40689e-8, 0.9155014), (0.44220948, -3.056551e-8, 0.8969118), (0.4346104, 0.18459006, 0.88149893), (0.29322487, 0.4757076, 0.8292897), (0.4023148, -3.40689e-8, 0.9155014), (0.29322487, 0.4757076, 0.8292897), (0.20530097, 0.38127214, 0.9013784), (0.23418221, 3.9711374e-8, 0.97219276), (0.4023148, -3.40689e-8, 0.9155014), (0.23418221, 3.9711374e-8, 0.97219276), (0.20530094, -0.38127208, 0.90137845), (0.2932247, -0.47570685, 0.8292903), (0.4023148, -3.40689e-8, 0.9155014), (0.2932247, -0.47570685, 0.8292903), (0.43461037, -0.18459012, 0.8814989), (0.44220948, -3.056551e-8, 0.8969118), (-0.12146477, 0.7962836, 0.5926033), (-0.012700506, 0.8466887, 0.53193694), (-0.015154548, 0.9113135, 0.41143432), (-0.19855988, 0.8232798, 0.53177464), (-0.09145132, 0.5136956, 0.8530847), (-0.010428178, 0.7667982, 0.6418035), (-0.012700506, 0.8466887, 0.53193694), (-0.12146477, 0.7962836, 0.5926033), (-0.12146508, -0.79628295, 0.5926043), (-0.091451794, -0.51369566, 0.8530846), (-0.30149263, -0.39553905, 0.8675546), (-0.43354863, -0.5020294, 0.74833286), (-0.12146508, -0.79628295, 0.5926043), (-0.43354863, -0.5020294, 0.74833286), (-0.2690739, -0.77447885, 0.57252216), (-0.1985602, -0.8232796, 0.5317748), (-0.010428823, -0.7667987, 0.6418029), (-0.091451794, -0.51369566, 0.8530846), (-0.12146508, -0.79628295, 0.5926043), (-0.012700961, -0.8466886, 0.531937), (-0.08075626, 1.045384e-7, 0.99673384), (-0.09145132, 0.5136956, 0.8530847), (-0.3014929, 0.39554006, 0.8675541), (-0.35193118, -5.6077276e-8, 0.9360259), (-0.08075626, 1.045384e-7, 0.99673384), (-0.35193118, -5.6077276e-8, 0.9360259), (-0.30149263, -0.39553905, 0.8675546), (-0.091451794, -0.51369566, 0.8530846), (-0.012700961, -0.8466886, 0.531937), (-0.12146508, -0.79628295, 0.5926043), (-0.1985602, -0.8232796, 0.5317748), (-0.015154864, -0.91131306, 0.41143498), (-0.001470769, -0.24655968, 0.96912646), (-0.001520701, -7.83166e-8, 0.9999988), (-0.08075626, 1.045384e-7, 0.99673384), (-0.091451794, -0.51369566, 0.8530846), (-0.12146477, 0.7962836, 0.5926033), (-0.19855988, 0.8232798, 0.53177464), (-0.26907358, 0.7744789, 0.5725222), (-0.43354872, 0.5020298, 0.7483326), (-0.12146477, 0.7962836, 0.5926033), (-0.43354872, 0.5020298, 0.7483326), (-0.3014929, 0.39554006, 0.8675541), (-0.09145132, 0.5136956, 0.8530847), (0.08602602, -0.77886254, 0.621267), (0.16143341, -0.77658504, 0.6089786), (0.19333284, -0.73901725, 0.6453495), (0.2932247, -0.47570685, 0.8292903), (0.08602602, -0.77886254, 0.621267), (0.2932247, -0.47570685, 0.8292903), (0.20530094, -0.38127208, 0.90137845), (0.06186136, -0.5113197, 0.85716116), (0.08602602, -0.77886254, 0.621267), (0.06186136, -0.5113197, 0.85716116), (0.00914382, -0.75874555, 0.6513229), (0.010886795, -0.8413151, 0.5404354), (0.08602602, -0.77886254, 0.621267), (0.010886795, -0.8413151, 0.5404354), (0.010752873, -0.9078343, 0.4191912), (0.16143341, -0.77658504, 0.6089786), (0.048962075, 8.896235e-8, 0.99880064), (0.23418221, 3.9711374e-8, 0.97219276), (0.20530097, 0.38127214, 0.9013784), (0.061861526, 0.5113191, 0.8571615), (0.048962075, 8.896235e-8, 0.99880064), (0.061861526, 0.5113191, 0.8571615), (0.0009638784, 0.24945895, 0.96838486), (0.0011154753, 1.1748095e-7, 0.99999934), (0.048962075, 8.896235e-8, 0.99880064), (0.0011154753, 1.1748095e-7, 0.99999934), (0.0009638321, -0.2494588, 0.968385), (0.06186136, -0.5113197, 0.85716116), (0.048962075, 8.896235e-8, 0.99880064), (0.06186136, -0.5113197, 0.85716116), (0.20530094, -0.38127208, 0.90137845), (0.23418221, 3.9711374e-8, 0.97219276), (0.008270421, 0.8343117, 0.5512309), (0.013447847, 0.90054184, 0.43456134), (-0.0022099677, 0.9033682, 0.4288602), (-0.006112778, 0.83776027, 0.54600406), (0.008270421, 0.8343117, 0.5512309), (-0.006112778, 0.83776027, 0.54600406), (-0.0060774116, 0.7551497, 0.65552413), (0.0052782996, 0.74913836, 0.6623925), (0.008270421, 0.8343117, 0.5512309), (0.0052782996, 0.74913836, 0.6623925), (0.009143823, 0.7587456, 0.6513229), (0.0108869625, 0.8413154, 0.5404349), (0.008270421, 0.8343117, 0.5512309), (0.0108869625, 0.8413154, 0.5404349), (0.010753021, 0.90783536, 0.41918895), (0.013447847, 0.90054184, 0.43456134), (-0.001520701, -7.83166e-8, 0.9999988), (-0.0005957642, -2.1973477e-7, 0.9999998), (-0.00040058035, 0.23692276, 0.9715284), (-0.0014705244, 0.24655963, 0.9691265), (-0.001520701, -7.83166e-8, 0.9999988), (-0.001470769, -0.24655968, 0.96912646), (-0.00040057054, -0.23692317, 0.9715283), (-0.0005957642, -2.1973477e-7, 0.9999998), (-0.012700961, -0.8466886, 0.531937), (-0.015154864, -0.91131306, 0.41143498), (-0.0022098362, -0.903368, 0.42886066), (-0.006112744, -0.8377601, 0.5460042), (-0.012700961, -0.8466886, 0.531937), (-0.006112744, -0.8377601, 0.5460042), (-0.0060773976, -0.7551499, 0.655524), (-0.010428823, -0.7667987, 0.6418029), (0.008270578, -0.8343114, 0.5512314), (0.013447793, -0.900541, 0.4345631), (0.010752873, -0.9078343, 0.4191912), (0.010886795, -0.8413151, 0.5404354), (0.008270578, -0.8343114, 0.5512314), (0.010886795, -0.8413151, 0.5404354), (0.00914382, -0.75874555, 0.6513229), (0.0052785017, -0.7491384, 0.6623925), (0.008270578, -0.8343114, 0.5512314), (0.0052785017, -0.7491384, 0.6623925), (-0.0060773976, -0.7551499, 0.655524), (-0.006112744, -0.8377601, 0.5460042), (0.008270578, -0.8343114, 0.5512314), (-0.006112744, -0.8377601, 0.5460042), (-0.0022098362, -0.903368, 0.42886066), (0.013447793, -0.900541, 0.4345631), (0.0007997715, -1.4161866e-7, 0.9999997), (0.0011154753, 1.1748095e-7, 0.99999934), (0.0009638784, 0.24945895, 0.96838486), (0.00091861404, 0.23945667, 0.9709066), (0.0007997715, -1.4161866e-7, 0.9999997), (0.00091861404, 0.23945667, 0.9709066), (-0.00040058035, 0.23692276, 0.9715284), (-0.0005957642, -2.1973477e-7, 0.9999998), (0.0007997715, -1.4161866e-7, 0.9999997), (-0.0005957642, -2.1973477e-7, 0.9999998), (-0.00040057054, -0.23692317, 0.9715283), (0.0009186788, -0.23945685, 0.9709066), (0.0007997715, -1.4161866e-7, 0.9999997), (0.0009186788, -0.23945685, 0.9709066), (0.0009638321, -0.2494588, 0.968385), (0.0011154753, 1.1748095e-7, 0.99999934), (-0.012700506, 0.8466887, 0.53193694), (-0.010428178, 0.7667982, 0.6418035), (-0.0060774116, 0.7551497, 0.65552413), (-0.006112778, 0.83776027, 0.54600406), (-0.012700506, 0.8466887, 0.53193694), (-0.006112778, 0.83776027, 0.54600406), (-0.0022099677, 0.9033682, 0.4288602), (-0.015154548, 0.9113135, 0.41143432), (0.47145113, 2.9679484e-8, 0.88189214), (0.5257085, 4.9390824e-8, 0.8506648), (0.5113857, 0.23183551, 0.8274883), (0.32536724, 0.52200884, 0.7884434), (0.47145113, 2.9679484e-8, 0.88189214), (0.32536724, 0.52200884, 0.7884434), (0.21447039, 0.41254452, 0.8853301), (0.2653418, 2.0164136e-7, 0.9641545), (0.47145113, 2.9679484e-8, 0.88189214), (0.2653418, 2.0164136e-7, 0.9641545), (0.21447082, -0.41254506, 0.8853298), (0.325367, -0.5220094, 0.7884431), (0.47145113, 2.9679484e-8, 0.88189214), (0.325367, -0.5220094, 0.7884431), (0.5113855, -0.23183542, 0.8274885), (0.5257085, 4.9390824e-8, 0.8506648), (-0.113961175, 0.5033693, 0.8565234), (-0.0018584545, 0.7767197, 0.62984365), (-0.0019721733, 0.85370743, 0.5207491), (-0.15303242, 0.7764826, 0.611274), (-0.15303211, -0.7764826, 0.611274), (-0.113960594, -0.50336987, 0.8565231), (-0.35516256, -0.35259396, 0.8657581), (-0.4737933, -0.44383866, 0.7606098), (-0.15303211, -0.7764826, 0.611274), (-0.4737933, -0.44383866, 0.7606098), (-0.3330261, -0.7102341, 0.62021047), (-0.2472689, -0.78262347, 0.57127804), (-0.6087853, -4.1769357e-7, 0.7933351), (-0.6621889, -2.563041e-7, 0.7493369), (-0.6541833, -0.15501793, 0.7402794), (-0.4737933, -0.44383866, 0.7606098), (-0.6087853, -4.1769357e-7, 0.7933351), (-0.4737933, -0.44383866, 0.7606098), (-0.35516256, -0.35259396, 0.8657581), (-0.38460183, -6.023734e-7, 0.9230826), (-0.6087853, -4.1769357e-7, 0.7933351), (-0.38460183, -6.023734e-7, 0.9230826), (-0.35516182, 0.35259533, 0.86575776), (-0.47379372, 0.44383708, 0.76061034), (-0.6087853, -4.1769357e-7, 0.7933351), (-0.47379372, 0.44383708, 0.76061034), (-0.654185, 0.15501735, 0.740278), (-0.6621889, -2.563041e-7, 0.7493369), (0.0891222, 0.7934395, 0.6020888), (0.1551077, 0.82020366, 0.5506428), (0.02184863, 0.9028998, 0.42929557), (0.02449912, 0.83311844, 0.5525518), (0.0891222, 0.7934395, 0.6020888), (0.02449912, 0.83311844, 0.5525518), (0.021269497, 0.75038284, 0.6606611), (0.064763926, 0.51493925, 0.8547767), (0.0891222, 0.7934395, 0.6020888), (0.064763926, 0.51493925, 0.8547767), (0.21447039, 0.41254452, 0.8853301), (0.32536724, 0.52200884, 0.7884434), (0.0891222, 0.7934395, 0.6020888), (0.32536724, 0.52200884, 0.7884434), (0.19336672, 0.7889579, 0.5832279), (0.1551077, 0.82020366, 0.5506428), (0.05357191, 2.8705776e-7, 0.998564), (0.0025089656, -1.17423205e-7, 0.99999684), (0.0020890532, -0.24746501, 0.96889454), (0.06476462, -0.51494014, 0.85477614), (0.05357191, 2.8705776e-7, 0.998564), (0.06476462, -0.51494014, 0.85477614), (0.21447082, -0.41254506, 0.8853298), (0.2653418, 2.0164136e-7, 0.9641545), (0.05357191, 2.8705776e-7, 0.998564), (0.2653418, 2.0164136e-7, 0.9641545), (0.21447039, 0.41254452, 0.8853301), (0.064763926, 0.51493925, 0.8547767), (0.05357191, 2.8705776e-7, 0.998564), (0.064763926, 0.51493925, 0.8547767), (0.0020886292, 0.24746507, 0.9688946), (0.0025089656, -1.17423205e-7, 0.99999684), (0.0021580416, -5.366131e-8, 0.9999977), (-0.0012673236, -1.3655585e-7, 0.99999917), (-0.000703258, -0.2318078, 0.97276133), (0.0023712837, -0.23529579, 0.9719209), (0.0021580416, -5.366131e-8, 0.9999977), (0.0023712837, -0.23529579, 0.9719209), (0.0020890532, -0.24746501, 0.96889454), (0.0025089656, -1.17423205e-7, 0.99999684), (0.0021580416, -5.366131e-8, 0.9999977), (0.0025089656, -1.17423205e-7, 0.99999684), (0.0020886292, 0.24746507, 0.9688946), (0.002371311, 0.23529573, 0.9719209), (0.0021580416, -5.366131e-8, 0.9999977), (0.002371311, 0.23529573, 0.9719209), (-0.0007032201, 0.23180756, 0.9727614), (-0.0012673236, -1.3655585e-7, 0.99999917), (0.022262597, 0.8238682, 0.5663441), (0.034015335, 0.8894972, 0.45567277), (-0.00072417915, 0.89885193, 0.43825173), (-0.013376943, 0.8356503, 0.5490989), (0.022262597, 0.8238682, 0.5663441), (-0.013376943, 0.8356503, 0.5490989), (-0.014311259, 0.7512538, 0.65985835), (0.014911551, 0.73833424, 0.67427015), (0.022262597, 0.8238682, 0.5663441), (0.014911551, 0.73833424, 0.67427015), (0.021269497, 0.75038284, 0.6606611), (0.02449912, 0.83311844, 0.5525518), (0.022262597, 0.8238682, 0.5663441), (0.02449912, 0.83311844, 0.5525518), (0.02184863, 0.9028998, 0.42929557), (0.034015335, 0.8894972, 0.45567277), (0.089122705, -0.7934409, 0.602087), (0.15510751, -0.82020426, 0.550642), (0.1933664, -0.78895843, 0.5832273), (0.325367, -0.5220094, 0.7884431), (0.089122705, -0.7934409, 0.602087), (0.325367, -0.5220094, 0.7884431), (0.21447082, -0.41254506, 0.8853298), (0.06476462, -0.51494014, 0.85477614), (0.089122705, -0.7934409, 0.602087), (0.06476462, -0.51494014, 0.85477614), (0.021270607, -0.750385, 0.66065866), (0.024500666, -0.83311886, 0.55255103), (0.089122705, -0.7934409, 0.602087), (0.024500666, -0.83311886, 0.55255103), (0.02184928, -0.9029002, 0.4292945), (0.15510751, -0.82020426, 0.550642), (-0.15303242, 0.7764826, 0.611274), (-0.24726859, 0.7826215, 0.5712807), (-0.33302534, 0.7102318, 0.62021375), (-0.47379372, 0.44383708, 0.76061034), (-0.15303242, 0.7764826, 0.611274), (-0.47379372, 0.44383708, 0.76061034), (-0.35516182, 0.35259533, 0.86575776), (-0.113961175, 0.5033693, 0.8565234), (-0.09997939, -5.4457547e-7, 0.9949895), (-0.38460183, -6.023734e-7, 0.9230826), (-0.35516256, -0.35259396, 0.8657581), (-0.113960594, -0.50336987, 0.8565231), (-0.09997939, -5.4457547e-7, 0.9949895), (-0.113961175, 0.5033693, 0.8565234), (-0.35516182, 0.35259533, 0.86575776), (-0.38460183, -6.023734e-7, 0.9230826), (0.022263091, -0.8238694, 0.56634223), (0.034017157, -0.88949686, 0.45567322), (0.02184928, -0.9029002, 0.4292945), (0.024500666, -0.83311886, 0.55255103), (0.022263091, -0.8238694, 0.56634223), (0.024500666, -0.83311886, 0.55255103), (0.021270607, -0.750385, 0.66065866), (0.014911521, -0.73833483, 0.6742694), (0.022263091, -0.8238694, 0.56634223), (0.014911521, -0.73833483, 0.6742694), (-0.014311253, -0.7512535, 0.6598587), (-0.013376942, -0.83564967, 0.54909986), (0.022263091, -0.8238694, 0.56634223), (-0.013376942, -0.83564967, 0.54909986), (-0.0007243697, -0.8988524, 0.43825093), (0.034017157, -0.88949686, 0.45567322), (-0.027572488, 0.85124844, 0.524038), (-0.036933392, 0.91575164, 0.4000436), (-0.009513217, 0.9197454, 0.39240015), (-0.0049541164, 0.85786, 0.51385957), (-0.027572488, 0.85124844, 0.524038), (-0.0049541164, 0.85786, 0.51385957), (-0.002798262, 0.78154683, 0.6238403), (-0.02009813, 0.77320987, 0.6338317), (-0.027572488, 0.85124844, 0.524038), (-0.02009813, 0.77320987, 0.6338317), (-0.014311259, 0.7512538, 0.65985835), (-0.013376943, 0.8356503, 0.5490989), (-0.027572488, 0.85124844, 0.524038), (-0.013376943, 0.8356503, 0.5490989), (-0.00072417915, 0.89885193, 0.43825173), (-0.036933392, 0.91575164, 0.4000436), (-0.0026974336, -5.726898e-7, 0.9999963), (-0.00049950293, -5.3991954e-7, 0.99999994), (-0.00061407784, -0.25713375, 0.9663756), (-0.0027213567, -0.2448448, 0.9695585), (-0.0026974336, -5.726898e-7, 0.9999963), (-0.0027213567, -0.2448448, 0.9695585), (-0.000703258, -0.2318078, 0.97276133), (-0.0012673236, -1.3655585e-7, 0.99999917), (-0.0026974336, -5.726898e-7, 0.9999963), (-0.0012673236, -1.3655585e-7, 0.99999917), (-0.0007032201, 0.23180756, 0.9727614), (-0.0027213858, 0.24484384, 0.9695587), (-0.0026974336, -5.726898e-7, 0.9999963), (-0.0027213858, 0.24484384, 0.9695587), (-0.0006140752, 0.25713268, 0.9663759), (-0.00049950293, -5.3991954e-7, 0.99999994), (-0.113961175, 0.5033693, 0.8565234), (-0.09997939, -5.4457547e-7, 0.9949895), (-0.00054164755, -7.359332e-8, 0.9999998), (-0.0006071477, 0.25548238, 0.9668135), (-0.00054164755, -7.359332e-8, 0.9999998), (-0.0006066872, -0.25548276, 0.9668134), (-0.00061407784, -0.25713375, 0.9663756), (-0.00049950293, -5.3991954e-7, 0.99999994), (-0.00054164755, -7.359332e-8, 0.9999998), (-0.00049950293, -5.3991954e-7, 0.99999994), (-0.0006140752, 0.25713268, 0.9663759), (-0.0006071477, 0.25548238, 0.9668135), (-0.0018574077, -0.7767206, 0.6298426), (-0.113960594, -0.50336987, 0.8565231), (-0.15303211, -0.7764826, 0.611274), (-0.001971336, -0.85370785, 0.5207486), (-0.0006066872, -0.25548276, 0.9668134), (-0.00054164755, -7.359332e-8, 0.9999998), (-0.09997939, -5.4457547e-7, 0.9949895), (-0.113960594, -0.50336987, 0.8565231), (-0.15303242, 0.7764826, 0.611274), (-0.0019721733, 0.85370743, 0.5207491), (-0.0031325058, 0.91483074, 0.40382528), (-0.24726859, 0.7826215, 0.5712807), (-0.0019721733, 0.85370743, 0.5207491), (-0.0018584545, 0.7767197, 0.62984365), (-0.002798262, 0.78154683, 0.6238403), (-0.0049541164, 0.85786, 0.51385957), (-0.0019721733, 0.85370743, 0.5207491), (-0.0049541164, 0.85786, 0.51385957), (-0.009513217, 0.9197454, 0.39240015), (-0.0031325058, 0.91483074, 0.40382528), (-0.027572362, -0.8512473, 0.52403986), (-0.03693307, -0.9157502, 0.40004689), (-0.0007243697, -0.8988524, 0.43825093), (-0.013376942, -0.83564967, 0.54909986), (-0.027572362, -0.8512473, 0.52403986), (-0.013376942, -0.83564967, 0.54909986), (-0.014311253, -0.7512535, 0.6598587), (-0.020098109, -0.77320874, 0.63383305), (-0.027572362, -0.8512473, 0.52403986), (-0.020098109, -0.77320874, 0.63383305), (-0.002798305, -0.7815471, 0.62384), (-0.00495421, -0.85785955, 0.51386046), (-0.027572362, -0.8512473, 0.52403986), (-0.00495421, -0.85785955, 0.51386046), (-0.009513347, -0.9197446, 0.392402), (-0.03693307, -0.9157502, 0.40004689), (-0.001971336, -0.85370785, 0.5207486), (-0.0031319489, -0.9148309, 0.4038249), (-0.009513347, -0.9197446, 0.392402), (-0.00495421, -0.85785955, 0.51386046), (-0.001971336, -0.85370785, 0.5207486), (-0.00495421, -0.85785955, 0.51386046), (-0.002798305, -0.7815471, 0.62384), (-0.0018574077, -0.7767206, 0.6298426), (-0.001971336, -0.85370785, 0.5207486), (-0.15303211, -0.7764826, 0.611274), (-0.2472689, -0.78262347, 0.57127804), (-0.0031319489, -0.9148309, 0.4038249), (-0.09145132, 0.5136956, 0.8530847), (-0.08075626, 1.045384e-7, 0.99673384), (-0.001520701, -7.83166e-8, 0.9999988), (-0.0014705244, 0.24655963, 0.9691265), (0.75706834, 2.9136606e-8, 0.6533357), (0.75706834, 2.9136606e-8, 0.6533357), (0.75706834, 2.9136606e-8, 0.6533357), (0.75706834, 2.9136606e-8, 0.6533357), (-4.9924974e-8, 1, -0.0000011964066), (0, 1, -0.0000013201729), (0, 1, -0.0000013201729), (-4.9924978e-8, 1, -0.0000011964066), (6.617903e-8, -1, 1.0313851e-7), (1.0739556e-7, -1, 1.6502162e-7), (1.0739556e-7, -1, 1.6502162e-7), (6.617902e-8, -1, 1.0313851e-7), (-0.7616788, -3.1408465e-8, -0.6479548), (-0.7616788, -3.1408465e-8, -0.6479548), (-0.7616788, -3.1408465e-8, -0.6479548), (-0.7616788, -3.1408465e-8, -0.6479548), (-1.00343904e-7, 1, 0), (-1.003439e-7, 1, 0), (0, 1, 0), (0, 1, 0), (0.99999994, 6.845374e-8, 0), (0.99999994, 6.845374e-8, 0), (0.99999994, 6.845374e-8, 0), (0.99999994, 6.845374e-8, 0), (0.72925776, 4.4240767e-8, 0.68423915), (0.72925776, 4.4240767e-8, 0.68423915), (0.72925776, 4.4240767e-8, 0.68423915), (0.72925776, 4.4240767e-8, 0.68423915), (5.0171963e-8, -1, 0), (5.0171963e-8, -1, 0), (5.017196e-8, -1, 0), (5.017196e-8, -1, 0), (1.7829434e-8, 0, -1), (1.7829432e-8, 0, -1), (0, 0, -1), (0, 0, -1), (-9.1884324e-8, 0.99809575, 0.061684616), (0, 0.99809575, 0.06168395), (0, 0.99809575, 0.06168395), (-9.1884324e-8, 0.99809575, 0.061684616), (0.9991092, 5.780758e-8, 0.042199835), (0.9991092, 5.780758e-8, 0.042199835), (0.9991092, 5.780758e-8, 0.042199835), (0.9991092, 5.780758e-8, 0.042199835), (0, 0, 1), (0, 0, 1), (0, 0, 1), (0, 0, 1), (4.5236323e-8, -0.9980957, 0.061684966), (4.558925e-8, -0.99809575, 0.06168497), (4.558925e-8, -0.99809575, 0.06168497), (4.5236323e-8, -0.9980957, 0.061684966), (0.5532242, 1.4516821e-8, -0.8330325), (0.5532242, 1.4516821e-8, -0.8330325), (0.5532242, 1.4516821e-8, -0.8330325), (0.5532242, 1.4516821e-8, -0.8330325), (-0.7570683, 0, 0.6533358), (-0.7570683, 0, 0.6533358), (-0.7570683, 0, 0.6533358), (-0.7570683, 0, 0.6533358), (-4.9924974e-8, 1, -0.0000011964066), (-4.9924978e-8, 1, -0.0000011964066), (-9.984995e-8, 1, -0.0000010726403), (-9.984995e-8, 1, -0.0000010726403), (6.617903e-8, -1, 1.0313851e-7), (6.617902e-8, -1, 1.0313851e-7), (2.4962489e-8, -1, 4.12554e-8), (2.4962489e-8, -1, 4.12554e-8), (0.7616789, 0, -0.64795476), (0.7616789, 0, -0.64795476), (0.7616789, 0, -0.64795476), (0.7616789, 0, -0.64795476), (-1.00343904e-7, 1, 0), (-2.0068778e-7, 0.99999994, 0), (-2.0068778e-7, 0.99999994, 0), (-1.003439e-7, 1, 0), (-1, -9.1271666e-8, 0), (-1, -9.1271666e-8, 0), (-1, -9.1271666e-8, 0), (-1, -9.1271666e-8, 0), (-0.7292576, -4.4240767e-8, 0.6842392), (-0.7292576, -4.4240767e-8, 0.6842392), (-0.7292576, -4.4240767e-8, 0.6842392), (-0.7292576, -4.4240767e-8, 0.6842392), (5.0171955e-8, -1, 0), (5.017196e-8, -1, 0), (5.017196e-8, -1, 0), (5.0171955e-8, -1, 0), (1.7829434e-8, 0, -1), (3.5658868e-8, 0, -1), (3.5658868e-8, 0, -1), (1.7829432e-8, 0, -1), (-9.1884324e-8, 0.99809575, 0.061684616), (-9.1884324e-8, 0.99809575, 0.061684616), (-1.8376863e-7, 0.99809563, 0.061685275), (-1.8376863e-7, 0.99809563, 0.061685275), (-0.9991092, -1.15615144e-7, 0.042200204), (-0.9991092, -1.15615144e-7, 0.042200204), (-0.9991092, -1.15615144e-7, 0.042200204), (-0.9991092, -1.15615144e-7, 0.042200204), (0, 0, 1), (0, 0, 1), (0, 0, 1), (0, 0, 1), (4.594217e-8, -0.99809563, 0.06168497), (4.594217e-8, -0.99809563, 0.06168497), (4.558925e-8, -0.99809575, 0.06168497), (4.558925e-8, -0.99809575, 0.06168497), (-0.5532238, -5.806724e-8, -0.8330326), (-0.5532238, -5.806724e-8, -0.8330326), (-0.5532238, -5.806724e-8, -0.8330326), (-0.5532238, -5.806724e-8, -0.8330326), (-0.016824288, -0.9997508, -0.01467138), (-0.016824288, -0.9997508, -0.01467138), (-0.016824288, -0.9997508, -0.01467138), (-0.016824288, -0.9997508, -0.01467138), (0.016824294, 0.9997508, 0.0146713825), (0.016824294, 0.9997508, 0.0146713825), (0.016824294, 0.9997508, 0.0146713825), (0.016824294, 0.9997508, 0.0146713825), (0.73337746, 0, -0.6798217), (0.73337746, 0, -0.6798217), (0.73337746, 0, -0.6798217), (0.73337746, 0, -0.6798217), (0.7541425, 0, 0.6567109), (0.7541425, 0, 0.6567109), (0.7541425, 0, 0.6567109), (0.7541425, 0, 0.6567109), (-0.7668922, 0, -0.64177585), (-0.7668922, 0, -0.64177585), (-0.7668922, 0, -0.64177585), (-0.7668922, 0, -0.64177585), (0, -1, 0), (0, -1, 0), (0, -1, 0), (0, -1, 0), (0, 1, 0), (0, 1, 0), (0, 1, 0), (0, 1, 0), (0, 0, -1), (0, 0, -1), (0, 0, -1), (0, 0, -1), (1, 0, 0), (1, 0, 0), (1, 0, 0), (1, 0, 0), (0, 0, 1), (0, 0, 1), (0, 0, 1), (0, 0, 1), (-1, 0, 0), (-1, 0, 0), (-1, 0, 0), (-1, 0, 0), (8.939358e-8, -1, 0), (8.939358e-8, -1, 0), (4.4696794e-8, -1, 0), (4.4696794e-8, -1, 0), (-8.939358e-8, 1, 0), (-4.4696794e-8, 1, 0), (-4.4696794e-8, 1, 0), (-8.939358e-8, 1, 0), (0, 0, -1), (0, 0, -1), (0, 0, -1), (0, 0, -1), (1, 0, 0), (1, 0, 0), (1, 0, 0), (1, 0, 0), (0, 0, 1), (0, 0, 1), (0, 0, 1), (0, 0, 1), (4.7843145e-8, -1, 0), (4.7843137e-8, -0.99999994, 0), (4.7843137e-8, -0.99999994, 0), (4.7843145e-8, -1, 0), (-2.3921572e-8, 1, 0), (-2.3921572e-8, 1, 0), (0, 0.99999994, 0), (0, 0.99999994, 0), (-7.4898765e-8, 0, -1), (-7.489876e-8, 0, -1), (0, 0, -1), (0, 0, -1), (0, 0, 1), (0, 0, 1), (9.0182105e-8, 0, 1), (9.018211e-8, 0, 1), (0, -1, 0), (0, -1, 0), (0, -1, 0), (0, -1, 0), (0, 1, 0), (0, 1, 0), (0, 1, 0), (0, 1, 0), (0, 0, -1), (0, 0, -1), (0, 0, -1), (0, 0, -1), (1, 0, 0), (1, 0, 0), (1, 0, 0), (1, 0, 0), (0, 0, 1), (0, 0, 1), (0, 0, 1), (0, 0, 1), (-1, 0, 0), (-1, 0, 0), (-1, 0, 0), (-1, 0, 0), (5.2582283e-8, -1, 0), (5.2582283e-8, -1, 0), (5.2582283e-8, -1, 0), (5.2582283e-8, -1, 0), (1, 3.646152e-8, 0), (1, 1.823076e-8, 0), (1, 1.823076e-8, 0), (1, 3.646152e-8, 0), (-1, -3.646152e-8, 0), (-1, -3.646152e-8, 0), (-1, -1.823076e-8, 0), (-1, -1.823076e-8, 0), (0, 0, -0.99999994), (0, 0, -0.99999994), (0, 0, -1), (0, 0, -1), (0, 0, 1), (0, 0, 1), (0, 0, 0.99999994), (0, 0, 0.99999994), (-0.7531789, 0, -0.65781575), (-0.7531789, 0, -0.65781575), (-0.7531789, 0, -0.65781575), (-0.7531789, 0, -0.65781575), (0.74132484, 0, 0.6711465), (0.74132484, 0, 0.6711465), (0.74132484, 0, 0.6711465), (0.74132484, 0, 0.6711465), (0.0008501204, 0.9997089, 0.02411198), (0.0008501204, 0.9997089, 0.02411198), (0.0008501204, 0.9997089, 0.02411198), (0.0008501204, 0.9997089, 0.02411198), (-0.033080768, -0.99943763, -0.0054833046), (-0.033080768, -0.99943763, -0.0054833046), (-0.033080768, -0.99943763, -0.0054833046), (-0.033080768, -0.99943763, -0.0054833046), (-0.016824324, 0.9997508, -0.014671805), (-0.016824324, 0.9997508, -0.014671805), (-0.016824324, 0.9997508, -0.014671805), (-0.016824324, 0.9997508, -0.014671805), (0.016824324, -0.9997508, 0.014671805), (0.016824324, -0.9997508, 0.014671805), (0.016824324, -0.9997508, 0.014671805), (0.016824324, -0.9997508, 0.014671805), (0.7333776, 0, -0.6798216), (0.7333776, 0, -0.6798216), (0.7333776, 0, -0.6798216), (0.7333776, 0, -0.6798216), (0.75414234, 0, 0.6567111), (0.75414234, 0, 0.6567111), (0.75414234, 0, 0.6567111), (0.75414234, 0, 0.6567111), (-0.766892, 0, -0.6417762), (-0.766892, 0, -0.6417762), (-0.766892, 0, -0.6417762), (-0.766892, 0, -0.6417762), (0, 1, 0), (0, 1, 0), (0, 1, 0), (0, 1, 0), (0, -1, 0), (0, -1, 0), (0, -1, 0), (0, -1, 0), (0, 0, -1), (0, 0, -1), (0, 0, -1), (0, 0, -1), (1, 4.2501074e-7, 0), (1, 4.2501074e-7, 0), (1, 4.2501074e-7, 0), (1, 4.2501074e-7, 0), (0, 0, 1), (0, 0, 1), (0, 0, 1), (0, 0, 1), (-1, 0, 0), (-1, 0, 0), (-1, 0, 0), (-1, 0, 0), (-9.568628e-8, 1, 0), (-9.568628e-8, 1, 0), (0, 1, 0), (0, 1, 0), (9.568628e-8, -1, 0), (0, -1, 0), (0, -1, 0), (9.568628e-8, -1, 0), (0, 0, -1), (0, 0, -1), (0, 0, -1), (0, 0, -1), (0, 0, 1), (0, 0, 1), (0, 0, 1), (0, 0, 1), (0, 1, 0), (0, 1, 0), (0, 1, 0), (0, 1, 0), (0, -1, 0), (0, -1, 0), (0, -1, 0), (0, -1, 0), (0, 0, -1), (0, 0, -1), (0, 0, -1), (0, 0, -1), (1, 0, 0), (1, 0, 0), (1, 0, 0), (1, 0, 0), (0, 0, 1), (0, 0, 1), (0, 0, 1), (0, 0, 1), (-1, 0, 0), (-1, 0, 0), (-1, 0, 0), (-1, 0, 0), (0, 1, 0), (0, 1, 0), (0, 1, 0), (0, 1, 0), (0, -1, 0), (0, -1, 0), (0, -1, 0), (0, -1, 0), (0, 0, -1), (0, 0, -1), (0, 0, -1), (0, 0, -1), (0, 0, 1), (0, 0, 1), (0, 0, 1), (0, 0, 1), (1, 0, 0), (1, 0, 0), (1, 1.823076e-8, 0), (1, 1.823076e-8, 0), (-1, 0, 0), (-1, -1.823076e-8, 0), (-1, -1.823076e-8, 0), (-1, 0, 0), (0, 0, -1), (0, 0, -1), (0, 0, -1), (0, 0, -1), (0, 0, 1), (0, 0, 1), (0, 0, 1), (0, 0, 1), (-0.7531791, 0, -0.6578156), (-0.7531791, 0, -0.6578156), (-0.7531791, 0, -0.6578156), (-0.7531791, 0, -0.6578156), (0.741325, 0, 0.67114615), (0.741325, 0, 0.67114615), (0.741325, 0, 0.67114615), (0.741325, 0, 0.67114615), (0.00085018727, -0.9997089, 0.024111833), (0.00085018727, -0.9997089, 0.024111833), (0.00085018727, -0.9997089, 0.024111833), (0.00085018727, -0.9997089, 0.024111833), (-0.033080835, 0.99943763, -0.0054824357), (-0.033080835, 0.99943763, -0.0054824357), (-0.033080835, 0.99943763, -0.0054824357), (-0.033080835, 0.99943763, -0.0054824357), (0.016824361, -0.9997508, -0.0146713825), (0.016824361, -0.9997508, -0.0146713825), (0.016824361, -0.9997508, -0.0146713825), (0.016824361, -0.9997508, -0.0146713825), (-0.016824365, 0.9997508, 0.014671385), (-0.016824365, 0.9997508, 0.014671385), (-0.016824365, 0.9997508, 0.014671385), (-0.016824365, 0.9997508, 0.014671385), (-0.7333772, 0, -0.67982197), (-0.7333772, 0, -0.67982197), (-0.7333772, 0, -0.67982197), (-0.7333772, 0, -0.67982197), (-0.7541423, 0, 0.65671116), (-0.7541423, 0, 0.65671116), (-0.7541423, 0, 0.65671116), (-0.7541423, 0, 0.65671116), (0.7668922, 0, -0.64177597), (0.7668922, 0, -0.64177597), (0.7668922, 0, -0.64177597), (0.7668922, 0, -0.64177597), (1.9101878e-7, -1, 0), (1.9101878e-7, -1, 0), (1.9101878e-7, -1, 0), (1.9101878e-7, -1, 0), (0, 1, 0), (0, 1, 0), (0, 1, 0), (0, 1, 0), (0, 0, -1), (0, 0, -1), (0, 0, -1), (0, 0, -1), (-1, 0, 0), (-1, 0, 0), (-1, 0, 0), (-1, 0, 0), (0.0000022843033, 0, 1), (0.0000022843033, 0, 1), (0.0000022843033, 0, 1), (0.0000022843033, 0, 1), (1, 0, 0), (1, 0, 0), (1, 0, 0), (1, 0, 0), (0, -1, 0), (4.4696794e-8, -1, 0), (4.4696794e-8, -1, 0), (0, -1, 0), (0, 1, 0), (0, 1, 0), (-4.4696794e-8, 1, 0), (-4.4696794e-8, 1, 0), (0, 0, -1), (0, 0, -1), (0, 0, -1), (0, 0, -1), (-1, 0, 0), (-1, 0, 0), (-1, 0, 0), (-1, 0, 0), (0, 0, 1), (0, 0, 1), (0, 0, 1), (0, 0, 1), (4.7843145e-8, -1, 0), (4.7843145e-8, -1, 0), (4.784314e-8, -1, 0), (4.784314e-8, -1, 0), (-2.3921572e-8, 1, 0), (-4.784314e-8, 1, 0), (-4.784314e-8, 1, 0), (-2.3921572e-8, 1, 0), (-7.4898765e-8, 0, -1), (-1.4979751e-7, 0, -1), (-1.4979751e-7, 0, -1), (-7.489876e-8, 0, -1), (1.8036421e-7, 0, 1), (9.018211e-8, 0, 1), (9.0182105e-8, 0, 1), (1.8036421e-7, 0, 1), (0, -1, 0), (0, -1, 0), (0, -1, 0), (0, -1, 0), (0, 1, 0), (0, 1, 0), (0, 1, 0), (0, 1, 0), (0, 0, -1), (0, 0, -1), (0, 0, -1), (0, 0, -1), (-1, 0, 0), (-1, 0, 0), (-1, 0, 0), (-1, 0, 0), (0, 0, 1), (0, 0, 1), (0, 0, 1), (0, 0, 1), (1, 0, 0), (1, 0, 0), (1, 0, 0), (1, 0, 0), (-2.6291142e-8, 1, 0), (-2.6291142e-8, 1, 0), (-2.6291142e-8, 1, 0), (-2.6291142e-8, 1, 0), (-9.590783e-9, 0, -1), (-9.590783e-9, 0, -1), (-9.590783e-9, 0, -1), (-9.590783e-9, 0, -1), (-6.823439e-8, 0, 1), (-6.823439e-8, 0, 1), (-6.823439e-8, 0, 1), (-6.823439e-8, 0, 1), (-1, -7.292304e-8, 0), (-1, -7.292304e-8, 0), (-1, -3.646152e-8, 0), (-1, -3.646152e-8, 0), (1, 7.292304e-8, 0), (1, 3.646152e-8, 0), (1, 3.646152e-8, 0), (1, 7.292304e-8, 0), (0, 0, -1), (0, 0, -1), (0, 0, -1), (0, 0, -1), (0, 0, 1), (0, 0, 0.99999994), (0, 0, 0.99999994), (0, 0, 1), (0.7531788, 0, -0.65781593), (0.7531788, 0, -0.65781593), (0.7531788, 0, -0.65781593), (0.7531788, 0, -0.65781593), (-0.7413247, 0, 0.6711465), (-0.7413247, 0, 0.6711465), (-0.7413247, 0, 0.6711465), (-0.7413247, 0, 0.6711465), (-0.00085021066, 0.9997089, 0.024112003), (-0.00085021066, 0.9997089, 0.024112003), (-0.00085021066, 0.9997089, 0.024112003), (-0.00085021066, 0.9997089, 0.024112003), (0.033080865, -0.99943763, -0.005483328), (0.033080865, -0.99943763, -0.005483328), (0.033080865, -0.99943763, -0.005483328), (0.033080865, -0.99943763, -0.005483328), (0.016824067, 0.9997508, -0.014670096), (0.016824067, 0.9997508, -0.014670096), (0.016824067, 0.9997508, -0.014670096), (0.016824067, 0.9997508, -0.014670096), (-0.01682407, -0.9997508, 0.014670096), (-0.01682407, -0.9997508, 0.014670096), (-0.01682407, -0.9997508, 0.014670096), (-0.01682407, -0.9997508, 0.014670096), (-0.7333771, 0, -0.679822), (-0.7333771, 0, -0.679822), (-0.7333771, 0, -0.679822), (-0.7333771, 0, -0.679822), (-0.75414234, 0, 0.6567111), (-0.75414234, 0, 0.6567111), (-0.75414234, 0, 0.6567111), (-0.75414234, 0, 0.6567111), (0.7668925, 0, -0.64177567), (0.7668925, 0, -0.64177567), (0.7668925, 0, -0.64177567), (0.7668925, 0, -0.64177567), (0, 1, 0), (0, 1, 0), (0, 1, 0), (0, 1, 0), (0, -1, 0), (0, -1, 0), (0, -1, 0), (0, -1, 0), (0, 0, -1), (0, 0, -1), (0, 0, -1), (0, 0, -1), (-1, 0, 0), (-1, 0, 0), (-1, 0, 0), (-1, 0, 0), (0, 0, 1), (0, 0, 1), (0, 0, 1), (0, 0, 1), (1, 0, 0), (1, 0, 0), (1, 0, 0), (1, 0, 0), (-9.568628e-8, 1, 0), (-1.9137256e-7, 1, 0), (-1.9137256e-7, 1, 0), (-9.568628e-8, 1, 0), (9.568628e-8, -1, 0), (9.568628e-8, -1, 0), (1.9137256e-7, -1, 0), (1.9137256e-7, -1, 0), (0, 0, -1), (0, 0, -1), (0, 0, -1), (0, 0, -1), (0, 0, 1), (0, 0, 1), (0, 0, 1), (0, 0, 1), (-0.0000015281468, 1, 0), (-0.0000015281468, 1, 0), (-0.0000015281468, 1, 0), (-0.0000015281468, 1, 0), (0.0000015281468, -1, 0), (0.0000015281468, -1, 0), (0.0000015281468, -1, 0), (0.0000015281468, -1, 0), (0, 0, -1), (0, 0, -1), (0, 0, -1), (0, 0, -1), (-1, 0, 0), (-1, 0, 0), (-1, 0, 0), (-1, 0, 0), (0, 0, 1), (0, 0, 1), (0, 0, 1), (0, 0, 1), (1, 0, 0), (1, 0, 0), (1, 0, 0), (1, 0, 0), (-1.6874338e-7, 1, 0), (-3.3748677e-7, 1, 0), (-3.3748677e-7, 1, 0), (-1.6874338e-7, 1, 0), (1.6874338e-7, -1, 0), (1.6874338e-7, -1, 0), (3.3748677e-7, -1, 0), (3.3748677e-7, -1, 0), (0, 0, -1), (0, 0, -1), (0, 0, -1), (0, 0, -1), (0, 0, 1), (0, 0, 1), (0, 0, 1), (0, 0, 1), (-1, 0, 0), (-1, -3.646152e-8, 0), (-1, -3.646152e-8, 0), (-1, 0, 0), (1, 0, 0), (1, 0, 0), (1, 3.646152e-8, 0), (1, 3.646152e-8, 0), (0, 0, -1), (0, 0, -1), (0, 0, -1), (0, 0, -1), (0, 0, 1), (0, 0, 1), (0, 0, 1), (0, 0, 1), (0.7531791, 0, -0.6578156), (0.7531791, 0, -0.6578156), (0.7531791, 0, -0.6578156), (0.7531791, 0, -0.6578156), (-0.7413242, 0, 0.67114717), (-0.7413242, 0, 0.67114717), (-0.7413242, 0, 0.67114717), (-0.7413242, 0, 0.67114717), (-0.00085019384, -0.9997089, 0.024111943), (-0.00085019384, -0.9997089, 0.024111943), (-0.00085019384, -0.9997089, 0.024111943), (-0.00085019384, -0.9997089, 0.024111943), (0.03308085, 0.99943763, -0.0054841815), (0.03308085, 0.99943763, -0.0054841815), (0.03308085, 0.99943763, -0.0054841815), (0.03308085, 0.99943763, -0.0054841815), (-1, -3.5178027e-9, 0), (-1, 6.371024e-8, 0), (-1, 6.371024e-8, 0), (-1, -6.1475625e-9, 0), (1, 1.0085402e-7, 0), (1, 9.9814805e-8, 0), (1, 1.2742048e-7, 0), (1, 1.2742048e-7, 0), (5.7273713e-8, -1, 0), (5.7273713e-8, -1, 0), (5.7273713e-8, -1, 0), (5.7273713e-8, -1, 0), (0, -0.08454821, 0.9964194), (0, -0.08454821, 0.9964194), (0, -0.08454821, 0.9964194), (0, -0.08454821, 0.9964194), (0, 1, 0), (0, 1, 0), (0, 1, 0), (0, 1, 0), (1.1028786e-7, -0.0243936, -0.99970245), (1.1028786e-7, -0.0243936, -0.99970245), (1.1028786e-7, -0.0243936, -0.99970245), (1.1028786e-7, -0.0243936, -0.99970245), (0, 0.08454821, -0.9964194), (0, 0.08454821, -0.9964194), (0, 0.08454821, -0.9964194), (0, 0.08454821, -0.9964194), (0, 0.0243936, 0.99970245), (0, 0.0243936, 0.99970245), (0, 0.0243936, 0.99970245), (0, 0.0243936, 0.99970245), (1, 7.328438e-8, 0), (1, 7.328438e-8, 0), (1, 9.9814805e-8, 0), (1, 1.0085402e-7, 0), (-1, -7.328438e-8, 0), (-1, -3.5178027e-9, 0), (-1, -6.1475625e-9, 0), (-1, -7.328438e-8, 0), (9.64813e-8, -1, 0), (9.64813e-8, -1, 0), (9.64813e-8, -1, 0), (9.64813e-8, -1, 0), (0, 1, 0), (0, 1, 0), (0, 1, 0), (0, 1, 0), (0, 0, -1), (0, 0, -1), (0, 0, -1), (0, 0, -1), (1, 0, 0), (1, 0, 0), (1, 0, 0), (1, 0, 0), (0, 0, 1), (0, 0, 1), (0, 0, 1), (0, 0, 1), (-1, 0, 0), (-1, 0, 0), (-1, 0, 0), (-1, 0, 0), (0, 0, 1), (0, 0, 1), (1.684707e-8, 0, 1), (1.6847073e-8, 0, 1), (-9.531583e-9, 0, -1), (-4.765791e-9, 0, -1), (-4.7657918e-9, 0, -1), (-9.531583e-9, 0, -1), (-5.8893278e-8, 1, 0), (-5.8893278e-8, 1, 0), (-5.8893292e-8, 1, 0), (-5.8893292e-8, 1, 0), (1, 0, 0), (1, 0, 0), (1, 0, 0), (1, 0, 0), (4.4169976e-8, -1, 0), (4.4169976e-8, -1, 0), (4.416997e-8, -1, 0), (4.416997e-8, -1, 0), (0, -1, 0), (0, -1, 0), (0, -1, 0), (0, -1, 0), (-1.9296246e-7, 1, 0), (-1.9296246e-7, 1, 0), (-1.9296246e-7, 1, 0), (-1.9296246e-7, 1, 0), (-1.8474928e-9, 0, -1), (-1.8474928e-9, 0, -1), (-1.8474928e-9, 0, -1), (-1.8474928e-9, 0, -1), (-1, 0, 0), (-1, 0, 0), (-1, 0, 0), (-1, 0, 0), (-4.45445e-7, 0, 1), (-4.45445e-7, 0, 1), (-4.45445e-7, 0, 1), (-4.45445e-7, 0, 1), (1, 0, 0), (1, 0, 0), (1, 0, 0), (1, 0, 0), (3.3694143e-8, 0, 1), (1.6847073e-8, 0, 1), (1.684707e-8, 0, 1), (3.3694143e-8, 0, 1), (0, 0, -1), (0, 0, -1), (-4.7657918e-9, 0, -1), (-4.765791e-9, 0, -1), (-5.88933e-8, 1, 0), (-5.8893292e-8, 1, 0), (-5.8893292e-8, 1, 0), (-5.88933e-8, 1, 0), (-1, 0, 0), (-1, 0, 0), (-1, 0, 0), (-1, 0, 0), (4.4169976e-8, -1, 0), (4.4169987e-8, -1, 0), (4.4169987e-8, -1, 0), (4.4169976e-8, -1, 0), (0, 0, 1), (0, 0, 1), (0, 0, 1), (0, 0, 1), (0, 0, -1), (0, 0, -1), (0, 0, -1), (0, 0, -1), (0, 1, 0), (-1.6874338e-7, 1, 0), (-1.6874338e-7, 1, 0), (0, 1, 0), (0, -1, 0), (1.6874338e-7, -1, 0), (1.6874338e-7, -1, 0), (0, -1, 0), (0.49781242, 0.5210303, 0.6933328), (0.49292567, 0.5345142, 0.68652666), (0.42865825, 0.67810255, 0.59701693), (0.42865825, 0.67810255, 0.59701693), (0.49292567, 0.5345142, 0.68652666), (0.49781242, 0.5210303, 0.6933328), (0.5443877, 0.35884878, 0.7582016), (0.5443877, 0.35884878, 0.7582016), (0.5466727, -0.34848502, 0.761385), (0.5466727, -0.34848502, 0.761385), (0.50136566, -0.51091355, 0.69828343), (0.49598956, -0.52611357, 0.69079584), (0.4328339, -0.67025703, 0.60283536), (0.4328339, -0.67025703, 0.60283536), (0.49598956, -0.52611357, 0.69079584), (0.50136566, -0.51091355, 0.69828343), (0.4978117, 0.5210305, 0.693333), (0.492925, 0.5345144, 0.6865271), (0.42865777, 0.67810154, 0.5970183), (0.42865777, 0.67810154, 0.5970183), (0.492925, 0.5345144, 0.6865271), (0.4978117, 0.5210305, 0.693333), (0.54438704, 0.3588503, 0.75820124), (0.54438704, 0.3588503, 0.75820124), (0.54667145, -0.34848815, 0.7613844), (0.54667145, -0.34848815, 0.7613844), (0.501365, -0.5109149, 0.6982829), (0.49598885, -0.526115, 0.6907953), (0.43283415, -0.67025673, 0.60283536), (0.43283415, -0.67025673, 0.60283536), (0.49598885, -0.526115, 0.6907953), (0.501365, -0.5109149, 0.6982829), (0.49781182, 0.5210312, 0.69333243), (0.49292505, 0.53451514, 0.6865263), (0.42865813, 0.678102, 0.5970174), (0.42865813, 0.678102, 0.5970174), (0.49292505, 0.53451514, 0.6865263), (0.49781182, 0.5210312, 0.69333243), (0.5443869, 0.35885158, 0.7582008), (0.5443869, 0.35885158, 0.7582008), (0.5466734, -0.34848776, 0.7613832), (0.5466734, -0.34848776, 0.7613832), (0.5013663, -0.51091474, 0.69828224), (0.49598998, -0.52611494, 0.69079447), (0.4328345, -0.6702568, 0.6028351), (0.4328345, -0.6702568, 0.6028351), (0.49598998, -0.52611494, 0.69079447), (0.5013663, -0.51091474, 0.69828224), (0.49781147, 0.5210309, 0.6933329), (0.49292466, 0.53451496, 0.6865268), (0.4286565, 0.678103, 0.5970175), (0.4286565, 0.678103, 0.5970175), (0.49292466, 0.53451496, 0.6865268), (0.49781147, 0.5210309, 0.6933329), (0.5443875, 0.35884982, 0.7582011), (0.5443875, 0.35884982, 0.7582011), (0.5466725, -0.34848765, 0.7613838), (0.5466725, -0.34848765, 0.7613838), (0.5013659, -0.5109146, 0.6982824), (0.49598968, -0.5261149, 0.69079465), (0.43283468, -0.6702568, 0.6028349), (0.43283468, -0.6702568, 0.6028349), (0.49598968, -0.5261149, 0.69079465), (0.5013659, -0.5109146, 0.6982824), (0.49781212, 0.5210303, 0.6933329), (0.49292544, 0.534514, 0.6865269), (0.42865822, 0.67810166, 0.5970179), (0.42865822, 0.67810166, 0.5970179), (0.49292544, 0.534514, 0.6865269), (0.49781212, 0.5210303, 0.6933329), (0.5443874, 0.3588497, 0.7582013), (0.5443874, 0.3588497, 0.7582013), (0.5466735, -0.348485, 0.76138455), (0.5466735, -0.348485, 0.76138455), (0.5013663, -0.5109142, 0.6982825), (0.49599007, -0.52611446, 0.69079477), (0.43283412, -0.6702583, 0.6028337), (0.43283412, -0.6702583, 0.6028337), (0.49599007, -0.52611446, 0.69079477), (0.5013663, -0.5109142, 0.6982825), (-0.49781227, 0.52103007, 0.6933329), (-0.42865804, 0.6781028, 0.5970167), (-0.42865804, 0.6781028, 0.5970167), (-0.49292564, 0.53451407, 0.68652683), (-0.49292564, 0.53451407, 0.68652683), (-0.5443876, 0.35884807, 0.758202), (-0.5443876, 0.35884807, 0.758202), (-0.49781227, 0.52103007, 0.6933329), (-0.5466724, -0.34848547, 0.761385), (-0.49598953, -0.52611357, 0.6907959), (-0.50136554, -0.51091367, 0.6982835), (-0.5466724, -0.34848547, 0.761385), (-0.43283406, -0.67025673, 0.6028355), (-0.50136554, -0.51091367, 0.6982835), (-0.49598953, -0.52611357, 0.6907959), (-0.43283406, -0.67025673, 0.6028355), (-0.49781185, 0.52103037, 0.6933331), (-0.42865804, 0.6781009, 0.5970187), (-0.42865804, 0.6781009, 0.5970187), (-0.4929251, 0.53451425, 0.6865271), (-0.4929251, 0.53451425, 0.6865271), (-0.54438716, 0.35885075, 0.75820106), (-0.54438716, 0.35885075, 0.75820106), (-0.49781185, 0.52103037, 0.6933331), (-0.54667133, -0.34848893, 0.7613843), (-0.49598876, -0.5261153, 0.6907951), (-0.5013649, -0.5109152, 0.69828284), (-0.54667133, -0.34848893, 0.7613843), (-0.4328343, -0.67025656, 0.60283554), (-0.5013649, -0.5109152, 0.69828284), (-0.49598876, -0.5261153, 0.6907951), (-0.4328343, -0.67025656, 0.60283554), (-0.49781165, 0.5210315, 0.6933324), (-0.4286577, 0.6781025, 0.5970173), (-0.4286577, 0.6781025, 0.5970173), (-0.49292487, 0.53451544, 0.68652624), (-0.49292487, 0.53451544, 0.68652624), (-0.54438686, 0.3588516, 0.75820076), (-0.54438686, 0.3588516, 0.75820076), (-0.49781165, 0.5210315, 0.6933324), (-0.54667306, -0.3484878, 0.7613836), (-0.49599013, -0.52611464, 0.6907945), (-0.5013664, -0.51091456, 0.69828236), (-0.54667306, -0.3484878, 0.7613836), (-0.43283525, -0.67025644, 0.602835), (-0.5013664, -0.51091456, 0.69828236), (-0.49599013, -0.52611464, 0.6907945), (-0.43283525, -0.67025644, 0.602835), (-0.49781188, 0.5210303, 0.6933331), (-0.42865705, 0.6781026, 0.5970174), (-0.42865705, 0.6781026, 0.5970174), (-0.49292508, 0.53451425, 0.6865271), (-0.49292508, 0.53451425, 0.6865271), (-0.5443876, 0.3588489, 0.7582016), (-0.5443876, 0.3588489, 0.7582016), (-0.49781188, 0.5210303, 0.6933331), (-0.54667264, -0.34848815, 0.7613837), (-0.49599004, -0.5261149, 0.69079447), (-0.5013663, -0.5109147, 0.6982823), (-0.54667264, -0.34848815, 0.7613837), (-0.43283546, -0.67025644, 0.60283476), (-0.5013663, -0.5109147, 0.6982823), (-0.49599004, -0.5261149, 0.69079447), (-0.43283546, -0.67025644, 0.60283476), (-0.49781203, 0.5210305, 0.69333285), (-0.42865828, 0.67810154, 0.597018), (-0.42865828, 0.67810154, 0.597018), (-0.49292538, 0.5345141, 0.6865269), (-0.49292538, 0.5345141, 0.6865269), (-0.5443872, 0.35885015, 0.7582012), (-0.5443872, 0.35885015, 0.7582012), (-0.49781203, 0.5210305, 0.69333285), (-0.5466731, -0.34848455, 0.7613848), (-0.49598956, -0.526115, 0.6907948), (-0.5013658, -0.5109146, 0.6982826), (-0.5466731, -0.34848455, 0.7613848), (-0.4328332, -0.6702593, 0.6028332), (-0.5013658, -0.5109146, 0.6982826), (-0.49598956, -0.526115, 0.6907948), (-0.4328332, -0.6702593, 0.6028332), (0.49781278, 0.5210297, 0.69333285), (0.4929261, 0.53451365, 0.68652683), (0.4286583, 0.67810225, 0.597017), (0.4286583, 0.67810225, 0.597017), (0.4929261, 0.53451365, 0.68652683), (0.49781278, 0.5210297, 0.69333285), (0.54438823, 0.35884774, 0.7582016), (0.54438823, 0.35884774, 0.7582016), (0.54667306, -0.34848526, 0.76138467), (0.54667306, -0.34848526, 0.76138467), (0.5013662, -0.5109133, 0.6982834), (0.49599007, -0.5261132, 0.6907958), (0.4328346, -0.6702562, 0.60283566), (0.4328346, -0.6702562, 0.60283566), (0.49599007, -0.5261132, 0.6907958), (0.5013662, -0.5109133, 0.6982834), (0.49781215, 0.52103, 0.6933332), (0.4929254, 0.5345139, 0.686527), (0.42865857, 0.6781016, 0.59701765), (0.42865857, 0.6781016, 0.59701765), (0.4929254, 0.5345139, 0.686527), (0.49781215, 0.52103, 0.6933332), (0.544387, 0.35884917, 0.7582019), (0.544387, 0.35884917, 0.7582019), (0.5466719, -0.34848765, 0.7613843), (0.5466719, -0.34848765, 0.7613843), (0.50136524, -0.5109148, 0.69828284), (0.4959891, -0.52611494, 0.6907952), (0.43283406, -0.6702569, 0.6028352), (0.43283406, -0.6702569, 0.6028352), (0.4959891, -0.52611494, 0.6907952), (0.50136524, -0.5109148, 0.69828284), (0.4978114, 0.5210314, 0.6933326), (0.49292463, 0.53451526, 0.6865265), (0.42865732, 0.6781023, 0.5970177), (0.42865732, 0.6781023, 0.5970177), (0.49292463, 0.53451526, 0.6865265), (0.4978114, 0.5210314, 0.6933326), (0.5443868, 0.35885158, 0.7582008), (0.5443868, 0.35885158, 0.7582008), (0.5466727, -0.34848747, 0.7613839), (0.5466727, -0.34848747, 0.7613839), (0.5013662, -0.5109146, 0.6982823), (0.49598995, -0.5261149, 0.6907946), (0.43283507, -0.6702569, 0.6028345), (0.43283507, -0.6702569, 0.6028345), (0.49598995, -0.5261149, 0.6907946), (0.5013662, -0.5109146, 0.6982823), (0.49781168, 0.52103096, 0.6933328), (0.49292484, 0.53451484, 0.68652683), (0.42865643, 0.67810315, 0.59701747), (0.42865643, 0.67810315, 0.59701747), (0.49292484, 0.53451484, 0.68652683), (0.49781168, 0.52103096, 0.6933328), (0.5443878, 0.35884959, 0.75820106), (0.5443878, 0.35884959, 0.75820106), (0.5466731, -0.3484877, 0.76138353), (0.5466731, -0.3484877, 0.76138353), (0.5013664, -0.51091474, 0.6982821), (0.49599013, -0.526115, 0.69079435), (0.43283507, -0.6702569, 0.6028345), (0.43283507, -0.6702569, 0.6028345), (0.49599013, -0.526115, 0.69079435), (0.5013664, -0.51091474, 0.6982821), (0.4978119, 0.52103055, 0.6933329), (0.49292523, 0.5345142, 0.68652695), (0.42865786, 0.67810196, 0.5970177), (0.42865786, 0.67810196, 0.5970177), (0.49292523, 0.5345142, 0.68652695), (0.4978119, 0.52103055, 0.6933329), (0.5443872, 0.35884973, 0.75820136), (0.5443872, 0.35884973, 0.75820136), (0.5466735, -0.3484853, 0.76138437), (0.5466735, -0.3484853, 0.76138437), (0.50136596, -0.51091444, 0.6982826), (0.49598977, -0.52611476, 0.69079477), (0.4328335, -0.67025846, 0.60283387), (0.4328335, -0.67025846, 0.60283387), (0.49598977, -0.52611476, 0.69079477), (0.50136596, -0.51091444, 0.6982826), (-0.49781272, 0.5210302, 0.6933325), (-0.42865807, 0.67810285, 0.5970166), (-0.42865807, 0.67810285, 0.5970166), (-0.49292603, 0.53451407, 0.68652654), (-0.49292603, 0.53451407, 0.68652654), (-0.5443884, 0.35884807, 0.7582014), (-0.5443884, 0.35884807, 0.7582014), (-0.49781272, 0.5210302, 0.6933325), (-0.5466727, -0.34848565, 0.7613848), (-0.4959897, -0.52611333, 0.69079584), (-0.5013659, -0.5109135, 0.69828343), (-0.5466727, -0.34848565, 0.7613848), (-0.4328345, -0.67025626, 0.6028358), (-0.5013659, -0.5109135, 0.69828343), (-0.4959897, -0.52611333, 0.69079584), (-0.4328345, -0.67025626, 0.6028358), (-0.49781257, 0.5210303, 0.69333255), (-0.4286586, 0.6781006, 0.5970188), (-0.4286586, 0.6781006, 0.5970188), (-0.49292585, 0.53451407, 0.68652666), (-0.49292585, 0.53451407, 0.68652666), (-0.5443882, 0.35885087, 0.75820017), (-0.5443882, 0.35885087, 0.75820017), (-0.49781257, 0.5210303, 0.69333255), (-0.5466711, -0.3484893, 0.76138407), (-0.4959885, -0.52611524, 0.69079524), (-0.5013647, -0.5109151, 0.6982831), (-0.5466711, -0.3484893, 0.76138407), (-0.432834, -0.6702561, 0.6028361), (-0.5013647, -0.5109151, 0.6982831), (-0.4959885, -0.52611524, 0.69079524), (-0.432834, -0.6702561, 0.6028361), (-0.49781144, 0.5210316, 0.69333243), (-0.4286568, 0.6781022, 0.59701824), (-0.4286568, 0.6781022, 0.59701824), (-0.49292463, 0.5345154, 0.6865264), (-0.49292463, 0.5345154, 0.6865264), (-0.5443874, 0.358852, 0.7582001), (-0.5443874, 0.358852, 0.7582001), (-0.49781144, 0.5210316, 0.69333243), (-0.54667264, -0.34848806, 0.7613836), (-0.49598953, -0.52611476, 0.69079494), (-0.5013658, -0.51091456, 0.69828266), (-0.54667264, -0.34848806, 0.7613836), (-0.4328344, -0.67025626, 0.60283566), (-0.5013658, -0.51091456, 0.69828266), (-0.49598953, -0.52611476, 0.69079494), (-0.4328344, -0.67025626, 0.60283566), (-0.49781197, 0.52103066, 0.6933327), (-0.4286569, 0.67810357, 0.59701645), (-0.4286569, 0.67810357, 0.59701645), (-0.49292526, 0.53451467, 0.68652666), (-0.49292526, 0.53451467, 0.68652666), (-0.5443879, 0.35884854, 0.75820154), (-0.5443879, 0.35884854, 0.75820154), (-0.49781197, 0.52103066, 0.6933327), (-0.5466731, -0.34848845, 0.7613833), (-0.4959901, -0.5261153, 0.69079405), (-0.5013663, -0.5109151, 0.6982819), (-0.5466731, -0.34848845, 0.7613833), (-0.43283507, -0.670257, 0.60283434), (-0.5013663, -0.5109151, 0.6982819), (-0.4959901, -0.5261153, 0.69079405), (-0.43283507, -0.670257, 0.60283434), (-0.49781165, 0.5210306, 0.693333), (-0.4286577, 0.67810184, 0.59701806), (-0.4286577, 0.67810184, 0.59701806), (-0.492925, 0.53451425, 0.6865271), (-0.492925, 0.53451425, 0.6865271), (-0.54438704, 0.35885003, 0.75820136), (-0.54438704, 0.35885003, 0.75820136), (-0.49781165, 0.5210306, 0.693333), (-0.546673, -0.348485, 0.7613849), (-0.49598923, -0.52611536, 0.6907947), (-0.5013655, -0.5109151, 0.6982825), (-0.546673, -0.348485, 0.7613849), (-0.43283278, -0.67025983, 0.602833), (-0.5013655, -0.5109151, 0.6982825), (-0.49598923, -0.52611536, 0.6907947), (-0.43283278, -0.67025983, 0.602833), (0.49781266, 0.5210299, 0.6933329), (0.4929259, 0.53451383, 0.68652683), (0.4286583, 0.67810225, 0.597017), (0.4286583, 0.67810225, 0.597017), (0.4929259, 0.53451383, 0.68652683), (0.49781266, 0.5210299, 0.6933329), (0.544388, 0.35884812, 0.75820166), (0.544388, 0.35884812, 0.75820166), (0.54667234, -0.3484848, 0.7613854), (0.54667234, -0.3484848, 0.7613854), (0.5013655, -0.51091313, 0.6982839), (0.49598938, -0.52611315, 0.69079626), (0.43283397, -0.67025644, 0.60283583), (0.43283397, -0.67025644, 0.60283583), (0.49598938, -0.52611315, 0.69079626), (0.5013655, -0.51091313, 0.6982839), (0.49781206, 0.5210301, 0.69333315), (0.49292526, 0.53451395, 0.68652713), (0.42865738, 0.67810094, 0.59701926), (0.42865738, 0.67810094, 0.59701926), (0.49292526, 0.53451395, 0.68652713), (0.49781206, 0.5210301, 0.69333315), (0.5443881, 0.35885015, 0.7582006), (0.5443881, 0.35885015, 0.7582006), (0.5466713, -0.3484872, 0.761385), (0.5466713, -0.3484872, 0.761385), (0.50136507, -0.5109148, 0.6982831), (0.49598897, -0.5261149, 0.6907953), (0.43283427, -0.6702572, 0.6028347), (0.43283427, -0.6702572, 0.6028347), (0.49598897, -0.5261149, 0.6907953), (0.50136507, -0.5109148, 0.6982831), (0.49781168, 0.52103096, 0.69333273), (0.49292487, 0.5345149, 0.6865266), (0.42865756, 0.67810154, 0.5970185), (0.42865756, 0.67810154, 0.5970185), (0.49292487, 0.5345149, 0.6865266), (0.49781168, 0.52103096, 0.69333273), (0.5443873, 0.35885182, 0.75820047), (0.5443873, 0.35885182, 0.75820047), (0.5466737, -0.34848756, 0.7613832), (0.5466737, -0.34848756, 0.7613832), (0.50136656, -0.5109145, 0.6982821), (0.49599037, -0.5261147, 0.69079447), (0.43283492, -0.6702567, 0.60283506), (0.43283492, -0.6702567, 0.60283506), (0.49599037, -0.5261147, 0.69079447), (0.50136656, -0.5109145, 0.6982821), (0.49781182, 0.52103084, 0.69333273), (0.492925, 0.5345147, 0.6865267), (0.42865664, 0.6781023, 0.5970182), (0.42865664, 0.6781023, 0.5970182), (0.492925, 0.5345147, 0.6865267), (0.49781182, 0.52103084, 0.69333273), (0.5443882, 0.3588505, 0.75820047), (0.5443882, 0.3588505, 0.75820047), (0.54667234, -0.34848744, 0.7613842), (0.54667234, -0.34848744, 0.7613842), (0.50136584, -0.5109144, 0.6982827), (0.4959897, -0.52611464, 0.69079494), (0.43283492, -0.6702565, 0.60283506), (0.43283492, -0.6702565, 0.60283506), (0.4959897, -0.52611464, 0.69079494), (0.50136584, -0.5109144, 0.6982827), (0.4978125, 0.5210302, 0.6933328), (0.4929257, 0.53451383, 0.6865269), (0.4286579, 0.6781008, 0.59701896), (0.4286579, 0.6781008, 0.59701896), (0.4929257, 0.53451383, 0.6865269), (0.4978125, 0.5210302, 0.6933328), (0.5443885, 0.35885036, 0.7582002), (0.5443885, 0.35885036, 0.7582002), (0.5466722, -0.3484842, 0.76138574), (0.5466722, -0.3484842, 0.76138574), (0.5013655, -0.5109142, 0.69828314), (0.49598935, -0.5261145, 0.6907952), (0.43283367, -0.67025894, 0.60283333), (0.43283367, -0.67025894, 0.60283333), (0.49598935, -0.5261145, 0.6907952), (0.5013655, -0.5109142, 0.69828314), (-0.4978127, 0.521029, 0.6933335), (-0.428658, 0.67810196, 0.5970177), (-0.428658, 0.67810196, 0.5970177), (-0.4929259, 0.5345131, 0.6865274), (-0.4929259, 0.5345131, 0.6865274), (-0.5443883, 0.35884684, 0.758202), (-0.5443883, 0.35884684, 0.758202), (-0.4978127, 0.521029, 0.6933335), (-0.5466723, -0.3484854, 0.7613851), (-0.4959895, -0.5261137, 0.6907957), (-0.5013656, -0.5109137, 0.6982833), (-0.5466723, -0.3484854, 0.7613851), (-0.43283415, -0.6702569, 0.60283506), (-0.5013656, -0.5109137, 0.6982833), (-0.4959895, -0.5261137, 0.6907957), (-0.43283415, -0.6702569, 0.60283506), (-0.4978117, 0.5210299, 0.6933336), (-0.4286586, 0.67810094, 0.5970184), (-0.4286586, 0.67810094, 0.5970184), (-0.49292493, 0.53451383, 0.68652743), (-0.49292493, 0.53451383, 0.68652743), (-0.5443863, 0.3588498, 0.75820214), (-0.5443863, 0.3588498, 0.75820214), (-0.4978117, 0.5210299, 0.6933336), (-0.54667103, -0.34848875, 0.76138455), (-0.4959889, -0.5261157, 0.6907947), (-0.50136507, -0.51091546, 0.69828254), (-0.54667103, -0.34848875, 0.76138455), (-0.43283474, -0.6702573, 0.60283446), (-0.50136507, -0.51091546, 0.69828254), (-0.4959889, -0.5261157, 0.6907947), (-0.43283474, -0.6702573, 0.60283446), (-0.4978115, 0.52103025, 0.69333345), (-0.42865795, 0.67810136, 0.5970184), (-0.42865795, 0.67810136, 0.5970184), (-0.49292472, 0.53451425, 0.6865272), (-0.49292472, 0.53451425, 0.6865272), (-0.5443864, 0.35885048, 0.75820166), (-0.5443864, 0.35885048, 0.75820166), (-0.4978115, 0.52103025, 0.69333345), (-0.54667294, -0.3484877, 0.76138365), (-0.4959904, -0.5261151, 0.6907941), (-0.50136656, -0.5109148, 0.6982819), (-0.54667294, -0.3484877, 0.76138365), (-0.43283567, -0.6702571, 0.6028338), (-0.50136656, -0.5109148, 0.6982819), (-0.4959904, -0.5261151, 0.6907941), (-0.43283567, -0.6702571, 0.6028338), (-0.4978117, 0.52102995, 0.69333345), (-0.42865732, 0.67810416, 0.5970157), (-0.42865732, 0.67810416, 0.5970157), (-0.4929249, 0.5345143, 0.68652713), (-0.4929249, 0.5345143, 0.68652713), (-0.5443867, 0.35884663, 0.7582033), (-0.5443867, 0.35884663, 0.7582033), (-0.4978117, 0.52102995, 0.69333345), (-0.5466731, -0.34848848, 0.76138324), (-0.49599037, -0.52611506, 0.69079405), (-0.50136656, -0.51091486, 0.69828176), (-0.5466731, -0.34848848, 0.76138324), (-0.4328356, -0.6702566, 0.60283446), (-0.50136656, -0.51091486, 0.69828176), (-0.49599037, -0.52611506, 0.69079405), (-0.4328356, -0.6702566, 0.60283446), (-0.49781168, 0.52102935, 0.693334), (-0.4286584, 0.6781017, 0.5970176), (-0.4286584, 0.6781017, 0.5970176), (-0.49292502, 0.53451335, 0.6865277), (-0.49292502, 0.53451335, 0.6865277), (-0.5443861, 0.35884774, 0.75820315), (-0.5443861, 0.35884774, 0.75820315), (-0.49781168, 0.52102935, 0.693334), (-0.54667395, -0.34848505, 0.7613841), (-0.49598995, -0.5261155, 0.69079417), (-0.50136614, -0.5109151, 0.69828194), (-0.54667395, -0.34848505, 0.7613841), (-0.43283316, -0.67025983, 0.6028327), (-0.50136614, -0.5109151, 0.69828194), (-0.49598995, -0.5261155, 0.69079417), (-0.43283316, -0.67025983, 0.6028327), (0.4978129, 0.5210302, 0.69333243), (0.49292618, 0.53451425, 0.68652636), (0.4286587, 0.6781029, 0.5970161), (0.4286587, 0.6781029, 0.5970161), (0.49292618, 0.53451425, 0.68652636), (0.4978129, 0.5210302, 0.69333243), (0.544388, 0.35884812, 0.75820166), (0.544388, 0.35884812, 0.75820166), (0.54667234, -0.3484848, 0.7613854), (0.54667234, -0.3484848, 0.7613854), (0.5013658, -0.5109135, 0.6982835), (0.4959897, -0.52611357, 0.6907958), (0.4328344, -0.6702571, 0.6028349), (0.4328344, -0.6702571, 0.6028349), (0.4959897, -0.52611357, 0.6907958), (0.5013658, -0.5109135, 0.6982835), (0.4978119, 0.5210301, 0.69333315), (0.49292517, 0.5345141, 0.6865271), (0.42865777, 0.67810154, 0.5970183), (0.42865777, 0.67810154, 0.5970183), (0.49292517, 0.5345141, 0.6865271), (0.4978119, 0.5210301, 0.69333315), (0.5443874, 0.35884967, 0.75820136), (0.5443874, 0.35884967, 0.75820136), (0.5466713, -0.3484872, 0.761385), (0.5466713, -0.3484872, 0.761385), (0.50136507, -0.5109148, 0.6982831), (0.49598897, -0.5261149, 0.6907953), (0.43283427, -0.6702572, 0.6028347), (0.43283427, -0.6702572, 0.6028347), (0.49598897, -0.5261149, 0.6907953), (0.50136507, -0.5109148, 0.6982831), (0.49781168, 0.52103096, 0.69333273), (0.49292487, 0.5345149, 0.6865266), (0.42865756, 0.67810154, 0.5970185), (0.42865756, 0.67810154, 0.5970185), (0.49292487, 0.5345149, 0.6865266), (0.49781168, 0.52103096, 0.69333273), (0.5443873, 0.35885182, 0.75820047), (0.5443873, 0.35885182, 0.75820047), (0.546673, -0.3484871, 0.7613839), (0.546673, -0.3484871, 0.7613839), (0.50136644, -0.51091456, 0.6982821), (0.49599028, -0.5261149, 0.69079435), (0.43283528, -0.6702572, 0.60283405), (0.43283528, -0.6702572, 0.60283405), (0.49599028, -0.5261149, 0.69079435), (0.50136644, -0.51091456, 0.6982821), (0.49781194, 0.5210313, 0.69333225), (0.49292514, 0.5345153, 0.6865262), (0.42865738, 0.6781035, 0.5970163), (0.42865738, 0.6781035, 0.5970163), (0.49292514, 0.5345153, 0.6865262), (0.49781194, 0.5210313, 0.69333225), (0.54438746, 0.35885003, 0.7582012), (0.54438746, 0.35885003, 0.7582012), (0.5466731, -0.3484879, 0.76138353), (0.5466731, -0.3484879, 0.76138353), (0.5013665, -0.5109149, 0.6982818), (0.49599028, -0.5261152, 0.6907941), (0.4328353, -0.6702571, 0.6028341), (0.4328353, -0.6702571, 0.6028341), (0.49599028, -0.5261152, 0.6907941), (0.5013665, -0.5109149, 0.6982818), (0.4978124, 0.5210303, 0.69333273), (0.49292567, 0.534514, 0.68652683), (0.42865834, 0.6781014, 0.59701806), (0.42865834, 0.6781014, 0.59701806), (0.49292567, 0.534514, 0.68652683), (0.4978124, 0.5210303, 0.69333273), (0.54438776, 0.3588499, 0.75820094), (0.54438776, 0.3588499, 0.75820094), (0.54667294, -0.34848464, 0.761385), (0.54667294, -0.34848464, 0.761385), (0.50136584, -0.51091444, 0.69828266), (0.49598962, -0.5261147, 0.6907949), (0.43283367, -0.67025894, 0.60283333), (0.43283367, -0.67025894, 0.60283333), (0.49598962, -0.5261147, 0.6907949), (0.50136584, -0.51091444, 0.69828266), (-0.49781242, 0.52102965, 0.69333327), (-0.4286577, 0.67810154, 0.59701836), (-0.4286577, 0.67810154, 0.59701836), (-0.49292564, 0.5345135, 0.6865273), (-0.49292564, 0.5345135, 0.6865273), (-0.54438823, 0.3588485, 0.75820124), (-0.54438823, 0.3588485, 0.75820124), (-0.49781242, 0.52102965, 0.69333327), (-0.546672, -0.348485, 0.7613855), (-0.4959895, -0.52611387, 0.69079566), (-0.5013655, -0.51091385, 0.6982833), (-0.546672, -0.348485, 0.7613855), (-0.43283424, -0.67025757, 0.60283446), (-0.5013655, -0.51091385, 0.6982833), (-0.4959895, -0.52611387, 0.69079566), (-0.43283424, -0.67025757, 0.60283446), (-0.49781165, 0.52102965, 0.6933338), (-0.42865828, 0.6781004, 0.59701926), (-0.42865828, 0.6781004, 0.59701926), (-0.49292493, 0.5345135, 0.6865277), (-0.49292493, 0.5345135, 0.6865277), (-0.5443866, 0.35884982, 0.7582019), (-0.5443866, 0.35884982, 0.7582019), (-0.49781165, 0.52102965, 0.6933338), (-0.5466707, -0.34848842, 0.7613849), (-0.49598885, -0.5261157, 0.69079477), (-0.50136495, -0.5109155, 0.6982826), (-0.5466707, -0.34848842, 0.7613849), (-0.43283477, -0.6702575, 0.6028339), (-0.50136495, -0.5109155, 0.6982826), (-0.49598885, -0.5261157, 0.69079477), (-0.43283477, -0.6702575, 0.6028339), (-0.4978116, 0.5210308, 0.69333297), (-0.428658, 0.6781015, 0.5970181), (-0.428658, 0.6781015, 0.5970181), (-0.4929249, 0.53451467, 0.6865269), (-0.4929249, 0.53451467, 0.6865269), (-0.5443866, 0.35885125, 0.7582012), (-0.5443866, 0.35885125, 0.7582012), (-0.4978116, 0.5210308, 0.69333297), (-0.5466724, -0.3484881, 0.7613837), (-0.49599025, -0.5261154, 0.69079393), (-0.50136644, -0.51091516, 0.69828176), (-0.5466724, -0.3484881, 0.7613837), (-0.43283585, -0.67025733, 0.6028335), (-0.50136644, -0.51091516, 0.69828176), (-0.49599025, -0.5261154, 0.69079393), (-0.43283585, -0.67025733, 0.6028335), (-0.49781117, 0.5210313, 0.6933328), (-0.42865703, 0.6781037, 0.59701633), (-0.42865703, 0.6781037, 0.59701633), (-0.49292442, 0.5345153, 0.68652666), (-0.49292442, 0.5345153, 0.68652666), (-0.5443863, 0.3588498, 0.7582021), (-0.5443863, 0.3588498, 0.7582021), (-0.49781117, 0.5210313, 0.6933328), (-0.54667246, -0.3484896, 0.76138306), (-0.49598998, -0.5261156, 0.690794), (-0.5013661, -0.51091546, 0.6982817), (-0.54667246, -0.3484896, 0.76138306), (-0.43283558, -0.67025656, 0.60283464), (-0.5013661, -0.51091546, 0.6982817), (-0.49598998, -0.5261156, 0.690794), (-0.43283558, -0.67025656, 0.60283464), (-0.49781188, 0.5210295, 0.6933337), (-0.4286585, 0.6781019, 0.59701735), (-0.4286585, 0.6781019, 0.59701735), (-0.49292526, 0.5345134, 0.6865276), (-0.49292526, 0.5345134, 0.6865276), (-0.54438645, 0.35884777, 0.7582029), (-0.54438645, 0.35884777, 0.7582029), (-0.49781188, 0.5210295, 0.6933337), (-0.54667354, -0.3484848, 0.7613845), (-0.49598995, -0.5261146, 0.69079477), (-0.5013662, -0.5109143, 0.69828254), (-0.54667354, -0.3484848, 0.7613845), (-0.4328338, -0.6702586, 0.60283375), (-0.5013662, -0.5109143, 0.69828254), (-0.49598995, -0.5261146, 0.69079477), (-0.4328338, -0.6702586, 0.60283375), (-0.39091843, -0.7421261, -0.54445535), (-0.39091843, -0.7421261, -0.54445535), (-0.39091843, -0.7421261, -0.54445535), (-0.39091843, -0.7421261, -0.54445535), (-0.39549798, 0.73495847, -0.5508334), (-0.39549798, 0.73495847, -0.5508334), (-0.39549798, 0.73495847, -0.5508334), (-0.39549798, 0.73495847, -0.5508334), (0.83029836, -0.058354642, -0.5542558), (0.8206003, 0.0046474575, -0.57148355), (0.8205996, 0.00456829, -0.5714852), (0.83025104, -0.058299027, -0.5543325), (-0.8203368, -0.004600681, 0.5718622), (-0.8299498, 0.058519047, 0.5547601), (-0.83012927, 0.05873594, 0.55446875), (-0.82033724, -0.004669578, 0.57186097), (0.8206003, 0.0046474575, -0.57148355), (0.8314713, 0.06603114, -0.55162966), (0.8314081, 0.06596757, -0.5517326), (0.8205996, 0.00456829, -0.5714852), (-0.83101016, -0.06630794, 0.55229104), (-0.8203368, -0.004600681, 0.5718622), (-0.82033724, -0.004669578, 0.57186097), (-0.83121103, -0.06651618, 0.5519637), (-0.8420118, -0.07794647, 0.5337983), (-0.83101016, -0.06630794, 0.55229104), (-0.83121103, -0.06651618, 0.5519637), (-0.8420118, -0.07794647, 0.5337983), (0.8314713, 0.06603114, -0.55162966), (0.8423291, 0.07716612, -0.53341085), (0.8423291, 0.07716612, -0.53341085), (0.8314081, 0.06596757, -0.5517326), (-0.8299498, 0.058519047, 0.5547601), (-0.84057486, 0.07164435, 0.5369365), (-0.84057486, 0.07164435, 0.5369365), (-0.83012927, 0.05873594, 0.55446875), (0.84082836, -0.07100697, -0.5366244), (0.83029836, -0.058354642, -0.5542558), (0.83025104, -0.058299027, -0.5543325), (0.84082836, -0.07100697, -0.5366244), (-0.39091882, -0.74212545, -0.5444559), (-0.39091882, -0.74212545, -0.5444559), (-0.39091882, -0.74212545, -0.5444559), (-0.39091882, -0.74212545, -0.5444559), (-0.39549637, 0.7349594, -0.5508331), (-0.39549637, 0.7349594, -0.5508331), (-0.39549637, 0.7349594, -0.5508331), (-0.39549637, 0.7349594, -0.5508331), (0.83029836, -0.058353517, -0.55425584), (0.82060456, 0.0046460633, -0.5714775), (0.8206039, 0.004566893, -0.57147914), (0.830251, -0.058297902, -0.55433255), (-0.8203361, -0.00460028, 0.5718632), (-0.82994896, 0.058521073, 0.5547613), (-0.8301284, 0.058737982, 0.5544699), (-0.8203366, -0.0046691718, 0.57186186), (0.82060456, 0.0046460633, -0.5714775), (0.8314754, 0.06603119, -0.5516235), (0.83141226, 0.065967634, -0.5517264), (0.8206039, 0.004566893, -0.57147914), (-0.831008, -0.06630994, 0.55229414), (-0.8203361, -0.00460028, 0.5718632), (-0.8203366, -0.0046691718, 0.57186186), (-0.8312088, -0.0665182, 0.55196667), (-0.842008, -0.07794971, 0.5338035), (-0.831008, -0.06630994, 0.55229414), (-0.8312088, -0.0665182, 0.55196667), (-0.842008, -0.07794971, 0.5338035), (0.8314754, 0.06603119, -0.5516235), (0.84232897, 0.077167414, -0.5334107), (0.84232897, 0.077167414, -0.5334107), (0.83141226, 0.065967634, -0.5517264), (-0.82994896, 0.058521073, 0.5547613), (-0.8405739, 0.07164684, 0.53693783), (-0.8405739, 0.07164684, 0.53693783), (-0.8301284, 0.058737982, 0.5544699), (0.84082854, -0.07100315, -0.53662455), (0.83029836, -0.058353517, -0.55425584), (0.830251, -0.058297902, -0.55433255), (0.84082854, -0.07100315, -0.53662455), (-0.3909156, -0.7421304, -0.5444514), (-0.3909156, -0.7421304, -0.5444514), (-0.3909156, -0.7421304, -0.5444514), (-0.3909156, -0.7421304, -0.5444514), (-0.39549637, 0.7349594, -0.5508331), (-0.39549637, 0.7349594, -0.5508331), (-0.39549637, 0.7349594, -0.5508331), (-0.39549637, 0.7349594, -0.5508331), (0.83029866, -0.05835147, -0.55425555), (0.82060057, 0.0046486035, -0.57148325), (0.8205999, 0.004569406, -0.5714848), (0.83025146, -0.05829594, -0.5543321), (-0.82034284, -0.0045988183, 0.57185346), (-0.82995313, 0.05851926, 0.5547553), (-0.8301325, 0.058736145, 0.5544637), (-0.8203434, -0.004667604, 0.5718522), (0.82060057, 0.0046486035, -0.57148325), (0.8314724, 0.066034764, -0.55162764), (0.831409, 0.06597103, -0.55173075), (0.8205999, 0.004569406, -0.5714848), (-0.831017, -0.06630182, 0.5522813), (-0.82034284, -0.0045988183, 0.57185346), (-0.8203434, -0.004667604, 0.5718522), (-0.83121806, -0.06651018, 0.5519537), (-0.8420179, -0.077937216, 0.5337899), (-0.831017, -0.06630182, 0.5522813), (-0.83121806, -0.06651018, 0.5519537), (-0.8420179, -0.077937216, 0.5337899), (0.8314724, 0.066034764, -0.55162764), (0.84233105, 0.07717318, -0.53340673), (0.84233105, 0.07717318, -0.53340673), (0.831409, 0.06597103, -0.55173075), (-0.82995313, 0.05851926, 0.5547553), (-0.84057736, 0.07164368, 0.5369328), (-0.84057736, 0.07164368, 0.5369328), (-0.8301325, 0.058736145, 0.5544637), (0.84082854, -0.07100315, -0.53662455), (0.83029866, -0.05835147, -0.55425555), (0.83025146, -0.05829594, -0.5543321), (0.84082854, -0.07100315, -0.53662455), (-0.39091754, -0.7421278, -0.54445374), (-0.39091754, -0.7421278, -0.54445374), (-0.39091754, -0.7421278, -0.54445374), (-0.39091754, -0.7421278, -0.54445374), (-0.3954971, 0.734959, -0.5508333), (-0.3954971, 0.734959, -0.5508333), (-0.3954971, 0.734959, -0.5508333), (-0.3954971, 0.734959, -0.5508333), (0.83030164, -0.058348622, -0.55425143), (0.8206006, 0.0046493784, -0.5714832), (0.8206, 0.0045702397, -0.57148474), (0.83025444, -0.05829317, -0.5543278), (-0.82034266, -0.0045984415, 0.57185376), (-0.82995135, 0.0585189, 0.5547578), (-0.83013076, 0.058735803, 0.5544664), (-0.8203432, -0.004667258, 0.57185256), (0.8206006, 0.0046493784, -0.5714832), (0.83146954, 0.066035055, -0.551632), (0.83140606, 0.06597131, -0.5517351), (0.8206, 0.0045702397, -0.57148474), (-0.83101577, -0.06630084, 0.5522834), (-0.82034266, -0.0045984415, 0.57185376), (-0.8203432, -0.004667258, 0.57185256), (-0.83121645, -0.0665088, 0.55195636), (-0.8420149, -0.07793563, 0.5337948), (-0.83101577, -0.06630084, 0.5522834), (-0.83121645, -0.0665088, 0.55195636), (-0.8420149, -0.07793563, 0.5337948), (0.83146954, 0.066035055, -0.551632), (0.8423251, 0.07717455, -0.5334159), (0.8423251, 0.07717455, -0.5334159), (0.83140606, 0.06597131, -0.5517351), (-0.82995135, 0.0585189, 0.5547578), (-0.84057444, 0.071643025, 0.5369375), (-0.84057444, 0.071643025, 0.5369375), (-0.83013076, 0.058735803, 0.5544664), (0.8408344, -0.07099998, -0.5366158), (0.83030164, -0.058348622, -0.55425143), (0.83025444, -0.05829317, -0.5543278), (0.8408344, -0.07099998, -0.5366158), (-0.39091817, -0.742126, -0.54445577), (-0.39091817, -0.742126, -0.54445577), (-0.39091817, -0.742126, -0.54445577), (-0.39091817, -0.742126, -0.54445577), (-0.39549634, 0.7349613, -0.55083084), (-0.39549634, 0.7349613, -0.55083084), (-0.39549634, 0.7349613, -0.55083084), (-0.39549634, 0.7349613, -0.55083084), (0.8302989, -0.058351308, -0.5542553), (0.8205983, 0.0046469895, -0.5714865), (0.82059765, 0.0045677493, -0.571488), (0.8302517, -0.058295894, -0.5543317), (-0.82033926, -0.004598835, 0.5718586), (-0.82995147, 0.058518875, 0.55475765), (-0.8301308, 0.05873566, 0.5544663), (-0.8203398, -0.0046675606, 0.57185733), (0.8205983, 0.0046469895, -0.5714865), (0.83146995, 0.066034175, -0.5516314), (0.8314068, 0.065970615, -0.55173427), (0.82059765, 0.0045677493, -0.571488), (-0.8310134, -0.066304736, 0.55228657), (-0.82033926, -0.004598835, 0.5718586), (-0.8203398, -0.0046675606, 0.57185733), (-0.83121425, -0.06651297, 0.55195916), (-0.8420142, -0.077943094, 0.5337948), (-0.8310134, -0.066304736, 0.55228657), (-0.83121425, -0.06651297, 0.55195916), (-0.8420142, -0.077943094, 0.5337948), (0.83146995, 0.066034175, -0.5516314), (0.8423265, 0.07717289, -0.5334138), (0.8423265, 0.07717289, -0.5334138), (0.8314068, 0.065970615, -0.55173427), (-0.82995147, 0.058518875, 0.55475765), (-0.84057707, 0.07164302, 0.53693324), (-0.84057707, 0.07164302, 0.53693324), (-0.8301308, 0.05873566, 0.5544663), (0.8408332, -0.071000315, -0.5366177), (0.8302989, -0.058351308, -0.5542553), (0.8302517, -0.058295894, -0.5543317), (0.8408332, -0.071000315, -0.5366177), (0.39091805, -0.74212587, -0.5444559), (0.39091805, -0.74212587, -0.5444559), (0.39091805, -0.74212587, -0.5444559), (0.39091805, -0.74212587, -0.5444559), (0.39549735, 0.7349596, -0.55083215), (0.39549735, 0.7349596, -0.55083215), (0.39549735, 0.7349596, -0.55083215), (0.39549735, 0.7349596, -0.55083215), (-0.8205989, 0.004647856, -0.57148564), (-0.830297, -0.05835786, -0.5542574), (-0.83024967, -0.05830226, -0.55433404), (-0.8205982, 0.0045686783, -0.57148725), (0.8299489, 0.05852187, 0.5547612), (0.820336, -0.004598259, 0.57186335), (0.82033646, -0.0046671564, 0.5718621), (0.8301283, 0.058738783, 0.5544697), (-0.8314704, 0.06603349, -0.5516308), (-0.8205989, 0.004647856, -0.57148564), (-0.8205982, 0.0045686783, -0.57148725), (-0.8314071, 0.065969944, -0.5517338), (0.820336, -0.004598259, 0.57186335), (0.8310096, -0.066307075, 0.55229187), (0.8312105, -0.066515334, 0.55196446), (0.82033646, -0.0046671564, 0.5718621), (0.8310096, -0.066307075, 0.55229187), (0.8420113, -0.07794642, 0.53379893), (0.8420113, -0.07794642, 0.53379893), (0.8312105, -0.066515334, 0.55196446), (-0.8423288, 0.077166095, -0.5334113), (-0.8314704, 0.06603349, -0.5516308), (-0.8314071, 0.065969944, -0.5517338), (-0.8423288, 0.077166095, -0.5334113), (0.8405742, 0.07164686, 0.53693736), (0.8299489, 0.05852187, 0.5547612), (0.8301283, 0.058738783, 0.5544697), (0.8405742, 0.07164686, 0.53693736), (-0.830297, -0.05835786, -0.5542574), (-0.8408273, -0.07100945, -0.5366257), (-0.8408273, -0.07100945, -0.5366257), (-0.83024967, -0.05830226, -0.55433404), (0.39091825, -0.7421258, -0.5444558), (0.39091825, -0.7421258, -0.5444558), (0.39091825, -0.7421258, -0.5444558), (0.39091825, -0.7421258, -0.5444558), (0.39549434, 0.7349626, -0.5508303), (0.39549434, 0.7349626, -0.5508303), (0.39549434, 0.7349626, -0.5508303), (0.39549434, 0.7349626, -0.5508303), (-0.8206059, 0.0046481, -0.5714757), (-0.83029914, -0.05835219, -0.5542547), (-0.8302519, -0.058296558, -0.5543314), (-0.82060516, 0.0045689344, -0.5714772), (0.82995003, 0.058517322, 0.5547599), (0.8203375, -0.0045998823, 0.57186127), (0.82033795, -0.0046687797, 0.57186), (0.83012944, 0.058734138, 0.5544685), (-0.83147645, 0.066030614, -0.551622), (-0.8206059, 0.0046481, -0.5714757), (-0.82060516, 0.0045689344, -0.5714772), (-0.83141327, 0.06596705, -0.55172485), (0.8203375, -0.0045998823, 0.57186127), (0.83100915, -0.066308334, 0.5522925), (0.83120996, -0.06651656, 0.5519651), (0.82033795, -0.0046687797, 0.57186), (0.83100915, -0.066308334, 0.5522925), (0.8420091, -0.07794719, 0.5338023), (0.8420091, -0.07794719, 0.5338023), (0.83120996, -0.06651656, 0.5519651), (-0.8423298, 0.077166185, -0.53340966), (-0.83147645, 0.066030614, -0.551622), (-0.83141327, 0.06596705, -0.55172485), (-0.8423298, 0.077166185, -0.53340966), (0.84057486, 0.0716392, 0.5369371), (0.82995003, 0.058517322, 0.5547599), (0.83012944, 0.058734138, 0.5544685), (0.84057486, 0.0716392, 0.5369371), (-0.83029914, -0.05835219, -0.5542547), (-0.8408288, -0.07100445, -0.536624), (-0.8408288, -0.07100445, -0.536624), (-0.8302519, -0.058296558, -0.5543314), (0.39091644, -0.7421293, -0.5444523), (0.39091644, -0.7421293, -0.5444523), (0.39091644, -0.7421293, -0.5444523), (0.39091644, -0.7421293, -0.5444523), (0.3954963, 0.73496073, -0.5508316), (0.3954963, 0.73496073, -0.5508316), (0.3954963, 0.73496073, -0.5508316), (0.3954963, 0.73496073, -0.5508316), (-0.8206023, 0.0046488647, -0.5714809), (-0.8302998, -0.05835308, -0.55425376), (-0.8302525, -0.05829755, -0.5543302), (-0.8206016, 0.004569671, -0.5714824), (0.82995266, 0.058520146, 0.5547558), (0.8203425, -0.0045996225, 0.57185394), (0.820343, -0.004668435, 0.5718527), (0.8301321, 0.05873712, 0.55446434), (-0.8314711, 0.0660325, -0.5516298), (-0.8206023, 0.0046488647, -0.5714809), (-0.8206016, 0.004569671, -0.5714824), (-0.8314078, 0.06596879, -0.551733), (0.8203425, -0.0045996225, 0.57185394), (0.831017, -0.066301, 0.55228144), (0.8312181, -0.06650938, 0.55195385), (0.820343, -0.004668435, 0.5718527), (0.831017, -0.066301, 0.55228144), (0.8420179, -0.077937216, 0.5337899), (0.8420179, -0.077937216, 0.5337899), (0.8312181, -0.06650938, 0.55195385), (-0.84232855, 0.07716869, -0.53341115), (-0.8314711, 0.0660325, -0.5516298), (-0.8314078, 0.06596879, -0.551733), (-0.84232855, 0.07716869, -0.53341115), (0.8405768, 0.071648784, 0.5369331), (0.82995266, 0.058520146, 0.5547558), (0.8301321, 0.05873712, 0.55446434), (0.8405768, 0.071648784, 0.5369331), (-0.8302998, -0.05835308, -0.55425376), (-0.8408275, -0.0710069, -0.5366258), (-0.8408275, -0.0710069, -0.5366258), (-0.8302525, -0.05829755, -0.5543302), (0.39091823, -0.7421272, -0.5444541), (0.39091823, -0.7421272, -0.5444541), (0.39091823, -0.7421272, -0.5444541), (0.39091823, -0.7421272, -0.5444541), (0.39549816, 0.73495734, -0.55083466), (0.39549816, 0.73495734, -0.55083466), (0.39549816, 0.73495734, -0.55083466), (0.39549816, 0.73495734, -0.55083466), (-0.82060105, 0.004649331, -0.57148266), (-0.8303013, -0.058349732, -0.55425185), (-0.8302541, -0.058294296, -0.55432826), (-0.82060033, 0.004570218, -0.57148427), (0.8299507, 0.058517747, 0.55475885), (0.82034016, -0.004598325, 0.5718572), (0.8203407, -0.0046671038, 0.5718561), (0.83013016, 0.058734618, 0.55446744), (-0.83146924, 0.06603545, -0.5516323), (-0.82060105, 0.004649331, -0.57148266), (-0.82060033, 0.004570218, -0.57148427), (-0.8314059, 0.065971695, -0.55173546), (0.82034016, -0.004598325, 0.5718572), (0.8310134, -0.06630246, 0.5522869), (0.83121437, -0.06651081, 0.55195916), (0.8203407, -0.0046671038, 0.5718561), (0.8310134, -0.06630246, 0.5522869), (0.84201485, -0.07793791, 0.5337946), (0.84201485, -0.07793791, 0.5337946), (0.83121437, -0.06651081, 0.55195916), (-0.8423249, 0.07717454, -0.53341615), (-0.83146924, 0.06603545, -0.5516323), (-0.8314059, 0.065971695, -0.55173546), (-0.8423249, 0.07717454, -0.53341615), (0.84057385, 0.07163911, 0.536939), (0.8299507, 0.058517747, 0.55475885), (0.83013016, 0.058734618, 0.55446744), (0.84057385, 0.07163911, 0.536939), (-0.8303013, -0.058349732, -0.55425185), (-0.84083277, -0.07100136, -0.5366181), (-0.84083277, -0.07100136, -0.5366181), (-0.8302541, -0.058294296, -0.55432826), (0.39091852, -0.74212444, -0.54445755), (0.39091852, -0.74212444, -0.54445755), (0.39091852, -0.74212444, -0.54445755), (0.39091852, -0.74212444, -0.54445755), (0.3954965, 0.7349617, -0.55083025), (0.3954965, 0.7349617, -0.55083025), (0.3954965, 0.7349617, -0.55083025), (0.3954965, 0.7349617, -0.55083025), (-0.82060015, 0.004647595, -0.57148397), (-0.83029807, -0.05835551, -0.5542559), (-0.830251, -0.058300115, -0.5543323), (-0.82059944, 0.004568341, -0.57148546), (0.82995176, 0.058518592, 0.5547573), (0.82033944, -0.0045990134, 0.5718583), (0.82034, -0.0046677473, 0.5718571), (0.8301311, 0.058735393, 0.55446595), (-0.8314708, 0.06603664, -0.55162984), (-0.82060015, 0.004647595, -0.57148397), (-0.82059944, 0.004568341, -0.57148546), (-0.83140755, 0.06597308, -0.5517327), (0.82033944, -0.0045990134, 0.5718583), (0.8310133, -0.06630432, 0.5522868), (0.83121413, -0.06651256, 0.55195934), (0.82034, -0.0046677473, 0.5718571), (0.8310133, -0.06630432, 0.5522868), (0.8420141, -0.07794308, 0.53379506), (0.8420141, -0.07794308, 0.53379506), (0.83121413, -0.06651256, 0.55195934), (-0.8423263, 0.07717418, -0.533414), (-0.8314708, 0.06603664, -0.55162984), (-0.83140755, 0.06597308, -0.5517327), (-0.8423263, 0.07717418, -0.533414), (0.84057707, 0.07164366, 0.53693324), (0.82995176, 0.058518592, 0.5547573), (0.8301311, 0.058735393, 0.55446595), (0.84057707, 0.07164366, 0.53693324), (-0.83029807, -0.05835551, -0.5542559), (-0.84083045, -0.07100628, -0.53662115), (-0.84083045, -0.07100628, -0.53662115), (-0.830251, -0.058300115, -0.5543323), (-0.3909178, -0.7421262, -0.54445547), (-0.3909178, -0.7421262, -0.54445547), (-0.3909178, -0.7421262, -0.54445547), (-0.3909178, -0.7421262, -0.54445547), (-0.39549485, 0.73496187, -0.5508311), (-0.39549485, 0.73496187, -0.5508311), (-0.39549485, 0.73496187, -0.5508311), (-0.39549485, 0.73496187, -0.5508311), (0.8302969, -0.058353193, -0.5542581), (0.82059866, 0.004647222, -0.5714861), (0.82059795, 0.004568043, -0.57148767), (0.83024967, -0.058297668, -0.5543347), (-0.82033676, -0.004602857, 0.5718622), (-0.8299534, 0.058517683, 0.5547549), (-0.83013284, 0.058734585, 0.5544635), (-0.82033724, -0.004671799, 0.57186097), (0.82059866, 0.004647222, -0.5714861), (0.8314712, 0.06603072, -0.55163), (0.8314079, 0.065967135, -0.55173296), (0.82059795, 0.004568043, -0.57148767), (-0.83100843, -0.06630908, 0.55229354), (-0.82033676, -0.004602857, 0.5718622), (-0.82033724, -0.004671799, 0.57186097), (-0.83120936, -0.0665173, 0.5519661), (-0.8420118, -0.07794647, 0.5337983), (-0.83100843, -0.06630908, 0.55229354), (-0.83120936, -0.0665173, 0.5519661), (-0.8420118, -0.07794647, 0.5337983), (0.8314712, 0.06603072, -0.55163), (0.84232837, 0.07716605, -0.533412), (0.84232837, 0.07716605, -0.533412), (0.8314079, 0.065967135, -0.55173296), (-0.8299534, 0.058517683, 0.5547549), (-0.8405785, 0.07164378, 0.5369309), (-0.8405785, 0.07164378, 0.5369309), (-0.83013284, 0.058734585, 0.5544635), (0.8408291, -0.07100447, -0.5366236), (0.8302969, -0.058353193, -0.5542581), (0.83024967, -0.058297668, -0.5543347), (0.8408291, -0.07100447, -0.5366236), (-0.3909188, -0.7421255, -0.54445595), (-0.3909188, -0.7421255, -0.54445595), (-0.3909188, -0.7421255, -0.54445595), (-0.3909188, -0.7421255, -0.54445595), (-0.39549547, 0.73496425, -0.5508274), (-0.39549547, 0.73496425, -0.5508274), (-0.39549547, 0.73496425, -0.5508274), (-0.39549547, 0.73496425, -0.5508274), (0.83029675, -0.058354463, -0.5542581), (0.8206029, 0.004647042, -0.57148), (0.8206022, 0.004567861, -0.5714815), (0.83024955, -0.058298927, -0.55433464), (-0.8203385, -0.004602591, 0.5718597), (-0.8299509, 0.058517043, 0.5547587), (-0.83013034, 0.058733933, 0.55446726), (-0.82033896, -0.00467153, 0.57185847), (0.8206029, 0.004647042, -0.57148), (0.8314757, 0.06603252, -0.5516229), (0.8314125, 0.06596896, -0.55172586), (0.8206022, 0.004567861, -0.5714815), (-0.8310082, -0.066310756, 0.5522936), (-0.8203385, -0.004602591, 0.5718597), (-0.82033896, -0.00467153, 0.57185847), (-0.83120906, -0.066519015, 0.55196625), (-0.84200734, -0.07794965, 0.5338048), (-0.8310082, -0.066310756, 0.5522936), (-0.83120906, -0.066519015, 0.55196625), (-0.84200734, -0.07794965, 0.5338048), (0.8314757, 0.06603252, -0.5516229), (0.8423293, 0.07717006, -0.53341), (0.8423293, 0.07717006, -0.53341), (0.8314125, 0.06596896, -0.55172586), (-0.8299509, 0.058517043, 0.5547587), (-0.8405745, 0.07164174, 0.53693753), (-0.8405745, 0.07164174, 0.53693753), (-0.83013034, 0.058733933, 0.55446726), (0.84082896, -0.07100702, -0.5366235), (0.83029675, -0.058354463, -0.5542581), (0.83024955, -0.058298927, -0.55433464), (0.84082896, -0.07100702, -0.5366235), (-0.3909156, -0.7421304, -0.5444514), (-0.3909156, -0.7421304, -0.5444514), (-0.3909156, -0.7421304, -0.5444514), (-0.3909156, -0.7421304, -0.5444514), (-0.39549452, 0.73496103, -0.55083257), (-0.39549452, 0.73496103, -0.55083257), (-0.39549452, 0.73496103, -0.55083257), (-0.39549452, 0.73496103, -0.55083257), (0.8303012, -0.05835161, -0.55425173), (0.82060283, 0.004648242, -0.5714799), (0.82060224, 0.004569034, -0.57148147), (0.8302541, -0.05829617, -0.5543282), (-0.8203453, -0.0045991065, 0.57185006), (-0.8299537, 0.05851699, 0.5547546), (-0.830133, 0.05873388, 0.55446327), (-0.8203458, -0.004667938, 0.57184875), (0.82060283, 0.004648242, -0.5714799), (0.8314708, 0.06603424, -0.5516301), (0.8314074, 0.06597052, -0.5517333), (0.82060224, 0.004569034, -0.57148147), (-0.8310177, -0.066302106, 0.5522804), (-0.8203453, -0.0045991065, 0.57185006), (-0.8203458, -0.004667938, 0.57184875), (-0.83121866, -0.06651048, 0.5519527), (-0.8420177, -0.07793851, 0.53379005), (-0.8310177, -0.066302106, 0.5522804), (-0.83121866, -0.06651048, 0.5519527), (-0.8420177, -0.07793851, 0.53379005), (0.8314708, 0.06603424, -0.5516301), (0.8423279, 0.07717255, -0.53341174), (0.8423279, 0.07717255, -0.53341174), (0.8314074, 0.06597052, -0.5517333), (-0.8299537, 0.05851699, 0.5547546), (-0.84057516, 0.071640514, 0.5369367), (-0.84057516, 0.071640514, 0.5369367), (-0.830133, 0.05873388, 0.55446327), (0.8408291, -0.07100319, -0.5366236), (0.8303012, -0.05835161, -0.55425173), (0.8302541, -0.05829617, -0.5543282), (0.8408291, -0.07100319, -0.5366236), (-0.390917, -0.74212825, -0.5444534), (-0.390917, -0.74212825, -0.5444534), (-0.390917, -0.74212825, -0.5444534), (-0.390917, -0.74212825, -0.5444534), (-0.39549512, 0.73496085, -0.5508324), (-0.39549512, 0.73496085, -0.5508324), (-0.39549512, 0.73496085, -0.5508324), (-0.39549512, 0.73496085, -0.5508324), (0.8302985, -0.058349162, -0.5542561), (0.82059824, 0.004649526, -0.5714866), (0.8205976, 0.0045703724, -0.5714882), (0.8302514, -0.05829381, -0.55433244), (-0.8203447, -0.004599507, 0.57185084), (-0.8299534, 0.058519524, 0.5547548), (-0.8301328, 0.058736462, 0.55446345), (-0.82034516, -0.0046683718, 0.5718496), (0.82059824, 0.004649526, -0.5714866), (0.83146745, 0.06603642, -0.55163497), (0.83140403, 0.06597266, -0.5517381), (0.8205976, 0.0045703724, -0.5714882), (-0.8310157, -0.06630189, 0.5522834), (-0.8203447, -0.004599507, 0.57185084), (-0.82034516, -0.0046683718, 0.5718496), (-0.83121634, -0.06650986, 0.55195636), (-0.84201425, -0.07793688, 0.5337957), (-0.8310157, -0.06630189, 0.5522834), (-0.83121634, -0.06650986, 0.55195636), (-0.84201425, -0.07793688, 0.5337957), (0.83146745, 0.06603642, -0.55163497), (0.8423217, 0.077176504, -0.533421), (0.8423217, 0.077176504, -0.533421), (0.83140403, 0.06597266, -0.5517381), (-0.8299534, 0.058519524, 0.5547548), (-0.8405748, 0.071645625, 0.53693646), (-0.8405748, 0.071645625, 0.53693646), (-0.8301328, 0.058736462, 0.55446345), (0.8408323, -0.07100067, -0.5366191), (0.8302985, -0.058349162, -0.5542561), (0.8302514, -0.05829381, -0.55433244), (0.8408323, -0.07100067, -0.5366191), (-0.3909186, -0.7421258, -0.54445565), (-0.3909186, -0.7421258, -0.54445565), (-0.3909186, -0.7421258, -0.54445565), (-0.3909186, -0.7421258, -0.54445565), (-0.3954931, 0.734964, -0.5508296), (-0.3954931, 0.734964, -0.5508296), (-0.3954931, 0.734964, -0.5508296), (-0.3954931, 0.734964, -0.5508296), (0.83030033, -0.05835169, -0.554253), (0.82059985, 0.0046471115, -0.57148427), (0.82059926, 0.0045678513, -0.5714858), (0.8302533, -0.058296375, -0.5543293), (-0.8203382, -0.00459925, 0.57186025), (-0.82995087, 0.05851894, 0.55475855), (-0.83013016, 0.05873572, 0.55446726), (-0.82033867, -0.004668019, 0.571859), (0.82059985, 0.0046471115, -0.57148427), (0.83146995, 0.0660345, -0.5516314), (0.8314067, 0.065970935, -0.55173427), (0.82059926, 0.0045678513, -0.5714858), (-0.83101, -0.06630593, 0.5522916), (-0.8203382, -0.00459925, 0.57186025), (-0.82033867, -0.004668019, 0.571859), (-0.83121085, -0.06651417, 0.5519642), (-0.8420113, -0.07794445, 0.5337993), (-0.83101, -0.06630593, 0.5522916), (-0.83121085, -0.06651417, 0.5519642), (-0.8420113, -0.07794445, 0.5337993), (0.83146995, 0.0660345, -0.5516314), (0.8423264, 0.07717354, -0.53341407), (0.8423264, 0.07717354, -0.53341407), (0.8314067, 0.065970935, -0.55173427), (-0.82995087, 0.05851894, 0.55475855), (-0.84057444, 0.071643025, 0.5369375), (-0.84057444, 0.071643025, 0.5369375), (-0.83013016, 0.05873572, 0.55446726), (0.84083337, -0.0710014, -0.5366172), (0.83030033, -0.05835169, -0.554253), (0.8302533, -0.058296375, -0.5543293), (0.84083337, -0.0710014, -0.5366172), (0.3909178, -0.7421262, -0.54445547), (0.3909178, -0.7421262, -0.54445547), (0.3909178, -0.7421262, -0.54445547), (0.3909178, -0.7421262, -0.54445547), (0.39549607, 0.7349641, -0.55082726), (0.39549607, 0.7349641, -0.55082726), (0.39549607, 0.7349641, -0.55082726), (0.39549607, 0.7349641, -0.55082726), (-0.8205973, 0.004647613, -0.571488), (-0.83029544, -0.0583581, -0.5542597), (-0.83024824, -0.05830257, -0.5543362), (-0.82059664, 0.00456842, -0.57148963), (0.8299513, 0.05852167, 0.55475765), (0.8203362, -0.0045988197, 0.57186306), (0.82033676, -0.004667762, 0.57186174), (0.8301307, 0.058738574, 0.55446625), (-0.83147025, 0.066033475, -0.55163103), (-0.8205973, 0.004647613, -0.571488), (-0.82059664, 0.00456842, -0.57148963), (-0.831407, 0.06596993, -0.551734), (0.8203362, -0.0045988197, 0.57186306), (0.83100796, -0.066307396, 0.55229425), (0.83120894, -0.06651566, 0.55196685), (0.82033676, -0.004667762, 0.57186174), (0.83100796, -0.066307396, 0.55229425), (0.84201115, -0.0779464, 0.5337992), (0.84201115, -0.0779464, 0.5337992), (0.83120894, -0.06651566, 0.55196685), (-0.84232837, 0.07716605, -0.533412), (-0.83147025, 0.066033475, -0.55163103), (-0.831407, 0.06596993, -0.551734), (-0.84232837, 0.07716605, -0.533412), (0.8405754, 0.071646966, 0.53693557), (0.8299513, 0.05852167, 0.55475765), (0.8301307, 0.058738574, 0.55446625), (0.8405754, 0.071646966, 0.53693557), (-0.83029544, -0.0583581, -0.5542597), (-0.8408276, -0.07100947, -0.5366252), (-0.8408276, -0.07100947, -0.5366252), (-0.83024824, -0.05830257, -0.5543362), (0.39091843, -0.7421261, -0.54445535), (0.39091843, -0.7421261, -0.54445535), (0.39091843, -0.7421261, -0.54445535), (0.39091843, -0.7421261, -0.54445535), (0.39549255, 0.73496467, -0.55082905), (0.39549255, 0.73496467, -0.55082905), (0.39549255, 0.73496467, -0.55082905), (0.39549255, 0.73496467, -0.55082905), (-0.8206038, 0.0046478487, -0.5714786), (-0.8302977, -0.05835244, -0.5542568), (-0.8302505, -0.058296897, -0.5543335), (-0.8206032, 0.004568667, -0.5714802), (0.82995325, 0.058516737, 0.5547553), (0.82033986, -0.004600155, 0.5718578), (0.82034034, -0.004669099, 0.57185656), (0.8301326, 0.058733553, 0.5544639), (-0.8314784, 0.06603031, -0.55161923), (-0.8206038, 0.0046478487, -0.5714786), (-0.8206032, 0.004568667, -0.5714802), (-0.8314151, 0.06596675, -0.5517221), (0.82033986, -0.004600155, 0.5718578), (0.8310095, -0.06630834, 0.5522919), (0.8312103, -0.06651658, 0.5519646), (0.82034034, -0.004669099, 0.57185656), (0.8310095, -0.06630834, 0.5522919), (0.84200865, -0.07794715, 0.533803), (0.84200865, -0.07794715, 0.533803), (0.8312103, -0.06651658, 0.5519646), (-0.84233373, 0.07716559, -0.5334036), (-0.8314784, 0.06603031, -0.55161923), (-0.8314151, 0.06596675, -0.5517221), (-0.84233373, 0.07716559, -0.5334036), (0.84057766, 0.07163856, 0.536933), (0.82995325, 0.058516737, 0.5547553), (0.8301326, 0.058733553, 0.5544639), (0.84057766, 0.07163856, 0.536933), (-0.8302977, -0.05835244, -0.5542568), (-0.8408297, -0.071004525, -0.5366227), (-0.8408297, -0.071004525, -0.5366227), (-0.8302505, -0.058296897, -0.5543335), (0.39091602, -0.74212986, -0.544452), (0.39091602, -0.74212986, -0.544452), (0.39091602, -0.74212986, -0.544452), (0.39091602, -0.74212986, -0.544452), (0.39549437, 0.73496467, -0.5508277), (0.39549437, 0.73496467, -0.5508277), (0.39549437, 0.73496467, -0.5508277), (0.39549437, 0.73496467, -0.5508277), (-0.82060266, 0.0046488536, -0.5714803), (-0.8303006, -0.058353085, -0.55425245), (-0.83025354, -0.058297653, -0.55432886), (-0.82060206, 0.004569648, -0.57148176), (0.8299531, 0.058520205, 0.5547551), (0.8203447, -0.004599908, 0.57185084), (0.82034516, -0.004668762, 0.5718496), (0.8301325, 0.058737196, 0.5544637), (-0.8314712, 0.0660325, -0.55162966), (-0.82060266, 0.0046488536, -0.5714803), (-0.82060206, 0.004569648, -0.57148176), (-0.8314079, 0.06596879, -0.5517329), (0.8203447, -0.004599908, 0.57185084), (0.8310175, -0.06630104, 0.5522807), (0.83121854, -0.0665094, 0.5519531), (0.82034516, -0.004668762, 0.5718496), (0.8310175, -0.06630104, 0.5522807), (0.84201777, -0.0779372, 0.5337901), (0.84201777, -0.0779372, 0.5337901), (0.83121854, -0.0665094, 0.5519531), (-0.8423288, 0.0771687, -0.53341097), (-0.8314712, 0.0660325, -0.55162966), (-0.8314079, 0.06596879, -0.5517329), (-0.8423288, 0.0771687, -0.53341097), (0.8405747, 0.07164947, 0.53693634), (0.8299531, 0.058520205, 0.5547551), (0.8301325, 0.058737196, 0.5544637), (0.8405747, 0.07164947, 0.53693634), (-0.8303006, -0.058353085, -0.55425245), (-0.84082836, -0.07100697, -0.5366244), (-0.84082836, -0.07100697, -0.5366244), (-0.83025354, -0.058297653, -0.55432886), (0.39091763, -0.74212736, -0.5444542), (0.39091763, -0.74212736, -0.5444542), (0.39091763, -0.74212736, -0.5444542), (0.39091763, -0.74212736, -0.5444542), (0.3954959, 0.73495954, -0.5508335), (0.3954959, 0.73495954, -0.5508335), (0.3954959, 0.73495954, -0.5508335), (0.3954959, 0.73495954, -0.5508335), (-0.820599, 0.0046490934, -0.5714855), (-0.8302996, -0.05834997, -0.5542543), (-0.83025247, -0.058294605, -0.55433065), (-0.82059836, 0.00456996, -0.5714871), (0.82995296, 0.05851752, 0.55475557), (0.82034224, -0.004598574, 0.5718544), (0.8203427, -0.0046673953, 0.5718532), (0.83013237, 0.058734402, 0.5544643), (-0.8314695, 0.06603546, -0.5516319), (-0.820599, 0.0046490934, -0.5714855), (-0.82059836, 0.00456996, -0.5714871), (-0.8314061, 0.065971725, -0.5517351), (0.82034224, -0.004598574, 0.5718544), (0.83101535, -0.06630215, 0.5522839), (0.83121645, -0.066510506, 0.5519561), (0.8203427, -0.0046673953, 0.5718532), (0.83101535, -0.06630215, 0.5522839), (0.84201837, -0.07793726, 0.53378916), (0.84201837, -0.07793726, 0.53378916), (0.83121645, -0.066510506, 0.5519561), (-0.8423254, 0.077174574, -0.53341544), (-0.8314695, 0.06603546, -0.5516319), (-0.8314061, 0.065971725, -0.5517351), (-0.8423254, 0.077174574, -0.53341544), (0.8405747, 0.07163919, 0.53693765), (0.82995296, 0.05851752, 0.55475557), (0.83013237, 0.058734402, 0.5544643), (0.8405747, 0.07163919, 0.53693765), (-0.8302996, -0.05834997, -0.5542543), (-0.84083337, -0.0710014, -0.5366172), (-0.84083337, -0.0710014, -0.5366172), (-0.83025247, -0.058294605, -0.55433065), (0.3909192, -0.74212486, -0.5444564), (0.3909192, -0.74212486, -0.5444564), (0.3909192, -0.74212486, -0.5444564), (0.3909192, -0.74212486, -0.5444564), (0.39549467, 0.73496556, -0.5508263), (0.39549467, 0.73496556, -0.5508263), (0.39549467, 0.73496556, -0.5508263), (0.39549467, 0.73496556, -0.5508263), (-0.8206016, 0.0046477094, -0.57148176), (-0.83030003, -0.058355402, -0.5542532), (-0.8302529, -0.058300085, -0.55432945), (-0.8206009, 0.0045684404, -0.5714833), (0.8299518, 0.058518834, 0.5547572), (0.82033837, -0.00459941, 0.57186), (0.82033885, -0.0046681915, 0.5718587), (0.8301312, 0.058735643, 0.5544659), (-0.83147115, 0.06603667, -0.55162936), (-0.8206016, 0.0046477094, -0.57148176), (-0.8206009, 0.0045684404, -0.5714833), (-0.83140796, 0.06597311, -0.5517322), (0.82033837, -0.00459941, 0.57186), (0.83100986, -0.066304974, 0.5522919), (0.8312107, -0.06651322, 0.5519644), (0.82033885, -0.0046681915, 0.5718587), (0.83100986, -0.066304974, 0.5522919), (0.8420113, -0.077943794, 0.5337993), (0.8420113, -0.077943794, 0.5337993), (0.8312107, -0.06651322, 0.5519644), (-0.8423269, 0.07717423, -0.53341305), (-0.83147115, 0.06603667, -0.55162936), (-0.83140796, 0.06597311, -0.5517322), (-0.8423269, 0.07717423, -0.53341305), (0.8405756, 0.0716444, 0.5369356), (0.8299518, 0.058518834, 0.5547572), (0.8301312, 0.058735643, 0.5544659), (0.8405756, 0.0716444, 0.5369356), (-0.83030003, -0.058355402, -0.5542532), (-0.84083134, -0.07100636, -0.5366198), (-0.84083134, -0.07100636, -0.5366198), (-0.8302529, -0.058300085, -0.55432945), (-0.3909184, -0.7421274, -0.5444535), (-0.3909184, -0.7421274, -0.5444535), (-0.3909184, -0.7421274, -0.5444535), (-0.3909184, -0.7421274, -0.5444535), (-0.39549485, 0.73496187, -0.5508311), (-0.39549485, 0.73496187, -0.5508311), (-0.39549485, 0.73496187, -0.5508311), (-0.39549485, 0.73496187, -0.5508311), (0.83029675, -0.058353182, -0.5542583), (0.82060057, 0.0046471236, -0.5714833), (0.8205999, 0.004567557, -0.5714849), (0.83024955, -0.058297645, -0.5543349), (-0.8203345, -0.004602629, 0.5718655), (-0.82995003, 0.05851821, 0.5547599), (-0.8301295, 0.0587352, 0.55446833), (-0.8203349, -0.004671545, 0.57186425), (0.82060057, 0.0046471236, -0.5714833), (0.8314732, 0.066030465, -0.551627), (0.8314098, 0.06596681, -0.55173004), (0.8205999, 0.004567557, -0.5714849), (-0.8310067, -0.06630944, 0.55229604), (-0.8203345, -0.004602629, 0.5718655), (-0.8203349, -0.004671545, 0.57186425), (-0.8312075, -0.0665176, 0.55196875), (-0.84200865, -0.07794715, 0.533803), (-0.8310067, -0.06630944, 0.55229604), (-0.8312075, -0.0665176, 0.55196875), (-0.84200865, -0.07794715, 0.533803), (0.8314732, 0.066030465, -0.551627), (0.84232897, 0.0771661, -0.5334111), (0.84232897, 0.0771661, -0.5334111), (0.8314098, 0.06596681, -0.55173004), (-0.82995003, 0.05851821, 0.5547599), (-0.84057605, 0.07164445, 0.5369347), (-0.84057605, 0.07164445, 0.5369347), (-0.8301295, 0.0587352, 0.55446833), (0.8408285, -0.07100442, -0.5366245), (0.83029675, -0.058353182, -0.5542583), (0.83024955, -0.058297645, -0.5543349), (0.8408285, -0.07100442, -0.5366245), (-0.39091942, -0.74212664, -0.544454), (-0.39091942, -0.74212664, -0.544454), (-0.39091942, -0.74212664, -0.544454), (-0.39091942, -0.74212664, -0.544454), (-0.39549425, 0.73496205, -0.55083126), (-0.39549425, 0.73496205, -0.55083126), (-0.39549425, 0.73496205, -0.55083126), (-0.39549425, 0.73496205, -0.55083126), (0.83029735, -0.05835451, -0.55425733), (0.82060266, 0.004647244, -0.5714803), (0.820602, 0.0045676716, -0.5714818), (0.83025, -0.05829896, -0.5543339), (-0.8203364, -0.004602349, 0.5718627), (-0.8299493, 0.058517277, 0.55476105), (-0.8301288, 0.058734246, 0.5544695), (-0.8203369, -0.0046712616, 0.57186145), (0.82060266, 0.004647244, -0.5714803), (0.8314767, 0.06603218, -0.55162156), (0.8314133, 0.065968536, -0.55172455), (0.820602, 0.0045676716, -0.5714818), (-0.83100873, -0.066310845, 0.5522929), (-0.8203364, -0.004602349, 0.5718627), (-0.8203369, -0.0046712616, 0.57186145), (-0.8312095, -0.06651903, 0.5519656), (-0.84200853, -0.07794976, 0.53380287), (-0.83100873, -0.066310845, 0.5522929), (-0.8312095, -0.06651903, 0.5519656), (-0.84200853, -0.07794976, 0.53380287), (0.8314767, 0.06603218, -0.55162156), (0.8423317, 0.07716932, -0.5334062), (0.8423317, 0.07716932, -0.5334062), (0.8314133, 0.065968536, -0.55172455), (-0.8299493, 0.058517277, 0.55476105), (-0.8405751, 0.071641795, 0.53693664), (-0.8405751, 0.071641795, 0.53693664), (-0.8301288, 0.058734246, 0.5544695), (0.84082955, -0.07100707, -0.5366226), (0.83029735, -0.05835451, -0.55425733), (0.83025, -0.05829896, -0.5543339), (0.84082955, -0.07100707, -0.5366226), (-0.3909162, -0.7421316, -0.5444495), (-0.3909162, -0.7421316, -0.5444495), (-0.3909162, -0.7421316, -0.5444495), (-0.3909162, -0.7421316, -0.5444495), (-0.39549452, 0.73496103, -0.55083257), (-0.39549452, 0.73496103, -0.55083257), (-0.39549452, 0.73496103, -0.55083257), (-0.39549452, 0.73496103, -0.55083257), (0.830299, -0.058351845, -0.55425507), (0.8206029, 0.0046477094, -0.57148), (0.82060224, 0.0045681247, -0.5714816), (0.8302518, -0.05829639, -0.5543314), (-0.82034504, -0.0045985933, 0.5718503), (-0.8299536, 0.05851694, 0.5547546), (-0.8301332, 0.0587339, 0.55446297), (-0.8203456, -0.004667395, 0.5718491), (0.8206029, 0.0046477094, -0.57148), (0.8314724, 0.066033736, -0.5516277), (0.831409, 0.06596993, -0.551731), (0.82060224, 0.0045681247, -0.5714816), (-0.8310183, -0.06630221, 0.5522794), (-0.82034504, -0.0045985933, 0.5718503), (-0.8203456, -0.004667395, 0.5718491), (-0.83121926, -0.06651051, 0.55195194), (-0.8420152, -0.07793925, 0.5337938), (-0.8310183, -0.06630221, 0.5522794), (-0.83121926, -0.06651051, 0.55195194), (-0.8420152, -0.07793925, 0.5337938), (0.8314724, 0.066033736, -0.5516277), (0.84232736, 0.07717249, -0.53341264), (0.84232736, 0.07717249, -0.53341264), (0.831409, 0.06596993, -0.551731), (-0.8299536, 0.05851694, 0.5547546), (-0.8405794, 0.07163999, 0.5369302), (-0.8405794, 0.07163999, 0.5369302), (-0.8301332, 0.0587339, 0.55446297), (0.84082854, -0.07100315, -0.53662455), (0.830299, -0.058351845, -0.55425507), (0.8302518, -0.05829639, -0.5543314), (0.84082854, -0.07100315, -0.53662455), (-0.39091682, -0.7421265, -0.5444559), (-0.39091682, -0.7421265, -0.5444559), (-0.39091682, -0.7421265, -0.5444559), (-0.39091682, -0.7421265, -0.5444559), (-0.39549512, 0.73496085, -0.5508324), (-0.39549512, 0.73496085, -0.5508324), (-0.39549512, 0.73496085, -0.5508324), (-0.39549512, 0.73496085, -0.5508324), (0.8302986, -0.058349166, -0.554256), (0.8205986, 0.004649324, -0.57148606), (0.82059795, 0.004569797, -0.57148767), (0.83025146, -0.0582938, -0.5543323), (-0.8203428, -0.0045984644, 0.57185364), (-0.8299514, 0.058519743, 0.5547577), (-0.8301308, 0.058736753, 0.5544661), (-0.82034326, -0.0046673133, 0.57185245), (0.8205986, 0.004649324, -0.57148606), (0.83146715, 0.06603537, -0.55163544), (0.83140373, 0.06597155, -0.5517386), (0.82059795, 0.004569797, -0.57148767), (-0.831018, -0.06630084, 0.5522802), (-0.8203428, -0.0045984644, 0.57185364), (-0.82034326, -0.0046673133, 0.57185245), (-0.83121854, -0.06650873, 0.55195326), (-0.8420185, -0.0779363, 0.53378916), (-0.831018, -0.06630084, 0.5522802), (-0.83121854, -0.06650873, 0.55195326), (-0.8420185, -0.0779363, 0.53378916), (0.83146715, 0.06603537, -0.55163544), (0.84232116, 0.07717515, -0.533422), (0.84232116, 0.07717515, -0.533422), (0.83140373, 0.06597155, -0.5517386), (-0.8299514, 0.058519743, 0.5547577), (-0.8405748, 0.071645625, 0.53693646), (-0.8405748, 0.071645625, 0.53693646), (-0.8301308, 0.058736753, 0.5544661), (0.8408317, -0.07100063, -0.53662), (0.8302986, -0.058349166, -0.554256), (0.83025146, -0.0582938, -0.5543323), (0.8408317, -0.07100063, -0.53662), (-0.39091823, -0.7421244, -0.54445785), (-0.39091823, -0.7421244, -0.54445785), (-0.39091823, -0.7421244, -0.54445785), (-0.39091823, -0.7421244, -0.54445785), (-0.3954931, 0.734964, -0.5508296), (-0.3954931, 0.734964, -0.5508296), (-0.3954931, 0.734964, -0.5508296), (-0.3954931, 0.734964, -0.5508296), (0.8302984, -0.05835175, -0.5542559), (0.8205997, 0.00464701, -0.5714845), (0.82059896, 0.004567363, -0.5714862), (0.8302514, -0.05829643, -0.55433226), (-0.8203364, -0.0045984224, 0.5718628), (-0.82995075, 0.058518868, 0.5547587), (-0.8301302, 0.058735725, 0.55446726), (-0.8203369, -0.004667176, 0.5718615), (0.8205997, 0.00464701, -0.5714845), (0.83147234, 0.06603399, -0.55162776), (0.8314091, 0.065970354, -0.5517308), (0.82059896, 0.004567363, -0.5714862), (-0.8310113, -0.0663049, 0.55228966), (-0.8203364, -0.0045984224, 0.5718628), (-0.8203369, -0.004667176, 0.5718615), (-0.83121216, -0.06651306, 0.5519624), (-0.8420134, -0.077943504, 0.533796), (-0.8310113, -0.0663049, 0.55228966), (-0.83121216, -0.06651306, 0.5519624), (-0.8420134, -0.077943504, 0.533796), (0.83147234, 0.06603399, -0.55162776), (0.8423294, 0.07717285, -0.53340936), (0.8423294, 0.07717285, -0.53340936), (0.8314091, 0.065970354, -0.5517308), (-0.82995075, 0.058518868, 0.5547587), (-0.840578, 0.07164245, 0.53693193), (-0.840578, 0.07164245, 0.53693193), (-0.8301302, 0.058735725, 0.55446726), (0.84083164, -0.07100126, -0.53661996), (0.8302984, -0.05835175, -0.5542559), (0.8302514, -0.05829643, -0.55433226), (0.84083164, -0.07100126, -0.53661996), (0.3909184, -0.7421274, -0.5444535), (0.3909184, -0.7421274, -0.5444535), (0.3909184, -0.7421274, -0.5444535), (0.3909184, -0.7421274, -0.5444535), (0.39549243, 0.7349657, -0.55082774), (0.39549243, 0.7349657, -0.55082774), (0.39549243, 0.7349657, -0.55082774), (0.39549243, 0.7349657, -0.55082774), (-0.8205983, 0.004647548, -0.57148665), (-0.83029443, -0.05835802, -0.55426127), (-0.83024716, -0.058302518, -0.5543378), (-0.82059765, 0.0045679933, -0.57148814), (0.8299498, 0.058521498, 0.55475986), (0.8203376, -0.004598554, 0.571861), (0.8203381, -0.004667489, 0.5718598), (0.8301293, 0.058738507, 0.55446833), (-0.8314717, 0.06603317, -0.55162895), (-0.8205983, 0.004647548, -0.57148665), (-0.82059765, 0.0045679933, -0.57148814), (-0.8314084, 0.06596955, -0.551732), (0.8203376, -0.004598554, 0.571861), (0.8310083, -0.06630748, 0.5522937), (0.8312092, -0.06651567, 0.5519665), (0.8203381, -0.004667489, 0.5718598), (0.8310083, -0.06630748, 0.5522937), (0.8420081, -0.077947095, 0.53380394), (0.8420081, -0.077947095, 0.53380394), (0.8312092, -0.06651567, 0.5519665), (-0.8423278, 0.077166, -0.53341293), (-0.8314717, 0.06603317, -0.55162895), (-0.8314084, 0.06596955, -0.551732), (-0.8423278, 0.077166, -0.53341293), (0.8405736, 0.07164681, 0.53693825), (0.8299498, 0.058521498, 0.55475986), (0.8301293, 0.058738507, 0.55446833), (0.8405736, 0.07164681, 0.53693825), (-0.83029443, -0.05835802, -0.55426127), (-0.840827, -0.07100942, -0.5366261), (-0.840827, -0.07100942, -0.5366261), (-0.83024716, -0.058302518, -0.5543378), (0.39092025, -0.74212945, -0.5444495), (0.39092025, -0.74212945, -0.5444495), (0.39092025, -0.74212945, -0.5444495), (0.39092025, -0.74212945, -0.5444495), (0.39549416, 0.7349621, -0.55083126), (0.39549416, 0.7349621, -0.55083126), (0.39549416, 0.7349621, -0.55083126), (0.39549416, 0.7349621, -0.55083126), (-0.8206031, 0.0046472694, -0.5714796), (-0.8302965, -0.05835445, -0.5542585), (-0.83024925, -0.0582989, -0.5543351), (-0.8206024, 0.0045677233, -0.5714813), (0.8299493, 0.058521055, 0.5547607), (0.8203372, -0.0045999316, 0.5718616), (0.82033765, -0.004668872, 0.57186043), (0.8301287, 0.05873804, 0.55446917), (-0.8314776, 0.066030286, -0.55162036), (-0.8206031, 0.0046472694, -0.5714796), (-0.8206024, 0.0045677233, -0.5714813), (-0.8314143, 0.06596664, -0.55172336), (0.8203372, -0.0045999316, 0.5718616), (0.8310094, -0.06630838, 0.5522921), (0.83121014, -0.06651653, 0.55196494), (0.82033765, -0.004668872, 0.57186043), (0.8310094, -0.06630838, 0.5522921), (0.84200865, -0.07794715, 0.533803), (0.84200865, -0.07794715, 0.533803), (0.83121014, -0.06651653, 0.55196494), (-0.8423325, 0.07716548, -0.5334054), (-0.8314776, 0.066030286, -0.55162036), (-0.8314143, 0.06596664, -0.55172336), (-0.8423325, 0.07716548, -0.5334054), (0.8405748, 0.071646914, 0.53693646), (0.8299493, 0.058521055, 0.5547607), (0.8301287, 0.05873804, 0.55446917), (0.8405748, 0.071646914, 0.53693646), (-0.8302965, -0.05835445, -0.5542585), (-0.84082836, -0.07100697, -0.5366244), (-0.84082836, -0.07100697, -0.5366244), (-0.83024925, -0.0582989, -0.5543351), (0.39091825, -0.742133, -0.54444605), (0.39091825, -0.742133, -0.54444605), (0.39091825, -0.742133, -0.54444605), (0.39091825, -0.742133, -0.54444605), (0.39549318, 0.73496246, -0.55083156), (0.39549318, 0.73496246, -0.55083156), (0.39549318, 0.73496246, -0.55083156), (0.39549318, 0.73496246, -0.55083156), (-0.8206015, 0.0046485537, -0.5714819), (-0.8302973, -0.058350664, -0.55425763), (-0.83025014, -0.058295254, -0.55433404), (-0.82060087, 0.0045689796, -0.57148343), (0.82995164, 0.05851783, 0.5547575), (0.82034415, -0.0045977696, 0.57185173), (0.8203446, -0.004666621, 0.5718505), (0.8301312, 0.05873482, 0.5544659), (-0.83147264, 0.06603219, -0.5516276), (-0.8206015, 0.0046485537, -0.5714819), (-0.82060087, 0.0045689796, -0.57148343), (-0.83140916, 0.0659684, -0.5517309), (0.82034415, -0.0045977696, 0.57185173), (0.8310179, -0.066301115, 0.5522802), (0.8312187, -0.06650941, 0.5519527), (0.8203446, -0.004666621, 0.5718505), (0.8310179, -0.066301115, 0.5522802), (0.8420146, -0.077937886, 0.53379476), (0.8420146, -0.077937886, 0.53379476), (0.8312187, -0.06650941, 0.5519527), (-0.8423282, 0.07716865, -0.5334119), (-0.83147264, 0.06603219, -0.5516276), (-0.83140916, 0.0659684, -0.5517309), (-0.8423282, 0.07716865, -0.5334119), (0.84057695, 0.07164107, 0.5369338), (0.82995164, 0.05851783, 0.5547575), (0.8301312, 0.05873482, 0.5544659), (0.84057695, 0.07164107, 0.5369338), (-0.8302973, -0.058350664, -0.55425763), (-0.8408275, -0.071001776, -0.53662646), (-0.8408275, -0.071001776, -0.53662646), (-0.83025014, -0.058295254, -0.55433404), (0.3909182, -0.7421285, -0.54445225), (0.3909182, -0.7421285, -0.54445225), (0.3909182, -0.7421285, -0.54445225), (0.3909182, -0.7421285, -0.54445225), (0.3954959, 0.73495954, -0.5508335), (0.3954959, 0.73495954, -0.5508335), (0.3954959, 0.73495954, -0.5508335), (0.3954959, 0.73495954, -0.5508335), (-0.820598, 0.004647685, -0.5714869), (-0.83029866, -0.058351528, -0.5542555), (-0.8302516, -0.05829618, -0.5543319), (-0.82059735, 0.0045681847, -0.5714885), (0.82995075, 0.058517706, 0.55475897), (0.8203397, -0.0045982865, 0.571858), (0.8203402, -0.0046671038, 0.5718568), (0.8301302, 0.058734667, 0.5544674), (-0.8314672, 0.066035785, -0.5516352), (-0.820598, 0.004647685, -0.5714869), (-0.82059735, 0.0045681847, -0.5714885), (-0.8314038, 0.06597197, -0.5517385), (0.8203397, -0.0045982865, 0.571858), (0.8310126, -0.06630243, 0.5522879), (0.83121365, -0.06651073, 0.55196035), (0.8203402, -0.0046671038, 0.5718568), (0.8310126, -0.06630243, 0.5522879), (0.84201413, -0.07793784, 0.5337957), (0.84201413, -0.07793784, 0.5337957), (0.83121365, -0.06651073, 0.55196035), (-0.8423218, 0.07717521, -0.5334211), (-0.8314672, 0.066035785, -0.5516352), (-0.8314038, 0.06597197, -0.5517385), (-0.8423218, 0.07717521, -0.5334211), (0.8405741, 0.071639135, 0.53693855), (0.82995075, 0.058517706, 0.55475897), (0.8301302, 0.058734667, 0.5544674), (0.8405741, 0.071639135, 0.53693855), (-0.83029866, -0.058351528, -0.5542555), (-0.84083277, -0.07100136, -0.5366181), (-0.84083277, -0.07100136, -0.5366181), (-0.8302516, -0.05829618, -0.5543319), (0.3909198, -0.742126, -0.5444545), (0.3909198, -0.742126, -0.5444545), (0.3909198, -0.742126, -0.5444545), (0.3909198, -0.742126, -0.5444545), (0.39549306, 0.73496807, -0.55082405), (0.39549306, 0.73496807, -0.55082405), (0.39549306, 0.73496807, -0.55082405), (0.39549306, 0.73496807, -0.55082405), (-0.82059836, 0.004647701, -0.5714865), (-0.8302967, -0.05835299, -0.5542584), (-0.8302496, -0.058297697, -0.5543347), (-0.8205977, 0.0045680637, -0.571488), (0.8299505, 0.058520302, 0.55475897), (0.8203376, -0.0045972625, 0.5718611), (0.8203381, -0.0046660374, 0.57185984), (0.83013, 0.05873717, 0.5544675), (-0.8314713, 0.06603649, -0.55162907), (-0.82059836, 0.004647701, -0.5714865), (-0.8205977, 0.0045680637, -0.571488), (-0.831408, 0.06597286, -0.5517321), (0.8203376, -0.0045972625, 0.5718611), (0.8310102, -0.06630482, 0.5522914), (0.831211, -0.06651299, 0.55196416), (0.8203381, -0.0046660374, 0.57185984), (0.8310102, -0.06630482, 0.5522914), (0.84200865, -0.07794404, 0.5338036), (0.84200865, -0.07794404, 0.5338036), (0.831211, -0.06651299, 0.55196416), (-0.84232783, 0.077173844, -0.5334117), (-0.8314713, 0.06603649, -0.55162907), (-0.831408, 0.06597286, -0.5517321), (-0.84232783, 0.077173844, -0.5334117), (0.84057796, 0.07164373, 0.5369319), (0.8299505, 0.058520302, 0.55475897), (0.83013, 0.05873717, 0.5544675), (0.84057796, 0.07164373, 0.5369319), (-0.8302967, -0.05835299, -0.5542584), (-0.84083045, -0.07100116, -0.53662175), (-0.84083045, -0.07100116, -0.53662175), (-0.8302496, -0.058297697, -0.5543347), (-0.39091724, -0.74213046, -0.5444502), (-0.39091724, -0.74213046, -0.5444502), (-0.39091724, -0.74213046, -0.5444502), (-0.39091724, -0.74213046, -0.5444502), (-0.39549658, 0.73495865, -0.55083424), (-0.39549658, 0.73495865, -0.55083424), (-0.39549658, 0.73495865, -0.55083424), (-0.39549658, 0.73495865, -0.55083424), (0.8302985, -0.05835296, -0.55425566), (0.8206004, 0.00464745, -0.5714836), (0.8205997, 0.0045682844, -0.57148516), (0.83025116, -0.058297347, -0.5543324), (-0.8203365, -0.0046023177, 0.57186246), (-0.82995117, 0.05851787, 0.55475825), (-0.83013064, 0.05873485, 0.55446666), (-0.82033706, -0.004671222, 0.57186115), (0.8206004, 0.00464745, -0.5714836), (0.83147186, 0.06603079, -0.55162895), (0.8314086, 0.06596721, -0.5517318), (0.8205997, 0.0045682844, -0.57148516), (-0.83100945, -0.066309184, 0.552292), (-0.8203365, -0.0046023177, 0.57186246), (-0.82033706, -0.004671222, 0.57186115), (-0.8312103, -0.066517405, 0.5519646), (-0.8420104, -0.0779473, 0.5338001), (-0.83100945, -0.066309184, 0.552292), (-0.8312103, -0.066517405, 0.5519646), (-0.8420104, -0.0779473, 0.5338001), (0.83147186, 0.06603079, -0.55162895), (0.8423301, 0.077166215, -0.5334092), (0.8423301, 0.077166215, -0.5334092), (0.8314086, 0.06596721, -0.5517318), (-0.82995117, 0.05851787, 0.55475825), (-0.84057796, 0.07164373, 0.5369319), (-0.84057796, 0.07164373, 0.5369319), (-0.83013064, 0.05873485, 0.55446666), (0.8408285, -0.07100442, -0.5366245), (0.8302985, -0.05835296, -0.55425566), (0.83025116, -0.058297347, -0.5543324), (0.8408285, -0.07100442, -0.5366245), (-0.39091706, -0.74213004, -0.54445094), (-0.39091706, -0.74213004, -0.54445094), (-0.39091706, -0.74213004, -0.54445094), (-0.39091706, -0.74213004, -0.54445094), (-0.39549538, 0.734959, -0.5508345), (-0.39549538, 0.734959, -0.5508345), (-0.39549538, 0.734959, -0.5508345), (-0.39549538, 0.734959, -0.5508345), (0.8302972, -0.058354132, -0.55425745), (0.82060456, 0.004647272, -0.5714774), (0.82060397, 0.0045681046, -0.571479), (0.8302499, -0.058298506, -0.55433416), (-0.8203358, -0.004602312, 0.57186353), (-0.8299493, 0.058517277, 0.55476105), (-0.83012885, 0.058734253, 0.5544696), (-0.82033634, -0.004671215, 0.57186234), (0.82060456, 0.004647272, -0.5714774), (0.8314758, 0.066032544, -0.5516228), (0.8314127, 0.065968975, -0.5517257), (0.82060397, 0.0045681046, -0.571479), (-0.8310084, -0.06631079, 0.5522933), (-0.8203358, -0.004602312, 0.57186353), (-0.82033634, -0.004671215, 0.57186234), (-0.8312093, -0.06651905, 0.55196595), (-0.84200907, -0.07794981, 0.5338019), (-0.8310084, -0.06631079, 0.5522933), (-0.8312093, -0.06651905, 0.55196595), (-0.84200907, -0.07794981, 0.5338019), (0.8314758, 0.066032544, -0.5516228), (0.8423298, 0.077170104, -0.533409), (0.8423298, 0.077170104, -0.533409), (0.8314127, 0.065968975, -0.5517257), (-0.8299493, 0.058517277, 0.55476105), (-0.8405751, 0.071641795, 0.53693664), (-0.8405751, 0.071641795, 0.53693664), (-0.83012885, 0.058734253, 0.5544696), (0.84082603, -0.071006775, -0.53662807), (0.8302972, -0.058354132, -0.55425745), (0.8302499, -0.058298506, -0.55433416), (0.84082603, -0.071006775, -0.53662807), (-0.390915, -0.7421346, -0.5444462), (-0.390915, -0.7421346, -0.5444462), (-0.390915, -0.7421346, -0.5444462), (-0.390915, -0.7421346, -0.5444462), (-0.39549497, 0.7349555, -0.5508394), (-0.39549497, 0.7349555, -0.5508394), (-0.39549497, 0.7349555, -0.5508394), (-0.39549497, 0.7349555, -0.5508394), (0.83029866, -0.058351867, -0.55425555), (0.8206006, 0.0046477932, -0.5714833), (0.8205999, 0.0045686015, -0.57148486), (0.83025146, -0.05829634, -0.5543321), (-0.8203427, -0.004598823, 0.5718536), (-0.8299541, 0.05851696, 0.554754), (-0.8301335, 0.05873392, 0.55446243), (-0.82034326, -0.0046676137, 0.5718523), (0.8206006, 0.0046477932, -0.5714833), (0.83147174, 0.066034116, -0.5516287), (0.8314083, 0.06597038, -0.5517319), (0.8205999, 0.0045686015, -0.57148486), (-0.83101594, -0.06630245, 0.5522829), (-0.8203427, -0.004598823, 0.5718536), (-0.82034326, -0.0046676137, 0.5718523), (-0.83121693, -0.066510834, 0.5519553), (-0.8420158, -0.07793931, 0.53379285), (-0.83101594, -0.06630245, 0.5522829), (-0.83121693, -0.066510834, 0.5519553), (-0.8420158, -0.07793931, 0.53379285), (0.83147174, 0.066034116, -0.5516287), (0.8423297, 0.077172704, -0.53340894), (0.8423297, 0.077172704, -0.53340894), (0.8314083, 0.06597038, -0.5517319), (-0.8299541, 0.05851696, 0.554754), (-0.8405794, 0.07163999, 0.5369302), (-0.8405794, 0.07163999, 0.5369302), (-0.8301335, 0.05873392, 0.55446243), (0.84082854, -0.07100315, -0.53662455), (0.83029866, -0.058351867, -0.55425555), (0.83025146, -0.05829634, -0.5543321), (0.84082854, -0.07100315, -0.53662455), (-0.39091685, -0.7421318, -0.54444873), (-0.39091685, -0.7421318, -0.54444873), (-0.39091685, -0.7421318, -0.54444873), (-0.39091685, -0.7421318, -0.54444873), (-0.39549676, 0.7349575, -0.55083543), (-0.39549676, 0.7349575, -0.55083543), (-0.39549676, 0.7349575, -0.55083543), (-0.39549676, 0.7349575, -0.55083543), (0.8303019, -0.058348637, -0.5542511), (0.8206005, 0.004649356, -0.57148325), (0.8205999, 0.0045702276, -0.57148486), (0.8302547, -0.058293197, -0.55432755), (-0.820343, -0.004598453, 0.57185334), (-0.8299516, 0.058519755, 0.5547574), (-0.83013105, 0.058736764, 0.55446583), (-0.8203435, -0.004667293, 0.5718521), (0.8206005, 0.004649356, -0.57148325), (0.8314686, 0.06603546, -0.55163336), (0.83140516, 0.06597171, -0.5517365), (0.8205999, 0.0045702276, -0.57148486), (-0.83101636, -0.06630113, 0.55228245), (-0.820343, -0.004598453, 0.57185334), (-0.8203435, -0.004667293, 0.5718521), (-0.831217, -0.066509105, 0.55195546), (-0.84201545, -0.077936985, 0.53379387), (-0.83101636, -0.06630113, 0.55228245), (-0.831217, -0.066509105, 0.55195546), (-0.84201545, -0.077936985, 0.53379387), (0.8314686, 0.06603546, -0.55163336), (0.8423235, 0.077175364, -0.53341824), (0.8423235, 0.077175364, -0.53341824), (0.83140516, 0.06597171, -0.5517365), (-0.8299516, 0.058519755, 0.5547574), (-0.8405748, 0.071645625, 0.53693646), (-0.8405748, 0.071645625, 0.53693646), (-0.83013105, 0.058736764, 0.55446583), (0.8408347, -0.07100001, -0.5366154), (0.8303019, -0.058348637, -0.5542511), (0.8302547, -0.058293197, -0.55432755), (0.8408347, -0.07100001, -0.5366154), (-0.39091736, -0.7421299, -0.5444509), (-0.39091736, -0.7421299, -0.5444509), (-0.39091736, -0.7421299, -0.5444509), (-0.39091736, -0.7421299, -0.5444509), (-0.39549413, 0.7349583, -0.5508363), (-0.39549413, 0.7349583, -0.5508363), (-0.39549413, 0.7349583, -0.5508363), (-0.39549413, 0.7349583, -0.5508363), (0.8302989, -0.058351453, -0.55425525), (0.8205984, 0.004646786, -0.57148635), (0.82059777, 0.0045675444, -0.5714879), (0.8302517, -0.058296047, -0.55433166), (-0.82033795, -0.0045980955, 0.57186055), (-0.82995075, 0.058518868, 0.5547587), (-0.8301302, 0.058735732, 0.55446726), (-0.8203384, -0.004666834, 0.57185924), (0.8205984, 0.004646786, -0.57148635), (0.83147085, 0.06603453, -0.55163), (0.8314076, 0.065970965, -0.5517329), (0.82059777, 0.0045675444, -0.5714879), (-0.8310132, -0.06630456, 0.552287), (-0.82033795, -0.0045980955, 0.57186055), (-0.8203384, -0.004666834, 0.57185924), (-0.8312139, -0.06651279, 0.5519596), (-0.842014, -0.077943556, 0.53379506), (-0.8310132, -0.06630456, 0.552287), (-0.8312139, -0.06651279, 0.5519596), (-0.842014, -0.077943556, 0.53379506), (0.83147085, 0.06603453, -0.55163), (0.84232813, 0.077173695, -0.53341126), (0.84232813, 0.077173695, -0.53341126), (0.8314076, 0.065970965, -0.5517329), (-0.82995075, 0.058518868, 0.5547587), (-0.840578, 0.07164245, 0.53693193), (-0.840578, 0.07164245, 0.53693193), (-0.8301302, 0.058735732, 0.55446726), (0.8408332, -0.071000315, -0.5366177), (0.8302989, -0.058351453, -0.55425525), (0.8302517, -0.058296047, -0.55433166), (0.8408332, -0.071000315, -0.5366177), (0.39091724, -0.74213046, -0.5444502), (0.39091724, -0.74213046, -0.5444502), (0.39091724, -0.74213046, -0.5444502), (0.39091724, -0.74213046, -0.5444502), (0.39549413, 0.7349624, -0.55083084), (0.39549413, 0.7349624, -0.55083084), (0.39549413, 0.7349624, -0.55083084), (0.39549413, 0.7349624, -0.55083084), (-0.82059973, 0.0046462426, -0.5714844), (-0.83029675, -0.05835492, -0.55425805), (-0.8302495, -0.058299318, -0.55433464), (-0.8205991, 0.0045670713, -0.571486), (0.82995147, 0.058519565, 0.5547578), (0.820338, -0.0046009584, 0.57186055), (0.8203384, -0.00466986, 0.5718593), (0.8301308, 0.058736578, 0.5544662), (-0.8314715, 0.066034295, -0.5516291), (-0.82059973, 0.0046462426, -0.5714844), (-0.8205991, 0.0045670713, -0.571486), (-0.8314082, 0.065970704, -0.55173206), (0.820338, -0.0046009584, 0.57186055), (0.8310087, -0.06630959, 0.5522931), (0.8312095, -0.06651787, 0.5519657), (0.8203384, -0.00466986, 0.5718593), (0.8310087, -0.06630959, 0.5522931), (0.84200907, -0.07794981, 0.5338019), (0.84200907, -0.07794981, 0.5338019), (0.8312095, -0.06651787, 0.5519657), (-0.8423296, 0.07717401, -0.5334089), (-0.8314715, 0.066034295, -0.5516291), (-0.8314082, 0.065970704, -0.55173206), (-0.8423296, 0.07717401, -0.5334089), (0.84057546, 0.07164609, 0.53693545), (0.82995147, 0.058519565, 0.5547578), (0.8301308, 0.058736578, 0.5544662), (0.84057546, 0.07164609, 0.53693545), (-0.83029675, -0.05835492, -0.55425805), (-0.84082603, -0.071006775, -0.53662807), (-0.84082603, -0.071006775, -0.53662807), (-0.8302495, -0.058299318, -0.55433464), (0.39091673, -0.74213064, -0.5444504), (0.39091673, -0.74213064, -0.5444504), (0.39091673, -0.74213064, -0.5444504), (0.39091673, -0.74213064, -0.5444504), (0.39549407, 0.7349568, -0.55083835), (0.39549407, 0.7349568, -0.55083835), (0.39549407, 0.7349568, -0.55083835), (0.39549407, 0.7349568, -0.55083835), (-0.82060575, 0.004645673, -0.5714758), (-0.83029884, -0.05835298, -0.5542551), (-0.8302515, -0.058297347, -0.55433184), (-0.8206051, 0.004566507, -0.5714774), (0.82994926, 0.058521066, 0.55476075), (0.8203368, -0.004599927, 0.5718622), (0.8203373, -0.004668836, 0.5718609), (0.8301288, 0.05873804, 0.55446917), (-0.8314761, 0.06602897, -0.55162275), (-0.82060575, 0.004645673, -0.5714758), (-0.8206051, 0.004566507, -0.5714774), (-0.83141285, 0.065965384, -0.5517256), (0.8203368, -0.004599927, 0.5718622), (0.83101, -0.0663071, 0.5522914), (0.8312108, -0.066515304, 0.55196404), (0.8203373, -0.004668836, 0.5718609), (0.83101, -0.0663071, 0.5522914), (0.84201056, -0.0779447, 0.53380024), (0.84201056, -0.0779447, 0.53380024), (0.8312108, -0.066515304, 0.55196404), (-0.84232897, 0.0771661, -0.5334111), (-0.8314761, 0.06602897, -0.55162275), (-0.83141285, 0.065965384, -0.5517256), (-0.84232897, 0.0771661, -0.5334111), (0.8405748, 0.071646914, 0.53693646), (0.82994926, 0.058521066, 0.55476075), (0.8301288, 0.05873804, 0.55446917), (0.8405748, 0.071646914, 0.53693646), (-0.83029884, -0.05835298, -0.5542551), (-0.8408285, -0.07100442, -0.5366245), (-0.8408285, -0.07100442, -0.5366245), (-0.8302515, -0.058297347, -0.55433184), (0.39091593, -0.74213386, -0.54444665), (0.39091593, -0.74213386, -0.54444665), (0.39091593, -0.74213386, -0.54444665), (0.39091593, -0.74213386, -0.54444665), (0.39549488, 0.7349592, -0.55083466), (0.39549488, 0.7349592, -0.55083466), (0.39549488, 0.7349592, -0.55083466), (0.39549488, 0.7349592, -0.55083466), (-0.8206023, 0.0046505155, -0.5714807), (-0.83030033, -0.058349736, -0.55425334), (-0.83025306, -0.058294218, -0.55432993), (-0.8206016, 0.004571319, -0.5714823), (0.829953, 0.058517464, 0.55475545), (0.82034254, -0.0045972136, 0.5718539), (0.8203431, -0.0046660365, 0.5718527), (0.83013254, 0.058734417, 0.5544639), (-0.83147043, 0.066038504, -0.55163014), (-0.8206023, 0.0046505155, -0.5714807), (-0.8206016, 0.004571319, -0.5714823), (-0.83140707, 0.065974765, -0.55173326), (0.82034254, -0.0045972136, 0.5718539), (0.8310163, -0.06630011, 0.55228275), (0.8312172, -0.06650846, 0.5519551), (0.8203431, -0.0046660365, 0.5718527), (0.8310163, -0.06630011, 0.55228275), (0.84201604, -0.07793539, 0.53379303), (0.84201604, -0.07793539, 0.53379303), (0.8312172, -0.06650846, 0.5519551), (-0.8423269, 0.077178985, -0.5334124), (-0.83147043, 0.066038504, -0.55163014), (-0.83140707, 0.065974765, -0.55173326), (-0.8423269, 0.077178985, -0.5334124), (0.84057826, 0.071638614, 0.5369321), (0.829953, 0.058517464, 0.55475545), (0.83013254, 0.058734417, 0.5544639), (0.84057826, 0.071638614, 0.5369321), (-0.83030033, -0.058349736, -0.55425334), (-0.84082866, -0.07100187, -0.5366246), (-0.84082866, -0.07100187, -0.5366246), (-0.83025306, -0.058294218, -0.55432993), (0.39091504, -0.7421305, -0.5444517), (0.39091504, -0.7421305, -0.5444517), (0.39091504, -0.7421305, -0.5444517), (0.39091504, -0.7421305, -0.5444517), (0.3954976, 0.73495626, -0.55083656), (0.3954976, 0.73495626, -0.55083656), (0.3954976, 0.73495626, -0.55083656), (0.3954976, 0.73495626, -0.55083656), (-0.82059884, 0.0046499274, -0.5714858), (-0.8302997, -0.058348414, -0.55425435), (-0.83025247, -0.058292955, -0.5543309), (-0.8205981, 0.004570809, -0.57148737), (0.8299514, 0.058516134, 0.5547581), (0.8203401, -0.004599953, 0.5718575), (0.8203405, -0.004668738, 0.57185626), (0.8301309, 0.058733113, 0.55446655), (-0.8314676, 0.066032335, -0.551635), (-0.82059884, 0.0046499274, -0.5714858), (-0.8205981, 0.004570809, -0.57148737), (-0.8314043, 0.0659686, -0.5517382), (0.8203401, -0.004599953, 0.5718575), (0.83101326, -0.066302456, 0.55228704), (0.83121437, -0.066510804, 0.5519593), (0.8203405, -0.004668738, 0.57185626), (0.83101326, -0.066302456, 0.55228704), (0.8420146, -0.077937886, 0.53379476), (0.8420146, -0.077937886, 0.53379476), (0.83121437, -0.066510804, 0.5519593), (-0.8423215, 0.077169955, -0.53342223), (-0.8314676, 0.066032335, -0.551635), (-0.8314043, 0.0659686, -0.5517382), (-0.8423215, 0.077169955, -0.53342223), (0.8405753, 0.07163923, 0.53693676), (0.8299514, 0.058516134, 0.5547581), (0.8301309, 0.058733113, 0.55446655), (0.8405753, 0.07163923, 0.53693676), (-0.8302997, -0.058348414, -0.55425435), (-0.84083396, -0.071001455, -0.5366163), (-0.84083396, -0.071001455, -0.5366163), (-0.83025247, -0.058292955, -0.5543309), (0.3909162, -0.7421319, -0.54444927), (0.3909162, -0.7421319, -0.54444927), (0.3909162, -0.7421319, -0.54444927), (0.3909162, -0.7421319, -0.54444927), (0.39549536, 0.73496467, -0.55082697), (0.39549536, 0.73496467, -0.55082697), (0.39549536, 0.73496467, -0.55082697), (0.39549536, 0.73496467, -0.55082697), (-0.82060015, 0.0046476214, -0.57148385), (-0.83029866, -0.05834879, -0.5542557), (-0.8302516, -0.05829341, -0.55433214), (-0.8205995, 0.004568371, -0.5714854), (0.82995105, 0.058521155, 0.55475813), (0.82033855, -0.0045964643, 0.5718597), (0.820339, -0.0046652122, 0.5718585), (0.8301305, 0.058738, 0.55446666), (-0.83147067, 0.06603763, -0.55162996), (-0.82060015, 0.0046476214, -0.57148385), (-0.8205995, 0.004568371, -0.5714854), (-0.8314075, 0.06597406, -0.55173284), (0.82033855, -0.0045964643, 0.5718597), (0.8310127, -0.066304505, 0.55228764), (0.8312135, -0.06651275, 0.55196023), (0.820339, -0.0046652122, 0.5718585), (0.8310127, -0.066304505, 0.55228764), (0.8420129, -0.07794346, 0.53379697), (0.8420129, -0.07794346, 0.53379697), (0.8312135, -0.06651275, 0.55196023), (-0.8423254, 0.07717933, -0.5334147), (-0.83147067, 0.06603763, -0.55162996), (-0.8314075, 0.06597406, -0.55173284), (-0.8423254, 0.07717933, -0.5334147), (0.84057796, 0.07164373, 0.5369319), (0.82995105, 0.058521155, 0.55475813), (0.8301305, 0.058738, 0.55446666), (0.84057796, 0.07164373, 0.5369319), (-0.83029866, -0.05834879, -0.5542557), (-0.84083194, -0.07099616, -0.53662014), (-0.84083194, -0.07099616, -0.53662014), (-0.8302516, -0.05829341, -0.55433214), (0.99999994, 0, 0), (0.99999994, 0, 0), (0.99999994, 0, 0), (0.99999994, 0, 0), (0, -1, 0), (0, -1, 0), (0, -1, 0), (0, -1, 0), (-0.99999994, 0, 0), (-0.99999994, 0, 0), (-0.99999994, 0, 0), (-0.99999994, 0, 0), (0, 1, 0), (0, 1, 0), (0, 1, 0), (0, 1, 0), (0, 0, 1), (0, 0, 1), (0, 0, 1), (0, 0, 1), (0, 0, -1), (0, 0, -1), (0, 0, -1), (0, 0, -1), (-5.1290737e-8, 1, 0), (-5.1290737e-8, 1, 0), (-5.1290737e-8, 1, 0), (-5.1290737e-8, 1, 0), (0.68828636, 0, 0.72543913), (0.68828636, 0, 0.72543913), (0.68828636, 0, 0.72543913), (0.68828636, 0, 0.72543913), (0, 0, -0.99999994), (0, 0, -0.99999994), (0, 0, -0.99999994), (0, 0, -0.99999994), (5.1290737e-8, -1, 0), (5.1290737e-8, -1, 0), (5.1290737e-8, -1, 0), (5.1290737e-8, -1, 0), (-5.1290737e-8, 1, 0), (-5.1290737e-8, 1, 0), (-5.1290737e-8, 1, 0), (-5.1290737e-8, 1, 0), (0, 0, 0.99999994), (0, 0, 0.99999994), (0, 0, 0.99999994), (0, 0, 0.99999994), (5.1290737e-8, -1, 0), (5.1290737e-8, -1, 0), (5.1290737e-8, -1, 0), (5.1290737e-8, -1, 0), (0.6882838, 0, -0.7254416), (0.6882838, 0, -0.7254416), (0.6882838, 0, -0.7254416), (0.6882838, 0, -0.7254416), (-0.9999816, -0.0052359086, -0.0030768379), (-0.9999816, -0.0052359086, -0.0030768379), (-0.9999816, -0.0052359086, -0.0030768379), (-0.9999816, -0.0052359086, -0.0030768379), (0.99998087, 0.005358827, 0.0030768965), (0.99998087, 0.005358827, 0.0030768965), (0.99998087, 0.005358827, 0.0030768965), (0.99998087, 0.005358827, 0.0030768965), (0.008023057, -0.99996775, -4.803724e-8), (0.008023057, -0.99996775, -4.803724e-8), (0.008023057, -0.99996775, -4.803724e-8), (0.008023057, -0.99996775, -4.803724e-8), (-0.9999472, -0.0052971803, -0.0088069355), (-0.9999472, -0.0052971803, -0.0088069355), (-0.9999472, -0.0052971803, -0.0088069355), (-0.9999472, -0.0052971803, -0.0088069355), (0.9999472, 0.005299653, 0.008806994), (0.9999472, 0.005299653, 0.008806994), (0.9999472, 0.005299653, 0.008806994), (0.9999472, 0.005299653, 0.008806994), (0.008023781, -0.9999678, -1.10838094e-7), (0.008023781, -0.9999678, -1.10838094e-7), (0.008023781, -0.9999678, -1.10838094e-7), (0.008023781, -0.9999678, -1.10838094e-7), (0.008022627, -0.99996775, -1.09143144e-7), (0.008022627, -0.99996775, -1.09143144e-7), (0.008022627, -0.99996775, -1.09143144e-7), (0.008022627, -0.99996775, -1.09143144e-7), (0.008022381, -0.9999678, 6.93924e-8), (0.008022381, -0.9999678, 6.93924e-8), (0.008022381, -0.9999678, 6.93924e-8), (0.008022381, -0.9999678, 6.93924e-8), (0.9999876, 0.004772174, 0.0014546101), (0.9999876, 0.004772174, 0.0014546101), (0.9999876, 0.004772174, 0.0014546101), (0.9999876, 0.004772174, 0.0014546101), (-0.9999866, -0.004772184, -0.0019723522), (-0.9999866, -0.004772184, -0.0019723522), (-0.9999866, -0.004772184, -0.0019723522), (-0.9999866, -0.004772184, -0.0019723522), (-0.9999876, -0.004772174, -0.0014545545), (-0.9999876, -0.004772174, -0.0014545545), (-0.9999876, -0.004772174, -0.0014545545), (-0.9999876, -0.004772174, -0.0014545545), (0.9999866, 0.004772184, 0.0019724094), (0.9999866, 0.004772184, 0.0019724094), (0.9999866, 0.004772184, 0.0019724094), (0.9999866, 0.004772184, 0.0019724094), (-0.99995947, -0.0046409406, -0.007701085), (-0.99995947, -0.0046409406, -0.007701085), (-0.99995947, -0.0046409406, -0.007701085), (-0.99995947, -0.0046409406, -0.007701085), (0.9999596, 0.004631108, 0.0077012014), (0.9999596, 0.004631108, 0.0077012014), (0.9999596, 0.004631108, 0.0077012014), (0.9999596, 0.004631108, 0.0077012014), (0.009175689, -0.99995786, -1.0864673e-7), (0.009175689, -0.99995786, -1.0864673e-7), (0.009175689, -0.99995786, -1.0864673e-7), (0.009175689, -0.99995786, -1.0864673e-7), (0.00917439, -0.99995786, 5.9517824e-8), (0.00917439, -0.99995786, 5.9517824e-8), (0.00917439, -0.99995786, 5.9517824e-8), (0.00917439, -0.99995786, 5.9517824e-8), (-0.9999898, -0.004173615, -0.0017247461), (-0.9999898, -0.004173615, -0.0017247461), (-0.9999898, -0.004173615, -0.0017247461), (-0.9999898, -0.004173615, -0.0017247461), (0.9999898, 0.0041791066, 0.0017246358), (0.9999898, 0.0041791066, 0.0017246358), (0.9999898, 0.0041791066, 0.0017246358), (0.9999898, 0.0041791066, 0.0017246358), (6.5868164e-8, 0, 1), (0, 0, 1), (0, 0, 1), (6.586816e-8, 0, 1), (6.5868164e-8, 0, 1), (6.586816e-8, 0, 1), (1.3173631e-7, 0, 0.99999994), (1.3173631e-7, 0, 0.99999994), (-3.37032e-10, 0, -1), (-3.3703196e-10, 0, -1), (0, 0, -0.99999994), (0, 0, -0.99999994), (-3.37032e-10, 0, -1), (-6.7406397e-10, 0, -1), (-6.7406397e-10, 0, -1), (-3.3703196e-10, 0, -1), (-1.986285e-7, 0.9996217, 0.027503418), (-9.931425e-8, 0.9996217, 0.0275037), (-9.931425e-8, 0.9996217, 0.0275037), (-1.986285e-7, 0.9996217, 0.027503418), (-0.9995422, 0, 0.030253517), (-0.9995422, 0, 0.030253517), (-0.9995422, 0, 0.030253517), (-0.9995422, 0, 0.030253517), (-9.931425e-8, 0.9996217, 0.0275037), (0, 0.99962175, 0.027503982), (0, 0.99962175, 0.027503982), (-9.931425e-8, 0.9996217, 0.0275037), (0.9995422, 5.3961514e-8, 0.0302536), (0.9995422, 5.3961514e-8, 0.0302536), (0.9995422, 5.3961514e-8, 0.0302536), (0.9995422, 5.3961514e-8, 0.0302536), (4.9930552e-8, -0.9996217, 0.02750362), (4.9930545e-8, -0.9996216, 0.027503606), (4.9930545e-8, -0.9996216, 0.027503606), (4.9930552e-8, -0.9996217, 0.02750362), (4.9930563e-8, -0.99962175, 0.027503632), (4.9930552e-8, -0.9996217, 0.02750362), (4.9930552e-8, -0.9996217, 0.02750362), (4.9930563e-8, -0.99962175, 0.027503632), (1, -6.2915126e-7, 0), (1, -6.2915126e-7, 0), (1, -6.2915126e-7, 0), (1, -6.2915126e-7, 0), (8.1535364e-7, 1, 0), (8.1535364e-7, 1, 0), (8.1535364e-7, 1, 0), (8.1535364e-7, 1, 0), (-1, 6.2915115e-7, 0), (-1, 6.2915115e-7, 0), (-1, 6.2915115e-7, 0), (-1, 6.2915115e-7, 0), (-7.134344e-7, -1, 0), (-7.134344e-7, -1, 0), (-7.134344e-7, -1, 0), (-7.134344e-7, -1, 0), (8.447897e-9, 0, -0.99999994), (8.447897e-9, 0, -0.99999994), (8.447897e-9, 0, -0.99999994), (8.447897e-9, 0, -0.99999994), (6.758316e-8, 0, 1), (6.758316e-8, 0, 1), (6.758316e-8, 0, 1), (6.758316e-8, 0, 1), (1, -5.493375e-7, 0), (1, -5.493375e-7, 0), (1, -5.493375e-7, 0), (1, -5.493375e-7, 0), (0, 0.99999994, 0), (0, 0.99999994, 0), (0, 0.99999994, 0), (0, 0.99999994, 0), (-1, 3.66225e-7, 0), (-1, 3.66225e-7, 0), (-1, 3.66225e-7, 0), (-1, 3.66225e-7, 0), (0, -1, 0), (0, -1, 0), (0, -1, 0), (0, -1, 0), (0, 0, -1), (0, 0, -1), (0, 0, -1), (0, 0, -1), (0, 0, 1), (0, 0, 1), (0, 0, 1), (0, 0, 1), (1, -6.2915115e-7, 0), (1, -6.2915115e-7, 0), (1, -6.2915115e-7, 0), (1, -6.2915115e-7, 0), (8.1535364e-7, 1, 0), (8.1535364e-7, 1, 0), (8.1535364e-7, 1, 0), (8.1535364e-7, 1, 0), (-1, 6.291512e-7, 0), (-1, 6.291512e-7, 0), (-1, 6.291512e-7, 0), (-1, 6.291512e-7, 0), (-7.134345e-7, -1, 0), (-7.134345e-7, -1, 0), (-7.134345e-7, -1, 0), (-7.134345e-7, -1, 0), (-1.3516635e-7, 0, -0.99999994), (-1.3516635e-7, 0, -0.99999994), (-1.3516635e-7, 0, -0.99999994), (-1.3516635e-7, 0, -0.99999994), (-2.7033263e-7, 0, 1), (-2.7033263e-7, 0, 1), (-2.7033263e-7, 0, 1), (-2.7033263e-7, 0, 1), (1, -4.7197082e-7, 0), (1, -4.7197082e-7, 0), (1, -4.7197082e-7, 0), (1, -4.7197082e-7, 0), (0, 1, 0), (0, 1, 0), (0, 1, 0), (0, 1, 0), (-1, 0, 0), (-1, 0, 0), (-1, 0, 0), (-1, 0, 0), (0, -1, 0), (0, -1, 0), (0, -1, 0), (0, -1, 0), (0, 0, -1), (0, 0, -1), (0, 0, -1), (0, 0, -1), (0, 0, 1), (0, 0, 1), (0, 0, 1), (0, 0, 1), (1, -6.2915143e-7, 0), (1, -6.2915143e-7, 0), (1, -6.2915143e-7, 0), (1, -6.2915143e-7, 0), (8.153536e-7, 1, 0), (8.153536e-7, 1, 0), (8.153536e-7, 1, 0), (8.153536e-7, 1, 0), (-1, 6.291516e-7, 0), (-1, 6.291516e-7, 0), (-1, 6.291516e-7, 0), (-1, 6.291516e-7, 0), (-7.134346e-7, -1, 0), (-7.134346e-7, -1, 0), (-7.134346e-7, -1, 0), (-7.134346e-7, -1, 0), (-2.703327e-7, 0, -0.99999994), (-2.703327e-7, 0, -0.99999994), (-2.703327e-7, 0, -0.99999994), (-2.703327e-7, 0, -0.99999994), (0, 0, 1), (0, 0, 1), (0, 0, 1), (0, 0, 1), (1, 9.4372615e-7, 0), (1, 9.4372615e-7, 0), (1, 9.4372615e-7, 0), (1, 9.4372615e-7, 0), (8.1535364e-7, -1, 0), (8.1535364e-7, -1, 0), (8.1535364e-7, -1, 0), (8.1535364e-7, -1, 0), (-1, -6.2915154e-7, 0), (-1, -6.2915154e-7, 0), (-1, -6.2915154e-7, 0), (-1, -6.2915154e-7, 0), (-0.0000016307076, 1, 0), (-0.0000016307076, 1, 0), (-0.0000016307076, 1, 0), (-0.0000016307076, 1, 0), (1.887165e-9, 0, -1), (1.887165e-9, 0, -1), (1.887165e-9, 0, -1), (1.887165e-9, 0, -1), (-2.4556867e-8, 0, 1), (-2.4556867e-8, 0, 1), (-2.4556867e-8, 0, 1), (-2.4556867e-8, 0, 1), (1, 5.493372e-7, 0), (1, 5.493372e-7, 0), (1, 5.493372e-7, 0), (1, 5.493372e-7, 0), (0, -1, 0), (0, -1, 0), (0, -1, 0), (0, -1, 0), (-1, -7.3244956e-7, 0), (-1, -7.3244956e-7, 0), (-1, -7.3244956e-7, 0), (-1, -7.3244956e-7, 0), (0, 0.99999994, 0), (0, 0.99999994, 0), (0, 0.99999994, 0), (0, 0.99999994, 0), (0, 0, -1), (0, 0, -1), (0, 0, -1), (0, 0, -1), (0, 0, 1), (0, 0, 1), (0, 0, 1), (0, 0, 1), (1, 9.437262e-7, 0), (1, 9.437262e-7, 0), (1, 9.437262e-7, 0), (1, 9.437262e-7, 0), (8.1535364e-7, -1, 0), (8.1535364e-7, -1, 0), (8.1535364e-7, -1, 0), (8.1535364e-7, -1, 0), (-1, -6.291516e-7, 0), (-1, -6.291516e-7, 0), (-1, -6.291516e-7, 0), (-1, -6.291516e-7, 0), (-0.0000016307076, 1, 0), (-0.0000016307076, 1, 0), (-0.0000016307076, 1, 0), (-0.0000016307076, 1, 0), (1.886134e-9, 0, -1), (1.886134e-9, 0, -1), (1.886134e-9, 0, -1), (1.886134e-9, 0, -1), (-1.2593064e-7, 0, 1), (-1.2593064e-7, 0, 1), (-1.2593064e-7, 0, 1), (-1.2593064e-7, 0, 1), (1, 7.079558e-7, 0), (1, 7.079558e-7, 0), (1, 7.079558e-7, 0), (1, 7.079558e-7, 0), (0, -1, 0), (0, -1, 0), (0, -1, 0), (0, -1, 0), (-1, -2.3598525e-7, 0), (-1, -2.3598525e-7, 0), (-1, -2.3598525e-7, 0), (-1, -2.3598525e-7, 0), (0, 1, 0), (0, 1, 0), (0, 1, 0), (0, 1, 0), (0, 0, -1), (0, 0, -1), (0, 0, -1), (0, 0, -1), (0, 0, 1), (0, 0, 1), (0, 0, 1), (0, 0, 1), (1, 9.4372655e-7, 0), (1, 9.4372655e-7, 0), (1, 9.4372655e-7, 0), (1, 9.4372655e-7, 0), (8.153536e-7, -1, 0), (8.153536e-7, -1, 0), (8.153536e-7, -1, 0), (8.153536e-7, -1, 0), (-1, -6.291518e-7, 0), (-1, -6.291518e-7, 0), (-1, -6.291518e-7, 0), (-1, -6.291518e-7, 0), (-0.0000016307075, 1, 0), (-0.0000016307075, 1, 0), (-0.0000016307075, 1, 0), (-0.0000016307075, 1, 0), (-1.4341424e-8, 0, -1), (-1.4341424e-8, 0, -1), (-1.4341424e-8, 0, -1), (-1.4341424e-8, 0, -1), (2.5462294e-8, 0, 1), (2.5462294e-8, 0, 1), (2.5462294e-8, 0, 1), (2.5462294e-8, 0, 1), (-1, -0.0000012583021, 0), (-1, -0.0000012583021, 0), (-1, -0.0000012583021, 0), (-1, -0.0000012583021, 0), (-8.1535364e-7, 1, 0), (-8.1535364e-7, 1, 0), (-8.1535364e-7, 1, 0), (-8.1535364e-7, 1, 0), (1, 0.0000012583023, 0), (1, 0.0000012583023, 0), (1, 0.0000012583023, 0), (1, 0.0000012583023, 0), (9.1727287e-7, -1, 0), (9.1727287e-7, -1, 0), (9.1727287e-7, -1, 0), (9.1727287e-7, -1, 0), (-3.1735035e-9, 0, -1), (-3.1735035e-9, 0, -1), (-3.1735035e-9, 0, -1), (-3.1735035e-9, 0, -1), (-3.0826257e-9, 0, 1), (-3.0826257e-9, 0, 1), (-3.0826257e-9, 0, 1), (-3.0826257e-9, 0, 1), (-1, 0, 0), (-1, 0, 0), (-1, 0, 0), (-1, 0, 0), (0, 1, 0), (0, 1, 0), (0, 1, 0), (0, 1, 0), (1, 7.3244996e-7, 0), (1, 7.3244996e-7, 0), (1, 7.3244996e-7, 0), (1, 7.3244996e-7, 0), (1.6397127e-7, -1, 0), (1.6397127e-7, -1, 0), (1.6397127e-7, -1, 0), (1.6397127e-7, -1, 0), (1.88124e-8, 0, -1), (1.88124e-8, 0, -1), (1.88124e-8, 0, -1), (1.88124e-8, 0, -1), (-6.6997345e-8, 0, 1), (-6.6997345e-8, 0, 1), (-6.6997345e-8, 0, 1), (-6.6997345e-8, 0, 1), (-1, -0.0000012583021, 0), (-1, -0.0000012583021, 0), (-1, -0.0000012583021, 0), (-1, -0.0000012583021, 0), (-8.1535364e-7, 1, 0), (-8.1535364e-7, 1, 0), (-8.1535364e-7, 1, 0), (-8.1535364e-7, 1, 0), (1, 0.0000012583024, 0), (1, 0.0000012583024, 0), (1, 0.0000012583024, 0), (1, 0.0000012583024, 0), (9.1727276e-7, -1, 0), (9.1727276e-7, -1, 0), (9.1727276e-7, -1, 0), (9.1727276e-7, -1, 0), (1.2565754e-7, 0, -1), (1.2565754e-7, 0, -1), (1.2565754e-7, 0, -1), (1.2565754e-7, 0, -1), (1.384191e-7, 0, 1), (1.384191e-7, 0, 1), (1.384191e-7, 0, 1), (1.384191e-7, 0, 1), (-1, 0, 0), (-1, 0, 0), (-1, 0, 0), (-1, 0, 0), (0, 1, 0), (0, 1, 0), (0, 1, 0), (0, 1, 0), (1, 0, 0), (1, 0, 0), (1, 0, 0), (1, 0, 0), (1.1859934e-7, -1, 0), (1.1859934e-7, -1, 0), (1.1859934e-7, -1, 0), (1.1859934e-7, -1, 0), (-6.1880876e-8, 0, -1), (-6.1880876e-8, 0, -1), (-6.1880876e-8, 0, -1), (-6.1880876e-8, 0, -1), (-5.671855e-8, 0, 1), (-5.671855e-8, 0, 1), (-5.671855e-8, 0, 1), (-5.671855e-8, 0, 1), (-1, -0.0000012583024, 0), (-1, -0.0000012583024, 0), (-1, -0.0000012583024, 0), (-1, -0.0000012583024, 0), (-8.1535325e-7, 1, 0), (-8.1535325e-7, 1, 0), (-8.1535325e-7, 1, 0), (-8.1535325e-7, 1, 0), (1, 0.0000012583032, 0), (1, 0.0000012583032, 0), (1, 0.0000012583032, 0), (1, 0.0000012583032, 0), (9.1727236e-7, -1, 0), (9.1727236e-7, -1, 0), (9.1727236e-7, -1, 0), (9.1727236e-7, -1, 0), (7.5650014e-8, 0, -1), (7.5650014e-8, 0, -1), (7.5650014e-8, 0, -1), (7.5650014e-8, 0, -1), (3.2359347e-7, 0, 1), (3.2359347e-7, 0, 1), (3.2359347e-7, 0, 1), (3.2359347e-7, 0, 1), (-1, 0.0000012583015, 0), (-1, 0.0000012583015, 0), (-1, 0.0000012583015, 0), (-1, 0.0000012583015, 0), (-8.1535364e-7, -1, 0), (-8.1535364e-7, -1, 0), (-8.1535364e-7, -1, 0), (-8.1535364e-7, -1, 0), (1, -0.0000012583031, 0), (1, -0.0000012583031, 0), (1, -0.0000012583031, 0), (1, -0.0000012583031, 0), (0.0000016307073, 1, 0), (0.0000016307073, 1, 0), (0.0000016307073, 1, 0), (0.0000016307073, 1, 0), (0, 0, -1), (0, 0, -1), (0, 0, -1), (0, 0, -1), (0, 0, 1), (0, 0, 1), (0, 0, 1), (0, 0, 1), (-1, 0, 0), (-1, 0, 0), (-1, 0, 0), (-1, 0, 0), (0, -1, 0), (0, -1, 0), (0, -1, 0), (0, -1, 0), (1, -0.0000014648991, 0), (1, -0.0000014648991, 0), (1, -0.0000014648991, 0), (1, -0.0000014648991, 0), (0, 1, 0), (0, 1, 0), (0, 1, 0), (0, 1, 0), (0, 0, -1), (0, 0, -1), (0, 0, -1), (0, 0, -1), (0, 0, 1), (0, 0, 1), (0, 0, 1), (0, 0, 1), (-1, 0.0000012583016, 0), (-1, 0.0000012583016, 0), (-1, 0.0000012583016, 0), (-1, 0.0000012583016, 0), (-8.1535364e-7, -1, 0), (-8.1535364e-7, -1, 0), (-8.1535364e-7, -1, 0), (-8.1535364e-7, -1, 0), (1, -0.0000012583032, 0), (1, -0.0000012583032, 0), (1, -0.0000012583032, 0), (1, -0.0000012583032, 0), (0.0000016307073, 1, 0), (0.0000016307073, 1, 0), (0.0000016307073, 1, 0), (0.0000016307073, 1, 0), (0, 0, -1), (0, 0, -1), (0, 0, -1), (0, 0, -1), (0, 0, 1), (0, 0, 1), (0, 0, 1), (0, 0, 1), (-1, 0, 0), (-1, 0, 0), (-1, 0, 0), (-1, 0, 0), (0, -1, 0), (0, -1, 0), (0, -1, 0), (0, -1, 0), (1, 0, 0), (1, 0, 0), (1, 0, 0), (1, 0, 0), (0, 1, 0), (0, 1, 0), (0, 1, 0), (0, 1, 0), (0, 0, -1), (0, 0, -1), (0, 0, -1), (0, 0, -1), (0, 0, 1), (0, 0, 1), (0, 0, 1), (0, 0, 1), (-1, 0.0000012583021, 0), (-1, 0.0000012583021, 0), (-1, 0.0000012583021, 0), (-1, 0.0000012583021, 0), (-8.1535325e-7, -1, 0), (-8.1535325e-7, -1, 0), (-8.1535325e-7, -1, 0), (-8.1535325e-7, -1, 0), (1, -0.0000012583037, 0), (1, -0.0000012583037, 0), (1, -0.0000012583037, 0), (1, -0.0000012583037, 0), (0.0000016307065, 1, 0), (0.0000016307065, 1, 0), (0.0000016307065, 1, 0), (0.0000016307065, 1, 0), (0, 0, -1), (0, 0, -1), (0, 0, -1), (0, 0, -1), (0, 0, 1), (0, 0, 1), (0, 0, 1), (0, 0, 1), (0.99933004, -0.011124884, 0.034866862), (0.99937356, 0.0037662096, 0.035189074), (0.99937356, 0.0037662096, 0.035189074), (0.99924207, -0.01759297, 0.034724485), (0, 0.0018481729, 0.99999833), (0, 0.010680814, 0.99994296), (0, 0.010528802, 0.99994457), (0, 0.0018481729, 0.99999833), (0, -0.024342883, -0.9997037), (0, 0.007591757, -0.9999712), (0, 0.007591757, -0.9999712), (0, -0.023663338, -0.9997199), (0, 0.0028718526, 0.99999595), (0, 0.01659507, 0.99986225), (0, 0.016358957, 0.9998662), (0, 0.0028718526, 0.99999595), (-2.9897828e-7, -0.037759848, -0.99928683), (-6.0362646e-7, 0.011797275, -0.9999305), (-6.0362646e-7, 0.011797275, -0.9999305), (-3.0546008e-7, -0.03670766, -0.99932605), (0, -1, 0), (0, -1, 0), (0, -1, 0), (0, -1, 0), (1, 0, 0), (1, 0, 0), (1, 0, 0), (1, 0, 0), (-1, 0, 0), (-1, 0, 0), (-1, 0, 0), (-1, 0, 0), (0, 1, 0), (0, 1, 0), (0, 1, 0), (0, 1, 0), (0, 0, 1), (0, 0, 1), (0, 0, 1), (0, 0, 1), (0.99804896, -0.032345906, 0.05340375), (0.99848396, -0.009681305, 0.05418602), (0.9983684, -0.0189364, 0.053869974), (0.99804896, -0.032345906, 0.05340375), (-0.9980489, 0.032346427, -0.0534038), (-0.9980489, 0.032346427, -0.0534038), (-0.9983685, 0.018936861, -0.053868268), (-0.9984841, 0.009681724, -0.054183103), (0, -0.055582974, -0.9984541), (0, -0.024342883, -0.9997037), (0, -0.023663338, -0.9997199), (0, -0.055582974, -0.9984541), (0, 0.010680814, 0.99994296), (0, 0.01936234, 0.99981254), (0, 0.01936234, 0.99981254), (0, 0.010528802, 0.99994457), (-0.9984841, 0.009681724, -0.054183103), (-0.9983685, 0.018936861, -0.053868268), (-0.9984994, -0.0037629574, -0.054632127), (-0.9984994, -0.0037629574, -0.054632127), (0.99888396, -0.032372512, 0.034393623), (0.99933004, -0.011124884, 0.034866862), (0.99924207, -0.01759297, 0.034724485), (0.99888396, -0.032372512, 0.034393623), (-0.9988839, 0.03237274, -0.034393657), (-0.9988839, 0.03237274, -0.034393657), (-0.99924207, 0.01759307, -0.034724493), (-0.99933004, 0.011124931, -0.034866862), (0, -0.08618906, -0.99627876), (-2.9897828e-7, -0.037759848, -0.99928683), (-3.0546008e-7, -0.03670766, -0.99932605), (0, -0.08618906, -0.99627876), (0, 0.01659507, 0.99986225), (0, 0.030081782, 0.9995474), (0, 0.030081782, 0.9995474), (0, 0.016358957, 0.9998662), (-0.99933004, 0.011124931, -0.034866862), (-0.99924207, 0.01759307, -0.034724493), (-0.99937356, -0.0037662885, -0.035189044), (-0.99937356, -0.0037662885, -0.035189044), (0.99848396, -0.009681305, 0.05418602), (0.9984992, 0.0037633148, 0.054636814), (0.9984992, 0.0037633148, 0.054636814), (0.9983684, -0.0189364, 0.053869974), (0, 1, 0), (0, 1, 0), (0, 1, 0), (0, 1, 0), (1, 0, 0), (1, 0, 0), (1, 0, 0), (1, 0, 0), (-1, 0, 0), (-1, 0, 0), (-1, 0, 0), (-1, 0, 0), (0, -1, 0), (0, -1, 0), (0, -1, 0), (0, -1, 0), (0, 0, 1), (0, 0, 1), (0, 0, 1), (0, 0, 1), (0, -0.0018481672, 0.9999984), (0, -0.0018481672, 0.9999984), (0, -0.0105288075, 0.99994457), (0, -0.010680828, 0.99994296), (0.99804956, 0.0323465, 0.053392302), (0.99804956, 0.0323465, 0.053392302), (0.9983689, 0.018936712, 0.05386025), (0.9984844, 0.009681423, 0.05417748), (-0.9980496, -0.03234511, -0.053392317), (-0.9984844, -0.009681152, -0.054177485), (-0.9983689, -0.018935982, -0.053860247), (-0.9980496, -0.03234511, -0.053392317), (0, 0.055582862, -0.9984541), (0, 0.055582862, -0.9984541), (0, 0.023663335, -0.99972), (0, 0.024342826, -0.9997037), (0, -0.010680828, 0.99994296), (0, -0.0105288075, 0.99994457), (0, -0.019362368, 0.9998125), (0, -0.019362368, 0.9998125), (0, -0.0028718472, 0.9999959), (0, -0.0028718472, 0.9999959), (0, -0.016358975, 0.9998662), (0, -0.016595095, 0.99986225), (0.99888414, 0.0323728, 0.034386244), (0.99888414, 0.0323728, 0.034386244), (0.9992423, 0.017592972, 0.0347183), (0.9993303, 0.011124757, 0.034861203), (-0.9988842, -0.032373246, -0.034386255), (-0.9993303, -0.011125027, -0.034861203), (-0.99924225, -0.017593293, -0.0347183), (-0.9988842, -0.032373246, -0.034386255), (0, 0.08618879, -0.9962788), (0, 0.08618879, -0.9962788), (0, 0.03670758, -0.99932605), (0, 0.037759684, -0.99928683), (0, -0.016595095, 0.99986225), (0, -0.016358975, 0.9998662), (0, -0.030081829, 0.9995475), (0, -0.030081829, 0.9995475), (0.9984844, 0.009681423, 0.05417748), (0.9983689, 0.018936712, 0.05386025), (0.99849963, -0.0037634748, 0.054630008), (0.99849963, -0.0037634748, 0.054630008), (-0.9984844, -0.009681152, -0.054177485), (-0.9984995, 0.0037630831, -0.05462999), (-0.9984995, 0.0037630831, -0.05462999), (-0.9983689, -0.018935982, -0.053860247), (0, 0.024342826, -0.9997037), (0, 0.023663335, -0.99972), (0, -0.007591722, -0.99997115), (0, -0.007591722, -0.99997115), (0.9993303, 0.011124757, 0.034861203), (0.9992423, 0.017592972, 0.0347183), (0.99937373, -0.0037666238, 0.035184618), (0.99937373, -0.0037666238, 0.035184618), (-0.9993303, -0.011125027, -0.034861203), (-0.9993738, 0.0037664769, -0.035184618), (-0.9993738, 0.0037664769, -0.035184618), (-0.99924225, -0.017593293, -0.0347183), (0, 0.037759684, -0.99928683), (0, 0.03670758, -0.99932605), (0, -0.011797256, -0.99993044), (0, -0.011797256, -0.99993044), (0, 0, -1), (0, 0, -1), (0, 0, -1), (0, 0, -1), (0, -1, 0), (0, -1, 0), (0, -1, 0), (0, -1, 0), (1, 0, 0), (1, 0, 0), (1, 0, 0), (1, 0, 0), (-1, 0, 0), (-1, 0, 0), (-1, 0, 0), (-1, 0, 0), (0.000017888477, 1, 0), (0.000017888477, 1, 0), (0.000017888477, 1, 0), (0.000017888477, 1, 0), (-2.610695e-7, 0, 1), (-2.610695e-7, 0, 1), (-2.610695e-7, 0, 1), (-2.610695e-7, 0, 1), (0.011124814, 0.99933004, 0.03486706), (-0.0037665796, 0.9993737, 0.035188355), (-0.0037665796, 0.9993737, 0.035188355), (0.017593032, 0.999242, 0.034725074), (-0.0018481704, 0, 0.9999983), (-0.010680814, 0, 0.99994296), (-0.010528801, 0, 0.99994457), (-0.0018481704, 0, 0.9999983), (0.024342837, 0, -0.9997037), (-0.0075917672, 0, -0.9999712), (-0.0075917672, 0, -0.9999712), (0.0236633, 0, -0.9997199), (-0.0028718503, 0, 0.9999958), (-0.01659504, 0, 0.99986225), (-0.016358936, 0, 0.9998662), (-0.0028718503, 0, 0.9999958), (0.03775962, -1.3080319e-7, -0.99928683), (-0.011797313, -2.6408696e-7, -0.99993044), (-0.011797313, -2.6408696e-7, -0.99993044), (0.03670744, -1.3363898e-7, -0.99932605), (0.032345846, 0.9980489, 0.053406116), (0.009681331, 0.998484, 0.054185085), (0.018936392, 0.9983684, 0.053870384), (0.032345846, 0.9980489, 0.053406116), (-0.03234586, -0.998049, -0.0534037), (-0.03234586, -0.998049, -0.0534037), (-0.018936394, -0.9983685, -0.053868864), (-0.009681328, -0.998484, -0.054184183), (0.05558289, 0, -0.9984541), (0.024342837, 0, -0.9997037), (0.0236633, 0, -0.9997199), (0.05558289, 0, -0.9984541), (-0.010680814, 0, 0.99994296), (-0.01936234, 0, 0.9998125), (-0.01936234, 0, 0.9998125), (-0.010528801, 0, 0.99994457), (-0.009681328, -0.998484, -0.054184183), (-0.018936394, -0.9983685, -0.053868864), (0.0037632491, -0.9984994, -0.05463392), (0.0037632491, -0.9984994, -0.05463392), (0.032372877, 0.9988839, 0.034395125), (0.011124814, 0.99933004, 0.03486706), (0.017593032, 0.999242, 0.034725074), (0.032372877, 0.9988839, 0.034395125), (-0.032372873, -0.99888384, -0.03439355), (-0.032372873, -0.99888384, -0.03439355), (-0.017593035, -0.99924207, -0.034724124), (-0.011124817, -0.99933004, -0.03486638), (0.08618865, 0, -0.9962789), (0.03775962, -1.3080319e-7, -0.99928683), (0.03670744, -1.3363898e-7, -0.99932605), (0.08618865, 0, -0.9962789), (-0.01659504, 0, 0.99986225), (-0.03008173, 0, 0.9995475), (-0.03008173, 0, 0.9995475), (-0.016358936, 0, 0.9998662), (-0.011124817, -0.99933004, -0.03486638), (-0.017593035, -0.99924207, -0.034724124), (0.0037665737, -0.9993737, -0.035188302), (0.0037665737, -0.9993737, -0.035188302), (0.009681331, 0.998484, 0.054185085), (-0.003763235, 0.9984994, 0.05463392), (-0.003763235, 0.9984994, 0.05463392), (0.018936392, 0.9983684, 0.053870384), (-1, 0, 0), (-1, 0, 0), (-1, 0, 0), (-1, 0, 0), (0.0000011329034, 1, 0), (0.0000011329034, 1, 0), (0.0000011329034, 1, 0), (0.0000011329034, 1, 0), (-0.0000011329034, -1, 0), (-0.0000011329034, -1, 0), (-0.0000011329034, -1, 0), (-0.0000011329034, -1, 0), (1, 0, 0), (1, 0, 0), (1, 0, 0), (1, 0, 0), (0, 0, 1), (0, 0, 1), (0, 0, 1), (0, 0, 1), (0.0018481778, 0, 0.9999983), (0.0018481778, 0, 0.9999983), (0.01052878, 0, 0.99994457), (0.010680794, 0, 0.99994296), (-0.032345116, 0.99804974, 0.053391546), (-0.032345116, 0.99804974, 0.053391546), (-0.018935846, 0.99836886, 0.053861696), (-0.009680915, 0.99848425, 0.05418046), (0.032345105, -0.99804956, -0.053392228), (0.009680911, -0.9984844, -0.054177247), (0.01893584, -0.9983689, -0.053860076), (0.032345105, -0.99804956, -0.053392228), (-0.055582933, 0, -0.9984541), (-0.055582933, 0, -0.9984541), (-0.02366338, 0, -0.99972), (-0.024342848, 0, -0.9997037), (0.010680794, 0, 0.99994296), (0.01052878, 0, 0.99994457), (0.019362293, 0, 0.99981254), (0.019362293, 0, 0.99981254), (0.002871843, 0, 0.9999958), (0.002871843, 0, 0.9999958), (0.016358918, 0, 0.9998662), (0.016595028, 0, 0.99986225), (-0.032372143, 0.9988842, 0.034385715), (-0.032372143, 0.9988842, 0.034385715), (-0.0175926, 0.9992423, 0.034718562), (-0.01112451, 0.99933016, 0.034861807), (0.03237214, -0.9988842, -0.03438616), (0.011124511, -0.99933034, -0.03486016), (0.017592598, -0.9992423, -0.034717545), (0.03237214, -0.9988842, -0.03438616), (-0.08618868, 0, -0.9962789), (-0.08618868, 0, -0.9962789), (-0.036707524, 0, -0.99932605), (-0.037759613, 0, -0.99928683), (0.016595028, 0, 0.99986225), (0.016358918, 0, 0.9998662), (0.030081708, 0, 0.9995474), (0.030081708, 0, 0.9995474), (-0.009680915, 0.99848425, 0.05418046), (-0.018935846, 0.99836886, 0.053861696), (0.0037634636, 0.9984993, 0.054635193), (0.0037634636, 0.9984993, 0.054635193), (0.009680911, -0.9984844, -0.054177247), (-0.0037634643, -0.9984996, -0.05462967), (-0.0037634643, -0.9984996, -0.05462967), (0.01893584, -0.9983689, -0.053860076), (-0.024342848, 0, -0.9997037), (-0.02366338, 0, -0.99972), (0.0075917263, 0, -0.9999712), (0.0075917263, 0, -0.9999712), (-0.01112451, 0.99933016, 0.034861807), (-0.0175926, 0.9992423, 0.034718562), (0.003766583, 0.99937373, 0.035186023), (0.003766583, 0.99937373, 0.035186023), (0.011124511, -0.99933034, -0.03486016), (-0.003766583, -0.9993738, -0.035182897), (-0.003766583, -0.9993738, -0.035182897), (0.017592598, -0.9992423, -0.034717545), (-0.037759613, 0, -0.99928683), (-0.036707524, 0, -0.99932605), (0.0117972735, 0, -0.9999304), (0.0117972735, 0, -0.9999304), (0, 0, -1), (0, 0, -1), (0, 0, -1), (0, 0, -1), (1, 0, 0), (1, 0, 0), (1, 0, 0), (1, 0, 0), (8.907691e-7, 1, 0), (8.907691e-7, 1, 0), (8.907691e-7, 1, 0), (8.907691e-7, 1, 0), (-8.9075667e-7, -1, 0), (-8.9075667e-7, -1, 0), (-8.9075667e-7, -1, 0), (-8.9075667e-7, -1, 0), (-1, 0.000017518332, 0), (-1, 0.000017518332, 0), (-1, 0.000017518332, 0), (-1, 0.000017518332, 0), (-1.11060835e-7, 0, 1), (-1.11060835e-7, 0, 1), (-1.11060835e-7, 0, 1), (-1.11060835e-7, 0, 1), (0.99933004, -0.011125264, 0.034866847), (0.99937356, 0.0037661886, 0.03518905), (0.99937356, 0.0037661886, 0.03518905), (0.99924207, -0.017593505, 0.034724478), (0, 0.0018481732, 0.9999984), (-1.9843375e-7, 0.010680868, 0.99994296), (-1.9501844e-7, 0.010528847, 0.99994457), (0, 0.0018481732, 0.9999984), (1.0939152e-7, -0.024342924, -0.9997037), (0, 0.007591718, -0.9999712), (0, 0.007591718, -0.9999712), (1.0706396e-7, -0.02366336, -0.9997199), (0, 0.002871852, 0.9999958), (0, 0.016595026, 0.99986225), (0, 0.016358906, 0.9998662), (0, 0.002871852, 0.9999958), (-2.9897816e-7, -0.03775966, -0.9992868), (-6.0362635e-7, 0.0117972735, -0.99993044), (-6.0362635e-7, 0.0117972735, -0.99993044), (-3.0546008e-7, -0.036707453, -0.99932605), (-1, 0, 0), (-1, 0, 0), (-1, 0, 0), (-1, 0, 0), (1, 0, 0), (1, 0, 0), (1, 0, 0), (1, 0, 0), (0, 0, 1), (0, 0, 1), (0, 0, 1), (0, 0, 1), (0, -1, 0), (0, -1, 0), (0, -1, 0), (0, -1, 0), (0, 1, 0), (0, 1, 0), (0, 1, 0), (0, 1, 0), (0.99804896, -0.03234573, 0.05340375), (0.99848396, -0.009681403, 0.054186005), (0.9983684, -0.018936384, 0.053869963), (0.99804896, -0.03234573, 0.05340375), (-0.99804896, 0.032345735, -0.053403754), (-0.99804896, 0.032345735, -0.053403754), (-0.9983685, 0.01893652, -0.05386822), (-0.9984841, 0.009681629, -0.05418306), (2.1637811e-7, -0.055582993, -0.9984541), (1.0939152e-7, -0.024342924, -0.9997037), (1.0706396e-7, -0.02366336, -0.9997199), (2.1637811e-7, -0.055582993, -0.9984541), (-1.9843375e-7, 0.010680868, 0.99994296), (-3.9347555e-7, 0.01936244, 0.9998125), (-3.9347555e-7, 0.01936244, 0.9998125), (-1.9501844e-7, 0.010528847, 0.99994457), (-0.9984841, 0.009681629, -0.05418306), (-0.9983685, 0.01893652, -0.05386822), (-0.9984994, -0.0037626969, -0.054632086), (-0.9984994, -0.0037626969, -0.054632086), (0.99888384, -0.032373402, 0.03439362), (0.99933004, -0.011125264, 0.034866847), (0.99924207, -0.017593505, 0.034724478), (0.99888384, -0.032373402, 0.03439362), (-0.99888384, 0.032372728, -0.034393616), (-0.99888384, 0.032372728, -0.034393616), (-0.99924207, 0.017593067, -0.034724455), (-0.99933004, 0.011124927, -0.034866825), (0, -0.08618867, -0.9962788), (-2.9897816e-7, -0.03775966, -0.9992868), (-3.0546008e-7, -0.036707453, -0.99932605), (0, -0.08618867, -0.9962788), (0, 0.016595026, 0.99986225), (0, 0.030081686, 0.9995474), (0, 0.030081686, 0.9995474), (0, 0.016358906, 0.9998662), (-0.99933004, 0.011124927, -0.034866825), (-0.99924207, 0.017593067, -0.034724455), (-0.99937356, -0.0037662885, -0.03518901), (-0.99937356, -0.0037662885, -0.03518901), (0.99848396, -0.009681403, 0.054186005), (0.9984992, 0.0037630543, 0.054636788), (0.9984992, 0.0037630543, 0.054636788), (0.9983684, -0.018936384, 0.053869963), (0, 1, 0), (0, 1, 0), (0, 1, 0), (0, 1, 0), (1, 0, 0), (1, 0, 0), (1, 0, 0), (1, 0, 0), (-1, 0, 0), (-1, 0, 0), (-1, 0, 0), (-1, 0, 0), (0, -1, 0), (0, -1, 0), (0, -1, 0), (0, -1, 0), (0, 0, 1), (0, 0, 1), (0, 0, 1), (0, 0, 1), (0, -0.0018481672, 0.99999833), (0, -0.0018481672, 0.99999833), (0, -0.010528831, 0.99994457), (0, -0.010680851, 0.99994296), (0.9980496, 0.0323458, 0.053392418), (0.9980496, 0.0323458, 0.053392418), (0.9983689, 0.018936368, 0.05386031), (0.9984844, 0.009681326, 0.05417752), (-0.99804956, -0.032345098, -0.05339239), (-0.9984844, -0.009681149, -0.054177508), (-0.9983689, -0.018935978, -0.0538603), (-0.99804956, -0.032345098, -0.05339239), (0, 0.055583056, -0.9984541), (0, 0.055583056, -0.9984541), (0, 0.023663407, -0.9997199), (0, 0.024342904, -0.9997037), (0, -0.010680851, 0.99994296), (0, -0.010528831, 0.99994457), (0, -0.019362412, 0.9998125), (0, -0.019362412, 0.9998125), (0, -0.0028718477, 0.99999595), (0, -0.0028718477, 0.99999595), (0, -0.016358923, 0.9998662), (0, -0.016595041, 0.99986225), (0.9988842, 0.032372788, 0.034386307), (0.9988842, 0.032372788, 0.034386307), (0.99924225, 0.0175931, 0.03471833), (0.9993303, 0.01112495, 0.034861226), (-0.9988842, -0.032372337, -0.034386296), (-0.9993303, -0.011124666, -0.034861222), (-0.99924225, -0.017592764, -0.034718323), (-0.9988842, -0.032372337, -0.034386296), (0, 0.08618918, -0.99627876), (0, 0.08618918, -0.99627876), (0, 0.036707766, -0.99932605), (0, 0.03775988, -0.99928683), (0, -0.016595041, 0.99986225), (0, -0.016358923, 0.9998662), (0, -0.030081723, 0.9995474), (0, -0.030081723, 0.9995474), (0.9984844, 0.009681326, 0.05417752), (0.9983689, 0.018936368, 0.05386031), (0.99849963, -0.0037632142, 0.054629996), (0.99849963, -0.0037632142, 0.054629996), (-0.9984844, -0.009681149, -0.054177508), (-0.9984995, 0.0037630831, -0.054629985), (-0.9984995, 0.0037630831, -0.054629985), (-0.9983689, -0.018935978, -0.0538603), (0, 0.024342904, -0.9997037), (0, 0.023663407, -0.9997199), (0, -0.0075917616, -0.9999712), (0, -0.0075917616, -0.9999712), (0.9993303, 0.01112495, 0.034861226), (0.99924225, 0.0175931, 0.03471833), (0.99937373, -0.003766288, 0.035184614), (0.99937373, -0.003766288, 0.035184614), (-0.9993303, -0.011124666, -0.034861222), (-0.9993738, 0.003766456, -0.035184614), (-0.9993738, 0.003766456, -0.035184614), (-0.99924225, -0.017592764, -0.034718323), (0, 0.03775988, -0.99928683), (0, 0.036707766, -0.99932605), (0, -0.011797257, -0.99993044), (0, -0.011797257, -0.99993044), (0, 0, -1), (0, 0, -1), (0, 0, -1), (0, 0, -1), (0, -1, 0), (0, -1, 0), (0, -1, 0), (0, -1, 0), (1, 0, 0), (1, 0, 0), (1, 0, 0), (1, 0, 0), (-1, 0, 0), (-1, 0, 0), (-1, 0, 0), (-1, 0, 0), (0.0000178885, 1, 0), (0.0000178885, 1, 0), (0.0000178885, 1, 0), (0.0000178885, 1, 0), (-2.610695e-7, 0, 1), (-2.610695e-7, 0, 1), (-2.610695e-7, 0, 1), (-2.610695e-7, 0, 1), (0, -0.0026388348, 0.9999965), (0, -0.0026388348, 0.9999965), (0, -0.010932229, 0.9999403), (0, -0.011068172, 0.9999387), (0.9980496, 0.0323458, 0.053392407), (0.9980496, 0.0323458, 0.053392407), (0.9983741, 0.018330853, 0.053974394), (0.9984831, 0.008694219, 0.05436832), (-0.99804956, -0.032345098, -0.05339239), (-0.9984831, -0.008694306, -0.05436832), (-0.9983741, -0.018330622, -0.053974394), (-0.99804956, -0.032345098, -0.05339239), (0, 0.055583056, -0.9984541), (0, 0.055583056, -0.9984541), (0, 0.022120139, -0.9997553), (0, 0.022800196, -0.99974006), (0, -0.011068172, 0.9999387), (0, -0.010932229, 0.9999403), (0, -0.019362401, 0.9998125), (0, -0.019362401, 0.9998125), (0, -0.0041003725, 0.9999916), (0, -0.0041003725, 0.9999916), (0, -0.016985666, 0.99985576), (0, -0.017196804, 0.99985206), (0.9988842, 0.032372788, 0.0343863), (0.9988842, 0.032372788, 0.0343863), (0.99925107, 0.016918195, 0.034799542), (0.9993362, 0.010196689, 0.034976643), (-0.9988842, -0.032372337, -0.034386296), (-0.9993362, -0.010196625, -0.03497664), (-0.9992511, -0.016918018, -0.034799542), (-0.9988842, -0.032372337, -0.034386296), (0, 0.08618918, -0.99627876), (0, 0.08618918, -0.99627876), (0, 0.03431077, -0.9994112), (0, 0.03536382, -0.9993745), (0, -0.017196804, 0.99985206), (0, -0.016985666, 0.99985576), (0, -0.030081706, 0.9995475), (0, -0.030081706, 0.9995475), (0.9984831, 0.008694219, 0.05436832), (0.9983741, 0.018330853, 0.053974394), (0.9984758, -0.0053308094, 0.054932542), (0.9984758, -0.0053308094, 0.054932542), (-0.9984831, -0.008694306, -0.05436832), (-0.99847585, 0.005330255, -0.054932546), (-0.99847585, 0.005330255, -0.054932546), (-0.9983741, -0.018330622, -0.053974394), (0, 0.022800196, -0.99974006), (0, 0.022120139, -0.9997553), (0, -0.010678104, -0.99994296), (0, -0.010678104, -0.99994296), (0.9993362, 0.010196689, 0.034976643), (0.99925107, 0.016918195, 0.034799542), (0.9993597, -0.0053351163, 0.035379775), (0.9993597, -0.0053351163, 0.035379775), (-0.9993362, -0.010196625, -0.03497664), (-0.99935967, 0.0053349077, -0.03537977), (-0.99935967, 0.0053349077, -0.03537977), (-0.9992511, -0.016918018, -0.034799542), (0, 0.03536382, -0.9993745), (0, 0.03431077, -0.9994112), (0, -0.016592415, -0.9998624), (0, -0.016592415, -0.9998624), (0.99999994, 0, 0), (0.99999994, 0, 0), (0.99999994, 0, 0), (0.99999994, 0, 0), (0, -1, 0), (0, -1, 0), (0, -1, 0), (0, -1, 0), (0, 1, 0), (0, 1, 0), (0, 1, 0), (0, 1, 0), (-0.99999994, 0, 0), (-0.99999994, 0, 0), (-0.99999994, 0, 0), (-0.99999994, 0, 0), (0, 0, 1), (0, 0, 1), (0, 0, 1), (0, 0, 1), (-0.0018481732, 0, 0.99999833), (-0.0018481732, 0, 0.99999833), (-0.010528804, 0, 0.99994457), (-0.010680824, 0, 0.99994296), (0.032345694, -0.9980495, 0.05339327), (0.032345694, -0.9980495, 0.05339327), (0.01893637, -0.9983689, 0.0538611), (0.0096814, -0.9984843, 0.05417826), (-0.032345694, 0.99804956, -0.05339223), (-0.0096814, 0.9984844, -0.054177247), (-0.01893637, 0.9983689, -0.053860076), (-0.032345694, 0.99804956, -0.05339223), (0.055582933, 0, -0.9984541), (0.055582933, 0, -0.9984541), (0.023663359, 0, -0.99972), (0.024342854, 0, -0.9997037), (-0.010680824, 0, 0.99994296), (-0.010528804, 0, 0.99994457), (-0.019362353, 0, 0.9998125), (-0.019362353, 0, 0.9998125), (-0.002871843, 0, 0.9999958), (-0.002871843, 0, 0.9999958), (-0.01635901, 0, 0.9998662), (-0.01659513, 0, 0.99986225), (0.03237273, -0.99888414, 0.034386847), (0.03237273, -0.99888414, 0.034386847), (0.017593123, -0.9992423, 0.03471918), (0.011125006, -0.99933016, 0.0348622), (-0.032372743, 0.9988842, -0.03438618), (-0.011125011, 0.9993303, -0.03486095), (-0.017593129, 0.99924225, -0.034718104), (-0.032372743, 0.9988842, -0.03438618), (0.08618868, 0, -0.9962789), (0.08618868, 0, -0.9962789), (0.036707524, 0, -0.99932605), (0.037759643, 0, -0.99928683), (-0.01659513, 0, 0.99986225), (-0.01635901, 0, 0.9998662), (-0.030081904, 0, 0.9995475), (-0.030081904, 0, 0.9995475), (0.0096814, -0.9984843, 0.05417826), (0.01893637, -0.9983689, 0.0538611), (-0.0037630352, -0.99849945, 0.054630663), (-0.0037630352, -0.99849945, 0.054630663), (-0.0096814, 0.9984844, -0.054177247), (0.0037630359, 0.9984996, -0.05462967), (0.0037630359, 0.9984996, -0.05462967), (-0.01893637, 0.9983689, -0.053860076), (0.024342854, 0, -0.9997037), (0.023663359, 0, -0.99972), (-0.007591744, 0, -0.99997115), (-0.007591744, 0, -0.99997115), (0.011125006, -0.99933016, 0.0348622), (0.017593123, -0.9992423, 0.03471918), (-0.0037661535, -0.99937373, 0.035185896), (-0.0037661535, -0.99937373, 0.035185896), (-0.011125011, 0.9993303, -0.03486095), (0.0037661537, 0.9993738, -0.035184234), (0.0037661537, 0.9993738, -0.035184234), (-0.017593129, 0.99924225, -0.034718104), (0.037759643, 0, -0.99928683), (0.036707524, 0, -0.99932605), (-0.011797235, 0, -0.9999304), (-0.011797235, 0, -0.9999304), (-0.9993301, 0.011124589, 0.0348653), (-0.9993737, -0.0037664853, 0.035186872), (-0.9993737, -0.0037664853, 0.035186872), (-0.9992422, 0.017592665, 0.034723196), (0, -0.001848174, 0.99999833), (0, -0.010680813, 0.99994296), (0, -0.010528803, 0.99994457), (0, -0.001848174, 0.99999833), (0, 0.024342807, -0.9997037), (0, -0.007591703, -0.99997115), (0, -0.007591703, -0.99997115), (0, 0.023663273, -0.99972), (0, -0.0028718626, 0.9999958), (0, -0.016595071, 0.99986225), (0, -0.016358966, 0.9998662), (0, -0.0028718626, 0.9999958), (0, 0.037759747, -0.99928683), (0, -0.011797275, -0.9999305), (0, -0.011797275, -0.9999305), (0, 0.036707565, -0.99932605), (-0.99804896, 0.032345735, 0.05340272), (-0.998484, 0.009681462, 0.054184932), (-0.9983685, 0.018936424, 0.05386891), (-0.99804896, 0.032345735, 0.05340272), (0.998049, -0.032344352, -0.05340269), (0.998049, -0.032344352, -0.05340269), (0.99836856, -0.018935552, -0.053867165), (0.9984841, -0.009680947, -0.054182015), (0, 0.05558277, -0.99845403), (0, 0.024342807, -0.9997037), (0, 0.023663273, -0.99972), (0, 0.05558277, -0.99845403), (0, -0.010680813, 0.99994296), (0, -0.019362338, 0.9998125), (0, -0.019362338, 0.9998125), (0, -0.010528803, 0.99994457), (0.9984841, -0.009680947, -0.054182015), (0.99836856, -0.018935552, -0.053867165), (0.9984995, 0.0037629607, -0.05463107), (0.9984995, 0.0037629607, -0.05463107), (-0.99888396, 0.032372188, 0.034392968), (-0.9993301, 0.011124589, 0.0348653), (-0.9992422, 0.017592665, 0.034723196), (-0.99888396, 0.032372188, 0.034392968), (0.998884, -0.032372303, -0.034392945), (0.998884, -0.032372303, -0.034392945), (0.99924207, -0.017592812, -0.03472316), (0.9993301, -0.011124751, -0.034865256), (0, 0.08618887, -0.9962788), (0, 0.037759747, -0.99928683), (0, 0.036707565, -0.99932605), (0, 0.08618887, -0.9962788), (0, -0.016595071, 0.99986225), (0, -0.03008178, 0.9995474), (0, -0.03008178, 0.9995474), (0, -0.016358966, 0.9998662), (0.9993301, -0.011124751, -0.034865256), (0.99924207, -0.017592812, -0.03472316), (0.9993736, 0.0037662901, -0.03518682), (0.9993736, 0.0037662901, -0.03518682), (-0.998484, 0.009681462, 0.054184932), (-0.9984993, -0.0037629597, 0.05463569), (-0.9984993, -0.0037629597, 0.05463569), (-0.9983685, 0.018936424, 0.05386891), (0, -1, 0), (0, -1, 0), (0, -1, 0), (0, -1, 0), (-1, 0.0000013149164, 0), (-1, 0.0000013149164, 0), (-1, 0.0000013149164, 0), (-1, 0.0000013149164, 0), (1, -0.0000013149164, 0), (1, -0.0000013149164, 0), (1, -0.0000013149164, 0), (1, -0.0000013149164, 0), (0, 1, 0), (0, 1, 0), (0, 1, 0), (0, 1, 0), (0, 0, 1), (0, 0, 1), (0, 0, 1), (0, 0, 1), (0, 0.008327077, 0.99996525), (0, 0.008327077, 0.99996525), (0, 0.013821607, 0.99990445), (0, 0.013867541, 0.99990386), (-0.99804974, -0.03234506, 0.053392544), (-0.99804974, -0.03234506, 0.053392544), (-0.9983989, -0.01420098, 0.054753855), (-0.9984478, -0.002017482, 0.05565758), (0.9980496, 0.03234558, -0.053392503), (0.9984479, 0.0020177194, -0.0556576), (0.9983989, 0.014201332, -0.054753844), (0.9980496, 0.03234558, -0.053392503), (0, -0.055582933, -0.9984541), (0, -0.055582933, -0.9984541), (0, -0.012278151, -0.99992466), (0, -0.012889683, -0.9999169), (0, 0.013867541, 0.99990386), (0, 0.013821607, 0.99990445), (0, 0.019362371, 0.9998125), (0, 0.019362371, 0.9998125), (0, 0.012936789, 0.9999163), (0, 0.012936789, 0.9999163), (0, 0.021473829, 0.99976945), (0, 0.021545174, 0.99976796), (-0.9988842, -0.03237228, 0.034386378), (-0.9988842, -0.03237228, 0.034386378), (-0.999299, -0.012304572, 0.035356123), (-0.99935293, -0.003910387, 0.03575746), (0.99888426, 0.032371946, -0.034386348), (0.99935293, 0.0039100386, -0.03575745), (0.999299, 0.012304229, -0.035356104), (0.99888426, 0.032371946, -0.034386348), (0, -0.086188786, -0.9962789), (0, -0.086188786, -0.9962789), (0, -0.019031983, -0.9998189), (0, -0.019979017, -0.99980044), (0, 0.021545174, 0.99976796), (0, 0.021473829, 0.99976945), (0, 0.030081756, 0.9995474), (0, 0.030081756, 0.9995474), (-0.9984478, -0.002017482, 0.05565758), (-0.9983989, -0.01420098, 0.054753855), (-0.9982488, 0.015919434, 0.056972932), (-0.9982488, 0.015919434, 0.056972932), (0.9984479, 0.0020177194, -0.0556576), (0.99824876, -0.015919365, -0.05697297), (0.99824876, -0.015919365, -0.05697297), (0.9983989, 0.014201332, -0.054753844), (0, -0.012889683, -0.9999169), (0, -0.012278151, -0.99992466), (0, 0.03042811, -0.99953693), (0, 0.03042811, -0.99953693), (-0.99935293, -0.003910387, 0.03575746), (-0.999299, -0.012304572, 0.035356123), (-0.99919945, 0.01593172, 0.036696035), (-0.99919945, 0.01593172, 0.036696035), (0.99935293, 0.0039100386, -0.03575745), (0.99919945, -0.015932076, -0.036696035), (0.99919945, -0.015932076, -0.036696035), (0.999299, 0.012304229, -0.035356104), (0, -0.019979017, -0.99980044), (0, -0.019031983, -0.9998189), (0, 0.047248874, -0.9988831), (0, 0.047248874, -0.9988831), (0, 0, -1), (0, 0, -1), (0, 0, -1), (0, 0, -1), (0, 1, 0), (0, 1, 0), (0, 1, 0), (0, 1, 0), (-1, 0, 0), (-1, 0, 0), (-1, 0, 0), (-1, 0, 0), (1, -0.0000010338665, 0), (1, -0.0000010338665, 0), (1, -0.0000010338665, 0), (1, -0.0000010338665, 0), (-0.000017888495, -1, 0), (-0.000017888495, -1, 0), (-0.000017888495, -1, 0), (-0.000017888495, -1, 0), (0, 0, 1), (0, 0, 1), (0, 0, 1), (0, 0, 1), (-1, 0, 0), (-1, 0, 0), (-1, 0, 0), (-1, 0, 0), (0.0000011329034, 1, 0), (0.0000011329034, 1, 0), (0.0000011329034, 1, 0), (0.0000011329034, 1, 0), (-0.0000011329034, -1, 0), (-0.0000011329034, -1, 0), (-0.0000011329034, -1, 0), (-0.0000011329034, -1, 0), (1, 0, 0), (1, 0, 0), (1, 0, 0), (1, 0, 0), (0, 0, 1), (0, 0, 1), (0, 0, 1), (0, 0, 1), (0.00184818, 3.0555297e-10, 0.9999983), (0.00184818, 3.0555297e-10, 0.9999983), (0.010528813, 1.5412327e-10, 0.99994457), (0.010680824, 1.514713e-10, 0.99994296), (-0.032345105, 0.9980495, 0.053394306), (-0.032345105, 0.9980495, 0.053394306), (-0.01893584, 0.9983688, 0.05386343), (-0.009680912, 0.99848413, 0.054181483), (0.032345105, -0.99804956, -0.053392228), (0.009680911, -0.9984844, -0.054177243), (0.01893584, -0.9983689, -0.053860076), (0.032345105, -0.99804956, -0.053392228), (-0.055582944, 0, -0.9984541), (-0.055582944, 0, -0.9984541), (-0.023663389, 5.9624516e-10, -0.99972), (-0.02434285, 5.835641e-10, -0.9997037), (0.010680824, 1.514713e-10, 0.99994296), (0.010528813, 1.5412327e-10, 0.99994457), (0.019362353, 0, 0.9998125), (0.019362353, 0, 0.9998125), (0.0028718463, 0, 0.9999958), (0.0028718463, 0, 0.9999958), (0.016358972, 0, 0.9998662), (0.016595075, 0, 0.99986225), (-0.03237216, 0.99888426, 0.03438752), (-0.03237216, 0.99888426, 0.03438752), (-0.017592609, 0.99924225, 0.034719627), (-0.011124519, 0.99933016, 0.034862548), (0.032372158, -0.9988842, -0.03438618), (0.01112452, -0.99933034, -0.034860164), (0.017592607, -0.9992423, -0.034717556), (0.032372158, -0.9988842, -0.03438618), (-0.0861887, 0, -0.9962788), (-0.0861887, 0, -0.9962788), (-0.036707547, 0, -0.99932605), (-0.037759606, 0, -0.9992868), (0.016595075, 0, 0.99986225), (0.016358972, 0, 0.9998662), (0.030081805, 0, 0.9995475), (0.030081805, 0, 0.9995475), (-0.009680912, 0.99848413, 0.054181483), (-0.01893584, 0.9983688, 0.05386343), (0.003763463, 0.9984993, 0.054635186), (0.003763463, 0.9984993, 0.054635186), (0.009680911, -0.9984844, -0.054177243), (-0.003763464, -0.9984996, -0.05462966), (-0.003763464, -0.9984996, -0.05462966), (0.01893584, -0.9983689, -0.053860076), (-0.02434285, 5.835641e-10, -0.9997037), (-0.023663389, 5.9624516e-10, -0.99972), (0.0075917263, 1.1790533e-9, -0.9999712), (0.0075917263, 1.1790533e-9, -0.9999712), (-0.011124519, 0.99933016, 0.034862548), (-0.017592609, 0.99924225, 0.034719627), (0.0037665828, 0.99937373, 0.03518602), (0.0037665828, 0.99937373, 0.03518602), (0.01112452, -0.99933034, -0.034860164), (-0.0037665828, -0.9993738, -0.035182893), (-0.0037665828, -0.9993738, -0.035182893), (0.017592607, -0.9992423, -0.034717556), (-0.037759606, 0, -0.9992868), (-0.036707547, 0, -0.99932605), (0.0117972735, 0, -0.9999304), (0.0117972735, 0, -0.9999304), (4.6518736e-8, -1, 0), (4.653023e-8, -1, 0), (4.653023e-8, -1, 0), (4.6518736e-8, -1, 0), (-2.325362e-8, 1, 0), (-2.325362e-8, 1, 0), (0, 1, 0), (0, 1, 0), (1.1299952e-8, 0, -1), (1.1299951e-8, 0, -1), (0, 0, -1), (0, 0, -1), (0, 0, 1), (0, 0, 1), (3.5566465e-9, 0, 1), (3.5566468e-9, 0, 1), (5.2582283e-8, -1, 0), (5.2582283e-8, -1, 0), (5.2582283e-8, -1, 0), (5.2582283e-8, -1, 0), (1, 3.646152e-8, 0), (1, 1.823076e-8, 0), (1, 1.823076e-8, 0), (1, 3.646152e-8, 0), (-1, -3.646152e-8, 0), (-1, -3.646152e-8, 0), (-1, -1.823076e-8, 0), (-1, -1.823076e-8, 0), (0, 0, -0.99999994), (0, 0, -0.99999994), (0, 0, -1), (0, 0, -1), (0, 0, 1), (0, 0, 1), (0, 0, 0.99999994), (0, 0, 0.99999994), (-9.3235144e-8, 1, 0), (-9.3235144e-8, 1, 0), (0, 1, 0), (0, 1, 0), (9.323515e-8, -1, 0), (0, -0.99999994, 0), (0, -0.99999994, 0), (9.323515e-8, -1, 0), (0, 0, -1), (0, 0, -1), (0, 0, -1), (0, 0, -1), (0, 0, 1), (0, 0, 1), (0, 0, 1), (0, 0, 1), (0, 1, 0), (0, 1, 0), (0, 1, 0), (0, 1, 0), (0, -1, 0), (0, -1, 0), (0, -1, 0), (0, -1, 0), (0, 0, -1), (0, 0, -1), (0, 0, -1), (0, 0, -1), (0, 0, 1), (0, 0, 1), (0, 0, 1), (0, 0, 1), (1, 0, 0), (1, 0, 0), (1, 1.823076e-8, 0), (1, 1.823076e-8, 0), (-1, 0, 0), (-1, -1.823076e-8, 0), (-1, -1.823076e-8, 0), (-1, 0, 0), (0, 0, -1), (0, 0, -1), (0, 0, -1), (0, 0, -1), (0, 0, 1), (0, 0, 1), (0, 0, 1), (0, 0, 1), (4.6518736e-8, -1, 0), (4.6518736e-8, -1, 0), (4.6507235e-8, -1, 0), (4.6507235e-8, -1, 0), (-2.325362e-8, 1, 0), (-4.6507235e-8, 1, 0), (-4.6507235e-8, 1, 0), (-2.325362e-8, 1, 0), (1.1299952e-8, 0, -1), (2.2599902e-8, 0, -1), (2.2599902e-8, 0, -1), (1.1299951e-8, 0, -1), (7.113293e-9, 0, 1), (3.5566468e-9, 0, 1), (3.5566465e-9, 0, 1), (7.113293e-9, 0, 1), (-2.6291142e-8, 1, 0), (-2.6291142e-8, 1, 0), (-2.6291142e-8, 1, 0), (-2.6291142e-8, 1, 0), (5.0658347e-8, 0, -1), (5.0658347e-8, 0, -1), (5.0658347e-8, 0, -1), (5.0658347e-8, 0, -1), (-2.6336986e-8, 0, 1), (-2.6336986e-8, 0, 1), (-2.6336986e-8, 0, 1), (-2.6336986e-8, 0, 1), (-1, -7.292295e-8, 0), (-1, -7.292295e-8, 0), (-1, -3.6461476e-8, 0), (-1, -3.6461476e-8, 0), (1, 7.292295e-8, 0), (1, 3.6461476e-8, 0), (1, 3.6461476e-8, 0), (1, 7.292295e-8, 0), (0, 0, -1), (0, 0, -1), (0, 0, -1), (0, 0, -1), (0, 0, 1), (0, 0, 0.99999994), (0, 0, 0.99999994), (0, 0, 1), (-9.3235144e-8, 1, 0), (-1.864703e-7, 1, 0), (-1.864703e-7, 1, 0), (-9.3235144e-8, 1, 0), (9.323515e-8, -1, 0), (9.323515e-8, -1, 0), (1.864703e-7, -1, 0), (1.864703e-7, -1, 0), (0, 0, -1), (0, 0, -1), (0, 0, -1), (0, 0, -1), (0, 0, 1), (0, 0, 1), (0, 0, 1), (0, 0, 1), (-1.6874338e-7, 1, 0), (-3.3748677e-7, 1, 0), (-3.3748677e-7, 1, 0), (-1.6874338e-7, 1, 0), (1.6874338e-7, -1, 0), (1.6874338e-7, -1, 0), (3.3748677e-7, -1, 0), (3.3748677e-7, -1, 0), (0, 0, -1), (0, 0, -1), (0, 0, -1), (0, 0, -1), (0, 0, 1), (0, 0, 1), (0, 0, 1), (0, 0, 1), (-1, 0, 0), (-1, -3.6461476e-8, 0), (-1, -3.6461476e-8, 0), (-1, 0, 0), (1, 0, 0), (1, 0, 0), (1, 3.6461476e-8, 0), (1, 3.6461476e-8, 0), (0, 0, -1), (0, 0, -1), (0, 0, -1), (0, 0, -1), (0, 0, 1), (0, 0, 1), (0, 0, 1), (0, 0, 1), (0, 0, 1), (0, 0, 1), (0, 0, 1), (0, 0, 1), (0, 0, -1), (0, 0, -1), (0, 0, -1), (0, 0, -1), (0, 1, 0), (-1.6874338e-7, 1, 0), (-1.6874338e-7, 1, 0), (0, 1, 0), (0, -1, 0), (1.6874338e-7, -1, 0), (1.6874338e-7, -1, 0), (0, -1, 0), (-1, 0, 0), (-1, 0, 0), (-1, 0, 0), (-1, 0, 0), (-1, 0, 0), (-1, 0, 0), (-1, 0, 0), (-1, 0, 0), (1, 0, 0), (1, 0, 0), (1, 0, 0), (1, 0, 0), (1, 3.9111205e-7, 0), (1, 3.9111205e-7, 0), (1, 3.9111205e-7, 0), (1, 3.9111205e-7, 0), (1, 3.6461476e-8, 0), (1, 1.8230738e-8, 0), (1, 1.8230738e-8, 0), (1, 3.6461476e-8, 0), (-1, -3.6461476e-8, 0), (-1, -3.6461476e-8, 0), (-1, -1.8230738e-8, 0), (-1, -1.8230738e-8, 0), (0, 0, -0.99999994), (0, 0, -0.99999994), (0, 0, -1), (0, 0, -1), (0, 0, 1), (0, 0, 1), (0, 0, 0.99999994), (0, 0, 0.99999994), (1, 0, 0), (1, 0, 0), (1, 1.8230738e-8, 0), (1, 1.8230738e-8, 0), (-1, 0, 0), (-1, -1.8230738e-8, 0), (-1, -1.8230738e-8, 0), (-1, 0, 0), (0, 0, -1), (0, 0, -1), (0, 0, -1), (0, 0, -1), (0, 0, 1), (0, 0, 1), (0, 0, 1), (0, 0, 1), (-1, -7.292295e-8, 0), (-1, -7.292295e-8, 0), (-1, -3.6461476e-8, 0), (-1, -3.6461476e-8, 0), (1, 7.292295e-8, 0), (1, 3.6461476e-8, 0), (1, 3.6461476e-8, 0), (1, 7.292295e-8, 0), (0, 0, -1), (0, 0, -1), (0, 0, -1), (0, 0, -1), (0, 0, 1), (0, 0, 0.99999994), (0, 0, 0.99999994), (0, 0, 1), (-1, 0, 0), (-1, -3.6461476e-8, 0), (-1, -3.6461476e-8, 0), (-1, 0, 0), (1, 0, 0), (1, 0, 0), (1, 3.6461476e-8, 0), (1, 3.6461476e-8, 0), (0, 0, -1), (0, 0, -1), (0, 0, -1), (0, 0, -1), (0, 0, 1), (0, 0, 1), (0, 0, 1), (0, 0, 1), (0.49781218, 0.52103007, 0.693333), (0.4929255, 0.53451395, 0.686527), (0.42865804, 0.6781022, 0.59701735), (0.42865804, 0.6781022, 0.59701735), (0.4929255, 0.53451395, 0.686527), (0.49781218, 0.52103007, 0.693333), (0.5443875, 0.35884863, 0.7582018), (0.5443875, 0.35884863, 0.7582018), (0.5466727, -0.34848502, 0.761385), (0.5466727, -0.34848502, 0.761385), (0.5013658, -0.5109137, 0.69828326), (0.49598965, -0.52611375, 0.69079554), (0.43283406, -0.67025733, 0.6028348), (0.43283406, -0.67025733, 0.6028348), (0.49598965, -0.52611375, 0.69079554), (0.5013658, -0.5109137, 0.69828326), (0.4978112, 0.52103025, 0.69333357), (0.49292448, 0.5345141, 0.68652755), (0.42865777, 0.6781013, 0.59701854), (0.42865777, 0.6781013, 0.59701854), (0.49292448, 0.5345141, 0.68652755), (0.4978112, 0.52103025, 0.69333357), (0.5443861, 0.35885006, 0.7582021), (0.5443861, 0.35885006, 0.7582021), (0.546672, -0.34848833, 0.761384), (0.546672, -0.34848833, 0.761384), (0.5013651, -0.510915, 0.6982828), (0.49598897, -0.52611506, 0.6907951), (0.43283388, -0.6702567, 0.60283566), (0.43283388, -0.6702567, 0.60283566), (0.49598897, -0.52611506, 0.6907951), (0.5013651, -0.510915, 0.6982828), (0.4978114, 0.5210311, 0.6933328), (0.4929247, 0.534515, 0.6865268), (0.42865768, 0.6781021, 0.5970179), (0.42865768, 0.6781021, 0.5970179), (0.4929247, 0.534515, 0.6865268), (0.4978114, 0.5210311, 0.6933328), (0.54438657, 0.35885137, 0.7582012), (0.54438657, 0.35885137, 0.7582012), (0.54667324, -0.34848768, 0.7613834), (0.54667324, -0.34848768, 0.7613834), (0.5013664, -0.5109145, 0.6982822), (0.49599022, -0.5261147, 0.69079447), (0.43283507, -0.67025656, 0.6028349), (0.43283507, -0.67025656, 0.6028349), (0.49599022, -0.5261147, 0.69079447), (0.5013664, -0.5109145, 0.6982822), (0.49781153, 0.52103096, 0.6933329), (0.49292472, 0.5345149, 0.68652683), (0.42865703, 0.6781028, 0.5970173), (0.42865703, 0.6781028, 0.5970173), (0.49292472, 0.5345149, 0.68652683), (0.49781153, 0.52103096, 0.6933329), (0.54438704, 0.35884997, 0.7582015), (0.54438704, 0.35884997, 0.7582015), (0.5466722, -0.3484876, 0.76138407), (0.5466722, -0.3484876, 0.76138407), (0.50136596, -0.51091474, 0.6982824), (0.49598977, -0.52611494, 0.69079465), (0.43283507, -0.6702569, 0.6028345), (0.43283507, -0.6702569, 0.6028345), (0.49598977, -0.52611494, 0.69079465), (0.50136596, -0.51091474, 0.6982824), (0.49781215, 0.5210301, 0.69333297), (0.4929255, 0.5345139, 0.686527), (0.42865834, 0.6781014, 0.59701806), (0.42865834, 0.6781014, 0.59701806), (0.4929255, 0.5345139, 0.686527), (0.49781215, 0.5210301, 0.69333297), (0.5443874, 0.3588497, 0.7582013), (0.5443874, 0.3588497, 0.7582013), (0.54667324, -0.34848505, 0.7613846), (0.54667324, -0.34848505, 0.7613846), (0.50136584, -0.5109144, 0.6982827), (0.49598965, -0.5261146, 0.6907949), (0.4328335, -0.67025846, 0.60283387), (0.4328335, -0.67025846, 0.60283387), (0.49598965, -0.5261146, 0.6907949), (0.50136584, -0.5109144, 0.6982827), (-0.4978122, 0.52103007, 0.69333297), (-0.428658, 0.67810273, 0.5970169), (-0.428658, 0.67810273, 0.5970169), (-0.49292555, 0.534514, 0.68652695), (-0.49292555, 0.534514, 0.68652695), (-0.5443876, 0.3588481, 0.758202), (-0.5443876, 0.3588481, 0.758202), (-0.4978122, 0.52103007, 0.69333297), (-0.5466723, -0.3484854, 0.7613851), (-0.49598938, -0.52611357, 0.6907959), (-0.50136554, -0.5109136, 0.69828355), (-0.5466723, -0.3484854, 0.7613851), (-0.432834, -0.6702567, 0.6028354), (-0.50136554, -0.5109136, 0.69828355), (-0.49598938, -0.52611357, 0.6907959), (-0.432834, -0.6702567, 0.6028354), (-0.4978118, 0.52103037, 0.6933332), (-0.42865813, 0.678101, 0.5970188), (-0.42865813, 0.678101, 0.5970188), (-0.49292502, 0.5345142, 0.6865271), (-0.49292502, 0.5345142, 0.6865271), (-0.544387, 0.35885063, 0.7582012), (-0.544387, 0.35885063, 0.7582012), (-0.4978118, 0.52103037, 0.6933332), (-0.5466712, -0.34848887, 0.76138437), (-0.49598876, -0.52611524, 0.6907952), (-0.5013648, -0.51091516, 0.69828284), (-0.5466712, -0.34848887, 0.76138437), (-0.43283433, -0.6702566, 0.6028355), (-0.5013648, -0.51091516, 0.69828284), (-0.49598876, -0.52611524, 0.6907952), (-0.43283433, -0.6702566, 0.6028355), (-0.49781156, 0.5210314, 0.69333243), (-0.42865768, 0.67810243, 0.5970174), (-0.42865768, 0.67810243, 0.5970174), (-0.49292484, 0.53451544, 0.68652636), (-0.49292484, 0.53451544, 0.68652636), (-0.5443868, 0.35885158, 0.7582008), (-0.5443868, 0.35885158, 0.7582008), (-0.49781156, 0.5210314, 0.69333243), (-0.54667294, -0.3484877, 0.76138365), (-0.4959901, -0.52611464, 0.6907946), (-0.50136626, -0.51091444, 0.6982823), (-0.54667294, -0.3484877, 0.76138365), (-0.43283525, -0.67025644, 0.60283506), (-0.50136626, -0.51091444, 0.6982823), (-0.4959901, -0.52611464, 0.6907946), (-0.43283525, -0.67025644, 0.60283506), (-0.49781182, 0.5210304, 0.693333), (-0.42865723, 0.6781029, 0.5970171), (-0.42865723, 0.6781029, 0.5970171), (-0.49292508, 0.53451437, 0.686527), (-0.49292508, 0.53451437, 0.686527), (-0.5443874, 0.35884878, 0.7582017), (-0.5443874, 0.35884878, 0.7582017), (-0.49781182, 0.5210304, 0.693333), (-0.5466725, -0.34848806, 0.7613838), (-0.49599007, -0.5261148, 0.6907945), (-0.5013662, -0.5109146, 0.6982823), (-0.5466725, -0.34848806, 0.7613838), (-0.43283552, -0.67025644, 0.6028347), (-0.5013662, -0.5109146, 0.6982823), (-0.49599007, -0.5261148, 0.6907945), (-0.43283552, -0.67025644, 0.6028347), (-0.49781194, 0.52103037, 0.69333297), (-0.4286582, 0.6781014, 0.5970181), (-0.4286582, 0.6781014, 0.5970181), (-0.4929253, 0.53451407, 0.686527), (-0.4929253, 0.53451407, 0.686527), (-0.54438716, 0.35885012, 0.7582013), (-0.54438716, 0.35885012, 0.7582013), (-0.49781194, 0.52103037, 0.69333297), (-0.5466731, -0.34848452, 0.7613851), (-0.49598956, -0.52611494, 0.69079477), (-0.5013657, -0.5109146, 0.6982826), (-0.5466731, -0.34848452, 0.7613851), (-0.43283325, -0.6702594, 0.602833), (-0.5013657, -0.5109146, 0.6982826), (-0.49598956, -0.52611494, 0.69079477), (-0.43283325, -0.6702594, 0.602833), (-0.3909178, -0.7421262, -0.54445547), (-0.3909178, -0.7421262, -0.54445547), (-0.3909178, -0.7421262, -0.54445547), (-0.3909178, -0.7421262, -0.54445547), (-0.39549717, 0.7349597, -0.5508323), (-0.39549717, 0.7349597, -0.5508323), (-0.39549717, 0.7349597, -0.5508323), (-0.39549717, 0.7349597, -0.5508323), (0.83029807, -0.058354635, -0.5542561), (0.82060015, 0.004647472, -0.57148385), (0.82059956, 0.004568304, -0.5714854), (0.83025086, -0.058299016, -0.55433273), (-0.82033676, -0.0046006897, 0.57186216), (-0.8299497, 0.05851775, 0.55476046), (-0.83012915, 0.058734626, 0.55446905), (-0.82033724, -0.004669583, 0.5718609), (0.82060015, 0.004647472, -0.57148385), (0.83147156, 0.06603117, -0.5516292), (0.8314084, 0.0659676, -0.5517321), (0.82059956, 0.004568304, -0.5714854), (-0.8310103, -0.066307954, 0.5522908), (-0.82033676, -0.0046006897, 0.57186216), (-0.82033724, -0.004669583, 0.5718609), (-0.8312112, -0.06651619, 0.5519634), (-0.84201205, -0.077946484, 0.5337978), (-0.8310103, -0.066307954, 0.5522908), (-0.8312112, -0.06651619, 0.5519634), (-0.84201205, -0.077946484, 0.5337978), (0.83147156, 0.06603117, -0.5516292), (0.8423295, 0.07716616, -0.53341013), (0.8423295, 0.07716616, -0.53341013), (0.8314084, 0.0659676, -0.5517321), (-0.8299497, 0.05851775, 0.55476046), (-0.8405748, 0.071641766, 0.5369371), (-0.8405748, 0.071641766, 0.5369371), (-0.83012915, 0.058734626, 0.55446905), (0.84082836, -0.07100697, -0.5366244), (0.83029807, -0.058354635, -0.5542561), (0.83025086, -0.058299016, -0.55433273), (0.84082836, -0.07100697, -0.5366244), (-0.39091882, -0.74212545, -0.5444559), (-0.39091882, -0.74212545, -0.5444559), (-0.39091882, -0.74212545, -0.5444559), (-0.39091882, -0.74212545, -0.5444559), (-0.39549664, 0.7349613, -0.55083066), (-0.39549664, 0.7349613, -0.55083066), (-0.39549664, 0.7349613, -0.55083066), (-0.39549664, 0.7349613, -0.55083066), (0.8302979, -0.05835348, -0.5542564), (0.8206047, 0.0046460605, -0.57147723), (0.820604, 0.0045668907, -0.5714789), (0.8302507, -0.05829787, -0.55433303), (-0.8203363, -0.004600295, 0.57186306), (-0.8299487, 0.058519762, 0.5547618), (-0.8301281, 0.05873665, 0.55447036), (-0.82033664, -0.004669188, 0.57186174), (0.8206047, 0.0046460605, -0.57147723), (0.831477, 0.06603085, -0.55162126), (0.8314138, 0.06596729, -0.55172414), (0.820604, 0.0045668907, -0.5714789), (-0.83100814, -0.06630996, 0.5522938), (-0.8203363, -0.004600295, 0.57186306), (-0.82033664, -0.004669188, 0.57186174), (-0.831209, -0.06651823, 0.55196637), (-0.84200823, -0.07794973, 0.53380334), (-0.83100814, -0.06630996, 0.5522938), (-0.831209, -0.06651823, 0.55196637), (-0.84200823, -0.07794973, 0.53380334), (0.831477, 0.06603085, -0.55162126), (0.8423319, 0.07716673, -0.5334063), (0.8423319, 0.07716673, -0.5334063), (0.8314138, 0.06596729, -0.55172414), (-0.8299487, 0.058519762, 0.5547618), (-0.8405735, 0.071644224, 0.5369388), (-0.8405735, 0.071644224, 0.5369388), (-0.8301281, 0.05873665, 0.55447036), (0.84082764, -0.07100307, -0.5366259), (0.8302979, -0.05835348, -0.5542564), (0.8302507, -0.05829787, -0.55433303), (0.84082764, -0.07100307, -0.5366259), (-0.3909156, -0.7421304, -0.5444514), (-0.3909156, -0.7421304, -0.5444514), (-0.3909156, -0.7421304, -0.5444514), (-0.3909156, -0.7421304, -0.5444514), (-0.3954968, 0.7349588, -0.5508337), (-0.3954968, 0.7349588, -0.5508337), (-0.3954968, 0.7349588, -0.5508337), (-0.3954968, 0.7349588, -0.5508337), (0.8302989, -0.058351483, -0.55425525), (0.8206006, 0.0046481923, -0.57148314), (0.8206, 0.004569001, -0.57148474), (0.8302517, -0.058295947, -0.5543317), (-0.82034284, -0.004598843, 0.57185346), (-0.82995284, 0.058518592, 0.5547556), (-0.8301323, 0.05873549, 0.55446416), (-0.8203434, -0.004667625, 0.5718522), (0.8206006, 0.0046481923, -0.57148314), (0.8314724, 0.0660337, -0.55162776), (0.831409, 0.065969974, -0.551731), (0.8206, 0.004569001, -0.57148474), (-0.83101714, -0.06630183, 0.5522813), (-0.82034284, -0.004598843, 0.57185346), (-0.8203434, -0.004667625, 0.5718522), (-0.8312181, -0.06651018, 0.5519536), (-0.84201777, -0.0779372, 0.5337901), (-0.83101714, -0.06630183, 0.5522813), (-0.8312181, -0.06651018, 0.5519536), (-0.84201777, -0.0779372, 0.5337901), (0.8314724, 0.0660337, -0.55162776), (0.84233093, 0.07717187, -0.53340703), (0.84233093, 0.07717187, -0.53340703), (0.831409, 0.065969974, -0.551731), (-0.82995284, 0.058518592, 0.5547556), (-0.8405771, 0.07164238, 0.5369333), (-0.8405771, 0.07164238, 0.5369333), (-0.8301323, 0.05873549, 0.55446416), (0.84082884, -0.07100317, -0.5366241), (0.8302989, -0.058351483, -0.55425525), (0.8302517, -0.058295947, -0.5543317), (0.84082884, -0.07100317, -0.5366241), (-0.3909171, -0.74212825, -0.5444534), (-0.3909171, -0.74212825, -0.5444534), (-0.3909171, -0.74212825, -0.5444534), (-0.3909171, -0.74212825, -0.5444534), (-0.3954972, 0.734959, -0.5508333), (-0.3954972, 0.734959, -0.5508333), (-0.3954972, 0.734959, -0.5508333), (-0.3954972, 0.734959, -0.5508333), (0.8303022, -0.05834866, -0.55425054), (0.8206008, 0.004649555, -0.57148284), (0.8206001, 0.004570429, -0.5714845), (0.83025503, -0.05829322, -0.554327), (-0.8203426, -0.0045984485, 0.57185376), (-0.82995105, 0.058519516, 0.5547582), (-0.8301305, 0.058736447, 0.5544668), (-0.8203432, -0.0046672747, 0.5718525), (0.8206008, 0.004649555, -0.57148284), (0.8314677, 0.06603623, -0.55163455), (0.8314043, 0.065972485, -0.55173767), (0.8206001, 0.004570429, -0.5714845), (-0.831016, -0.06630152, 0.55228305), (-0.8203426, -0.0045984485, 0.57185376), (-0.8203432, -0.0046672747, 0.5718525), (-0.83121663, -0.066509485, 0.551956), (-0.8420151, -0.077936955, 0.5337943), (-0.831016, -0.06630152, 0.55228305), (-0.83121663, -0.066509485, 0.551956), (-0.8420151, -0.077936955, 0.5337943), (0.8314677, 0.06603623, -0.55163455), (0.8423217, 0.077176504, -0.533421), (0.8423217, 0.077176504, -0.533421), (0.8314043, 0.065972485, -0.55173767), (-0.82995105, 0.058519516, 0.5547582), (-0.8405741, 0.07164428, 0.5369379), (-0.8405741, 0.07164428, 0.5369379), (-0.8301305, 0.058736447, 0.5544668), (0.84083503, -0.07100004, -0.53661495), (0.8303022, -0.05834866, -0.55425054), (0.83025503, -0.05829322, -0.554327), (0.84083503, -0.07100004, -0.53661495), (-0.39091843, -0.74212587, -0.54445565), (-0.39091843, -0.74212587, -0.54445565), (-0.39091843, -0.74212587, -0.54445565), (-0.39091843, -0.74212587, -0.54445565), (-0.39549616, 0.73496133, -0.55083084), (-0.39549616, 0.73496133, -0.55083084), (-0.39549616, 0.73496133, -0.55083084), (-0.39549616, 0.73496133, -0.55083084), (0.83029914, -0.05835149, -0.55425495), (0.8205983, 0.0046470007, -0.57148653), (0.82059765, 0.004567753, -0.5714881), (0.83025193, -0.05829608, -0.55433136), (-0.82033926, -0.004598832, 0.5718586), (-0.8299513, 0.058518864, 0.5547579), (-0.83013064, 0.05873565, 0.55446655), (-0.8203398, -0.0046675624, 0.5718574), (0.8205983, 0.0046470007, -0.57148653), (0.83146995, 0.0660345, -0.5516314), (0.8314067, 0.065970935, -0.55173427), (0.82059765, 0.004567753, -0.5714881), (-0.83101183, -0.06630541, 0.5522888), (-0.82033926, -0.004598832, 0.5718586), (-0.8203398, -0.0046675624, 0.5718574), (-0.83121264, -0.06651365, 0.5519614), (-0.8420113, -0.07794445, 0.5337993), (-0.83101183, -0.06630541, 0.5522888), (-0.83121264, -0.06651365, 0.5519614), (-0.8420113, -0.07794445, 0.5337993), (0.83146995, 0.0660345, -0.5516314), (0.8423264, 0.07717354, -0.53341407), (0.8423264, 0.07717354, -0.53341407), (0.8314067, 0.065970935, -0.55173427), (-0.8299513, 0.058518864, 0.5547579), (-0.8405768, 0.071642995, 0.5369338), (-0.8405768, 0.071642995, 0.5369338), (-0.83013064, 0.05873565, 0.55446655), (0.8408337, -0.07100068, -0.53661674), (0.83029914, -0.05835149, -0.55425495), (0.83025193, -0.05829608, -0.55433136), (0.8408337, -0.07100068, -0.53661674), (0.3909176, -0.74212635, -0.5444555), (0.3909176, -0.74212635, -0.5444555), (0.3909176, -0.74212635, -0.5444555), (0.3909176, -0.74212635, -0.5444555), (0.39549658, 0.73495865, -0.55083424), (0.39549658, 0.73495865, -0.55083424), (0.39549658, 0.73495865, -0.55083424), (0.39549658, 0.73495865, -0.55083424), (-0.82059896, 0.0046478673, -0.57148564), (-0.83029693, -0.058357857, -0.55425745), (-0.8302496, -0.058302253, -0.55433416), (-0.82059824, 0.004568688, -0.5714872), (0.8299494, 0.05852193, 0.55476046), (0.8203358, -0.004598265, 0.5718636), (0.82033634, -0.004667162, 0.5718623), (0.83012885, 0.05873882, 0.5544689), (-0.8314702, 0.066033475, -0.551631), (-0.82059896, 0.0046478673, -0.57148564), (-0.82059824, 0.004568688, -0.5714872), (-0.831407, 0.06596993, -0.551734), (0.8203358, -0.004598265, 0.5718636), (0.83100986, -0.066307105, 0.5522916), (0.83121073, -0.066515364, 0.5519641), (0.82033634, -0.004667162, 0.5718623), (0.83100986, -0.066307105, 0.5522916), (0.8420118, -0.07794647, 0.5337983), (0.8420118, -0.07794647, 0.5337983), (0.83121073, -0.066515364, 0.5519641), (-0.84232837, 0.07716605, -0.533412), (-0.8314702, 0.066033475, -0.551631), (-0.831407, 0.06596993, -0.551734), (-0.84232837, 0.07716605, -0.533412), (0.8405754, 0.071646966, 0.53693557), (0.8299494, 0.05852193, 0.55476046), (0.83012885, 0.05873882, 0.5544689), (0.8405754, 0.071646966, 0.53693557), (-0.83029693, -0.058357857, -0.55425745), (-0.8408273, -0.07100945, -0.5366257), (-0.8408273, -0.07100945, -0.5366257), (-0.8302496, -0.058302253, -0.55433416), (0.39091843, -0.7421261, -0.54445535), (0.39091843, -0.7421261, -0.54445535), (0.39091843, -0.7421261, -0.54445535), (0.39091843, -0.7421261, -0.54445535), (0.3954938, 0.73496157, -0.5508323), (0.3954938, 0.73496157, -0.5508323), (0.3954938, 0.73496157, -0.5508323), (0.3954938, 0.73496157, -0.5508323), (-0.8206059, 0.0046481034, -0.5714757), (-0.83029914, -0.0583522, -0.55425483), (-0.83025175, -0.058296558, -0.5543315), (-0.82060516, 0.0045689386, -0.57147723), (0.82995, 0.058517303, 0.5547601), (0.82033765, -0.0045998883, 0.57186097), (0.8203381, -0.004668785, 0.5718598), (0.8301294, 0.058734134, 0.55446875), (-0.8314766, 0.06603064, -0.55162174), (-0.8206059, 0.0046481034, -0.5714757), (-0.82060516, 0.0045689386, -0.57147723), (-0.83141345, 0.06596707, -0.55172455), (0.82033765, -0.0045998883, 0.57186097), (0.8310092, -0.066308334, 0.55229247), (0.83121, -0.06651656, 0.551965), (0.8203381, -0.004668785, 0.5718598), (0.8310092, -0.066308334, 0.55229247), (0.84200907, -0.077947184, 0.53380257), (0.84200907, -0.077947184, 0.53380257), (0.83121, -0.06651656, 0.551965), (-0.8423301, 0.077166215, -0.5334092), (-0.8314766, 0.06603064, -0.55162174), (-0.83141345, 0.06596707, -0.55172455), (-0.8423301, 0.077166215, -0.5334092), (0.8405747, 0.07163919, 0.53693765), (0.82995, 0.058517303, 0.5547601), (0.8301294, 0.058734134, 0.55446875), (0.8405747, 0.07163919, 0.53693765), (-0.83029914, -0.0583522, -0.55425483), (-0.8408288, -0.07100445, -0.536624), (-0.8408288, -0.07100445, -0.536624), (-0.83025175, -0.058296558, -0.5543315), (0.39091602, -0.74212986, -0.544452), (0.39091602, -0.74212986, -0.544452), (0.39091602, -0.74212986, -0.544452), (0.39091602, -0.74212986, -0.544452), (0.39549538, 0.734959, -0.5508345), (0.39549538, 0.734959, -0.5508345), (0.39549538, 0.734959, -0.5508345), (0.39549538, 0.734959, -0.5508345), (-0.8206022, 0.0046488694, -0.57148093), (-0.83029974, -0.058353074, -0.55425376), (-0.8302525, -0.05829755, -0.55433035), (-0.8206015, 0.0045696767, -0.5714825), (0.82995284, 0.058520157, 0.55475557), (0.82034236, -0.004599629, 0.5718542), (0.82034284, -0.00466844, 0.5718529), (0.83013225, 0.05873714, 0.5544641), (-0.8314709, 0.06603248, -0.5516302), (-0.8206022, 0.0046488694, -0.57148093), (-0.8206015, 0.0045696767, -0.5714825), (-0.83140755, 0.06596877, -0.5517333), (0.82034236, -0.004599629, 0.5718542), (0.8310171, -0.06630101, 0.5522813), (0.8312181, -0.06650939, 0.5519537), (0.82034284, -0.00466844, 0.5718529), (0.8310171, -0.06630101, 0.5522813), (0.84201807, -0.07793723, 0.53378963), (0.84201807, -0.07793723, 0.53378963), (0.8312181, -0.06650939, 0.5519537), (-0.8423282, 0.07716865, -0.5334119), (-0.8314709, 0.06603248, -0.5516302), (-0.83140755, 0.06596877, -0.5517333), (-0.8423282, 0.07716865, -0.5334119), (0.84057736, 0.07164883, 0.5369322), (0.82995284, 0.058520157, 0.55475557), (0.83013225, 0.05873714, 0.5544641), (0.84057736, 0.07164883, 0.5369322), (-0.83029974, -0.058353074, -0.55425376), (-0.8408275, -0.0710069, -0.5366258), (-0.8408275, -0.0710069, -0.5366258), (-0.8302525, -0.05829755, -0.55433035), (0.39091763, -0.74212736, -0.5444542), (0.39091763, -0.74212736, -0.5444542), (0.39091763, -0.74212736, -0.5444542), (0.39091763, -0.74212736, -0.5444542), (0.39549816, 0.73495734, -0.55083466), (0.39549816, 0.73495734, -0.55083466), (0.39549816, 0.73495734, -0.55083466), (0.39549816, 0.73495734, -0.55083466), (-0.8205987, 0.0046490966, -0.57148594), (-0.8302989, -0.058349967, -0.5542553), (-0.83025175, -0.058294516, -0.55433184), (-0.82059807, 0.004569975, -0.57148755), (0.82995063, 0.058517743, 0.5547591), (0.8203401, -0.004598333, 0.5718575), (0.82034063, -0.0046671117, 0.57185626), (0.83013004, 0.058734614, 0.5544677), (-0.83146757, 0.06603577, -0.55163467), (-0.8205987, 0.0046490966, -0.57148594), (-0.82059807, 0.004569975, -0.57148755), (-0.83140427, 0.06597204, -0.5517379), (0.8203401, -0.004598333, 0.5718575), (0.83101344, -0.06630246, 0.55228674), (0.83121455, -0.06651082, 0.551959), (0.82034063, -0.0046671117, 0.57185626), (0.83101344, -0.06630246, 0.55228674), (0.842015, -0.077937916, 0.53379434), (0.842015, -0.077937916, 0.53379434), (0.83121455, -0.06651082, 0.551959), (-0.8423218, 0.07717521, -0.5334211), (-0.83146757, 0.06603577, -0.55163467), (-0.83140427, 0.06597204, -0.5517379), (-0.8423218, 0.07717521, -0.5334211), (0.84057385, 0.07163911, 0.536939), (0.82995063, 0.058517743, 0.5547591), (0.83013004, 0.058734614, 0.5544677), (0.84057385, 0.07163911, 0.536939), (-0.8302989, -0.058349967, -0.5542553), (-0.8408325, -0.07100133, -0.5366186), (-0.8408325, -0.07100133, -0.5366186), (-0.83025175, -0.058294516, -0.55433184), (0.3909194, -0.7421248, -0.54445636), (0.3909194, -0.7421248, -0.54445636), (0.3909194, -0.7421248, -0.54445636), (0.3909194, -0.7421248, -0.54445636), (0.39549574, 0.73495984, -0.55083305), (0.39549574, 0.73495984, -0.55083305), (0.39549574, 0.73495984, -0.55083305), (0.39549574, 0.73495984, -0.55083305), (-0.82060003, 0.0046476023, -0.57148397), (-0.830298, -0.05835551, -0.554256), (-0.8302509, -0.05830011, -0.5543325), (-0.8205994, 0.004568347, -0.5714856), (0.82995194, 0.058518615, 0.55475706), (0.82033926, -0.0045990194, 0.5718586), (0.82033974, -0.0046677515, 0.57185733), (0.83013123, 0.058735415, 0.5544658), (-0.83147085, 0.06603664, -0.5516298), (-0.82060003, 0.0046476023, -0.57148397), (-0.8205994, 0.004568347, -0.5714856), (-0.8314076, 0.06597308, -0.55173266), (0.82033926, -0.0045990194, 0.5718586), (0.8310116, -0.066304654, 0.5522891), (0.8312125, -0.066512905, 0.55196184), (0.82033974, -0.0046677515, 0.57185733), (0.8310116, -0.066304654, 0.5522891), (0.842011, -0.07794377, 0.53379977), (0.842011, -0.07794377, 0.53379977), (0.8312125, -0.066512905, 0.55196184), (-0.8423263, 0.07717418, -0.533414), (-0.83147085, 0.06603664, -0.5516298), (-0.8314076, 0.06597308, -0.55173266), (-0.8423263, 0.07717418, -0.533414), (0.84057766, 0.07164371, 0.53693235), (0.82995194, 0.058518615, 0.55475706), (0.83013123, 0.058735415, 0.5544658), (0.84057766, 0.07164371, 0.53693235), (-0.830298, -0.05835551, -0.554256), (-0.84083045, -0.07100628, -0.53662115), (-0.84083045, -0.07100628, -0.53662115), (-0.8302509, -0.05830011, -0.5543325), (0.49781245, 0.5210297, 0.6933331), (0.4929258, 0.5345137, 0.686527), (0.4286583, 0.67810225, 0.597017), (0.4286583, 0.67810225, 0.597017), (0.4929258, 0.5345137, 0.686527), (0.49781245, 0.5210297, 0.6933331), (0.5443877, 0.35884792, 0.758202), (0.5443877, 0.35884792, 0.758202), (0.5466727, -0.34848502, 0.761385), (0.5466727, -0.34848502, 0.761385), (0.5013658, -0.51091343, 0.69828343), (0.49598965, -0.52611345, 0.69079584), (0.43283415, -0.67025673, 0.60283536), (0.43283415, -0.67025673, 0.60283536), (0.49598965, -0.52611345, 0.69079584), (0.5013658, -0.51091343, 0.69828343), (0.4978118, 0.5210302, 0.6933332), (0.49292505, 0.5345142, 0.6865271), (0.42865822, 0.67810166, 0.5970177), (0.42865822, 0.67810166, 0.5970177), (0.49292505, 0.5345142, 0.6865271), (0.4978118, 0.5210302, 0.6933332), (0.5443866, 0.35884956, 0.7582019), (0.5443866, 0.35884956, 0.7582019), (0.5466715, -0.34848717, 0.76138496), (0.5466715, -0.34848717, 0.76138496), (0.50136495, -0.5109146, 0.6982832), (0.49598876, -0.5261147, 0.69079554), (0.43283385, -0.670257, 0.60283524), (0.43283385, -0.670257, 0.60283524), (0.49598876, -0.5261147, 0.69079554), (0.50136495, -0.5109146, 0.6982832), (0.4978118, 0.52103114, 0.6933325), (0.49292502, 0.5345151, 0.6865264), (0.42865768, 0.6781021, 0.5970179), (0.42865768, 0.6781021, 0.5970179), (0.49292502, 0.5345151, 0.6865264), (0.4978118, 0.52103114, 0.6933325), (0.5443873, 0.35885143, 0.7582005), (0.5443873, 0.35885143, 0.7582005), (0.546673, -0.3484871, 0.7613839), (0.546673, -0.3484871, 0.7613839), (0.5013663, -0.51091444, 0.69828236), (0.49599013, -0.5261147, 0.6907946), (0.43283507, -0.6702569, 0.6028345), (0.43283507, -0.6702569, 0.6028345), (0.49599013, -0.5261147, 0.6907946), (0.5013663, -0.51091444, 0.69828236), (0.4978116, 0.5210311, 0.69333273), (0.49292484, 0.5345151, 0.6865266), (0.42865726, 0.67810315, 0.5970169), (0.42865726, 0.67810315, 0.5970169), (0.49292484, 0.5345151, 0.6865266), (0.4978116, 0.5210311, 0.69333273), (0.54438704, 0.35884997, 0.7582015), (0.54438704, 0.35884997, 0.7582015), (0.54667264, -0.34848785, 0.7613838), (0.54667264, -0.34848785, 0.7613838), (0.50136614, -0.51091486, 0.69828224), (0.49598995, -0.5261151, 0.69079447), (0.43283507, -0.6702569, 0.6028345), (0.43283507, -0.6702569, 0.6028345), (0.49598995, -0.5261151, 0.69079447), (0.50136614, -0.51091486, 0.69828224), (0.49781227, 0.5210303, 0.6933328), (0.4929256, 0.53451407, 0.6865268), (0.4286585, 0.6781017, 0.5970175), (0.4286585, 0.6781017, 0.5970175), (0.4929256, 0.53451407, 0.6865268), (0.49781227, 0.5210303, 0.6933328), (0.5443874, 0.3588497, 0.7582013), (0.5443874, 0.3588497, 0.7582013), (0.54667324, -0.34848505, 0.7613846), (0.54667324, -0.34848505, 0.7613846), (0.50136584, -0.5109144, 0.6982827), (0.49598962, -0.5261146, 0.6907949), (0.4328335, -0.67025846, 0.60283387), (0.4328335, -0.67025846, 0.60283387), (0.49598962, -0.5261146, 0.6907949), (0.50136584, -0.5109144, 0.6982827), (-0.4978123, 0.52103007, 0.6933329), (-0.428658, 0.67810273, 0.5970169), (-0.428658, 0.67810273, 0.5970169), (-0.4929256, 0.53451407, 0.6865268), (-0.4929256, 0.53451407, 0.6865268), (-0.5443877, 0.35884815, 0.75820184), (-0.5443877, 0.35884815, 0.75820184), (-0.4978123, 0.52103007, 0.6933329), (-0.5466725, -0.34848553, 0.76138484), (-0.49598953, -0.5261136, 0.6907958), (-0.50136566, -0.5109137, 0.6982833), (-0.5466725, -0.34848553, 0.76138484), (-0.4328341, -0.6702568, 0.60283536), (-0.50136566, -0.5109137, 0.6982833), (-0.49598953, -0.5261136, 0.6907958), (-0.4328341, -0.6702568, 0.60283536), (-0.49781197, 0.5210304, 0.6933329), (-0.42865804, 0.6781009, 0.5970188), (-0.42865804, 0.6781009, 0.5970188), (-0.49292526, 0.5345143, 0.68652683), (-0.49292526, 0.5345143, 0.68652683), (-0.5443875, 0.358851, 0.75820065), (-0.5443875, 0.358851, 0.75820065), (-0.49781197, 0.5210304, 0.6933329), (-0.5466713, -0.3484889, 0.7613843), (-0.49598873, -0.52611524, 0.6907951), (-0.5013649, -0.51091516, 0.69828284), (-0.5466713, -0.3484889, 0.7613843), (-0.4328343, -0.67025656, 0.60283554), (-0.5013649, -0.51091516, 0.69828284), (-0.49598873, -0.52611524, 0.6907951), (-0.4328343, -0.67025656, 0.60283554), (-0.49781168, 0.5210315, 0.6933323), (-0.42865768, 0.67810243, 0.5970174), (-0.42865768, 0.67810243, 0.5970174), (-0.4929249, 0.5345155, 0.68652624), (-0.4929249, 0.5345155, 0.68652624), (-0.54438704, 0.35885173, 0.75820065), (-0.54438704, 0.35885173, 0.75820065), (-0.49781168, 0.5210315, 0.6933323), (-0.5466732, -0.34848785, 0.7613834), (-0.49599028, -0.52611476, 0.69079447), (-0.5013665, -0.5109146, 0.6982822), (-0.5466732, -0.34848785, 0.7613834), (-0.43283528, -0.6702565, 0.6028349), (-0.5013665, -0.5109146, 0.6982822), (-0.49599028, -0.52611476, 0.69079447), (-0.43283528, -0.6702565, 0.6028349), (-0.49781197, 0.5210304, 0.69333297), (-0.42865703, 0.67810255, 0.5970175), (-0.42865703, 0.67810255, 0.5970175), (-0.49292517, 0.53451437, 0.6865269), (-0.49292517, 0.53451437, 0.6865269), (-0.5443879, 0.3588491, 0.75820124), (-0.5443879, 0.3588491, 0.75820124), (-0.49781197, 0.5210304, 0.69333297), (-0.5466725, -0.3484881, 0.7613837), (-0.49598995, -0.52611476, 0.69079465), (-0.50136614, -0.51091456, 0.6982823), (-0.5466725, -0.3484881, 0.7613837), (-0.4328354, -0.6702563, 0.60283506), (-0.50136614, -0.51091456, 0.6982823), (-0.49598995, -0.52611476, 0.69079465), (-0.4328354, -0.6702563, 0.60283506), (-0.497812, 0.5210304, 0.6933329), (-0.4286582, 0.6781014, 0.5970181), (-0.4286582, 0.6781014, 0.5970181), (-0.49292538, 0.5345141, 0.68652695), (-0.49292538, 0.5345141, 0.68652695), (-0.5443873, 0.3588502, 0.75820106), (-0.5443873, 0.3588502, 0.75820106), (-0.497812, 0.5210304, 0.6933329), (-0.54667336, -0.3484847, 0.7613846), (-0.4959895, -0.52611506, 0.69079465), (-0.5013657, -0.51091486, 0.6982825), (-0.54667336, -0.3484847, 0.7613846), (-0.43283293, -0.67025954, 0.6028332), (-0.5013657, -0.51091486, 0.6982825), (-0.4959895, -0.52611506, 0.69079465), (-0.43283293, -0.67025954, 0.6028332), (-0.3909178, -0.7421262, -0.54445547), (-0.3909178, -0.7421262, -0.54445547), (-0.3909178, -0.7421262, -0.54445547), (-0.3909178, -0.7421262, -0.54445547), (-0.39549717, 0.7349597, -0.5508323), (-0.39549717, 0.7349597, -0.5508323), (-0.39549717, 0.7349597, -0.5508323), (-0.39549717, 0.7349597, -0.5508323), (0.8302989, -0.058352996, -0.55425507), (0.8206002, 0.004647459, -0.57148385), (0.82059956, 0.004568294, -0.5714854), (0.83025163, -0.05829738, -0.5543317), (-0.8203365, -0.0046022916, 0.57186246), (-0.82995015, 0.058518257, 0.55475974), (-0.83012956, 0.05873516, 0.5544683), (-0.8203371, -0.004671189, 0.5718612), (0.8206002, 0.004647459, -0.57148385), (0.8314713, 0.06603074, -0.5516296), (0.83140814, 0.065967165, -0.5517325), (0.82059956, 0.004568294, -0.5714854), (-0.8310101, -0.06630876, 0.55229104), (-0.8203365, -0.0046022916, 0.57186246), (-0.8203371, -0.004671189, 0.5718612), (-0.831211, -0.06651697, 0.55196357), (-0.84201205, -0.077946484, 0.5337978), (-0.8310101, -0.06630876, 0.55229104), (-0.831211, -0.06651697, 0.55196357), (-0.84201205, -0.077946484, 0.5337978), (0.8314713, 0.06603074, -0.5516296), (0.8423293, 0.07716614, -0.53341067), (0.8423293, 0.07716614, -0.53341067), (0.83140814, 0.065967165, -0.5517325), (-0.82995015, 0.058518257, 0.55475974), (-0.8405756, 0.0716444, 0.5369356), (-0.8405756, 0.0716444, 0.5369356), (-0.83012956, 0.05873516, 0.5544683), (0.8408297, -0.071004525, -0.5366227), (0.8302989, -0.058352996, -0.55425507), (0.83025163, -0.05829738, -0.5543317), (0.8408297, -0.071004525, -0.5366227), (-0.3909188, -0.7421255, -0.54445595), (-0.3909188, -0.7421255, -0.54445595), (-0.3909188, -0.7421255, -0.54445595), (-0.3909188, -0.7421255, -0.54445595), (-0.39549664, 0.7349613, -0.55083066), (-0.39549664, 0.7349613, -0.55083066), (-0.39549664, 0.7349613, -0.55083066), (-0.39549664, 0.7349613, -0.55083066), (0.83029836, -0.05835424, -0.5542557), (0.8206042, 0.0046472936, -0.571478), (0.82060355, 0.0045681256, -0.5714796), (0.830251, -0.05829861, -0.55433244), (-0.8203362, -0.0046023186, 0.57186306), (-0.8299492, 0.058517307, 0.5547613), (-0.83012867, 0.0587342, 0.5544698), (-0.8203367, -0.0046712123, 0.57186174), (0.8206042, 0.0046472936, -0.571478), (0.8314755, 0.066032514, -0.5516232), (0.8314123, 0.065968946, -0.5517261), (0.82060355, 0.0045681256, -0.5714796), (-0.83100766, -0.066310726, 0.55229443), (-0.8203362, -0.0046023186, 0.57186306), (-0.8203367, -0.0046712123, 0.57186174), (-0.83120847, -0.066518985, 0.5519671), (-0.84200734, -0.07794965, 0.5338048), (-0.83100766, -0.066310726, 0.55229443), (-0.83120847, -0.066518985, 0.5519671), (-0.84200734, -0.07794965, 0.5338048), (0.8314755, 0.066032514, -0.5516232), (0.8423293, 0.07717006, -0.53341), (0.8423293, 0.07717006, -0.53341), (0.8314123, 0.065968946, -0.5517261), (-0.8299492, 0.058517307, 0.5547613), (-0.8405745, 0.07164174, 0.53693753), (-0.8405745, 0.07164174, 0.53693753), (-0.83012867, 0.0587342, 0.5544698), (0.84082896, -0.07100702, -0.5366235), (0.83029836, -0.05835424, -0.5542557), (0.830251, -0.05829861, -0.55433244), (0.84082896, -0.07100702, -0.5366235), (-0.3909156, -0.7421304, -0.5444514), (-0.3909156, -0.7421304, -0.5444514), (-0.3909156, -0.7421304, -0.5444514), (-0.3909156, -0.7421304, -0.5444514), (-0.3954968, 0.7349588, -0.5508337), (-0.3954968, 0.7349588, -0.5508337), (-0.3954968, 0.7349588, -0.5508337), (-0.3954968, 0.7349588, -0.5508337), (0.8302988, -0.058351487, -0.5542554), (0.82060033, 0.0046482077, -0.57148355), (0.8205997, 0.0045690164, -0.5714851), (0.8302516, -0.05829595, -0.5543319), (-0.82034284, -0.0045988075, 0.57185346), (-0.82995373, 0.05851697, 0.5547546), (-0.8301331, 0.058733843, 0.55446315), (-0.8203434, -0.0046675904, 0.5718522), (0.82060033, 0.0046482077, -0.57148355), (0.83147085, 0.06603404, -0.55163014), (0.8314074, 0.06597031, -0.55173326), (0.8205997, 0.0045690164, -0.5714851), (-0.8310168, -0.06630205, 0.5522816), (-0.82034284, -0.0045988075, 0.57185346), (-0.8203434, -0.0046675904, 0.5718522), (-0.8312179, -0.066510424, 0.551954), (-0.8420177, -0.07793851, 0.53379005), (-0.8310168, -0.06630205, 0.5522816), (-0.8312179, -0.066510424, 0.551954), (-0.8420177, -0.07793851, 0.53379005), (0.83147085, 0.06603404, -0.55163014), (0.8423279, 0.07717255, -0.53341174), (0.8423279, 0.07717255, -0.53341174), (0.8314074, 0.06597031, -0.55173326), (-0.82995373, 0.05851697, 0.5547546), (-0.84057826, 0.0716399, 0.5369321), (-0.84057826, 0.0716399, 0.5369321), (-0.8301331, 0.058733843, 0.55446315), (0.8408291, -0.07100319, -0.5366236), (0.8302988, -0.058351487, -0.5542554), (0.8302516, -0.05829595, -0.5543319), (0.8408291, -0.07100319, -0.5366236), (-0.3909176, -0.7421294, -0.5444514), (-0.3909176, -0.7421294, -0.5444514), (-0.3909176, -0.7421294, -0.5444514), (-0.3909176, -0.7421294, -0.5444514), (-0.3954972, 0.734959, -0.5508333), (-0.3954972, 0.734959, -0.5508333), (-0.3954972, 0.734959, -0.5508333), (-0.3954972, 0.734959, -0.5508333), (0.830302, -0.05834865, -0.5542509), (0.82060033, 0.0046495744, -0.57148355), (0.82059973, 0.0045704427, -0.5714851), (0.8302548, -0.05829321, -0.55432737), (-0.8203426, -0.004598436, 0.57185376), (-0.829951, 0.058519512, 0.5547582), (-0.83013046, 0.05873643, 0.55446684), (-0.8203432, -0.004667263, 0.5718525), (0.82060033, 0.0046495744, -0.57148355), (0.83146757, 0.066036224, -0.55163467), (0.83140427, 0.06597248, -0.55173784), (0.82059973, 0.0045704427, -0.5714851), (-0.8310154, -0.06630146, 0.5522838), (-0.8203426, -0.004598436, 0.57185376), (-0.8203432, -0.004667263, 0.5718525), (-0.8312161, -0.06650943, 0.55195683), (-0.84201425, -0.07793688, 0.5337957), (-0.8310154, -0.06630146, 0.5522838), (-0.8312161, -0.06650943, 0.55195683), (-0.84201425, -0.07793688, 0.5337957), (0.83146757, 0.066036224, -0.55163467), (0.8423217, 0.077176504, -0.533421), (0.8423217, 0.077176504, -0.533421), (0.83140427, 0.06597248, -0.55173784), (-0.829951, 0.058519512, 0.5547582), (-0.8405738, 0.071644254, 0.53693837), (-0.8405738, 0.071644254, 0.53693837), (-0.83013046, 0.05873643, 0.55446684), (0.8408353, -0.07100006, -0.5366145), (0.830302, -0.05834865, -0.5542509), (0.8302548, -0.05829321, -0.55432737), (0.8408353, -0.07100006, -0.5366145), (-0.3909186, -0.7421258, -0.54445565), (-0.3909186, -0.7421258, -0.54445565), (-0.3909186, -0.7421258, -0.54445565), (-0.3909186, -0.7421258, -0.54445565), (-0.39549616, 0.73496133, -0.55083084), (-0.39549616, 0.73496133, -0.55083084), (-0.39549616, 0.73496133, -0.55083084), (-0.39549616, 0.73496133, -0.55083084), (0.8302987, -0.05835161, -0.5542555), (0.8205983, 0.004646908, -0.5714865), (0.82059765, 0.0045676637, -0.571488), (0.8302516, -0.0582962, -0.55433196), (-0.82033926, -0.004598798, 0.5718586), (-0.82995164, 0.05851888, 0.5547575), (-0.83013093, 0.058735665, 0.55446607), (-0.8203398, -0.0046675303, 0.57185733), (0.8205983, 0.004646908, -0.5714865), (0.83146995, 0.06603455, -0.5516312), (0.83140683, 0.065970995, -0.55173415), (0.82059765, 0.0045676637, -0.571488), (-0.83101165, -0.0663054, 0.55228925), (-0.82033926, -0.004598798, 0.5718586), (-0.8203398, -0.0046675303, 0.57185733), (-0.8312124, -0.066513635, 0.5519618), (-0.8420113, -0.07794445, 0.5337993), (-0.83101165, -0.0663054, 0.55228925), (-0.8312124, -0.066513635, 0.5519618), (-0.8420113, -0.07794445, 0.5337993), (0.83146995, 0.06603455, -0.5516312), (0.8423264, 0.07717354, -0.53341407), (0.8423264, 0.07717354, -0.53341407), (0.83140683, 0.065970995, -0.55173415), (-0.82995164, 0.05851888, 0.5547575), (-0.8405768, 0.071642995, 0.5369338), (-0.8405768, 0.071642995, 0.5369338), (-0.83013093, 0.058735665, 0.55446607), (0.8408332, -0.071000636, -0.5366177), (0.8302987, -0.05835161, -0.5542555), (0.8302516, -0.0582962, -0.55433196), (0.8408332, -0.071000636, -0.5366177), (0.3909178, -0.7421262, -0.54445547), (0.3909178, -0.7421262, -0.54445547), (0.3909178, -0.7421262, -0.54445547), (0.3909178, -0.7421262, -0.54445547), (0.39549774, 0.73496085, -0.5508303), (0.39549774, 0.73496085, -0.5508303), (0.39549774, 0.73496085, -0.5508303), (0.39549774, 0.73496085, -0.5508303), (-0.820599, 0.0046478407, -0.57148546), (-0.83029705, -0.05835786, -0.5542573), (-0.83024985, -0.058302257, -0.5543339), (-0.8205984, 0.004568661, -0.57148707), (0.8299494, 0.05852193, 0.55476046), (0.8203358, -0.004598265, 0.5718636), (0.82033634, -0.004667162, 0.5718623), (0.83012885, 0.05873882, 0.5544689), (-0.8314702, 0.066033475, -0.5516311), (-0.820599, 0.0046478407, -0.57148546), (-0.8205984, 0.004568661, -0.57148707), (-0.83140695, 0.06596993, -0.55173403), (0.8203358, -0.004598265, 0.5718636), (0.8310097, -0.06630709, 0.55229187), (0.8312106, -0.06651535, 0.55196434), (0.82033634, -0.004667162, 0.5718623), (0.8310097, -0.06630709, 0.55229187), (0.84201145, -0.07794643, 0.5337987), (0.84201145, -0.07794643, 0.5337987), (0.8312106, -0.06651535, 0.55196434), (-0.84232867, 0.07716608, -0.53341156), (-0.8314702, 0.066033475, -0.5516311), (-0.83140695, 0.06596993, -0.55173403), (-0.84232867, 0.07716608, -0.53341156), (0.8405754, 0.071646966, 0.53693557), (0.8299494, 0.05852193, 0.55476046), (0.83012885, 0.05873882, 0.5544689), (0.8405754, 0.071646966, 0.53693557), (-0.83029705, -0.05835786, -0.5542573), (-0.840827, -0.07100942, -0.5366261), (-0.840827, -0.07100942, -0.5366261), (-0.83024985, -0.058302257, -0.5543339), (0.39091843, -0.7421261, -0.54445535), (0.39091843, -0.7421261, -0.54445535), (0.39091843, -0.7421261, -0.54445535), (0.39091843, -0.7421261, -0.54445535), (0.39549434, 0.7349626, -0.5508303), (0.39549434, 0.7349626, -0.5508303), (0.39549434, 0.7349626, -0.5508303), (0.39549434, 0.7349626, -0.5508303), (-0.82060575, 0.004648086, -0.5714758), (-0.8302993, -0.058352213, -0.5542545), (-0.83025205, -0.058296572, -0.5543311), (-0.8206051, 0.0045689195, -0.57147735), (0.8299498, 0.0585173, 0.5547604), (0.82033736, -0.0045998935, 0.5718614), (0.8203379, -0.0046687913, 0.5718601), (0.83012915, 0.058734126, 0.554469), (-0.83147645, 0.06603062, -0.551622), (-0.82060575, 0.004648086, -0.5714758), (-0.8206051, 0.0045689195, -0.57147735), (-0.83141327, 0.06596705, -0.55172485), (0.82033736, -0.0045998935, 0.5718614), (0.8310091, -0.06630833, 0.5522925), (0.83120996, -0.06651656, 0.5519652), (0.8203379, -0.0046687913, 0.5718601), (0.8310091, -0.06630833, 0.5522925), (0.84200907, -0.077947184, 0.53380257), (0.84200907, -0.077947184, 0.53380257), (0.83120996, -0.06651656, 0.5519652), (-0.8423301, 0.077166215, -0.5334092), (-0.83147645, 0.06603062, -0.551622), (-0.83141327, 0.06596705, -0.55172485), (-0.8423301, 0.077166215, -0.5334092), (0.8405747, 0.07163919, 0.53693765), (0.8299498, 0.0585173, 0.5547604), (0.83012915, 0.058734126, 0.554469), (0.8405747, 0.07163919, 0.53693765), (-0.8302993, -0.058352213, -0.5542545), (-0.8408291, -0.07100447, -0.5366236), (-0.8408291, -0.07100447, -0.5366236), (-0.83025205, -0.058296572, -0.5543311), (0.39091602, -0.74212986, -0.544452), (0.39091602, -0.74212986, -0.544452), (0.39091602, -0.74212986, -0.544452), (0.39091602, -0.74212986, -0.544452), (0.3954966, 0.7349613, -0.55083066), (0.3954966, 0.7349613, -0.55083066), (0.3954966, 0.7349613, -0.55083066), (0.3954966, 0.7349613, -0.55083066), (-0.82060236, 0.004648862, -0.57148075), (-0.8302997, -0.05835307, -0.5542538), (-0.8302525, -0.05829754, -0.5543304), (-0.8206016, 0.004569669, -0.5714823), (0.8299528, 0.05852016, 0.5547556), (0.82034224, -0.0045996415, 0.5718545), (0.82034266, -0.0046684537, 0.57185316), (0.8301322, 0.05873714, 0.5544641), (-0.8314711, 0.06603249, -0.5516299), (-0.82060236, 0.004648862, -0.57148075), (-0.8206016, 0.004569669, -0.5714823), (-0.83140767, 0.065968774, -0.5517331), (0.82034224, -0.0045996415, 0.5718545), (0.8310171, -0.06630101, 0.5522813), (0.8312181, -0.06650939, 0.5519537), (0.82034266, -0.0046684537, 0.57185316), (0.8310171, -0.06630101, 0.5522813), (0.84201807, -0.07793723, 0.53378963), (0.84201807, -0.07793723, 0.53378963), (0.8312181, -0.06650939, 0.5519537), (-0.8423284, 0.07716867, -0.5334114), (-0.8314711, 0.06603249, -0.5516299), (-0.83140767, 0.065968774, -0.5517331), (-0.8423284, 0.07716867, -0.5334114), (0.84057766, 0.07164885, 0.5369317), (0.8299528, 0.05852016, 0.5547556), (0.8301322, 0.05873714, 0.5544641), (0.84057766, 0.07164885, 0.5369317), (-0.8302997, -0.05835307, -0.5542538), (-0.84082717, -0.07100687, -0.5366262), (-0.84082717, -0.07100687, -0.5366262), (-0.8302525, -0.05829754, -0.5543304), (0.39091763, -0.74212736, -0.5444542), (0.39091763, -0.74212736, -0.5444542), (0.39091763, -0.74212736, -0.5444542), (0.39091763, -0.74212736, -0.5444542), (0.3954976, 0.73495626, -0.55083656), (0.3954976, 0.73495626, -0.55083656), (0.3954976, 0.73495626, -0.55083656), (0.3954976, 0.73495626, -0.55083656), (-0.8205988, 0.004649089, -0.5714858), (-0.83029914, -0.058349993, -0.554255), (-0.83025205, -0.05829453, -0.5543315), (-0.82059807, 0.004569967, -0.5714874), (0.8299508, 0.058517754, 0.55475885), (0.8203401, -0.004598333, 0.5718575), (0.82034063, -0.0046671117, 0.57185626), (0.8301302, 0.05873463, 0.5544675), (-0.8314678, 0.06603579, -0.5516345), (-0.8205988, 0.004649089, -0.5714858), (-0.82059807, 0.004569967, -0.5714874), (-0.8314044, 0.065972045, -0.55173767), (0.8203401, -0.004598333, 0.5718575), (0.83101344, -0.06630246, 0.55228674), (0.83121455, -0.06651082, 0.551959), (0.82034063, -0.0046671117, 0.57185626), (0.83101344, -0.06630246, 0.55228674), (0.842015, -0.077937916, 0.53379434), (0.842015, -0.077937916, 0.53379434), (0.83121455, -0.06651082, 0.551959), (-0.84232205, 0.07717523, -0.53342056), (-0.8314678, 0.06603579, -0.5516345), (-0.8314044, 0.065972045, -0.55173767), (-0.84232205, 0.07717523, -0.53342056), (0.8405741, 0.071639135, 0.53693855), (0.8299508, 0.058517754, 0.55475885), (0.8301302, 0.05873463, 0.5544675), (0.8405741, 0.071639135, 0.53693855), (-0.83029914, -0.058349993, -0.554255), (-0.84083277, -0.07100136, -0.5366181), (-0.84083277, -0.07100136, -0.5366181), (-0.83025205, -0.05829453, -0.5543315), (0.3909192, -0.74212486, -0.5444564), (0.3909192, -0.74212486, -0.5444564), (0.3909192, -0.74212486, -0.5444564), (0.3909192, -0.74212486, -0.5444564), (0.39549693, 0.7349621, -0.5508292), (0.39549693, 0.7349621, -0.5508292), (0.39549693, 0.7349621, -0.5508292), (0.39549693, 0.7349621, -0.5508292), (-0.82060015, 0.0046475977, -0.5714838), (-0.8302979, -0.058355503, -0.55425614), (-0.83025086, -0.058300108, -0.55433255), (-0.8205995, 0.004568343, -0.5714854), (0.8299518, 0.058518622, 0.5547571), (0.820339, -0.004599023, 0.571859), (0.8203395, -0.004667755, 0.5718577), (0.83013123, 0.05873542, 0.5544658), (-0.831471, 0.06603666, -0.55162954), (-0.82060015, 0.0046475977, -0.5714838), (-0.8205995, 0.004568343, -0.5714854), (-0.8314078, 0.0659731, -0.5517324), (0.820339, -0.004599023, 0.571859), (0.8310116, -0.066304654, 0.55228937), (0.8312124, -0.0665129, 0.5519619), (0.8203395, -0.004667755, 0.5718577), (0.8310116, -0.066304654, 0.55228937), (0.842011, -0.07794377, 0.53379977), (0.842011, -0.07794377, 0.53379977), (0.8312124, -0.0665129, 0.5519619), (-0.8423266, 0.07717421, -0.5334135), (-0.831471, 0.06603666, -0.55162954), (-0.8314078, 0.0659731, -0.5517324), (-0.8423266, 0.07717421, -0.5334135), (0.84057796, 0.07164373, 0.5369319), (0.8299518, 0.058518622, 0.5547571), (0.83013123, 0.05873542, 0.5544658), (0.84057796, 0.07164373, 0.5369319), (-0.8302979, -0.058355503, -0.55425614), (-0.8408302, -0.07100627, -0.53662163), (-0.8408302, -0.07100627, -0.53662163), (-0.83025086, -0.058300108, -0.55433255), (1, 0, 0), (1, 0, 0), (1, 0, 0), (1, 0, 0), (0, 0, -1), (0, 0, -1), (0, 0, -1), (0, 0, -1), (0, 0, 0.99999994), (0, 0, 1), (0, 0, 1), (0, 0, 0.99999994), (0, 0, -0.99999994), (0, 0, -0.99999994), (0, 0, -1), (0, 0, -1), (0, 1, 0), (0, 1, 0), (0, 1, 0), (0, 1, 0), (0, -1, 0), (0, -1, 0), (0, -1, 0), (0, -1, 0), (1, 0, 0), (1, 0, 0), (1, 0, 0), (1, 0, 0), (0, 1, 0), (0, 1, 0), (0, 1, 0), (0, 1, 0), (0, 0, 1), (0, 0, 1), (0, 0, 1), (0, 0, 1), (0, -1, 0), (0, -1, 0), (0, -1, 0), (0, -1, 0), (0, 0, 1), (0, 0, 1), (0, 0, 1), (0, 0, 1), (-1, 0, 0), (-1, 0, 0), (-1, 0, 0), (-1, 0, 0), (1, 0, 0), (1, 0, 0), (1, 0, 0), (1, 0, 0), (0, 1, 0), (0, 1, 0), (0, 1, 0), (0, 1, 0), (0, 0, 1), (0, 0, 1), (0, 0, 1), (0, 0, 1), (1, 0, 0), (1, 0, 0), (1, 0, 0), (1, 0, 0), (-1, 0, 0), (-1, 0, 0), (-1, 0, 0), (-1, 0, 0), (0, 1, 0), (0, 1, 0), (0, 1, 0), (0, 1, 0), (0, -1, 0), (0, -1, 0), (0, -1, 0), (0, -1, 0), (-1, 0, 0), (-1, 0, 0), (-1, 0, 0), (-1, 0, 0), (-1, 0, 0), (-1, 0, 0), (-1, 0, 0), (-1, 0, 0), (0, -1, 0), (0, -1, 0), (0, -1, 0), (0, -1, 0), (0, 0, -0.99999994), (0, 0, -1), (0, 0, -1), (0, 0, -0.99999994), (0, 0, 1), (0, 0, 1), (0, 0, 1), (0, 0, 1), (0, 0, -1), (0, 0, -1), (0, 0, -1), (0, 0, -1), (0, -1, 0), (0, -1, 0), (0, -1, 0), (0, -1, 0), (1, 0, 0), (1, 0, 0), (1, 0, 0), (1, 0, 0), (0, 1, 0), (0, 1, 0), (0, 1, 0), (0, 1, 0), (0, 0, 0.99999994), (0, 0, 0.99999994), (0, 0, 1), (0, 0, 1), (0, 1, 0), (0, 1, 0), (0, 1, 0), (0, 1, 0), (0, -1, 0), (0, -1, 0), (0, -1, 0), (0, -1, 0), (-1, 0, 0), (-1, 0, 0), (-1, 0, 0), (-1, 0, 0), (0, -1, 0), (0, -1, 0), (0, -1, 0), (0, -1, 0), (0, 0, 1), (0, 0, 1), (0, 0, 1), (0, 0, 1), (0, 1, 0), (0, 1, 0), (0, 1, 0), (0, 1, 0), (0, 0, -1), (0, 0, -1), (0, 0, -1), (0, 0, -1), (1, 0, 0), (1, 0, 0), (1, 0, 0), (1, 0, 0), (0, 0, -1), (0, 0, -1), (0, 0, -1), (0, 0, -1), (0, 0, 0.99999994), (0, 0, 1), (0, 0, 1), (0, 0, 0.99999994), (0, 0, -0.99999994), (0, 0, -0.99999994), (0, 0, -1), (0, 0, -1), (0, 1, 0), (0, 1, 0), (0, 1, 0), (0, 1, 0), (0, -1, 0), (0, -1, 0), (0, -1, 0), (0, -1, 0), (1, 0, 0), (1, 0, 0), (1, 0, 0), (1, 0, 0), (0, 1, 0), (0, 1, 0), (0, 1, 0), (0, 1, 0), (0, 0, 1), (0, 0, 1), (0, 0, 1), (0, 0, 1), (0, -1, 0), (0, -1, 0), (0, -1, 0), (0, -1, 0), (0, 0, 1), (0, 0, 1), (0, 0, 1), (0, 0, 1), (-1, 0, 0), (-1, 0, 0), (-1, 0, 0), (-1, 0, 0), (1, 0, 0), (1, 0, 0), (1, 0, 0), (1, 0, 0), (0, 1, 0), (0, 1, 0), (0, 1, 0), (0, 1, 0), (0, 0, 1), (0, 0, 1), (0, 0, 1), (0, 0, 1), (1, 0, 0), (1, 0, 0), (1, 0, 0), (1, 0, 0), (-1, 0, 0), (-1, 0, 0), (-1, 0, 0), (-1, 0, 0), (0, 1, 0), (0, 1, 0), (0, 1, 0), (0, 1, 0), (0, -1, 0), (0, -1, 0), (0, -1, 0), (0, -1, 0), (-1, 0, 0), (-1, 0, 0), (-1, 0, 0), (-1, 0, 0), (-1, 0, 0), (-1, 0, 0), (-1, 0, 0), (-1, 0, 0), (0, -1, 0), (0, -1, 0), (0, -1, 0), (0, -1, 0), (0, 0, -0.99999994), (0, 0, -1), (0, 0, -1), (0, 0, -0.99999994), (0, 0, 1), (0, 0, 1), (0, 0, 1), (0, 0, 1), (0, 0, -1), (0, 0, -1), (0, 0, -1), (0, 0, -1), (0, -1, 0), (0, -1, 0), (0, -1, 0), (0, -1, 0), (1, 0, 0), (1, 0, 0), (1, 0, 0), (1, 0, 0), (0, 1, 0), (0, 1, 0), (0, 1, 0), (0, 1, 0), (0, 0, 0.99999994), (0, 0, 0.99999994), (0, 0, 1), (0, 0, 1), (0, 1, 0), (0, 1, 0), (0, 1, 0), (0, 1, 0), (0, -1, 0), (0, -1, 0), (0, -1, 0), (0, -1, 0), (-1, 0, 0), (-1, 0, 0), (-1, 0, 0), (-1, 0, 0), (0, -1, 0), (0, -1, 0), (0, -1, 0), (0, -1, 0), (0, 0, 1), (0, 0, 1), (0, 0, 1), (0, 0, 1), (0, 1, 0), (0, 1, 0), (0, 1, 0), (0, 1, 0), (0, 0, -1), (0, 0, -1), (0, 0, -1), (0, 0, -1), (0, 1, 0), (0, 1, 0), (0, 1, 0), (0, 1, 0), (0, 0, -1), (0, 0, -1), (0, 0, -1), (0, 0, -1), (0, 0, 1), (0, 0, 1), (0, 0, 1), (0, 0, 1), (0, 0, -1), (0, 0, -1), (0, 0, -1), (0, 0, -1), (-1, 0, 0), (-1, 0, 0), (-1, 0, 0), (-1, 0, 0), (1, 0, 0), (1, 0, 0), (0.99999994, 0, 0), (0.99999994, 0, 0), (0, 1, 0), (0, 1, 0), (0, 1, 0), (0, 1, 0), (-0.99999994, -1.5523476e-7, 0), (-0.99999994, -1.5523476e-7, 0), (-1, -1.5523477e-7, 0), (-1, -1.5523477e-7, 0), (0, 0, 1), (0, 0, 1), (0, 0, 1), (0, 0, 1), (1, 4.9645973e-7, 0), (1, 4.9645973e-7, 0), (1, 4.9645973e-7, 0), (1, 4.9645973e-7, 0), (0, 0, 1), (0, 0, 1), (0, 0, 1), (0, 0, 1), (0, -1, 0), (0, -1, 0), (0, -1, 0), (0, -1, 0), (0, 1, 0), (0, 1, 0), (0, 1, 0), (0, 1, 0), (-1, 0, 0), (-1, 0, 0), (-1, 0, 0), (-1, 0, 0), (0, 0, 1), (0, 0, 1), (0, 0, 1), (0, 0, 1), (0, 1, 0), (0, 1, 0), (0, 1, 0), (0, 1, 0), (0, -1, 0), (0, -1, 0), (0, -1, 0), (0, -1, 0), (-0.99999994, -1.5523476e-7, 0), (-1, -1.5523477e-7, 0), (-1, -1.5523477e-7, 0), (-0.99999994, -1.5523476e-7, 0), (1, 0, 0), (0.99999994, 0, 0), (0.99999994, 0, 0), (1, 0, 0), (0, -1, 0), (0, -1, 0), (0, -1, 0), (0, -1, 0), (0, -1, 0), (0, -1, 0), (0, -1, 0), (0, -1, 0), (1, 4.9645973e-7, 0), (1, 4.9645973e-7, 0), (1, 4.9645973e-7, 0), (1, 4.9645973e-7, 0), (0, 0, -1), (0, 0, -1), (0, 0, -1), (0, 0, -1), (0, 0, 0.99999994), (0, 0, 1), (0, 0, 1), (0, 0, 0.99999994), (0, 0, -1), (0, 0, -1), (0, 0, -1), (0, 0, -1), (1, 1.5523477e-7, 0), (1, 1.5523477e-7, 0), (0.99999994, 1.5523476e-7, 0), (0.99999994, 1.5523476e-7, 0), (0, 0.99999994, 0), (0, 0.99999994, 0), (0, 0.99999994, 0), (0, 0.99999994, 0), (-0.99999994, -1.5523476e-7, 0), (-0.99999994, -1.5523476e-7, 0), (-1, -1.5523477e-7, 0), (-1, -1.5523477e-7, 0), (0, 0, 1), (0, 0, 1), (0, 0, 1), (0, 0, 1), (-0.99999994, -1.5523476e-7, 0), (-1, -1.5523477e-7, 0), (-1, -1.5523477e-7, 0), (-0.99999994, -1.5523476e-7, 0), (1, 1.5523477e-7, 0), (0.99999994, 1.5523476e-7, 0), (0.99999994, 1.5523476e-7, 0), (1, 1.5523477e-7, 0), (0, -0.99999994, 0), (0, -0.99999994, 0), (0, -0.99999994, 0), (0, -0.99999994, 0), (1, 0, 0), (1, 0, 0), (1, 0, 0), (1, 0, 0), (0, 0, 0.99999994), (0, 0, 0.99999994), (0, 0, 0.99999994), (0, 0, 0.99999994), (-1, 0, 0), (-1, 0, 0), (-1, 0, 0), (-1, 0, 0), (0, 0, -0.99999994), (0, 0, -0.99999994), (0, 0, -0.99999994), (0, 0, -0.99999994), (0, -1, 0), (0, -1, 0), (0, -1, 0), (0, -1, 0), (0, 0, -1), (0, 0, -1), (0, 0, -1), (0, 0, -1), (0, 0, 1), (0, 0, 1), (0, 0, 1), (0, 0, 1), (0, 0, -1), (0, 0, -1), (0, 0, -1), (0, 0, -1), (1, 0, 0), (1, 0, 0), (1, 0, 0), (1, 0, 0), (-1, 0, 0), (-1, 0, 0), (-0.99999994, 0, 0), (-0.99999994, 0, 0), (0, -1, 0), (0, -1, 0), (0, -1, 0), (0, -1, 0), (0.99999994, 0, 0), (0.99999994, 0, 0), (1, 0, 0), (1, 0, 0), (0, 0, 1), (0, 0, 1), (0, 0, 1), (0, 0, 1), (-1, 0, 0), (-1, 0, 0), (-1, 0, 0), (-1, 0, 0), (0, 0, 1), (0, 0, 1), (0, 0, 1), (0, 0, 1), (0, 1, 0), (0, 1, 0), (0, 1, 0), (0, 1, 0), (0, -1, 0), (0, -1, 0), (0, -1, 0), (0, -1, 0), (1, 0, 0), (1, 0, 0), (1, 0, 0), (1, 0, 0), (0, 0, 1), (0, 0, 1), (0, 0, 1), (0, 0, 1), (0, -1, 0), (0, -1, 0), (0, -1, 0), (0, -1, 0), (0, 1, 0), (0, 1, 0), (0, 1, 0), (0, 1, 0), (0.99999994, 0, 0), (1, 0, 0), (1, 0, 0), (0.99999994, 0, 0), (-1, 0, 0), (-0.99999994, 0, 0), (-0.99999994, 0, 0), (-1, 0, 0), (0, 1, 0), (0, 1, 0), (0, 1, 0), (0, 1, 0), (0, 1, 0), (0, 1, 0), (0, 1, 0), (0, 1, 0), (-1, 0, 0), (-1, 0, 0), (-1, 0, 0), (-1, 0, 0), (0, 0, -1), (0, 0, -1), (0, 0, -1), (0, 0, -1), (0, 0, 1), (0, 0, 1), (0, 0, 1), (0, 0, 1), (0, 0, -1), (0, 0, -1), (0, 0, -1), (0, 0, -1), (-1, 0, 0), (-1, 0, 0), (-0.99999994, 0, 0), (-0.99999994, 0, 0), (0, -0.99999994, 0), (0, -0.99999994, 0), (0, -0.99999994, 0), (0, -0.99999994, 0), (0.99999994, 0, 0), (0.99999994, 0, 0), (1, 0, 0), (1, 0, 0), (0, 0, 1), (0, 0, 1), (0, 0, 1), (0, 0, 1), (0.99999994, 0, 0), (1, 0, 0), (1, 0, 0), (0.99999994, 0, 0), (-1, 0, 0), (-0.99999994, 0, 0), (-0.99999994, 0, 0), (-1, 0, 0), (0, 0.99999994, 0), (0, 0.99999994, 0), (0, 0.99999994, 0), (0, 0.99999994, 0), (-1, 0, 0), (-1, 0, 0), (-1, 0, 0), (-1, 0, 0), (0, 0, 0.99999994), (0, 0, 0.99999994), (0, 0, 0.99999994), (0, 0, 0.99999994), (1, 0, 0), (1, 0, 0), (1, 0, 0), (1, 0, 0), (0, 0, -0.99999994), (0, 0, -0.99999994), (0, 0, -0.99999994), (0, 0, -0.99999994)] (
                interpolation = "faceVarying"
            )
            point3f[] points = [(-0.78782785, -0.048127208, 0.08017582), (-0.78953964, -0.048127208, 0.0524126), (-0.784431, 0.06020352, 0.08227375), (-0.7858326, 0.05023667, 0.05788842), (-0.7625861, 0.06020352, 0.08227375), (-0.76598305, -0.048127208, 0.08017582), (-0.7639876, 0.05023667, 0.05788842), (-0.76769483, -0.048127208, 0.0524126), (-0.78782785, -0.048127208, 0.1750506), (-0.78953964, -0.048127208, 0.13190596), (-0.784431, 0.06020352, 0.17831086), (-0.7858326, 0.05023667, 0.14041549), (-0.7625861, 0.06020352, 0.17831086), (-0.76598305, -0.048127208, 0.1750506), (-0.7639876, 0.05023667, 0.14041549), (-0.76769483, -0.048127208, 0.13190596), (-0.7855352, 0.33272073, 0.08277741), (-0.7869097, 0.33272073, 0.055743814), (-0.7636905, 0.33272073, 0.08277741), (-0.7650647, 0.33272073, 0.055743814), (-0.78553534, 0.33273312, 0.17909352), (-0.7869097, 0.33273217, 0.13708258), (-0.7636905, 0.33273312, 0.17909352), (-0.76506484, 0.33273312, 0.13708258), (-0.75346494, -0.37994292, -0.02124755), (-0.75346494, -0.43255523, -0.02124755), (-0.79538226, -0.37994292, -0.02124755), (-0.79538226, -0.43255523, -0.02124755), (-0.75346494, -0.37994292, 0.19414699), (-0.75346494, -0.43255523, 0.19414699), (-0.79538226, -0.43255523, 0.19414699), (-0.79538226, -0.37994292, 0.19414699), (-0.7841599, -0.031898532, 0.08017582), (-0.78587127, -0.031898532, 0.052412603), (-0.7807629, -0.14022925, 0.08227375), (-0.78216434, -0.1302624, 0.057888422), (-0.75891805, -0.14022925, 0.08227375), (-0.76231503, -0.031898532, 0.08017582), (-0.7603195, -0.1302624, 0.057888422), (-0.7640264, -0.031898532, 0.052412603), (-0.7841599, -0.031898532, 0.17505059), (-0.78587127, -0.031898532, 0.13190596), (-0.7807629, -0.14022925, 0.17831084), (-0.78216434, -0.1302624, 0.14041549), (-0.75891805, -0.14022925, 0.17831084), (-0.76231503, -0.031898532, 0.17505059), (-0.7603195, -0.1302624, 0.14041549), (-0.7640264, -0.031898532, 0.13190596), (-0.78186727, -0.4127474, 0.08277741), (-0.7832415, -0.41274646, 0.055743817), (-0.7600224, -0.4127474, 0.08277741), (-0.76139665, -0.41274646, 0.055743817), (-0.78186727, -0.41275933, 0.17909351), (-0.7832415, -0.41275886, 0.13708258), (-0.7600224, -0.41275933, 0.17909351), (-0.76139665, -0.41275886, 0.13708258), (-0.7514357, -0.08164123, -0.021247566), (-0.7514357, -0.014726671, -0.021247566), (-0.8047478, -0.08164028, -0.021247566), (-0.8047478, -0.014726674, -0.021247566), (-0.7514357, -0.08164123, 0.194147), (-0.7514357, -0.014726671, 0.194147), (-0.8047478, -0.014726674, 0.194147), (-0.8047478, -0.08164028, 0.194147), (-0.16117422, 0.86162627, -0.02124755), (-0.21378748, 0.86162627, -0.02124755), (-0.16117421, 0.8197086, -0.02124755), (-0.21378747, 0.8197086, -0.02124755), (-0.16117422, 0.86162627, 0.19414699), (-0.21378748, 0.86162627, 0.19414699), (-0.21378747, 0.8197086, 0.19414699), (-0.16117421, 0.8197086, 0.19414699), (0.18686922, 0.8309313, 0.08017582), (0.18686922, 0.82921946, 0.052412603), (0.078538485, 0.8343282, 0.08227375), (0.088505335, 0.83292663, 0.057888422), (0.078538485, 0.85617304, 0.08227375), (0.1868692, 0.85277617, 0.08017582), (0.088505335, 0.8547715, 0.057888422), (0.18686922, 0.8510643, 0.052412603), (0.18686922, 0.8309313, 0.17505059), (0.18686922, 0.82921946, 0.13190596), (0.078538485, 0.8343282, 0.17831084), (0.088505335, 0.83292663, 0.14041549), (0.078538485, 0.85617304, 0.17831084), (0.1868692, 0.85277617, 0.17505059), (0.088505335, 0.8547715, 0.14041549), (0.18686922, 0.8510643, 0.13190596), (-0.1939787, 0.83322394, 0.08277741), (-0.1939787, 0.83184946, 0.055743817), (-0.19397871, 0.8550687, 0.08277741), (-0.19397871, 0.85369444, 0.055743817), (-0.1939911, 0.8332238, 0.17909351), (-0.19399014, 0.83184946, 0.13708258), (-0.19399111, 0.8550687, 0.17909351), (-0.19399111, 0.8536943, 0.13708258), (0.5186849, 0.8652942, -0.021247536), (0.5712972, 0.8652942, -0.021247536), (0.5186849, 0.8233769, -0.021247536), (0.5712972, 0.8233769, -0.021247536), (0.5186849, 0.8652942, 0.19414699), (0.5712972, 0.8652942, 0.19414699), (0.5712972, 0.8233769, 0.19414699), (0.5186849, 0.8233769, 0.19414699), (0.17064054, 0.83459926, 0.08017582), (0.17064054, 0.8328879, 0.052412607), (0.27897128, 0.83799624, 0.08227375), (0.26900443, 0.8365948, 0.057888426), (0.27897128, 0.8598411, 0.08227375), (0.17064053, 0.8564441, 0.08017582), (0.26900443, 0.8584397, 0.057888426), (0.17064053, 0.85473275, 0.052412607), (0.17064054, 0.83459926, 0.17505059), (0.17064054, 0.8328879, 0.13190596), (0.27897128, 0.83799624, 0.17831084), (0.26900443, 0.8365948, 0.14041549), (0.27897128, 0.8598411, 0.17831084), (0.17064053, 0.8564441, 0.17505059), (0.26900443, 0.8584397, 0.14041549), (0.17064053, 0.85473275, 0.13190596), (0.5514894, 0.8368919, 0.08277741), (0.55148846, 0.83551764, 0.05574382), (0.5514894, 0.85873675, 0.08277741), (0.55148846, 0.8573625, 0.05574382), (0.55150133, 0.8368919, 0.17909351), (0.55150086, 0.83551764, 0.13708258), (0.55150133, 0.85873675, 0.17909351), (0.55150086, 0.8573625, 0.13708258), (0.22038323, 0.8673235, -0.02124755), (0.15346867, 0.8673235, -0.02124755), (0.22038229, 0.81401134, -0.02124755), (0.15346868, 0.81401134, -0.02124755), (0.22038323, 0.8673235, 0.19414699), (0.15346867, 0.8673235, 0.19414699), (0.15346868, 0.81401134, 0.19414699), (0.22038229, 0.81401134, 0.19414699), (0.8332226, -0.7007421, 0.02305763), (-0.60337496, -0.7442897, 0.02305763), (-0.6536681, -0.70074236, 0.02305763), (0.75062627, -0.6571948, 0.02305763), (0.7005797, -0.7007421, 0.0511953), (0.5153418, -0.70074224, 0.0511953), (0.55192745, -0.6525435, 0.02305763), (0.7506264, -0.7442895, 0.02305763), (-0.6033751, -0.6571949, 0.02305763), (-0.56105584, -0.70074224, 0.0511953), (-0.37702632, -0.7480573, 0.02305763), (0.55192757, -0.7489411, 0.02305763), (0.30284527, -0.65520954, 0.02305763), (0.28313357, -0.70074224, 0.051195297), (-0.04055797, -0.70074224, 0.051195297), (-0.044368293, -0.6560934, 0.02305763), (0.30284527, -0.74627495, 0.02305763), (-0.3770263, -0.6534273, 0.02305763), (-0.35004124, -0.70074236, 0.0511953), (-0.044368304, -0.74539113, 0.02305763), (-0.6467091, -0.35334048, 0.02305763), (0.7804914, -0.30979308, 0.02305763), (0.8416908, -0.35334048, 0.02305763), (-0.57883215, -0.39688778, 0.02305763), (-0.5377042, -0.35334045, 0.0511953), (-0.5788321, -0.3097931, 0.02305763), (0.7804914, -0.39688784, 0.02305763), (0.72899526, -0.35334042, 0.051195297), (0.5050583, -0.30602548, 0.02305763), (-0.27062288, -0.39887315, 0.02305763), (-0.25091118, -0.35334048, 0.051195294), (0.072780356, -0.35334048, 0.051195294), (0.07659067, -0.39798933, 0.02305763), (-0.27062294, -0.30780774, 0.02305763), (0.5050583, -0.40065545, 0.02305763), (0.4722214, -0.35334042, 0.051195297), (0.076590694, -0.30869165, 0.02305763), (0.83148324, -0.03266167, 0.02305763), (-0.62533605, -0.07620914, 0.02305763), (-0.67562914, -0.032661784, 0.02305763), (0.7661598, 0.010885684, 0.02305763), (0.726579, -0.032661676, 0.051195297), (0.5800786, -0.03266169, 0.051195297), (0.60901344, 0.015537133, 0.02305763), (0.7661598, -0.076209046, 0.02305763), (-0.62533605, 0.010885608, 0.02305763), (-0.58301693, -0.032661777, 0.0511953), (-0.39898732, -0.07997671, 0.02305763), (0.60901344, -0.08086051, 0.02305763), (0.4120201, 0.012870991, 0.02305763), (0.39643055, -0.032661706, 0.051195294), (0.015691489, -0.032661743, 0.051195297), (0.010762039, 0.011987103, 0.02305763), (0.41202006, -0.07819442, 0.02305763), (-0.39898732, 0.014653249, 0.02305763), (-0.3720022, -0.032661755, 0.0511953), (0.010762035, -0.07731059, 0.02305763), (-0.07942397, 0.3147401, 0.02305763), (0.75376815, 0.35828742, 0.02305763), (0.8149676, 0.31474003, 0.02305763), (-0.033341665, 0.27119273, 0.02305763), (-0.005419552, 0.3147401, 0.0511953), (-0.03334167, 0.35828742, 0.02305763), (0.7537682, 0.27119267, 0.02305763), (0.70227206, 0.31474003, 0.051195297), (0.47833496, 0.36205503, 0.02305763), (0.04605707, 0.31474003, 0.051195294), (0.049867406, 0.2700912, 0.02305763), (0.47833502, 0.2674251, 0.02305763), (0.4454981, 0.31474003, 0.051195297), (0.04986741, 0.35938886, 0.02305763), (0.83148324, 0.61166495, 0.02305763), (-0.05000416, 0.56811744, 0.02305763), (-0.08414865, 0.6116648, 0.02305763), (0.7661598, 0.6552123, 0.02305763), (0.726579, 0.61166495, 0.051195297), (0.5800786, 0.61166483, 0.051195297), (0.60901344, 0.65986365, 0.02305763), (0.7661598, 0.5681176, 0.02305763), (-0.050004166, 0.65521216, 0.02305763), (-0.021273302, 0.6116648, 0.05119531), (0.60901344, 0.563466, 0.02305763), (0.41202003, 0.65719754, 0.02305763), (0.3964305, 0.61166483, 0.051195294), (0.015691433, 0.61166483, 0.051195297), (0.010761983, 0.6563137, 0.02305763), (0.41202, 0.5661321, 0.02305763), (0.010761977, 0.567016, 0.02305763), (0.88886476, -0.7007421, -0.0050800424), (0.8125734, -0.66808164, 0.02305763), (0.7722409, -0.7007421, 0.044160884), (0.8125735, -0.7334027, 0.02305763), (0.800673, -0.75650984, -0.0050800424), (-0.5716356, -0.72729266, 0.044160888), (-0.6410948, -0.7334029, 0.02305763), (-0.69939435, -0.7007424, -0.005080047), (-0.60765195, -0.70074236, 0.044160888), (-0.641095, -0.6680818, 0.02305763), (-0.64569426, -0.64497465, -0.005080047), (0.7130912, -0.6741918, 0.044160884), (0.5885133, -0.7624667, -0.0050800405), (0.7130913, -0.72729254, 0.044160884), (0.8006729, -0.64497447, -0.0050800424), (0.52448815, -0.6713559, 0.044160884), (0.6157698, -0.70074224, 0.0511953), (0.6596534, -0.6560321, 0.02305763), (0.65965354, -0.7454525, 0.02305763), (-0.3567875, -0.7295898, 0.044160888), (-0.40401146, -0.6401498, -0.0050800405), (-0.64569414, -0.75651, -0.005080047), (-0.5716357, -0.6741919, 0.044160888), (-0.5216413, -0.656253, 0.02305763), (-0.48485926, -0.7007423, 0.0511953), (-0.52164125, -0.7452316, 0.02305763), (0.32255694, -0.75905246, -0.0050800373), (0.28806147, -0.67298144, 0.04416088), (0.5244883, -0.7301286, 0.044160884), (0.5885132, -0.6390178, -0.0050800405), (0.4316057, -0.7506003, 0.02305763), (0.4316057, -0.6508843, 0.02305763), (0.40317112, -0.70074224, 0.0511953), (0.28806147, -0.7285031, 0.044160876), (0.32255694, -0.6424321, -0.0050800373), (-0.04817864, -0.75792056, -0.0050800354), (-0.04151055, -0.6735203, 0.044160876), (0.14022517, -0.70074224, 0.051195297), (0.14955199, -0.6590893, 0.02305763), (0.14955199, -0.7423952, 0.02305763), (-0.04151055, -0.72796416, 0.044160876), (-0.04817863, -0.643564, -0.0050800354), (-0.40401146, -0.7613349, -0.0050800405), (-0.3567875, -0.6718949, 0.044160888), (-0.25860208, -0.65221006, 0.02305763), (-0.24027845, -0.70074224, 0.051195297), (-0.25860214, -0.7492745, 0.02305763), (-0.69243526, -0.35334045, -0.0050800405), (-0.6297398, -0.38600096, 0.02305763), (-0.59659475, -0.35334045, 0.044160888), (-0.6297398, -0.32067996, 0.02305763), (-0.61996, -0.29757282, -0.0050800405), (0.74186933, -0.32679006, 0.044160884), (0.8263909, -0.32067996, 0.02305763), (0.8973329, -0.35334048, -0.005080039), (0.7856959, -0.35334048, 0.044160884), (0.8263909, -0.386001, 0.02305763), (0.8319876, -0.40910816, -0.005080039), (-0.54798615, -0.3798908, 0.044160888), (-0.54798615, -0.3267901, 0.044160884), (-0.61996, -0.40910813, -0.0050800405), (0.4804306, -0.324493, 0.04416088), (0.5378952, -0.413933, -0.0050800354), (0.8319876, -0.29757282, -0.005080039), (0.7418693, -0.37989083, 0.044160884), (0.6810335, -0.39782977, 0.02305763), (0.63627505, -0.35334042, 0.051195297), (0.6810335, -0.3088512, 0.02305763), (-0.2903346, -0.2950303, -0.005080034), (-0.2558391, -0.38110125, 0.044160876), (-0.25583917, -0.32557967, 0.044160876), (-0.29033455, -0.4116506, -0.005080034), (0.08040102, -0.29616222, -0.005080032), (0.07373293, -0.3805624, 0.044160876), (-0.1080028, -0.35334048, 0.051195294), (-0.117329605, -0.3949934, 0.02305763), (-0.117329605, -0.31168753, 0.02305763), (0.07373295, -0.32611856, 0.044160876), (0.08040103, -0.41051874, -0.005080032), (0.5378952, -0.29274794, -0.0050800354), (0.4804306, -0.3821879, 0.04416088), (0.2908245, -0.40187272, 0.02305763), (0.2725009, -0.35334048, 0.051195297), (0.29082447, -0.3048083, 0.02305763), (0.8754893, -0.03266167, -0.005080039), (0.8151524, -0.0000011519737, 0.02305763), (0.78325415, -0.032661676, 0.044160884), (0.8151524, -0.06532219, 0.02305763), (0.8057405, -0.088429354, -0.005080039), (-0.5935967, -0.05921213, 0.044160888), (-0.6630559, -0.06532231, 0.02305763), (-0.7213554, -0.032661784, -0.005080047), (-0.629613, -0.032661777, 0.044160888), (-0.6630559, -0.0000012292626, 0.02305763), (-0.66765517, 0.023105923, -0.005080047), (0.7364742, -0.0061113196, 0.044160884), (0.6379483, -0.09438613, -0.0050800373), (0.7364742, -0.059212036, 0.04416088), (0.8057405, 0.023106009, -0.005080039), (0.5873123, -0.003275385, 0.044160876), (0.65950483, -0.032661684, 0.051195297), (0.6942114, 0.012048544, 0.02305763), (0.6942114, -0.07737191, 0.02305763), (-0.3787485, -0.061509185, 0.044160888), (-0.42597246, 0.027930818, -0.0050800405), (-0.66765517, -0.088429466, -0.005080047), (-0.5935967, -0.0061113974, 0.044160888), (-0.54360235, 0.011827506, 0.02305763), (-0.5068202, -0.03266177, 0.0511953), (-0.54360235, -0.07715102, 0.02305763), (0.4276096, -0.09097185, -0.005080034), (0.40032795, -0.0049009095, 0.044160876), (0.5873123, -0.062048, 0.044160876), (0.6379483, 0.029062754, -0.0050800373), (0.5138537, -0.082519725, 0.02305763), (0.5138537, 0.017196326, 0.02305763), (0.4913655, -0.0326617, 0.051195294), (0.40032795, -0.060422506, 0.044160876), (0.4276096, 0.025648443, -0.005080034), (0.0058325776, -0.08984, -0.005080034), (0.014459124, -0.005439816, 0.044160876), (0.25222287, -0.03266172, 0.051195297), (0.25912026, 0.008991221, 0.02305763), (0.25912026, -0.074314654, 0.02305763), (0.014459126, -0.059883665, 0.044160876), (0.0058325944, 0.024516515, -0.005080034), (-0.42597246, -0.093254305, -0.0050800405), (-0.3787485, -0.0038142991, 0.044160888), (-0.26486197, 0.015870476, 0.02305763), (-0.24625857, -0.032661766, 0.051195297), (-0.26486197, -0.08119401, 0.02305763), (-0.11046792, 0.3147401, -0.0050800424), (-0.06790341, 0.28207955, 0.02305763), (-0.0454009, 0.3147401, 0.044160888), (-0.06790341, 0.3474006, 0.02305763), (-0.06126378, 0.37050772, -0.0050800424), (0.71514606, 0.3412904, 0.044160884), (0.7996677, 0.34740058, 0.02305763), (0.8706097, 0.31474003, -0.005080039), (0.7589726, 0.31474003, 0.044160884), (0.7996677, 0.28207952, 0.02305763), (0.8052644, 0.25897235, -0.005080039), (-0.012400074, 0.28818974, 0.044160888), (-0.012400107, 0.34129044, 0.044160884), (-0.061263777, 0.2589724, -0.0050800424), (0.4537073, 0.3435875, 0.04416088), (0.511172, 0.2541475, -0.0050800354), (0.8052644, 0.3705077, -0.005080039), (0.71514606, 0.28818968, 0.044160884), (0.6543102, 0.27025077, 0.02305763), (0.6095518, 0.31474006, 0.051195297), (0.6543102, 0.35922936, 0.02305763), (0.05367774, 0.37191832, -0.005080032), (0.047009654, 0.2875181, 0.044160876), (0.04700966, 0.34196195, 0.044160876), (0.05367775, 0.2575618, -0.005080032), (0.511172, 0.3753326, -0.0050800354), (0.4537073, 0.2858926, 0.04416088), (0.26410124, 0.26620778, 0.02305763), (0.24577756, 0.31474, 0.051195297), (0.2641012, 0.36327225, 0.02305763), (0.8754893, 0.61166495, -0.005080039), (0.8151524, 0.64432544, 0.02305763), (0.78325415, 0.61166495, 0.044160884), (0.8151524, 0.57900447, 0.02305763), (0.8057405, 0.5558973, -0.005080039), (-0.028456014, 0.5851144, 0.044160888), (-0.07561251, 0.5790043, 0.02305763), (-0.11519262, 0.6116648, -0.0050800457), (-0.052907813, 0.6116648, 0.044160888), (-0.07561256, 0.64432526, 0.02305763), (-0.078735, 0.66743255, -0.0050800457), (0.7364742, 0.63821524, 0.044160884), (0.6379483, 0.5499404, -0.0050800373), (0.7364742, 0.5851146, 0.04416088), (0.8057405, 0.66743267, -0.005080039), (0.5873123, 0.6410511, 0.044160876), (0.65950483, 0.61166483, 0.051195297), (0.6942114, 0.65637517, 0.02305763), (0.6942114, 0.56695473, 0.02305763), (-0.07873499, 0.5558971, -0.0050800457), (-0.028456017, 0.6382151, 0.044160888), (0.42760953, 0.5533547, -0.005080034), (0.4003279, 0.63942564, 0.044160876), (0.5873123, 0.58227855, 0.044160876), (0.6379483, 0.67338926, -0.0050800373), (0.5138537, 0.5618068, 0.02305763), (0.5138537, 0.6615229, 0.02305763), (0.49136543, 0.61166483, 0.051195294), (0.4003279, 0.5839041, 0.044160876), (0.42760953, 0.669975, -0.005080034), (0.0058325217, 0.55448663, -0.005080034), (0.014459068, 0.6388868, 0.044160876), (0.2522228, 0.61166483, 0.051195297), (0.2591202, 0.6533178, 0.02305763), (0.2591202, 0.5700119, 0.02305763), (0.01445907, 0.5844429, 0.044160876), (0.0058325375, 0.6688431, -0.005080034), (0.8668167, -0.6589164, -0.0050800424), (0.767466, -0.67926484, 0.038689673), (0.8668168, -0.7425679, -0.0050800424), (0.7674661, -0.7222196, 0.038689673), (-0.68596935, -0.6589167, -0.005080047), (-0.607048, -0.67926496, 0.038689673), (-0.68596923, -0.7425682, -0.005080047), (-0.60704786, -0.72221977, 0.038689673), (0.7035372, -0.75799906, -0.005080042), (0.62674075, -0.7280016, 0.04416088), (0.7035371, -0.64348525, -0.005080042), (0.62674063, -0.6734829, 0.04416088), (-0.4940548, -0.72786695, 0.044160884), (-0.5584234, -0.6437684, -0.005080044), (-0.5584233, -0.75771624, -0.005080044), (-0.4940548, -0.67361766, 0.044160884), (0.46004027, -0.7645916, -0.005080039), (0.41027978, -0.6703443, 0.04416088), (0.41027978, -0.7311402, 0.04416088), (0.46004027, -0.63689303, -0.005080039), (0.14255686, -0.72613764, 0.04416088), (0.15887882, -0.6474006, -0.005080036), (0.15887882, -0.75408393, -0.005080036), (0.14255686, -0.675347, 0.044160876), (-0.24485938, -0.7303319, 0.04416088), (-0.2769257, -0.6385908, -0.0050800364), (-0.27692574, -0.76289374, -0.0050800364), (-0.24485937, -0.67115265, 0.04416088), (-0.6743164, -0.39516622, -0.0050800405), (-0.5926709, -0.37481782, 0.03868967), (-0.6743164, -0.3115147, -0.0050800405), (-0.5926709, -0.3318631, 0.03868967), (0.8809966, -0.39516625, -0.005080039), (0.7849608, -0.37481785, 0.03868967), (0.8809966, -0.31151474, -0.005080039), (0.7849608, -0.33186316, 0.03868967), (0.6474647, -0.32621583, 0.04416088), (0.7257919, -0.41031438, -0.005080038), (0.7257919, -0.2963666, -0.005080038), (0.6474647, -0.3804651, 0.04416088), (-0.11033449, -0.32794514, 0.044160876), (-0.12665643, -0.40668207, -0.0050800326), (-0.12665643, -0.29999882, -0.0050800326), (-0.11033451, -0.37873578, 0.044160876), (0.27708176, -0.3237509, 0.044160876), (0.30914813, -0.4154919, -0.005080033), (0.30914807, -0.2911891, -0.005080033), (0.2770818, -0.38293007, 0.044160876), (0.8580521, 0.009164092, -0.005080039), (0.7794779, -0.011184324, 0.03868967), (0.8580521, -0.07448743, -0.005080039), (0.7794779, -0.05413903, 0.03868967), (-0.7079303, 0.009164002, -0.005080047), (-0.6290089, -0.011184403, 0.038689673), (-0.7079303, -0.074487545, -0.005080047), (-0.6290089, -0.054139126, 0.038689673), (0.728918, -0.089918554, -0.0050800387), (0.66818154, -0.05992103, 0.04416088), (0.728918, 0.024595192, -0.0050800387), (0.66818154, -0.005402338, 0.04416088), (-0.5160157, -0.059786405, 0.044160884), (-0.5803844, 0.024312148, -0.005080044), (-0.5803844, -0.08963567, -0.005080044), (-0.5160157, -0.0055371067, 0.044160884), (0.53634197, -0.096510954, -0.0050800354), (0.49698755, -0.0022637963, 0.04416088), (0.49698755, -0.063059606, 0.044160876), (0.53634197, 0.031187553, -0.0050800354), (0.2539472, -0.058057074, 0.04416088), (0.26601762, 0.02067993, -0.005080033), (0.26601762, -0.08600336, -0.005080033), (0.2539472, -0.0072663687, 0.044160876), (-0.25090942, -0.062251363, 0.04416088), (-0.28346536, 0.029489646, -0.005080036), (-0.28346542, -0.09481319, -0.005080036), (-0.25090945, -0.0030721694, 0.04416088), (-0.09816689, 0.27291432, -0.0050800424), (-0.042736933, 0.29326275, 0.03868967), (-0.09816689, 0.35656583, -0.0050800424), (-0.04273694, 0.33621746, 0.03868967), (0.8542734, 0.2729143, -0.005080039), (0.75823754, 0.29326272, 0.03868967), (0.8542734, 0.35656577, -0.005080039), (0.75823754, 0.3362174, 0.03868967), (0.6207414, 0.3418647, 0.04416088), (0.6990686, 0.25776613, -0.005080038), (0.6990686, 0.3717139, -0.005080038), (0.6207414, 0.28761542, 0.04416088), (0.2503585, 0.3443296, 0.044160876), (0.28242487, 0.25258863, -0.005080033), (0.2824248, 0.3768914, -0.005080033), (0.2503585, 0.28515044, 0.044160876), (0.8580521, 0.6534907, -0.005080039), (0.7794779, 0.63314235, 0.03868967), (0.8580521, 0.5698392, -0.005080039), (0.7794779, 0.5901876, 0.03868967), (-0.10607824, 0.6534906, -0.0050800457), (-0.05249771, 0.63314223, 0.038689673), (-0.10607822, 0.56983906, -0.0050800457), (-0.05249771, 0.5901875, 0.038689673), (0.728918, 0.55440813, -0.0050800387), (0.66818154, 0.5844055, 0.04416088), (0.728918, 0.6689218, -0.0050800387), (0.66818154, 0.6389242, 0.04416088), (0.53634197, 0.5478156, -0.0050800354), (0.4969875, 0.6420628, 0.04416088), (0.4969875, 0.58126694, 0.044160876), (0.53634197, 0.6755141, -0.0050800354), (0.25394714, 0.5862695, 0.04416088), (0.26601756, 0.66500646, -0.005080033), (0.26601756, 0.5583232, -0.005080033), (0.25394714, 0.6370602, 0.044160876), (-0.11269928, 0.8915928, 1.1071407), (-0.112699255, 0.08097144, 1.1071407), (-0.07973508, 0.8915928, 1.1290325), (-0.079735056, 0.08097145, 1.1290325), (-0.19492522, 0.09829583, 0.40113255), (-0.19492522, 0.09829583, 1.2427171), (-0.19492526, 0.8742684, 0.40113255), (-0.19492526, 0.8742684, 1.2427171), (-0.17635208, 0.084913634, 0.42466852), (-0.17635213, 0.8876506, 0.42466852), (-0.17298499, 0.07998683, 0.3449503), (-0.17298503, 0.8925774, 0.3449503), (-0.49192697, 0.08097143, 1.5529276), (-0.491927, 0.8915928, 1.5529276), (-0.49192697, 0.08097143, 1.6066698), (-0.491927, 0.8915928, 1.6066698), (-0.8711547, 0.89159274, 1.1071407), (-0.87115467, 0.08097141, 1.1071407), (-0.90411896, 0.89159274, 1.1290325), (-0.9041189, 0.08097141, 1.1290325), (-0.78892875, 0.0982958, 0.40113255), (-0.78892875, 0.0982958, 1.2427171), (-0.7889288, 0.87426835, 0.40113255), (-0.7889288, 0.87426835, 1.2427171), (-0.49192697, 0.098295815, 0.40113255), (-0.49192697, 0.098295815, 1.5592598), (-0.491927, 0.8742684, 0.40113255), (-0.491927, 0.8742684, 1.5592598), (-0.80750185, 0.084913604, 0.42466852), (-0.8075019, 0.88765055, 0.42466852), (-0.810869, 0.0799868, 0.3449503), (-0.81086904, 0.89257735, 0.3449503), (-0.49192697, 0.08491362, 0.42466852), (-0.491927, 0.8876506, 0.42466852), (-0.49192697, 0.07998682, 0.3449503), (-0.491927, 0.8925774, 0.3449503), (-0.057272505, 0.058594253, 1.1273822), (-0.10353409, 0.060123947, 1.0774761), (-0.057272505, 0.11771187, 1.1273822), (-0.103534095, 0.11924156, 1.0774761), (-0.17853722, 0.08928164, 1.2324544), (-0.17853722, 0.08928164, 0.3939064), (-0.21754172, 0.08928164, 1.2324544), (-0.21754172, 0.08928164, 0.3939064), (-0.17853722, 0.1310928, 1.2324544), (-0.17853722, 0.1310928, 0.3939064), (-0.21754172, 0.1310928, 1.2324544), (-0.21754172, 0.1310928, 0.3939064), (-0.40858117, 0.072480574, 0.26843536), (-0.40858117, 0.072480574, 0.0082087815), (-0.40858117, 0.10517587, 0.26843536), (-0.40858117, 0.10517587, 0.0082087815), (-0.18046829, 0.07434329, 1.1911482), (-0.18046829, 0.07434329, 1.2301526), (-0.18046829, 0.13539322, 1.1911482), (-0.18046829, 0.13539322, 1.2301526), (-0.28635454, 0.08928163, 1.3476354), (-0.28635454, 0.08928163, 0.3966147), (-0.32535905, 0.08928163, 1.3476354), (-0.32535905, 0.08928163, 0.3966147), (-0.28635454, 0.1310928, 1.3476354), (-0.28635454, 0.1310928, 0.3966147), (-0.32535905, 0.1310928, 1.3476354), (-0.32535905, 0.1310928, 0.3966147), (-0.20853949, 0.09081968, 1.0152524), (-0.20853949, 0.09081968, 1.054257), (-0.20853949, 0.13263084, 1.0152524), (-0.20853949, 0.13263084, 1.054257), (-0.18525937, 0.12454363, 1.0152524), (-0.18525937, 0.12454363, 1.054257), (-0.22707051, 0.12454363, 1.0152524), (-0.22707051, 0.12454363, 1.054257), (-0.2761275, 0.064236596, 1.3691216), (-0.29500896, 0.06548168, 1.3062798), (-0.2761275, 0.112354115, 1.3691216), (-0.29500896, 0.113599196, 1.3062798), (-0.057272535, 0.91397, 1.1273822), (-0.10353411, 0.9124403, 1.0774761), (-0.05727253, 0.8548524, 1.1273822), (-0.10353411, 0.8533227, 1.0774761), (-0.17853726, 0.8832826, 1.2324544), (-0.17853726, 0.8832826, 0.3939064), (-0.21754177, 0.8832826, 1.2324544), (-0.21754177, 0.8832826, 0.3939064), (-0.17853725, 0.84147143, 1.2324544), (-0.17853725, 0.84147143, 0.3939064), (-0.21754175, 0.84147143, 1.2324544), (-0.21754175, 0.84147143, 0.3939064), (-0.18046834, 0.89822096, 1.1911482), (-0.18046834, 0.89822096, 1.2301526), (-0.18046832, 0.837171, 1.1911482), (-0.18046832, 0.837171, 1.2301526), (-0.28635457, 0.8832826, 1.3476354), (-0.28635457, 0.8832826, 0.3966147), (-0.32535908, 0.8832826, 1.3476354), (-0.32535908, 0.8832826, 0.3966147), (-0.28635457, 0.84147143, 1.3476354), (-0.28635457, 0.84147143, 0.3966147), (-0.32535908, 0.84147143, 1.3476354), (-0.32535908, 0.84147143, 0.3966147), (-0.20853953, 0.88174456, 1.0152524), (-0.3851528, 0.88174456, 1.0152524), (-0.20853953, 0.88174456, 1.054257), (-0.3851528, 0.88174456, 1.054257), (-0.20853952, 0.8399334, 1.0152524), (-0.3851528, 0.8399334, 1.0152524), (-0.20853952, 0.8399334, 1.054257), (-0.3851528, 0.8399334, 1.054257), (-0.1852594, 0.7794046, 1.0152524), (-0.1852594, 0.8480206, 1.0152524), (-0.1852594, 0.7794046, 1.054257), (-0.1852594, 0.8480206, 1.054257), (-0.22707054, 0.7794046, 1.0152524), (-0.22707054, 0.8480206, 1.0152524), (-0.22707054, 0.7794046, 1.054257), (-0.22707054, 0.8480206, 1.054257), (-0.27612752, 0.90832764, 1.3691216), (-0.295009, 0.90708256, 1.3062798), (-0.27612752, 0.8602101, 1.3691216), (-0.295009, 0.85896504, 1.3062798), (-0.49192697, 0.06423659, 1.6169378), (-0.92658144, 0.058594216, 1.1273822), (-0.49192697, 0.06548167, 1.5317448), (-0.88031983, 0.060123913, 1.0774761), (-0.49192697, 0.11235411, 1.6169378), (-0.92658144, 0.117711835, 1.1273822), (-0.49192697, 0.11359919, 1.5317448), (-0.88031983, 0.11924153, 1.0774761), (-0.8053167, 0.08928161, 1.2324544), (-0.8053167, 0.08928161, 0.3939064), (-0.76631224, 0.08928162, 1.2324544), (-0.76631224, 0.08928162, 0.3939064), (-0.8053167, 0.13109279, 1.2324544), (-0.8053167, 0.13109279, 0.3939064), (-0.76631224, 0.13109279, 1.2324544), (-0.76631224, 0.13109279, 0.3939064), (-0.5752728, 0.07248057, 0.26843536), (-0.5752728, 0.07248057, 0.0082087815), (-0.49192697, 0.07248057, 0.26843536), (-0.49192697, 0.07248057, 0.0082087815), (-0.5752728, 0.10517586, 0.26843536), (-0.5752728, 0.10517586, 0.0082087815), (-0.49192697, 0.10517586, 0.26843536), (-0.49192697, 0.10517586, 0.0082087815), (-0.8033856, 0.07434326, 1.1911482), (-0.49192697, 0.07434327, 1.1911482), (-0.8033856, 0.07434326, 1.2301526), (-0.49192697, 0.07434327, 1.2301526), (-0.8033856, 0.1353932, 1.1911482), (-0.49192697, 0.13539322, 1.1911482), (-0.8033856, 0.1353932, 1.2301526), (-0.49192697, 0.13539322, 1.2301526), (-0.6974994, 0.08928162, 1.3476354), (-0.6974994, 0.08928162, 0.3966147), (-0.6584949, 0.08928162, 1.3476354), (-0.6584949, 0.08928162, 0.3966147), (-0.6974994, 0.13109279, 1.3476354), (-0.6974994, 0.13109279, 0.3966147), (-0.6584949, 0.13109279, 1.3476354), (-0.6584949, 0.13109279, 0.3966147), (-0.77531445, 0.09081965, 1.0152524), (-0.77531445, 0.09081965, 1.054257), (-0.77531445, 0.13263083, 1.0152524), (-0.77531445, 0.13263083, 1.054257), (-0.7985946, 0.1245436, 1.0152524), (-0.7985946, 0.1245436, 1.054257), (-0.7567834, 0.12454361, 1.0152524), (-0.7567834, 0.12454361, 1.054257), (-0.7077265, 0.06423658, 1.3691216), (-0.688845, 0.06548166, 1.3062798), (-0.7077265, 0.1123541, 1.3691216), (-0.688845, 0.11359918, 1.3062798), (-0.491927, 0.90832764, 1.6169378), (-0.9265815, 0.91396993, 1.1273822), (-0.491927, 0.90708256, 1.5317448), (-0.8803199, 0.91244024, 1.0774761), (-0.491927, 0.8602101, 1.6169378), (-0.9265815, 0.8548523, 1.1273822), (-0.491927, 0.85896504, 1.5317448), (-0.8803199, 0.8533226, 1.0774761), (-0.80531675, 0.88328254, 1.2324544), (-0.80531675, 0.88328254, 0.3939064), (-0.7663123, 0.88328254, 1.2324544), (-0.7663123, 0.88328254, 0.3939064), (-0.80531675, 0.8414714, 1.2324544), (-0.80531675, 0.8414714, 0.3939064), (-0.7663123, 0.8414714, 1.2324544), (-0.7663123, 0.8414714, 0.3939064), (-0.8033857, 0.8982209, 1.1911482), (-0.491927, 0.89822096, 1.1911482), (-0.8033857, 0.8982209, 1.2301526), (-0.491927, 0.89822096, 1.2301526), (-0.8033857, 0.83717096, 1.1911482), (-0.491927, 0.837171, 1.1911482), (-0.8033857, 0.83717096, 1.2301526), (-0.491927, 0.837171, 1.2301526), (-0.69749945, 0.88328254, 1.3476354), (-0.69749945, 0.88328254, 0.3966147), (-0.65849495, 0.8832826, 1.3476354), (-0.65849495, 0.8832826, 0.3966147), (-0.69749945, 0.8414714, 1.3476354), (-0.69749945, 0.8414714, 0.3966147), (-0.65849495, 0.84147143, 1.3476354), (-0.65849495, 0.84147143, 0.3966147), (-0.7753145, 0.8817445, 1.0152524), (-0.59870124, 0.88174456, 1.0152524), (-0.7753145, 0.8817445, 1.054257), (-0.59870124, 0.88174456, 1.054257), (-0.7753145, 0.83993334, 1.0152524), (-0.59870124, 0.8399334, 1.0152524), (-0.7753145, 0.83993334, 1.054257), (-0.59870124, 0.8399334, 1.054257), (-0.79859465, 0.7794045, 1.0152524), (-0.79859465, 0.84802055, 1.0152524), (-0.79859465, 0.7794045, 1.054257), (-0.79859465, 0.84802055, 1.054257), (-0.7567835, 0.7794045, 1.0152524), (-0.7567835, 0.84802055, 1.0152524), (-0.7567835, 0.7794045, 1.054257), (-0.7567835, 0.84802055, 1.054257), (-0.70772654, 0.9083276, 1.3691216), (-0.68884504, 0.9070825, 1.3062798), (-0.70772654, 0.86021006, 1.3691216), (-0.68884504, 0.858965, 1.3062798), (-0.52399784, 1.0133007, 1.6355003), (-0.5239978, -0.038347356, 1.6355003), (-0.52399784, 1.0133007, 1.5732633), (-0.5239978, -0.038347356, 1.5732633), (-0.4589542, 1.0133007, 1.6355003), (-0.45895416, -0.038347352, 1.6355003), (-0.4589542, 1.0133007, 1.5732633), (-0.45895416, -0.038347352, 1.5732633), (-0.52399784, 0.7784226, 1.6155704), (-0.52399784, 0.7784226, 1.5533334), (-0.4589542, 0.7784226, 1.6155704), (-0.4589542, 0.7784226, 1.5533334), (-0.37591296, 0.062094107, 0.27945343), (-0.37591296, 0.062094107, 0.0082087815), (-0.4145245, 0.062094104, 0.27945343), (-0.4145245, 0.062094104, 0.0082087815), (-0.37591296, 0.10348399, 0.27945343), (-0.37591296, 0.10348399, 0.0082087815), (-0.4145245, 0.10348399, 0.27945343), (-0.4145245, 0.10348399, 0.0082087815), (-0.36541712, 0.023237301, 0.30318466), (-0.36541712, 0.11619766, 0.30318466), (-0.36541712, 0.023237301, 0.26504517), (-0.36541712, 0.11619766, 0.26504517), (-0.607941, 0.062094096, 0.27945343), (-0.607941, 0.062094096, 0.0082087815), (-0.56932944, 0.062094096, 0.27945343), (-0.56932944, 0.062094096, 0.0082087815), (-0.607941, 0.103483975, 0.27945343), (-0.607941, 0.103483975, 0.0082087815), (-0.56932944, 0.10348398, 0.27945343), (-0.56932944, 0.10348398, 0.0082087815), (-0.6184368, 0.02323729, 0.30318466), (-0.49192697, 0.023237295, 0.30318466), (-0.6184368, 0.116197646, 0.30318466), (-0.49192697, 0.11619765, 0.30318466), (-0.6184368, 0.02323729, 0.26504517), (-0.49192697, 0.023237295, 0.26504517), (-0.6184368, 0.116197646, 0.26504517), (-0.49192697, 0.11619765, 0.26504517), (-0.47885036, 0.120999105, 1.5699388), (-0.36933345, 0.12099911, 1.491306), (-0.47988844, 0.23669387, 1.5692972), (-0.37037155, 0.23669387, 1.4906641), (-0.46732032, 0.14821549, 1.5919205), (-0.4677487, 0.20920272, 1.5918058), (-0.4620707, 0.17876603, 1.6021343), (-0.3582317, 0.20920266, 1.5131727), (-0.35780337, 0.14821549, 1.5132877), (-0.35255376, 0.17876597, 1.5235013), (-0.40244955, 0.12099911, 1.4807626), (-0.29293263, 0.12099911, 1.4021298), (-0.40348762, 0.23669387, 1.480121), (-0.2939707, 0.23669387, 1.4014882), (-0.39091948, 0.14821549, 1.5027443), (-0.39134786, 0.20920272, 1.5026296), (-0.3856699, 0.17876603, 1.5129582), (-0.28183088, 0.20920266, 1.4239966), (-0.28140256, 0.14821549, 1.4241115), (-0.27615294, 0.17876597, 1.4343253), (-0.32604873, 0.12099911, 1.3915867), (-0.21653181, 0.12099912, 1.3129536), (-0.3270868, 0.23669387, 1.3909448), (-0.2175699, 0.23669387, 1.312312), (-0.31451866, 0.14821549, 1.4135684), (-0.31494704, 0.20920272, 1.4134535), (-0.30926907, 0.17876603, 1.4237822), (-0.20543005, 0.20920266, 1.3348205), (-0.20500171, 0.14821549, 1.3349353), (-0.1997521, 0.17876597, 1.3451492), (-0.24964789, 0.12099912, 1.3024105), (-0.140131, 0.12099912, 1.2237774), (-0.25068596, 0.23669387, 1.3017687), (-0.14116909, 0.23669389, 1.2231358), (-0.23811781, 0.14821549, 1.3243922), (-0.23854621, 0.20920272, 1.3242773), (-0.23286824, 0.17876603, 1.334606), (-0.12902923, 0.20920268, 1.2456445), (-0.1286009, 0.1482155, 1.2457591), (-0.1233513, 0.17876598, 1.255973), (-0.17324707, 0.12099912, 1.2132343), (-0.0637302, 0.12099913, 1.1346012), (-0.17428516, 0.23669387, 1.2125927), (-0.06476828, 0.23669389, 1.1339597), (-0.161717, 0.1482155, 1.235216), (-0.16214539, 0.20920274, 1.2351011), (-0.15646742, 0.17876604, 1.2454299), (-0.052628413, 0.20920268, 1.1564683), (-0.052200094, 0.1482155, 1.1565832), (-0.046950474, 0.17876598, 1.1667968), (-0.5050036, 0.120999105, 1.5699388), (-0.6145205, 0.1209991, 1.491306), (-0.5039655, 0.23669387, 1.5692972), (-0.6134824, 0.23669386, 1.4906641), (-0.5165336, 0.14821547, 1.5919205), (-0.51610523, 0.2092027, 1.5918058), (-0.52178323, 0.17876601, 1.6021343), (-0.6256223, 0.20920265, 1.5131727), (-0.6260506, 0.14821547, 1.5132877), (-0.6313002, 0.17876595, 1.5235013), (-0.5814044, 0.120999105, 1.4807626), (-0.6909213, 0.1209991, 1.4021298), (-0.5803663, 0.23669386, 1.480121), (-0.68988323, 0.23669386, 1.4014882), (-0.5929344, 0.14821547, 1.5027443), (-0.59250605, 0.2092027, 1.5026296), (-0.59818405, 0.17876601, 1.5129582), (-0.702023, 0.20920265, 1.4239966), (-0.70245135, 0.14821547, 1.4241115), (-0.70770097, 0.17876595, 1.4343253), (-0.6578052, 0.1209991, 1.3915867), (-0.7673221, 0.12099909, 1.3129536), (-0.65676713, 0.23669386, 1.3909448), (-0.76628405, 0.23669386, 1.312312), (-0.66933525, 0.14821547, 1.4135684), (-0.6689069, 0.2092027, 1.4134535), (-0.67458487, 0.17876601, 1.4237822), (-0.7784239, 0.20920265, 1.3348205), (-0.7788522, 0.14821547, 1.3349353), (-0.78410184, 0.17876595, 1.3451492), (-0.7342061, 0.1209991, 1.3024105), (-0.84372294, 0.12099909, 1.2237774), (-0.733168, 0.23669386, 1.3017687), (-0.84268486, 0.23669386, 1.2231358), (-0.7457361, 0.14821547, 1.3243922), (-0.74530774, 0.2092027, 1.3242773), (-0.75098574, 0.17876601, 1.334606), (-0.8548247, 0.20920263, 1.2456445), (-0.85525304, 0.14821546, 1.2457591), (-0.86050266, 0.17876594, 1.255973), (-0.81060684, 0.12099909, 1.2132343), (-0.92012376, 0.12099909, 1.1346012), (-0.80956876, 0.23669386, 1.2125927), (-0.9190857, 0.23669384, 1.1339597), (-0.82213694, 0.14821547, 1.235216), (-0.82170856, 0.2092027, 1.2351011), (-0.8273865, 0.17876601, 1.2454299), (-0.93122554, 0.20920263, 1.1564683), (-0.93165386, 0.14821546, 1.1565832), (-0.9369035, 0.17876594, 1.1667968), (-0.4788504, 0.47521558, 1.5699388), (-0.36933348, 0.47521558, 1.491306), (-0.47988847, 0.5909103, 1.5692972), (-0.37037158, 0.5909103, 1.4906641), (-0.46732035, 0.502432, 1.5919205), (-0.46774873, 0.5634192, 1.5918058), (-0.46207073, 0.53298247, 1.6021343), (-0.35823172, 0.5634191, 1.5131727), (-0.3578034, 0.502432, 1.5132877), (-0.35255378, 0.53298247, 1.5235013), (-0.40244958, 0.47521558, 1.4807626), (-0.29293266, 0.4752156, 1.4021298), (-0.40348765, 0.5909103, 1.480121), (-0.29397073, 0.5909103, 1.4014882), (-0.3909195, 0.502432, 1.5027443), (-0.3913479, 0.5634192, 1.5026296), (-0.38566992, 0.53298247, 1.5129582), (-0.2818309, 0.5634191, 1.4239966), (-0.2814026, 0.502432, 1.4241115), (-0.27615297, 0.53298247, 1.4343253), (-0.32604876, 0.4752156, 1.3915867), (-0.21653183, 0.4752156, 1.3129536), (-0.32708684, 0.5909103, 1.3909448), (-0.21756992, 0.5909103, 1.312312), (-0.3145187, 0.502432, 1.4135684), (-0.31494707, 0.5634192, 1.4134535), (-0.3092691, 0.53298247, 1.4237822), (-0.20543006, 0.5634191, 1.3348205), (-0.20500173, 0.502432, 1.3349353), (-0.19975212, 0.53298247, 1.3451492), (-0.2496479, 0.4752156, 1.3024105), (-0.14013101, 0.4752156, 1.2237774), (-0.250686, 0.5909103, 1.3017687), (-0.1411691, 0.5909103, 1.2231358), (-0.23811783, 0.502432, 1.3243922), (-0.23854622, 0.5634192, 1.3242773), (-0.23286825, 0.53298247, 1.334606), (-0.12902924, 0.5634191, 1.2456445), (-0.12860091, 0.502432, 1.2457591), (-0.1233513, 0.53298247, 1.255973), (-0.17324708, 0.4752156, 1.2132343), (-0.0637302, 0.4752156, 1.1346012), (-0.17428517, 0.5909103, 1.2125927), (-0.06476828, 0.5909103, 1.1339597), (-0.16171701, 0.502432, 1.235216), (-0.1621454, 0.5634192, 1.2351011), (-0.15646744, 0.53298247, 1.2454299), (-0.052628424, 0.5634191, 1.1564683), (-0.0522001, 0.502432, 1.1565832), (-0.04695048, 0.53298247, 1.1667968), (-0.5050036, 0.47521558, 1.5699388), (-0.6145205, 0.47521558, 1.491306), (-0.5039655, 0.5909103, 1.5692972), (-0.6134824, 0.5909103, 1.4906641), (-0.5165336, 0.502432, 1.5919205), (-0.51610523, 0.5634192, 1.5918058), (-0.52178323, 0.53298247, 1.6021343), (-0.6256223, 0.5634191, 1.5131727), (-0.6260506, 0.502432, 1.5132877), (-0.6313002, 0.53298247, 1.5235013), (-0.5814044, 0.47521558, 1.4807626), (-0.6909213, 0.47521558, 1.4021298), (-0.5803663, 0.5909103, 1.480121), (-0.68988323, 0.59091026, 1.4014882), (-0.5929344, 0.502432, 1.5027443), (-0.59250605, 0.5634192, 1.5026296), (-0.59818405, 0.53298247, 1.5129582), (-0.702023, 0.56341904, 1.4239966), (-0.70245135, 0.5024319, 1.4241115), (-0.70770097, 0.5329824, 1.4343253), (-0.6578052, 0.47521558, 1.3915867), (-0.7673221, 0.47521558, 1.3129536), (-0.65676713, 0.5909103, 1.3909448), (-0.76628405, 0.59091026, 1.312312), (-0.66933525, 0.502432, 1.4135684), (-0.6689069, 0.5634192, 1.4134535), (-0.67458487, 0.53298247, 1.4237822), (-0.7784239, 0.56341904, 1.3348205), (-0.7788522, 0.5024319, 1.3349353), (-0.78410184, 0.5329824, 1.3451492), (-0.7342061, 0.47521558, 1.3024105), (-0.84372294, 0.47521558, 1.2237774), (-0.733168, 0.59091026, 1.3017687), (-0.84268486, 0.59091026, 1.2231358), (-0.7457361, 0.5024319, 1.3243922), (-0.74530774, 0.56341916, 1.3242773), (-0.75098574, 0.5329824, 1.334606), (-0.8548247, 0.56341904, 1.2456445), (-0.85525304, 0.5024319, 1.2457591), (-0.86050266, 0.5329824, 1.255973), (-0.81060684, 0.47521558, 1.2132343), (-0.92012376, 0.47521558, 1.1346012), (-0.80956876, 0.59091026, 1.2125927), (-0.9190857, 0.59091026, 1.1339597), (-0.82213694, 0.5024319, 1.235216), (-0.82170856, 0.56341916, 1.2351011), (-0.8273865, 0.5329824, 1.2454299), (-0.93122554, 0.56341904, 1.1564683), (-0.93165386, 0.5024319, 1.1565832), (-0.9369035, 0.5329824, 1.1667968), (-0.4788504, 0.59669507, 1.5699388), (-0.36933348, 0.59669507, 1.491306), (-0.47988847, 0.7123898, 1.5692972), (-0.37037158, 0.7123898, 1.4906641), (-0.46732035, 0.62391144, 1.5919205), (-0.46774873, 0.6848987, 1.5918058), (-0.46207073, 0.654462, 1.6021343), (-0.35823172, 0.6848986, 1.5131727), (-0.3578034, 0.62391144, 1.5132877), (-0.35255378, 0.6544619, 1.5235013), (-0.40244958, 0.59669507, 1.4807626), (-0.29293266, 0.59669507, 1.4021298), (-0.40348765, 0.7123898, 1.480121), (-0.29397073, 0.7123898, 1.4014882), (-0.3909195, 0.62391144, 1.5027443), (-0.3913479, 0.6848987, 1.5026296), (-0.38566992, 0.654462, 1.5129582), (-0.2818309, 0.6848986, 1.4239966), (-0.2814026, 0.62391144, 1.4241115), (-0.27615297, 0.6544619, 1.4343253), (-0.32604876, 0.59669507, 1.3915867), (-0.21653184, 0.59669507, 1.3129536), (-0.32708684, 0.7123898, 1.3909448), (-0.21756992, 0.7123898, 1.312312), (-0.3145187, 0.62391144, 1.4135684), (-0.31494707, 0.6848987, 1.4134535), (-0.3092691, 0.654462, 1.4237822), (-0.20543006, 0.6848986, 1.3348205), (-0.20500174, 0.62391144, 1.3349353), (-0.19975212, 0.6544619, 1.3451492), (-0.24964792, 0.59669507, 1.3024105), (-0.14013103, 0.59669507, 1.2237774), (-0.250686, 0.7123898, 1.3017687), (-0.1411691, 0.7123898, 1.2231358), (-0.23811784, 0.62391144, 1.3243922), (-0.23854622, 0.6848987, 1.3242773), (-0.23286825, 0.654462, 1.334606), (-0.12902924, 0.6848986, 1.2456445), (-0.12860093, 0.62391144, 1.2457591), (-0.123351306, 0.6544619, 1.255973), (-0.1732471, 0.59669507, 1.2132343), (-0.06373021, 0.59669507, 1.1346012), (-0.17428517, 0.7123898, 1.2125927), (-0.064768285, 0.7123898, 1.1339597), (-0.16171703, 0.62391144, 1.235216), (-0.1621454, 0.6848987, 1.2351011), (-0.15646744, 0.654462, 1.2454299), (-0.052628428, 0.6848986, 1.1564683), (-0.052200105, 0.62391144, 1.1565832), (-0.04695049, 0.6544619, 1.1667968), (-0.5050036, 0.59669507, 1.5699388), (-0.6145205, 0.59669507, 1.491306), (-0.50396556, 0.7123898, 1.5692972), (-0.6134825, 0.7123898, 1.4906641), (-0.5165336, 0.62391144, 1.5919205), (-0.5161053, 0.6848987, 1.5918058), (-0.52178323, 0.654462, 1.6021343), (-0.62562233, 0.6848986, 1.5131727), (-0.6260506, 0.62391144, 1.5132877), (-0.6313002, 0.6544619, 1.5235013), (-0.5814044, 0.59669507, 1.4807626), (-0.6909213, 0.596695, 1.4021298), (-0.5803664, 0.7123898, 1.480121), (-0.6898833, 0.71238977, 1.4014882), (-0.5929344, 0.62391144, 1.5027443), (-0.5925061, 0.6848987, 1.5026296), (-0.59818405, 0.654462, 1.5129582), (-0.7020231, 0.68489856, 1.4239966), (-0.70245135, 0.6239114, 1.4241115), (-0.70770097, 0.65446186, 1.4343253), (-0.6578052, 0.59669507, 1.3915867), (-0.7673221, 0.596695, 1.3129536), (-0.6567672, 0.7123898, 1.3909448), (-0.7662841, 0.71238977, 1.312312), (-0.66933525, 0.62391144, 1.4135684), (-0.668907, 0.6848987, 1.4134535), (-0.67458487, 0.654462, 1.4237822), (-0.77842396, 0.68489856, 1.3348205), (-0.7788522, 0.6239114, 1.3349353), (-0.78410184, 0.65446186, 1.3451492), (-0.7342061, 0.596695, 1.3024105), (-0.84372294, 0.596695, 1.2237774), (-0.73316807, 0.71238977, 1.3017687), (-0.8426849, 0.71238977, 1.2231358), (-0.7457361, 0.6239114, 1.3243922), (-0.7453078, 0.6848986, 1.3242773), (-0.75098574, 0.6544619, 1.334606), (-0.8548248, 0.68489856, 1.2456445), (-0.85525304, 0.6239114, 1.2457591), (-0.86050266, 0.65446186, 1.255973), (-0.81060684, 0.596695, 1.2132343), (-0.92012376, 0.596695, 1.1346012), (-0.8095688, 0.71238977, 1.2125927), (-0.91908574, 0.71238977, 1.1339597), (-0.82213694, 0.6239114, 1.235216), (-0.8217086, 0.6848986, 1.2351011), (-0.8273865, 0.6544619, 1.2454299), (-0.9312256, 0.68489856, 1.1564683), (-0.93165386, 0.6239114, 1.1565832), (-0.9369035, 0.65446186, 1.1667968), (-0.4788504, 0.7181746, 1.5699388), (-0.36933348, 0.7181746, 1.491306), (-0.47988847, 0.83386934, 1.5692972), (-0.37037158, 0.83386934, 1.4906641), (-0.46732035, 0.74539095, 1.5919205), (-0.46774873, 0.8063782, 1.5918058), (-0.46207073, 0.7759415, 1.6021343), (-0.35823172, 0.8063781, 1.5131727), (-0.3578034, 0.74539095, 1.5132877), (-0.35255378, 0.77594143, 1.5235013), (-0.40244958, 0.7181746, 1.4807626), (-0.29293266, 0.7181746, 1.4021298), (-0.40348765, 0.83386934, 1.480121), (-0.29397073, 0.83386934, 1.4014882), (-0.3909195, 0.74539095, 1.5027443), (-0.3913479, 0.8063782, 1.5026296), (-0.38566992, 0.7759415, 1.5129582), (-0.2818309, 0.8063781, 1.4239966), (-0.2814026, 0.74539095, 1.4241115), (-0.27615297, 0.77594143, 1.4343253), (-0.32604876, 0.7181746, 1.3915867), (-0.21653184, 0.7181746, 1.3129536), (-0.32708684, 0.83386934, 1.3909448), (-0.21756992, 0.83386934, 1.312312), (-0.3145187, 0.74539095, 1.4135684), (-0.31494707, 0.8063782, 1.4134535), (-0.3092691, 0.7759415, 1.4237822), (-0.20543006, 0.8063781, 1.3348205), (-0.20500174, 0.74539095, 1.3349353), (-0.19975212, 0.77594143, 1.3451492), (-0.24964792, 0.7181746, 1.3024105), (-0.14013103, 0.7181746, 1.2237774), (-0.250686, 0.83386934, 1.3017687), (-0.1411691, 0.83386934, 1.2231358), (-0.23811784, 0.74539095, 1.3243922), (-0.23854622, 0.8063782, 1.3242773), (-0.23286825, 0.7759415, 1.334606), (-0.12902924, 0.8063781, 1.2456445), (-0.12860093, 0.74539095, 1.2457591), (-0.12335131, 0.77594143, 1.255973), (-0.1732471, 0.7181746, 1.2132343), (-0.06373021, 0.7181746, 1.1346012), (-0.17428517, 0.83386934, 1.2125927), (-0.06476829, 0.83386934, 1.1339597), (-0.16171703, 0.74539095, 1.235216), (-0.1621454, 0.8063782, 1.2351011), (-0.15646744, 0.7759415, 1.2454299), (-0.05262843, 0.8063781, 1.1564683), (-0.052200112, 0.74539095, 1.1565832), (-0.046950493, 0.77594143, 1.1667968), (-0.50500363, 0.7181746, 1.5699388), (-0.61452055, 0.7181746, 1.491306), (-0.50396556, 0.83386934, 1.5692972), (-0.6134825, 0.83386934, 1.4906641), (-0.5165337, 0.74539095, 1.5919205), (-0.5161053, 0.8063782, 1.5918058), (-0.5217833, 0.7759415, 1.6021343), (-0.62562233, 0.8063781, 1.5131727), (-0.62605065, 0.74539095, 1.5132877), (-0.6313003, 0.77594143, 1.5235013), (-0.58140445, 0.7181746, 1.4807626), (-0.69092137, 0.7181745, 1.4021298), (-0.5803664, 0.83386934, 1.480121), (-0.6898833, 0.8338693, 1.4014882), (-0.5929345, 0.74539095, 1.5027443), (-0.5925061, 0.8063782, 1.5026296), (-0.5981841, 0.7759415, 1.5129582), (-0.7020231, 0.80637807, 1.4239966), (-0.7024514, 0.7453909, 1.4241115), (-0.707701, 0.7759414, 1.4343253), (-0.65780526, 0.7181746, 1.3915867), (-0.7673222, 0.7181745, 1.3129536), (-0.6567672, 0.83386934, 1.3909448), (-0.7662841, 0.8338693, 1.312312), (-0.6693353, 0.74539095, 1.4135684), (-0.668907, 0.8063782, 1.4134535), (-0.6745849, 0.7759415, 1.4237822), (-0.77842396, 0.80637807, 1.3348205), (-0.7788523, 0.7453909, 1.3349353), (-0.7841019, 0.7759414, 1.3451492), (-0.73420614, 0.7181745, 1.3024105), (-0.843723, 0.7181745, 1.2237774), (-0.73316807, 0.8338693, 1.3017687), (-0.8426849, 0.8338693, 1.2231358), (-0.7457362, 0.7453909, 1.3243922), (-0.7453078, 0.8063781, 1.3242773), (-0.7509858, 0.77594143, 1.334606), (-0.8548248, 0.80637807, 1.2456445), (-0.8552531, 0.7453909, 1.2457591), (-0.8605027, 0.7759414, 1.255973), (-0.8106069, 0.7181745, 1.2132343), (-0.9201238, 0.7181745, 1.1346012), (-0.8095688, 0.8338693, 1.2125927), (-0.91908574, 0.8338693, 1.1339597), (-0.822137, 0.7453909, 1.235216), (-0.8217086, 0.8063781, 1.2351011), (-0.82738656, 0.77594143, 1.2454299), (-0.9312256, 0.80637807, 1.1564683), (-0.9316539, 0.7453909, 1.1565832), (-0.93690354, 0.7759414, 1.1667968), (-0.4831785, 0.1277016, 1.5639106), (-0.37366158, 0.1277016, 1.4852775), (-0.48417476, 0.22991295, 1.5633272), (-0.37465787, 0.22991295, 1.4846941), (-0.47233388, 0.15332426, 1.5849379), (-0.47272655, 0.20399256, 1.5848726), (-0.46790278, 0.1787001, 1.5940117), (-0.36316073, 0.20385762, 1.5063077), (-0.36276323, 0.15347655, 1.5063797), (-0.35838586, 0.17872079, 1.5153786), (-0.40677768, 0.1277016, 1.4747344), (-0.29726076, 0.1277016, 1.3961014), (-0.40777394, 0.22991295, 1.474151), (-0.29825705, 0.22991295, 1.3955182), (-0.39593306, 0.15332426, 1.4957618), (-0.39632574, 0.20399256, 1.4956964), (-0.39150196, 0.1787001, 1.5048355), (-0.2867599, 0.20385762, 1.4171315), (-0.2863624, 0.15347655, 1.4172035), (-0.28198504, 0.17872079, 1.4262024), (-0.33037686, 0.1277016, 1.3855582), (-0.22085994, 0.1277016, 1.3069252), (-0.33137313, 0.22991295, 1.3849748), (-0.22185622, 0.22991295, 1.306342), (-0.31953225, 0.15332426, 1.4065856), (-0.3199249, 0.20399256, 1.4065202), (-0.31510115, 0.1787001, 1.4156593), (-0.21035908, 0.20385762, 1.3279554), (-0.2099616, 0.15347655, 1.3280276), (-0.20558418, 0.17872079, 1.3370262), (-0.25397602, 0.1277016, 1.2963821), (-0.14445913, 0.12770161, 1.2177491), (-0.25497228, 0.22991295, 1.2957987), (-0.1454554, 0.22991297, 1.2171658), (-0.2431314, 0.15332456, 1.3174094), (-0.24352407, 0.20399256, 1.3173441), (-0.23870032, 0.1787001, 1.3264831), (-0.13395827, 0.20385763, 1.2387792), (-0.13356078, 0.15347657, 1.2388514), (-0.12918337, 0.1787208, 1.2478501), (-0.1775752, 0.1277016, 1.2072059), (-0.068058334, 0.12770161, 1.1285731), (-0.17857148, 0.22991295, 1.2066226), (-0.069054596, 0.22991297, 1.1279896), (-0.16673058, 0.15332428, 1.2282335), (-0.16712327, 0.20399258, 1.228168), (-0.1622995, 0.17870012, 1.237307), (-0.05755745, 0.20385763, 1.149603), (-0.057159975, 0.15347657, 1.1496753), (-0.05278255, 0.1787208, 1.1586741), (-0.50067544, 0.1277016, 1.5639106), (-0.61019236, 0.12770158, 1.4852775), (-0.49967918, 0.22991295, 1.5633272), (-0.60919607, 0.22991294, 1.4846941), (-0.51152, 0.15332425, 1.5849379), (-0.51112735, 0.20399256, 1.5848726), (-0.51595116, 0.17870009, 1.5940117), (-0.6206932, 0.2038576, 1.5063077), (-0.6210907, 0.15347654, 1.5063797), (-0.6254681, 0.17872077, 1.5153786), (-0.57707626, 0.12770158, 1.4747344), (-0.6865932, 0.12770158, 1.3961014), (-0.57607996, 0.22991294, 1.474151), (-0.6855969, 0.22991294, 1.3955182), (-0.5879209, 0.15332425, 1.4957618), (-0.5875282, 0.20399255, 1.4956964), (-0.592352, 0.17870009, 1.5048355), (-0.697094, 0.2038576, 1.4171315), (-0.6974915, 0.15347654, 1.4172035), (-0.7018689, 0.17872077, 1.4262024), (-0.6534771, 0.12770158, 1.3855582), (-0.762994, 0.12770158, 1.3069252), (-0.65248084, 0.22991294, 1.3849748), (-0.7619977, 0.22991294, 1.306342), (-0.66432166, 0.15332425, 1.4065856), (-0.66392905, 0.20399255, 1.4065202), (-0.6687528, 0.17870009, 1.4156593), (-0.77349484, 0.2038576, 1.3279554), (-0.77389234, 0.15347654, 1.3280276), (-0.77826977, 0.17872077, 1.3370262), (-0.72987795, 0.12770158, 1.2963821), (-0.8393948, 0.12770158, 1.2177491), (-0.72888166, 0.22991294, 1.2957987), (-0.8383986, 0.22991294, 1.2171658), (-0.74072254, 0.15332425, 1.3174094), (-0.74032986, 0.20399255, 1.3173441), (-0.74515367, 0.17870009, 1.3264831), (-0.8498957, 0.2038576, 1.2387792), (-0.85029316, 0.15347654, 1.2388514), (-0.8546706, 0.17872076, 1.2478501), (-0.8062787, 0.12770158, 1.2072059), (-0.9157956, 0.12770157, 1.1285731), (-0.8052825, 0.22991294, 1.2066226), (-0.91479933, 0.22991292, 1.1279896), (-0.81712335, 0.15332425, 1.2282335), (-0.8167307, 0.20399255, 1.228168), (-0.8215544, 0.17870009, 1.237307), (-0.9262965, 0.20385759, 1.149603), (-0.926694, 0.15347652, 1.1496753), (-0.9310714, 0.17872076, 1.1586741), (-0.48317853, 0.48191807, 1.5639106), (-0.3736616, 0.48191807, 1.4852775), (-0.4841748, 0.58412945, 1.5633272), (-0.3746579, 0.58412945, 1.4846941), (-0.4723339, 0.50754076, 1.5849379), (-0.47272658, 0.55820906, 1.5848726), (-0.4679028, 0.53291655, 1.5940117), (-0.36316076, 0.5580741, 1.5063077), (-0.36276326, 0.50769305, 1.5063797), (-0.3583859, 0.5329373, 1.5153786), (-0.4067777, 0.48191807, 1.4747344), (-0.2972608, 0.4819181, 1.3961014), (-0.40777397, 0.58412945, 1.474151), (-0.29825708, 0.58412945, 1.3955182), (-0.3959331, 0.50754076, 1.4957618), (-0.39632577, 0.55820906, 1.4956964), (-0.391502, 0.53291655, 1.5048355), (-0.28675994, 0.5580741, 1.4171315), (-0.28636244, 0.50769305, 1.4172035), (-0.28198507, 0.5329373, 1.4262024), (-0.3303769, 0.4819181, 1.3855582), (-0.22085996, 0.4819181, 1.3069252), (-0.33137316, 0.58412945, 1.3849748), (-0.22185624, 0.58412945, 1.306342), (-0.31953228, 0.50754076, 1.4065856), (-0.31992492, 0.55820906, 1.4065202), (-0.31510118, 0.53291655, 1.4156593), (-0.2103591, 0.5580741, 1.3279554), (-0.20996161, 0.50769305, 1.3280276), (-0.2055842, 0.5329373, 1.3370262), (-0.25397605, 0.4819181, 1.2963821), (-0.14445914, 0.4819181, 1.2177491), (-0.2549723, 0.58412945, 1.2957987), (-0.14545542, 0.58412945, 1.2171658), (-0.24313141, 0.50754106, 1.3174094), (-0.24352409, 0.55820906, 1.3173441), (-0.23870033, 0.53291655, 1.3264831), (-0.13395828, 0.5580741, 1.2387792), (-0.13356079, 0.50769305, 1.2388514), (-0.12918338, 0.5329373, 1.2478501), (-0.17757522, 0.4819181, 1.2072059), (-0.068058334, 0.4819181, 1.1285731), (-0.17857149, 0.58412945, 1.2066226), (-0.069054596, 0.58412945, 1.1279896), (-0.1667306, 0.50754076, 1.2282335), (-0.16712329, 0.55820906, 1.228168), (-0.16229951, 0.53291655, 1.237307), (-0.05755746, 0.5580741, 1.149603), (-0.057159983, 0.50769305, 1.1496753), (-0.052782558, 0.5329373, 1.1586741), (-0.50067544, 0.48191807, 1.5639106), (-0.61019236, 0.48191807, 1.4852775), (-0.4996792, 0.58412945, 1.5633272), (-0.60919607, 0.58412945, 1.4846941), (-0.51152, 0.50754076, 1.5849379), (-0.51112735, 0.55820906, 1.5848726), (-0.51595116, 0.53291655, 1.5940117), (-0.6206932, 0.5580741, 1.5063077), (-0.6210907, 0.50769305, 1.5063797), (-0.6254681, 0.5329373, 1.5153786), (-0.57707626, 0.48191807, 1.4747344), (-0.6865932, 0.48191807, 1.3961014), (-0.57607996, 0.58412945, 1.474151), (-0.6855969, 0.5841294, 1.3955182), (-0.5879209, 0.50754076, 1.4957618), (-0.5875282, 0.55820906, 1.4956964), (-0.592352, 0.53291655, 1.5048355), (-0.697094, 0.55807406, 1.4171315), (-0.6974915, 0.507693, 1.4172035), (-0.7018689, 0.5329372, 1.4262024), (-0.6534771, 0.48191807, 1.3855582), (-0.762994, 0.48191807, 1.3069252), (-0.65248084, 0.58412945, 1.3849748), (-0.7619977, 0.5841294, 1.306342), (-0.66432166, 0.50754076, 1.4065856), (-0.66392905, 0.55820906, 1.4065202), (-0.6687528, 0.53291655, 1.4156593), (-0.77349484, 0.55807406, 1.3279554), (-0.77389234, 0.507693, 1.3280276), (-0.77826977, 0.5329372, 1.3370262), (-0.72987795, 0.48191807, 1.2963821), (-0.8393948, 0.48191807, 1.2177491), (-0.72888166, 0.5841294, 1.2957987), (-0.8383986, 0.5841294, 1.2171658), (-0.74072254, 0.5075407, 1.3174094), (-0.74032986, 0.558209, 1.3173441), (-0.74515367, 0.5329165, 1.3264831), (-0.8498957, 0.55807406, 1.2387792), (-0.85029316, 0.507693, 1.2388514), (-0.8546706, 0.5329372, 1.2478501), (-0.8062787, 0.48191807, 1.2072059), (-0.9157956, 0.48191807, 1.1285731), (-0.8052825, 0.5841294, 1.2066226), (-0.91479933, 0.5841294, 1.1279896), (-0.81712335, 0.5075407, 1.2282335), (-0.8167307, 0.558209, 1.228168), (-0.8215544, 0.5329165, 1.237307), (-0.9262965, 0.55807406, 1.149603), (-0.926694, 0.507693, 1.1496753), (-0.9310714, 0.5329372, 1.1586741), (-0.48317853, 0.60339755, 1.5639106), (-0.3736616, 0.60339755, 1.4852775), (-0.4841748, 0.70560896, 1.5633272), (-0.3746579, 0.70560896, 1.4846941), (-0.4723339, 0.6290203, 1.5849379), (-0.47272658, 0.6796886, 1.5848726), (-0.4679028, 0.65439606, 1.5940117), (-0.36316076, 0.6795536, 1.5063077), (-0.36276326, 0.62917256, 1.5063797), (-0.3583859, 0.6544168, 1.5153786), (-0.4067777, 0.60339755, 1.4747344), (-0.2972608, 0.60339755, 1.3961014), (-0.40777397, 0.70560896, 1.474151), (-0.29825708, 0.70560896, 1.3955182), (-0.3959331, 0.6290203, 1.4957618), (-0.39632577, 0.6796886, 1.4956964), (-0.391502, 0.65439606, 1.5048355), (-0.28675994, 0.6795536, 1.4171315), (-0.28636244, 0.62917256, 1.4172035), (-0.28198507, 0.6544168, 1.4262024), (-0.3303769, 0.60339755, 1.3855582), (-0.22085997, 0.60339755, 1.3069252), (-0.33137316, 0.70560896, 1.3849748), (-0.22185624, 0.70560896, 1.306342), (-0.31953228, 0.6290203, 1.4065856), (-0.31992492, 0.6796886, 1.4065202), (-0.31510118, 0.65439606, 1.4156593), (-0.2103591, 0.6795536, 1.3279554), (-0.20996162, 0.62917256, 1.3280276), (-0.2055842, 0.6544168, 1.3370262), (-0.25397605, 0.60339755, 1.2963821), (-0.14445916, 0.60339755, 1.2177491), (-0.2549723, 0.70560896, 1.2957987), (-0.14545542, 0.70560896, 1.2171658), (-0.24313143, 0.6290206, 1.3174094), (-0.24352409, 0.6796886, 1.3173441), (-0.23870033, 0.65439606, 1.3264831), (-0.13395828, 0.6795536, 1.2387792), (-0.1335608, 0.62917256, 1.2388514), (-0.12918338, 0.6544168, 1.2478501), (-0.17757523, 0.60339755, 1.2072059), (-0.06805834, 0.60339755, 1.1285731), (-0.17857149, 0.70560896, 1.2066226), (-0.0690546, 0.70560896, 1.1279896), (-0.16673061, 0.6290203, 1.2282335), (-0.16712329, 0.6796886, 1.228168), (-0.16229951, 0.65439606, 1.237307), (-0.057557464, 0.6795536, 1.149603), (-0.057159986, 0.62917256, 1.1496753), (-0.052782565, 0.6544168, 1.1586741), (-0.50067544, 0.60339755, 1.5639106), (-0.61019236, 0.60339755, 1.4852775), (-0.4996792, 0.70560896, 1.5633272), (-0.6091961, 0.70560896, 1.4846941), (-0.51152, 0.6290203, 1.5849379), (-0.51112735, 0.6796886, 1.5848726), (-0.51595116, 0.65439606, 1.5940117), (-0.6206932, 0.6795536, 1.5063077), (-0.6210907, 0.62917256, 1.5063797), (-0.6254681, 0.6544168, 1.5153786), (-0.57707626, 0.60339755, 1.4747344), (-0.6865932, 0.6033975, 1.3961014), (-0.57608, 0.70560896, 1.474151), (-0.68559694, 0.7056089, 1.3955182), (-0.5879209, 0.6290203, 1.4957618), (-0.5875282, 0.6796886, 1.4956964), (-0.592352, 0.65439606, 1.5048355), (-0.697094, 0.67955357, 1.4171315), (-0.6974915, 0.6291725, 1.4172035), (-0.7018689, 0.65441674, 1.4262024), (-0.6534771, 0.60339755, 1.3855582), (-0.762994, 0.6033975, 1.3069252), (-0.6524809, 0.70560896, 1.3849748), (-0.76199776, 0.7056089, 1.306342), (-0.66432166, 0.6290203, 1.4065856), (-0.66392905, 0.6796886, 1.4065202), (-0.6687528, 0.65439606, 1.4156593), (-0.77349484, 0.67955357, 1.3279554), (-0.77389234, 0.6291725, 1.3280276), (-0.77826977, 0.65441674, 1.3370262), (-0.72987795, 0.6033975, 1.2963821), (-0.8393948, 0.6033975, 1.2177491), (-0.7288817, 0.7056089, 1.2957987), (-0.83839864, 0.7056089, 1.2171658), (-0.74072254, 0.6290202, 1.3174094), (-0.74032986, 0.6796885, 1.3173441), (-0.74515367, 0.654396, 1.3264831), (-0.8498957, 0.67955357, 1.2387792), (-0.85029316, 0.6291725, 1.2388514), (-0.8546706, 0.65441674, 1.2478501), (-0.8062787, 0.6033975, 1.2072059), (-0.9157956, 0.6033975, 1.1285731), (-0.80528253, 0.7056089, 1.2066226), (-0.9147994, 0.7056089, 1.1279896), (-0.81712335, 0.6290202, 1.2282335), (-0.8167307, 0.6796885, 1.228168), (-0.8215544, 0.654396, 1.237307), (-0.9262965, 0.67955357, 1.149603), (-0.926694, 0.6291725, 1.1496753), (-0.9310714, 0.65441674, 1.1586741), (-0.48317853, 0.724877, 1.5639106), (-0.3736616, 0.724877, 1.4852775), (-0.4841748, 0.8270884, 1.5633272), (-0.3746579, 0.8270884, 1.4846941), (-0.4723339, 0.7504997, 1.5849379), (-0.47272658, 0.8011681, 1.5848726), (-0.4679028, 0.77587557, 1.5940117), (-0.36316076, 0.8010331, 1.5063077), (-0.36276326, 0.750652, 1.5063797), (-0.3583859, 0.77589625, 1.5153786), (-0.4067777, 0.724877, 1.4747344), (-0.2972608, 0.724877, 1.3961014), (-0.40777397, 0.8270884, 1.474151), (-0.29825708, 0.8270884, 1.3955182), (-0.3959331, 0.7504997, 1.4957618), (-0.39632577, 0.8011681, 1.4956964), (-0.391502, 0.77587557, 1.5048355), (-0.28675994, 0.8010331, 1.4171315), (-0.28636244, 0.750652, 1.4172035), (-0.28198507, 0.77589625, 1.4262024), (-0.3303769, 0.724877, 1.3855582), (-0.22085997, 0.724877, 1.3069252), (-0.33137316, 0.8270884, 1.3849748), (-0.22185624, 0.8270884, 1.306342), (-0.31953228, 0.7504997, 1.4065856), (-0.31992492, 0.8011681, 1.4065202), (-0.31510118, 0.77587557, 1.4156593), (-0.2103591, 0.8010331, 1.3279554), (-0.20996162, 0.750652, 1.3280276), (-0.2055842, 0.77589625, 1.3370262), (-0.25397605, 0.724877, 1.2963821), (-0.14445916, 0.724877, 1.2177491), (-0.2549723, 0.8270884, 1.2957987), (-0.14545542, 0.8270884, 1.2171658), (-0.24313143, 0.7505, 1.3174094), (-0.24352409, 0.8011681, 1.3173441), (-0.23870033, 0.77587557, 1.3264831), (-0.13395828, 0.8010331, 1.2387792), (-0.1335608, 0.750652, 1.2388514), (-0.12918338, 0.77589625, 1.2478501), (-0.17757523, 0.724877, 1.2072059), (-0.06805834, 0.724877, 1.1285731), (-0.17857149, 0.8270884, 1.2066226), (-0.06905461, 0.8270884, 1.1279896), (-0.16673061, 0.7504997, 1.2282335), (-0.16712329, 0.8011681, 1.228168), (-0.16229951, 0.77587557, 1.237307), (-0.057557467, 0.8010331, 1.149603), (-0.057159994, 0.750652, 1.1496753), (-0.05278257, 0.77589625, 1.1586741), (-0.5006755, 0.724877, 1.5639106), (-0.6101924, 0.724877, 1.4852775), (-0.4996792, 0.8270884, 1.5633272), (-0.6091961, 0.8270884, 1.4846941), (-0.5115201, 0.7504997, 1.5849379), (-0.5111274, 0.8011681, 1.5848726), (-0.5159512, 0.77587557, 1.5940117), (-0.62069327, 0.8010331, 1.5063077), (-0.62109077, 0.750652, 1.5063797), (-0.62546813, 0.77589625, 1.5153786), (-0.5770763, 0.724877, 1.4747344), (-0.68659323, 0.72487694, 1.3961014), (-0.57608, 0.8270884, 1.474151), (-0.68559694, 0.82708836, 1.3955182), (-0.58792096, 0.7504997, 1.4957618), (-0.5875283, 0.8011681, 1.4956964), (-0.59235203, 0.77587557, 1.5048355), (-0.6970941, 0.801033, 1.4171315), (-0.6974916, 0.75065196, 1.4172035), (-0.70186895, 0.7758962, 1.4262024), (-0.65347713, 0.724877, 1.3855582), (-0.76299405, 0.72487694, 1.3069252), (-0.6524809, 0.8270884, 1.3849748), (-0.76199776, 0.82708836, 1.306342), (-0.6643217, 0.7504997, 1.4065856), (-0.6639291, 0.8011681, 1.4065202), (-0.66875285, 0.77587557, 1.4156593), (-0.7734949, 0.801033, 1.3279554), (-0.7738924, 0.75065196, 1.3280276), (-0.7782698, 0.7758962, 1.3370262), (-0.729878, 0.72487694, 1.2963821), (-0.83939487, 0.72487694, 1.2177491), (-0.7288817, 0.82708836, 1.2957987), (-0.83839864, 0.82708836, 1.2171658), (-0.7407226, 0.75049967, 1.3174094), (-0.7403299, 0.801168, 1.3173441), (-0.7451537, 0.7758755, 1.3264831), (-0.8498958, 0.801033, 1.2387792), (-0.8502932, 0.75065196, 1.2388514), (-0.85467064, 0.7758962, 1.2478501), (-0.80627877, 0.72487694, 1.2072059), (-0.9157957, 0.72487694, 1.1285731), (-0.80528253, 0.82708836, 1.2066226), (-0.9147994, 0.82708836, 1.1279896), (-0.8171234, 0.75049967, 1.2282335), (-0.81673074, 0.801168, 1.228168), (-0.8215545, 0.7758755, 1.237307), (-0.92629653, 0.801033, 1.149603), (-0.92669404, 0.75065196, 1.1496753), (-0.93107146, 0.7758962, 1.1586741), (-0.48568714, 0.05015544, 1.8153955), (-0.48568714, 0.05015544, 1.6210722), (-0.48568714, 0.03971938, 1.8153955), (-0.48568714, 0.03971938, 1.6210722), (-0.4961232, 0.05015544, 1.8153955), (-0.4961232, 0.05015544, 1.6210722), (-0.4961232, 0.03971938, 1.8153955), (-0.4961232, 0.03971938, 1.6210722), (-0.49096322, 0.046317883, 1.791351), (-0.49096322, 0.046317883, 1.7431828), (-0.49096322, 0.043556936, 1.791351), (-0.49096322, 0.043556936, 1.7431828), (-0.40564027, 0.04355694, 1.7431828), (-0.40564027, 0.04355694, 1.791351), (-0.40564027, 0.046317887, 1.791351), (-0.40564027, 0.046317887, 1.7431828), (-0.49096322, 0.043556936, 1.7672669), (-0.49096322, 0.046317883, 1.7672669), (-0.43102446, 0.04355694, 1.7672669), (-0.43102446, 0.046317887, 1.7672669), (-0.51692617, 0.077218, 0.27533755), (-0.5163626, 0.06594009, 0.27533755), (-0.51559514, 0.07722873, 0.006689489), (-0.5160405, 0.06594265, 0.006689489), (-0.49888638, 0.07736272, 0.27533755), (-0.4983214, 0.06608481, 0.27533755), (-0.4979993, 0.06608743, 0.006689489), (-0.49755532, 0.07737345, 0.006689489), (-0.44668773, 0.077781565, 0.27533755), (-0.44662797, 0.06649954, 0.27533755), (-0.44432175, 0.07780052, 0.006689489), (-0.44426197, 0.06651855, 0.006689489), (-0.41932112, 0.0780011, 0.27533755), (-0.41926134, 0.06671913, 0.27533755), (-0.41689533, 0.06673814, 0.006689489), (-0.4169551, 0.07802011, 0.006689489), (-0.4750997, 0.06627113, 0.006689489), (-0.47549048, 0.066267975, 0.27533755), (-0.4949509, 0.06611187, 0.006689489), (-0.49534163, 0.06610871, 0.27533755), (-0.44839916, 0.06648535, 0.006689489), (-0.44892904, 0.06648112, 0.27533755), (-0.47337732, 0.06628496, 0.006689489), (-0.47390717, 0.06628073, 0.27533755), (-0.4755387, 0.07636828, 0.27533755), (-0.47514793, 0.07637144, 0.006689489), (-0.49538985, 0.076209016, 0.27533755), (-0.49499908, 0.076212175, 0.006689489), (-0.44897723, 0.07658137, 0.27533755), (-0.44844738, 0.07658566, 0.006689489), (-0.4739554, 0.076380976, 0.27533755), (-0.47342554, 0.07638527, 0.006689489), (-0.54435027, 0.077781506, 0.27533755), (-0.54429805, 0.06649954, 0.27533755), (-0.54228145, 0.07780052, 0.006689489), (-0.5422291, 0.06651855, 0.006689489), (-0.5204203, 0.07800109, 0.27533755), (-0.520368, 0.06671912, 0.27533755), (-0.5182991, 0.066738136, 0.006689489), (-0.5183514, 0.0780201, 0.006689489), (-0.5458468, 0.06648535, 0.006689489), (-0.5463101, 0.06648112, 0.27533755), (-0.5676883, 0.06628496, 0.006689489), (-0.5681516, 0.06628073, 0.27533755), (-0.54635227, 0.07658137, 0.27533755), (-0.54588896, 0.07658566, 0.006689489), (-0.5681938, 0.076380976, 0.27533755), (-0.5677304, 0.07638527, 0.006689489), (-0.19742253, 0.102201246, 0.35753235), (-0.19742258, 0.870363, 0.35753235), (-0.78643143, 0.102201216, 0.35753235), (-0.7864315, 0.87036294, 0.35753235), (-0.49192697, 0.10220123, 0.35753235), (-0.491927, 0.870363, 0.35753235), (-0.18668324, 0.0924389, 0.0027190745), (-0.18668328, 0.88012534, 0.0027190745), (-0.49192697, 0.092438884, 0.0027190745), (-0.491927, 0.88012534, 0.0027190745), (-0.7971707, 0.09243887, 0.0027190745), (-0.79717076, 0.8801253, 0.0027190745), (-0.18358749, 0.08964788, 0.0067813993), (-0.18358749, 0.08964788, 0.06960282), (-0.18358746, 0.13677461, 0.0067813993), (-0.18358746, 0.13677461, 0.06960282), (-0.25669032, 0.089647934, 0.0067813993), (-0.25669032, 0.089647934, 0.06960282), (-0.2566903, 0.13677467, 0.0067813993), (-0.2566903, 0.13677467, 0.06960282), (-0.17963004, 0.08964788, 0.06970748), (-0.17963004, 0.08964788, 0.1506683), (-0.17963001, 0.15246923, 0.06970748), (-0.17963001, 0.15246923, 0.1506683), (-0.22506839, 0.08964788, 0.06970748), (-0.22506839, 0.08964788, 0.1506683), (-0.22506836, 0.15246923, 0.06970748), (-0.22506836, 0.15246923, 0.1506683), (-0.18358749, 0.08964788, 0.15228924), (-0.18358749, 0.08964788, 0.21511066), (-0.18358746, 0.13677461, 0.15228924), (-0.18358746, 0.13677461, 0.21511066), (-0.25669032, 0.089647934, 0.15228924), (-0.25669032, 0.089647934, 0.21511066), (-0.2566903, 0.13677467, 0.15228924), (-0.2566903, 0.13677467, 0.21511066), (-0.1788106, 0.08964788, 0.21722206), (-0.1788106, 0.08964788, 0.28004348), (-0.17881057, 0.15246923, 0.21722206), (-0.17881057, 0.15246923, 0.28004348), (-0.24163204, 0.08964788, 0.21722206), (-0.24163204, 0.08964788, 0.28004348), (-0.24163204, 0.15246923, 0.21722206), (-0.24163204, 0.15246923, 0.28004348), (-0.18358749, 0.08964788, 0.28166446), (-0.18358749, 0.08964788, 0.34448585), (-0.18358746, 0.13677461, 0.28166446), (-0.18358746, 0.13677461, 0.34448585), (-0.25669032, 0.089647934, 0.28166446), (-0.25669032, 0.089647934, 0.34448585), (-0.2566903, 0.13677467, 0.28166446), (-0.2566903, 0.13677467, 0.34448585), (-0.18358754, 0.8851279, 0.0067813993), (-0.18358754, 0.8851279, 0.06960282), (-0.18358749, 0.83800113, 0.0067813993), (-0.18358749, 0.83800113, 0.06960282), (-0.25669035, 0.8851278, 0.0067813993), (-0.25669035, 0.8851278, 0.06960282), (-0.25669032, 0.8380011, 0.0067813993), (-0.25669032, 0.8380011, 0.06960282), (-0.17963009, 0.8851279, 0.06970748), (-0.17963009, 0.8851279, 0.1506683), (-0.17963004, 0.8223065, 0.06970748), (-0.17963004, 0.8223065, 0.1506683), (-0.22506844, 0.8851279, 0.06970748), (-0.22506844, 0.8851279, 0.1506683), (-0.22506839, 0.8223065, 0.06970748), (-0.22506839, 0.8223065, 0.1506683), (-0.18358754, 0.8851279, 0.15228924), (-0.18358754, 0.8851279, 0.21511066), (-0.18358749, 0.83800113, 0.15228924), (-0.18358749, 0.83800113, 0.21511066), (-0.25669035, 0.8851278, 0.15228924), (-0.25669035, 0.8851278, 0.21511066), (-0.25669032, 0.8380011, 0.15228924), (-0.25669032, 0.8380011, 0.21511066), (-0.17881064, 0.8851279, 0.21722206), (-0.17881064, 0.8851279, 0.28004348), (-0.1788106, 0.8223065, 0.21722206), (-0.1788106, 0.8223065, 0.28004348), (-0.24163209, 0.8851279, 0.21722206), (-0.24163209, 0.8851279, 0.28004348), (-0.24163207, 0.8223065, 0.21722206), (-0.24163207, 0.8223065, 0.28004348), (-0.18358754, 0.8851279, 0.28166446), (-0.18358754, 0.8851279, 0.34448585), (-0.18358749, 0.83800113, 0.28166446), (-0.18358749, 0.83800113, 0.34448585), (-0.25669035, 0.8851278, 0.28166446), (-0.25669035, 0.8851278, 0.34448585), (-0.25669032, 0.8380011, 0.28166446), (-0.25669032, 0.8380011, 0.34448585), (-0.80026644, 0.08964785, 0.0067813993), (-0.80026644, 0.08964785, 0.06960282), (-0.8002665, 0.1367746, 0.0067813993), (-0.8002665, 0.1367746, 0.06960282), (-0.7271636, 0.08964792, 0.0067813993), (-0.7271636, 0.08964792, 0.06960282), (-0.7271637, 0.13677466, 0.0067813993), (-0.7271637, 0.13677466, 0.06960282), (-0.8042239, 0.08964785, 0.06970748), (-0.8042239, 0.08964785, 0.1506683), (-0.8042239, 0.15246922, 0.06970748), (-0.8042239, 0.15246922, 0.1506683), (-0.75878555, 0.08964786, 0.06970748), (-0.75878555, 0.08964786, 0.1506683), (-0.7587856, 0.15246922, 0.06970748), (-0.7587856, 0.15246922, 0.1506683), (-0.80026644, 0.08964785, 0.15228924), (-0.80026644, 0.08964785, 0.21511066), (-0.8002665, 0.1367746, 0.15228924), (-0.8002665, 0.1367746, 0.21511066), (-0.7271636, 0.08964792, 0.15228924), (-0.7271636, 0.08964792, 0.21511066), (-0.7271637, 0.13677466, 0.15228924), (-0.7271637, 0.13677466, 0.21511066), (-0.80504334, 0.08964785, 0.21722206), (-0.80504334, 0.08964785, 0.28004348), (-0.80504334, 0.15246922, 0.21722206), (-0.80504334, 0.15246922, 0.28004348), (-0.7422219, 0.08964786, 0.21722206), (-0.7422219, 0.08964786, 0.28004348), (-0.7422219, 0.15246922, 0.21722206), (-0.7422219, 0.15246922, 0.28004348), (-0.80026644, 0.08964785, 0.28166446), (-0.80026644, 0.08964785, 0.34448585), (-0.8002665, 0.1367746, 0.28166446), (-0.8002665, 0.1367746, 0.34448585), (-0.7271636, 0.08964792, 0.28166446), (-0.7271636, 0.08964792, 0.34448585), (-0.7271637, 0.13677466, 0.28166446), (-0.7271637, 0.13677466, 0.34448585), (-0.8002665, 0.88512784, 0.0067813993), (-0.8002665, 0.88512784, 0.06960282), (-0.80026656, 0.8380011, 0.0067813993), (-0.80026656, 0.8380011, 0.06960282), (-0.7271637, 0.8851277, 0.0067813993), (-0.7271637, 0.8851277, 0.06960282), (-0.72716373, 0.838001, 0.0067813993), (-0.72716373, 0.838001, 0.06960282), (-0.80422395, 0.88512784, 0.06970748), (-0.80422395, 0.88512784, 0.1506683), (-0.80422395, 0.82230645, 0.06970748), (-0.80422395, 0.82230645, 0.1506683), (-0.7587856, 0.88512784, 0.06970748), (-0.7587856, 0.88512784, 0.1506683), (-0.75878567, 0.82230645, 0.06970748), (-0.75878567, 0.82230645, 0.1506683), (-0.8002665, 0.88512784, 0.15228924), (-0.8002665, 0.88512784, 0.21511066), (-0.80026656, 0.8380011, 0.15228924), (-0.80026656, 0.8380011, 0.21511066), (-0.7271637, 0.8851277, 0.15228924), (-0.7271637, 0.8851277, 0.21511066), (-0.72716373, 0.838001, 0.15228924), (-0.72716373, 0.838001, 0.21511066), (-0.8050434, 0.88512784, 0.21722206), (-0.8050434, 0.88512784, 0.28004348), (-0.8050434, 0.82230645, 0.21722206), (-0.8050434, 0.82230645, 0.28004348), (-0.74222195, 0.88512784, 0.21722206), (-0.74222195, 0.88512784, 0.28004348), (-0.74222195, 0.82230645, 0.21722206), (-0.74222195, 0.82230645, 0.28004348), (-0.8002665, 0.88512784, 0.28166446), (-0.8002665, 0.88512784, 0.34448585), (-0.80026656, 0.8380011, 0.28166446), (-0.80026656, 0.8380011, 0.34448585), (-0.7271637, 0.8851277, 0.28166446), (-0.7271637, 0.8851277, 0.34448585), (-0.72716373, 0.838001, 0.28166446), (-0.72716373, 0.838001, 0.34448585), (0.9271137, -0.91076607, -0.021247573), (0.9271137, -0.9633793, -0.021247573), (0.9690313, -0.91076607, -0.021247573), (0.9690313, -0.9633793, -0.021247573), (0.9271137, -0.91076607, 0.194147), (0.9271137, -0.9633793, 0.194147), (0.9690313, -0.9633793, 0.194147), (0.9690313, -0.91076607, 0.194147), (0.9578086, -0.56272256, 0.08017582), (0.95952046, -0.56272256, 0.0524126), (0.95441175, -0.6710533, 0.08227375), (0.9558133, -0.66108644, 0.05788842), (0.9325669, -0.6710533, 0.08227375), (0.93596375, -0.56272256, 0.08017582), (0.9339684, -0.66108644, 0.05788842), (0.9376756, -0.56272256, 0.0524126), (0.9578086, -0.56272256, 0.1750506), (0.95952046, -0.56272256, 0.13190596), (0.95441175, -0.6710533, 0.17831086), (0.9558133, -0.66108644, 0.14041549), (0.9325669, -0.6710533, 0.17831086), (0.93596375, -0.56272256, 0.1750506), (0.9339684, -0.66108644, 0.14041549), (0.9376756, -0.56272256, 0.13190596), (0.95551604, -0.94357055, 0.08277741), (0.9568905, -0.94357055, 0.055743814), (0.9336712, -0.94357055, 0.08277741), (0.9350454, -0.94357055, 0.055743814), (0.95551604, -0.94358295, 0.17909352), (0.9568905, -0.943582, 0.13708258), (0.9336712, -0.94358295, 0.17909352), (0.93504566, -0.94358295, 0.13708258), (0.9234457, -0.23090698, -0.021247543), (0.9234457, -0.17829467, -0.021247543), (0.965363, -0.23090698, -0.021247543), (0.965363, -0.17829467, -0.021247543), (0.9234457, -0.23090698, 0.19414699), (0.9234457, -0.17829467, 0.19414699), (0.965363, -0.17829467, 0.19414699), (0.965363, -0.23090698, 0.19414699), (0.95414066, -0.57895124, 0.08017582), (0.95585203, -0.57895124, 0.052412603), (0.9507437, -0.47062066, 0.08227375), (0.9521451, -0.4805875, 0.057888422), (0.9288988, -0.47062066, 0.08227375), (0.9322958, -0.57895124, 0.08017582), (0.93030024, -0.4805875, 0.057888422), (0.93400717, -0.57895124, 0.052412603), (0.95414066, -0.57895124, 0.17505059), (0.95585203, -0.57895124, 0.13190596), (0.9507437, -0.47062066, 0.17831084), (0.9521451, -0.4805875, 0.14041549), (0.9288988, -0.47062066, 0.17831084), (0.9322958, -0.57895124, 0.17505059), (0.93030024, -0.4805875, 0.14041549), (0.93400717, -0.57895124, 0.13190596), (0.95184803, -0.19810249, 0.08277741), (0.9532223, -0.19810344, 0.055743817), (0.93000317, -0.19810249, 0.08277741), (0.9313774, -0.19810344, 0.055743817), (0.95184803, -0.19809057, 0.17909351), (0.9532223, -0.19809105, 0.13708258), (0.93000317, -0.19809057, 0.17909351), (0.9313774, -0.19809105, 0.13708258), (0.9214164, -0.52920854, -0.021247573), (0.9214164, -0.5961231, -0.021247573), (0.9747286, -0.5292095, -0.021247573), (0.9747286, -0.5961231, -0.021247573), (0.9214164, -0.52920854, 0.194147), (0.9214164, -0.5961231, 0.194147), (0.9747286, -0.5961231, 0.194147), (0.9747286, -0.5292095, 0.194147), (0.5526496, -0.9219847, 0.08017582), (0.5526496, -0.9202728, 0.052412603), (0.66098034, -0.92538154, 0.08227375), (0.6510135, -0.92398, 0.057888422), (0.66098034, -0.9472264, 0.08227375), (0.5526496, -0.94382954, 0.08017582), (0.6510135, -0.94582486, 0.057888422), (0.5526496, -0.9421177, 0.052412603), (0.5526496, -0.9219847, 0.17505059), (0.5526496, -0.9202728, 0.13190596), (0.66098034, -0.92538154, 0.17831084), (0.6510135, -0.92398, 0.14041549), (0.66098034, -0.9472264, 0.17831084), (0.5526496, -0.94382954, 0.17505059), (0.6510135, -0.94582486, 0.14041549), (0.5526496, -0.9421177, 0.13190596), (0.9334975, -0.92427725, 0.08277741), (0.9334975, -0.92290276, 0.055743817), (0.9334975, -0.946122, 0.08277741), (0.9334975, -0.94474775, 0.055743817), (0.9335099, -0.9242771, 0.17909351), (0.93350893, -0.92290276, 0.13708258), (0.9335099, -0.946122, 0.17909351), (0.9335099, -0.9447476, 0.13708258), (0.22083382, -0.9563475, -0.021247543), (0.16822152, -0.95634747, -0.021247543), (0.22083382, -0.9144302, -0.021247543), (0.16822152, -0.91443014, -0.021247543), (0.22083382, -0.9563475, 0.19414699), (0.16822152, -0.95634747, 0.19414699), (0.16822152, -0.91443014, 0.19414699), (0.22083382, -0.9144302, 0.19414699), (0.5688783, -0.9256526, 0.08017582), (0.5688783, -0.92394125, 0.052412607), (0.46054748, -0.92904955, 0.08227375), (0.47051433, -0.9276481, 0.057888426), (0.46054748, -0.9508944, 0.08227375), (0.5688783, -0.9474975, 0.08017582), (0.47051433, -0.949493, 0.057888426), (0.5688783, -0.9457861, 0.052412607), (0.5688783, -0.9256526, 0.17505059), (0.5688783, -0.92394125, 0.13190596), (0.46054748, -0.92904955, 0.17831084), (0.47051433, -0.9276481, 0.14041549), (0.46054748, -0.9508944, 0.17831084), (0.5688783, -0.9474975, 0.17505059), (0.47051433, -0.949493, 0.14041549), (0.5688783, -0.9457861, 0.13190596), (0.18802933, -0.92794514, 0.08277741), (0.18803029, -0.9265709, 0.05574382), (0.18802933, -0.94979, 0.08277741), (0.18803029, -0.94841576, 0.05574382), (0.18801741, -0.92794514, 0.17909351), (0.18801789, -0.9265709, 0.13708258), (0.18801741, -0.94979, 0.17909351), (0.18801789, -0.94841576, 0.13708258), (0.51913553, -0.9583768, -0.021247543), (0.58605015, -0.9583769, -0.021247543), (0.5191365, -0.90506464, -0.021247543), (0.58605015, -0.9050647, -0.021247543), (0.51913553, -0.9583768, 0.19414699), (0.58605015, -0.9583769, 0.19414699), (0.58605015, -0.9050647, 0.19414699), (0.5191365, -0.90506464, 0.19414699), (0.965363, 0.8207013, 0.19414699), (0.965363, 0.8733136, 0.19414699), (0.9234457, 0.8733136, 0.19414699), (0.9234457, 0.8207013, 0.19414699), (0.965363, 0.8733136, -0.021247543), (0.965363, 0.8207013, -0.021247543), (0.9234457, 0.8733136, -0.021247543), (0.9234457, 0.8207013, -0.021247543), (0.9578087, 0.191961, 0.08017582), (0.9595205, 0.191961, 0.0524126), (0.9544118, 0.08363028, 0.08227375), (0.95581335, 0.09359713, 0.05788842), (0.93256694, 0.08363027, 0.08227375), (0.9359638, 0.191961, 0.08017582), (0.9339685, 0.09359712, 0.05788842), (0.93767565, 0.191961, 0.0524126), (0.9578087, 0.191961, 0.1750506), (0.9595205, 0.191961, 0.13190596), (0.9544118, 0.08363028, 0.17831086), (0.95581335, 0.09359713, 0.14041549), (0.93256694, 0.08363027, 0.17831086), (0.9359638, 0.191961, 0.1750506), (0.9339685, 0.09359712, 0.14041549), (0.93767565, 0.191961, 0.13190596), (0.95551604, -0.18888699, 0.08277741), (0.9568905, -0.18888699, 0.055743814), (0.9336712, -0.18888699, 0.08277741), (0.9350454, -0.18888699, 0.055743814), (0.95551604, -0.18889938, 0.17909352), (0.9568905, -0.18889843, 0.13708258), (0.9336712, -0.18889938, 0.17909352), (0.93504566, -0.18889938, 0.13708258), (0.92344576, 0.5237766, -0.021247543), (0.92344576, 0.5763889, -0.021247543), (0.9653631, 0.5237766, -0.021247543), (0.9653631, 0.5763889, -0.021247543), (0.92344576, 0.5237766, 0.19414699), (0.92344576, 0.5763889, 0.19414699), (0.9653631, 0.5763889, 0.19414699), (0.9653631, 0.5237766, 0.19414699), (0.9541407, 0.17573233, 0.08017582), (0.9558521, 0.17573233, 0.052412603), (0.95074373, 0.28406292, 0.08227375), (0.95214516, 0.27409607, 0.057888422), (0.9288989, 0.28406292, 0.08227375), (0.93229586, 0.17573233, 0.08017582), (0.9303003, 0.27409607, 0.057888422), (0.9340072, 0.17573233, 0.052412603), (0.9541407, 0.17573233, 0.17505059), (0.9558521, 0.17573233, 0.13190596), (0.95074373, 0.28406292, 0.17831084), (0.95214516, 0.27409607, 0.14041549), (0.9288989, 0.28406292, 0.17831084), (0.93229586, 0.17573233, 0.17505059), (0.9303003, 0.27409607, 0.14041549), (0.9340072, 0.17573233, 0.13190596), (0.9518481, 0.5565811, 0.08277741), (0.95322233, 0.5565801, 0.055743817), (0.9300032, 0.5565811, 0.08277741), (0.9313775, 0.5565801, 0.055743817), (0.9518481, 0.556593, 0.17909351), (0.95322233, 0.5565925, 0.13708258), (0.9300032, 0.556593, 0.17909351), (0.9313775, 0.5565925, 0.13708258), (0.92141646, 0.22547503, -0.021247573), (0.92141646, 0.15856047, -0.021247573), (0.97472864, 0.22547407, -0.021247573), (0.97472864, 0.15856047, -0.021247573), (0.92141646, 0.22547503, 0.194147), (0.92141646, 0.15856047, 0.194147), (0.97472864, 0.15856047, 0.194147), (0.97472864, 0.22547407, 0.194147), (0.9541407, 0.55431134, 0.08017582), (0.9558521, 0.55431134, 0.052412603), (0.95074373, 0.66264194, 0.08227375), (0.95214516, 0.6526751, 0.057888422), (0.9288989, 0.66264194, 0.08227375), (0.93229586, 0.55431134, 0.08017582), (0.9303003, 0.6526751, 0.057888422), (0.9340072, 0.55431134, 0.052412603), (0.9541407, 0.55431134, 0.17505059), (0.9558521, 0.55431134, 0.13190596), (0.95074373, 0.66264194, 0.17831084), (0.95214516, 0.6526751, 0.14041549), (0.9288989, 0.66264194, 0.17831084), (0.93229586, 0.55431134, 0.17505059), (0.9303003, 0.6526751, 0.14041549), (0.9340072, 0.55431134, 0.13190596), (0.95184803, 0.8535058, 0.08277741), (0.9532223, 0.85350484, 0.055743817), (0.93000317, 0.8535058, 0.08277741), (0.9313774, 0.85350484, 0.055743817), (0.95184803, 0.8535177, 0.17909351), (0.9532223, 0.85351723, 0.13708258), (0.93000317, 0.8535177, 0.17909351), (0.9313774, 0.85351723, 0.13708258), (0.9071614, 0.8652943, -0.021247536), (0.9597737, 0.8652943, -0.021247536), (0.9071614, 0.82337695, -0.021247536), (0.9597737, 0.82337695, -0.021247536), (0.9071614, 0.8652943, 0.19414699), (0.9597737, 0.8652943, 0.19414699), (0.9597737, 0.82337695, 0.19414699), (0.9071614, 0.82337695, 0.19414699), (0.55911696, 0.83459926, 0.08017582), (0.55911696, 0.8328879, 0.052412607), (0.66744775, 0.83799624, 0.08227375), (0.6574809, 0.8365948, 0.057888426), (0.66744775, 0.8598411, 0.08227375), (0.55911696, 0.8564441, 0.08017582), (0.6574809, 0.8584397, 0.057888426), (0.55911696, 0.85473275, 0.052412607), (0.55911696, 0.83459926, 0.17505059), (0.55911696, 0.8328879, 0.13190596), (0.66744775, 0.83799624, 0.17831084), (0.6574809, 0.8365948, 0.14041549), (0.66744775, 0.8598411, 0.17831084), (0.55911696, 0.8564441, 0.17505059), (0.6574809, 0.8584397, 0.14041549), (0.55911696, 0.85473275, 0.13190596), (0.9399659, 0.83689195, 0.08277741), (0.93996495, 0.8355177, 0.05574382), (0.9399659, 0.8587368, 0.08277741), (0.93996495, 0.85736257, 0.05574382), (0.9399778, 0.83689195, 0.17909351), (0.93997735, 0.8355177, 0.13708258), (0.9399778, 0.8587368, 0.17909351), (0.93997735, 0.85736257, 0.13708258), (-0.7829174, -0.7847115, 0.08017582), (-0.7846292, -0.7847115, 0.052412607), (-0.7795206, -0.67638075, 0.08227375), (-0.78092206, -0.6863476, 0.057888426), (-0.7576757, -0.67638075, 0.08227375), (-0.7610725, -0.7847115, 0.08017582), (-0.7590772, -0.6863476, 0.057888426), (-0.76278436, -0.7847115, 0.052412607), (-0.7829174, -0.7847115, 0.17505059), (-0.7846292, -0.7847115, 0.13190596), (-0.7795206, -0.67638075, 0.17831084), (-0.78092206, -0.6863476, 0.14041549), (-0.7576757, -0.67638075, 0.17831084), (-0.7610725, -0.7847115, 0.17505059), (-0.7590772, -0.6863476, 0.14041549), (-0.76278436, -0.7847115, 0.13190596), (-0.7806248, -0.40386358, 0.08277741), (-0.7819993, -0.40386358, 0.05574382), (-0.75878006, -0.40386358, 0.08277741), (-0.7601543, -0.40386358, 0.05574382), (-0.7806249, -0.40385118, 0.17909351), (-0.7819993, -0.40385213, 0.13708258), (-0.75878006, -0.40385118, 0.17909351), (-0.7601544, -0.40385118, 0.13708258), (-0.7485545, -0.9044916, -0.021247528), (-0.7485546, -0.9571039, -0.021247528), (-0.79047185, -0.9044916, -0.021247528), (-0.7904719, -0.9571039, -0.021247528), (-0.7485545, -0.9044916, 0.19414699), (-0.7485546, -0.9571039, 0.19414699), (-0.7904719, -0.9571039, 0.19414699), (-0.79047185, -0.9044916, 0.19414699), (-0.7792494, -0.7684828, 0.08017582), (-0.7809608, -0.7684828, 0.05241261), (-0.7758525, -0.8768136, 0.08227375), (-0.7772539, -0.86684674, 0.05788843), (-0.75400764, -0.8768136, 0.08227375), (-0.75740457, -0.7684828, 0.08017582), (-0.75540906, -0.86684674, 0.05788843), (-0.75911593, -0.7684828, 0.05241261), (-0.7792494, -0.7684828, 0.17505059), (-0.7809608, -0.7684828, 0.13190596), (-0.7758525, -0.8768136, 0.17831084), (-0.7772539, -0.86684674, 0.14041549), (-0.75400764, -0.8768136, 0.17831084), (-0.75740457, -0.7684828, 0.17505059), (-0.75540906, -0.86684674, 0.14041549), (-0.75911593, -0.7684828, 0.13190596), (-0.7769569, -0.9372961, 0.08277741), (-0.77833116, -0.93729514, 0.055743825), (-0.75511205, -0.9372961, 0.08277741), (-0.7564863, -0.93729514, 0.055743825), (-0.7769569, -0.937308, 0.17909351), (-0.77833116, -0.93730754, 0.13708258), (-0.75511205, -0.937308, 0.17909351), (-0.7564863, -0.93730754, 0.13708258), (-0.7465252, -0.81822556, -0.021247528), (-0.74652517, -0.75131094, -0.021247528), (-0.7998374, -0.8182246, -0.021247528), (-0.79983735, -0.75131094, -0.021247528), (-0.7465252, -0.81822556, 0.19414699), (-0.74652517, -0.75131094, 0.19414699), (-0.79983735, -0.75131094, 0.19414699), (-0.7998374, -0.8182246, 0.19414699), (-0.16200839, -0.9563475, -0.021247543), (-0.2146207, -0.95634747, -0.021247543), (-0.16200839, -0.9144302, -0.021247543), (-0.2146207, -0.91443014, -0.021247543), (-0.16200839, -0.9563475, 0.19414699), (-0.2146207, -0.95634747, 0.19414699), (-0.2146207, -0.91443014, 0.19414699), (-0.16200839, -0.9144302, 0.19414699), (0.18603607, -0.9256526, 0.08017582), (0.18603607, -0.92394125, 0.052412607), (0.07770527, -0.92904955, 0.08227375), (0.08767212, -0.9276481, 0.057888426), (0.07770528, -0.9508944, 0.08227375), (0.18603607, -0.9474975, 0.08017582), (0.08767213, -0.949493, 0.057888426), (0.18603607, -0.9457861, 0.052412607), (0.18603607, -0.9256526, 0.17505059), (0.18603607, -0.92394125, 0.13190596), (0.07770527, -0.92904955, 0.17831084), (0.08767212, -0.9276481, 0.14041549), (0.07770528, -0.9508944, 0.17831084), (0.18603607, -0.9474975, 0.17505059), (0.08767213, -0.949493, 0.14041549), (0.18603607, -0.9457861, 0.13190596), (-0.19481288, -0.92794514, 0.08277741), (-0.19481193, -0.9265709, 0.05574382), (-0.19481288, -0.94979, 0.08277741), (-0.19481193, -0.94841576, 0.05574382), (-0.1948248, -0.92794514, 0.17909351), (-0.19482432, -0.9265709, 0.13708258), (-0.1948248, -0.94979, 0.17909351), (-0.19482432, -0.94841576, 0.13708258), (-0.17168006, 0.07434329, 0.72033316), (-0.17168006, 0.07434329, 0.7593376), (-0.17168006, 0.13539322, 0.72033316), (-0.17168006, 0.13539322, 0.7593376), (-0.20853949, 0.09081968, 0.54443735), (-0.20853949, 0.09081968, 0.58344203), (-0.20853949, 0.13263084, 0.54443735), (-0.20853949, 0.13263084, 0.58344203), (-0.18525937, 0.12454363, 0.54443735), (-0.18525937, 0.12454363, 0.58344203), (-0.22707051, 0.12454363, 0.54443735), (-0.22707051, 0.12454363, 0.58344203), (-0.17168011, 0.89822096, 0.72033316), (-0.17168011, 0.89822096, 0.7593376), (-0.1716801, 0.837171, 0.72033316), (-0.1716801, 0.837171, 0.7593376), (-0.20853953, 0.88174456, 0.54443735), (-0.3851528, 0.88174456, 0.54443735), (-0.20853953, 0.88174456, 0.58344203), (-0.3851528, 0.88174456, 0.58344203), (-0.20853952, 0.8399334, 0.54443735), (-0.3851528, 0.8399334, 0.54443735), (-0.20853952, 0.8399334, 0.58344203), (-0.3851528, 0.8399334, 0.58344203), (-0.1852594, 0.7794046, 0.54443735), (-0.1852594, 0.8480206, 0.54443735), (-0.1852594, 0.7794046, 0.58344203), (-0.1852594, 0.8480206, 0.58344203), (-0.22707054, 0.7794046, 0.54443735), (-0.22707054, 0.8480206, 0.54443735), (-0.22707054, 0.7794046, 0.58344203), (-0.22707054, 0.8480206, 0.58344203), (-0.8123322, 0.07434326, 0.72033316), (-0.49192697, 0.07434327, 0.72033316), (-0.8123322, 0.07434326, 0.7593376), (-0.49192697, 0.07434327, 0.7593376), (-0.8123322, 0.1353932, 0.72033316), (-0.49192697, 0.13539322, 0.72033316), (-0.8123322, 0.1353932, 0.7593376), (-0.49192697, 0.13539322, 0.7593376), (-0.77531445, 0.09081965, 0.54443735), (-0.77531445, 0.09081965, 0.58344203), (-0.77531445, 0.13263083, 0.54443735), (-0.77531445, 0.13263083, 0.58344203), (-0.7985946, 0.1245436, 0.54443735), (-0.7985946, 0.1245436, 0.58344203), (-0.7567834, 0.12454361, 0.54443735), (-0.7567834, 0.12454361, 0.58344203), (-0.8115738, 0.8982209, 0.72033316), (-0.491927, 0.89822096, 0.72033316), (-0.8115738, 0.8982209, 0.7593376), (-0.491927, 0.89822096, 0.7593376), (-0.8115738, 0.83717096, 0.72033316), (-0.491927, 0.837171, 0.72033316), (-0.8115738, 0.83717096, 0.7593376), (-0.491927, 0.837171, 0.7593376), (-0.7753145, 0.8817445, 0.54443735), (-0.59870124, 0.88174456, 0.54443735), (-0.7753145, 0.8817445, 0.58344203), (-0.59870124, 0.88174456, 0.58344203), (-0.7753145, 0.83993334, 0.54443735), (-0.59870124, 0.8399334, 0.54443735), (-0.7753145, 0.83993334, 0.58344203), (-0.59870124, 0.8399334, 0.58344203), (-0.79859465, 0.7794045, 0.54443735), (-0.79859465, 0.84802055, 0.54443735), (-0.79859465, 0.7794045, 0.58344203), (-0.79859465, 0.84802055, 0.58344203), (-0.7567835, 0.7794045, 0.54443735), (-0.7567835, 0.84802055, 0.54443735), (-0.7567835, 0.7794045, 0.58344203), (-0.7567835, 0.84802055, 0.58344203), (-0.18525937, 0.12454363, 0.71511185), (-0.18525937, 0.12454363, 0.75411654), (-0.22707051, 0.12454363, 0.71511185), (-0.22707051, 0.12454363, 0.75411654), (-0.1852594, 0.7794046, 0.71511185), (-0.1852594, 0.8480206, 0.71511185), (-0.1852594, 0.7794046, 0.75411654), (-0.1852594, 0.8480206, 0.75411654), (-0.22707054, 0.7794046, 0.71511185), (-0.22707054, 0.8480206, 0.71511185), (-0.22707054, 0.7794046, 0.75411654), (-0.22707054, 0.8480206, 0.75411654), (-0.7985946, 0.1245436, 0.71511185), (-0.7985946, 0.1245436, 0.75411654), (-0.7567834, 0.12454361, 0.71511185), (-0.7567834, 0.12454361, 0.75411654), (-0.79859465, 0.7794045, 0.71511185), (-0.79859465, 0.84802055, 0.71511185), (-0.79859465, 0.7794045, 0.75411654), (-0.79859465, 0.84802055, 0.75411654), (-0.7567835, 0.7794045, 0.71511185), (-0.7567835, 0.84802055, 0.71511185), (-0.7567835, 0.7794045, 0.75411654), (-0.7567835, 0.84802055, 0.75411654), (-0.47885036, 0.23507558, 1.5699388), (-0.36933345, 0.23507558, 1.491306), (-0.47988847, 0.35077032, 1.5692972), (-0.37037158, 0.35077032, 1.4906641), (-0.46732032, 0.26229194, 1.5919205), (-0.4677487, 0.32327917, 1.5918058), (-0.4620707, 0.29284248, 1.6021343), (-0.3582317, 0.3232791, 1.5131727), (-0.35780337, 0.26229194, 1.5132877), (-0.35255376, 0.29284242, 1.5235013), (-0.40244955, 0.23507558, 1.4807626), (-0.29293263, 0.23507558, 1.4021298), (-0.40348765, 0.35077032, 1.480121), (-0.29397073, 0.35077035, 1.4014882), (-0.39091948, 0.26229194, 1.5027443), (-0.39134786, 0.32327917, 1.5026296), (-0.3856699, 0.29284248, 1.5129582), (-0.28183088, 0.32327914, 1.4239966), (-0.28140256, 0.26229197, 1.4241115), (-0.27615294, 0.29284245, 1.4343253), (-0.32604873, 0.23507558, 1.3915867), (-0.21653183, 0.23507558, 1.3129536), (-0.32708684, 0.35077035, 1.3909448), (-0.2175699, 0.35077035, 1.312312), (-0.31451866, 0.26229197, 1.4135684), (-0.31494704, 0.3232792, 1.4134535), (-0.30926907, 0.2928425, 1.4237822), (-0.20543005, 0.32327914, 1.3348205), (-0.20500173, 0.26229197, 1.3349353), (-0.1997521, 0.29284245, 1.3451492), (-0.2496479, 0.23507558, 1.3024105), (-0.14013101, 0.2350756, 1.2237774), (-0.250686, 0.35077035, 1.3017687), (-0.14116909, 0.35077035, 1.2231358), (-0.23811783, 0.26229197, 1.3243922), (-0.23854621, 0.3232792, 1.3242773), (-0.23286824, 0.2928425, 1.334606), (-0.12902923, 0.32327914, 1.2456445), (-0.12860091, 0.26229197, 1.2457591), (-0.1233513, 0.29284245, 1.255973), (-0.17324708, 0.23507558, 1.2132343), (-0.063730195, 0.2350756, 1.1346012), (-0.17428516, 0.35077035, 1.2125927), (-0.06476828, 0.35077035, 1.1339597), (-0.16171701, 0.26229197, 1.235216), (-0.16214539, 0.3232792, 1.2351011), (-0.15646742, 0.2928425, 1.2454299), (-0.052628417, 0.32327914, 1.1564683), (-0.052200094, 0.26229197, 1.1565832), (-0.046950474, 0.29284245, 1.1667968), (-0.5050036, 0.23507558, 1.5699388), (-0.6145205, 0.23507556, 1.491306), (-0.5039655, 0.35077032, 1.5692972), (-0.6134824, 0.35077032, 1.4906641), (-0.5165336, 0.26229194, 1.5919205), (-0.51610523, 0.32327917, 1.5918058), (-0.52178323, 0.29284248, 1.6021343), (-0.6256223, 0.3232791, 1.5131727), (-0.6260506, 0.26229194, 1.5132877), (-0.6313002, 0.29284242, 1.5235013), (-0.5814044, 0.23507556, 1.4807626), (-0.6909213, 0.23507556, 1.4021298), (-0.5803663, 0.35077032, 1.480121), (-0.68988323, 0.35077032, 1.4014882), (-0.5929344, 0.26229194, 1.5027443), (-0.59250605, 0.32327917, 1.5026296), (-0.59818405, 0.29284248, 1.5129582), (-0.702023, 0.3232791, 1.4239966), (-0.70245135, 0.26229194, 1.4241115), (-0.70770097, 0.29284242, 1.4343253), (-0.6578052, 0.23507556, 1.3915867), (-0.7673221, 0.23507556, 1.3129536), (-0.65676713, 0.35077032, 1.3909448), (-0.76628405, 0.35077032, 1.312312), (-0.66933525, 0.26229194, 1.4135684), (-0.6689069, 0.32327917, 1.4134535), (-0.67458487, 0.29284248, 1.4237822), (-0.7784239, 0.3232791, 1.3348205), (-0.7788522, 0.26229194, 1.3349353), (-0.78410184, 0.29284242, 1.3451492), (-0.7342061, 0.23507556, 1.3024105), (-0.84372294, 0.23507556, 1.2237774), (-0.733168, 0.35077032, 1.3017687), (-0.84268486, 0.35077032, 1.2231358), (-0.7457361, 0.26229194, 1.3243922), (-0.74530774, 0.32327917, 1.3242773), (-0.75098574, 0.29284248, 1.334606), (-0.8548247, 0.3232791, 1.2456445), (-0.85525304, 0.26229194, 1.2457591), (-0.86050266, 0.29284242, 1.255973), (-0.81060684, 0.23507556, 1.2132343), (-0.92012376, 0.23507555, 1.1346012), (-0.80956876, 0.35077032, 1.2125927), (-0.9190857, 0.35077032, 1.1339597), (-0.82213694, 0.26229194, 1.235216), (-0.82170856, 0.32327917, 1.2351011), (-0.8273865, 0.29284248, 1.2454299), (-0.93122554, 0.3232791, 1.1564683), (-0.93165386, 0.26229194, 1.1565832), (-0.9369035, 0.29284242, 1.1667968), (-0.4831785, 0.24177806, 1.5639106), (-0.37366158, 0.24177806, 1.4852775), (-0.4841748, 0.3439894, 1.5633272), (-0.3746579, 0.3439894, 1.4846941), (-0.47233388, 0.2674007, 1.5849379), (-0.47272655, 0.318069, 1.5848726), (-0.46790278, 0.29277655, 1.5940117), (-0.36316073, 0.31793407, 1.5063077), (-0.36276323, 0.267553, 1.5063797), (-0.35838586, 0.29279724, 1.5153786), (-0.40677768, 0.24177806, 1.4747344), (-0.29726076, 0.24177806, 1.3961014), (-0.40777397, 0.3439894, 1.474151), (-0.29825708, 0.34398943, 1.3955182), (-0.39593306, 0.2674007, 1.4957618), (-0.39632574, 0.318069, 1.4956964), (-0.39150196, 0.29277655, 1.5048355), (-0.2867599, 0.3179341, 1.4171315), (-0.2863624, 0.26755303, 1.4172035), (-0.28198504, 0.29279727, 1.4262024), (-0.33037686, 0.24177806, 1.3855582), (-0.22085996, 0.24177806, 1.3069252), (-0.33137316, 0.34398943, 1.3849748), (-0.22185622, 0.34398943, 1.306342), (-0.31953225, 0.26740074, 1.4065856), (-0.3199249, 0.31806904, 1.4065202), (-0.31510115, 0.29277658, 1.4156593), (-0.21035908, 0.3179341, 1.3279554), (-0.20996161, 0.26755303, 1.3280276), (-0.20558418, 0.29279727, 1.3370262), (-0.25397602, 0.24177806, 1.2963821), (-0.14445914, 0.24177808, 1.2177491), (-0.2549723, 0.34398943, 1.2957987), (-0.1454554, 0.34398943, 1.2171658), (-0.24313141, 0.26740104, 1.3174094), (-0.24352407, 0.31806904, 1.3173441), (-0.23870032, 0.29277658, 1.3264831), (-0.13395827, 0.3179341, 1.2387792), (-0.13356079, 0.26755303, 1.2388514), (-0.12918337, 0.29279727, 1.2478501), (-0.17757522, 0.24177806, 1.2072059), (-0.06805833, 0.24177808, 1.1285731), (-0.17857148, 0.34398943, 1.2066226), (-0.069054596, 0.34398943, 1.1279896), (-0.1667306, 0.26740074, 1.2282335), (-0.16712327, 0.31806904, 1.228168), (-0.1622995, 0.29277658, 1.237307), (-0.057557452, 0.3179341, 1.149603), (-0.057159975, 0.26755303, 1.1496753), (-0.05278255, 0.29279727, 1.1586741), (-0.50067544, 0.24177806, 1.5639106), (-0.61019236, 0.24177805, 1.4852775), (-0.4996792, 0.3439894, 1.5633272), (-0.60919607, 0.3439894, 1.4846941), (-0.51152, 0.2674007, 1.5849379), (-0.51112735, 0.318069, 1.5848726), (-0.51595116, 0.29277655, 1.5940117), (-0.6206932, 0.31793407, 1.5063077), (-0.6210907, 0.267553, 1.5063797), (-0.6254681, 0.29279724, 1.5153786), (-0.57707626, 0.24177805, 1.4747344), (-0.6865932, 0.24177805, 1.3961014), (-0.57607996, 0.3439894, 1.474151), (-0.6855969, 0.3439894, 1.3955182), (-0.5879209, 0.2674007, 1.4957618), (-0.5875282, 0.318069, 1.4956964), (-0.592352, 0.29277655, 1.5048355), (-0.697094, 0.31793407, 1.4171315), (-0.6974915, 0.267553, 1.4172035), (-0.7018689, 0.29279724, 1.4262024), (-0.6534771, 0.24177805, 1.3855582), (-0.762994, 0.24177805, 1.3069252), (-0.65248084, 0.3439894, 1.3849748), (-0.7619977, 0.3439894, 1.306342), (-0.66432166, 0.2674007, 1.4065856), (-0.66392905, 0.318069, 1.4065202), (-0.6687528, 0.29277655, 1.4156593), (-0.77349484, 0.31793407, 1.3279554), (-0.77389234, 0.267553, 1.3280276), (-0.77826977, 0.29279724, 1.3370262), (-0.72987795, 0.24177805, 1.2963821), (-0.8393948, 0.24177805, 1.2177491), (-0.72888166, 0.3439894, 1.2957987), (-0.8383986, 0.3439894, 1.2171658), (-0.74072254, 0.2674007, 1.3174094), (-0.74032986, 0.318069, 1.3173441), (-0.74515367, 0.29277655, 1.3264831), (-0.8498957, 0.31793407, 1.2387792), (-0.85029316, 0.267553, 1.2388514), (-0.8546706, 0.29279724, 1.2478501), (-0.8062787, 0.24177805, 1.2072059), (-0.9157956, 0.24177803, 1.1285731), (-0.8052825, 0.3439894, 1.2066226), (-0.91479933, 0.3439894, 1.1279896), (-0.81712335, 0.2674007, 1.2282335), (-0.8167307, 0.318069, 1.228168), (-0.8215544, 0.29277655, 1.237307), (-0.9262965, 0.31793407, 1.149603), (-0.926694, 0.267553, 1.1496753), (-0.9310714, 0.29279724, 1.1586741), (-0.4788504, 0.35025346, 1.5699388), (-0.36933348, 0.35025346, 1.491306), (-0.47988847, 0.46594822, 1.5692972), (-0.37037158, 0.46594822, 1.4906641), (-0.46732035, 0.37746984, 1.5919205), (-0.46774873, 0.43845707, 1.5918058), (-0.46207073, 0.40802038, 1.6021343), (-0.35823172, 0.438457, 1.5131727), (-0.3578034, 0.37746984, 1.5132877), (-0.35255378, 0.40802032, 1.5235013), (-0.40244958, 0.35025346, 1.4807626), (-0.29293266, 0.3502535, 1.4021298), (-0.40348765, 0.46594822, 1.480121), (-0.29397073, 0.46594825, 1.4014882), (-0.3909195, 0.37746984, 1.5027443), (-0.3913479, 0.43845707, 1.5026296), (-0.38566992, 0.40802038, 1.5129582), (-0.2818309, 0.43845704, 1.4239966), (-0.2814026, 0.37746987, 1.4241115), (-0.27615297, 0.40802035, 1.4343253), (-0.32604876, 0.3502535, 1.3915867), (-0.21653183, 0.3502535, 1.3129536), (-0.32708684, 0.46594825, 1.3909448), (-0.2175699, 0.46594825, 1.312312), (-0.3145187, 0.37746987, 1.4135684), (-0.31494707, 0.4384571, 1.4134535), (-0.3092691, 0.4080204, 1.4237822), (-0.20543005, 0.43845704, 1.3348205), (-0.20500173, 0.37746987, 1.3349353), (-0.1997521, 0.40802035, 1.3451492), (-0.2496479, 0.3502535, 1.3024105), (-0.14013101, 0.3502535, 1.2237774), (-0.250686, 0.46594825, 1.3017687), (-0.14116909, 0.46594825, 1.2231358), (-0.23811783, 0.37746987, 1.3243922), (-0.23854621, 0.4384571, 1.3242773), (-0.23286824, 0.4080204, 1.334606), (-0.12902923, 0.43845704, 1.2456445), (-0.12860091, 0.37746987, 1.2457591), (-0.12335129, 0.40802035, 1.255973), (-0.17324708, 0.3502535, 1.2132343), (-0.063730195, 0.3502535, 1.1346012), (-0.17428516, 0.46594825, 1.2125927), (-0.06476828, 0.46594825, 1.1339597), (-0.16171701, 0.37746987, 1.235216), (-0.16214539, 0.4384571, 1.2351011), (-0.15646742, 0.4080204, 1.2454299), (-0.052628417, 0.43845704, 1.1564683), (-0.052200094, 0.37746987, 1.1565832), (-0.046950478, 0.40802035, 1.1667968), (-0.5050036, 0.35025346, 1.5699388), (-0.6145205, 0.35025346, 1.491306), (-0.5039655, 0.46594822, 1.5692972), (-0.6134824, 0.46594822, 1.4906641), (-0.5165336, 0.37746984, 1.5919205), (-0.51610523, 0.43845707, 1.5918058), (-0.52178323, 0.40802038, 1.6021343), (-0.6256223, 0.438457, 1.5131727), (-0.6260506, 0.37746984, 1.5132877), (-0.6313002, 0.40802032, 1.5235013), (-0.5814044, 0.35025346, 1.4807626), (-0.6909213, 0.35025346, 1.4021298), (-0.5803663, 0.46594822, 1.480121), (-0.68988323, 0.46594822, 1.4014882), (-0.5929344, 0.37746984, 1.5027443), (-0.59250605, 0.43845707, 1.5026296), (-0.59818405, 0.40802038, 1.5129582), (-0.702023, 0.438457, 1.4239966), (-0.70245135, 0.37746984, 1.4241115), (-0.70770097, 0.40802032, 1.4343253), (-0.6578052, 0.35025346, 1.3915867), (-0.7673221, 0.35025346, 1.3129536), (-0.65676713, 0.46594822, 1.3909448), (-0.76628405, 0.46594822, 1.312312), (-0.66933525, 0.37746984, 1.4135684), (-0.6689069, 0.43845707, 1.4134535), (-0.67458487, 0.40802038, 1.4237822), (-0.7784239, 0.438457, 1.3348205), (-0.7788522, 0.37746984, 1.3349353), (-0.78410184, 0.40802032, 1.3451492), (-0.7342061, 0.35025346, 1.3024105), (-0.84372294, 0.35025346, 1.2237774), (-0.733168, 0.46594822, 1.3017687), (-0.84268486, 0.46594822, 1.2231358), (-0.7457361, 0.37746984, 1.3243922), (-0.74530774, 0.43845707, 1.3242773), (-0.75098574, 0.40802038, 1.334606), (-0.8548247, 0.438457, 1.2456445), (-0.85525304, 0.37746984, 1.2457591), (-0.86050266, 0.40802032, 1.255973), (-0.81060684, 0.35025346, 1.2132343), (-0.92012376, 0.35025346, 1.1346012), (-0.80956876, 0.46594822, 1.2125927), (-0.9190857, 0.46594822, 1.1339597), (-0.82213694, 0.37746984, 1.235216), (-0.82170856, 0.43845707, 1.2351011), (-0.8273865, 0.40802038, 1.2454299), (-0.93122554, 0.438457, 1.1564683), (-0.93165386, 0.37746984, 1.1565832), (-0.9369035, 0.40802032, 1.1667968), (-0.48317853, 0.35695595, 1.5639106), (-0.3736616, 0.35695595, 1.4852775), (-0.4841748, 0.4591673, 1.5633272), (-0.3746579, 0.4591673, 1.4846941), (-0.4723339, 0.3825786, 1.5849379), (-0.47272658, 0.4332469, 1.5848726), (-0.4679028, 0.40795445, 1.5940117), (-0.36316076, 0.43311197, 1.5063077), (-0.36276326, 0.3827309, 1.5063797), (-0.3583859, 0.40797514, 1.5153786), (-0.4067777, 0.35695595, 1.4747344), (-0.2972608, 0.35695598, 1.3961014), (-0.40777397, 0.4591673, 1.474151), (-0.29825708, 0.45916733, 1.3955182), (-0.3959331, 0.3825786, 1.4957618), (-0.39632577, 0.4332469, 1.4956964), (-0.391502, 0.40795445, 1.5048355), (-0.28675994, 0.433112, 1.4171315), (-0.28636244, 0.38273093, 1.4172035), (-0.28198507, 0.40797517, 1.4262024), (-0.3303769, 0.35695598, 1.3855582), (-0.22085996, 0.35695598, 1.3069252), (-0.33137316, 0.45916733, 1.3849748), (-0.22185622, 0.45916733, 1.306342), (-0.31953228, 0.38257864, 1.4065856), (-0.31992492, 0.43324694, 1.4065202), (-0.31510118, 0.40795448, 1.4156593), (-0.21035908, 0.433112, 1.3279554), (-0.20996161, 0.38273093, 1.3280276), (-0.20558418, 0.40797517, 1.3370262), (-0.25397605, 0.35695598, 1.2963821), (-0.14445914, 0.35695598, 1.2177491), (-0.2549723, 0.45916733, 1.2957987), (-0.1454554, 0.45916733, 1.2171658), (-0.24313141, 0.38257894, 1.3174094), (-0.24352407, 0.43324694, 1.3173441), (-0.23870032, 0.40795448, 1.3264831), (-0.13395827, 0.433112, 1.2387792), (-0.13356079, 0.38273093, 1.2388514), (-0.12918337, 0.40797517, 1.2478501), (-0.17757522, 0.35695598, 1.2072059), (-0.06805833, 0.35695598, 1.1285731), (-0.17857148, 0.45916733, 1.2066226), (-0.069054596, 0.45916733, 1.1279896), (-0.1667306, 0.38257864, 1.2282335), (-0.16712327, 0.43324694, 1.228168), (-0.1622995, 0.40795448, 1.237307), (-0.057557452, 0.433112, 1.149603), (-0.057159975, 0.38273093, 1.1496753), (-0.052782554, 0.40797517, 1.1586741), (-0.50067544, 0.35695595, 1.5639106), (-0.61019236, 0.35695595, 1.4852775), (-0.4996792, 0.4591673, 1.5633272), (-0.60919607, 0.4591673, 1.4846941), (-0.51152, 0.3825786, 1.5849379), (-0.51112735, 0.4332469, 1.5848726), (-0.51595116, 0.40795445, 1.5940117), (-0.6206932, 0.43311197, 1.5063077), (-0.6210907, 0.3827309, 1.5063797), (-0.6254681, 0.40797514, 1.5153786), (-0.57707626, 0.35695595, 1.4747344), (-0.6865932, 0.35695595, 1.3961014), (-0.57607996, 0.4591673, 1.474151), (-0.6855969, 0.4591673, 1.3955182), (-0.5879209, 0.3825786, 1.4957618), (-0.5875282, 0.4332469, 1.4956964), (-0.592352, 0.40795445, 1.5048355), (-0.697094, 0.43311197, 1.4171315), (-0.6974915, 0.3827309, 1.4172035), (-0.7018689, 0.40797514, 1.4262024), (-0.6534771, 0.35695595, 1.3855582), (-0.762994, 0.35695595, 1.3069252), (-0.65248084, 0.4591673, 1.3849748), (-0.7619977, 0.4591673, 1.306342), (-0.66432166, 0.3825786, 1.4065856), (-0.66392905, 0.4332469, 1.4065202), (-0.6687528, 0.40795445, 1.4156593), (-0.77349484, 0.43311197, 1.3279554), (-0.77389234, 0.3827309, 1.3280276), (-0.77826977, 0.40797514, 1.3370262), (-0.72987795, 0.35695595, 1.2963821), (-0.8393948, 0.35695595, 1.2177491), (-0.72888166, 0.4591673, 1.2957987), (-0.8383986, 0.4591673, 1.2171658), (-0.74072254, 0.3825786, 1.3174094), (-0.74032986, 0.4332469, 1.3173441), (-0.74515367, 0.40795445, 1.3264831), (-0.8498957, 0.43311197, 1.2387792), (-0.85029316, 0.3827309, 1.2388514), (-0.8546706, 0.40797514, 1.2478501), (-0.8062787, 0.35695595, 1.2072059), (-0.9157956, 0.35695595, 1.1285731), (-0.8052825, 0.4591673, 1.2066226), (-0.91479933, 0.4591673, 1.1279896), (-0.81712335, 0.3825786, 1.2282335), (-0.8167307, 0.4332469, 1.228168), (-0.8215544, 0.40795445, 1.237307), (-0.9262965, 0.43311197, 1.149603), (-0.926694, 0.3827309, 1.1496753), (-0.9310714, 0.40797514, 1.1586741), (-0.49011168, 0.11916889, 0.94476193), (-0.39036083, 0.11916889, 0.94476193), (-0.49011168, 0.045871273, 0.94476193), (-0.39036083, 0.045871273, 0.94476193), (-0.49011168, 0.11916889, 0.97483414), (-0.39036083, 0.11916889, 0.97483414), (-0.49011168, 0.045871273, 0.97483414), (-0.39036083, 0.045871273, 0.97483414), (-0.42908114, 0.109144405, 0.8328867), (-0.42908114, 0.109144405, 0.9561226), (-0.39863664, 0.109144405, 0.8328867), (-0.39863664, 0.109144405, 0.9561226), (-0.42908114, 0.07650919, 0.8328867), (-0.42908114, 0.07650919, 0.9561226), (-0.39863664, 0.07650919, 0.8328867), (-0.39863664, 0.07650919, 0.9561226), (-0.58986247, 0.11916889, 0.94476193), (-0.58986247, 0.045871273, 0.94476193), (-0.58986247, 0.11916889, 0.97483414), (-0.58986247, 0.045871273, 0.97483414), (-0.5511422, 0.109144405, 0.8328867), (-0.5511422, 0.109144405, 0.9561226), (-0.5815867, 0.109144405, 0.8328867), (-0.5815867, 0.109144405, 0.9561226), (-0.5511422, 0.07650919, 0.8328867), (-0.5511422, 0.07650919, 0.9561226), (-0.5815867, 0.07650919, 0.8328867), (-0.5815867, 0.07650919, 0.9561226), (-0.49011168, 0.11916889, 0.8092325), (-0.39036083, 0.11916889, 0.8092325), (-0.49011168, 0.06836827, 0.8092325), (-0.39036083, 0.06836827, 0.8092325), (-0.49011168, 0.11916889, 0.8393047), (-0.39036083, 0.11916889, 0.8393047), (-0.49011168, 0.06836827, 0.8393047), (-0.39036083, 0.06836827, 0.8393047), (-0.58986247, 0.11916889, 0.8092325), (-0.58986247, 0.06836827, 0.8092325), (-0.58986247, 0.11916889, 0.8393047), (-0.58986247, 0.06836827, 0.8393047), (-0.5569837, 0.10961397, 0.8307612), (-0.5569837, 0.10961397, 0.9582481), (-0.5569837, 0.09289248, 0.8307612), (-0.5569837, 0.09289248, 0.9582481), (-0.4134745, 0.10961397, 0.8307612), (-0.4134745, 0.09289248, 0.8307612), (-0.4134745, 0.09289248, 0.9582481), (-0.4134745, 0.10961397, 0.9582481), (-0.49011168, 0.11916889, 1.3715935), (-0.39036083, 0.11916889, 1.3715935), (-0.49011168, 0.045871273, 1.3715935), (-0.39036083, 0.045871273, 1.3715935), (-0.49011168, 0.11916889, 1.4016657), (-0.39036083, 0.11916889, 1.4016657), (-0.49011168, 0.045871273, 1.4016657), (-0.39036083, 0.045871273, 1.4016657), (-0.42908114, 0.109144405, 1.2597182), (-0.42908114, 0.109144405, 1.3829541), (-0.39863664, 0.109144405, 1.2597182), (-0.39863664, 0.109144405, 1.3829541), (-0.42908114, 0.07650919, 1.2597182), (-0.42908114, 0.07650919, 1.3829541), (-0.39863664, 0.07650919, 1.2597182), (-0.39863664, 0.07650919, 1.3829541), (-0.58986247, 0.11916889, 1.3715935), (-0.58986247, 0.045871273, 1.3715935), (-0.58986247, 0.11916889, 1.4016657), (-0.58986247, 0.045871273, 1.4016657), (-0.5511422, 0.109144405, 1.2597182), (-0.5511422, 0.109144405, 1.3829541), (-0.5815867, 0.109144405, 1.2597182), (-0.5815867, 0.109144405, 1.3829541), (-0.5511422, 0.07650919, 1.2597182), (-0.5511422, 0.07650919, 1.3829541), (-0.5815867, 0.07650919, 1.2597182), (-0.5815867, 0.07650919, 1.3829541), (-0.49011168, 0.11916889, 1.236064), (-0.39036083, 0.11916889, 1.236064), (-0.49011168, 0.06836827, 1.236064), (-0.39036083, 0.06836827, 1.236064), (-0.49011168, 0.11916889, 1.2661362), (-0.39036083, 0.11916889, 1.2661362), (-0.49011168, 0.06836827, 1.2661362), (-0.39036083, 0.06836827, 1.2661362), (-0.58986247, 0.11916889, 1.236064), (-0.58986247, 0.06836827, 1.236064), (-0.58986247, 0.11916889, 1.2661362), (-0.58986247, 0.06836827, 1.2661362), (-0.5569837, 0.10961397, 1.2575927), (-0.5569837, 0.10961397, 1.3850796), (-0.5569837, 0.09289248, 1.2575927), (-0.5569837, 0.09289248, 1.3850796), (-0.4134745, 0.10961397, 1.2575927), (-0.4134745, 0.09289248, 1.2575927), (-0.4134745, 0.09289248, 1.3850796), (-0.4134745, 0.10961397, 1.3850796), (-0.21320975, 0.6193522, 0.94476193), (-0.21320976, 0.71910304, 0.94476193), (-0.13991213, 0.6193522, 0.94476193), (-0.13991213, 0.71910304, 0.94476193), (-0.21320975, 0.6193522, 0.97483414), (-0.21320976, 0.71910304, 0.97483414), (-0.13991213, 0.6193522, 0.97483414), (-0.13991213, 0.71910304, 0.97483414), (-0.20318526, 0.6803827, 0.8328867), (-0.20318526, 0.6803827, 0.9561226), (-0.20318526, 0.71082723, 0.8328867), (-0.20318526, 0.71082723, 0.9561226), (-0.17055005, 0.6803827, 0.8328867), (-0.17055005, 0.6803827, 0.9561226), (-0.17055006, 0.71082723, 0.8328867), (-0.17055006, 0.71082723, 0.9561226), (-0.21320973, 0.5196014, 0.94476193), (-0.13991213, 0.5196014, 0.94476193), (-0.21320973, 0.5196014, 0.97483414), (-0.13991213, 0.5196014, 0.97483414), (-0.20318526, 0.55832165, 0.8328867), (-0.20318526, 0.55832165, 0.9561226), (-0.20318526, 0.52787715, 0.8328867), (-0.20318526, 0.52787715, 0.9561226), (-0.17055005, 0.55832165, 0.8328867), (-0.17055005, 0.55832165, 0.9561226), (-0.17055003, 0.52787715, 0.8328867), (-0.17055003, 0.52787715, 0.9561226), (-0.21320975, 0.6193522, 0.8092325), (-0.21320976, 0.71910304, 0.8092325), (-0.16240913, 0.6193522, 0.8092325), (-0.16240914, 0.71910304, 0.8092325), (-0.21320975, 0.6193522, 0.8393047), (-0.21320976, 0.71910304, 0.8393047), (-0.16240913, 0.6193522, 0.8393047), (-0.16240914, 0.71910304, 0.8393047), (-0.21320973, 0.5196014, 0.8092325), (-0.16240911, 0.5196014, 0.8092325), (-0.21320973, 0.5196014, 0.8393047), (-0.16240911, 0.5196014, 0.8393047), (-0.20365483, 0.55248016, 0.8307612), (-0.20365483, 0.55248016, 0.9582481), (-0.18693334, 0.55248016, 0.8307612), (-0.18693334, 0.55248016, 0.9582481), (-0.20365483, 0.6959894, 0.8307612), (-0.18693334, 0.6959894, 0.8307612), (-0.18693334, 0.6959894, 0.9582481), (-0.20365483, 0.6959894, 0.9582481), (-0.76714534, 0.62098, 0.94476193), (-0.76714534, 0.5212292, 0.94476193), (-0.84044296, 0.62098, 0.94476193), (-0.84044296, 0.5212292, 0.94476193), (-0.76714534, 0.62098, 0.97483414), (-0.76714534, 0.5212292, 0.97483414), (-0.84044296, 0.62098, 0.97483414), (-0.84044296, 0.5212292, 0.97483414), (-0.77716976, 0.5599495, 0.8328867), (-0.77716976, 0.5599495, 0.9561226), (-0.77716976, 0.529505, 0.8328867), (-0.77716976, 0.529505, 0.9561226), (-0.809805, 0.5599495, 0.8328867), (-0.809805, 0.5599495, 0.9561226), (-0.809805, 0.529505, 0.8328867), (-0.809805, 0.529505, 0.9561226), (-0.76714534, 0.72073084, 0.94476193), (-0.84044296, 0.72073084, 0.94476193), (-0.76714534, 0.72073084, 0.97483414), (-0.84044296, 0.72073084, 0.97483414), (-0.77716976, 0.6820106, 0.8328867), (-0.77716976, 0.6820106, 0.9561226), (-0.77716976, 0.7124551, 0.8328867), (-0.77716976, 0.7124551, 0.9561226), (-0.809805, 0.6820106, 0.8328867), (-0.809805, 0.6820106, 0.9561226), (-0.809805, 0.7124551, 0.8328867), (-0.809805, 0.7124551, 0.9561226), (-0.76714534, 0.62098, 0.8092325), (-0.76714534, 0.5212292, 0.8092325), (-0.8179459, 0.62098, 0.8092325), (-0.8179459, 0.5212292, 0.8092325), (-0.76714534, 0.62098, 0.8393047), (-0.76714534, 0.5212292, 0.8393047), (-0.8179459, 0.62098, 0.8393047), (-0.8179459, 0.5212292, 0.8393047), (-0.76714534, 0.72073084, 0.8092325), (-0.8179459, 0.72073084, 0.8092325), (-0.76714534, 0.72073084, 0.8393047), (-0.8179459, 0.72073084, 0.8393047), (-0.7767002, 0.6878521, 0.8307612), (-0.7767002, 0.6878521, 0.9582481), (-0.7934217, 0.6878521, 0.8307612), (-0.7934217, 0.6878521, 0.9582481), (-0.7767002, 0.5443429, 0.8307612), (-0.7934217, 0.5443429, 0.8307612), (-0.7934217, 0.5443429, 0.9582481), (-0.7767002, 0.5443429, 0.9582481)]
            texCoord2f[] primvars:st = [(0, 0), (0, 0), (0, 0), (0, 0), (0, 0), (0, 0), (0, 0), (0, 0), (0, 0), (0, 0), (0, 0), (0, 0), (0, 0), (0, 0), (0, 0), (0, 0), (0, 0), (0, 0), (0, 0), (0, 0), (0, 0), (0, 0), (0, 0), (0, 0), (0, 0), (0, 0), (0, 0), (0, 0), (0, 0), (0, 0), (0, 0), (0, 0), (0, 0), (0, 0), (0, 0), (0, 0), (0, 0), (0, 0), (0, 0), (0, 0), (0, 0), (0, 0), (0, 0), (0, 0), (0, 0), (0, 0), (0, 0), (0, 0), (0, 0), (0, 0), (0, 0), (0, 0), (0, 0), (0, 0), (0, 0), (0, 0), (0, 0), (0, 0), (0, 0), (0, 0), (0, 0), (0, 0), (0, 0), (0, 0), (0, 0), (0, 0), (0, 0), (0, 0), (0, 0), (0, 0), (0, 0), (0, 0), (0, 0), (0, 0), (0, 0), (0, 0), (0, 0), (0, 0), (0, 0), (0, 0), (0, 0), (0, 0), (0, 0), (0, 0), (0, 0), (0, 0), (0, 0), (0, 0), (0, 0), (0, 0), (0, 0), (0, 0), (0, 0), (0, 0), (0, 0), (0, 0), (0, 0), (0, 0), (0, 0), (0, 0), (0, 0), (0, 0), (0, 0), (0, 0), (0, 0), (0, 0), (0, 0), (0, 0), (0, 0), (0, 0), (0, 0), (0, 0), (0, 0), (0, 0), (0, 0), (0, 0), (0, 0), (0, 0), (0, 0), (0, 0), (0, 0), (0, 0), (0, 0), (0, 0), (0, 0), (0, 0), (0, 0), (0, 0), (0, 0), (0, 0), (0, 0), (0, 0), (0, 0), (0, 0), (0, 0), (0, 0), (0, 0), (0, 0), (0, 0), (0, 0), (0, 0), (0, 0), (0, 0), (0, 0), (0, 0), (0, 0), (0, 0), (0, 0), (0, 0), (0, 0), (0, 0), (0, 0), (0, 0), (0, 0), (0, 0), (0, 0), (0, 0), (0, 0), (0, 0), (0, 0), (0, 0), (0, 0), (0, 0), (0, 0), (0, 0), (0, 0), (0, 0), (0, 0), (0, 0), (0, 0), (0, 0), (0, 0), (0, 0), (0, 0), (0, 0), (0, 0), (0, 0), (0, 0), (0, 0), (0, 0), (0, 0), (0, 0), (0, 0), (0, 0), (0, 0), (0, 0), (0, 0), (0, 0), (0, 0), (0, 0), (0, 0), (0, 0), (0, 0), (0, 0), (0, 0), (0, 0), (0, 0), (0, 0), (0, 0), (0, 0), (0, 0), (0, 0), (0, 0), (0, 0), (0, 0), (0, 0), (0, 0), (0, 0), (0, 0), (0, 0), (0, 0), (0, 0), (0, 0), (0, 0), (0, 0), (0, 0), (0, 0), (0, 0), (0, 0), (0, 0), (0, 0), (0, 0), (0, 0), (0, 0), (0, 0), (0, 0), (0, 0), (0, 0), (0, 0), (0, 0), (0, 0), (0, 0), (0, 0), (0, 0), (0, 0), (0, 0), (0, 0), (0, 0), (0, 0), (0, 0), (0, 0), (0, 0), (0, 0), (0, 0), (0, 0), (0, 0), (0, 0), (0, 0), (0, 0), (0, 0), (0, 0), (0, 0), (0, 0), (0, 0), (0, 0), (0, 0), (0, 0), (0, 0), (0, 0), (0, 0), (0, 0), (0, 0), (0, 0), (0, 0), (0, 0), (0, 0), (0, 0), (0, 0), (0, 0), (0, 0), (0, 0), (0, 0), (0, 0), (0, 0), (0, 0), (0, 0), (0, 0), (0, 0), (0, 0), (0, 0), (0, 0), (0, 0), (0, 0), (0, 0), (0, 0), (0, 0), (0, 0), (0, 0), (0, 0), (0, 0), (0, 0), (0, 0), (0, 0), (0, 0), (0, 0), (0, 0), (0, 0), (0, 0), (0, 0), (0, 0), (0, 0), (0, 0), (0, 0), (0, 0), (0, 0), (0, 0), (0, 0), (0, 0), (0, 0), (0, 0), (0, 0), (0, 0), (0, 0), (0, 0), (0, 0), (0, 0), (0, 0), (0, 0), (0, 0), (0, 0), (0, 0), (0, 0), (0, 0), (0, 0), (0, 0), (0, 0), (0, 0), (0, 0), (0, 0), (0, 0), (0, 0), (0, 0), (0, 0), (0, 0), (0, 0), (0, 0), (0, 0), (0, 0), (0, 0), (0, 0), (0, 0), (0, 0), (0, 0), (0, 0), (0, 0), (0, 0), (0, 0), (0, 0), (0, 0), (0, 0), (0, 0), (0, 0), (0, 0), (0, 0), (0, 0), (0, 0), (0, 0), (0, 0), (0, 0), (0, 0), (0, 0), (0, 0), (0, 0), (0, 0), (0, 0), (0, 0), (0, 0), (0, 0), (0, 0), (0, 0), (0, 0), (0, 0), (0, 0), (0, 0), (0, 0), (0, 0), (0, 0), (0, 0), (0, 0), (0, 0), (0, 0), (0, 0), (0, 0), (0, 0), (0, 0), (0, 0), (0, 0), (0, 0), (0, 0), (0, 0), (0, 0), (0, 0), (0, 0), (0, 0), (0, 0), (0, 0), (0, 0), (0, 0), (0, 0), (0, 0), (0, 0), (0, 0), (0, 0), (0, 0), (0, 0), (0, 0), (0, 0), (0, 0), (0, 0), (0, 0), (0, 0), (0, 0), (0, 0), (0, 0), (0, 0), (0, 0), (0, 0), (0, 0), (0, 0), (0, 0), (0, 0), (0, 0), (0, 0), (0, 0), (0, 0), (0, 0), (0, 0), (0, 0), (0, 0), (0, 0), (0, 0), (0, 0), (0, 0), (0, 0), (0, 0), (0, 0), (0, 0), (0, 0), (0, 0), (0, 0), (0, 0), (0, 0), (0, 0), (0, 0), (0, 0), (0, 0), (0, 0), (0, 0), (0, 0), (0, 0), (0, 0), (0, 0), (0, 0), (0, 0), (0, 0), (0, 0), (0, 0), (0, 0), (0, 0), (0, 0), (0, 0), (0, 0), (0, 0), (0, 0), (0, 0), (0, 0), (0, 0), (0, 0), (0, 0), (0, 0), (0, 0), (0, 0), (0, 0), (0, 0), (0, 0), (0, 0), (0, 0), (0, 0), (0, 0), (0, 0), (0, 0), (0, 0), (0, 0), (0, 0), (0, 0), (0, 0), (0, 0), (0, 0), (0, 0), (0, 0), (0, 0), (0, 0), (0, 0), (0, 0), (0, 0), (0, 0), (0, 0), (0, 0), (0, 0), (0, 0), (0, 0), (0, 0), (0, 0), (0, 0), (0, 0), (0, 0), (0, 0), (0, 0), (0, 0), (0, 0), (0, 0), (0, 0), (0, 0), (0, 0), (0, 0), (0, 0), (0, 0), (0, 0), (0, 0), (0, 0), (0, 0), (0, 0), (0, 0), (0, 0), (0, 0), (0, 0), (0, 0), (0, 0), (0, 0), (0, 0), (0, 0), (0, 0), (0, 0), (0, 0), (0, 0), (0, 0), (0, 0), (0, 0), (0, 0), (0, 0), (0, 0), (0, 0), (0, 0), (0, 0), (0, 0), (0, 0), (0, 0), (0, 0), (0, 0), (0, 0), (0, 0), (0, 0), (0, 0), (0, 0), (0, 0), (0, 0), (0, 0), (0, 0), (0, 0), (0, 0), (0, 0), (0, 0), (0, 0), (0, 0), (0, 0), (0, 0), (0, 0), (0, 0), (0, 0), (0, 0), (0, 0), (0, 0), (0, 0), (0, 0), (0, 0), (0, 0), (0, 0), (0, 0), (0, 0), (0, 0), (0, 0), (0, 0), (0, 0), (0, 0), (0, 0), (0, 0), (0, 0), (0, 0), (0, 0), (0, 0), (0, 0), (0, 0), (0, 0), (0, 0), (0, 0), (0, 0), (0, 0), (0, 0), (0, 0), (0, 0), (0, 0), (0, 0), (0, 0), (0, 0), (0, 0), (0, 0), (0, 0), (0, 0), (0, 0), (0, 0), (0, 0), (0, 0), (0, 0), (0, 0), (0, 0), (0, 0), (0, 0), (0, 0), (0, 0), (0, 0), (0, 0), (0, 0), (0, 0), (0, 0), (0, 0), (0, 0), (0, 0), (0, 0), (0, 0), (0, 0), (0, 0), (0, 0), (0, 0), (0, 0), (0, 0), (0, 0), (0, 0), (0, 0), (0, 0), (0, 0), (0, 0), (0, 0), (0, 0), (0, 0), (0, 0), (0, 0), (0, 0), (0, 0), (0, 0), (0, 0), (0, 0), (0, 0), (0, 0), (0, 0), (0, 0), (0, 0), (0, 0), (0, 0), (0, 0), (0, 0), (0, 0), (0, 0), (0, 0), (0, 0), (0, 0), (0, 0), (0, 0), (0, 0), (0, 0), (0, 0), (0, 0), (0, 0), (0, 0), (0, 0), (0, 0), (0, 0), (0, 0), (0, 0), (0, 0), (0, 0), (0, 0), (0, 0), (0, 0), (0, 0), (0, 0), (0, 0), (0, 0), (0, 0), (0, 0), (0, 0), (0, 0), (0, 0), (0, 0), (0, 0), (0, 0), (0, 0), (0, 0), (0, 0), (0, 0), (0, 0), (0, 0), (0, 0), (0, 0), (0, 0), (0, 0), (0, 0), (0, 0), (0, 0), (0, 0), (0, 0), (0, 0), (0, 0), (0, 0), (0, 0), (0, 0), (0, 0), (0, 0), (0, 0), (0, 0), (0, 0), (0, 0), (0, 0), (0, 0), (0, 0), (0, 0), (0, 0), (0, 0), (0, 0), (0, 0), (0, 0), (0, 0), (0, 0), (0, 0), (0, 0), (0, 0), (0, 0), (0, 0), (0, 0), (0, 0), (0, 0), (0, 0), (0, 0), (0, 0), (0, 0), (0, 0), (0, 0), (0, 0), (0, 0), (0, 0), (0, 0), (0, 0), (0, 0), (0, 0), (0, 0), (0, 0), (0, 0), (0, 0), (0, 0), (0, 0), (0, 0), (0, 0), (0, 0), (0, 0), (0, 0), (0, 0), (0, 0), (0, 0), (0, 0), (0, 0), (0, 0), (0, 0), (0, 0), (0, 0), (0, 0), (0, 0), (0, 0), (0, 0), (0, 0), (0, 0), (0, 0), (0, 0), (0, 0), (0, 0), (0, 0), (0, 0), (0, 0), (0, 0), (0, 0), (0, 0), (0, 0), (0, 0), (0, 0), (0, 0), (0, 0), (0, 0), (0, 0), (0, 0), (0, 0), (0, 0), (0, 0), (0, 0), (0, 0), (0, 0), (0, 0), (0, 0), (0, 0), (0, 0), (0, 0), (0, 0), (0, 0), (0, 0), (0, 0), (0, 0), (0, 0), (0, 0), (0, 0), (0, 0), (0, 0), (0, 0), (0, 0), (0, 0), (0, 0), (0, 0), (0, 0), (0, 0), (0, 0), (0, 0), (0, 0), (0, 0), (0, 0), (0, 0), (0, 0), (0, 0), (0, 0), (0, 0), (0, 0), (0, 0), (0, 0), (0, 0), (0, 0), (0, 0), (0, 0), (0, 0), (0, 0), (0, 0), (0, 0), (0, 0), (0, 0), (0, 0), (0, 0), (0, 0), (0, 0), (0, 0), (0, 0), (0, 0), (0, 0), (0, 0), (0, 0), (0, 0), (0, 0), (0, 0), (0, 0), (0, 0), (0, 0), (0, 0), (0, 0), (0, 0), (0, 0), (0, 0), (0, 0), (0, 0), (0, 0), (0, 0), (0, 0), (0, 0), (0, 0), (0, 0), (0, 0), (0, 0), (0, 0), (0, 0), (0, 0), (0, 0), (0, 0), (0, 0), (0, 0), (0, 0), (0, 0), (0, 0), (0, 0), (0, 0), (0, 0), (0, 0), (0, 0), (0, 0), (0, 0), (0, 0), (0, 0), (0, 0), (0, 0), (0, 0), (0, 0), (0, 0), (0, 0), (0, 0), (0, 0), (0, 0), (0, 0), (0, 0), (0, 0), (0, 0), (0, 0), (0, 0), (0, 0), (0, 0), (0, 0), (0, 0), (0, 0), (0, 0), (0, 0), (0, 0), (0, 0), (0, 0), (0, 0), (0, 0), (0, 0), (0, 0), (0, 0), (0, 0), (0, 0), (0, 0), (0, 0), (0, 0), (0, 0), (0, 0), (0, 0), (0, 0), (0, 0), (0, 0), (0, 0), (0, 0), (0, 0), (0, 0), (0, 0), (0, 0), (0, 0), (0, 0), (0, 0), (0, 0), (0, 0), (0, 0), (0, 0), (0, 0), (0, 0), (0, 0), (0, 0), (0, 0), (0, 0), (0, 0), (0, 0), (0, 0), (0, 0), (0, 0), (0, 0), (0, 0), (0, 0), (0, 0), (0, 0), (0, 0), (0, 0), (0, 0), (0, 0), (0, 0), (0, 0), (0, 0), (0, 0), (0, 0), (0, 0), (0, 0), (0, 0), (0, 0), (0, 0), (0, 0), (0, 0), (0, 0), (0, 0), (0, 0), (0, 0), (0, 0), (0, 0), (0, 0), (0, 0), (0, 0), (0, 0), (0, 0), (0, 0), (0, 0), (0, 0), (0, 0), (0, 0), (0, 0), (0, 0), (0, 0), (0, 0), (0, 0), (0, 0), (0, 0), (0, 0), (0, 0), (0, 0), (0, 0), (0, 0), (0, 0), (0, 0), (0, 0), (0, 0), (0, 0), (0, 0), (0, 0), (0, 0), (0, 0), (0, 0), (0, 0), (0, 0), (0, 0), (0, 0), (0, 0), (0, 0), (0, 0), (0, 0), (0, 0), (0, 0), (0, 0), (0, 0), (0, 0), (0, 0), (0, 0), (0, 0), (0, 0), (0, 0), (0, 0), (0, 0), (0, 0), (0, 0), (0, 0), (0, 0), (0, 0), (0, 0), (0, 0), (0, 0), (0, 0), (0, 0), (0, 0), (0, 0), (0, 0), (0, 0), (0, 0), (0, 0), (0, 0), (0, 0), (0, 0), (0, 0), (0, 0), (0, 0), (0, 0), (0, 0), (0, 0), (0, 0), (0, 0), (0, 0), (0, 0), (0, 0), (0, 0), (0, 0), (0, 0), (0, 0), (0, 0), (0, 0), (0, 0), (0, 0), (0, 0), (0, 0), (0, 0), (0, 0), (0, 0), (0, 0), (0, 0), (0, 0), (0, 0), (0, 0), (0, 0), (0, 0), (0, 0), (0, 0), (0, 0), (0, 0), (0, 0), (0, 0), (0, 0), (0, 0), (0, 0), (0, 0), (0, 0), (0, 0), (0, 0), (0, 0), (0, 0), (0, 0), (0, 0), (0, 0), (0, 0), (0, 0), (0, 0), (0, 0), (0, 0), (0, 0), (0, 0), (0, 0), (0, 0), (0, 0), (0, 0), (0, 0), (0, 0), (0, 0), (0, 0), (0, 0), (0, 0), (0, 0), (0, 0), (0, 0), (0, 0), (0, 0), (0, 0), (0, 0), (0, 0), (0, 0), (0, 0), (0, 0), (0, 0), (0, 0), (0, 0), (0, 0), (0, 0), (0, 0), (0, 0), (0, 0), (0, 0), (0, 0), (0, 0), (0, 0), (0, 0), (0, 0), (0, 0), (0, 0), (0, 0), (0, 0), (0, 0), (0, 0), (0, 0), (0, 0), (0, 0), (0, 0), (0, 0), (0, 0), (0, 0), (0, 0), (0, 0), (0, 0), (0, 0), (0, 0), (0, 0), (0, 0), (0, 0), (0, 0), (0, 0), (0, 0), (0, 0), (0, 0), (0, 0), (0, 0), (0, 0), (0, 0), (0, 0), (0, 0), (0, 0), (0, 0), (0, 0), (0, 0), (0, 0), (0, 0), (0, 0), (0, 0), (0, 0), (0, 0), (0, 0), (0, 0), (0, 0), (0, 0), (0, 0), (0, 0), (0, 0), (0, 0), (0, 0), (0, 0), (0, 0), (0, 0), (0, 0), (0, 0), (0, 0), (0, 0), (0, 0), (0, 0), (0, 0), (0, 0), (0, 0), (0, 0), (0, 0), (0, 0), (0, 0), (0, 0), (0, 0), (0, 0), (0, 0), (0, 0), (0, 0), (0, 0), (0, 0), (0, 0), (0, 0), (0, 0), (0, 0), (0, 0), (0, 0), (0, 0), (0, 0), (0, 0), (0, 0), (0, 0), (0, 0), (0, 0), (0, 0), (0, 0), (0, 0), (0, 0), (0, 0), (0, 0), (0, 0), (0, 0), (0, 0), (0, 0), (0, 0), (0, 0), (0, 0), (0, 0), (0, 0), (0, 0), (0, 0), (0, 0), (0, 0), (0, 0), (0, 0), (0, 0), (0, 0), (0, 0), (0, 0), (0, 0), (0, 0), (0, 0), (0, 0), (0, 0), (0, 0), (0, 0), (0, 0), (0, 0), (0, 0), (0, 0), (0, 0), (0, 0), (0, 0), (0, 0), (0, 0), (0, 0), (0, 0), (0, 0), (0, 0), (0, 0), (0, 0), (0, 0), (0, 0), (0, 0), (0, 0), (0, 0), (0, 0), (0, 0), (0, 0), (0, 0), (0, 0), (0, 0), (0, 0), (0, 0), (0, 0), (0, 0), (0, 0), (0, 0), (0, 0), (0, 0), (0, 0), (0, 0), (0, 0), (0, 0), (0, 0), (0, 0), (0, 0), (0, 0), (0, 0), (0, 0), (0, 0), (0, 0), (0, 0), (0, 0), (0, 0), (0, 0), (0, 0), (0, 0), (0, 0), (0, 0), (0, 0), (0, 0), (0, 0), (0, 0), (0, 0), (0, 0), (0, 0), (0, 0), (0, 0), (0, 0), (0, 0), (0, 0), (0, 0), (0, 0), (0, 0), (0, 0), (0, 0), (0, 0), (0, 0), (0, 0), (0, 0), (0, 0), (0, 0), (0, 0), (0, 0), (0, 0), (0, 0), (0, 0), (0, 0), (0, 0), (0, 0), (0, 0), (0, 0), (0, 0), (0, 0), (0, 0), (0, 0), (0, 0), (0, 0), (0, 0), (0, 0), (0, 0), (0, 0), (0, 0), (0, 0), (0, 0), (0, 0), (0, 0), (0, 0), (0, 0), (0, 0), (0, 0), (0, 0), (0, 0), (0, 0), (0, 0), (0, 0), (0, 0), (0, 0), (0, 0), (0, 0), (0, 0), (0, 0), (0, 0), (0, 0), (0, 0), (0, 0), (0, 0), (0, 0), (0, 0), (0, 0), (0, 0), (0, 0), (0, 0), (0, 0), (0, 0), (0, 0), (0, 0), (0, 0), (0, 0), (0, 0), (0, 0), (0, 0), (0, 0), (0, 0), (0, 0), (0, 0), (0, 0), (0, 0), (0, 0), (0, 0), (0, 0), (0, 0), (0, 0), (0, 0), (0, 0), (0, 0), (0, 0), (0, 0), (0, 0), (0, 0), (0, 0), (0, 0), (0, 0), (0, 0), (0, 0), (0, 0), (0, 0), (0, 0), (0, 0), (0, 0), (0, 0), (0, 0), (0, 0), (0, 0), (0, 0), (0, 0), (0, 0), (0, 0), (0, 0), (0, 0), (0, 0), (0, 0), (0, 0), (0, 0), (0, 0), (0, 0), (0, 0), (0, 0), (0, 0), (0, 0), (0, 0), (0, 0), (0, 0), (0, 0), (0, 0), (0, 0), (0, 0), (0, 0), (0, 0), (0, 0), (0, 0), (0, 0), (0, 0), (0, 0), (0, 0), (0, 0), (0, 0), (0, 0), (0, 0), (0, 0), (0, 0), (0, 0), (0, 0), (0, 0), (0, 0), (0, 0), (0, 0), (0, 0), (0, 0), (0, 0), (0, 0), (0, 0), (0, 0), (0, 0), (0, 0), (0, 0), (0, 0), (0, 0), (0, 0), (0, 0), (0, 0), (0, 0), (0, 0), (0, 0), (0, 0), (0, 0), (0, 0), (0, 0), (0, 0), (0, 0), (0, 0), (0, 0), (0, 0), (0, 0), (0, 0), (0, 0), (0, 0), (0, 0), (0, 0), (0, 0), (0, 0), (0, 0), (0, 0), (0, 0), (0, 0), (0, 0), (0, 0), (0, 0), (0, 0), (0, 0), (0, 0), (0, 0), (0, 0), (0, 0), (0, 0), (0, 0), (0, 0), (0, 0), (0, 0), (0, 0), (0, 0), (0, 0), (0, 0), (0, 0), (0, 0), (0, 0), (0, 0), (0, 0), (0, 0), (0, 0), (0, 0), (0, 0), (0, 0), (0, 0), (0, 0), (0, 0), (0, 0), (0, 0), (0, 0), (0, 0), (0, 0), (0, 0), (0, 0), (0, 0), (0, 0), (0, 0), (0, 0), (0, 0), (0, 0), (0, 0), (0, 0), (0, 0), (0, 0), (0, 0), (0, 0), (0, 0), (0, 0), (0, 0), (0, 0), (0, 0), (0, 0), (0, 0), (0, 0), (0, 0), (0, 0), (0, 0), (0, 0), (0, 0), (0, 0), (0, 0), (0, 0), (0, 0), (0, 0), (0, 0), (0, 0), (0, 0), (0, 0), (0, 0), (0, 0), (0, 0), (0, 0), (0, 0), (0, 0), (0, 0), (0, 0), (0, 0), (0, 0), (0, 0), (0, 0), (0, 0), (0, 0), (0, 0), (0, 0), (0, 0), (0, 0), (0, 0), (0, 0), (0, 0), (0, 0), (0, 0), (0, 0), (0, 0), (0, 0), (0, 0), (0, 0), (0, 0), (0, 0), (0, 0), (0, 0), (0, 0), (0, 0), (0, 0), (0, 0), (0, 0), (0, 0), (0, 0), (0, 0), (0, 0), (0, 0), (0, 0), (0, 0), (0, 0), (0, 0), (0, 0), (0, 0), (0, 0), (0, 0), (0, 0), (0, 0), (0, 0), (0, 0), (0, 0), (0, 0), (0, 0), (0, 0), (0, 0), (0, 0), (0, 0), (0, 0), (0, 0), (0, 0), (0, 0), (0, 0), (0, 0), (0, 0), (0, 0), (0, 0), (0, 0), (0, 0), (0, 0), (0, 0), (0, 0), (0, 0), (0, 0), (0, 0), (0, 0), (0, 0), (0, 0), (0, 0), (0, 0), (0, 0), (0, 0), (0, 0), (0, 0), (0, 0), (0, 0), (0, 0), (0, 0), (0, 0), (0, 0), (0, 0), (0, 0), (0, 0), (0, 0), (0, 0), (0, 0), (0, 0), (0, 0), (0, 0), (0, 0), (0, 0), (0, 0), (0, 0), (0, 0), (0, 0), (0, 0), (0, 0), (0, 0), (0, 0), (0, 0), (0, 0), (0, 0), (0, 0), (0, 0), (0, 0), (0, 0), (0, 0), (0, 0), (0, 0), (0, 0), (0, 0), (0, 0), (0, 0), (0, 0), (0, 0), (0, 0), (0, 0), (0, 0), (0, 0), (0, 0), (0, 0), (0, 0), (0, 0), (0, 0), (0, 0), (0, 0), (0, 0), (0, 0), (0, 0), (0, 0), (0, 0), (0, 0), (0, 0), (0, 0), (0, 0), (0, 0), (0, 0), (0, 0), (0, 0), (0, 0), (0, 0), (0, 0), (0, 0), (0, 0), (0, 0), (0, 0), (0, 0), (0, 0), (0, 0), (0, 0), (0, 0), (0, 0), (0, 0), (0, 0), (0, 0), (0, 0), (0, 0), (0, 0), (0, 0), (0, 0), (0, 0), (0, 0), (0, 0), (0, 0), (0, 0), (0, 0), (0, 0), (0, 0), (0, 0), (0, 0), (0, 0), (0, 0), (0, 0), (0, 0), (0, 0), (0, 0), (0, 0), (0, 0), (0, 0), (0, 0), (0, 0), (0, 0), (0, 0), (0, 0), (0, 0), (0, 0), (0, 0), (0, 0), (0, 0), (0, 0), (0, 0), (0, 0), (0, 0), (0, 0), (0, 0), (0, 0), (0, 0), (0, 0), (0, 0), (0, 0), (0, 0), (0, 0), (0, 0), (0, 0), (0, 0), (0, 0), (0, 0), (0, 0), (0, 0), (0, 0), (0, 0), (0, 0), (0, 0), (0, 0), (0, 0), (0, 0), (0, 0), (0, 0), (0, 0), (0, 0), (0, 0), (0, 0), (0, 0), (0, 0), (0, 0), (0, 0), (0, 0), (0, 0), (0, 0), (0, 0), (0, 0), (0, 0), (0, 0), (0, 0), (0, 0), (0, 0), (0, 0), (0, 0), (0, 0), (0, 0), (0, 0), (0, 0), (0, 0), (0, 0), (0, 0), (0, 0), (0, 0), (0, 0), (0, 0), (0, 0), (0, 0), (0, 0), (0, 0), (0, 0), (0, 0), (0, 0), (0, 0), (0, 0), (0, 0), (0, 0), (0, 0), (0, 0), (0, 0), (0, 0), (0, 0), (0, 0), (0, 0), (0, 0), (0, 0), (0, 0), (0, 0), (0, 0), (0, 0), (0, 0), (0, 0), (0, 0), (0, 0), (0, 0), (0, 0), (0, 0), (0, 0), (0, 0), (0, 0), (0, 0), (0, 0), (0, 0), (0, 0), (0, 0), (0, 0), (0, 0), (0, 0), (0, 0), (0, 0), (0, 0), (0, 0), (0, 0), (0, 0), (0, 0), (0, 0), (0, 0), (0, 0), (0, 0), (0, 0), (0, 0), (0, 0), (0, 0), (0, 0), (0, 0), (0, 0), (0, 0), (0, 0), (0, 0), (0, 0), (0, 0), (0, 0), (0, 0), (0, 0), (0, 0), (0, 0), (0, 0), (0, 0), (0, 0), (0, 0), (0, 0), (0, 0), (0, 0), (0, 0), (0, 0), (0, 0), (0, 0), (0, 0), (0, 0), (0, 0), (0, 0), (0, 0), (0, 0), (0, 0), (0, 0), (0, 0), (0, 0), (0, 0), (0, 0), (0, 0), (0, 0), (0, 0), (0, 0), (0, 0), (0, 0), (0, 0), (0, 0), (0, 0), (0, 0), (0, 0), (0, 0), (0, 0), (0, 0), (0, 0), (0, 0), (0, 0), (0, 0), (0, 0), (0, 0), (0, 0), (0, 0), (0, 0), (0, 0), (0, 0), (0, 0), (0, 0), (0, 0), (0, 0), (0, 0), (0, 0), (0, 0), (0, 0), (0, 0), (0, 0), (0, 0), (0, 0), (0, 0), (0, 0), (0, 0), (0, 0), (0, 0), (0, 0), (0, 0), (0, 0), (0, 0), (0, 0), (0, 0), (0, 0), (0, 0), (0, 0), (0, 0), (0, 0), (0, 0), (0, 0), (0, 0), (0, 0), (0, 0), (0, 0), (0, 0), (0, 0), (0, 0), (0, 0), (0, 0), (0, 0), (0, 0), (0, 0), (0, 0), (0, 0), (0, 0), (0, 0), (0, 0), (0, 0), (0, 0), (0, 0), (0, 0), (0, 0), (0, 0), (0, 0), (0, 0), (0, 0), (0, 0), (0, 0), (0, 0), (0, 0), (0, 0), (0, 0), (0, 0), (0, 0), (0, 0), (0, 0), (0, 0), (0, 0), (0, 0), (0, 0), (0, 0), (0, 0), (0, 0), (0, 0), (0, 0), (0, 0), (0, 0), (0, 0), (0, 0), (0, 0), (0, 0), (0, 0), (0, 0), (0, 0), (0, 0), (0, 0), (0, 0), (0, 0), (0, 0), (0, 0), (0, 0), (0, 0), (0, 0), (0, 0), (0, 0), (0, 0), (0, 0), (0, 0), (0, 0), (0, 0), (0, 0), (0, 0), (0, 0), (0, 0), (0, 0), (0, 0), (0, 0), (0, 0), (0, 0), (0, 0), (0, 0), (0, 0), (0, 0), (0, 0), (0, 0), (0, 0), (0, 0), (0, 0), (0, 0), (0, 0), (0, 0), (0, 0), (0, 0), (0, 0), (0, 0), (0, 0), (0, 0), (0, 0), (0, 0), (0, 0), (0, 0), (0, 0), (0, 0), (0, 0), (0, 0), (0, 0), (0, 0), (0, 0), (0, 0), (0, 0), (0, 0), (0, 0), (0, 0), (0, 0), (0, 0), (0, 0), (0, 0), (0, 0), (0, 0), (0, 0), (0, 0), (0, 0), (0, 0), (0, 0), (0, 0), (0, 0), (0, 0), (0, 0), (0, 0), (0, 0), (0, 0), (0, 0), (0, 0), (0, 0), (0, 0), (0, 0), (0, 0), (0, 0), (0, 0), (0, 0), (0, 0), (0, 0), (0, 0), (0, 0), (0, 0), (0, 0), (0, 0), (0, 0), (0, 0), (0, 0), (0, 0), (0, 0), (0, 0), (0, 0), (0, 0), (0, 0), (0, 0), (0, 0), (0, 0), (0, 0), (0, 0), (0, 0), (0, 0), (0, 0), (0, 0), (0, 0), (0, 0), (0, 0), (0, 0), (0, 0), (0, 0), (0, 0), (0, 0), (0, 0), (0, 0), (0, 0), (0, 0), (0, 0), (0, 0), (0, 0), (0, 0), (0, 0), (0, 0), (0, 0), (0, 0), (0, 0), (0, 0), (0, 0), (0, 0), (0, 0), (0, 0), (0, 0), (0, 0), (0, 0), (0, 0), (0, 0), (0, 0), (0, 0), (0, 0), (0, 0), (0, 0), (0, 0), (0, 0), (0, 0), (0, 0), (0, 0), (0, 0), (0, 0), (0, 0), (0, 0), (0, 0), (0, 0), (0, 0), (0, 0), (0, 0), (0, 0), (0, 0), (0, 0), (0, 0), (0, 0), (0, 0), (0, 0), (0, 0), (0, 0), (0, 0), (0, 0), (0, 0), (0, 0), (0, 0), (0, 0), (0, 0), (0, 0), (0, 0), (0, 0), (0, 0), (0, 0), (0, 0), (0, 0), (0, 0), (0, 0), (0, 0), (0, 0), (0, 0), (0, 0), (0, 0), (0, 0), (0, 0), (0, 0), (0, 0), (0, 0), (0, 0), (0, 0), (0, 0), (0, 0), (0, 0), (0, 0), (0, 0), (0, 0), (0, 0), (0, 0), (0, 0), (0, 0), (0, 0), (0, 0), (0, 0), (0, 0), (0, 0), (0, 0), (0, 0), (0, 0), (0, 0), (0, 0), (0, 0), (0, 0), (0, 0), (0, 0), (0, 0), (0, 0), (0, 0), (0, 0), (0, 0), (0, 0), (0, 0), (0, 0), (0, 0), (0, 0), (0, 0), (0, 0), (0, 0), (0, 0), (0, 0), (0, 0), (0, 0), (0, 0), (0, 0), (0, 0), (0, 0), (0, 0), (0, 0), (0, 0), (0, 0), (0, 0), (0, 0), (0, 0), (0, 0), (0, 0), (0, 0), (0, 0), (0, 0), (0, 0), (0, 0), (0, 0), (0, 0), (0, 0), (0, 0), (0, 0), (0, 0), (0, 0), (0, 0), (0, 0), (0, 0), (0, 0), (0, 0), (0, 0), (0, 0), (0, 0), (0, 0), (0, 0), (0, 0), (0, 0), (0, 0), (0, 0), (0, 0), (0, 0), (0, 0), (0, 0), (0, 0), (0, 0), (0, 0), (0, 0), (0, 0), (0, 0), (0, 0), (0, 0), (0, 0), (0, 0), (0, 0), (0, 0), (0, 0), (0, 0), (0, 0), (0, 0), (0, 0), (0, 0), (0, 0), (0, 0), (0, 0), (0, 0), (0, 0), (0, 0), (0, 0), (0, 0), (0, 0), (0, 0), (0, 0), (0, 0), (0, 0), (0, 0), (0, 0), (0, 0), (0, 0), (0, 0), (0, 0), (0, 0), (0, 0), (0, 0), (0, 0), (0, 0), (0, 0), (0, 0), (0, 0), (0, 0), (0, 0), (0, 0), (0, 0), (0, 0), (0, 0), (0, 0), (0, 0), (0, 0), (0, 0), (0, 0), (0, 0), (0, 0), (0, 0), (0, 0), (0, 0), (0, 0), (0, 0), (0, 0), (0, 0), (0, 0), (0, 0), (0, 0), (0, 0), (0, 0), (0, 0), (0, 0), (0, 0), (0, 0), (0, 0), (0, 0), (0, 0), (0, 0), (0, 0), (0, 0), (0, 0), (0, 0), (0, 0), (0, 0), (0, 0), (0, 0), (0, 0), (0, 0), (0, 0), (0, 0), (0, 0), (0, 0), (0, 0), (0, 0), (0, 0), (0, 0), (0, 0), (0, 0), (0, 0), (0, 0), (0, 0), (0, 0), (0, 0), (0, 0), (0, 0), (0, 0), (0, 0), (0, 0), (0, 0), (0, 0), (0, 0), (0, 0), (0, 0), (0, 0), (0, 0), (0, 0), (0, 0), (0, 0), (0, 0), (0, 0), (0, 0), (0, 0), (0, 0), (0, 0), (0, 0), (0, 0), (0, 0), (0, 0), (0, 0), (0, 0), (0, 0), (0, 0), (0, 0), (0, 0), (0, 0), (0, 0), (0, 0), (0, 0), (0, 0), (0, 0), (0, 0), (0, 0), (0, 0), (0, 0), (0, 0), (0, 0), (0, 0), (0, 0), (0, 0), (0, 0), (0, 0), (0, 0), (0, 0), (0, 0), (0, 0), (0, 0), (0, 0), (0, 0), (0, 0), (0, 0), (0, 0), (0, 0), (0, 0), (0, 0), (0, 0), (0, 0), (0, 0), (0, 0), (0, 0), (0, 0), (0, 0), (0, 0), (0, 0), (0, 0), (0, 0), (0, 0), (0, 0), (0, 0), (0, 0), (0, 0), (0, 0), (0, 0), (0, 0), (0, 0), (0, 0), (0, 0), (0, 0), (0, 0), (0, 0), (0, 0), (0, 0), (0, 0), (0, 0), (0, 0), (0, 0), (0, 0), (0, 0), (0, 0), (0, 0), (0, 0), (0, 0), (0, 0), (0, 0), (0, 0), (0, 0), (0, 0), (0, 0), (0, 0), (0, 0), (0, 0), (0, 0), (0, 0), (0, 0), (0, 0), (0, 0), (0, 0), (0, 0), (0, 0), (0, 0), (0, 0), (0, 0), (0, 0), (0, 0), (0, 0), (0, 0), (0, 0), (0, 0), (0, 0), (0, 0), (0, 0), (0, 0), (0, 0), (0, 0), (0, 0), (0, 0), (0, 0), (0, 0), (0, 0), (0, 0), (0, 0), (0, 0), (0, 0), (0, 0), (0, 0), (0, 0), (0, 0), (0, 0), (0, 0), (0, 0), (0, 0), (0, 0), (0, 0), (0, 0), (0, 0), (0, 0), (0, 0), (0, 0), (0, 0), (0, 0), (0, 0), (0, 0), (0, 0), (0, 0), (0, 0), (0, 0), (0, 0), (0, 0), (0, 0), (0, 0), (0, 0), (0, 0), (0, 0), (0, 0), (0, 0), (0, 0), (0, 0), (0, 0), (0, 0), (0, 0), (0, 0), (0, 0), (0, 0), (0, 0), (0, 0), (0, 0), (0, 0), (0, 0), (0, 0), (0, 0), (0, 0), (0, 0), (0, 0), (0, 0), (0, 0), (0, 0), (0, 0), (0, 0), (0, 0), (0, 0), (0, 0), (0, 0), (0, 0), (0, 0), (0, 0), (0, 0), (0, 0), (0, 0), (0, 0), (0, 0), (0, 0), (0, 0), (0, 0), (0, 0), (0, 0), (0, 0), (0, 0), (0, 0), (0, 0), (0, 0), (0, 0), (0, 0), (0, 0), (0, 0), (0, 0), (0, 0), (0, 0), (0, 0), (0, 0), (0, 0), (0, 0), (0, 0), (0, 0), (0, 0), (0, 0), (0, 0), (0, 0), (0, 0), (0, 0), (0, 0), (0, 0), (0, 0), (0, 0), (0, 0), (0, 0), (0, 0), (0, 0), (0, 0), (0, 0), (0, 0), (0, 0), (0, 0), (0, 0), (0, 0), (0, 0), (0, 0), (0, 0), (0, 0), (0, 0), (0, 0), (0, 0), (0, 0), (0, 0), (0, 0), (0, 0), (0, 0), (0, 0), (0, 0), (0, 0), (0, 0), (0, 0), (0, 0), (0, 0), (0, 0), (0, 0), (0, 0), (0, 0), (0, 0), (0, 0), (0, 0), (0, 0), (0, 0), (0, 0), (0, 0), (0, 0), (0, 0), (0, 0), (0, 0), (0, 0), (0, 0), (0, 0), (0, 0), (0, 0), (0, 0), (0, 0), (0, 0), (0, 0), (0, 0), (0, 0), (0, 0), (0, 0), (0, 0), (0, 0), (0, 0), (0, 0), (0, 0), (0, 0), (0, 0), (0, 0), (0, 0), (0, 0), (0, 0), (0, 0), (0, 0), (0, 0), (0, 0), (0, 0), (0, 0), (0, 0), (0, 0), (0, 0), (0, 0), (0, 0), (0, 0), (0, 0), (0, 0), (0, 0), (0, 0), (0, 0), (0, 0), (0, 0), (0, 0), (0, 0), (0, 0), (0, 0), (0, 0), (0, 0), (0, 0), (0, 0), (0, 0), (0, 0), (0, 0), (0, 0), (0, 0), (0, 0), (0, 0), (0, 0), (0, 0), (0, 0), (0, 0), (0, 0), (0, 0), (0, 0), (0, 0), (0, 0), (0, 0), (0, 0), (0, 0), (0, 0), (0, 0), (0, 0), (0, 0), (0, 0), (0, 0), (0, 0), (0, 0), (0, 0), (0, 0), (0, 0), (0, 0), (0, 0), (0, 0), (0, 0), (0, 0), (0, 0), (0, 0), (0, 0), (0, 0), (0, 0), (0, 0), (0, 0), (0, 0), (0, 0), (0, 0), (0, 0), (0, 0), (0, 0), (0, 0), (0, 0), (0, 0), (0, 0), (0, 0), (0, 0), (0, 0), (0, 0), (0, 0), (0, 0), (0, 0), (0, 0), (0, 0), (0, 0), (0, 0), (0, 0), (0, 0), (0, 0), (0, 0), (0, 0), (0, 0), (0, 0), (0, 0), (0, 0), (0, 0), (0, 0), (0, 0), (0, 0), (0, 0), (0, 0), (0, 0), (0, 0), (0, 0), (0, 0), (0, 0), (0, 0), (0, 0), (0, 0), (0, 0), (0, 0), (0, 0), (0, 0), (0, 0), (0, 0), (0, 0), (0, 0), (0, 0), (0, 0), (0, 0), (0, 0), (0, 0), (0, 0), (0, 0), (0, 0), (0, 0), (0, 0), (0, 0), (0, 0), (0, 0), (0, 0)] (
                interpolation = "faceVarying"
            )
            int[] primvars:st:indices = [10, 20, 21, 11, 16, 2, 4, 18, 3, 17, 19, 6, 20, 10, 12, 22, 11, 21, 23, 14, 0, 2, 3, 1, 5, 7, 6, 4, 1, 3, 6, 7, 2, 0, 5, 4, 4, 6, 19, 18, 8, 10, 11, 9, 13, 15, 14, 12, 9, 11, 14, 15, 10, 8, 13, 12, 12, 14, 23, 22, 2, 16, 17, 3, 27, 25, 29, 30, 26, 27, 30, 31, 25, 24, 28, 29, 24, 26, 31, 28, 28, 31, 30, 29, 48, 50, 36, 34, 32, 33, 35, 34, 37, 36, 38, 39, 33, 39, 38, 35, 34, 36, 37, 32, 52, 54, 44, 42, 40, 41, 43, 42, 45, 44, 46, 47, 41, 47, 46, 43, 42, 44, 45, 40, 34, 35, 49, 48, 36, 50, 51, 38, 35, 38, 51, 49, 42, 43, 53, 52, 44, 54, 55, 46, 43, 46, 55, 53, 56, 58, 59, 57, 59, 62, 61, 57, 58, 63, 62, 59, 57, 61, 60, 56, 56, 60, 63, 58, 60, 61, 62, 63, 82, 92, 93, 83, 88, 74, 76, 90, 75, 89, 91, 78, 92, 82, 84, 94, 83, 93, 95, 86, 67, 70, 69, 65, 66, 71, 70, 67, 65, 69, 68, 64, 64, 68, 71, 66, 68, 69, 70, 71, 72, 74, 75, 73, 77, 79, 78, 76, 73, 75, 78, 79, 74, 72, 77, 76, 76, 78, 91, 90, 80, 82, 83, 81, 85, 87, 86, 84, 81, 83, 86, 87, 82, 80, 85, 84, 84, 86, 95, 94, 74, 88, 89, 75, 99, 97, 101, 102, 98, 99, 102, 103, 97, 96, 100, 101, 96, 98, 103, 100, 100, 103, 102, 101, 120, 122, 108, 106, 104, 105, 107, 106, 109, 108, 110, 111, 105, 111, 110, 107, 106, 108, 109, 104, 124, 126, 116, 114, 112, 113, 115, 114, 117, 116, 118, 119, 113, 119, 118, 115, 114, 116, 117, 112, 106, 107, 121, 120, 108, 122, 123, 110, 107, 110, 123, 121, 114, 115, 125, 124, 116, 126, 127, 118, 115, 118, 127, 125, 128, 130, 131, 129, 131, 134, 133, 129, 130, 135, 134, 131, 129, 133, 132, 128, 128, 132, 135, 130, 132, 133, 134, 135, 136, 224, 422, 225, 136, 225, 423, 226, 136, 226, 425, 227, 136, 227, 424, 224, 137, 245, 436, 249, 137, 249, 434, 229, 137, 229, 429, 230, 137, 230, 428, 245, 138, 231, 428, 230, 138, 230, 429, 232, 138, 232, 427, 233, 138, 233, 426, 231, 139, 238, 432, 241, 139, 241, 433, 235, 139, 235, 423, 225, 139, 225, 422, 238, 140, 240, 431, 237, 140, 237, 425, 226, 140, 226, 423, 235, 140, 235, 433, 240, 141, 256, 440, 252, 141, 252, 431, 240, 141, 240, 433, 239, 141, 239, 439, 256, 142, 253, 441, 255, 142, 255, 439, 239, 142, 239, 433, 241, 142, 241, 432, 253, 143, 228, 424, 227, 143, 227, 425, 237, 143, 237, 431, 242, 143, 242, 430, 228, 144, 234, 426, 233, 144, 233, 427, 246, 144, 246, 437, 247, 144, 247, 435, 234, 145, 232, 429, 229, 145, 229, 434, 248, 145, 248, 437, 246, 145, 246, 427, 232, 146, 266, 448, 270, 146, 270, 446, 243, 146, 243, 434, 249, 146, 249, 436, 266, 147, 236, 430, 242, 147, 242, 431, 252, 147, 252, 440, 254, 147, 254, 438, 236, 148, 258, 443, 262, 148, 262, 445, 251, 148, 251, 439, 255, 148, 255, 441, 258, 149, 261, 442, 257, 149, 257, 440, 256, 149, 256, 439, 251, 149, 251, 445, 261, 150, 269, 446, 264, 150, 264, 442, 261, 150, 261, 445, 260, 150, 260, 449, 269, 151, 265, 447, 268, 151, 268, 449, 260, 151, 260, 445, 262, 151, 262, 443, 265, 152, 250, 438, 254, 152, 254, 440, 257, 152, 257, 442, 263, 152, 263, 444, 250, 153, 244, 435, 247, 153, 247, 437, 267, 153, 267, 449, 268, 153, 268, 447, 244, 154, 248, 434, 243, 154, 243, 446, 269, 154, 269, 449, 267, 154, 267, 437, 248, 155, 259, 444, 263, 155, 263, 442, 264, 155, 264, 446, 270, 155, 270, 448, 259, 156, 271, 450, 272, 156, 272, 451, 273, 156, 273, 453, 274, 156, 274, 452, 271, 157, 287, 460, 291, 157, 291, 458, 276, 157, 276, 457, 277, 157, 277, 456, 287, 158, 278, 456, 277, 158, 277, 457, 279, 158, 279, 455, 280, 158, 280, 454, 278, 159, 282, 451, 272, 159, 272, 450, 284, 160, 283, 453, 273, 160, 273, 451, 282, 161, 275, 452, 274, 161, 274, 453, 283, 283, 294, 169, 161, 162, 281, 454, 280, 162, 280, 455, 288, 162, 288, 461, 289, 162, 289, 459, 281, 163, 279, 457, 276, 163, 276, 458, 290, 163, 290, 461, 288, 163, 288, 455, 279, 164, 303, 468, 307, 164, 307, 466, 285, 164, 285, 458, 291, 164, 291, 460, 303, 165, 295, 463, 299, 165, 299, 465, 293, 165, 159, 284, 295, 283, 160, 166, 294, 166, 298, 462, 294, 293, 166, 160, 282, 166, 293, 465, 298, 167, 306, 466, 301, 167, 301, 462, 298, 167, 298, 465, 297, 167, 297, 469, 306, 168, 302, 467, 305, 168, 305, 469, 297, 168, 297, 465, 299, 168, 299, 463, 302, 293, 282, 159, 165, 161, 169, 292, 275, 169, 294, 462, 300, 169, 300, 464, 292, 170, 286, 459, 289, 170, 289, 461, 304, 170, 304, 469, 305, 170, 305, 467, 286, 171, 290, 458, 285, 171, 285, 466, 306, 171, 306, 469, 304, 171, 304, 461, 290, 172, 296, 464, 300, 172, 300, 462, 301, 172, 301, 466, 307, 172, 307, 468, 296, 173, 308, 470, 309, 173, 309, 471, 310, 173, 310, 473, 311, 173, 311, 472, 308, 174, 329, 484, 333, 174, 333, 482, 313, 174, 313, 477, 314, 174, 314, 476, 329, 175, 315, 476, 314, 175, 314, 477, 316, 175, 316, 475, 317, 175, 317, 474, 315, 176, 322, 480, 325, 176, 325, 481, 319, 176, 319, 471, 309, 176, 309, 470, 322, 177, 324, 479, 321, 177, 321, 473, 310, 177, 310, 471, 319, 177, 319, 481, 324, 178, 340, 488, 336, 178, 336, 479, 324, 178, 324, 481, 323, 178, 323, 487, 340, 179, 337, 489, 339, 179, 339, 487, 323, 179, 323, 481, 325, 179, 325, 480, 337, 180, 312, 472, 311, 180, 311, 473, 321, 180, 321, 479, 326, 180, 326, 478, 312, 181, 318, 474, 317, 181, 317, 475, 330, 181, 330, 485, 331, 181, 331, 483, 318, 182, 316, 477, 313, 182, 313, 482, 332, 182, 332, 485, 330, 182, 330, 475, 316, 183, 350, 496, 354, 183, 354, 494, 327, 183, 327, 482, 333, 183, 333, 484, 350, 184, 320, 478, 326, 184, 326, 479, 336, 184, 336, 488, 338, 184, 338, 486, 320, 185, 342, 491, 346, 185, 346, 493, 335, 185, 335, 487, 339, 185, 339, 489, 342, 186, 345, 490, 341, 186, 341, 488, 340, 186, 340, 487, 335, 186, 335, 493, 345, 187, 353, 494, 348, 187, 348, 490, 345, 187, 345, 493, 344, 187, 344, 497, 353, 188, 349, 495, 352, 188, 352, 497, 344, 188, 344, 493, 346, 188, 346, 491, 349, 189, 334, 486, 338, 189, 338, 488, 341, 189, 341, 490, 347, 189, 347, 492, 334, 190, 328, 483, 331, 190, 331, 485, 351, 190, 351, 497, 352, 190, 352, 495, 328, 191, 332, 482, 327, 191, 327, 494, 353, 191, 353, 497, 351, 191, 351, 485, 332, 192, 343, 492, 347, 192, 347, 490, 348, 192, 348, 494, 354, 192, 354, 496, 343, 193, 355, 498, 356, 193, 356, 499, 357, 193, 357, 501, 358, 193, 358, 500, 355, 194, 371, 508, 375, 194, 375, 506, 360, 194, 360, 505, 361, 194, 361, 504, 371, 195, 362, 504, 361, 195, 361, 505, 363, 195, 363, 503, 364, 195, 364, 502, 362, 198, 206, 376, 359, 367, 378, 206, 198, 196, 366, 499, 356, 196, 356, 498, 368, 377, 366, 196, 203, 197, 367, 501, 357, 197, 357, 499, 366, 203, 196, 368, 379, 377, 202, 197, 366, 198, 359, 500, 358, 198, 358, 501, 367, 199, 365, 502, 364, 199, 364, 503, 372, 199, 372, 509, 373, 199, 373, 507, 365, 200, 363, 505, 360, 200, 360, 506, 374, 200, 374, 509, 372, 200, 372, 503, 363, 201, 380, 512, 384, 201, 384, 510, 369, 201, 369, 506, 375, 201, 375, 508, 380, 202, 383, 510, 378, 202, 377, 513, 383, 203, 379, 511, 382, 203, 382, 513, 377, 204, 370, 507, 373, 204, 373, 509, 381, 204, 381, 513, 382, 204, 382, 511, 370, 205, 374, 506, 369, 205, 369, 510, 383, 205, 383, 513, 381, 205, 381, 509, 374, 206, 378, 510, 384, 206, 384, 512, 376, 207, 385, 514, 386, 207, 386, 515, 387, 207, 387, 517, 388, 207, 388, 516, 385, 405, 416, 221, 215, 208, 390, 521, 391, 208, 391, 520, 404, 209, 392, 520, 391, 209, 391, 521, 393, 209, 393, 519, 394, 209, 394, 518, 392, 210, 399, 524, 402, 210, 402, 525, 396, 210, 396, 515, 386, 210, 386, 514, 399, 211, 401, 523, 398, 211, 398, 517, 387, 211, 387, 515, 396, 211, 396, 525, 401, 212, 412, 528, 408, 212, 408, 523, 401, 212, 401, 525, 400, 212, 400, 527, 412, 213, 409, 529, 411, 213, 411, 527, 400, 213, 400, 525, 402, 213, 402, 524, 409, 214, 389, 516, 388, 214, 388, 517, 398, 214, 398, 523, 403, 214, 403, 522, 389, 215, 395, 518, 394, 215, 394, 519, 405, 216, 393, 521, 390, 216, 405, 519, 393, 217, 397, 522, 403, 217, 403, 523, 408, 217, 408, 528, 410, 217, 410, 526, 397, 218, 414, 531, 418, 218, 418, 533, 407, 218, 407, 527, 411, 218, 411, 529, 414, 219, 417, 530, 413, 219, 413, 528, 412, 219, 412, 527, 407, 219, 407, 533, 417, 405, 216, 220, 416, 220, 420, 530, 417, 220, 417, 533, 416, 420, 390, 208, 223, 420, 220, 216, 390, 215, 221, 421, 395, 221, 416, 533, 418, 221, 418, 531, 421, 222, 406, 526, 410, 222, 410, 528, 413, 222, 413, 530, 419, 222, 419, 532, 406, 223, 415, 532, 419, 223, 419, 530, 420, 223, 208, 404, 415, 367, 197, 202, 378, 548, 537, 536, 549, 549, 536, 534, 547, 546, 535, 537, 548, 547, 534, 535, 546, 560, 561, 541, 540, 540, 541, 539, 538, 561, 559, 539, 541, 538, 539, 559, 558, 568, 569, 545, 544, 567, 543, 545, 569, 543, 542, 544, 545, 566, 542, 543, 567, 542, 566, 568, 544, 535, 534, 536, 537, 548, 549, 552, 553, 549, 547, 550, 552, 546, 548, 553, 551, 547, 546, 551, 550, 560, 556, 557, 561, 556, 554, 555, 557, 561, 557, 555, 559, 554, 558, 559, 555, 568, 564, 565, 569, 567, 569, 565, 563, 563, 565, 564, 562, 566, 567, 563, 562, 562, 564, 568, 566, 551, 553, 552, 550, 606, 654, 656, 607, 608, 609, 660, 658, 571, 573, 572, 570, 606, 608, 658, 654, 607, 609, 573, 571, 575, 574, 576, 577, 579, 581, 580, 578, 577, 581, 579, 575, 575, 579, 578, 574, 574, 578, 580, 576, 576, 580, 581, 577, 583, 582, 672, 673, 585, 677, 676, 584, 673, 677, 585, 583, 583, 585, 584, 582, 582, 584, 676, 672, 679, 586, 587, 681, 683, 685, 589, 588, 679, 683, 588, 586, 587, 589, 685, 681, 591, 590, 592, 593, 595, 597, 596, 594, 593, 597, 595, 591, 591, 595, 594, 590, 590, 594, 596, 592, 592, 596, 597, 593, 599, 695, 694, 598, 602, 642, 644, 603, 604, 605, 648, 646, 602, 604, 646, 642, 644, 648, 605, 603, 656, 660, 609, 607, 570, 572, 608, 606, 572, 573, 609, 608, 570, 606, 607, 571, 650, 651, 708, 706, 652, 710, 712, 653, 611, 610, 612, 613, 650, 706, 710, 652, 651, 611, 613, 653, 615, 617, 616, 614, 619, 618, 620, 621, 617, 615, 619, 621, 615, 614, 618, 619, 614, 616, 620, 618, 616, 617, 621, 620, 723, 725, 623, 622, 727, 624, 625, 729, 723, 622, 624, 727, 623, 725, 729, 625, 627, 629, 628, 626, 631, 630, 632, 633, 629, 627, 631, 633, 627, 626, 630, 631, 626, 628, 632, 630, 628, 629, 633, 632, 635, 637, 636, 634, 639, 638, 640, 641, 635, 634, 638, 639, 636, 637, 641, 640, 643, 645, 644, 642, 647, 646, 648, 649, 643, 642, 646, 647, 644, 645, 649, 648, 708, 651, 653, 712, 610, 650, 652, 612, 612, 652, 653, 613, 610, 611, 651, 650, 702, 703, 656, 654, 704, 658, 660, 705, 657, 655, 659, 661, 702, 654, 658, 704, 703, 657, 661, 705, 663, 665, 664, 662, 667, 666, 668, 669, 665, 663, 667, 669, 663, 662, 666, 667, 662, 664, 668, 666, 664, 665, 669, 668, 671, 673, 672, 670, 675, 674, 676, 677, 673, 671, 675, 677, 671, 670, 674, 675, 670, 672, 676, 674, 679, 681, 680, 678, 683, 682, 684, 685, 679, 678, 682, 683, 680, 681, 685, 684, 687, 689, 688, 686, 691, 690, 692, 693, 689, 687, 691, 693, 687, 686, 690, 691, 686, 688, 692, 690, 688, 689, 693, 692, 600, 696, 697, 601, 598, 694, 696, 600, 601, 697, 695, 599, 698, 699, 748, 746, 700, 750, 752, 701, 698, 746, 750, 700, 748, 699, 701, 752, 656, 703, 705, 660, 655, 702, 704, 659, 659, 704, 705, 661, 655, 657, 703, 702, 754, 706, 708, 755, 756, 757, 712, 710, 709, 713, 711, 707, 754, 756, 710, 706, 755, 757, 713, 709, 715, 714, 716, 717, 719, 721, 720, 718, 717, 721, 719, 715, 715, 719, 718, 714, 714, 718, 720, 716, 716, 720, 721, 717, 723, 722, 724, 725, 727, 729, 728, 726, 723, 727, 726, 722, 724, 728, 729, 725, 731, 730, 732, 733, 735, 737, 736, 734, 733, 737, 735, 731, 731, 735, 734, 730, 730, 734, 736, 732, 732, 736, 737, 733, 739, 738, 740, 741, 743, 745, 744, 742, 739, 743, 742, 738, 740, 744, 745, 741, 747, 746, 748, 749, 751, 753, 752, 750, 747, 751, 750, 746, 748, 752, 753, 749, 708, 712, 757, 755, 707, 711, 756, 754, 711, 713, 757, 756, 707, 754, 755, 709, 766, 758, 760, 767, 768, 769, 764, 762, 761, 765, 763, 759, 766, 768, 762, 758, 758, 762, 764, 760, 767, 769, 765, 761, 760, 764, 769, 767, 759, 763, 768, 766, 763, 765, 769, 768, 759, 766, 767, 761, 771, 770, 772, 773, 775, 777, 776, 774, 773, 777, 775, 771, 771, 775, 774, 770, 770, 774, 776, 772, 772, 776, 777, 773, 778, 779, 793, 791, 780, 795, 797, 781, 779, 781, 797, 793, 778, 780, 781, 779, 791, 795, 780, 778, 783, 785, 784, 782, 787, 786, 788, 789, 785, 783, 787, 789, 783, 782, 786, 787, 782, 784, 788, 786, 784, 785, 789, 788, 790, 791, 793, 792, 794, 796, 797, 795, 792, 793, 797, 796, 790, 792, 796, 794, 791, 790, 794, 795, 637, 741, 745, 641, 639, 743, 739, 635, 635, 739, 741, 637, 641, 745, 743, 639, 803, 805, 801, 800, 805, 803, 804, 807, 807, 804, 802, 806, 798, 799, 806, 802, 813, 815, 811, 810, 815, 813, 814, 817, 817, 814, 812, 816, 808, 809, 816, 812, 823, 825, 821, 820, 825, 823, 824, 827, 827, 824, 822, 826, 818, 819, 826, 822, 833, 835, 831, 830, 835, 833, 834, 837, 837, 834, 832, 836, 828, 829, 836, 832, 843, 845, 841, 840, 845, 843, 844, 847, 847, 844, 842, 846, 838, 839, 846, 842, 853, 850, 851, 855, 855, 857, 854, 853, 857, 856, 852, 854, 848, 852, 856, 849, 863, 860, 861, 865, 865, 867, 864, 863, 867, 866, 862, 864, 858, 862, 866, 859, 873, 870, 871, 875, 875, 877, 874, 873, 877, 876, 872, 874, 868, 872, 876, 869, 883, 880, 881, 885, 885, 887, 884, 883, 887, 886, 882, 884, 878, 882, 886, 879, 893, 890, 891, 895, 895, 897, 894, 893, 897, 896, 892, 894, 888, 892, 896, 889, 903, 905, 901, 900, 905, 903, 904, 907, 907, 904, 902, 906, 898, 899, 906, 902, 913, 915, 911, 910, 915, 913, 914, 917, 917, 914, 912, 916, 908, 909, 916, 912, 923, 925, 921, 920, 925, 923, 924, 927, 927, 924, 922, 926, 918, 919, 926, 922, 933, 935, 931, 930, 935, 933, 934, 937, 937, 934, 932, 936, 928, 929, 936, 932, 943, 945, 941, 940, 945, 943, 944, 947, 947, 944, 942, 946, 938, 939, 946, 942, 953, 950, 951, 955, 955, 957, 954, 953, 957, 956, 952, 954, 948, 952, 956, 949, 963, 960, 961, 965, 965, 967, 964, 963, 967, 966, 962, 964, 958, 962, 966, 959, 973, 970, 971, 975, 975, 977, 974, 973, 977, 976, 972, 974, 968, 972, 976, 969, 983, 980, 981, 985, 985, 987, 984, 983, 987, 986, 982, 984, 978, 982, 986, 979, 993, 990, 991, 995, 995, 997, 994, 993, 997, 996, 992, 994, 988, 992, 996, 989, 1003, 1005, 1001, 1000, 1005, 1003, 1004, 1007, 1007, 1004, 1002, 1006, 998, 999, 1006, 1002, 1013, 1015, 1011, 1010, 1015, 1013, 1014, 1017, 1017, 1014, 1012, 1016, 1008, 1009, 1016, 1012, 1023, 1025, 1021, 1020, 1025, 1023, 1024, 1027, 1027, 1024, 1022, 1026, 1018, 1019, 1026, 1022, 1033, 1035, 1031, 1030, 1035, 1033, 1034, 1037, 1037, 1034, 1032, 1036, 1028, 1029, 1036, 1032, 1043, 1045, 1041, 1040, 1045, 1043, 1044, 1047, 1047, 1044, 1042, 1046, 1038, 1039, 1046, 1042, 1053, 1050, 1051, 1055, 1055, 1057, 1054, 1053, 1057, 1056, 1052, 1054, 1048, 1052, 1056, 1049, 1063, 1060, 1061, 1065, 1065, 1067, 1064, 1063, 1067, 1066, 1062, 1064, 1058, 1062, 1066, 1059, 1073, 1070, 1071, 1075, 1075, 1077, 1074, 1073, 1077, 1076, 1072, 1074, 1068, 1072, 1076, 1069, 1083, 1080, 1081, 1085, 1085, 1087, 1084, 1083, 1087, 1086, 1082, 1084, 1078, 1082, 1086, 1079, 1093, 1090, 1091, 1095, 1095, 1097, 1094, 1093, 1097, 1096, 1092, 1094, 1088, 1092, 1096, 1089, 1103, 1105, 1101, 1100, 1105, 1103, 1104, 1107, 1107, 1104, 1102, 1106, 1098, 1099, 1106, 1102, 1113, 1115, 1111, 1110, 1115, 1113, 1114, 1117, 1117, 1114, 1112, 1116, 1108, 1109, 1116, 1112, 1123, 1125, 1121, 1120, 1125, 1123, 1124, 1127, 1127, 1124, 1122, 1126, 1118, 1119, 1126, 1122, 1133, 1135, 1131, 1130, 1135, 1133, 1134, 1137, 1137, 1134, 1132, 1136, 1128, 1129, 1136, 1132, 1143, 1145, 1141, 1140, 1145, 1143, 1144, 1147, 1147, 1144, 1142, 1146, 1138, 1139, 1146, 1142, 1153, 1150, 1151, 1155, 1155, 1157, 1154, 1153, 1157, 1156, 1152, 1154, 1148, 1152, 1156, 1149, 1163, 1160, 1161, 1165, 1165, 1167, 1164, 1163, 1167, 1166, 1162, 1164, 1158, 1162, 1166, 1159, 1173, 1170, 1171, 1175, 1175, 1177, 1174, 1173, 1177, 1176, 1172, 1174, 1168, 1172, 1176, 1169, 1183, 1180, 1181, 1185, 1185, 1187, 1184, 1183, 1187, 1186, 1182, 1184, 1178, 1182, 1186, 1179, 1193, 1190, 1191, 1195, 1195, 1197, 1194, 1193, 1197, 1196, 1192, 1194, 1188, 1192, 1196, 1189, 799, 798, 1198, 1199, 800, 801, 1201, 1200, 805, 807, 1207, 1205, 804, 803, 1203, 1204, 807, 806, 1206, 1207, 802, 804, 1204, 1202, 798, 802, 1202, 1198, 806, 799, 1199, 1206, 803, 800, 1200, 1203, 801, 805, 1205, 1201, 809, 808, 1208, 1209, 810, 811, 1211, 1210, 815, 817, 1217, 1215, 814, 813, 1213, 1214, 817, 816, 1216, 1217, 812, 814, 1214, 1212, 808, 812, 1212, 1208, 816, 809, 1209, 1216, 813, 810, 1210, 1213, 811, 815, 1215, 1211, 819, 818, 1218, 1219, 820, 821, 1221, 1220, 825, 827, 1227, 1225, 824, 823, 1223, 1224, 827, 826, 1226, 1227, 822, 824, 1224, 1222, 818, 822, 1222, 1218, 826, 819, 1219, 1226, 823, 820, 1220, 1223, 821, 825, 1225, 1221, 829, 828, 1228, 1229, 830, 831, 1231, 1230, 835, 837, 1237, 1235, 834, 833, 1233, 1234, 837, 836, 1236, 1237, 832, 834, 1234, 1232, 828, 832, 1232, 1228, 836, 829, 1229, 1236, 833, 830, 1230, 1233, 831, 835, 1235, 1231, 839, 838, 1238, 1239, 840, 841, 1241, 1240, 845, 847, 1247, 1245, 844, 843, 1243, 1244, 847, 846, 1246, 1247, 842, 844, 1244, 1242, 838, 842, 1242, 1238, 846, 839, 1239, 1246, 843, 840, 1240, 1243, 841, 845, 1245, 1241, 848, 849, 1249, 1248, 851, 850, 1250, 1251, 857, 855, 1255, 1257, 853, 854, 1254, 1253, 856, 857, 1257, 1256, 854, 852, 1252, 1254, 852, 848, 1248, 1252, 849, 856, 1256, 1249, 850, 853, 1253, 1250, 855, 851, 1251, 1255, 858, 859, 1259, 1258, 861, 860, 1260, 1261, 867, 865, 1265, 1267, 863, 864, 1264, 1263, 866, 867, 1267, 1266, 864, 862, 1262, 1264, 862, 858, 1258, 1262, 859, 866, 1266, 1259, 860, 863, 1263, 1260, 865, 861, 1261, 1265, 868, 869, 1269, 1268, 871, 870, 1270, 1271, 877, 875, 1275, 1277, 873, 874, 1274, 1273, 876, 877, 1277, 1276, 874, 872, 1272, 1274, 872, 868, 1268, 1272, 869, 876, 1276, 1269, 870, 873, 1273, 1270, 875, 871, 1271, 1275, 878, 879, 1279, 1278, 881, 880, 1280, 1281, 887, 885, 1285, 1287, 883, 884, 1284, 1283, 886, 887, 1287, 1286, 884, 882, 1282, 1284, 882, 878, 1278, 1282, 879, 886, 1286, 1279, 880, 883, 1283, 1280, 885, 881, 1281, 1285, 888, 889, 1289, 1288, 891, 890, 1290, 1291, 897, 895, 1295, 1297, 893, 894, 1294, 1293, 896, 897, 1297, 1296, 894, 892, 1292, 1294, 892, 888, 1288, 1292, 889, 896, 1296, 1289, 890, 893, 1293, 1290, 895, 891, 1291, 1295, 899, 898, 1298, 1299, 900, 901, 1301, 1300, 905, 907, 1307, 1305, 904, 903, 1303, 1304, 907, 906, 1306, 1307, 902, 904, 1304, 1302, 898, 902, 1302, 1298, 906, 899, 1299, 1306, 903, 900, 1300, 1303, 901, 905, 1305, 1301, 909, 908, 1308, 1309, 910, 911, 1311, 1310, 915, 917, 1317, 1315, 914, 913, 1313, 1314, 917, 916, 1316, 1317, 912, 914, 1314, 1312, 908, 912, 1312, 1308, 916, 909, 1309, 1316, 913, 910, 1310, 1313, 911, 915, 1315, 1311, 919, 918, 1318, 1319, 920, 921, 1321, 1320, 925, 927, 1327, 1325, 924, 923, 1323, 1324, 927, 926, 1326, 1327, 922, 924, 1324, 1322, 918, 922, 1322, 1318, 926, 919, 1319, 1326, 923, 920, 1320, 1323, 921, 925, 1325, 1321, 929, 928, 1328, 1329, 930, 931, 1331, 1330, 935, 937, 1337, 1335, 934, 933, 1333, 1334, 937, 936, 1336, 1337, 932, 934, 1334, 1332, 928, 932, 1332, 1328, 936, 929, 1329, 1336, 933, 930, 1330, 1333, 931, 935, 1335, 1331, 939, 938, 1338, 1339, 940, 941, 1341, 1340, 945, 947, 1347, 1345, 944, 943, 1343, 1344, 947, 946, 1346, 1347, 942, 944, 1344, 1342, 938, 942, 1342, 1338, 946, 939, 1339, 1346, 943, 940, 1340, 1343, 941, 945, 1345, 1341, 948, 949, 1349, 1348, 951, 950, 1350, 1351, 957, 955, 1355, 1357, 953, 954, 1354, 1353, 956, 957, 1357, 1356, 954, 952, 1352, 1354, 952, 948, 1348, 1352, 949, 956, 1356, 1349, 950, 953, 1353, 1350, 955, 951, 1351, 1355, 958, 959, 1359, 1358, 961, 960, 1360, 1361, 967, 965, 1365, 1367, 963, 964, 1364, 1363, 966, 967, 1367, 1366, 964, 962, 1362, 1364, 962, 958, 1358, 1362, 959, 966, 1366, 1359, 960, 963, 1363, 1360, 965, 961, 1361, 1365, 968, 969, 1369, 1368, 971, 970, 1370, 1371, 977, 975, 1375, 1377, 973, 974, 1374, 1373, 976, 977, 1377, 1376, 974, 972, 1372, 1374, 972, 968, 1368, 1372, 969, 976, 1376, 1369, 970, 973, 1373, 1370, 975, 971, 1371, 1375, 978, 979, 1379, 1378, 981, 980, 1380, 1381, 987, 985, 1385, 1387, 983, 984, 1384, 1383, 986, 987, 1387, 1386, 984, 982, 1382, 1384, 982, 978, 1378, 1382, 979, 986, 1386, 1379, 980, 983, 1383, 1380, 985, 981, 1381, 1385, 988, 989, 1389, 1388, 991, 990, 1390, 1391, 997, 995, 1395, 1397, 993, 994, 1394, 1393, 996, 997, 1397, 1396, 994, 992, 1392, 1394, 992, 988, 1388, 1392, 989, 996, 1396, 1389, 990, 993, 1393, 1390, 995, 991, 1391, 1395, 999, 998, 1398, 1399, 1000, 1001, 1401, 1400, 1005, 1007, 1407, 1405, 1004, 1003, 1403, 1404, 1007, 1006, 1406, 1407, 1002, 1004, 1404, 1402, 998, 1002, 1402, 1398, 1006, 999, 1399, 1406, 1003, 1000, 1400, 1403, 1001, 1005, 1405, 1401, 1009, 1008, 1408, 1409, 1010, 1011, 1411, 1410, 1015, 1017, 1417, 1415, 1014, 1013, 1413, 1414, 1017, 1016, 1416, 1417, 1012, 1014, 1414, 1412, 1008, 1012, 1412, 1408, 1016, 1009, 1409, 1416, 1013, 1010, 1410, 1413, 1011, 1015, 1415, 1411, 1019, 1018, 1418, 1419, 1020, 1021, 1421, 1420, 1025, 1027, 1427, 1425, 1024, 1023, 1423, 1424, 1027, 1026, 1426, 1427, 1022, 1024, 1424, 1422, 1018, 1022, 1422, 1418, 1026, 1019, 1419, 1426, 1023, 1020, 1420, 1423, 1021, 1025, 1425, 1421, 1029, 1028, 1428, 1429, 1030, 1031, 1431, 1430, 1035, 1037, 1437, 1435, 1034, 1033, 1433, 1434, 1037, 1036, 1436, 1437, 1032, 1034, 1434, 1432, 1028, 1032, 1432, 1428, 1036, 1029, 1429, 1436, 1033, 1030, 1430, 1433, 1031, 1035, 1435, 1431, 1039, 1038, 1438, 1439, 1040, 1041, 1441, 1440, 1045, 1047, 1447, 1445, 1044, 1043, 1443, 1444, 1047, 1046, 1446, 1447, 1042, 1044, 1444, 1442, 1038, 1042, 1442, 1438, 1046, 1039, 1439, 1446, 1043, 1040, 1440, 1443, 1041, 1045, 1445, 1441, 1048, 1049, 1449, 1448, 1051, 1050, 1450, 1451, 1057, 1055, 1455, 1457, 1053, 1054, 1454, 1453, 1056, 1057, 1457, 1456, 1054, 1052, 1452, 1454, 1052, 1048, 1448, 1452, 1049, 1056, 1456, 1449, 1050, 1053, 1453, 1450, 1055, 1051, 1451, 1455, 1058, 1059, 1459, 1458, 1061, 1060, 1460, 1461, 1067, 1065, 1465, 1467, 1063, 1064, 1464, 1463, 1066, 1067, 1467, 1466, 1064, 1062, 1462, 1464, 1062, 1058, 1458, 1462, 1059, 1066, 1466, 1459, 1060, 1063, 1463, 1460, 1065, 1061, 1461, 1465, 1068, 1069, 1469, 1468, 1071, 1070, 1470, 1471, 1077, 1075, 1475, 1477, 1073, 1074, 1474, 1473, 1076, 1077, 1477, 1476, 1074, 1072, 1472, 1474, 1072, 1068, 1468, 1472, 1069, 1076, 1476, 1469, 1070, 1073, 1473, 1470, 1075, 1071, 1471, 1475, 1078, 1079, 1479, 1478, 1081, 1080, 1480, 1481, 1087, 1085, 1485, 1487, 1083, 1084, 1484, 1483, 1086, 1087, 1487, 1486, 1084, 1082, 1482, 1484, 1082, 1078, 1478, 1482, 1079, 1086, 1486, 1479, 1080, 1083, 1483, 1480, 1085, 1081, 1481, 1485, 1088, 1089, 1489, 1488, 1091, 1090, 1490, 1491, 1097, 1095, 1495, 1497, 1093, 1094, 1494, 1493, 1096, 1097, 1497, 1496, 1094, 1092, 1492, 1494, 1092, 1088, 1488, 1492, 1089, 1096, 1496, 1489, 1090, 1093, 1493, 1490, 1095, 1091, 1491, 1495, 1099, 1098, 1498, 1499, 1100, 1101, 1501, 1500, 1105, 1107, 1507, 1505, 1104, 1103, 1503, 1504, 1107, 1106, 1506, 1507, 1102, 1104, 1504, 1502, 1098, 1102, 1502, 1498, 1106, 1099, 1499, 1506, 1103, 1100, 1500, 1503, 1101, 1105, 1505, 1501, 1109, 1108, 1508, 1509, 1110, 1111, 1511, 1510, 1115, 1117, 1517, 1515, 1114, 1113, 1513, 1514, 1117, 1116, 1516, 1517, 1112, 1114, 1514, 1512, 1108, 1112, 1512, 1508, 1116, 1109, 1509, 1516, 1113, 1110, 1510, 1513, 1111, 1115, 1515, 1511, 1119, 1118, 1518, 1519, 1120, 1121, 1521, 1520, 1125, 1127, 1527, 1525, 1124, 1123, 1523, 1524, 1127, 1126, 1526, 1527, 1122, 1124, 1524, 1522, 1118, 1122, 1522, 1518, 1126, 1119, 1519, 1526, 1123, 1120, 1520, 1523, 1121, 1125, 1525, 1521, 1129, 1128, 1528, 1529, 1130, 1131, 1531, 1530, 1135, 1137, 1537, 1535, 1134, 1133, 1533, 1534, 1137, 1136, 1536, 1537, 1132, 1134, 1534, 1532, 1128, 1132, 1532, 1528, 1136, 1129, 1529, 1536, 1133, 1130, 1530, 1533, 1131, 1135, 1535, 1531, 1139, 1138, 1538, 1539, 1140, 1141, 1541, 1540, 1145, 1147, 1547, 1545, 1144, 1143, 1543, 1544, 1147, 1146, 1546, 1547, 1142, 1144, 1544, 1542, 1138, 1142, 1542, 1538, 1146, 1139, 1539, 1546, 1143, 1140, 1540, 1543, 1141, 1145, 1545, 1541, 1148, 1149, 1549, 1548, 1151, 1150, 1550, 1551, 1157, 1155, 1555, 1557, 1153, 1154, 1554, 1553, 1156, 1157, 1557, 1556, 1154, 1152, 1552, 1554, 1152, 1148, 1548, 1552, 1149, 1156, 1556, 1549, 1150, 1153, 1553, 1550, 1155, 1151, 1551, 1555, 1158, 1159, 1559, 1558, 1161, 1160, 1560, 1561, 1167, 1165, 1565, 1567, 1163, 1164, 1564, 1563, 1166, 1167, 1567, 1566, 1164, 1162, 1562, 1564, 1162, 1158, 1558, 1562, 1159, 1166, 1566, 1559, 1160, 1163, 1563, 1560, 1165, 1161, 1561, 1565, 1168, 1169, 1569, 1568, 1171, 1170, 1570, 1571, 1177, 1175, 1575, 1577, 1173, 1174, 1574, 1573, 1176, 1177, 1577, 1576, 1174, 1172, 1572, 1574, 1172, 1168, 1568, 1572, 1169, 1176, 1576, 1569, 1170, 1173, 1573, 1570, 1175, 1171, 1571, 1575, 1178, 1179, 1579, 1578, 1181, 1180, 1580, 1581, 1187, 1185, 1585, 1587, 1183, 1184, 1584, 1583, 1186, 1187, 1587, 1586, 1184, 1182, 1582, 1584, 1182, 1178, 1578, 1582, 1179, 1186, 1586, 1579, 1180, 1183, 1583, 1580, 1185, 1181, 1581, 1585, 1188, 1189, 1589, 1588, 1191, 1190, 1590, 1591, 1197, 1195, 1595, 1597, 1193, 1194, 1594, 1593, 1196, 1197, 1597, 1596, 1194, 1192, 1592, 1594, 1192, 1188, 1588, 1592, 1189, 1196, 1596, 1589, 1190, 1193, 1593, 1590, 1195, 1191, 1591, 1595, 1598, 1600, 1601, 1599, 1600, 1604, 1605, 1601, 1604, 1602, 1603, 1605, 1602, 1598, 1599, 1603, 1600, 1598, 1602, 1604, 1605, 1603, 1599, 1601, 1607, 1615, 1617, 1613, 1616, 1610, 1613, 1617, 1609, 1607, 1613, 1610, 1614, 1609, 1610, 1616, 1615, 1606, 1612, 1617, 1606, 1608, 1611, 1612, 1608, 1614, 1616, 1611, 1611, 1616, 1617, 1612, 1620, 1621, 1619, 1618, 1625, 1622, 1623, 1624, 1621, 1624, 1623, 1619, 1628, 1629, 1627, 1626, 1633, 1630, 1631, 1632, 1629, 1632, 1631, 1627, 1635, 1637, 1636, 1634, 1639, 1641, 1640, 1638, 1634, 1643, 1642, 1635, 1641, 1648, 1649, 1640, 1637, 1644, 1645, 1636, 1638, 1647, 1646, 1639, 1652, 1653, 1651, 1650, 1657, 1654, 1655, 1656, 1653, 1656, 1655, 1651, 1659, 1661, 1660, 1658, 1661, 1664, 1665, 1660, 1658, 1663, 1662, 1659, 1670, 1666, 1667, 1671, 1670, 1671, 1669, 1668, 1674, 1675, 1673, 1672, 1674, 1676, 1677, 1675, 1669, 1671, 1675, 1677, 1668, 1669, 1677, 1676, 1671, 1667, 1673, 1675, 1667, 1666, 1672, 1673, 1670, 1668, 1676, 1674, 1666, 1670, 1674, 1672, 1678, 1680, 1681, 1679, 1680, 1684, 1685, 1681, 1684, 1682, 1683, 1685, 1682, 1678, 1679, 1683, 1680, 1678, 1682, 1684, 1685, 1683, 1679, 1681, 1686, 1688, 1689, 1687, 1688, 1692, 1693, 1689, 1692, 1690, 1691, 1693, 1690, 1686, 1687, 1691, 1688, 1686, 1690, 1692, 1693, 1691, 1687, 1689, 1694, 1696, 1697, 1695, 1696, 1700, 1701, 1697, 1700, 1698, 1699, 1701, 1698, 1694, 1695, 1699, 1696, 1694, 1698, 1700, 1701, 1699, 1695, 1697, 1702, 1704, 1705, 1703, 1704, 1708, 1709, 1705, 1708, 1706, 1707, 1709, 1706, 1702, 1703, 1707, 1704, 1702, 1706, 1708, 1709, 1707, 1703, 1705, 1710, 1712, 1713, 1711, 1712, 1716, 1717, 1713, 1716, 1714, 1715, 1717, 1714, 1710, 1711, 1715, 1712, 1710, 1714, 1716, 1717, 1715, 1711, 1713, 1718, 1719, 1721, 1720, 1720, 1721, 1725, 1724, 1724, 1725, 1723, 1722, 1722, 1723, 1719, 1718, 1720, 1724, 1722, 1718, 1725, 1721, 1719, 1723, 1726, 1727, 1729, 1728, 1728, 1729, 1733, 1732, 1732, 1733, 1731, 1730, 1730, 1731, 1727, 1726, 1728, 1732, 1730, 1726, 1733, 1729, 1727, 1731, 1734, 1735, 1737, 1736, 1736, 1737, 1741, 1740, 1740, 1741, 1739, 1738, 1738, 1739, 1735, 1734, 1736, 1740, 1738, 1734, 1741, 1737, 1735, 1739, 1742, 1743, 1745, 1744, 1744, 1745, 1749, 1748, 1748, 1749, 1747, 1746, 1746, 1747, 1743, 1742, 1744, 1748, 1746, 1742, 1749, 1745, 1743, 1747, 1750, 1751, 1753, 1752, 1752, 1753, 1757, 1756, 1756, 1757, 1755, 1754, 1754, 1755, 1751, 1750, 1752, 1756, 1754, 1750, 1757, 1753, 1751, 1755, 1758, 1759, 1761, 1760, 1760, 1761, 1765, 1764, 1764, 1765, 1763, 1762, 1762, 1763, 1759, 1758, 1760, 1764, 1762, 1758, 1765, 1761, 1759, 1763, 1766, 1767, 1769, 1768, 1768, 1769, 1773, 1772, 1772, 1773, 1771, 1770, 1770, 1771, 1767, 1766, 1768, 1772, 1770, 1766, 1773, 1769, 1767, 1771, 1774, 1775, 1777, 1776, 1776, 1777, 1781, 1780, 1780, 1781, 1779, 1778, 1778, 1779, 1775, 1774, 1776, 1780, 1778, 1774, 1781, 1777, 1775, 1779, 1782, 1783, 1785, 1784, 1784, 1785, 1789, 1788, 1788, 1789, 1787, 1786, 1786, 1787, 1783, 1782, 1784, 1788, 1786, 1782, 1789, 1785, 1783, 1787, 1790, 1791, 1793, 1792, 1792, 1793, 1797, 1796, 1796, 1797, 1795, 1794, 1794, 1795, 1791, 1790, 1792, 1796, 1794, 1790, 1797, 1793, 1791, 1795, 1798, 1800, 1801, 1799, 1800, 1804, 1805, 1801, 1804, 1802, 1803, 1805, 1802, 1798, 1799, 1803, 1800, 1798, 1802, 1804, 1805, 1803, 1799, 1801, 1806, 1808, 1809, 1807, 1808, 1812, 1813, 1809, 1812, 1810, 1811, 1813, 1810, 1806, 1807, 1811, 1808, 1806, 1810, 1812, 1813, 1811, 1807, 1809, 1814, 1816, 1817, 1815, 1816, 1820, 1821, 1817, 1820, 1818, 1819, 1821, 1818, 1814, 1815, 1819, 1816, 1814, 1818, 1820, 1821, 1819, 1815, 1817, 1822, 1824, 1825, 1823, 1824, 1828, 1829, 1825, 1828, 1826, 1827, 1829, 1826, 1822, 1823, 1827, 1824, 1822, 1826, 1828, 1829, 1827, 1823, 1825, 1830, 1832, 1833, 1831, 1832, 1836, 1837, 1833, 1836, 1834, 1835, 1837, 1834, 1830, 1831, 1835, 1832, 1830, 1834, 1836, 1837, 1835, 1831, 1833, 1856, 1866, 1867, 1857, 1862, 1848, 1850, 1864, 1849, 1863, 1865, 1852, 1866, 1856, 1858, 1868, 1857, 1867, 1869, 1860, 1841, 1844, 1843, 1839, 1840, 1845, 1844, 1841, 1839, 1843, 1842, 1838, 1838, 1842, 1845, 1840, 1842, 1843, 1844, 1845, 1846, 1848, 1849, 1847, 1851, 1853, 1852, 1850, 1847, 1849, 1852, 1853, 1848, 1846, 1851, 1850, 1850, 1852, 1865, 1864, 1854, 1856, 1857, 1855, 1859, 1861, 1860, 1858, 1855, 1857, 1860, 1861, 1856, 1854, 1859, 1858, 1858, 1860, 1869, 1868, 1848, 1862, 1863, 1849, 1873, 1871, 1875, 1876, 1872, 1873, 1876, 1877, 1871, 1870, 1874, 1875, 1870, 1872, 1877, 1874, 1874, 1877, 1876, 1875, 1894, 1896, 1882, 1880, 1878, 1879, 1881, 1880, 1883, 1882, 1884, 1885, 1879, 1885, 1884, 1881, 1880, 1882, 1883, 1878, 1898, 1900, 1890, 1888, 1886, 1887, 1889, 1888, 1891, 1890, 1892, 1893, 1887, 1893, 1892, 1889, 1888, 1890, 1891, 1886, 1880, 1881, 1895, 1894, 1882, 1896, 1897, 1884, 1881, 1884, 1897, 1895, 1888, 1889, 1899, 1898, 1890, 1900, 1901, 1892, 1889, 1892, 1901, 1899, 1902, 1904, 1905, 1903, 1905, 1908, 1907, 1903, 1904, 1909, 1908, 1905, 1903, 1907, 1906, 1902, 1902, 1906, 1909, 1904, 1906, 1907, 1908, 1909, 1920, 1930, 1931, 1921, 1926, 1912, 1914, 1928, 1913, 1927, 1929, 1916, 1930, 1920, 1922, 1932, 1921, 1931, 1933, 1924, 1910, 1912, 1913, 1911, 1915, 1917, 1916, 1914, 1911, 1913, 1916, 1917, 1912, 1910, 1915, 1914, 1914, 1916, 1929, 1928, 1918, 1920, 1921, 1919, 1923, 1925, 1924, 1922, 1919, 1921, 1924, 1925, 1920, 1918, 1923, 1922, 1922, 1924, 1933, 1932, 1912, 1926, 1927, 1913, 1937, 1935, 1939, 1940, 1936, 1937, 1940, 1941, 1935, 1934, 1938, 1939, 1934, 1936, 1941, 1938, 1938, 1941, 1940, 1939, 1958, 1960, 1946, 1944, 1942, 1943, 1945, 1944, 1947, 1946, 1948, 1949, 1943, 1949, 1948, 1945, 1944, 1946, 1947, 1942, 1962, 1964, 1954, 1952, 1950, 1951, 1953, 1952, 1955, 1954, 1956, 1957, 1951, 1957, 1956, 1953, 1952, 1954, 1955, 1950, 1944, 1945, 1959, 1958, 1946, 1960, 1961, 1948, 1945, 1948, 1961, 1959, 1952, 1953, 1963, 1962, 1954, 1964, 1965, 1956, 1953, 1956, 1965, 1963, 1966, 1968, 1969, 1967, 1969, 1972, 1971, 1967, 1968, 1973, 1972, 1969, 1967, 1971, 1970, 1966, 1966, 1970, 1973, 1968, 1970, 1971, 1972, 1973, 1992, 2002, 2003, 1993, 1998, 1984, 1986, 2000, 1985, 1999, 2001, 1988, 2002, 1992, 1994, 2004, 1993, 2003, 2005, 1996, 1980, 1981, 1977, 1976, 1979, 1978, 1975, 1974, 1977, 1974, 1975, 1976, 1981, 1979, 1974, 1977, 1978, 1980, 1976, 1975, 1982, 1984, 1985, 1983, 1987, 1989, 1988, 1986, 1983, 1985, 1988, 1989, 1984, 1982, 1987, 1986, 1986, 1988, 2001, 2000, 1990, 1992, 1993, 1991, 1995, 1997, 1996, 1994, 1991, 1993, 1996, 1997, 1992, 1990, 1995, 1994, 1994, 1996, 2005, 2004, 1984, 1998, 1999, 1985, 2009, 2007, 2011, 2012, 2008, 2009, 2012, 2013, 2007, 2006, 2010, 2011, 2006, 2008, 2013, 2010, 2010, 2013, 2012, 2011, 2030, 2032, 2018, 2016, 2014, 2015, 2017, 2016, 2019, 2018, 2020, 2021, 2015, 2021, 2020, 2017, 2016, 2018, 2019, 2014, 2034, 2036, 2026, 2024, 2022, 2023, 2025, 2024, 2027, 2026, 2028, 2029, 2023, 2029, 2028, 2025, 2024, 2026, 2027, 2022, 2016, 2017, 2031, 2030, 2018, 2032, 2033, 2020, 2017, 2020, 2033, 2031, 2024, 2025, 2035, 2034, 2026, 2036, 2037, 2028, 2025, 2028, 2037, 2035, 2038, 2040, 2041, 2039, 2041, 2044, 2043, 2039, 2040, 2045, 2044, 2041, 2039, 2043, 2042, 2038, 2038, 2042, 2045, 2040, 2042, 2043, 2044, 2045, 2062, 2064, 2050, 2048, 2046, 2047, 2049, 2048, 2051, 2050, 2052, 2053, 2047, 2053, 2052, 2049, 2048, 2050, 2051, 2046, 2066, 2068, 2058, 2056, 2054, 2055, 2057, 2056, 2059, 2058, 2060, 2061, 2055, 2061, 2060, 2057, 2056, 2058, 2059, 2054, 2048, 2049, 2063, 2062, 2050, 2064, 2065, 2052, 2049, 2052, 2065, 2063, 2056, 2057, 2067, 2066, 2058, 2068, 2069, 2060, 2057, 2060, 2069, 2067, 2073, 2071, 2075, 2076, 2072, 2073, 2076, 2077, 2071, 2070, 2074, 2075, 2070, 2072, 2077, 2074, 2074, 2077, 2076, 2075, 2094, 2096, 2082, 2080, 2078, 2079, 2081, 2080, 2083, 2082, 2084, 2085, 2079, 2085, 2084, 2081, 2080, 2082, 2083, 2078, 2098, 2100, 2090, 2088, 2086, 2087, 2089, 2088, 2091, 2090, 2092, 2093, 2087, 2093, 2092, 2089, 2088, 2090, 2091, 2086, 2080, 2081, 2095, 2094, 2082, 2096, 2097, 2084, 2081, 2084, 2097, 2095, 2088, 2089, 2099, 2098, 2090, 2100, 2101, 2092, 2089, 2092, 2101, 2099, 2112, 2122, 2123, 2113, 2118, 2104, 2106, 2120, 2105, 2119, 2121, 2108, 2122, 2112, 2114, 2124, 2113, 2123, 2125, 2116, 2102, 2104, 2105, 2103, 2107, 2109, 2108, 2106, 2103, 2105, 2108, 2109, 2104, 2102, 2107, 2106, 2106, 2108, 2121, 2120, 2110, 2112, 2113, 2111, 2115, 2117, 2116, 2114, 2111, 2113, 2116, 2117, 2112, 2110, 2115, 2114, 2114, 2116, 2125, 2124, 2104, 2118, 2119, 2105, 2129, 2127, 2131, 2132, 2128, 2129, 2132, 2133, 2127, 2126, 2130, 2131, 2126, 2128, 2133, 2130, 2130, 2133, 2132, 2131, 2150, 2152, 2138, 2136, 2134, 2135, 2137, 2136, 2139, 2138, 2140, 2141, 2135, 2141, 2140, 2137, 2136, 2138, 2139, 2134, 2154, 2156, 2146, 2144, 2142, 2143, 2145, 2144, 2147, 2146, 2148, 2149, 2143, 2149, 2148, 2145, 2144, 2146, 2147, 2142, 2136, 2137, 2151, 2150, 2138, 2152, 2153, 2140, 2137, 2140, 2153, 2151, 2144, 2145, 2155, 2154, 2146, 2156, 2157, 2148, 2145, 2148, 2157, 2155, 2158, 2160, 2161, 2159, 2161, 2164, 2163, 2159, 2160, 2165, 2164, 2161, 2159, 2163, 2162, 2158, 2158, 2162, 2165, 2160, 2162, 2163, 2164, 2165, 2169, 2167, 2171, 2172, 2168, 2169, 2172, 2173, 2167, 2166, 2170, 2171, 2166, 2168, 2173, 2170, 2170, 2173, 2172, 2171, 2190, 2192, 2178, 2176, 2174, 2175, 2177, 2176, 2179, 2178, 2180, 2181, 2175, 2181, 2180, 2177, 2176, 2178, 2179, 2174, 2194, 2196, 2186, 2184, 2182, 2183, 2185, 2184, 2187, 2186, 2188, 2189, 2183, 2189, 2188, 2185, 2184, 2186, 2187, 2182, 2176, 2177, 2191, 2190, 2178, 2192, 2193, 2180, 2177, 2180, 2193, 2191, 2184, 2185, 2195, 2194, 2186, 2196, 2197, 2188, 2185, 2188, 2197, 2195, 2231, 2198, 2199, 2233, 2235, 2237, 2201, 2200, 2231, 2235, 2200, 2198, 2199, 2201, 2237, 2233, 2203, 2239, 2238, 2202, 2206, 2222, 2224, 2207, 2208, 2209, 2228, 2226, 2206, 2208, 2226, 2222, 2224, 2228, 2209, 2207, 2247, 2249, 2211, 2210, 2251, 2212, 2213, 2253, 2247, 2210, 2212, 2251, 2211, 2249, 2253, 2213, 2215, 2217, 2216, 2214, 2219, 2218, 2220, 2221, 2215, 2214, 2218, 2219, 2216, 2217, 2221, 2220, 2223, 2225, 2224, 2222, 2227, 2226, 2228, 2229, 2223, 2222, 2226, 2227, 2224, 2225, 2229, 2228, 2231, 2233, 2232, 2230, 2235, 2234, 2236, 2237, 2231, 2230, 2234, 2235, 2232, 2233, 2237, 2236, 2204, 2240, 2241, 2205, 2202, 2238, 2240, 2204, 2205, 2241, 2239, 2203, 2242, 2243, 2264, 2262, 2244, 2266, 2268, 2245, 2242, 2262, 2266, 2244, 2264, 2243, 2245, 2268, 2247, 2246, 2248, 2249, 2251, 2253, 2252, 2250, 2247, 2251, 2250, 2246, 2248, 2252, 2253, 2249, 2255, 2254, 2256, 2257, 2259, 2261, 2260, 2258, 2255, 2259, 2258, 2254, 2256, 2260, 2261, 2257, 2263, 2262, 2264, 2265, 2267, 2269, 2268, 2266, 2263, 2267, 2266, 2262, 2264, 2268, 2269, 2265, 2217, 2257, 2261, 2221, 2219, 2259, 2255, 2215, 2215, 2255, 2257, 2217, 2221, 2261, 2259, 2219, 2232, 2236, 2234, 2230, 2248, 2246, 2250, 2252, 2199, 2198, 2200, 2201, 2211, 2213, 2212, 2210, 2270, 2274, 2276, 2271, 2272, 2273, 2280, 2278, 2270, 2272, 2278, 2274, 2276, 2280, 2273, 2271, 2275, 2277, 2276, 2274, 2279, 2278, 2280, 2281, 2275, 2274, 2278, 2279, 2276, 2277, 2281, 2280, 2282, 2283, 2288, 2286, 2284, 2290, 2292, 2285, 2282, 2286, 2290, 2284, 2288, 2283, 2285, 2292, 2287, 2286, 2288, 2289, 2291, 2293, 2292, 2290, 2287, 2291, 2290, 2286, 2288, 2292, 2293, 2289, 2299, 2301, 2297, 2296, 2301, 2299, 2300, 2303, 2303, 2300, 2298, 2302, 2294, 2295, 2302, 2298, 2309, 2311, 2307, 2306, 2311, 2309, 2310, 2313, 2313, 2310, 2308, 2312, 2304, 2305, 2312, 2308, 2319, 2321, 2317, 2316, 2321, 2319, 2320, 2323, 2323, 2320, 2318, 2322, 2314, 2315, 2322, 2318, 2329, 2331, 2327, 2326, 2331, 2329, 2330, 2333, 2333, 2330, 2328, 2332, 2324, 2325, 2332, 2328, 2339, 2341, 2337, 2336, 2341, 2339, 2340, 2343, 2343, 2340, 2338, 2342, 2334, 2335, 2342, 2338, 2349, 2346, 2347, 2351, 2351, 2353, 2350, 2349, 2353, 2352, 2348, 2350, 2344, 2348, 2352, 2345, 2359, 2356, 2357, 2361, 2361, 2363, 2360, 2359, 2363, 2362, 2358, 2360, 2354, 2358, 2362, 2355, 2369, 2366, 2367, 2371, 2371, 2373, 2370, 2369, 2373, 2372, 2368, 2370, 2364, 2368, 2372, 2365, 2379, 2376, 2377, 2381, 2381, 2383, 2380, 2379, 2383, 2382, 2378, 2380, 2374, 2378, 2382, 2375, 2389, 2386, 2387, 2391, 2391, 2393, 2390, 2389, 2393, 2392, 2388, 2390, 2384, 2388, 2392, 2385, 2295, 2294, 2394, 2395, 2296, 2297, 2397, 2396, 2301, 2303, 2403, 2401, 2300, 2299, 2399, 2400, 2303, 2302, 2402, 2403, 2298, 2300, 2400, 2398, 2294, 2298, 2398, 2394, 2302, 2295, 2395, 2402, 2299, 2296, 2396, 2399, 2297, 2301, 2401, 2397, 2305, 2304, 2404, 2405, 2306, 2307, 2407, 2406, 2311, 2313, 2413, 2411, 2310, 2309, 2409, 2410, 2313, 2312, 2412, 2413, 2308, 2310, 2410, 2408, 2304, 2308, 2408, 2404, 2312, 2305, 2405, 2412, 2309, 2306, 2406, 2409, 2307, 2311, 2411, 2407, 2315, 2314, 2414, 2415, 2316, 2317, 2417, 2416, 2321, 2323, 2423, 2421, 2320, 2319, 2419, 2420, 2323, 2322, 2422, 2423, 2318, 2320, 2420, 2418, 2314, 2318, 2418, 2414, 2322, 2315, 2415, 2422, 2319, 2316, 2416, 2419, 2317, 2321, 2421, 2417, 2325, 2324, 2424, 2425, 2326, 2327, 2427, 2426, 2331, 2333, 2433, 2431, 2330, 2329, 2429, 2430, 2333, 2332, 2432, 2433, 2328, 2330, 2430, 2428, 2324, 2328, 2428, 2424, 2332, 2325, 2425, 2432, 2329, 2326, 2426, 2429, 2327, 2331, 2431, 2427, 2335, 2334, 2434, 2435, 2336, 2337, 2437, 2436, 2341, 2343, 2443, 2441, 2340, 2339, 2439, 2440, 2343, 2342, 2442, 2443, 2338, 2340, 2440, 2438, 2334, 2338, 2438, 2434, 2342, 2335, 2435, 2442, 2339, 2336, 2436, 2439, 2337, 2341, 2441, 2437, 2344, 2345, 2445, 2444, 2347, 2346, 2446, 2447, 2353, 2351, 2451, 2453, 2349, 2350, 2450, 2449, 2352, 2353, 2453, 2452, 2350, 2348, 2448, 2450, 2348, 2344, 2444, 2448, 2345, 2352, 2452, 2445, 2346, 2349, 2449, 2446, 2351, 2347, 2447, 2451, 2354, 2355, 2455, 2454, 2357, 2356, 2456, 2457, 2363, 2361, 2461, 2463, 2359, 2360, 2460, 2459, 2362, 2363, 2463, 2462, 2360, 2358, 2458, 2460, 2358, 2354, 2454, 2458, 2355, 2362, 2462, 2455, 2356, 2359, 2459, 2456, 2361, 2357, 2457, 2461, 2364, 2365, 2465, 2464, 2367, 2366, 2466, 2467, 2373, 2371, 2471, 2473, 2369, 2370, 2470, 2469, 2372, 2373, 2473, 2472, 2370, 2368, 2468, 2470, 2368, 2364, 2464, 2468, 2365, 2372, 2472, 2465, 2366, 2369, 2469, 2466, 2371, 2367, 2467, 2471, 2374, 2375, 2475, 2474, 2377, 2376, 2476, 2477, 2383, 2381, 2481, 2483, 2379, 2380, 2480, 2479, 2382, 2383, 2483, 2482, 2380, 2378, 2478, 2480, 2378, 2374, 2474, 2478, 2375, 2382, 2482, 2475, 2376, 2379, 2479, 2476, 2381, 2377, 2477, 2481, 2384, 2385, 2485, 2484, 2387, 2386, 2486, 2487, 2393, 2391, 2491, 2493, 2389, 2390, 2490, 2489, 2392, 2393, 2493, 2492, 2390, 2388, 2488, 2490, 2388, 2384, 2484, 2488, 2385, 2392, 2492, 2485, 2386, 2389, 2489, 2486, 2391, 2387, 2487, 2491, 2499, 2501, 2497, 2496, 2501, 2499, 2500, 2503, 2503, 2500, 2498, 2502, 2494, 2495, 2502, 2498, 2509, 2511, 2507, 2506, 2511, 2509, 2510, 2513, 2513, 2510, 2508, 2512, 2504, 2505, 2512, 2508, 2519, 2521, 2517, 2516, 2521, 2519, 2520, 2523, 2523, 2520, 2518, 2522, 2514, 2515, 2522, 2518, 2529, 2531, 2527, 2526, 2531, 2529, 2530, 2533, 2533, 2530, 2528, 2532, 2524, 2525, 2532, 2528, 2539, 2541, 2537, 2536, 2541, 2539, 2540, 2543, 2543, 2540, 2538, 2542, 2534, 2535, 2542, 2538, 2549, 2546, 2547, 2551, 2551, 2553, 2550, 2549, 2553, 2552, 2548, 2550, 2544, 2548, 2552, 2545, 2559, 2556, 2557, 2561, 2561, 2563, 2560, 2559, 2563, 2562, 2558, 2560, 2554, 2558, 2562, 2555, 2569, 2566, 2567, 2571, 2571, 2573, 2570, 2569, 2573, 2572, 2568, 2570, 2564, 2568, 2572, 2565, 2579, 2576, 2577, 2581, 2581, 2583, 2580, 2579, 2583, 2582, 2578, 2580, 2574, 2578, 2582, 2575, 2589, 2586, 2587, 2591, 2591, 2593, 2590, 2589, 2593, 2592, 2588, 2590, 2584, 2588, 2592, 2585, 2495, 2494, 2594, 2595, 2496, 2497, 2597, 2596, 2501, 2503, 2603, 2601, 2500, 2499, 2599, 2600, 2503, 2502, 2602, 2603, 2498, 2500, 2600, 2598, 2494, 2498, 2598, 2594, 2502, 2495, 2595, 2602, 2499, 2496, 2596, 2599, 2497, 2501, 2601, 2597, 2505, 2504, 2604, 2605, 2506, 2507, 2607, 2606, 2511, 2513, 2613, 2611, 2510, 2509, 2609, 2610, 2513, 2512, 2612, 2613, 2508, 2510, 2610, 2608, 2504, 2508, 2608, 2604, 2512, 2505, 2605, 2612, 2509, 2506, 2606, 2609, 2507, 2511, 2611, 2607, 2515, 2514, 2614, 2615, 2516, 2517, 2617, 2616, 2521, 2523, 2623, 2621, 2520, 2519, 2619, 2620, 2523, 2522, 2622, 2623, 2518, 2520, 2620, 2618, 2514, 2518, 2618, 2614, 2522, 2515, 2615, 2622, 2519, 2516, 2616, 2619, 2517, 2521, 2621, 2617, 2525, 2524, 2624, 2625, 2526, 2527, 2627, 2626, 2531, 2533, 2633, 2631, 2530, 2529, 2629, 2630, 2533, 2532, 2632, 2633, 2528, 2530, 2630, 2628, 2524, 2528, 2628, 2624, 2532, 2525, 2625, 2632, 2529, 2526, 2626, 2629, 2527, 2531, 2631, 2627, 2535, 2534, 2634, 2635, 2536, 2537, 2637, 2636, 2541, 2543, 2643, 2641, 2540, 2539, 2639, 2640, 2543, 2542, 2642, 2643, 2538, 2540, 2640, 2638, 2534, 2538, 2638, 2634, 2542, 2535, 2635, 2642, 2539, 2536, 2636, 2639, 2537, 2541, 2641, 2637, 2544, 2545, 2645, 2644, 2547, 2546, 2646, 2647, 2553, 2551, 2651, 2653, 2549, 2550, 2650, 2649, 2552, 2553, 2653, 2652, 2550, 2548, 2648, 2650, 2548, 2544, 2644, 2648, 2545, 2552, 2652, 2645, 2546, 2549, 2649, 2646, 2551, 2547, 2647, 2651, 2554, 2555, 2655, 2654, 2557, 2556, 2656, 2657, 2563, 2561, 2661, 2663, 2559, 2560, 2660, 2659, 2562, 2563, 2663, 2662, 2560, 2558, 2658, 2660, 2558, 2554, 2654, 2658, 2555, 2562, 2662, 2655, 2556, 2559, 2659, 2656, 2561, 2557, 2657, 2661, 2564, 2565, 2665, 2664, 2567, 2566, 2666, 2667, 2573, 2571, 2671, 2673, 2569, 2570, 2670, 2669, 2572, 2573, 2673, 2672, 2570, 2568, 2668, 2670, 2568, 2564, 2664, 2668, 2565, 2572, 2672, 2665, 2566, 2569, 2669, 2666, 2571, 2567, 2667, 2671, 2574, 2575, 2675, 2674, 2577, 2576, 2676, 2677, 2583, 2581, 2681, 2683, 2579, 2580, 2680, 2679, 2582, 2583, 2683, 2682, 2580, 2578, 2678, 2680, 2578, 2574, 2674, 2678, 2575, 2582, 2682, 2675, 2576, 2579, 2679, 2676, 2581, 2577, 2677, 2681, 2584, 2585, 2685, 2684, 2587, 2586, 2686, 2687, 2593, 2591, 2691, 2693, 2589, 2590, 2690, 2689, 2592, 2593, 2693, 2692, 2590, 2588, 2688, 2690, 2588, 2584, 2684, 2688, 2585, 2592, 2692, 2685, 2586, 2589, 2689, 2686, 2591, 2587, 2687, 2691, 2708, 2704, 2705, 2709, 2697, 2696, 2694, 2695, 2713, 2700, 2698, 2712, 2711, 2710, 2694, 2696, 2716, 2717, 2715, 2714, 2700, 2696, 2697, 2701, 2701, 2697, 2695, 2699, 2699, 2695, 2694, 2698, 2709, 2705, 2703, 2707, 2708, 2709, 2707, 2706, 2701, 2699, 2698, 2700, 2707, 2703, 2702, 2706, 2740, 2739, 2738, 2741, 2704, 2702, 2703, 2705, 2721, 2719, 2715, 2717, 2719, 2718, 2714, 2715, 2720, 2721, 2717, 2716, 2712, 2698, 2694, 2710, 2700, 2713, 2711, 2696, 2713, 2712, 2710, 2711, 2737, 2735, 2734, 2736, 2720, 2718, 2719, 2721, 2725, 2724, 2722, 2723, 2733, 2728, 2726, 2732, 2731, 2730, 2722, 2724, 2728, 2724, 2725, 2729, 2729, 2725, 2723, 2727, 2727, 2723, 2722, 2726, 2729, 2727, 2726, 2728, 2732, 2726, 2722, 2730, 2728, 2733, 2731, 2724, 2733, 2732, 2730, 2731, 2737, 2736, 2739, 2740, 2735, 2737, 2740, 2741, 2734, 2735, 2741, 2738, 2736, 2734, 2738, 2739, 2756, 2752, 2753, 2757, 2745, 2744, 2742, 2743, 2761, 2748, 2746, 2760, 2759, 2758, 2742, 2744, 2764, 2765, 2763, 2762, 2748, 2744, 2745, 2749, 2749, 2745, 2743, 2747, 2747, 2743, 2742, 2746, 2757, 2753, 2751, 2755, 2756, 2757, 2755, 2754, 2749, 2747, 2746, 2748, 2755, 2751, 2750, 2754, 2788, 2787, 2786, 2789, 2752, 2750, 2751, 2753, 2769, 2767, 2763, 2765, 2767, 2766, 2762, 2763, 2768, 2769, 2765, 2764, 2760, 2746, 2742, 2758, 2748, 2761, 2759, 2744, 2761, 2760, 2758, 2759, 2785, 2783, 2782, 2784, 2768, 2766, 2767, 2769, 2773, 2772, 2770, 2771, 2781, 2776, 2774, 2780, 2779, 2778, 2770, 2772, 2776, 2772, 2773, 2777, 2777, 2773, 2771, 2775, 2775, 2771, 2770, 2774, 2777, 2775, 2774, 2776, 2780, 2774, 2770, 2778, 2776, 2781, 2779, 2772, 2781, 2780, 2778, 2779, 2785, 2784, 2787, 2788, 2783, 2785, 2788, 2789, 2782, 2783, 2789, 2786, 2784, 2782, 2786, 2787, 2804, 2800, 2801, 2805, 2793, 2792, 2790, 2791, 2809, 2796, 2794, 2808, 2807, 2806, 2790, 2792, 2812, 2813, 2811, 2810, 2796, 2792, 2793, 2797, 2797, 2793, 2791, 2795, 2795, 2791, 2790, 2794, 2805, 2801, 2799, 2803, 2804, 2805, 2803, 2802, 2797, 2795, 2794, 2796, 2803, 2799, 2798, 2802, 2836, 2835, 2834, 2837, 2800, 2798, 2799, 2801, 2817, 2815, 2811, 2813, 2815, 2814, 2810, 2811, 2816, 2817, 2813, 2812, 2808, 2794, 2790, 2806, 2796, 2809, 2807, 2792, 2809, 2808, 2806, 2807, 2833, 2831, 2830, 2832, 2816, 2814, 2815, 2817, 2821, 2820, 2818, 2819, 2829, 2824, 2822, 2828, 2827, 2826, 2818, 2820, 2824, 2820, 2821, 2825, 2825, 2821, 2819, 2823, 2823, 2819, 2818, 2822, 2825, 2823, 2822, 2824, 2828, 2822, 2818, 2826, 2824, 2829, 2827, 2820, 2829, 2828, 2826, 2827, 2833, 2832, 2835, 2836, 2831, 2833, 2836, 2837, 2830, 2831, 2837, 2834, 2832, 2830, 2834, 2835, 2852, 2848, 2849, 2853, 2841, 2840, 2838, 2839, 2857, 2844, 2842, 2856, 2855, 2854, 2838, 2840, 2860, 2861, 2859, 2858, 2844, 2840, 2841, 2845, 2845, 2841, 2839, 2843, 2843, 2839, 2838, 2842, 2853, 2849, 2847, 2851, 2852, 2853, 2851, 2850, 2845, 2843, 2842, 2844, 2851, 2847, 2846, 2850, 2884, 2883, 2882, 2885, 2848, 2846, 2847, 2849, 2865, 2863, 2859, 2861, 2863, 2862, 2858, 2859, 2864, 2865, 2861, 2860, 2856, 2842, 2838, 2854, 2844, 2857, 2855, 2840, 2857, 2856, 2854, 2855, 2881, 2879, 2878, 2880, 2864, 2862, 2863, 2865, 2869, 2868, 2866, 2867, 2877, 2872, 2870, 2876, 2875, 2874, 2866, 2868, 2872, 2868, 2869, 2873, 2873, 2869, 2867, 2871, 2871, 2867, 2866, 2870, 2873, 2871, 2870, 2872, 2876, 2870, 2866, 2874, 2872, 2877, 2875, 2868, 2877, 2876, 2874, 2875, 2881, 2880, 2883, 2884, 2879, 2881, 2884, 2885, 2878, 2879, 2885, 2882, 2880, 2878, 2882, 2883]
            uniform token subdivisionScheme = "none"
            uniform token subsetFamily:materialBind:familyType = "nonOverlapping"
            custom string userProperties:blender:data_name = "Cube.046"

            def GeomSubset "Wood" (
                prepend apiSchemas = ["MaterialBindingAPI"]
            )
            {
                uniform token elementType = "face"
                uniform token familyName = "materialBind"
                int[] indices = [0, 1, 2, 3, 4, 5, 6, 7, 8, 9, 10, 11, 12, 13, 14, 15, 16, 17, 18, 19, 21, 22, 23, 24, 25, 26, 27, 28, 29, 30, 31, 32, 33, 34, 35, 36, 38, 39, 40, 41, 43, 44, 45, 46, 47, 48, 49, 50, 51, 53, 54, 55, 56, 57, 58, 59, 60, 61, 62, 63, 64, 65, 66, 67, 69, 70, 71, 72, 73, 74, 75, 76, 77, 78, 79, 80, 81, 82, 83, 84, 86, 87, 88, 89, 453, 454, 455, 456, 457, 458, 459, 460, 461, 462, 463, 469, 470, 471, 472, 473, 474, 475, 476, 477, 478, 479, 480, 481, 482, 483, 484, 485, 486, 487, 488, 489, 490, 491, 492, 493, 494, 495, 496, 497, 498, 499, 500, 501, 502, 503, 504, 505, 506, 507, 508, 509, 510, 511, 512, 513, 514, 515, 516, 517, 518, 519, 520, 521, 522, 523, 524, 525, 526, 527, 528, 529, 530, 531, 537, 538, 539, 540, 541, 542, 543, 544, 545, 546, 547, 548, 549, 550, 551, 552, 553, 554, 555, 556, 557, 558, 559, 560, 561, 562, 563, 564, 565, 566, 567, 568, 569, 570, 571, 572, 573, 574, 575, 576, 577, 578, 579, 580, 581, 582, 583, 584, 585, 586, 587, 588, 589, 590, 591, 592, 593, 594, 595, 596, 597, 598, 599, 600, 601, 602, 603, 604, 605, 606, 607, 608, 609, 610, 611, 612, 613, 614, 615, 616, 617, 618, 619, 620, 621, 622, 623, 624, 625, 626, 1187, 1188, 1189, 1190, 1191, 1192, 1349, 1350, 1351, 1352, 1353, 1354, 1355, 1356, 1357, 1359, 1360, 1361, 1362, 1363, 1364, 1365, 1366, 1367, 1368, 1369, 1370, 1371, 1372, 1373, 1375, 1376, 1377, 1378, 1379, 1380, 1381, 1382, 1383, 1384, 1385, 1386, 1387, 1388, 1389, 1390, 1392, 1393, 1394, 1395, 1397, 1398, 1399, 1400, 1401, 1402, 1403, 1404, 1405, 1406, 1407, 1408, 1409, 1410, 1411, 1412, 1413, 1414, 1415, 1416, 1418, 1419, 1420, 1421, 1422, 1423, 1424, 1425, 1426, 1427, 1428, 1429, 1430, 1431, 1432, 1433, 1435, 1436, 1437, 1438, 1440, 1441, 1442, 1443, 1444, 1445, 1446, 1448, 1449, 1450, 1451, 1452, 1453, 1454, 1455, 1456, 1457, 1458, 1459, 1460, 1461, 1462, 1463, 1464, 1466, 1467, 1468, 1469, 1470, 1471, 1472, 1473, 1474, 1475, 1476, 1477, 1478, 1479, 1480, 1481, 1483, 1484, 1485, 1486, 1488, 1489, 1490, 1491, 1492, 1493, 1494, 1495, 1496, 1497, 1498, 1499, 1500, 1501, 1502, 1503, 1504, 1505, 1506, 1507, 1509, 1510, 1511, 1512, 1513, 1514, 1515, 1516, 1517, 1518, 1519, 1520, 1521, 1522, 1523, 1524, 1525, 1526, 1527, 1528, 1529, 1530, 1531, 1532, 1533, 1534, 1535, 1536, 1537, 1538, 1539, 1540, 1541, 1542, 1543, 1544, 1546, 1547, 1548, 1549, 1550, 1551, 1552, 1553, 1554, 1555, 1556, 1557, 1558, 1559, 1560, 1561, 1563, 1564, 1565, 1566, 1568, 1569, 1570, 1571, 1573, 1574, 1575, 1576, 1577, 1578, 1579, 1580, 1581, 1582, 1583, 1584, 1585, 1586, 1587, 1588, 1589, 1590, 1591, 1592, 1593, 1594, 1595, 1596, 1597, 1598, 1599, 1600, 1601, 1602, 1603, 1604, 1605, 1606, 1607, 1608, 1609, 1610, 1611, 1612, 1613, 1614, 1615, 1616, 1617, 1618, 1619, 1620, 1621, 1622, 1623, 1624, 1625, 1626, 1627, 1628, 1629, 1630, 1631, 1632, 1633, 1634, 1635, 1636, 1637, 1638, 1639, 1640, 1641, 1642, 1643, 1644, 1645, 1646, 1647, 1648, 1649, 1650, 1651, 1652, 1653, 1654, 1655, 1656, 1937, 1938, 1939, 1940, 1941, 1942, 1943, 1944, 1945, 1946, 1947, 1948, 1950, 1951, 1952, 1953, 1954, 1955, 1956, 1958, 1959, 1960, 1961, 1962, 1963, 1964, 1965, 1966, 1967, 1968, 1973, 1974, 1975, 1976, 1977, 1978, 1979, 1980, 1981, 1982, 1983, 1984, 1986, 1987, 1988, 1989, 1990, 1991, 1992, 1994, 1995, 1996, 1997, 1998, 1999, 2000, 2001, 2002, 2003, 2004, 2009, 2010, 2011, 2012, 2013, 2014, 2015, 2016, 2017, 2018, 2019, 2020, 2022, 2023, 2024, 2025, 2026, 2027, 2028, 2030, 2031, 2032, 2033, 2034, 2035, 2036, 2037, 2038, 2039, 2040, 2045, 2046, 2047, 2048, 2049, 2050, 2051, 2052, 2053, 2054, 2055, 2056, 2058, 2059, 2060, 2061, 2062, 2063, 2064, 2066, 2067, 2068, 2069, 2070, 2071, 2072, 2073, 2074, 2075, 2076]
                rel material:binding = </root/_materials/Wood>
            }

            def GeomSubset "Wood_Light" (
                prepend apiSchemas = ["MaterialBindingAPI"]
            )
            {
                uniform token elementType = "face"
                uniform token familyName = "materialBind"
                int[] indices = [20, 37, 42, 52, 68, 85, 90, 464, 465, 466, 467, 468, 532, 533, 534, 535, 536, 1201, 1202, 1203, 1204, 1205, 1206, 1207, 1208, 1209, 1210, 1211, 1212, 1213, 1214, 1215, 1216, 1217, 1218, 1358, 1374, 1391, 1396, 1417, 1434, 1439, 1447, 1465, 1482, 1487, 1508, 1545, 1562, 1567, 1572, 1949, 1957, 1969, 1970, 1971, 1972, 1985, 1993, 2005, 2006, 2007, 2008, 2021, 2029, 2041, 2042, 2043, 2044, 2057, 2065, 2077, 2078, 2079, 2080]
                rel material:binding = </root/_materials/Wood_Light>
            }

            def GeomSubset "Dirt" (
                prepend apiSchemas = ["MaterialBindingAPI"]
            )
            {
                uniform token elementType = "face"
                uniform token familyName = "materialBind"
                int[] indices = [91, 92, 93, 94, 95, 96, 97, 98, 99, 100, 101, 102, 103, 104, 105, 106, 107, 108, 109, 110, 111, 112, 113, 114, 115, 116, 117, 118, 119, 120, 121, 122, 123, 124, 125, 126, 127, 128, 129, 130, 131, 132, 133, 134, 135, 136, 137, 138, 139, 140, 141, 142, 143, 144, 145, 146, 147, 148, 149, 150, 151, 152, 153, 154, 155, 156, 157, 158, 159, 160, 161, 162, 163, 164, 165, 166, 167, 168, 169, 170, 171, 172, 173, 174, 175, 176, 177, 178, 179, 180, 181, 182, 183, 184, 185, 186, 187, 188, 189, 190, 191, 192, 193, 194, 195, 196, 197, 198, 199, 200, 201, 202, 203, 204, 205, 206, 207, 208, 209, 210, 211, 212, 213, 214, 215, 216, 217, 218, 219, 220, 221, 222, 223, 224, 225, 226, 227, 228, 229, 230, 231, 232, 233, 234, 235, 236, 237, 238, 239, 240, 241, 242, 243, 244, 245, 246, 247, 248, 249, 250, 251, 252, 253, 254, 255, 256, 257, 258, 259, 260, 261, 262, 263, 264, 265, 266, 267, 268, 269, 270, 271, 272, 273, 274, 275, 276, 277, 278, 279, 280, 281, 282, 283, 284, 285, 286, 287, 288, 289, 290, 291, 292, 293, 294, 295, 296, 297, 298, 299, 300, 301, 302, 303, 304, 305, 306, 307, 308, 309, 310, 311, 312, 313, 314, 315, 316, 317, 318, 319, 320, 321, 322, 323, 324, 325, 326, 327, 328, 329, 330, 331, 332, 333, 334, 335, 336, 337, 338, 339, 340, 341, 342, 343, 344, 345, 346, 347, 348, 349, 350, 351, 352, 353, 354, 355, 356, 357, 358, 359, 360, 361, 362, 363, 364, 365, 366, 367, 368, 369, 370, 371, 372, 373, 374, 375, 376, 377, 378, 379, 380, 381, 382, 383, 384, 385, 386, 387, 388, 389, 390, 391, 392, 393, 394, 395, 396, 397, 398, 399, 400, 401, 402, 403, 404, 405, 406, 407, 408, 409, 410, 411, 412, 413, 414, 415, 416, 417, 418, 419, 420, 421, 422, 423, 424]
                rel material:binding = </root/_materials/Dirt>
            }

            def GeomSubset "Main" (
                prepend apiSchemas = ["MaterialBindingAPI"]
            )
            {
                uniform token elementType = "face"
                uniform token familyName = "materialBind"
                int[] indices = [425, 426, 427, 428, 438, 439, 440, 441, 442, 452, 627, 628, 629, 630, 631, 632, 633, 634, 635, 636, 637, 638, 639, 640, 641, 642, 643, 644, 645, 646, 647, 648, 649, 650, 651, 652, 653, 654, 655, 656, 657, 658, 659, 660, 661, 662, 663, 664, 665, 666, 667, 668, 669, 670, 671, 672, 673, 674, 675, 676, 677, 678, 679, 680, 681, 682, 683, 684, 685, 686, 687, 688, 689, 690, 691, 692, 693, 694, 695, 696, 697, 698, 699, 700, 701, 702, 703, 704, 705, 706, 707, 708, 709, 710, 711, 712, 713, 714, 715, 716, 717, 718, 719, 720, 721, 722, 723, 724, 725, 726, 727, 728, 729, 730, 731, 732, 733, 734, 735, 736, 737, 738, 739, 740, 741, 742, 743, 744, 745, 746, 747, 748, 749, 750, 751, 752, 753, 754, 755, 756, 757, 758, 759, 760, 761, 762, 763, 764, 765, 766, 767, 768, 769, 770, 771, 772, 773, 774, 775, 776, 777, 778, 779, 780, 781, 782, 783, 784, 785, 786, 787, 788, 789, 790, 791, 792, 793, 794, 795, 796, 797, 798, 799, 800, 801, 802, 803, 804, 805, 806, 807, 808, 809, 810, 811, 812, 813, 814, 815, 816, 817, 818, 819, 820, 821, 822, 823, 824, 825, 826, 827, 828, 829, 830, 831, 832, 833, 834, 835, 836, 837, 838, 839, 840, 841, 842, 843, 844, 845, 846, 847, 848, 849, 850, 851, 852, 853, 854, 855, 856, 857, 858, 859, 860, 861, 862, 863, 864, 865, 866, 867, 868, 869, 870, 871, 872, 873, 874, 875, 876, 877, 878, 879, 880, 881, 882, 883, 884, 885, 886, 887, 888, 889, 890, 891, 892, 893, 894, 895, 896, 897, 898, 899, 900, 901, 902, 903, 904, 905, 906, 907, 908, 909, 910, 911, 912, 913, 914, 915, 916, 917, 918, 919, 920, 921, 922, 923, 924, 925, 926, 927, 928, 929, 930, 931, 932, 933, 934, 935, 936, 937, 938, 939, 940, 941, 942, 943, 944, 945, 946, 947, 948, 949, 950, 951, 952, 953, 954, 955, 956, 957, 958, 959, 960, 961, 962, 963, 964, 965, 966, 967, 968, 969, 970, 971, 972, 973, 974, 975, 976, 977, 978, 979, 980, 981, 982, 983, 984, 985, 986, 987, 988, 989, 990, 991, 992, 993, 994, 995, 996, 997, 998, 999, 1000, 1001, 1002, 1003, 1004, 1005, 1006, 1007, 1008, 1009, 1010, 1011, 1012, 1013, 1014, 1015, 1016, 1017, 1018, 1019, 1020, 1021, 1022, 1023, 1024, 1025, 1026, 1027, 1028, 1029, 1030, 1031, 1032, 1033, 1034, 1035, 1036, 1037, 1038, 1039, 1040, 1041, 1042, 1043, 1044, 1045, 1046, 1047, 1048, 1049, 1050, 1051, 1052, 1053, 1054, 1055, 1056, 1057, 1058, 1059, 1060, 1061, 1062, 1063, 1064, 1065, 1066, 1067, 1068, 1069, 1070, 1071, 1072, 1073, 1074, 1075, 1076, 1077, 1078, 1079, 1080, 1081, 1082, 1083, 1084, 1085, 1086, 1087, 1088, 1089, 1090, 1091, 1092, 1093, 1094, 1095, 1096, 1097, 1098, 1099, 1100, 1101, 1102, 1103, 1104, 1105, 1106, 1107, 1108, 1109, 1110, 1111, 1112, 1113, 1114, 1115, 1116, 1117, 1118, 1119, 1120, 1121, 1122, 1123, 1124, 1125, 1126, 1127, 1128, 1129, 1130, 1131, 1132, 1133, 1134, 1135, 1136, 1137, 1138, 1139, 1140, 1141, 1142, 1143, 1144, 1145, 1146, 1147, 1148, 1149, 1150, 1151, 1152, 1153, 1154, 1155, 1156, 1157, 1158, 1159, 1160, 1161, 1162, 1163, 1164, 1165, 1166, 1167, 1168, 1169, 1170, 1171, 1172, 1173, 1174, 1175, 1176, 1177, 1178, 1179, 1180, 1181, 1182, 1183, 1184, 1185, 1186, 1193, 1194, 1195, 1196, 1197, 1198, 1199, 1200, 1657, 1658, 1659, 1660, 1661, 1662, 1663, 1664, 1665, 1666, 1667, 1668, 1669, 1670, 1671, 1672, 1673, 1674, 1675, 1676, 1677, 1678, 1679, 1680, 1681, 1682, 1683, 1684, 1685, 1686, 1687, 1688, 1689, 1690, 1691, 1692, 1693, 1694, 1695, 1696, 1697, 1698, 1699, 1700, 1701, 1702, 1703, 1704, 1705, 1706, 1707, 1708, 1709, 1710, 1711, 1712, 1713, 1714, 1715, 1716, 1717, 1718, 1719, 1720, 1721, 1722, 1723, 1724, 1725, 1726, 1727, 1728, 1729, 1730, 1731, 1732, 1733, 1734, 1735, 1736, 1737, 1738, 1739, 1740, 1741, 1742, 1743, 1744, 1745, 1746, 1747, 1748, 1749, 1750, 1751, 1752, 1753, 1754, 1755, 1756, 1757, 1758, 1759, 1760, 1761, 1762, 1763, 1764, 1765, 1766, 1767, 1768, 1769, 1770, 1771, 1772, 1773, 1774, 1775, 1776, 1777, 1778, 1779, 1780, 1781, 1782, 1783, 1784, 1785, 1786, 1787, 1788, 1789, 1790, 1791, 1792, 1793, 1794, 1795, 1796, 1797, 1798, 1799, 1800, 1801, 1802, 1803, 1804, 1805, 1806, 1807, 1808, 1809, 1810, 1811, 1812, 1813, 1814, 1815, 1816, 1817, 1818, 1819, 1820, 1821, 1822, 1823, 1824, 1825, 1826, 1827, 1828, 1829, 1830, 1831, 1832, 1833, 1834, 1835, 1836, 1837, 1838, 1839, 1840, 1841, 1842, 1843, 1844, 1845, 1846, 1847, 1848, 1849, 1850, 1851, 1852, 1853, 1854, 1855, 1856, 1857, 1858, 1859, 1860, 1861, 1862, 1863, 1864, 1865, 1866, 1867, 1868, 1869, 1870, 1871, 1872, 1873, 1874, 1875, 1876, 1877, 1878, 1879, 1880, 1881, 1882, 1883, 1884, 1885, 1886, 1887, 1888, 1889, 1890, 1891, 1892, 1893, 1894, 1895, 1896, 1897, 1898, 1899, 1900, 1901, 1902, 1903, 1904, 1905, 1906, 1907, 1908, 1909, 1910, 1911, 1912, 1913, 1914, 1915, 1916, 1917, 1918, 1919, 1920, 1921, 1922, 1923, 1924, 1925, 1926, 1927, 1928, 1929, 1930, 1931, 1932, 1933, 1934, 1935, 1936]
                rel material:binding = </root/_materials/Main>
            }

            def GeomSubset "Walls" (
                prepend apiSchemas = ["MaterialBindingAPI"]
            )
            {
                uniform token elementType = "face"
                uniform token familyName = "materialBind"
                int[] indices = [429, 430, 431, 432, 443, 444, 445, 446]
                rel material:binding = </root/_materials/Walls>
            }

            def GeomSubset "Stone" (
                prepend apiSchemas = ["MaterialBindingAPI"]
            )
            {
                uniform token elementType = "face"
                uniform token familyName = "materialBind"
                int[] indices = [433, 434, 435, 436, 437, 447, 448, 449, 450, 451, 1229, 1230, 1231, 1232, 1233, 1234, 1235, 1236, 1237, 1238, 1239, 1240, 1241, 1242, 1243, 1244, 1245, 1246, 1247, 1248, 1249, 1250, 1251, 1252, 1253, 1254, 1255, 1256, 1257, 1258, 1259, 1260, 1261, 1262, 1263, 1264, 1265, 1266, 1267, 1268, 1269, 1270, 1271, 1272, 1273, 1274, 1275, 1276, 1277, 1278, 1279, 1280, 1281, 1282, 1283, 1284, 1285, 1286, 1287, 1288, 1289, 1290, 1291, 1292, 1293, 1294, 1295, 1296, 1297, 1298, 1299, 1300, 1301, 1302, 1303, 1304, 1305, 1306, 1307, 1308, 1309, 1310, 1311, 1312, 1313, 1314, 1315, 1316, 1317, 1318, 1319, 1320, 1321, 1322, 1323, 1324, 1325, 1326, 1327, 1328, 1329, 1330, 1331, 1332, 1333, 1334, 1335, 1336, 1337, 1338, 1339, 1340, 1341, 1342, 1343, 1344, 1345, 1346, 1347, 1348]
                rel material:binding = </root/_materials/Stone>
            }

            def GeomSubset "Stone_Light" (
                prepend apiSchemas = ["MaterialBindingAPI"]
            )
            {
                uniform token elementType = "face"
                uniform token familyName = "materialBind"
                int[] indices = [1219, 1220, 1221, 1222, 1223, 1224, 1225, 1226, 1227, 1228]
                rel material:binding = </root/_materials/Stone_Light>
            }
        }
    }

    def Scope "_materials"
    {
        def Material "Wood"
        {
            token outputs:surface.connect = </root/_materials/Wood/Principled_BSDF.outputs:surface>
            custom string userProperties:blender:data_name = "Wood"

            def Shader "Principled_BSDF"
            {
                uniform token info:id = "UsdPreviewSurface"
                float inputs:clearcoat = 0
                float inputs:clearcoatRoughness = 0.03
                color3f inputs:diffuseColor = (0.24618733, 0.14435896, 0.05379843)
                color3f inputs:emissiveColor = (0, 0, 0)
                float inputs:ior = 1.5
                float inputs:metallic = 0
                float inputs:opacity = 1
                float inputs:roughness = 0.5
                float inputs:specular = 0.5
                token outputs:surface
            }
        }

        def Material "Wood_Light"
        {
            token outputs:surface.connect = </root/_materials/Wood_Light/Principled_BSDF.outputs:surface>
            custom string userProperties:blender:data_name = "Wood_Light"

            def Shader "Principled_BSDF"
            {
                uniform token info:id = "UsdPreviewSurface"
                float inputs:clearcoat = 0
                float inputs:clearcoatRoughness = 0.03
                color3f inputs:diffuseColor = (0.3757453, 0.24318844, 0.09746063)
                color3f inputs:emissiveColor = (0, 0, 0)
                float inputs:ior = 1.5
                float inputs:metallic = 0
                float inputs:opacity = 1
                float inputs:roughness = 0.5
                float inputs:specular = 0.5
                token outputs:surface
            }
        }

        def Material "Dirt"
        {
            token outputs:surface.connect = </root/_materials/Dirt/Principled_BSDF.outputs:surface>
            custom string userProperties:blender:data_name = "Dirt"

            def Shader "Principled_BSDF"
            {
                uniform token info:id = "UsdPreviewSurface"
                float inputs:clearcoat = 0
                float inputs:clearcoatRoughness = 0.03
                color3f inputs:diffuseColor = (0.09462355, 0.07399486, 0.02894303)
                color3f inputs:emissiveColor = (0, 0, 0)
                float inputs:ior = 1.5
                float inputs:metallic = 0
                float inputs:opacity = 1
                float inputs:roughness = 0.5
                float inputs:specular = 0.5
                token outputs:surface
            }
        }

        def Material "Main"
        {
            token outputs:surface.connect = </root/_materials/Main/Principled_BSDF.outputs:surface>
            custom string userProperties:blender:data_name = "Main"

            def Shader "Principled_BSDF"
            {
                uniform token info:id = "UsdPreviewSurface"
                float inputs:clearcoat = 0
                float inputs:clearcoatRoughness = 0.03
                color3f inputs:diffuseColor = (0.438538, 0.099921495, 0.058856443)
                color3f inputs:emissiveColor = (0, 0, 0)
                float inputs:ior = 1.5
                float inputs:metallic = 0
                float inputs:opacity = 1
                float inputs:roughness = 0.5
                float inputs:specular = 0.5
                token outputs:surface
            }
        }

        def Material "Walls"
        {
            token outputs:surface.connect = </root/_materials/Walls/Principled_BSDF.outputs:surface>
            custom string userProperties:blender:data_name = "Walls"

            def Shader "Principled_BSDF"
            {
                uniform token info:id = "UsdPreviewSurface"
                float inputs:clearcoat = 0
                float inputs:clearcoatRoughness = 0.03
                color3f inputs:diffuseColor = (0.43521658, 0.438538, 0.38262406)
                color3f inputs:emissiveColor = (0, 0, 0)
                float inputs:ior = 1.5
                float inputs:metallic = 0
                float inputs:opacity = 1
                float inputs:roughness = 0.5
                float inputs:specular = 0.5
                token outputs:surface
            }
        }

        def Material "Stone"
        {
            token outputs:surface.connect = </root/_materials/Stone/Principled_BSDF.outputs:surface>
            custom string userProperties:blender:data_name = "Stone"

            def Shader "Principled_BSDF"
            {
                uniform token info:id = "UsdPreviewSurface"
                float inputs:clearcoat = 0
                float inputs:clearcoatRoughness = 0.03
                color3f inputs:diffuseColor = (0.2443643, 0.24618882, 0.21545054)
                color3f inputs:emissiveColor = (0, 0, 0)
                float inputs:ior = 1.5
                float inputs:metallic = 0
                float inputs:opacity = 1
                float inputs:roughness = 0.5
                float inputs:specular = 0.5
                token outputs:surface
            }
        }

        def Material "Stone_Light"
        {
            token outputs:surface.connect = </root/_materials/Stone_Light/Principled_BSDF.outputs:surface>
            custom string userProperties:blender:data_name = "Stone_Light"

            def Shader "Principled_BSDF"
            {
                uniform token info:id = "UsdPreviewSurface"
                float inputs:clearcoat = 0
                float inputs:clearcoatRoughness = 0.03
                color3f inputs:diffuseColor = (0.45405698, 0.457527, 0.39911425)
                color3f inputs:emissiveColor = (0, 0, 0)
                float inputs:ior = 1.5
                float inputs:metallic = 0
                float inputs:opacity = 1
                float inputs:roughness = 0.5
                float inputs:specular = 0.5
                token outputs:surface
            }
        }
    }
}

