#usda 1.0
(
    defaultPrim = "root"
    doc = "Blender v5.1.2"
    metersPerUnit = 1
    upAxis = "Y"
)

def Xform "root" (
    customData = {
        dictionary Blender = {
            bool generated = 1
        }
    }
)
{
    float3 xformOp:rotateXYZ = (-90, -0, 0)
    uniform token[] xformOpOrder = ["xformOp:rotateXYZ"]

    def Xform "Arch_Gothic"
    {
        custom string userProperties:blender:object_name = "Arch_Gothic"

        def Mesh "Cylinder_002" (
            active = true
            prepend apiSchemas = ["MaterialBindingAPI"]
        )
        {
            uniform bool doubleSided = 1
            float3[] extent = [(-1.5459726, -0.1257891, -0.000041993335), (1.5459726, 0.3652012, 3.7604542)]
            int[] faceVertexCounts = [4, 4, 4, 4, 4, 4, 4, 4, 4, 4, 4, 4, 4, 4, 4, 4, 4, 4, 4, 4, 4, 4, 4, 4, 4, 4, 4, 4, 4, 4, 4, 4, 4, 4, 3, 4, 4, 4, 4, 4, 4, 4, 4, 4, 4, 4, 4, 4, 4, 4, 4, 4, 4, 4, 4, 4, 3, 4, 4, 3, 4, 4, 4, 4, 4, 4, 4, 4, 4, 4, 4, 4, 4, 4, 4, 4, 4, 4, 4, 4, 4, 4, 4, 4, 4, 4, 4, 4, 4, 4, 4, 4, 4, 4, 4, 4, 4, 4, 4, 4, 4, 4, 4, 4, 4, 4, 4, 4, 4, 4, 4, 4, 4, 4, 4, 3, 4, 4, 4, 4, 4, 4, 4, 4, 4, 4, 4, 4, 4, 4, 4, 4, 4, 4, 4, 4, 4, 3, 4, 4, 3, 4, 4, 4, 4, 4, 4, 4, 4, 4, 4, 4, 4, 4, 4, 4, 4, 4, 4, 4, 4, 4, 4, 4, 4, 4, 4, 4, 4, 4, 4, 4, 4, 4, 4, 4, 4, 4, 4, 4, 4, 4, 4, 4, 4, 4, 4, 4, 4, 4, 4, 4, 4, 4, 4, 4, 3, 4, 4, 4, 4, 4, 4, 4, 4, 4, 4, 4, 4, 4, 4, 4, 4, 4, 4, 4, 4, 4, 3, 4, 4, 3, 4, 4, 4, 4, 4, 4, 4, 4, 4, 4, 4, 4, 4, 4, 4, 4, 4, 4, 4, 4, 4, 4, 4, 4, 4, 4, 4, 4, 4, 4, 4, 4, 4, 4, 4, 4, 4, 4, 4, 4, 4, 4, 4, 4, 4, 4, 4, 4, 4, 4, 4, 4, 4, 4, 4, 3, 4, 4, 4, 4, 4, 4, 4, 4, 4, 4, 4, 4, 4, 4, 4, 4, 4, 4, 4, 4, 4, 3, 4, 4, 3, 4, 4, 4, 4, 4, 4, 4, 4, 4, 4, 4, 4, 4, 4, 4, 4, 4, 4, 4, 4, 4, 4, 4, 4, 4, 4, 4, 4, 4, 4, 4, 4, 4, 4, 4, 4, 4, 4, 4, 4, 4, 3, 4, 4, 4, 4, 4, 4, 4, 4, 4, 4, 4, 4, 4, 4, 4, 4, 4, 4, 4, 4, 4, 4, 4, 4, 4, 4, 4, 4, 4, 4, 4, 4, 4, 4, 4, 4, 4, 4, 4, 4, 4, 4, 4, 4, 4, 4, 4, 4, 4, 4, 4, 4, 4, 4, 4, 4, 4, 4, 4, 4, 4, 4, 5, 5, 4, 4, 3, 4, 4, 4, 4, 4, 4, 4, 4, 4, 4, 4, 4, 4, 4, 4, 4, 4, 4, 4, 4, 4, 3, 4, 4, 4, 4, 4, 4, 4, 4, 4, 4, 4, 4, 4, 4, 4, 4, 4, 4, 4, 4, 4, 4, 4, 4, 4, 4, 4, 4, 4, 4, 4, 4, 4, 4, 4, 4, 4, 4, 4, 4, 4, 4, 4, 4, 4, 4, 4, 4, 4, 4, 4, 4, 4, 4, 4, 4, 4, 4, 4, 4, 4, 4, 5, 5, 4, 4, 3, 4, 4, 4, 4, 4, 4, 4, 4, 4, 4, 4, 4, 4, 4, 4, 4, 4, 4, 4, 4, 4, 3, 4, 4, 4, 4, 4, 4, 4, 4, 4, 4, 4, 4, 4, 4, 4, 4, 4, 4, 4, 4, 4, 4, 4, 4, 4, 4, 4, 4, 4, 4, 4, 4, 4, 4, 4, 4, 4, 4, 4, 4, 4, 4, 4, 4, 4, 4, 4, 4, 4, 4, 4, 4, 4, 4, 4, 4, 4, 4, 4, 4, 4, 4, 5, 5, 4, 4, 3, 4, 4, 4, 4, 4, 4, 4, 4, 4, 4, 4, 4, 4, 4, 4, 4, 4, 4, 4, 4, 4, 3, 4, 4, 4, 4, 4, 4, 4, 4, 4, 4, 4, 4, 4, 4, 4, 4, 4, 4, 4, 4, 4, 4, 4, 4, 4, 4, 4, 4, 4, 4, 4, 4, 4, 4, 4, 4, 4, 4, 4, 4, 4, 4, 4, 4, 4, 4, 4, 4, 4, 4, 4, 4, 4, 4, 4, 4, 4, 4, 4, 4, 4, 4, 5, 5, 4, 4, 3, 4, 5, 4, 4, 4, 4, 4, 4, 5, 4, 4, 5, 4, 5, 4, 4, 4, 4, 4, 4, 4, 4, 4, 4, 5, 4, 4, 4, 4, 4, 4, 4, 4, 4, 4, 4, 4, 4, 4, 4, 4, 4, 4, 4, 4, 4, 4, 4, 3, 5, 3, 5, 5, 4, 5, 4, 4, 4, 4, 4, 4, 4, 4, 4, 4, 5, 4, 3, 5, 4, 4, 4, 4, 4, 4, 4, 4, 4, 4, 4, 4, 4, 4, 4, 5, 4, 4, 4, 4, 4, 4, 4, 4, 4, 4, 4, 4, 4, 4, 4, 4, 4, 4, 4, 4, 4, 4, 4, 4, 4, 4, 4, 4, 4, 4, 4, 4, 4, 4, 4, 4, 4, 4, 4, 4, 4, 4, 4, 4, 4, 4, 4, 4, 4, 4, 4, 4, 4, 4, 4, 4, 4, 4, 4, 4, 4, 4, 4, 4, 5, 4, 4, 4, 4, 4, 4, 4, 4, 4, 4, 4, 4, 4, 4, 4, 4, 4, 4, 4, 4, 4, 4, 4, 4, 4, 4, 4, 4, 4, 4, 4, 4, 3, 5, 3, 3, 3, 5, 3, 3, 3, 5, 3, 5, 4, 4, 4, 4, 4, 4, 5, 4, 4, 5, 4, 5, 4, 4, 4, 4, 4, 4, 4, 4, 4, 4, 5, 4, 4, 4, 4, 4, 4, 4, 4, 4, 4, 4, 4, 4, 4, 4, 4, 4, 4, 4, 4, 4, 4, 4, 3, 5, 3, 5, 5, 4, 5, 4, 4, 4, 4, 4, 4, 4, 4, 4, 4, 5, 4, 3, 5, 4, 4, 4, 4, 4, 4, 4, 4, 4, 4, 4, 4, 4, 4, 4, 5, 4, 4, 4, 4, 4, 4, 4, 4, 4, 4, 4, 4, 4, 4, 4, 4, 4, 4, 4, 4, 4, 4, 4, 4, 4, 4, 4, 4, 4, 4, 4, 4, 4, 4, 4, 4, 4, 4, 4, 4, 4, 4, 4, 4, 4, 4, 4, 4, 4, 4, 4, 4, 4, 4, 4, 4, 4, 4, 4, 4, 4, 4, 4, 4, 5, 4, 4, 4, 4, 4, 4, 4, 4, 4, 4, 4, 4, 4, 4, 4, 4, 4, 4, 4, 4, 4, 4, 4, 4, 4, 4, 4, 4, 4, 4, 4, 4, 3, 5, 3, 3, 3, 5, 3, 3, 3, 5, 3, 5, 4, 4, 4, 4, 4, 4, 5, 4, 4, 5, 4, 5, 4, 4, 4, 4, 4, 4, 4, 4, 4, 4, 5, 4, 4, 4, 4, 4, 4, 4, 4, 4, 4, 4, 4, 4, 4, 4, 4, 4, 4, 4, 4, 4, 4, 4, 3, 5, 3, 5, 5, 4, 5, 4, 4, 4, 4, 4, 4, 4, 4, 4, 4, 5, 4, 3, 5, 4, 4, 4, 4, 4, 4, 4, 4, 4, 4, 4, 4, 4, 4, 4, 5, 4, 4, 4, 4, 4, 4, 4, 4, 4, 4, 4, 4, 4, 4, 4, 4, 4, 4, 4, 4, 4, 4, 4, 4, 4, 4, 4, 4, 4, 4, 4, 4, 4, 4, 4, 4, 4, 4, 4, 4, 4, 4, 4, 4, 4, 4, 4, 4, 4, 4, 4, 4, 4, 4, 4, 4, 4, 4, 4, 4, 4, 4, 4, 4, 5, 4, 4, 4, 4, 4, 4, 4, 4, 4, 4, 4, 4, 4, 4, 4, 4, 4, 4, 4, 4, 4, 4, 4, 4, 4, 4, 4, 4, 4, 4, 4, 4, 3, 5, 3, 3, 3, 5, 3, 3, 3, 5, 3, 5, 4, 4, 4, 4, 4, 4, 5, 4, 4, 5, 4, 5, 4, 4, 4, 4, 4, 4, 4, 4, 4, 4, 5, 4, 4, 4, 4, 4, 4, 4, 4, 4, 4, 4, 4, 4, 4, 4, 4, 4, 4, 4, 4, 4, 4, 4, 3, 5, 3, 5, 5, 4, 5, 4, 4, 4, 4, 4, 4, 4, 4, 4, 4, 5, 4, 3, 5, 4, 4, 4, 4, 4, 4, 4, 4, 4, 4, 4, 4, 4, 4, 4, 5, 4, 4, 4, 4, 4, 4, 4, 4, 4, 4, 4, 4, 4, 4, 4, 4, 4, 4, 4, 4, 4, 4, 4, 4, 4, 4, 4, 4, 4, 4, 4, 4, 4, 4, 4, 4, 4, 4, 4, 4, 4, 4, 4, 4, 4, 4, 4, 4, 4, 4, 4, 4, 4, 4, 4, 4, 4, 4, 4, 4, 4, 4, 4, 4, 5, 4, 4, 4, 4, 4, 4, 4, 4, 4, 4, 4, 4, 4, 4, 4, 4, 4, 4, 4, 4, 4, 4, 4, 4, 4, 4, 4, 4, 4, 4, 4, 4, 3, 5, 3, 3, 3, 5, 3, 3, 3, 5, 3]
            int[] faceVertexIndices = [20, 10, 8, 18, 16, 4, 2, 14, 17, 6, 4, 16, 15, 0, 6, 17, 19, 11, 10, 20, 14, 2, 11, 19, 31, 193, 173, 9, 30, 1, 174, 197, 0, 15, 186, 175, 8, 172, 185, 18, 68, 21, 22, 69, 61, 14, 19, 66, 66, 19, 21, 68, 20, 22, 21, 19, 62, 15, 17, 65, 65, 17, 16, 64, 64, 16, 14, 61, 67, 20, 18, 63, 12, 26, 31, 9, 5, 23, 29, 3, 7, 24, 23, 5, 1, 30, 24, 7, 26, 25, 27, 28, 3, 29, 25, 13, 13, 25, 26, 12, 57, 30, 197, 230, 77, 250, 193, 31, 73, 26, 28, 75, 47, 38, 40, 49, 43, 219, 208, 59, 42, 33, 201, 212, 53, 38, 34, 58, 50, 35, 32, 56, 51, 36, 35, 50, 57, 33, 60, 52, 37, 39, 54, 56, 32, 37, 52, 54, 39, 40, 55, 62, 42, 212, 236, 63, 243, 219, 43, 67, 47, 49, 69, 38, 47, 43, 34, 35, 44, 41, 32, 36, 45, 44, 35, 33, 42, 45, 36, 37, 46, 48, 39, 32, 41, 46, 37, 39, 48, 49, 40, 74, 54, 55, 75, 76, 56, 52, 72, 72, 52, 54, 74, 30, 57, 60, 78, 71, 51, 50, 70, 70, 50, 56, 76, 73, 53, 58, 77, 38, 53, 55, 40, 34, 59, 58, 33, 57, 230, 201, 58, 59, 208, 226, 59, 34, 43, 60, 33, 36, 51, 78, 71, 24, 30, 20, 67, 69, 22, 18, 185, 243, 63, 15, 62, 236, 186, 47, 67, 63, 43, 44, 64, 61, 41, 45, 65, 64, 44, 42, 62, 65, 45, 46, 66, 68, 48, 41, 61, 66, 46, 48, 68, 69, 49, 60, 51, 71, 78, 26, 73, 77, 31, 23, 70, 76, 29, 24, 71, 70, 23, 25, 72, 74, 27, 29, 76, 72, 25, 27, 74, 75, 28, 53, 73, 75, 55, 58, 226, 250, 77, 99, 97, 87, 89, 95, 93, 81, 83, 96, 95, 83, 85, 94, 96, 85, 79, 98, 99, 89, 90, 93, 98, 90, 81, 110, 88, 269, 289, 109, 293, 270, 80, 79, 271, 282, 94, 87, 97, 281, 268, 147, 148, 101, 100, 140, 145, 98, 93, 145, 147, 100, 98, 99, 98, 100, 101, 141, 144, 96, 94, 144, 143, 95, 96, 143, 140, 93, 95, 146, 142, 97, 99, 91, 88, 110, 105, 84, 82, 108, 102, 86, 84, 102, 103, 80, 86, 103, 109, 105, 107, 106, 104, 82, 92, 104, 108, 92, 91, 105, 104, 136, 326, 293, 109, 156, 110, 289, 346, 152, 154, 107, 105, 126, 128, 119, 117, 122, 138, 304, 315, 121, 308, 297, 112, 132, 137, 113, 117, 129, 135, 111, 114, 130, 129, 114, 115, 136, 139, 112, 131, 133, 118, 116, 135, 131, 116, 111, 133, 134, 119, 118, 141, 332, 308, 121, 142, 122, 315, 339, 146, 148, 128, 126, 117, 113, 122, 126, 114, 111, 120, 123, 115, 114, 123, 124, 112, 115, 124, 121, 116, 118, 127, 125, 111, 116, 125, 120, 118, 119, 128, 127, 153, 154, 134, 133, 155, 151, 131, 135, 151, 153, 133, 131, 109, 157, 139, 136, 150, 149, 129, 130, 149, 155, 135, 129, 152, 156, 137, 132, 117, 119, 134, 132, 113, 137, 138, 112, 297, 326, 136, 137, 322, 304, 138, 138, 122, 113, 139, 130, 115, 112, 157, 109, 103, 150, 99, 101, 148, 146, 97, 142, 339, 281, 94, 282, 332, 141, 126, 122, 142, 146, 123, 120, 140, 143, 124, 123, 143, 144, 121, 124, 144, 141, 125, 127, 147, 145, 120, 125, 145, 140, 127, 128, 148, 147, 139, 157, 150, 130, 105, 110, 156, 152, 102, 108, 155, 149, 103, 102, 149, 150, 104, 106, 153, 151, 108, 104, 151, 155, 106, 107, 154, 153, 132, 134, 154, 152, 137, 156, 346, 322, 182, 180, 166, 168, 178, 176, 160, 162, 179, 178, 162, 164, 177, 179, 164, 158, 181, 182, 168, 169, 176, 181, 169, 160, 196, 167, 173, 193, 195, 197, 174, 159, 158, 175, 186, 177, 166, 180, 185, 172, 241, 242, 184, 183, 233, 239, 181, 176, 239, 241, 183, 181, 182, 181, 183, 184, 234, 238, 179, 177, 238, 237, 178, 179, 237, 233, 176, 178, 240, 235, 180, 182, 170, 167, 196, 190, 163, 161, 194, 187, 165, 163, 187, 188, 159, 165, 188, 195, 190, 192, 191, 189, 161, 171, 189, 194, 171, 170, 190, 189, 228, 230, 197, 195, 252, 196, 193, 250, 247, 249, 192, 190, 216, 218, 207, 205, 211, 231, 208, 219, 210, 212, 201, 199, 223, 229, 200, 205, 220, 227, 198, 202, 221, 220, 202, 203, 228, 232, 199, 222, 224, 206, 204, 227, 222, 204, 198, 224, 225, 207, 206, 234, 236, 212, 210, 235, 211, 219, 243, 240, 242, 218, 216, 205, 200, 211, 216, 202, 198, 209, 213, 203, 202, 213, 214, 199, 203, 214, 210, 204, 206, 217, 215, 198, 204, 215, 209, 206, 207, 218, 217, 248, 249, 225, 224, 251, 246, 222, 227, 246, 248, 224, 222, 195, 253, 232, 228, 245, 244, 220, 221, 244, 251, 227, 220, 247, 252, 229, 223, 205, 207, 225, 223, 200, 229, 231, 199, 201, 230, 228, 229, 226, 208, 231, 231, 211, 200, 232, 221, 203, 199, 253, 195, 188, 245, 182, 184, 242, 240, 180, 235, 243, 185, 177, 186, 236, 234, 216, 211, 235, 240, 213, 209, 233, 237, 214, 213, 237, 238, 210, 214, 238, 234, 215, 217, 241, 239, 209, 215, 239, 233, 217, 218, 242, 241, 232, 253, 245, 221, 190, 196, 252, 247, 187, 194, 251, 244, 188, 187, 244, 245, 189, 191, 248, 246, 194, 189, 246, 251, 191, 192, 249, 248, 223, 225, 249, 247, 229, 252, 250, 226, 278, 264, 262, 276, 274, 258, 256, 272, 275, 260, 258, 274, 273, 254, 260, 275, 277, 265, 264, 278, 272, 256, 265, 277, 292, 289, 269, 263, 291, 255, 270, 293, 254, 273, 282, 271, 262, 268, 281, 276, 337, 279, 280, 338, 329, 272, 277, 335, 335, 277, 279, 337, 278, 280, 279, 277, 330, 273, 275, 334, 334, 275, 274, 333, 333, 274, 272, 329, 336, 278, 276, 331, 266, 286, 292, 263, 259, 283, 290, 257, 261, 284, 283, 259, 255, 291, 284, 261, 286, 285, 287, 288, 257, 290, 285, 267, 267, 285, 286, 266, 324, 291, 293, 326, 348, 346, 289, 292, 343, 286, 288, 345, 312, 301, 303, 314, 307, 315, 304, 327, 306, 295, 297, 308, 319, 301, 296, 325, 316, 298, 294, 323, 317, 299, 298, 316, 324, 295, 328, 318, 300, 302, 320, 323, 294, 300, 318, 320, 302, 303, 321, 330, 306, 308, 332, 331, 339, 315, 307, 336, 312, 314, 338, 301, 312, 307, 296, 298, 309, 305, 294, 299, 310, 309, 298, 295, 306, 310, 299, 300, 311, 313, 302, 294, 305, 311, 300, 302, 313, 314, 303, 344, 320, 321, 345, 347, 323, 318, 342, 342, 318, 320, 344, 291, 324, 328, 349, 341, 317, 316, 340, 340, 316, 323, 347, 343, 319, 325, 348, 301, 319, 321, 303, 296, 327, 325, 295, 324, 326, 297, 325, 327, 304, 322, 327, 296, 307, 328, 295, 299, 317, 349, 341, 284, 291, 278, 336, 338, 280, 276, 281, 339, 331, 273, 330, 332, 282, 312, 336, 331, 307, 309, 333, 329, 305, 310, 334, 333, 309, 306, 330, 334, 310, 311, 335, 337, 313, 305, 329, 335, 311, 313, 337, 338, 314, 328, 317, 341, 349, 286, 343, 348, 292, 283, 340, 347, 290, 284, 341, 340, 283, 285, 342, 344, 287, 290, 347, 342, 285, 287, 344, 345, 288, 319, 343, 345, 321, 325, 322, 346, 348, 356, 351, 489, 498, 350, 352, 491, 487, 357, 500, 495, 354, 353, 493, 497, 355, 408, 406, 355, 357, 406, 407, 353, 355, 407, 411, 410, 353, 595, 409, 354, 495, 409, 408, 357, 354, 355, 497, 500, 357, 352, 356, 498, 491, 361, 359, 505, 508, 358, 360, 507, 503, 360, 361, 508, 507, 365, 515, 512, 363, 362, 510, 517, 364, 364, 517, 515, 365, 413, 412, 365, 363, 412, 414, 364, 365, 414, 415, 362, 364, 415, 416, 362, 603, 413, 363, 512, 374, 373, 533, 535, 366, 368, 523, 519, 368, 367, 521, 523, 369, 525, 529, 371, 371, 529, 527, 370, 368, 366, 369, 371, 366, 519, 525, 369, 521, 367, 370, 527, 377, 541, 538, 376, 372, 374, 535, 531, 374, 377, 376, 373, 375, 536, 541, 377, 374, 372, 375, 377, 372, 531, 536, 375, 533, 373, 376, 538, 351, 356, 381, 379, 489, 351, 379, 546, 350, 487, 545, 380, 352, 350, 380, 378, 356, 352, 378, 381, 378, 380, 389, 390, 550, 383, 392, 564, 380, 545, 559, 389, 385, 553, 556, 386, 382, 384, 393, 391, 387, 388, 393, 386, 557, 387, 386, 556, 389, 559, 564, 392, 390, 389, 392, 391, 388, 390, 391, 393, 379, 381, 388, 387, 383, 382, 391, 392, 381, 378, 390, 388, 384, 385, 386, 393, 546, 379, 387, 557, 395, 394, 566, 568, 400, 587, 576, 399, 394, 395, 397, 396, 566, 394, 396, 570, 395, 568, 572, 397, 399, 576, 574, 398, 570, 396, 403, 584, 404, 400, 399, 398, 585, 404, 398, 574, 397, 572, 588, 401, 587, 400, 402, 589, 589, 402, 401, 588, 404, 585, 586, 405, 405, 586, 584, 403, 400, 404, 405, 402, 402, 405, 403, 401, 396, 397, 401, 403, 367, 368, 371, 370, 385, 384, 408, 409, 553, 385, 409, 595, 383, 410, 411, 407, 382, 383, 407, 406, 384, 382, 406, 408, 505, 359, 413, 603, 410, 383, 550, 592, 353, 410, 592, 493, 358, 503, 602, 416, 417, 360, 358, 417, 415, 414, 361, 360, 414, 412, 359, 361, 412, 413, 417, 416, 415, 362, 416, 602, 510, 424, 618, 609, 419, 418, 607, 611, 420, 425, 422, 615, 620, 421, 423, 617, 613, 476, 425, 423, 474, 474, 423, 421, 475, 475, 421, 478, 479, 715, 615, 422, 477, 477, 422, 425, 476, 423, 425, 620, 617, 420, 611, 618, 424, 429, 628, 625, 427, 426, 623, 627, 428, 428, 627, 628, 429, 433, 431, 632, 635, 430, 432, 637, 630, 432, 433, 635, 637, 481, 431, 433, 480, 480, 433, 432, 482, 482, 432, 430, 483, 483, 430, 484, 723, 632, 431, 481, 442, 655, 653, 441, 434, 639, 643, 436, 436, 643, 641, 435, 437, 439, 649, 645, 439, 438, 647, 649, 436, 439, 437, 434, 434, 437, 645, 639, 641, 647, 438, 435, 445, 444, 658, 661, 440, 651, 655, 442, 442, 441, 444, 445, 443, 445, 661, 656, 442, 445, 443, 440, 440, 443, 656, 651, 653, 658, 444, 441, 419, 447, 449, 424, 609, 666, 447, 419, 418, 448, 665, 607, 420, 446, 448, 418, 424, 449, 446, 420, 446, 458, 457, 448, 670, 684, 460, 451, 448, 457, 679, 665, 453, 454, 676, 673, 450, 459, 461, 452, 455, 454, 461, 456, 677, 676, 454, 455, 457, 460, 684, 679, 458, 459, 460, 457, 456, 461, 459, 458, 447, 455, 456, 449, 451, 460, 459, 450, 449, 456, 458, 446, 452, 461, 454, 453, 666, 677, 455, 447, 463, 688, 686, 462, 468, 467, 696, 707, 462, 464, 465, 463, 686, 690, 464, 462, 463, 465, 692, 688, 467, 466, 694, 696, 690, 704, 471, 464, 472, 466, 467, 468, 705, 694, 466, 472, 465, 469, 708, 692, 707, 709, 470, 468, 709, 708, 469, 470, 472, 473, 706, 705, 473, 471, 704, 706, 468, 470, 473, 472, 470, 469, 471, 473, 464, 471, 469, 465, 435, 438, 439, 436, 453, 477, 476, 452, 673, 715, 477, 453, 451, 475, 479, 478, 450, 474, 475, 451, 452, 476, 474, 450, 625, 723, 481, 427, 478, 712, 670, 451, 421, 613, 712, 478, 426, 485, 484, 722, 623, 428, 482, 483, 485, 426, 429, 480, 482, 428, 427, 481, 480, 429, 485, 483, 484, 430, 630, 722, 484, 499, 498, 489, 488, 486, 487, 491, 490, 501, 494, 495, 500, 492, 496, 497, 493, 593, 501, 496, 590, 590, 496, 492, 591, 591, 492, 596, 597, 595, 495, 494, 594, 594, 494, 501, 593, 496, 501, 500, 497, 490, 491, 498, 499, 509, 508, 505, 504, 502, 503, 507, 506, 506, 507, 508, 509, 516, 513, 512, 515, 511, 514, 517, 510, 514, 516, 515, 517, 599, 513, 516, 598, 598, 516, 514, 600, 600, 514, 511, 601, 601, 511, 604, 603, 512, 513, 599, 534, 535, 533, 532, 518, 519, 523, 522, 522, 523, 521, 520, 524, 528, 529, 525, 528, 526, 527, 529, 522, 528, 524, 518, 518, 524, 525, 519, 521, 527, 526, 520, 540, 539, 538, 541, 530, 531, 535, 534, 534, 532, 539, 540, 537, 540, 541, 536, 534, 540, 537, 530, 530, 537, 536, 531, 533, 538, 539, 532, 488, 543, 547, 499, 489, 546, 543, 488, 486, 544, 545, 487, 490, 542, 544, 486, 499, 547, 542, 490, 542, 561, 560, 544, 550, 564, 563, 549, 544, 560, 559, 545, 552, 554, 556, 553, 548, 562, 565, 551, 555, 554, 565, 558, 557, 556, 554, 555, 560, 563, 564, 559, 561, 562, 563, 560, 558, 565, 562, 561, 543, 555, 558, 547, 549, 563, 562, 548, 547, 558, 561, 542, 551, 565, 554, 552, 546, 557, 555, 543, 569, 568, 566, 567, 578, 577, 576, 587, 567, 571, 573, 569, 566, 570, 571, 567, 569, 573, 572, 568, 577, 575, 574, 576, 570, 584, 581, 571, 582, 575, 577, 578, 585, 574, 575, 582, 573, 579, 588, 572, 587, 589, 580, 578, 589, 588, 579, 580, 582, 583, 586, 585, 583, 581, 584, 586, 578, 580, 583, 582, 580, 579, 581, 583, 571, 581, 579, 573, 520, 526, 528, 522, 552, 594, 593, 551, 553, 595, 594, 552, 549, 591, 597, 596, 548, 590, 591, 549, 551, 593, 590, 548, 505, 603, 599, 504, 596, 592, 550, 549, 492, 493, 592, 596, 502, 605, 604, 602, 503, 506, 600, 601, 605, 502, 509, 598, 600, 506, 504, 599, 598, 509, 605, 601, 604, 511, 510, 602, 604, 619, 608, 609, 618, 606, 610, 611, 607, 621, 620, 615, 614, 612, 613, 617, 616, 713, 710, 616, 621, 710, 711, 612, 616, 711, 717, 716, 612, 715, 714, 614, 615, 714, 713, 621, 614, 616, 617, 620, 621, 610, 619, 618, 611, 629, 624, 625, 628, 622, 626, 627, 623, 626, 629, 628, 627, 636, 635, 632, 633, 631, 630, 637, 634, 634, 637, 635, 636, 719, 718, 636, 633, 718, 720, 634, 636, 720, 721, 631, 634, 721, 724, 631, 723, 719, 633, 632, 654, 652, 653, 655, 638, 642, 643, 639, 642, 640, 641, 643, 644, 645, 649, 648, 648, 649, 647, 646, 642, 638, 644, 648, 638, 639, 645, 644, 641, 640, 646, 647, 660, 661, 658, 659, 650, 654, 655, 651, 654, 660, 659, 652, 657, 656, 661, 660, 654, 650, 657, 660, 650, 651, 656, 657, 653, 652, 659, 658, 608, 619, 667, 663, 609, 608, 663, 666, 606, 607, 665, 664, 610, 606, 664, 662, 619, 610, 662, 667, 662, 664, 680, 681, 670, 669, 683, 684, 664, 665, 679, 680, 672, 673, 676, 674, 668, 671, 685, 682, 675, 678, 685, 674, 677, 675, 674, 676, 680, 679, 684, 683, 681, 680, 683, 682, 678, 681, 682, 685, 663, 667, 678, 675, 669, 668, 682, 683, 667, 662, 681, 678, 671, 672, 674, 685, 666, 663, 675, 677, 689, 687, 686, 688, 698, 707, 696, 697, 687, 689, 693, 691, 686, 687, 691, 690, 689, 688, 692, 693, 697, 696, 694, 695, 690, 691, 701, 704, 702, 698, 697, 695, 705, 702, 695, 694, 693, 692, 708, 699, 707, 698, 700, 709, 709, 700, 699, 708, 702, 705, 706, 703, 703, 706, 704, 701, 698, 702, 703, 700, 700, 703, 701, 699, 691, 693, 699, 701, 640, 642, 648, 646, 672, 671, 713, 714, 673, 672, 714, 715, 669, 716, 717, 711, 668, 669, 711, 710, 671, 668, 710, 713, 625, 624, 719, 723, 716, 669, 670, 712, 612, 716, 712, 613, 622, 623, 722, 724, 725, 626, 622, 725, 721, 720, 629, 626, 720, 718, 624, 629, 718, 719, 725, 724, 721, 631, 724, 722, 630, 752, 928, 1083, 898, 742, 776, 772, 835, 839, 749, 743, 810, 809, 1126, 726, 789, 1163, 754, 746, 831, 832, 848, 847, 735, 741, 769, 767, 821, 823, 882, 880, 783, 782, 897, 734, 915, 906, 730, 740, 918, 915, 734, 744, 892, 846, 1233, 1124, 739, 737, 812, 808, 743, 888, 889, 1278, 1123, 779, 778, 841, 842, 784, 786, 804, 802, 742, 1122, 1168, 793, 747, 755, 833, 825, 735, 847, 849, 732, 768, 770, 824, 822, 732, 849, 850, 747, 726, 901, 918, 740, 785, 781, 799, 803, 755, 843, 844, 754, 749, 885, 890, 888, 743, 928, 752, 760, 938, 752, 742, 793, 795, 753, 929, 939, 761, 766, 768, 822, 820, 849, 847, 764, 763, 741, 735, 827, 829, 730, 906, 929, 753, 730, 753, 794, 791, 1139, 766, 820, 1206, 887, 884, 785, 787, 735, 732, 826, 827, 761, 939, 938, 760, 758, 750, 751, 759, 1127, 727, 807, 1185, 884, 887, 756, 748, 845, 844, 770, 768, 886, 885, 749, 757, 844, 845, 746, 754, 778, 776, 839, 841, 788, 787, 805, 806, 777, 750, 758, 779, 885, 886, 788, 786, 775, 1150, 1125, 745, 846, 893, 894, 1233, 846, 894, 766, 1139, 883, 890, 891, 1278, 889, 891, 784, 1161, 921, 1342, 1122, 742, 898, 771, 729, 1129, 1151, 880, 882, 896, 737, 739, 848, 900, 762, 765, 780, 783, 880, 879, 879, 880, 739, 727, 901, 726, 1126, 1347, 757, 749, 809, 815, 763, 764, 818, 817, 731, 748, 813, 811, 843, 850, 767, 769, 844, 843, 769, 770, 850, 849, 763, 767, 1239, 851, 899, 728, 1128, 756, 887, 886, 757, 851, 900, 899, 746, 845, 893, 892, 744, 777, 779, 842, 840, 1128, 728, 828, 1210, 775, 777, 840, 838, 751, 776, 778, 759, 759, 778, 779, 758, 733, 772, 776, 751, 729, 771, 774, 738, 738, 774, 773, 736, 736, 773, 772, 733, 750, 777, 775, 745, 761, 760, 796, 797, 787, 785, 803, 805, 740, 734, 790, 792, 850, 843, 755, 747, 886, 887, 787, 788, 881, 895, 897, 782, 781, 881, 884, 748, 731, 1273, 879, 727, 1127, 847, 848, 765, 764, 884, 881, 781, 785, 872, 790, 791, 871, 873, 792, 790, 872, 870, 789, 792, 873, 876, 795, 793, 874, 871, 791, 794, 875, 877, 797, 796, 878, 875, 794, 797, 877, 870, 798, 1174, 1262, 874, 1272, 1184, 802, 876, 804, 806, 878, 753, 761, 797, 794, 783, 780, 798, 801, 780, 1162, 1174, 798, 726, 740, 792, 789, 760, 752, 795, 796, 782, 783, 801, 800, 1161, 784, 802, 1184, 781, 782, 800, 799, 786, 788, 806, 804, 734, 730, 791, 790, 867, 809, 810, 865, 863, 812, 811, 862, 864, 808, 812, 863, 861, 807, 808, 864, 862, 811, 813, 866, 868, 814, 815, 869, 866, 813, 814, 868, 861, 816, 1196, 1251, 865, 1261, 1206, 820, 867, 822, 824, 869, 770, 769, 823, 824, 727, 739, 808, 807, 748, 756, 814, 813, 737, 731, 811, 812, 767, 763, 817, 821, 765, 762, 816, 819, 743, 1123, 1192, 810, 756, 757, 815, 814, 764, 765, 819, 818, 762, 1140, 1196, 816, 858, 831, 830, 856, 854, 827, 826, 853, 855, 829, 827, 854, 852, 828, 829, 855, 853, 826, 825, 857, 859, 833, 832, 860, 857, 825, 833, 859, 852, 834, 1218, 1240, 856, 1250, 1228, 838, 858, 840, 842, 860, 774, 771, 834, 837, 746, 744, 830, 831, 744, 1124, 1213, 830, 773, 774, 837, 836, 732, 747, 825, 826, 771, 1151, 1218, 834, 728, 741, 829, 828, 772, 773, 836, 835, 1150, 775, 838, 1228, 755, 754, 832, 833, 737, 896, 895, 881, 731, 831, 858, 860, 832, 830, 1213, 1250, 856, 828, 852, 1240, 1210, 839, 857, 859, 841, 841, 859, 860, 842, 835, 853, 857, 839, 834, 852, 855, 837, 837, 855, 854, 836, 836, 854, 853, 835, 840, 858, 856, 838, 809, 867, 869, 815, 810, 1192, 1261, 865, 807, 861, 1251, 1185, 821, 866, 868, 823, 823, 868, 869, 824, 817, 862, 866, 821, 816, 861, 864, 819, 819, 864, 863, 818, 818, 863, 862, 817, 822, 867, 865, 820, 795, 876, 878, 796, 793, 1168, 1272, 874, 789, 870, 1262, 1163, 803, 875, 877, 805, 805, 877, 878, 806, 799, 871, 875, 803, 804, 876, 874, 802, 798, 870, 873, 801, 801, 873, 872, 800, 800, 872, 871, 799, 762, 851, 1239, 1140, 780, 879, 1273, 1162, 888, 890, 883, 891, 890, 885, 786, 784, 889, 888, 883, 891, 889, 883, 892, 893, 846, 894, 893, 845, 768, 766, 897, 895, 882, 895, 896, 882, 898, 1083, 921, 899, 900, 848, 741, 728, 762, 900, 851, 934, 922, 1082, 1083, 928, 960, 1023, 1019, 956, 931, 993, 994, 923, 1348, 1385, 973, 902, 936, 1016, 1015, 926, 1032, 920, 912, 1031, 953, 1007, 1005, 951, 1066, 1081, 966, 967, 1064, 911, 907, 906, 915, 919, 911, 915, 918, 924, 1345, 1455, 1030, 1076, 917, 992, 996, 914, 923, 1344, 1500, 1073, 1072, 963, 1026, 1025, 962, 968, 986, 988, 970, 922, 977, 1390, 1343, 927, 1009, 1017, 937, 912, 909, 1033, 1031, 952, 1006, 1008, 954, 909, 927, 1034, 1033, 902, 919, 918, 901, 969, 987, 983, 965, 937, 936, 1028, 1027, 931, 923, 1072, 1074, 1069, 928, 938, 944, 934, 934, 979, 977, 922, 935, 945, 939, 929, 950, 1004, 1006, 952, 1033, 947, 948, 1031, 920, 1013, 1011, 912, 907, 935, 929, 906, 907, 975, 978, 935, 1361, 1428, 1004, 950, 1071, 971, 969, 1068, 912, 1011, 1010, 909, 945, 944, 938, 939, 942, 943, 933, 932, 1349, 1407, 991, 903, 1068, 930, 940, 1071, 1029, 952, 954, 1028, 1070, 941, 931, 1069, 1028, 936, 926, 1029, 962, 1025, 1023, 960, 972, 990, 989, 971, 961, 963, 942, 932, 1069, 970, 972, 1070, 959, 925, 1346, 1372, 1030, 1078, 1077, 1455, 1361, 950, 1078, 1030, 1067, 1075, 1074, 1500, 1383, 968, 1075, 1073, 921, 1082, 922, 1343, 1342, 955, 1373, 1351, 905, 1064, 917, 914, 1080, 1066, 1032, 949, 946, 1085, 964, 1063, 1064, 967, 1063, 903, 917, 1064, 901, 1347, 1348, 902, 941, 999, 993, 931, 947, 1001, 1002, 948, 908, 995, 997, 930, 1027, 953, 951, 1034, 1028, 954, 953, 1027, 1034, 951, 947, 1033, 1461, 1350, 904, 1084, 1035, 940, 941, 1070, 1071, 1035, 1084, 1085, 926, 924, 1076, 1077, 1029, 961, 1024, 1026, 963, 1350, 1432, 1012, 904, 959, 1022, 1024, 961, 933, 943, 962, 960, 943, 942, 963, 962, 910, 933, 960, 956, 905, 916, 958, 955, 916, 913, 957, 958, 913, 910, 956, 957, 932, 925, 959, 961, 945, 981, 980, 944, 971, 989, 987, 969, 919, 976, 974, 911, 1034, 927, 937, 1027, 1070, 972, 971, 1071, 1065, 965, 966, 1081, 1079, 1065, 908, 930, 1068, 1495, 1349, 903, 1063, 1031, 948, 949, 1032, 1068, 969, 965, 1065, 1056, 1055, 975, 974, 1057, 1056, 974, 976, 1054, 1057, 976, 973, 1060, 1058, 977, 979, 1055, 1059, 978, 975, 1061, 1062, 980, 981, 1059, 1061, 981, 978, 1054, 1484, 1396, 982, 1058, 986, 1406, 1494, 1060, 1062, 990, 988, 935, 978, 981, 945, 967, 985, 982, 964, 964, 982, 1396, 1384, 902, 973, 976, 919, 944, 980, 979, 934, 966, 984, 985, 967, 1383, 1406, 986, 968, 965, 983, 984, 966, 970, 988, 990, 972, 911, 974, 975, 907, 1051, 1049, 994, 993, 1047, 1046, 995, 996, 1048, 1047, 996, 992, 1045, 1048, 992, 991, 1046, 1050, 997, 995, 1052, 1053, 999, 998, 1050, 1052, 998, 997, 1045, 1473, 1418, 1000, 1049, 1004, 1428, 1483, 1051, 1053, 1008, 1006, 954, 1008, 1007, 953, 903, 991, 992, 917, 930, 997, 998, 940, 914, 996, 995, 908, 951, 1005, 1001, 947, 949, 1003, 1000, 946, 923, 994, 1414, 1344, 940, 998, 999, 941, 948, 1002, 1003, 949, 946, 1000, 1418, 1362, 1042, 1040, 1014, 1015, 1038, 1037, 1010, 1011, 1039, 1038, 1011, 1013, 1036, 1039, 1013, 1012, 1037, 1041, 1009, 1010, 1043, 1044, 1016, 1017, 1041, 1043, 1017, 1009, 1036, 1462, 1440, 1018, 1040, 1022, 1450, 1472, 1042, 1044, 1026, 1024, 958, 1021, 1018, 955, 926, 1015, 1014, 924, 924, 1014, 1435, 1345, 957, 1020, 1021, 958, 909, 1010, 1009, 927, 955, 1018, 1440, 1373, 904, 1012, 1013, 920, 956, 1019, 1020, 957, 1372, 1450, 1022, 959, 937, 1017, 1016, 936, 914, 908, 1065, 1079, 1080, 1015, 1016, 1044, 1042, 1014, 1040, 1472, 1435, 1012, 1432, 1462, 1036, 1023, 1025, 1043, 1041, 1025, 1026, 1044, 1043, 1019, 1023, 1041, 1037, 1018, 1021, 1039, 1036, 1021, 1020, 1038, 1039, 1020, 1019, 1037, 1038, 1024, 1022, 1040, 1042, 993, 999, 1053, 1051, 994, 1049, 1483, 1414, 991, 1407, 1473, 1045, 1005, 1007, 1052, 1050, 1007, 1008, 1053, 1052, 1001, 1005, 1050, 1046, 1000, 1003, 1048, 1045, 1003, 1002, 1047, 1048, 1002, 1001, 1046, 1047, 1006, 1004, 1049, 1051, 979, 980, 1062, 1060, 977, 1058, 1494, 1390, 973, 1385, 1484, 1054, 987, 989, 1061, 1059, 989, 990, 1062, 1061, 983, 987, 1059, 1055, 988, 986, 1058, 1060, 982, 985, 1057, 1054, 985, 984, 1056, 1057, 984, 983, 1055, 1056, 946, 1362, 1461, 1035, 964, 1384, 1495, 1063, 1072, 1067, 1074, 1075, 968, 970, 1069, 1074, 1073, 1067, 1072, 1075, 1067, 1073, 1076, 1030, 1077, 1078, 950, 952, 1029, 1077, 1081, 1066, 1079, 1079, 1066, 1080, 1082, 921, 1083, 1084, 904, 920, 1032, 1085, 946, 1035, 1085, 1112, 1102, 1294, 1517, 1324, 1146, 1224, 1220, 1142, 1109, 1188, 1189, 1103, 1126, 1163, 1164, 1086, 1114, 1216, 1215, 1106, 1235, 1101, 1095, 1234, 1137, 1204, 1202, 1135, 1277, 1293, 1154, 1155, 1275, 1094, 1090, 1302, 1311, 1100, 1094, 1311, 1314, 1104, 1124, 1233, 1232, 1288, 1099, 1187, 1191, 1097, 1103, 1123, 1278, 1285, 1284, 1149, 1227, 1226, 1148, 1156, 1179, 1181, 1158, 1102, 1169, 1168, 1122, 1107, 1207, 1217, 1115, 1095, 1092, 1236, 1234, 1136, 1203, 1205, 1138, 1092, 1107, 1237, 1236, 1086, 1100, 1314, 1297, 1157, 1180, 1176, 1153, 1115, 1114, 1230, 1229, 1109, 1103, 1284, 1286, 1281, 1324, 1334, 1120, 1112, 1112, 1171, 1169, 1102, 1113, 1121, 1335, 1325, 1134, 1201, 1203, 1136, 1236, 1131, 1132, 1234, 1101, 1212, 1209, 1095, 1090, 1113, 1325, 1302, 1090, 1166, 1170, 1113, 1139, 1206, 1201, 1134, 1283, 1159, 1157, 1280, 1095, 1209, 1208, 1092, 1121, 1120, 1334, 1335, 1118, 1119, 1111, 1110, 1127, 1185, 1186, 1087, 1280, 1108, 1116, 1283, 1231, 1136, 1138, 1230, 1282, 1117, 1109, 1281, 1230, 1114, 1106, 1231, 1148, 1226, 1224, 1146, 1160, 1183, 1182, 1159, 1147, 1149, 1118, 1110, 1281, 1158, 1160, 1282, 1145, 1105, 1125, 1150, 1232, 1290, 1289, 1233, 1139, 1134, 1290, 1232, 1279, 1287, 1286, 1278, 1161, 1156, 1287, 1285, 1317, 1294, 1102, 1122, 1342, 1141, 1151, 1129, 1089, 1275, 1099, 1097, 1292, 1277, 1235, 1133, 1130, 1296, 1152, 1274, 1275, 1155, 1274, 1087, 1099, 1275, 1297, 1347, 1126, 1086, 1117, 1195, 1188, 1109, 1131, 1198, 1199, 1132, 1091, 1190, 1193, 1108, 1229, 1137, 1135, 1237, 1230, 1138, 1137, 1229, 1237, 1135, 1131, 1236, 1239, 1128, 1088, 1295, 1238, 1116, 1117, 1282, 1283, 1238, 1295, 1296, 1106, 1104, 1288, 1289, 1231, 1147, 1225, 1227, 1149, 1128, 1210, 1211, 1088, 1145, 1223, 1225, 1147, 1111, 1119, 1148, 1146, 1119, 1118, 1149, 1148, 1093, 1111, 1146, 1142, 1089, 1098, 1144, 1141, 1098, 1096, 1143, 1144, 1096, 1093, 1142, 1143, 1110, 1105, 1145, 1147, 1121, 1173, 1172, 1120, 1159, 1182, 1180, 1157, 1100, 1167, 1165, 1094, 1237, 1107, 1115, 1229, 1282, 1160, 1159, 1283, 1276, 1153, 1154, 1293, 1291, 1276, 1091, 1108, 1280, 1273, 1127, 1087, 1274, 1234, 1132, 1133, 1235, 1280, 1157, 1153, 1276, 1265, 1264, 1166, 1165, 1266, 1265, 1165, 1167, 1263, 1266, 1167, 1164, 1269, 1267, 1169, 1171, 1264, 1268, 1170, 1166, 1270, 1271, 1172, 1173, 1268, 1270, 1173, 1170, 1263, 1262, 1174, 1175, 1267, 1179, 1184, 1272, 1269, 1271, 1183, 1181, 1113, 1170, 1173, 1121, 1155, 1178, 1175, 1152, 1152, 1175, 1174, 1162, 1086, 1164, 1167, 1100, 1120, 1172, 1171, 1112, 1154, 1177, 1178, 1155, 1161, 1184, 1179, 1156, 1153, 1176, 1177, 1154, 1158, 1181, 1183, 1160, 1094, 1165, 1166, 1090, 1258, 1256, 1189, 1188, 1254, 1253, 1190, 1191, 1255, 1254, 1191, 1187, 1252, 1255, 1187, 1186, 1253, 1257, 1193, 1190, 1259, 1260, 1195, 1194, 1257, 1259, 1194, 1193, 1252, 1251, 1196, 1197, 1256, 1201, 1206, 1261, 1258, 1260, 1205, 1203, 1138, 1205, 1204, 1137, 1087, 1186, 1187, 1099, 1108, 1193, 1194, 1116, 1097, 1191, 1190, 1091, 1135, 1202, 1198, 1131, 1133, 1200, 1197, 1130, 1103, 1189, 1192, 1123, 1116, 1194, 1195, 1117, 1132, 1199, 1200, 1133, 1130, 1197, 1196, 1140, 1247, 1245, 1214, 1215, 1243, 1242, 1208, 1209, 1244, 1243, 1209, 1212, 1241, 1244, 1212, 1211, 1242, 1246, 1207, 1208, 1248, 1249, 1216, 1217, 1246, 1248, 1217, 1207, 1241, 1240, 1218, 1219, 1245, 1223, 1228, 1250, 1247, 1249, 1227, 1225, 1144, 1222, 1219, 1141, 1106, 1215, 1214, 1104, 1104, 1214, 1213, 1124, 1143, 1221, 1222, 1144, 1092, 1208, 1207, 1107, 1141, 1219, 1218, 1151, 1088, 1211, 1212, 1101, 1142, 1220, 1221, 1143, 1150, 1228, 1223, 1145, 1115, 1217, 1216, 1114, 1097, 1091, 1276, 1291, 1292, 1215, 1216, 1249, 1247, 1214, 1245, 1250, 1213, 1211, 1210, 1240, 1241, 1224, 1226, 1248, 1246, 1226, 1227, 1249, 1248, 1220, 1224, 1246, 1242, 1219, 1222, 1244, 1241, 1222, 1221, 1243, 1244, 1221, 1220, 1242, 1243, 1225, 1223, 1245, 1247, 1188, 1195, 1260, 1258, 1189, 1256, 1261, 1192, 1186, 1185, 1251, 1252, 1202, 1204, 1259, 1257, 1204, 1205, 1260, 1259, 1198, 1202, 1257, 1253, 1197, 1200, 1255, 1252, 1200, 1199, 1254, 1255, 1199, 1198, 1253, 1254, 1203, 1201, 1256, 1258, 1171, 1172, 1271, 1269, 1169, 1267, 1272, 1168, 1164, 1163, 1262, 1263, 1180, 1182, 1270, 1268, 1182, 1183, 1271, 1270, 1176, 1180, 1268, 1264, 1181, 1179, 1267, 1269, 1175, 1178, 1266, 1263, 1178, 1177, 1265, 1266, 1177, 1176, 1264, 1265, 1130, 1140, 1239, 1238, 1152, 1162, 1273, 1274, 1284, 1279, 1286, 1287, 1156, 1158, 1281, 1286, 1285, 1279, 1284, 1287, 1279, 1285, 1288, 1232, 1289, 1290, 1134, 1136, 1231, 1289, 1293, 1277, 1291, 1291, 1277, 1292, 1294, 1317, 1517, 1295, 1088, 1101, 1235, 1296, 1130, 1238, 1296, 1330, 1324, 1517, 1516, 1318, 1368, 1364, 1442, 1446, 1327, 1319, 1411, 1410, 1348, 1298, 1386, 1385, 1332, 1322, 1437, 1438, 1457, 1456, 1308, 1316, 1359, 1357, 1424, 1426, 1499, 1497, 1377, 1376, 1515, 1307, 1311, 1302, 1303, 1315, 1314, 1311, 1307, 1320, 1510, 1454, 1455, 1345, 1313, 1310, 1413, 1409, 1319, 1506, 1507, 1500, 1344, 1371, 1370, 1448, 1449, 1378, 1380, 1403, 1401, 1318, 1343, 1390, 1391, 1323, 1333, 1439, 1429, 1308, 1456, 1458, 1305, 1358, 1360, 1427, 1425, 1305, 1458, 1459, 1323, 1298, 1297, 1314, 1315, 1379, 1375, 1398, 1402, 1333, 1451, 1452, 1332, 1327, 1503, 1508, 1506, 1319, 1324, 1330, 1340, 1334, 1330, 1318, 1391, 1393, 1331, 1325, 1335, 1341, 1356, 1358, 1425, 1423, 1458, 1456, 1354, 1353, 1316, 1308, 1431, 1434, 1303, 1302, 1325, 1331, 1303, 1331, 1392, 1388, 1361, 1356, 1423, 1428, 1505, 1502, 1379, 1381, 1308, 1305, 1430, 1431, 1341, 1335, 1334, 1340, 1338, 1328, 1329, 1339, 1349, 1299, 1408, 1407, 1502, 1505, 1336, 1326, 1453, 1452, 1360, 1358, 1504, 1503, 1327, 1337, 1452, 1453, 1322, 1332, 1370, 1368, 1446, 1448, 1382, 1381, 1404, 1405, 1369, 1328, 1338, 1371, 1503, 1504, 1382, 1380, 1367, 1372, 1346, 1321, 1454, 1511, 1512, 1455, 1454, 1512, 1356, 1361, 1501, 1508, 1509, 1500, 1507, 1509, 1378, 1383, 1317, 1342, 1343, 1318, 1516, 1363, 1301, 1351, 1373, 1497, 1499, 1514, 1310, 1313, 1457, 1519, 1352, 1355, 1374, 1377, 1497, 1496, 1496, 1497, 1313, 1299, 1297, 1298, 1348, 1347, 1337, 1327, 1410, 1417, 1353, 1354, 1421, 1420, 1304, 1326, 1415, 1412, 1451, 1459, 1357, 1359, 1452, 1451, 1359, 1360, 1459, 1458, 1353, 1357, 1461, 1460, 1518, 1300, 1350, 1336, 1505, 1504, 1337, 1460, 1519, 1518, 1322, 1453, 1511, 1510, 1320, 1369, 1371, 1449, 1447, 1350, 1300, 1433, 1432, 1367, 1369, 1447, 1445, 1329, 1368, 1370, 1339, 1339, 1370, 1371, 1338, 1306, 1364, 1368, 1329, 1301, 1363, 1366, 1312, 1312, 1366, 1365, 1309, 1309, 1365, 1364, 1306, 1328, 1369, 1367, 1321, 1341, 1340, 1394, 1395, 1381, 1379, 1402, 1404, 1315, 1307, 1387, 1389, 1459, 1451, 1333, 1323, 1504, 1505, 1381, 1382, 1498, 1513, 1515, 1376, 1375, 1498, 1502, 1326, 1304, 1495, 1496, 1299, 1349, 1456, 1457, 1355, 1354, 1502, 1498, 1375, 1379, 1487, 1387, 1388, 1486, 1488, 1389, 1387, 1487, 1485, 1386, 1389, 1488, 1491, 1393, 1391, 1489, 1486, 1388, 1392, 1490, 1492, 1395, 1394, 1493, 1490, 1392, 1395, 1492, 1485, 1397, 1396, 1484, 1489, 1494, 1406, 1401, 1491, 1403, 1405, 1493, 1331, 1341, 1395, 1392, 1377, 1374, 1397, 1400, 1374, 1384, 1396, 1397, 1298, 1315, 1389, 1386, 1340, 1330, 1393, 1394, 1376, 1377, 1400, 1399, 1383, 1378, 1401, 1406, 1375, 1376, 1399, 1398, 1380, 1382, 1405, 1403, 1307, 1303, 1388, 1387, 1480, 1410, 1411, 1478, 1476, 1413, 1412, 1475, 1477, 1409, 1413, 1476, 1474, 1408, 1409, 1477, 1475, 1412, 1415, 1479, 1481, 1416, 1417, 1482, 1479, 1415, 1416, 1481, 1474, 1419, 1418, 1473, 1478, 1483, 1428, 1423, 1480, 1425, 1427, 1482, 1360, 1359, 1426, 1427, 1299, 1313, 1409, 1408, 1326, 1336, 1416, 1415, 1310, 1304, 1412, 1413, 1357, 1353, 1420, 1424, 1355, 1352, 1419, 1422, 1319, 1344, 1414, 1411, 1336, 1337, 1417, 1416, 1354, 1355, 1422, 1421, 1352, 1362, 1418, 1419, 1469, 1437, 1436, 1467, 1465, 1431, 1430, 1464, 1466, 1434, 1431, 1465, 1463, 1433, 1434, 1466, 1464, 1430, 1429, 1468, 1470, 1439, 1438, 1471, 1468, 1429, 1439, 1470, 1463, 1441, 1440, 1462, 1467, 1472, 1450, 1445, 1469, 1447, 1449, 1471, 1366, 1363, 1441, 1444, 1322, 1320, 1436, 1437, 1320, 1345, 1435, 1436, 1365, 1366, 1444, 1443, 1305, 1323, 1429, 1430, 1363, 1373, 1440, 1441, 1300, 1316, 1434, 1433, 1364, 1365, 1443, 1442, 1372, 1367, 1445, 1450, 1333, 1332, 1438, 1439, 1310, 1514, 1513, 1498, 1304, 1437, 1469, 1471, 1438, 1436, 1435, 1472, 1467, 1433, 1463, 1462, 1432, 1446, 1468, 1470, 1448, 1448, 1470, 1471, 1449, 1442, 1464, 1468, 1446, 1441, 1463, 1466, 1444, 1444, 1466, 1465, 1443, 1443, 1465, 1464, 1442, 1447, 1469, 1467, 1445, 1410, 1480, 1482, 1417, 1411, 1414, 1483, 1478, 1408, 1474, 1473, 1407, 1424, 1479, 1481, 1426, 1426, 1481, 1482, 1427, 1420, 1475, 1479, 1424, 1419, 1474, 1477, 1422, 1422, 1477, 1476, 1421, 1421, 1476, 1475, 1420, 1425, 1480, 1478, 1423, 1393, 1491, 1493, 1394, 1391, 1390, 1494, 1489, 1386, 1485, 1484, 1385, 1402, 1490, 1492, 1404, 1404, 1492, 1493, 1405, 1398, 1486, 1490, 1402, 1403, 1491, 1489, 1401, 1397, 1485, 1488, 1400, 1400, 1488, 1487, 1399, 1399, 1487, 1486, 1398, 1352, 1460, 1461, 1362, 1374, 1496, 1495, 1384, 1506, 1508, 1501, 1509, 1508, 1503, 1380, 1378, 1507, 1506, 1501, 1509, 1507, 1501, 1510, 1511, 1454, 1512, 1511, 1453, 1358, 1356, 1515, 1513, 1499, 1513, 1514, 1499, 1516, 1517, 1317, 1518, 1519, 1457, 1316, 1300, 1352, 1519, 1460]
            rel material:binding = </root/_materials/Main>
            normal3f[] normals = [(0, -1, 2.3570954e-9), (0, -1, 0), (0, -1, 0), (0, -1, 3.490248e-9), (0.48110703, -0.87666184, -1.1171069e-7), (0.47273386, -0.8812053, 0), (0.17411132, -0.984726, 0), (0.18706612, -0.98234737, -4.139913e-8), (0.54516464, -0.83832896, -1.2762237e-7), (0.54671985, -0.8373156, 0), (0.47273386, -0.8812053, 0), (0.48110703, -0.87666184, -1.1171069e-7), (0.5018067, -0.8649798, -1.173567e-7), (0.50180614, -0.86498004, 0), (0.54671985, -0.8373156, 0), (0.54516464, -0.83832896, -1.2762237e-7), (0, -1, 1.8454811e-9), (0, -1, 0), (0, -1, 0), (0, -1, 2.3570954e-9), (0.18706612, -0.98234737, -4.139913e-8), (0.17411132, -0.984726, 0), (0, -1, 0), (0, -1, 1.8454811e-9), (-0.99997824, 0, 0.006597897), (-0.99997824, 0, 0.006597897), (-1, 0, 0), (-1, 0, 0), (0.9999672, -0.008091652, 0.0002538314), (1, 0, 0), (1, 3.1150623e-15, 0), (1, 1.5575312e-15, -1.3695023e-7), (1, 0, 0), (1, 0, -2.7948485e-7), (1, 0, -2.7948474e-7), (1, 0, 0), (-1, 0, 0), (-1, 0, 0), (-0.99980134, 0, -0.019928804), (-0.99980134, 0, -0.019928804), (0, -1, 4.602647e-9), (0, -1, 9.2052925e-9), (0, -1, 9.2052925e-9), (0, -1, 4.6026454e-9), (0.18706623, -0.9823473, -4.1399097e-8), (0.18706612, -0.98234737, -4.139913e-8), (0, -1, 1.8454811e-9), (0, -1, 2.7682205e-9), (-1, -0.000030374087, 2.7948457e-7), (-1, -0.000029855968, 5.5896913e-7), (-1, -0.000029855968, 5.5896913e-7), (-1, -0.000030374087, 2.7948457e-7), (0, 0, -1), (0, 0, -1), (0, 0, -1), (0, 0, -1), (0.5018068, -0.8649797, -1.17356734e-7), (0.5018067, -0.8649798, -1.173567e-7), (0.54516464, -0.83832896, -1.2762237e-7), (0.5451647, -0.8383289, -1.2762237e-7), (0.5451647, -0.8383289, -1.2762237e-7), (0.54516464, -0.83832896, -1.2762237e-7), (0.48110703, -0.87666184, -1.1171069e-7), (0.48110718, -0.8766618, -1.11710676e-7), (0.48110718, -0.8766618, -1.11710676e-7), (0.48110703, -0.87666184, -1.1171069e-7), (0.18706612, -0.98234737, -4.139913e-8), (0.18706623, -0.9823473, -4.1399097e-8), (0, -1, 3.5356442e-9), (0, -1, 2.3570954e-9), (0, -1, 3.490248e-9), (0, -1, 3.4048475e-9), (0, -1, 5.048879e-10), (0, -1, 9.551521e-10), (0, -1, 9.2393065e-10), (0, -1, 0), (0.48110676, -0.876662, -1.5770547e-7), (0.48110676, -0.876662, -1.4004178e-7), (0.1870663, -0.9823473, -5.1562274e-8), (0.18706667, -0.9823472, -5.7772105e-8), (0.54516363, -0.8383297, -1.396399e-7), (0.5451637, -0.8383296, -1.3311467e-7), (0.48110676, -0.876662, -1.4004178e-7), (0.48110676, -0.876662, -1.5770547e-7), (0.50180614, -0.8649801, -8.277512e-8), (0.5018056, -0.86498034, -9.237472e-8), (0.5451637, -0.8383296, -1.3311467e-7), (0.54516363, -0.8383297, -1.396399e-7), (0, 0, 0.99999994), (0, 0, 0.99999994), (0, 0, 0.99999994), (0, 0, 0.99999994), (0.18706667, -0.9823472, -5.7772105e-8), (0.1870663, -0.9823473, -5.1562274e-8), (0, -1, 2.4408422e-9), (0, -1, 2.1449833e-9), (0, -1, 2.1449833e-9), (0, -1, 2.4408422e-9), (0, -1, 9.551521e-10), (0, -1, 5.048879e-10), (0.9700538, -0.24286146, -0.0037388082), (0.9999672, -0.008091652, 0.0002538314), (1, 1.5575312e-15, -1.3695023e-7), (1, 0, -1.3695023e-7), (-0.9988058, 0.00007323524, -0.04885562), (-0.9988058, 5.266788e-8, -0.048855558), (-0.99997824, 0, 0.006597897), (-0.99997824, 0, 0.006597897), (1, 0.00004187953, -1.530864e-7), (0.99999994, 0.00004906037, -3.061728e-7), (0.99999994, 0.00004906037, -3.061728e-7), (1, 0.00004187953, -1.530864e-7), (1, 0.00003189417, -7.698602e-8), (1, 0.000031140906, -2.145272e-7), (1, 0.000031140906, -2.145272e-7), (1, 0.00003189417, -7.698602e-8), (-0.99666035, -0.0069185183, 0.08136517), (-0.99665666, -1.8507352e-8, 0.08170374), (-1, -5.1401507e-8, -0.00006636777), (-0.98008996, -0.19852082, 0.0036241126), (1, 0, 0), (0.99986905, -0.016152939, -0.0010183497), (1, 0, 0), (1, 0, 0), (0, -1, 9.247221e-10), (0, -1, -3.0599419e-9), (0, -1, -3.1175595e-9), (0, -1, 5.6388477e-10), (0.4811072, -0.8766617, -6.9006475e-8), (0.48110723, -0.8766618, -1.0370308e-7), (0.18706682, -0.98234713, -3.8424723e-8), (0.1870668, -0.98234713, -2.62679e-8), (0.54516417, -0.8383294, -1.4197876e-7), (0.54516417, -0.8383293, -1.0271776e-7), (0.48110723, -0.8766618, -1.0370308e-7), (0.4811072, -0.8766617, -6.9006475e-8), (0.9700538, -0.24286146, -0.0037388082), (0.99986905, -0.016152939, -0.0010183497), (0.8750531, -0.48396933, -0.0074667395), (-1, -0.00004806328, 2.7508221e-7), (-1, -0.000046711357, 3.520682e-7), (-1, -0.000046711357, 3.520682e-7), (-1, -0.00004806328, 2.7508221e-7), (0.1870668, -0.98234713, -2.62679e-8), (0.18706682, -0.98234713, -3.8424723e-8), (0, -1, 2.7246174e-9), (0, -1, 2.724605e-9), (0, -1, 4.5301487e-9), (0, -1, 9.741977e-9), (0, -1, 9.741976e-9), (0, -1, 4.5301474e-9), (1, 0, -2.7948482e-7), (1, 0, 0), (1, 0, 0), (1, 0, -2.7948477e-7), (-0.998087, 0, 0.061825186), (-0.998087, 0, 0.061825186), (-0.99665666, -1.8507352e-8, 0.08170374), (-0.99666035, -0.0069185183, 0.08136517), (1, 0.00003783808, -2.794848e-7), (1, 0.00003189417, -7.698602e-8), (1, 0.00003189417, -7.698602e-8), (1, 0.00003783808, -2.794848e-7), (0, -1, -3.0599419e-9), (0, -1, 3.8901593e-9), (0, -1, 4.076889e-9), (0, -1, -3.1175595e-9), (0.48110723, -0.8766618, -1.0370308e-7), (0.48110732, -0.8766618, -3.469652e-8), (0.18706681, -0.9823472, -1.21568915e-8), (0.18706682, -0.98234713, -3.8424723e-8), (0.54516417, -0.8383293, -1.0271776e-7), (0.54516417, -0.83832926, -2.251021e-8), (0.48110732, -0.8766618, -3.469652e-8), (0.48110723, -0.8766618, -1.0370308e-7), (0.50180656, -0.8649798, -7.612186e-8), (0.5018065, -0.8649799, 0), (0.54516417, -0.83832926, -2.251021e-8), (0.54516417, -0.8383293, -1.0271776e-7), (-1, -0.000046711357, 3.520682e-7), (-1, -0.000040118204, 7.698602e-8), (-1, -0.000040118204, 7.698602e-8), (-1, -0.000046711357, 3.520682e-7), (0.18706682, -0.98234713, -3.8424723e-8), (0.18706681, -0.9823472, -1.21568915e-8), (0, -1, 0), (0, -1, 2.7246174e-9), (0, -1, 9.741977e-9), (0, -1, 5.211828e-9), (0, -1, 5.2118287e-9), (0, -1, 9.741976e-9), (0, -1, 2.5210776e-9), (0, -1, 4.5301487e-9), (0, -1, 4.5301474e-9), (0, -1, 2.5210782e-9), (0.18706635, -0.9823473, -2.2676181e-8), (0.1870668, -0.98234713, -2.62679e-8), (0, -1, 2.724605e-9), (0, -1, 1.5162829e-9), (-1, -0.000050554205, 1.5308628e-7), (-1, -0.00004806328, 2.7508221e-7), (-1, -0.00004806328, 2.7508221e-7), (-1, -0.000050554205, 1.5308628e-7), (0.9999672, -0.008091652, 0.0002538314), (0.9700538, -0.24286146, -0.0037388082), (0.8750531, -0.48396933, -0.0074667395), (0.87497616, -0.48392755, 0.015188572), (0.54516387, -0.8383295, -1.250659e-7), (0.54516417, -0.8383294, -1.4197876e-7), (0.4811072, -0.8766617, -6.9006475e-8), (0.48110694, -0.87666196, -6.1189084e-8), (0.48110694, -0.87666196, -6.1189084e-8), (0.4811072, -0.8766617, -6.9006475e-8), (0.1870668, -0.98234713, -2.62679e-8), (0.18706635, -0.9823473, -2.2676181e-8), (0, -1, 8.8025995e-9), (0, -1, 9.247221e-10), (0, -1, 5.6388477e-10), (0, -1, 9.011727e-9), (1, 0.000031140906, -2.145272e-7), (1, 0.00003204219, -1.375412e-7), (1, 0.00003204219, -1.375412e-7), (1, 0.000031140906, -2.145272e-7), (-0.91412836, -0.4053511, 0.0077304477), (-0.98008996, -0.19852082, 0.0036241126), (-0.9984434, -0.012165863, -0.054430302), (0.99986905, -0.016152939, -0.0010183497), (0.9700538, -0.24286146, -0.0037388082), (1, 0, -1.3695023e-7), (1, 0, 0), (-0.9984434, -0.012165863, -0.054430302), (-0.98008996, -0.19852082, 0.0036241126), (-1, -5.1401507e-8, -0.00006636777), (-0.998458, 1.9639586e-8, -0.05551156), (-0.98008996, -0.19852082, 0.0036241126), (-0.91412836, -0.4053511, 0.0077304477), (-0.99666035, -0.0069185183, 0.08136517), (0.50180644, -0.8649799, -2.0057482e-7), (0.50180656, -0.8649798, -7.612186e-8), (0.54516417, -0.8383293, -1.0271776e-7), (0.54516417, -0.8383294, -1.4197876e-7), (0.50180566, -0.8649804, -1.7310317e-7), (0.54516387, -0.8383295, -1.250659e-7), (0.5451637, -0.8383296, -1.3311467e-7), (0.5018056, -0.86498034, -9.237472e-8), (1, 0.000044783952, -5.589696e-7), (1, 0.00003783808, -2.794848e-7), (1, 0.00003783808, -2.794848e-7), (1, 0.000044783952, -5.589696e-7), (-0.99980134, 0, -0.019928804), (-0.99980134, 0, -0.019928804), (-0.998087, 0, 0.061825186), (-0.998087, 0, 0.061825186), (1, 0, -2.7948485e-7), (1, 0, -2.7948482e-7), (1, 0, -2.7948477e-7), (1, 0, -2.7948474e-7), (0, -1, 3.8901593e-9), (0, -1, 3.5356442e-9), (0, -1, 3.4048475e-9), (0, -1, 4.076889e-9), (0.48110732, -0.8766618, -3.469652e-8), (0.48110718, -0.8766618, -1.11710676e-7), (0.18706623, -0.9823473, -4.1399097e-8), (0.18706681, -0.9823472, -1.21568915e-8), (0.54516417, -0.83832926, -2.251021e-8), (0.5451647, -0.8383289, -1.2762237e-7), (0.48110718, -0.8766618, -1.11710676e-7), (0.48110732, -0.8766618, -3.469652e-8), (0.5018065, -0.8649799, 0), (0.5018068, -0.8649797, -1.17356734e-7), (0.5451647, -0.8383289, -1.2762237e-7), (0.54516417, -0.83832926, -2.251021e-8), (-1, -0.000040118204, 7.698602e-8), (-1, -0.000030374087, 2.7948457e-7), (-1, -0.000030374087, 2.7948457e-7), (-1, -0.000040118204, 7.698602e-8), (0.18706681, -0.9823472, -1.21568915e-8), (0.18706623, -0.9823473, -4.1399097e-8), (0, -1, 2.7682205e-9), (0, -1, 0), (0, -1, 5.211828e-9), (0, -1, 4.602647e-9), (0, -1, 4.6026454e-9), (0, -1, 5.2118287e-9), (0.50180644, -0.8649799, -2.0057482e-7), (0.54516417, -0.8383294, -1.4197876e-7), (0.54516387, -0.8383295, -1.250659e-7), (0.50180566, -0.8649804, -1.7310317e-7), (0, -1, 9.551521e-10), (0, -1, 8.8025995e-9), (0, -1, 9.011727e-9), (0, -1, 9.2393065e-10), (0.48110676, -0.876662, -1.4004178e-7), (0.48110694, -0.87666196, -6.1189084e-8), (0.18706635, -0.9823473, -2.2676181e-8), (0.1870663, -0.9823473, -5.1562274e-8), (0.5451637, -0.8383296, -1.3311467e-7), (0.54516387, -0.8383295, -1.250659e-7), (0.48110694, -0.87666196, -6.1189084e-8), (0.48110676, -0.876662, -1.4004178e-7), (-0.99999994, -0.00004906037, 3.0617255e-7), (-1, -0.000050554205, 1.5308628e-7), (-1, -0.000050554205, 1.5308628e-7), (-0.99999994, -0.00004906037, 3.0617255e-7), (0.1870663, -0.9823473, -5.1562274e-8), (0.18706635, -0.9823473, -2.2676181e-8), (0, -1, 1.5162829e-9), (0, -1, 2.4408422e-9), (0, -1, 5.0421556e-9), (0, -1, 2.5210776e-9), (0, -1, 2.5210782e-9), (0, -1, 5.0421556e-9), (1, 0.00003204219, -1.375412e-7), (1, 0.00004187953, -1.530864e-7), (1, 0.00004187953, -1.530864e-7), (1, 0.00003204219, -1.375412e-7), (-0.9984434, -0.012165863, -0.054430302), (-0.998458, 1.9639586e-8, -0.05551156), (-0.9988058, 5.266788e-8, -0.048855558), (-0.9988058, 0.00007323524, -0.04885562), (0, -1, 0), (0, -1, 0), (0, -1, 0), (0, -1, 0), (-0.4811071, -0.87666184, -1.1216889e-7), (-0.18706612, -0.9823473, -4.4133262e-8), (-0.17411137, -0.984726, 0), (-0.4727339, -0.88120514, 0), (-0.5451646, -0.8383291, -1.2680496e-7), (-0.4811071, -0.87666184, -1.1216889e-7), (-0.4727339, -0.88120514, 0), (-0.5467199, -0.83731556, 0), (-0.5018066, -0.8649798, -1.1741834e-7), (-0.5451646, -0.8383291, -1.2680496e-7), (-0.5467199, -0.83731556, 0), (-0.50180614, -0.8649801, 0), (0, -1, 0), (0, -1, 0), (0, -1, 0), (0, -1, 0), (-0.18706612, -0.9823473, -4.4133262e-8), (0, -1, 0), (0, -1, 0), (-0.17411137, -0.984726, 0), (0.99997824, 0, 0.006597897), (1, 0, 0), (1, 0, 0), (0.99997824, 0, 0.006597897), (-0.9999672, -0.008091652, 0.0002538314), (-1, -1.5575313e-15, -1.3695023e-7), (-1, -3.1150626e-15, 0), (-1, -6.230125e-15, 0), (-1, 0, 0), (-1, 0, 0), (-1, 0, -2.7948477e-7), (-1, 0, -2.7948485e-7), (1, 0, 0), (0.99980134, 0, -0.019928804), (0.99980134, 0, -0.019928804), (1, 0, 0), (0, -1, 0), (0, -1, 0), (0, -1, 0), (0, -1, 0), (-0.18706623, -0.9823473, -4.413323e-8), (0, -1, 0), (0, -1, 0), (-0.18706612, -0.9823473, -4.4133262e-8), (1, -0.000030374087, 2.7948434e-7), (1, -0.000030374087, 2.7948434e-7), (1, -0.000029855968, 5.589687e-7), (1, -0.000029855968, 5.589687e-7), (0, 0, -1), (0, 0, -1), (0, 0, -1), (0, 0, -1), (-0.5018068, -0.86497974, -1.1741838e-7), (-0.5451647, -0.83832896, -1.2680498e-7), (-0.5451646, -0.8383291, -1.2680496e-7), (-0.5018066, -0.8649798, -1.1741834e-7), (-0.5451647, -0.83832896, -1.2680498e-7), (-0.48110712, -0.87666184, -1.1216888e-7), (-0.4811071, -0.87666184, -1.1216889e-7), (-0.5451646, -0.8383291, -1.2680496e-7), (-0.48110712, -0.87666184, -1.1216888e-7), (-0.18706623, -0.9823473, -4.413323e-8), (-0.18706612, -0.9823473, -4.4133262e-8), (-0.4811071, -0.87666184, -1.1216889e-7), (0, -1, 0), (0, -1, 0), (0, -1, 0), (0, -1, 0), (0, -1, 0), (0, -1, 0), (0, -1, 0), (0, -1, 0), (-0.48110676, -0.876662, -1.5824838e-7), (-0.18706667, -0.9823472, -6.101192e-8), (-0.18706632, -0.9823473, -5.4679795e-8), (-0.48110682, -0.876662, -1.405642e-7), (-0.54516363, -0.8383297, -1.386712e-7), (-0.48110676, -0.876662, -1.5824838e-7), (-0.48110682, -0.876662, -1.405642e-7), (-0.54516375, -0.8383296, -1.3214712e-7), (-0.50180614, -0.8649801, -8.284803e-8), (-0.54516363, -0.8383297, -1.386712e-7), (-0.54516375, -0.8383296, -1.3214712e-7), (-0.5018056, -0.86498034, -9.237482e-8), (0, 0, 1), (0, 0, 1), (0, 0, 1), (0, 0, 1), (-0.18706667, -0.9823472, -6.101192e-8), (0, -1, 0), (0, -1, 0), (-0.18706632, -0.9823473, -5.4679795e-8), (0, -1, 0), (0, -1, 0), (0, -1, 0), (0, -1, 0), (-0.9700538, -0.24286148, -0.0037388082), (-1, 0, -1.3695023e-7), (-1, -1.5575313e-15, -1.3695023e-7), (-0.9999672, -0.008091652, 0.0002538314), (0.9988058, 0.00007312991, -0.04885562), (0.99997824, 0, 0.006597897), (0.99997824, 0, 0.006597897), (0.9988058, -5.2667886e-8, -0.04885556), (-1, 0.00004187953, -1.530864e-7), (-1, 0.00004187953, -1.530864e-7), (-0.99999994, 0.00004906037, -3.061728e-7), (-0.99999994, 0.00004906037, -3.061728e-7), (-1, 0.00003189417, -7.698602e-8), (-1, 0.00003189417, -7.698602e-8), (-1, 0.000031140906, -2.14527e-7), (-1, 0.000031140906, -2.14527e-7), (0.99666035, -0.006918483, 0.08136516), (0.98008996, -0.19852076, 0.0036241126), (1, 5.1402278e-8, -0.00006636777), (0.99665666, 1.8507352e-8, 0.08170374), (-1, 0, 0), (-1, 0, 0), (-1, 0, 0), (-0.99986905, -0.016152939, -0.0010183495), (0, -1, -1.3900119e-8), (0, -1, -1.42384495e-8), (0, -1, -1.3974055e-8), (0, -1, -1.3900173e-8), (-0.4811072, -0.8766618, -7.02979e-8), (-0.18706675, -0.9823472, -2.8958974e-8), (-0.18706684, -0.9823472, -4.1115797e-8), (-0.48110718, -0.8766618, -1.04524084e-7), (-0.54516417, -0.8383294, -1.4201252e-7), (-0.4811072, -0.8766618, -7.02979e-8), (-0.48110718, -0.8766618, -1.04524084e-7), (-0.54516417, -0.83832926, -1.02284176e-7), (-0.9700538, -0.24286148, -0.0037388082), (-0.8750531, -0.48396933, -0.007466739), (-0.99986905, -0.016152939, -0.0010183495), (1, -0.00004806328, 2.75082e-7), (1, -0.00004806328, 2.75082e-7), (1, -0.000046711357, 3.5206784e-7), (1, -0.000046711357, 3.5206784e-7), (-0.18706675, -0.9823472, -2.8958974e-8), (0, -1, 0), (0, -1, 0), (-0.18706684, -0.9823472, -4.1115797e-8), (0, -1, 0), (0, -1, 0), (0, -1, 5.2118274e-9), (0, -1, 5.21183e-9), (-1, 0, -2.7948482e-7), (-1, 0, -2.7948474e-7), (-1, 0, 0), (-1, 0, 0), (0.998087, 0, 0.061825186), (0.99666035, -0.006918483, 0.08136516), (0.99665666, 1.8507352e-8, 0.08170374), (0.998087, 0, 0.061825186), (-1, 0.00003783808, -2.794848e-7), (-1, 0.00003783808, -2.794848e-7), (-1, 0.00003189417, -7.698602e-8), (-1, 0.00003189417, -7.698602e-8), (0, -1, -1.3900173e-8), (0, -1, -1.3974055e-8), (0, -1, 0), (0, -1, 0), (-0.48110718, -0.8766618, -1.04524084e-7), (-0.18706684, -0.9823472, -4.1115797e-8), (-0.18706681, -0.9823472, -1.21568915e-8), (-0.48110732, -0.8766618, -3.422609e-8), (-0.54516417, -0.83832926, -1.02284176e-7), (-0.48110718, -0.8766618, -1.04524084e-7), (-0.48110732, -0.8766618, -3.422609e-8), (-0.54516417, -0.8383293, -2.204288e-8), (-0.50180656, -0.86497986, -7.618796e-8), (-0.54516417, -0.83832926, -1.02284176e-7), (-0.54516417, -0.8383293, -2.204288e-8), (-0.5018065, -0.8649799, 0), (1, -0.000046711357, 3.5206784e-7), (1, -0.000046711357, 3.5206784e-7), (1, -0.000040118204, 7.69859e-8), (1, -0.000040118204, 7.69859e-8), (-0.18706684, -0.9823472, -4.1115797e-8), (0, -1, 0), (0, -1, 0), (-0.18706681, -0.9823472, -1.21568915e-8), (0, -1, 5.21183e-9), (0, -1, 5.2118274e-9), (0, -1, 5.2118287e-9), (0, -1, 5.211828e-9), (0, -1, 0), (0, -1, 0), (0, -1, 0), (0, -1, 0), (-0.18706632, -0.9823473, -2.4173783e-8), (0, -1, 0), (0, -1, 0), (-0.18706675, -0.9823472, -2.8958974e-8), (1, -0.000050554205, 1.5308616e-7), (1, -0.000050554205, 1.5308616e-7), (1, -0.00004806328, 2.75082e-7), (1, -0.00004806328, 2.75082e-7), (-0.9999672, -0.008091652, 0.0002538314), (-0.87497616, -0.48392755, 0.015188573), (-0.8750531, -0.48396933, -0.007466739), (-0.9700538, -0.24286148, -0.0037388082), (-0.5451639, -0.83832943, -1.2458271e-7), (-0.48110697, -0.8766619, -6.144005e-8), (-0.4811072, -0.8766618, -7.02979e-8), (-0.54516417, -0.8383294, -1.4201252e-7), (-0.48110697, -0.8766619, -6.144005e-8), (-0.18706632, -0.9823473, -2.4173783e-8), (-0.18706675, -0.9823472, -2.8958974e-8), (-0.4811072, -0.8766618, -7.02979e-8), (0, -1, 0), (0, -1, 0), (0, -1, -1.42384495e-8), (0, -1, -1.3900119e-8), (-1, 0.000031140906, -2.14527e-7), (-1, 0.000031140906, -2.14527e-7), (-1, 0.00003204219, -1.37541e-7), (-1, 0.00003204219, -1.37541e-7), (0.91412836, -0.4053511, 0.0077304477), (0.9984434, -0.012165906, -0.054430302), (0.98008996, -0.19852076, 0.0036241126), (-0.99986905, -0.016152939, -0.0010183495), (-1, 0, 0), (-1, 0, -1.3695023e-7), (-0.9700538, -0.24286148, -0.0037388082), (0.9984434, -0.012165906, -0.054430302), (0.998458, -1.9637266e-8, -0.05551156), (1, 5.1402278e-8, -0.00006636777), (0.98008996, -0.19852076, 0.0036241126), (0.98008996, -0.19852076, 0.0036241126), (0.99666035, -0.006918483, 0.08136516), (0.91412836, -0.4053511, 0.0077304477), (-0.5018064, -0.8649799, -2.0064287e-7), (-0.54516417, -0.8383294, -1.4201252e-7), (-0.54516417, -0.83832926, -1.02284176e-7), (-0.50180656, -0.86497986, -7.618796e-8), (-0.5018057, -0.8649804, -1.7306546e-7), (-0.5018056, -0.86498034, -9.237482e-8), (-0.54516375, -0.8383296, -1.3214712e-7), (-0.5451639, -0.83832943, -1.2458271e-7), (-1, 0.000044783952, -5.589696e-7), (-1, 0.000044783952, -5.589696e-7), (-1, 0.00003783808, -2.794848e-7), (-1, 0.00003783808, -2.794848e-7), (0.99980134, 0, -0.019928804), (0.998087, 0, 0.061825186), (0.998087, 0, 0.061825186), (0.99980134, 0, -0.019928804), (-1, 0, -2.7948485e-7), (-1, 0, -2.7948477e-7), (-1, 0, -2.7948474e-7), (-1, 0, -2.7948482e-7), (0, -1, 0), (0, -1, 0), (0, -1, 0), (0, -1, 0), (-0.48110732, -0.8766618, -3.422609e-8), (-0.18706681, -0.9823472, -1.21568915e-8), (-0.18706623, -0.9823473, -4.413323e-8), (-0.48110712, -0.87666184, -1.1216888e-7), (-0.54516417, -0.8383293, -2.204288e-8), (-0.48110732, -0.8766618, -3.422609e-8), (-0.48110712, -0.87666184, -1.1216888e-7), (-0.5451647, -0.83832896, -1.2680498e-7), (-0.5018065, -0.8649799, 0), (-0.54516417, -0.8383293, -2.204288e-8), (-0.5451647, -0.83832896, -1.2680498e-7), (-0.5018068, -0.86497974, -1.1741838e-7), (1, -0.000040118204, 7.69859e-8), (1, -0.000040118204, 7.69859e-8), (1, -0.000030374087, 2.7948434e-7), (1, -0.000030374087, 2.7948434e-7), (-0.18706681, -0.9823472, -1.21568915e-8), (0, -1, 0), (0, -1, 0), (-0.18706623, -0.9823473, -4.413323e-8), (0, -1, 5.211828e-9), (0, -1, 5.2118287e-9), (0, -1, 0), (0, -1, 0), (-0.5018064, -0.8649799, -2.0064287e-7), (-0.5018057, -0.8649804, -1.7306546e-7), (-0.5451639, -0.83832943, -1.2458271e-7), (-0.54516417, -0.8383294, -1.4201252e-7), (0, -1, 0), (0, -1, 0), (0, -1, 0), (0, -1, 0), (-0.48110682, -0.876662, -1.405642e-7), (-0.18706632, -0.9823473, -5.4679795e-8), (-0.18706632, -0.9823473, -2.4173783e-8), (-0.48110697, -0.8766619, -6.144005e-8), (-0.54516375, -0.8383296, -1.3214712e-7), (-0.48110682, -0.876662, -1.405642e-7), (-0.48110697, -0.8766619, -6.144005e-8), (-0.5451639, -0.83832943, -1.2458271e-7), (0.99999994, -0.00004906037, 3.061723e-7), (0.99999994, -0.00004906037, 3.061723e-7), (1, -0.000050554205, 1.5308616e-7), (1, -0.000050554205, 1.5308616e-7), (-0.18706632, -0.9823473, -5.4679795e-8), (0, -1, 0), (0, -1, 0), (-0.18706632, -0.9823473, -2.4173783e-8), (0, -1, 0), (0, -1, 0), (0, -1, 0), (0, -1, 0), (-1, 0.00003204219, -1.37541e-7), (-1, 0.00003204219, -1.37541e-7), (-1, 0.00004187953, -1.530864e-7), (-1, 0.00004187953, -1.530864e-7), (0.9984434, -0.012165906, -0.054430302), (0.9988058, 0.00007312991, -0.04885562), (0.9988058, -5.2667886e-8, -0.04885556), (0.998458, -1.9637266e-8, -0.05551156), (0, 1, 0), (0, 1, 0), (0, 1, 0), (0, 1, 0), (0.48110712, 0.8766618, -1.0968588e-7), (0.18706621, 0.9823473, -2.9422173e-8), (0.17411149, 0.98472595, 0), (0.47273403, 0.88120514, 0), (0.5451646, 0.8383291, -1.3132666e-7), (0.48110712, 0.8766618, -1.0968588e-7), (0.47273403, 0.88120514, 0), (0.54671985, 0.8373156, 0), (0.50180656, 0.8649798, -1.02474175e-7), (0.5451646, 0.8383291, -1.3132666e-7), (0.54671985, 0.8373156, 0), (0.501806, 0.8649802, 0), (0, 1, 0), (0, 1, 0), (0, 1, 0), (0, 1, 0), (0.18706621, 0.9823473, -2.9422173e-8), (0, 1, 0), (0, 1, 0), (0.17411149, 0.98472595, 0), (-0.99997824, 0, 0.006597897), (-1, 0, 0), (-1, 0, 0), (-0.99997824, 0, 0.006597897), (0.9999672, 0.008091656, 0.00025383182), (1, 1.5575312e-15, -1.3695023e-7), (1, 3.1150623e-15, 0), (1, 6.2301243e-15, 0), (1, 0, 0), (1, 0, 0), (1, 0, -2.7948474e-7), (1, 0, -2.7948465e-7), (-1, 0, 0), (-0.99980134, 0, -0.019928802), (-0.99980134, 0, -0.019928804), (-1, 0, 0), (0, 1, 0), (0, 1, 0), (0, 1, 0), (0, 1, 0), (0.18706623, 0.9823473, -2.942215e-8), (0, 1, 0), (0, 1, 0), (0.18706621, 0.9823473, -2.9422173e-8), (-1, 0.00003037406, 2.7948383e-7), (-1, 0.00003037406, 2.7948383e-7), (-1, 0.000029855913, 5.5896766e-7), (-1, 0.000029855913, 5.5896766e-7), (0, 0, -1), (0, 0, -1), (0, 0, -1), (0, 0, -1), (0.50180674, 0.86497974, -1.0247422e-7), (0.5451647, 0.83832896, -1.3132669e-7), (0.5451646, 0.8383291, -1.3132666e-7), (0.50180656, 0.8649798, -1.02474175e-7), (0.5451647, 0.83832896, -1.3132669e-7), (0.48110712, 0.87666184, -1.09685836e-7), (0.48110712, 0.8766618, -1.0968588e-7), (0.5451646, 0.8383291, -1.3132666e-7), (0.48110712, 0.87666184, -1.09685836e-7), (0.18706623, 0.9823473, -2.942215e-8), (0.18706621, 0.9823473, -2.9422173e-8), (0.48110712, 0.8766618, -1.0968588e-7), (0, 1, -2.3413583e-7), (0, 1, -2.4279746e-7), (0, 1, 0), (0, 1, 0), (0, 1, 0), (0, 1, 0), (0, 1, 0), (0, 1, 0), (0.48110694, 0.87666196, -1.6449215e-7), (0.18706685, 0.98234713, -6.9727896e-8), (0.18706647, 0.9823473, -6.709573e-8), (0.48110694, 0.87666196, -1.5828303e-7), (0.5451635, 0.8383297, -1.3535076e-7), (0.48110694, 0.87666196, -1.6449215e-7), (0.48110694, 0.87666196, -1.5828303e-7), (0.54516363, 0.8383297, -1.4434174e-7), (0.50180596, 0.8649802, -8.0950755e-8), (0.5451635, 0.8383297, -1.3535076e-7), (0.54516363, 0.8383297, -1.4434174e-7), (0.5018054, 0.8649805, -1.0582044e-7), (0, 0, 1), (0, 0, 1), (0, 0, 1), (0, 0, 1), (0.18706685, 0.98234713, -6.9727896e-8), (0, 1, 0), (0, 1, 0), (0.18706647, 0.9823473, -6.709573e-8), (0, 1, 0), (0, 1, 0), (0, 1, 0), (0, 1, 0), (0.9700538, 0.24286154, -0.0037387973), (1, 0, -1.3695023e-7), (1, 1.5575312e-15, -1.3695023e-7), (0.9999672, 0.008091656, 0.00025383182), (-0.9988058, -0.00007312991, -0.04885562), (-0.99997824, 0, 0.006597897), (-0.99997824, 0, 0.006597897), (-0.9988058, 5.266788e-8, -0.048855558), (1, -0.00004187946, -1.5308592e-7), (1, -0.00004187946, -1.5308592e-7), (1, -0.000049060294, -3.0617184e-7), (1, -0.000049060294, -3.0617184e-7), (1, -0.00003189414, -7.698527e-8), (1, -0.00003189414, -7.698527e-8), (1, -0.000031140855, -2.1452693e-7), (1, -0.000031140855, -2.1452693e-7), (-0.99666035, 0.006918483, 0.08136516), (-0.98008996, 0.19852076, 0.0036240963), (-1, -5.1401507e-8, -0.00006636777), (-0.99665666, -1.8507352e-8, 0.08170374), (1, 0, 0), (1, 0, 0), (1, 0, 0), (0.99986905, 0.016152939, -0.0010183491), (0, 1, 0), (0, 1, 0), (0, 1, 0), (0, 1, 0), (0.4811072, 0.8766618, -6.0387315e-8), (0.18706675, 0.9823472, -2.8958974e-8), (0.18706684, 0.9823472, -4.5168097e-8), (0.48110718, 0.8766618, -1.03063634e-7), (0.54516417, 0.8383294, -1.4843967e-7), (0.4811072, 0.8766618, -6.0387315e-8), (0.48110718, 0.8766618, -1.03063634e-7), (0.54516417, 0.83832926, -7.667092e-8), (0.9700538, 0.24286154, -0.0037387973), (0.87505305, 0.48396945, -0.0074667195), (0.99986905, 0.016152939, -0.0010183491), (-1, 0.000048063193, 2.7508332e-7), (-1, 0.000048063193, 2.7508332e-7), (-1, 0.000046711288, 3.5206958e-7), (-1, 0.000046711288, 3.5206958e-7), (0.18706675, 0.9823472, -2.8958974e-8), (0, 1, 0), (0, 1, 0), (0.18706684, 0.9823472, -4.5168097e-8), (0, 1, 0), (0, 1, 0), (0, 1, 0), (0, 1, 0), (1, 0, -2.7948465e-7), (1, 0, -2.7948477e-7), (1, 0, 0), (1, 0, 0), (-0.998087, 0, 0.061825186), (-0.99666035, 0.006918483, 0.08136516), (-0.99665666, -1.8507352e-8, 0.08170374), (-0.998087, 0, 0.061825186), (1, -0.000037838035, -2.7948383e-7), (1, -0.000037838035, -2.7948383e-7), (1, -0.00003189414, -7.698527e-8), (1, -0.00003189414, -7.698527e-8), (0, 1, 0), (0, 1, 0), (0, 1, -2.2289728e-7), (0, 1, -2.341359e-7), (0.48110718, 0.8766618, -1.03063634e-7), (0.18706684, 0.9823472, -4.5168097e-8), (0.18706681, 0.9823472, -1.6209189e-8), (0.48110732, 0.8766618, -4.267625e-8), (0.54516417, 0.83832926, -7.667092e-8), (0.48110718, 0.8766618, -1.03063634e-7), (0.48110732, 0.8766618, -4.267625e-8), (0.54516417, 0.8383293, -2.6451454e-8), (0.50180656, 0.86497986, -3.6661877e-8), (0.54516417, 0.83832926, -7.667092e-8), (0.54516417, 0.8383293, -2.6451454e-8), (0.5018065, 0.8649799, 0), (-1, 0.000046711288, 3.5206958e-7), (-1, 0.000046711288, 3.5206958e-7), (-1, 0.00004011816, 7.6986254e-8), (-1, 0.00004011816, 7.6986254e-8), (0.18706684, 0.9823472, -4.5168097e-8), (0, 1, 0), (0, 1, 0), (0.18706681, 0.9823472, -1.6209189e-8), (0, 1, 0), (0, 1, 0), (0, 1, 0), (0, 1, 0), (0, 1, 0), (0, 1, 0), (0, 1, 0), (0, 1, 0), (0.18706636, 0.9823473, -3.2231707e-8), (0, 1, 0), (0, 1, 0), (0.18706675, 0.9823472, -2.8958974e-8), (-1, 0.000050554107, 1.5308689e-7), (-1, 0.000050554107, 1.5308689e-7), (-1, 0.000048063193, 2.7508332e-7), (-1, 0.000048063193, 2.7508332e-7), (0.9999672, 0.008091656, 0.00025383182), (0.87497616, 0.48392776, 0.015188599), (0.87505305, 0.48396945, -0.0074667195), (0.9700538, 0.24286154, -0.0037387973), (0.54516387, 0.8383295, -1.7488637e-7), (0.48110703, 0.87666184, -7.6037e-8), (0.4811072, 0.8766618, -6.0387315e-8), (0.54516417, 0.8383294, -1.4843967e-7), (0.48110703, 0.87666184, -7.6037e-8), (0.18706636, 0.9823473, -3.2231707e-8), (0.18706675, 0.9823472, -2.8958974e-8), (0.4811072, 0.8766618, -6.0387315e-8), (0, 1, 0), (0, 1, 0), (0, 1, 0), (0, 1, 0), (1, -0.000031140855, -2.1452693e-7), (1, -0.000031140855, -2.1452693e-7), (1, -0.000032042128, -1.3754166e-7), (1, -0.000032042128, -1.3754166e-7), (-0.91412836, 0.4053511, 0.007730413), (-0.9984434, 0.012165906, -0.054430302), (-0.98008996, 0.19852076, 0.0036240963), (0.99986905, 0.016152939, -0.0010183491), (1, 0, 0), (1, 0, -1.3695023e-7), (0.9700538, 0.24286154, -0.0037387973), (-0.9984434, 0.012165906, -0.054430302), (-0.998458, 1.9639586e-8, -0.05551156), (-1, -5.1401507e-8, -0.00006636777), (-0.98008996, 0.19852076, 0.0036240963), (-0.98008996, 0.19852076, 0.0036240963), (-0.99666035, 0.006918483, 0.08136516), (-0.91412836, 0.4053511, 0.007730413), (0.50180644, 0.8649799, -2.3210431e-7), (0.54516417, 0.8383294, -1.4843967e-7), (0.54516417, 0.83832926, -7.667092e-8), (0.50180656, 0.86497986, -3.6661877e-8), (0.50180566, 0.8649804, -2.593154e-7), (0.5018054, 0.8649805, -1.0582044e-7), (0.54516363, 0.8383297, -1.4434174e-7), (0.54516387, 0.8383295, -1.7488637e-7), (1, -0.00004478387, -5.5896766e-7), (1, -0.00004478387, -5.5896766e-7), (1, -0.000037838035, -2.7948383e-7), (1, -0.000037838035, -2.7948383e-7), (-0.99980134, 0, -0.019928802), (-0.998087, 0, 0.061825186), (-0.998087, 0, 0.061825186), (-0.99980134, 0, -0.019928804), (1, 0, -2.7948465e-7), (1, 0, -2.7948474e-7), (1, 0, -2.7948477e-7), (1, 0, -2.7948465e-7), (0, 1, -2.341359e-7), (0, 1, -2.2289728e-7), (0, 1, -2.4279746e-7), (0, 1, -2.3413583e-7), (0.48110732, 0.8766618, -4.267625e-8), (0.18706681, 0.9823472, -1.6209189e-8), (0.18706623, 0.9823473, -2.942215e-8), (0.48110712, 0.87666184, -1.09685836e-7), (0.54516417, 0.8383293, -2.6451454e-8), (0.48110732, 0.8766618, -4.267625e-8), (0.48110712, 0.87666184, -1.09685836e-7), (0.5451647, 0.83832896, -1.3132669e-7), (0.5018065, 0.8649799, 0), (0.54516417, 0.8383293, -2.6451454e-8), (0.5451647, 0.83832896, -1.3132669e-7), (0.50180674, 0.86497974, -1.0247422e-7), (-1, 0.00004011816, 7.6986254e-8), (-1, 0.00004011816, 7.6986254e-8), (-1, 0.00003037406, 2.7948383e-7), (-1, 0.00003037406, 2.7948383e-7), (0.18706681, 0.9823472, -1.6209189e-8), (0, 1, 0), (0, 1, 0), (0.18706623, 0.9823473, -2.942215e-8), (0, 1, 0), (0, 1, 0), (0, 1, 0), (0, 1, 0), (0.50180644, 0.8649799, -2.3210431e-7), (0.50180566, 0.8649804, -2.593154e-7), (0.54516387, 0.8383295, -1.7488637e-7), (0.54516417, 0.8383294, -1.4843967e-7), (0, 1, 0), (0, 1, 0), (0, 1, 0), (0, 1, 0), (0.48110694, 0.87666196, -1.5828303e-7), (0.18706647, 0.9823473, -6.709573e-8), (0.18706636, 0.9823473, -3.2231707e-8), (0.48110703, 0.87666184, -7.6037e-8), (0.54516363, 0.8383297, -1.4434174e-7), (0.48110694, 0.87666196, -1.5828303e-7), (0.48110703, 0.87666184, -7.6037e-8), (0.54516387, 0.8383295, -1.7488637e-7), (-1, 0.000049060294, 3.0617377e-7), (-1, 0.000049060294, 3.0617377e-7), (-1, 0.000050554107, 1.5308689e-7), (-1, 0.000050554107, 1.5308689e-7), (0.18706647, 0.9823473, -6.709573e-8), (0, 1, 0), (0, 1, 0), (0.18706636, 0.9823473, -3.2231707e-8), (0, 1, 0), (0, 1, 0), (0, 1, 0), (0, 1, 0), (1, -0.000032042128, -1.3754166e-7), (1, -0.000032042128, -1.3754166e-7), (1, -0.00004187946, -1.5308592e-7), (1, -0.00004187946, -1.5308592e-7), (-0.9984434, 0.012165906, -0.054430302), (-0.9988058, -0.00007312991, -0.04885562), (-0.9988058, 5.266788e-8, -0.048855558), (-0.998458, 1.9639586e-8, -0.05551156), (0, 1, 9.428382e-9), (0, 1, 0), (0, 1, 0), (0, 1, 1.3960992e-8), (-0.48110712, 0.87666184, -1.1779053e-7), (-0.4727339, 0.88120514, 0), (-0.17411147, 0.98472595, 0), (-0.1870662, 0.9823473, -3.5475278e-8), (-0.5451647, 0.838329, -1.3973838e-7), (-0.5467198, 0.8373156, 0), (-0.4727339, 0.88120514, 0), (-0.48110712, 0.87666184, -1.1779053e-7), (-0.5018067, 0.8649798, -1.08958034e-7), (-0.501806, 0.8649801, 0), (-0.5467198, 0.8373156, 0), (-0.5451647, 0.838329, -1.3973838e-7), (0, 1, -4.085716e-9), (0, 1, 0), (0, 1, 0), (0, 1, 9.428382e-9), (-0.1870662, 0.9823473, -3.5475278e-8), (-0.17411147, 0.98472595, 0), (0, 1, 0), (0, 1, -4.085716e-9), (0.99997824, 0, 0.006597897), (0.99997824, 0, 0.006597897), (1, 0, 0), (1, 0, 0), (-0.9999672, 0.008091656, 0.00025383165), (-1, 0, 0), (-1, -3.1150626e-15, 0), (-1, -1.5575313e-15, -1.3695023e-7), (-1, 0, 0), (-1, 0, -2.7948465e-7), (-1, 0, -2.7948477e-7), (-1, 0, 0), (1, 0, 0), (1, 0, 0), (0.99980134, 0, -0.019928804), (0.99980134, 0, -0.019928802), (0, 1, -3.597743e-8), (0, 1, -7.195485e-8), (0, 1, -7.195485e-8), (0, 1, -3.597742e-8), (-0.18706623, 0.9823473, -3.5475257e-8), (-0.1870662, 0.9823473, -3.5475278e-8), (0, 1, -4.085716e-9), (0, 1, -6.1285723e-9), (1, 0.00003037406, 2.7948383e-7), (1, 0.000029855913, 5.5896766e-7), (1, 0.000029855913, 5.5896766e-7), (1, 0.00003037406, 2.7948383e-7), (0, 0, -1), (0, 0, -1), (0, 0, -1), (0, 0, -1), (-0.50180686, 0.8649797, -1.08958076e-7), (-0.5018067, 0.8649798, -1.08958034e-7), (-0.5451647, 0.838329, -1.3973838e-7), (-0.5451647, 0.83832896, -1.3973838e-7), (-0.5451647, 0.83832896, -1.3973838e-7), (-0.5451647, 0.838329, -1.3973838e-7), (-0.48110712, 0.87666184, -1.1779053e-7), (-0.4811072, 0.8766618, -1.17790485e-7), (-0.4811072, 0.8766618, -1.17790485e-7), (-0.48110712, 0.87666184, -1.1779053e-7), (-0.1870662, 0.9823473, -3.5475278e-8), (-0.18706623, 0.9823473, -3.5475257e-8), (0, 1, -1.02925334e-7), (0, 1, 9.428382e-9), (0, 1, 1.3960992e-8), (0, 1, -1.0777933e-7), (0, 1, 1.0092199e-8), (0, 1, 1.1676614e-8), (0, 1, 7.3914452e-9), (0, 1, 0), (-0.48110694, 0.87666196, -1.7409573e-7), (-0.48110694, 0.87666196, -1.6752409e-7), (-0.18706647, 0.9823473, -7.3997604e-8), (-0.18706685, 0.98234713, -7.690053e-8), (-0.5451635, 0.8383297, -1.453182e-7), (-0.54516363, 0.8383297, -1.5020095e-7), (-0.48110694, 0.87666196, -1.6752409e-7), (-0.48110694, 0.87666196, -1.7409573e-7), (-0.50180596, 0.8649802, -8.863392e-8), (-0.5018054, 0.8649805, -1.0583268e-7), (-0.54516363, 0.8383297, -1.5020095e-7), (-0.5451635, 0.8383297, -1.453182e-7), (0, 0, 0.99999994), (0, 0, 0.99999994), (0, 0, 0.99999994), (0, 0, 0.99999994), (-0.18706685, 0.98234713, -7.690053e-8), (-0.18706647, 0.9823473, -7.3997604e-8), (0, 1, 2.069527e-9), (0, 1, 6.4611916e-9), (0, 1, 6.4611916e-9), (0, 1, 2.069527e-9), (0, 1, 1.1676614e-8), (0, 1, 1.0092199e-8), (-0.9700538, 0.24286151, -0.0037388), (-0.9999672, 0.008091656, 0.00025383165), (-1, -1.5575313e-15, -1.3695023e-7), (-1, 0, -1.3695023e-7), (0.9988058, -0.00007323524, -0.04885562), (0.9988058, -5.2667886e-8, -0.04885556), (0.99997824, 0, 0.006597897), (0.99997824, 0, 0.006597897), (-1, -0.00004187946, -1.5308592e-7), (-1, -0.000049060294, -3.0617184e-7), (-1, -0.000049060294, -3.0617184e-7), (-1, -0.00004187946, -1.5308592e-7), (-1, -0.00003189414, -7.698527e-8), (-1, -0.000031140855, -2.1452693e-7), (-1, -0.000031140855, -2.1452693e-7), (-1, -0.00003189414, -7.698527e-8), (0.99666035, 0.0069185183, 0.08136517), (0.99665666, 1.8507352e-8, 0.08170374), (1, 5.1402278e-8, -0.00006636777), (0.98008996, 0.19852082, 0.0036240963), (-1, 0, 0), (-0.99986905, 0.016152939, -0.0010183491), (-1, 0, 0), (-1, 0, 0), (0, 1, -4.9098173e-8), (0, 1, 6.1198837e-9), (0, 1, 6.235119e-9), (0, 1, -4.7226468e-8), (-0.4811072, 0.8766617, -6.32464e-8), (-0.48110723, 0.8766618, -1.0878738e-7), (-0.18706682, 0.98234713, -5.1125856e-8), (-0.1870668, 0.98234713, -3.4916763e-8), (-0.54516417, 0.8383294, -1.5199208e-7), (-0.54516417, 0.8383293, -8.3069125e-8), (-0.48110723, 0.8766618, -1.0878738e-7), (-0.4811072, 0.8766617, -6.32464e-8), (-0.9700538, 0.24286151, -0.0037388), (-0.99986905, 0.016152939, -0.0010183491), (-0.87505305, 0.48396945, -0.007466725), (1, 0.000048063193, 2.7508332e-7), (1, 0.000046711288, 3.5206958e-7), (1, 0.000046711288, 3.5206958e-7), (1, 0.000048063193, 2.7508332e-7), (-0.1870668, 0.98234713, -3.4916763e-8), (-0.18706682, 0.98234713, -5.1125856e-8), (0, 1, -6.032039e-9), (0, 1, -6.032012e-9), (0, 1, -3.5410736e-8), (0, 1, -3.5410718e-8), (0, 1, -3.5410736e-8), (0, 1, -3.541072e-8), (-1, 0, -2.7948465e-7), (-1, 0, 0), (-1, 0, 0), (-1, 0, -2.7948474e-7), (0.998087, 0, 0.061825186), (0.998087, 0, 0.061825186), (0.99665666, 1.8507352e-8, 0.08170374), (0.99666035, 0.0069185183, 0.08136517), (-1, -0.000037838035, -2.7948383e-7), (-1, -0.00003189414, -7.698527e-8), (-1, -0.00003189414, -7.698527e-8), (-1, -0.000037838035, -2.7948383e-7), (0, 1, 6.1198837e-9), (0, 1, -1.2484827e-7), (0, 1, -1.1960242e-7), (0, 1, 6.235119e-9), (-0.48110723, 0.8766618, -1.0878738e-7), (-0.48110732, 0.8766618, -4.554089e-8), (-0.18706681, 0.9823472, -1.6209189e-8), (-0.18706682, 0.98234713, -5.1125856e-8), (-0.54516417, 0.8383293, -8.3069125e-8), (-0.54516417, 0.83832926, -2.9297226e-8), (-0.48110732, 0.8766618, -4.554089e-8), (-0.48110723, 0.8766618, -1.0878738e-7), (-0.50180656, 0.8649798, -4.362116e-8), (-0.5018065, 0.8649799, 0), (-0.54516417, 0.83832926, -2.9297226e-8), (-0.54516417, 0.8383293, -8.3069125e-8), (1, 0.000046711288, 3.5206958e-7), (1, 0.00004011816, 7.6986254e-8), (1, 0.00004011816, 7.6986254e-8), (1, 0.000046711288, 3.5206958e-7), (-0.18706682, 0.98234713, -5.1125856e-8), (-0.18706681, 0.9823472, -1.6209189e-8), (0, 1, 0), (0, 1, -6.032039e-9), (0, 1, -3.5410718e-8), (0, 1, 0), (0, 1, 0), (0, 1, -3.5410736e-8), (0, 1, -1.9706464e-8), (0, 1, -3.5410736e-8), (0, 1, -3.541072e-8), (0, 1, -1.9706468e-8), (-0.18706639, 0.9823473, -3.5547266e-8), (-0.1870668, 0.98234713, -3.4916763e-8), (0, 1, -6.032012e-9), (0, 1, -3.3569032e-9), (1, 0.000050554107, 1.5308689e-7), (1, 0.000048063193, 2.7508332e-7), (1, 0.000048063193, 2.7508332e-7), (1, 0.000050554107, 1.5308689e-7), (-0.9999672, 0.008091656, 0.00025383165), (-0.9700538, 0.24286151, -0.0037388), (-0.87505305, 0.48396945, -0.007466725), (-0.87497616, 0.48392776, 0.015188588), (-0.54516387, 0.8383295, -1.7576183e-7), (-0.54516417, 0.8383294, -1.5199208e-7), (-0.4811072, 0.8766617, -6.32464e-8), (-0.48110703, 0.87666184, -8.047628e-8), (-0.48110703, 0.87666184, -8.047628e-8), (-0.4811072, 0.8766617, -6.32464e-8), (-0.1870668, 0.98234713, -3.4916763e-8), (-0.18706639, 0.9823473, -3.5547266e-8), (0, 1, -5.557533e-8), (0, 1, -4.9098173e-8), (0, 1, -4.7226468e-8), (0, 1, -5.7695257e-8), (-1, -0.000031140855, -2.1452693e-7), (-1, -0.000032042128, -1.3754166e-7), (-1, -0.000032042128, -1.3754166e-7), (-1, -0.000031140855, -2.1452693e-7), (0.91412836, 0.4053511, 0.007730413), (0.98008996, 0.19852082, 0.0036240963), (0.9984434, 0.012165863, -0.054430302), (-0.99986905, 0.016152939, -0.0010183491), (-0.9700538, 0.24286151, -0.0037388), (-1, 0, -1.3695023e-7), (-1, 0, 0), (0.9984434, 0.012165863, -0.054430302), (0.98008996, 0.19852082, 0.0036240963), (1, 5.1402278e-8, -0.00006636777), (0.998458, -1.9637266e-8, -0.05551156), (0.98008996, 0.19852082, 0.0036240963), (0.91412836, 0.4053511, 0.007730413), (0.99666035, 0.0069185183, 0.08136517), (-0.50180644, 0.8649799, -2.3926523e-7), (-0.50180656, 0.8649798, -4.362116e-8), (-0.54516417, 0.8383293, -8.3069125e-8), (-0.54516417, 0.8383294, -1.5199208e-7), (-0.5018056, 0.8649804, -2.5533922e-7), (-0.54516387, 0.8383295, -1.7576183e-7), (-0.54516363, 0.8383297, -1.5020095e-7), (-0.5018054, 0.8649805, -1.0583268e-7), (-1, -0.00004478387, -5.5896766e-7), (-1, -0.000037838035, -2.7948383e-7), (-1, -0.000037838035, -2.7948383e-7), (-1, -0.00004478387, -5.5896766e-7), (0.99980134, 0, -0.019928802), (0.99980134, 0, -0.019928804), (0.998087, 0, 0.061825186), (0.998087, 0, 0.061825186), (-1, 0, -2.7948465e-7), (-1, 0, -2.7948465e-7), (-1, 0, -2.7948474e-7), (-1, 0, -2.7948477e-7), (0, 1, -1.2484827e-7), (0, 1, -1.02925334e-7), (0, 1, -1.0777933e-7), (0, 1, -1.1960242e-7), (-0.48110732, 0.8766618, -4.554089e-8), (-0.4811072, 0.8766618, -1.17790485e-7), (-0.18706623, 0.9823473, -3.5475257e-8), (-0.18706681, 0.9823472, -1.6209189e-8), (-0.54516417, 0.83832926, -2.9297226e-8), (-0.5451647, 0.83832896, -1.3973838e-7), (-0.4811072, 0.8766618, -1.17790485e-7), (-0.48110732, 0.8766618, -4.554089e-8), (-0.5018065, 0.8649799, 0), (-0.50180686, 0.8649797, -1.08958076e-7), (-0.5451647, 0.83832896, -1.3973838e-7), (-0.54516417, 0.83832926, -2.9297226e-8), (1, 0.00004011816, 7.6986254e-8), (1, 0.00003037406, 2.7948383e-7), (1, 0.00003037406, 2.7948383e-7), (1, 0.00004011816, 7.6986254e-8), (-0.18706681, 0.9823472, -1.6209189e-8), (-0.18706623, 0.9823473, -3.5475257e-8), (0, 1, -6.1285723e-9), (0, 1, 0), (0, 1, 0), (0, 1, -3.597743e-8), (0, 1, -3.597742e-8), (0, 1, 0), (-0.50180644, 0.8649799, -2.3926523e-7), (-0.54516417, 0.8383294, -1.5199208e-7), (-0.54516387, 0.8383295, -1.7576183e-7), (-0.5018056, 0.8649804, -2.5533922e-7), (0, 1, 1.1676614e-8), (0, 1, -5.557533e-8), (0, 1, -5.7695257e-8), (0, 1, 7.3914452e-9), (-0.48110694, 0.87666196, -1.6752409e-7), (-0.48110703, 0.87666184, -8.047628e-8), (-0.18706639, 0.9823473, -3.5547266e-8), (-0.18706647, 0.9823473, -7.3997604e-8), (-0.54516363, 0.8383297, -1.5020095e-7), (-0.54516387, 0.8383295, -1.7576183e-7), (-0.48110703, 0.87666184, -8.047628e-8), (-0.48110694, 0.87666196, -1.6752409e-7), (1, 0.000049060294, 3.0617377e-7), (1, 0.000050554107, 1.5308689e-7), (1, 0.000050554107, 1.5308689e-7), (1, 0.000049060294, 3.0617377e-7), (-0.18706647, 0.9823473, -7.3997604e-8), (-0.18706639, 0.9823473, -3.5547266e-8), (0, 1, -3.3569032e-9), (0, 1, 2.069527e-9), (0, 1, -3.941293e-8), (0, 1, -1.9706464e-8), (0, 1, -1.9706468e-8), (0, 1, -3.941293e-8), (-1, -0.000032042128, -1.3754166e-7), (-1, -0.00004187946, -1.5308592e-7), (-1, -0.00004187946, -1.5308592e-7), (-1, -0.000032042128, -1.3754166e-7), (0.9984434, 0.012165863, -0.054430302), (0.998458, -1.9637266e-8, -0.05551156), (0.9988058, -5.2667886e-8, -0.04885556), (0.9988058, -0.00007323524, -0.04885562), (0, 0, 1), (0, 0, 1), (-3.8253046e-7, 0, 1), (-1.9126523e-7, 0, 1), (0, 0, 0.99999994), (0, 0, 1), (0, 0, 1), (0, 0, 1), (0, 0, -1), (1.9126523e-7, 0, -1), (3.8253046e-7, 0, -1), (0, 0, -1), (-3.669402e-7, 0, -0.99999994), (-1.8347012e-7, 0, -1), (-9.173505e-8, 0, -1), (-1.9474389e-7, 0, -1), (0.33084935, -0.9436836, 0), (0.09626746, -0.9953555, 4.743318e-9), (0.09626712, -0.9953516, -0.002757574), (0.33084908, -0.9436837, 0), (0.09626746, -0.9953555, 4.743318e-9), (0.08995311, -0.995946, 1.1438557e-8), (0.089951746, -0.99593097, -0.0055150166), (0.09626712, -0.9953516, -0.002757574), (-0.42400193, -0.9056613, 1.0150122e-7), (-0.42400193, -0.9056613, 0), (-0.42400193, -0.9056613, 0), (-0.41428474, -0.8849055, 0.21286218), (1, 0, 0), (1, 0, 0), (1, 0, 0), (1, 0, 0), (0.5410191, -0.84101033, 0), (0.33084935, -0.9436836, 0), (0.33084908, -0.9436837, 0), (0.5410185, -0.8410107, 0), (-1.9474389e-7, 0, -1), (-9.173505e-8, 0, -1), (1.9126523e-7, 0, -1), (0, 0, -1), (0, 0, 1), (0, 0, 1), (-1.9126523e-7, 0, 1), (0, 0, 1), (0, 0, 1), (0, 0, 1), (-4.1035585e-7, 0, 1), (-2.0517793e-7, 0, 1), (0, 0, 1), (0, 0, 1), (0, 0, 1), (0, 0, 1), (0, 0, 1), (0, 0, 1), (-2.0517793e-7, 0, 1), (0, 0, 1), (3.0681468e-7, 0, -1), (6.155338e-7, 0, -1), (0.0000012310676, 0, -1), (8.207118e-7, 0, -1), (0, 0, -0.99999994), (0, 0, -1), (0, 0, -1), (0, 0, -1), (0, 0, -1), (0, 0, -1), (6.155338e-7, 0, -1), (3.0681468e-7, 0, -1), (0.541019, -0.84101033, 0), (0.3308494, -0.9436836, 0), (0.33084938, -0.9436836, 0), (0.541019, -0.84101033, 0), (0.3308494, -0.9436836, 0), (0.101252444, -0.9948191, 0.009105235), (0.10391872, -0.9945584, 0.0073758946), (0.33084938, -0.9436836, 0), (0.101252444, -0.9948191, 0.009105235), (0.09883762, -0.9949239, 0.018909998), (0.105253704, -0.99433595, 0.014751375), (0.10391872, -0.9945584, 0.0073758946), (-0.4012155, -0.9062703, -0.13304228), (-0.39814505, -0.8993326, -0.18078005), (-0.40428227, -0.9132017, -0.051172234), (1, 0, 0), (1, 0, 0), (1, 0, 0), (1, 0, 0), (0, 0, 1), (0, 0, 0.99999994), (-4.5601904e-8, 0, 1), (-2.280095e-8, 0, 1), (0, 0, 1), (-3.337344e-8, 0, 1), (-6.3899414e-8, 0, 1), (0, 0, 1), (-3.337344e-8, 0, 1), (-8.519922e-8, 0, 1), (-1.2779883e-7, 0, 1), (-6.3899414e-8, 0, 1), (0, 0, -1), (0, 0, -1), (2.2617277e-15, 0, -1), (-3.337344e-8, 0, -1), (-3.337344e-8, 0, -1), (2.2617277e-15, 0, -1), (4.5234554e-15, 0, -1), (-8.519922e-8, 0, -1), (0, -1, 0), (0, -1, 0), (0, -1, 0), (0, -1, 0), (-1, 0, 0), (-1, 0, 0), (-1, 0, 0), (-1, 0, 0), (1, 0, 0), (1, 0, 0), (1, 0, 0), (1, 0, 0), (-1.8836566e-9, -8.312657e-9, -1), (-2.4214877e-9, -1.4135798e-16, -1), (-4.842976e-9, -2.8271599e-16, -1), (-4.8318425e-9, -6.2249046e-9, -0.99999994), (0, 0, 1), (0, 0, 1), (-2.280095e-8, 0, 1), (0, 0, 1), (0.5372545, -0.8434202, 0), (0.5372545, -0.8434202, 0), (0.5372545, -0.8434202, 0), (0.5372545, -0.8434202, 0), (0, -9.646565e-9, -1), (0, 0, -1), (-2.4214877e-9, -1.4135798e-16, -1), (-1.8836566e-9, -8.312657e-9, -1), (0, -1, 0), (0, -1, 0), (0, -1, 0), (0, -1, 0), (-1, 7.9445854e-8, 0), (-1, 3.9722927e-8, 0), (-1, 3.9722927e-8, 0), (-1, 7.9445854e-8, 0), (1, 0, 0), (1, 0, 0), (1, 0, 0), (1, 0, 0), (0.5410174, -0.84101146, 0), (0.33084846, -0.94368386, 0), (0.33084846, -0.94368386, 0), (0.5410174, -0.84101146, 0), (1, 0, 0), (1, 0, 0), (1, 0, 0), (1, 0, 0), (-1, 0, 0), (-1, 0, 0), (-1, 0, 0), (-1, 0, 0), (0.096011326, -0.9953803, 0), (0.08944044, -0.9959922, 0), (0.08944044, -0.9959922, 0), (0.096011326, -0.9953803, 0), (0.33084846, -0.94368386, 0), (0.096011326, -0.9953803, 0), (0.096011326, -0.9953803, 0), (0.33084846, -0.94368386, 0), (0.0063298387, -0.06557977, -0.99782723), (-0.017568288, -0.016951125, -0.999702), (-0.008055374, -0.035666887, -0.9993313), (0.006302413, -0.06546455, -0.99783504), (-0.0261571, 0, 0.99965787), (-0.017550034, -0.01695112, 0.9997023), (-0.008044617, -0.035666883, 0.9993314), (-0.0261571, 0, 0.99965787), (-0.017568288, -0.016951125, -0.999702), (-0.026161792, 0, -0.99965775), (-0.026161792, 0, -0.99965775), (-0.008055374, -0.035666887, -0.9993313), (0.03347602, -0.012295317, 0.9993639), (0.034021586, 0, 0.9994211), (0.034021586, 0, 0.9994211), (0.032621935, -0.031314805, 0.9989771), (0.0063256593, -0.06557977, 0.9978273), (0.0246269, -0.05510766, 0.99817663), (0.015531687, -0.062071703, 0.99795085), (0.006298388, -0.06546455, 0.99783504), (0.5378, -0.8430724, 0), (0.3286413, -0.94445485, 0), (0.3286413, -0.94445485, 0), (0.5378, -0.8430724, 0), (1, 0, 0), (0.99999994, 0, 0), (0.99999994, 0, 0), (1, 0, 0), (-1, 0, 0), (-1, 0, 0), (-1, 0, 0), (-1, 0, 0), (0.09521424, -0.99545676, 0), (0.088696964, -0.9960587, 0), (0.088696964, -0.9960587, 0), (0.09521424, -0.99545676, 0), (0.3286413, -0.94445485, 0), (0.09521424, -0.99545676, 0), (0.09521424, -0.99545676, 0), (0.3286413, -0.94445485, 0), (0.03345192, -0.012295315, -0.9993647), (0.024629274, -0.05510766, -0.99817663), (0.015537078, -0.0620717, -0.9979508), (0.032610107, -0.0313148, -0.99897736), (-0.017550034, -0.01695112, 0.9997023), (0.0063256593, -0.06557977, 0.9978273), (0.006298388, -0.06546455, 0.99783504), (-0.008044617, -0.035666883, 0.9993314), (0.024629274, -0.05510766, -0.99817663), (0.0063298387, -0.06557977, -0.99782723), (0.006302413, -0.06546455, -0.99783504), (0.015537078, -0.0620717, -0.9979508), (0.0246269, -0.05510766, 0.99817663), (0.03347602, -0.012295317, 0.9993639), (0.032621935, -0.031314805, 0.9989771), (0.015531687, -0.062071703, 0.99795085), (0.033989806, 0, -0.9994222), (0.03345192, -0.012295315, -0.9993647), (0.032610107, -0.0313148, -0.99897736), (0.033989806, 0, -0.9994222), (0, 0, 1), (0, 0, 1), (0, 0, 1), (0, 0, 1), (-1, 0, 0), (-1, 0, 0), (-1, 0, 0), (-1, 0, 0), (0, -1, 0), (0, -1, 0), (0, -1, 0), (0, -1, 0), (1, 0, 0), (1, 0, 0), (1, 0, 0), (1, 0, 0), (-1, 0, 0), (-1, 0, 0), (-1, 0, 0), (-1, 0, 0), (0.7448365, 0, -0.667247), (0.7448363, 0, -0.66724735), (0.7448363, 0, -0.66724735), (0.7448365, 0, -0.667247), (0.23665917, 0, -0.9715927), (0.23666081, 0, -0.9715924), (0.3691343, 0, -0.92937607), (0.36913428, 0, -0.92937607), (0, -1, -3.505478e-8), (0, -1, -2.8277194e-8), (0, -0.99999994, 4.2975055e-9), (0, -0.99999994, 4.2975055e-9), (0.99781865, 0, -0.066014186), (0.9978186, 0, -0.06601418), (0.9978186, 0, -0.06601418), (0.99781865, 0, -0.066014186), (-1, 0, 0), (-1, 0, 0), (-1, 0, 0), (-1, 0, 0), (-1, 0, 0), (-1, 0, 0), (-1, 0, 0), (-1, 0, 0), (-1, 0, 0), (-1, 0, 0), (-1, 0, 0), (-1, 0, 0), (0.7486921, 0, -0.662918), (0.74869204, 0, -0.6629179), (0.6300813, 0, -0.77652925), (0.63008064, 0, -0.7765297), (0.63008064, 0, -0.7765297), (0.6300813, 0, -0.77652925), (0.36913428, 0, -0.92937607), (0.3691343, 0, -0.92937607), (0, -1, -2.8277194e-8), (0, -1, -3.505478e-8), (0, -1, -1.4836024e-8), (0, -1, -3.0425944e-8), (0, -1, -3.0425944e-8), (0, -1, -1.4836024e-8), (0, -1, 0), (0, -1, 0), (0, -1, 0), (0, -1, 0), (0, -1, 0), (0, -1, 0), (0.5305666, -0.8476433, 0), (0.5305666, -0.8476433, 0), (0.5305666, -0.8476433, 0), (0.5305666, -0.8476433, 0), (0.54101956, -0.84101, 0), (0.33084965, -0.94368345, 0), (0.33084935, -0.9436836, 0), (0.5410191, -0.84101033, 0), (1, 0, 0), (1, 0, 0), (1, 0, 0), (1, 0, 0), (-0.41428474, -0.8849055, -0.21286218), (-0.42400193, -0.9056613, 0), (-0.42400193, -0.9056613, 0), (-0.42400193, -0.9056613, 1.0150122e-7), (0.096267074, -0.9953516, 0.0027575835), (0.08995174, -0.9959309, 0.0055150357), (0.08995311, -0.995946, 1.1438557e-8), (0.09626746, -0.9953555, 4.743318e-9), (0.33084965, -0.94368345, 0), (0.096267074, -0.9953516, 0.0027575835), (0.09626746, -0.9953555, 4.743318e-9), (0.33084935, -0.9436836, 0), (1, 0, 0), (1, 0, 0), (1, 0, 0), (1, 0, 0), (-1, 0, 0), (-1, 0, 0), (-1, 0, 0), (-1, 0, 0), (-1, 0, 0), (-1, 0, 0), (-1, 0, 0), (-1, 0, 0), (-0.9361024, -3.5276346e-7, -0.35172778), (-0.9361024, 1.7638149e-7, -0.35172766), (-0.9361024, 8.8190745e-8, -0.35172763), (-0.93610233, -1.7745342e-7, -0.35172766), (-0.9361024, -3.5276346e-7, -0.35172778), (0.098585024, -0.9950696, 0.01083455), (0.09457883, -0.9952816, 0.021667652), (0.09457883, -0.9952816, 0.021667652), (0.09883762, -0.9949239, 0.018909998), (0.101252444, -0.9948191, 0.009105235), (0.33084944, -0.94368356, 0), (0.098585024, -0.9950696, 0.01083455), (0.101252444, -0.9948191, 0.009105235), (0.3308494, -0.9436836, 0), (0.541019, -0.84101033, 0), (0.33084944, -0.94368356, 0), (0.3308494, -0.9436836, 0), (0.541019, -0.84101033, 0), (-0.3905044, -0.8820697, -0.26355127), (-0.39814505, -0.8993326, -0.18078005), (-0.4012155, -0.9062703, -0.13304228), (-0.9361024, 0, -0.35172758), (-0.93610233, -1.7745342e-7, -0.35172766), (-0.9361024, 8.8190745e-8, -0.35172763), (-0.93610245, 0, -0.3517276), (0, 0, 1), (1.9126523e-7, 0, 1), (3.8253046e-7, 0, 1), (0, 0, 1), (0, 0, 0.99999994), (0, 0, 1), (0, 0, 1), (0, 0, 1), (0, 0, -1), (0, 0, -1), (-3.8253046e-7, 0, -1), (-1.9126523e-7, 0, -1), (3.669402e-7, 0, -0.99999994), (1.9474389e-7, 0, -1), (9.173506e-8, 0, -1), (1.8347012e-7, 0, -1), (-0.33084938, -0.9436836, 0), (-0.33084908, -0.9436837, 0), (-0.09626709, -0.9953516, -0.0027575488), (-0.09626743, -0.9953555, 4.8915467e-9), (-0.09626743, -0.9953555, 4.8915467e-9), (-0.09626709, -0.9953516, -0.0027575488), (-0.0899517, -0.99593097, -0.005514966), (-0.089953035, -0.995946, 1.1438557e-8), (0.42400193, -0.9056613, 1.0150122e-7), (0.41428474, -0.8849055, 0.21286218), (0.42400193, -0.9056613, 0), (0.42400193, -0.9056613, 0), (-1, 0, 0), (-1, 0, 0), (-1, 0, 0), (-1, 0, 0), (-0.5410191, -0.84101033, 0), (-0.5410185, -0.8410107, 0), (-0.33084908, -0.9436837, 0), (-0.33084938, -0.9436836, 0), (1.9474389e-7, 0, -1), (0, 0, -1), (-1.9126523e-7, 0, -1), (9.173506e-8, 0, -1), (0, 0, 1), (0, 0, 1), (1.9126523e-7, 0, 1), (0, 0, 1), (0, 0, 1), (2.0517793e-7, 0, 1), (4.1035585e-7, 0, 1), (0, 0, 1), (0, 0, 1), (0, 0, 1), (0, 0, 1), (0, 0, 1), (0, 0, 1), (0, 0, 1), (2.0517793e-7, 0, 1), (0, 0, 1), (-3.0681468e-7, 0, -1), (-8.207118e-7, 0, -1), (-0.0000012310676, 0, -1), (-6.155338e-7, 0, -1), (0, 0, -0.99999994), (0, 0, -1), (0, 0, -1), (0, 0, -1), (0, 0, -1), (-3.0681468e-7, 0, -1), (-6.155338e-7, 0, -1), (0, 0, -1), (-0.541019, -0.84101033, 0), (-0.541019, -0.84101033, 0), (-0.33084938, -0.9436836, 0), (-0.3308494, -0.94368356, 0), (-0.3308494, -0.94368356, 0), (-0.33084938, -0.9436836, 0), (-0.10391869, -0.9945584, 0.0073759016), (-0.10125243, -0.9948191, 0.009105235), (-0.10125243, -0.9948191, 0.009105235), (-0.10391869, -0.9945584, 0.0073759016), (-0.10525366, -0.99433595, 0.014751389), (-0.0988376, -0.9949239, 0.018909996), (0.4012155, -0.9062703, -0.13304228), (0.40428227, -0.9132017, -0.051172234), (0.39814505, -0.8993326, -0.18078005), (-1, 0, 0), (-1, 0, 0), (-1, 0, 0), (-1, 0, 0), (0, 0, 1), (2.280095e-8, 0, 1), (4.5601904e-8, 0, 1), (0, 0, 0.99999994), (0, 0, 1), (0, 0, 1), (6.3899414e-8, 0, 1), (3.337344e-8, 0, 1), (3.337344e-8, 0, 1), (6.3899414e-8, 0, 1), (1.2779883e-7, 0, 1), (8.519922e-8, 0, 1), (0, 0, -1), (3.337344e-8, 0, -1), (-2.2617277e-15, 0, -1), (0, 0, -1), (3.337344e-8, 0, -1), (8.519922e-8, 0, -1), (-4.5234554e-15, 0, -1), (-2.2617277e-15, 0, -1), (0, -1, 0), (0, -1, 0), (0, -1, 0), (0, -1, 0), (1, 0, 0), (1, 0, 0), (1, 0, 0), (1, 0, 0), (-1, 0, 0), (-1, 0, 0), (-1, 0, 0), (-1, 0, 0), (1.8836566e-9, -8.312657e-9, -1), (4.8318425e-9, -6.2249046e-9, -0.99999994), (4.842976e-9, -2.8271599e-16, -1), (2.4214877e-9, 0, -1), (0, 0, 1), (0, 0, 1), (2.280095e-8, 0, 1), (0, 0, 1), (-0.53725445, -0.8434202, 0), (-0.53725445, -0.8434202, 0), (-0.53725445, -0.8434202, 0), (-0.53725445, -0.8434202, 0), (0, -9.646565e-9, -1), (1.8836566e-9, -8.312657e-9, -1), (2.4214877e-9, 0, -1), (0, 0, -1), (0, -1, 0), (0, -1, 0), (0, -1, 0), (0, -1, 0), (1, 0, 0), (1, 0, 0), (1, -3.972293e-8, 0), (1, -3.972293e-8, 0), (-1, 0, 0), (-1, 0, 0), (-1, 0, 0), (-1, 0, 0), (-0.5410174, -0.84101146, 0), (-0.5410174, -0.84101146, 0), (-0.33084846, -0.94368386, 0), (-0.33084846, -0.94368386, 0), (-1, 0, 0), (-1, 0, 0), (-1, 0, 0), (-1, 0, 0), (1, 0, 0), (1, 0, 0), (1, 0, 0), (1, 0, 0), (-0.096011326, -0.9953803, 0), (-0.096011326, -0.9953803, 0), (-0.08944044, -0.9959922, 0), (-0.08944044, -0.9959922, 0), (-0.33084846, -0.94368386, 0), (-0.33084846, -0.94368386, 0), (-0.096011326, -0.9953803, 0), (-0.096011326, -0.9953803, 0), (-0.006329631, -0.06557972, -0.99782723), (-0.006302237, -0.065464504, -0.997835), (0.008055009, -0.03566684, -0.9993313), (0.017568113, -0.016951099, -0.999702), (0.026162965, 0, 0.99965775), (0.026162965, 0, 0.99965775), (0.008046376, -0.035666786, 0.9993313), (0.017552104, -0.016951079, 0.9997023), (0.017568113, -0.016951099, -0.999702), (0.008055009, -0.03566684, -0.9993313), (0.026161792, 0, -0.99965775), (0.026161792, 0, -0.99965775), (-0.033472907, -0.012295318, 0.999364), (-0.032614, -0.031314805, 0.99897724), (-0.034021586, 0, 0.9994211), (-0.034021586, 0, 0.9994211), (-0.006325544, -0.06557976, 0.99782723), (-0.006298228, -0.065464534, 0.99783504), (-0.015528054, -0.062071774, 0.99795085), (-0.02461827, -0.055107694, 0.99817693), (-0.5378, -0.8430724, 0), (-0.5378, -0.8430724, 0), (-0.3286413, -0.94445485, 0), (-0.3286413, -0.94445485, 0), (-1, 0, 0), (-1, 0, 0), (-0.99999994, 0, 0), (-0.99999994, 0, 0), (1, 0, 0), (1, 0, 0), (1, 0, 0), (1, 0, 0), (-0.09521424, -0.99545676, 0), (-0.09521424, -0.99545676, 0), (-0.088696964, -0.9960587, 0), (-0.088696964, -0.9960587, 0), (-0.3286413, -0.94445485, 0), (-0.3286413, -0.94445485, 0), (-0.09521424, -0.99545676, 0), (-0.09521424, -0.99545676, 0), (-0.033455927, -0.012295312, -0.9993646), (-0.03262022, -0.031314794, -0.9989771), (-0.01554189, -0.06207169, -0.9979507), (-0.024640342, -0.055107653, -0.9981764), (0.017552104, -0.016951079, 0.9997023), (0.008046376, -0.035666786, 0.9993313), (-0.006298228, -0.065464534, 0.99783504), (-0.006325544, -0.06557976, 0.99782723), (-0.024640342, -0.055107653, -0.9981764), (-0.01554189, -0.06207169, -0.9979507), (-0.006302237, -0.065464504, -0.997835), (-0.006329631, -0.06557972, -0.99782723), (-0.02461827, -0.055107694, 0.99817693), (-0.015528054, -0.062071774, 0.99795085), (-0.032614, -0.031314805, 0.99897724), (-0.033472907, -0.012295318, 0.999364), (-0.03398959, 0, -0.9994222), (-0.03398959, 0, -0.9994222), (-0.03262022, -0.031314794, -0.9989771), (-0.033455927, -0.012295312, -0.9993646), (0, 0, 1), (0, 0, 1), (0, 0, 1), (0, 0, 1), (1, 0, 0), (1, 0, 0), (1, 0, 0), (1, 0, 0), (0, -1, 0), (0, -1, 0), (0, -1, 0), (0, -1, 0), (-1, 0, 0), (-1, 0, 0), (-1, 0, 0), (-1, 0, 0), (1, 0, 0), (1, 0, 0), (1, 0, 0), (1, 0, 0), (-0.7448365, 0, -0.667247), (-0.7448365, 0, -0.667247), (-0.7448363, 0, -0.66724735), (-0.7448363, 0, -0.66724735), (-0.23665917, 0, -0.9715927), (-0.36913428, 0, -0.92937607), (-0.3691343, 0, -0.92937607), (-0.23666081, 0, -0.9715924), (0, -1, -1.667655e-8), (0, -1, 4.2975032e-9), (0, -1, 4.2975032e-9), (0, -1, -1.3064221e-8), (-0.99781865, 0, -0.066014186), (-0.99781865, 0, -0.066014186), (-0.9978186, 0, -0.06601418), (-0.9978186, 0, -0.06601418), (1, 0, 0), (1, 0, 0), (1, 0, 0), (1, 0, 0), (1, 0, 0), (1, 0, 0), (1, 0, 0), (1, 0, 0), (1, 0, 0), (1, 0, 0), (1, 0, 0), (1, 0, 0), (-0.7486921, 0, -0.662918), (-0.63008064, 0, -0.7765297), (-0.6300813, 0, -0.77652925), (-0.74869204, 0, -0.6629179), (-0.63008064, 0, -0.7765297), (-0.3691343, 0, -0.92937607), (-0.36913428, 0, -0.92937607), (-0.6300813, 0, -0.77652925), (0, -1, -1.3064221e-8), (0, -1, -2.2177593e-8), (0, -1, -1.7951226e-8), (0, -1, -1.667655e-8), (0, -1, -2.2177593e-8), (0, -1, -6.96462e-9), (0, -1, -2.1066424e-9), (0, -1, -1.7951226e-8), (0, -1, 0), (0, -1, -2.1066424e-9), (0, -1, -6.96462e-9), (0, -1, 0), (-0.5305666, -0.8476433, 0), (-0.5305666, -0.8476433, 0), (-0.5305666, -0.8476433, 0), (-0.5305666, -0.8476433, 0), (-0.54101956, -0.84101, 0), (-0.5410191, -0.84101033, 0), (-0.33084938, -0.9436836, 0), (-0.33084965, -0.94368345, 0), (-1, 0, 0), (-1, 0, 0), (-1, 0, 0), (-1, 0, 0), (0.41428474, -0.8849055, -0.21286218), (0.42400193, -0.9056613, 1.0150122e-7), (0.42400193, -0.9056613, 0), (0.42400193, -0.9056613, 0), (-0.09626703, -0.99535173, 0.0027575588), (-0.09626743, -0.9953555, 4.8915467e-9), (-0.089953035, -0.995946, 1.1438557e-8), (-0.08995164, -0.9959309, 0.0055149854), (-0.33084965, -0.94368345, 0), (-0.33084938, -0.9436836, 0), (-0.09626743, -0.9953555, 4.8915467e-9), (-0.09626703, -0.99535173, 0.0027575588), (-1, 0, 0), (-1, 0, 0), (-1, 0, 0), (-1, 0, 0), (1, 0, 0), (1, 0, 0), (1, 0, 0), (1, 0, 0), (1, 0, 0), (1, 0, 0), (1, 0, 0), (1, 0, 0), (0.9361024, -7.055265e-7, -0.35172758), (0.9361024, -7.055265e-7, -0.35172758), (0.9361024, -3.5490663e-7, -0.35172755), (0.9361024, -8.8190745e-8, -0.35172763), (0.9361024, -1.7638149e-7, -0.35172766), (-0.09858503, -0.9950696, 0.010834542), (-0.10125243, -0.9948191, 0.009105235), (-0.0988376, -0.9949239, 0.018909996), (-0.09457885, -0.99528146, 0.021667637), (-0.09457885, -0.99528146, 0.021667637), (-0.33084944, -0.94368356, 0), (-0.3308494, -0.94368356, 0), (-0.10125243, -0.9948191, 0.009105235), (-0.09858503, -0.9950696, 0.010834542), (-0.541019, -0.84101033, 0), (-0.541019, -0.84101033, 0), (-0.3308494, -0.94368356, 0), (-0.33084944, -0.94368356, 0), (0.3905044, -0.8820697, -0.26355127), (0.4012155, -0.9062703, -0.13304228), (0.39814505, -0.8993326, -0.18078005), (0.9361024, 0, -0.35172758), (0.93610245, 0, -0.3517276), (0.9361024, -8.8190745e-8, -0.35172763), (0.9361024, -3.5490663e-7, -0.35172755), (-2.8601016e-7, 0, 1), (-1.9126523e-7, 0, 1), (-3.8253046e-7, 0, 1), (-7.650609e-7, 0, 1), (0, 0, 0.99999994), (0, 0, 1), (0, 0, 1), (0, 0, 1), (2.8601016e-7, 0, -1), (7.650609e-7, 0, -1), (3.8253046e-7, 0, -1), (1.9126523e-7, 0, -1), (0, 0, -0.99999994), (0, 0, -1), (-9.173505e-8, 0, -1), (-1.8347012e-7, 0, -1), (0.33084938, 0.9436836, 0), (0.33084908, 0.9436837, 0), (0.09626696, 0.99535173, -0.0027576145), (0.09626736, 0.9953555, 4.8915467e-9), (0.09626736, 0.9953555, 4.8915467e-9), (0.09626696, 0.99535173, -0.0027576145), (0.08995143, 0.99593097, -0.005515097), (0.089952886, 0.995946, 1.1671997e-8), (-0.42400193, 0.9056613, 1.0150122e-7), (-0.41428474, 0.8849055, 0.2128626), (-0.42400193, 0.9056613, 0), (-0.42400193, 0.9056613, 0), (1, 0, 0), (1, 0, 0), (0.99999994, 0, 0), (1, 0, 0), (0.5410191, 0.84101033, 0), (0.5410185, 0.8410107, 0), (0.33084908, 0.9436837, 0), (0.33084938, 0.9436836, 0), (0, 0, -1), (2.8601016e-7, 0, -1), (1.9126523e-7, 0, -1), (-9.173505e-8, 0, -1), (0, 0, 1), (0, 0, 1), (-1.9126523e-7, 0, 1), (-2.8601016e-7, 0, 1), (-3.0681463e-7, 0, 1), (-2.0517793e-7, 0, 1), (-4.1035585e-7, 0, 1), (-8.207117e-7, 0, 1), (0, 0, 1), (0, 0, 1), (0, 0, 1), (0, 0, 1), (0, 0, 1), (0, 0, 1), (-2.0517793e-7, 0, 1), (-3.0681463e-7, 0, 1), (6.1362925e-7, 0, -1), (0.0000016414234, 0, -1), (0.0000012310676, 0, -1), (6.155338e-7, 0, -1), (0, 0, -1), (0, 0, -1), (0, 0, -1), (0, 0, -1), (0, 0, -1), (6.1362925e-7, 0, -1), (6.155338e-7, 0, -1), (0, 0, -1), (0.541019, 0.84101033, 0), (0.541019, 0.84101033, 0), (0.33084938, 0.9436836, 0), (0.3308494, 0.94368356, 0), (0.3308494, 0.94368356, 0), (0.33084938, 0.9436836, 0), (0.10391869, 0.9945584, 0.007375722), (0.10125245, 0.9948191, 0.009105269), (0.10125245, 0.9948191, 0.009105269), (0.10391869, 0.9945584, 0.007375722), (0.105253644, 0.99433595, 0.01475103), (0.09883764, 0.9949239, 0.01891015), (-0.40121585, 0.9062702, -0.13304189), (-0.40428227, 0.9132017, -0.051172234), (-0.39814574, 0.89933246, -0.18077943), (1, 0, 0), (1, 0, 0), (1, 0, 0), (1, 0, 0), (-3.5555097e-8, 0, 1), (-2.280095e-8, 0, 1), (-4.5601904e-8, 0, 1), (-9.12038e-8, 0, 1), (0, 0, 1), (0, 0, 1), (-6.3899414e-8, 0, 1), (-6.6746885e-8, 0, 1), (-6.6746885e-8, 0, 1), (-6.3899414e-8, 0, 1), (-1.2779883e-7, 0, 1), (-1.7039847e-7, 0, 1), (0, 0, -1), (3.3373443e-8, 0, -1), (2.2617277e-15, 0, -1), (0, 0, -1), (3.3373443e-8, 0, -1), (8.519923e-8, 0, -1), (4.5234554e-15, 0, -1), (2.2617277e-15, 0, -1), (0, 1, 0), (0, 1, 0), (0, 1, 0), (0, 1, 0), (-1, 0, 0), (-1, 0, 0), (-1, 0, 0), (-1, 0, 0), (1, 0, 0), (1, 0, 0), (1, 0, 0), (1, 0, 0), (-1.8923365e-9, 8.312656e-9, -1), (-4.8541087e-9, 6.224904e-9, -1), (-4.842976e-9, -2.8271599e-16, -1), (-2.4214877e-9, -1.4135798e-16, -1), (0, 0, 1), (0, 0, 1), (-2.280095e-8, 0, 1), (-3.5555097e-8, 0, 1), (0.53725445, 0.8434202, 0), (0.53725445, 0.8434202, 0), (0.53725445, 0.8434202, 0), (0.53725445, 0.8434202, 0), (0, 9.646564e-9, -1), (-1.8923365e-9, 8.312656e-9, -1), (-2.4214877e-9, -1.4135798e-16, -1), (0, 0, -1), (0, 1, 0), (0, 1, 0), (0, 1, 0), (0, 1, 0), (-1, 0, 0), (-1, 0, 0), (-1, 3.9722927e-8, 0), (-1, 3.9722927e-8, 0), (1, 0, 0), (1, 0, 0), (1, 0, 0), (1, 0, 0), (0.5410174, 0.84101146, 0), (0.5410174, 0.84101146, 0), (0.33084846, 0.94368386, 0), (0.33084846, 0.94368386, 0), (1, 0, 0), (1, 0, 0), (1, 0, 0), (1, 0, 0), (-1, 0, 0), (-1, 0, 0), (-1, 0, 0), (-1, 0, 0), (0.096011326, 0.9953803, 0), (0.096011326, 0.9953803, 0), (0.08944044, 0.9959922, 0), (0.08944044, 0.9959922, 0), (0.33084846, 0.94368386, 0), (0.33084846, 0.94368386, 0), (0.096011326, 0.9953803, 0), (0.096011326, 0.9953803, 0), (0.006329284, 0.065579474, -0.9978273), (0.0063018794, 0.06546427, -0.99783504), (-0.00804458, 0.03566708, -0.9993313), (-0.017550098, 0.016951052, -0.9997022), (-0.0261571, 0, 0.99965787), (-0.0261571, 0, 0.99965787), (-0.008052055, 0.035666976, 0.9993313), (-0.017561864, 0.016951004, 0.99970204), (-0.017550098, 0.016951052, -0.9997022), (-0.00804458, 0.03566708, -0.9993313), (-0.026161792, 0, -0.99965775), (-0.026161792, 0, -0.99965775), (0.03347316, 0.01229539, 0.999364), (0.03261464, 0.031314842, 0.99897724), (0.034021586, 0, 0.9994211), (0.034021586, 0, 0.9994211), (0.0063255318, 0.06557967, 0.9978273), (0.0062982175, 0.065464444, 0.99783504), (0.015528374, 0.062071543, 0.997951), (0.024618978, 0.055107646, 0.9981768), (0.5378, 0.8430724, 0), (0.5378, 0.8430724, 0), (0.3286413, 0.94445485, 0), (0.3286413, 0.94445485, 0), (1, 0, 0), (1, 0, 0), (0.99999994, 0, 0), (0.99999994, 0, 0), (-1, 0, 0), (-1, 0, 0), (-1, 0, 0), (-1, 0, 0), (0.09521424, 0.99545676, 0), (0.09521424, 0.99545676, 0), (0.088696964, 0.9960587, 0), (0.088696964, 0.9960587, 0), (0.3286413, 0.94445485, 0), (0.3286413, 0.94445485, 0), (0.09521424, 0.99545676, 0), (0.09521424, 0.99545676, 0), (0.033456232, 0.0122953225, -0.9993646), (0.032620322, 0.03131468, -0.9989771), (0.015541803, 0.062071092, -0.99795073), (0.02464025, 0.055107307, -0.9981764), (-0.017561864, 0.016951004, 0.99970204), (-0.008052055, 0.035666976, 0.9993313), (0.0062982175, 0.065464444, 0.99783504), (0.0063255318, 0.06557967, 0.9978273), (0.02464025, 0.055107307, -0.9981764), (0.015541803, 0.062071092, -0.99795073), (0.0063018794, 0.06546427, -0.99783504), (0.006329284, 0.065579474, -0.9978273), (0.024618978, 0.055107646, 0.9981768), (0.015528374, 0.062071543, 0.997951), (0.03261464, 0.031314842, 0.99897724), (0.03347316, 0.01229539, 0.999364), (0.033989806, 0, -0.9994222), (0.033989806, 0, -0.9994222), (0.032620322, 0.03131468, -0.9989771), (0.033456232, 0.0122953225, -0.9993646), (0, 0, 1), (0, 0, 1), (0, 0, 1), (0, 0, 1), (-1, 0, 0), (-0.99999994, 0, 0), (-1, 0, 0), (-1, 0, 0), (0, 1, 0), (0, 1, -1.7061724e-7), (0, 1, -6.462679e-7), (0, 1, 0), (1, 0, 0), (1, 0, 0), (1, 0, 0), (1, 0, 0), (-1, 0, 0), (-1, 0, 0), (-1, 0, 0), (-1, 0, 0), (0.7448359, 0, -0.6672476), (0.7448359, 0, -0.6672476), (0.7448363, 0, -0.66724735), (0.7448363, 0, -0.66724735), (0.23665917, 0, -0.9715927), (0.36913428, 0, -0.92937607), (0.36913425, 0, -0.92937607), (0.23665753, 0, -0.97159314), (0, 1, 1.4702582e-7), (0, 1, 0), (0, 1, 0), (0, 1, 1.2170378e-7), (0.99781865, 0, -0.066014186), (0.99781865, 0, -0.066014186), (0.9978186, 0, -0.06601418), (0.9978186, 0, -0.06601418), (-1, 0, 0), (-1, 0, 0), (-1, 0, 0), (-1, 0, 0), (-1, 0, 0), (-1, 0, 0), (-1, 0, 0), (-1, 0, 0), (-1, 0, 0), (-1, 0, 0), (-1, 0, 0), (-1, 0, 0), (0.74869215, 0, -0.662918), (0.6300819, 0, -0.7765287), (0.6300813, 0, -0.77652925), (0.74869204, 0, -0.6629179), (0.6300819, 0, -0.7765287), (0.36913425, 0, -0.92937607), (0.36913428, 0, -0.92937607), (0.6300813, 0, -0.77652925), (0, 1, 1.2170378e-7), (0, 1, 1.2170378e-7), (0, 1, 5.9344096e-8), (0, 1, 1.4702582e-7), (0, 1, 1.2170378e-7), (0, 1, -6.462679e-7), (0, 1, -0.0000010970542), (0, 1, 5.9344096e-8), (0, 1, -1.7061724e-7), (0, 1, -0.0000010970542), (0, 1, -6.462679e-7), (0, 1, -6.462679e-7), (0.5305666, 0.8476433, 0), (0.5305666, 0.8476433, 0), (0.5305666, 0.8476433, 0), (0.5305666, 0.8476433, 0), (0.54101956, 0.84101, 0), (0.5410191, 0.84101033, 0), (0.33084938, 0.9436836, 0), (0.33084965, 0.94368345, 0), (1, 0, 0), (1, 0, 0), (1, 0, 0), (0.99999994, 0, 0), (-0.41428474, 0.8849055, -0.2128626), (-0.42400193, 0.9056613, 1.0150122e-7), (-0.42400193, 0.9056613, 0), (-0.42400193, 0.9056613, 0), (0.096267015, 0.99535173, 0.0027576243), (0.09626736, 0.9953555, 4.8915467e-9), (0.089952886, 0.995946, 1.1671997e-8), (0.089951605, 0.9959309, 0.0055151167), (0.33084965, 0.94368345, 0), (0.33084938, 0.9436836, 0), (0.09626736, 0.9953555, 4.8915467e-9), (0.096267015, 0.99535173, 0.0027576243), (1, 0, 0), (1, 0, 0), (1, 0, 0), (1, 0, 0), (-1, 0, 0), (-1, 0, 0), (-1, 0, 0), (-1, 0, 0), (-1, 0, 0), (-1, 0, 0), (-1, 0, 0), (-1, 0, 0), (-0.9361024, 7.055265e-7, -0.35172758), (-0.9361024, 7.055265e-7, -0.35172758), (-0.9361024, 3.5490663e-7, -0.35172755), (-0.9361024, 8.8190745e-8, -0.35172763), (-0.9361024, 1.7638149e-7, -0.35172766), (0.09858507, 0.9950696, 0.010834788), (0.10125245, 0.9948191, 0.009105269), (0.09883764, 0.9949239, 0.01891015), (0.09457891, 0.99528146, 0.021668129), (0.09457891, 0.99528146, 0.021668129), (0.33084944, 0.94368356, 0), (0.3308494, 0.94368356, 0), (0.10125245, 0.9948191, 0.009105269), (0.09858507, 0.9950696, 0.010834788), (0.541019, 0.84101033, 0), (0.541019, 0.84101033, 0), (0.3308494, 0.94368356, 0), (0.33084944, 0.94368356, 0), (-0.39050558, 0.8820696, -0.26355028), (-0.40121585, 0.9062702, -0.13304189), (-0.39814574, 0.89933246, -0.18077943), (-0.9361024, 0, -0.35172758), (-0.93610245, 0, -0.3517276), (-0.9361024, 8.8190745e-8, -0.35172763), (-0.9361024, 3.5490663e-7, -0.35172755), (2.8601016e-7, 0, 1), (7.650609e-7, 0, 1), (3.8253046e-7, 0, 1), (1.9126523e-7, 0, 1), (0, 0, 0.99999994), (0, 0, 1), (0, 0, 1), (0, 0, 1), (-2.8601016e-7, 0, -1), (-1.9126523e-7, 0, -1), (-3.8253046e-7, 0, -1), (-7.650609e-7, 0, -1), (0, 0, -0.99999994), (1.8347012e-7, 0, -1), (9.173506e-8, 0, -1), (0, 0, -1), (-0.33084935, 0.9436836, 0), (-0.09626739, 0.9953555, 4.743318e-9), (-0.09626696, 0.99535173, -0.0027575742), (-0.33084908, 0.9436837, 0), (-0.09626739, 0.9953555, 4.743318e-9), (-0.089952946, 0.995946, 1.1438557e-8), (-0.08995142, 0.99593097, -0.0055150166), (-0.09626696, 0.99535173, -0.0027575742), (0.42400193, 0.9056613, 1.0150122e-7), (0.42400193, 0.9056613, 0), (0.42400193, 0.9056613, 0), (0.41428474, 0.8849055, 0.2128626), (-1, 0, 0), (-1, 0, 0), (-0.99999994, 0, 0), (-1, 0, 0), (-0.5410191, 0.84101033, 0), (-0.33084935, 0.9436836, 0), (-0.33084908, 0.9436837, 0), (-0.5410185, 0.8410107, 0), (0, 0, -1), (9.173506e-8, 0, -1), (-1.9126523e-7, 0, -1), (-2.8601016e-7, 0, -1), (0, 0, 1), (2.8601016e-7, 0, 1), (1.9126523e-7, 0, 1), (0, 0, 1), (3.0681463e-7, 0, 1), (8.207117e-7, 0, 1), (4.1035585e-7, 0, 1), (2.0517793e-7, 0, 1), (0, 0, 1), (0, 0, 1), (0, 0, 1), (0, 0, 1), (0, 0, 1), (3.0681463e-7, 0, 1), (2.0517793e-7, 0, 1), (0, 0, 1), (-6.1362925e-7, 0, -1), (-6.155338e-7, 0, -1), (-0.0000012310676, 0, -1), (-0.0000016414234, 0, -1), (0, 0, -1), (0, 0, -1), (0, 0, -1), (0, 0, -1), (0, 0, -1), (0, 0, -1), (-6.155338e-7, 0, -1), (-6.1362925e-7, 0, -1), (-0.541019, 0.84101033, 0), (-0.3308494, 0.9436836, 0), (-0.33084938, 0.9436836, 0), (-0.541019, 0.84101033, 0), (-0.3308494, 0.9436836, 0), (-0.10125248, 0.9948191, 0.00910526), (-0.10391872, 0.9945584, 0.0073757023), (-0.33084938, 0.9436836, 0), (-0.10125248, 0.9948191, 0.00910526), (-0.098837696, 0.9949239, 0.018910136), (-0.105253704, 0.99433595, 0.014750991), (-0.10391872, 0.9945584, 0.0073757023), (0.40121585, 0.9062702, -0.13304189), (0.39814574, 0.89933246, -0.18077943), (0.40428227, 0.9132017, -0.051172234), (-1, 0, 0), (-1, 0, 0), (-1, 0, 0), (-1, 0, 0), (3.5555097e-8, 0, 1), (9.12038e-8, 0, 1), (4.5601904e-8, 0, 1), (2.280095e-8, 0, 1), (0, 0, 1), (6.6746885e-8, 0, 1), (6.3899414e-8, 0, 1), (0, 0, 1), (6.6746885e-8, 0, 1), (1.7039847e-7, 0, 1), (1.2779883e-7, 0, 1), (6.3899414e-8, 0, 1), (0, 0, -1), (0, 0, -1), (-2.2617277e-15, 0, -1), (-3.3373443e-8, 0, -1), (-3.3373443e-8, 0, -1), (-2.2617277e-15, 0, -1), (-4.5234554e-15, 0, -1), (-8.519923e-8, 0, -1), (0, 1, 0), (0, 1, 0), (0, 1, 0), (0, 1, 0), (1, 0, 0), (1, 0, 0), (1, 0, 0), (1, 0, 0), (-1, 0, 0), (-1, 0, 0), (-1, 0, 0), (-1, 0, 0), (1.8923365e-9, 8.312656e-9, -1), (2.4214877e-9, 0, -1), (4.842976e-9, -2.8271599e-16, -1), (4.8541087e-9, 6.224904e-9, -1), (0, 0, 1), (3.5555097e-8, 0, 1), (2.280095e-8, 0, 1), (0, 0, 1), (-0.5372545, 0.8434202, 0), (-0.5372545, 0.8434202, 0), (-0.5372545, 0.8434202, 0), (-0.5372545, 0.8434202, 0), (0, 9.646564e-9, -1), (0, 0, -1), (2.4214877e-9, 0, -1), (1.8923365e-9, 8.312656e-9, -1), (0, 1, 0), (0, 1, 0), (0, 1, 0), (0, 1, 0), (1, -7.944586e-8, 0), (1, -3.972293e-8, 0), (1, -3.972293e-8, 0), (1, -7.944586e-8, 0), (-1, 0, 0), (-1, 0, 0), (-1, 0, 0), (-1, 0, 0), (-0.5410174, 0.84101146, 0), (-0.33084846, 0.94368386, 0), (-0.33084846, 0.94368386, 0), (-0.5410174, 0.84101146, 0), (-1, 0, 0), (-1, 0, 0), (-1, 0, 0), (-1, 0, 0), (1, 0, 0), (1, 0, 0), (1, 0, 0), (1, 0, 0), (-0.096011326, 0.9953803, 0), (-0.08944044, 0.9959922, 0), (-0.08944044, 0.9959922, 0), (-0.096011326, 0.9953803, 0), (-0.33084846, 0.94368386, 0), (-0.096011326, 0.9953803, 0), (-0.096011326, 0.9953803, 0), (-0.33084846, 0.94368386, 0), (-0.0063298238, 0.06557964, -0.99782723), (0.017550098, 0.01695107, -0.9997023), (0.008044575, 0.03566711, -0.9993313), (-0.0063024, 0.065464444, -0.99783504), (0.026162965, 0, 0.99965775), (0.017568348, 0.016951071, 0.9997019), (0.008055332, 0.035667118, 0.9993312), (0.026162965, 0, 0.99965775), (0.017550098, 0.01695107, -0.9997023), (0.026161792, 0, -0.99965775), (0.026161792, 0, -0.99965775), (0.008044575, 0.03566711, -0.9993313), (-0.03347602, 0.0122953635, 0.9993639), (-0.034021586, 0, 0.9994211), (-0.034021586, 0, 0.9994211), (-0.03262194, 0.031314787, 0.9989771), (-0.006325644, 0.065579645, 0.9978273), (-0.024626885, 0.0551075, 0.99817663), (-0.015531649, 0.06207133, 0.99795085), (-0.0062983744, 0.065464444, 0.99783504), (-0.5378, 0.8430724, 0), (-0.3286413, 0.94445485, 0), (-0.3286413, 0.94445485, 0), (-0.5378, 0.8430724, 0), (-1, 0, 0), (-0.99999994, 0, 0), (-0.99999994, 0, 0), (-1, 0, 0), (1, 0, 0), (1, 0, 0), (1, 0, 0), (1, 0, 0), (-0.09521424, 0.99545676, 0), (-0.088696964, 0.9960587, 0), (-0.088696964, 0.9960587, 0), (-0.09521424, 0.99545676, 0), (-0.3286413, 0.94445485, 0), (-0.09521424, 0.99545676, 0), (-0.09521424, 0.99545676, 0), (-0.3286413, 0.94445485, 0), (-0.03345192, 0.012295363, -0.9993647), (-0.024629258, 0.0551075, -0.99817663), (-0.015537039, 0.062071327, -0.9979508), (-0.032610107, 0.03131478, -0.99897736), (0.017568348, 0.016951071, 0.9997019), (-0.006325644, 0.065579645, 0.9978273), (-0.0062983744, 0.065464444, 0.99783504), (0.008055332, 0.035667118, 0.9993312), (-0.024629258, 0.0551075, -0.99817663), (-0.0063298238, 0.06557964, -0.99782723), (-0.0063024, 0.065464444, -0.99783504), (-0.015537039, 0.062071327, -0.9979508), (-0.024626885, 0.0551075, 0.99817663), (-0.03347602, 0.0122953635, 0.9993639), (-0.03262194, 0.031314787, 0.9989771), (-0.015531649, 0.06207133, 0.99795085), (-0.03398959, 0, -0.9994222), (-0.03345192, 0.012295363, -0.9993647), (-0.032610107, 0.03131478, -0.99897736), (-0.03398959, 0, -0.9994222), (0, 0, 1), (0, 0, 1), (0, 0, 1), (0, 0, 1), (1, 0, 0), (1, 0, 0), (1, 0, 0), (0.99999994, 0, 0), (0, 1, 0), (0, 1, 0), (0, 1, -6.462679e-7), (0, 1, -1.7061724e-7), (-1, 0, 0), (-1, 0, 0), (-1, 0, 0), (-1, 0, 0), (1, 0, 0), (1, 0, 0), (1, 0, 0), (1, 0, 0), (-0.7448359, 0, -0.6672476), (-0.7448363, 0, -0.66724735), (-0.7448363, 0, -0.66724735), (-0.7448359, 0, -0.6672476), (-0.23665917, 0, -0.9715927), (-0.23665753, 0, -0.97159314), (-0.36913425, 0, -0.92937607), (-0.36913428, 0, -0.92937607), (0, 1, 0), (0, 1, 0), (0, 0.99999994, 0), (0, 0.99999994, 0), (-0.99781865, 0, -0.066014186), (-0.9978186, 0, -0.06601418), (-0.9978186, 0, -0.06601418), (-0.99781865, 0, -0.066014186), (1, 0, 0), (1, 0, 0), (1, 0, 0), (1, 0, 0), (1, 0, 0), (1, 0, 0), (1, 0, 0), (1, 0, 0), (1, 0, 0), (1, 0, 0), (1, 0, 0), (1, 0, 0), (-0.74869215, 0, -0.662918), (-0.74869204, 0, -0.6629179), (-0.6300813, 0, -0.77652925), (-0.6300819, 0, -0.7765287), (-0.6300819, 0, -0.7765287), (-0.6300813, 0, -0.77652925), (-0.36913428, 0, -0.92937607), (-0.36913425, 0, -0.92937607), (0, 1, 0), (0, 1, 0), (0, 1, 0), (0, 1, 0), (0, 1, 0), (0, 1, 0), (0, 1, -0.0000010970542), (0, 1, -6.462679e-7), (0, 1, -1.7061724e-7), (0, 1, -6.462679e-7), (0, 1, -6.462679e-7), (0, 1, -0.0000010970542), (-0.5305666, 0.8476433, 0), (-0.5305666, 0.8476433, 0), (-0.5305666, 0.8476433, 0), (-0.5305666, 0.8476433, 0), (-0.54101956, 0.84101, 0), (-0.33084965, 0.94368345, 0), (-0.33084935, 0.9436836, 0), (-0.5410191, 0.84101033, 0), (-1, 0, 0), (-0.99999994, 0, 0), (-1, 0, 0), (-1, 0, 0), (0.41428474, 0.8849055, -0.2128626), (0.42400193, 0.9056613, 0), (0.42400193, 0.9056613, 0), (0.42400193, 0.9056613, 1.0150122e-7), (-0.096267074, 0.9953516, 0.0027575835), (-0.08995174, 0.9959309, 0.0055150357), (-0.089952946, 0.995946, 1.1438557e-8), (-0.09626739, 0.9953555, 4.743318e-9), (-0.33084965, 0.94368345, 0), (-0.096267074, 0.9953516, 0.0027575835), (-0.09626739, 0.9953555, 4.743318e-9), (-0.33084935, 0.9436836, 0), (-1, 0, 0), (-1, 0, 0), (-1, 0, 0), (-1, 0, 0), (1, 0, 0), (1, 0, 0), (1, 0, 0), (1, 0, 0), (1, 0, 0), (1, 0, 0), (1, 0, 0), (1, 0, 0), (0.9361024, 3.5276346e-7, -0.35172778), (0.9361024, -1.7638149e-7, -0.35172766), (0.9361024, -8.8190745e-8, -0.35172763), (0.93610233, 1.7745342e-7, -0.35172766), (0.9361024, 3.5276346e-7, -0.35172778), (-0.098585084, 0.9950696, 0.010834789), (-0.09457897, 0.9952816, 0.021668132), (-0.09457897, 0.9952816, 0.021668132), (-0.098837696, 0.9949239, 0.018910136), (-0.10125248, 0.9948191, 0.00910526), (-0.33084944, 0.94368356, 0), (-0.098585084, 0.9950696, 0.010834789), (-0.10125248, 0.9948191, 0.00910526), (-0.3308494, 0.9436836, 0), (-0.541019, 0.84101033, 0), (-0.33084944, 0.94368356, 0), (-0.3308494, 0.9436836, 0), (-0.541019, 0.84101033, 0), (0.39050558, 0.8820696, -0.26355028), (0.39814574, 0.89933246, -0.18077943), (0.40121585, 0.9062702, -0.13304189), (0.9361024, 0, -0.35172758), (0.93610233, 1.7745342e-7, -0.35172766), (0.9361024, -8.8190745e-8, -0.35172763), (0.93610245, 0, -0.3517276), (0.03116438, -0.99532783, -0.091384985), (-1.0760477e-8, -0.9958116, -0.091429405), (-9.979453e-9, -0.9958116, -0.0914294), (0.03116438, -0.99532783, -0.091384985), (0.03116438, -0.99532783, -0.091384985), (0.26188582, -0.0029661478, 0.96509427), (0.28705883, -0.0100432215, 0.9578603), (0.27904344, -0.009125784, 0.96023506), (0.2619191, -0.0029577008, 0.96508527), (-0.64919096, -0.088170916, -0.7554978), (-0.75447166, -0.07718941, -0.65177786), (-0.84317833, -0.050063882, -0.53529805), (-0.610734, -0.056920137, -0.7897875), (-0.9571234, 0, -0.2896804), (-0.9610044, -0.020530451, -0.2757699), (-0.9606277, -0.018388174, -0.27722996), (-0.9571234, 0, -0.2896804), (-0.23082307, -0.027660789, -0.9726024), (-0.2556108, -0.010540515, -0.96672225), (-0.23175764, -0.005335749, -0.972759), (-0.25114694, -0.051579513, -0.9665737), (0.4713706, -0.8432259, -0.25841787), (0.2921891, -0.9426384, -0.1614263), (0.53030175, -0.81450015, -0.23530741), (0.49390155, -0.8413697, -0.21944983), (0.68070483, -0.009915724, 0.7324907), (0.6896622, -0.0071125343, 0.7240963), (0.68102, -0.0048531326, 0.7322488), (0.6872522, -0.013487145, 0.7262936), (0.21425132, -0.9422795, -0.2573045), (0.34781206, -0.843657, -0.40898603), (0.3227081, -0.8371421, -0.44164768), (0.34015155, -0.81465924, -0.46970975), (0.34015155, -0.81465924, -0.46970975), (0.034722537, -0.9957353, -0.085472204), (1.3276557e-8, -0.99633616, -0.085523784), (4.7464686e-9, -0.9960371, -0.08893916), (0.03512552, -0.9955001, -0.08801021), (0.21378545, -0.84366316, -0.49247155), (0, -0.8558417, -0.5172378), (0, -0.8353701, -0.549688), (0.2279071, -0.81338555, -0.53522176), (-0.9168933, -8.1529345e-7, 0.3991324), (-0.9168933, -8.1529345e-7, 0.3991324), (-0.8727984, -7.3801453e-7, 0.48808095), (-0.87281877, -4.997159e-8, 0.48804447), (-0.9168933, 0, 0.3991324), (-0.6909105, -0.10268131, -0.71561104), (-0.70230514, -0.11304011, -0.7028438), (-0.7110093, -0.12484082, -0.6920119), (-0.68965364, -0.09867994, -0.7173843), (-0.67391, 0, 0.7388135), (-0.67391, 0, 0.7388135), (-0.60484487, 5.244195e-8, 0.7963433), (-0.6039026, 1.7831542e-8, 0.7970581), (-0.67391, 3.5515196e-8, 0.73881346), (0.37670043, -0.017041016, 0.92617846), (0.26588765, -0.020956684, 0.96377623), (0.26633868, -0.019713083, 0.96367794), (0.30941546, -0.030999241, 0.9504216), (0.9485757, -0.037419982, 0.3143311), (0.9682, -0.042370345, 0.24656323), (0.9733314, -0.025918597, 0.22793458), (0.9425799, -0.028230216, 0.33278534), (-0.96700895, -0.018869486, -0.25404254), (-0.9685706, 0, -0.24873883), (-0.9685706, 0, -0.24873883), (-0.9674147, -0.014377397, -0.25278866), (-0.31622756, -0.043935187, -0.9476655), (-0.31874034, -0.034622416, -0.94720954), (-0.3227086, -0.032132085, -0.94595283), (-0.31562725, -0.044390213, -0.9478444), (0.08486755, -0.9956859, -0.03751008), (0.2921891, -0.9426384, -0.1614263), (0.08177763, -0.9956205, -0.045302108), (0.08609152, -0.9955627, -0.03798859), (0.7049436, -0.004884504, 0.7092466), (0.70770466, -0.009753867, 0.70644104), (0.70579004, -0.01350095, 0.7082924), (0.7076195, -0.0031918134, 0.70658654), (0.08609152, -0.9955627, -0.03798859), (0.08177763, -0.9956205, -0.045302108), (0.08292622, -0.9954916, -0.046041608), (0.08715695, -0.995454, -0.038405117), (0.20146608, -0.86712486, -0.45552808), (0, -0.88527703, -0.465064), (0, -0.8558417, -0.5172378), (0.21378545, -0.84366316, -0.49247155), (0.9534568, -0.03628384, 0.2993386), (0.9643192, -0.0380657, 0.26199102), (0.96401983, -0.038589776, 0.26301435), (0.91709393, -0.01647362, 0.3983306), (0.07355308, -0.99676985, -0.03224719), (0.06993843, -0.99679965, -0.038716294), (0.06981825, -0.9967998, -0.03893124), (0.07355308, -0.99676985, -0.03224719), (0.064475544, -0.99544376, -0.070246615), (0.05846825, -0.9954437, -0.075321235), (0.05753444, -0.99543816, -0.076109365), (0.064475544, -0.99544376, -0.070246615), (0.064475544, -0.99544376, -0.070246615), (0.3294682, 0.000027308082, -0.9441667), (0.3294682, 0.000027308082, -0.9441667), (0.3294682, 0.000027308082, -0.9441667), (0.3294682, 0.000027308082, -0.9441667), (-0.95753044, -0.02171379, -0.2875133), (-0.96700895, -0.018869486, -0.25404254), (-0.9674147, -0.014377397, -0.25278866), (-0.94881403, -0.013133972, -0.31556222), (-0.36125177, -0.000043195105, 0.93246835), (-0.36125177, -0.000043195105, 0.93246835), (-0.36125177, -0.000043195105, 0.93246835), (-0.36125177, -0.000043195105, 0.93246835), (0.69911516, -0.0043767686, 0.7149957), (0.7049436, -0.004884504, 0.7092466), (0.7076195, -0.0031918134, 0.70658654), (0.69843274, -0.0034100458, 0.7156676), (0.08177763, -0.9956205, -0.045302108), (0.2921891, -0.9426384, -0.1614263), (0.2607197, -0.94963753, -0.17382148), (0.07772009, -0.9955935, -0.052471288), (-0.2864401, -0.05579694, -0.956472), (-0.29777452, -0.063961916, -0.95249104), (-0.3054614, -0.07058795, -0.9495845), (-0.28549054, -0.054359365, -0.95683867), (0.03512552, -0.9955001, -0.08801021), (4.7464686e-9, -0.9960371, -0.08893916), (0, -0.99584746, -0.09103821), (0.035596963, -0.99521625, -0.090980515), (-0.96683526, -0.044036664, -0.25157574), (-0.9709162, -0.033820283, -0.237019), (-0.98600507, -0.0154853705, -0.16599442), (-0.966634, -0.04347967, -0.2524446), (0.6960073, 0, 0.7180346), (0.69911516, -0.0043767686, 0.7149957), (0.69843274, -0.0034100458, 0.7156676), (0.6960073, 0, 0.7180346), (-0.62848777, -0.00003984146, 0.7778194), (-0.62848896, -0.000039841514, 0.77781844), (-0.56362754, -0.00003661264, 0.826029), (-0.56362754, -0.00003661264, 0.826029), (-0.29777452, -0.063961916, -0.95249104), (-0.2924622, -0.085534126, -0.9524441), (-0.28522468, -0.08606788, -0.9545885), (-0.3054614, -0.07058795, -0.9495845), (0.028216163, -0.99663466, -0.07696244), (0, -0.9970316, -0.07699309), (0, -0.9970317, -0.0769931), (0.028216163, -0.99663466, -0.07696244), (8.9147903e-7, 0, 1), (8.9147903e-7, 0, 1), (8.9147903e-7, 0, 1), (8.9147903e-7, 0, 1), (-0.6761942, 0, -0.7367235), (-0.68300396, -0.03907295, -0.7293688), (-0.6862773, -0.06057264, -0.7248133), (-0.6761942, 0, -0.7367235), (-0.62848896, -0.000039841514, 0.77781844), (-0.62848777, -0.00003984146, 0.7778194), (-0.68924445, -0.000042810123, 0.72452885), (-0.68924445, -0.000042810123, 0.72452885), (0.873452, 0.000027670538, -0.48691025), (0.8734512, 0.000027670523, -0.48691174), (0.8223513, 0.000026886762, -0.5689803), (0.8223513, 0.000026886762, -0.5689803), (0.61143917, 0.000026917767, -0.79129136), (0.61144006, 0.000026917774, -0.79129076), (0.6786144, 0.000027393357, -0.73449475), (0.6786144, 0.000027393357, -0.73449475), (0.8734512, 0.000027670523, -0.48691174), (0.873452, 0.000027670538, -0.48691025), (0.91638815, 0.00002819567, -0.4002908), (0.91638815, 0.00002819567, -0.4002908), (0.26588765, -0.020956684, 0.96377623), (0.26188582, -0.0029661478, 0.96509427), (0.2619191, -0.0029577008, 0.96508527), (0.26633868, -0.019713083, 0.96367794), (0.97290826, -0.020401448, 0.23028968), (0.91685367, -0.018292755, 0.39880416), (0.95246416, -0.039940096, 0.30202132), (0.9683433, -0.031543534, 0.2476211), (0.9924533, 0.000022795959, -0.12262352), (0.9924533, 0.000022795959, -0.12262352), (0.9924533, 0.000022795959, -0.12262352), (0.9924533, 0.000022795959, -0.12262352), (0.61144006, 0.000026917774, -0.79129076), (0.61143917, 0.000026917767, -0.79129136), (0.5395334, 0.000026233889, -0.84196424), (0.5395334, 0.000026233889, -0.84196424), (-0.992435, 0, 0.12277127), (-0.99243504, 0, 0.12277127), (-0.99243504, 0, 0.12277127), (-0.992435, 0, 0.12277127), (-0.30709815, -0.93616956, 0.1711062), (-0.120020814, -0.9905346, 0.06660575), (0.07027214, -0.99629885, -0.049501758), (-0.87281877, -4.997159e-8, 0.48804447), (-0.8727984, -7.3801453e-7, 0.48808095), (-0.8201487, -6.5353555e-7, 0.5721504), (-0.8201487, -6.5353555e-7, 0.5721504), (-0.82014877, -9.9451114e-8, 0.57215035), (-0.5625569, -0.2230849, 0.7960922), (-0.57274926, -0.22402601, 0.7885243), (-0.6813752, -0.23212184, 0.6941522), (-0.6039026, 1.7831542e-8, 0.7970581), (-0.60484487, 5.244195e-8, 0.7963433), (-0.5288867, 1.05819154e-7, 0.84869254), (-0.5288867, 1.05819154e-7, 0.84869254), (-0.5288866, 0, 0.8486925), (-0.3155355, -6.3787056e-8, 0.9489138), (-0.31553546, -6.378705e-9, 0.94891375), (-0.31553546, -6.378705e-9, 0.94891375), (-0.3155355, -6.3787056e-8, 0.9489138), (-0.3155355, -6.3787056e-8, 0.9489138), (0.99178827, 0, -0.127891), (0.99178827, 0, -0.127891), (0.9917882, 0, -0.127891), (0.9917882, 0, -0.127891), (0.34781206, -0.843657, -0.40898603), (0.21425132, -0.9422795, -0.2573045), (0.24103108, -0.9385999, -0.24684846), (0.24448282, -0.9367721, -0.25037184), (0.37377974, -0.84612894, -0.3799401), (0.4713706, -0.8432259, -0.25841787), (0.55191493, -0.7774186, -0.30167887), (0.4245968, -0.8603276, -0.28205317), (0.45066756, -0.8411186, -0.29902884), (0.29559237, -0.86834115, -0.39825734), (0.3227081, -0.8371421, -0.44164768), (0.34781206, -0.843657, -0.40898603), (0.32358938, -0.87050086, -0.37083438), (0.32358938, -0.87050086, -0.37083438), (0.34781206, -0.843657, -0.40898603), (0.37377974, -0.84612894, -0.3799401), (0.3453016, -0.87125814, -0.34882092), (0.41127715, 0, -0.91151035), (0.41127715, 0, -0.91151035), (0.41127715, 0, -0.91151035), (0.41127715, 0, -0.91151035), (-0.61376417, -0.0604201, -0.787174), (-0.64919096, -0.088170916, -0.7554978), (-0.610734, -0.056920137, -0.7897875), (-0.6432376, -0.084779516, -0.76095843), (0.7175519, 0.0021607606, 0.69650173), (0.72675747, 0.009144708, 0.68683326), (0.7283531, 0.011212282, 0.68511033), (0.7170529, 0.0017047727, 0.69701666), (-0.7131928, -0.13272683, -0.68828744), (-0.7459888, -0.07876717, -0.6612839), (-0.7699743, -0.054929826, -0.6357061), (-0.71307635, -0.13261144, -0.68843037), (-0.8749328, -0.00003262448, 0.48424435), (-0.8749352, -0.00003262429, 0.48423994), (-0.8274545, -0.000035825757, 0.5615327), (-0.8274545, -0.000035825757, 0.5615327), (0.06981825, -0.9967998, -0.03893124), (0.06993843, -0.99679965, -0.038716294), (0.06619965, -0.996773, -0.045398094), (0.06619965, -0.996773, -0.045398094), (0.08292622, -0.9954916, -0.046041608), (0.08177763, -0.9956205, -0.045302108), (0.07772009, -0.9955935, -0.052471288), (0.0788416, -0.99545586, -0.053400204), (0.8773932, -5.7392004e-8, -0.47977203), (0.8774629, 3.449687e-7, -0.47964442), (0.91329694, 6.8644994e-7, -0.4072943), (0.91329694, 6.8644994e-7, -0.4072943), (0.91329694, -1.1440854e-7, -0.40729436), (0.05501942, -0.99675554, -0.05874811), (0.050412845, -0.9967463, -0.06289099), (0.04944298, -0.9967395, -0.0637627), (0.05501942, -0.99675554, -0.05874811), (0.6771238, -0.6389895, -0.3649599), (0.55191493, -0.7774186, -0.30167887), (0.46287417, -0.8624188, -0.20489356), (0.087316304, -0.9954526, -0.03807888), (0.082830675, -0.9954976, -0.04608448), (-0.120020814, -0.9905346, 0.06660575), (0.079428375, -0.9962583, -0.03406533), (0.087316304, -0.9954526, -0.03807888), (0.30727154, -0.07059963, 0.94899946), (0.37670043, -0.017041016, 0.92617846), (0.30941546, -0.030999241, 0.9504216), (0.38028038, -0.036659736, 0.9241444), (-0.2641872, 0, -0.96447146), (-0.27485195, -0.025765501, -0.9611413), (-0.14465448, -0.023012506, -0.98921454), (-0.017769359, 0, -0.99984217), (0.20228271, -0.06043988, 0.9774604), (0.30727154, -0.07059963, 0.94899946), (0.38028038, -0.036659736, 0.9241444), (0.05059237, -0.033596877, 0.9981541), (-0.9924958, -0.000015733389, 0.12227932), (-0.9924958, -0.000015733389, 0.12227932), (-0.9924958, -0.000015733389, 0.12227932), (-0.9924958, -0.000015733389, 0.12227932), (0.0799868, -0.9967471, -0.009870062), (0.0799868, -0.9967471, -0.009870062), (0.0799868, -0.9967471, -0.009870062), (0.0799868, -0.9967471, -0.009870062), (0.09467438, -0.9954394, -0.011712482), (0.094680235, -0.9954388, -0.011711562), (0.09485755, -0.9954222, -0.011683716), (0.09485755, -0.9954222, -0.011683716), (0.49933112, -0.86404866, -0.063940115), (0.49933112, -0.86404866, -0.063940115), (0.54659826, -0.83450824, -0.06947191), (0.54529244, -0.83537483, -0.06931933), (0.54529244, -0.83537483, -0.06931933), (0.54659826, -0.83450824, -0.06947191), (0.5841179, -0.8083022, -0.07385004), (0.5841179, -0.8083022, -0.07385004), (0.09446035, -0.9954593, -0.011746089), (0.09446035, -0.9954593, -0.011746089), (0.094680235, -0.9954388, -0.011711562), (0.09467438, -0.9954394, -0.011712482), (0.09485202, -0.99542236, -0.011727222), (0.09485202, -0.99542236, -0.011727222), (0.09485202, -0.99542236, -0.011727222), (0.09485202, -0.99542236, -0.011727222), (-0.9858152, -0.018908234, -0.16676556), (-0.9485231, -0.020975344, -0.31601268), (-0.9558514, -0.032814074, -0.29201254), (-0.9705476, -0.04090077, -0.23741211), (0.91685367, -0.018292755, 0.39880416), (0.9534568, -0.03628384, 0.2993386), (0.91709393, -0.01647362, 0.3983306), (0.95246416, -0.039940096, 0.30202132), (-0.9635423, -0.03686965, -0.26500344), (-0.9654074, -0.040706996, -0.2575493), (-0.96602875, -0.04226636, -0.25495487), (-0.9634437, -0.0364635, -0.26541817), (-0.8749352, -0.00003262429, 0.48423994), (-0.8749328, -0.00003262448, 0.48424435), (-0.91521436, -0.000029154571, 0.40296713), (-0.91521436, -0.000029154571, 0.40296713), (0.04944298, -0.9967395, -0.0637627), (0.050412845, -0.9967463, -0.06289099), (0.044815652, -0.9966837, -0.06791919), (0.044815652, -0.9966837, -0.06791919), (0.059284825, -0.9955942, -0.07264679), (0.058226004, -0.9958401, -0.07008772), (0.05295408, -0.99574494, -0.07541792), (0.052966803, -0.99574083, -0.075463735), (0.054084174, -0.99547607, -0.07811691), (0.059284825, -0.9955942, -0.07264679), (0.059785303, -0.9953852, -0.0750603), (0.0659532, -0.995425, -0.06913187), (0.0646176, -0.99563235, -0.06738532), (0.654966, 0, -0.7556583), (0.654966, 0, -0.7556583), (0.7057421, 0, -0.70846885), (0.7057421, 0, -0.70846885), (0.2921891, -0.9426384, -0.1614263), (0.4713706, -0.8432259, -0.25841787), (0.45066756, -0.8411186, -0.29902884), (0.2607197, -0.94963753, -0.17382148), (0.059785303, -0.9953852, -0.0750603), (0.059284825, -0.9955942, -0.07264679), (0.054084174, -0.99547607, -0.07811691), (0.05480843, -0.9953, -0.079836875), (-0.37404346, -0.84348637, -0.38551557), (-0.37165162, -0.83059263, -0.41471794), (-0.35841376, -0.9145933, -0.18723936), (-0.35926127, -0.9143217, -0.18694186), (-0.35742354, -0.7416801, -0.5675905), (-0.3606829, -0.7469871, -0.55849636), (-0.37165162, -0.83059263, -0.41471794), (-0.37404346, -0.84348637, -0.38551557), (-0.37163165, -0.7646641, -0.5264776), (-0.37163165, -0.7646641, -0.5264776), (-0.3606829, -0.7469871, -0.55849636), (-0.35742354, -0.7416801, -0.5675905), (-0.30010152, -0.93662894, -0.18073559), (-0.30010152, -0.93662894, -0.18073559), (-0.30010152, -0.93662894, -0.18073559), (-0.30010152, -0.93662894, -0.18073559), (-0.35926127, -0.9143217, -0.18694186), (-0.35841376, -0.9145933, -0.18723936), (-0.33752364, -0.92100644, -0.19448675), (-0.33752364, -0.92100644, -0.19448675), (-0.30035612, -0.94150025, -0.15285125), (-0.30035612, -0.94150025, -0.15285125), (-0.30035612, -0.94150025, -0.15285125), (-0.30035612, -0.94150025, -0.15285125), (-0.59828424, -0.00004139338, 0.801284), (-0.59828424, -0.00004139338, 0.801284), (-0.59828424, -0.00004139338, 0.801284), (-0.59828424, -0.00004139338, 0.801284), (0.8610396, 0, -0.508538), (0.8610396, 0, -0.508538), (0.8610396, 0, -0.508538), (0.8610396, 0, -0.508538), (0.18745123, 0, 0.9822739), (0.18745121, 0, 0.98227394), (0.18745121, 0, 0.98227394), (0.18745123, 0, 0.9822739), (0.38841256, 0.000025591213, -0.9214856), (0.5614949, 0.000020541798, -0.8274802), (0.5614949, 0.000020541798, -0.8274802), (0.38576764, 0.000025657739, -0.9225959), (-0.9709162, -0.033820283, -0.237019), (-0.9858152, -0.018908234, -0.16676556), (-0.9705476, -0.04090077, -0.23741211), (-0.98600507, -0.0154853705, -0.16599442), (0.9693104, -0.028293911, 0.24420612), (0.971607, -0.015703222, 0.23607878), (0.97188675, -0.014138876, 0.23502411), (0.9694009, -0.02797134, 0.24388424), (0.971607, -0.015703222, 0.23607878), (0.9742538, 0, 0.22545414), (0.9742538, 0, 0.22545414), (0.97188675, -0.014138876, 0.23502411), (-0.9610044, -0.020530451, -0.2757699), (-0.9635423, -0.03686965, -0.26500344), (-0.9634437, -0.0364635, -0.26541817), (-0.9606277, -0.018388174, -0.27722996), (-0.9485231, -0.020975344, -0.31601268), (-0.95753044, -0.02171379, -0.2875133), (-0.94881403, -0.013133972, -0.31556222), (-0.9558514, -0.032814074, -0.29201254), (0.9682368, -0.030249555, 0.24819824), (0.9693104, -0.028293911, 0.24420612), (0.9694009, -0.02797134, 0.24388424), (0.9678037, -0.031216105, 0.24976277), (0.921507, 0, 0.3883617), (0.9485757, -0.037419982, 0.3143311), (0.9425799, -0.028230216, 0.33278534), (0.921507, 0, 0.3883617), (0.9643192, -0.0380657, 0.26199102), (0.9682368, -0.030249555, 0.24819824), (0.9678037, -0.031216105, 0.24976277), (0.96401983, -0.038589776, 0.26301435), (0.9682, -0.042370345, 0.24656323), (0.97290826, -0.020401448, 0.23028968), (0.9683433, -0.031543534, 0.2476211), (0.9733314, -0.025918597, 0.22793458), (-0.9654074, -0.040706996, -0.2575493), (-0.96683526, -0.044036664, -0.25157574), (-0.966634, -0.04347967, -0.2524446), (-0.96602875, -0.04226636, -0.25495487), (-0.20252478, -0.9201921, -0.3350077), (-0.20252478, -0.9201921, -0.3350077), (-0.20252478, -0.9201921, -0.3350077), (-0.20252478, -0.9201921, -0.3350077), (-0.21154352, -0.8261932, -0.522163), (-0.18125021, -0.77737886, -0.60235405), (-0.23824346, -0.9064178, -0.34877902), (-0.23622805, -0.90700704, -0.34861812), (-0.1316671, -0.68279713, -0.7186458), (-0.14234704, -0.6980523, -0.70175517), (-0.18125021, -0.77737886, -0.60235405), (-0.21154352, -0.8261932, -0.522163), (-0.15454242, -0.71508425, -0.68174124), (-0.15454242, -0.71508425, -0.68174124), (-0.14234704, -0.6980523, -0.70175517), (-0.1316671, -0.68279713, -0.7186458), (-0.23622805, -0.90700704, -0.34861812), (-0.23824346, -0.9064178, -0.34877902), (-0.20963714, -0.91437846, -0.34635857), (-0.20963714, -0.91437846, -0.34635857), (-0.198321, -0.93538845, -0.29277498), (-0.198321, -0.93538845, -0.29277498), (-0.198321, -0.93538845, -0.29277498), (-0.198321, -0.93538845, -0.29277498), (-0.9445791, -0.000035579855, 0.32828388), (-0.9445791, -0.000035579855, 0.32828388), (-0.9445791, -0.000035579855, 0.32828388), (-0.9445791, -0.000035579855, 0.32828388), (0.9765615, 0, 0.21523845), (0.9765615, 0, 0.21523845), (0.97656155, 0, 0.21523845), (0.97656155, 0, 0.21523845), (-0.024739379, 0, 0.999694), (-0.024739373, 0, 0.99969393), (-0.024739373, 0, 0.99969393), (-0.024739379, 0, 0.999694), (0.7852591, 0.00002571317, -0.61916727), (0.8804692, 0.000019760426, -0.47410333), (0.8804692, 0.000019760426, -0.47410333), (0.7879314, 0.000025573592, -0.61576307), (0.70770466, -0.009753867, 0.70644104), (0.68070483, -0.009915724, 0.7324907), (0.6872522, -0.013487145, 0.7262936), (0.70579004, -0.01350095, 0.7082924), (-0.68300396, -0.03907295, -0.7293688), (-0.6909105, -0.10268131, -0.71561104), (-0.68965364, -0.09867994, -0.7173843), (-0.6862773, -0.06057264, -0.7248133), (-0.7459888, -0.07876717, -0.6612839), (-0.7679265, -0.06199545, -0.63753074), (-0.74906456, -0.082296565, -0.6573657), (-0.7699743, -0.054929826, -0.6357061), (-0.70230514, -0.11304011, -0.7028438), (-0.7131928, -0.13272683, -0.68828744), (-0.71307635, -0.13261144, -0.68843037), (-0.7110093, -0.12484082, -0.6920119), (0.6896622, -0.0071125343, 0.7240963), (0.7175519, 0.0021607606, 0.69650173), (0.7170529, 0.0017047727, 0.69701666), (0.68102, -0.0048531326, 0.7322488), (0.724632, 0.0066467295, 0.68910396), (0.7239807, 0.0025106773, 0.68981564), (0.7242252, 0.0039189514, 0.6895524), (0.7245244, 0.0063847066, 0.6892196), (-0.75447166, -0.07718941, -0.65177786), (-0.8255436, 0, -0.56433845), (-0.9414114, 0, -0.3372604), (-0.84317833, -0.050063882, -0.53529805), (-0.7679265, -0.06199545, -0.63753074), (-0.61376417, -0.0604201, -0.787174), (-0.6432376, -0.084779516, -0.76095843), (-0.74906456, -0.082296565, -0.6573657), (0.72675747, 0.009144708, 0.68683326), (0.724632, 0.0066467295, 0.68910396), (0.7245244, 0.0063847066, 0.6892196), (0.7283531, 0.011212282, 0.68511033), (0.7239807, 0.0025106773, 0.68981564), (0.7235336, 0, 0.69028914), (0.7235336, 0, 0.69028914), (0.7242252, 0.0039189514, 0.6895524), (-0.022975298, -0.9004858, -0.43427798), (-0.022975298, -0.9004858, -0.43427798), (-0.022975298, -0.9004858, -0.43427798), (-0.022975298, -0.9004858, -0.43427798), (0.03336547, -0.79762775, -0.6022264), (0.10733144, -0.7293388, -0.67568105), (-0.044536073, -0.88278174, -0.46766758), (-0.040013418, -0.8836262, -0.46648008), (0.19242604, -0.6320162, -0.75068486), (0.17454468, -0.6511442, -0.7386104), (0.10733144, -0.7293388, -0.67568105), (0.03336547, -0.79762775, -0.6022264), (0.15840814, -0.6678147, -0.7272761), (0.15840814, -0.6678147, -0.7272761), (0.17454468, -0.6511442, -0.7386104), (0.19242604, -0.6320162, -0.75068486), (-0.040013418, -0.8836262, -0.46648008), (-0.044536073, -0.88278174, -0.46766758), (-0.0072022434, -0.8891512, -0.45755705), (-0.0072022434, -0.8891512, -0.45755705), (-0.03937194, -0.9204582, -0.38885286), (-0.03937194, -0.9204582, -0.38885286), (-0.03937194, -0.9204582, -0.38885286), (-0.03937194, -0.9204582, -0.38885286), (-0.9893211, -0.0000051753022, -0.14575176), (-0.9893211, -0.0000051753022, -0.14575176), (-0.9893211, -0.0000051753022, -0.14575176), (-0.9893211, -0.0000051753022, -0.14575176), (0.6825916, 0, 0.7308001), (0.4223745, -0.006093984, 0.9064009), (0.51272255, 0, 0.85855436), (0.68259156, 0, 0.73080003), (-0.39626747, 0, 0.9181351), (-0.39626747, 0, 0.91813517), (-0.16154043, 0, 0.98686606), (0.05059237, -0.033596877, 0.9981541), (0.95369154, 0, 0.30078635), (0.95369154, 0, 0.30078635), (0.95369154, 0, 0.30078635), (0.95369154, 0, 0.30078635), (0.31375164, -0.014880544, 0.9493885), (0.31690148, -0.006842117, 0.94843376), (0.4223745, -0.006093984, 0.9064009), (0.31401265, -0.014487179, 0.94930834), (-0.2556108, -0.010540515, -0.96672225), (-0.27096134, -0.008842672, -0.96254957), (-0.2721634, -0.006086248, -0.9622318), (-0.23175764, -0.005335749, -0.972759), (-0.27096134, -0.008842672, -0.96254957), (-0.2748085, 0, -0.961499), (-0.2748085, 0, -0.961499), (-0.2721634, -0.006086248, -0.9622318), (0.31468555, -0.0136711355, 0.9490975), (0.31375164, -0.014880544, 0.9493885), (0.31401265, -0.014487179, 0.94930834), (0.31485516, -0.013532412, 0.9490432), (-0.2924622, -0.085534126, -0.9524441), (-0.31622756, -0.043935187, -0.9476655), (-0.31562725, -0.044390213, -0.9478444), (-0.28522468, -0.08606788, -0.9545885), (0.31690148, -0.006842117, 0.94843376), (0.31969038, 0, 0.94752204), (0.51272255, 0, 0.85855436), (0.4223745, -0.006093984, 0.9064009), (-0.27485195, -0.025765501, -0.9611413), (-0.2864401, -0.05579694, -0.956472), (-0.28549054, -0.054359365, -0.95683867), (-0.14465448, -0.023012506, -0.98921454), (0.28705883, -0.0100432215, 0.9578603), (0.31468555, -0.0136711355, 0.9490975), (0.31485516, -0.013532412, 0.9490432), (0.27904344, -0.009125784, 0.96023506), (0.082850054, 0, 0.996562), (0.20228271, -0.06043988, 0.9774604), (0.05059237, -0.033596877, 0.9981541), (-0.16154043, 0, 0.98686606), (-0.31874034, -0.034622416, -0.94720954), (-0.23082307, -0.027660789, -0.9726024), (-0.25114694, -0.051579513, -0.9665737), (-0.3227086, -0.032132085, -0.94595283), (0.24448282, -0.9367721, -0.25037184), (0.24103108, -0.9385999, -0.24684846), (0.058226004, -0.9958401, -0.07008772), (0.059284825, -0.9955942, -0.07264679), (0.0646176, -0.99563235, -0.06738532), (0.83528423, 0.00003807598, -0.5498184), (0.83528423, 0.00003807598, -0.5498184), (0.83528423, 0.00003807598, -0.5498184), (0.83528423, 0.00003807598, -0.5498184), (-0.75769025, 0, -0.65261436), (-0.75769025, 0, -0.6526144), (-0.75769025, 0, -0.6526144), (-0.75769025, 0, -0.65261436), (-0.14465448, -0.023012506, -0.98921454), (0.22974966, 0, -0.9732498), (0.22974965, 0, -0.97324973), (-0.017769359, 0, -0.99984217), (-0.9014254, -0.000035224773, 0.4329345), (-0.9014254, -0.000035224773, 0.4329345), (-0.9014254, -0.000035224773, 0.4329345), (-0.9014254, -0.000035224773, 0.4329345), (0.17320582, -0.9026246, 0.39404136), (0.17320582, -0.9026246, 0.39404136), (0.17320582, -0.9026246, 0.39404136), (0.17320582, -0.9026246, 0.39404136), (0.23573504, -0.8539513, 0.4638925), (0.23107815, -0.8599694, 0.45503345), (0.22351047, -0.86941695, 0.4406327), (0.22351047, -0.86941695, 0.4406327), (0.54589874, -0.58681357, 0.5980337), (0.54589874, -0.58681357, 0.5980337), (0.5812849, -0.5472378, 0.6021948), (0.5601759, -0.57125306, 0.5998941), (0.5601759, -0.57125306, 0.5998941), (0.5812849, -0.5472378, 0.6021948), (0.3686703, -0.7611809, 0.53355974), (0.50583714, -0.6370531, 0.58162886), (0.50583714, -0.6370531, 0.58162886), (0.3686703, -0.7611809, 0.53355974), (0.23107815, -0.8599694, 0.45503345), (0.23573504, -0.8539513, 0.4638925), (0.21059714, -0.87999296, 0.42574787), (0.21059714, -0.87999296, 0.42574787), (0.21059714, -0.87999296, 0.42574787), (0.21059714, -0.87999296, 0.42574787), (0.66902786, 0.0000307955, -0.74323726), (0.7852591, 0.00002571317, -0.61916727), (0.7879314, 0.000025573592, -0.61576307), (0.66902786, 0.0000307955, -0.74323726), (-0.84317833, -0.050063882, -0.53529805), (-0.9414114, 0, -0.3372604), (-0.99609715, 0, -0.08826386), (-0.9960971, 0, -0.08826385), (-0.16488451, 0, -0.9863128), (-0.16488451, 0, -0.9863128), (-0.16488451, 0, -0.9863129), (-0.16488451, 0, -0.9863129), (-0.50786114, -0.00005080584, 0.86143893), (-0.50786114, -0.00005080584, 0.86143893), (-0.50786114, -0.00005080584, 0.86143893), (-0.50786114, -0.00005080584, 0.86143893), (0.30423966, -0.9290356, 0.21054967), (0.30423966, -0.9290356, 0.21054967), (0.30423966, -0.9290356, 0.21054967), (0.30423966, -0.9290356, 0.21054967), (0.38930595, -0.88580006, 0.25258487), (0.38385472, -0.8894415, 0.24809147), (0.3731943, -0.8963557, 0.23931654), (0.3731943, -0.8963557, 0.23931654), (0.7348273, -0.64993316, 0.19394726), (0.7348273, -0.64993316, 0.19394726), (0.7705443, -0.61242664, 0.17662115), (0.7509765, -0.6334986, 0.18631619), (0.7509765, -0.6334986, 0.18631619), (0.7705443, -0.61242664, 0.17662115), (0.5494314, -0.80165786, 0.2355204), (0.6805444, -0.70384485, 0.20362139), (0.6805444, -0.70384485, 0.20362139), (0.5494314, -0.80165786, 0.2355204), (0.38385472, -0.8894415, 0.24809147), (0.38930595, -0.88580006, 0.25258487), (0.34246454, -0.9147494, 0.21436292), (0.34246454, -0.9147494, 0.21436292), (0.34246454, -0.9147494, 0.21436292), (0.34246454, -0.9147494, 0.21436292), (0.19797285, 0.000029689238, -0.9802075), (0.38841256, 0.000025591213, -0.9214856), (0.38576764, 0.000025657739, -0.9225959), (0.19797285, 0.000029689238, -0.9802075), (-0.7850036, 0, 0.6194912), (-0.7850036, 0, 0.61949116), (-0.7850036, 0, 0.61949116), (-0.7850036, 0, 0.6194912), (-0.35587388, 0, -0.9345341), (-0.35587388, 0, -0.9345341), (-0.3558739, 0, -0.93453395), (-0.3558739, 0, -0.93453395), (-0.11232962, -0.000041621046, 0.993671), (-0.11232962, -0.000041621046, 0.993671), (-0.11232962, -0.000041621046, 0.993671), (-0.11232962, -0.000041621046, 0.993671), (0.37459466, -0.9265035, 0.035640292), (0.37459466, -0.9265035, 0.035640292), (0.37459466, -0.9265035, 0.035640292), (0.37459466, -0.9265035, 0.035640292), (0.42979035, -0.9025707, 0.025425237), (0.4267869, -0.9040551, 0.023176882), (0.41660777, -0.90895265, 0.0155922165), (0.41660777, -0.90895265, 0.0155922165), (0.38783595, -0.92171603, 0.0047938307), (0.38783595, -0.92171603, 0.0047938307), (0.38783595, -0.92171603, 0.0047938307), (0.38783595, -0.92171603, 0.0047938307), (0.65465313, -0.7190327, -0.23328362), (0.65465313, -0.7190327, -0.23328362), (0.66973215, -0.69086343, -0.27233553), (0.6642868, -0.7016151, -0.25779694), (0.6642868, -0.7016151, -0.25779694), (0.66973215, -0.69086343, -0.27233553), (0.5517697, -0.8274743, -0.10409832), (0.5999953, -0.78153163, -0.17092067), (0.5999953, -0.78153163, -0.17092067), (0.5517697, -0.8274743, -0.10409832), (0.4267869, -0.9040551, 0.023176882), (0.42979035, -0.9025707, 0.025425237), (0.8357494, 0, -0.54911095), (0.8774629, 3.449687e-7, -0.47964442), (0.8773932, -5.7392004e-8, -0.47977203), (0.83574945, 0, -0.54911095), (0.6010428, 0, -0.7992168), (0.654966, 0, -0.7556583), (0.654966, 0, -0.7556583), (0.60104287, 0, -0.79921687), (-0.43985024, -0.20978415, 0.87322533), (-0.57274926, -0.22402601, 0.7885243), (-0.5625569, -0.2230849, 0.7960922), (0.051364917, -0.99536425, -0.08131177), (0.05753444, -0.99543816, -0.076109365), (0.05846825, -0.9954437, -0.075321235), (0.051364917, -0.99536425, -0.08131177), (0.051364917, -0.99536425, -0.08131177), (-0.2696837, -0.8937647, 0.35840684), (-0.057060115, -0.8875571, 0.45715037), (-0.22459374, -0.8966168, 0.38162273), (-0.42167148, -0.8656083, 0.27002853), (-0.2696837, -0.8937647, 0.35840684), (-0.22459374, -0.8966168, 0.38162273), (0.079428375, -0.9962583, -0.03406533), (-0.120020814, -0.9905346, 0.06660575), (-0.30709815, -0.93616956, 0.1711062), (0.07027214, -0.99629885, -0.049501758), (-0.120020814, -0.9905346, 0.06660575), (0.082830675, -0.9954976, -0.04608448), (0.07820633, -0.9954562, -0.05432057), (0.07820633, -0.9954562, -0.05432057), (0.05295408, -0.99574494, -0.07541792), (0.058226004, -0.9958401, -0.07008772), (0.21425132, -0.9422795, -0.2573045), (0.058226004, -0.9958401, -0.07008772), (0.24103108, -0.9385999, -0.24684846), (0.21425132, -0.9422795, -0.2573045), (-0.11684118, -0.8860302, 0.44866315), (0, -0.89214087, 0.45175743), (0, -0.89214087, 0.45175743), (0.46287417, -0.8624188, -0.20489356), (0.55191493, -0.7774186, -0.30167887), (0.4713706, -0.8432259, -0.25841787), (0.49390155, -0.8413697, -0.21944983), (0.4523765, -0.8688005, -0.2013482), (0.4245968, -0.8603276, -0.28205317), (0.55191493, -0.7774186, -0.30167887), (0.6771238, -0.6389895, -0.3649599), (-0.031164402, -0.99532783, -0.091384985), (-0.031164402, -0.99532783, -0.091384985), (-0.031164402, -0.99532783, -0.091384985), (-9.979453e-9, -0.9958116, -0.0914294), (-1.0760477e-8, -0.9958116, -0.091429405), (-0.26189175, -0.0029654736, 0.9650927), (-0.26192504, -0.0029570293, 0.9650837), (-0.27904478, -0.009123724, 0.96023476), (-0.2870598, -0.010041045, 0.95786), (0.64919686, -0.08816801, -0.7554931), (0.61074454, -0.05691854, -0.7897793), (0.84317833, -0.050062135, -0.53529817), (0.7544718, -0.07718671, -0.6517781), (0.9571234, 0, -0.2896804), (0.9571234, 0, -0.2896804), (0.96062756, -0.018388137, -0.2772303), (0.96100426, -0.02053041, -0.27577028), (0.23082367, -0.027660215, -0.97260237), (0.25114805, -0.051578864, -0.9665735), (0.23175764, -0.005335328, -0.972759), (0.2556108, -0.010540158, -0.96672225), (-0.47137055, -0.8432259, -0.25841787), (-0.4939015, -0.8413698, -0.21944991), (-0.53030187, -0.81450003, -0.23530754), (-0.29218906, -0.94263834, -0.16142632), (-0.68069214, -0.009916315, 0.73250246), (-0.68724346, -0.013488102, 0.72630197), (-0.6810073, -0.004852554, 0.7322605), (-0.68965447, -0.007111882, 0.7241036), (-0.21425128, -0.9422795, -0.25730446), (-0.34015155, -0.8146592, -0.46970978), (-0.34015155, -0.8146592, -0.46970978), (-0.3227081, -0.837142, -0.4416477), (-0.34781203, -0.8436571, -0.408986), (-0.03472251, -0.9957353, -0.085472204), (-0.035125505, -0.9955001, -0.08801021), (4.7464686e-9, -0.9960371, -0.08893916), (1.3276557e-8, -0.99633616, -0.085523784), (-0.21378545, -0.84366316, -0.49247155), (-0.2279071, -0.81338555, -0.53522176), (0, -0.8353701, -0.549688), (0, -0.8558417, -0.5172378), (0.9168933, -8.1529345e-7, 0.39913243), (0.9168933, 0, 0.3991324), (0.87281877, 4.9971618e-8, 0.4880444), (0.87279844, -6.3802946e-7, 0.48808086), (0.9168933, -8.1529345e-7, 0.39913243), (0.69091463, -0.1026818, -0.71560705), (0.6896576, -0.098679475, -0.7173805), (0.71101063, -0.12484193, -0.6920103), (0.7023075, -0.11304025, -0.70284146), (0.67391014, -7.10304e-8, 0.7388134), (0.67391, -3.5515196e-8, 0.73881346), (0.6039026, -1.7831542e-8, 0.79705817), (0.6048449, 1.6317143e-8, 0.79634327), (0.67391014, -7.10304e-8, 0.7388134), (-0.3766835, -0.017040906, 0.92618525), (-0.30940855, -0.030999508, 0.9504238), (-0.2663439, -0.019713532, 0.9636765), (-0.26589265, -0.02095714, 0.96377486), (-0.94857454, -0.0374204, 0.3143344), (-0.94257826, -0.028230535, 0.33279002), (-0.9733314, -0.025918888, 0.22793457), (-0.9682, -0.04237081, 0.2465632), (0.96700895, -0.01886962, -0.2540426), (0.9674147, -0.014377498, -0.25278866), (0.9685706, 0, -0.24873883), (0.9685706, 0, -0.24873883), (0.31621876, -0.043934546, -0.94766843), (0.3156186, -0.044389587, -0.9478473), (0.32270005, -0.03213109, -0.9459557), (0.3187325, -0.03462144, -0.94721216), (-0.08486756, -0.9956859, -0.037510082), (-0.086091496, -0.9955627, -0.037988592), (-0.08177764, -0.9956205, -0.045302127), (-0.29218906, -0.94263834, -0.16142632), (-0.7049447, -0.0048821303, 0.7092455), (-0.70762014, -0.0031904986, 0.7065858), (-0.7057898, -0.013502313, 0.7082927), (-0.7077044, -0.009755038, 0.7064412), (-0.086091496, -0.9955627, -0.037988592), (-0.08715693, -0.9954541, -0.03840512), (-0.08292621, -0.99549156, -0.046041626), (-0.08177764, -0.9956205, -0.045302127), (-0.20146608, -0.86712486, -0.45552808), (-0.21378545, -0.84366316, -0.49247155), (0, -0.8558417, -0.5172378), (0, -0.88527703, -0.465064), (-0.95345587, -0.03628499, 0.29934144), (-0.9170874, -0.016473684, 0.39834556), (-0.9640199, -0.038590048, 0.2630139), (-0.96431935, -0.0380658, 0.26199067), (-0.07355305, -0.9967699, -0.032247186), (-0.07355305, -0.9967699, -0.032247186), (-0.06981824, -0.9967998, -0.03893124), (-0.06993842, -0.99679965, -0.038716294), (-0.06447556, -0.9954438, -0.07024665), (-0.06447556, -0.9954438, -0.07024665), (-0.06447556, -0.9954438, -0.07024665), (-0.057534445, -0.9954382, -0.076109394), (-0.058468252, -0.9954437, -0.07532126), (-0.3294682, 0.00002722296, -0.94416666), (-0.3294682, 0.00002722296, -0.94416666), (-0.3294682, 0.00002722296, -0.94416666), (-0.3294682, 0.00002722296, -0.94416666), (0.9575316, -0.021713994, -0.2875097), (0.9488162, -0.013134163, -0.3155554), (0.9674147, -0.014377498, -0.25278866), (0.96700895, -0.01886962, -0.2540426), (0.36125177, -0.000043195105, 0.93246835), (0.36125177, -0.000043195105, 0.93246835), (0.36125177, -0.000043195105, 0.93246835), (0.36125177, -0.000043195105, 0.93246835), (-0.6991097, -0.0043744408, 0.715001), (-0.69842494, -0.0034082325, 0.7156752), (-0.70762014, -0.0031904986, 0.7065858), (-0.7049447, -0.0048821303, 0.7092455), (-0.08177764, -0.9956205, -0.045302127), (-0.07772011, -0.9955935, -0.05247131), (-0.2607197, -0.94963753, -0.17382148), (-0.29218906, -0.94263834, -0.16142632), (0.28644, -0.05579587, -0.95647216), (0.285489, -0.054358143, -0.95683914), (0.3054599, -0.070588134, -0.9495849), (0.29777223, -0.06396152, -0.95249176), (-0.035125505, -0.9955001, -0.08801021), (-0.035596963, -0.99521625, -0.090980515), (0, -0.99584746, -0.09103821), (4.7464686e-9, -0.9960371, -0.08893916), (0.9668354, -0.04403645, -0.25157535), (0.96663415, -0.04347936, -0.25244415), (0.9860058, -0.015484613, -0.1659906), (0.9709165, -0.033819266, -0.23701751), (-0.6960073, 0, 0.71803474), (-0.6960073, 0, 0.71803474), (-0.69842494, -0.0034082325, 0.7156752), (-0.6991097, -0.0043744408, 0.715001), (0.62848777, -0.00003928801, 0.7778194), (0.56362754, -0.000036493315, 0.826029), (0.56362754, -0.000036493315, 0.826029), (0.62848896, -0.000039288057, 0.77781844), (0.29777223, -0.06396152, -0.95249176), (0.3054599, -0.070588134, -0.9495849), (0.28522465, -0.08606845, -0.9545884), (0.29246217, -0.08553486, -0.952444), (-0.028216163, -0.99663466, -0.07696244), (-0.028216163, -0.99663466, -0.07696244), (0, -0.9970317, -0.0769931), (0, -0.9970316, -0.07699309), (-8.9147903e-7, 0, 1), (-8.9147903e-7, 0, 1), (-8.9147903e-7, 0, 1), (-8.9147903e-7, 0, 1), (0.6761887, 0, -0.7367285), (0.6761887, 0, -0.7367285), (0.68627673, -0.060573462, -0.72481376), (0.6830011, -0.03907348, -0.7293715), (0.62848896, -0.000039288057, 0.77781844), (0.68924445, -0.00004182615, 0.72452885), (0.68924445, -0.00004182615, 0.72452885), (0.62848777, -0.00003928801, 0.7778194), (-0.873452, 0.000028727218, -0.48691025), (-0.8223513, 0.00002827013, -0.5689803), (-0.8223513, 0.00002827013, -0.5689803), (-0.8734512, 0.000028727209, -0.48691174), (-0.61143917, 0.000026677675, -0.7912914), (-0.6786144, 0.000027352937, -0.73449475), (-0.6786144, 0.000027352937, -0.73449475), (-0.61144, 0.00002667768, -0.79129076), (-0.8734512, 0.000028727209, -0.48691174), (-0.91638815, 0.000028915798, -0.40029076), (-0.91638815, 0.000028915798, -0.40029076), (-0.873452, 0.000028727218, -0.48691025), (-0.26589265, -0.02095714, 0.96377486), (-0.2663439, -0.019713532, 0.9636765), (-0.26192504, -0.0029570293, 0.9650837), (-0.26189175, -0.0029654736, 0.9650927), (-0.97290826, -0.020402249, 0.23028956), (-0.9683433, -0.031544767, 0.24762088), (-0.952463, -0.039941553, 0.30202475), (-0.916847, -0.018292971, 0.39881927), (-0.9924533, 0.000022795955, -0.122623496), (-0.9924533, 0.000022795955, -0.122623496), (-0.9924533, 0.000022795955, -0.122623496), (-0.9924533, 0.000022795955, -0.122623496), (-0.61144, 0.00002667768, -0.79129076), (-0.5395333, 0.000025795975, -0.84196424), (-0.5395333, 0.000025795975, -0.84196424), (-0.61143917, 0.000026677675, -0.7912914), (0.992435, 0, 0.12277127), (0.992435, 0, 0.12277127), (0.99243504, 0, 0.12277127), (0.99243504, 0, 0.12277127), (0.30709815, -0.93616956, 0.1711062), (-0.0702721, -0.99629885, -0.049501732), (0.120020814, -0.9905346, 0.066605754), (0.87281877, 4.9971618e-8, 0.4880444), (0.82014877, 9.9451114e-8, 0.57215035), (0.8201488, -4.546333e-7, 0.57215023), (0.8201488, -4.546333e-7, 0.57215023), (0.87279844, -6.3802946e-7, 0.48808086), (0.5625569, -0.2230849, 0.7960922), (0.6813752, -0.23212184, 0.6941522), (0.57274926, -0.22402601, 0.7885243), (0.6039026, -1.7831542e-8, 0.79705817), (0.5288866, 0, 0.8486925), (0.5288866, 1.05819154e-7, 0.84869254), (0.5288866, 1.05819154e-7, 0.84869254), (0.6048449, 1.6317143e-8, 0.79634327), (0.3155355, -5.1029645e-8, 0.9489138), (0.3155355, -5.1029645e-8, 0.9489138), (0.3155355, -5.1029645e-8, 0.9489138), (0.31553546, 6.378705e-9, 0.94891375), (0.31553546, 6.378705e-9, 0.94891375), (-0.99178827, 0, -0.127891), (-0.9917882, 0, -0.127891), (-0.9917882, 0, -0.127891), (-0.99178827, 0, -0.127891), (-0.34781203, -0.8436571, -0.408986), (-0.37377962, -0.846129, -0.37994003), (-0.24448273, -0.9367722, -0.25037178), (-0.241031, -0.9386, -0.2468484), (-0.21425128, -0.9422795, -0.25730446), (-0.47137055, -0.8432259, -0.25841787), (-0.4506675, -0.8411186, -0.29902884), (-0.42459676, -0.86032766, -0.28205308), (-0.5519149, -0.7774187, -0.30167887), (-0.29559237, -0.86834115, -0.39825734), (-0.32358938, -0.87050086, -0.37083438), (-0.34781203, -0.8436571, -0.408986), (-0.3227081, -0.837142, -0.4416477), (-0.32358938, -0.87050086, -0.37083438), (-0.34530157, -0.87125814, -0.34882087), (-0.37377962, -0.846129, -0.37994003), (-0.34781203, -0.8436571, -0.408986), (-0.41127715, 0, -0.91151035), (-0.41127715, 0, -0.91151035), (-0.41127715, 0, -0.91151035), (-0.41127715, 0, -0.91151035), (0.6137738, -0.060423404, -0.7871663), (0.64324325, -0.084783815, -0.7609532), (0.61074454, -0.05691854, -0.7897793), (0.64919686, -0.08816801, -0.7554931), (-0.71755177, 0.0021595121, 0.69650185), (-0.7170528, 0.0017035957, 0.6970168), (-0.7283544, 0.011210828, 0.6851089), (-0.72675973, 0.009144327, 0.6868309), (0.71319246, -0.13273047, -0.688287), (0.713076, -0.1326151, -0.68843), (0.76998216, -0.054931995, -0.6356965), (0.74599385, -0.078770235, -0.66127783), (0.8749328, -0.000033168522, 0.48424432), (0.8274545, -0.000036309044, 0.56153274), (0.8274545, -0.000036309044, 0.56153274), (0.8749352, -0.000033168344, 0.48423994), (-0.06981824, -0.9967998, -0.03893124), (-0.066199675, -0.99677306, -0.0453981), (-0.066199675, -0.99677306, -0.0453981), (-0.06993842, -0.99679965, -0.038716294), (-0.08292621, -0.99549156, -0.046041626), (-0.07884163, -0.99545586, -0.05340024), (-0.07772011, -0.9955935, -0.05247131), (-0.08177764, -0.9956205, -0.045302127), (-0.8773931, 5.739184e-8, -0.47977215), (-0.9132968, 1.144082e-7, -0.40729454), (-0.9132969, 9.15267e-7, -0.40729448), (-0.9132969, 9.15267e-7, -0.40729448), (-0.87746286, 4.5995844e-7, -0.47964454), (-0.05501942, -0.99675554, -0.05874811), (-0.05501942, -0.99675554, -0.05874811), (-0.04944298, -0.9967395, -0.0637627), (-0.050412845, -0.9967463, -0.06289099), (-0.6771238, -0.6389895, -0.3649599), (-0.4628739, -0.8624189, -0.20489356), (-0.5519149, -0.7774187, -0.30167887), (-0.08731632, -0.9954526, -0.038078878), (-0.08731632, -0.9954526, -0.038078878), (-0.0794284, -0.9962583, -0.034065325), (0.120020814, -0.9905346, 0.066605754), (-0.08283066, -0.9954976, -0.04608446), (-0.30726478, -0.07059804, 0.9490017), (-0.380263, -0.036658637, 0.92415166), (-0.30940855, -0.030999508, 0.9504238), (-0.3766835, -0.017040906, 0.92618525), (0.2641885, 0, -0.96447104), (0.017770061, 0, -0.9998421), (0.14465432, -0.023012165, -0.98921466), (0.2748513, -0.025765115, -0.9611414), (-0.20228463, -0.060438685, 0.97746), (-0.05059499, -0.033596225, 0.99815404), (-0.380263, -0.036658637, 0.92415166), (-0.30726478, -0.07059804, 0.9490017), (0.9924958, -0.000016046377, 0.12227934), (0.9924958, -0.000016046377, 0.12227934), (0.9924958, -0.000016046377, 0.12227934), (0.9924958, -0.000016046377, 0.12227934), (-0.07998679, -0.9967471, -0.009870065), (-0.07998679, -0.9967471, -0.009870065), (-0.07998679, -0.9967471, -0.009870065), (-0.07998679, -0.9967471, -0.009870065), (-0.09467443, -0.9954394, -0.0117124915), (-0.09485768, -0.99542224, -0.011683738), (-0.09485768, -0.99542224, -0.011683738), (-0.0946803, -0.9954388, -0.011711573), (-0.49933136, -0.86404854, -0.06394011), (-0.5452926, -0.83537465, -0.06931934), (-0.54659843, -0.83450806, -0.069471925), (-0.49933136, -0.86404854, -0.06394011), (-0.5452926, -0.83537465, -0.06931934), (-0.58411807, -0.8083021, -0.073850065), (-0.58411807, -0.8083021, -0.073850065), (-0.54659843, -0.83450806, -0.069471925), (-0.09446034, -0.9954593, -0.011746084), (-0.09467443, -0.9954394, -0.0117124915), (-0.0946803, -0.9954388, -0.011711573), (-0.09446034, -0.9954593, -0.011746084), (-0.09485202, -0.99542236, -0.011727223), (-0.09485202, -0.99542236, -0.011727223), (-0.09485202, -0.99542236, -0.011727223), (-0.09485202, -0.99542236, -0.011727223), (0.9858158, -0.018908348, -0.16676207), (0.9705478, -0.040901642, -0.23741126), (0.95585257, -0.032814883, -0.29200876), (0.94852537, -0.020975929, -0.31600598), (-0.916847, -0.018292971, 0.39881927), (-0.952463, -0.039941553, 0.30202475), (-0.9170874, -0.016473684, 0.39834556), (-0.95345587, -0.03628499, 0.29934144), (0.9635422, -0.036869682, -0.2650039), (0.9634435, -0.036463562, -0.2654185), (0.9660288, -0.042266756, -0.25495484), (0.9654074, -0.040707335, -0.2575493), (0.8749352, -0.000033168344, 0.48423994), (0.9152145, -0.000029754905, 0.40296713), (0.9152145, -0.000029754905, 0.40296713), (0.8749328, -0.000033168522, 0.48424432), (-0.04944298, -0.9967395, -0.0637627), (-0.044815652, -0.9966837, -0.06791919), (-0.044815652, -0.9966837, -0.06791919), (-0.050412845, -0.9967463, -0.06289099), (-0.059284825, -0.9955942, -0.07264678), (-0.054084174, -0.99547607, -0.078116894), (-0.052966814, -0.9957408, -0.07546373), (-0.052954093, -0.99574494, -0.07541791), (-0.058226004, -0.9958401, -0.07008772), (-0.059284825, -0.9955942, -0.07264678), (-0.0646176, -0.99563235, -0.06738532), (-0.0659532, -0.995425, -0.06913188), (-0.0597853, -0.9953852, -0.0750603), (-0.654966, 0, -0.7556583), (-0.7057421, 0, -0.70846885), (-0.7057421, 0, -0.70846885), (-0.654966, 0, -0.7556583), (-0.29218906, -0.94263834, -0.16142632), (-0.2607197, -0.94963753, -0.17382148), (-0.4506675, -0.8411186, -0.29902884), (-0.47137055, -0.8432259, -0.25841787), (-0.0597853, -0.9953852, -0.0750603), (-0.054808423, -0.99530005, -0.07983687), (-0.054084174, -0.99547607, -0.078116894), (-0.059284825, -0.9955942, -0.07264678), (0.37404466, -0.843486, -0.38551518), (0.3592609, -0.9143218, -0.18694188), (0.3584134, -0.91459346, -0.18723938), (0.37165305, -0.8305922, -0.4147175), (0.35742587, -0.74167955, -0.5675898), (0.37404466, -0.843486, -0.38551518), (0.37165305, -0.8305922, -0.4147175), (0.36068493, -0.7469865, -0.55849564), (0.3716328, -0.7646639, -0.5264773), (0.35742587, -0.74167955, -0.5675898), (0.36068493, -0.7469865, -0.55849564), (0.3716328, -0.7646639, -0.5264773), (0.30010238, -0.93662864, -0.18073533), (0.30010238, -0.93662864, -0.18073533), (0.30010238, -0.93662864, -0.18073533), (0.30010238, -0.93662864, -0.18073533), (0.3592609, -0.9143218, -0.18694188), (0.3375234, -0.92100644, -0.19448662), (0.3375234, -0.92100644, -0.19448662), (0.3584134, -0.91459346, -0.18723938), (0.3003559, -0.94150037, -0.15285115), (0.3003559, -0.94150037, -0.15285115), (0.3003559, -0.94150037, -0.15285115), (0.3003559, -0.94150037, -0.15285115), (0.59828424, -0.000041305433, 0.801284), (0.59828424, -0.000041305433, 0.801284), (0.59828424, -0.000041305433, 0.801284), (0.59828424, -0.000041305433, 0.801284), (-0.8610396, 0, -0.508538), (-0.8610396, 0, -0.508538), (-0.8610396, 0, -0.508538), (-0.8610396, 0, -0.508538), (-0.18745123, 0, 0.9822739), (-0.18745123, 0, 0.9822739), (-0.18745121, 0, 0.98227394), (-0.18745121, 0, 0.98227394), (-0.38840106, 0.000025691204, -0.9214904), (-0.3857562, 0.000025759235, -0.92260087), (-0.5614851, 0.000020537602, -0.8274869), (-0.5614851, 0.000020537602, -0.8274869), (0.9709165, -0.033819266, -0.23701751), (0.9860058, -0.015484613, -0.1659906), (0.9705478, -0.040901642, -0.23741126), (0.9858158, -0.018908348, -0.16676207), (-0.9693106, -0.028294146, 0.24420564), (-0.969401, -0.027971698, 0.24388403), (-0.9718869, -0.014138794, 0.23502342), (-0.9716072, -0.015703134, 0.23607807), (-0.9716072, -0.015703134, 0.23607807), (-0.9718869, -0.014138794, 0.23502342), (-0.9742538, 0, 0.22545414), (-0.9742538, 0, 0.22545414), (0.96100426, -0.02053041, -0.27577028), (0.96062756, -0.018388137, -0.2772303), (0.9634435, -0.036463562, -0.2654185), (0.9635422, -0.036869682, -0.2650039), (0.94852537, -0.020975929, -0.31600598), (0.95585257, -0.032814883, -0.29200876), (0.9488162, -0.013134163, -0.3155554), (0.9575316, -0.021713994, -0.2875097), (-0.96823674, -0.030249529, 0.24819861), (-0.9678037, -0.031215852, 0.24976307), (-0.969401, -0.027971698, 0.24388403), (-0.9693106, -0.028294146, 0.24420564), (-0.921507, 0, 0.3883617), (-0.921507, 0, 0.3883617), (-0.94257826, -0.028230535, 0.33279002), (-0.94857454, -0.0374204, 0.3143344), (-0.96431935, -0.0380658, 0.26199067), (-0.9640199, -0.038590048, 0.2630139), (-0.9678037, -0.031215852, 0.24976307), (-0.96823674, -0.030249529, 0.24819861), (-0.9682, -0.04237081, 0.2465632), (-0.9733314, -0.025918888, 0.22793457), (-0.9683433, -0.031544767, 0.24762088), (-0.97290826, -0.020402249, 0.23028956), (0.9654074, -0.040707335, -0.2575493), (0.9660288, -0.042266756, -0.25495484), (0.96663415, -0.04347936, -0.25244415), (0.9668354, -0.04403645, -0.25157535), (0.20252596, -0.92019206, -0.33500713), (0.20252596, -0.92019206, -0.33500713), (0.20252596, -0.92019206, -0.33500713), (0.20252596, -0.92019206, -0.33500713), (0.21154371, -0.82619363, -0.52216226), (0.2362281, -0.907007, -0.3486183), (0.23824352, -0.9064177, -0.3487792), (0.18125081, -0.7773793, -0.6023534), (0.13166879, -0.68279725, -0.71864545), (0.21154371, -0.82619363, -0.52216226), (0.18125081, -0.7773793, -0.6023534), (0.14234908, -0.698052, -0.70175505), (0.15454486, -0.7150836, -0.6817414), (0.13166879, -0.68279725, -0.71864545), (0.14234908, -0.698052, -0.70175505), (0.15454486, -0.7150836, -0.6817414), (0.2362281, -0.907007, -0.3486183), (0.20963772, -0.914378, -0.34635952), (0.20963772, -0.914378, -0.34635952), (0.23824352, -0.9064177, -0.3487792), (0.19831997, -0.93538886, -0.29277465), (0.19831997, -0.93538886, -0.29277465), (0.19831997, -0.93538886, -0.29277465), (0.19831997, -0.93538886, -0.29277465), (0.9445785, -0.000034334127, 0.32828546), (0.9445785, -0.000034334127, 0.32828546), (0.9445785, -0.000034334127, 0.32828546), (0.9445785, -0.000034334127, 0.32828546), (-0.9765615, 0, 0.21523845), (-0.97656155, 0, 0.21523845), (-0.97656155, 0, 0.21523845), (-0.9765615, 0, 0.21523845), (0.024739379, 0, 0.999694), (0.024739379, 0, 0.999694), (0.024739373, 0, 0.99969393), (0.024739373, 0, 0.99969393), (-0.7852559, 0.000026871801, -0.6191713), (-0.7879283, 0.000026748346, -0.6157671), (-0.8804674, 0.000021546057, -0.47410658), (-0.8804674, 0.000021546057, -0.47410658), (-0.7077044, -0.009755038, 0.7064412), (-0.7057898, -0.013502313, 0.7082927), (-0.68724346, -0.013488102, 0.72630197), (-0.68069214, -0.009916315, 0.73250246), (0.6830011, -0.03907348, -0.7293715), (0.68627673, -0.060573462, -0.72481376), (0.6896576, -0.098679475, -0.7173805), (0.69091463, -0.1026818, -0.71560705), (0.74599385, -0.078770235, -0.66127783), (0.76998216, -0.054931995, -0.6356965), (0.7490695, -0.08230068, -0.6573595), (0.76793385, -0.06199858, -0.6375216), (0.7023075, -0.11304025, -0.70284146), (0.71101063, -0.12484193, -0.6920103), (0.713076, -0.1326151, -0.68843), (0.71319246, -0.13273047, -0.688287), (-0.68965447, -0.007111882, 0.7241036), (-0.6810073, -0.004852554, 0.7322605), (-0.7170528, 0.0017035957, 0.6970168), (-0.71755177, 0.0021595121, 0.69650185), (-0.72462976, 0.0066462527, 0.6891064), (-0.72452503, 0.0063850763, 0.6892189), (-0.7242222, 0.0039182045, 0.68955547), (-0.7239788, 0.002510199, 0.6898176), (0.7544718, -0.07718671, -0.6517781), (0.84317833, -0.050062135, -0.53529817), (0.9414114, 0, -0.33726043), (0.8255436, 0, -0.56433845), (0.76793385, -0.06199858, -0.6375216), (0.7490695, -0.08230068, -0.6573595), (0.64324325, -0.084783815, -0.7609532), (0.6137738, -0.060423404, -0.7871663), (-0.72675973, 0.009144327, 0.6868309), (-0.7283544, 0.011210828, 0.6851089), (-0.72452503, 0.0063850763, 0.6892189), (-0.72462976, 0.0066462527, 0.6891064), (-0.7239788, 0.002510199, 0.6898176), (-0.7242222, 0.0039182045, 0.68955547), (-0.7235336, 0, 0.69028914), (-0.7235336, 0, 0.69028914), (0.02297383, -0.9004861, -0.43427742), (0.02297383, -0.9004861, -0.43427742), (0.02297383, -0.9004861, -0.43427742), (0.02297383, -0.9004861, -0.43427742), (-0.033364806, -0.7976282, -0.60222584), (0.04001385, -0.8836263, -0.46647984), (0.04453656, -0.8827818, -0.4676673), (-0.10733099, -0.7293394, -0.67568046), (-0.19242704, -0.6320166, -0.7506843), (-0.033364806, -0.7976282, -0.60222584), (-0.10733099, -0.7293394, -0.67568046), (-0.17454706, -0.65114427, -0.73860985), (-0.15841171, -0.6678144, -0.7272756), (-0.19242704, -0.6320166, -0.7506843), (-0.17454706, -0.65114427, -0.73860985), (-0.15841171, -0.6678144, -0.7272756), (0.04001385, -0.8836263, -0.46647984), (0.0072022434, -0.8891512, -0.45755702), (0.0072022434, -0.8891512, -0.45755702), (0.04453656, -0.8827818, -0.4676673), (0.0393723, -0.9204582, -0.38885286), (0.0393723, -0.9204582, -0.38885286), (0.0393723, -0.9204582, -0.38885286), (0.0393723, -0.9204582, -0.38885286), (0.9893214, -0.000003242112, -0.14575027), (0.9893214, -0.000003242112, -0.14575027), (0.9893214, -0.000003242112, -0.14575027), (0.9893214, -0.000003242112, -0.14575027), (-0.6825916, 0, 0.7308001), (-0.68259156, 0, 0.73080003), (-0.51272255, 0, 0.85855436), (-0.42237267, -0.006093348, 0.9064018), (0.39626747, 0, 0.9181351), (-0.05059499, -0.033596225, 0.99815404), (0.1615404, 0, 0.98686606), (0.39626747, 0, 0.91813517), (-0.95369184, -0.0000012726132, 0.3007853), (-0.95369184, -0.0000012726132, 0.3007853), (-0.95369184, -0.0000012726132, 0.3007853), (-0.95369184, -0.0000012726132, 0.3007853), (-0.3137506, -0.014880181, 0.94938886), (-0.31401414, -0.014487648, 0.9493077), (-0.42237267, -0.006093348, 0.9064018), (-0.3168993, -0.0068414016, 0.94843453), (0.2556108, -0.010540158, -0.96672225), (0.23175764, -0.005335328, -0.972759), (0.2721634, -0.006086102, -0.9622318), (0.27096134, -0.008842459, -0.96254957), (0.27096134, -0.008842459, -0.96254957), (0.2721634, -0.006086102, -0.9622318), (0.2748085, 0, -0.961499), (0.2748085, 0, -0.961499), (-0.3146889, -0.013671245, 0.94909644), (-0.31485733, -0.013531585, 0.94904256), (-0.31401414, -0.014487648, 0.9493077), (-0.3137506, -0.014880181, 0.94938886), (0.29246217, -0.08553486, -0.952444), (0.28522465, -0.08606845, -0.9545884), (0.3156186, -0.044389587, -0.9478473), (0.31621876, -0.043934546, -0.94766843), (-0.3168993, -0.0068414016, 0.94843453), (-0.42237267, -0.006093348, 0.9064018), (-0.51272255, 0, 0.85855436), (-0.31969038, 0, 0.94752204), (0.2748513, -0.025765115, -0.9611414), (0.14465432, -0.023012165, -0.98921466), (0.285489, -0.054358143, -0.95683914), (0.28644, -0.05579587, -0.95647216), (-0.2870598, -0.010041045, 0.95786), (-0.27904478, -0.009123724, 0.96023476), (-0.31485733, -0.013531585, 0.94904256), (-0.3146889, -0.013671245, 0.94909644), (-0.082850054, 0, 0.996562), (0.1615404, 0, 0.98686606), (-0.05059499, -0.033596225, 0.99815404), (-0.20228463, -0.060438685, 0.97746), (0.3187325, -0.03462144, -0.94721216), (0.32270005, -0.03213109, -0.9459557), (0.25114805, -0.051578864, -0.9665735), (0.23082367, -0.027660215, -0.97260237), (-0.24448273, -0.9367722, -0.25037178), (-0.0646176, -0.99563235, -0.06738532), (-0.059284825, -0.9955942, -0.07264678), (-0.058226004, -0.9958401, -0.07008772), (-0.241031, -0.9386, -0.2468484), (-0.8352831, 0.000037051694, -0.5498202), (-0.8352831, 0.000037051694, -0.5498202), (-0.8352831, 0.000037051694, -0.5498202), (-0.8352831, 0.000037051694, -0.5498202), (0.75769025, 0, -0.65261436), (0.75769025, 0, -0.65261436), (0.75769025, 0, -0.6526144), (0.75769025, 0, -0.6526144), (0.14465432, -0.023012165, -0.98921466), (0.017770061, 0, -0.9998421), (-0.22974965, 0, -0.97324973), (-0.22974966, 0, -0.9732498), (0.9014253, -0.000034080636, 0.43293446), (0.9014253, -0.000034080636, 0.43293446), (0.9014253, -0.000034080636, 0.43293446), (0.9014253, -0.000034080636, 0.43293446), (-0.17320544, -0.9026246, 0.39404133), (-0.17320544, -0.9026246, 0.39404133), (-0.17320544, -0.9026246, 0.39404133), (-0.17320544, -0.9026246, 0.39404133), (-0.23573531, -0.8539509, 0.463893), (-0.22351047, -0.86941695, 0.4406327), (-0.22351047, -0.86941695, 0.4406327), (-0.23107831, -0.85996914, 0.45503378), (-0.5458958, -0.5868156, 0.5980344), (-0.5601743, -0.5712543, 0.5998943), (-0.58128524, -0.5472379, 0.60219437), (-0.5458958, -0.5868156, 0.5980344), (-0.5601743, -0.5712543, 0.5998943), (-0.50583845, -0.6370524, 0.5816285), (-0.36867115, -0.7611802, 0.5335599), (-0.58128524, -0.5472379, 0.60219437), (-0.50583845, -0.6370524, 0.5816285), (-0.23573531, -0.8539509, 0.463893), (-0.23107831, -0.85996914, 0.45503378), (-0.36867115, -0.7611802, 0.5335599), (-0.21059701, -0.8799931, 0.42574754), (-0.21059701, -0.8799931, 0.42574754), (-0.21059701, -0.8799931, 0.42574754), (-0.21059701, -0.8799931, 0.42574754), (-0.6690231, 0.00003130587, -0.7432417), (-0.6690231, 0.00003130587, -0.7432417), (-0.7879283, 0.000026748346, -0.6157671), (-0.7852559, 0.000026871801, -0.6191713), (0.84317833, -0.050062135, -0.53529817), (0.9960971, 0, -0.08826385), (0.99609715, 0, -0.08826386), (0.9414114, 0, -0.33726043), (0.16488451, 0, -0.9863128), (0.16488451, 0, -0.9863129), (0.16488451, 0, -0.9863129), (0.16488451, 0, -0.9863128), (0.5078656, -0.00005177464, 0.86143637), (0.5078656, -0.00005177464, 0.86143637), (0.5078656, -0.00005177464, 0.86143637), (0.5078656, -0.00005177464, 0.86143637), (-0.30423802, -0.92903614, 0.21054909), (-0.30423802, -0.92903614, 0.21054909), (-0.30423802, -0.92903614, 0.21054909), (-0.30423802, -0.92903614, 0.21054909), (-0.38930553, -0.8858002, 0.25258505), (-0.3731938, -0.8963561, 0.23931617), (-0.3731938, -0.8963561, 0.23931617), (-0.38385427, -0.88944167, 0.24809146), (-0.734829, -0.6499316, 0.19394636), (-0.7509774, -0.6334978, 0.1863155), (-0.77054435, -0.6124267, 0.17662083), (-0.734829, -0.6499316, 0.19394636), (-0.7509774, -0.6334978, 0.1863155), (-0.6805437, -0.70384544, 0.20362148), (-0.54943085, -0.8016581, 0.23552068), (-0.77054435, -0.6124267, 0.17662083), (-0.6805437, -0.70384544, 0.20362148), (-0.38930553, -0.8858002, 0.25258505), (-0.38385427, -0.88944167, 0.24809146), (-0.54943085, -0.8016581, 0.23552068), (-0.34246367, -0.9147499, 0.21436235), (-0.34246367, -0.9147499, 0.21436235), (-0.34246367, -0.9147499, 0.21436235), (-0.34246367, -0.9147499, 0.21436235), (-0.19795999, 0.000029890687, -0.9802101), (-0.19795999, 0.000029890687, -0.9802101), (-0.3857562, 0.000025759235, -0.92260087), (-0.38840106, 0.000025691204, -0.9214904), (0.7850036, 0, 0.6194912), (0.7850036, 0, 0.6194912), (0.7850036, 0, 0.61949116), (0.7850036, 0, 0.61949116), (0.35587388, 0, -0.9345341), (0.3558739, 0, -0.93453395), (0.3558739, 0, -0.93453395), (0.35587388, 0, -0.9345341), (0.11233453, -0.000041635507, 0.99367046), (0.11233453, -0.000041635507, 0.99367046), (0.11233453, -0.000041635507, 0.99367046), (0.11233453, -0.000041635507, 0.99367046), (-0.37459478, -0.9265034, 0.03564031), (-0.37459478, -0.9265034, 0.03564031), (-0.37459478, -0.9265034, 0.03564031), (-0.37459478, -0.9265034, 0.03564031), (-0.4297902, -0.9025707, 0.025425224), (-0.41660783, -0.90895265, 0.015592218), (-0.41660783, -0.90895265, 0.015592218), (-0.42678687, -0.9040552, 0.023176875), (-0.38783503, -0.92171633, 0.004793836), (-0.38783503, -0.92171633, 0.004793836), (-0.38783503, -0.92171633, 0.004793836), (-0.38783503, -0.92171633, 0.004793836), (-0.65465117, -0.71903425, -0.2332843), (-0.66428643, -0.7016154, -0.25779715), (-0.66973275, -0.6908629, -0.27233538), (-0.65465117, -0.71903425, -0.2332843), (-0.66428643, -0.7016154, -0.25779715), (-0.59999675, -0.7815306, -0.17092036), (-0.55177057, -0.8274738, -0.10409813), (-0.66973275, -0.6908629, -0.27233538), (-0.59999675, -0.7815306, -0.17092036), (-0.4297902, -0.9025707, 0.025425224), (-0.42678687, -0.9040552, 0.023176875), (-0.55177057, -0.8274738, -0.10409813), (-0.8357494, 0, -0.54911095), (-0.83574945, 0, -0.54911095), (-0.8773931, 5.739184e-8, -0.47977215), (-0.87746286, 4.5995844e-7, -0.47964454), (-0.6010428, 0, -0.7992168), (-0.60104287, 0, -0.79921687), (-0.654966, 0, -0.7556583), (-0.654966, 0, -0.7556583), (0.43985024, -0.20978415, 0.87322533), (0.5625569, -0.2230849, 0.7960922), (0.57274926, -0.22402601, 0.7885243), (-0.051364914, -0.99536425, -0.08131179), (-0.051364914, -0.99536425, -0.08131179), (-0.051364914, -0.99536425, -0.08131179), (-0.058468252, -0.9954437, -0.07532126), (-0.057534445, -0.9954382, -0.076109394), (0.2696837, -0.8937647, 0.35840684), (0.22459374, -0.8966168, 0.38162273), (0.057060115, -0.8875571, 0.45715037), (0.42167148, -0.8656083, 0.27002853), (0.22459374, -0.8966168, 0.38162273), (0.2696837, -0.8937647, 0.35840684), (-0.0794284, -0.9962583, -0.034065325), (0.30709815, -0.93616956, 0.1711062), (0.120020814, -0.9905346, 0.066605754), (-0.0702721, -0.99629885, -0.049501732), (-0.078206286, -0.9954562, -0.054320544), (-0.078206286, -0.9954562, -0.054320544), (-0.08283066, -0.9954976, -0.04608446), (0.120020814, -0.9905346, 0.066605754), (-0.052954093, -0.99574494, -0.07541791), (-0.21425128, -0.9422795, -0.25730446), (-0.058226004, -0.9958401, -0.07008772), (-0.058226004, -0.9958401, -0.07008772), (-0.21425128, -0.9422795, -0.25730446), (-0.241031, -0.9386, -0.2468484), (0.11684118, -0.8860302, 0.44866315), (0, -0.89214087, 0.45175743), (0, -0.89214087, 0.45175743), (-0.4628739, -0.8624189, -0.20489356), (-0.45237628, -0.86880064, -0.20134819), (-0.4939015, -0.8413698, -0.21944991), (-0.47137055, -0.8432259, -0.25841787), (-0.5519149, -0.7774187, -0.30167887), (-0.42459676, -0.86032766, -0.28205308), (-0.6771238, -0.6389895, -0.3649599), (-0.5519149, -0.7774187, -0.30167887), (0.031164402, 0.99532783, -0.091384985), (0.031164402, 0.99532783, -0.091384985), (0.031164402, 0.99532783, -0.091384985), (9.979453e-9, 0.9958116, -0.09142945), (1.0760477e-8, 0.9958116, -0.09142945), (0.26189148, 0.002965462, 0.96509284), (0.26192474, 0.002957017, 0.9650837), (0.2790443, 0.009123714, 0.96023494), (0.28705955, 0.010041039, 0.9578601), (-0.64919496, 0.088167675, -0.7554947), (-0.6107431, 0.056918327, -0.7897804), (-0.8431776, 0.050061967, -0.5352993), (-0.75447035, 0.07718645, -0.65177965), (-0.9571234, 0, -0.2896804), (-0.9571234, 0, -0.2896804), (-0.96062756, 0.018388137, -0.27723026), (-0.96100426, 0.02053041, -0.27577025), (-0.2308241, 0.02766026, -0.97260225), (-0.25114843, 0.051578943, -0.96657336), (-0.23175785, 0.005335325, -0.9727589), (-0.25561076, 0.010540152, -0.9667223), (0.47137064, 0.8432259, -0.25841796), (0.49390143, 0.84136975, -0.21945001), (0.53030163, 0.8145002, -0.2353077), (0.29218912, 0.94263834, -0.16142635), (0.68069154, 0.009916304, 0.73250306), (0.68724275, 0.013488087, 0.7263026), (0.6810073, 0.0048525594, 0.73226047), (0.6896548, 0.007111891, 0.72410333), (0.21425112, 0.94227934, -0.25730544), (0.3401519, 0.8146591, -0.4697098), (0.3401519, 0.8146591, -0.4697098), (0.32270834, 0.837142, -0.44164765), (0.34781212, 0.843657, -0.40898594), (0.03472251, 0.9957353, -0.085472524), (0.035125505, 0.9955001, -0.08801023), (-5.3397775e-9, 0.9960371, -0.088939086), (-1.3276556e-8, 0.9963361, -0.0855241), (0.21378545, 0.84366316, -0.49247152), (0.22790712, 0.8133856, -0.5352217), (0, 0.8353701, -0.54968786), (0, 0.8558417, -0.5172377), (-0.9168933, 8.1529345e-7, 0.39913246), (-0.9168933, 0, 0.3991324), (-0.87281877, -4.997159e-8, 0.48804447), (-0.87279844, 6.3802946e-7, 0.48808086), (-0.9168933, 8.1529345e-7, 0.39913246), (-0.6909145, 0.10268178, -0.7156072), (-0.6896573, 0.098679446, -0.71738076), (-0.7110109, 0.124841966, -0.69201016), (-0.70230746, 0.11304025, -0.7028415), (-0.67391014, 7.10304e-8, 0.7388134), (-0.67391, 3.5515196e-8, 0.73881346), (-0.6039026, 1.7831542e-8, 0.7970581), (-0.6048449, -1.6317143e-8, 0.79634327), (-0.67391014, 7.10304e-8, 0.7388134), (0.3766839, 0.017040936, 0.92618513), (0.309409, 0.030999562, 0.95042366), (0.26634434, 0.019713566, 0.96367633), (0.2658931, 0.020957178, 0.9637747), (0.9485743, 0.03742039, 0.31433502), (0.94257814, 0.028230522, 0.33279046), (0.9733313, 0.025918879, 0.22793496), (0.96819985, 0.042370796, 0.24656387), (-0.9670088, 0.018869614, -0.2540432), (-0.96741456, 0.014377495, -0.25278914), (-0.9685706, 0, -0.24873883), (-0.9685706, 0, -0.24873883), (-0.31621838, 0.043934356, -0.94766855), (-0.31561822, 0.044389397, -0.94784737), (-0.3227004, 0.03213114, -0.94595563), (-0.31873283, 0.034621485, -0.9472121), (0.08486756, 0.9956859, -0.037509974), (0.08609142, 0.9955628, -0.03798829), (0.08177756, 0.9956205, -0.04530183), (0.29218912, 0.94263834, -0.16142635), (0.7049438, 0.004882122, 0.7092464), (0.70761955, 0.0031904932, 0.70658654), (0.7057892, 0.013502298, 0.7082932), (0.707704, 0.0097550275, 0.7064417), (0.08609142, 0.9955628, -0.03798829), (0.087156765, 0.9954541, -0.038404644), (0.082926035, 0.99549156, -0.046041094), (0.08177756, 0.9956205, -0.04530183), (0.20146608, 0.86712486, -0.45552808), (0.21378545, 0.84366316, -0.49247152), (0, 0.8558417, -0.5172377), (0, 0.88527703, -0.465064), (0.9534538, 0.036285046, 0.29934815), (0.9170745, 0.016473737, 0.3983756), (0.9640199, 0.038590044, 0.26301393), (0.96431935, 0.038065795, 0.26199076), (0.0735531, 0.9967699, -0.032246962), (0.0735531, 0.9967699, -0.032246962), (0.06981827, 0.9967998, -0.038931176), (0.06993844, 0.99679965, -0.038716227), (0.064475596, 0.9954438, -0.07024663), (0.064475596, 0.9954438, -0.07024663), (0.064475596, 0.9954438, -0.07024663), (0.057534415, 0.9954382, -0.07610938), (0.05846823, 0.9954437, -0.07532124), (0.3294682, -0.00002722296, -0.94416666), (0.3294682, -0.00002722296, -0.94416666), (0.3294682, -0.00002722296, -0.94416666), (0.3294682, -0.00002722296, -0.94416666), (-0.9575313, 0.021713987, -0.28751054), (-0.9488161, 0.013134159, -0.31555602), (-0.96741456, 0.014377495, -0.25278914), (-0.9670088, 0.018869614, -0.2540432), (-0.36125162, 0.000043195087, 0.93246835), (-0.36125162, 0.000043195087, 0.93246835), (-0.36125162, 0.000043195087, 0.93246835), (-0.36125162, 0.000043195087, 0.93246835), (0.69910896, 0.0043744333, 0.71500176), (0.69842434, 0.0034082264, 0.7156758), (0.70761955, 0.0031904932, 0.70658654), (0.7049438, 0.004882122, 0.7092464), (0.08177756, 0.9956205, -0.04530183), (0.07772, 0.9955934, -0.052470986), (0.2607198, 0.9496374, -0.17382152), (0.29218912, 0.94263834, -0.16142635), (-0.28643405, 0.055795882, -0.9564739), (-0.28547946, 0.054358214, -0.956842), (-0.3054541, 0.070588306, -0.9495868), (-0.29776317, 0.06396169, -0.9524947), (0.035125505, 0.9955001, -0.08801023), (0.035596963, 0.99521625, -0.09098019), (0, 0.99584746, -0.091037884), (-5.3397775e-9, 0.9960371, -0.088939086), (-0.96683526, 0.04403644, -0.2515759), (-0.966634, 0.043479346, -0.25244465), (-0.98600626, 0.015484612, -0.16598725), (-0.9709167, 0.03381927, -0.23701705), (0.6960073, 0, 0.7180346), (0.6960073, 0, 0.7180346), (0.69842434, 0.0034082264, 0.7156758), (0.69910896, 0.0043744333, 0.71500176), (-0.6284879, 0.000039288014, 0.7778194), (-0.56362766, 0.000036493322, 0.826029), (-0.56362766, 0.000036493322, 0.826029), (-0.628489, 0.00003928806, 0.77781844), (-0.29776317, 0.06396169, -0.9524947), (-0.3054541, 0.070588306, -0.9495868), (-0.28522438, 0.08606833, -0.9545885), (-0.29246214, 0.0855348, -0.9524441), (0.028216163, 0.99663466, -0.07696246), (0.028216163, 0.99663466, -0.07696246), (0, 0.9970317, -0.076993115), (0, 0.9970316, -0.076993115), (8.914793e-7, 0, 1), (8.914793e-7, 0, 1), (8.914793e-7, 0, 1), (8.914793e-7, 0, 1), (-0.6761942, 0, -0.7367235), (-0.6761942, 0, -0.7367235), (-0.6862739, 0.0605735, -0.72481656), (-0.6829969, 0.039073434, -0.7293754), (-0.628489, 0.00003928806, 0.77781844), (-0.68924445, 0.00004182615, 0.72452885), (-0.68924445, 0.00004182615, 0.72452885), (-0.6284879, 0.000039288014, 0.7778194), (0.873452, -0.000028727218, -0.48691025), (0.82235146, -0.000028270135, -0.56897986), (0.82235146, -0.000028270135, -0.56897986), (0.8734512, -0.000028727209, -0.48691177), (0.6114391, -0.000026677671, -0.7912915), (0.6786144, -0.000027352937, -0.73449475), (0.6786144, -0.000027352937, -0.73449475), (0.61143994, -0.000026677677, -0.7912908), (0.8734512, -0.000028727209, -0.48691177), (0.9163879, -0.00002891579, -0.40029123), (0.9163879, -0.00002891579, -0.40029123), (0.873452, -0.000028727218, -0.48691025), (0.2658931, 0.020957178, 0.9637747), (0.26634434, 0.019713566, 0.96367633), (0.26192474, 0.002957017, 0.9650837), (0.26189148, 0.002965462, 0.96509284), (0.97290826, 0.02040223, 0.23028915), (0.9683435, 0.031544745, 0.24762033), (0.9524609, 0.039941587, 0.30203143), (0.91683406, 0.018293008, 0.39884907), (0.9924533, -0.000022795955, -0.12262344), (0.9924533, -0.000022795955, -0.12262344), (0.9924533, -0.000022795955, -0.12262344), (0.9924533, -0.000022795955, -0.12262344), (0.61143994, -0.000026677677, -0.7912908), (0.5395333, -0.000025795975, -0.84196436), (0.5395333, -0.000025795975, -0.84196436), (0.6114391, -0.000026677671, -0.7912915), (-0.992435, 0, 0.12277125), (-0.992435, 0, 0.12277125), (-0.99243504, 0, 0.12277127), (-0.99243504, 0, 0.12277127), (-0.3070975, 0.9361698, 0.17110622), (0.070272066, 0.99629885, -0.049501654), (-0.12002044, 0.9905346, 0.066605754), (-0.87281877, -4.997159e-8, 0.48804447), (-0.82014877, -9.9451114e-8, 0.57215035), (-0.8201488, 4.546333e-7, 0.57215023), (-0.8201488, 4.546333e-7, 0.57215023), (-0.87279844, 6.3802946e-7, 0.48808086), (-0.56255406, 0.22308496, 0.7960942), (-0.6813776, 0.23212051, 0.6941503), (-0.57274693, 0.22402598, 0.78852606), (-0.6039026, 1.7831542e-8, 0.7970581), (-0.5288866, 0, 0.8486925), (-0.5288866, -1.05819154e-7, 0.8486925), (-0.5288866, -1.05819154e-7, 0.8486925), (-0.6048449, -1.6317143e-8, 0.79634327), (-0.3155355, 5.1029645e-8, 0.9489138), (-0.3155355, 5.1029645e-8, 0.9489138), (-0.3155355, 5.1029645e-8, 0.9489138), (-0.31553546, -6.378705e-9, 0.94891375), (-0.31553546, -6.378705e-9, 0.94891375), (0.99178827, 0, -0.12789102), (0.9917882, 0, -0.127891), (0.9917882, 0, -0.127891), (0.99178827, 0, -0.12789102), (0.34781212, 0.843657, -0.40898594), (0.37377962, 0.846129, -0.37994003), (0.24448276, 0.9367722, -0.2503718), (0.24103102, 0.9386, -0.24684842), (0.21425112, 0.94227934, -0.25730544), (0.47137064, 0.8432259, -0.25841796), (0.45066765, 0.8411185, -0.29902884), (0.42459676, 0.86032766, -0.28205308), (0.55191493, 0.7774186, -0.30167896), (0.2955924, 0.8683412, -0.39825714), (0.32358938, 0.8705009, -0.37083426), (0.34781212, 0.843657, -0.40898594), (0.32270834, 0.837142, -0.44164765), (0.32358938, 0.8705009, -0.37083426), (0.34530157, 0.87125814, -0.34882095), (0.37377962, 0.846129, -0.37994003), (0.34781212, 0.843657, -0.40898594), (0.41127715, 0, -0.91151035), (0.41127715, 0, -0.91151035), (0.41127715, 0, -0.91151035), (0.41127715, 0, -0.91151035), (-0.6137733, 0.06042335, -0.7871667), (-0.6432427, 0.08478374, -0.76095366), (-0.6107431, 0.056918327, -0.7897804), (-0.64919496, 0.088167675, -0.7554947), (0.71755177, -0.0021594975, 0.69650185), (0.7170529, -0.0017035812, 0.69701666), (0.7283541, -0.011210818, 0.68510926), (0.72675955, -0.009144323, 0.686831), (-0.7131925, 0.1327305, -0.688287), (-0.713076, 0.13261513, -0.68843), (-0.7699818, 0.05493196, -0.6356968), (-0.7459935, 0.07877019, -0.6612783), (-0.874933, 0.000033168526, 0.48424393), (-0.8274545, 0.000036309044, 0.5615326), (-0.8274545, 0.000036309044, 0.5615326), (-0.8749354, 0.000033168344, 0.48423958), (0.06981827, 0.9967998, -0.038931176), (0.066199675, 0.99677306, -0.04539819), (0.066199675, 0.99677306, -0.04539819), (0.06993844, 0.99679965, -0.038716227), (0.082926035, 0.99549156, -0.046041094), (0.078841455, 0.995456, -0.05339966), (0.07772, 0.9955934, -0.052470986), (0.08177756, 0.9956205, -0.04530183), (0.8773932, -5.7392004e-8, -0.47977203), (0.91329694, -1.1440854e-7, -0.40729436), (0.9132969, -9.15267e-7, -0.40729442), (0.9132969, -9.15267e-7, -0.40729442), (0.87746286, -4.5995844e-7, -0.4796445), (0.05501942, 0.99675554, -0.0587481), (0.05501942, 0.99675554, -0.0587481), (0.04944298, 0.9967395, -0.06376271), (0.050412845, 0.9967463, -0.062891), (0.6771238, 0.6389895, -0.36496007), (0.46287414, 0.86241883, -0.20489365), (0.55191493, 0.7774186, -0.30167896), (0.08731623, 0.9954526, -0.0380789), (0.08731623, 0.9954526, -0.0380789), (0.07942833, 0.9962583, -0.03406535), (-0.12002044, 0.9905346, 0.066605754), (0.082830586, 0.9954976, -0.046084434), (0.30726558, 0.0705983, 0.94900143), (0.38026348, 0.036658764, 0.92415136), (0.309409, 0.030999562, 0.95042366), (0.3766839, 0.017040936, 0.92618513), (-0.2641872, 0, -0.96447146), (-0.017769359, 0, -0.99984217), (-0.14465314, 0.023012139, -0.98921484), (-0.2748496, 0.025765065, -0.9611419), (0.20228526, 0.060438912, 0.9774599), (0.050595358, 0.03359635, 0.99815404), (0.38026348, 0.036658764, 0.92415136), (0.30726558, 0.0705983, 0.94900143), (-0.9924957, 0.000016046375, 0.12227953), (-0.9924957, 0.000016046375, 0.12227953), (-0.9924957, 0.000016046375, 0.12227953), (-0.9924957, 0.000016046375, 0.12227953), (0.07998679, 0.9967471, -0.00987013), (0.07998679, 0.9967471, -0.00987013), (0.07998679, 0.9967471, -0.00987013), (0.07998679, 0.9967471, -0.00987013), (0.09467443, 0.9954394, -0.011712485), (0.09485768, 0.99542224, -0.011683733), (0.09485768, 0.99542224, -0.011683733), (0.0946803, 0.9954388, -0.011711567), (0.49933136, 0.86404854, -0.06394009), (0.54529256, 0.83537465, -0.06931934), (0.54659843, 0.83450806, -0.06947193), (0.49933136, 0.86404854, -0.06394009), (0.54529256, 0.83537465, -0.06931934), (0.58411807, 0.8083021, -0.07385009), (0.58411807, 0.8083021, -0.07385009), (0.54659843, 0.83450806, -0.06947193), (0.09446034, 0.9954593, -0.011746075), (0.09467443, 0.9954394, -0.011712485), (0.0946803, 0.9954388, -0.011711567), (0.09446034, 0.9954593, -0.011746075), (0.09485202, 0.99542236, -0.011727202), (0.09485202, 0.99542236, -0.011727202), (0.09485202, 0.99542236, -0.011727202), (0.09485202, 0.99542236, -0.011727202), (-0.98581654, 0.018908313, -0.166758), (-0.9705483, 0.040901594, -0.23740925), (-0.95585287, 0.03281483, -0.29200792), (-0.9485255, 0.020975893, -0.31600553), (0.91683406, 0.018293008, 0.39884907), (0.9524609, 0.039941587, 0.30203143), (0.9170745, 0.016473737, 0.3983756), (0.9534538, 0.036285046, 0.29934815), (-0.9635418, 0.03686984, -0.26500517), (-0.96344304, 0.036463775, -0.26542014), (-0.9660283, 0.042266916, -0.25495654), (-0.96540684, 0.040707543, -0.25755125), (-0.8749354, 0.000033168344, 0.48423958), (-0.9152148, 0.000029754912, 0.40296644), (-0.9152148, 0.000029754912, 0.40296644), (-0.874933, 0.000033168526, 0.48424393), (0.04944298, 0.9967395, -0.06376271), (0.044815652, 0.9966837, -0.06791921), (0.044815652, 0.9966837, -0.06791921), (0.050412845, 0.9967463, -0.062891), (0.05928484, 0.99559414, -0.07264653), (0.054084193, 0.9954761, -0.07811647), (0.05296685, 0.9957408, -0.07546365), (0.052954122, 0.99574494, -0.07541786), (0.0582258, 0.9958401, -0.07008848), (0.05928484, 0.99559414, -0.07264653), (0.064617604, 0.99563235, -0.06738523), (0.0659532, 0.995425, -0.069131576), (0.059785303, 0.9953852, -0.075059794), (0.654966, 0, -0.7556583), (0.7057421, 0, -0.70846885), (0.7057421, 0, -0.70846885), (0.654966, 0, -0.7556583), (0.29218912, 0.94263834, -0.16142635), (0.2607198, 0.9496374, -0.17382152), (0.45066765, 0.8411185, -0.29902884), (0.47137064, 0.8432259, -0.25841796), (0.059785303, 0.9953852, -0.075059794), (0.05480843, 0.9953001, -0.0798362), (0.054084193, 0.9954761, -0.07811647), (0.05928484, 0.99559414, -0.07264653), (-0.37404463, 0.843486, -0.3855152), (-0.3592609, 0.9143218, -0.18694174), (-0.35841343, 0.9145935, -0.18723924), (-0.37165305, 0.8305922, -0.41471744), (-0.35742578, 0.74167943, -0.56759), (-0.37404463, 0.843486, -0.3855152), (-0.37165305, 0.8305922, -0.41471744), (-0.36068487, 0.74698645, -0.5584959), (-0.3716327, 0.76466364, -0.5264775), (-0.35742578, 0.74167943, -0.56759), (-0.36068487, 0.74698645, -0.5584959), (-0.3716327, 0.76466364, -0.5264775), (-0.3001024, 0.9366287, -0.18073492), (-0.3001024, 0.9366287, -0.18073492), (-0.3001024, 0.9366287, -0.18073492), (-0.3001024, 0.9366287, -0.18073492), (-0.3592609, 0.9143218, -0.18694174), (-0.3375234, 0.92100644, -0.19448648), (-0.3375234, 0.92100644, -0.19448648), (-0.35841343, 0.9145935, -0.18723924), (-0.3003559, 0.94150037, -0.15285118), (-0.3003559, 0.94150037, -0.15285118), (-0.3003559, 0.94150037, -0.15285118), (-0.3003559, 0.94150037, -0.15285118), (-0.59828424, 0.000041305433, 0.801284), (-0.59828424, 0.000041305433, 0.801284), (-0.59828424, 0.000041305433, 0.801284), (-0.59828424, 0.000041305433, 0.801284), (0.8610396, 0, -0.50853795), (0.8610396, 0, -0.508538), (0.8610396, 0, -0.508538), (0.8610396, 0, -0.50853795), (0.1874512, 0, 0.98227394), (0.1874512, 0, 0.98227394), (0.18745121, 0, 0.98227394), (0.18745121, 0, 0.98227394), (0.38840035, -0.000025691159, -0.9214908), (0.38575542, -0.000025759182, -0.92260104), (0.5614841, -0.000020537565, -0.8274875), (0.5614841, -0.000020537565, -0.8274875), (-0.9709167, 0.03381927, -0.23701705), (-0.98600626, 0.015484612, -0.16598725), (-0.9705483, 0.040901594, -0.23740925), (-0.98581654, 0.018908313, -0.166758), (0.9693106, 0.028294144, 0.24420555), (0.969401, 0.027971698, 0.2438839), (0.9718869, 0.014138794, 0.23502344), (0.9716072, 0.015703134, 0.23607808), (0.9716072, 0.015703134, 0.23607808), (0.9718869, 0.014138794, 0.23502344), (0.9742538, 0, 0.22545414), (0.9742538, 0, 0.22545414), (-0.96100426, 0.02053041, -0.27577025), (-0.96062756, 0.018388137, -0.27723026), (-0.96344304, 0.036463775, -0.26542014), (-0.9635418, 0.03686984, -0.26500517), (-0.9485255, 0.020975893, -0.31600553), (-0.95585287, 0.03281483, -0.29200792), (-0.9488161, 0.013134159, -0.31555602), (-0.9575313, 0.021713987, -0.28751054), (0.96823674, 0.030249527, 0.2481987), (0.96780366, 0.03121585, 0.24976325), (0.969401, 0.027971698, 0.2438839), (0.9693106, 0.028294144, 0.24420555), (0.921507, 0, 0.3883617), (0.921507, 0, 0.3883617), (0.94257814, 0.028230522, 0.33279046), (0.9485743, 0.03742039, 0.31433502), (0.96431935, 0.038065795, 0.26199076), (0.9640199, 0.038590044, 0.26301393), (0.96780366, 0.03121585, 0.24976325), (0.96823674, 0.030249527, 0.2481987), (0.96819985, 0.042370796, 0.24656387), (0.9733313, 0.025918879, 0.22793496), (0.9683435, 0.031544745, 0.24762033), (0.97290826, 0.02040223, 0.23028915), (-0.96540684, 0.040707543, -0.25755125), (-0.9660283, 0.042266916, -0.25495654), (-0.966634, 0.043479346, -0.25244465), (-0.96683526, 0.04403644, -0.2515759), (-0.20252599, 0.92019224, -0.33500662), (-0.20252599, 0.92019224, -0.33500662), (-0.20252599, 0.92019224, -0.33500662), (-0.20252599, 0.92019224, -0.33500662), (-0.2115437, 0.82619345, -0.52216244), (-0.23622815, 0.9070071, -0.3486178), (-0.23824354, 0.9064179, -0.34877872), (-0.18125081, 0.77737916, -0.6023536), (-0.13166875, 0.6827971, -0.7186457), (-0.2115437, 0.82619345, -0.52216244), (-0.18125081, 0.77737916, -0.6023536), (-0.14234902, 0.6980518, -0.7017552), (-0.15454482, 0.71508336, -0.6817416), (-0.13166875, 0.6827971, -0.7186457), (-0.14234902, 0.6980518, -0.7017552), (-0.15454482, 0.71508336, -0.6817416), (-0.23622815, 0.9070071, -0.3486178), (-0.2096378, 0.9143784, -0.34635854), (-0.2096378, 0.9143784, -0.34635854), (-0.23824354, 0.9064179, -0.34877872), (-0.19832006, 0.93538934, -0.29277292), (-0.19832006, 0.93538934, -0.29277292), (-0.19832006, 0.93538934, -0.29277292), (-0.19832006, 0.93538934, -0.29277292), (-0.9445785, 0.000034334127, 0.3282855), (-0.9445785, 0.000034334127, 0.3282855), (-0.9445785, 0.000034334127, 0.3282855), (-0.9445785, 0.000034334127, 0.3282855), (0.9765615, 0, 0.21523848), (0.97656155, 0, 0.21523845), (0.97656155, 0, 0.21523845), (0.9765615, 0, 0.21523848), (-0.024739373, 0, 0.999694), (-0.024739373, 0, 0.999694), (-0.024739373, 0, 0.99969393), (-0.024739373, 0, 0.99969393), (0.7852561, -0.000026871805, -0.61917114), (0.78792834, -0.000026748346, -0.6157669), (0.8804676, -0.00002154606, -0.4741063), (0.8804676, -0.00002154606, -0.4741063), (0.707704, 0.0097550275, 0.7064417), (0.7057892, 0.013502298, 0.7082932), (0.68724275, 0.013488087, 0.7263026), (0.68069154, 0.009916304, 0.73250306), (-0.6829969, 0.039073434, -0.7293754), (-0.6862739, 0.0605735, -0.72481656), (-0.6896573, 0.098679446, -0.71738076), (-0.6909145, 0.10268178, -0.7156072), (-0.7459935, 0.07877019, -0.6612783), (-0.7699818, 0.05493196, -0.6356968), (-0.7490691, 0.08230061, -0.65736), (-0.7679334, 0.061998527, -0.6375222), (-0.70230746, 0.11304025, -0.7028415), (-0.7110109, 0.124841966, -0.69201016), (-0.713076, 0.13261513, -0.68843), (-0.7131925, 0.1327305, -0.688287), (0.6896548, 0.007111891, 0.72410333), (0.6810073, 0.0048525594, 0.73226047), (0.7170529, -0.0017035812, 0.69701666), (0.71755177, -0.0021594975, 0.69650185), (0.72462785, -0.006646278, 0.6891084), (0.72452426, -0.0063850903, 0.6892198), (0.72421396, -0.0039182273, 0.68956417), (0.7239681, -0.002510209, 0.6898288), (-0.75447035, 0.07718645, -0.65177965), (-0.8431776, 0.050061967, -0.5352993), (-0.9414114, 0, -0.3372604), (-0.8255436, 0, -0.56433845), (-0.7679334, 0.061998527, -0.6375222), (-0.7490691, 0.08230061, -0.65736), (-0.6432427, 0.08478374, -0.76095366), (-0.6137733, 0.06042335, -0.7871667), (0.72675955, -0.009144323, 0.686831), (0.7283541, -0.011210818, 0.68510926), (0.72452426, -0.0063850903, 0.6892198), (0.72462785, -0.006646278, 0.6891084), (0.7239681, -0.002510209, 0.6898288), (0.72421396, -0.0039182273, 0.68956417), (0.7235336, 0, 0.69028914), (0.7235336, 0, 0.69028914), (-0.022973837, 0.9004864, -0.43427685), (-0.022973837, 0.9004864, -0.43427685), (-0.022973837, 0.9004864, -0.43427685), (-0.022973837, 0.9004864, -0.43427685), (0.03336485, 0.7976292, -0.6022245), (-0.040013894, 0.8836269, -0.4664787), (-0.04453661, 0.8827824, -0.4676661), (0.10733111, 0.7293403, -0.6756795), (0.19243076, 0.6320166, -0.75068325), (0.03336485, 0.7976292, -0.6022245), (0.10733111, 0.7293403, -0.6756795), (0.17455481, 0.65114355, -0.7386086), (0.15842308, 0.6678131, -0.72727424), (0.19243076, 0.6320166, -0.75068325), (0.17455481, 0.65114355, -0.7386086), (0.15842308, 0.6678131, -0.72727424), (-0.040013894, 0.8836269, -0.4664787), (-0.0072022453, 0.88915145, -0.4575564), (-0.0072022453, 0.88915145, -0.4575564), (-0.04453661, 0.8827824, -0.4676661), (-0.03937084, 0.92045766, -0.38885418), (-0.03937084, 0.92045766, -0.38885418), (-0.03937084, 0.92045766, -0.38885418), (-0.03937084, 0.92045766, -0.38885418), (-0.9893214, 0.000003242112, -0.14575028), (-0.9893214, 0.000003242112, -0.14575028), (-0.9893214, 0.000003242112, -0.14575028), (-0.9893214, 0.000003242112, -0.14575028), (0.6825916, 0, 0.73080015), (0.68259156, 0, 0.73080003), (0.51272255, 0, 0.85855436), (0.42237413, 0.006093337, 0.9064011), (-0.39626738, 0, 0.9181351), (0.050595358, 0.03359635, 0.99815404), (-0.16154043, 0, 0.98686606), (-0.39626747, 0, 0.91813517), (0.9536919, 0.0000012726133, 0.30078503), (0.9536919, 0.0000012726133, 0.30078503), (0.9536919, 0.0000012726133, 0.30078503), (0.9536919, 0.0000012726133, 0.30078503), (0.3137584, 0.01488014, 0.9493862), (0.31402463, 0.014487601, 0.9493042), (0.42237413, 0.006093337, 0.9064011), (0.31690103, 0.0068413834, 0.948434), (-0.25561076, 0.010540152, -0.9667223), (-0.23175785, 0.005335325, -0.9727589), (-0.27216327, 0.0060860985, -0.9622318), (-0.27096123, 0.008842455, -0.9625497), (-0.27096123, 0.008842455, -0.9625497), (-0.27216327, 0.0060860985, -0.9622318), (-0.2748085, 0, -0.961499), (-0.2748085, 0, -0.961499), (0.314698, 0.01367121, 0.94909334), (0.31486335, 0.013531566, 0.94904053), (0.31402463, 0.014487601, 0.9493042), (0.3137584, 0.01488014, 0.9493862), (-0.29246214, 0.0855348, -0.9524441), (-0.28522438, 0.08606833, -0.9545885), (-0.31561822, 0.044389397, -0.94784737), (-0.31621838, 0.043934356, -0.94766855), (0.31690103, 0.0068413834, 0.948434), (0.42237413, 0.006093337, 0.9064011), (0.51272255, 0, 0.85855436), (0.31969038, 0, 0.94752204), (-0.2748496, 0.025765065, -0.9611419), (-0.14465314, 0.023012139, -0.98921484), (-0.28547946, 0.054358214, -0.956842), (-0.28643405, 0.055795882, -0.9564739), (0.28705955, 0.010041039, 0.9578601), (0.2790443, 0.009123714, 0.96023494), (0.31486335, 0.013531566, 0.94904053), (0.314698, 0.01367121, 0.94909334), (0.082850054, 0, 0.996562), (-0.16154043, 0, 0.98686606), (0.050595358, 0.03359635, 0.99815404), (0.20228526, 0.060438912, 0.9774599), (-0.31873283, 0.034621485, -0.9472121), (-0.3227004, 0.03213114, -0.94595563), (-0.25114843, 0.051578943, -0.96657336), (-0.2308241, 0.02766026, -0.97260225), (0.24448276, 0.9367722, -0.2503718), (0.064617604, 0.99563235, -0.06738523), (0.05928484, 0.99559414, -0.07264653), (0.0582258, 0.9958401, -0.07008848), (0.24103102, 0.9386, -0.24684842), (0.8352831, -0.000037051694, -0.54982007), (0.8352831, -0.000037051694, -0.54982007), (0.8352831, -0.000037051694, -0.54982007), (0.8352831, -0.000037051694, -0.54982007), (-0.7576902, 0, -0.65261436), (-0.7576902, 0, -0.65261436), (-0.75769025, 0, -0.6526144), (-0.75769025, 0, -0.6526144), (-0.14465314, 0.023012139, -0.98921484), (-0.017769359, 0, -0.99984217), (0.22974965, 0, -0.97324973), (0.22974966, 0, -0.9732498), (-0.90142083, 0.000034081353, 0.432944), (-0.90142083, 0.000034081353, 0.432944), (-0.90142083, 0.000034081353, 0.432944), (-0.90142083, 0.000034081353, 0.432944), (0.1732038, 0.902624, 0.39404362), (0.1732038, 0.902624, 0.39404362), (0.1732038, 0.902624, 0.39404362), (0.1732038, 0.902624, 0.39404362), (0.23573543, 0.85395145, 0.4638919), (0.22351065, 0.8694177, 0.44063103), (0.22351065, 0.8694177, 0.44063103), (0.23107848, 0.85996985, 0.45503253), (0.5458958, 0.58681554, 0.5980345), (0.56017244, 0.5712551, 0.59989536), (0.58128077, 0.54723996, 0.6021969), (0.5458958, 0.58681554, 0.5980345), (0.56017244, 0.5712551, 0.59989536), (0.5058336, 0.6370544, 0.5816305), (0.36866894, 0.76118106, 0.5335604), (0.58128077, 0.54723996, 0.6021969), (0.5058336, 0.6370544, 0.5816305), (0.23573543, 0.85395145, 0.4638919), (0.23107848, 0.85996985, 0.45503253), (0.36866894, 0.76118106, 0.5335604), (0.21059713, 0.8799936, 0.4257465), (0.21059713, 0.8799936, 0.4257465), (0.21059713, 0.8799936, 0.4257465), (0.21059713, 0.8799936, 0.4257465), (0.66902316, -0.00003130587, -0.7432415), (0.66902316, -0.00003130587, -0.7432415), (0.78792834, -0.000026748346, -0.6157669), (0.7852561, -0.000026871805, -0.61917114), (-0.8431776, 0.050061967, -0.5352993), (-0.9960971, 0, -0.08826386), (-0.99609715, 0, -0.08826386), (-0.9414114, 0, -0.3372604), (-0.16488451, 0, -0.98631287), (-0.16488451, 0, -0.9863129), (-0.16488451, 0, -0.9863129), (-0.16488451, 0, -0.98631287), (-0.5078653, 0.000051774605, 0.8614364), (-0.5078653, 0.000051774605, 0.8614364), (-0.5078653, 0.000051774605, 0.8614364), (-0.5078653, 0.000051774605, 0.8614364), (0.3042368, 0.92903715, 0.21054648), (0.3042368, 0.92903715, 0.21054648), (0.3042368, 0.92903715, 0.21054648), (0.3042368, 0.92903715, 0.21054648), (0.38930562, 0.88580036, 0.25258437), (0.37319392, 0.8963564, 0.23931436), (0.37319392, 0.8963564, 0.23931436), (0.38385436, 0.88944197, 0.24809037), (0.734829, 0.6499316, 0.19394654), (0.75097734, 0.6334977, 0.18631572), (0.7705443, 0.6124267, 0.17662103), (0.734829, 0.6499316, 0.19394654), (0.75097734, 0.6334977, 0.18631572), (0.6805437, 0.70384544, 0.20362163), (0.54943085, 0.8016581, 0.23552075), (0.7705443, 0.6124267, 0.17662103), (0.6805437, 0.70384544, 0.20362163), (0.38930562, 0.88580036, 0.25258437), (0.38385436, 0.88944197, 0.24809037), (0.54943085, 0.8016581, 0.23552075), (0.34246367, 0.9147499, 0.21436235), (0.34246367, 0.9147499, 0.21436235), (0.34246367, 0.9147499, 0.21436235), (0.34246367, 0.9147499, 0.21436235), (0.19795962, -0.00002989063, -0.9802101), (0.19795962, -0.00002989063, -0.9802101), (0.38575542, -0.000025759182, -0.92260104), (0.38840035, -0.000025691159, -0.9214908), (-0.7850036, 0, 0.6194912), (-0.7850036, 0, 0.6194912), (-0.7850036, 0, 0.61949116), (-0.7850036, 0, 0.61949116), (-0.35587397, 0, -0.93453395), (-0.3558739, 0, -0.93453395), (-0.3558739, 0, -0.93453395), (-0.35587397, 0, -0.93453395), (-0.11233454, 0.000041635518, 0.99367046), (-0.11233454, 0.000041635518, 0.99367046), (-0.11233454, 0.000041635518, 0.99367046), (-0.11233454, 0.000041635518, 0.99367046), (0.37459365, 0.9265039, 0.03564037), (0.37459365, 0.9265039, 0.03564037), (0.37459365, 0.9265039, 0.03564037), (0.37459365, 0.9265039, 0.03564037), (0.4297894, 0.9025711, 0.025425656), (0.41660783, 0.90895265, 0.015592675), (0.41660783, 0.90895265, 0.015592675), (0.42678624, 0.9040555, 0.023177313), (0.38783503, 0.92171633, 0.0047937525), (0.38783503, 0.92171633, 0.0047937525), (0.38783503, 0.92171633, 0.0047937525), (0.38783503, 0.92171633, 0.0047937525), (0.65465117, 0.71903425, -0.23328422), (0.66428447, 0.70161706, -0.25779766), (0.66972965, 0.69086546, -0.2723363), (0.65465117, 0.71903425, -0.23328422), (0.66428447, 0.70161706, -0.25779766), (0.59999293, 0.7815335, -0.1709211), (0.55176747, 0.8274757, -0.10409851), (0.66972965, 0.69086546, -0.2723363), (0.59999293, 0.7815335, -0.1709211), (0.4297894, 0.9025711, 0.025425656), (0.42678624, 0.9040555, 0.023177313), (0.55176747, 0.8274757, -0.10409851), (0.8357494, 0, -0.5491109), (0.83574945, 0, -0.54911095), (0.8773932, -5.7392004e-8, -0.47977203), (0.87746286, -4.5995844e-7, -0.4796445), (0.6010428, 0, -0.7992168), (0.60104287, 0, -0.79921687), (0.654966, 0, -0.7556583), (0.654966, 0, -0.7556583), (-0.4398416, 0.20978509, 0.8732294), (-0.56255406, 0.22308496, 0.7960942), (-0.57274693, 0.22402598, 0.78852606), (0.051364824, 0.99536425, -0.08131177), (0.051364824, 0.99536425, -0.08131177), (0.051364824, 0.99536425, -0.08131177), (0.05846823, 0.9954437, -0.07532124), (0.057534415, 0.9954382, -0.07610938), (-0.26968375, 0.8937642, 0.35840783), (-0.22459377, 0.8966163, 0.38162413), (-0.05706003, 0.8875557, 0.45715317), (-0.42167157, 0.8656084, 0.27002802), (-0.22459377, 0.8966163, 0.38162413), (-0.26968375, 0.8937642, 0.35840783), (0.07942833, 0.9962583, -0.03406535), (-0.3070975, 0.9361698, 0.17110622), (-0.12002044, 0.9905346, 0.066605754), (0.070272066, 0.99629885, -0.049501654), (0.07820624, 0.9954562, -0.05432047), (0.07820624, 0.9954562, -0.05432047), (0.082830586, 0.9954976, -0.046084434), (-0.12002044, 0.9905346, 0.066605754), (0.052954122, 0.99574494, -0.07541786), (0.21425112, 0.94227934, -0.25730544), (0.0582258, 0.9958401, -0.07008848), (0.0582258, 0.9958401, -0.07008848), (0.21425112, 0.94227934, -0.25730544), (0.24103102, 0.9386, -0.24684842), (-0.11684111, 0.8860296, 0.44866443), (0, 0.8921402, 0.4517587), (0, 0.89214015, 0.45175868), (0.46287414, 0.86241883, -0.20489365), (0.45237648, 0.8688006, -0.20134829), (0.49390143, 0.84136975, -0.21945001), (0.47137064, 0.8432259, -0.25841796), (0.55191493, 0.7774186, -0.30167896), (0.42459676, 0.86032766, -0.28205308), (0.6771238, 0.6389895, -0.36496007), (0.55191493, 0.7774186, -0.30167896), (-0.03116438, 0.99532783, -0.091385074), (1.0760477e-8, 0.9958116, -0.09142945), (9.979453e-9, 0.9958116, -0.09142945), (-0.03116438, 0.99532783, -0.091385074), (-0.03116438, 0.99532783, -0.091385074), (-0.26188534, 0.0029661327, 0.96509445), (-0.2870582, 0.010043206, 0.9578605), (-0.27904266, 0.009125766, 0.96023536), (-0.26191863, 0.0029576856, 0.9650854), (0.64918923, 0.08817062, -0.75549936), (0.75447035, 0.07718916, -0.6517793), (0.8431776, 0.050063733, -0.53529906), (0.6107326, 0.056919944, -0.7897884), (0.9571234, 0, -0.2896804), (0.9610044, 0.020530451, -0.27576977), (0.9606277, 0.018388174, -0.27722988), (0.9571234, 0, -0.2896804), (0.23082341, 0.027660815, -0.9726024), (0.25561088, 0.010540516, -0.96672225), (0.23175786, 0.005335749, -0.9727589), (0.2511472, 0.05157955, -0.96657366), (-0.4713706, 0.8432259, -0.25841793), (-0.2921891, 0.94263834, -0.16142635), (-0.53030145, 0.8145003, -0.23530759), (-0.4939014, 0.8413698, -0.21945), (-0.6807043, 0.009915719, 0.73249114), (-0.68966264, 0.0071125436, 0.72409594), (-0.6810201, 0.0048531396, 0.7322486), (-0.68725175, 0.013487138, 0.72629404), (-0.21425115, 0.94227934, -0.25730547), (-0.34781215, 0.843657, -0.40898597), (-0.32270834, 0.837142, -0.44164765), (-0.34015188, 0.8146591, -0.46970978), (-0.34015188, 0.8146591, -0.46970978), (-0.034722537, 0.9957353, -0.085472524), (-1.3276556e-8, 0.9963361, -0.0855241), (-5.3397775e-9, 0.9960371, -0.088939086), (-0.03512552, 0.9955001, -0.08801023), (-0.21378545, 0.84366316, -0.49247152), (0, 0.8558417, -0.5172377), (0, 0.8353701, -0.54968786), (-0.22790712, 0.8133856, -0.5352217), (0.9168933, 8.1529345e-7, 0.3991324), (0.9168933, 8.1529345e-7, 0.3991324), (0.8727984, 7.3801453e-7, 0.48808095), (0.87281877, 4.9971618e-8, 0.4880444), (0.9168933, 0, 0.3991324), (0.69091034, 0.1026813, -0.71561116), (0.7023053, 0.113040164, -0.7028436), (0.71100986, 0.12484093, -0.69201136), (0.6896532, 0.09867989, -0.7173846), (0.67391, 0, 0.7388135), (0.67391, 0, 0.7388135), (0.60484487, -5.244195e-8, 0.7963433), (0.6039026, -1.7831542e-8, 0.79705817), (0.67391, -3.5515196e-8, 0.73881346), (-0.37670082, 0.01704106, 0.9261783), (-0.26588818, 0.020956736, 0.96377605), (-0.26633912, 0.01971313, 0.96367776), (-0.30941603, 0.030999318, 0.95042133), (-0.94857544, 0.03741997, 0.31433168), (-0.96819985, 0.042370334, 0.24656394), (-0.9733313, 0.02591859, 0.22793506), (-0.94257987, 0.028230209, 0.33278582), (0.9670087, 0.018869478, -0.25404328), (0.9685706, 0, -0.24873883), (0.9685706, 0, -0.24873883), (0.96741456, 0.014377393, -0.25278923), (0.31622714, 0.043935034, -0.9476656), (0.31874052, 0.034622442, -0.94720954), (0.32270873, 0.032132108, -0.9459528), (0.3156269, 0.044390064, -0.94784445), (-0.08486755, 0.9956859, -0.03750997), (-0.2921891, 0.94263834, -0.16142635), (-0.081777535, 0.9956205, -0.04530185), (-0.086091414, 0.9955628, -0.03798828), (-0.704943, 0.004884498, 0.7092471), (-0.7077044, 0.009753862, 0.70644134), (-0.70578974, 0.013500945, 0.7082927), (-0.707619, 0.00319181, 0.70658696), (-0.086091414, 0.9955628, -0.03798828), (-0.081777535, 0.9956205, -0.04530185), (-0.08292603, 0.9954916, -0.04604115), (-0.08715675, 0.995454, -0.038404636), (-0.20146608, 0.86712486, -0.45552808), (0, 0.88527703, -0.465064), (0, 0.8558417, -0.5172377), (-0.21378545, 0.84366316, -0.49247152), (-0.9534546, 0.036283895, 0.29934555), (-0.9643192, 0.038065698, 0.26199117), (-0.96401983, 0.038589776, 0.26301444), (-0.9170808, 0.01647367, 0.39836082), (-0.07355313, 0.99676985, -0.032246966), (-0.06993845, 0.99679965, -0.038716223), (-0.06981827, 0.9967998, -0.03893117), (-0.07355313, 0.99676985, -0.032246966), (-0.064475596, 0.99544376, -0.07024658), (-0.058468234, 0.9954437, -0.07532118), (-0.05753442, 0.99543816, -0.076109305), (-0.064475596, 0.99544376, -0.07024658), (-0.064475596, 0.99544376, -0.07024658), (-0.3294683, -0.000027308093, -0.9441667), (-0.3294683, -0.000027308093, -0.9441667), (-0.3294683, -0.000027308093, -0.9441667), (-0.3294683, -0.000027308093, -0.9441667), (0.9575302, 0.021713784, -0.28751424), (0.9670087, 0.018869478, -0.25404328), (0.96741456, 0.014377393, -0.25278923), (0.9488138, 0.013133967, -0.31556296), (0.36125162, 0.000043195087, 0.93246835), (0.36125162, 0.000043195087, 0.93246835), (0.36125162, 0.000043195087, 0.93246835), (0.36125162, 0.000043195087, 0.93246835), (-0.6991146, 0.0043767635, 0.7149962), (-0.704943, 0.004884498, 0.7092471), (-0.707619, 0.00319181, 0.70658696), (-0.6984323, 0.003410042, 0.71566796), (-0.081777535, 0.9956205, -0.04530185), (-0.2921891, 0.94263834, -0.16142635), (-0.26071987, 0.9496374, -0.17382155), (-0.07771999, 0.9955935, -0.05247105), (0.2864342, 0.055796962, -0.9564738), (0.29776552, 0.06396211, -0.95249385), (0.30545577, 0.070588164, -0.9495863), (0.28548095, 0.054359432, -0.95684147), (-0.03512552, 0.9955001, -0.08801023), (-5.3397775e-9, 0.9960371, -0.088939086), (0, 0.99584746, -0.091037884), (-0.035596963, 0.99521625, -0.09098019), (0.9668351, 0.044036657, -0.25157624), (0.9709165, 0.033820286, -0.23701762), (0.98600626, 0.015485375, -0.1659875), (0.96663386, 0.043479666, -0.25244507), (-0.6960073, 0, 0.71803474), (-0.6991146, 0.0043767635, 0.7149962), (-0.6984323, 0.003410042, 0.71566796), (-0.6960073, 0, 0.71803474), (0.62848777, 0.000039841456, 0.77781945), (0.62848896, 0.000039841514, 0.77781844), (0.56362766, 0.000036612648, 0.8260289), (0.56362766, 0.000036612648, 0.8260289), (0.29776552, 0.06396211, -0.95249385), (0.29246235, 0.08553413, -0.9524441), (0.2852246, 0.08606782, -0.95458853), (0.30545577, 0.070588164, -0.9495863), (-0.028216163, 0.99663466, -0.07696246), (0, 0.9970316, -0.076993115), (0, 0.9970317, -0.076993115), (-0.028216163, 0.99663466, -0.07696246), (-8.914792e-7, 0, 0.99999994), (-8.914792e-7, 0, 0.99999994), (-8.914792e-7, 0, 0.99999994), (-8.914792e-7, 0, 0.99999994), (0.6761887, 0, -0.7367285), (0.68299294, 0.03907291, -0.7293792), (0.6862698, 0.06057269, -0.7248205), (0.6761887, 0, -0.7367285), (0.62848896, 0.000039841514, 0.77781844), (0.62848777, 0.000039841456, 0.77781945), (0.6892443, 0.000042810112, 0.724529), (0.6892443, 0.000042810112, 0.724529), (-0.87345195, -0.000027670536, -0.48691025), (-0.8734512, -0.000027670523, -0.48691177), (-0.8223514, -0.000026886766, -0.56898), (-0.8223514, -0.000026886766, -0.56898), (-0.6114392, -0.000026917769, -0.79129136), (-0.6114401, -0.000026917776, -0.79129076), (-0.6786145, -0.00002739336, -0.73449475), (-0.6786145, -0.00002739336, -0.73449475), (-0.8734512, -0.000027670523, -0.48691177), (-0.87345195, -0.000027670536, -0.48691025), (-0.91638803, -0.000028195667, -0.40029114), (-0.91638803, -0.000028195667, -0.40029114), (-0.26588818, 0.020956736, 0.96377605), (-0.26188534, 0.0029661327, 0.96509445), (-0.26191863, 0.0029576856, 0.9650854), (-0.26633912, 0.01971313, 0.96367776), (-0.9729084, 0.020401413, 0.2302891), (-0.9168407, 0.018292777, 0.3988339), (-0.95246214, 0.039940093, 0.3020276), (-0.9683435, 0.031543482, 0.24762021), (-0.9924533, -0.000022795959, -0.1226235), (-0.9924533, -0.000022795959, -0.1226235), (-0.9924533, -0.000022795959, -0.1226235), (-0.9924533, -0.000022795959, -0.1226235), (-0.6114401, -0.000026917776, -0.79129076), (-0.6114392, -0.000026917769, -0.79129136), (-0.5395334, -0.000026233889, -0.8419642), (-0.5395334, -0.000026233889, -0.8419642), (0.992435, 0, 0.12277125), (0.99243504, 0, 0.12277127), (0.99243504, 0, 0.12277127), (0.992435, 0, 0.12277125), (0.3070975, 0.9361698, 0.17110622), (0.12002042, 0.9905346, 0.066605724), (-0.0702721, 0.99629885, -0.049501725), (0.87281877, 4.9971618e-8, 0.4880444), (0.8727984, 7.3801453e-7, 0.48808095), (0.8201487, 6.5353555e-7, 0.5721504), (0.8201487, 6.5353555e-7, 0.5721504), (0.82014877, 9.9451114e-8, 0.57215035), (0.56255406, 0.22308496, 0.7960942), (0.57274693, 0.22402598, 0.78852606), (0.6813776, 0.23212051, 0.6941503), (0.6039026, -1.7831542e-8, 0.79705817), (0.60484487, -5.244195e-8, 0.7963433), (0.5288867, -1.05819154e-7, 0.8486925), (0.5288867, -1.05819154e-7, 0.8486925), (0.5288866, 0, 0.8486925), (0.3155355, 6.3787056e-8, 0.9489138), (0.31553546, 6.378705e-9, 0.94891375), (0.31553546, 6.378705e-9, 0.94891375), (0.3155355, 6.3787056e-8, 0.9489138), (0.3155355, 6.3787056e-8, 0.9489138), (-0.99178827, 0, -0.12789102), (-0.99178827, 0, -0.12789102), (-0.9917882, 0, -0.127891), (-0.9917882, 0, -0.127891), (-0.34781215, 0.843657, -0.40898597), (-0.21425115, 0.94227934, -0.25730547), (-0.24103114, 0.9385999, -0.2468484), (-0.24448285, 0.9367721, -0.25037178), (-0.37377974, 0.84612894, -0.37994012), (-0.4713706, 0.8432259, -0.25841793), (-0.55191493, 0.7774186, -0.30167896), (-0.4245968, 0.8603276, -0.28205317), (-0.45066777, 0.8411185, -0.29902893), (-0.2955924, 0.8683412, -0.39825714), (-0.32270834, 0.837142, -0.44164765), (-0.34781215, 0.843657, -0.40898597), (-0.3235894, 0.8705009, -0.37083435), (-0.3235894, 0.8705009, -0.37083435), (-0.34781215, 0.843657, -0.40898597), (-0.37377974, 0.84612894, -0.37994012), (-0.3453016, 0.87125814, -0.34882104), (-0.41127715, 0, -0.91151035), (-0.41127715, 0, -0.91151035), (-0.41127715, 0, -0.91151035), (-0.41127715, 0, -0.91151035), (0.61376417, 0.060420126, -0.787174), (0.64918923, 0.08817062, -0.75549936), (0.6107326, 0.056919944, -0.7897884), (0.6432377, 0.08477956, -0.7609584), (-0.7175523, -0.0021607552, 0.6965012), (-0.7267576, -0.009144709, 0.6868332), (-0.72835314, -0.011212284, 0.6851103), (-0.7170535, -0.0017047673, 0.6970161), (0.7131932, 0.13272691, -0.6882869), (0.74598837, 0.07876713, -0.66128445), (0.7699739, 0.054929793, -0.63570654), (0.7130767, 0.13261154, -0.6884299), (0.8749332, 0.000032624488, 0.48424378), (0.87493545, 0.000032624306, 0.48423946), (0.8274547, 0.000035825768, 0.5615325), (0.8274547, 0.000035825768, 0.5615325), (-0.06981827, 0.9967998, -0.03893117), (-0.06993845, 0.99679965, -0.038716223), (-0.06619965, 0.996773, -0.045398176), (-0.06619965, 0.996773, -0.045398176), (-0.08292603, 0.9954916, -0.04604115), (-0.081777535, 0.9956205, -0.04530185), (-0.07771999, 0.9955935, -0.05247105), (-0.07884142, 0.99545586, -0.053399768), (-0.8773931, 5.739184e-8, -0.47977215), (-0.87746286, -3.4496898e-7, -0.47964457), (-0.9132968, -6.8645056e-7, -0.4072946), (-0.9132968, -6.8645056e-7, -0.4072946), (-0.9132968, 1.144082e-7, -0.40729454), (-0.05501942, 0.99675554, -0.058748122), (-0.050412845, 0.9967463, -0.062891), (-0.04944298, 0.9967395, -0.06376271), (-0.05501942, 0.99675554, -0.058748122), (-0.6771238, 0.6389895, -0.36496007), (-0.55191493, 0.7774186, -0.30167896), (-0.46287417, 0.8624188, -0.20489366), (-0.08731626, 0.9954526, -0.038078938), (-0.08283062, 0.9954976, -0.046084497), (0.12002042, 0.9905346, 0.066605724), (-0.07942836, 0.9962583, -0.03406539), (-0.08731626, 0.9954526, -0.038078938), (-0.30727217, 0.07059984, 0.94899917), (-0.37670082, 0.01704106, 0.9261783), (-0.30941603, 0.030999318, 0.95042133), (-0.38028082, 0.03665985, 0.92414427), (0.2641885, 0, -0.96447104), (0.2748518, 0.025765447, -0.9611413), (0.14465429, 0.023012482, -0.98921466), (0.017770061, 0, -0.9998421), (-0.20228325, 0.060440067, 0.9774602), (-0.30727217, 0.07059984, 0.94899917), (-0.38028082, 0.03665985, 0.92414427), (-0.05059271, 0.033596985, 0.9981541), (0.99249566, 0.000015733387, 0.12227956), (0.99249566, 0.000015733387, 0.12227956), (0.99249566, 0.000015733387, 0.12227956), (0.99249566, 0.000015733387, 0.12227956), (-0.0799868, 0.9967471, -0.009870103), (-0.0799868, 0.9967471, -0.009870103), (-0.0799868, 0.9967471, -0.009870103), (-0.0799868, 0.9967471, -0.009870103), (-0.09467438, 0.9954394, -0.0117124785), (-0.094680235, 0.9954388, -0.01171156), (-0.09485755, 0.9954222, -0.011683716), (-0.09485755, 0.9954222, -0.011683716), (-0.49933112, 0.86404866, -0.06394009), (-0.49933112, 0.86404866, -0.06394009), (-0.54659826, 0.83450824, -0.06947191), (-0.54529244, 0.83537483, -0.06931933), (-0.54529244, 0.83537483, -0.06931933), (-0.54659826, 0.83450824, -0.06947191), (-0.5841179, 0.8083022, -0.07385006), (-0.5841179, 0.8083022, -0.07385006), (-0.09446035, 0.9954593, -0.011746081), (-0.09446035, 0.9954593, -0.011746081), (-0.094680235, 0.9954388, -0.01171156), (-0.09467438, 0.9954394, -0.0117124785), (-0.09485202, 0.99542236, -0.011727159), (-0.09485202, 0.99542236, -0.011727159), (-0.09485202, 0.99542236, -0.011727159), (-0.09485202, 0.99542236, -0.011727159), (0.98581654, 0.018908206, -0.16675793), (0.94852316, 0.02097531, -0.31601223), (0.9558517, 0.032814026, -0.29201165), (0.97054833, 0.040900733, -0.23740916), (-0.9168407, 0.018292777, 0.3988339), (-0.9534546, 0.036283895, 0.29934555), (-0.9170808, 0.01647367, 0.39836082), (-0.95246214, 0.039940093, 0.3020276), (0.963542, 0.03686981, -0.26500475), (0.9654068, 0.040707197, -0.25755137), (0.9660283, 0.04226652, -0.25495672), (0.9634431, 0.036463704, -0.26541987), (0.87493545, 0.000032624306, 0.48423946), (0.8749332, 0.000032624488, 0.48424378), (0.9152148, 0.000029154586, 0.40296626), (0.9152148, 0.000029154586, 0.40296626), (-0.04944298, 0.9967395, -0.06376271), (-0.050412845, 0.9967463, -0.062891), (-0.044815652, 0.9966837, -0.067919195), (-0.044815652, 0.9966837, -0.067919195), (-0.05928486, 0.9955942, -0.072646596), (-0.058225818, 0.9958401, -0.070088424), (-0.052954145, 0.99574494, -0.075417794), (-0.052966874, 0.99574083, -0.07546359), (-0.0540842, 0.9954761, -0.078116626), (-0.05928486, 0.9955942, -0.072646596), (-0.059785303, 0.9953852, -0.075059995), (-0.0659532, 0.995425, -0.06913165), (-0.06461763, 0.99563235, -0.067385204), (-0.654966, 0, -0.7556583), (-0.654966, 0, -0.7556583), (-0.7057421, 0, -0.70846885), (-0.7057421, 0, -0.70846885), (-0.2921891, 0.94263834, -0.16142635), (-0.4713706, 0.8432259, -0.25841793), (-0.45066777, 0.8411185, -0.29902893), (-0.26071987, 0.9496374, -0.17382155), (-0.059785303, 0.9953852, -0.075059995), (-0.05928486, 0.9955942, -0.072646596), (-0.0540842, 0.9954761, -0.078116626), (-0.054808434, 0.9953001, -0.0798365), (0.3740445, 0.843486, -0.38551527), (0.3716528, 0.8305923, -0.41471756), (0.3584138, 0.9145934, -0.18723916), (0.35926127, 0.9143217, -0.18694164), (0.35742477, 0.7416796, -0.5675904), (0.3606838, 0.7469867, -0.5584963), (0.3716528, 0.8305923, -0.41471756), (0.3740445, 0.843486, -0.38551527), (0.37163156, 0.76466393, -0.52647793), (0.37163156, 0.76466393, -0.52647793), (0.3606838, 0.7469867, -0.5584963), (0.35742477, 0.7416796, -0.5675904), (0.30010152, 0.936629, -0.180735), (0.30010152, 0.936629, -0.180735), (0.30010152, 0.936629, -0.180735), (0.30010152, 0.936629, -0.180735), (0.35926127, 0.9143217, -0.18694164), (0.3584138, 0.9145934, -0.18723916), (0.33752364, 0.92100644, -0.19448662), (0.33752364, 0.92100644, -0.19448662), (0.30035612, 0.94150025, -0.1528513), (0.30035612, 0.94150025, -0.1528513), (0.30035612, 0.94150025, -0.1528513), (0.30035612, 0.94150025, -0.1528513), (0.5982842, 0.000041393374, 0.801284), (0.5982842, 0.000041393374, 0.801284), (0.5982842, 0.000041393374, 0.801284), (0.5982842, 0.000041393374, 0.801284), (-0.8610396, 0, -0.50853795), (-0.8610396, 0, -0.50853795), (-0.8610396, 0, -0.508538), (-0.8610396, 0, -0.508538), (-0.1874512, 0, 0.98227394), (-0.18745121, 0, 0.98227394), (-0.18745121, 0, 0.98227394), (-0.1874512, 0, 0.98227394), (-0.3884118, -0.000025591167, -0.9214859), (-0.56149375, -0.000020541756, -0.8274809), (-0.56149375, -0.000020541756, -0.8274809), (-0.38576692, -0.000025657693, -0.92259634), (0.9709165, 0.033820286, -0.23701762), (0.98581654, 0.018908206, -0.16675793), (0.97054833, 0.040900733, -0.23740916), (0.98600626, 0.015485375, -0.1659875), (-0.9693105, 0.028293913, 0.24420606), (-0.971607, 0.015703222, 0.2360788), (-0.97188675, 0.014138876, 0.23502412), (-0.969401, 0.02797134, 0.24388412), (-0.971607, 0.015703222, 0.2360788), (-0.9742538, 0, 0.22545414), (-0.9742538, 0, 0.22545414), (-0.97188675, 0.014138876, 0.23502412), (0.9610044, 0.020530451, -0.27576977), (0.963542, 0.03686981, -0.26500475), (0.9634431, 0.036463704, -0.26541987), (0.9606277, 0.018388174, -0.27722988), (0.94852316, 0.02097531, -0.31601223), (0.9575302, 0.021713784, -0.28751424), (0.9488138, 0.013133967, -0.31556296), (0.9558517, 0.032814026, -0.29201165), (-0.9682368, 0.030249551, 0.24819829), (-0.9693105, 0.028293913, 0.24420606), (-0.969401, 0.02797134, 0.24388412), (-0.9678037, 0.031216105, 0.2497629), (-0.921507, 0, 0.3883617), (-0.94857544, 0.03741997, 0.31433168), (-0.94257987, 0.028230209, 0.33278582), (-0.921507, 0, 0.3883617), (-0.9643192, 0.038065698, 0.26199117), (-0.9682368, 0.030249551, 0.24819829), (-0.9678037, 0.031216105, 0.2497629), (-0.96401983, 0.038589776, 0.26301444), (-0.96819985, 0.042370334, 0.24656394), (-0.9729084, 0.020401413, 0.2302891), (-0.9683435, 0.031543482, 0.24762021), (-0.9733313, 0.02591859, 0.22793506), (0.9654068, 0.040707197, -0.25755137), (0.9668351, 0.044036657, -0.25157624), (0.96663386, 0.043479666, -0.25244507), (0.9660283, 0.04226652, -0.25495672), (0.20252478, 0.9201921, -0.3350078), (0.20252478, 0.9201921, -0.3350078), (0.20252478, 0.9201921, -0.3350078), (0.20252478, 0.9201921, -0.3350078), (0.2115434, 0.8261928, -0.5221637), (0.18125014, 0.7773785, -0.60235465), (0.23824345, 0.9064177, -0.34877926), (0.236228, 0.907007, -0.34861827), (0.13166706, 0.6827969, -0.7186461), (0.142347, 0.6980521, -0.7017554), (0.18125014, 0.7773785, -0.60235465), (0.2115434, 0.8261928, -0.5221637), (0.1545424, 0.7150842, -0.68174136), (0.1545424, 0.7150842, -0.68174136), (0.142347, 0.6980521, -0.7017554), (0.13166706, 0.6827969, -0.7186461), (0.236228, 0.907007, -0.34861827), (0.23824345, 0.9064177, -0.34877926), (0.20963718, 0.9143787, -0.34635806), (0.20963718, 0.9143787, -0.34635806), (0.19831954, 0.935389, -0.29277408), (0.19831954, 0.935389, -0.29277408), (0.19831954, 0.935389, -0.29277408), (0.19831954, 0.935389, -0.29277408), (0.9445785, 0.000035580026, 0.32828546), (0.9445785, 0.000035580026, 0.32828546), (0.9445785, 0.000035580026, 0.32828546), (0.9445785, 0.000035580026, 0.32828546), (-0.9765615, 0, 0.21523848), (-0.9765615, 0, 0.21523848), (-0.97656155, 0, 0.21523845), (-0.97656155, 0, 0.21523845), (0.024739373, 0, 0.999694), (0.024739373, 0, 0.99969393), (0.024739373, 0, 0.99969393), (0.024739373, 0, 0.999694), (-0.7852592, -0.000025713172, -0.6191672), (-0.8804693, -0.000019760428, -0.47410306), (-0.8804693, -0.000019760428, -0.47410306), (-0.7879314, -0.00002557359, -0.61576295), (-0.7077044, 0.009753862, 0.70644134), (-0.6807043, 0.009915719, 0.73249114), (-0.68725175, 0.013487138, 0.72629404), (-0.70578974, 0.013500945, 0.7082927), (0.68299294, 0.03907291, -0.7293792), (0.69091034, 0.1026813, -0.71561116), (0.6896532, 0.09867989, -0.7173846), (0.6862698, 0.06057269, -0.7248205), (0.74598837, 0.07876713, -0.66128445), (0.76792645, 0.061995476, -0.63753086), (0.74906456, 0.0822966, -0.6573656), (0.7699739, 0.054929793, -0.63570654), (0.7023053, 0.113040164, -0.7028436), (0.7131932, 0.13272691, -0.6882869), (0.7130767, 0.13261154, -0.6884299), (0.71100986, 0.12484093, -0.69201136), (-0.68966264, 0.0071125436, 0.72409594), (-0.7175523, -0.0021607552, 0.6965012), (-0.7170535, -0.0017047673, 0.6970161), (-0.6810201, 0.0048531396, 0.7322486), (-0.72462547, -0.0066468054, 0.6891108), (-0.7239675, -0.002510716, 0.6898295), (-0.724213, -0.0039190175, 0.68956524), (-0.7245211, -0.006384743, 0.68922293), (0.75447035, 0.07718916, -0.6517793), (0.8255436, 0, -0.56433845), (0.9414114, 0, -0.33726043), (0.8431776, 0.050063733, -0.53529906), (0.76792645, 0.061995476, -0.63753086), (0.61376417, 0.060420126, -0.787174), (0.6432377, 0.08477956, -0.7609584), (0.74906456, 0.0822966, -0.6573656), (-0.7267576, -0.009144709, 0.6868332), (-0.72462547, -0.0066468054, 0.6891108), (-0.7245211, -0.006384743, 0.68922293), (-0.72835314, -0.011212284, 0.6851103), (-0.7239675, -0.002510716, 0.6898295), (-0.7235336, 0, 0.69028914), (-0.7235336, 0, 0.69028914), (-0.724213, -0.0039190175, 0.68956524), (0.022975307, 0.9004862, -0.43427745), (0.022975307, 0.9004862, -0.43427745), (0.022975307, 0.9004862, -0.43427745), (0.022975307, 0.9004862, -0.43427745), (-0.033365548, 0.7976285, -0.6022254), (-0.107331604, 0.72933954, -0.6756802), (0.0445361, 0.8827823, -0.4676666), (0.040013444, 0.8836267, -0.4664791), (-0.19242977, 0.6320162, -0.75068384), (-0.17455244, 0.65114343, -0.7386092), (-0.107331604, 0.72933954, -0.6756802), (-0.033365548, 0.7976285, -0.6022254), (-0.15841949, 0.6678133, -0.72727484), (-0.15841949, 0.6678133, -0.72727484), (-0.17455244, 0.65114343, -0.7386092), (-0.19242977, 0.6320162, -0.75068384), (0.040013444, 0.8836267, -0.4664791), (0.0445361, 0.8827823, -0.4676666), (0.007202246, 0.8891516, -0.45755613), (0.007202246, 0.8891516, -0.45755613), (0.039371192, 0.92045754, -0.3888545), (0.039371192, 0.92045754, -0.3888545), (0.039371192, 0.92045754, -0.3888545), (0.039371192, 0.92045754, -0.3888545), (0.9893214, 0.0000051752495, -0.14575022), (0.9893214, 0.0000051752495, -0.14575022), (0.9893214, 0.0000051752495, -0.14575022), (0.9893214, 0.0000051752495, -0.14575022), (-0.6825916, 0, 0.73080015), (-0.42237458, 0.0060939877, 0.9064009), (-0.51272255, 0, 0.85855436), (-0.68259156, 0, 0.73080003), (0.39626738, 0, 0.9181351), (0.39626747, 0, 0.91813517), (0.1615404, 0, 0.98686606), (-0.05059271, 0.033596985, 0.9981541), (-0.95369166, 0, 0.30078596), (-0.95369166, 0, 0.30078596), (-0.95369166, 0, 0.30078596), (-0.95369166, 0, 0.30078596), (-0.3137572, 0.014880526, 0.94938666), (-0.31690153, 0.0068421136, 0.94843376), (-0.42237458, 0.0060939877, 0.9064009), (-0.31402186, 0.014487149, 0.94930524), (0.25561088, 0.010540516, -0.96672225), (0.2709613, 0.008842672, -0.96254957), (0.27216333, 0.006086248, -0.9622318), (0.23175786, 0.005335749, -0.9727589), (0.2709613, 0.008842672, -0.96254957), (0.2748085, 0, -0.961499), (0.2748085, 0, -0.961499), (0.27216333, 0.006086248, -0.9622318), (-0.31469467, 0.013671102, 0.94909453), (-0.3137572, 0.014880526, 0.94938666), (-0.31402186, 0.014487149, 0.94930524), (-0.31486112, 0.013532391, 0.94904137), (0.29246235, 0.08553413, -0.9524441), (0.31622714, 0.043935034, -0.9476656), (0.3156269, 0.044390064, -0.94784445), (0.2852246, 0.08606782, -0.95458853), (-0.31690153, 0.0068421136, 0.94843376), (-0.31969038, 0, 0.94752204), (-0.51272255, 0, 0.85855436), (-0.42237458, 0.0060939877, 0.9064009), (0.2748518, 0.025765447, -0.9611413), (0.2864342, 0.055796962, -0.9564738), (0.28548095, 0.054359432, -0.95684147), (0.14465429, 0.023012482, -0.98921466), (-0.2870582, 0.010043206, 0.9578605), (-0.31469467, 0.013671102, 0.94909453), (-0.31486112, 0.013532391, 0.94904137), (-0.27904266, 0.009125766, 0.96023536), (-0.082850054, 0, 0.996562), (-0.20228325, 0.060440067, 0.9774602), (-0.05059271, 0.033596985, 0.9981541), (0.1615404, 0, 0.98686606), (0.31874052, 0.034622442, -0.94720954), (0.23082341, 0.027660815, -0.9726024), (0.2511472, 0.05157955, -0.96657366), (0.32270873, 0.032132108, -0.9459528), (-0.24448285, 0.9367721, -0.25037178), (-0.24103114, 0.9385999, -0.2468484), (-0.058225818, 0.9958401, -0.070088424), (-0.05928486, 0.9955942, -0.072646596), (-0.06461763, 0.99563235, -0.067385204), (-0.83528435, -0.00003807599, -0.5498182), (-0.83528435, -0.00003807599, -0.5498182), (-0.83528435, -0.00003807599, -0.5498182), (-0.83528435, -0.00003807599, -0.5498182), (0.7576902, 0, -0.65261436), (0.75769025, 0, -0.6526144), (0.75769025, 0, -0.6526144), (0.7576902, 0, -0.65261436), (0.14465429, 0.023012482, -0.98921466), (-0.22974966, 0, -0.9732498), (-0.22974965, 0, -0.97324973), (0.017770061, 0, -0.9998421), (0.90142184, 0.000035225323, 0.43294194), (0.90142184, 0.000035225323, 0.43294194), (0.90142184, 0.000035225323, 0.43294194), (0.90142184, 0.000035225323, 0.43294194), (-0.17320415, 0.9026239, 0.39404353), (-0.17320415, 0.9026239, 0.39404353), (-0.17320415, 0.9026239, 0.39404353), (-0.17320415, 0.9026239, 0.39404353), (-0.23573512, 0.8539516, 0.46389183), (-0.23107825, 0.8599698, 0.45503277), (-0.22351058, 0.8694174, 0.44063175), (-0.22351058, 0.8694174, 0.44063175), (-0.54589856, 0.5868134, 0.5980341), (-0.54589856, 0.5868134, 0.5980341), (-0.58128047, 0.54723996, 0.6021971), (-0.5601739, 0.5712538, 0.5998951), (-0.5601739, 0.5712538, 0.5998951), (-0.58128047, 0.54723996, 0.6021971), (-0.36866814, 0.7611816, 0.5335601), (-0.5058325, 0.6370551, 0.5816307), (-0.5058325, 0.6370551, 0.5816307), (-0.36866814, 0.7611816, 0.5335601), (-0.23107825, 0.8599698, 0.45503277), (-0.23573512, 0.8539516, 0.46389183), (-0.2105973, 0.8799936, 0.42574647), (-0.2105973, 0.8799936, 0.42574647), (-0.2105973, 0.8799936, 0.42574647), (-0.2105973, 0.8799936, 0.42574647), (-0.66902786, -0.0000307955, -0.7432373), (-0.7852592, -0.000025713172, -0.6191672), (-0.7879314, -0.00002557359, -0.61576295), (-0.66902786, -0.0000307955, -0.7432373), (0.8431776, 0.050063733, -0.53529906), (0.9414114, 0, -0.33726043), (0.99609715, 0, -0.08826386), (0.9960971, 0, -0.08826386), (0.16488451, 0, -0.98631287), (0.16488451, 0, -0.98631287), (0.16488451, 0, -0.9863129), (0.16488451, 0, -0.9863129), (0.5078655, 0.000050805676, 0.86143637), (0.5078655, 0.000050805676, 0.86143637), (0.5078655, 0.000050805676, 0.86143637), (0.5078655, 0.000050805676, 0.86143637), (-0.30423835, 0.9290364, 0.2105478), (-0.30423835, 0.9290364, 0.2105478), (-0.30423835, 0.9290364, 0.2105478), (-0.30423835, 0.9290364, 0.2105478), (-0.38930598, 0.8858002, 0.25258443), (-0.3838548, 0.8894417, 0.24809055), (-0.37319446, 0.8963561, 0.2393147), (-0.37319446, 0.8963561, 0.2393147), (-0.73482734, 0.6499332, 0.1939472), (-0.73482734, 0.6499332, 0.1939472), (-0.7705443, 0.61242664, 0.17662154), (-0.7509765, 0.6334986, 0.1863163), (-0.7509765, 0.6334986, 0.1863163), (-0.7705443, 0.61242664, 0.17662154), (-0.54943126, 0.80165774, 0.23552085), (-0.6805444, 0.70384485, 0.20362194), (-0.6805444, 0.70384485, 0.20362194), (-0.54943126, 0.80165774, 0.23552085), (-0.3838548, 0.8894417, 0.24809055), (-0.38930598, 0.8858002, 0.25258443), (-0.34246457, 0.9147495, 0.21436289), (-0.34246457, 0.9147495, 0.21436289), (-0.34246457, 0.9147495, 0.21436289), (-0.34246457, 0.9147495, 0.21436289), (-0.19797257, -0.000029689194, -0.98020756), (-0.3884118, -0.000025591167, -0.9214859), (-0.38576692, -0.000025657693, -0.92259634), (-0.19797257, -0.000029689194, -0.98020756), (0.7850036, 0, 0.6194912), (0.7850036, 0, 0.61949116), (0.7850036, 0, 0.61949116), (0.7850036, 0, 0.6194912), (0.35587397, 0, -0.93453395), (0.35587397, 0, -0.93453395), (0.3558739, 0, -0.93453395), (0.3558739, 0, -0.93453395), (0.11232964, 0.000041621057, 0.993671), (0.11232964, 0.000041621057, 0.993671), (0.11232964, 0.000041621057, 0.993671), (0.11232964, 0.000041621057, 0.993671), (-0.3745935, 0.92650396, 0.03564036), (-0.3745935, 0.92650396, 0.03564036), (-0.3745935, 0.92650396, 0.03564036), (-0.3745935, 0.92650396, 0.03564036), (-0.4297895, 0.902571, 0.025425665), (-0.42678633, 0.9040554, 0.02317732), (-0.41660777, 0.90895265, 0.015592672), (-0.41660777, 0.90895265, 0.015592672), (-0.38783595, 0.92171603, 0.004793748), (-0.38783595, 0.92171603, 0.004793748), (-0.38783595, 0.92171603, 0.004793748), (-0.38783595, 0.92171603, 0.004793748), (-0.65465313, 0.7190327, -0.23328349), (-0.65465313, 0.7190327, -0.23328349), (-0.6697294, 0.6908657, -0.27233624), (-0.66428506, 0.7016166, -0.25779736), (-0.66428506, 0.7016166, -0.25779736), (-0.6697294, 0.6908657, -0.27233624), (-0.5517669, 0.82747614, -0.10409864), (-0.5999919, 0.78153414, -0.17092127), (-0.5999919, 0.78153414, -0.17092127), (-0.5517669, 0.82747614, -0.10409864), (-0.42678633, 0.9040554, 0.02317732), (-0.4297895, 0.902571, 0.025425665), (-0.8357494, 0, -0.5491109), (-0.87746286, -3.4496898e-7, -0.47964457), (-0.8773931, 5.739184e-8, -0.47977215), (-0.83574945, 0, -0.54911095), (-0.6010428, 0, -0.7992168), (-0.654966, 0, -0.7556583), (-0.654966, 0, -0.7556583), (-0.60104287, 0, -0.79921687), (0.4398416, 0.20978509, 0.8732294), (0.57274693, 0.22402598, 0.78852606), (0.56255406, 0.22308496, 0.7960942), (-0.051364828, 0.99536425, -0.081311695), (-0.05753442, 0.99543816, -0.076109305), (-0.058468234, 0.9954437, -0.07532118), (-0.051364828, 0.99536425, -0.081311695), (-0.051364828, 0.99536425, -0.081311695), (0.26968375, 0.8937642, 0.35840783), (0.05706003, 0.8875557, 0.45715317), (0.22459377, 0.8966163, 0.38162413), (0.42167157, 0.8656084, 0.27002802), (0.26968375, 0.8937642, 0.35840783), (0.22459377, 0.8966163, 0.38162413), (-0.07942836, 0.9962583, -0.03406539), (0.12002042, 0.9905346, 0.066605724), (0.3070975, 0.9361698, 0.17110622), (-0.0702721, 0.99629885, -0.049501725), (0.12002042, 0.9905346, 0.066605724), (-0.08283062, 0.9954976, -0.046084497), (-0.07820628, 0.9954562, -0.054320544), (-0.07820628, 0.9954562, -0.054320544), (-0.052954145, 0.99574494, -0.075417794), (-0.058225818, 0.9958401, -0.070088424), (-0.21425115, 0.94227934, -0.25730547), (-0.058225818, 0.9958401, -0.070088424), (-0.24103114, 0.9385999, -0.2468484), (-0.21425115, 0.94227934, -0.25730547), (0.11684111, 0.8860296, 0.44866443), (0, 0.89214015, 0.45175868), (0, 0.8921402, 0.4517587), (-0.46287417, 0.8624188, -0.20489366), (-0.55191493, 0.7774186, -0.30167896), (-0.4713706, 0.8432259, -0.25841793), (-0.4939014, 0.8413698, -0.21945), (-0.4523765, 0.8688005, -0.20134832), (-0.4245968, 0.8603276, -0.28205317), (-0.55191493, 0.7774186, -0.30167896), (-0.6771238, 0.6389895, -0.36496007)] (
                interpolation = "faceVarying"
            )
            point3f[] points = [(-1.1182715, 0.020006001, 1.9715643), (-1.1182717, 0.020005994, 1.110223e-16), (-1.2639836, -0.06605438, 1.9864795), (-1.2639841, -0.06605438, 0), (-1.2288547, -0.05217188, 1.979131), (-1.2288551, -0.05217191, 4.440892e-16), (-1.1735634, -0.012070857, 1.9753476), (-1.1735638, -0.012070887, 6.661338e-16), (-1.4577608, -0.06605438, 1.9911215), (-1.4577612, -0.06605438, 0), (-1.4149106, -0.06605438, 1.9896469), (-1.2995089, -0.06605438, 1.9869337), (-1.414911, -0.06605438, 0), (-1.2995094, -0.06605438, 0), (-1.2639836, -0.06605438, 1.6637744), (-1.1182715, 0.020006001, 1.6637744), (-1.2288547, -0.05217188, 1.6637744), (-1.1735634, -0.012070857, 1.6637744), (-1.4577608, -0.06605438, 1.6637744), (-1.2995089, -0.06605438, 1.6637744), (-1.4149106, -0.06605438, 1.6637744), (-1.2995093, -0.05669328, 1.6637744), (-1.4149109, -0.05669328, 1.6637744), (-1.228855, -0.05217191, 0.35995907), (-1.1735637, -0.012070887, 0.35995907), (-1.2995093, -0.06605438, 0.35995907), (-1.4149109, -0.06605438, 0.35995907), (-1.2995098, -0.05669328, 0.35995907), (-1.4149113, -0.05669328, 0.35995907), (-1.263984, -0.06605438, 0.35995907), (-1.1182717, 0.020005994, 0.35995907), (-1.4577612, -0.06605438, 0.35995907), (-1.2639837, -0.06605438, 1.0118668), (-1.1182716, 0.020005994, 1.0118668), (-1.449365, -0.06605438, 1.0118668), (-1.2288549, -0.052171893, 1.0118667), (-1.1735635, -0.012070872, 1.0118667), (-1.299509, -0.06605438, 1.0118667), (-1.4149108, -0.06605438, 1.0118667), (-1.2995095, -0.05669328, 1.0118667), (-1.414911, -0.05669328, 1.0118667), (-1.2639837, -0.06605438, 1.3989801), (-1.1182716, 0.020005994, 1.3989801), (-1.4577609, -0.06605438, 1.3989801), (-1.2288548, -0.052171893, 1.3989801), (-1.1735635, -0.012070872, 1.3989801), (-1.299509, -0.06605438, 1.3989801), (-1.4149107, -0.06605438, 1.3989801), (-1.2995094, -0.05669328, 1.3989801), (-1.414911, -0.05669328, 1.3989801), (-1.2288549, -0.052171893, 0.7951875), (-1.1735636, -0.012070872, 0.7951875), (-1.2995092, -0.06605438, 0.7951875), (-1.4149108, -0.06605438, 0.7951875), (-1.2995096, -0.05669328, 0.7951875), (-1.4149112, -0.05669328, 0.7951875), (-1.2639838, -0.06605438, 0.7951876), (-1.1182716, 0.033666365, 0.7951876), (-1.457761, -0.06605438, 0.7951876), (-1.457761, -0.047119625, 1.0118668), (-1.1293962, 0.013552211, 0.7951876), (-1.2639837, -0.06605438, 1.4505082), (-1.1182716, 0.020005994, 1.4505082), (-1.4492555, -0.06605438, 1.4505082), (-1.2288548, -0.052171893, 1.4505082), (-1.1735635, -0.012070872, 1.4505082), (-1.299509, -0.06605438, 1.4505082), (-1.4149107, -0.06605438, 1.4505082), (-1.2995094, -0.05669328, 1.4505082), (-1.414911, -0.05669328, 1.4505082), (-1.2288549, -0.052171893, 0.74931204), (-1.1735636, -0.012070872, 0.74931204), (-1.2995092, -0.06605438, 0.74931204), (-1.4149108, -0.06605438, 0.74931204), (-1.2995096, -0.05669328, 0.74931204), (-1.4149112, -0.05669328, 0.74931204), (-1.2639838, -0.06605438, 0.74931216), (-1.452623, -0.06605438, 0.74931216), (-1.1282237, 0.014232472, 0.74931216), (1.1182715, 0.020006001, 1.9715643), (1.1182717, 0.020005994, 1.110223e-16), (1.2639836, -0.06605438, 1.9864795), (1.2639841, -0.06605438, 0), (1.2288547, -0.05217188, 1.979131), (1.2288551, -0.05217191, 4.440892e-16), (1.1735634, -0.012070857, 1.9753476), (1.1735638, -0.012070887, 6.661338e-16), (1.4577608, -0.06605438, 1.9911215), (1.4577612, -0.06605438, 0), (1.4149106, -0.06605438, 1.9896469), (1.2995089, -0.06605438, 1.9869337), (1.414911, -0.06605438, 0), (1.2995094, -0.06605438, 0), (1.2639836, -0.06605438, 1.6637744), (1.1182715, 0.020006001, 1.6637744), (1.2288547, -0.05217188, 1.6637744), (1.1735634, -0.012070857, 1.6637744), (1.4577608, -0.06605438, 1.6637744), (1.2995089, -0.06605438, 1.6637744), (1.4149106, -0.06605438, 1.6637744), (1.2995093, -0.05669328, 1.6637744), (1.4149109, -0.05669328, 1.6637744), (1.228855, -0.05217191, 0.35995907), (1.1735637, -0.012070887, 0.35995907), (1.2995093, -0.06605438, 0.35995907), (1.4149109, -0.06605438, 0.35995907), (1.2995098, -0.05669328, 0.35995907), (1.4149113, -0.05669328, 0.35995907), (1.263984, -0.06605438, 0.35995907), (1.1182717, 0.020005994, 0.35995907), (1.4577612, -0.06605438, 0.35995907), (1.2639837, -0.06605438, 1.0118668), (1.1182716, 0.020005994, 1.0118668), (1.449365, -0.06605438, 1.0118668), (1.2288549, -0.052171893, 1.0118667), (1.1735635, -0.012070872, 1.0118667), (1.299509, -0.06605438, 1.0118667), (1.4149108, -0.06605438, 1.0118667), (1.2995095, -0.05669328, 1.0118667), (1.414911, -0.05669328, 1.0118667), (1.2639837, -0.06605438, 1.3989801), (1.1182716, 0.020005994, 1.3989801), (1.4577609, -0.06605438, 1.3989801), (1.2288548, -0.052171893, 1.3989801), (1.1735635, -0.012070872, 1.3989801), (1.299509, -0.06605438, 1.3989801), (1.4149107, -0.06605438, 1.3989801), (1.2995094, -0.05669328, 1.3989801), (1.414911, -0.05669328, 1.3989801), (1.2288549, -0.052171893, 0.7951875), (1.1735636, -0.012070872, 0.7951875), (1.2995092, -0.06605438, 0.7951875), (1.4149108, -0.06605438, 0.7951875), (1.2995096, -0.05669328, 0.7951875), (1.4149112, -0.05669328, 0.7951875), (1.2639838, -0.06605438, 0.7951876), (1.1182716, 0.033666365, 0.7951876), (1.457761, -0.06605438, 0.7951876), (1.457761, -0.047119625, 1.0118668), (1.1293962, 0.013552211, 0.7951876), (1.2639837, -0.06605438, 1.4505082), (1.1182716, 0.020005994, 1.4505082), (1.4492555, -0.06605438, 1.4505082), (1.2288548, -0.052171893, 1.4505082), (1.1735635, -0.012070872, 1.4505082), (1.299509, -0.06605438, 1.4505082), (1.4149107, -0.06605438, 1.4505082), (1.2995094, -0.05669328, 1.4505082), (1.414911, -0.05669328, 1.4505082), (1.2288549, -0.052171893, 0.74931204), (1.1735636, -0.012070872, 0.74931204), (1.2995092, -0.06605438, 0.74931204), (1.4149108, -0.06605438, 0.74931204), (1.2995096, -0.05669328, 0.74931204), (1.4149112, -0.05669328, 0.74931204), (1.2639838, -0.06605438, 0.74931216), (1.452623, -0.06605438, 0.74931216), (1.1282237, 0.014232472, 0.74931216), (-1.1182715, 0.21940611, 1.9715643), (-1.1182717, 0.21940613, 1.110223e-16), (-1.2639836, 0.3054665, 1.9864795), (-1.2639841, 0.3054665, 0), (-1.2288547, 0.29158399, 1.979131), (-1.2288551, 0.291584, 4.440892e-16), (-1.1735634, 0.25148296, 1.9753476), (-1.1735638, 0.251483, 6.661338e-16), (-1.4577608, 0.3054665, 1.9911215), (-1.4577612, 0.3054665, 0), (-1.4149106, 0.3054665, 1.9896469), (-1.2995089, 0.3054665, 1.9869337), (-1.414911, 0.3054665, 0), (-1.2995094, 0.3054665, 0), (-1.4577608, 0.11970606, 1.9911215), (-1.4577612, 0.11970606, 0), (-1.1182717, 0.11970606, -8.891691e-17), (-1.1182715, 0.11970606, 1.9715643), (-1.2639836, 0.3054665, 1.6637744), (-1.1182715, 0.21940611, 1.6637744), (-1.2288547, 0.29158399, 1.6637744), (-1.1735634, 0.25148296, 1.6637744), (-1.4577608, 0.3054665, 1.6637744), (-1.2995089, 0.3054665, 1.6637744), (-1.4149106, 0.3054665, 1.6637744), (-1.2995093, 0.29610538, 1.6637744), (-1.4149109, 0.29610538, 1.6637744), (-1.4577608, 0.11970606, 1.6637744), (-1.1182715, 0.11970606, 1.6637744), (-1.228855, 0.291584, 0.35995907), (-1.1735637, 0.251483, 0.35995907), (-1.2995093, 0.3054665, 0.35995907), (-1.4149109, 0.3054665, 0.35995907), (-1.2995098, 0.29610538, 0.35995907), (-1.4149113, 0.29610538, 0.35995907), (-1.4577612, 0.11970606, 0.35995907), (-1.263984, 0.3054665, 0.35995907), (-1.1182717, 0.21940613, 0.35995907), (-1.4577612, 0.3054665, 0.35995907), (-1.1182717, 0.11970606, 0.35995907), (-1.2639837, 0.3054665, 1.0118668), (-1.1182716, 0.21940613, 1.0118668), (-1.449365, 0.3054665, 1.0118668), (-1.1182716, 0.11970606, 1.0118668), (-1.2288549, 0.291584, 1.0118667), (-1.1735635, 0.251483, 1.0118667), (-1.299509, 0.3054665, 1.0118667), (-1.4149108, 0.3054665, 1.0118667), (-1.2995095, 0.29610538, 1.0118667), (-1.414911, 0.29610538, 1.0118667), (-1.457761, 0.11970606, 1.0118667), (-1.2639837, 0.3054665, 1.3989801), (-1.1182716, 0.21940613, 1.3989801), (-1.4577609, 0.3054665, 1.3989801), (-1.1182716, 0.11970606, 1.3989801), (-1.2288548, 0.291584, 1.3989801), (-1.1735635, 0.251483, 1.3989801), (-1.299509, 0.3054665, 1.3989801), (-1.4149107, 0.3054665, 1.3989801), (-1.2995094, 0.29610538, 1.3989801), (-1.414911, 0.29610538, 1.3989801), (-1.4577609, 0.11970606, 1.3989801), (-1.2288549, 0.291584, 0.7951875), (-1.1735636, 0.251483, 0.7951875), (-1.2995092, 0.3054665, 0.7951875), (-1.4149108, 0.3054665, 0.7951875), (-1.2995096, 0.29610538, 0.7951875), (-1.4149112, 0.29610538, 0.7951875), (-1.4577063, 0.11970606, 0.7951875), (-1.2639838, 0.3054665, 0.7951876), (-1.1182716, 0.20574576, 0.7951876), (-1.457761, 0.3054665, 0.7951876), (-1.1182716, 0.11970606, 0.7951876), (-1.457761, 0.28653175, 1.0118668), (-1.1293962, 0.22585991, 0.7951876), (-1.2639837, 0.3054665, 1.4505082), (-1.1182716, 0.21940613, 1.4505082), (-1.4492555, 0.3054665, 1.4505082), (-1.1182716, 0.11970606, 1.4505082), (-1.2288548, 0.291584, 1.4505082), (-1.1735635, 0.251483, 1.4505082), (-1.299509, 0.3054665, 1.4505082), (-1.4149107, 0.3054665, 1.4505082), (-1.2995094, 0.29610538, 1.4505082), (-1.414911, 0.29610538, 1.4505082), (-1.4492555, 0.11970606, 1.4505082), (-1.2288549, 0.291584, 0.74931204), (-1.1735636, 0.251483, 0.74931204), (-1.2995092, 0.3054665, 0.74931204), (-1.4149108, 0.3054665, 0.74931204), (-1.2995096, 0.29610538, 0.74931204), (-1.4149112, 0.29610538, 0.74931204), (-1.452623, 0.11970606, 0.74931204), (-1.2639838, 0.3054665, 0.74931216), (-1.452623, 0.3054665, 0.74931216), (-1.1282237, 0.22517964, 0.74931216), (1.1182715, 0.21940611, 1.9715643), (1.1182717, 0.21940613, 1.110223e-16), (1.2639836, 0.3054665, 1.9864795), (1.2639841, 0.3054665, 0), (1.2288547, 0.29158399, 1.979131), (1.2288551, 0.291584, 4.440892e-16), (1.1735634, 0.25148296, 1.9753476), (1.1735638, 0.251483, 6.661338e-16), (1.4577608, 0.3054665, 1.9911215), (1.4577612, 0.3054665, 0), (1.4149106, 0.3054665, 1.9896469), (1.2995089, 0.3054665, 1.9869337), (1.414911, 0.3054665, 0), (1.2995094, 0.3054665, 0), (1.4577608, 0.11970606, 1.9911215), (1.4577612, 0.11970606, 0), (1.1182717, 0.11970606, -8.891691e-17), (1.1182715, 0.11970606, 1.9715643), (1.2639836, 0.3054665, 1.6637744), (1.1182715, 0.21940611, 1.6637744), (1.2288547, 0.29158399, 1.6637744), (1.1735634, 0.25148296, 1.6637744), (1.4577608, 0.3054665, 1.6637744), (1.2995089, 0.3054665, 1.6637744), (1.4149106, 0.3054665, 1.6637744), (1.2995093, 0.29610538, 1.6637744), (1.4149109, 0.29610538, 1.6637744), (1.4577608, 0.11970606, 1.6637744), (1.1182715, 0.11970606, 1.6637744), (1.228855, 0.291584, 0.35995907), (1.1735637, 0.251483, 0.35995907), (1.2995093, 0.3054665, 0.35995907), (1.4149109, 0.3054665, 0.35995907), (1.2995098, 0.29610538, 0.35995907), (1.4149113, 0.29610538, 0.35995907), (1.4577612, 0.11970606, 0.35995907), (1.263984, 0.3054665, 0.35995907), (1.1182717, 0.21940613, 0.35995907), (1.4577612, 0.3054665, 0.35995907), (1.1182717, 0.11970606, 0.35995907), (1.2639837, 0.3054665, 1.0118668), (1.1182716, 0.21940613, 1.0118668), (1.449365, 0.3054665, 1.0118668), (1.1182716, 0.11970606, 1.0118668), (1.2288549, 0.291584, 1.0118667), (1.1735635, 0.251483, 1.0118667), (1.299509, 0.3054665, 1.0118667), (1.4149108, 0.3054665, 1.0118667), (1.2995095, 0.29610538, 1.0118667), (1.414911, 0.29610538, 1.0118667), (1.457761, 0.11970606, 1.0118667), (1.2639837, 0.3054665, 1.3989801), (1.1182716, 0.21940613, 1.3989801), (1.4577609, 0.3054665, 1.3989801), (1.1182716, 0.11970606, 1.3989801), (1.2288548, 0.291584, 1.3989801), (1.1735635, 0.251483, 1.3989801), (1.299509, 0.3054665, 1.3989801), (1.4149107, 0.3054665, 1.3989801), (1.2995094, 0.29610538, 1.3989801), (1.414911, 0.29610538, 1.3989801), (1.4577609, 0.11970606, 1.3989801), (1.2288549, 0.291584, 0.7951875), (1.1735636, 0.251483, 0.7951875), (1.2995092, 0.3054665, 0.7951875), (1.4149108, 0.3054665, 0.7951875), (1.2995096, 0.29610538, 0.7951875), (1.4149112, 0.29610538, 0.7951875), (1.4577063, 0.11970606, 0.7951875), (1.2639838, 0.3054665, 0.7951876), (1.1182716, 0.20574576, 0.7951876), (1.457761, 0.3054665, 0.7951876), (1.1182716, 0.11970606, 0.7951876), (1.457761, 0.28653175, 1.0118668), (1.1293962, 0.22585991, 0.7951876), (1.2639837, 0.3054665, 1.4505082), (1.1182716, 0.21940613, 1.4505082), (1.4492555, 0.3054665, 1.4505082), (1.1182716, 0.11970606, 1.4505082), (1.2288548, 0.291584, 1.4505082), (1.1735635, 0.251483, 1.4505082), (1.299509, 0.3054665, 1.4505082), (1.4149107, 0.3054665, 1.4505082), (1.2995094, 0.29610538, 1.4505082), (1.414911, 0.29610538, 1.4505082), (1.4492555, 0.11970606, 1.4505082), (1.2288549, 0.291584, 0.74931204), (1.1735636, 0.251483, 0.74931204), (1.2995092, 0.3054665, 0.74931204), (1.4149108, 0.3054665, 0.74931204), (1.2995096, 0.29610538, 0.74931204), (1.4149112, 0.29610538, 0.74931204), (1.452623, 0.11970606, 0.74931204), (1.2639838, 0.3054665, 0.74931216), (1.452623, 0.3054665, 0.74931216), (1.1282237, 0.22517964, 0.74931216), (-1.5459726, -0.1257891, 2.013795), (-0.9493795, -0.0042312816, 2.013795), (-1.1922538, -0.09402502, 2.013795), (-1.5459726, -0.1257891, 1.8979064), (-0.9493795, -0.0042312816, 1.8979064), (-1.1922538, -0.09402502, 1.8979064), (-1.0692446, -0.08134008, 2.013795), (-1.0692446, -0.08134008, 1.8979064), (-1.5341878, -0.117203526, 1.9054738), (-0.95730186, 0.00033888966, 1.9054738), (-1.1921533, -0.08648872, 1.9054738), (-1.0732075, -0.074222796, 1.9054738), (-1.4704254, -0.117203526, 1.7357739), (-0.95730186, 0.00033888966, 1.7357739), (-1.1921533, -0.08648872, 1.7357739), (-1.0732075, -0.074222796, 1.7357739), (-1.4718249, -0.07687204, 0.28471214), (-1.110189, 0.013524897, 0.28471214), (-1.2546089, -0.07687204, 0.28471214), (-1.4718249, -0.07687204, 0.17038687), (-1.110189, 0.013524897, 0.17038687), (-1.2546089, -0.07687204, 0.17038687), (-1.4650766, -0.07338291, 0.17785218), (-1.1180043, 0.013570346, 0.17785218), (-1.2545097, -0.07338291, 0.17785218), (-1.4650766, -0.07338291, -0.000041991472), (-1.1180043, 0.013570346, -0.000041993335), (-1.2545097, -0.07338291, -0.000041991472), (-1.1922538, -0.09402502, 1.9754162), (-0.9493795, -0.0042312816, 1.9754162), (-1.5459726, -0.1257891, 1.9754162), (-1.0692446, -0.08134008, 1.9754162), (-1.1922538, -0.09402502, 1.9641821), (-1.5459726, -0.1257891, 1.9641821), (-1.0692446, -0.08134008, 1.9641821), (-0.9493795, -0.0042312816, 1.9641821), (-0.9531245, -0.0043872595, 1.9643096), (-0.9531245, -0.0043872595, 1.9752887), (-1.0712585, -0.07974563, 1.9752887), (-1.5411017, -0.12318564, 1.9752887), (-1.1924914, -0.09214262, 1.9752887), (-1.1924914, -0.09214262, 1.9643096), (-1.5411017, -0.12318564, 1.9643096), (-1.0712585, -0.07974563, 1.9643096), (-0.9676496, 0.014148183, 1.7473212), (-1.1363642, 0.014148183, 1.7473212), (-0.9676496, 0.014148183, 1.6948111), (-1.1363642, 0.014148183, 1.6948111), (-1.0697765, 0.014148183, 1.490088), (-1.1363642, 0.014148183, 1.4157573), (-1.1363642, 0.014148183, 1.6444888), (-1.1363642, 0.014148183, 1.685129), (-1.1363642, 0.014148183, 1.6665839), (-1.0073988, 0.014148183, 1.685129), (-1.0595616, 0.014148183, 1.6444888), (-1.0399978, 0.014148183, 1.6665839), (-1.1922538, -0.09402502, 1.9310443), (-1.5310426, -0.12480765, 1.9310443), (-1.0692446, -0.08134008, 1.9310443), (-0.9493795, -0.0042312816, 1.9310443), (-1.5459726, -0.11781787, 1.9310443), (-1.5459726, -0.11781787, 1.9310443), (-1.0732075, -0.074222796, 1.8206239), (-0.95730186, 0.00033888966, 1.8206239), (-1.1921533, -0.08648872, 1.8206239), (-1.4836823, -0.11608923, 1.8206239), (-1.5023066, -0.10784408, 1.8206239), (-1.5288591, -0.117203526, 1.891292), (1.5459726, -0.1257891, 2.013795), (0.9493795, -0.0042312816, 2.013795), (1.1922538, -0.09402502, 2.013795), (1.5459726, -0.1257891, 1.8979064), (0.9493795, -0.0042312816, 1.8979064), (1.1922538, -0.09402502, 1.8979064), (1.0692446, -0.08134008, 2.013795), (1.0692446, -0.08134008, 1.8979064), (1.5341878, -0.117203526, 1.9054738), (0.95730186, 0.00033888966, 1.9054738), (1.1921533, -0.08648872, 1.9054738), (1.0732075, -0.074222796, 1.9054738), (1.4704254, -0.117203526, 1.7357739), (0.95730186, 0.00033888966, 1.7357739), (1.1921533, -0.08648872, 1.7357739), (1.0732075, -0.074222796, 1.7357739), (1.4718249, -0.07687204, 0.28471214), (1.110189, 0.013524897, 0.28471214), (1.2546089, -0.07687204, 0.28471214), (1.4718249, -0.07687204, 0.17038687), (1.110189, 0.013524897, 0.17038687), (1.2546089, -0.07687204, 0.17038687), (1.4650766, -0.07338291, 0.17785218), (1.1180043, 0.013570346, 0.17785218), (1.2545097, -0.07338291, 0.17785218), (1.4650766, -0.07338291, -0.000041991472), (1.1180043, 0.013570346, -0.000041993335), (1.2545097, -0.07338291, -0.000041991472), (1.1922538, -0.09402502, 1.9754162), (0.9493795, -0.0042312816, 1.9754162), (1.5459726, -0.1257891, 1.9754162), (1.0692446, -0.08134008, 1.9754162), (1.1922538, -0.09402502, 1.9641821), (1.5459726, -0.1257891, 1.9641821), (1.0692446, -0.08134008, 1.9641821), (0.9493795, -0.0042312816, 1.9641821), (0.9531245, -0.0043872595, 1.9643096), (0.9531245, -0.0043872595, 1.9752887), (1.0712585, -0.07974563, 1.9752887), (1.5411017, -0.12318564, 1.9752887), (1.1924914, -0.09214262, 1.9752887), (1.1924914, -0.09214262, 1.9643096), (1.5411017, -0.12318564, 1.9643096), (1.0712585, -0.07974563, 1.9643096), (0.9676496, 0.014148183, 1.7473212), (1.1363642, 0.014148183, 1.7473212), (0.9676496, 0.014148183, 1.6948111), (1.1363642, 0.014148183, 1.6948111), (1.0697765, 0.014148183, 1.490088), (1.1363642, 0.014148183, 1.4157573), (1.1363642, 0.014148183, 1.6444888), (1.1363642, 0.014148183, 1.685129), (1.1363642, 0.014148183, 1.6665839), (1.0073988, 0.014148183, 1.685129), (1.0595616, 0.014148183, 1.6444888), (1.0399978, 0.014148183, 1.6665839), (1.1922538, -0.09402502, 1.9310443), (1.5310426, -0.12480765, 1.9310443), (1.0692446, -0.08134008, 1.9310443), (0.9493795, -0.0042312816, 1.9310443), (1.5459726, -0.11781787, 1.9310443), (1.5459726, -0.11781787, 1.9310443), (1.0732075, -0.074222796, 1.8206239), (0.95730186, 0.00033888966, 1.8206239), (1.1921533, -0.08648872, 1.8206239), (1.4836823, -0.11608923, 1.8206239), (1.5023066, -0.10784408, 1.8206239), (1.5288591, -0.117203526, 1.891292), (-1.5459726, 0.3652012, 2.013795), (-1.5459726, 0.11970606, 2.013795), (-0.9493795, 0.2436434, 2.013795), (-0.9493795, 0.11970606, 2.013795), (-1.1922538, 0.33343714, 2.013795), (-1.1922538, 0.11970606, 2.013795), (-1.5459726, 0.3652012, 1.8979064), (-1.5459726, 0.11970606, 1.8979064), (-0.9493795, 0.2436434, 1.8979064), (-0.9493795, 0.11970606, 1.8979064), (-1.1922538, 0.33343714, 1.8979064), (-1.1922538, 0.11970606, 1.8979064), (-1.0692446, 0.11970606, 2.013795), (-1.0692446, 0.3207522, 2.013795), (-1.0692446, 0.11970606, 1.8979064), (-1.0692446, 0.3207522, 1.8979064), (-1.5341878, 0.35661563, 1.9054738), (-1.5341878, 0.11970606, 1.9054738), (-0.95730186, 0.23907322, 1.9054738), (-0.95730186, 0.11970606, 1.9054738), (-1.1921533, 0.32590082, 1.9054738), (-1.1921533, 0.11970606, 1.9054738), (-1.0732075, 0.11970606, 1.9054738), (-1.0732075, 0.3136349, 1.9054738), (-1.4704254, 0.11970606, 1.7357739), (-1.4704254, 0.35661563, 1.7357739), (-0.95730186, 0.11970606, 1.7357739), (-0.95730186, 0.23907322, 1.7357739), (-1.1921533, 0.32590082, 1.7357739), (-1.0732075, 0.11970606, 1.7357739), (-1.0732075, 0.3136349, 1.7357739), (-1.1921533, 0.11970606, 1.7357739), (-1.4718249, 0.31628415, 0.28471214), (-1.4718249, 0.11970606, 0.28471214), (-1.110189, 0.22588721, 0.28471214), (-1.110189, 0.11970606, 0.28471214), (-1.2546089, 0.31628415, 0.28471214), (-1.2546089, 0.11970606, 0.28471214), (-1.4718249, 0.31628415, 0.17038687), (-1.4718249, 0.11970606, 0.17038687), (-1.110189, 0.22588721, 0.17038687), (-1.110189, 0.11970606, 0.17038687), (-1.2546089, 0.31628415, 0.17038687), (-1.2546089, 0.11970606, 0.17038687), (-1.4650766, 0.312795, 0.17785218), (-1.4650766, 0.11970606, 0.17785218), (-1.1180043, 0.22584176, 0.17785218), (-1.1180043, 0.11970606, 0.17785218), (-1.2545097, 0.312795, 0.17785218), (-1.2545097, 0.11970606, 0.17785218), (-1.4650766, 0.11970606, -0.000041993335), (-1.4650766, 0.312795, -0.000041991472), (-1.1180043, 0.11970606, -0.000041993335), (-1.1180043, 0.22584176, -0.000041993335), (-1.2545097, 0.312795, -0.000041991472), (-1.2545097, 0.11970606, -0.000041993335), (-1.1922538, 0.33343714, 1.9754162), (-0.9493795, 0.2436434, 1.9754162), (-1.5459726, 0.3652012, 1.9754162), (-1.5459726, 0.11970606, 1.9754162), (-0.9493795, 0.11970606, 1.9754162), (-1.0692446, 0.3207522, 1.9754162), (-1.1922538, 0.33343714, 1.9641821), (-1.5459726, 0.3652012, 1.9641821), (-1.5459726, 0.11970606, 1.9641821), (-1.0692446, 0.3207522, 1.9641821), (-0.9493795, 0.2436434, 1.9641821), (-0.9493795, 0.11970606, 1.9641821), (-0.9531245, 0.24379937, 1.9643096), (-0.9531245, 0.24379937, 1.9752887), (-0.9531245, 0.11970606, 1.9643096), (-0.9531245, 0.11970606, 1.9752887), (-1.0712585, 0.31915775, 1.9752887), (-1.5411017, 0.11970606, 1.9752887), (-1.5411017, 0.36259776, 1.9752887), (-1.1924914, 0.33155474, 1.9752887), (-1.1924914, 0.33155474, 1.9643096), (-1.5411017, 0.36259776, 1.9643096), (-1.5411017, 0.11970606, 1.9643096), (-1.0712585, 0.31915775, 1.9643096), (-0.9676496, 0.11970606, 1.7473212), (-0.9676496, 0.22526392, 1.7473212), (-1.1363642, 0.11970606, 1.7473212), (-1.1363642, 0.22526392, 1.7473212), (-0.9676496, 0.11970606, 1.6948111), (-0.9676496, 0.22526392, 1.6948111), (-1.1363642, 0.11970606, 1.6948111), (-1.1363642, 0.22526392, 1.6948111), (-1.0697765, 0.11970606, 1.490088), (-1.0697765, 0.22526392, 1.490088), (-1.1363642, 0.11970606, 1.4157573), (-1.1363642, 0.22526392, 1.4157573), (-1.1363642, 0.22526392, 1.6444888), (-1.1363642, 0.22526392, 1.685129), (-1.1363642, 0.22526392, 1.6665839), (-1.0073988, 0.22526392, 1.685129), (-1.0595616, 0.22526392, 1.6444888), (-1.0399978, 0.22526392, 1.6665839), (-1.0073988, 0.11970606, 1.685129), (-1.0595616, 0.11970606, 1.6444888), (-1.0399978, 0.11970606, 1.6665839), (-1.1363642, 0.11970606, 1.6444888), (-1.1363642, 0.11970606, 1.685129), (-1.1363642, 0.11970606, 1.6665839), (-1.1922538, 0.33343714, 1.9310443), (-1.5310426, 0.36421975, 1.9310443), (-1.5459726, 0.11970606, 1.9310443), (-1.0692446, 0.3207522, 1.9310443), (-0.9493795, 0.2436434, 1.9310443), (-0.9493795, 0.11970606, 1.9310443), (-1.5459726, 0.35722998, 1.9310443), (-1.5459726, 0.35722998, 1.9310443), (-1.0732075, 0.3136349, 1.8206239), (-0.95730186, 0.23907322, 1.8206239), (-1.1921533, 0.32590082, 1.8206239), (-1.4836823, 0.35550135, 1.8206239), (-1.5023066, 0.11970606, 1.8206239), (-0.95730186, 0.11970606, 1.8206239), (-1.5023066, 0.34725618, 1.8206239), (-1.5288591, 0.35661563, 1.891292), (1.5459726, 0.3652012, 2.013795), (1.5459726, 0.11970606, 2.013795), (0.9493795, 0.2436434, 2.013795), (0.9493795, 0.11970606, 2.013795), (1.1922538, 0.33343714, 2.013795), (1.1922538, 0.11970606, 2.013795), (1.5459726, 0.3652012, 1.8979064), (1.5459726, 0.11970606, 1.8979064), (0.9493795, 0.2436434, 1.8979064), (0.9493795, 0.11970606, 1.8979064), (1.1922538, 0.33343714, 1.8979064), (1.1922538, 0.11970606, 1.8979064), (1.0692446, 0.11970606, 2.013795), (1.0692446, 0.3207522, 2.013795), (1.0692446, 0.11970606, 1.8979064), (1.0692446, 0.3207522, 1.8979064), (1.5341878, 0.35661563, 1.9054738), (1.5341878, 0.11970606, 1.9054738), (0.95730186, 0.23907322, 1.9054738), (0.95730186, 0.11970606, 1.9054738), (1.1921533, 0.32590082, 1.9054738), (1.1921533, 0.11970606, 1.9054738), (1.0732075, 0.11970606, 1.9054738), (1.0732075, 0.3136349, 1.9054738), (1.4704254, 0.11970606, 1.7357739), (1.4704254, 0.35661563, 1.7357739), (0.95730186, 0.11970606, 1.7357739), (0.95730186, 0.23907322, 1.7357739), (1.1921533, 0.32590082, 1.7357739), (1.0732075, 0.11970606, 1.7357739), (1.0732075, 0.3136349, 1.7357739), (1.1921533, 0.11970606, 1.7357739), (1.4718249, 0.31628415, 0.28471214), (1.4718249, 0.11970606, 0.28471214), (1.110189, 0.22588721, 0.28471214), (1.110189, 0.11970606, 0.28471214), (1.2546089, 0.31628415, 0.28471214), (1.2546089, 0.11970606, 0.28471214), (1.4718249, 0.31628415, 0.17038687), (1.4718249, 0.11970606, 0.17038687), (1.110189, 0.22588721, 0.17038687), (1.110189, 0.11970606, 0.17038687), (1.2546089, 0.31628415, 0.17038687), (1.2546089, 0.11970606, 0.17038687), (1.4650766, 0.312795, 0.17785218), (1.4650766, 0.11970606, 0.17785218), (1.1180043, 0.22584176, 0.17785218), (1.1180043, 0.11970606, 0.17785218), (1.2545097, 0.312795, 0.17785218), (1.2545097, 0.11970606, 0.17785218), (1.4650766, 0.11970606, -0.000041993335), (1.4650766, 0.312795, -0.000041991472), (1.1180043, 0.11970606, -0.000041993335), (1.1180043, 0.22584176, -0.000041993335), (1.2545097, 0.312795, -0.000041991472), (1.2545097, 0.11970606, -0.000041993335), (1.1922538, 0.33343714, 1.9754162), (0.9493795, 0.2436434, 1.9754162), (1.5459726, 0.3652012, 1.9754162), (1.5459726, 0.11970606, 1.9754162), (0.9493795, 0.11970606, 1.9754162), (1.0692446, 0.3207522, 1.9754162), (1.1922538, 0.33343714, 1.9641821), (1.5459726, 0.3652012, 1.9641821), (1.5459726, 0.11970606, 1.9641821), (1.0692446, 0.3207522, 1.9641821), (0.9493795, 0.2436434, 1.9641821), (0.9493795, 0.11970606, 1.9641821), (0.9531245, 0.24379937, 1.9643096), (0.9531245, 0.24379937, 1.9752887), (0.9531245, 0.11970606, 1.9643096), (0.9531245, 0.11970606, 1.9752887), (1.0712585, 0.31915775, 1.9752887), (1.5411017, 0.11970606, 1.9752887), (1.5411017, 0.36259776, 1.9752887), (1.1924914, 0.33155474, 1.9752887), (1.1924914, 0.33155474, 1.9643096), (1.5411017, 0.36259776, 1.9643096), (1.5411017, 0.11970606, 1.9643096), (1.0712585, 0.31915775, 1.9643096), (0.9676496, 0.11970606, 1.7473212), (0.9676496, 0.22526392, 1.7473212), (1.1363642, 0.11970606, 1.7473212), (1.1363642, 0.22526392, 1.7473212), (0.9676496, 0.11970606, 1.6948111), (0.9676496, 0.22526392, 1.6948111), (1.1363642, 0.11970606, 1.6948111), (1.1363642, 0.22526392, 1.6948111), (1.0697765, 0.11970606, 1.490088), (1.0697765, 0.22526392, 1.490088), (1.1363642, 0.11970606, 1.4157573), (1.1363642, 0.22526392, 1.4157573), (1.1363642, 0.22526392, 1.6444888), (1.1363642, 0.22526392, 1.685129), (1.1363642, 0.22526392, 1.6665839), (1.0073988, 0.22526392, 1.685129), (1.0595616, 0.22526392, 1.6444888), (1.0399978, 0.22526392, 1.6665839), (1.0073988, 0.11970606, 1.685129), (1.0595616, 0.11970606, 1.6444888), (1.0399978, 0.11970606, 1.6665839), (1.1363642, 0.11970606, 1.6444888), (1.1363642, 0.11970606, 1.685129), (1.1363642, 0.11970606, 1.6665839), (1.1922538, 0.33343714, 1.9310443), (1.5310426, 0.36421975, 1.9310443), (1.5459726, 0.11970606, 1.9310443), (1.0692446, 0.3207522, 1.9310443), (0.9493795, 0.2436434, 1.9310443), (0.9493795, 0.11970606, 1.9310443), (1.5459726, 0.35722998, 1.9310443), (1.5459726, 0.35722998, 1.9310443), (1.0732075, 0.3136349, 1.8206239), (0.95730186, 0.23907322, 1.8206239), (1.1921533, 0.32590082, 1.8206239), (1.4836823, 0.35550135, 1.8206239), (1.5023066, 0.11970606, 1.8206239), (0.95730186, 0.11970606, 1.8206239), (1.5023066, 0.34725618, 1.8206239), (1.5288591, 0.35661563, 1.891292), (-0.2492348, 0.055689856, 3.063594), (-0.68092287, 0.055689856, 2.6940956), (-0.9301581, 0.05568985, 2.2376556), (-0.9629706, 0.055689864, 1.9835902), (-0.30206075, -0.025397308, 3.2747974), (-0.82524616, -0.025397278, 2.8527038), (-1.1273077, -0.025397308, 2.305166), (-1.1670749, -0.025397249, 1.9835902), (-0.27785575, -0.016488053, 3.1775095), (-1.0369732, -0.016488083, 2.273718), (-1.0735538, -0.016488023, 1.9835902), (-0.75911695, -0.016488053, 2.7795148), (-1.0182625, 0.023613006, 1.9835902), (-0.72002006, 0.023612991, 2.7368054), (-0.26354536, 0.023612991, 3.120552), (-0.983566, 0.023612976, 2.255687), (-0.39606947, -0.059999503, 3.628752), (-1.0820831, -0.059999503, 3.1130602), (-1.4781533, -0.059999533, 2.403406), (-1.5302973, -0.059999444, 1.9835902), (-1.3666984, -0.049007274, 2.3721974), (-1.1616225, -0.02878163, 2.3147743), (-0.8503664, -0.0287816, 2.8781679), (-1.0004925, -0.049007244, 3.0303516), (-1.4149106, -0.049007185, 1.9835902), (-1.2026002, -0.02878154, 1.9835902), (-0.36620522, -0.049007244, 3.5163095), (-0.3112554, -0.0287816, 3.3094163), (-1.3666987, -0.027728416, 2.372198), (-1.1616228, -0.010695703, 2.314775), (-0.8503666, -0.0106956735, 2.8781688), (-1.0004927, -0.027728386, 3.0303524), (-1.4149109, -0.027728356, 1.9835902), (-1.2026006, -0.010695644, 1.9835902), (-0.3662053, -0.027728386, 3.5163102), (-0.31125543, -0.0106956735, 3.3094172), (-0.69030124, 0.055689856, 2.681927), (-0.8366123, -0.025397278, 2.837956), (-0.76957226, -0.016488053, 2.7659488), (-0.7299369, 0.023612991, 2.723938), (-1.0969867, -0.059999503, 3.0937223), (-0.86207855, -0.0287816, 2.862971), (-1.0142722, -0.049007244, 3.012472), (-0.8620787, -0.0106956735, 2.862972), (-1.0142725, -0.027728386, 3.0124726), (-0.9322059, 0.05568985, 2.222169), (-1.1297896, -0.025397308, 2.2863967), (-1.0392562, -0.016488083, 2.2564528), (-0.9857314, 0.023612976, 2.239311), (-1.4814076, -0.059999533, 2.3787951), (-1.1641799, -0.02878163, 2.2954338), (-1.3697073, -0.049007274, 2.3494422), (-1.1641802, -0.010695703, 2.2954345), (-1.3697077, -0.027728416, 2.349443), (-0.26614982, 0.055689856, 3.0566182), (-0.32256097, -0.025397308, 3.266343), (-0.29671323, -0.016488053, 3.1697326), (-0.28143162, 0.023612991, 3.1131756), (-0.42294985, -0.059999503, 3.6176665), (-0.33237964, -0.0287816, 3.3007047), (-0.3910588, -0.049007244, 3.50606), (-0.3323797, -0.0106956735, 3.3007054), (-0.39105886, -0.027728386, 3.5060606), (-0.2517489, 0.061793268, 3.0719008), (-0.27945566, -0.008079179, 3.1821775), (-0.3028875, -0.016703852, 3.276358), (-0.26560235, 0.030740976, 3.1270394), (-0.3944974, -0.050200827, 3.6226304), (-0.31105432, -0.01998005, 3.3075218), (-0.36802772, -0.03955964, 3.5210655), (-0.3680278, -0.018960483, 3.5210662), (-0.31105435, -0.0024718046, 3.3075228), (-0.26812363, 0.061793268, 3.0651476), (-0.32273293, -0.016703852, 3.2681737), (-0.2977108, -0.008079179, 3.174649), (-0.2829173, 0.030740976, 3.1198986), (-0.42051917, -0.050200827, 3.611899), (-0.3315038, -0.01998005, 3.2990885), (-0.39208743, -0.03955964, 3.5111434), (-0.33150387, -0.0024718046, 3.2990892), (-0.3920875, -0.018960483, 3.511144), (-0.6863251, 0.057563834, 2.699054), (-0.72417134, 0.026513249, 2.7403972), (-1.0031683, -0.043783553, 3.0320497), (-1.0798931, -0.054424115, 3.1098566), (-0.8260308, -0.020928986, 2.8525875), (-0.76201737, -0.01230479, 2.7817402), (-0.8488721, -0.024205007, 2.8760297), (-0.8488723, -0.006697722, 2.8760307), (-1.0031686, -0.02318547, 3.0320504), (-0.6954034, 0.057563834, 2.6872747), (-0.8370333, -0.020928986, 2.8383117), (-0.7721382, -0.01230479, 2.768608), (-0.7337709, 0.026513249, 2.7279415), (-1.0943198, -0.054424115, 3.0911374), (-0.8602096, -0.024205007, 2.8613193), (-1.0165073, -0.043783553, 3.0147421), (-0.8602097, -0.006697722, 2.8613203), (-1.0165075, -0.02318547, 3.0147426), (-1.1567363, -0.023068495, 2.3128092), (-1.1289659, -0.019781388, 2.3052323), (-1.0412261, -0.011128046, 2.2746878), (-0.937479, 0.058976725, 2.239661), (-0.98935294, 0.027821183, 2.2571745), (-1.4746274, -0.053389736, 2.402398), (-1.3690252, -0.042713232, 2.37269), (-1.3690255, -0.02204553, 2.3726907), (-1.1567365, -0.0055020526, 2.31281), (-0.939468, 0.058976725, 2.2246192), (-1.1313765, -0.019781388, 2.2870023), (-1.0434436, -0.011128046, 2.2579184), (-0.99145615, 0.027821183, 2.2412689), (-1.4777882, -0.053389736, 2.3784943), (-1.1592202, -0.023068495, 2.2940242), (-1.3719478, -0.042713232, 2.3505883), (-1.1592205, -0.0055020526, 2.294025), (-1.371948, -0.02204553, 2.350589), (-1.0277255, -0.010695688, 2.618881), (-1.2115915, -0.027728386, 2.7272856), (-1.2115912, -0.049007274, 2.7272851), (-1.311519, -0.049636014, 2.7862008), (-0.9159678, -0.016488053, 2.5468366), (-0.868084, 0.023612976, 2.5155287), (-0.9969594, -0.025397308, 2.6007411), (-1.0277253, -0.028781615, 2.61888), (-0.82019997, 0.06536252, 2.4842203), (-0.951922, 0.059485726, 2.2362516), (-1.1332167, -0.014998384, 2.2967567), (-1.0501469, -0.0068146363, 2.2685606), (-1.0010349, 0.030020922, 2.2524064), (-1.4604747, -0.04678289, 2.3859668), (-1.1552016, -0.018107094, 2.3023915), (-1.3757137, -0.036685772, 2.3625288), (-1.1552018, -0.0014939457, 2.3023922), (-1.375714, -0.01713965, 2.3625298), (-0.6984462, 0.05843693, 2.7010803), (-0.8332852, -0.016803421, 2.8470554), (-0.7715018, -0.008536585, 2.779692), (-0.7349741, 0.028672963, 2.7403865), (-1.0782696, -0.048910655, 3.0915346), (-0.85238063, -0.019943692, 2.865935), (-1.0109686, -0.03871099, 3.0250285), (-0.8523808, -0.0031618774, 2.865936), (-1.0109688, -0.018966414, 3.025029), (-0.26186085, 0.06423493, 3.0757513), (-0.31324092, -0.012044348, 3.2737365), (-0.28969842, -0.0036633462, 3.1825356), (-0.2757797, 0.034059986, 3.1291435), (-0.4052634, -0.04459489, 3.6089878), (-0.32071558, -0.015227981, 3.3003085), (-0.3814652, -0.03425438, 3.5183516), (-0.32071564, 0.0017855912, 3.3003092), (-0.38146526, -0.014237203, 3.518352), (-0.4736545, 0.055689856, 2.9005663), (-0.50130033, 0.023612991, 2.9520252), (-0.5757065, -0.025397308, 3.0914688), (-0.528946, -0.016488053, 3.003483), (-0.7526906, -0.051306643, 3.399663), (-0.593469, -0.0287816, 3.1225543), (-0.6996242, -0.049007244, 3.3083303), (-0.6996243, -0.027728386, 3.3083308), (-0.59346926, -0.0106956735, 3.122555), (-0.79172146, -0.059999503, 3.3779142), (-0.75731754, -0.046047665, 3.4092958), (-0.7512068, -0.05883523, 3.3986018), (-0.7096586, -0.059999503, 3.4389958), (-1.4592007, -0.059999533, 2.446944), (-1.2925311, -0.057910822, 2.7750058), (-1.1094968, -0.059999503, 3.0757897), (-0.53609645, -0.017850421, 3.0169375), (-0.72320807, -0.016488053, 2.814456), (-0.32122803, -0.016488053, 3.152183), (-0.3228545, -0.059999503, 3.6530976), (-0.90457654, 0.05568985, 2.2950184), (-0.83287317, 0.04720024, 2.4925065), (0, 0.055689856, 3.1760497), (0.2492348, 0.055689856, 3.063594), (0.68092287, 0.055689856, 2.6940956), (0.9301581, 0.05568985, 2.2376556), (0.9629706, 0.055689864, 1.9835902), (0, -0.025397278, 3.3941774), (0.30206075, -0.025397308, 3.2747974), (0.82524616, -0.025397278, 2.8527038), (1.1273077, -0.025397308, 2.305166), (1.1670749, -0.025397249, 1.9835902), (0.27785575, -0.016488053, 3.1775095), (1.0369732, -0.016488083, 2.273718), (1.0735538, -0.016488023, 1.9835902), (0.75911695, -0.016488053, 2.7795148), (0, -0.016488053, 3.2937164), (1.0182625, 0.023613006, 1.9835902), (0.72002006, 0.023612991, 2.7368054), (0, 0.023612991, 3.234883), (0.26354536, 0.023612991, 3.120552), (0.983566, 0.023612976, 2.255687), (0, -0.04821197, 3.7604542), (0.39606947, -0.059999503, 3.628752), (1.0820831, -0.059999503, 3.1130602), (1.4781533, -0.059999533, 2.403406), (1.5302973, -0.059999444, 1.9835902), (1.3666984, -0.049007274, 2.3721974), (1.1616225, -0.02878163, 2.3147743), (0, -0.049007244, 3.6440973), (0, -0.0287816, 3.4300015), (0.8503664, -0.0287816, 2.8781679), (1.0004925, -0.049007244, 3.0303516), (1.4149106, -0.049007185, 1.9835902), (1.2026002, -0.02878154, 1.9835902), (0.36620522, -0.049007244, 3.5163095), (0.3112554, -0.0287816, 3.3094163), (1.3666987, -0.027728416, 2.372198), (1.1616228, -0.010695703, 2.314775), (0, -0.027728386, 3.6440978), (0, -0.0106956735, 3.4300022), (0.8503666, -0.0106956735, 2.8781688), (1.0004927, -0.027728386, 3.0303524), (1.4149109, -0.027728356, 1.9835902), (1.2026006, -0.010695644, 1.9835902), (0.3662053, -0.027728386, 3.5163102), (0.31125543, -0.0106956735, 3.3094172), (0.69030124, 0.055689856, 2.681927), (0.8366123, -0.025397278, 2.837956), (0.76957226, -0.016488053, 2.7659488), (0.7299369, 0.023612991, 2.723938), (1.0969867, -0.059999503, 3.0937223), (0.86207855, -0.0287816, 2.862971), (1.0142722, -0.049007244, 3.012472), (0.8620787, -0.0106956735, 2.862972), (1.0142725, -0.027728386, 3.0124726), (0.9322059, 0.05568985, 2.222169), (1.1297896, -0.025397308, 2.2863967), (1.0392562, -0.016488083, 2.2564528), (0.9857314, 0.023612976, 2.239311), (1.4814076, -0.059999533, 2.3787951), (1.1641799, -0.02878163, 2.2954338), (1.3697073, -0.049007274, 2.3494422), (1.1641802, -0.010695703, 2.2954345), (1.3697077, -0.027728416, 2.349443), (0.26614982, 0.055689856, 3.0566182), (0.32256097, -0.025397308, 3.266343), (0.29671323, -0.016488053, 3.1697326), (0.28143162, 0.023612991, 3.1131756), (0.42294985, -0.059999503, 3.6176665), (0.33237964, -0.0287816, 3.3007047), (0.3910588, -0.049007244, 3.50606), (0.3323797, -0.0106956735, 3.3007054), (0.39105886, -0.027728386, 3.5060606), (0.2517489, 0.061793268, 3.0719008), (0.27945566, -0.008079179, 3.1821775), (0.3028875, -0.016703852, 3.276358), (0.26560235, 0.030740976, 3.1270394), (0.3944974, -0.050200827, 3.6226304), (0.31105432, -0.01998005, 3.3075218), (0.36802772, -0.03955964, 3.5210655), (0.3680278, -0.018960483, 3.5210662), (0.31105435, -0.0024718046, 3.3075228), (0.26812363, 0.061793268, 3.0651476), (0.32273293, -0.016703852, 3.2681737), (0.2977108, -0.008079179, 3.174649), (0.2829173, 0.030740976, 3.1198986), (0.42051917, -0.050200827, 3.611899), (0.3315038, -0.01998005, 3.2990885), (0.39208743, -0.03955964, 3.5111434), (0.33150387, -0.0024718046, 3.2990892), (0.3920875, -0.018960483, 3.511144), (0.6863251, 0.057563834, 2.699054), (0.72417134, 0.026513249, 2.7403972), (1.0031683, -0.043783553, 3.0320497), (1.0798931, -0.054424115, 3.1098566), (0.8260308, -0.020928986, 2.8525875), (0.76201737, -0.01230479, 2.7817402), (0.8488721, -0.024205007, 2.8760297), (0.8488723, -0.006697722, 2.8760307), (1.0031686, -0.02318547, 3.0320504), (0.6954034, 0.057563834, 2.6872747), (0.8370333, -0.020928986, 2.8383117), (0.7721382, -0.01230479, 2.768608), (0.7337709, 0.026513249, 2.7279415), (1.0943198, -0.054424115, 3.0911374), (0.8602096, -0.024205007, 2.8613193), (1.0165073, -0.043783553, 3.0147421), (0.8602097, -0.006697722, 2.8613203), (1.0165075, -0.02318547, 3.0147426), (1.1567363, -0.023068495, 2.3128092), (1.1289659, -0.019781388, 2.3052323), (1.0412261, -0.011128046, 2.2746878), (0.937479, 0.058976725, 2.239661), (0.98935294, 0.027821183, 2.2571745), (1.4746274, -0.053389736, 2.402398), (1.3690252, -0.042713232, 2.37269), (1.3690255, -0.02204553, 2.3726907), (1.1567365, -0.0055020526, 2.31281), (0.939468, 0.058976725, 2.2246192), (1.1313765, -0.019781388, 2.2870023), (1.0434436, -0.011128046, 2.2579184), (0.99145615, 0.027821183, 2.2412689), (1.4777882, -0.053389736, 2.3784943), (1.1592202, -0.023068495, 2.2940242), (1.3719478, -0.042713232, 2.3505883), (1.1592205, -0.0055020526, 2.294025), (1.371948, -0.02204553, 2.350589), (1.0277255, -0.010695688, 2.618881), (1.2115915, -0.027728386, 2.7272856), (1.2115912, -0.049007274, 2.7272851), (1.311519, -0.049636014, 2.7862008), (0.9159678, -0.016488053, 2.5468366), (0.868084, 0.023612976, 2.5155287), (0.9969594, -0.025397308, 2.6007411), (1.0277253, -0.028781615, 2.61888), (0.82019997, 0.06536252, 2.4842203), (0.951922, 0.059485726, 2.2362516), (1.1332167, -0.014998384, 2.2967567), (1.0501469, -0.0068146363, 2.2685606), (1.0010349, 0.030020922, 2.2524064), (1.4604747, -0.04678289, 2.3859668), (1.1552016, -0.018107094, 2.3023915), (1.3757137, -0.036685772, 2.3625288), (1.1552018, -0.0014939457, 2.3023922), (1.375714, -0.01713965, 2.3625298), (0.6984462, 0.05843693, 2.7010803), (0.8332852, -0.016803421, 2.8470554), (0.7715018, -0.008536585, 2.779692), (0.7349741, 0.028672963, 2.7403865), (1.0782696, -0.048910655, 3.0915346), (0.85238063, -0.019943692, 2.865935), (1.0109686, -0.03871099, 3.0250285), (0.8523808, -0.0031618774, 2.865936), (1.0109688, -0.018966414, 3.025029), (0.26186085, 0.06423493, 3.0757513), (0.31324092, -0.012044348, 3.2737365), (0.28969842, -0.0036633462, 3.1825356), (0.2757797, 0.034059986, 3.1291435), (0.4052634, -0.04459489, 3.6089878), (0.32071558, -0.015227981, 3.3003085), (0.3814652, -0.03425438, 3.5183516), (0.32071564, 0.0017855912, 3.3003092), (0.38146526, -0.014237203, 3.518352), (0.4736545, 0.055689856, 2.9005663), (0.50130033, 0.023612991, 2.9520252), (0.5757065, -0.025397308, 3.0914688), (0.528946, -0.016488053, 3.003483), (0.7526906, -0.051306643, 3.399663), (0.593469, -0.0287816, 3.1225543), (0.6996242, -0.049007244, 3.3083303), (0.6996243, -0.027728386, 3.3083308), (0.59346926, -0.0106956735, 3.122555), (0.79172146, -0.059999503, 3.3779142), (0.75731754, -0.046047665, 3.4092958), (0.7512068, -0.05883523, 3.3986018), (0.7096586, -0.059999503, 3.4389958), (1.4592007, -0.059999533, 2.446944), (1.2925311, -0.057910822, 2.7750058), (1.1094968, -0.059999503, 3.0757897), (0.53609645, -0.017850421, 3.0169375), (0.72320807, -0.016488053, 2.814456), (0.32122803, -0.016488053, 3.152183), (0.3228545, -0.059999503, 3.6530976), (0, -0.058146156, 3.740836), (0.90457654, 0.05568985, 2.2950184), (0.83287317, 0.04720024, 2.4925065), (-0.2492348, 0.18372226, 3.063594), (-0.68092287, 0.18372226, 2.6940956), (-0.9301581, 0.18372226, 2.2376556), (-0.9629706, 0.18372226, 1.9835902), (-0.30206075, 0.26480943, 3.2747974), (-0.82524616, 0.2648094, 2.8527038), (-1.1273077, 0.26480943, 2.305166), (-1.1670749, 0.26480937, 1.9835902), (-0.27785575, 0.25590017, 3.1775095), (-1.0369732, 0.2559002, 2.273718), (-1.0735538, 0.25590014, 1.9835902), (-0.75911695, 0.25590017, 2.7795148), (-1.0182625, 0.21579911, 1.9835902), (-0.72002006, 0.21579912, 2.7368054), (-0.26354536, 0.21579912, 3.120552), (-0.983566, 0.21579914, 2.255687), (-0.39606947, 0.29941162, 3.628752), (-1.0820831, 0.29941162, 3.1130602), (-1.4781533, 0.29941165, 2.403406), (-1.5302973, 0.29941157, 1.9835902), (-1.3666984, 0.2884194, 2.3721974), (-1.1616225, 0.26819375, 2.3147743), (-0.8503664, 0.26819372, 2.8781679), (-1.0004925, 0.28841937, 3.0303516), (-1.4149106, 0.2884193, 1.9835902), (-1.2026002, 0.26819366, 1.9835902), (-0.36620522, 0.28841937, 3.5163095), (-0.3112554, 0.26819372, 3.3094163), (-1.3666987, 0.26714054, 2.372198), (-1.1616228, 0.25010782, 2.314775), (-0.8503666, 0.2501078, 2.8781688), (-1.0004927, 0.2671405, 3.0303524), (-1.4149109, 0.26714048, 1.9835902), (-1.2026006, 0.25010777, 1.9835902), (-0.3662053, 0.2671405, 3.5163102), (-0.31125543, 0.2501078, 3.3094172), (-0.39606947, 0.11970606, 3.628752), (-1.0820831, 0.11970606, 3.1130602), (-1.4781533, 0.11970606, 2.403406), (-1.5302973, 0.11970606, 1.9835902), (-0.2492348, 0.11970606, 3.063594), (-0.68092287, 0.11970606, 2.6940956), (-0.9301581, 0.11970606, 2.2376556), (-0.9629706, 0.11970606, 1.9835902), (-0.69030124, 0.18372226, 2.681927), (-0.8366123, 0.2648094, 2.837956), (-0.76957226, 0.25590017, 2.7659488), (-0.7299369, 0.21579912, 2.723938), (-1.0969867, 0.29941162, 3.0937223), (-0.86207855, 0.26819372, 2.862971), (-1.0142722, 0.28841937, 3.012472), (-0.8620787, 0.2501078, 2.862972), (-1.0142725, 0.2671405, 3.0124726), (-1.0969867, 0.11970606, 3.0937223), (-0.69030124, 0.11970606, 2.681927), (-0.9322059, 0.18372226, 2.222169), (-1.1297896, 0.26480943, 2.2863967), (-1.0392562, 0.2559002, 2.2564528), (-0.9857314, 0.21579914, 2.239311), (-1.4814076, 0.29941165, 2.3787951), (-1.1641799, 0.26819375, 2.2954338), (-1.3697073, 0.2884194, 2.3494422), (-1.1641802, 0.25010782, 2.2954345), (-1.3697077, 0.26714054, 2.349443), (-1.4814076, 0.11970606, 2.3787951), (-0.9322059, 0.11970606, 2.222169), (-0.26614982, 0.18372226, 3.0566182), (-0.32256097, 0.26480943, 3.266343), (-0.29671323, 0.25590017, 3.1697326), (-0.28143162, 0.21579912, 3.1131756), (-0.42294985, 0.29941162, 3.6176665), (-0.33237964, 0.26819372, 3.3007047), (-0.3910588, 0.28841937, 3.50606), (-0.3323797, 0.2501078, 3.3007054), (-0.39105886, 0.2671405, 3.5060606), (-0.42294985, 0.11970606, 3.6176665), (-0.26614982, 0.11970606, 3.0566182), (-0.2517489, 0.11970606, 3.0719008), (-0.2517489, 0.17761885, 3.0719008), (-0.27945566, 0.2474913, 3.1821775), (-0.3028875, 0.25611597, 3.276358), (-0.26560235, 0.20867114, 3.1270394), (-0.3944974, 0.11970606, 3.6226304), (-0.3944974, 0.28961295, 3.6226304), (-0.31105432, 0.25939217, 3.3075218), (-0.36802772, 0.27897176, 3.5210655), (-0.3680278, 0.2583726, 3.5210662), (-0.31105435, 0.24188392, 3.3075228), (-0.26812363, 0.11970606, 3.0651476), (-0.26812363, 0.17761885, 3.0651476), (-0.32273293, 0.25611597, 3.2681737), (-0.2977108, 0.2474913, 3.174649), (-0.2829173, 0.20867114, 3.1198986), (-0.42051917, 0.28961295, 3.611899), (-0.3315038, 0.25939217, 3.2990885), (-0.39208743, 0.27897176, 3.5111434), (-0.33150387, 0.24188392, 3.2990892), (-0.3920875, 0.2583726, 3.511144), (-0.42051917, 0.11970606, 3.611899), (-0.6863251, 0.11970606, 2.699054), (-0.6863251, 0.18184829, 2.699054), (-0.72417134, 0.21289887, 2.7403972), (-1.0031683, 0.28319567, 3.0320497), (-1.0798931, 0.29383624, 3.1098566), (-0.8260308, 0.2603411, 2.8525875), (-0.76201737, 0.2517169, 2.7817402), (-1.0798931, 0.11970606, 3.1098566), (-0.8488721, 0.26361713, 2.8760297), (-0.8488723, 0.24610984, 2.8760307), (-1.0031686, 0.2625976, 3.0320504), (-0.6954034, 0.11970606, 2.6872747), (-0.6954034, 0.18184829, 2.6872747), (-0.8370333, 0.2603411, 2.8383117), (-0.7721382, 0.2517169, 2.768608), (-0.7337709, 0.21289887, 2.7279415), (-1.0943198, 0.29383624, 3.0911374), (-0.8602096, 0.26361713, 2.8613193), (-1.0165073, 0.28319567, 3.0147421), (-0.8602097, 0.24610984, 2.8613203), (-1.0165075, 0.2625976, 3.0147426), (-1.0943198, 0.11970606, 3.0911374), (-1.1567363, 0.26248062, 2.3128092), (-1.1289659, 0.2591935, 2.3052323), (-1.0412261, 0.25054017, 2.2746878), (-0.937479, 0.11970606, 2.239661), (-0.937479, 0.18043539, 2.239661), (-0.98935294, 0.21159093, 2.2571745), (-1.4746274, 0.11970606, 2.402398), (-1.4746274, 0.29280186, 2.402398), (-1.3690252, 0.28212535, 2.37269), (-1.3690255, 0.26145765, 2.3726907), (-1.1567365, 0.24491417, 2.31281), (-0.939468, 0.11970606, 2.2246192), (-0.939468, 0.18043539, 2.2246192), (-1.1313765, 0.2591935, 2.2870023), (-1.0434436, 0.25054017, 2.2579184), (-0.99145615, 0.21159093, 2.2412689), (-1.4777882, 0.29280186, 2.3784943), (-1.1592202, 0.26248062, 2.2940242), (-1.3719478, 0.28212535, 2.3505883), (-1.1592205, 0.24491417, 2.294025), (-1.371948, 0.26145765, 2.350589), (-1.4777882, 0.11970606, 2.3784943), (-1.0277255, 0.2501078, 2.618881), (-1.2115915, 0.2671405, 2.7272856), (-1.2115912, 0.2884194, 2.7272851), (-1.311519, 0.28904814, 2.7862008), (-1.3115191, 0.11970606, 2.7862008), (-0.9159678, 0.25590017, 2.5468366), (-0.868084, 0.21579914, 2.5155287), (-0.9969594, 0.26480943, 2.6007411), (-1.0277253, 0.26819372, 2.61888), (-0.82019997, 0.17404959, 2.4842203), (-0.82019997, 0.11970606, 2.4842203), (-0.951922, 0.11970606, 2.2362516), (-0.951922, 0.1799264, 2.2362516), (-1.1332167, 0.2544105, 2.2967567), (-1.0501469, 0.24622676, 2.2685606), (-1.0010349, 0.20939119, 2.2524064), (-1.4604747, 0.286195, 2.3859668), (-1.1552016, 0.25751922, 2.3023915), (-1.3757137, 0.2760979, 2.3625288), (-1.1552018, 0.24090606, 2.3023922), (-1.375714, 0.25655177, 2.3625298), (-1.4604747, 0.11970606, 2.3859668), (-0.6984462, 0.11970606, 2.7010803), (-0.6984462, 0.18097518, 2.7010803), (-0.8332852, 0.25621554, 2.8470554), (-0.7715018, 0.2479487, 2.779692), (-0.7349741, 0.21073915, 2.7403865), (-1.0782696, 0.28832278, 3.0915346), (-0.85238063, 0.2593558, 2.865935), (-1.0109686, 0.2781231, 3.0250285), (-0.8523808, 0.24257399, 2.865936), (-1.0109688, 0.25837854, 3.025029), (-1.0782696, 0.11970606, 3.0915346), (-0.26186085, 0.11970606, 3.0757513), (-0.26186085, 0.17517719, 3.0757513), (-0.31324092, 0.25145647, 3.2737365), (-0.28969842, 0.24307546, 3.1825356), (-0.2757797, 0.20535213, 3.1291435), (-0.4052634, 0.284007, 3.6089878), (-0.32071558, 0.2546401, 3.3003085), (-0.3814652, 0.2736665, 3.5183516), (-0.32071564, 0.23762652, 3.3003092), (-0.38146526, 0.25364932, 3.518352), (-0.4052634, 0.11970606, 3.6089878), (-0.4736545, 0.11970606, 2.9005663), (-0.4736545, 0.18372226, 2.9005663), (-0.50130033, 0.21579912, 2.9520252), (-0.5757065, 0.26480943, 3.0914688), (-0.528946, 0.25590017, 3.003483), (-0.75731754, 0.11970606, 3.4092958), (-0.7526906, 0.29071876, 3.399663), (-0.593469, 0.26819372, 3.1225543), (-0.6996242, 0.28841937, 3.3083303), (-0.6996243, 0.2671405, 3.3083308), (-0.59346926, 0.2501078, 3.122555), (-0.79172146, 0.29941162, 3.3779142), (-0.75731754, 0.2854598, 3.4092958), (-0.7512068, 0.29824734, 3.3986018), (-0.7096586, 0.29941162, 3.4389958), (-1.4592007, 0.29941165, 2.446944), (-1.2925311, 0.29732293, 2.7750058), (-1.1094968, 0.29941162, 3.0757897), (-0.53609645, 0.25726253, 3.0169375), (-0.72320807, 0.25590017, 2.814456), (-0.32122803, 0.25590017, 3.152183), (-0.3228545, 0.29941162, 3.6530976), (-0.90457654, 0.18372226, 2.2950184), (-0.83287317, 0.19221187, 2.4925065), (0, 0.18372226, 3.1760497), (0.2492348, 0.18372226, 3.063594), (0.68092287, 0.18372226, 2.6940956), (0.9301581, 0.18372226, 2.2376556), (0.9629706, 0.18372226, 1.9835902), (0, 0.2648094, 3.3941774), (0.30206075, 0.26480943, 3.2747974), (0.82524616, 0.2648094, 2.8527038), (1.1273077, 0.26480943, 2.305166), (1.1670749, 0.26480937, 1.9835902), (0.27785575, 0.25590017, 3.1775095), (1.0369732, 0.2559002, 2.273718), (1.0735538, 0.25590014, 1.9835902), (0.75911695, 0.25590017, 2.7795148), (0, 0.25590017, 3.2937164), (1.0182625, 0.21579911, 1.9835902), (0.72002006, 0.21579912, 2.7368054), (0, 0.21579912, 3.234883), (0.26354536, 0.21579912, 3.120552), (0.983566, 0.21579914, 2.255687), (0, 0.2876241, 3.7604542), (0.39606947, 0.29941162, 3.628752), (1.0820831, 0.29941162, 3.1130602), (1.4781533, 0.29941165, 2.403406), (1.5302973, 0.29941157, 1.9835902), (1.3666984, 0.2884194, 2.3721974), (1.1616225, 0.26819375, 2.3147743), (0, 0.28841937, 3.6440973), (0, 0.26819372, 3.4300015), (0.8503664, 0.26819372, 2.8781679), (1.0004925, 0.28841937, 3.0303516), (1.4149106, 0.2884193, 1.9835902), (1.2026002, 0.26819366, 1.9835902), (0.36620522, 0.28841937, 3.5163095), (0.3112554, 0.26819372, 3.3094163), (1.3666987, 0.26714054, 2.372198), (1.1616228, 0.25010782, 2.314775), (0, 0.2671405, 3.6440978), (0, 0.2501078, 3.4300022), (0.8503666, 0.2501078, 2.8781688), (1.0004927, 0.2671405, 3.0303524), (1.4149109, 0.26714048, 1.9835902), (1.2026006, 0.25010777, 1.9835902), (0.3662053, 0.2671405, 3.5163102), (0.31125543, 0.2501078, 3.3094172), (0, 0.11970606, 3.7604542), (0.39606947, 0.11970606, 3.628752), (1.0820831, 0.11970606, 3.1130602), (1.4781533, 0.11970606, 2.403406), (1.5302973, 0.11970606, 1.9835902), (0, 0.11970606, 3.1760497), (0.2492348, 0.11970606, 3.063594), (0.68092287, 0.11970606, 2.6940956), (0.9301581, 0.11970606, 2.2376556), (0.9629706, 0.11970606, 1.9835902), (0.69030124, 0.18372226, 2.681927), (0.8366123, 0.2648094, 2.837956), (0.76957226, 0.25590017, 2.7659488), (0.7299369, 0.21579912, 2.723938), (1.0969867, 0.29941162, 3.0937223), (0.86207855, 0.26819372, 2.862971), (1.0142722, 0.28841937, 3.012472), (0.8620787, 0.2501078, 2.862972), (1.0142725, 0.2671405, 3.0124726), (1.0969867, 0.11970606, 3.0937223), (0.69030124, 0.11970606, 2.681927), (0.9322059, 0.18372226, 2.222169), (1.1297896, 0.26480943, 2.2863967), (1.0392562, 0.2559002, 2.2564528), (0.9857314, 0.21579914, 2.239311), (1.4814076, 0.29941165, 2.3787951), (1.1641799, 0.26819375, 2.2954338), (1.3697073, 0.2884194, 2.3494422), (1.1641802, 0.25010782, 2.2954345), (1.3697077, 0.26714054, 2.349443), (1.4814076, 0.11970606, 2.3787951), (0.9322059, 0.11970606, 2.222169), (0.26614982, 0.18372226, 3.0566182), (0.32256097, 0.26480943, 3.266343), (0.29671323, 0.25590017, 3.1697326), (0.28143162, 0.21579912, 3.1131756), (0.42294985, 0.29941162, 3.6176665), (0.33237964, 0.26819372, 3.3007047), (0.3910588, 0.28841937, 3.50606), (0.3323797, 0.2501078, 3.3007054), (0.39105886, 0.2671405, 3.5060606), (0.42294985, 0.11970606, 3.6176665), (0.26614982, 0.11970606, 3.0566182), (0.2517489, 0.11970606, 3.0719008), (0.2517489, 0.17761885, 3.0719008), (0.27945566, 0.2474913, 3.1821775), (0.3028875, 0.25611597, 3.276358), (0.26560235, 0.20867114, 3.1270394), (0.3944974, 0.11970606, 3.6226304), (0.3944974, 0.28961295, 3.6226304), (0.31105432, 0.25939217, 3.3075218), (0.36802772, 0.27897176, 3.5210655), (0.3680278, 0.2583726, 3.5210662), (0.31105435, 0.24188392, 3.3075228), (0.26812363, 0.11970606, 3.0651476), (0.26812363, 0.17761885, 3.0651476), (0.32273293, 0.25611597, 3.2681737), (0.2977108, 0.2474913, 3.174649), (0.2829173, 0.20867114, 3.1198986), (0.42051917, 0.28961295, 3.611899), (0.3315038, 0.25939217, 3.2990885), (0.39208743, 0.27897176, 3.5111434), (0.33150387, 0.24188392, 3.2990892), (0.3920875, 0.2583726, 3.511144), (0.42051917, 0.11970606, 3.611899), (0.6863251, 0.11970606, 2.699054), (0.6863251, 0.18184829, 2.699054), (0.72417134, 0.21289887, 2.7403972), (1.0031683, 0.28319567, 3.0320497), (1.0798931, 0.29383624, 3.1098566), (0.8260308, 0.2603411, 2.8525875), (0.76201737, 0.2517169, 2.7817402), (1.0798931, 0.11970606, 3.1098566), (0.8488721, 0.26361713, 2.8760297), (0.8488723, 0.24610984, 2.8760307), (1.0031686, 0.2625976, 3.0320504), (0.6954034, 0.11970606, 2.6872747), (0.6954034, 0.18184829, 2.6872747), (0.8370333, 0.2603411, 2.8383117), (0.7721382, 0.2517169, 2.768608), (0.7337709, 0.21289887, 2.7279415), (1.0943198, 0.29383624, 3.0911374), (0.8602096, 0.26361713, 2.8613193), (1.0165073, 0.28319567, 3.0147421), (0.8602097, 0.24610984, 2.8613203), (1.0165075, 0.2625976, 3.0147426), (1.0943198, 0.11970606, 3.0911374), (1.1567363, 0.26248062, 2.3128092), (1.1289659, 0.2591935, 2.3052323), (1.0412261, 0.25054017, 2.2746878), (0.937479, 0.11970606, 2.239661), (0.937479, 0.18043539, 2.239661), (0.98935294, 0.21159093, 2.2571745), (1.4746274, 0.11970606, 2.402398), (1.4746274, 0.29280186, 2.402398), (1.3690252, 0.28212535, 2.37269), (1.3690255, 0.26145765, 2.3726907), (1.1567365, 0.24491417, 2.31281), (0.939468, 0.11970606, 2.2246192), (0.939468, 0.18043539, 2.2246192), (1.1313765, 0.2591935, 2.2870023), (1.0434436, 0.25054017, 2.2579184), (0.99145615, 0.21159093, 2.2412689), (1.4777882, 0.29280186, 2.3784943), (1.1592202, 0.26248062, 2.2940242), (1.3719478, 0.28212535, 2.3505883), (1.1592205, 0.24491417, 2.294025), (1.371948, 0.26145765, 2.350589), (1.4777882, 0.11970606, 2.3784943), (1.0277255, 0.2501078, 2.618881), (1.2115915, 0.2671405, 2.7272856), (1.2115912, 0.2884194, 2.7272851), (1.311519, 0.28904814, 2.7862008), (1.3115191, 0.11970606, 2.7862008), (0.9159678, 0.25590017, 2.5468366), (0.868084, 0.21579914, 2.5155287), (0.9969594, 0.26480943, 2.6007411), (1.0277253, 0.26819372, 2.61888), (0.82019997, 0.17404959, 2.4842203), (0.82019997, 0.11970606, 2.4842203), (0.951922, 0.11970606, 2.2362516), (0.951922, 0.1799264, 2.2362516), (1.1332167, 0.2544105, 2.2967567), (1.0501469, 0.24622676, 2.2685606), (1.0010349, 0.20939119, 2.2524064), (1.4604747, 0.286195, 2.3859668), (1.1552016, 0.25751922, 2.3023915), (1.3757137, 0.2760979, 2.3625288), (1.1552018, 0.24090606, 2.3023922), (1.375714, 0.25655177, 2.3625298), (1.4604747, 0.11970606, 2.3859668), (0.6984462, 0.11970606, 2.7010803), (0.6984462, 0.18097518, 2.7010803), (0.8332852, 0.25621554, 2.8470554), (0.7715018, 0.2479487, 2.779692), (0.7349741, 0.21073915, 2.7403865), (1.0782696, 0.28832278, 3.0915346), (0.85238063, 0.2593558, 2.865935), (1.0109686, 0.2781231, 3.0250285), (0.8523808, 0.24257399, 2.865936), (1.0109688, 0.25837854, 3.025029), (1.0782696, 0.11970606, 3.0915346), (0.26186085, 0.11970606, 3.0757513), (0.26186085, 0.17517719, 3.0757513), (0.31324092, 0.25145647, 3.2737365), (0.28969842, 0.24307546, 3.1825356), (0.2757797, 0.20535213, 3.1291435), (0.4052634, 0.284007, 3.6089878), (0.32071558, 0.2546401, 3.3003085), (0.3814652, 0.2736665, 3.5183516), (0.32071564, 0.23762652, 3.3003092), (0.38146526, 0.25364932, 3.518352), (0.4052634, 0.11970606, 3.6089878), (0.4736545, 0.11970606, 2.9005663), (0.4736545, 0.18372226, 2.9005663), (0.50130033, 0.21579912, 2.9520252), (0.5757065, 0.26480943, 3.0914688), (0.528946, 0.25590017, 3.003483), (0.75731754, 0.11970606, 3.4092958), (0.7526906, 0.29071876, 3.399663), (0.593469, 0.26819372, 3.1225543), (0.6996242, 0.28841937, 3.3083303), (0.6996243, 0.2671405, 3.3083308), (0.59346926, 0.2501078, 3.122555), (0.79172146, 0.29941162, 3.3779142), (0.75731754, 0.2854598, 3.4092958), (0.7512068, 0.29824734, 3.3986018), (0.7096586, 0.29941162, 3.4389958), (1.4592007, 0.29941165, 2.446944), (1.2925311, 0.29732293, 2.7750058), (1.1094968, 0.29941162, 3.0757897), (0.53609645, 0.25726253, 3.0169375), (0.72320807, 0.25590017, 2.814456), (0.32122803, 0.25590017, 3.152183), (0.3228545, 0.29941162, 3.6530976), (0, 0.29755828, 3.740836), (0.90457654, 0.18372226, 2.2950184), (0.83287317, 0.19221187, 2.4925065)]
            uniform token subdivisionScheme = "none"
            uniform token subsetFamily:materialBind:familyType = "nonOverlapping"
            custom string userProperties:blender:data_name = "Cylinder.002"

            def GeomSubset "Main" (
                prepend apiSchemas = ["MaterialBindingAPI"]
            )
            {
                uniform token elementType = "face"
                uniform token familyName = "materialBind"
                int[] indices = [0, 1, 2, 3, 4, 5, 6, 7, 8, 9, 10, 11, 12, 13, 14, 15, 16, 17, 18, 19, 20, 21, 22, 23, 24, 25, 26, 27, 28, 29, 30, 31, 32, 33, 35, 36, 37, 38, 39, 40, 41, 42, 43, 44, 45, 46, 47, 48, 49, 50, 52, 53, 54, 55, 57, 58, 60, 61, 62, 63, 64, 65, 66, 67, 68, 69, 70, 71, 72, 73, 74, 75, 76, 77, 78, 79, 80, 81, 82, 83, 84, 85, 86, 87, 88, 89, 90, 91, 92, 93, 94, 95, 96, 97, 98, 99, 100, 101, 102, 103, 104, 105, 106, 107, 108, 109, 110, 111, 112, 113, 114, 116, 117, 118, 119, 120, 121, 122, 123, 124, 125, 126, 127, 128, 129, 130, 131, 133, 134, 135, 136, 138, 139, 141, 142, 143, 144, 145, 146, 147, 148, 149, 150, 151, 152, 153, 154, 155, 156, 157, 158, 159, 160, 161, 162, 163, 164, 165, 166, 167, 168, 169, 170, 171, 172, 173, 174, 175, 176, 177, 178, 179, 180, 181, 182, 183, 184, 185, 186, 187, 188, 189, 190, 191, 192, 193, 194, 195, 197, 198, 199, 200, 201, 202, 203, 204, 205, 206, 207, 208, 209, 210, 211, 212, 214, 215, 216, 217, 219, 220, 222, 223, 224, 225, 226, 227, 228, 229, 230, 231, 232, 233, 234, 235, 236, 237, 238, 239, 240, 241, 242, 243, 244, 245, 246, 247, 248, 249, 250, 251, 252, 253, 254, 255, 256, 257, 258, 259, 260, 261, 262, 263, 264, 265, 266, 267, 268, 269, 270, 271, 272, 273, 274, 275, 276, 278, 279, 280, 281, 282, 283, 284, 285, 286, 287, 288, 289, 290, 291, 292, 293, 295, 296, 297, 298, 300, 301, 303, 304, 305, 306, 307, 308, 309, 310, 311, 312, 313, 314, 315, 316, 317, 318, 319, 320, 321, 322, 323, 324, 325, 326, 327, 328, 329, 331, 332, 333, 334, 335, 336, 337, 338, 339, 340, 341, 342, 343, 345, 346, 347, 348, 349, 350, 351, 352, 353, 354, 355, 356, 357, 358, 359, 360, 361, 362, 363, 364, 365, 366, 367, 368, 369, 370, 376, 377, 378, 379, 380, 381, 382, 383, 384, 385, 386, 387, 388, 389, 390, 391, 392, 393, 394, 395, 396, 397, 398, 399, 400, 402, 403, 404, 405, 406, 407, 408, 409, 410, 412, 413, 414, 415, 416, 417, 418, 420, 421, 422, 423, 424, 425, 426, 427, 428, 429, 430, 431, 432, 434, 435, 436, 437, 438, 439, 440, 441, 442, 443, 444, 445, 446, 447, 448, 449, 450, 451, 452, 453, 454, 455, 456, 457, 458, 459, 465, 466, 467, 468, 469, 470, 471, 472, 473, 474, 475, 476, 477, 478, 479, 480, 481, 482, 483, 484, 485, 486, 487, 488, 489, 491, 492, 493, 494, 495, 496, 497, 498, 499, 501, 502, 503, 504, 505, 506, 507, 509, 510, 511, 512, 513, 514, 515, 516, 517, 518, 519, 520, 521, 523, 524, 525, 526, 527, 528, 529, 530, 531, 532, 533, 534, 535, 536, 537, 538, 539, 540, 541, 542, 543, 544, 545, 546, 547, 548, 554, 555, 556, 557, 558, 559, 560, 561, 562, 563, 564, 565, 566, 567, 568, 569, 570, 571, 572, 573, 574, 575, 576, 577, 578, 580, 581, 582, 583, 584, 585, 586, 587, 588, 590, 591, 592, 593, 594, 595, 596, 598, 599, 600, 601, 602, 603, 604, 605, 606, 607, 608, 609, 610, 612, 613, 614, 615, 616, 617, 618, 619, 620, 621, 622, 623, 624, 625, 626, 627, 628, 629, 630, 631, 632, 633, 634, 635, 636, 637, 643, 644, 645, 646, 647, 648, 649, 650, 651, 652, 653, 654, 655, 656, 657, 658, 659, 660, 661, 662, 663, 664, 665, 666, 667, 669, 670, 671, 672, 673, 674, 675, 676, 677, 679, 680, 681, 682, 683, 684, 685, 686, 687, 688, 689, 690, 691, 692, 693, 694, 695, 696, 697, 698, 699, 700, 701, 702, 703, 704, 705, 706, 707, 708, 709, 710, 711, 712, 713, 714, 715, 716, 717, 718, 719, 720, 721, 722, 723, 724, 725, 726, 728, 730, 731, 732, 733, 734, 735, 736, 737, 738, 739, 740, 741, 742, 743, 744, 745, 747, 748, 749, 750, 751, 752, 753, 754, 755, 756, 757, 758, 759, 760, 761, 762, 763, 764, 765, 766, 767, 778, 779, 780, 781, 782, 783, 784, 785, 786, 787, 798, 799, 800, 801, 802, 803, 804, 805, 806, 807, 818, 819, 820, 821, 822, 823, 824, 825, 826, 827, 828, 859, 860, 862, 866, 870, 872, 873, 874, 875, 876, 877, 878, 879, 880, 881, 882, 883, 884, 885, 886, 887, 888, 889, 890, 891, 892, 893, 894, 895, 896, 897, 898, 899, 900, 901, 902, 903, 904, 905, 906, 907, 908, 909, 910, 911, 912, 913, 914, 915, 916, 917, 918, 920, 922, 923, 924, 925, 926, 927, 928, 929, 930, 931, 932, 933, 934, 935, 936, 937, 939, 940, 941, 942, 943, 944, 945, 946, 947, 948, 949, 950, 951, 952, 953, 954, 955, 956, 957, 958, 959, 970, 971, 972, 973, 974, 975, 976, 977, 978, 979, 990, 991, 992, 993, 994, 995, 996, 997, 998, 999, 1010, 1011, 1012, 1013, 1014, 1015, 1016, 1017, 1018, 1019, 1020, 1051, 1052, 1054, 1058, 1062, 1064, 1065, 1066, 1067, 1068, 1069, 1070, 1071, 1072, 1073, 1074, 1075, 1076, 1077, 1078, 1079, 1080, 1081, 1082, 1083, 1084, 1085, 1086, 1087, 1088, 1089, 1090, 1091, 1092, 1093, 1094, 1095, 1096, 1097, 1098, 1099, 1100, 1101, 1102, 1103, 1104, 1105, 1106, 1107, 1108, 1109, 1110, 1112, 1114, 1115, 1116, 1117, 1118, 1119, 1120, 1121, 1122, 1123, 1124, 1125, 1126, 1127, 1128, 1129, 1131, 1132, 1133, 1134, 1135, 1136, 1137, 1138, 1139, 1140, 1141, 1142, 1143, 1144, 1145, 1146, 1147, 1148, 1149, 1150, 1151, 1162, 1163, 1164, 1165, 1166, 1167, 1168, 1169, 1170, 1171, 1182, 1183, 1184, 1185, 1186, 1187, 1188, 1189, 1190, 1191, 1202, 1203, 1204, 1205, 1206, 1207, 1208, 1209, 1210, 1211, 1212, 1243, 1244, 1246, 1250, 1254, 1256, 1257, 1258, 1259, 1260, 1261, 1262, 1263, 1264, 1265, 1266, 1267, 1268, 1269, 1270, 1271, 1272, 1273, 1274, 1275, 1276, 1277, 1278, 1279, 1280, 1281, 1282, 1283, 1284, 1285, 1286, 1287, 1288, 1289, 1290, 1291, 1292, 1293, 1294, 1295, 1296, 1297, 1298, 1299, 1300, 1301, 1302, 1304, 1306, 1307, 1308, 1309, 1310, 1311, 1312, 1313, 1314, 1315, 1316, 1317, 1318, 1319, 1320, 1321, 1323, 1324, 1325, 1326, 1327, 1328, 1329, 1330, 1331, 1332, 1333, 1334, 1335, 1336, 1337, 1338, 1339, 1340, 1341, 1342, 1343, 1354, 1355, 1356, 1357, 1358, 1359, 1360, 1361, 1362, 1363, 1374, 1375, 1376, 1377, 1378, 1379, 1380, 1381, 1382, 1383, 1394, 1395, 1396, 1397, 1398, 1399, 1400, 1401, 1402, 1403, 1404, 1435, 1436, 1438, 1442, 1446]
                rel material:binding = </root/_materials/Main>
            }

            def GeomSubset "Highlights" (
                prepend apiSchemas = ["MaterialBindingAPI"]
            )
            {
                uniform token elementType = "face"
                uniform token familyName = "materialBind"
                int[] indices = [34, 51, 56, 59, 115, 132, 137, 140, 196, 213, 218, 221, 277, 294, 299, 302, 330, 344, 401, 411, 419, 433, 490, 500, 508, 522, 579, 589, 597, 611, 668, 678, 727, 729, 746, 861, 863, 864, 865, 867, 868, 869, 871, 919, 921, 938, 1053, 1055, 1056, 1057, 1059, 1060, 1061, 1063, 1111, 1113, 1130, 1245, 1247, 1248, 1249, 1251, 1252, 1253, 1255, 1303, 1305, 1322, 1437, 1439, 1440, 1441, 1443, 1444, 1445, 1447]
                rel material:binding = </root/_materials/Highlights>
            }

            def GeomSubset "Black" (
                prepend apiSchemas = ["MaterialBindingAPI"]
            )
            {
                uniform token elementType = "face"
                uniform token familyName = "materialBind"
                int[] indices = [371, 372, 373, 374, 375, 460, 461, 462, 463, 464, 549, 550, 551, 552, 553, 638, 639, 640, 641, 642, 768, 769, 770, 771, 772, 773, 774, 775, 776, 777, 788, 789, 790, 791, 792, 793, 794, 795, 796, 797, 808, 809, 810, 811, 812, 813, 814, 815, 816, 817, 829, 830, 831, 832, 833, 834, 835, 836, 837, 838, 839, 840, 841, 842, 843, 844, 845, 846, 847, 848, 849, 850, 851, 852, 853, 854, 855, 856, 857, 858, 960, 961, 962, 963, 964, 965, 966, 967, 968, 969, 980, 981, 982, 983, 984, 985, 986, 987, 988, 989, 1000, 1001, 1002, 1003, 1004, 1005, 1006, 1007, 1008, 1009, 1021, 1022, 1023, 1024, 1025, 1026, 1027, 1028, 1029, 1030, 1031, 1032, 1033, 1034, 1035, 1036, 1037, 1038, 1039, 1040, 1041, 1042, 1043, 1044, 1045, 1046, 1047, 1048, 1049, 1050, 1152, 1153, 1154, 1155, 1156, 1157, 1158, 1159, 1160, 1161, 1172, 1173, 1174, 1175, 1176, 1177, 1178, 1179, 1180, 1181, 1192, 1193, 1194, 1195, 1196, 1197, 1198, 1199, 1200, 1201, 1213, 1214, 1215, 1216, 1217, 1218, 1219, 1220, 1221, 1222, 1223, 1224, 1225, 1226, 1227, 1228, 1229, 1230, 1231, 1232, 1233, 1234, 1235, 1236, 1237, 1238, 1239, 1240, 1241, 1242, 1344, 1345, 1346, 1347, 1348, 1349, 1350, 1351, 1352, 1353, 1364, 1365, 1366, 1367, 1368, 1369, 1370, 1371, 1372, 1373, 1384, 1385, 1386, 1387, 1388, 1389, 1390, 1391, 1392, 1393, 1405, 1406, 1407, 1408, 1409, 1410, 1411, 1412, 1413, 1414, 1415, 1416, 1417, 1418, 1419, 1420, 1421, 1422, 1423, 1424, 1425, 1426, 1427, 1428, 1429, 1430, 1431, 1432, 1433, 1434]
                rel material:binding = </root/_materials/Black>
            }
        }
    }

    def Scope "_materials"
    {
        def Material "Main"
        {
            token outputs:surface.connect = </root/_materials/Main/Principled_BSDF.outputs:surface>
            custom string userProperties:blender:data_name = "Main"

            def Shader "Principled_BSDF"
            {
                uniform token info:id = "UsdPreviewSurface"
                float inputs:clearcoat = 0
                float inputs:clearcoatRoughness = 0.03
                color3f inputs:diffuseColor = (0.15896088, 0.1620294, 0.12477183)
                float inputs:ior = 1.5
                float inputs:metallic = 0
                float inputs:opacity = 1
                float inputs:roughness = 0.6900348
                float inputs:specular = 0.5
                token outputs:surface
            }
        }

        def Material "Highlights"
        {
            token outputs:surface.connect = </root/_materials/Highlights/Principled_BSDF.outputs:surface>
            custom string userProperties:blender:data_name = "Highlights"

            def Shader "Principled_BSDF"
            {
                uniform token info:id = "UsdPreviewSurface"
                float inputs:clearcoat = 0
                float inputs:clearcoatRoughness = 0.03
                color3f inputs:diffuseColor = (0.28993252, 0.2956869, 0.22595453)
                float inputs:ior = 1.5
                float inputs:metallic = 0
                float inputs:opacity = 1
                float inputs:roughness = 0.6900348
                float inputs:specular = 0.5
                token outputs:surface
            }
        }

        def Material "Black"
        {
            token outputs:surface.connect = </root/_materials/Black/Principled_BSDF.outputs:surface>
            custom string userProperties:blender:data_name = "Black"

            def Shader "Principled_BSDF"
            {
                uniform token info:id = "UsdPreviewSurface"
                float inputs:clearcoat = 0
                float inputs:clearcoatRoughness = 0.03
                color3f inputs:diffuseColor = (0.04425261, 0.04425261, 0.04425261)
                float inputs:ior = 1.5
                float inputs:metallic = 0
                float inputs:opacity = 1
                float inputs:roughness = 0.6900348
                float inputs:specular = 0.5
                token outputs:surface
            }
        }
    }
}

