#usda 1.0
(
    defaultPrim = "root"
    doc = "Blender v5.1.2"
    metersPerUnit = 1
    upAxis = "Y"
)

def Xform "root" (
    customData = {
        dictionary Blender = {
            bool generated = 1
        }
    }
)
{
    float3 xformOp:rotateXYZ = (-90, -0, 0)
    uniform token[] xformOpOrder = ["xformOp:rotateXYZ"]

    def SkelRoot "AnimalArmature"
    {
        custom string userProperties:blender:object_name = "AnimalArmature"
        float3 xformOp:rotateXYZ = (-0.0000076293945, 0, 0)
        float3 xformOp:scale = (1, 1, 1)
        double3 xformOp:translate = (0, 0, 0)
        uniform token[] xformOpOrder = ["xformOp:translate", "xformOp:rotateXYZ", "xformOp:scale"]

        def Skeleton "AnimalArmature" (
            prepend apiSchemas = ["SkelBindingAPI"]
        )
        {
            uniform matrix4d[] bindTransforms = [( (1, 0, 0, 0), (0, 0, 1, 0), (0, -1, 0, 0), (0, 0, 0.6082854270935059, 1) ), ( (-4.331257628109597e-7, 1, -4.263256414560601e-14, 0), (2.132978380586792e-7, 4.263256414560601e-14, -1, 0), (-1, -4.331257628109597e-7, -2.132978380586792e-7, 0), (0.2390151023864746, -0.4281880855560303, 0.5674992799758911, 1) ), ( (-4.1389964167137805e-7, 1, -1.0664899008361317e-7, 0), (1.0664895455647638e-7, -1.0664896166190374e-7, -1, 0), (-1, -4.1389964167137805e-7, -1.0664891192391224e-7, 0), (0.23901522159576416, -0.4281880855560303, 0.008612871170043945, 1) ), ( (-4.331257628109597e-7, 1, -4.263256414560601e-14, 0), (2.132978380586792e-7, 4.263256414560601e-14, -1, 0), (-1, -4.331257628109597e-7, -2.132978380586792e-7, 0), (0.2390151023864746, 0.5715557932853699, 0.5741862058639526, 1) ), ( (-4.138996700930875e-7, 1, -1.0664897587275846e-7, 0), (1.0664894745104903e-7, -1.0664894745104903e-7, -1, 0), (-1, -4.138996700930875e-7, -1.0664890481848488e-7, 0), (0.23901522159576416, 0.5715557932853699, 0.015299797058105469, 1) ), ( (1, 1.8158570562251523e-16, -0.0000018199258420281694, 0), (1.8158570562251523e-16, -1, 0, 0), (-0.0000018199258420281694, -3.304725134233175e-22, -1, 0), (-1.9643938126468505e-16, 0.7758923172950745, 0.9659386277198792, 1) ), ( (-1, -1.8158570562251523e-16, 0, 0), (1.8158570562251523e-16, -1, 0, 0), (0, 0, 1, 0), (-5.119836998801475e-9, -0.5662358403205872, 0.947695791721344, 1) ), ( (-1, 0, -6.357288384606363e-8, 0), (0, -1, 0, 0), (-6.357288384606363e-8, 0, 1, 0), (-5.119836998801475e-9, -1.453595757484436, 0.947695791721344, 1) ), ( (1, -5.119247803442306e-10, 6.366296378956804e-12, 0), (5.119247803442306e-10, 0.9996907114982605, -0.024867935106158257, 0), (6.366200535484756e-12, 0.024867892265319824, 0.9996907114982605, 0), (-1.9643938126468505e-16, 0.7758923172950745, 0.9659386277198792, 1) ), ( (1, -5.119246138107769e-10, 6.366315027234171e-12, 0), (5.119246138107769e-10, 0.9996907114982605, -0.02486792765557766, 0), (6.3661745146326165e-12, 0.024867884814739227, 0.9996907114982605, 0), (3.160371964128217e-10, 1.3930526971817017, 0.9505863785743713, 1) ), ( (-4.331257628109597e-7, -1, 4.263256414560601e-14, 0), (-2.132978380586792e-7, 4.263256414560601e-14, -1, 0), (1, -4.331257628109597e-7, -2.132978380586792e-7, 0), (-0.2390151023864746, -0.4281880855560303, 0.5674992799758911, 1) ), ( (-4.1389964167137805e-7, -1, 1.0664899008361317e-7, 0), (-1.0664895455647638e-7, -1.0664896166190374e-7, -1, 0), (1, -4.1389964167137805e-7, -1.0664891192391224e-7, 0), (-0.23901522159576416, -0.4281880855560303, 0.008612871170043945, 1) ), ( (-4.331257628109597e-7, -1, 4.263256414560601e-14, 0), (-2.132978380586792e-7, 4.263256414560601e-14, -1, 0), (1, -4.331257628109597e-7, -2.132978380586792e-7, 0), (-0.2390151023864746, 0.5715557932853699, 0.5741862058639526, 1) ), ( (-4.138996700930875e-7, -1, 1.0664897587275846e-7, 0), (-1.0664894745104903e-7, -1.0664894745104903e-7, -1, 0), (1, -4.138996700930875e-7, -1.0664890481848488e-7, 0), (-0.23901522159576416, 0.5715557932853699, 0.015299797058105469, 1) ), ( (1, 0, 0, 0), (0, 0, 1, 0), (0, -1, 0, 0), (0, 0, 0, 1) ), ( (1, 0, 0, 0), (0, 0, 1, 0), (0, -1, 0, 0), (0, 0, 0.6000415086746216, 1) )]
            uniform token[] joints = ["All", "All/FrontLeg_L", "All/FrontLeg_L/FrontLeg_L_end", "All/BackLeg_L", "All/BackLeg_L/BackLeg_L_end", "All/Body", "All/Body/Head", "All/Body/Head/Head_end", "All/Tail", "All/Tail/Tail_end", "All/FrontLeg_R", "All/FrontLeg_R/FrontLeg_R_end", "All/BackLeg_R", "All/BackLeg_R/BackLeg_R_end", "Root", "Root/Root_end"]
            float[] primvars:blender:bone_lengths = [0.65562916, 0.5588864, 0.55888635, 0.5588864, 0.5588864, 1.3422523, 0.8873598, 0.88736, 0.6173512, 0.6173514, 0.5588864, 0.55888635, 0.5588864, 0.5588864, 0.6000415, 0.6000415] (
                interpolation = "uniform"
            )
            uniform matrix4d[] restTransforms = [( (1, 0, 0, 0), (0, -1.3315805347247078e-7, 1, 0), (0, -1, -1.3315805347247078e-7, 0), (0, 0, 0.6082854270935059, 1) ), ( (3.9947414620655763e-7, 1.0664901139989524e-7, -1, 0), (3.7296496202543494e-7, -1, -1.0664884086963866e-7, 0), (-1, -3.729649336037255e-7, -3.9947414620655763e-7, 0), (0.2390151023864746, -0.040786147117614746, 0.4281880855560303, 1) ), ( (1, 1.0664894034562167e-7, -1.9226085612444876e-8, 0), (-1.0664895455647638e-7, 1, 1.0664891192391224e-7, 0), (1.9226114034154307e-8, -1.0664891192391224e-7, 1, 0), (-2.9802322387695312e-8, 0.5588864088058472, 0, 1) ), ( (3.9947414620655763e-7, 1.0664898297818581e-7, -1, 0), (3.7296499044714437e-7, -1, -1.0664884086963866e-7, 0), (-1, -3.7296496202543494e-7, -3.9947414620655763e-7, 0), (0.2390151023864746, -0.03409922122955322, -0.5715557932853699, 1) ), ( (1, 1.0664892613476695e-7, -1.9226057190735446e-8, 0), (-1.0664894034562167e-7, 1, 1.0664894034562167e-7, 0), (1.9226085612444876e-8, -1.0664891192391224e-7, 1, 0), (0, 0.5588864088058472, 0, 1) ), ( (1, -0.0000018199259557150071, 0, 0), (-2.423378067228227e-13, -1.3315805347247078e-7, 1, 0), (-0.0000018199259557150071, -1, -1.3315805347247078e-7, 0), (-4.487003513357966e-17, 0.3576532006263733, -0.7758923172950745, 1) ), ( (-1, -1.6093625997831706e-20, 0.0000018642128907231381, 0), (5.421010862427522e-20, 1, 0, 0), (-0.0000018642128907231381, 0, -1, 0), (2.808076260407688e-8, 1.3421281576156616, 0.018242835998535156, 1) ), ( (1, -1.8157675883700986e-16, -6.357288384606363e-8, 0), (1.8158777026532416e-16, 1, 0, 0), (6.357288384606363e-8, 0, 1, 0), (-3.552713678800501e-15, 0.8873599767684937, -5.960464477539063e-8, 1) ), ( (1, 6.366335843915882e-12, 5.119248358553818e-10, 0), (5.119247803442306e-10, -0.024868128821253777, -0.9996906518936157, 0), (6.366262118168153e-12, 0.9996906518936157, -0.024868085980415344, 0), (-1.9643938126468505e-16, 0.3576532006263733, -0.7758923172950745, 1) ), ( (1, 1.6779383871928788e-16, 2.2985086056692694e-17, 0), (-1.6406689375136896e-16, 1, 7.450580596923828e-9, 0), (-2.211772431870429e-17, -7.450580596923828e-9, 1, 0), (-5.551115123125783e-17, 0.6173513531684875, 0, 1) ), ( (3.9947414620655763e-7, -1.0664901139989524e-7, 1, 0), (-3.7296496202543494e-7, -1, -1.0664884086963866e-7, 0), (1, -3.729649336037255e-7, -3.9947414620655763e-7, 0), (-0.2390151023864746, -0.040786147117614746, 0.4281880855560303, 1) ), ( (1, -1.0664894034562167e-7, 1.9226085612444876e-8, 0), (1.0664895455647638e-7, 1, 1.0664891192391224e-7, 0), (-1.9226114034154307e-8, -1.0664891192391224e-7, 1, 0), (2.9802322387695312e-8, 0.5588864088058472, 0, 1) ), ( (3.9947414620655763e-7, -1.0664898297818581e-7, 1, 0), (-3.7296499044714437e-7, -1, -1.0664884086963866e-7, 0), (1, -3.7296496202543494e-7, -3.9947414620655763e-7, 0), (-0.2390151023864746, -0.03409922122955322, -0.5715557932853699, 1) ), ( (1, -1.0664892613476695e-7, 1.9226057190735446e-8, 0), (1.0664894034562167e-7, 1, 1.0664894034562167e-7, 0), (-1.9226085612444876e-8, -1.0664891192391224e-7, 1, 0), (0, 0.5588864088058472, 0, 1) ), ( (1, 0, 0, 0), (0, -1.3315805347247078e-7, 1, 0), (0, -1, -1.3315805347247078e-7, 0), (0, 0, 0, 1) ), ( (1, 0, 0, 0), (0, 1, 0, 0), (0, 0, 1, 0), (0, 0.6000415086746216, 0, 1) )]
        }

        def Xform "Sheep"
        {
            custom string userProperties:blender:object_name = "Sheep"

            def Mesh "Cube_240" (
                active = true
                prepend apiSchemas = ["MaterialBindingAPI", "SkelBindingAPI"]
            )
            {
                uniform bool doubleSided = 1
                float3[] extent = [(-0.4910922, -1.3646722, -0.018384587), (0.4910922, 1.212308, 1.5581831)]
                int[] faceVertexCounts = [4, 4, 4, 4, 4, 4, 4, 4, 4, 4, 4, 4, 4, 4, 4, 4, 4, 4, 4, 4, 4, 4, 4, 4, 4, 4, 4, 4, 4, 4, 4, 4, 4, 4, 4, 4, 4, 4, 4, 4, 4, 4, 4, 4, 4, 4, 4, 4, 4, 4, 4, 4, 4, 4, 4, 4, 4, 4, 4, 4, 4, 4, 4, 4, 4, 4, 4, 4, 4, 4, 4, 4, 4, 4, 4, 4, 4, 4, 4, 4, 4, 4, 4, 4, 4, 4, 4, 4, 4, 4, 4, 4, 4, 4, 4, 4, 4, 4, 4, 4, 4, 4, 4, 4, 4, 4, 4, 4, 4, 4, 4, 4, 4, 4, 4, 4, 4, 4, 4, 4, 4, 4, 4, 4, 4, 4, 4, 4, 4, 4, 4, 4, 4, 4, 4, 4, 4, 4, 4, 4, 4, 4, 4, 4, 4, 4, 4, 4, 4, 4, 4, 4, 4, 4, 4, 4, 4, 4, 4, 4, 4, 4, 4, 4, 4, 4, 4, 4, 4, 4, 4, 4, 4, 4, 4, 4, 4, 4, 4, 4, 4, 4, 4, 4, 4, 4, 4, 4, 4, 4, 4, 4, 4, 4, 4, 4, 4, 4, 4, 4, 4, 4, 4, 4, 4, 4, 4, 4, 4, 4, 4, 4, 4, 4, 4, 4, 4, 4, 4, 4, 4, 4, 4, 4, 4, 4, 4, 4, 4, 4, 4, 4, 4, 4, 4, 4, 4, 4, 4, 4, 4, 4, 4, 4, 4, 4, 4, 4, 4, 4, 4, 4, 4, 4, 4, 4, 4, 4, 4, 4, 4, 4, 4, 4, 4, 4, 4, 4, 4, 4, 4, 4, 4, 4, 4, 4, 4, 4, 4, 4, 4, 4, 4, 4, 4, 4, 4, 4, 4, 4, 4, 4, 4, 4, 4, 4, 4, 4, 4, 4, 4, 4, 4, 4, 4, 4, 4, 4, 4, 4, 4, 4, 4, 4, 4, 4, 4, 4, 4, 4, 4, 4, 4, 4, 4, 4, 4, 4, 4, 4, 4, 4, 4, 4, 4, 4, 4, 4, 4, 4, 4, 4, 4, 4, 4, 4, 4, 4, 4, 4, 4, 4, 4, 4, 4, 4, 4, 4, 4, 4, 4, 4, 4, 4, 4, 4, 4, 4, 4, 4, 4, 3, 4, 4, 4, 4, 4, 4, 3, 4, 4, 4, 4, 4, 4, 3, 4, 4, 4, 4, 4, 4, 3, 4, 4, 4, 4, 4, 4, 3, 4, 4, 4, 4, 4, 4, 3, 4, 4, 4, 4, 4, 4, 3, 4, 4, 4, 4, 4, 4, 3, 4, 4, 4, 4, 4, 4, 4, 4, 4, 4, 4, 4, 4, 4, 4, 4, 4, 4, 4, 4, 4, 4, 4, 4, 4, 4, 4, 4, 4, 4, 4, 4, 4, 4, 4, 4, 4, 4, 4, 4, 4, 4, 4, 4, 4, 4, 4, 4, 4, 4, 4, 4, 4, 4, 4, 4, 4, 4, 4, 4, 4, 4, 4, 4, 4, 4, 4, 4, 4, 4, 4, 4, 4, 4, 4, 4, 4, 4, 4, 4, 4, 4, 4, 4, 4, 4, 4, 4, 4, 4, 4, 4, 4, 4, 4, 4, 4, 4, 4, 4, 4, 4, 4, 4, 4, 4, 4, 4, 4, 4, 4, 4, 4, 4, 4, 4, 4, 4, 4, 4, 4, 4, 4, 4, 4, 4, 4, 4, 4, 4, 4, 4, 4, 4, 4, 4, 4, 4, 4, 4, 4, 4, 4, 4, 4, 4, 4, 4, 4, 4, 4, 4, 4, 4, 4, 4, 4, 4, 4, 4, 4, 4, 4, 4, 4, 4, 4, 4, 4, 4, 4, 4, 4, 4, 4, 4, 4, 4, 4, 4, 4, 4, 4, 4, 4, 4, 4, 4, 4, 4, 4, 4, 4, 4, 4, 4, 4, 4, 4, 4, 4, 4, 4, 4, 4, 4, 4, 4, 4, 4, 4, 4, 4, 4, 4, 4, 4, 4, 4, 4, 4, 4, 4, 4, 4, 4, 4, 4, 4, 4, 4, 4, 4, 4, 4, 4, 4, 4, 4, 4, 4, 4, 4, 4, 4, 4, 4, 4, 4, 4, 4, 4, 4, 4, 4, 4, 4, 4, 4, 4, 4, 4, 4, 4, 4, 4, 4, 4, 4, 4, 4, 4, 4, 4, 4, 4, 4, 4, 4, 4, 4, 4, 4, 4, 4, 4, 4, 4, 4, 4, 4, 4, 4, 4, 4, 4, 4, 4, 4, 4, 4, 4, 4, 4, 4, 4, 4, 4, 4, 4, 4, 4, 4, 4, 4, 4, 4, 4, 4, 4, 4, 4, 4, 4, 4, 4, 4, 4, 4, 4, 4, 4, 4, 4, 4, 4, 4, 4, 4, 4, 4, 4, 4, 4, 4, 4, 4, 4, 4, 4, 4, 4, 4, 4, 4, 4, 4, 4, 4, 4, 4, 4, 4, 4, 4, 4, 4, 4, 4, 4, 4, 4, 4, 4, 4, 4, 4, 4, 4, 4, 4, 4, 4, 4, 4, 4, 4, 4, 4, 4, 4, 4, 4, 4, 4, 4, 4, 4, 4, 4, 4, 4, 4, 4, 4, 4, 4, 4, 4, 4, 4, 4, 4, 4, 4, 4, 4, 4, 4, 4, 4, 4, 4, 4, 4, 4, 4, 4, 4, 4, 4, 4, 4, 4, 4, 4, 4, 4, 4, 4, 4, 4, 4, 4, 4, 4, 4, 4, 4, 4, 4, 4, 4, 4, 4, 4, 4, 4, 4, 4, 4, 4, 4, 4, 4, 4, 4, 4, 4, 4, 4, 4, 4, 4, 4, 4, 4, 4, 4, 4, 4, 4, 4, 4, 4, 4, 4, 4, 4, 4, 4, 4, 4, 4, 4, 4, 4, 4, 4, 4, 4, 4, 4, 4, 4, 4, 4, 4, 4, 4, 4, 4, 4, 4, 4, 4, 4, 4, 4, 4, 4, 4, 4, 4, 4, 4, 4, 4, 4, 4, 4, 4, 4, 4, 4, 4, 4, 4, 4, 4, 4, 4, 4, 4, 4, 4, 4, 4, 4, 4, 4, 4, 4, 4, 4, 4, 4, 4, 4, 4, 4, 4, 4, 4, 4, 4, 4, 4, 4, 4, 4, 4, 4, 4, 4, 4, 4, 4, 4, 4, 4, 4, 4, 4, 4, 4, 4, 4, 4, 4, 4, 4, 4, 4, 4, 4, 4, 4, 4, 4, 4, 4, 4, 4, 4, 4, 4, 4, 4, 4, 4, 4, 4, 4, 4, 4, 4, 4, 4, 4, 4, 4, 4, 4, 4, 4, 4, 4, 4, 4, 4, 4, 4, 4, 4, 4, 4, 4, 4, 4, 4, 4, 4, 4, 4, 4, 4, 4, 4, 4, 4, 4, 4, 4, 4, 4, 4, 4, 4, 4, 4, 4, 4, 4, 4, 4, 4, 4, 4, 4, 4, 4, 4, 4, 4, 4, 4, 4, 4, 4, 4, 4, 4, 4, 4, 4, 4, 4, 4, 4, 4, 4, 4, 4, 4, 4, 4, 4, 4, 4, 4, 4, 4, 4, 4, 4, 4, 4, 4, 4, 4, 4, 4, 4, 4, 4, 4, 4, 4, 4, 4, 4, 4, 4, 4, 4, 4, 4, 4, 4, 4, 4, 4, 4, 4, 4, 4, 4, 4, 4, 4, 4, 4, 4, 4, 4, 4, 4, 4, 4, 4, 4, 4, 4, 4, 4, 4, 4, 4, 4, 4, 4, 4, 4, 4, 4, 4, 4, 4, 4, 4, 4, 4, 4, 4, 4, 4, 4, 4, 4, 4, 4, 4, 4, 4, 4, 4, 4, 4, 4, 4, 4, 4, 4, 4, 4, 4, 4, 4, 4, 4, 4, 4, 4, 4, 4, 4, 4, 4, 4, 4, 4, 4, 4, 4, 4, 4, 4, 4, 4, 4, 4, 4, 4, 4, 4, 4, 4, 4, 4, 4, 4, 4, 4, 4, 4, 4, 4, 4, 4, 4, 4, 4, 4, 4, 4, 4]
                int[] faceVertexIndices = [139, 122, 36, 2, 151, 124, 49, 44, 141, 158, 22, 14, 1, 7, 159, 140, 157, 148, 43, 23, 16, 50, 123, 142, 166, 130, 92, 58, 178, 132, 105, 100, 168, 112, 78, 70, 57, 63, 113, 167, 115, 175, 99, 79, 72, 106, 131, 169, 21, 42, 51, 15, 9, 29, 149, 160, 56, 91, 86, 64, 93, 133, 177, 84, 37, 121, 150, 28, 77, 98, 107, 71, 65, 85, 176, 114, 0, 3, 4, 6, 1, 5, 4, 3, 2, 6, 4, 5, 7, 10, 11, 13, 8, 12, 11, 10, 9, 13, 11, 12, 14, 17, 18, 20, 15, 19, 18, 17, 16, 20, 18, 19, 21, 24, 25, 27, 22, 26, 25, 24, 23, 27, 25, 26, 28, 31, 32, 34, 29, 33, 32, 31, 30, 34, 32, 33, 35, 38, 39, 41, 36, 40, 39, 38, 37, 41, 39, 40, 42, 45, 46, 48, 43, 47, 46, 45, 44, 48, 46, 47, 49, 52, 53, 55, 50, 54, 53, 52, 51, 55, 53, 54, 56, 59, 60, 62, 57, 61, 60, 59, 58, 62, 60, 61, 63, 66, 67, 69, 64, 68, 67, 66, 65, 69, 67, 68, 70, 73, 74, 76, 71, 75, 74, 73, 72, 76, 74, 75, 77, 80, 81, 83, 78, 82, 81, 80, 79, 83, 81, 82, 84, 87, 88, 90, 85, 89, 88, 87, 86, 90, 88, 89, 91, 94, 95, 97, 92, 96, 95, 94, 93, 97, 95, 96, 98, 101, 102, 104, 99, 103, 102, 101, 100, 104, 102, 103, 105, 108, 109, 111, 106, 110, 109, 108, 107, 111, 109, 110, 112, 116, 117, 120, 113, 118, 117, 116, 114, 119, 117, 118, 115, 120, 117, 119, 121, 125, 126, 129, 122, 127, 126, 125, 123, 128, 126, 127, 124, 129, 126, 128, 130, 134, 135, 138, 131, 136, 135, 134, 132, 137, 135, 136, 133, 138, 135, 137, 139, 143, 144, 147, 140, 145, 144, 143, 141, 146, 144, 145, 142, 147, 144, 146, 148, 152, 153, 156, 149, 154, 153, 152, 150, 155, 153, 154, 151, 156, 153, 155, 157, 161, 162, 165, 158, 163, 162, 161, 159, 164, 162, 163, 160, 165, 162, 164, 166, 170, 171, 174, 167, 172, 171, 170, 168, 173, 171, 172, 169, 174, 171, 173, 175, 179, 180, 183, 176, 181, 180, 179, 177, 182, 180, 181, 178, 183, 180, 182, 7, 1, 3, 10, 10, 3, 0, 8, 21, 15, 17, 24, 24, 17, 14, 22, 157, 23, 26, 161, 161, 26, 22, 158, 139, 2, 5, 143, 143, 5, 1, 140, 30, 35, 41, 34, 34, 41, 37, 28, 44, 49, 55, 48, 48, 55, 51, 42, 151, 44, 47, 156, 156, 47, 43, 148, 121, 37, 40, 125, 125, 40, 36, 122, 23, 43, 45, 27, 27, 45, 42, 21, 29, 9, 12, 33, 33, 12, 8, 30, 35, 0, 6, 38, 38, 6, 2, 36, 50, 16, 19, 54, 54, 19, 15, 51, 63, 57, 59, 66, 66, 59, 56, 64, 77, 71, 73, 80, 80, 73, 70, 78, 115, 79, 82, 120, 120, 82, 78, 112, 166, 58, 61, 170, 170, 61, 57, 167, 86, 91, 97, 90, 90, 97, 93, 84, 100, 105, 111, 104, 104, 111, 107, 98, 178, 100, 103, 183, 183, 103, 99, 175, 133, 93, 96, 138, 138, 96, 92, 130, 79, 99, 101, 83, 83, 101, 98, 77, 85, 65, 68, 89, 89, 68, 64, 86, 91, 56, 62, 94, 94, 62, 58, 92, 106, 72, 75, 110, 110, 75, 71, 107, 65, 114, 118, 69, 69, 118, 113, 63, 49, 124, 128, 52, 52, 128, 123, 50, 105, 132, 136, 108, 108, 136, 131, 106, 16, 142, 146, 20, 20, 146, 141, 14, 28, 150, 154, 31, 31, 154, 149, 29, 9, 160, 164, 13, 13, 164, 159, 7, 72, 169, 173, 76, 76, 173, 168, 70, 84, 177, 181, 87, 87, 181, 176, 85, 140, 159, 163, 145, 145, 163, 158, 141, 132, 178, 182, 137, 137, 182, 177, 133, 142, 123, 127, 147, 147, 127, 122, 139, 124, 151, 155, 129, 129, 155, 150, 121, 114, 176, 179, 119, 119, 179, 175, 115, 160, 149, 152, 165, 165, 152, 148, 157, 167, 113, 116, 172, 172, 116, 112, 168, 169, 131, 134, 174, 174, 134, 130, 166, 0, 35, 30, 8, 323, 186, 220, 306, 335, 228, 233, 308, 325, 198, 206, 342, 185, 324, 343, 191, 341, 207, 227, 332, 200, 326, 307, 234, 350, 242, 276, 314, 362, 284, 289, 316, 352, 254, 262, 296, 241, 351, 297, 247, 299, 263, 283, 359, 256, 353, 315, 290, 205, 199, 235, 226, 193, 344, 333, 213, 240, 248, 270, 275, 277, 268, 361, 317, 221, 212, 334, 305, 261, 255, 291, 282, 249, 298, 360, 269, 184, 190, 188, 187, 185, 187, 188, 189, 186, 189, 188, 190, 191, 197, 195, 194, 192, 194, 195, 196, 193, 196, 195, 197, 198, 204, 202, 201, 199, 201, 202, 203, 200, 203, 202, 204, 205, 211, 209, 208, 206, 208, 209, 210, 207, 210, 209, 211, 212, 218, 216, 215, 213, 215, 216, 217, 214, 217, 216, 218, 219, 225, 223, 222, 220, 222, 223, 224, 221, 224, 223, 225, 226, 232, 230, 229, 227, 229, 230, 231, 228, 231, 230, 232, 233, 239, 237, 236, 234, 236, 237, 238, 235, 238, 237, 239, 240, 246, 244, 243, 241, 243, 244, 245, 242, 245, 244, 246, 247, 253, 251, 250, 248, 250, 251, 252, 249, 252, 251, 253, 254, 260, 258, 257, 255, 257, 258, 259, 256, 259, 258, 260, 261, 267, 265, 264, 262, 264, 265, 266, 263, 266, 265, 267, 268, 274, 272, 271, 269, 271, 272, 273, 270, 273, 272, 274, 275, 281, 279, 278, 276, 278, 279, 280, 277, 280, 279, 281, 282, 288, 286, 285, 283, 285, 286, 287, 284, 287, 286, 288, 289, 295, 293, 292, 290, 292, 293, 294, 291, 294, 293, 295, 296, 304, 301, 300, 297, 300, 301, 302, 298, 302, 301, 303, 299, 303, 301, 304, 305, 313, 310, 309, 306, 309, 310, 311, 307, 311, 310, 312, 308, 312, 310, 313, 314, 322, 319, 318, 315, 318, 319, 320, 316, 320, 319, 321, 317, 321, 319, 322, 323, 331, 328, 327, 324, 327, 328, 329, 325, 329, 328, 330, 326, 330, 328, 331, 332, 340, 337, 336, 333, 336, 337, 338, 334, 338, 337, 339, 335, 339, 337, 340, 341, 349, 346, 345, 342, 345, 346, 347, 343, 347, 346, 348, 344, 348, 346, 349, 350, 358, 355, 354, 351, 354, 355, 356, 352, 356, 355, 357, 353, 357, 355, 358, 359, 367, 364, 363, 360, 363, 364, 365, 361, 365, 364, 366, 362, 366, 364, 367, 191, 194, 187, 185, 194, 192, 184, 187, 205, 208, 201, 199, 208, 206, 198, 201, 341, 345, 210, 207, 345, 342, 206, 210, 323, 327, 189, 186, 327, 324, 185, 189, 214, 218, 225, 219, 218, 212, 221, 225, 228, 232, 239, 233, 232, 226, 235, 239, 335, 340, 231, 228, 340, 332, 227, 231, 305, 309, 224, 221, 309, 306, 220, 224, 207, 211, 229, 227, 211, 205, 226, 229, 213, 217, 196, 193, 217, 214, 192, 196, 219, 222, 190, 184, 222, 220, 186, 190, 234, 238, 203, 200, 238, 235, 199, 203, 247, 250, 243, 241, 250, 248, 240, 243, 261, 264, 257, 255, 264, 262, 254, 257, 299, 304, 266, 263, 304, 296, 262, 266, 350, 354, 245, 242, 354, 351, 241, 245, 270, 274, 281, 275, 274, 268, 277, 281, 284, 288, 295, 289, 288, 282, 291, 295, 362, 367, 287, 284, 367, 359, 283, 287, 317, 322, 280, 277, 322, 314, 276, 280, 263, 267, 285, 283, 267, 261, 282, 285, 269, 273, 252, 249, 273, 270, 248, 252, 275, 278, 246, 240, 278, 276, 242, 246, 290, 294, 259, 256, 294, 291, 255, 259, 249, 253, 302, 298, 253, 247, 297, 302, 233, 236, 312, 308, 236, 234, 307, 312, 289, 292, 320, 316, 292, 290, 315, 320, 200, 204, 330, 326, 204, 198, 325, 330, 212, 215, 338, 334, 215, 213, 333, 338, 193, 197, 348, 344, 197, 191, 343, 348, 256, 260, 357, 353, 260, 254, 352, 357, 268, 271, 365, 361, 271, 269, 360, 365, 324, 329, 347, 343, 329, 325, 342, 347, 316, 321, 366, 362, 321, 317, 361, 366, 326, 331, 311, 307, 331, 323, 306, 311, 308, 313, 339, 335, 313, 305, 334, 339, 298, 303, 363, 360, 303, 299, 359, 363, 344, 349, 336, 333, 349, 341, 332, 336, 351, 356, 300, 297, 356, 352, 296, 300, 353, 358, 318, 315, 358, 350, 314, 318, 184, 192, 214, 219, 394, 369, 418, 441, 404, 392, 440, 452, 370, 393, 406, 381, 382, 405, 454, 429, 417, 430, 453, 442, 368, 371, 373, 372, 371, 375, 376, 373, 369, 374, 376, 375, 374, 378, 379, 376, 370, 377, 379, 378, 377, 372, 373, 379, 373, 376, 379, 380, 383, 385, 384, 383, 387, 388, 385, 381, 386, 388, 387, 386, 390, 391, 388, 382, 389, 391, 390, 389, 384, 385, 391, 385, 388, 391, 392, 395, 397, 396, 395, 399, 400, 397, 393, 398, 400, 399, 398, 402, 403, 400, 394, 401, 403, 402, 401, 396, 397, 403, 397, 400, 403, 404, 407, 409, 408, 407, 411, 412, 409, 405, 410, 412, 411, 410, 414, 415, 412, 406, 413, 415, 414, 413, 408, 409, 415, 409, 412, 415, 416, 419, 421, 420, 419, 423, 424, 421, 417, 422, 424, 423, 422, 426, 427, 424, 418, 425, 427, 426, 425, 420, 421, 427, 421, 424, 427, 428, 431, 433, 432, 431, 435, 436, 433, 429, 434, 436, 435, 434, 438, 439, 436, 430, 437, 439, 438, 437, 432, 433, 439, 433, 436, 439, 440, 443, 445, 444, 443, 447, 448, 445, 441, 446, 448, 447, 446, 450, 451, 448, 442, 449, 451, 450, 449, 444, 445, 451, 445, 448, 451, 452, 455, 457, 456, 455, 459, 460, 457, 453, 458, 460, 459, 458, 462, 463, 460, 454, 461, 463, 462, 461, 456, 457, 463, 457, 460, 463, 370, 381, 387, 377, 377, 387, 383, 372, 372, 383, 380, 368, 392, 404, 408, 395, 395, 408, 413, 399, 399, 413, 406, 393, 405, 382, 390, 410, 410, 390, 386, 414, 414, 386, 381, 406, 369, 394, 402, 374, 374, 402, 398, 378, 378, 398, 393, 370, 416, 428, 432, 419, 419, 432, 437, 423, 423, 437, 430, 417, 442, 453, 459, 449, 449, 459, 455, 444, 444, 455, 452, 440, 453, 430, 438, 458, 458, 438, 434, 462, 462, 434, 429, 454, 417, 442, 450, 422, 422, 450, 446, 426, 426, 446, 441, 418, 404, 452, 456, 407, 407, 456, 461, 411, 411, 461, 454, 405, 428, 380, 384, 431, 431, 384, 389, 435, 435, 389, 382, 429, 418, 369, 375, 425, 425, 375, 371, 420, 420, 371, 368, 416, 440, 392, 396, 443, 443, 396, 401, 447, 447, 401, 394, 441, 368, 380, 428, 416, 465, 871, 890, 480, 897, 508, 493, 880, 494, 507, 515, 500, 888, 513, 506, 896, 526, 520, 547, 540, 870, 501, 514, 887, 522, 1007, 562, 548, 568, 809, 804, 573, 534, 531, 554, 1012, 541, 549, 561, 556, 1008, 527, 542, 555, 1222, 584, 603, 1225, 618, 639, 646, 611, 1017, 811, 821, 1022, 1019, 589, 814, 819, 1014, 803, 815, 591, 566, 574, 590, 596, 612, 648, 661, 627, 1081, 680, 1095, 668, 619, 613, 626, 634, 633, 655, 640, 620, 641, 654, 662, 647, 625, 660, 653, 632, 1087, 672, 688, 1106, 701, 707, 1124, 712, 1114, 1108, 735, 1142, 671, 667, 1104, 689, 675, 1088, 705, 700, 1131, 717, 742, 1146, 1115, 1094, 702, 711, 1097, 1102, 718, 1132, 1089, 1107, 716, 706, 669, 1093, 1116, 683, 719, 1140, 748, 743, 696, 1098, 1133, 736, 697, 692, 1129, 1123, 1103, 1113, 728, 1135, 753, 1159, 765, 1177, 756, 761, 789, 1208, 733, 723, 1147, 752, 729, 734, 1166, 758, 1164, 778, 1212, 790, 749, 1141, 757, 766, 1148, 744, 750, 1154, 1138, 754, 1178, 1165, 1209, 791, 1213, 1215, 769, 1182, 1201, 782, 1193, 1172, 785, 795, 1187, 773, 1214, 1211, 1228, 842, 839, 829, 1183, 1171, 774, 1203, 762, 770, 1197, 1189, 1194, 1188, 783, 1202, 1218, 579, 1015, 802, 1016, 580, 607, 601, 820, 1224, 602, 1021, 810, 567, 597, 822, 1004, 532, 535, 521, 905, 911, 931, 927, 832, 828, 847, 853, 837, 841, 864, 858, 833, 855, 1240, 843, 854, 849, 859, 865, 838, 860, 848, 1230, 478, 889, 899, 485, 881, 492, 499, 869, 486, 898, 879, 473, 472, 466, 479, 487, 917, 906, 928, 1291, 1285, 933, 1289, 939, 1282, 916, 938, 944, 907, 1283, 922, 912, 913, 921, 1288, 932, 464, 467, 468, 470, 465, 469, 468, 467, 466, 470, 468, 469, 471, 474, 475, 477, 472, 476, 475, 474, 473, 477, 475, 476, 478, 481, 482, 484, 479, 483, 482, 481, 480, 484, 482, 483, 485, 488, 489, 491, 486, 490, 489, 488, 487, 491, 489, 490, 492, 495, 496, 498, 493, 497, 496, 495, 494, 498, 496, 497, 499, 502, 503, 505, 500, 504, 503, 502, 501, 505, 503, 504, 506, 509, 510, 512, 507, 511, 510, 509, 508, 512, 510, 511, 513, 516, 517, 519, 514, 518, 517, 516, 515, 519, 517, 518, 520, 523, 524, 1006, 521, 525, 524, 523, 522, 1006, 524, 525, 526, 528, 529, 1005, 527, 530, 529, 528, 1004, 1005, 529, 530, 531, 1011, 1009, 533, 532, 1010, 1009, 1011, 1008, 533, 1009, 1010, 534, 536, 537, 539, 1007, 538, 537, 536, 535, 539, 537, 538, 540, 543, 544, 546, 541, 545, 544, 543, 542, 546, 544, 545, 547, 550, 551, 553, 548, 552, 551, 550, 549, 553, 551, 552, 554, 557, 558, 560, 555, 559, 558, 557, 556, 560, 558, 559, 1012, 563, 1013, 565, 561, 564, 1013, 563, 562, 565, 1013, 564, 566, 569, 570, 572, 567, 571, 570, 569, 568, 572, 570, 571, 573, 575, 576, 578, 1014, 577, 576, 575, 574, 578, 576, 577, 579, 581, 582, 1018, 1017, 583, 582, 581, 580, 1018, 582, 583, 1016, 585, 586, 588, 584, 587, 586, 585, 1015, 588, 586, 587, 589, 592, 593, 595, 590, 594, 593, 592, 591, 595, 593, 594, 596, 598, 599, 600, 1019, 1020, 599, 598, 597, 600, 599, 1020, 601, 604, 1024, 606, 602, 605, 1024, 604, 603, 606, 1024, 605, 1021, 608, 1023, 610, 607, 609, 1023, 608, 1022, 610, 1023, 609, 611, 614, 615, 617, 612, 616, 615, 614, 613, 617, 615, 616, 618, 621, 622, 624, 619, 623, 622, 621, 620, 624, 622, 623, 625, 628, 629, 631, 626, 630, 629, 628, 627, 631, 629, 630, 632, 635, 636, 638, 633, 637, 636, 635, 634, 638, 636, 637, 639, 642, 643, 645, 640, 644, 643, 642, 641, 645, 643, 644, 646, 649, 650, 652, 647, 651, 650, 649, 648, 652, 650, 651, 653, 656, 657, 659, 654, 658, 657, 656, 655, 659, 657, 658, 660, 663, 664, 666, 661, 665, 664, 663, 662, 666, 664, 665, 667, 670, 1085, 1084, 668, 1086, 1085, 670, 669, 1084, 1085, 1086, 671, 1083, 673, 674, 672, 1082, 673, 1083, 1081, 674, 673, 1082, 1093, 676, 677, 1096, 1095, 678, 677, 676, 675, 679, 677, 678, 1094, 1096, 677, 679, 1087, 1092, 1090, 682, 1088, 681, 1090, 1091, 680, 682, 1090, 681, 1102, 684, 685, 687, 1104, 1105, 685, 684, 683, 686, 685, 1105, 1103, 687, 685, 686, 1097, 1101, 690, 691, 1098, 1100, 690, 1101, 688, 1099, 690, 1100, 689, 691, 690, 1099, 1113, 1119, 693, 1117, 1116, 694, 693, 1119, 1115, 695, 693, 694, 692, 1118, 693, 695, 1114, 1117, 693, 1118, 696, 1112, 1110, 1109, 1108, 698, 1110, 1112, 697, 699, 1110, 698, 1107, 1111, 1110, 699, 700, 1122, 1121, 704, 701, 703, 1121, 1122, 702, 704, 1121, 703, 705, 708, 709, 1120, 706, 710, 709, 708, 707, 1120, 709, 710, 1129, 713, 714, 1130, 711, 715, 714, 713, 712, 1130, 714, 715, 716, 1125, 1126, 1127, 717, 1137, 720, 722, 718, 721, 720, 1137, 1135, 1136, 720, 721, 719, 722, 720, 1136, 1131, 724, 725, 727, 723, 1134, 725, 724, 1133, 726, 725, 1134, 1132, 727, 725, 726, 728, 730, 1144, 1145, 1142, 731, 1144, 730, 729, 732, 1144, 731, 1141, 1143, 1144, 732, 733, 1139, 737, 741, 1138, 738, 737, 1139, 734, 739, 737, 738, 735, 740, 737, 739, 736, 741, 737, 740, 742, 745, 1152, 1151, 743, 1153, 1152, 745, 744, 1151, 1152, 1153, 1146, 1150, 746, 1149, 1148, 747, 746, 1150, 1147, 1149, 746, 747, 748, 1163, 1161, 1160, 749, 751, 1161, 1163, 1159, 1162, 1161, 751, 750, 1160, 1161, 1162, 752, 1158, 1155, 755, 753, 1156, 1155, 1157, 754, 755, 1155, 1156, 756, 1176, 1173, 760, 1171, 759, 1173, 1175, 757, 1174, 1173, 759, 758, 760, 1173, 1174, 761, 763, 1168, 1167, 1166, 1170, 1168, 763, 1165, 764, 1168, 1170, 762, 1169, 1168, 764, 1182, 1186, 767, 768, 765, 1185, 767, 1186, 766, 1184, 767, 1185, 1183, 768, 767, 1184, 769, 771, 1179, 772, 770, 1181, 1179, 771, 1177, 772, 1179, 1180, 773, 775, 1195, 777, 1194, 1196, 1195, 775, 774, 776, 1195, 1196, 1193, 777, 1195, 776, 1187, 1192, 1190, 780, 778, 779, 1190, 1192, 1189, 1191, 1190, 779, 1188, 780, 1190, 1191, 1203, 781, 1205, 1206, 1202, 1204, 1205, 781, 782, 1200, 784, 1198, 783, 1199, 784, 1200, 1197, 1198, 784, 1199, 1208, 1210, 786, 788, 1209, 787, 786, 1210, 785, 788, 786, 787, 789, 792, 793, 1207, 790, 794, 793, 792, 791, 1207, 793, 794, 1214, 1217, 796, 797, 795, 1216, 796, 1217, 1215, 797, 796, 1216, 1211, 798, 799, 801, 1213, 800, 799, 798, 1212, 801, 799, 800, 802, 1223, 805, 808, 1222, 806, 805, 1223, 803, 807, 805, 806, 804, 808, 805, 807, 809, 812, 1219, 1221, 810, 1220, 1219, 812, 811, 813, 1219, 1220, 1218, 1221, 1219, 813, 1224, 1226, 816, 818, 814, 817, 816, 1226, 815, 1227, 816, 817, 1225, 818, 816, 1227, 819, 823, 824, 827, 820, 825, 824, 823, 821, 826, 824, 825, 822, 827, 824, 826, 828, 1232, 830, 1231, 829, 831, 830, 1232, 1230, 1231, 830, 831, 832, 834, 835, 836, 833, 1229, 835, 834, 1228, 836, 835, 1229, 837, 1236, 840, 1234, 838, 1235, 840, 1236, 839, 1234, 840, 1235, 841, 1233, 844, 846, 842, 845, 844, 1233, 843, 846, 844, 845, 847, 1239, 850, 852, 848, 851, 850, 1239, 849, 852, 850, 851, 853, 1238, 1237, 857, 854, 856, 1237, 1238, 855, 857, 1237, 856, 858, 861, 1242, 863, 859, 862, 1242, 861, 860, 863, 1242, 862, 864, 866, 1241, 868, 1240, 867, 1241, 866, 865, 868, 1241, 867, 869, 873, 874, 877, 870, 875, 874, 873, 871, 876, 874, 875, 872, 877, 874, 876, 878, 882, 883, 886, 879, 884, 883, 882, 880, 885, 883, 884, 881, 886, 883, 885, 887, 891, 892, 895, 888, 893, 892, 891, 889, 894, 892, 893, 890, 895, 892, 894, 896, 900, 901, 904, 897, 902, 901, 900, 898, 903, 901, 902, 899, 904, 901, 903, 905, 908, 1281, 910, 906, 909, 1281, 908, 907, 910, 1281, 909, 911, 914, 1280, 1279, 912, 915, 1280, 914, 913, 1279, 1280, 915, 916, 1284, 918, 920, 1283, 919, 918, 1284, 917, 920, 918, 919, 1282, 923, 924, 926, 921, 925, 924, 923, 922, 926, 924, 925, 927, 929, 1287, 1286, 1285, 930, 1287, 929, 928, 1286, 1287, 930, 931, 934, 935, 937, 932, 936, 935, 934, 933, 937, 935, 936, 938, 940, 941, 943, 1291, 942, 941, 940, 939, 943, 941, 942, 944, 1290, 945, 947, 1289, 946, 945, 1290, 1288, 947, 945, 946, 471, 464, 470, 474, 474, 470, 466, 472, 487, 479, 481, 491, 491, 481, 478, 485, 472, 487, 490, 476, 476, 490, 486, 473, 479, 466, 469, 483, 483, 469, 465, 480, 494, 500, 502, 498, 498, 502, 499, 492, 506, 513, 519, 509, 509, 519, 515, 507, 493, 508, 511, 497, 497, 511, 507, 494, 514, 501, 504, 518, 518, 504, 500, 515, 869, 499, 505, 873, 873, 505, 501, 870, 878, 471, 477, 882, 882, 477, 473, 879, 887, 514, 516, 891, 891, 516, 513, 888, 896, 506, 512, 900, 900, 512, 508, 897, 1004, 521, 523, 1005, 1005, 523, 520, 526, 531, 534, 539, 1011, 1011, 539, 535, 532, 521, 535, 538, 525, 525, 538, 1007, 522, 532, 1004, 530, 1010, 1010, 530, 527, 1008, 540, 547, 553, 543, 543, 553, 549, 541, 556, 561, 563, 560, 560, 563, 1012, 554, 548, 562, 564, 552, 552, 564, 561, 549, 555, 542, 545, 559, 559, 545, 541, 556, 574, 566, 572, 578, 578, 572, 568, 573, 1015, 579, 1018, 588, 588, 1018, 580, 1016, 802, 1015, 587, 1223, 1223, 587, 584, 1222, 809, 568, 571, 812, 812, 571, 567, 810, 589, 1019, 598, 592, 592, 598, 596, 590, 601, 607, 608, 604, 604, 608, 1021, 602, 1225, 603, 605, 818, 818, 605, 602, 1224, 822, 597, 1020, 827, 827, 1020, 1019, 819, 1017, 1022, 609, 583, 583, 609, 607, 580, 603, 584, 585, 606, 606, 585, 1016, 601, 590, 574, 577, 594, 594, 577, 1014, 591, 597, 567, 569, 600, 600, 569, 566, 596, 618, 611, 617, 621, 621, 617, 613, 619, 634, 626, 628, 638, 638, 628, 625, 632, 619, 634, 637, 623, 623, 637, 633, 620, 626, 613, 616, 630, 630, 616, 612, 627, 641, 647, 649, 645, 645, 649, 646, 639, 653, 660, 666, 656, 656, 666, 662, 654, 640, 655, 658, 644, 644, 658, 654, 641, 661, 648, 651, 665, 665, 651, 647, 662, 611, 646, 652, 614, 614, 652, 648, 612, 639, 618, 624, 642, 642, 624, 620, 640, 627, 661, 663, 631, 631, 663, 660, 625, 632, 653, 659, 635, 635, 659, 655, 633, 667, 671, 674, 670, 670, 674, 1081, 668, 1093, 669, 1086, 676, 676, 1086, 668, 1095, 672, 1087, 682, 1082, 1082, 682, 680, 1081, 1095, 680, 681, 678, 678, 681, 1088, 675, 1102, 1097, 691, 684, 684, 691, 689, 1104, 1113, 1103, 686, 1119, 1119, 686, 683, 1116, 1098, 696, 1109, 1100, 1100, 1109, 1106, 688, 692, 697, 698, 1118, 1118, 698, 1108, 1114, 669, 683, 1105, 1084, 1084, 1105, 1104, 667, 688, 672, 1083, 1099, 1099, 1083, 671, 689, 1116, 1093, 1096, 694, 694, 1096, 1094, 1115, 700, 705, 1120, 1122, 1122, 1120, 707, 701, 712, 1124, 1128, 1130, 706, 716, 1127, 710, 710, 1127, 1124, 707, 711, 702, 703, 715, 715, 703, 701, 712, 1115, 711, 713, 695, 695, 713, 1129, 692, 716, 1107, 699, 1125, 1125, 699, 697, 1123, 1089, 706, 708, 1091, 1091, 708, 705, 1088, 702, 1094, 679, 704, 704, 679, 675, 700, 717, 1131, 727, 1137, 1137, 727, 1132, 718, 1140, 719, 1136, 1145, 1145, 1136, 1135, 728, 723, 733, 741, 1134, 1134, 741, 736, 1133, 1142, 735, 739, 731, 731, 739, 734, 729, 696, 736, 740, 1112, 1112, 740, 735, 1108, 728, 1113, 1117, 730, 730, 1117, 1114, 1142, 718, 1102, 687, 721, 721, 687, 1103, 1135, 1097, 1132, 726, 1101, 1101, 726, 1133, 1098, 744, 1148, 1150, 1151, 1151, 1150, 1146, 742, 750, 744, 1153, 1160, 1160, 1153, 743, 748, 1148, 1154, 1158, 747, 747, 1158, 752, 1147, 1159, 753, 1157, 1162, 1162, 1157, 1154, 750, 719, 743, 745, 722, 722, 745, 742, 717, 1147, 723, 724, 1149, 1149, 724, 1131, 1146, 733, 752, 755, 1139, 1139, 755, 754, 1138, 748, 1140, 1143, 1163, 1163, 1143, 1141, 749, 758, 1166, 763, 760, 760, 763, 761, 756, 1182, 769, 772, 1186, 1186, 772, 1177, 765, 1165, 1178, 1181, 764, 764, 1181, 770, 762, 766, 757, 759, 1184, 1184, 759, 1171, 1183, 749, 766, 1185, 751, 751, 1185, 765, 1159, 1178, 754, 1156, 1180, 1180, 1156, 753, 1177, 1138, 1165, 1170, 738, 738, 1170, 1166, 734, 757, 1141, 732, 1174, 1174, 732, 729, 758, 773, 1187, 780, 775, 775, 780, 1188, 1194, 1202, 783, 1200, 1204, 1204, 1200, 782, 1201, 1191, 1199, 783, 1188, 1203, 774, 1196, 781, 781, 1196, 1194, 1202, 769, 782, 1198, 771, 771, 1198, 1197, 770, 778, 1164, 1169, 779, 779, 1169, 762, 1189, 774, 1171, 1175, 776, 776, 1175, 1172, 1193, 1201, 1182, 768, 1206, 1206, 768, 1183, 1203, 1208, 789, 1207, 1210, 1210, 1207, 791, 1209, 1215, 1213, 798, 797, 797, 798, 1211, 1214, 1213, 791, 794, 800, 800, 794, 790, 1212, 795, 785, 787, 1216, 1216, 787, 1209, 1215, 1187, 1211, 801, 1192, 1192, 801, 1212, 778, 789, 761, 1167, 792, 792, 1167, 1164, 790, 785, 1172, 1176, 788, 788, 1176, 756, 1208, 1214, 773, 777, 1217, 1217, 777, 1193, 795, 573, 804, 807, 575, 575, 807, 803, 1014, 579, 1218, 813, 581, 581, 813, 811, 1017, 591, 815, 817, 595, 595, 817, 814, 589, 1022, 821, 825, 610, 610, 825, 820, 1021, 810, 822, 826, 1220, 1220, 826, 821, 811, 1222, 1225, 1227, 806, 806, 1227, 815, 803, 1224, 820, 823, 1226, 1226, 823, 819, 814, 1218, 802, 808, 1221, 1221, 808, 804, 809, 526, 540, 546, 528, 528, 546, 542, 527, 554, 531, 533, 557, 557, 533, 1008, 555, 562, 1007, 536, 565, 565, 536, 534, 1012, 547, 520, 1006, 550, 550, 1006, 522, 548, 828, 832, 836, 1232, 1232, 836, 1228, 829, 839, 842, 1233, 1234, 1234, 1233, 841, 837, 829, 839, 1235, 831, 831, 1235, 838, 1230, 842, 1228, 1229, 845, 845, 1229, 833, 843, 849, 854, 1238, 852, 852, 1238, 853, 847, 858, 864, 868, 861, 861, 868, 865, 859, 848, 860, 862, 851, 851, 862, 859, 849, 1240, 855, 856, 867, 867, 856, 854, 865, 847, 828, 1231, 1239, 1239, 1231, 1230, 848, 837, 858, 863, 1236, 1236, 863, 860, 838, 855, 833, 834, 857, 857, 834, 832, 853, 864, 841, 846, 866, 866, 846, 843, 1240, 464, 872, 876, 467, 467, 876, 871, 465, 492, 881, 885, 495, 495, 885, 880, 493, 480, 890, 894, 484, 484, 894, 889, 478, 485, 899, 903, 488, 488, 903, 898, 486, 897, 880, 884, 902, 902, 884, 879, 898, 888, 896, 904, 893, 893, 904, 899, 889, 870, 887, 895, 875, 875, 895, 890, 871, 881, 869, 877, 886, 886, 877, 872, 878, 907, 912, 914, 910, 910, 914, 911, 905, 916, 1282, 926, 1284, 1284, 926, 922, 1283, 912, 922, 925, 915, 915, 925, 921, 913, 1283, 907, 909, 919, 919, 909, 906, 917, 927, 931, 937, 929, 929, 937, 933, 1285, 939, 1289, 1290, 943, 943, 1290, 944, 938, 932, 1288, 946, 936, 936, 946, 1289, 933, 1291, 928, 930, 942, 942, 930, 1285, 939, 917, 1291, 940, 920, 920, 940, 938, 916, 1288, 921, 923, 947, 947, 923, 1282, 944, 931, 911, 1279, 934, 934, 1279, 913, 932, 928, 906, 908, 1286, 1286, 908, 905, 927, 471, 878, 872, 464, 949, 964, 1264, 1245, 1271, 1254, 977, 992, 978, 984, 999, 991, 1262, 1270, 990, 997, 1244, 1261, 998, 985, 1032, 1025, 1060, 1053, 1026, 1041, 1075, 1062, 1033, 1048, 1040, 1027, 1047, 1034, 1054, 1069, 1055, 1061, 1076, 1068, 1039, 1046, 1067, 1074, 962, 969, 1273, 1263, 1255, 1243, 983, 976, 970, 957, 1253, 1272, 956, 971, 963, 950, 948, 954, 952, 951, 949, 951, 952, 953, 950, 953, 952, 954, 955, 961, 959, 958, 956, 958, 959, 960, 957, 960, 959, 961, 962, 968, 966, 965, 963, 965, 966, 967, 964, 967, 966, 968, 969, 975, 973, 972, 970, 972, 973, 974, 971, 974, 973, 975, 976, 982, 980, 979, 977, 979, 980, 981, 978, 981, 980, 982, 983, 989, 987, 986, 984, 986, 987, 988, 985, 988, 987, 989, 990, 996, 994, 993, 991, 993, 994, 995, 992, 995, 994, 996, 997, 1003, 1001, 1000, 998, 1000, 1001, 1002, 999, 1002, 1001, 1003, 1025, 1031, 1029, 1028, 1026, 1028, 1029, 1030, 1027, 1030, 1029, 1031, 1032, 1038, 1036, 1035, 1033, 1035, 1036, 1037, 1034, 1037, 1036, 1038, 1039, 1045, 1043, 1042, 1040, 1042, 1043, 1044, 1041, 1044, 1043, 1045, 1046, 1052, 1050, 1049, 1047, 1049, 1050, 1051, 1048, 1051, 1050, 1052, 1053, 1059, 1057, 1056, 1054, 1056, 1057, 1058, 1055, 1058, 1057, 1059, 1060, 1066, 1064, 1063, 1061, 1063, 1064, 1065, 1062, 1065, 1064, 1066, 1067, 1073, 1071, 1070, 1068, 1070, 1071, 1072, 1069, 1072, 1071, 1073, 1074, 1080, 1078, 1077, 1075, 1077, 1078, 1079, 1076, 1079, 1078, 1080, 1089, 1091, 1090, 1092, 1106, 1109, 1110, 1111, 1123, 1128, 1126, 1125, 1124, 1127, 1126, 1128, 1140, 1145, 1144, 1143, 1154, 1157, 1155, 1158, 1164, 1167, 1168, 1169, 1172, 1175, 1173, 1176, 1178, 1180, 1179, 1181, 1201, 1206, 1205, 1204, 1243, 1251, 1248, 1247, 1244, 1247, 1248, 1249, 1245, 1249, 1248, 1250, 1246, 1250, 1248, 1251, 1252, 1260, 1257, 1256, 1253, 1256, 1257, 1258, 1254, 1258, 1257, 1259, 1255, 1259, 1257, 1260, 1261, 1269, 1266, 1265, 1262, 1265, 1266, 1267, 1263, 1267, 1266, 1268, 1264, 1268, 1266, 1269, 1270, 1278, 1275, 1274, 1271, 1274, 1275, 1276, 1272, 1276, 1275, 1277, 1273, 1277, 1275, 1278, 955, 958, 954, 948, 958, 956, 950, 954, 971, 975, 965, 963, 975, 969, 962, 965, 956, 960, 974, 971, 960, 957, 970, 974, 963, 967, 953, 950, 967, 964, 949, 953, 978, 982, 986, 984, 982, 976, 983, 986, 990, 993, 1003, 997, 993, 991, 999, 1003, 977, 981, 995, 992, 981, 978, 991, 995, 998, 1002, 988, 985, 1002, 999, 984, 988, 1243, 1247, 989, 983, 1247, 1244, 985, 989, 1252, 1256, 961, 955, 1256, 1253, 957, 961, 1261, 1265, 1000, 998, 1265, 1262, 997, 1000, 1270, 1274, 996, 990, 1274, 1271, 992, 996, 1032, 1035, 1031, 1025, 1035, 1033, 1027, 1031, 1048, 1052, 1042, 1040, 1052, 1046, 1039, 1042, 1033, 1037, 1051, 1048, 1037, 1034, 1047, 1051, 1040, 1044, 1030, 1027, 1044, 1041, 1026, 1030, 1055, 1059, 1063, 1061, 1059, 1053, 1060, 1063, 1067, 1070, 1080, 1074, 1070, 1068, 1076, 1080, 1054, 1058, 1072, 1069, 1058, 1055, 1068, 1072, 1075, 1079, 1065, 1062, 1079, 1076, 1061, 1065, 1025, 1028, 1066, 1060, 1028, 1026, 1062, 1066, 1053, 1056, 1038, 1032, 1056, 1054, 1034, 1038, 1041, 1045, 1077, 1075, 1045, 1039, 1074, 1077, 1046, 1049, 1073, 1067, 1049, 1047, 1069, 1073, 1106, 1111, 1092, 1087, 1111, 1107, 1089, 1092, 1128, 1123, 1129, 1130, 1197, 1199, 1191, 1189, 948, 951, 1250, 1246, 951, 949, 1245, 1250, 976, 979, 1259, 1255, 979, 977, 1254, 1259, 964, 968, 1268, 1264, 968, 962, 1263, 1268, 969, 972, 1277, 1273, 972, 970, 1272, 1277, 1271, 1276, 1258, 1254, 1276, 1272, 1253, 1258, 1262, 1267, 1278, 1270, 1267, 1263, 1273, 1278, 1244, 1249, 1269, 1261, 1249, 1245, 1264, 1269, 1255, 1260, 1251, 1243, 1260, 1252, 1246, 1251, 955, 948, 1246, 1252]
                rel material:binding = </root/_materials/Atlas>
                normal3f[] normals = [(0.9807855, -0.19508915, -7.691423e-8), (0.9807855, 0.19508952, -3.2998326e-8), (0.96729326, 0.17936523, 0.17936495), (0.9672934, -0.1793648, 0.17936498), (-0.19509046, 0.98078525, 3.5304975e-8), (0.19509003, 0.9807853, -1.6131857e-7), (0.17936558, 0.9672931, -0.17936589), (-0.17936578, 0.967293, -0.17936592), (0.1950899, -0.9807853, 3.6469882e-7), (-0.19509004, -0.9807853, 0), (-0.1793651, -0.9672934, -0.17936464), (0.17936495, -0.96729344, -0.17936449), (0.17936479, -0.96729356, 0.1793641), (-0.17936498, -0.96729356, 0.17936395), (-0.19509006, -0.9807853, 0), (0.19508979, -0.98078537, -3.2808026e-7), (-0.98078525, -0.19509025, 9.40561e-8), (-0.98078525, 0.19509062, 1.9933708e-8), (-0.9672931, 0.17936586, -0.17936568), (-0.9672932, -0.1793653, -0.17936547), (0.9672934, -0.17936492, -0.17936546), (0.96729314, 0.17936549, -0.17936562), (0.98078537, 0.1950897, -7.391706e-8), (0.9807855, -0.19508953, -3.9818993e-8), (0.9807855, -0.19508933, -9.062659e-8), (0.9807855, 0.19508918, -1.4413872e-7), (0.96729344, 0.17936474, 0.17936459), (0.96729344, -0.17936483, 0.17936479), (-0.19509026, 0.9807853, 5.3880115e-7), (0.19508986, 0.98078537, 3.766963e-9), (0.17936538, 0.9672934, -0.17936473), (-0.1793656, 0.96729326, -0.17936474), (0.19509025, -0.9807853, 1.8234934e-7), (-0.19509056, -0.98078525, 7.118682e-8), (-0.17936563, -0.9672932, -0.17936507), (0.17936552, -0.9672932, -0.17936526), (0.17936538, -0.9672932, 0.17936526), (-0.17936559, -0.96729314, 0.17936532), (-0.1950906, -0.98078525, 1.6404056e-7), (0.19509023, -0.9807853, -1.7688842e-7), (-0.98078525, -0.19509044, 1.7619305e-7), (-0.98078525, 0.1950904, 1.7239859e-7), (-0.9672931, 0.17936558, -0.17936563), (-0.9672931, -0.17936562, -0.17936555), (0.9672932, -0.17936549, -0.17936547), (0.96729326, 0.17936511, -0.17936541), (0.9807855, 0.19508944, 1.7257609e-8), (0.98078537, -0.19508983, 5.166821e-10), (-0.17936558, -0.17936505, -0.96729326), (-0.17936566, 0.17936568, -0.9672931), (0.17936558, 0.17936566, -0.9672931), (0.17936555, -0.17936508, -0.96729326), (-0.96729326, -0.1793654, 0.1793652), (-0.9672932, 0.17936583, 0.17936516), (-0.98078525, 0.19509052, 0), (-0.98078525, -0.1950902, -1.0431059e-8), (0.17936413, -0.17936482, 0.96729344), (0.1793643, 0.17936458, 0.96729356), (-0.17936417, 0.17936441, 0.9672936), (-0.17936416, -0.17936483, 0.96729356), (0.1793654, 0.9672934, 0.17936431), (0.19508992, 0.9807853, 1.99826e-9), (-0.19509025, 0.9807853, -2.1160895e-7), (-0.17936558, 0.9672934, 0.1793641), (0.17936558, 0.9672932, 0.17936517), (0.19508997, 0.9807853, 2.2312026e-8), (-0.19509046, 0.98078525, -1.461085e-7), (-0.17936575, 0.9672932, 0.17936514), (-0.1793656, -0.17936535, -0.9672932), (-0.17936552, 0.17936522, -0.9672932), (0.17936559, 0.17936535, -0.9672932), (0.17936552, -0.1793653, -0.9672932), (-0.9672932, -0.1793657, 0.17936501), (-0.9672932, 0.17936559, 0.17936495), (-0.98078525, 0.19509032, -1.8234951e-7), (-0.98078525, -0.19509059, -1.9450903e-7), (0.1793645, -0.17936425, 0.96729356), (0.15848489, -0.35996264, 0.9194071), (0.32505503, -0.32505548, 0.8880756), (0.35996288, -0.15848532, 0.91940695), (0.17936479, -0.96729356, 0.1793641), (0.35996342, -0.9194067, 0.15848522), (0.3250557, -0.8880754, 0.3250551), (0.15848523, -0.9194072, 0.35996225), (0.9672934, -0.1793648, 0.17936498), (0.9194064, -0.15848605, 0.359964), (0.88807464, -0.32505685, 0.32505625), (0.91940653, -0.35996363, 0.15848577), (-0.17936498, -0.96729356, 0.17936395), (-0.1584853, -0.91940725, 0.35996202), (-0.32505584, -0.8880756, 0.32505465), (-0.35996377, -0.91940665, 0.15848492), (-0.17936458, -0.17936428, 0.96729356), (-0.35996306, -0.15848538, 0.9194069), (-0.32505518, -0.32505554, 0.8880754), (-0.15848497, -0.3599627, 0.9194071), (-0.96729326, -0.1793654, 0.1793652), (-0.91940606, -0.35996482, 0.15848596), (-0.8880743, -0.32505724, 0.32505673), (-0.9194062, -0.15848625, 0.35996443), (0.17936495, -0.96729344, -0.17936449), (0.15848555, -0.9194069, -0.3599629), (0.32505634, -0.88807523, -0.32505518), (0.3599638, -0.91940665, -0.1584849), (0.17936555, -0.17936508, -0.96729326), (0.35996494, -0.15848598, -0.919406), (0.32505727, -0.32505667, -0.8880742), (0.15848604, -0.3599643, -0.91940624), (0.9672934, -0.17936492, -0.17936546), (0.9194064, -0.35996392, -0.15848595), (0.8880745, -0.32505697, -0.32505652), (0.9194062, -0.1584861, -0.35996452), (-0.17936558, -0.17936505, -0.96729326), (-0.15848598, -0.3599642, -0.9194063), (-0.32505712, -0.32505646, -0.8880744), (-0.35996497, -0.15848587, -0.919406), (-0.1793651, -0.9672934, -0.17936464), (-0.35996416, -0.9194065, -0.15848528), (-0.32505637, -0.88807493, -0.3250558), (-0.15848556, -0.9194068, -0.3599632), (-0.9672932, -0.1793653, -0.17936547), (-0.919406, -0.15848601, -0.359965), (-0.88807434, -0.32505676, -0.32505706), (-0.9194061, -0.35996482, -0.15848581), (-0.17936575, 0.9672932, 0.17936514), (-0.35996532, 0.9194059, 0.1584859), (-0.32505766, 0.88807416, 0.32505646), (-0.15848623, 0.9194062, 0.3599644), (-0.9672932, 0.17936583, 0.17936516), (-0.9194062, 0.15848626, 0.35996446), (-0.8880741, 0.3250577, 0.32505664), (-0.9194059, 0.35996544, 0.15848596), (-0.17936449, 0.17936489, 0.9672934), (-0.15848483, 0.3599637, 0.9194067), (-0.3250549, 0.3250565, 0.88807523), (-0.35996297, 0.15848562, 0.9194069), (0.17936447, 0.17936489, 0.96729344), (0.3599629, 0.15848562, 0.9194069), (0.325055, 0.3250565, 0.88807523), (0.15848488, 0.3599637, 0.91940665), (0.96729326, 0.17936523, 0.17936495), (0.91940635, 0.35996434, 0.15848574), (0.8880744, 0.32505733, 0.32505614), (0.91940635, 0.15848607, 0.35996404), (0.17936558, 0.9672932, 0.17936517), (0.15848625, 0.9194062, 0.35996446), (0.3250577, 0.8880741, 0.32505664), (0.35996506, 0.919406, 0.15848601), (-0.17936566, 0.17936568, -0.9672931), (-0.35996523, 0.15848617, -0.9194058), (-0.32505757, 0.3250575, -0.88807386), (-0.15848623, 0.35996535, -0.9194058), (-0.9672931, 0.17936586, -0.17936568), (-0.9194057, 0.35996562, -0.15848619), (-0.88807386, 0.3250577, -0.32505763), (-0.9194058, 0.15848623, -0.35996526), (-0.17936578, 0.967293, -0.17936592), (-0.15848628, 0.91940576, -0.35996547), (-0.32505772, 0.88807386, -0.32505742), (-0.35996547, 0.91940576, -0.15848647), (0.17936558, 0.9672931, -0.17936589), (0.3599651, 0.9194059, -0.15848638), (0.3250576, 0.888074, -0.32505715), (0.15848622, 0.9194058, -0.3599653), (0.96729314, 0.17936549, -0.17936562), (0.919406, 0.15848644, -0.35996488), (0.88807386, 0.32505807, -0.32505703), (0.919406, 0.35996494, -0.15848626), (0.17936558, 0.17936566, -0.9672931), (0.15848617, 0.35996523, -0.9194058), (0.32505748, 0.32505742, -0.8880739), (0.3599651, 0.15848613, -0.91940594), (0.17936413, -0.17936482, 0.96729344), (0.15848486, -0.35996366, 0.91940665), (0.32505482, -0.32505646, 0.8880753), (0.35996222, -0.15848571, 0.9194071), (0.17936538, -0.9672932, 0.17936526), (0.35996464, -0.9194061, 0.15848616), (0.32505676, -0.88807434, 0.32505706), (0.15848574, -0.9194062, 0.35996464), (0.96729344, -0.17936483, 0.17936479), (0.9194065, -0.15848581, 0.35996374), (0.8880746, -0.32505682, 0.32505652), (0.9194066, -0.35996354, 0.15848589), (-0.17936559, -0.96729314, 0.17936532), (-0.15848577, -0.91940606, 0.35996482), (-0.32505682, -0.8880742, 0.32505742), (-0.35996503, -0.91940594, 0.1584863), (-0.17936416, -0.17936483, 0.96729356), (-0.35996222, -0.15848571, 0.9194071), (-0.32505456, -0.32505643, 0.8880754), (-0.15848471, -0.35996366, 0.91940665), (-0.9672932, -0.1793657, 0.17936501), (-0.91940594, -0.35996532, 0.15848613), (-0.8880742, -0.3250572, 0.325057), (-0.9194063, -0.15848601, 0.3599642), (0.17936552, -0.9672932, -0.17936526), (0.15848596, -0.9194062, -0.35996446), (0.32505712, -0.8880743, -0.3250569), (0.35996497, -0.919406, -0.15848583), (0.17936552, -0.1793653, -0.9672932), (0.3599649, -0.15848595, -0.919406), (0.32505727, -0.32505682, -0.8880742), (0.15848607, -0.35996467, -0.9194062), (0.9672932, -0.17936549, -0.17936547), (0.91940606, -0.35996485, -0.15848608), (0.88807386, -0.3250578, -0.3250572), (0.919406, -0.15848644, -0.35996485), (-0.1793656, -0.17936535, -0.9672932), (-0.15848608, -0.35996473, -0.91940606), (-0.3250573, -0.325057, -0.8880741), (-0.35996512, -0.15848604, -0.91940594), (-0.17936563, -0.9672932, -0.17936507), (-0.3599652, -0.919406, -0.15848549), (-0.32505727, -0.88807434, -0.3250568), (-0.15848604, -0.91940624, -0.35996443), (-0.9672931, -0.17936562, -0.17936555), (-0.91940594, -0.15848614, -0.3599651), (-0.8880741, -0.32505727, -0.32505727), (-0.9194058, -0.35996523, -0.15848589), (-0.17936558, 0.9672934, 0.1793641), (-0.359965, 0.9194063, 0.15848453), (-0.32505748, 0.8880753, 0.3250539), (-0.15848613, 0.91940695, 0.3599624), (-0.9672932, 0.17936559, 0.17936495), (-0.9194063, 0.15848607, 0.35996407), (-0.8880743, 0.32505733, 0.32505673), (-0.919406, 0.35996506, 0.15848601), (-0.17936417, 0.17936441, 0.9672936), (-0.15848476, 0.3599628, 0.9194071), (-0.32505476, 0.32505515, 0.88807577), (-0.35996228, 0.15848498, 0.9194072), (0.1793643, 0.17936458, 0.96729356), (0.35996255, 0.15848531, 0.91940707), (0.32505554, 0.32505584, 0.88807523), (0.15848513, 0.35996312, 0.9194069), (0.96729344, 0.17936474, 0.17936459), (0.9194067, 0.3599634, 0.1584855), (0.8880747, 0.32505703, 0.3250557), (0.91940665, 0.15848593, 0.3599634), (0.1793654, 0.9672934, 0.17936431), (0.1584861, 0.9194068, 0.35996282), (0.32505742, 0.888075, 0.32505473), (0.35996464, 0.9194063, 0.15848498), (-0.17936552, 0.17936522, -0.9672932), (-0.35996494, 0.15848556, -0.9194061), (-0.325057, 0.32505625, -0.88807464), (-0.15848592, 0.35996437, -0.91940624), (-0.9672931, 0.17936558, -0.17936563), (-0.919406, 0.35996506, -0.15848611), (-0.88807416, 0.32505703, -0.32505742), (-0.91940594, 0.15848593, -0.35996518), (-0.1793656, 0.96729326, -0.17936474), (-0.15848614, 0.9194065, -0.3599638), (-0.32505748, 0.8880747, -0.3250555), (-0.35996512, 0.9194062, -0.15848483), (0.17936538, 0.9672934, -0.17936473), (0.3599647, 0.91940635, -0.15848471), (0.32505742, 0.888075, -0.32505456), (0.15848613, 0.91940665, -0.35996336), (0.96729326, 0.17936511, -0.17936541), (0.9194062, 0.15848613, -0.3599644), (0.8880744, 0.3250575, -0.3250563), (0.91940624, 0.35996428, -0.15848589), (0.17936559, 0.17936535, -0.9672932), (0.15848623, 0.3599647, -0.91940606), (0.32505757, 0.32505682, -0.8880741), (0.3599651, 0.15848586, -0.919406), (-0.19509056, -0.98078525, 7.118682e-8), (-0.19509067, -0.98078525, 8.8444494e-8), (-0.38268402, -0.92387927, 1.7348958e-7), (-0.38268387, -0.9238794, 1.3963823e-7), (-0.1950906, -0.98078525, 1.6404056e-7), (-0.38268393, -0.9238793, 3.2177752e-7), (-0.38268402, -0.92387927, 1.7348958e-7), (-0.19509067, -0.98078525, 8.8444494e-8), (-0.98078525, -0.19509059, -1.9450903e-7), (-0.98078525, -0.1950904, -9.3905406e-8), (-0.92387944, -0.3826837, -1.842021e-7), (-0.9238794, -0.38268384, -3.815432e-7), (-0.98078525, -0.19509044, 1.7619305e-7), (-0.9238794, -0.38268363, 3.4561506e-7), (-0.92387944, -0.3826837, -1.842021e-7), (-0.98078525, -0.1950904, -9.3905406e-8), (0.19508997, 0.9807853, 2.2312026e-8), (0.38268274, 0.9238798, 4.3766622e-8), (0.38268256, 0.92387986, 7.82027e-8), (0.19508985, 0.98078537, 3.9867395e-8), (0.9807855, 0.19508952, -3.2998326e-8), (0.9807855, 0.19508956, 3.9867434e-8), (0.92388016, 0.382682, 7.820272e-8), (0.9238802, 0.3826819, -6.472857e-8), (0.98078537, 0.1950897, -7.391706e-8), (0.92388004, 0.38268232, -1.4499344e-7), (0.92388016, 0.382682, 7.820272e-8), (0.9807855, 0.19508956, 3.9867434e-8), (0.19509003, 0.9807853, -1.6131857e-7), (0.19508985, 0.98078537, 3.9867395e-8), (0.38268256, 0.92387986, 7.82027e-8), (0.38268286, 0.92387974, -3.164378e-7), (0.9807855, 0.19508918, -1.4413872e-7), (0.9807855, 0.19508956, 1.9901655e-8), (0.92388016, 0.382682, 3.9038447e-8), (0.92388046, 0.3826813, -2.827384e-7), (0.9807855, 0.19508944, 1.7257609e-8), (0.92388016, 0.38268185, 3.3851826e-8), (0.92388016, 0.382682, 3.9038447e-8), (0.9807855, 0.19508956, 1.9901655e-8), (0.19508986, 0.98078537, 3.766963e-9), (0.19508983, 0.98078537, 3.9803385e-8), (0.3826825, 0.92387986, 7.807712e-8), (0.38268253, 0.9238799, 7.3892013e-9), (0.19508992, 0.9807853, 1.99826e-9), (0.38268268, 0.9238798, 3.919731e-9), (0.3826825, 0.92387986, 7.807712e-8), (0.19508983, 0.98078537, 3.9803385e-8), (0.9807855, -0.19508915, -7.691423e-8), (0.9238804, -0.38268122, -1.5087261e-7), (0.9238802, -0.38268176, -4.9877542e-8), (0.9807854, -0.19508943, -2.5427308e-8), (0.19508979, -0.98078537, -3.2808026e-7), (0.19509019, -0.9807853, 5.1655246e-13), (0.38268313, -0.9238796, 3.6187663e-13), (0.3826824, -0.92388, -6.4355277e-7), (0.1950899, -0.9807853, 3.6469882e-7), (0.38268265, -0.9238799, 7.15383e-7), (0.38268313, -0.9238796, 3.6187663e-13), (0.19509019, -0.9807853, 5.1655246e-13), (0.9807855, -0.19508953, -3.9818993e-8), (0.9807854, -0.19508943, -2.5427308e-8), (0.9238802, -0.38268176, -4.9877542e-8), (0.92388016, -0.38268197, -7.81081e-8), (-0.98078525, 0.19509062, 1.9933708e-8), (-0.98078525, 0.19509056, 1.9933715e-8), (-0.9238793, 0.3826839, 3.9101366e-8), (-0.9238793, 0.382684, 3.9101376e-8), (-0.98078525, 0.19509052, 0), (-0.9238793, 0.3826838, 0), (-0.9238793, 0.3826839, 3.9101366e-8), (-0.98078525, 0.19509056, 1.9933715e-8), (-0.19509046, 0.98078525, -1.461085e-7), (-0.19509046, 0.98078525, 1.9933722e-8), (-0.38268372, 0.9238794, 3.9100982e-8), (-0.38268366, 0.9238794, -2.8660216e-7), (-0.19509046, 0.98078525, 3.5304975e-8), (-0.3826837, 0.92387944, 6.925321e-8), (-0.38268372, 0.9238794, 3.9100982e-8), (-0.19509046, 0.98078525, 1.9933722e-8), (-0.98078525, -0.19509025, 9.40561e-8), (-0.92387956, -0.38268337, 1.8449775e-7), (-0.9238795, -0.3826835, 0), (-0.9807853, -0.19509037, 0), (-0.19509004, -0.9807853, 0), (-0.1950903, -0.9807853, 0), (-0.3826833, -0.9238795, 0), (-0.38268292, -0.9238798, 0), (-0.19509006, -0.9807853, 0), (-0.38268295, -0.9238798, 0), (-0.3826833, -0.9238795, 0), (-0.1950903, -0.9807853, 0), (-0.98078525, -0.1950902, -1.0431059e-8), (-0.9807853, -0.19509037, 0), (-0.9238795, -0.3826835, 0), (-0.9238796, -0.38268322, -2.0461261e-8), (0.9807855, -0.19508933, -9.062659e-8), (0.92388034, -0.3826815, -1.7777053e-7), (0.92388004, -0.3826821, -1.6813382e-7), (0.9807855, -0.1950896, -8.5713836e-8), (0.19509023, -0.9807853, -1.7688842e-7), (0.19509026, -0.9807853, 5.4610663e-9), (0.38268337, -0.92387956, 1.0711828e-8), (0.38268328, -0.92387956, -3.4697905e-7), (0.19509025, -0.9807853, 1.8234934e-7), (0.3826833, -0.92387956, 3.576912e-7), (0.38268337, -0.92387956, 1.0711828e-8), (0.19509026, -0.9807853, 5.4610663e-9), (0.98078537, -0.19508983, 5.166821e-10), (0.9807855, -0.1950896, -8.5713836e-8), (0.92388004, -0.3826821, -1.6813382e-7), (0.9238799, -0.38268235, 1.0135058e-9), (-0.98078525, 0.1950904, 1.7239859e-7), (-0.98078525, 0.19509038, -9.950848e-9), (-0.9238795, 0.38268355, -1.9519328e-8), (-0.92387944, 0.38268358, 3.3817207e-7), (-0.98078525, 0.19509032, -1.8234951e-7), (-0.9238795, 0.3826835, -3.5769122e-7), (-0.9238795, 0.38268355, -1.9519328e-8), (-0.98078525, 0.19509038, -9.950848e-9), (-0.19509025, 0.9807853, -2.1160895e-7), (-0.19509025, 0.9807853, 1.7239877e-7), (-0.38268328, 0.9238796, 3.3817292e-7), (-0.3826833, 0.92387956, -4.150858e-7), (-0.19509026, 0.9807853, 5.3880115e-7), (-0.38268328, 0.9238795, 0.0000010568963), (-0.38268328, 0.9238796, 3.3817292e-7), (-0.19509025, 0.9807853, 1.7239877e-7), (-0.17936498, -0.96729356, 0.17936395), (0.17936479, -0.96729356, 0.1793641), (0.15848523, -0.9194072, 0.35996225), (-0.1584853, -0.91940725, 0.35996202), (-0.15848497, -0.3599627, 0.9194071), (0.15848489, -0.35996264, 0.9194071), (0.1793645, -0.17936425, 0.96729356), (-0.17936458, -0.17936428, 0.96729356), (-0.17936558, -0.17936505, -0.96729326), (0.17936555, -0.17936508, -0.96729326), (0.15848604, -0.3599643, -0.91940624), (-0.15848598, -0.3599642, -0.9194063), (-0.15848556, -0.9194068, -0.3599632), (0.15848555, -0.9194069, -0.3599629), (0.17936495, -0.96729344, -0.17936449), (-0.1793651, -0.9672934, -0.17936464), (-0.98078525, -0.19509025, 9.40561e-8), (-0.9672932, -0.1793653, -0.17936547), (-0.9194061, -0.35996482, -0.15848581), (-0.92387956, -0.38268337, 1.8449775e-7), (-0.38268292, -0.9238798, 0), (-0.35996416, -0.9194065, -0.15848528), (-0.1793651, -0.9672934, -0.17936464), (-0.19509004, -0.9807853, 0), (0.9807855, -0.19508915, -7.691423e-8), (0.9672934, -0.1793648, 0.17936498), (0.91940653, -0.35996363, 0.15848577), (0.9238804, -0.38268122, -1.5087261e-7), (0.3826824, -0.92388, -6.4355277e-7), (0.35996342, -0.9194067, 0.15848522), (0.17936479, -0.96729356, 0.1793641), (0.19508979, -0.98078537, -3.2808026e-7), (-0.17936449, 0.17936489, 0.9672934), (0.17936447, 0.17936489, 0.96729344), (0.15848488, 0.3599637, 0.91940665), (-0.15848483, 0.3599637, 0.9194067), (-0.15848623, 0.9194062, 0.3599644), (0.15848625, 0.9194062, 0.35996446), (0.17936558, 0.9672932, 0.17936517), (-0.17936575, 0.9672932, 0.17936514), (-0.17936578, 0.967293, -0.17936592), (0.17936558, 0.9672931, -0.17936589), (0.15848622, 0.9194058, -0.3599653), (-0.15848628, 0.91940576, -0.35996547), (-0.15848623, 0.35996535, -0.9194058), (0.15848617, 0.35996523, -0.9194058), (0.17936558, 0.17936566, -0.9672931), (-0.17936566, 0.17936568, -0.9672931), (-0.19509046, 0.98078525, 3.5304975e-8), (-0.17936578, 0.967293, -0.17936592), (-0.35996547, 0.91940576, -0.15848647), (-0.3826837, 0.92387944, 6.925321e-8), (-0.9238793, 0.382684, 3.9101376e-8), (-0.9194057, 0.35996562, -0.15848619), (-0.9672931, 0.17936586, -0.17936568), (-0.98078525, 0.19509062, 1.9933708e-8), (0.19508997, 0.9807853, 2.2312026e-8), (0.17936558, 0.9672932, 0.17936517), (0.35996506, 0.919406, 0.15848601), (0.38268274, 0.9238798, 4.3766622e-8), (0.9238802, 0.3826819, -6.472857e-8), (0.91940635, 0.35996434, 0.15848574), (0.96729326, 0.17936523, 0.17936495), (0.9807855, 0.19508952, -3.2998326e-8), (-0.9672932, -0.1793653, -0.17936547), (-0.9672931, 0.17936586, -0.17936568), (-0.9194058, 0.15848623, -0.35996526), (-0.919406, -0.15848601, -0.359965), (-0.35996497, -0.15848587, -0.919406), (-0.35996523, 0.15848617, -0.9194058), (-0.17936566, 0.17936568, -0.9672931), (-0.17936558, -0.17936505, -0.96729326), (-0.9672932, 0.17936583, 0.17936516), (-0.96729326, -0.1793654, 0.1793652), (-0.9194062, -0.15848625, 0.35996443), (-0.9194062, 0.15848626, 0.35996446), (-0.35996297, 0.15848562, 0.9194069), (-0.35996306, -0.15848538, 0.9194069), (-0.17936458, -0.17936428, 0.96729356), (-0.17936449, 0.17936489, 0.9672934), (0.17936447, 0.17936489, 0.96729344), (0.1793645, -0.17936425, 0.96729356), (0.35996288, -0.15848532, 0.91940695), (0.3599629, 0.15848562, 0.9194069), (0.91940635, 0.15848607, 0.35996404), (0.9194064, -0.15848605, 0.359964), (0.9672934, -0.1793648, 0.17936498), (0.96729326, 0.17936523, 0.17936495), (0.96729314, 0.17936549, -0.17936562), (0.9672934, -0.17936492, -0.17936546), (0.9194062, -0.1584861, -0.35996452), (0.919406, 0.15848644, -0.35996488), (0.3599651, 0.15848613, -0.91940594), (0.35996494, -0.15848598, -0.919406), (0.17936555, -0.17936508, -0.96729326), (0.17936558, 0.17936566, -0.9672931), (-0.17936559, -0.96729314, 0.17936532), (0.17936538, -0.9672932, 0.17936526), (0.15848574, -0.9194062, 0.35996464), (-0.15848577, -0.91940606, 0.35996482), (-0.15848471, -0.35996366, 0.91940665), (0.15848486, -0.35996366, 0.91940665), (0.17936413, -0.17936482, 0.96729344), (-0.17936416, -0.17936483, 0.96729356), (-0.1793656, -0.17936535, -0.9672932), (0.17936552, -0.1793653, -0.9672932), (0.15848607, -0.35996467, -0.9194062), (-0.15848608, -0.35996473, -0.91940606), (-0.15848604, -0.91940624, -0.35996443), (0.15848596, -0.9194062, -0.35996446), (0.17936552, -0.9672932, -0.17936526), (-0.17936563, -0.9672932, -0.17936507), (-0.98078525, -0.19509044, 1.7619305e-7), (-0.9672931, -0.17936562, -0.17936555), (-0.9194058, -0.35996523, -0.15848589), (-0.9238794, -0.38268363, 3.4561506e-7), (-0.38268387, -0.9238794, 1.3963823e-7), (-0.3599652, -0.919406, -0.15848549), (-0.17936563, -0.9672932, -0.17936507), (-0.19509056, -0.98078525, 7.118682e-8), (0.9807855, -0.19508933, -9.062659e-8), (0.96729344, -0.17936483, 0.17936479), (0.9194066, -0.35996354, 0.15848589), (0.92388034, -0.3826815, -1.7777053e-7), (0.38268328, -0.92387956, -3.4697905e-7), (0.35996464, -0.9194061, 0.15848616), (0.17936538, -0.9672932, 0.17936526), (0.19509023, -0.9807853, -1.7688842e-7), (-0.17936417, 0.17936441, 0.9672936), (0.1793643, 0.17936458, 0.96729356), (0.15848513, 0.35996312, 0.9194069), (-0.15848476, 0.3599628, 0.9194071), (-0.15848613, 0.91940695, 0.3599624), (0.1584861, 0.9194068, 0.35996282), (0.1793654, 0.9672934, 0.17936431), (-0.17936558, 0.9672934, 0.1793641), (-0.1793656, 0.96729326, -0.17936474), (0.17936538, 0.9672934, -0.17936473), (0.15848613, 0.91940665, -0.35996336), (-0.15848614, 0.9194065, -0.3599638), (-0.15848592, 0.35996437, -0.91940624), (0.15848623, 0.3599647, -0.91940606), (0.17936559, 0.17936535, -0.9672932), (-0.17936552, 0.17936522, -0.9672932), (-0.19509026, 0.9807853, 5.3880115e-7), (-0.1793656, 0.96729326, -0.17936474), (-0.35996512, 0.9194062, -0.15848483), (-0.38268328, 0.9238795, 0.0000010568963), (-0.92387944, 0.38268358, 3.3817207e-7), (-0.919406, 0.35996506, -0.15848611), (-0.9672931, 0.17936558, -0.17936563), (-0.98078525, 0.1950904, 1.7239859e-7), (0.19508992, 0.9807853, 1.99826e-9), (0.1793654, 0.9672934, 0.17936431), (0.35996464, 0.9194063, 0.15848498), (0.38268268, 0.9238798, 3.919731e-9), (0.92388046, 0.3826813, -2.827384e-7), (0.9194067, 0.3599634, 0.1584855), (0.96729344, 0.17936474, 0.17936459), (0.9807855, 0.19508918, -1.4413872e-7), (-0.9672931, -0.17936562, -0.17936555), (-0.9672931, 0.17936558, -0.17936563), (-0.91940594, 0.15848593, -0.35996518), (-0.91940594, -0.15848614, -0.3599651), (-0.35996512, -0.15848604, -0.91940594), (-0.35996494, 0.15848556, -0.9194061), (-0.17936552, 0.17936522, -0.9672932), (-0.1793656, -0.17936535, -0.9672932), (-0.9672932, 0.17936559, 0.17936495), (-0.9672932, -0.1793657, 0.17936501), (-0.9194063, -0.15848601, 0.3599642), (-0.9194063, 0.15848607, 0.35996407), (-0.35996228, 0.15848498, 0.9194072), (-0.35996222, -0.15848571, 0.9194071), (-0.17936416, -0.17936483, 0.96729356), (-0.17936417, 0.17936441, 0.9672936), (0.1793643, 0.17936458, 0.96729356), (0.17936413, -0.17936482, 0.96729344), (0.35996222, -0.15848571, 0.9194071), (0.35996255, 0.15848531, 0.91940707), (0.91940665, 0.15848593, 0.3599634), (0.9194065, -0.15848581, 0.35996374), (0.96729344, -0.17936483, 0.17936479), (0.96729344, 0.17936474, 0.17936459), (0.96729326, 0.17936511, -0.17936541), (0.9672932, -0.17936549, -0.17936547), (0.919406, -0.15848644, -0.35996485), (0.9194062, 0.15848613, -0.3599644), (0.3599651, 0.15848586, -0.919406), (0.3599649, -0.15848595, -0.919406), (0.17936552, -0.1793653, -0.9672932), (0.17936559, 0.17936535, -0.9672932), (-0.9672932, -0.1793657, 0.17936501), (-0.98078525, -0.19509059, -1.9450903e-7), (-0.9238794, -0.38268384, -3.815432e-7), (-0.91940594, -0.35996532, 0.15848613), (-0.35996503, -0.91940594, 0.1584863), (-0.38268393, -0.9238793, 3.2177752e-7), (-0.1950906, -0.98078525, 1.6404056e-7), (-0.17936559, -0.96729314, 0.17936532), (0.17936558, 0.9672931, -0.17936589), (0.19509003, 0.9807853, -1.6131857e-7), (0.38268286, 0.92387974, -3.164378e-7), (0.3599651, 0.9194059, -0.15848638), (0.919406, 0.35996494, -0.15848626), (0.92388004, 0.38268232, -1.4499344e-7), (0.98078537, 0.1950897, -7.391706e-8), (0.96729314, 0.17936549, -0.17936562), (0.17936538, 0.9672934, -0.17936473), (0.19508986, 0.98078537, 3.766963e-9), (0.38268253, 0.9238799, 7.3892013e-9), (0.3599647, 0.91940635, -0.15848471), (0.91940624, 0.35996428, -0.15848589), (0.92388016, 0.38268185, 3.3851826e-8), (0.9807855, 0.19508944, 1.7257609e-8), (0.96729326, 0.17936511, -0.17936541), (0.9672934, -0.17936492, -0.17936546), (0.9807855, -0.19508953, -3.9818993e-8), (0.92388016, -0.38268197, -7.81081e-8), (0.9194064, -0.35996392, -0.15848595), (0.3599638, -0.91940665, -0.1584849), (0.38268265, -0.9238799, 7.15383e-7), (0.1950899, -0.9807853, 3.6469882e-7), (0.17936495, -0.96729344, -0.17936449), (-0.17936575, 0.9672932, 0.17936514), (-0.19509046, 0.98078525, -1.461085e-7), (-0.38268366, 0.9238794, -2.8660216e-7), (-0.35996532, 0.9194059, 0.1584859), (-0.9194059, 0.35996544, 0.15848596), (-0.9238793, 0.3826838, 0), (-0.98078525, 0.19509052, 0), (-0.9672932, 0.17936583, 0.17936516), (-0.96729326, -0.1793654, 0.1793652), (-0.98078525, -0.1950902, -1.0431059e-8), (-0.9238796, -0.38268322, -2.0461261e-8), (-0.91940606, -0.35996482, 0.15848596), (-0.35996377, -0.91940665, 0.15848492), (-0.38268295, -0.9238798, 0), (-0.19509006, -0.9807853, 0), (-0.17936498, -0.96729356, 0.17936395), (0.9672932, -0.17936549, -0.17936547), (0.98078537, -0.19508983, 5.166821e-10), (0.9238799, -0.38268235, 1.0135058e-9), (0.91940606, -0.35996485, -0.15848608), (0.35996497, -0.919406, -0.15848583), (0.3826833, -0.92387956, 3.576912e-7), (0.19509025, -0.9807853, 1.8234934e-7), (0.17936552, -0.9672932, -0.17936526), (-0.17936558, 0.9672934, 0.1793641), (-0.19509025, 0.9807853, -2.1160895e-7), (-0.3826833, 0.92387956, -4.150858e-7), (-0.359965, 0.9194063, 0.15848453), (-0.919406, 0.35996506, 0.15848601), (-0.9238795, 0.3826835, -3.5769122e-7), (-0.98078525, 0.19509032, -1.8234951e-7), (-0.9672932, 0.17936559, 0.17936495), (0.19508979, -0.98078537, -3.2808026e-7), (-0.19509006, -0.9807853, 0), (-0.1950903, -0.9807853, 0), (0.19509019, -0.9807853, 5.1655246e-13), (0.19509019, -0.9807853, 5.1655246e-13), (-0.1950903, -0.9807853, 0), (-0.19509004, -0.9807853, 0), (0.1950899, -0.9807853, 3.6469882e-7), (0.19508986, 0.98078537, 3.766963e-9), (-0.19509026, 0.9807853, 5.3880115e-7), (-0.19509025, 0.9807853, 1.7239877e-7), (0.19508983, 0.98078537, 3.9803385e-8), (0.19508983, 0.98078537, 3.9803385e-8), (-0.19509025, 0.9807853, 1.7239877e-7), (-0.19509025, 0.9807853, -2.1160895e-7), (0.19508992, 0.9807853, 1.99826e-9), (0.9807855, -0.19508953, -3.9818993e-8), (0.98078537, 0.1950897, -7.391706e-8), (0.9807855, 0.19508956, 3.9867434e-8), (0.9807854, -0.19508943, -2.5427308e-8), (0.9807854, -0.19508943, -2.5427308e-8), (0.9807855, 0.19508956, 3.9867434e-8), (0.9807855, 0.19508952, -3.2998326e-8), (0.9807855, -0.19508915, -7.691423e-8), (0.19509003, 0.9807853, -1.6131857e-7), (-0.19509046, 0.98078525, 3.5304975e-8), (-0.19509046, 0.98078525, 1.9933722e-8), (0.19508985, 0.98078537, 3.9867395e-8), (0.19508985, 0.98078537, 3.9867395e-8), (-0.19509046, 0.98078525, 1.9933722e-8), (-0.19509046, 0.98078525, -1.461085e-7), (0.19508997, 0.9807853, 2.2312026e-8), (-0.98078525, -0.19509059, -1.9450903e-7), (-0.98078525, 0.19509032, -1.8234951e-7), (-0.98078525, 0.19509038, -9.950848e-9), (-0.98078525, -0.1950904, -9.3905406e-8), (-0.98078525, -0.1950904, -9.3905406e-8), (-0.98078525, 0.19509038, -9.950848e-9), (-0.98078525, 0.1950904, 1.7239859e-7), (-0.98078525, -0.19509044, 1.7619305e-7), (-0.98078525, -0.1950902, -1.0431059e-8), (-0.98078525, 0.19509052, 0), (-0.98078525, 0.19509056, 1.9933715e-8), (-0.9807853, -0.19509037, 0), (-0.9807853, -0.19509037, 0), (-0.98078525, 0.19509056, 1.9933715e-8), (-0.98078525, 0.19509062, 1.9933708e-8), (-0.98078525, -0.19509025, 9.40561e-8), (0.19509023, -0.9807853, -1.7688842e-7), (-0.1950906, -0.98078525, 1.6404056e-7), (-0.19509067, -0.98078525, 8.8444494e-8), (0.19509026, -0.9807853, 5.4610663e-9), (0.19509026, -0.9807853, 5.4610663e-9), (-0.19509067, -0.98078525, 8.8444494e-8), (-0.19509056, -0.98078525, 7.118682e-8), (0.19509025, -0.9807853, 1.8234934e-7), (0.98078537, -0.19508983, 5.166821e-10), (0.9807855, 0.19508944, 1.7257609e-8), (0.9807855, 0.19508956, 1.9901655e-8), (0.9807855, -0.1950896, -8.5713836e-8), (0.9807855, -0.1950896, -8.5713836e-8), (0.9807855, 0.19508956, 1.9901655e-8), (0.9807855, 0.19508918, -1.4413872e-7), (0.9807855, -0.19508933, -9.062659e-8), (0.1793645, -0.17936425, 0.96729356), (0.17936447, 0.17936489, 0.96729344), (-0.17936449, 0.17936489, 0.9672934), (-0.17936458, -0.17936428, 0.96729356), (-0.9807855, -0.19508922, -7.2865824e-8), (-0.96729326, -0.17936492, 0.17936492), (-0.9672934, 0.17936532, 0.17936492), (-0.98078537, 0.19508962, -7.286577e-8), (0.19509044, 0.98078525, -2.6759446e-9), (0.17936574, 0.967293, -0.17936586), (-0.17936556, 0.9672931, -0.17936589), (-0.19508998, 0.9807853, -1.6509166e-7), (-0.19508995, -0.9807853, 2.077767e-7), (-0.17936493, -0.9672934, -0.1793646), (0.17936516, -0.96729344, -0.17936453), (0.19509003, -0.9807853, 0), (-0.17936483, -0.96729344, 0.17936397), (-0.19508983, -0.98078537, -3.2808035e-7), (0.19509006, -0.9807853, 0), (0.17936496, -0.96729356, 0.17936409), (0.9807853, -0.1950903, 8.254572e-8), (0.9672932, -0.17936528, -0.17936546), (0.9672931, 0.17936589, -0.17936568), (0.98078525, 0.19509062, 0), (-0.96729326, -0.17936492, -0.17936541), (-0.9807855, -0.1950895, 8.629063e-9), (-0.98078537, 0.19508976, -1.13784495e-7), (-0.96729314, 0.17936546, -0.1793656), (-0.9807854, -0.19508941, -9.663597e-8), (-0.9672934, -0.17936498, 0.17936477), (-0.9672934, 0.17936479, 0.17936459), (-0.9807855, 0.19508928, -1.6404044e-7), (0.1950903, 0.9807853, 5.2248544e-7), (0.17936559, 0.96729326, -0.17936435), (-0.17936534, 0.96729326, -0.17936486), (-0.19508985, 0.98078537, 0), (-0.19509023, -0.9807853, 1.7688828e-7), (-0.17936552, -0.96729326, -0.17936519), (0.17936565, -0.9672932, -0.17936514), (0.19509056, -0.98078525, -1.7257555e-8), (-0.17936544, -0.9672932, 0.17936534), (-0.19509022, -0.98078525, -1.8234941e-7), (0.1950906, -0.98078525, 7.5596255e-8), (0.17936559, -0.96729314, 0.17936525), (0.98078525, -0.19509044, 1.7645138e-7), (0.9672931, -0.1793656, -0.17936552), (0.967293, 0.17936558, -0.17936562), (0.9807853, 0.1950904, 1.8234942e-7), (-0.9672932, -0.1793654, -0.17936546), (-0.98078537, -0.19508982, 0), (-0.9807854, 0.19508943, -2.2545773e-8), (-0.96729326, 0.17936514, -0.1793654), (0.1793656, -0.17936505, -0.9672932), (-0.1793655, -0.17936501, -0.96729326), (-0.1793656, 0.17936572, -0.9672931), (0.17936563, 0.17936568, -0.9672931), (0.96729326, -0.17936538, 0.17936514), (0.98078525, -0.19509017, -9.154529e-9), (0.98078525, 0.19509052, -1.9933719e-8), (0.9672932, 0.1793658, 0.17936511), (-0.17936422, -0.17936482, 0.96729356), (0.17936437, -0.17936482, 0.96729356), (0.17936435, 0.17936441, 0.96729356), (-0.17936441, 0.17936458, 0.96729356), (-0.17936546, 0.96729344, 0.17936411), (0.17936559, 0.9672934, 0.17936431), (0.19509026, 0.9807853, -4.013179e-7), (-0.19508997, 0.9807853, -1.9901703e-8), (-0.17936562, 0.9672932, 0.17936514), (0.17936575, 0.9672932, 0.17936519), (0.19509044, 0.98078525, -1.6404074e-7), (-0.19508998, 0.9807853, -2.1558286e-8), (0.17936562, -0.17936534, -0.9672932), (-0.17936552, -0.1793653, -0.9672932), (-0.17936559, 0.17936541, -0.96729314), (0.17936547, 0.17936517, -0.9672932), (0.9672932, -0.17936578, 0.17936501), (0.98078525, -0.19509065, -1.9150433e-7), (0.98078525, 0.19509032, -1.7239866e-7), (0.9672932, 0.17936555, 0.17936496), (-0.17936447, -0.17936428, 0.96729356), (-0.3599628, -0.15848534, 0.91940695), (-0.3250552, -0.3250555, 0.8880755), (-0.15848498, -0.35996267, 0.9194071), (-0.17936483, -0.96729344, 0.17936397), (-0.15848528, -0.9194073, 0.35996205), (-0.32505584, -0.8880756, 0.32505465), (-0.3599635, -0.9194067, 0.15848497), (-0.96729326, -0.17936492, 0.17936492), (-0.9194065, -0.35996392, 0.15848579), (-0.88807464, -0.325057, 0.32505625), (-0.9194064, -0.15848611, 0.35996392), (0.17936496, -0.96729356, 0.17936409), (0.35996377, -0.9194066, 0.15848517), (0.32505572, -0.88807535, 0.32505512), (0.15848523, -0.9194072, 0.35996225), (0.17936446, -0.17936422, 0.96729356), (0.15848488, -0.35996258, 0.9194071), (0.32505503, -0.3250554, 0.8880756), (0.3599628, -0.15848531, 0.91940695), (0.96729326, -0.17936538, 0.17936514), (0.91940624, -0.15848629, 0.3599643), (0.8880743, -0.32505733, 0.32505673), (0.91940606, -0.35996482, 0.15848596), (-0.17936493, -0.9672934, -0.1793646), (-0.3599638, -0.9194066, -0.15848519), (-0.32505625, -0.8880749, -0.32505572), (-0.15848552, -0.9194068, -0.35996318), (-0.1793655, -0.17936501, -0.96729326), (-0.15848598, -0.35996416, -0.9194063), (-0.32505712, -0.32505637, -0.8880744), (-0.35996485, -0.15848583, -0.9194061), (-0.96729326, -0.17936492, -0.17936541), (-0.9194062, -0.15848617, -0.35996455), (-0.8880744, -0.3250571, -0.3250565), (-0.9194064, -0.359964, -0.15848589), (0.1793656, -0.17936505, -0.9672932), (0.35996506, -0.15848592, -0.919406), (0.3250573, -0.32505655, -0.8880743), (0.15848607, -0.35996422, -0.91940624), (0.17936516, -0.96729344, -0.17936453), (0.15848564, -0.9194068, -0.359963), (0.32505652, -0.8880751, -0.32505536), (0.35996416, -0.9194065, -0.15848504), (0.9672932, -0.17936528, -0.17936546), (0.9194061, -0.35996473, -0.15848584), (0.88807434, -0.3250567, -0.32505706), (0.919406, -0.15848598, -0.359965), (0.17936575, 0.9672932, 0.17936519), (0.15848625, 0.9194062, 0.35996446), (0.3250577, 0.8880741, 0.32505664), (0.35996535, 0.9194058, 0.15848601), (0.9672932, 0.1793658, 0.17936511), (0.9194059, 0.3599654, 0.15848596), (0.8880741, 0.32505763, 0.32505664), (0.91940624, 0.15848623, 0.35996437), (0.17936444, 0.17936489, 0.96729344), (0.35996285, 0.15848565, 0.9194069), (0.32505497, 0.32505655, 0.8880751), (0.15848488, 0.35996374, 0.91940665), (-0.17936437, 0.17936489, 0.96729344), (-0.15848483, 0.3599637, 0.91940665), (-0.3250549, 0.32505655, 0.88807523), (-0.35996273, 0.15848567, 0.91940695), (-0.9672934, 0.17936532, 0.17936492), (-0.9194064, 0.158486, 0.35996395), (-0.88807446, 0.3250572, 0.3250562), (-0.91940624, 0.35996446, 0.15848577), (-0.17936562, 0.9672932, 0.17936514), (-0.3599651, 0.919406, 0.1584859), (-0.32505763, 0.8880743, 0.32505643), (-0.15848622, 0.9194062, 0.3599644), (0.17936563, 0.17936568, -0.9672931), (0.15848617, 0.3599653, -0.9194058), (0.32505748, 0.32505748, -0.8880739), (0.35996518, 0.15848614, -0.9194059), (0.9672931, 0.17936589, -0.17936568), (0.9194058, 0.15848629, -0.35996526), (0.88807386, 0.32505777, -0.32505763), (0.9194057, 0.35996568, -0.15848619), (0.17936574, 0.967293, -0.17936586), (0.35996547, 0.91940576, -0.15848643), (0.3250577, 0.888074, -0.32505724), (0.15848625, 0.91940576, -0.35996535), (-0.17936556, 0.9672931, -0.17936589), (-0.15848619, 0.9194058, -0.35996535), (-0.32505757, 0.88807404, -0.32505727), (-0.35996506, 0.91940594, -0.15848638), (-0.96729314, 0.17936546, -0.1793656), (-0.919406, 0.3599649, -0.15848626), (-0.8880739, 0.32505795, -0.32505706), (-0.919406, 0.15848638, -0.35996488), (-0.1793656, 0.17936572, -0.9672931), (-0.35996515, 0.15848625, -0.9194058), (-0.32505754, 0.32505763, -0.88807374), (-0.15848622, 0.35996538, -0.9194058), (-0.17936422, -0.17936482, 0.96729356), (-0.35996237, -0.15848565, 0.919407), (-0.32505456, -0.32505634, 0.8880754), (-0.15848473, -0.35996363, 0.9194068), (-0.17936544, -0.9672932, 0.17936534), (-0.15848579, -0.91940606, 0.35996482), (-0.32505682, -0.8880742, 0.32505742), (-0.35996473, -0.919406, 0.15848632), (-0.9672934, -0.17936498, 0.17936477), (-0.9194065, -0.35996383, 0.15848589), (-0.88807446, -0.32505694, 0.3250565), (-0.9194065, -0.15848587, 0.35996374), (0.17936559, -0.96729314, 0.17936525), (0.35996503, -0.919406, 0.15848616), (0.32505682, -0.88807434, 0.32505712), (0.15848577, -0.9194062, 0.35996467), (0.17936437, -0.17936482, 0.96729356), (0.15848485, -0.35996363, 0.91940665), (0.32505482, -0.3250564, 0.8880753), (0.35996264, -0.15848568, 0.91940695), (0.9672932, -0.17936578, 0.17936501), (0.9194063, -0.15848604, 0.3599642), (0.8880742, -0.3250573, 0.325057), (0.9194058, -0.35996544, 0.15848613), (-0.17936552, -0.96729326, -0.17936519), (-0.3599649, -0.9194061, -0.15848568), (-0.32505712, -0.88807446, -0.3250566), (-0.15848595, -0.91940624, -0.35996428), (-0.17936552, -0.1793653, -0.9672932), (-0.15848607, -0.35996467, -0.9194062), (-0.32505727, -0.32505682, -0.8880742), (-0.3599649, -0.15848595, -0.919406), (-0.9672932, -0.1793654, -0.17936546), (-0.919406, -0.15848628, -0.35996485), (-0.888074, -0.32505754, -0.32505724), (-0.9194061, -0.35996476, -0.15848607), (0.17936562, -0.17936534, -0.9672932), (0.35996512, -0.15848601, -0.91940594), (0.3250573, -0.32505694, -0.8880741), (0.15848608, -0.35996473, -0.91940606), (0.17936565, -0.9672932, -0.17936514), (0.15848605, -0.9194062, -0.35996458), (0.32505727, -0.8880741, -0.32505706), (0.35996523, -0.919406, -0.15848564), (0.9672931, -0.1793656, -0.17936552), (0.9194059, -0.35996523, -0.15848592), (0.8880741, -0.32505718, -0.32505727), (0.91940594, -0.15848611, -0.3599651), (0.17936559, 0.9672934, 0.17936431), (0.1584861, 0.9194068, 0.3599628), (0.32505742, 0.888075, 0.32505473), (0.35996503, 0.9194062, 0.15848492), (0.9672932, 0.17936555, 0.17936496), (0.919406, 0.35996497, 0.158486), (0.8880743, 0.32505724, 0.32505673), (0.9194063, 0.15848604, 0.35996407), (0.17936435, 0.17936441, 0.96729356), (0.3599626, 0.15848501, 0.91940707), (0.32505488, 0.32505524, 0.8880757), (0.1584848, 0.3599628, 0.91940707), (-0.17936441, 0.17936458, 0.96729356), (-0.1584851, 0.35996315, 0.9194069), (-0.32505545, 0.3250559, 0.8880753), (-0.3599628, 0.15848534, 0.91940695), (-0.9672934, 0.17936479, 0.17936459), (-0.91940665, 0.15848586, 0.35996336), (-0.8880748, 0.3250569, 0.32505572), (-0.91940665, 0.3599635, 0.15848552), (-0.17936546, 0.96729344, 0.17936411), (-0.35996467, 0.91940635, 0.15848455), (-0.32505742, 0.8880753, 0.32505384), (-0.1584861, 0.91940695, 0.3599624), (0.17936547, 0.17936517, -0.9672932), (0.15848587, 0.35996434, -0.91940624), (0.32505688, 0.3250562, -0.8880746), (0.35996488, 0.15848553, -0.9194061), (0.967293, 0.17936558, -0.17936562), (0.91940594, 0.15848598, -0.35996518), (0.88807416, 0.32505712, -0.32505742), (0.91940594, 0.3599651, -0.1584861), (0.17936559, 0.96729326, -0.17936435), (0.35996512, 0.9194063, -0.15848409), (0.3250575, 0.888075, -0.32505465), (0.15848616, 0.91940665, -0.35996342), (-0.17936534, 0.96729326, -0.17936486), (-0.15848604, 0.9194065, -0.3599637), (-0.3250573, 0.8880748, -0.32505533), (-0.35996467, 0.91940635, -0.15848503), (-0.96729326, 0.17936514, -0.1793654), (-0.91940624, 0.35996428, -0.1584859), (-0.8880744, 0.32505736, -0.3250563), (-0.9194062, 0.1584861, -0.3599644), (-0.17936559, 0.17936541, -0.96729314), (-0.35996512, 0.15848596, -0.91940594), (-0.32505766, 0.32505706, -0.88807404), (-0.15848626, 0.3599648, -0.919406), (0.19509056, -0.98078525, -1.7257555e-8), (0.38268387, -0.9238794, -3.3851588e-8), (0.38268402, -0.92387927, -1.7349006e-7), (0.19509068, -0.98078525, -8.8444246e-8), (0.1950906, -0.98078525, 7.5596255e-8), (0.19509068, -0.98078525, -8.8444246e-8), (0.38268402, -0.92387927, -1.7349006e-7), (0.3826839, -0.9238794, 1.482876e-7), (0.98078525, -0.19509065, -1.9150433e-7), (0.92387927, -0.38268393, -3.7564925e-7), (0.92387944, -0.3826837, -1.7348985e-7), (0.98078525, -0.1950904, -8.8444345e-8), (0.98078525, -0.19509044, 1.7645138e-7), (0.98078525, -0.1950904, -8.8444345e-8), (0.92387944, -0.3826837, -1.7348985e-7), (0.9238794, -0.38268363, 3.4612182e-7), (-0.19508998, 0.9807853, -2.1558286e-8), (-0.19508983, 0.98078537, -3.9867363e-8), (-0.3826825, 0.9238799, -7.8202675e-8), (-0.38268277, 0.92387974, -4.228807e-8), (-0.98078537, 0.19508962, -7.286577e-8), (-0.92388004, 0.38268217, -1.4293141e-7), (-0.9238801, 0.3826821, -7.820291e-8), (-0.98078537, 0.19508962, -3.9867444e-8), (-0.98078537, 0.19508976, -1.13784495e-7), (-0.98078537, 0.19508962, -3.9867444e-8), (-0.9238801, 0.3826821, -7.820291e-8), (-0.92388, 0.38268235, -2.2319622e-7), (-0.19508998, 0.9807853, -1.6509166e-7), (-0.38268283, 0.92387974, -3.23839e-7), (-0.3826825, 0.9238799, -7.8202675e-8), (-0.19508983, 0.98078537, -3.9867363e-8), (-0.9807855, 0.19508928, -1.6404044e-7), (-0.92388034, 0.38268152, -3.217771e-7), (-0.92388016, 0.382682, -7.807733e-8), (-0.98078537, 0.19508956, -3.980344e-8), (-0.9807854, 0.19508943, -2.2545773e-8), (-0.98078537, 0.19508956, -3.980344e-8), (-0.92388016, 0.382682, -7.807733e-8), (-0.92388016, 0.3826819, -4.4225317e-8), (-0.19508985, 0.98078537, 0), (-0.38268253, 0.9238799, 0), (-0.3826826, 0.92387986, -3.903859e-8), (-0.19508989, 0.98078537, -1.9901691e-8), (-0.19508997, 0.9807853, -1.9901703e-8), (-0.19508989, 0.98078537, -1.9901691e-8), (-0.3826826, 0.92387986, -3.903859e-8), (-0.38268274, 0.9238798, -3.9038564e-8), (-0.9807855, -0.19508922, -7.2865824e-8), (-0.9807854, -0.19508937, -2.7672444e-14), (-0.9238803, -0.38268167, -1.2665663e-13), (-0.9238804, -0.38268137, -1.4293138e-7), (-0.19508983, -0.98078537, -3.2808035e-7), (-0.38268253, -0.9238799, -6.43553e-7), (-0.38268325, -0.9238796, -3.0781368e-7), (-0.19509022, -0.98078525, -1.5692173e-7), (-0.19508995, -0.9807853, 2.077767e-7), (-0.19509022, -0.98078525, -1.5692173e-7), (-0.38268325, -0.9238796, -3.0781368e-7), (-0.38268274, -0.9238798, 4.07569e-7), (-0.9807855, -0.1950895, 8.629063e-9), (-0.92388016, -0.38268188, 1.6926194e-8), (-0.9238803, -0.38268167, -1.2665663e-13), (-0.9807854, -0.19508937, -2.7672444e-14), (0.98078525, 0.19509062, 0), (0.9238793, 0.38268402, 0), (0.9238794, 0.38268387, -3.9101412e-8), (0.98078525, 0.19509056, -1.9933715e-8), (0.98078525, 0.19509052, -1.9933719e-8), (0.98078525, 0.19509056, -1.9933715e-8), (0.9238794, 0.38268387, -3.9101412e-8), (0.9238793, 0.38268378, -3.910139e-8), (0.19509044, 0.98078525, -1.6404074e-7), (0.38268363, 0.9238794, -3.2177755e-7), (0.38268366, 0.9238795, -3.9101852e-8), (0.19509044, 0.98078525, -1.993374e-8), (0.19509044, 0.98078525, -2.6759446e-9), (0.19509044, 0.98078525, -1.993374e-8), (0.38268366, 0.9238795, -3.9101852e-8), (0.3826837, 0.92387944, -5.249016e-9), (0.9807853, -0.1950903, 8.254572e-8), (0.9807853, -0.19509037, 0), (0.9238795, -0.3826835, 0), (0.92387956, -0.38268337, 1.6191929e-7), (0.19509003, -0.9807853, 0), (0.38268292, -0.9238798, 0), (0.3826833, -0.9238795, 0), (0.1950903, -0.9807853, 0), (0.19509006, -0.9807853, 0), (0.1950903, -0.9807853, 0), (0.3826833, -0.9238795, 0), (0.38268295, -0.9238798, 0), (0.98078525, -0.19509017, -9.154529e-9), (0.9238796, -0.38268316, -1.7957255e-8), (0.9238795, -0.3826835, 0), (0.9807853, -0.19509037, 0), (-0.9807854, -0.19508941, -9.663597e-8), (-0.98078537, -0.1950896, -9.663593e-8), (-0.92388004, -0.3826821, -1.8955829e-7), (-0.9238803, -0.3826817, -1.8955836e-7), (-0.19509022, -0.98078525, -1.8234941e-7), (-0.38268328, -0.92387956, -3.576912e-7), (-0.38268325, -0.9238796, -1.0712623e-8), (-0.19509025, -0.9807853, -5.4610108e-9), (-0.19509023, -0.9807853, 1.7688828e-7), (-0.19509025, -0.9807853, -5.4610108e-9), (-0.38268325, -0.9238796, -1.0712623e-8), (-0.38268325, -0.9238796, 3.4697896e-7), (-0.98078537, -0.19508982, 0), (-0.92388, -0.38268235, 0), (-0.92388004, -0.3826821, -1.8955829e-7), (-0.98078537, -0.1950896, -9.663593e-8), (0.9807853, 0.1950904, 1.8234942e-7), (0.92387944, 0.38268358, 3.576914e-7), (0.9238795, 0.38268355, 1.9519328e-8), (0.9807853, 0.19509038, 9.950848e-9), (0.98078525, 0.19509032, -1.7239866e-7), (0.9807853, 0.19509038, 9.950848e-9), (0.9238795, 0.38268355, 1.9519328e-8), (0.92387956, 0.38268346, -3.3817196e-7), (0.19509026, 0.9807853, -4.013179e-7), (0.3826833, 0.92387956, -7.8721325e-7), (0.38268334, 0.9238796, -3.3817253e-7), (0.19509026, 0.9807853, -1.7239915e-7), (0.1950903, 0.9807853, 5.2248544e-7), (0.19509026, 0.9807853, -1.7239915e-7), (0.38268334, 0.9238796, -3.3817253e-7), (0.3826833, 0.9238795, 0.0000010248921), (0.17936496, -0.96729356, 0.17936409), (0.15848523, -0.9194072, 0.35996225), (-0.15848528, -0.9194073, 0.35996205), (-0.17936483, -0.96729344, 0.17936397), (0.15848488, -0.35996258, 0.9194071), (0.17936446, -0.17936422, 0.96729356), (-0.17936447, -0.17936428, 0.96729356), (-0.15848498, -0.35996267, 0.9194071), (0.1793656, -0.17936505, -0.9672932), (0.15848607, -0.35996422, -0.91940624), (-0.15848598, -0.35996416, -0.9194063), (-0.1793655, -0.17936501, -0.96729326), (0.15848564, -0.9194068, -0.359963), (0.17936516, -0.96729344, -0.17936453), (-0.17936493, -0.9672934, -0.1793646), (-0.15848552, -0.9194068, -0.35996318), (0.9807853, -0.1950903, 8.254572e-8), (0.92387956, -0.38268337, 1.6191929e-7), (0.9194061, -0.35996473, -0.15848584), (0.9672932, -0.17936528, -0.17936546), (0.38268292, -0.9238798, 0), (0.19509003, -0.9807853, 0), (0.17936516, -0.96729344, -0.17936453), (0.35996416, -0.9194065, -0.15848504), (-0.9807855, -0.19508922, -7.2865824e-8), (-0.9238804, -0.38268137, -1.4293138e-7), (-0.9194065, -0.35996392, 0.15848579), (-0.96729326, -0.17936492, 0.17936492), (-0.38268253, -0.9238799, -6.43553e-7), (-0.19508983, -0.98078537, -3.2808035e-7), (-0.17936483, -0.96729344, 0.17936397), (-0.3599635, -0.9194067, 0.15848497), (0.17936444, 0.17936489, 0.96729344), (0.15848488, 0.35996374, 0.91940665), (-0.15848483, 0.3599637, 0.91940665), (-0.17936437, 0.17936489, 0.96729344), (0.15848625, 0.9194062, 0.35996446), (0.17936575, 0.9672932, 0.17936519), (-0.17936562, 0.9672932, 0.17936514), (-0.15848622, 0.9194062, 0.3599644), (0.17936574, 0.967293, -0.17936586), (0.15848625, 0.91940576, -0.35996535), (-0.15848619, 0.9194058, -0.35996535), (-0.17936556, 0.9672931, -0.17936589), (0.15848617, 0.3599653, -0.9194058), (0.17936563, 0.17936568, -0.9672931), (-0.1793656, 0.17936572, -0.9672931), (-0.15848622, 0.35996538, -0.9194058), (0.19509044, 0.98078525, -2.6759446e-9), (0.3826837, 0.92387944, -5.249016e-9), (0.35996547, 0.91940576, -0.15848643), (0.17936574, 0.967293, -0.17936586), (0.9238793, 0.38268402, 0), (0.98078525, 0.19509062, 0), (0.9672931, 0.17936589, -0.17936568), (0.9194057, 0.35996568, -0.15848619), (-0.19508998, 0.9807853, -2.1558286e-8), (-0.38268277, 0.92387974, -4.228807e-8), (-0.3599651, 0.919406, 0.1584859), (-0.17936562, 0.9672932, 0.17936514), (-0.92388004, 0.38268217, -1.4293141e-7), (-0.98078537, 0.19508962, -7.286577e-8), (-0.9672934, 0.17936532, 0.17936492), (-0.91940624, 0.35996446, 0.15848577), (0.9672932, -0.17936528, -0.17936546), (0.919406, -0.15848598, -0.359965), (0.9194058, 0.15848629, -0.35996526), (0.9672931, 0.17936589, -0.17936568), (0.35996506, -0.15848592, -0.919406), (0.1793656, -0.17936505, -0.9672932), (0.17936563, 0.17936568, -0.9672931), (0.35996518, 0.15848614, -0.9194059), (0.9672932, 0.1793658, 0.17936511), (0.91940624, 0.15848623, 0.35996437), (0.91940624, -0.15848629, 0.3599643), (0.96729326, -0.17936538, 0.17936514), (0.35996285, 0.15848565, 0.9194069), (0.17936444, 0.17936489, 0.96729344), (0.17936446, -0.17936422, 0.96729356), (0.3599628, -0.15848531, 0.91940695), (-0.17936437, 0.17936489, 0.96729344), (-0.35996273, 0.15848567, 0.91940695), (-0.3599628, -0.15848534, 0.91940695), (-0.17936447, -0.17936428, 0.96729356), (-0.9194064, 0.158486, 0.35996395), (-0.9672934, 0.17936532, 0.17936492), (-0.96729326, -0.17936492, 0.17936492), (-0.9194064, -0.15848611, 0.35996392), (-0.96729314, 0.17936546, -0.1793656), (-0.919406, 0.15848638, -0.35996488), (-0.9194062, -0.15848617, -0.35996455), (-0.96729326, -0.17936492, -0.17936541), (-0.35996515, 0.15848625, -0.9194058), (-0.1793656, 0.17936572, -0.9672931), (-0.1793655, -0.17936501, -0.96729326), (-0.35996485, -0.15848583, -0.9194061), (0.17936559, -0.96729314, 0.17936525), (0.15848577, -0.9194062, 0.35996467), (-0.15848579, -0.91940606, 0.35996482), (-0.17936544, -0.9672932, 0.17936534), (0.15848485, -0.35996363, 0.91940665), (0.17936437, -0.17936482, 0.96729356), (-0.17936422, -0.17936482, 0.96729356), (-0.15848473, -0.35996363, 0.9194068), (0.17936562, -0.17936534, -0.9672932), (0.15848608, -0.35996473, -0.91940606), (-0.15848607, -0.35996467, -0.9194062), (-0.17936552, -0.1793653, -0.9672932), (0.15848605, -0.9194062, -0.35996458), (0.17936565, -0.9672932, -0.17936514), (-0.17936552, -0.96729326, -0.17936519), (-0.15848595, -0.91940624, -0.35996428), (0.98078525, -0.19509044, 1.7645138e-7), (0.9238794, -0.38268363, 3.4612182e-7), (0.9194059, -0.35996523, -0.15848592), (0.9672931, -0.1793656, -0.17936552), (0.38268387, -0.9238794, -3.3851588e-8), (0.19509056, -0.98078525, -1.7257555e-8), (0.17936565, -0.9672932, -0.17936514), (0.35996523, -0.919406, -0.15848564), (-0.9807854, -0.19508941, -9.663597e-8), (-0.9238803, -0.3826817, -1.8955836e-7), (-0.9194065, -0.35996383, 0.15848589), (-0.9672934, -0.17936498, 0.17936477), (-0.38268328, -0.92387956, -3.576912e-7), (-0.19509022, -0.98078525, -1.8234941e-7), (-0.17936544, -0.9672932, 0.17936534), (-0.35996473, -0.919406, 0.15848632), (0.17936435, 0.17936441, 0.96729356), (0.1584848, 0.3599628, 0.91940707), (-0.1584851, 0.35996315, 0.9194069), (-0.17936441, 0.17936458, 0.96729356), (0.1584861, 0.9194068, 0.3599628), (0.17936559, 0.9672934, 0.17936431), (-0.17936546, 0.96729344, 0.17936411), (-0.1584861, 0.91940695, 0.3599624), (0.17936559, 0.96729326, -0.17936435), (0.15848616, 0.91940665, -0.35996342), (-0.15848604, 0.9194065, -0.3599637), (-0.17936534, 0.96729326, -0.17936486), (0.15848587, 0.35996434, -0.91940624), (0.17936547, 0.17936517, -0.9672932), (-0.17936559, 0.17936541, -0.96729314), (-0.15848626, 0.3599648, -0.919406), (0.1950903, 0.9807853, 5.2248544e-7), (0.3826833, 0.9238795, 0.0000010248921), (0.35996512, 0.9194063, -0.15848409), (0.17936559, 0.96729326, -0.17936435), (0.92387944, 0.38268358, 3.576914e-7), (0.9807853, 0.1950904, 1.8234942e-7), (0.967293, 0.17936558, -0.17936562), (0.91940594, 0.3599651, -0.1584861), (-0.19508997, 0.9807853, -1.9901703e-8), (-0.38268274, 0.9238798, -3.9038564e-8), (-0.35996467, 0.91940635, 0.15848455), (-0.17936546, 0.96729344, 0.17936411), (-0.92388034, 0.38268152, -3.217771e-7), (-0.9807855, 0.19508928, -1.6404044e-7), (-0.9672934, 0.17936479, 0.17936459), (-0.91940665, 0.3599635, 0.15848552), (0.9672931, -0.1793656, -0.17936552), (0.91940594, -0.15848611, -0.3599651), (0.91940594, 0.15848598, -0.35996518), (0.967293, 0.17936558, -0.17936562), (0.35996512, -0.15848601, -0.91940594), (0.17936562, -0.17936534, -0.9672932), (0.17936547, 0.17936517, -0.9672932), (0.35996488, 0.15848553, -0.9194061), (0.9672932, 0.17936555, 0.17936496), (0.9194063, 0.15848604, 0.35996407), (0.9194063, -0.15848604, 0.3599642), (0.9672932, -0.17936578, 0.17936501), (0.3599626, 0.15848501, 0.91940707), (0.17936435, 0.17936441, 0.96729356), (0.17936437, -0.17936482, 0.96729356), (0.35996264, -0.15848568, 0.91940695), (-0.17936441, 0.17936458, 0.96729356), (-0.3599628, 0.15848534, 0.91940695), (-0.35996237, -0.15848565, 0.919407), (-0.17936422, -0.17936482, 0.96729356), (-0.91940665, 0.15848586, 0.35996336), (-0.9672934, 0.17936479, 0.17936459), (-0.9672934, -0.17936498, 0.17936477), (-0.9194065, -0.15848587, 0.35996374), (-0.96729326, 0.17936514, -0.1793654), (-0.9194062, 0.1584861, -0.3599644), (-0.919406, -0.15848628, -0.35996485), (-0.9672932, -0.1793654, -0.17936546), (-0.35996512, 0.15848596, -0.91940594), (-0.17936559, 0.17936541, -0.96729314), (-0.17936552, -0.1793653, -0.9672932), (-0.3599649, -0.15848595, -0.919406), (0.9672932, -0.17936578, 0.17936501), (0.9194058, -0.35996544, 0.15848613), (0.92387927, -0.38268393, -3.7564925e-7), (0.98078525, -0.19509065, -1.9150433e-7), (0.35996503, -0.919406, 0.15848616), (0.17936559, -0.96729314, 0.17936525), (0.1950906, -0.98078525, 7.5596255e-8), (0.3826839, -0.9238794, 1.482876e-7), (-0.17936556, 0.9672931, -0.17936589), (-0.35996506, 0.91940594, -0.15848638), (-0.38268283, 0.92387974, -3.23839e-7), (-0.19508998, 0.9807853, -1.6509166e-7), (-0.919406, 0.3599649, -0.15848626), (-0.96729314, 0.17936546, -0.1793656), (-0.98078537, 0.19508976, -1.13784495e-7), (-0.92388, 0.38268235, -2.2319622e-7), (-0.17936534, 0.96729326, -0.17936486), (-0.35996467, 0.91940635, -0.15848503), (-0.38268253, 0.9238799, 0), (-0.19508985, 0.98078537, 0), (-0.91940624, 0.35996428, -0.1584859), (-0.96729326, 0.17936514, -0.1793654), (-0.9807854, 0.19508943, -2.2545773e-8), (-0.92388016, 0.3826819, -4.4225317e-8), (-0.96729326, -0.17936492, -0.17936541), (-0.9194064, -0.359964, -0.15848589), (-0.92388016, -0.38268188, 1.6926194e-8), (-0.9807855, -0.1950895, 8.629063e-9), (-0.3599638, -0.9194066, -0.15848519), (-0.17936493, -0.9672934, -0.1793646), (-0.19508995, -0.9807853, 2.077767e-7), (-0.38268274, -0.9238798, 4.07569e-7), (0.17936575, 0.9672932, 0.17936519), (0.35996535, 0.9194058, 0.15848601), (0.38268363, 0.9238794, -3.2177755e-7), (0.19509044, 0.98078525, -1.6404074e-7), (0.9194059, 0.3599654, 0.15848596), (0.9672932, 0.1793658, 0.17936511), (0.98078525, 0.19509052, -1.9933719e-8), (0.9238793, 0.38268378, -3.910139e-8), (0.96729326, -0.17936538, 0.17936514), (0.91940606, -0.35996482, 0.15848596), (0.9238796, -0.38268316, -1.7957255e-8), (0.98078525, -0.19509017, -9.154529e-9), (0.35996377, -0.9194066, 0.15848517), (0.17936496, -0.96729356, 0.17936409), (0.19509006, -0.9807853, 0), (0.38268295, -0.9238798, 0), (-0.9672932, -0.1793654, -0.17936546), (-0.9194061, -0.35996476, -0.15848607), (-0.92388, -0.38268235, 0), (-0.98078537, -0.19508982, 0), (-0.3599649, -0.9194061, -0.15848568), (-0.17936552, -0.96729326, -0.17936519), (-0.19509023, -0.9807853, 1.7688828e-7), (-0.38268325, -0.9238796, 3.4697896e-7), (0.17936559, 0.9672934, 0.17936431), (0.35996503, 0.9194062, 0.15848492), (0.3826833, 0.92387956, -7.8721325e-7), (0.19509026, 0.9807853, -4.013179e-7), (0.919406, 0.35996497, 0.158486), (0.9672932, 0.17936555, 0.17936496), (0.98078525, 0.19509032, -1.7239866e-7), (0.92387956, 0.38268346, -3.3817196e-7), (-0.19508983, -0.98078537, -3.2808035e-7), (-0.19509022, -0.98078525, -1.5692173e-7), (0.1950903, -0.9807853, 0), (0.19509006, -0.9807853, 0), (-0.19509022, -0.98078525, -1.5692173e-7), (-0.19508995, -0.9807853, 2.077767e-7), (0.19509003, -0.9807853, 0), (0.1950903, -0.9807853, 0), (-0.19508985, 0.98078537, 0), (-0.19508989, 0.98078537, -1.9901691e-8), (0.19509026, 0.9807853, -1.7239915e-7), (0.1950903, 0.9807853, 5.2248544e-7), (-0.19508989, 0.98078537, -1.9901691e-8), (-0.19508997, 0.9807853, -1.9901703e-8), (0.19509026, 0.9807853, -4.013179e-7), (0.19509026, 0.9807853, -1.7239915e-7), (-0.9807855, -0.1950895, 8.629063e-9), (-0.9807854, -0.19508937, -2.7672444e-14), (-0.98078537, 0.19508962, -3.9867444e-8), (-0.98078537, 0.19508976, -1.13784495e-7), (-0.9807854, -0.19508937, -2.7672444e-14), (-0.9807855, -0.19508922, -7.2865824e-8), (-0.98078537, 0.19508962, -7.286577e-8), (-0.98078537, 0.19508962, -3.9867444e-8), (-0.19508998, 0.9807853, -1.6509166e-7), (-0.19508983, 0.98078537, -3.9867363e-8), (0.19509044, 0.98078525, -1.993374e-8), (0.19509044, 0.98078525, -2.6759446e-9), (-0.19508983, 0.98078537, -3.9867363e-8), (-0.19508998, 0.9807853, -2.1558286e-8), (0.19509044, 0.98078525, -1.6404074e-7), (0.19509044, 0.98078525, -1.993374e-8), (0.98078525, -0.19509065, -1.9150433e-7), (0.98078525, -0.1950904, -8.8444345e-8), (0.9807853, 0.19509038, 9.950848e-9), (0.98078525, 0.19509032, -1.7239866e-7), (0.98078525, -0.1950904, -8.8444345e-8), (0.98078525, -0.19509044, 1.7645138e-7), (0.9807853, 0.1950904, 1.8234942e-7), (0.9807853, 0.19509038, 9.950848e-9), (0.98078525, -0.19509017, -9.154529e-9), (0.9807853, -0.19509037, 0), (0.98078525, 0.19509056, -1.9933715e-8), (0.98078525, 0.19509052, -1.9933719e-8), (0.9807853, -0.19509037, 0), (0.9807853, -0.1950903, 8.254572e-8), (0.98078525, 0.19509062, 0), (0.98078525, 0.19509056, -1.9933715e-8), (-0.19509022, -0.98078525, -1.8234941e-7), (-0.19509025, -0.9807853, -5.4610108e-9), (0.19509068, -0.98078525, -8.8444246e-8), (0.1950906, -0.98078525, 7.5596255e-8), (-0.19509025, -0.9807853, -5.4610108e-9), (-0.19509023, -0.9807853, 1.7688828e-7), (0.19509056, -0.98078525, -1.7257555e-8), (0.19509068, -0.98078525, -8.8444246e-8), (-0.98078537, -0.19508982, 0), (-0.98078537, -0.1950896, -9.663593e-8), (-0.98078537, 0.19508956, -3.980344e-8), (-0.9807854, 0.19508943, -2.2545773e-8), (-0.98078537, -0.1950896, -9.663593e-8), (-0.9807854, -0.19508941, -9.663597e-8), (-0.9807855, 0.19508928, -1.6404044e-7), (-0.98078537, 0.19508956, -3.980344e-8), (-0.17936447, -0.17936428, 0.96729356), (0.17936446, -0.17936422, 0.96729356), (0.17936444, 0.17936489, 0.96729344), (-0.17936437, 0.17936489, 0.96729344), (-0.12959337, 0.9830622, 0.12959252), (0.12959336, 0.9830623, 0.12959245), (0.12959334, 0.98306215, -0.12959298), (-0.12959336, 0.9830622, -0.12959296), (-0.9830621, -0.12959343, 0.12959306), (-0.9830622, 0.12959307, 0.12959279), (-0.98306215, 0.12959313, -0.12959342), (-0.9830621, -0.12959352, -0.12959355), (0.12959352, 0.12959403, 0.98306197), (-0.12959301, 0.12959401, 0.9830621), (-0.1295936, -0.12959416, 0.98306197), (0.12959404, -0.12959413, 0.9830619), (0.12959337, -0.98306215, 0.12959279), (-0.12959336, -0.9830622, 0.12959267), (-0.12959336, -0.98306215, -0.12959325), (0.12959336, -0.98306215, -0.12959315), (0.12959342, 0.12959403, -0.9830621), (0.12959373, -0.12959419, -0.98306197), (-0.1295935, -0.12959418, -0.98306197), (-0.12959367, 0.12959406, -0.98306197), (0.9830622, 0.12959309, 0.12959285), (0.8623233, 0.491547, 0.12157338), (0.7744401, 0.44734877, 0.44734943), (0.8623227, 0.12157339, 0.49154806), (0.8623233, 0.491547, 0.12157338), (0.49154723, 0.8623232, 0.121573314), (0.44734934, 0.7744402, 0.44734877), (0.7744401, 0.44734877, 0.44734943), (0.12959336, 0.9830623, 0.12959245), (0.12157436, 0.86232275, 0.4915476), (0.44734934, 0.7744402, 0.44734877), (0.49154723, 0.8623232, 0.121573314), (0.12157436, 0.86232275, 0.4915476), (0.121574506, 0.49154663, 0.86232334), (0.44734865, 0.4473482, 0.774441), (0.44734934, 0.7744402, 0.44734877), (0.12959352, 0.12959403, 0.98306197), (0.4915462, 0.12157391, 0.86232364), (0.44734865, 0.4473482, 0.774441), (0.121574506, 0.49154663, 0.86232334), (0.4915462, 0.12157391, 0.86232364), (0.8623227, 0.12157339, 0.49154806), (0.7744401, 0.44734877, 0.44734943), (0.44734865, 0.4473482, 0.774441), (0.7744401, 0.44734877, 0.44734943), (0.44734934, 0.7744402, 0.44734877), (0.44734865, 0.4473482, 0.774441), (0.98306215, -0.12959343, 0.12959303), (0.86232287, -0.12157375, 0.49154773), (0.7744404, -0.44734916, 0.44734874), (0.8623231, -0.49154738, 0.12157333), (0.86232287, -0.12157375, 0.49154773), (0.49154714, -0.12157407, 0.86232316), (0.44735026, -0.44734824, 0.77443993), (0.7744404, -0.44734916, 0.44734874), (0.12959404, -0.12959413, 0.9830619), (0.12157557, -0.49154675, 0.8623231), (0.44735026, -0.44734824, 0.77443993), (0.49154714, -0.12157407, 0.86232316), (0.12157557, -0.49154675, 0.8623231), (0.1215749, -0.8623226, 0.4915479), (0.44734997, -0.7744401, 0.44734824), (0.44735026, -0.44734824, 0.77443993), (0.12959337, -0.98306215, 0.12959279), (0.49154723, -0.86232316, 0.1215731), (0.44734997, -0.7744401, 0.44734824), (0.1215749, -0.8623226, 0.4915479), (0.49154723, -0.86232316, 0.1215731), (0.8623231, -0.49154738, 0.12157333), (0.7744404, -0.44734916, 0.44734874), (0.44734997, -0.7744401, 0.44734824), (0.7744404, -0.44734916, 0.44734874), (0.44735026, -0.44734824, 0.77443993), (0.44734997, -0.7744401, 0.44734824), (-0.9830622, 0.12959307, 0.12959279), (-0.86232287, 0.12157343, 0.4915479), (-0.7744402, 0.4473488, 0.4473492), (-0.86232334, 0.491547, 0.12157333), (-0.86232287, 0.12157343, 0.4915479), (-0.4915459, 0.12157395, 0.8623238), (-0.4473489, 0.44734824, 0.7744408), (-0.7744402, 0.4473488, 0.4473492), (-0.12959301, 0.12959401, 0.9830621), (-0.121574454, 0.49154663, 0.8623234), (-0.4473489, 0.44734824, 0.7744408), (-0.4915459, 0.12157395, 0.8623238), (-0.121574454, 0.49154663, 0.8623234), (-0.1215749, 0.8623228, 0.4915476), (-0.4473499, 0.77444005, 0.44734854), (-0.4473489, 0.44734824, 0.7744408), (-0.12959337, 0.9830622, 0.12959252), (-0.49154723, 0.86232316, 0.12157337), (-0.4473499, 0.77444005, 0.44734854), (-0.1215749, 0.8623228, 0.4915476), (-0.49154723, 0.86232316, 0.12157337), (-0.86232334, 0.491547, 0.12157333), (-0.7744402, 0.4473488, 0.4473492), (-0.4473499, 0.77444005, 0.44734854), (-0.7744402, 0.4473488, 0.4473492), (-0.4473489, 0.44734824, 0.7744408), (-0.4473499, 0.77444005, 0.44734854), (-0.9830621, -0.12959343, 0.12959306), (-0.8623231, -0.49154738, 0.121573396), (-0.7744404, -0.44734907, 0.44734874), (-0.8623228, -0.121573746, 0.4915478), (-0.8623231, -0.49154738, 0.121573396), (-0.49154723, -0.8623232, 0.12157297), (-0.44734943, -0.7744404, 0.44734842), (-0.7744404, -0.44734907, 0.44734874), (-0.12959336, -0.9830622, 0.12959267), (-0.12157436, -0.8623226, 0.49154782), (-0.44734943, -0.7744404, 0.44734842), (-0.49154723, -0.8623232, 0.12157297), (-0.12157436, -0.8623226, 0.49154782), (-0.121574566, -0.49154672, 0.8623233), (-0.44734928, -0.44734842, 0.7744404), (-0.44734943, -0.7744404, 0.44734842), (-0.1295936, -0.12959416, 0.98306197), (-0.4915467, -0.12157411, 0.8623233), (-0.44734928, -0.44734842, 0.7744404), (-0.121574566, -0.49154672, 0.8623233), (-0.4915467, -0.12157411, 0.8623233), (-0.8623228, -0.121573746, 0.4915478), (-0.7744404, -0.44734907, 0.44734874), (-0.44734928, -0.44734842, 0.7744404), (-0.7744404, -0.44734907, 0.44734874), (-0.44734943, -0.7744404, 0.44734842), (-0.44734928, -0.44734842, 0.7744404), (0.98306215, 0.12959327, -0.12959343), (0.86232334, 0.121573605, -0.4915469), (0.774441, 0.44734854, -0.44734812), (0.8623233, 0.49154696, -0.12157386), (0.86232334, 0.121573605, -0.4915469), (0.49154767, 0.121573985, -0.8623228), (0.44734898, 0.44734946, -0.77444), (0.774441, 0.44734854, -0.44734812), (0.12959342, 0.12959403, -0.9830621), (0.121573016, 0.49154782, -0.86232287), (0.44734898, 0.44734946, -0.77444), (0.49154767, 0.121573985, -0.8623228), (0.121573016, 0.49154782, -0.86232287), (0.12157338, 0.8623232, -0.491547), (0.44734883, 0.7744407, -0.44734848), (0.44734898, 0.44734946, -0.77444), (0.12959334, 0.98306215, -0.12959298), (0.49154735, 0.8623231, -0.121573664), (0.44734883, 0.7744407, -0.44734848), (0.12157338, 0.8623232, -0.491547), (0.49154735, 0.8623231, -0.121573664), (0.8623233, 0.49154696, -0.12157386), (0.774441, 0.44734854, -0.44734812), (0.44734883, 0.7744407, -0.44734848), (0.774441, 0.44734854, -0.44734812), (0.44734898, 0.44734946, -0.77444), (0.44734883, 0.7744407, -0.44734848), (0.9830621, -0.12959337, -0.12959352), (0.8623231, -0.4915471, -0.121573694), (0.77444106, -0.44734865, -0.4473479), (0.8623233, -0.12157363, -0.49154696), (0.8623231, -0.4915471, -0.121573694), (0.49154744, -0.8623231, -0.1215733), (0.44734922, -0.7744407, -0.44734797), (0.77444106, -0.44734865, -0.4473479), (0.12959336, -0.98306215, -0.12959315), (0.121573664, -0.8623232, -0.49154708), (0.44734922, -0.7744407, -0.44734797), (0.49154744, -0.8623231, -0.1215733), (0.121573664, -0.8623232, -0.49154708), (0.12157364, -0.49154794, -0.86232275), (0.44734958, -0.44734943, -0.7744397), (0.44734922, -0.7744407, -0.44734797), (0.12959373, -0.12959419, -0.98306197), (0.49154794, -0.121574126, -0.86232257), (0.44734958, -0.44734943, -0.7744397), (0.12157364, -0.49154794, -0.86232275), (0.49154794, -0.121574126, -0.86232257), (0.8623233, -0.12157363, -0.49154696), (0.77444106, -0.44734865, -0.4473479), (0.44734958, -0.44734943, -0.7744397), (0.77444106, -0.44734865, -0.4473479), (0.44734922, -0.7744407, -0.44734797), (0.44734958, -0.44734943, -0.7744397), (-0.98306215, 0.12959313, -0.12959342), (-0.8623233, 0.49154687, -0.12157384), (-0.774441, 0.44734827, -0.44734836), (-0.8623233, 0.1215733, -0.49154702), (-0.8623233, 0.49154687, -0.12157384), (-0.49154738, 0.862323, -0.12157363), (-0.4473491, 0.7744405, -0.44734833), (-0.774441, 0.44734827, -0.44734836), (-0.12959336, 0.9830622, -0.12959296), (-0.12157367, 0.8623233, -0.4915469), (-0.4473491, 0.7744405, -0.44734833), (-0.49154738, 0.862323, -0.12157363), (-0.12157367, 0.8623233, -0.4915469), (-0.12157357, 0.49154782, -0.8623228), (-0.44734937, 0.44734913, -0.77444), (-0.4473491, 0.7744405, -0.44734833), (-0.12959367, 0.12959406, -0.98306197), (-0.49154776, 0.12157384, -0.86232275), (-0.44734937, 0.44734913, -0.77444), (-0.12157357, 0.49154782, -0.8623228), (-0.49154776, 0.12157384, -0.86232275), (-0.8623233, 0.1215733, -0.49154702), (-0.774441, 0.44734827, -0.44734836), (-0.44734937, 0.44734913, -0.77444), (-0.774441, 0.44734827, -0.44734836), (-0.4473491, 0.7744405, -0.44734833), (-0.44734937, 0.44734913, -0.77444), (-0.9830621, -0.12959352, -0.12959355), (-0.8623233, -0.12157391, -0.491547), (-0.77444094, -0.44734895, -0.4473479), (-0.8623231, -0.49154726, -0.12157371), (-0.8623233, -0.12157391, -0.491547), (-0.49154776, -0.12157428, -0.86232275), (-0.447349, -0.4473497, -0.7744398), (-0.77444094, -0.44734895, -0.4473479), (-0.1295935, -0.12959418, -0.98306197), (-0.12157314, -0.49154803, -0.8623228), (-0.447349, -0.4473497, -0.7744398), (-0.49154776, -0.12157428, -0.86232275), (-0.12157314, -0.49154803, -0.8623228), (-0.12157338, -0.86232316, -0.49154723), (-0.44734892, -0.7744408, -0.44734818), (-0.447349, -0.4473497, -0.7744398), (-0.12959336, -0.98306215, -0.12959325), (-0.49154735, -0.8623231, -0.12157339), (-0.44734892, -0.7744408, -0.44734818), (-0.12157338, -0.86232316, -0.49154723), (-0.49154735, -0.8623231, -0.12157339), (-0.8623231, -0.49154726, -0.12157371), (-0.77444094, -0.44734895, -0.4473479), (-0.44734892, -0.7744408, -0.44734818), (-0.77444094, -0.44734895, -0.4473479), (-0.447349, -0.4473497, -0.7744398), (-0.44734892, -0.7744408, -0.44734818), (0.12959352, 0.12959403, 0.98306197), (0.12959404, -0.12959413, 0.9830619), (0.49154714, -0.12157407, 0.86232316), (0.4915462, 0.12157391, 0.86232364), (0.4915462, 0.12157391, 0.86232364), (0.49154714, -0.12157407, 0.86232316), (0.86232287, -0.12157375, 0.49154773), (0.8623227, 0.12157339, 0.49154806), (0.8623227, 0.12157339, 0.49154806), (0.86232287, -0.12157375, 0.49154773), (0.98306215, -0.12959343, 0.12959303), (0.9830622, 0.12959309, 0.12959285), (-0.9830622, 0.12959307, 0.12959279), (-0.9830621, -0.12959343, 0.12959306), (-0.8623228, -0.121573746, 0.4915478), (-0.86232287, 0.12157343, 0.4915479), (-0.86232287, 0.12157343, 0.4915479), (-0.8623228, -0.121573746, 0.4915478), (-0.4915467, -0.12157411, 0.8623233), (-0.4915459, 0.12157395, 0.8623238), (-0.4915459, 0.12157395, 0.8623238), (-0.4915467, -0.12157411, 0.8623233), (-0.1295936, -0.12959416, 0.98306197), (-0.12959301, 0.12959401, 0.9830621), (-0.12959336, -0.9830622, 0.12959267), (0.12959337, -0.98306215, 0.12959279), (0.1215749, -0.8623226, 0.4915479), (-0.12157436, -0.8623226, 0.49154782), (-0.12157436, -0.8623226, 0.49154782), (0.1215749, -0.8623226, 0.4915479), (0.12157557, -0.49154675, 0.8623231), (-0.121574566, -0.49154672, 0.8623233), (-0.121574566, -0.49154672, 0.8623233), (0.12157557, -0.49154675, 0.8623231), (0.12959404, -0.12959413, 0.9830619), (-0.1295936, -0.12959416, 0.98306197), (0.12959336, 0.9830623, 0.12959245), (-0.12959337, 0.9830622, 0.12959252), (-0.1215749, 0.8623228, 0.4915476), (0.12157436, 0.86232275, 0.4915476), (0.12157436, 0.86232275, 0.4915476), (-0.1215749, 0.8623228, 0.4915476), (-0.121574454, 0.49154663, 0.8623234), (0.121574506, 0.49154663, 0.86232334), (0.121574506, 0.49154663, 0.86232334), (-0.121574454, 0.49154663, 0.8623234), (-0.12959301, 0.12959401, 0.9830621), (0.12959352, 0.12959403, 0.98306197), (0.98306215, 0.12959327, -0.12959343), (0.9830621, -0.12959337, -0.12959352), (0.8623233, -0.12157363, -0.49154696), (0.86232334, 0.121573605, -0.4915469), (0.86232334, 0.121573605, -0.4915469), (0.8623233, -0.12157363, -0.49154696), (0.49154794, -0.121574126, -0.86232257), (0.49154767, 0.121573985, -0.8623228), (0.49154767, 0.121573985, -0.8623228), (0.49154794, -0.121574126, -0.86232257), (0.12959373, -0.12959419, -0.98306197), (0.12959342, 0.12959403, -0.9830621), (-0.12959367, 0.12959406, -0.98306197), (-0.1295935, -0.12959418, -0.98306197), (-0.49154776, -0.12157428, -0.86232275), (-0.49154776, 0.12157384, -0.86232275), (-0.49154776, 0.12157384, -0.86232275), (-0.49154776, -0.12157428, -0.86232275), (-0.8623233, -0.12157391, -0.491547), (-0.8623233, 0.1215733, -0.49154702), (-0.8623233, 0.1215733, -0.49154702), (-0.8623233, -0.12157391, -0.491547), (-0.9830621, -0.12959352, -0.12959355), (-0.98306215, 0.12959313, -0.12959342), (-0.1295935, -0.12959418, -0.98306197), (0.12959373, -0.12959419, -0.98306197), (0.12157364, -0.49154794, -0.86232275), (-0.12157314, -0.49154803, -0.8623228), (-0.12157314, -0.49154803, -0.8623228), (0.12157364, -0.49154794, -0.86232275), (0.121573664, -0.8623232, -0.49154708), (-0.12157338, -0.86232316, -0.49154723), (-0.12157338, -0.86232316, -0.49154723), (0.121573664, -0.8623232, -0.49154708), (0.12959336, -0.98306215, -0.12959315), (-0.12959336, -0.98306215, -0.12959325), (0.12959342, 0.12959403, -0.9830621), (-0.12959367, 0.12959406, -0.98306197), (-0.12157357, 0.49154782, -0.8623228), (0.121573016, 0.49154782, -0.86232287), (0.121573016, 0.49154782, -0.86232287), (-0.12157357, 0.49154782, -0.8623228), (-0.12157367, 0.8623233, -0.4915469), (0.12157338, 0.8623232, -0.491547), (0.12157338, 0.8623232, -0.491547), (-0.12157367, 0.8623233, -0.4915469), (-0.12959336, 0.9830622, -0.12959296), (0.12959334, 0.98306215, -0.12959298), (-0.9830621, -0.12959343, 0.12959306), (-0.9830621, -0.12959352, -0.12959355), (-0.8623231, -0.49154726, -0.12157371), (-0.8623231, -0.49154738, 0.121573396), (-0.8623231, -0.49154738, 0.121573396), (-0.8623231, -0.49154726, -0.12157371), (-0.49154735, -0.8623231, -0.12157339), (-0.49154723, -0.8623232, 0.12157297), (-0.49154723, -0.8623232, 0.12157297), (-0.49154735, -0.8623231, -0.12157339), (-0.12959336, -0.98306215, -0.12959325), (-0.12959336, -0.9830622, 0.12959267), (0.9830621, -0.12959337, -0.12959352), (0.98306215, -0.12959343, 0.12959303), (0.8623231, -0.49154738, 0.12157333), (0.8623231, -0.4915471, -0.121573694), (0.8623231, -0.4915471, -0.121573694), (0.8623231, -0.49154738, 0.12157333), (0.49154723, -0.86232316, 0.1215731), (0.49154744, -0.8623231, -0.1215733), (0.49154744, -0.8623231, -0.1215733), (0.49154723, -0.86232316, 0.1215731), (0.12959337, -0.98306215, 0.12959279), (0.12959336, -0.98306215, -0.12959315), (0.12959334, 0.98306215, -0.12959298), (0.12959336, 0.9830623, 0.12959245), (0.49154723, 0.8623232, 0.121573314), (0.49154735, 0.8623231, -0.121573664), (0.49154735, 0.8623231, -0.121573664), (0.49154723, 0.8623232, 0.121573314), (0.8623233, 0.491547, 0.12157338), (0.8623233, 0.49154696, -0.12157386), (0.8623233, 0.49154696, -0.12157386), (0.8623233, 0.491547, 0.12157338), (0.9830622, 0.12959309, 0.12959285), (0.98306215, 0.12959327, -0.12959343), (-0.98306215, 0.12959313, -0.12959342), (-0.9830622, 0.12959307, 0.12959279), (-0.86232334, 0.491547, 0.12157333), (-0.8623233, 0.49154687, -0.12157384), (-0.8623233, 0.49154687, -0.12157384), (-0.86232334, 0.491547, 0.12157333), (-0.49154723, 0.86232316, 0.12157337), (-0.49154738, 0.862323, -0.12157363), (-0.49154738, 0.862323, -0.12157363), (-0.49154723, 0.86232316, 0.12157337), (-0.12959337, 0.9830622, 0.12959252), (-0.12959336, 0.9830622, -0.12959296), (0.9830622, 0.12959309, 0.12959285), (0.98306215, -0.12959343, 0.12959303), (0.9830621, -0.12959337, -0.12959352), (0.98306215, 0.12959327, -0.12959343), (-0.25307792, 0.9658639, -0.055303894), (-0.16729154, 0.9807801, 0.10041858), (0.16723335, 0.9807814, -0.10050285), (0.05281251, 0.96879345, -0.24217789), (0.16729032, -0.98078036, -0.10041789), (0.2530772, -0.96586424, 0.055300757), (-0.052812696, -0.9687945, 0.2421735), (-0.16723283, -0.9807816, 0.1005012), (0.39403403, -0.18087436, 0.90112245), (0.69059116, -0.17855734, 0.70085746), (0.6905915, 0.1785596, 0.70085657), (0.39403373, 0.18087645, 0.9011221), (0.84083635, 0.19513944, -0.5048909), (0.9199037, 0.17849456, -0.34916586), (0.9199035, -0.17849384, -0.34916678), (0.84083664, -0.19513759, -0.50489116), (-0.17936516, 0.17936562, -0.9672932), (0.17936458, 0.17936558, -0.96729326), (0.17936514, -0.17936397, -0.96729356), (-0.17936552, -0.17936395, -0.96729344), (-0.16723295, 0.9807812, 0.10050594), (-0.05281215, 0.9687931, 0.24217923), (0.25307927, 0.9658634, 0.055306453), (0.16729222, 0.9807805, -0.10041457), (0.96729326, 0.17936671, -0.1793637), (0.96729285, 0.1793669, 0.17936596), (0.96729314, -0.17936537, 0.17936565), (0.96729326, -0.17936525, -0.17936479), (0.17936635, 0.17936599, -0.96729285), (0.19509076, 4.800055e-7, -0.9807852), (-0.1950912, 2.1147746e-7, -0.98078513), (-0.17936558, 0.179366, -0.9672931), (0.17936474, 0.1793652, 0.9672933), (-0.17936514, 0.17936556, 0.9672932), (-0.1793651, -0.1793637, 0.96729356), (0.17936586, -0.1793638, 0.9672934), (-0.17936589, -0.96729326, -0.17936455), (0.17936589, -0.9672934, -0.17936388), (0.1793664, -0.96729314, 0.17936468), (-0.17936656, -0.967293, 0.17936502), (-0.967293, 0.17936704, 0.17936438), (-0.9672931, 0.17936626, -0.17936474), (-0.9672932, -0.17936529, -0.17936529), (-0.9672932, -0.17936541, 0.17936541), (-0.98078525, 1.3303311e-7, -0.19509049), (-0.9672936, -0.17936286, -0.17936578), (-0.96729344, -0.17936395, 0.17936578), (-0.98078555, 2.732063e-7, 0.195089), (0.17936459, -0.1793647, -0.9672935), (-0.17936537, -0.17936511, -0.96729326), (-0.17936537, 0.17936619, -0.9672931), (0.1793647, 0.17936608, -0.9672932), (0.967293, -0.17936556, -0.17936638), (0.9807852, -1.9238549e-7, -0.19509093), (0.9807853, 5.762999e-7, 0.19509025), (0.9672932, -0.17936453, 0.1793661), (0.17936634, 0.17936572, 0.96729296), (-0.17936656, 0.17936543, 0.96729296), (-0.19509156, -1.8986975e-7, 0.9807851), (0.1950907, 2.6291187e-7, 0.9807852), (-0.96729326, 0.17936513, -0.17936546), (-0.9807851, -1.3753937e-7, -0.19509098), (-0.98078537, -3.1395183e-7, 0.1950894), (-0.96729314, 0.1793656, 0.17936526), (0.17936477, 0.9672932, -0.17936587), (-0.17936502, 0.96729326, -0.17936529), (-0.17936501, 0.9672934, 0.1793651), (0.1793651, 0.9672934, 0.17936476), (0.17936562, 0.967293, -0.17936623), (-0.1793656, 0.96729285, -0.17936699), (-0.17936593, 0.96729285, 0.17936622), (0.1793661, 0.9672931, 0.17936517), (0.17936607, -0.96729267, -0.17936727), (0.19508967, -0.98078537, 0), (-0.19508968, -0.98078537, -1.8595909e-8), (-0.1793661, -0.96729267, -0.17936704), (0.9672932, -0.17936514, -0.17936589), (0.9672932, 0.17936489, -0.17936613), (0.9672934, 0.17936473, 0.179365), (0.9672932, -0.1793654, 0.17936534), (0.17936379, -0.967294, 0.17936294), (-0.1793637, -0.96729386, 0.17936336), (-0.17936333, -0.967294, -0.17936331), (0.1793634, -0.96729404, -0.17936297), (-0.967293, -0.1793652, -0.17936629), (-0.9672931, -0.17936575, 0.17936592), (-0.96729326, 0.1793647, 0.17936522), (-0.9672931, 0.17936508, -0.1793665), (0.17936617, 0.17936592, 0.96729296), (-0.17936651, 0.17936592, 0.96729285), (-0.17936599, -0.1793658, 0.967293), (0.17936589, -0.17936532, 0.9672931), (0.9807854, -0.19508953, -1.4615975e-7), (0.96729267, -0.17936599, -0.17936723), (0.9807851, 2.2918526e-7, -0.19509174), (0.9995841, 0.020392248, 0.020392187), (-0.17936528, -0.17936604, 0.96729314), (0.17936774, -0.17936474, 0.96729285), (0.17936687, 0.17936529, 0.96729296), (-0.17936738, 0.17936468, 0.96729296), (-0.20480654, 0.18712336, 0.96074927), (0.20480622, 0.18712343, 0.96074927), (0.20480539, -0.18712303, 0.96074957), (-0.20480578, -0.18712306, 0.9607494), (0.17936724, -0.17936774, -0.9672924), (-0.17936713, -0.17936768, -0.9672924), (-0.19509114, -5.451837e-8, -0.98078513), (0.19509101, -1.9893338e-7, -0.98078513), (-0.19508989, -0.98078537, 0), (0.19508995, -0.9807853, 1.8595902e-8), (0.17936593, -0.9672932, 0.17936477), (-0.17936563, -0.9672932, 0.17936514), (0.19509225, 8.8444773e-7, -0.9807849), (-0.19509225, 8.3964017e-7, -0.9807849), (-0.17936686, 0.17936878, -0.96729237), (0.17936666, 0.17936873, -0.96729225), (-0.98638785, 0.16247876, 0.025289834), (-0.98078537, -0.19508983, 1.461601e-7), (-0.9672934, -0.17936528, 0.1793647), (-0.96729296, 0.1793662, 0.17936562), (0.19509147, 1.2356784e-7, -0.9807851), (-0.19509146, 1.1159067e-8, -0.9807851), (-0.19509152, -3.0029863e-8, -0.980785), (0.19509174, -1.1101418e-7, -0.980785), (0.98078537, -0.19508983, 1.64756e-7), (0.9863878, 0.1624789, 0.025289977), (0.9672931, 0.17936607, 0.1793655), (0.967293, -0.17936595, 0.17936572), (-0.9672928, -0.17936595, -0.17936714), (-0.9807855, -0.19508956, -1.6475563e-7), (-0.9995841, 0.020392302, 0.020392181), (-0.9807851, -1.7950262e-8, -0.19509143), (-0.98078513, 2.764526e-7, -0.1950912), (-0.9995841, -0.020392206, 0.020392267), (-0.98078537, 0.19508983, 0), (-0.9672928, 0.17936623, -0.17936708), (0.986388, 0.025290102, 0.16247815), (0.9807851, -2.3458338e-7, -0.19509126), (0.980785, 2.4713557e-7, -0.19509153), (0.9863879, -0.02528998, 0.16247797), (0.20480831, 0.9607488, 0.1871236), (-0.20480831, 0.960749, 0.18712312), (-0.17936651, 0.967293, 0.17936538), (0.17936599, 0.967293, 0.17936584), (-0.9807852, 0, -0.19509076), (-0.986388, 0.025290063, 0.16247785), (-0.986388, -0.02529, 0.16247785), (-0.9807851, 0, -0.19509132), (0.19508879, 0.9807856, 0), (-0.1950885, 0.9807856, 0), (-0.19508822, 0.9807857, 0), (0.19508833, 0.9807856, -2.4609582e-7), (-0.20480607, -0.18712406, -0.96074927), (0.20480461, -0.1871241, -0.9607495), (0.17936465, -0.17936517, -0.9672934), (-0.17936417, -0.17936489, -0.96729344), (0.9995841, -0.020392258, 0.020392258), (0.9807851, 4.1870113e-8, -0.19509178), (0.96729285, 0.17936622, -0.17936687), (0.9807853, 0.1950901, 0), (-0.20480902, -0.9607483, 0.18712538), (0.20480914, -0.9607483, 0.18712527), (0.20480952, -0.9607481, -0.18712592), (-0.2048101, -0.9607481, -0.18712547), (0.9863879, -0.025290007, -0.16247827), (0.9807855, -1.05379556e-7, 0.19508916), (0.96729374, -0.17936432, 0.17936362), (0.967293, -0.17936473, -0.17936654), (-0.98078537, 0.19508964, 0), (-0.9863879, -0.1624784, 0.02529001), (-0.98638785, -0.1624789, -0.025289947), (-0.98078537, 0.19508964, 0), (0.17936516, 0.967293, -0.17936629), (-0.17936517, 0.9672931, -0.1793661), (-0.19508882, 0.98078555, -1.8432718e-7), (0.19508868, 0.98078555, -1.342099e-7), (0.98638785, -0.16247866, 0.025290119), (0.98078537, 0.19508976, -5.102435e-8), (0.9807853, 0.19508989, 3.2392514e-8), (0.98638785, -0.16247885, -0.025290115), (-0.17936307, -0.9672935, -0.17936608), (0.17936462, -0.96729285, -0.17936827), (0.17936447, -0.9672941, 0.17936145), (-0.1793651, -0.967293, 0.1793664), (0.19509012, 0.9807853, 0.0000028431057), (-0.19509009, 0.9807853, 0.000003904791), (-0.17936602, 0.9672925, 0.17936824), (0.1793661, 0.9672927, 0.17936693), (-0.98078555, -1.6265187e-7, 0.19508909), (-0.98638785, -0.025289914, -0.16247855), (-0.9672934, -0.17936404, -0.1793655), (-0.9672934, -0.17936453, 0.17936505), (0.19508886, -8.333531e-7, 0.98078555), (-0.19508876, -5.038411e-7, 0.98078555), (-0.17936404, -0.17936598, 0.96729326), (0.17936462, -0.17936517, 0.9672934), (0.17936583, 0.17936675, -0.9672929), (0.17936696, -0.17936656, -0.9672926), (-0.17936699, -0.1793669, -0.9672926), (-0.17936647, 0.17936675, -0.96729267), (-0.98078525, 0.19509017, 0), (-0.9995841, -0.020392254, -0.02039213), (-0.98078555, 5.528991e-7, 0.19508888), (-0.96729314, 0.17936632, 0.17936492), (0.9995841, -0.020392224, -0.020392349), (0.9807853, 0.19509037, 8.341711e-8), (0.96729314, 0.17936623, 0.17936474), (0.9807856, 3.9741377e-7, 0.19508882), (-0.19508855, 0.0000014393861, 0.9807856), (0.19508836, 0.0000017062238, 0.9807856), (0.1793654, 0.17936742, 0.9672928), (-0.17936549, 0.17936762, 0.9672928), (0.19509104, -2.775973e-7, -0.9807851), (0.17936635, -0.179364, -0.96729326), (-0.17936471, -0.17936288, -0.9672938), (-0.1950909, -2.453748e-7, -0.9807852), (-0.17936361, -0.9672936, -0.17936447), (0.17936592, -0.96729314, -0.17936516), (0.17936476, -0.96729386, 0.17936261), (-0.17936398, -0.967294, 0.17936276), (0.19509032, 8.09624e-8, 0.9807853), (-0.19509082, 4.104754e-7, 0.98078513), (-0.17936534, -0.17936413, 0.96729344), (0.17936595, -0.17936407, 0.9672934), (0.9807851, 6.4887064e-7, -0.19509126), (0.9672931, 0.17936565, -0.17936589), (0.9672932, 0.1793664, 0.17936459), (0.98078537, -6.831802e-8, 0.19508986), (-0.17936692, 0.9672926, -0.17936695), (-0.17936775, 0.9672924, 0.17936675), (0.17936736, 0.9672926, 0.1793666), (0.17936724, 0.96729267, -0.17936632), (-0.1793664, 0.17936692, -0.96729267), (0.17936532, 0.17936647, -0.967293), (0.1793655, -0.17936555, -0.9672931), (-0.17936651, -0.17936629, -0.9672928), (0.17936498, 0.9672934, -0.17936479), (-0.17936525, 0.9672934, -0.17936452), (-0.17936522, 0.9672934, 0.17936476), (0.17936493, 0.9672934, 0.17936501), (-0.17936666, -0.96729285, -0.17936568), (0.17936634, -0.9672928, -0.17936666), (0.17936634, -0.9672928, 0.17936666), (-0.17936666, -0.96729285, 0.17936568), (0.9672934, 0.17936426, -0.17936563), (0.9672932, 0.17936455, 0.1793662), (0.9672931, -0.17936511, 0.17936616), (0.9672932, -0.17936456, -0.1793662), (0.17936641, 0.17936645, 0.9672928), (-0.17936689, 0.17936663, 0.9672926), (-0.17936708, -0.17936702, 0.9672926), (0.17936632, -0.17936654, 0.96729285), (-0.96729296, -0.1793656, -0.17936642), (-0.967293, -0.17936526, 0.17936635), (-0.96729296, 0.17936537, 0.17936644), (-0.96729326, 0.17936453, -0.179366), (0.73366064, 0.18082184, -0.6550157), (0.840706, 0.19514896, -0.5051043), (0.84070617, -0.19514833, -0.50510424), (0.7336614, -0.18082035, -0.6550151), (-0.8407061, -0.19514684, 0.50510496), (-0.7336594, -0.18081996, 0.6550176), (-0.73365957, 0.18082137, 0.6550171), (-0.8407057, 0.19514968, 0.5051044), (0.052810855, -0.9687937, -0.24217719), (0.16723143, -0.9807817, -0.10050287), (-0.16729231, -0.9807805, 0.10041315), (-0.25307897, -0.96586347, -0.05530593), (-0.6905914, -0.17855957, -0.7008567), (-0.69059056, 0.17855994, -0.7008574), (-0.39403418, 0.18087684, -0.90112185), (-0.39403465, -0.18087667, -0.9011217), (-0.96729326, 0.1793652, 0.17936529), (-0.96729296, 0.17936516, -0.1793666), (-0.96729285, -0.1793663, -0.17936653), (-0.96729314, -0.17936577, 0.17936508), (-0.17936681, -0.9672924, -0.17936796), (0.17936704, -0.96729267, -0.17936635), (0.17936994, -0.9672924, 0.17936502), (-0.17936692, -0.9672931, 0.1793642), (0.1793659, 0.17936489, 0.9672932), (-0.17936471, 0.179365, 0.9672934), (-0.17936473, -0.1793635, 0.9672936), (0.1793663, -0.17936438, 0.9672932), (-0.1793654, 0.9672932, -0.1793653), (-0.17936468, 0.9672936, 0.17936368), (0.17936523, 0.96729344, 0.17936423), (0.17936528, 0.96729344, -0.17936403), (0.96729326, 0.17936571, -0.17936464), (0.9672929, 0.17936674, 0.17936556), (0.9672927, -0.17936698, 0.17936634), (0.96729314, -0.17936608, -0.17936541), (-0.9199053, 0.17849301, 0.3491625), (-0.87042785, 0.357191, 0.3387771), (-0.92872965, 0.32050183, 0.18638644), (-0.97227466, 0.15665144, 0.17361566), (-0.25307792, 0.9658639, -0.055303894), (-0.33337387, 0.9170502, -0.21881704), (-0.45911857, 0.8827024, -0.10023276), (-0.39423048, 0.91705745, 0.059899367), (-0.69059056, 0.17855994, -0.7008574), (-0.8114585, 0.15665372, -0.5630228), (-0.76655227, 0.32050562, -0.5564834), (-0.6498135, 0.35732767, -0.6708646), (-0.9199055, -0.17849357, 0.3491616), (-0.9722745, -0.15665306, 0.17361511), (-0.9287289, -0.32050472, 0.18638521), (-0.87042814, -0.35719275, 0.33877465), (-0.6905914, -0.17855957, -0.7008567), (-0.64981467, -0.3573272, -0.67086375), (-0.76655376, -0.32050434, -0.5564821), (-0.8114592, -0.15665261, -0.5630221), (-0.25307897, -0.96586347, -0.05530593), (-0.39423206, -0.91705716, 0.059893757), (-0.4591196, -0.8827023, -0.10022955), (-0.33337343, -0.9170509, -0.21881445), (0.73366064, 0.18082184, -0.6550157), (0.5971686, 0.16119538, -0.7857517), (0.58819675, 0.33161077, -0.7376034), (0.7054102, 0.36378023, -0.6083259), (-0.39403418, 0.18087684, -0.90112185), (-0.38793018, 0.3638999, -0.84680986), (-0.22727992, 0.33160982, -0.9156303), (-0.21536875, 0.16119464, -0.9631369), (0.05281251, 0.96879345, -0.24217789), (0.21520534, 0.92196625, -0.32197043), (0.095656104, 0.89378697, -0.43817195), (-0.061504513, 0.9219581, -0.38237473), (0.7336614, -0.18082035, -0.6550151), (0.7054123, -0.36377868, -0.6083243), (0.58819735, -0.3316103, -0.7376032), (0.5971689, -0.16119501, -0.7857516), (0.052810855, -0.9687937, -0.24217719), (-0.06150353, -0.921959, -0.38237277), (0.09565625, -0.89378786, -0.4381705), (0.21520287, -0.92196727, -0.3219691), (-0.39403465, -0.18087667, -0.9011217), (-0.21536875, -0.16119486, -0.9631368), (-0.22727987, -0.3316095, -0.91563034), (-0.38793066, -0.36389986, -0.8468096), (-0.7336594, -0.18081996, 0.6550176), (-0.70540833, -0.36377785, 0.6083294), (-0.58819133, -0.3316091, 0.73760855), (-0.5971652, -0.16119409, 0.78575444), (-0.052812696, -0.9687945, 0.2421735), (0.061504178, -0.92195976, 0.38237068), (-0.09565544, -0.8937893, 0.4381674), (-0.2152045, -0.92196727, 0.32196796), (0.39403403, -0.18087436, 0.90112245), (0.21536852, -0.16119301, 0.9631371), (0.22728212, -0.3316071, 0.91563064), (0.38793042, -0.363895, 0.84681195), (-0.73365957, 0.18082137, 0.6550171), (-0.5971678, 0.16119395, 0.78575265), (-0.5881967, 0.3316077, 0.73760486), (-0.70540845, 0.3637801, 0.608328), (0.39403373, 0.18087645, 0.9011221), (0.38793018, 0.36389878, 0.8468104), (0.22727956, 0.331609, 0.91563064), (0.21536733, 0.16119452, 0.9631372), (-0.05281215, 0.9687931, 0.24217923), (-0.21520601, 0.9219658, 0.32197115), (-0.09565908, 0.8937881, 0.4381692), (0.061503083, 0.9219588, 0.38237327), (0.9199035, -0.17849384, -0.34916678), (0.9722747, -0.15665269, -0.17361398), (0.9287291, -0.3205042, -0.18638474), (0.87042713, -0.35719192, -0.33877802), (0.69059116, -0.17855734, 0.70085746), (0.6498133, -0.3573235, 0.6708671), (0.766553, -0.3205035, 0.55648357), (0.81145966, -0.1566518, 0.5630217), (0.2530772, -0.96586424, 0.055300757), (0.39422953, -0.91705805, -0.059897844), (0.45912114, -0.8827017, 0.10022739), (0.33337423, -0.9170509, 0.21881314), (0.9199037, 0.17849456, -0.34916586), (0.8704263, 0.35719448, -0.3387774), (0.9287299, 0.3205035, -0.18638223), (0.972275, 0.15665278, -0.17361273), (0.25307927, 0.9658634, 0.055306453), (0.33337352, 0.9170503, 0.21881688), (0.45911887, 0.88270247, 0.10023164), (0.3942315, 0.9170574, -0.059893828), (0.6905915, 0.1785596, 0.70085657), (0.8114598, 0.15665345, 0.56302106), (0.76655346, 0.32050478, 0.5564824), (0.6498141, 0.3573266, 0.6708646), (0.17936458, 0.17936558, -0.96729326), (0.15848474, 0.359965, -0.9194062), (0.32505408, 0.32505745, -0.8880752), (0.35996315, 0.15848587, -0.9194068), (0.17936724, 0.96729267, -0.17936632), (0.3599683, 0.91940475, -0.15848565), (0.3250582, 0.8880741, -0.32505605), (0.15848643, 0.91940516, -0.35996687), (0.96729326, 0.17936671, -0.1793637), (0.9194072, 0.15848699, -0.35996145), (0.8880751, 0.32505938, -0.3250524), (0.9194054, 0.35996738, -0.15848431), (-0.17936516, 0.17936562, -0.9672932), (-0.3599639, 0.15848626, -0.9194064), (-0.32505485, 0.3250577, -0.88807476), (-0.15848477, 0.35996523, -0.9194062), (-0.9672931, 0.17936626, -0.17936474), (-0.91940564, 0.3599661, -0.15848565), (-0.88807446, 0.32505774, -0.3250556), (-0.9194063, 0.15848629, -0.35996398), (-0.17936692, 0.9672926, -0.17936695), (-0.1584857, 0.91940475, -0.3599682), (-0.32505667, 0.88807374, -0.32505882), (-0.35996777, 0.9194048, -0.1584869), (-0.17936514, 0.17936556, 0.9672932), (-0.15848598, 0.3599651, 0.91940594), (-0.3250571, 0.32505965, 0.8880732), (-0.35996383, 0.15848714, 0.91940624), (-0.17936775, 0.9672924, 0.17936675), (-0.35996905, 0.9194044, 0.1584861), (-0.3250594, 0.88807327, 0.32505727), (-0.1584863, 0.9194049, 0.3599676), (-0.967293, 0.17936704, 0.17936438), (-0.9194067, 0.15848763, 0.35996255), (-0.8880744, 0.32506064, 0.32505313), (-0.9194053, 0.35996744, 0.15848446), (0.17936474, 0.1793652, 0.9672933), (0.35996348, 0.1584866, 0.9194065), (0.32505628, 0.325058, 0.8880742), (0.15848596, 0.3599642, 0.91940635), (0.96729285, 0.1793669, 0.17936596), (0.9194047, 0.35996804, 0.15848666), (0.8880728, 0.32506034, 0.32505792), (0.91940534, 0.15848714, 0.3599662), (0.17936736, 0.9672926, 0.1793666), (0.15848643, 0.91940504, 0.35996726), (0.32505885, 0.88807374, 0.3250567), (0.35996863, 0.9194046, 0.15848568), (-0.17936552, -0.17936395, -0.96729344), (-0.15848583, -0.35996196, -0.9194072), (-0.3250571, -0.3250552, -0.8880749), (-0.35996485, -0.158485, -0.9194062), (-0.17936589, -0.96729326, -0.17936455), (-0.35996568, -0.9194054, -0.15848763), (-0.32505718, -0.888073, -0.32505986), (-0.15848589, -0.91940665, -0.35996345), (-0.9672932, -0.17936529, -0.17936529), (-0.9194061, -0.15848565, -0.35996488), (-0.8880742, -0.32505646, -0.32505754), (-0.91940606, -0.35996467, -0.15848646), (0.17936514, -0.17936397, -0.96729356), (0.35996428, -0.15848501, -0.9194064), (0.3250566, -0.32505515, -0.88807505), (0.15848565, -0.35996187, -0.91940725), (0.96729326, -0.17936525, -0.17936479), (0.9194063, -0.359964, -0.1584863), (0.88807464, -0.32505584, -0.3250573), (0.91940665, -0.1584855, -0.3599637), (0.17936589, -0.9672934, -0.17936388), (0.1584862, -0.9194071, -0.3599621), (0.32505763, -0.888074, -0.3250571), (0.35996568, -0.9194057, -0.15848623), (-0.1793651, -0.1793637, 0.96729356), (-0.35996407, -0.15848571, 0.91940635), (-0.3250579, -0.3250564, 0.8880741), (-0.15848634, -0.3599614, 0.9194073), (-0.9672932, -0.17936541, 0.17936541), (-0.9194058, -0.3599651, 0.15848628), (-0.8880739, -0.3250573, 0.32505783), (-0.9194062, -0.15848558, 0.35996476), (-0.17936656, -0.967293, 0.17936502), (-0.15848699, -0.9194062, 0.35996416), (-0.32506004, -0.8880716, 0.3250611), (-0.35996717, -0.91940475, 0.15848798), (0.17936586, -0.1793638, 0.9672934), (0.158487, -0.35996187, 0.919407), (0.32505983, -0.32505715, 0.8880732), (0.35996515, -0.15848622, 0.91940594), (0.1793664, -0.96729314, 0.17936468), (0.35996687, -0.91940504, 0.15848751), (0.32505983, -0.88807213, 0.32505983), (0.15848699, -0.9194064, 0.3599635), (0.96729314, -0.17936537, 0.17936565), (0.91940594, -0.15848532, 0.35996532), (0.8880747, -0.32505634, 0.32505634), (0.91940635, -0.35996434, 0.15848544), (0.17936477, 0.9672932, -0.17936587), (0.35996342, 0.91940653, -0.15848592), (0.32505497, 0.88807493, -0.32505715), (0.15848468, 0.919406, -0.35996565), (0.9672931, 0.17936565, -0.17936589), (0.91940576, 0.15848638, -0.35996562), (0.888074, 0.32505736, -0.32505736), (0.91940576, 0.35996547, -0.15848625), (0.17936635, 0.17936599, -0.96729285), (0.15848672, 0.35996622, -0.9194054), (0.3250585, 0.32505822, -0.8880733), (0.3599665, 0.15848681, -0.9194053), (-0.17936558, 0.179366, -0.9672931), (-0.35996515, 0.15848629, -0.9194059), (-0.3250558, 0.3250577, -0.8880744), (-0.15848562, 0.35996586, -0.91940576), (-0.96729326, 0.17936513, -0.17936546), (-0.9194063, 0.35996404, -0.15848616), (-0.8880745, 0.3250561, -0.32505718), (-0.91940624, 0.15848538, -0.35996467), (-0.17936502, 0.96729326, -0.17936529), (-0.15848531, 0.9194063, -0.35996443), (-0.32505572, 0.8880756, -0.32505465), (-0.359964, 0.91940653, -0.15848482), (0.17936635, -0.179364, -0.96729326), (0.3599672, -0.15848547, -0.9194053), (0.3250593, -0.32505646, -0.8880736), (0.15848699, -0.3599622, -0.9194069), (0.967293, -0.17936556, -0.17936638), (0.9194055, -0.35996592, -0.15848666), (0.8880733, -0.32505813, -0.3250584), (0.9194052, -0.15848637, -0.3599667), (0.17936592, -0.96729314, -0.17936516), (0.15848805, -0.919406, -0.35996407), (0.3250605, -0.8880737, -0.32505512), (0.359966, -0.9194057, -0.15848511), (-0.17936361, -0.9672936, -0.17936447), (-0.35996142, -0.9194078, -0.15848367), (-0.32505462, -0.88807684, -0.32505244), (-0.158485, -0.91940707, -0.35996264), (-0.9672936, -0.17936286, -0.17936578), (-0.91940624, -0.15848404, -0.3599653), (-0.8880749, -0.32505405, -0.32505837), (-0.9194071, -0.3599618, -0.15848652), (-0.17936471, -0.17936288, -0.9672938), (-0.1584848, -0.35996047, -0.9194079), (-0.3250542, -0.3250534, -0.88807666), (-0.35996363, -0.15848443, -0.9194068), (-0.17936656, 0.17936543, 0.96729296), (-0.15848759, 0.3599651, 0.91940564), (-0.32505986, 0.3250569, 0.8880733), (-0.35996696, 0.15848613, 0.9194052), (-0.17936501, 0.9672934, 0.1793651), (-0.359964, 0.9194063, 0.1584861), (-0.3250555, 0.8880746, 0.3250577), (-0.15848508, 0.9194064, 0.35996407), (-0.96729314, 0.1793656, 0.17936526), (-0.91940606, 0.15848707, 0.35996455), (-0.88807327, 0.32505888, 0.3250578), (-0.91940576, 0.3599654, 0.15848641), (0.1793651, 0.9672934, 0.17936476), (0.15848534, 0.91940665, 0.35996348), (0.32505628, 0.88807476, 0.32505628), (0.359964, 0.9194064, 0.1584855), (0.17936634, 0.17936572, 0.96729296), (0.35996616, 0.1584866, 0.9194055), (0.32505813, 0.3250584, 0.8880734), (0.1584863, 0.3599658, 0.9194056), (0.9672932, 0.1793664, 0.17936459), (0.9194053, 0.35996693, 0.15848556), (0.8880734, 0.32506055, 0.32505596), (0.9194065, 0.15848793, 0.35996306), (-0.17936398, -0.967294, 0.17936276), (-0.1584852, -0.91940826, 0.35995957), (-0.32505566, -0.8880765, 0.3250524), (-0.35996196, -0.91940767, 0.15848325), (-0.17936534, -0.17936413, 0.96729344), (-0.35996434, -0.15848435, 0.9194065), (-0.3250567, -0.32505494, 0.8880751), (-0.15848577, -0.35996357, 0.9194066), (-0.96729344, -0.17936395, 0.17936578), (-0.9194062, -0.35996354, 0.15848826), (-0.88807243, -0.32505754, 0.3250616), (-0.9194058, -0.15848641, 0.35996523), (0.17936595, -0.17936407, 0.9672934), (0.15848589, -0.3599636, 0.91940653), (0.32505766, -0.32505482, 0.8880748), (0.35996512, -0.1584848, 0.9194062), (0.17936476, -0.96729386, 0.17936261), (0.35996324, -0.9194071, 0.15848346), (0.32505503, -0.88807684, 0.3250518), (0.1584848, -0.9194084, 0.35995933), (0.9672932, -0.17936453, 0.1793661), (0.9194057, -0.1584853, 0.35996595), (0.88807374, -0.3250556, 0.32505992), (0.91940594, -0.3599648, 0.15848723), (0.1793647, 0.17936608, -0.9672932), (0.15848386, 0.35996604, -0.919406), (0.32505304, 0.3250576, -0.8880755), (0.35996333, 0.15848614, -0.9194066), (0.17936562, 0.967293, -0.17936623), (0.3599652, 0.91940594, -0.15848586), (0.32505688, 0.8880743, -0.32505688), (0.15848605, 0.9194055, -0.35996637), (0.9672932, 0.17936489, -0.17936613), (0.9194057, 0.15848513, -0.35996607), (0.8880741, 0.32505515, -0.32505947), (0.9194063, 0.35996374, -0.15848714), (0.17936459, -0.1793647, -0.9672935), (0.35996285, -0.15848508, -0.91940695), (0.3250525, -0.32505438, -0.8880769), (0.15848391, -0.35996377, -0.91940683), (0.9672932, -0.17936514, -0.17936589), (0.9194061, -0.35996425, -0.15848698), (0.8880743, -0.3250555, -0.32505846), (0.9194059, -0.15848534, -0.35996565), (0.1793634, -0.96729404, -0.17936297), (0.15848385, -0.9194084, -0.35995996), (0.32505292, -0.88807756, -0.32505184), (0.3599608, -0.9194081, -0.1584831), (0.17936617, 0.17936592, 0.96729296), (0.35996628, 0.15848641, 0.91940534), (0.3250591, 0.325058, 0.8880731), (0.15848696, 0.35996577, 0.9194055), (0.9672934, 0.17936473, 0.179365), (0.91940665, 0.3599634, 0.15848553), (0.8880754, 0.32505465, 0.32505625), (0.91940665, 0.15848471, 0.35996392), (0.1793661, 0.9672931, 0.17936517), (0.15848683, 0.9194061, 0.35996434), (0.32505882, 0.88807446, 0.32505453), (0.35996604, 0.9194059, 0.1584847), (0.17936589, -0.17936532, 0.9672931), (0.15848653, -0.35996503, 0.9194059), (0.3250576, -0.32505545, 0.88807464), (0.35996535, -0.1584857, 0.91940594), (0.17936379, -0.967294, 0.17936294), (0.3599615, -0.9194078, 0.15848328), (0.32505438, -0.888077, 0.3250522), (0.15848434, -0.9194082, 0.35995993), (0.9672932, -0.1793654, 0.17936534), (0.9194062, -0.15848568, 0.35996464), (0.8880742, -0.32505655, 0.32505763), (0.919406, -0.35996473, 0.15848657), (-0.17936537, -0.17936511, -0.96729326), (-0.15848571, -0.35996452, -0.9194062), (-0.32505584, -0.32505584, -0.8880751), (-0.35996452, -0.1584859, -0.9194062), (-0.17936333, -0.967294, -0.17936331), (-0.35996062, -0.9194081, -0.15848382), (-0.32505247, -0.8880772, -0.32505354), (-0.1584836, -0.9194081, -0.3599607), (-0.967293, -0.1793652, -0.17936629), (-0.9194055, -0.15848543, -0.3599665), (-0.888074, -0.32505572, -0.32505894), (-0.91940606, -0.35996434, -0.1584872), (-0.17936537, 0.17936619, -0.9672931), (-0.35996464, 0.15848637, -0.919406), (-0.32505578, 0.32505792, -0.8880744), (-0.15848523, 0.35996628, -0.91940564), (-0.9672931, 0.17936508, -0.1793665), (-0.91940606, 0.35996416, -0.1584873), (-0.88807356, 0.32505605, -0.3250598), (-0.9194053, 0.15848559, -0.35996693), (-0.1793656, 0.96729285, -0.17936699), (-0.15848567, 0.91940504, -0.3599677), (-0.3250564, 0.8880735, -0.32505965), (-0.35996503, 0.91940576, -0.1584874), (-0.17936599, -0.1793658, 0.967293), (-0.35996565, -0.15848677, 0.9194056), (-0.32505822, -0.32505742, 0.8880736), (-0.15848686, -0.35996604, 0.9194054), (-0.9672931, -0.17936575, 0.17936592), (-0.91940576, -0.3599654, 0.15848689), (-0.88807356, -0.32505792, 0.3250582), (-0.91940564, -0.15848637, 0.35996577), (-0.1793637, -0.96729386, 0.17936336), (-0.15848394, -0.919408, 0.35996068), (-0.32505384, -0.88807666, 0.32505384), (-0.35996127, -0.9194077, 0.15848424), (-0.17936651, 0.17936592, 0.96729285), (-0.15848802, 0.35996577, 0.91940534), (-0.32506093, 0.32505795, 0.88807243), (-0.35996702, 0.15848647, 0.91940504), (-0.17936593, 0.96729285, 0.17936622), (-0.3599658, 0.9194055, 0.15848684), (-0.32505804, 0.88807315, 0.32505912), (-0.15848644, 0.91940534, 0.35996652), (-0.96729326, 0.1793647, 0.17936522), (-0.9194065, 0.1584846, 0.35996437), (-0.8880757, 0.32505447, 0.32505554), (-0.9194067, 0.3599633, 0.15848516), (-0.17936713, -0.17936768, -0.9672924), (-0.15848884, -0.3599693, -0.91940385), (-0.3250627, -0.32506055, -0.8880709), (-0.35996827, -0.15848795, -0.91940445), (-0.1793661, -0.96729267, -0.17936704), (-0.35996637, -0.91940546, -0.15848601), (-0.3250598, -0.8880727, -0.3250582), (-0.15848738, -0.91940475, -0.35996756), (-0.9672928, -0.17936595, -0.17936714), (-0.91940475, -0.15848722, -0.3599677), (-0.888072, -0.3250595, -0.3250606), (-0.91940534, -0.35996607, -0.15848711), (0.17936724, -0.17936774, -0.9672924), (0.3599685, -0.15848807, -0.91940427), (0.32506302, -0.32506084, -0.88807064), (0.15848902, -0.3599695, -0.91940373), (0.96729267, -0.17936599, -0.17936723), (0.91940534, -0.35996616, -0.15848717), (0.8880719, -0.32505965, -0.32506073), (0.9194046, -0.15848729, -0.35996792), (0.17936607, -0.96729267, -0.17936727), (0.1584873, -0.9194046, -0.35996798), (0.32505965, -0.88807255, -0.32505912), (0.35996628, -0.91940546, -0.15848646), (-0.9807855, -0.19508956, -1.6475563e-7), (-0.92388016, -0.382682, -3.231798e-7), (-0.92388034, -0.3826815, -3.6476422e-8), (-0.9807855, -0.1950893, -1.8595522e-8), (-0.19508968, -0.98078537, -1.8595909e-8), (-0.19508937, -0.9807854, -1.8595905e-8), (-0.3826816, -0.9238802, -3.647719e-8), (-0.38268217, -0.9238801, -3.6477203e-8), (-0.19508989, -0.98078537, 0), (-0.38268262, -0.92387986, 0), (-0.3826816, -0.9238802, -3.647719e-8), (-0.19508937, -0.9807854, -1.8595905e-8), (-0.98078537, -0.19508983, 1.461601e-7), (-0.9807855, -0.1950893, -1.8595522e-8), (-0.92388034, -0.3826815, -3.6476422e-8), (-0.92388, -0.38268244, 2.8670334e-7), (0.9807854, -0.19508953, -1.4615975e-7), (0.9807855, -0.1950893, 1.8596223e-8), (0.92388034, -0.3826815, 3.6477832e-8), (0.92388016, -0.382682, -2.8670271e-7), (0.19508995, -0.9807853, 1.8595902e-8), (0.19508937, -0.9807854, 1.8595898e-8), (0.3826816, -0.9238802, 3.6477175e-8), (0.3826827, -0.92387986, 3.647719e-8), (0.19508967, -0.98078537, 0), (0.38268217, -0.9238801, 0), (0.3826816, -0.9238802, 3.6477175e-8), (0.19508937, -0.9807854, 1.8595898e-8), (-0.19509146, 1.1159067e-8, -0.9807851), (-0.19509159, 0, -0.980785), (-0.38268584, 0, -0.92387855), (-0.3826855, 2.188929e-8, -0.92387867), (-0.19509114, -5.451837e-8, -0.98078513), (-0.38268504, -1.0694162e-7, -0.9238789), (-0.38268584, 0, -0.92387855), (-0.19509159, 0, -0.980785), (-0.9807851, -1.7950262e-8, -0.19509143), (-0.9807851, 0, -0.19509098), (-0.92387897, 0, -0.3826847), (-0.92387867, -3.521069e-8, -0.38268545), (-0.9807852, 0, -0.19509076), (-0.9238792, 0, -0.38268423), (-0.92387897, 0, -0.3826847), (-0.9807851, 0, -0.19509098), (0.19509147, 1.2356784e-7, -0.9807851), (0.3826856, 2.4238673e-7, -0.92387867), (0.38268566, -5.6169586e-8, -0.9238786), (0.1950915, -2.8635954e-8, -0.980785), (0.9807851, -2.3458338e-7, -0.19509126), (0.980785, 1.2552892e-8, -0.19509184), (0.9238784, 2.4620347e-8, -0.38268632), (0.92387885, -4.6015222e-7, -0.38268518), (0.9807851, 2.2918526e-7, -0.19509174), (0.92387843, 4.4956337e-7, -0.38268605), (0.9238784, 2.4620347e-8, -0.38268632), (0.980785, 1.2552892e-8, -0.19509184), (0.19509101, -1.9893338e-7, -0.98078513), (0.1950915, -2.8635954e-8, -0.980785), (0.38268566, -5.6169586e-8, -0.9238786), (0.3826848, -3.9022163e-7, -0.92387897), (-0.986388, 0.025290063, 0.16247785), (-0.9953162, 0.04557523, 0.085256), (-0.9792171, 0.14341208, 0.14341109), (-0.94691116, 0.053137407, 0.31707367), (-0.9995841, 0.020392302, 0.020392181), (-0.9953162, 0.085256405, 0.04557485), (-0.9792171, 0.14341208, 0.14341109), (-0.9953162, 0.04557523, 0.085256), (-0.98638785, 0.16247876, 0.025289834), (-0.9469106, 0.31707546, 0.05313689), (-0.9792171, 0.14341208, 0.14341109), (-0.9953162, 0.085256405, 0.04557485), (-0.20480831, 0.960749, 0.18712312), (-0.20865716, 0.9094762, 0.35960412), (-0.38894442, 0.86197644, 0.32514438), (-0.39121783, 0.9053507, 0.1651932), (-0.20480654, 0.18712336, 0.96074927), (-0.3912148, 0.16519418, 0.9053518), (-0.38893872, 0.32514617, 0.8619783), (-0.20865469, 0.35960448, 0.90947676), (0.986388, 0.025290102, 0.16247815), (0.946911, 0.05313748, 0.3170743), (0.9792171, 0.14341222, 0.14341147), (0.9953162, 0.045575216, 0.08525615), (0.20480622, 0.18712343, 0.96074927), (0.20865397, 0.3596045, 0.9094768), (0.38893747, 0.32514638, 0.86197877), (0.39121428, 0.1651943, 0.905352), (0.20480831, 0.9607488, 0.1871236), (0.39121786, 0.90535045, 0.16519414), (0.38894454, 0.8619758, 0.32514614), (0.20865723, 0.9094759, 0.35960504), (0.9863878, 0.1624789, 0.025289977), (0.9953162, 0.08525648, 0.045575023), (0.9792171, 0.14341222, 0.14341147), (0.94691044, 0.3170757, 0.05313719), (-0.17936563, -0.9672932, 0.17936514), (-0.15848625, -0.919406, 0.35996485), (-0.3250576, -0.8880738, 0.3250576), (-0.35996494, -0.9194058, 0.1584868), (-0.17936528, -0.17936604, 0.96729314), (-0.35996437, -0.15848805, 0.9194059), (-0.32505438, -0.32506138, 0.88807356), (-0.15848476, -0.359966, 0.91940576), (-0.9672934, -0.17936528, 0.1793647), (-0.9194063, -0.3599643, 0.15848568), (-0.88807505, -0.32505637, 0.32505557), (-0.9194066, -0.15848517, 0.35996392), (0.17936593, -0.9672932, 0.17936477), (0.35996583, -0.9194059, 0.1584849), (0.32505915, -0.8880743, 0.32505482), (0.15848656, -0.9194064, 0.3599636), (0.967293, -0.17936595, 0.17936572), (0.91940564, -0.15848699, 0.35996544), (0.8880728, -0.32505924, 0.3250587), (0.9194055, -0.35996586, 0.15848674), (0.17936774, -0.17936474, 0.96729285), (0.15848993, -0.3599635, 0.9194059), (0.3250652, -0.3250555, 0.88807184), (0.3599694, -0.1584852, 0.91940445), (-0.17936651, 0.967293, 0.17936538), (-0.35996687, 0.9194054, 0.15848489), (-0.32505915, 0.8880743, 0.32505482), (-0.15848656, 0.91940606, 0.3599647), (-0.96729296, 0.1793662, 0.17936562), (-0.91940576, 0.15848705, 0.35996523), (-0.8880729, 0.32505926, 0.3250582), (-0.91940534, 0.35996628, 0.15848656), (-0.17936738, 0.17936468, 0.96729296), (-0.15848924, 0.35996324, 0.9194062), (-0.3250638, 0.3250541, 0.8880728), (-0.3599687, 0.1584847, 0.91940475), (0.9672931, 0.17936607, 0.1793655), (0.9194055, 0.359966, 0.15848623), (0.88807344, 0.3250587, 0.32505763), (0.9194059, 0.15848671, 0.3599649), (-0.19509225, 8.3964017e-7, -0.9807849), (-0.19509213, -4.1188937e-8, -0.98078495), (-0.38268685, -8.079496e-8, -0.9238781), (-0.38268703, 0.0000016470132, -0.9238781), (-0.19509152, -3.0029863e-8, -0.980785), (-0.38268575, -5.890571e-8, -0.9238786), (-0.38268685, -8.079496e-8, -0.9238781), (-0.19509213, -4.1188937e-8, -0.98078495), (-0.9807851, 0, -0.19509132), (-0.9807851, 0, -0.19509128), (-0.9238788, 0, -0.3826853), (-0.9238787, 0, -0.3826853), (-0.98078513, 2.764526e-7, -0.1950912), (-0.92387885, 5.422803e-7, -0.38268507), (-0.9238788, 0, -0.3826853), (-0.9807851, 0, -0.19509128), (0.19509225, 8.8444773e-7, -0.9807849), (0.38268703, 0.0000017349078, -0.9238781), (0.3826873, 1.0541852e-7, -0.92387795), (0.19509238, 5.3741967e-8, -0.98078483), (0.9807851, 4.1870113e-8, -0.19509178), (0.98078483, 1.25530395e-8, -0.1950923), (0.92387795, 2.4623601e-8, -0.38268718), (0.9238784, 8.212857e-8, -0.38268614), (0.980785, 2.4713557e-7, -0.19509153), (0.9238786, 4.847743e-7, -0.38268572), (0.92387795, 2.4623601e-8, -0.38268718), (0.98078483, 1.25530395e-8, -0.1950923), (0.19509174, -1.1101418e-7, -0.980785), (0.19509238, 5.3741967e-8, -0.98078483), (0.3826873, 1.0541852e-7, -0.92387795), (0.3826861, -2.1776184e-7, -0.92387843), (-0.986388, -0.02529, 0.16247785), (-0.9469111, -0.05313726, 0.3170737), (-0.9792172, -0.14341141, 0.1434116), (-0.9953162, -0.04557506, 0.085256055), (-0.20480578, -0.18712306, 0.9607494), (-0.20865332, -0.35960385, 0.90947723), (-0.38893628, -0.32514524, 0.8619798), (-0.39121348, -0.16519368, 0.9053525), (-0.20480902, -0.9607483, 0.18712538), (-0.39121908, -0.90534973, 0.16519511), (-0.38894397, -0.8619752, 0.32514828), (-0.20865686, -0.90947473, 0.3596082), (-0.9863879, -0.1624784, 0.02529001), (-0.9953162, -0.08525602, 0.045575142), (-0.9792172, -0.14341141, 0.1434116), (-0.94691086, -0.3170747, 0.053137332), (0.9995841, -0.020392258, 0.020392258), (0.9953162, -0.085256204, 0.045575235), (0.9792172, -0.14341162, 0.14341168), (0.9953162, -0.045575097, 0.08525599), (0.98638785, -0.16247866, 0.025290119), (0.9469106, -0.3170752, 0.05313755), (0.9792172, -0.14341162, 0.14341168), (0.9953162, -0.085256204, 0.045575235), (0.20480914, -0.9607483, 0.18712527), (0.20865698, -0.9094748, 0.35960796), (0.38894415, -0.8619752, 0.32514778), (0.39121926, -0.9053497, 0.16519487), (0.20480539, -0.18712303, 0.96074957), (0.3912128, -0.16519365, 0.9053527), (0.3889347, -0.32514518, 0.8619805), (0.20865245, -0.35960376, 0.90947753), (0.9863879, -0.02528998, 0.16247797), (0.9953162, -0.045575097, 0.08525599), (0.9792172, -0.14341162, 0.14341168), (0.94691104, -0.053137228, 0.3170739), (-0.17936686, 0.17936878, -0.96729237), (-0.35996762, 0.15848929, -0.91940445), (-0.32505888, 0.32505995, -0.8880725), (-0.1584873, 0.35996974, -0.919404), (-0.9672928, 0.17936623, -0.17936708), (-0.91940534, 0.35996607, -0.15848719), (-0.8880724, 0.32505903, -0.3250601), (-0.9194047, 0.15848728, -0.3599676), (-0.17936517, 0.9672931, -0.1793661), (-0.15848605, 0.9194059, -0.35996532), (-0.32505745, 0.88807535, -0.3250537), (-0.35996446, 0.91940653, -0.15848395), (0.17936666, 0.17936873, -0.96729225), (0.15848698, 0.35996994, -0.919404), (0.32505822, 0.32506037, -0.88807255), (0.35996726, 0.15848932, -0.91940457), (0.17936516, 0.967293, -0.17936629), (0.3599645, 0.9194064, -0.15848437), (0.3250574, 0.8880749, -0.32505468), (0.15848604, 0.9194057, -0.35996583), (0.96729285, 0.17936622, -0.17936687), (0.91940486, 0.15848719, -0.35996723), (0.8880725, 0.3250589, -0.32505998), (0.9194054, 0.35996604, -0.15848713), (-0.98078537, 0.19508983, 0), (-0.9807855, 0.1950896, 0), (-0.9238801, 0.38268209, 0), (-0.92387986, 0.3826825, 0), (-0.98078537, 0.19508964, 0), (-0.92388004, 0.38268217, 0), (-0.9238801, 0.38268209, 0), (-0.9807855, 0.1950896, 0), (-0.1950885, 0.9807856, 0), (-0.19508831, 0.9807856, 0), (-0.38267964, 0.92388105, 0), (-0.38268003, 0.9238809, 0), (-0.19508882, 0.98078555, -1.8432718e-7), (-0.3826806, 0.92388076, -3.615709e-7), (-0.38267964, 0.92388105, 0), (-0.19508831, 0.9807856, 0), (0.9807853, 0.1950901, 0), (0.9238796, 0.38268307, 0), (0.92387986, 0.38268265, -1.6362864e-7), (0.98078537, 0.19508989, -8.341661e-8), (0.19508879, 0.9807856, 0), (0.38268054, 0.9238807, 0), (0.38267988, 0.923881, 0), (0.19508842, 0.9807856, 0), (0.98078537, 0.19508976, -5.102435e-8), (0.98078537, 0.19508989, -8.341661e-8), (0.92387986, 0.38268265, -1.6362864e-7), (0.92388, 0.38268238, -1.000879e-7), (-0.20480607, -0.18712406, -0.96074927), (-0.39121363, -0.16519362, -0.9053524), (-0.38894144, -0.325143, -0.86197823), (-0.20865633, -0.359605, -0.9094761), (-0.9995841, -0.020392254, -0.02039213), (-0.99531615, -0.08525665, -0.045574944), (-0.97921705, -0.14341168, -0.14341214), (-0.99531615, -0.045574863, -0.0852569), (-0.98638785, -0.1624789, -0.025289947), (-0.94691044, -0.31707576, -0.053137086), (-0.97921705, -0.14341168, -0.14341214), (-0.99531615, -0.08525665, -0.045574944), (-0.2048101, -0.9607481, -0.18712547), (-0.20865907, -0.9094742, -0.35960838), (-0.3889476, -0.8619742, -0.32514673), (-0.3912209, -0.90534914, -0.16519447), (0.20480461, -0.1871241, -0.9607495), (0.20865314, -0.35960507, -0.90947676), (0.38893652, -0.32514346, -0.8619803), (0.39121115, -0.16519381, -0.9053534), (0.20480952, -0.9607481, -0.18712592), (0.39121988, -0.9053494, -0.1651952), (0.38894543, -0.8619745, -0.3251484), (0.20865807, -0.9094741, -0.35960916), (0.98638785, -0.16247885, -0.025290115), (0.99531615, -0.08525647, -0.045575332), (0.979217, -0.14341144, -0.14341246), (0.9469105, -0.31707558, -0.053137526), (0.9995841, -0.020392224, -0.020392349), (0.9953162, -0.04557493, -0.08525648), (0.979217, -0.14341144, -0.14341246), (0.99531615, -0.08525647, -0.045575332), (-0.19509009, 0.9807853, 0.000003904791), (-0.1950881, 0.9807857, 0), (-0.38267928, 0.92388135, 0), (-0.38268292, 0.9238797, 0.000007659534), (-0.19508822, 0.9807857, 0), (-0.3826795, 0.9238812, 0), (-0.38267928, 0.92388135, 0), (-0.1950881, 0.9807857, 0), (-0.98078537, 0.19508964, 0), (-0.98078537, 0.1950898, 0), (-0.92388, 0.38268247, 0), (-0.92388004, 0.38268217, 0), (-0.98078525, 0.19509017, 0), (-0.9238797, 0.38268322, 0), (-0.92388, 0.38268247, 0), (-0.98078537, 0.1950898, 0), (0.19509012, 0.9807853, 0.0000028431057), (0.38268304, 0.9238797, 0.000005576963), (0.38267946, 0.9238812, -4.827345e-7), (0.19508821, 0.9807857, -2.4609582e-7), (0.9807853, 0.19509037, 8.341711e-8), (0.9807853, 0.19509009, 8.3417106e-8), (0.92387974, 0.38268298, 1.6362854e-7), (0.9238795, 0.38268346, 1.6362932e-7), (0.19508833, 0.9807856, -2.4609582e-7), (0.19508821, 0.9807857, -2.4609582e-7), (0.38267946, 0.9238812, -4.827345e-7), (0.38267973, 0.9238811, -4.827346e-7), (-0.19508876, -5.038411e-7, 0.98078555), (-0.19508876, 0, 0.98078555), (-0.3826805, 0, 0.92388076), (-0.3826805, -9.883205e-7, 0.9238807), (-0.19508855, 0.0000014393861, 0.9807856), (-0.3826801, 0.0000028234613, 0.9238809), (-0.3826805, 0, 0.92388076), (-0.19508876, 0, 0.98078555), (-0.98078555, 5.528991e-7, 0.19508888), (-0.98078555, 0, 0.19508904), (-0.9238806, 0, 0.38268107), (-0.92388064, 0.0000010845475, 0.38268065), (-0.98078555, -1.6265187e-7, 0.19508909), (-0.9238805, -3.1905282e-7, 0.3826811), (-0.9238806, 0, 0.38268107), (-0.98078555, 0, 0.19508904), (0.19508886, -8.333531e-7, 0.98078555), (0.38268068, -0.0000016346821, 0.9238807), (0.38268033, 1.12352275e-7, 0.9238808), (0.19508865, 5.7272096e-8, 0.98078555), (0.9807855, -1.05379556e-7, 0.19508916), (0.9807855, -2.5104889e-8, 0.19508927), (0.9238803, -4.924682e-8, 0.3826814), (0.9238804, -2.0670839e-7, 0.38268128), (0.9807856, 3.9741377e-7, 0.19508882), (0.92388076, 7.7955025e-7, 0.38268057), (0.9238803, -4.924682e-8, 0.3826814), (0.9807855, -2.5104889e-8, 0.19508927), (0.19508836, 0.0000017062238, 0.9807856), (0.19508865, 5.7272096e-8, 0.98078555), (0.38268033, 1.12352275e-7, 0.9238808), (0.38267973, 0.0000033468837, 0.92388105), (-0.96729314, 0.17936632, 0.17936492), (-0.91940635, 0.15848668, 0.35996386), (-0.8880742, 0.3250574, 0.32505685), (-0.9194058, 0.35996553, 0.1584854), (-0.17936549, 0.17936762, 0.9672928), (-0.158488, 0.3599663, 0.9194051), (-0.3250605, 0.3250575, 0.88807285), (-0.3599648, 0.15848927, 0.9194055), (0.1793661, 0.9672927, 0.17936693), (0.15848553, 0.9194072, 0.3599622), (0.32505652, 0.8880765, 0.32505113), (0.3599658, 0.91940516, 0.15848897), (0.1793654, 0.17936742, 0.9672928), (0.35996455, 0.15848894, 0.91940564), (0.32506016, 0.3250572, 0.8880731), (0.15848784, 0.35996616, 0.91940516), (0.96729314, 0.17936623, 0.17936474), (0.9194059, 0.35996556, 0.15848537), (0.8880742, 0.3250574, 0.32505685), (0.91940653, 0.15848652, 0.3599636), (-0.17936417, -0.17936489, -0.96729344), (-0.15848513, -0.3599633, -0.91940683), (-0.32505506, -0.32505345, -0.8880763), (-0.35996202, -0.15848562, -0.91940725), (-0.17936307, -0.9672935, -0.17936608), (-0.35995996, -0.91940796, -0.15848617), (-0.32504997, -0.88807666, -0.3250575), (-0.15848275, -0.91940624, -0.3599659), (-0.9672934, -0.17936404, -0.1793655), (-0.9194061, -0.15848598, -0.35996473), (-0.8880741, -0.32505494, -0.32505926), (-0.91940683, -0.35996228, -0.15848699), (0.17936465, -0.17936517, -0.9672934), (0.35996318, -0.1584851, -0.91940683), (0.3250573, -0.32505354, -0.8880754), (0.15848555, -0.35996357, -0.9194066), (0.967293, -0.17936473, -0.17936654), (0.9194063, -0.35996324, -0.1584881), (0.8880741, -0.32505718, -0.32505733), (0.91940624, -0.15848649, -0.35996422), (0.17936462, -0.96729285, -0.17936827), (0.15848714, -0.91940594, -0.35996482), (0.3250589, -0.88807446, -0.32505462), (0.3599631, -0.91940594, -0.15849085), (-0.17936404, -0.17936598, 0.96729326), (-0.35996172, -0.15848799, 0.91940695), (-0.32505438, -0.32505786, 0.8880749), (-0.15848471, -0.35996547, 0.919406), (-0.9672934, -0.17936453, 0.17936505), (-0.91940653, -0.3599634, 0.1584864), (-0.88807356, -0.32505715, 0.32505876), (-0.9194063, -0.15848662, 0.35996392), (-0.1793651, -0.967293, 0.1793664), (-0.15848663, -0.91940516, 0.35996664), (-0.3250583, -0.88807255, 0.32506046), (-0.35996404, -0.91940606, 0.15848777), (0.17936462, -0.17936517, 0.9672934), (0.15848593, -0.3599639, 0.9194064), (0.32505736, -0.3250544, 0.88807505), (0.35996303, -0.15848628, 0.91940665), (0.17936447, -0.9672941, 0.17936145), (0.359963, -0.9194083, 0.15847729), (0.32505733, -0.888076, 0.32505193), (0.1584859, -0.9194069, 0.35996252), (0.96729374, -0.17936432, 0.17936362), (0.9194064, -0.15848613, 0.35996392), (0.88807386, -0.32505608, 0.32505876), (0.919407, -0.35996282, 0.15848468), (-0.1950909, -2.453748e-7, -0.9807852), (-0.38268435, -4.813189e-7, -0.9238791), (-0.38268512, -3.7499674e-7, -0.9238788), (-0.19509123, -1.9117623e-7, -0.9807851), (-0.98078525, 1.3303311e-7, -0.19509049), (-0.9807851, -7.95341e-7, -0.19509135), (-0.92387867, -6.9817935e-7, -0.38268548), (-0.9238794, 2.220213e-7, -0.38268366), (-0.9807851, -1.3753937e-7, -0.19509098), (-0.923879, 0, -0.38268474), (-0.92387867, -6.9817935e-7, -0.38268548), (-0.9807851, -7.95341e-7, -0.19509135), (-0.1950912, 2.1147746e-7, -0.98078513), (-0.19509123, -1.9117623e-7, -0.9807851), (-0.38268512, -3.7499674e-7, -0.9238788), (-0.38268512, 4.1482727e-7, -0.9238788), (0.19509076, 4.800055e-7, -0.9807852), (0.3826845, 9.4156496e-7, -0.9238791), (0.38268393, 2.1341495e-7, -0.9238793), (0.19509067, 1.0879288e-7, -0.98078525), (0.9807851, 6.4887064e-7, -0.19509126), (0.98078513, 2.6416943e-8, -0.19509101), (0.92387885, 5.182742e-8, -0.38268492), (0.92387885, 6.9818367e-7, -0.38268527), (0.9807852, -1.9238549e-7, -0.19509093), (0.9238791, -4.163091e-7, -0.38268453), (0.92387885, 5.182742e-8, -0.38268492), (0.98078513, 2.6416943e-8, -0.19509101), (0.19509104, -2.775973e-7, -0.9807851), (0.19509067, 1.0879288e-7, -0.98078525), (0.38268393, 2.1341495e-7, -0.9238793), (0.38268465, -5.445263e-7, -0.9238791), (-0.19509082, 4.104754e-7, 0.98078513), (-0.19509178, -1.6475556e-7, 0.980785), (-0.3826864, -3.2317993e-7, 0.9238783), (-0.3826846, 8.051768e-7, 0.9238791), (-0.19509156, -1.8986975e-7, 0.9807851), (-0.38268554, -3.7244246e-7, 0.92387867), (-0.3826864, -3.2317993e-7, 0.9238783), (-0.19509178, -1.6475556e-7, 0.980785), (-0.98078537, -3.1395183e-7, 0.1950894), (-0.9807855, -6.0416625e-7, 0.19508953), (-0.9238803, -3.2318152e-7, 0.38268182), (-0.9238802, -3.4604565e-7, 0.38268182), (-0.98078555, 2.732063e-7, 0.195089), (-0.9238806, 4.9698303e-7, 0.38268086), (-0.9238803, -3.2318152e-7, 0.38268182), (-0.9807855, -6.0416625e-7, 0.19508953), (0.1950907, 2.6291187e-7, 0.9807852), (0.19509049, -2.6419647e-8, 0.98078525), (0.3826837, -5.182401e-8, 0.92387944), (0.3826841, 5.15719e-7, 0.92387927), (0.19509032, 8.09624e-8, 0.9807853), (0.38268358, 1.5881575e-7, 0.9238795), (0.3826837, -5.182401e-8, 0.92387944), (0.19509049, -2.6419647e-8, 0.98078525), (0.9807853, 5.762999e-7, 0.19509025), (0.98078525, -2.6419185e-8, 0.19509064), (0.92387927, -5.1823047e-8, 0.382684), (0.9238796, 0.000001091522, 0.3826832), (0.98078537, -6.831802e-8, 0.19508986), (0.92387986, -7.086339e-7, 0.38268256), (0.92387927, -5.1823047e-8, 0.382684), (0.98078525, -2.6419185e-8, 0.19509064), (-0.17936525, 0.9672934, -0.17936452), (-0.15848598, 0.9194068, -0.35996303), (-0.3250568, 0.8880756, -0.32505357), (-0.35996422, 0.91940653, -0.15848427), (-0.17936647, 0.17936675, -0.96729267), (-0.35996667, 0.15848684, -0.9194052), (-0.32505363, 0.32505822, -0.88807505), (-0.158484, 0.3599677, -0.9194053), (-0.96729326, 0.17936453, -0.179366), (-0.9194067, 0.3599632, -0.15848604), (-0.88807523, 0.32505423, -0.32505718), (-0.91940594, 0.15848516, -0.35996556), (0.17936498, 0.9672934, -0.17936479), (0.35996398, 0.9194066, -0.15848474), (0.32505664, 0.88807523, -0.3250545), (0.15848617, 0.91940653, -0.35996342), (0.9672934, 0.17936426, -0.17936563), (0.9194062, 0.15848519, -0.35996494), (0.8880751, 0.32505447, -0.32505715), (0.91940683, 0.35996273, -0.15848593), (0.17936583, 0.17936675, -0.9672929), (0.15848295, 0.3599677, -0.91940546), (0.32505155, 0.32505828, -0.88807577), (0.3599654, 0.15848687, -0.91940564), (-0.17936666, -0.96729285, -0.17936568), (-0.35996705, -0.9194053, -0.15848553), (-0.3250603, -0.88807344, -0.32505602), (-0.15848778, -0.9194055, -0.35996535), (-0.96729296, -0.1793656, -0.17936642), (-0.9194053, -0.15848623, -0.35996667), (-0.88807344, -0.3250571, -0.32505924), (-0.91940564, -0.35996523, -0.15848702), (-0.17936699, -0.1793669, -0.9672926), (-0.15848513, -0.35996783, -0.919405), (-0.32505587, -0.32505828, -0.88807416), (-0.3599678, -0.15848662, -0.9194048), (0.17936634, -0.9672928, -0.17936666), (0.15848784, -0.91940486, -0.3599672), (0.32505983, -0.88807213, -0.32505983), (0.35996675, -0.91940504, -0.15848744), (0.17936696, -0.17936656, -0.9672926), (0.359968, -0.15848579, -0.9194049), (0.32505694, -0.32505667, -0.88807446), (0.15848592, -0.35996696, -0.91940516), (0.9672932, -0.17936456, -0.1793662), (0.91940653, -0.35996315, -0.1584872), (0.8880744, -0.32505393, -0.32505956), (0.91940576, -0.15848468, -0.35996616), (-0.17936522, 0.9672934, 0.17936476), (-0.3599642, 0.91940653, 0.15848474), (-0.32505664, 0.88807523, 0.3250545), (-0.15848592, 0.9194066, 0.3599635), (-0.96729296, 0.17936537, 0.17936644), (-0.9194051, 0.15848693, 0.3599668), (-0.8880734, 0.32505783, 0.32505837), (-0.91940594, 0.359965, 0.15848652), (-0.17936689, 0.17936663, 0.9672926), (-0.1584849, 0.35996756, 0.91940516), (-0.32505542, 0.32505783, 0.8880746), (-0.35996747, 0.15848663, 0.91940486), (0.17936493, 0.9672934, 0.17936501), (0.15848613, 0.9194064, 0.3599639), (0.32505655, 0.88807493, 0.32505548), (0.35996398, 0.91940653, 0.15848523), (0.17936641, 0.17936645, 0.9672928), (0.35996678, 0.15848614, 0.9194053), (0.325055, 0.32505688, 0.88807505), (0.15848498, 0.35996708, 0.9194054), (0.9672932, 0.17936455, 0.1793662), (0.91940653, 0.3599633, 0.15848659), (0.8880743, 0.32505548, 0.32505843), (0.9194056, 0.15848579, 0.35996622), (-0.17936666, -0.96729285, 0.17936568), (-0.15848778, -0.9194055, 0.35996535), (-0.3250603, -0.88807344, 0.32505602), (-0.35996705, -0.9194053, 0.15848553), (-0.17936708, -0.17936702, 0.9672926), (-0.35996795, -0.1584868, 0.91940475), (-0.32505617, -0.3250586, 0.8880739), (-0.15848528, -0.359968, 0.9194049), (-0.967293, -0.17936526, 0.17936635), (-0.9194062, -0.35996452, 0.15848644), (-0.88807446, -0.3250556, 0.32505804), (-0.91940546, -0.15848555, 0.35996667), (0.17936634, -0.9672928, 0.17936666), (0.35996675, -0.91940504, 0.15848744), (0.32505983, -0.88807213, 0.32505983), (0.15848784, -0.91940486, 0.3599672), (0.9672931, -0.17936511, 0.17936616), (0.91940546, -0.15848592, 0.35996634), (0.8880739, -0.32505646, 0.3250586), (0.9194062, -0.35996437, 0.15848666), (0.17936632, -0.17936654, 0.96729285), (0.15848483, -0.35996693, 0.91940546), (0.3250547, -0.32505658, 0.8880753), (0.35996667, -0.15848576, 0.91940534), (-0.8407057, 0.19514968, 0.5051044), (-0.79183924, 0.38278997, 0.47588068), (-0.7919977, 0.38268423, 0.47570193), (-0.84078074, 0.19509076, 0.5050023), (-0.16723295, 0.9807812, 0.10050594), (-0.1672421, 0.9807851, 0.10045217), (-0.32805726, 0.9238789, 0.19704333), (-0.32803768, 0.9238627, 0.1971525), (-0.16729154, 0.9807801, 0.10041858), (-0.32814786, 0.9238604, 0.19697961), (-0.32805726, 0.9238789, 0.19704333), (-0.1672421, 0.9807851, 0.10045217), (-0.8408382, 0.1951384, 0.5048883), (-0.84078074, 0.19509076, 0.5050023), (-0.7919977, 0.38268423, 0.47570193), (-0.7920976, 0.3827788, 0.4754595), (-0.84083945, -0.19513781, 0.5048863), (-0.7921005, -0.3827773, 0.47545603), (-0.79199946, -0.38268015, 0.47570235), (-0.8407812, -0.1950886, 0.5050024), (-0.16729231, -0.9807805, 0.10041315), (-0.16724044, -0.9807856, 0.1004502), (-0.32805458, -0.9238805, 0.19704044), (-0.32814854, -0.92386186, 0.19697165), (-0.16723283, -0.9807816, 0.1005012), (-0.32803634, -0.92386395, 0.19714849), (-0.32805458, -0.9238805, 0.19704044), (-0.16724044, -0.9807856, 0.1004502), (-0.8407061, -0.19514684, 0.50510496), (-0.8407812, -0.1950886, 0.5050024), (-0.79199946, -0.38268015, 0.47570235), (-0.7918407, -0.38278487, 0.4758824), (0.16729222, 0.9807805, -0.10041457), (0.32814825, 0.9238615, -0.19697398), (0.32805502, 0.92388016, -0.19704127), (0.16724083, 0.98078555, -0.100450315), (0.84083635, 0.19513944, -0.5048909), (0.84078115, 0.1950907, -0.5050017), (0.79199845, 0.38268384, -0.47570115), (0.79209673, 0.38277987, -0.47546002), (0.840706, 0.19514896, -0.5051043), (0.79183966, 0.38278952, -0.47588024), (0.79199845, 0.38268384, -0.47570115), (0.84078115, 0.1950907, -0.5050017), (0.16723335, 0.9807814, -0.10050285), (0.16724083, 0.98078555, -0.100450315), (0.32805502, 0.92388016, -0.19704127), (0.32803714, 0.92386377, -0.19714811), (0.84083664, -0.19513759, -0.50489116), (0.79209745, -0.38277796, -0.47546056), (0.79199755, -0.38268402, -0.47570235), (0.84078074, -0.19509053, -0.5050023), (0.16729032, -0.98078036, -0.10041789), (0.1672414, -0.9807855, -0.10044972), (0.32805544, -0.9238805, -0.19703913), (0.32814568, -0.92386216, -0.19697528), (0.16723143, -0.9807817, -0.10050287), (0.32803488, -0.9238651, -0.19714606), (0.32805544, -0.9238805, -0.19703913), (0.1672414, -0.9807855, -0.10044972), (0.84070617, -0.19514833, -0.50510424), (0.84078074, -0.19509053, -0.5050023), (0.79199755, -0.38268402, -0.47570235), (0.79184043, -0.3827878, -0.47588047), (-0.1793664, 0.17936692, -0.96729267), (-0.35996678, 0.15848659, -0.9194052), (-0.3250589, 0.32505912, -0.8880727), (-0.15848722, 0.35996795, -0.9194046), (-0.96729296, 0.17936516, -0.1793666), (-0.9194053, 0.35996586, -0.158488), (-0.8880726, 0.32505834, -0.32506028), (-0.9194051, 0.15848581, -0.35996747), (-0.1793654, 0.9672932, -0.1793653), (-0.1584854, 0.91940594, -0.35996532), (-0.3250563, 0.88807577, -0.32505363), (-0.35996455, 0.91940653, -0.15848383), (0.17936532, 0.17936647, -0.967293), (0.15848604, 0.35996702, -0.9194052), (0.3250565, 0.3250574, -0.88807434), (0.35996452, 0.158486, -0.9194062), (0.17936528, 0.96729344, -0.17936403), (0.35996425, 0.919407, -0.15848172), (0.32505545, 0.888078, -0.32504845), (0.15848505, 0.919407, -0.35996282), (0.96729326, 0.17936571, -0.17936464), (0.91940695, 0.15848508, -0.35996297), (0.8880749, 0.32505706, -0.32505545), (0.91940594, 0.35996526, -0.15848535), (-0.17936471, 0.179365, 0.9672934), (-0.15848534, 0.35996395, 0.91940653), (-0.32505593, 0.3250577, 0.88807434), (-0.35996297, 0.15848628, 0.9194067), (-0.17936468, 0.9672936, 0.17936368), (-0.35996336, 0.91940707, 0.158483), (-0.3250542, 0.8880776, 0.32505098), (-0.1584842, 0.91940796, 0.35996088), (-0.96729326, 0.1793652, 0.17936529), (-0.9194063, 0.1584856, 0.3599646), (-0.8880733, 0.32505822, 0.3250585), (-0.9194055, 0.3599658, 0.15848729), (0.1793659, 0.17936489, 0.9672932), (0.35996494, 0.15848605, 0.919406), (0.3250596, 0.32505783, 0.8880731), (0.15848714, 0.3599642, 0.9194062), (0.9672929, 0.17936674, 0.17936556), (0.9194055, 0.35996583, 0.15848713), (0.88807344, 0.32505807, 0.32505816), (0.9194056, 0.15848699, 0.35996556), (0.17936523, 0.96729344, 0.17936423), (0.1584847, 0.91940737, 0.35996193), (0.32505527, 0.88807625, 0.32505313), (0.35996434, 0.9194066, 0.15848412), (-0.17936651, -0.17936629, -0.9672928), (-0.15848778, -0.3599662, -0.9194052), (-0.3250592, -0.32505953, -0.8880725), (-0.35996687, -0.1584874, -0.919405), (-0.17936681, -0.9672924, -0.17936796), (-0.35996783, -0.9194044, -0.15848851), (-0.32505816, -0.88807267, -0.3250603), (-0.15848726, -0.9194044, -0.35996863), (-0.96729285, -0.1793663, -0.17936653), (-0.9194048, -0.15848757, -0.35996735), (-0.8880726, -0.3250584, -0.3250603), (-0.9194057, -0.35996485, -0.15848823), (0.1793655, -0.17936555, -0.9672931), (0.35996518, -0.15848579, -0.91940594), (0.3250579, -0.3250565, -0.8880741), (0.15848628, -0.3599648, -0.919406), (0.96729314, -0.17936608, -0.17936541), (0.9194055, -0.35996613, -0.15848684), (0.8880739, -0.32505652, -0.3250586), (0.9194062, -0.15848649, -0.35996437), (0.17936704, -0.96729267, -0.17936635), (0.15848581, -0.9194049, -0.35996777), (0.3250579, -0.8880734, -0.32505843), (0.35996857, -0.91940475, -0.15848528), (-0.17936473, -0.1793635, 0.9672936), (-0.35996345, -0.15848507, 0.9194068), (-0.3250571, -0.32505527, 0.8880749), (-0.15848595, -0.35996094, 0.9194076), (-0.96729314, -0.17936577, 0.17936508), (-0.9194064, -0.35996366, 0.15848646), (-0.8880744, -0.32505602, 0.32505742), (-0.9194065, -0.15848593, 0.35996395), (-0.17936692, -0.9672931, 0.1793642), (-0.15848601, -0.9194064, 0.35996386), (-0.3250576, -0.88807386, 0.3250576), (-0.3599676, -0.9194052, 0.15848513), (0.1793663, -0.17936438, 0.9672932), (0.1584897, -0.35996142, 0.9194067), (0.3250652, -0.32505563, 0.88807184), (0.3599677, -0.15848447, 0.91940516), (0.17936994, -0.9672924, 0.17936502), (0.3599734, -0.9194025, 0.15848707), (0.32506865, -0.88807046, 0.32505572), (0.15849182, -0.91940564, 0.35996324), (0.9672927, -0.17936698, 0.17936634), (0.91940486, -0.15848593, 0.35996777), (0.88807094, -0.32506096, 0.32506204), (0.91940427, -0.3599683, 0.15848863), (-0.9199055, -0.17849357, 0.3491616), (-0.9199053, 0.17849301, 0.3491625), (-0.97227466, 0.15665144, 0.17361566), (-0.9722745, -0.15665306, 0.17361511), (-0.8114592, -0.15665261, -0.5630221), (-0.8114585, 0.15665372, -0.5630228), (-0.69059056, 0.17855994, -0.7008574), (-0.6905914, -0.17855957, -0.7008567), (-0.39403465, -0.18087667, -0.9011217), (-0.39403418, 0.18087684, -0.90112185), (-0.21536875, 0.16119464, -0.9631369), (-0.21536875, -0.16119486, -0.9631368), (0.5971689, -0.16119501, -0.7857516), (0.5971686, 0.16119538, -0.7857517), (0.73366064, 0.18082184, -0.6550157), (0.7336614, -0.18082035, -0.6550151), (-0.6905914, -0.17855957, -0.7008567), (-0.39403465, -0.18087667, -0.9011217), (-0.38793066, -0.36389986, -0.8468096), (-0.64981467, -0.3573272, -0.67086375), (-0.33337343, -0.9170509, -0.21881445), (-0.06150353, -0.921959, -0.38237277), (0.052810855, -0.9687937, -0.24217719), (-0.25307897, -0.96586347, -0.05530593), (-0.39403418, 0.18087684, -0.90112185), (-0.69059056, 0.17855994, -0.7008574), (-0.6498135, 0.35732767, -0.6708646), (-0.38793018, 0.3638999, -0.84680986), (-0.061504513, 0.9219581, -0.38237473), (-0.33337387, 0.9170502, -0.21881704), (-0.25307792, 0.9658639, -0.055303894), (0.05281251, 0.96879345, -0.24217789), (0.39403403, -0.18087436, 0.90112245), (0.39403373, 0.18087645, 0.9011221), (0.21536733, 0.16119452, 0.9631372), (0.21536852, -0.16119301, 0.9631371), (-0.5971652, -0.16119409, 0.78575444), (-0.5971678, 0.16119395, 0.78575265), (-0.73365957, 0.18082137, 0.6550171), (-0.7336594, -0.18081996, 0.6550176), (0.9199035, -0.17849384, -0.34916678), (0.9199037, 0.17849456, -0.34916586), (0.972275, 0.15665278, -0.17361273), (0.9722747, -0.15665269, -0.17361398), (0.81145966, -0.1566518, 0.5630217), (0.8114598, 0.15665345, 0.56302106), (0.6905915, 0.1785596, 0.70085657), (0.69059116, -0.17855734, 0.70085746), (-0.052812696, -0.9687945, 0.2421735), (0.2530772, -0.96586424, 0.055300757), (0.33337423, -0.9170509, 0.21881314), (0.061504178, -0.92195976, 0.38237068), (0.38793042, -0.363895, 0.84681195), (0.6498133, -0.3573235, 0.6708671), (0.69059116, -0.17855734, 0.70085746), (0.39403403, -0.18087436, 0.90112245), (0.25307927, 0.9658634, 0.055306453), (-0.05281215, 0.9687931, 0.24217923), (0.061503083, 0.9219588, 0.38237327), (0.33337352, 0.9170503, 0.21881688), (0.6498141, 0.3573266, 0.6708646), (0.38793018, 0.36389878, 0.8468104), (0.39403373, 0.18087645, 0.9011221), (0.6905915, 0.1785596, 0.70085657), (-0.8407057, 0.19514968, 0.5051044), (-0.73365957, 0.18082137, 0.6550171), (-0.70540845, 0.3637801, 0.608328), (-0.79183924, 0.38278997, 0.47588068), (-0.32803768, 0.9238627, 0.1971525), (-0.21520601, 0.9219658, 0.32197115), (-0.05281215, 0.9687931, 0.24217923), (-0.16723295, 0.9807812, 0.10050594), (-0.84083945, -0.19513781, 0.5048863), (-0.9199055, -0.17849357, 0.3491616), (-0.87042814, -0.35719275, 0.33877465), (-0.7921005, -0.3827773, 0.47545603), (-0.32814854, -0.92386186, 0.19697165), (-0.39423206, -0.91705716, 0.059893757), (-0.25307897, -0.96586347, -0.05530593), (-0.16729231, -0.9807805, 0.10041315), (0.16729222, 0.9807805, -0.10041457), (0.25307927, 0.9658634, 0.055306453), (0.3942315, 0.9170574, -0.059893828), (0.32814825, 0.9238615, -0.19697398), (0.79209673, 0.38277987, -0.47546002), (0.8704263, 0.35719448, -0.3387774), (0.9199037, 0.17849456, -0.34916586), (0.84083635, 0.19513944, -0.5048909), (0.84083664, -0.19513759, -0.50489116), (0.9199035, -0.17849384, -0.34916678), (0.87042713, -0.35719192, -0.33877802), (0.79209745, -0.38277796, -0.47546056), (0.32814568, -0.92386216, -0.19697528), (0.39422953, -0.91705805, -0.059897844), (0.2530772, -0.96586424, 0.055300757), (0.16729032, -0.98078036, -0.10041789), (-0.17936692, 0.9672926, -0.17936695), (0.17936724, 0.96729267, -0.17936632), (0.15848643, 0.91940516, -0.35996687), (-0.1584857, 0.91940475, -0.3599682), (-0.15848477, 0.35996523, -0.9194062), (0.15848474, 0.359965, -0.9194062), (0.17936458, 0.17936558, -0.96729326), (-0.17936516, 0.17936562, -0.9672932), (-0.17936514, 0.17936556, 0.9672932), (0.17936474, 0.1793652, 0.9672933), (0.15848596, 0.3599642, 0.91940635), (-0.15848598, 0.3599651, 0.91940594), (-0.1584863, 0.9194049, 0.3599676), (0.15848643, 0.91940504, 0.35996726), (0.17936736, 0.9672926, 0.1793666), (-0.17936775, 0.9672924, 0.17936675), (0.17936724, 0.96729267, -0.17936632), (0.17936736, 0.9672926, 0.1793666), (0.35996863, 0.9194046, 0.15848568), (0.3599683, 0.91940475, -0.15848565), (0.9194054, 0.35996738, -0.15848431), (0.9194047, 0.35996804, 0.15848666), (0.96729285, 0.1793669, 0.17936596), (0.96729326, 0.17936671, -0.1793637), (-0.17936775, 0.9672924, 0.17936675), (-0.17936692, 0.9672926, -0.17936695), (-0.35996777, 0.9194048, -0.1584869), (-0.35996905, 0.9194044, 0.1584861), (-0.9194053, 0.35996744, 0.15848446), (-0.91940564, 0.3599661, -0.15848565), (-0.9672931, 0.17936626, -0.17936474), (-0.967293, 0.17936704, 0.17936438), (-0.17936552, -0.17936395, -0.96729344), (0.17936514, -0.17936397, -0.96729356), (0.15848565, -0.35996187, -0.91940725), (-0.15848583, -0.35996196, -0.9194072), (-0.15848589, -0.91940665, -0.35996345), (0.1584862, -0.9194071, -0.3599621), (0.17936589, -0.9672934, -0.17936388), (-0.17936589, -0.96729326, -0.17936455), (-0.17936656, -0.967293, 0.17936502), (0.1793664, -0.96729314, 0.17936468), (0.15848699, -0.9194064, 0.3599635), (-0.15848699, -0.9194062, 0.35996416), (-0.15848634, -0.3599614, 0.9194073), (0.158487, -0.35996187, 0.919407), (0.17936586, -0.1793638, 0.9672934), (-0.1793651, -0.1793637, 0.96729356), (0.96729326, -0.17936525, -0.17936479), (0.96729314, -0.17936537, 0.17936565), (0.91940635, -0.35996434, 0.15848544), (0.9194063, -0.359964, -0.1584863), (0.35996568, -0.9194057, -0.15848623), (0.35996687, -0.91940504, 0.15848751), (0.1793664, -0.96729314, 0.17936468), (0.17936589, -0.9672934, -0.17936388), (-0.9672932, -0.17936541, 0.17936541), (-0.9672932, -0.17936529, -0.17936529), (-0.91940606, -0.35996467, -0.15848646), (-0.9194058, -0.3599651, 0.15848628), (-0.35996717, -0.91940475, 0.15848798), (-0.35996568, -0.9194054, -0.15848763), (-0.17936589, -0.96729326, -0.17936455), (-0.17936656, -0.967293, 0.17936502), (-0.17936502, 0.96729326, -0.17936529), (0.17936477, 0.9672932, -0.17936587), (0.15848468, 0.919406, -0.35996565), (-0.15848531, 0.9194063, -0.35996443), (-0.15848562, 0.35996586, -0.91940576), (0.15848672, 0.35996622, -0.9194054), (0.17936635, 0.17936599, -0.96729285), (-0.17936558, 0.179366, -0.9672931), (-0.17936471, -0.17936288, -0.9672938), (0.17936635, -0.179364, -0.96729326), (0.15848699, -0.3599622, -0.9194069), (-0.1584848, -0.35996047, -0.9194079), (-0.158485, -0.91940707, -0.35996264), (0.15848805, -0.919406, -0.35996407), (0.17936592, -0.96729314, -0.17936516), (-0.17936361, -0.9672936, -0.17936447), (-0.1950909, -2.453748e-7, -0.9807852), (-0.17936471, -0.17936288, -0.9672938), (-0.35996363, -0.15848443, -0.9194068), (-0.38268435, -4.813189e-7, -0.9238791), (-0.9238794, 2.220213e-7, -0.38268366), (-0.91940624, -0.15848404, -0.3599653), (-0.9672936, -0.17936286, -0.17936578), (-0.98078525, 1.3303311e-7, -0.19509049), (0.19509076, 4.800055e-7, -0.9807852), (0.17936635, 0.17936599, -0.96729285), (0.3599665, 0.15848681, -0.9194053), (0.3826845, 9.4156496e-7, -0.9238791), (0.92387885, 6.9818367e-7, -0.38268527), (0.91940576, 0.15848638, -0.35996562), (0.9672931, 0.17936565, -0.17936589), (0.9807851, 6.4887064e-7, -0.19509126), (-0.17936656, 0.17936543, 0.96729296), (0.17936634, 0.17936572, 0.96729296), (0.1584863, 0.3599658, 0.9194056), (-0.15848759, 0.3599651, 0.91940564), (-0.15848508, 0.9194064, 0.35996407), (0.15848534, 0.91940665, 0.35996348), (0.1793651, 0.9672934, 0.17936476), (-0.17936501, 0.9672934, 0.1793651), (-0.17936398, -0.967294, 0.17936276), (0.17936476, -0.96729386, 0.17936261), (0.1584848, -0.9194084, 0.35995933), (-0.1584852, -0.91940826, 0.35995957), (-0.15848577, -0.35996357, 0.9194066), (0.15848589, -0.3599636, 0.91940653), (0.17936595, -0.17936407, 0.9672934), (-0.17936534, -0.17936413, 0.96729344), (-0.98078555, 2.732063e-7, 0.195089), (-0.96729344, -0.17936395, 0.17936578), (-0.9194058, -0.15848641, 0.35996523), (-0.9238806, 4.9698303e-7, 0.38268086), (-0.3826846, 8.051768e-7, 0.9238791), (-0.35996434, -0.15848435, 0.9194065), (-0.17936534, -0.17936413, 0.96729344), (-0.19509082, 4.104754e-7, 0.98078513), (0.98078537, -6.831802e-8, 0.19508986), (0.9672932, 0.1793664, 0.17936459), (0.9194065, 0.15848793, 0.35996306), (0.92387986, -7.086339e-7, 0.38268256), (0.3826841, 5.15719e-7, 0.92387927), (0.35996616, 0.1584866, 0.9194055), (0.17936634, 0.17936572, 0.96729296), (0.1950907, 2.6291187e-7, 0.9807852), (0.967293, -0.17936556, -0.17936638), (0.9672932, -0.17936453, 0.1793661), (0.91940594, -0.3599648, 0.15848723), (0.9194055, -0.35996592, -0.15848666), (0.359966, -0.9194057, -0.15848511), (0.35996324, -0.9194071, 0.15848346), (0.17936476, -0.96729386, 0.17936261), (0.17936592, -0.96729314, -0.17936516), (-0.96729344, -0.17936395, 0.17936578), (-0.9672936, -0.17936286, -0.17936578), (-0.9194071, -0.3599618, -0.15848652), (-0.9194062, -0.35996354, 0.15848826), (-0.35996196, -0.91940767, 0.15848325), (-0.35996142, -0.9194078, -0.15848367), (-0.17936361, -0.9672936, -0.17936447), (-0.17936398, -0.967294, 0.17936276), (-0.17936501, 0.9672934, 0.1793651), (-0.17936502, 0.96729326, -0.17936529), (-0.359964, 0.91940653, -0.15848482), (-0.359964, 0.9194063, 0.1584861), (-0.91940576, 0.3599654, 0.15848641), (-0.9194063, 0.35996404, -0.15848616), (-0.96729326, 0.17936513, -0.17936546), (-0.96729314, 0.1793656, 0.17936526), (0.9672932, 0.1793664, 0.17936459), (0.9672931, 0.17936565, -0.17936589), (0.91940576, 0.35996547, -0.15848625), (0.9194053, 0.35996693, 0.15848556), (0.359964, 0.9194064, 0.1584855), (0.35996342, 0.91940653, -0.15848592), (0.17936477, 0.9672932, -0.17936587), (0.1793651, 0.9672934, 0.17936476), (0.17936459, -0.1793647, -0.9672935), (0.1793647, 0.17936608, -0.9672932), (0.35996333, 0.15848614, -0.9194066), (0.35996285, -0.15848508, -0.91940695), (0.9194059, -0.15848534, -0.35996565), (0.9194057, 0.15848513, -0.35996607), (0.9672932, 0.17936489, -0.17936613), (0.9672932, -0.17936514, -0.17936589), (0.9672932, -0.1793654, 0.17936534), (0.9672934, 0.17936473, 0.179365), (0.91940665, 0.15848471, 0.35996392), (0.9194062, -0.15848568, 0.35996464), (0.35996535, -0.1584857, 0.91940594), (0.35996628, 0.15848641, 0.91940534), (0.17936617, 0.17936592, 0.96729296), (0.17936589, -0.17936532, 0.9672931), (0.9672932, -0.17936514, -0.17936589), (0.9672932, -0.1793654, 0.17936534), (0.919406, -0.35996473, 0.15848657), (0.9194061, -0.35996425, -0.15848698), (0.3599608, -0.9194081, -0.1584831), (0.3599615, -0.9194078, 0.15848328), (0.17936379, -0.967294, 0.17936294), (0.1793634, -0.96729404, -0.17936297), (0.9672934, 0.17936473, 0.179365), (0.9672932, 0.17936489, -0.17936613), (0.9194063, 0.35996374, -0.15848714), (0.91940665, 0.3599634, 0.15848553), (0.35996604, 0.9194059, 0.1584847), (0.3599652, 0.91940594, -0.15848586), (0.17936562, 0.967293, -0.17936623), (0.1793661, 0.9672931, 0.17936517), (-0.967293, -0.1793652, -0.17936629), (-0.9672931, 0.17936508, -0.1793665), (-0.9194053, 0.15848559, -0.35996693), (-0.9194055, -0.15848543, -0.3599665), (-0.35996452, -0.1584859, -0.9194062), (-0.35996464, 0.15848637, -0.919406), (-0.17936537, 0.17936619, -0.9672931), (-0.17936537, -0.17936511, -0.96729326), (-0.17936599, -0.1793658, 0.967293), (-0.17936651, 0.17936592, 0.96729285), (-0.35996702, 0.15848647, 0.91940504), (-0.35996565, -0.15848677, 0.9194056), (-0.91940564, -0.15848637, 0.35996577), (-0.9194065, 0.1584846, 0.35996437), (-0.96729326, 0.1793647, 0.17936522), (-0.9672931, -0.17936575, 0.17936592), (-0.17936333, -0.967294, -0.17936331), (-0.1793637, -0.96729386, 0.17936336), (-0.35996127, -0.9194077, 0.15848424), (-0.35996062, -0.9194081, -0.15848382), (-0.91940606, -0.35996434, -0.1584872), (-0.91940576, -0.3599654, 0.15848689), (-0.9672931, -0.17936575, 0.17936592), (-0.967293, -0.1793652, -0.17936629), (-0.17936593, 0.96729285, 0.17936622), (-0.1793656, 0.96729285, -0.17936699), (-0.35996503, 0.91940576, -0.1584874), (-0.3599658, 0.9194055, 0.15848684), (-0.9194067, 0.3599633, 0.15848516), (-0.91940606, 0.35996416, -0.1584873), (-0.9672931, 0.17936508, -0.1793665), (-0.96729326, 0.1793647, 0.17936522), (0.1793647, 0.17936608, -0.9672932), (-0.17936537, 0.17936619, -0.9672931), (-0.15848523, 0.35996628, -0.91940564), (0.15848386, 0.35996604, -0.919406), (0.15848605, 0.9194055, -0.35996637), (-0.15848567, 0.91940504, -0.3599677), (-0.1793656, 0.96729285, -0.17936699), (0.17936562, 0.967293, -0.17936623), (-0.17936537, -0.17936511, -0.96729326), (0.17936459, -0.1793647, -0.9672935), (0.15848391, -0.35996377, -0.91940683), (-0.15848571, -0.35996452, -0.9194062), (-0.1584836, -0.9194081, -0.3599607), (0.15848385, -0.9194084, -0.35995996), (0.1793634, -0.96729404, -0.17936297), (-0.17936333, -0.967294, -0.17936331), (0.1793661, 0.9672931, 0.17936517), (-0.17936593, 0.96729285, 0.17936622), (-0.15848644, 0.91940534, 0.35996652), (0.15848683, 0.9194061, 0.35996434), (0.15848696, 0.35996577, 0.9194055), (-0.15848802, 0.35996577, 0.91940534), (-0.17936651, 0.17936592, 0.96729285), (0.17936617, 0.17936592, 0.96729296), (0.17936589, -0.17936532, 0.9672931), (-0.17936599, -0.1793658, 0.967293), (-0.15848686, -0.35996604, 0.9194054), (0.15848653, -0.35996503, 0.9194059), (0.15848434, -0.9194082, 0.35995993), (-0.15848394, -0.919408, 0.35996068), (-0.1793637, -0.96729386, 0.17936336), (0.17936379, -0.967294, 0.17936294), (-0.17936713, -0.17936768, -0.9672924), (0.17936724, -0.17936774, -0.9672924), (0.15848902, -0.3599695, -0.91940373), (-0.15848884, -0.3599693, -0.91940385), (-0.15848738, -0.91940475, -0.35996756), (0.1584873, -0.9194046, -0.35996798), (0.17936607, -0.96729267, -0.17936727), (-0.1793661, -0.96729267, -0.17936704), (-0.9807855, -0.19508956, -1.6475563e-7), (-0.9672928, -0.17936595, -0.17936714), (-0.91940534, -0.35996607, -0.15848711), (-0.92388016, -0.382682, -3.231798e-7), (-0.38268217, -0.9238801, -3.6477203e-8), (-0.35996637, -0.91940546, -0.15848601), (-0.1793661, -0.96729267, -0.17936704), (-0.19508968, -0.98078537, -1.8595909e-8), (0.96729267, -0.17936599, -0.17936723), (0.9807854, -0.19508953, -1.4615975e-7), (0.92388016, -0.382682, -2.8670271e-7), (0.91940534, -0.35996616, -0.15848717), (0.35996628, -0.91940546, -0.15848646), (0.38268217, -0.9238801, 0), (0.19508967, -0.98078537, 0), (0.17936607, -0.96729267, -0.17936727), (-0.19508968, -0.98078537, -1.8595909e-8), (0.19508967, -0.98078537, 0), (0.19508937, -0.9807854, 1.8595898e-8), (-0.19508937, -0.9807854, -1.8595905e-8), (-0.19508937, -0.9807854, -1.8595905e-8), (0.19508937, -0.9807854, 1.8595898e-8), (0.19508995, -0.9807853, 1.8595902e-8), (-0.19508989, -0.98078537, 0), (-0.19509146, 1.1159067e-8, -0.9807851), (0.19509147, 1.2356784e-7, -0.9807851), (0.1950915, -2.8635954e-8, -0.980785), (-0.19509159, 0, -0.980785), (-0.19509159, 0, -0.980785), (0.1950915, -2.8635954e-8, -0.980785), (0.19509101, -1.9893338e-7, -0.98078513), (-0.19509114, -5.451837e-8, -0.98078513), (-0.986388, 0.025290063, 0.16247785), (-0.9807852, 0, -0.19509076), (-0.9807851, 0, -0.19509098), (-0.9953162, 0.04557523, 0.085256), (-0.9953162, 0.04557523, 0.085256), (-0.9807851, 0, -0.19509098), (-0.9807851, -1.7950262e-8, -0.19509143), (-0.9995841, 0.020392302, 0.020392181), (0.9807851, -2.3458338e-7, -0.19509126), (0.986388, 0.025290102, 0.16247815), (0.9953162, 0.045575216, 0.08525615), (0.980785, 1.2552892e-8, -0.19509184), (0.980785, 1.2552892e-8, -0.19509184), (0.9953162, 0.045575216, 0.08525615), (0.9995841, 0.020392248, 0.020392187), (0.9807851, 2.2918526e-7, -0.19509174), (-0.20480831, 0.960749, 0.18712312), (0.20480831, 0.9607488, 0.1871236), (0.20865723, 0.9094759, 0.35960504), (-0.20865716, 0.9094762, 0.35960412), (-0.20865469, 0.35960448, 0.90947676), (0.20865397, 0.3596045, 0.9094768), (0.20480622, 0.18712343, 0.96074927), (-0.20480654, 0.18712336, 0.96074927), (-0.9672928, -0.17936595, -0.17936714), (-0.9807851, -1.7950262e-8, -0.19509143), (-0.92387867, -3.521069e-8, -0.38268545), (-0.91940475, -0.15848722, -0.3599677), (-0.35996827, -0.15848795, -0.91940445), (-0.38268504, -1.0694162e-7, -0.9238789), (-0.19509114, -5.451837e-8, -0.98078513), (-0.17936713, -0.17936768, -0.9672924), (0.9807851, 2.2918526e-7, -0.19509174), (0.96729267, -0.17936599, -0.17936723), (0.9194046, -0.15848729, -0.35996792), (0.92387843, 4.4956337e-7, -0.38268605), (0.3826848, -3.9022163e-7, -0.92387897), (0.3599685, -0.15848807, -0.91940427), (0.17936724, -0.17936774, -0.9672924), (0.19509101, -1.9893338e-7, -0.98078513), (-0.9995841, 0.020392302, 0.020392181), (-0.9807855, -0.19508956, -1.6475563e-7), (-0.9807855, -0.1950893, -1.8595522e-8), (-0.9953162, 0.085256405, 0.04557485), (-0.9953162, 0.085256405, 0.04557485), (-0.9807855, -0.1950893, -1.8595522e-8), (-0.98078537, -0.19508983, 1.461601e-7), (-0.98638785, 0.16247876, 0.025289834), (-0.17936563, -0.9672932, 0.17936514), (0.17936593, -0.9672932, 0.17936477), (0.15848656, -0.9194064, 0.3599636), (-0.15848625, -0.919406, 0.35996485), (-0.15848476, -0.359966, 0.91940576), (0.15848993, -0.3599635, 0.9194059), (0.17936774, -0.17936474, 0.96729285), (-0.17936528, -0.17936604, 0.96729314), (-0.17936738, 0.17936468, 0.96729296), (0.17936687, 0.17936529, 0.96729296), (0.15848815, 0.3599646, 0.9194057), (-0.15848924, 0.35996324, 0.9194062), (0.967293, -0.17936595, 0.17936572), (0.9672931, 0.17936607, 0.1793655), (0.9194059, 0.15848671, 0.3599649), (0.91940564, -0.15848699, 0.35996544), (0.3599694, -0.1584852, 0.91940445), (0.35996747, 0.15848601, 0.919405), (0.17936687, 0.17936529, 0.96729296), (0.17936774, -0.17936474, 0.96729285), (-0.96729296, 0.1793662, 0.17936562), (-0.9672934, -0.17936528, 0.1793647), (-0.9194066, -0.15848517, 0.35996392), (-0.91940576, 0.15848705, 0.35996523), (-0.3599687, 0.1584847, 0.91940475), (-0.35996437, -0.15848805, 0.9194059), (-0.17936528, -0.17936604, 0.96729314), (-0.17936738, 0.17936468, 0.96729296), (-0.98638785, 0.16247876, 0.025289834), (-0.96729296, 0.1793662, 0.17936562), (-0.91940534, 0.35996628, 0.15848656), (-0.9469106, 0.31707546, 0.05313689), (-0.39121783, 0.9053507, 0.1651932), (-0.35996687, 0.9194054, 0.15848489), (-0.17936651, 0.967293, 0.17936538), (-0.20480831, 0.960749, 0.18712312), (0.9672931, 0.17936607, 0.1793655), (0.9863878, 0.1624789, 0.025289977), (0.94691044, 0.3170757, 0.05313719), (0.9194055, 0.359966, 0.15848623), (0.35996583, 0.9194057, 0.1584859), (0.39121786, 0.90535045, 0.16519414), (0.20480831, 0.9607488, 0.1871236), (0.17936599, 0.967293, 0.17936584), (0.98078537, -0.19508983, 1.64756e-7), (0.967293, -0.17936595, 0.17936572), (0.9194055, -0.35996586, 0.15848674), (0.92388, -0.38268244, 3.2318053e-7), (0.3826827, -0.92387986, 3.647719e-8), (0.35996583, -0.9194059, 0.1584849), (0.17936593, -0.9672932, 0.17936477), (0.19508995, -0.9807853, 1.8595902e-8), (-0.9672934, -0.17936528, 0.1793647), (-0.98078537, -0.19508983, 1.461601e-7), (-0.92388, -0.38268244, 2.8670334e-7), (-0.9194063, -0.3599643, 0.15848568), (-0.35996494, -0.9194058, 0.1584868), (-0.38268262, -0.92387986, 0), (-0.19508989, -0.98078537, 0), (-0.17936563, -0.9672932, 0.17936514), (-0.19509225, 8.3964017e-7, -0.9807849), (0.19509225, 8.8444773e-7, -0.9807849), (0.19509238, 5.3741967e-8, -0.98078483), (-0.19509213, -4.1188937e-8, -0.98078495), (-0.19509213, -4.1188937e-8, -0.98078495), (0.19509238, 5.3741967e-8, -0.98078483), (0.19509174, -1.1101418e-7, -0.980785), (-0.19509152, -3.0029863e-8, -0.980785), (-0.9995841, -0.020392206, 0.020392267), (-0.98078513, 2.764526e-7, -0.1950912), (-0.9807851, 0, -0.19509128), (-0.9953162, -0.04557506, 0.085256055), (-0.9953162, -0.04557506, 0.085256055), (-0.9807851, 0, -0.19509128), (-0.9807851, 0, -0.19509132), (-0.986388, -0.02529, 0.16247785), (0.9807851, 4.1870113e-8, -0.19509178), (0.9995841, -0.020392258, 0.020392258), (0.9953162, -0.045575097, 0.08525599), (0.98078483, 1.25530395e-8, -0.1950923), (0.98078483, 1.25530395e-8, -0.1950923), (0.9953162, -0.045575097, 0.08525599), (0.9863879, -0.02528998, 0.16247797), (0.980785, 2.4713557e-7, -0.19509153), (-0.20480578, -0.18712306, 0.9607494), (0.20480539, -0.18712303, 0.96074957), (0.20865245, -0.35960376, 0.90947753), (-0.20865332, -0.35960385, 0.90947723), (-0.20865686, -0.90947473, 0.3596082), (0.20865698, -0.9094748, 0.35960796), (0.20480914, -0.9607483, 0.18712527), (-0.20480902, -0.9607483, 0.18712538), (0.986388, 0.025290102, 0.16247815), (0.9863879, -0.02528998, 0.16247797), (0.94691104, -0.053137228, 0.3170739), (0.946911, 0.05313748, 0.3170743), (0.39121428, 0.1651943, 0.905352), (0.3912128, -0.16519365, 0.9053527), (0.20480539, -0.18712303, 0.96074957), (0.20480622, 0.18712343, 0.96074927), (-0.986388, -0.02529, 0.16247785), (-0.986388, 0.025290063, 0.16247785), (-0.94691116, 0.053137407, 0.31707367), (-0.9469111, -0.05313726, 0.3170737), (-0.39121348, -0.16519368, 0.9053525), (-0.3912148, 0.16519418, 0.9053518), (-0.20480654, 0.18712336, 0.96074927), (-0.20480578, -0.18712306, 0.9607494), (-0.19509152, -3.0029863e-8, -0.980785), (-0.19509146, 1.1159067e-8, -0.9807851), (-0.3826855, 2.188929e-8, -0.92387867), (-0.38268575, -5.890571e-8, -0.9238786), (-0.9238787, 0, -0.3826853), (-0.9238792, 0, -0.38268423), (-0.9807852, 0, -0.19509076), (-0.9807851, 0, -0.19509132), (0.19509147, 1.2356784e-7, -0.9807851), (0.19509174, -1.1101418e-7, -0.980785), (0.3826861, -2.1776184e-7, -0.92387843), (0.3826856, 2.4238673e-7, -0.92387867), (0.92387885, -4.6015222e-7, -0.38268518), (0.9238786, 4.847743e-7, -0.38268572), (0.980785, 2.4713557e-7, -0.19509153), (0.9807851, -2.3458338e-7, -0.19509126), (-0.17936517, 0.9672931, -0.1793661), (0.17936516, 0.967293, -0.17936629), (0.15848604, 0.9194057, -0.35996583), (-0.15848605, 0.9194059, -0.35996532), (-0.1584873, 0.35996974, -0.919404), (0.15848698, 0.35996994, -0.919404), (0.17936666, 0.17936873, -0.96729225), (-0.17936686, 0.17936878, -0.96729237), (-0.19508882, 0.98078555, -1.8432718e-7), (-0.17936517, 0.9672931, -0.1793661), (-0.35996446, 0.91940653, -0.15848395), (-0.3826806, 0.92388076, -3.615709e-7), (-0.92387986, 0.3826825, 0), (-0.91940534, 0.35996607, -0.15848719), (-0.9672928, 0.17936623, -0.17936708), (-0.98078537, 0.19508983, 0), (0.17936516, 0.967293, -0.17936629), (0.19508868, 0.98078555, -1.342099e-7), (0.38268033, 0.92388076, -2.632623e-7), (0.3599645, 0.9194064, -0.15848437), (0.9194054, 0.35996604, -0.15848713), (0.9238796, 0.38268307, 0), (0.9807853, 0.1950901, 0), (0.96729285, 0.17936622, -0.17936687), (-0.1950885, 0.9807856, 0), (0.19508879, 0.9807856, 0), (0.19508842, 0.9807856, 0), (-0.19508831, 0.9807856, 0), (-0.19508831, 0.9807856, 0), (0.19508842, 0.9807856, 0), (0.19508868, 0.98078555, -1.342099e-7), (-0.19508882, 0.98078555, -1.8432718e-7), (-0.98078513, 2.764526e-7, -0.1950912), (-0.9672928, 0.17936623, -0.17936708), (-0.9194047, 0.15848728, -0.3599676), (-0.92387885, 5.422803e-7, -0.38268507), (-0.38268703, 0.0000016470132, -0.9238781), (-0.35996762, 0.15848929, -0.91940445), (-0.17936686, 0.17936878, -0.96729237), (-0.19509225, 8.3964017e-7, -0.9807849), (0.96729285, 0.17936622, -0.17936687), (0.9807851, 4.1870113e-8, -0.19509178), (0.9238784, 8.212857e-8, -0.38268614), (0.91940486, 0.15848719, -0.35996723), (0.35996726, 0.15848932, -0.91940457), (0.38268703, 0.0000017349078, -0.9238781), (0.19509225, 8.8444773e-7, -0.9807849), (0.17936666, 0.17936873, -0.96729225), (0.9995841, -0.020392258, 0.020392258), (0.9807853, 0.1950901, 0), (0.98078537, 0.19508989, -8.341661e-8), (0.9953162, -0.085256204, 0.045575235), (0.9953162, -0.085256204, 0.045575235), (0.98078537, 0.19508989, -8.341661e-8), (0.98078537, 0.19508976, -5.102435e-8), (0.98638785, -0.16247866, 0.025290119), (-0.98078537, 0.19508983, 0), (-0.9995841, -0.020392206, 0.020392267), (-0.9953162, -0.08525602, 0.045575142), (-0.9807855, 0.1950896, 0), (-0.9807855, 0.1950896, 0), (-0.9953162, -0.08525602, 0.045575142), (-0.9863879, -0.1624784, 0.02529001), (-0.98078537, 0.19508964, 0), (-0.2048101, -0.9607481, -0.18712547), (0.20480952, -0.9607481, -0.18712592), (0.20865807, -0.9094741, -0.35960916), (-0.20865907, -0.9094742, -0.35960838), (-0.20865633, -0.359605, -0.9094761), (0.20865314, -0.35960507, -0.90947676), (0.20480461, -0.1871241, -0.9607495), (-0.20480607, -0.18712406, -0.96074927), (-0.19509009, 0.9807853, 0.000003904791), (0.19509012, 0.9807853, 0.0000028431057), (0.19508821, 0.9807857, -2.4609582e-7), (-0.1950881, 0.9807857, 0), (-0.1950881, 0.9807857, 0), (0.19508821, 0.9807857, -2.4609582e-7), (0.19508833, 0.9807856, -2.4609582e-7), (-0.19508822, 0.9807857, 0), (0.98638785, -0.16247885, -0.025290115), (0.9807853, 0.19508989, 3.2392514e-8), (0.9807853, 0.19509009, 8.3417106e-8), (0.99531615, -0.08525647, -0.045575332), (0.99531615, -0.08525647, -0.045575332), (0.9807853, 0.19509009, 8.3417106e-8), (0.9807853, 0.19509037, 8.341711e-8), (0.9995841, -0.020392224, -0.020392349), (-0.98078537, 0.19508964, 0), (-0.98638785, -0.1624789, -0.025289947), (-0.99531615, -0.08525665, -0.045574944), (-0.98078537, 0.1950898, 0), (-0.98078537, 0.1950898, 0), (-0.99531615, -0.08525665, -0.045574944), (-0.9995841, -0.020392254, -0.02039213), (-0.98078525, 0.19509017, 0), (-0.98078537, 0.19508964, 0), (-0.98078537, 0.19508964, 0), (-0.92388004, 0.38268217, 0), (-0.92388004, 0.38268217, 0), (-0.38268003, 0.9238809, 0), (-0.3826795, 0.9238812, 0), (-0.19508822, 0.9807857, 0), (-0.1950885, 0.9807856, 0), (0.9807853, 0.19508989, 3.2392514e-8), (0.98078537, 0.19508976, -5.102435e-8), (0.92388, 0.38268238, -1.000879e-7), (0.92387986, 0.38268262, 6.354021e-8), (0.38267973, 0.9238811, -4.827346e-7), (0.38268054, 0.9238807, 0), (0.19508879, 0.9807856, 0), (0.19508833, 0.9807856, -2.4609582e-7), (0.98638785, -0.16247866, 0.025290119), (0.98638785, -0.16247885, -0.025290115), (0.9469105, -0.31707558, -0.053137526), (0.9469106, -0.3170752, 0.05313755), (0.39121926, -0.9053497, 0.16519487), (0.39121988, -0.9053494, -0.1651952), (0.20480952, -0.9607481, -0.18712592), (0.20480914, -0.9607483, 0.18712527), (-0.98638785, -0.1624789, -0.025289947), (-0.9863879, -0.1624784, 0.02529001), (-0.94691086, -0.3170747, 0.053137332), (-0.94691044, -0.31707576, -0.053137086), (-0.3912209, -0.90534914, -0.16519447), (-0.39121908, -0.90534973, 0.16519511), (-0.20480902, -0.9607483, 0.18712538), (-0.2048101, -0.9607481, -0.18712547), (-0.19508876, -5.038411e-7, 0.98078555), (0.19508886, -8.333531e-7, 0.98078555), (0.19508865, 5.7272096e-8, 0.98078555), (-0.19508876, 0, 0.98078555), (-0.19508876, 0, 0.98078555), (0.19508865, 5.7272096e-8, 0.98078555), (0.19508836, 0.0000017062238, 0.9807856), (-0.19508855, 0.0000014393861, 0.9807856), (-0.17936549, 0.17936762, 0.9672928), (0.1793654, 0.17936742, 0.9672928), (0.15848784, 0.35996616, 0.91940516), (-0.158488, 0.3599663, 0.9194051), (-0.15848544, 0.919407, 0.3599626), (0.15848553, 0.9194072, 0.3599622), (0.1793661, 0.9672927, 0.17936693), (-0.17936602, 0.9672925, 0.17936824), (0.38267973, 0.0000033468837, 0.92388105), (0.35996455, 0.15848894, 0.91940564), (0.1793654, 0.17936742, 0.9672928), (0.19508836, 0.0000017062238, 0.9807856), (-0.96729314, 0.17936632, 0.17936492), (-0.98078555, 5.528991e-7, 0.19508888), (-0.92388064, 0.0000010845475, 0.38268065), (-0.91940635, 0.15848668, 0.35996386), (-0.3599648, 0.15848927, 0.9194055), (-0.3826801, 0.0000028234613, 0.9238809), (-0.19508855, 0.0000014393861, 0.9807856), (-0.17936549, 0.17936762, 0.9672928), (0.19509012, 0.9807853, 0.0000028431057), (0.1793661, 0.9672927, 0.17936693), (0.3599658, 0.91940516, 0.15848897), (0.38268304, 0.9238797, 0.000005576963), (0.9238795, 0.38268346, 1.6362932e-7), (0.9194059, 0.35996556, 0.15848537), (0.96729314, 0.17936623, 0.17936474), (0.9807853, 0.19509037, 8.341711e-8), (0.9807855, -1.05379556e-7, 0.19508916), (0.9863879, -0.025290007, -0.16247827), (0.9953162, -0.04557493, -0.08525648), (0.9807855, -2.5104889e-8, 0.19508927), (0.9807855, -2.5104889e-8, 0.19508927), (0.9953162, -0.04557493, -0.08525648), (0.9995841, -0.020392224, -0.020392349), (0.9807856, 3.9741377e-7, 0.19508882), (-0.98078555, 5.528991e-7, 0.19508888), (-0.9995841, -0.020392254, -0.02039213), (-0.99531615, -0.045574863, -0.0852569), (-0.98078555, 0, 0.19508904), (-0.98078555, 0, 0.19508904), (-0.99531615, -0.045574863, -0.0852569), (-0.98638785, -0.025289914, -0.16247855), (-0.98078555, -1.6265187e-7, 0.19508909), (-0.17936602, 0.9672925, 0.17936824), (-0.19509009, 0.9807853, 0.000003904791), (-0.38268292, 0.9238797, 0.000007659534), (-0.35996562, 0.9194048, 0.15849146), (-0.9194058, 0.35996553, 0.1584854), (-0.9238797, 0.38268322, 0), (-0.98078525, 0.19509017, 0), (-0.96729314, 0.17936632, 0.17936492), (-0.17936417, -0.17936489, -0.96729344), (0.17936465, -0.17936517, -0.9672934), (0.15848555, -0.35996357, -0.9194066), (-0.15848513, -0.3599633, -0.91940683), (-0.15848275, -0.91940624, -0.3599659), (0.15848714, -0.91940594, -0.35996482), (0.17936462, -0.96729285, -0.17936827), (-0.17936307, -0.9672935, -0.17936608), (-0.1793651, -0.967293, 0.1793664), (0.17936447, -0.9672941, 0.17936145), (0.1584859, -0.9194069, 0.35996252), (-0.15848663, -0.91940516, 0.35996664), (-0.15848471, -0.35996547, 0.919406), (0.15848593, -0.3599639, 0.9194064), (0.17936462, -0.17936517, 0.9672934), (-0.17936404, -0.17936598, 0.96729326), (0.17936447, -0.9672941, 0.17936145), (0.17936462, -0.96729285, -0.17936827), (0.3599631, -0.91940594, -0.15849085), (0.359963, -0.9194083, 0.15847729), (0.919407, -0.35996282, 0.15848468), (0.9194063, -0.35996324, -0.1584881), (0.967293, -0.17936473, -0.17936654), (0.96729374, -0.17936432, 0.17936362), (-0.9672934, -0.17936453, 0.17936505), (-0.9672934, -0.17936404, -0.1793655), (-0.91940683, -0.35996228, -0.15848699), (-0.91940653, -0.3599634, 0.1584864), (-0.35996404, -0.91940606, 0.15848777), (-0.35995996, -0.91940796, -0.15848617), (-0.17936307, -0.9672935, -0.17936608), (-0.1793651, -0.967293, 0.1793664), (0.19508886, -8.333531e-7, 0.98078555), (0.17936462, -0.17936517, 0.9672934), (0.35996303, -0.15848628, 0.91940665), (0.38268068, -0.0000016346821, 0.9238807), (0.9238804, -2.0670839e-7, 0.38268128), (0.9194064, -0.15848613, 0.35996392), (0.96729374, -0.17936432, 0.17936362), (0.9807855, -1.05379556e-7, 0.19508916), (0.17936465, -0.17936517, -0.9672934), (0.20480461, -0.1871241, -0.9607495), (0.39121115, -0.16519381, -0.9053534), (0.35996318, -0.1584851, -0.91940683), (0.91940624, -0.15848649, -0.35996422), (0.9469108, -0.053137194, -0.3170746), (0.9863879, -0.025290007, -0.16247827), (0.967293, -0.17936473, -0.17936654), (-0.9672934, -0.17936404, -0.1793655), (-0.98638785, -0.025289914, -0.16247855), (-0.9469106, -0.05313697, -0.31707522), (-0.9194061, -0.15848598, -0.35996473), (-0.35996202, -0.15848562, -0.91940725), (-0.39121363, -0.16519362, -0.9053524), (-0.20480607, -0.18712406, -0.96074927), (-0.17936417, -0.17936489, -0.96729344), (-0.17936404, -0.17936598, 0.96729326), (-0.19508876, -5.038411e-7, 0.98078555), (-0.3826805, -9.883205e-7, 0.9238807), (-0.35996172, -0.15848799, 0.91940695), (-0.9194063, -0.15848662, 0.35996392), (-0.9238805, -3.1905282e-7, 0.3826811), (-0.98078555, -1.6265187e-7, 0.19508909), (-0.9672934, -0.17936453, 0.17936505), (-0.17936558, 0.179366, -0.9672931), (-0.1950912, 2.1147746e-7, -0.98078513), (-0.38268512, 4.1482727e-7, -0.9238788), (-0.35996515, 0.15848629, -0.9194059), (-0.91940624, 0.15848538, -0.35996467), (-0.923879, 0, -0.38268474), (-0.9807851, -1.3753937e-7, -0.19509098), (-0.96729326, 0.17936513, -0.17936546), (0.17936635, -0.179364, -0.96729326), (0.19509104, -2.775973e-7, -0.9807851), (0.38268465, -5.445263e-7, -0.9238791), (0.3599672, -0.15848547, -0.9194053), (0.9194052, -0.15848637, -0.3599667), (0.9238791, -4.163091e-7, -0.38268453), (0.9807852, -1.9238549e-7, -0.19509093), (0.967293, -0.17936556, -0.17936638), (-0.96729314, 0.1793656, 0.17936526), (-0.98078537, -3.1395183e-7, 0.1950894), (-0.9238802, -3.4604565e-7, 0.38268182), (-0.91940606, 0.15848707, 0.35996455), (-0.35996696, 0.15848613, 0.9194052), (-0.38268554, -3.7244246e-7, 0.92387867), (-0.19509156, -1.8986975e-7, 0.9807851), (-0.17936656, 0.17936543, 0.96729296), (0.9672932, -0.17936453, 0.1793661), (0.9807853, 5.762999e-7, 0.19509025), (0.9238796, 0.000001091522, 0.3826832), (0.9194057, -0.1584853, 0.35996595), (0.35996512, -0.1584848, 0.9194062), (0.38268358, 1.5881575e-7, 0.9238795), (0.19509032, 8.09624e-8, 0.9807853), (0.17936595, -0.17936407, 0.9672934), (0.9807851, 6.4887064e-7, -0.19509126), (0.98078537, -6.831802e-8, 0.19508986), (0.98078525, -2.6419185e-8, 0.19509064), (0.98078513, 2.6416943e-8, -0.19509101), (0.98078513, 2.6416943e-8, -0.19509101), (0.98078525, -2.6419185e-8, 0.19509064), (0.9807853, 5.762999e-7, 0.19509025), (0.9807852, -1.9238549e-7, -0.19509093), (-0.98078525, 1.3303311e-7, -0.19509049), (-0.98078555, 2.732063e-7, 0.195089), (-0.9807855, -6.0416625e-7, 0.19508953), (-0.9807851, -7.95341e-7, -0.19509135), (-0.9807851, -7.95341e-7, -0.19509135), (-0.9807855, -6.0416625e-7, 0.19508953), (-0.98078537, -3.1395183e-7, 0.1950894), (-0.9807851, -1.3753937e-7, -0.19509098), (-0.19509082, 4.104754e-7, 0.98078513), (0.19509032, 8.09624e-8, 0.9807853), (0.19509049, -2.6419647e-8, 0.98078525), (-0.19509178, -1.6475556e-7, 0.980785), (-0.19509178, -1.6475556e-7, 0.980785), (0.19509049, -2.6419647e-8, 0.98078525), (0.1950907, 2.6291187e-7, 0.9807852), (-0.19509156, -1.8986975e-7, 0.9807851), (0.19509104, -2.775973e-7, -0.9807851), (-0.1950909, -2.453748e-7, -0.9807852), (-0.19509123, -1.9117623e-7, -0.9807851), (0.19509067, 1.0879288e-7, -0.98078525), (0.19509067, 1.0879288e-7, -0.98078525), (-0.19509123, -1.9117623e-7, -0.9807851), (-0.1950912, 2.1147746e-7, -0.98078513), (0.19509076, 4.800055e-7, -0.9807852), (-0.17936516, 0.17936562, -0.9672932), (-0.17936552, -0.17936395, -0.96729344), (-0.35996485, -0.158485, -0.9194062), (-0.3599639, 0.15848626, -0.9194064), (-0.9194063, 0.15848629, -0.35996398), (-0.9194061, -0.15848565, -0.35996488), (-0.9672932, -0.17936529, -0.17936529), (-0.9672931, 0.17936626, -0.17936474), (-0.1793651, -0.1793637, 0.96729356), (-0.17936514, 0.17936556, 0.9672932), (-0.35996383, 0.15848714, 0.91940624), (-0.35996407, -0.15848571, 0.91940635), (-0.9194062, -0.15848558, 0.35996476), (-0.9194067, 0.15848763, 0.35996255), (-0.967293, 0.17936704, 0.17936438), (-0.9672932, -0.17936541, 0.17936541), (0.96729314, -0.17936537, 0.17936565), (0.96729285, 0.1793669, 0.17936596), (0.91940534, 0.15848714, 0.3599662), (0.91940594, -0.15848532, 0.35996532), (0.35996515, -0.15848622, 0.91940594), (0.35996348, 0.1584866, 0.9194065), (0.17936474, 0.1793652, 0.9672933), (0.17936586, -0.1793638, 0.9672934), (0.17936514, -0.17936397, -0.96729356), (0.17936458, 0.17936558, -0.96729326), (0.35996315, 0.15848587, -0.9194068), (0.35996428, -0.15848501, -0.9194064), (0.91940665, -0.1584855, -0.3599637), (0.9194072, 0.15848699, -0.35996145), (0.96729326, 0.17936671, -0.1793637), (0.96729326, -0.17936525, -0.17936479), (-0.17936525, 0.9672934, -0.17936452), (0.17936498, 0.9672934, -0.17936479), (0.15848617, 0.91940653, -0.35996342), (-0.15848598, 0.9194068, -0.35996303), (-0.158484, 0.3599677, -0.9194053), (0.15848295, 0.3599677, -0.91940546), (0.17936583, 0.17936675, -0.9672929), (-0.17936647, 0.17936675, -0.96729267), (-0.17936699, -0.1793669, -0.9672926), (0.17936696, -0.17936656, -0.9672926), (0.15848592, -0.35996696, -0.91940516), (-0.15848513, -0.35996783, -0.919405), (-0.15848778, -0.9194055, -0.35996535), (0.15848784, -0.91940486, -0.3599672), (0.17936634, -0.9672928, -0.17936666), (-0.17936666, -0.96729285, -0.17936568), (-0.17936647, 0.17936675, -0.96729267), (-0.17936699, -0.1793669, -0.9672926), (-0.3599678, -0.15848662, -0.9194048), (-0.35996667, 0.15848684, -0.9194052), (-0.91940594, 0.15848516, -0.35996556), (-0.9194053, -0.15848623, -0.35996667), (-0.96729296, -0.1793656, -0.17936642), (-0.96729326, 0.17936453, -0.179366), (0.17936696, -0.17936656, -0.9672926), (0.17936583, 0.17936675, -0.9672929), (0.3599654, 0.15848687, -0.91940564), (0.359968, -0.15848579, -0.9194049), (0.91940576, -0.15848468, -0.35996616), (0.9194062, 0.15848519, -0.35996494), (0.9672934, 0.17936426, -0.17936563), (0.9672932, -0.17936456, -0.1793662), (-0.17936689, 0.17936663, 0.9672926), (0.17936641, 0.17936645, 0.9672928), (0.15848498, 0.35996708, 0.9194054), (-0.1584849, 0.35996756, 0.91940516), (-0.15848592, 0.9194066, 0.3599635), (0.15848613, 0.9194064, 0.3599639), (0.17936493, 0.9672934, 0.17936501), (-0.17936522, 0.9672934, 0.17936476), (-0.17936666, -0.96729285, 0.17936568), (0.17936634, -0.9672928, 0.17936666), (0.15848784, -0.91940486, 0.3599672), (-0.15848778, -0.9194055, 0.35996535), (-0.15848528, -0.359968, 0.9194049), (0.15848483, -0.35996693, 0.91940546), (0.17936632, -0.17936654, 0.96729285), (-0.17936708, -0.17936702, 0.9672926), (-0.96729296, 0.17936537, 0.17936644), (-0.967293, -0.17936526, 0.17936635), (-0.91940546, -0.15848555, 0.35996667), (-0.9194051, 0.15848693, 0.3599668), (-0.35996747, 0.15848663, 0.91940486), (-0.35996795, -0.1584868, 0.91940475), (-0.17936708, -0.17936702, 0.9672926), (-0.17936689, 0.17936663, 0.9672926), (0.9672931, -0.17936511, 0.17936616), (0.9672932, 0.17936455, 0.1793662), (0.9194056, 0.15848579, 0.35996622), (0.91940546, -0.15848592, 0.35996634), (0.35996667, -0.15848576, 0.91940534), (0.35996678, 0.15848614, 0.9194053), (0.17936641, 0.17936645, 0.9672928), (0.17936632, -0.17936654, 0.96729285), (-0.17936522, 0.9672934, 0.17936476), (-0.17936525, 0.9672934, -0.17936452), (-0.35996422, 0.91940653, -0.15848427), (-0.3599642, 0.91940653, 0.15848474), (-0.91940594, 0.359965, 0.15848652), (-0.9194067, 0.3599632, -0.15848604), (-0.96729326, 0.17936453, -0.179366), (-0.96729296, 0.17936537, 0.17936644), (-0.17936666, -0.96729285, -0.17936568), (-0.17936666, -0.96729285, 0.17936568), (-0.35996705, -0.9194053, 0.15848553), (-0.35996705, -0.9194053, -0.15848553), (-0.91940564, -0.35996523, -0.15848702), (-0.9194062, -0.35996452, 0.15848644), (-0.967293, -0.17936526, 0.17936635), (-0.96729296, -0.1793656, -0.17936642), (0.9672932, 0.17936455, 0.1793662), (0.9672934, 0.17936426, -0.17936563), (0.91940683, 0.35996273, -0.15848593), (0.91940653, 0.3599633, 0.15848659), (0.35996398, 0.91940653, 0.15848523), (0.35996398, 0.9194066, -0.15848474), (0.17936498, 0.9672934, -0.17936479), (0.17936493, 0.9672934, 0.17936501), (0.17936634, -0.9672928, 0.17936666), (0.17936634, -0.9672928, -0.17936666), (0.35996675, -0.91940504, -0.15848744), (0.35996675, -0.91940504, 0.15848744), (0.9194062, -0.35996437, 0.15848666), (0.91940653, -0.35996315, -0.1584872), (0.9672932, -0.17936456, -0.1793662), (0.9672931, -0.17936511, 0.17936616), (-0.9199053, 0.17849301, 0.3491625), (-0.8408382, 0.1951384, 0.5048883), (-0.7920976, 0.3827788, 0.4754595), (-0.87042785, 0.357191, 0.3387771), (-0.39423048, 0.91705745, 0.059899367), (-0.32814786, 0.9238604, 0.19697961), (-0.16729154, 0.9807801, 0.10041858), (-0.25307792, 0.9658639, -0.055303894), (-0.7336594, -0.18081996, 0.6550176), (-0.8407061, -0.19514684, 0.50510496), (-0.7918407, -0.38278487, 0.4758824), (-0.70540833, -0.36377785, 0.6083294), (-0.2152045, -0.92196727, 0.32196796), (-0.32803634, -0.92386395, 0.19714849), (-0.16723283, -0.9807816, 0.1005012), (-0.052812696, -0.9687945, 0.2421735), (0.05281251, 0.96879345, -0.24217789), (0.16723335, 0.9807814, -0.10050285), (0.32803714, 0.92386377, -0.19714811), (0.21520534, 0.92196625, -0.32197043), (0.7054102, 0.36378023, -0.6083259), (0.79183966, 0.38278952, -0.47588024), (0.840706, 0.19514896, -0.5051043), (0.73366064, 0.18082184, -0.6550157), (0.7336614, -0.18082035, -0.6550151), (0.84070617, -0.19514833, -0.50510424), (0.79184043, -0.3827878, -0.47588047), (0.7054123, -0.36377868, -0.6083243), (0.21520287, -0.92196727, -0.3219691), (0.32803488, -0.9238651, -0.19714606), (0.16723143, -0.9807817, -0.10050287), (0.052810855, -0.9687937, -0.24217719), (0.16729032, -0.98078036, -0.10041789), (-0.16723283, -0.9807816, 0.1005012), (-0.16724044, -0.9807856, 0.1004502), (0.1672414, -0.9807855, -0.10044972), (0.1672414, -0.9807855, -0.10044972), (-0.16724044, -0.9807856, 0.1004502), (-0.16729231, -0.9807805, 0.10041315), (0.16723143, -0.9807817, -0.10050287), (0.84083635, 0.19513944, -0.5048909), (0.84083664, -0.19513759, -0.50489116), (0.84078074, -0.19509053, -0.5050023), (0.84078115, 0.1950907, -0.5050017), (0.84078115, 0.1950907, -0.5050017), (0.84078074, -0.19509053, -0.5050023), (0.84070617, -0.19514833, -0.50510424), (0.840706, 0.19514896, -0.5051043), (-0.16723295, 0.9807812, 0.10050594), (0.16729222, 0.9807805, -0.10041457), (0.16724083, 0.98078555, -0.100450315), (-0.1672421, 0.9807851, 0.10045217), (-0.1672421, 0.9807851, 0.10045217), (0.16724083, 0.98078555, -0.100450315), (0.16723335, 0.9807814, -0.10050285), (-0.16729154, 0.9807801, 0.10041858), (-0.8407061, -0.19514684, 0.50510496), (-0.8407057, 0.19514968, 0.5051044), (-0.84078074, 0.19509076, 0.5050023), (-0.8407812, -0.1950886, 0.5050024), (-0.8407812, -0.1950886, 0.5050024), (-0.84078074, 0.19509076, 0.5050023), (-0.8408382, 0.1951384, 0.5048883), (-0.84083945, -0.19513781, 0.5048863), (-0.1793654, 0.9672932, -0.1793653), (0.17936528, 0.96729344, -0.17936403), (0.15848505, 0.919407, -0.35996282), (-0.1584854, 0.91940594, -0.35996532), (-0.15848722, 0.35996795, -0.9194046), (0.15848604, 0.35996702, -0.9194052), (0.17936532, 0.17936647, -0.967293), (-0.1793664, 0.17936692, -0.96729267), (-0.17936471, 0.179365, 0.9672934), (0.1793659, 0.17936489, 0.9672932), (0.15848714, 0.3599642, 0.9194062), (-0.15848534, 0.35996395, 0.91940653), (-0.1584842, 0.91940796, 0.35996088), (0.1584847, 0.91940737, 0.35996193), (0.17936523, 0.96729344, 0.17936423), (-0.17936468, 0.9672936, 0.17936368), (0.17936528, 0.96729344, -0.17936403), (0.17936523, 0.96729344, 0.17936423), (0.35996434, 0.9194066, 0.15848412), (0.35996425, 0.919407, -0.15848172), (0.91940594, 0.35996526, -0.15848535), (0.9194055, 0.35996583, 0.15848713), (0.9672929, 0.17936674, 0.17936556), (0.96729326, 0.17936571, -0.17936464), (-0.17936468, 0.9672936, 0.17936368), (-0.1793654, 0.9672932, -0.1793653), (-0.35996455, 0.91940653, -0.15848383), (-0.35996336, 0.91940707, 0.158483), (-0.9194055, 0.3599658, 0.15848729), (-0.9194053, 0.35996586, -0.158488), (-0.96729296, 0.17936516, -0.1793666), (-0.96729326, 0.1793652, 0.17936529), (-0.17936651, -0.17936629, -0.9672928), (0.1793655, -0.17936555, -0.9672931), (0.15848628, -0.3599648, -0.919406), (-0.15848778, -0.3599662, -0.9194052), (-0.15848726, -0.9194044, -0.35996863), (0.15848581, -0.9194049, -0.35996777), (0.17936704, -0.96729267, -0.17936635), (-0.17936681, -0.9672924, -0.17936796), (-0.17936692, -0.9672931, 0.1793642), (0.17936994, -0.9672924, 0.17936502), (0.15849182, -0.91940564, 0.35996324), (-0.15848601, -0.9194064, 0.35996386), (-0.15848595, -0.35996094, 0.9194076), (0.1584897, -0.35996142, 0.9194067), (0.1793663, -0.17936438, 0.9672932), (-0.17936473, -0.1793635, 0.9672936), (0.96729314, -0.17936608, -0.17936541), (0.9672927, -0.17936698, 0.17936634), (0.91940427, -0.3599683, 0.15848863), (0.9194055, -0.35996613, -0.15848684), (0.35996857, -0.91940475, -0.15848528), (0.3599734, -0.9194025, 0.15848707), (0.17936994, -0.9672924, 0.17936502), (0.17936704, -0.96729267, -0.17936635), (-0.96729314, -0.17936577, 0.17936508), (-0.96729285, -0.1793663, -0.17936653), (-0.9194057, -0.35996485, -0.15848823), (-0.9194064, -0.35996366, 0.15848646), (-0.3599676, -0.9194052, 0.15848513), (-0.35996783, -0.9194044, -0.15848851), (-0.17936681, -0.9672924, -0.17936796), (-0.17936692, -0.9672931, 0.1793642), (-0.96729326, 0.1793652, 0.17936529), (-0.96729314, -0.17936577, 0.17936508), (-0.9194065, -0.15848593, 0.35996395), (-0.9194063, 0.1584856, 0.3599646), (-0.35996297, 0.15848628, 0.9194067), (-0.35996345, -0.15848507, 0.9194068), (-0.17936473, -0.1793635, 0.9672936), (-0.17936471, 0.179365, 0.9672934), (0.9672927, -0.17936698, 0.17936634), (0.9672929, 0.17936674, 0.17936556), (0.9194056, 0.15848699, 0.35996556), (0.91940486, -0.15848593, 0.35996777), (0.3599677, -0.15848447, 0.91940516), (0.35996494, 0.15848605, 0.919406), (0.1793659, 0.17936489, 0.9672932), (0.1793663, -0.17936438, 0.9672932), (0.1793655, -0.17936555, -0.9672931), (0.17936532, 0.17936647, -0.967293), (0.35996452, 0.158486, -0.9194062), (0.35996518, -0.15848579, -0.91940594), (0.9194062, -0.15848649, -0.35996437), (0.91940695, 0.15848508, -0.35996297), (0.96729326, 0.17936571, -0.17936464), (0.96729314, -0.17936608, -0.17936541), (-0.96729285, -0.1793663, -0.17936653), (-0.96729296, 0.17936516, -0.1793666), (-0.9194051, 0.15848581, -0.35996747), (-0.9194048, -0.15848757, -0.35996735), (-0.35996687, -0.1584874, -0.919405), (-0.35996678, 0.15848659, -0.9194052), (-0.1793664, 0.17936692, -0.96729267), (-0.17936651, -0.17936629, -0.9672928), (-0.9199055, -0.17849357, 0.3491616), (-0.84083945, -0.19513781, 0.5048863), (-0.8408382, 0.1951384, 0.5048883), (-0.9199053, 0.17849301, 0.3491625), (0.25307792, 0.9658639, -0.055303596), (-0.052812416, 0.9687936, -0.24217758), (-0.16723333, 0.98078144, -0.1005027), (0.16729152, 0.9807801, 0.10041897), (-0.16729069, -0.9807802, -0.100419186), (0.16723275, -0.98078173, 0.100500606), (0.052812655, -0.96879447, 0.24217373), (-0.2530776, -0.96586424, 0.05530017), (-0.39403358, -0.18087447, 0.9011226), (-0.39403394, 0.18087636, 0.90112203), (-0.69059134, 0.17855963, 0.7008567), (-0.69059134, -0.17855725, 0.7008572), (-0.8408367, 0.19513912, -0.50489056), (-0.84083676, -0.1951375, -0.504891), (-0.9199037, -0.17849366, -0.34916654), (-0.919904, 0.17849419, -0.34916538), (0.16723306, 0.98078114, 0.100505546), (-0.16729194, 0.98078036, -0.10041533), (-0.2530791, 0.96586347, 0.055305578), (0.052812207, 0.9687933, 0.24217889), (-0.17936493, -0.17936467, -0.96729344), (-0.17936505, 0.17936593, -0.9672932), (0.17936477, 0.1793661, -0.9672932), (0.17936516, -0.17936528, -0.96729326), (-0.1793657, 0.967293, -0.17936605), (-0.17936608, 0.9672931, 0.17936543), (0.17936593, 0.96729296, 0.17936604), (0.17936555, 0.96729285, -0.17936708), (-0.9672931, -0.1793652, -0.17936598), (-0.9672932, -0.17936556, 0.17936553), (-0.9672934, 0.17936487, 0.17936528), (-0.9672932, 0.17936493, -0.17936598), (-0.17936383, -0.967294, 0.17936283), (-0.17936333, -0.96729386, -0.17936338), (0.17936325, -0.96729386, -0.17936383), (0.17936382, -0.96729386, 0.17936324), (0.9672931, -0.17936504, -0.1793662), (0.9672931, 0.17936511, -0.1793664), (0.9672934, 0.17936465, 0.17936519), (0.967293, -0.17936562, 0.17936572), (-0.17936654, 0.17936602, 0.96729285), (-0.17936541, -0.17936537, 0.9672932), (0.17936626, -0.17936559, 0.967293), (0.17936637, 0.17936608, 0.96729285), (-0.73366064, 0.18082166, -0.6550157), (-0.7336618, -0.18082021, -0.6550149), (-0.84070635, -0.19514808, -0.50510406), (-0.840706, 0.19514874, -0.50510436), (0.84070593, -0.19514686, 0.50510514), (0.8407058, 0.19514957, 0.5051044), (0.7336594, 0.18082128, 0.65501714), (0.73365945, -0.18081996, 0.6550176), (-0.052810837, -0.96879375, -0.24217685), (0.2530787, -0.9658636, -0.055305958), (0.16729218, -0.9807806, 0.10041286), (-0.16723134, -0.9807817, -0.10050324), (0.6905916, -0.17855956, -0.70085645), (0.39403462, -0.18087672, -0.90112174), (0.39403442, 0.18087693, -0.9011218), (0.6905906, 0.17856015, -0.7008572), (0.9199053, 0.17849304, 0.34916252), (0.97227466, 0.15665145, 0.17361575), (0.92872953, 0.3205019, 0.18638662), (0.8704278, 0.35719103, 0.33877718), (0.25307792, 0.9658639, -0.055303596), (0.39423046, 0.91705745, 0.059899393), (0.45911852, 0.8827023, -0.100233816), (0.33337384, 0.9170502, -0.21881714), (0.6905906, 0.17856015, -0.7008572), (0.6498136, 0.35732812, -0.6708642), (0.76655227, 0.3205061, -0.55648315), (0.8114586, 0.15665397, -0.56302273), (0.9199058, -0.17849323, 0.3491611), (0.8704287, -0.35719207, 0.33877382), (0.92872894, -0.3205046, 0.18638502), (0.9722745, -0.156653, 0.17361501), (0.6905916, -0.17855956, -0.70085645), (0.8114595, -0.15665269, -0.5630218), (0.7665542, -0.32050446, -0.55648136), (0.6498151, -0.35732722, -0.6708634), (0.2530787, -0.9658636, -0.055305958), (0.33337343, -0.91705084, -0.2188147), (0.45911956, -0.88270223, -0.100230604), (0.3942314, -0.9170574, 0.059894346), (-0.73366064, 0.18082166, -0.6550157), (-0.70541024, 0.3637799, -0.6083261), (-0.5881964, 0.33161032, -0.7376039), (-0.5971684, 0.16119516, -0.7857519), (0.39403442, 0.18087693, -0.9011218), (0.215369, 0.16119458, -0.9631368), (0.22728036, 0.33160967, -0.91563016), (0.3879306, 0.3639001, -0.8468096), (-0.052812416, 0.9687936, -0.24217758), (0.06150451, 0.92195827, -0.38237453), (-0.09565615, 0.8937869, -0.4381722), (-0.21520522, 0.92196625, -0.3219705), (-0.7336618, -0.18082021, -0.6550149), (-0.5971692, -0.16119504, -0.78575134), (-0.588198, -0.33161035, -0.7376028), (-0.70541304, -0.36377835, -0.6083237), (-0.052810837, -0.96879375, -0.24217685), (-0.21520296, -0.92196757, -0.3219681), (-0.095656194, -0.8937878, -0.43817022), (0.061503608, -0.92195916, -0.3823724), (0.39403462, -0.18087672, -0.90112174), (0.38793063, -0.36389992, -0.8468096), (0.22727948, -0.33160973, -0.91563046), (0.21536858, -0.16119497, -0.9631368), (0.73365945, -0.18081996, 0.6550176), (0.5971656, -0.16119403, 0.7857543), (0.58819216, -0.33160898, 0.73760796), (0.70540845, -0.3637779, 0.60832936), (0.052812655, -0.96879447, 0.24217373), (0.21520443, -0.921967, 0.32196885), (0.09565544, -0.8937893, 0.4381674), (-0.061504178, -0.9219596, 0.38237116), (-0.39403358, -0.18087447, 0.9011226), (-0.38792962, -0.3638952, 0.84681225), (-0.22728013, -0.3316074, 0.9156311), (-0.21536754, -0.16119318, 0.9631373), (0.7336594, 0.18082128, 0.65501714), (0.7054084, 0.36377996, 0.60832816), (0.5881957, 0.331608, 0.73760563), (0.5971672, 0.16119409, 0.785753), (-0.39403394, 0.18087636, 0.90112203), (-0.2153677, 0.16119438, 0.96313715), (-0.22728044, 0.3316087, 0.91563046), (-0.3879306, 0.36389858, 0.8468103), (0.052812207, 0.9687933, 0.24217889), (-0.061503056, 0.92195886, 0.38237327), (0.09565908, 0.8937881, 0.4381692), (0.21520606, 0.9219656, 0.32197165), (-0.9199037, -0.17849366, -0.34916654), (-0.87042725, -0.35719168, -0.33877793), (-0.9287293, -0.3205036, -0.18638445), (-0.97227484, -0.15665235, -0.17361388), (-0.69059134, -0.17855725, 0.7008572), (-0.8114599, -0.1566516, 0.5630215), (-0.7665535, -0.32050312, 0.55648315), (-0.64981365, -0.35732332, 0.67086685), (-0.2530776, -0.96586424, 0.05530017), (-0.3333742, -0.9170507, 0.21881413), (-0.4591211, -0.8827016, 0.10022845), (-0.39423025, -0.91705763, -0.059898537), (-0.919904, 0.17849419, -0.34916538), (-0.972275, 0.15665247, -0.17361258), (-0.9287302, 0.3205028, -0.18638198), (-0.8704268, 0.3571937, -0.33877686), (-0.2530791, 0.96586347, 0.055305578), (-0.39423114, 0.91705745, -0.059894264), (-0.45911887, 0.88270247, 0.10023164), (-0.33337352, 0.91705036, 0.21881685), (-0.69059134, 0.17855963, 0.7008567), (-0.64981365, 0.35732663, 0.670865), (-0.7665526, 0.32050505, 0.55648327), (-0.81145936, 0.15665357, 0.56302154), (-0.17936505, 0.17936593, -0.9672932), (-0.359964, 0.15848579, -0.91940635), (-0.3250545, 0.3250569, -0.88807523), (-0.15848461, 0.35996574, -0.919406), (-0.1793657, 0.967293, -0.17936605), (-0.15848619, 0.9194055, -0.35996598), (-0.3250572, 0.8880746, -0.32505614), (-0.3599653, 0.91940594, -0.15848547), (-0.9672932, 0.17936493, -0.17936598), (-0.9194063, 0.35996386, -0.15848687), (-0.8880741, 0.32505542, -0.32505894), (-0.91940576, 0.15848528, -0.35996586), (-0.17936493, -0.17936467, -0.96729344), (-0.15848462, -0.35996374, -0.9194068), (-0.32505393, -0.3250542, -0.8880764), (-0.35996354, -0.158485, -0.9194067), (-0.9672931, -0.1793652, -0.17936598), (-0.91940576, -0.15848547, -0.35996592), (-0.888074, -0.32505572, -0.32505894), (-0.91940606, -0.35996434, -0.15848722), (-0.17936333, -0.96729386, -0.17936338), (-0.35996068, -0.919408, -0.158484), (-0.32505253, -0.8880771, -0.32505363), (-0.15848364, -0.9194081, -0.35996076), (-0.17936654, 0.17936602, 0.96729285), (-0.15848769, 0.359966, 0.91940534), (-0.32506055, 0.3250584, 0.8880725), (-0.35996696, 0.1584866, 0.9194051), (-0.9672934, 0.17936487, 0.17936528), (-0.9194064, 0.15848498, 0.35996446), (-0.88807476, 0.32505518, 0.32505733), (-0.9194065, 0.3599637, 0.15848607), (-0.17936608, 0.9672931, 0.17936543), (-0.35996598, 0.9194057, 0.15848516), (-0.32505873, 0.8880742, 0.32505548), (-0.15848678, 0.919406, 0.35996482), (-0.17936541, -0.17936537, 0.9672932), (-0.35996446, -0.15848581, 0.91940624), (-0.32505566, -0.32505566, 0.88807523), (-0.15848558, -0.3599651, 0.919406), (-0.17936383, -0.967294, 0.17936283), (-0.15848446, -0.9194084, 0.35995966), (-0.32505456, -0.88807756, 0.32505026), (-0.35996157, -0.91940796, 0.15848233), (-0.9672932, -0.17936556, 0.17936553), (-0.9194058, -0.35996503, 0.15848687), (-0.88807374, -0.32505718, 0.32505825), (-0.919406, -0.15848601, 0.35996497), (0.17936516, -0.17936528, -0.96729326), (0.35996413, -0.1584863, -0.91940624), (0.325055, -0.3250566, -0.8880751), (0.15848531, -0.3599649, -0.9194061), (0.17936325, -0.96729386, -0.17936383), (0.15848346, -0.9194078, -0.3599616), (0.32505217, -0.8880766, -0.3250554), (0.35996053, -0.91940796, -0.15848489), (0.9672931, -0.17936504, -0.1793662), (0.91940624, -0.359964, -0.15848699), (0.8880744, -0.325055, -0.3250585), (0.91940564, -0.15848507, -0.35996622), (0.17936477, 0.1793661, -0.9672932), (0.15848404, 0.35996607, -0.91940594), (0.3250534, 0.3250577, -0.88807535), (0.35996354, 0.15848625, -0.9194065), (0.9672931, 0.17936511, -0.1793664), (0.91940546, 0.15848562, -0.3599667), (0.88807374, 0.3250561, -0.32505932), (0.9194061, 0.35996422, -0.15848708), (0.17936555, 0.96729285, -0.17936708), (0.35996497, 0.91940576, -0.15848765), (0.32505614, 0.88807327, -0.32506046), (0.15848552, 0.9194048, -0.3599681), (0.17936626, -0.17936559, 0.967293), (0.15848748, -0.35996565, 0.91940546), (0.3250595, -0.32505655, 0.88807344), (0.35996616, -0.15848632, 0.9194055), (0.967293, -0.17936562, 0.17936572), (0.91940576, -0.15848614, 0.3599654), (0.8880739, -0.32505754, 0.32505754), (0.9194058, -0.35996518, 0.15848655), (0.17936382, -0.96729386, 0.17936324), (0.35996145, -0.9194078, 0.15848322), (0.3250542, -0.8880771, 0.32505205), (0.15848413, -0.9194081, 0.3599605), (0.17936637, 0.17936608, 0.96729285), (0.35996675, 0.15848677, 0.91940516), (0.32506043, 0.32505855, 0.88807243), (0.15848777, 0.35996604, 0.9194053), (0.17936593, 0.96729296, 0.17936604), (0.15848646, 0.9194055, 0.35996604), (0.32505807, 0.8880735, 0.32505807), (0.3599658, 0.91940564, 0.15848649), (0.9672934, 0.17936465, 0.17936519), (0.91940683, 0.3599632, 0.15848508), (0.8880759, 0.3250543, 0.32505536), (0.91940653, 0.15848449, 0.35996425), (0.98078537, -0.19508983, 1.64756e-7), (0.92388, -0.38268244, 3.2318053e-7), (0.92388034, -0.3826815, 3.6477832e-8), (0.9807855, -0.1950893, 1.8596223e-8), (0.9995841, 0.020392248, 0.020392187), (0.9953162, 0.045575216, 0.08525615), (0.9792171, 0.14341222, 0.14341147), (0.9953162, 0.08525648, 0.045575023), (0.17936599, 0.967293, 0.17936584), (0.15848587, 0.91940576, 0.35996553), (0.32505685, 0.8880744, 0.32505685), (0.35996583, 0.9194057, 0.1584859), (0.17936687, 0.17936529, 0.96729296), (0.35996747, 0.15848601, 0.919405), (0.32506114, 0.32505712, 0.8880728), (0.15848815, 0.3599646, 0.9194057), (-0.9995841, -0.020392206, 0.020392267), (-0.9953162, -0.04557506, 0.085256055), (-0.9792172, -0.14341141, 0.1434116), (-0.9953162, -0.08525602, 0.045575142), (0.19508868, 0.98078555, -1.342099e-7), (0.19508842, 0.9807856, 0), (0.38267988, 0.923881, 0), (0.38268033, 0.92388076, -2.632623e-7), (0.9863879, -0.025290007, -0.16247827), (0.9469108, -0.053137194, -0.3170746), (0.979217, -0.14341144, -0.14341246), (0.9953162, -0.04557493, -0.08525648), (-0.98638785, -0.025289914, -0.16247855), (-0.99531615, -0.045574863, -0.0852569), (-0.97921705, -0.14341168, -0.14341214), (-0.9469106, -0.05313697, -0.31707522), (0.9807853, 0.19508989, 3.2392514e-8), (0.92387986, 0.38268262, 6.354021e-8), (0.92387974, 0.38268298, 1.6362854e-7), (0.9807853, 0.19509009, 8.3417106e-8), (-0.17936602, 0.9672925, 0.17936824), (-0.35996562, 0.9194048, 0.15849146), (-0.32505634, 0.88807625, 0.32505205), (-0.15848544, 0.919407, 0.3599626), (0.8407058, 0.19514957, 0.5051044), (0.84078056, 0.19509083, 0.50500256), (0.79199743, 0.38268435, 0.47570235), (0.79183924, 0.38278982, 0.47588092), (0.16723306, 0.98078114, 0.100505546), (0.32803792, 0.92386246, 0.19715299), (0.32805753, 0.9238789, 0.19704337), (0.16724218, 0.9807851, 0.10045218), (0.16729152, 0.9807801, 0.10041897), (0.16724218, 0.9807851, 0.10045218), (0.32805753, 0.9238789, 0.19704337), (0.32814783, 0.9238603, 0.19698007), (0.8408382, 0.19513841, 0.5048882), (0.7920976, 0.38277885, 0.47545952), (0.79199743, 0.38268435, 0.47570235), (0.84078056, 0.19509083, 0.50500256), (0.84083986, -0.19513755, 0.50488585), (0.8407813, -0.19508852, 0.5050024), (0.79199964, -0.38267997, 0.4757023), (0.79210126, -0.38277674, 0.47545522), (0.16729218, -0.9807806, 0.10041286), (0.3281483, -0.9238619, 0.19697201), (0.32805476, -0.92388076, 0.1970392), (0.16724053, -0.9807857, 0.10044923), (0.16723275, -0.98078173, 0.100500606), (0.16724053, -0.9807857, 0.10044923), (0.32805476, -0.92388076, 0.1970392), (0.3280361, -0.923864, 0.1971488), (0.84070593, -0.19514686, 0.50510514), (0.7918405, -0.38278484, 0.4758828), (0.79199964, -0.38267997, 0.4757023), (0.8407813, -0.19508852, 0.5050024), (-0.16729194, 0.98078036, -0.10041533), (-0.16724081, 0.98078555, -0.100450315), (-0.32805502, 0.92388016, -0.19704127), (-0.32814774, 0.92386156, -0.19697432), (-0.8408367, 0.19513912, -0.50489056), (-0.7920973, 0.38277924, -0.47545975), (-0.7919985, 0.38268328, -0.47570154), (-0.8407811, 0.19509037, -0.50500184), (-0.840706, 0.19514874, -0.50510436), (-0.8407811, 0.19509037, -0.50500184), (-0.7919985, 0.38268328, -0.47570154), (-0.79183984, 0.3827891, -0.4758804), (-0.16723333, 0.98078144, -0.1005027), (-0.32803714, 0.9238638, -0.1971481), (-0.32805502, 0.92388016, -0.19704127), (-0.16724081, 0.98078555, -0.100450315), (-0.84083676, -0.1951375, -0.504891), (-0.8407808, -0.19509032, -0.5050023), (-0.79199773, -0.3826837, -0.47570235), (-0.79209745, -0.3827778, -0.47546056), (-0.16729069, -0.9807802, -0.100419186), (-0.32814637, -0.9238616, -0.19697638), (-0.32805532, -0.92388034, -0.19703977), (-0.16724135, -0.9807854, -0.10045039), (-0.16723134, -0.9807817, -0.10050324), (-0.16724135, -0.9807854, -0.10045039), (-0.32805532, -0.92388034, -0.19703977), (-0.32803473, -0.92386526, -0.19714572), (-0.84070635, -0.19514808, -0.50510406), (-0.791841, -0.38278726, -0.47588006), (-0.79199773, -0.3826837, -0.47570235), (-0.8407808, -0.19509032, -0.5050023), (0.9199058, -0.17849323, 0.3491611), (0.9722745, -0.156653, 0.17361501), (0.97227466, 0.15665145, 0.17361575), (0.9199053, 0.17849304, 0.34916252), (0.8114595, -0.15665269, -0.5630218), (0.6905916, -0.17855956, -0.70085645), (0.6905906, 0.17856015, -0.7008572), (0.8114586, 0.15665397, -0.56302273), (0.39403462, -0.18087672, -0.90112174), (0.21536858, -0.16119497, -0.9631368), (0.215369, 0.16119458, -0.9631368), (0.39403442, 0.18087693, -0.9011218), (-0.5971692, -0.16119504, -0.78575134), (-0.7336618, -0.18082021, -0.6550149), (-0.73366064, 0.18082166, -0.6550157), (-0.5971684, 0.16119516, -0.7857519), (0.6905916, -0.17855956, -0.70085645), (0.6498151, -0.35732722, -0.6708634), (0.38793063, -0.36389992, -0.8468096), (0.39403462, -0.18087672, -0.90112174), (0.33337343, -0.91705084, -0.2188147), (0.2530787, -0.9658636, -0.055305958), (-0.052810837, -0.96879375, -0.24217685), (0.061503608, -0.92195916, -0.3823724), (0.39403442, 0.18087693, -0.9011218), (0.3879306, 0.3639001, -0.8468096), (0.6498136, 0.35732812, -0.6708642), (0.6905906, 0.17856015, -0.7008572), (0.06150451, 0.92195827, -0.38237453), (-0.052812416, 0.9687936, -0.24217758), (0.25307792, 0.9658639, -0.055303596), (0.33337384, 0.9170502, -0.21881714), (-0.39403358, -0.18087447, 0.9011226), (-0.21536754, -0.16119318, 0.9631373), (-0.2153677, 0.16119438, 0.96313715), (-0.39403394, 0.18087636, 0.90112203), (0.5971656, -0.16119403, 0.7857543), (0.73365945, -0.18081996, 0.6550176), (0.7336594, 0.18082128, 0.65501714), (0.5971672, 0.16119409, 0.785753), (-0.9199037, -0.17849366, -0.34916654), (-0.97227484, -0.15665235, -0.17361388), (-0.972275, 0.15665247, -0.17361258), (-0.919904, 0.17849419, -0.34916538), (-0.8114599, -0.1566516, 0.5630215), (-0.69059134, -0.17855725, 0.7008572), (-0.69059134, 0.17855963, 0.7008567), (-0.81145936, 0.15665357, 0.56302154), (0.052812655, -0.96879447, 0.24217373), (-0.061504178, -0.9219596, 0.38237116), (-0.3333742, -0.9170507, 0.21881413), (-0.2530776, -0.96586424, 0.05530017), (-0.38792962, -0.3638952, 0.84681225), (-0.39403358, -0.18087447, 0.9011226), (-0.69059134, -0.17855725, 0.7008572), (-0.64981365, -0.35732332, 0.67086685), (-0.2530791, 0.96586347, 0.055305578), (-0.33337352, 0.91705036, 0.21881685), (-0.061503056, 0.92195886, 0.38237327), (0.052812207, 0.9687933, 0.24217889), (-0.64981365, 0.35732663, 0.670865), (-0.69059134, 0.17855963, 0.7008567), (-0.39403394, 0.18087636, 0.90112203), (-0.3879306, 0.36389858, 0.8468103), (0.8407058, 0.19514957, 0.5051044), (0.79183924, 0.38278982, 0.47588092), (0.7054084, 0.36377996, 0.60832816), (0.7336594, 0.18082128, 0.65501714), (0.32803792, 0.92386246, 0.19715299), (0.16723306, 0.98078114, 0.100505546), (0.052812207, 0.9687933, 0.24217889), (0.21520606, 0.9219656, 0.32197165), (0.84083986, -0.19513755, 0.50488585), (0.79210126, -0.38277674, 0.47545522), (0.8704287, -0.35719207, 0.33877382), (0.9199058, -0.17849323, 0.3491611), (0.3281483, -0.9238619, 0.19697201), (0.16729218, -0.9807806, 0.10041286), (0.2530787, -0.9658636, -0.055305958), (0.3942314, -0.9170574, 0.059894346), (-0.16729194, 0.98078036, -0.10041533), (-0.32814774, 0.92386156, -0.19697432), (-0.39423114, 0.91705745, -0.059894264), (-0.2530791, 0.96586347, 0.055305578), (-0.7920973, 0.38277924, -0.47545975), (-0.8408367, 0.19513912, -0.50489056), (-0.919904, 0.17849419, -0.34916538), (-0.8704268, 0.3571937, -0.33877686), (-0.84083676, -0.1951375, -0.504891), (-0.79209745, -0.3827778, -0.47546056), (-0.87042725, -0.35719168, -0.33877793), (-0.9199037, -0.17849366, -0.34916654), (-0.32814637, -0.9238616, -0.19697638), (-0.16729069, -0.9807802, -0.100419186), (-0.2530776, -0.96586424, 0.05530017), (-0.39423025, -0.91705763, -0.059898537), (-0.17936493, -0.17936467, -0.96729344), (-0.35996354, -0.158485, -0.9194067), (-0.359964, 0.15848579, -0.91940635), (-0.17936505, 0.17936593, -0.9672932), (-0.91940576, -0.15848547, -0.35996592), (-0.9672931, -0.1793652, -0.17936598), (-0.9672932, 0.17936493, -0.17936598), (-0.91940576, 0.15848528, -0.35996586), (-0.9672932, -0.17936556, 0.17936553), (-0.919406, -0.15848601, 0.35996497), (-0.9194064, 0.15848498, 0.35996446), (-0.9672934, 0.17936487, 0.17936528), (-0.35996446, -0.15848581, 0.91940624), (-0.17936541, -0.17936537, 0.9672932), (-0.17936654, 0.17936602, 0.96729285), (-0.35996696, 0.1584866, 0.9194051), (-0.9672931, -0.1793652, -0.17936598), (-0.91940606, -0.35996434, -0.15848722), (-0.9194058, -0.35996503, 0.15848687), (-0.9672932, -0.17936556, 0.17936553), (-0.35996068, -0.919408, -0.158484), (-0.17936333, -0.96729386, -0.17936338), (-0.17936383, -0.967294, 0.17936283), (-0.35996157, -0.91940796, 0.15848233), (-0.9672934, 0.17936487, 0.17936528), (-0.9194065, 0.3599637, 0.15848607), (-0.9194063, 0.35996386, -0.15848687), (-0.9672932, 0.17936493, -0.17936598), (-0.35996598, 0.9194057, 0.15848516), (-0.17936608, 0.9672931, 0.17936543), (-0.1793657, 0.967293, -0.17936605), (-0.3599653, 0.91940594, -0.15848547), (0.9672931, -0.17936504, -0.1793662), (0.91940564, -0.15848507, -0.35996622), (0.91940546, 0.15848562, -0.3599667), (0.9672931, 0.17936511, -0.1793664), (0.35996413, -0.1584863, -0.91940624), (0.17936516, -0.17936528, -0.96729326), (0.17936477, 0.1793661, -0.9672932), (0.35996354, 0.15848625, -0.9194065), (0.17936626, -0.17936559, 0.967293), (0.35996616, -0.15848632, 0.9194055), (0.35996675, 0.15848677, 0.91940516), (0.17936637, 0.17936608, 0.96729285), (0.91940576, -0.15848614, 0.3599654), (0.967293, -0.17936562, 0.17936572), (0.9672934, 0.17936465, 0.17936519), (0.91940653, 0.15848449, 0.35996425), (0.17936325, -0.96729386, -0.17936383), (0.35996053, -0.91940796, -0.15848489), (0.35996145, -0.9194078, 0.15848322), (0.17936382, -0.96729386, 0.17936324), (0.91940624, -0.359964, -0.15848699), (0.9672931, -0.17936504, -0.1793662), (0.967293, -0.17936562, 0.17936572), (0.9194058, -0.35996518, 0.15848655), (0.17936593, 0.96729296, 0.17936604), (0.3599658, 0.91940564, 0.15848649), (0.35996497, 0.91940576, -0.15848765), (0.17936555, 0.96729285, -0.17936708), (0.91940683, 0.3599632, 0.15848508), (0.9672934, 0.17936465, 0.17936519), (0.9672931, 0.17936511, -0.1793664), (0.9194061, 0.35996422, -0.15848708), (-0.17936505, 0.17936593, -0.9672932), (-0.15848461, 0.35996574, -0.919406), (0.15848404, 0.35996607, -0.91940594), (0.17936477, 0.1793661, -0.9672932), (-0.15848619, 0.9194055, -0.35996598), (-0.1793657, 0.967293, -0.17936605), (0.17936555, 0.96729285, -0.17936708), (0.15848552, 0.9194048, -0.3599681), (0.17936516, -0.17936528, -0.96729326), (0.15848531, -0.3599649, -0.9194061), (-0.15848462, -0.35996374, -0.9194068), (-0.17936493, -0.17936467, -0.96729344), (0.15848346, -0.9194078, -0.3599616), (0.17936325, -0.96729386, -0.17936383), (-0.17936333, -0.96729386, -0.17936338), (-0.15848364, -0.9194081, -0.35996076), (-0.17936608, 0.9672931, 0.17936543), (-0.15848678, 0.919406, 0.35996482), (0.15848646, 0.9194055, 0.35996604), (0.17936593, 0.96729296, 0.17936604), (-0.15848769, 0.359966, 0.91940534), (-0.17936654, 0.17936602, 0.96729285), (0.17936637, 0.17936608, 0.96729285), (0.15848777, 0.35996604, 0.9194053), (-0.17936541, -0.17936537, 0.9672932), (-0.15848558, -0.3599651, 0.919406), (0.15848748, -0.35996565, 0.91940546), (0.17936626, -0.17936559, 0.967293), (-0.15848446, -0.9194084, 0.35995966), (-0.17936383, -0.967294, 0.17936283), (0.17936382, -0.96729386, 0.17936324), (0.15848413, -0.9194081, 0.3599605), (0.9995841, 0.020392248, 0.020392187), (0.9953162, 0.08525648, 0.045575023), (0.9807855, -0.1950893, 1.8596223e-8), (0.9807854, -0.19508953, -1.4615975e-7), (0.9953162, 0.08525648, 0.045575023), (0.9863878, 0.1624789, 0.025289977), (0.98078537, -0.19508983, 1.64756e-7), (0.9807855, -0.1950893, 1.8596223e-8), (0.15848587, 0.91940576, 0.35996553), (0.17936599, 0.967293, 0.17936584), (-0.17936651, 0.967293, 0.17936538), (-0.15848656, 0.91940606, 0.3599647), (0.96729314, 0.17936623, 0.17936474), (0.91940653, 0.15848652, 0.3599636), (0.92388076, 7.7955025e-7, 0.38268057), (0.9807856, 3.9741377e-7, 0.19508882), (0.9199053, 0.17849304, 0.34916252), (0.8704278, 0.35719103, 0.33877718), (0.7920976, 0.38277885, 0.47545952), (0.8408382, 0.19513841, 0.5048882), (0.39423046, 0.91705745, 0.059899393), (0.25307792, 0.9658639, -0.055303596), (0.16729152, 0.9807801, 0.10041897), (0.32814783, 0.9238603, 0.19698007), (0.73365945, -0.18081996, 0.6550176), (0.70540845, -0.3637779, 0.60832936), (0.7918405, -0.38278484, 0.4758828), (0.84070593, -0.19514686, 0.50510514), (0.21520443, -0.921967, 0.32196885), (0.052812655, -0.96879447, 0.24217373), (0.16723275, -0.98078173, 0.100500606), (0.3280361, -0.923864, 0.1971488), (-0.052812416, 0.9687936, -0.24217758), (-0.21520522, 0.92196625, -0.3219705), (-0.32803714, 0.9238638, -0.1971481), (-0.16723333, 0.98078144, -0.1005027), (-0.70541024, 0.3637799, -0.6083261), (-0.73366064, 0.18082166, -0.6550157), (-0.840706, 0.19514874, -0.50510436), (-0.79183984, 0.3827891, -0.4758804), (-0.7336618, -0.18082021, -0.6550149), (-0.70541304, -0.36377835, -0.6083237), (-0.791841, -0.38278726, -0.47588006), (-0.84070635, -0.19514808, -0.50510406), (-0.21520296, -0.92196757, -0.3219681), (-0.052810837, -0.96879375, -0.24217685), (-0.16723134, -0.9807817, -0.10050324), (-0.32803473, -0.92386526, -0.19714572), (-0.16729069, -0.9807802, -0.100419186), (-0.16724135, -0.9807854, -0.10045039), (0.16724053, -0.9807857, 0.10044923), (0.16723275, -0.98078173, 0.100500606), (-0.16724135, -0.9807854, -0.10045039), (-0.16723134, -0.9807817, -0.10050324), (0.16729218, -0.9807806, 0.10041286), (0.16724053, -0.9807857, 0.10044923), (-0.8408367, 0.19513912, -0.50489056), (-0.8407811, 0.19509037, -0.50500184), (-0.8407808, -0.19509032, -0.5050023), (-0.84083676, -0.1951375, -0.504891), (-0.8407811, 0.19509037, -0.50500184), (-0.840706, 0.19514874, -0.50510436), (-0.84070635, -0.19514808, -0.50510406), (-0.8407808, -0.19509032, -0.5050023), (0.16723306, 0.98078114, 0.100505546), (0.16724218, 0.9807851, 0.10045218), (-0.16724081, 0.98078555, -0.100450315), (-0.16729194, 0.98078036, -0.10041533), (0.16724218, 0.9807851, 0.10045218), (0.16729152, 0.9807801, 0.10041897), (-0.16723333, 0.98078144, -0.1005027), (-0.16724081, 0.98078555, -0.100450315), (0.84070593, -0.19514686, 0.50510514), (0.8407813, -0.19508852, 0.5050024), (0.84078056, 0.19509083, 0.50500256), (0.8407058, 0.19514957, 0.5051044), (0.8407813, -0.19508852, 0.5050024), (0.84083986, -0.19513755, 0.50488585), (0.8408382, 0.19513841, 0.5048882), (0.84078056, 0.19509083, 0.50500256), (0.9199058, -0.17849323, 0.3491611), (0.9199053, 0.17849304, 0.34916252), (0.8408382, 0.19513841, 0.5048882), (0.84083986, -0.19513755, 0.50488585)] (
                    interpolation = "faceVarying"
                )
                point3f[] points = [(0.31258625, -0.50644463, 0.60289544), (0.31258625, -0.54768723, 0.56165284), (0.35382882, -0.50644463, 0.56165284), (0.31258625, -0.53560764, 0.59081584), (0.33639768, -0.53025615, 0.58546436), (0.34174916, -0.53560764, 0.5616529), (0.34174916, -0.5064447, 0.59081584), (0.1629793, -0.54768723, 0.56165284), (0.1629793, -0.50644463, 0.60289544), (0.121736735, -0.50644463, 0.56165284), (0.1629793, -0.53560764, 0.59081584), (0.13916789, -0.53025615, 0.58546436), (0.1338164, -0.5064447, 0.59081584), (0.1338164, -0.53560764, 0.5616529), (0.31258625, -0.54768723, 0.022857986), (0.31258625, -0.50644463, -0.018384587), (0.35382882, -0.50644463, 0.022857986), (0.31258625, -0.53560764, -0.006304919), (0.33639768, -0.53025615, -0.000953426), (0.34174916, -0.5064447, -0.006304919), (0.34174916, -0.53560764, 0.022857986), (0.1629793, -0.50644463, -0.018384587), (0.1629793, -0.54768723, 0.022857986), (0.121736735, -0.50644463, 0.022857986), (0.1629793, -0.53560764, -0.006304919), (0.13916789, -0.53025615, -0.000953426), (0.1338164, -0.53560764, 0.022857986), (0.1338164, -0.5064447, -0.006304919), (0.1629793, -0.3072526, 0.56165284), (0.121736735, -0.34849516, 0.56165284), (0.1629793, -0.34849516, 0.60289544), (0.1338164, -0.31933227, 0.5616529), (0.13916789, -0.32468376, 0.58546436), (0.1338164, -0.34849516, 0.59081584), (0.1629793, -0.31933227, 0.59081584), (0.31258625, -0.34849516, 0.60289544), (0.35382882, -0.34849516, 0.56165284), (0.31258625, -0.3072526, 0.56165284), (0.34174916, -0.34849516, 0.59081584), (0.33639768, -0.32468376, 0.58546436), (0.34174916, -0.31933227, 0.5616529), (0.31258625, -0.31933227, 0.59081584), (0.1629793, -0.34849516, -0.018384587), (0.121736735, -0.34849516, 0.022857986), (0.1629793, -0.3072526, 0.022857986), (0.1338164, -0.34849516, -0.006304919), (0.13916789, -0.32468376, -0.000953426), (0.1338164, -0.31933227, 0.022857986), (0.1629793, -0.31933227, -0.006304919), (0.31258625, -0.3072526, 0.022857986), (0.35382882, -0.34849516, 0.022857986), (0.31258625, -0.34849516, -0.018384587), (0.34174916, -0.31933227, 0.022857986), (0.33639768, -0.32468376, -0.000953426), (0.34174916, -0.34849516, -0.006304919), (0.31258625, -0.31933227, -0.006304919), (0.31258625, 0.49697703, 0.60289544), (0.31258625, 0.45573443, 0.56165284), (0.35382882, 0.496977, 0.56165284), (0.31258625, 0.46781412, 0.59081584), (0.33639768, 0.47316557, 0.58546436), (0.34174916, 0.4678141, 0.5616529), (0.34174916, 0.496977, 0.59081584), (0.1629793, 0.45573443, 0.56165284), (0.1629793, 0.49697703, 0.60289544), (0.121736735, 0.496977, 0.56165284), (0.1629793, 0.46781412, 0.59081584), (0.13916789, 0.47316557, 0.58546436), (0.1338164, 0.496977, 0.59081584), (0.1338164, 0.4678141, 0.5616529), (0.31258625, 0.45573443, 0.022857986), (0.31258625, 0.49697703, -0.018384587), (0.35382882, 0.49697703, 0.022857983), (0.31258625, 0.4678141, -0.006304919), (0.33639768, 0.47316557, -0.00095342787), (0.34174916, 0.496977, -0.0063049225), (0.34174916, 0.4678141, 0.022857985), (0.1629793, 0.49697703, -0.018384587), (0.1629793, 0.45573443, 0.022857986), (0.121736735, 0.49697703, 0.022857986), (0.1629793, 0.4678141, -0.006304919), (0.13916789, 0.47316557, -0.000953426), (0.1338164, 0.4678141, 0.022857986), (0.1338164, 0.496977, -0.006304919), (0.1629793, 0.696169, 0.56165284), (0.121736735, 0.6549264, 0.56165284), (0.1629793, 0.6549264, 0.60289544), (0.1338164, 0.68408936, 0.5616529), (0.13916789, 0.6787379, 0.58546436), (0.1338164, 0.6549264, 0.59081584), (0.1629793, 0.68408936, 0.59081584), (0.31258625, 0.6549264, 0.60289544), (0.35382882, 0.6549264, 0.56165284), (0.31258625, 0.696169, 0.56165284), (0.34174916, 0.6549264, 0.59081584), (0.33639768, 0.6787379, 0.58546436), (0.34174916, 0.68408936, 0.5616529), (0.31258625, 0.68408936, 0.59081584), (0.1629793, 0.6549264, -0.018384587), (0.121736735, 0.6549264, 0.022857986), (0.1629793, 0.696169, 0.022857986), (0.1338164, 0.6549264, -0.006304919), (0.13916789, 0.6787379, -0.000953426), (0.1338164, 0.68408936, 0.022857986), (0.1629793, 0.68408936, -0.006304919), (0.31258625, 0.696169, 0.022857986), (0.35382882, 0.6549264, 0.022857986), (0.31258625, 0.6549264, -0.018384587), (0.34174916, 0.68408936, 0.022857986), (0.33639768, 0.6787379, -0.000953426), (0.34174916, 0.6549264, -0.006304919), (0.31258625, 0.68408936, -0.006304919), (0.1629793, 0.45573443, 0.068411745), (0.1629793, 0.45573443, 0.15089689), (0.121736735, 0.496977, 0.15089688), (0.121736735, 0.49697703, 0.06841173), (0.1629793, 0.45573443, 0.10965432), (0.13381644, 0.46781412, 0.1096543), (0.13381642, 0.46781412, 0.15089686), (0.121736735, 0.49697703, 0.10965431), (0.13381642, 0.46781412, 0.06841174), (0.31258625, -0.3072526, 0.150897), (0.35382882, -0.34849516, 0.150897), (0.35382882, -0.34849516, 0.06841185), (0.31258625, -0.3072526, 0.06841185), (0.3417492, -0.31933224, 0.150897), (0.34174916, -0.31933224, 0.109654434), (0.35382882, -0.34849516, 0.10965443), (0.3417492, -0.31933224, 0.06841185), (0.31258625, -0.3072526, 0.10965443), (0.35382882, 0.6549264, 0.15089694), (0.35382882, 0.6549264, 0.06841179), (0.31258625, 0.696169, 0.068411775), (0.31258625, 0.696169, 0.15089692), (0.35382882, 0.6549264, 0.10965437), (0.34174916, 0.68408936, 0.10965437), (0.34174922, 0.68408936, 0.06841178), (0.31258625, 0.696169, 0.10965435), (0.3417492, 0.68408936, 0.15089694), (0.35382882, -0.50644463, 0.150897), (0.31258625, -0.54768723, 0.150897), (0.31258625, -0.54768723, 0.06841185), (0.35382882, -0.50644463, 0.06841185), (0.34174922, -0.5356076, 0.150897), (0.34174922, -0.5356075, 0.109654434), (0.31258625, -0.54768723, 0.10965443), (0.3417492, -0.5356076, 0.06841185), (0.35382882, -0.50644463, 0.10965443), (0.121736735, -0.34849516, 0.06841185), (0.121736735, -0.34849516, 0.150897), (0.1629793, -0.3072526, 0.150897), (0.1629793, -0.3072526, 0.06841185), (0.121736735, -0.34849516, 0.10965443), (0.1338164, -0.31933227, 0.10965444), (0.13381642, -0.31933224, 0.150897), (0.1629793, -0.3072526, 0.10965443), (0.13381642, -0.31933224, 0.06841185), (0.121736735, -0.50644463, 0.06841185), (0.1629793, -0.54768723, 0.06841185), (0.1629793, -0.54768723, 0.150897), (0.121736735, -0.50644463, 0.150897), (0.13381642, -0.5356076, 0.06841185), (0.13381642, -0.5356076, 0.10965443), (0.1629793, -0.54768723, 0.10965443), (0.13381642, -0.5356076, 0.150897), (0.121736735, -0.50644463, 0.10965443), (0.35382882, 0.496977, 0.15089694), (0.31258625, 0.45573443, 0.15089692), (0.31258625, 0.45573443, 0.06841178), (0.35382882, 0.49697703, 0.06841179), (0.3417492, 0.46781412, 0.15089692), (0.34174916, 0.46781412, 0.10965437), (0.31258625, 0.45573443, 0.10965435), (0.3417492, 0.46781412, 0.06841179), (0.35382882, 0.49697703, 0.10965437), (0.121736735, 0.6549264, 0.06841173), (0.121736735, 0.6549264, 0.15089688), (0.1629793, 0.696169, 0.15089689), (0.1629793, 0.696169, 0.06841174), (0.121736735, 0.6549264, 0.10965431), (0.13381644, 0.68408936, 0.10965431), (0.13381642, 0.68408936, 0.15089689), (0.1629793, 0.696169, 0.10965432), (0.13381642, 0.68408936, 0.06841174), (-0.31258625, -0.50644463, 0.60289544), (-0.31258625, -0.54768723, 0.56165284), (-0.35382882, -0.50644463, 0.56165284), (-0.31258625, -0.53560764, 0.59081584), (-0.33639768, -0.53025615, 0.58546436), (-0.34174916, -0.53560764, 0.5616529), (-0.34174916, -0.5064447, 0.59081584), (-0.1629793, -0.54768723, 0.56165284), (-0.1629793, -0.50644463, 0.60289544), (-0.121736735, -0.50644463, 0.56165284), (-0.1629793, -0.53560764, 0.59081584), (-0.13916789, -0.53025615, 0.58546436), (-0.1338164, -0.5064447, 0.59081584), (-0.1338164, -0.53560764, 0.5616529), (-0.31258625, -0.54768723, 0.022857986), (-0.31258625, -0.50644463, -0.018384587), (-0.35382882, -0.50644463, 0.022857986), (-0.31258625, -0.53560764, -0.006304919), (-0.33639768, -0.53025615, -0.000953426), (-0.34174916, -0.5064447, -0.006304919), (-0.34174916, -0.53560764, 0.022857986), (-0.1629793, -0.50644463, -0.018384587), (-0.1629793, -0.54768723, 0.022857986), (-0.121736735, -0.50644463, 0.022857986), (-0.1629793, -0.53560764, -0.006304919), (-0.13916789, -0.53025615, -0.000953426), (-0.1338164, -0.53560764, 0.022857986), (-0.1338164, -0.5064447, -0.006304919), (-0.1629793, -0.3072526, 0.56165284), (-0.121736735, -0.34849516, 0.56165284), (-0.1629793, -0.34849516, 0.60289544), (-0.1338164, -0.31933227, 0.5616529), (-0.13916789, -0.32468376, 0.58546436), (-0.1338164, -0.34849516, 0.59081584), (-0.1629793, -0.31933227, 0.59081584), (-0.31258625, -0.34849516, 0.60289544), (-0.35382882, -0.34849516, 0.56165284), (-0.31258625, -0.3072526, 0.56165284), (-0.34174916, -0.34849516, 0.59081584), (-0.33639768, -0.32468376, 0.58546436), (-0.34174916, -0.31933227, 0.5616529), (-0.31258625, -0.31933227, 0.59081584), (-0.1629793, -0.34849516, -0.018384587), (-0.121736735, -0.34849516, 0.022857986), (-0.1629793, -0.3072526, 0.022857986), (-0.1338164, -0.34849516, -0.006304919), (-0.13916789, -0.32468376, -0.000953426), (-0.1338164, -0.31933227, 0.022857986), (-0.1629793, -0.31933227, -0.006304919), (-0.31258625, -0.3072526, 0.022857986), (-0.35382882, -0.34849516, 0.022857986), (-0.31258625, -0.34849516, -0.018384587), (-0.34174916, -0.31933227, 0.022857986), (-0.33639768, -0.32468376, -0.000953426), (-0.34174916, -0.34849516, -0.006304919), (-0.31258625, -0.31933227, -0.006304919), (-0.31258625, 0.49697703, 0.60289544), (-0.31258625, 0.45573443, 0.56165284), (-0.35382882, 0.496977, 0.56165284), (-0.31258625, 0.46781412, 0.59081584), (-0.33639768, 0.47316557, 0.58546436), (-0.34174916, 0.4678141, 0.5616529), (-0.34174916, 0.496977, 0.59081584), (-0.1629793, 0.45573443, 0.56165284), (-0.1629793, 0.49697703, 0.60289544), (-0.121736735, 0.496977, 0.56165284), (-0.1629793, 0.46781412, 0.59081584), (-0.13916789, 0.47316557, 0.58546436), (-0.1338164, 0.496977, 0.59081584), (-0.1338164, 0.4678141, 0.5616529), (-0.31258625, 0.45573443, 0.022857986), (-0.31258625, 0.49697703, -0.018384587), (-0.35382882, 0.49697703, 0.022857983), (-0.31258625, 0.4678141, -0.006304919), (-0.33639768, 0.47316557, -0.00095342787), (-0.34174916, 0.496977, -0.0063049225), (-0.34174916, 0.4678141, 0.022857985), (-0.1629793, 0.49697703, -0.018384587), (-0.1629793, 0.45573443, 0.022857986), (-0.121736735, 0.49697703, 0.022857986), (-0.1629793, 0.4678141, -0.006304919), (-0.13916789, 0.47316557, -0.000953426), (-0.1338164, 0.4678141, 0.022857986), (-0.1338164, 0.496977, -0.006304919), (-0.1629793, 0.696169, 0.56165284), (-0.121736735, 0.6549264, 0.56165284), (-0.1629793, 0.6549264, 0.60289544), (-0.1338164, 0.68408936, 0.5616529), (-0.13916789, 0.6787379, 0.58546436), (-0.1338164, 0.6549264, 0.59081584), (-0.1629793, 0.68408936, 0.59081584), (-0.31258625, 0.6549264, 0.60289544), (-0.35382882, 0.6549264, 0.56165284), (-0.31258625, 0.696169, 0.56165284), (-0.34174916, 0.6549264, 0.59081584), (-0.33639768, 0.6787379, 0.58546436), (-0.34174916, 0.68408936, 0.5616529), (-0.31258625, 0.68408936, 0.59081584), (-0.1629793, 0.6549264, -0.018384587), (-0.121736735, 0.6549264, 0.022857986), (-0.1629793, 0.696169, 0.022857986), (-0.1338164, 0.6549264, -0.006304919), (-0.13916789, 0.6787379, -0.000953426), (-0.1338164, 0.68408936, 0.022857986), (-0.1629793, 0.68408936, -0.006304919), (-0.31258625, 0.696169, 0.022857986), (-0.35382882, 0.6549264, 0.022857986), (-0.31258625, 0.6549264, -0.018384587), (-0.34174916, 0.68408936, 0.022857986), (-0.33639768, 0.6787379, -0.000953426), (-0.34174916, 0.6549264, -0.006304919), (-0.31258625, 0.68408936, -0.006304919), (-0.1629793, 0.45573443, 0.068411745), (-0.1629793, 0.45573443, 0.15089689), (-0.121736735, 0.496977, 0.15089688), (-0.121736735, 0.49697703, 0.06841173), (-0.1629793, 0.45573443, 0.10965432), (-0.13381644, 0.46781412, 0.1096543), (-0.13381642, 0.46781412, 0.15089686), (-0.121736735, 0.49697703, 0.10965431), (-0.13381642, 0.46781412, 0.06841174), (-0.31258625, -0.3072526, 0.150897), (-0.35382882, -0.34849516, 0.150897), (-0.35382882, -0.34849516, 0.06841185), (-0.31258625, -0.3072526, 0.06841185), (-0.3417492, -0.31933224, 0.150897), (-0.34174916, -0.31933224, 0.109654434), (-0.35382882, -0.34849516, 0.10965443), (-0.3417492, -0.31933224, 0.06841185), (-0.31258625, -0.3072526, 0.10965443), (-0.35382882, 0.6549264, 0.15089694), (-0.35382882, 0.6549264, 0.06841179), (-0.31258625, 0.696169, 0.068411775), (-0.31258625, 0.696169, 0.15089692), (-0.35382882, 0.6549264, 0.10965437), (-0.34174916, 0.68408936, 0.10965437), (-0.34174922, 0.68408936, 0.06841178), (-0.31258625, 0.696169, 0.10965435), (-0.3417492, 0.68408936, 0.15089694), (-0.35382882, -0.50644463, 0.150897), (-0.31258625, -0.54768723, 0.150897), (-0.31258625, -0.54768723, 0.06841185), (-0.35382882, -0.50644463, 0.06841185), (-0.34174922, -0.5356076, 0.150897), (-0.34174922, -0.5356075, 0.109654434), (-0.31258625, -0.54768723, 0.10965443), (-0.3417492, -0.5356076, 0.06841185), (-0.35382882, -0.50644463, 0.10965443), (-0.121736735, -0.34849516, 0.06841185), (-0.121736735, -0.34849516, 0.150897), (-0.1629793, -0.3072526, 0.150897), (-0.1629793, -0.3072526, 0.06841185), (-0.121736735, -0.34849516, 0.10965443), (-0.1338164, -0.31933227, 0.10965444), (-0.13381642, -0.31933224, 0.150897), (-0.1629793, -0.3072526, 0.10965443), (-0.13381642, -0.31933224, 0.06841185), (-0.121736735, -0.50644463, 0.06841185), (-0.1629793, -0.54768723, 0.06841185), (-0.1629793, -0.54768723, 0.150897), (-0.121736735, -0.50644463, 0.150897), (-0.13381642, -0.5356076, 0.06841185), (-0.13381642, -0.5356076, 0.10965443), (-0.1629793, -0.54768723, 0.10965443), (-0.13381642, -0.5356076, 0.150897), (-0.121736735, -0.50644463, 0.10965443), (-0.35382882, 0.496977, 0.15089694), (-0.31258625, 0.45573443, 0.15089692), (-0.31258625, 0.45573443, 0.06841178), (-0.35382882, 0.49697703, 0.06841179), (-0.3417492, 0.46781412, 0.15089692), (-0.34174916, 0.46781412, 0.10965437), (-0.31258625, 0.45573443, 0.10965435), (-0.3417492, 0.46781412, 0.06841179), (-0.35382882, 0.49697703, 0.10965437), (-0.121736735, 0.6549264, 0.06841173), (-0.121736735, 0.6549264, 0.15089688), (-0.1629793, 0.696169, 0.15089689), (-0.1629793, 0.696169, 0.06841174), (-0.121736735, 0.6549264, 0.10965431), (-0.13381644, 0.68408936, 0.10965431), (-0.13381642, 0.68408936, 0.15089689), (-0.1629793, 0.696169, 0.10965432), (-0.13381642, 0.68408936, 0.06841174), (0.4910922, 0.68352604, 1.4973251), (0.43023425, 0.744384, 1.4973251), (0.43023425, 0.68352604, 1.5581831), (0.4829618, 0.7139151, 1.4973251), (0.4829618, 0.68352604, 1.5277143), (0.47506422, 0.712629, 1.5264281), (0.43023425, 0.7362536, 1.5277143), (0.46062332, 0.7362536, 1.4973251), (0.45933723, 0.728356, 1.5264281), (0.46062332, 0.68352604, 1.5500526), (0.43023425, 0.7139151, 1.5500526), (0.45933723, 0.712629, 1.542155), (0.4910922, -0.5267375, 1.4973251), (0.43023425, -0.5267375, 1.5581831), (0.43023425, -0.5875954, 1.4973251), (0.4829618, -0.5267375, 1.5277143), (0.4829618, -0.5571265, 1.4973251), (0.47506422, -0.55584043, 1.5264281), (0.43023425, -0.5571265, 1.5500526), (0.46062332, -0.5267375, 1.5500526), (0.45933723, -0.55584043, 1.542155), (0.46062332, -0.57946503, 1.4973251), (0.43023425, -0.57946503, 1.5277143), (0.45933723, -0.5715674, 1.5264281), (-0.4910922, 0.68352604, 1.4973251), (-0.43023425, 0.68352604, 1.5581831), (-0.43023425, 0.744384, 1.4973251), (-0.4829618, 0.68352604, 1.5277143), (-0.4829618, 0.7139151, 1.4973251), (-0.47506422, 0.712629, 1.5264281), (-0.43023425, 0.7139151, 1.5500526), (-0.46062332, 0.68352604, 1.5500526), (-0.45933723, 0.712629, 1.542155), (-0.46062332, 0.7362536, 1.4973251), (-0.43023425, 0.7362536, 1.5277143), (-0.45933723, 0.728356, 1.5264281), (-0.4910922, -0.5267375, 1.4973251), (-0.43023425, -0.5875954, 1.4973251), (-0.43023425, -0.5267375, 1.5581831), (-0.4829618, -0.5571265, 1.4973251), (-0.4829618, -0.5267375, 1.5277143), (-0.47506422, -0.55584043, 1.5264281), (-0.43023425, -0.57946503, 1.5277143), (-0.46062332, -0.57946503, 1.4973251), (-0.45933723, -0.5715674, 1.5264281), (-0.46062332, -0.5267375, 1.5500526), (-0.43023425, -0.5571265, 1.5500526), (-0.45933723, -0.55584043, 1.542155), (0.4910922, 0.68352604, 0.6476955), (0.43023425, 0.68352604, 0.5868375), (0.43023425, 0.744384, 0.6476955), (0.4829618, 0.68352604, 0.6173064), (0.4829618, 0.7139151, 0.6476955), (0.47506422, 0.712629, 0.6185925), (0.43023425, 0.7139151, 0.5949679), (0.46062332, 0.68352604, 0.5949679), (0.45933723, 0.712629, 0.6028655), (0.46062332, 0.7362536, 0.6476955), (0.43023425, 0.7362536, 0.6173064), (0.45933723, 0.728356, 0.6185925), (0.4910922, -0.5267375, 0.6476955), (0.43023425, -0.5875954, 0.6476955), (0.43023425, -0.5267375, 0.5868375), (0.4829618, -0.5571265, 0.6476955), (0.4829618, -0.5267375, 0.6173064), (0.47506422, -0.55584043, 0.6185925), (0.43023425, -0.57946503, 0.6173064), (0.46062332, -0.57946503, 0.6476955), (0.45933723, -0.5715674, 0.6185925), (0.46062332, -0.5267375, 0.5949679), (0.43023425, -0.5571265, 0.5949679), (0.45933723, -0.55584043, 0.6028655), (-0.4910922, 0.68352604, 0.6476955), (-0.43023425, 0.744384, 0.6476955), (-0.43023425, 0.68352604, 0.5868375), (-0.4829618, 0.7139151, 0.6476955), (-0.4829618, 0.68352604, 0.6173064), (-0.47506422, 0.712629, 0.6185925), (-0.43023425, 0.7362536, 0.6173064), (-0.46062332, 0.7362536, 0.6476955), (-0.45933723, 0.728356, 0.6185925), (-0.46062332, 0.68352604, 0.5949679), (-0.43023425, 0.7139151, 0.5949679), (-0.45933723, 0.712629, 0.6028655), (-0.4910922, -0.5267375, 0.6476955), (-0.43023425, -0.5267375, 0.5868375), (-0.43023425, -0.5875954, 0.6476955), (-0.4829618, -0.5267375, 0.6173064), (-0.4829618, -0.5571265, 0.6476955), (-0.47506422, -0.55584043, 0.6185925), (-0.43023425, -0.5571265, 0.5949679), (-0.46062332, -0.5267375, 0.5949679), (-0.45933723, -0.55584043, 0.6028655), (-0.46062332, -0.57946503, 0.6476955), (-0.43023425, -0.57946503, 0.6173064), (-0.45933723, -0.5715674, 0.6185925), (0.121718824, -0.73755443, 1.0391579), (0.14711191, -0.70687395, 1.0218493), (0.13124266, -0.73755443, 0.99553263), (0.12917121, -0.71586007, 1.0340917), (0.12331544, -0.71984106, 1.0166544), (0.13590558, -0.71586007, 1.003244), (0.11794995, -0.73755443, 1.015483), (0.12171882, -0.85741866, 1.0391579), (0.13124266, -0.85741866, 0.99553263), (0.14711191, -0.88809913, 1.0218493), (0.11794995, -0.85741866, 1.0154829), (0.123315446, -0.875132, 1.0166543), (0.13590558, -0.879113, 1.0032439), (0.12917121, -0.879113, 1.0340916), (0.41000146, -0.7375543, 0.8419184), (0.36888316, -0.7375543, 0.83294183), (0.3846637, -0.70687383, 0.85931915), (0.3914182, -0.7375543, 0.8283792), (0.39017543, -0.71984094, 0.8340718), (0.3735017, -0.71585995, 0.8406834), (0.40257674, -0.71585995, 0.84703076), (0.41000146, -0.8574186, 0.8419184), (0.3846637, -0.8880991, 0.85931915), (0.36888316, -0.8574186, 0.83294183), (0.4025768, -0.879113, 0.84703076), (0.3901755, -0.875132, 0.8340718), (0.37350175, -0.879113, 0.8406834), (0.39141825, -0.85741866, 0.8283792), (0.16403535, -0.8574187, 1.109611), (0.18937309, -0.8880992, 1.0922103), (0.20515364, -0.8574187, 1.1185875), (0.17146006, -0.8791131, 1.1044987), (0.18386135, -0.8751321, 1.1174576), (0.20053507, -0.8791131, 1.110846), (0.18261859, -0.8574187, 1.1231502), (0.16403536, -0.73755443, 1.109611), (0.20515363, -0.73755443, 1.1185875), (0.18937308, -0.70687395, 1.0922103), (0.1826186, -0.73755443, 1.1231501), (0.18386136, -0.71984106, 1.1174575), (0.20053507, -0.71586007, 1.1108459), (0.17146008, -0.71586007, 1.1044986), (0.452318, -0.85741866, 0.9123714), (0.44279417, -0.85741866, 0.9559967), (0.42692494, -0.88809913, 0.9296801), (0.45608687, -0.85741866, 0.9360464), (0.4507214, -0.875132, 0.93487513), (0.4381313, -0.879113, 0.9482855), (0.44486567, -0.879113, 0.9174378), (0.45231798, -0.73755443, 0.9123714), (0.42692485, -0.70687395, 0.92968005), (0.4427941, -0.73755443, 0.9559967), (0.44486555, -0.71586007, 0.9174377), (0.45072126, -0.71984106, 0.934875), (0.43813118, -0.71586007, 0.9482854), (0.45608678, -0.73755443, 0.9360463), (0.1637425, -1.1661134, 0.7184753), (0.1637425, -1.1354328, 0.74915576), (0.19442295, -1.1661134, 0.74915576), (0.1637425, -1.1444191, 0.72746134), (0.18145585, -1.1484, 0.73144233), (0.18543684, -1.1444191, 0.7491557), (-0.16374259, -1.1661134, 0.7184753), (-0.19442303, -1.1661134, 0.74915576), (-0.18543692, -1.1661134, 0.72746134), (-0.18145593, -1.1484, 0.73144233), (-0.18543692, -1.1444191, 0.7491557), (-0.16374259, -1.1661134, 1.017776), (-0.16374259, -1.1354328, 0.9870956), (-0.18543692, -1.1661134, 1.00879), (0.1637425, -1.1661134, 1.017776), (0.1637425, -1.1354328, 0.9870956), (0.18543684, -1.1661134, 1.00879), (0.18145585, -1.1484, 1.0048089), (0.18543684, -1.1444191, 0.9870956), (0.1637425, -1.1444191, 1.00879), (-0.16374259, -1.2867485, 0.7184753), (-0.16374259, -1.3174291, 0.74915576), (-0.19442303, -1.2867485, 0.74915576), (-0.16374257, -1.308443, 0.72746134), (-0.18145593, -1.304462, 0.73144233), (-0.18543692, -1.308443, 0.7491557), (-0.18543692, -1.2867485, 0.72746134), (0.1637425, -1.2867485, 0.7184753), (0.19442295, -1.2867485, 0.74915576), (0.1637425, -1.3174291, 0.74915576), (0.18543684, -1.2867485, 0.72746134), (0.18145585, -1.304462, 0.73144233), (0.18543684, -1.308443, 0.7491557), (0.1637425, -1.308443, 0.72746134), (-0.16374259, -1.2867485, 1.017776), (-0.19442303, -1.2867485, 0.9870956), (-0.16374259, -1.3174291, 0.9870956), (-0.18543692, -1.2867485, 1.00879), (-0.18145593, -1.304462, 1.0048089), (-0.18543692, -1.308443, 0.9870956), (-0.16374257, -1.308443, 1.00879), (0.1637425, -1.3174291, 0.9870956), (0.19442295, -1.2867485, 0.9870956), (0.1637425, -1.308443, 1.00879), (0.18543684, -1.308443, 0.9870956), (0.18543684, -1.2867485, 1.00879), (0.21986681, -0.5472615, 0.73717505), (0.25054726, -0.5779419, 0.73717505), (0.21986681, -0.5779419, 0.70649457), (0.24156114, -0.55624753, 0.73717505), (0.23758017, -0.56022847, 0.7194617), (0.24156114, -0.57794183, 0.7154807), (0.2198668, -0.55624753, 0.7154807), (-0.21986687, -0.5779419, 0.70649457), (-0.21986687, -0.5472615, 0.73717505), (-0.24156123, -0.5779419, 0.7154807), (-0.23758025, -0.5602285, 0.7194617), (-0.24156123, -0.5562476, 0.73717505), (-0.21986689, -0.5562476, 0.7154807), (0.21986681, -1.1855931, 0.70649457), (0.21986681, -1.2162737, 0.73717505), (0.24156114, -1.1855931, 0.7154807), (0.23758017, -1.2033066, 0.7194617), (0.24156114, -1.2072875, 0.73717505), (-0.25054732, -1.1855931, 0.73717505), (-0.24156123, -1.2072877, 0.73717505), (-0.23758025, -1.2033067, 0.7194617), (-0.24156123, -1.1855932, 0.7154807), (-0.21986689, -1.2072877, 0.7154807), (-0.21986687, -0.5779419, 1.1904703), (-0.21986687, -0.5472615, 1.1597898), (-0.25054732, -0.5779419, 1.1597898), (-0.21986689, -0.55624753, 1.1814842), (-0.23758025, -0.56022847, 1.1775032), (-0.24156123, -0.55624753, 1.1597898), (-0.24156123, -0.57794183, 1.1814842), (0.21986681, -0.5472615, 1.1597898), (0.25054726, -0.5779419, 1.1597898), (0.2198668, -0.55624753, 1.1814842), (0.23758017, -0.56022847, 1.1775032), (0.24156114, -0.55624753, 1.1597898), (-0.21986687, -1.2162737, 1.1597898), (-0.21986687, -1.1855931, 1.1904703), (-0.25054732, -1.1855931, 1.1597898), (-0.21986689, -1.2072877, 1.1814842), (-0.24156123, -1.1855932, 1.1814842), (-0.24156123, -1.2072877, 1.1597898), (0.21986681, -1.2162737, 1.1597898), (0.2198668, -1.2072877, 1.1814842), (0.24156114, -1.2072877, 1.1597898), (0.24156114, -1.1855932, 1.1814842), (0.2702228, -0.9871652, 0.9090164), (0.2702228, -0.95648474, 0.9396968), (0.30090326, -0.9871652, 0.9396968), (0.2702228, -0.96547085, 0.9180025), (0.28793618, -0.96945184, 0.9219834), (0.29191718, -0.96547085, 0.9396968), (0.29191718, -0.9871652, 0.9180025), (0.2702228, -1.0797441, 0.9090164), (0.30090326, -1.0797442, 0.9396968), (0.2702228, -1.1104245, 0.9396968), (0.29191718, -1.0797442, 0.9180025), (0.28793618, -1.0974576, 0.9219834), (0.29191718, -1.1014385, 0.9396968), (0.2702228, -1.1014385, 0.9180025), (0.2702228, -0.9871652, 1.0856323), (0.30090326, -0.9871652, 1.0549518), (0.2702228, -0.95648474, 1.0549518), (0.29191718, -0.9871652, 1.0766462), (0.28793618, -0.96945184, 1.0726652), (0.29191718, -0.96547085, 1.0549518), (0.2702228, -0.96547085, 1.0766462), (0.2702228, -1.0797441, 1.0856323), (0.2702228, -1.1104245, 1.0549518), (0.30090326, -1.0797442, 1.0549518), (0.2702228, -1.1014385, 1.0766462), (0.28793618, -1.0974576, 1.0726652), (0.29191718, -1.1014385, 1.0549518), (0.29191718, -1.0797442, 1.0766462), (0.26717925, -1.0797441, 0.9090164), (0.26717922, -1.1104245, 0.9396968), (0.23649877, -1.0797442, 0.9396968), (0.26717922, -1.1014385, 0.9180025), (0.24946584, -1.0974576, 0.9219834), (0.24548484, -1.1014385, 0.9396968), (0.24548487, -1.0797442, 0.9180025), (0.26717925, -0.9871652, 0.9090164), (0.23649877, -0.9871652, 0.9396968), (0.26717922, -0.95648474, 0.9396968), (0.2454849, -0.9871652, 0.9180025), (0.24946587, -0.96945184, 0.9219834), (0.24548487, -0.96547085, 0.9396968), (0.26717925, -0.96547085, 0.9180025), (0.26717925, -1.0797441, 1.0856323), (0.23649877, -1.0797442, 1.0549518), (0.26717922, -1.1104245, 1.0549518), (0.2454849, -1.0797442, 1.0766462), (0.24946587, -1.0974576, 1.0726652), (0.24548487, -1.1014385, 1.0549518), (0.26717925, -1.1014385, 1.0766462), (0.26717925, -0.9871652, 1.0856323), (0.26717922, -0.95648474, 1.0549518), (0.23649877, -0.9871652, 1.0549518), (0.26717922, -0.96547085, 1.0766462), (0.24946584, -0.96945184, 1.0726652), (0.24548484, -0.96547085, 1.0549518), (0.24548487, -0.9871652, 1.0766462), (-0.13005419, 0.7728702, 0.8298518), (-0.13005419, 0.7421897, 0.8605322), (-0.16073464, 0.7728702, 0.8605322), (-0.13005419, 0.7511758, 0.83883804), (0.13005419, 0.7728702, 0.8298518), (0.16073464, 0.7728702, 0.8605322), (0.14776756, 0.7551568, 0.84281904), (0.13005419, 0.7511758, 0.83883804), (-0.13005419, 0.7421897, 1.0725473), (-0.15174854, 0.75117576, 1.0111862), (-0.15174858, 0.75117576, 1.0418668), (-0.13005419, 0.7421897, 1.0418668), (-0.15174854, 0.75117576, 1.0725473), (0.13005419, 0.7421897, 1.0111862), (0.13005419, 0.7421897, 1.0418668), (0.15174854, 0.75117576, 1.0111862), (-0.16073464, 0.9351258, 0.8605322), (-0.13005419, 0.9658063, 0.8298518), (-0.15174855, 0.96580637, 0.838838), (-0.16073464, 0.9658063, 0.8605322), (-0.15174855, 0.9964867, 0.838838), (0.16073464, 0.9351258, 0.8605322), (0.13005419, 0.9351258, 0.8298518), (0.15174846, 0.96580637, 0.8388379), (0.13005419, 0.9658063, 0.8298518), (-0.13005419, 0.9658063, 1.0725473), (-0.15570225, 0.96580637, 1.0418669), (-0.16073464, 0.9351258, 1.0418668), (-0.15174855, 0.95682013, 1.0725473), (0.16073464, 0.9964867, 1.0111862), (0.13005419, 0.9658063, 1.0725473), (0.13005419, 0.9747925, 1.0508528), (0.15174854, 0.95682013, 1.0725473), (-0.13005419, 0.7421897, 1.2225628), (-0.13005419, 0.7728702, 1.2532433), (-0.16073464, 0.7728702, 1.2225628), (-0.15174854, 0.7728702, 1.2442573), (-0.15174854, 0.7511758, 1.2225629), (0.13005419, 0.7421897, 1.2225628), (0.16073464, 0.7728702, 1.2225628), (0.13005419, 0.7728702, 1.2532433), (0.15174854, 0.7511758, 1.2225628), (0.14776756, 0.7551568, 1.2402762), (0.15174854, 0.7728702, 1.2442572), (-0.16073464, 0.9351258, 1.2225628), (-0.13005419, 0.9351258, 1.2532433), (-0.15174854, 0.9568202, 1.2225628), (-0.14776756, 0.9528392, 1.2402762), (-0.15174854, 0.9351258, 1.2442572), (0.16073464, 0.9351258, 1.2225628), (-0.13005419, 1.1710923, 0.8298518), (-0.13005419, 1.1097312, 0.8298518), (-0.16073464, 1.1710923, 0.8605322), (-0.15174855, 1.1404117, 0.838838), (-0.15174854, 1.1097312, 0.838838), (-0.15174855, 1.1710923, 0.838838), (0.16073464, 1.1710923, 0.8605322), (0.15174854, 1.1710923, 0.838838), (0.15174846, 1.1404117, 0.8388379), (0.15174855, 1.1097312, 0.838838), (0.13005419, 1.1404117, 0.8298518), (-0.16073464, 1.1097312, 1.0111862), (-0.13005419, 1.1404117, 1.0725473), (-0.15174855, 1.1097312, 1.0328807), (-0.13005419, 1.1314255, 1.0508528), (-0.15174855, 1.149398, 1.0725473), (0.16073464, 1.1710923, 1.0111862), (0.13005419, 1.1404117, 1.0725473), (0.13005419, 1.1097312, 1.0418668), (0.16073464, 1.1097312, 1.0111862), (0.15570225, 1.1404116, 1.0418669), (0.15174854, 1.149398, 1.0725473), (0.13005419, 1.1314255, 1.0508528), (0.15174854, 1.1097312, 1.0328807), (0.16073464, 1.1404117, 1.0111862), (-0.13005419, 1.1816276, 0.8298518), (-0.16073464, 1.1816276, 0.8605322), (-0.13005419, 1.212308, 0.8605322), (-0.15174854, 1.1816276, 0.83883804), (0.14776756, 1.199341, 0.84281904), (0.15174854, 1.2033219, 0.86053234), (-0.16073464, 1.1816276, 1.0111862), (-0.16073464, 1.1816276, 1.0725473), (-0.13005419, 1.212308, 1.0111862), (-0.15174855, 1.203322, 1.0725473), (0.16073464, 1.1816276, 1.0111862), (0.13005419, 1.212308, 1.0725473), (0.16073464, 1.1816276, 1.0725473), (0.16073464, 1.1816276, 1.0418668), (-0.13005419, 1.1097312, 1.182236), (-0.16073464, 1.1710923, 1.1515554), (-0.13005419, 1.1404117, 1.1515554), (-0.16073464, 1.1710923, 1.182236), (-0.13005419, 1.1314255, 1.1732498), (0.13005419, 1.1097312, 1.182236), (0.16073464, 1.1710923, 1.2129164), (0.13005419, 1.1314255, 1.1732498), (0.16073464, 1.1710923, 1.182236), (-0.13005419, 1.212308, 1.1515554), (-0.16073464, 1.1816276, 1.1515554), (-0.15174855, 1.203322, 1.182236), (-0.15174855, 1.203322, 1.2129164), (0.13005419, 1.212308, 1.2129164), (0.16073464, 1.1816276, 1.2129164), (0.15174854, 1.203322, 1.2129164), (0.13005419, 1.212308, 1.182236), (-0.13005419, 1.1097312, 1.2507086), (-0.16073464, 1.1710923, 1.220028), (-0.13005419, 1.1404117, 1.2507086), (-0.16073464, 1.1404117, 1.220028), (-0.15174855, 1.1097312, 1.2417226), (0.16073464, 1.1097312, 1.220028), (0.16073464, 1.1404117, 1.220028), (0.13005419, 1.1404117, 1.2507086), (-0.15174854, 1.1816276, 1.2417225), (0.13005419, 1.212308, 1.220028), (0.13005419, 1.1816276, 1.2507086), (0.14776756, 1.199341, 1.2377415), (-0.16073464, 1.078654, 1.2129164), (-0.14776756, 1.0609405, 1.195203), (-0.15174854, 1.0569595, 1.2129164), (-0.15174854, 1.0786539, 1.1912221), (0.13005419, 1.078654, 1.182236), (0.16073464, 1.078654, 1.2129164), (0.13005419, 1.0479735, 1.2129164), (0.15174854, 1.078654, 1.1912221), (0.14776756, 1.0609406, 1.195203), (0.15174854, 1.0569596, 1.2129164), (-0.16073464, 1.078654, 1.220028), (-0.14776756, 1.0609406, 1.2377415), (-0.13005419, 1.0569596, 1.2417225), (0.13005419, 1.0569595, 1.2417225), (0.14776756, 1.0609405, 1.2377415), (0.15174854, 1.0569595, 1.220028), (0.15174854, 1.0786539, 1.2417225), (-0.21986687, -1.1424924, 0.70649457), (-0.25054732, -1.0811313, 0.73717505), (-0.21986687, -1.0811313, 0.70649457), (-0.24156113, -1.1118118, 0.7154806), (-0.25054732, -1.1118119, 0.73717505), (-0.24156122, -1.0811313, 0.71548074), (-0.21986687, -1.1118119, 0.70649457), (0.21986681, -1.0811313, 0.70649457), (0.25054726, -1.0811313, 0.73717505), (0.25054726, -1.1424924, 0.73717505), (0.24156116, -1.0811313, 0.71548074), (0.24156116, -1.1424924, 0.71548074), (-0.21986687, -1.0811313, 1.1904703), (-0.25054732, -1.0811313, 1.1597898), (-0.24156123, -1.1118119, 1.1814841), (-0.24156123, -1.0811313, 1.1814841), (-0.24156123, -1.1424924, 1.1814841), (0.21986681, -1.0811313, 1.1904703), (0.21986681, -1.1424924, 1.1904703), (0.25054726, -1.1424924, 1.1597898), (0.25054726, -1.0811313, 1.1597898), (0.21986681, -1.1118119, 1.1904703), (0.24156106, -1.1118119, 1.1814842), (0.24156117, -1.1424924, 1.1814841), (0.25054726, -1.1118119, 1.1597898), (0.24156117, -1.0811313, 1.1814841), (-0.2670633, -0.6391676, 1.1602126), (-0.2670633, -0.6698481, 1.1295321), (-0.28477663, -0.65213466, 1.1424992), (-0.2887576, -0.669848, 1.1385183), (0.26706323, -0.6391676, 1.1602126), (0.29774368, -0.6698481, 1.1602126), (0.2887576, -0.64815366, 1.1602126), (0.28477663, -0.65213466, 1.1424992), (0.26706326, -0.64815366, 1.1385183), (-0.2670633, -1.258632, 1.1602126), (-0.29774374, -1.2279514, 1.1602126), (-0.2670633, -1.2279514, 1.1295321), (-0.28477663, -1.2456648, 1.1424992), (0.26706323, -1.258632, 1.1602126), (0.26706323, -1.2279514, 1.1295321), (0.29774368, -1.2279514, 1.1602126), (0.28477663, -1.2456648, 1.1424992), (0.2887576, -1.2279514, 1.1385183), (0.2887576, -1.2496458, 1.1602126), (-0.2670633, -0.6391676, 1.3991243), (-0.29774374, -0.6698481, 1.3991243), (-0.2670633, -0.6698481, 1.4298048), (-0.28477663, -0.65213466, 1.4168377), (-0.2887576, -0.669848, 1.4208186), (-0.26706326, -0.64815366, 1.4208186), (0.26706323, -0.6391676, 1.3991243), (0.26706323, -0.6698481, 1.4298048), (0.29774368, -0.6698481, 1.3991243), (0.2887576, -0.669848, 1.4208186), (0.2887576, -0.64815366, 1.3991243), (-0.2670633, -1.258632, 1.3991243), (-0.2670633, -1.2279514, 1.4298048), (-0.29774374, -1.2279514, 1.3991243), (-0.26706326, -1.2496458, 1.4208186), (-0.2887576, -1.2279514, 1.4208186), (-0.2887576, -1.2496458, 1.3991243), (0.26706323, -1.258632, 1.3991243), (0.26706323, -1.2279514, 1.4298048), (0.2887576, -1.2496458, 1.3991243), (0.2887576, -1.2279514, 1.4208186), (0.26706326, -1.2496458, 1.4208186), (0.1586743, -0.73755443, 1.1006854), (0.18406738, -0.70687395, 1.0833768), (0.1524176, -0.70687395, 1.0306828), (0.12707987, -0.73755443, 1.0480837), (0.16592371, -0.7158601, 1.0953027), (0.15031005, -0.71586007, 1.0693073), (0.1682425, -0.70687395, 1.0570297), (0.13430168, -0.71586007, 1.042655), (0.14287709, -0.73755443, 1.0743845), (0.12707986, -0.8574187, 1.0480837), (0.1524176, -0.8880992, 1.0306828), (0.18406738, -0.8880992, 1.0833768), (0.15867428, -0.8574187, 1.1006854), (0.13430165, -0.87911314, 1.0426549), (0.1503099, -0.8791132, 1.0693073), (0.1682425, -0.8880992, 1.0570297), (0.16592368, -0.87911314, 1.0953027), (0.14287709, -0.8574187, 1.0743845), (0.42161915, -0.7068739, 0.9208465), (0.44695693, -0.7375544, 0.9034458), (0.41536248, -0.7375544, 0.8508439), (0.38996938, -0.7068739, 0.8681526), (0.43973514, -0.71585995, 0.90887445), (0.42372668, -0.71585995, 0.8822219), (0.4311597, -0.7375544, 0.8771449), (0.408113, -0.71585995, 0.8562266), (0.40579426, -0.7068739, 0.8944996), (0.44695696, -0.8574186, 0.9034458), (0.4216192, -0.8880991, 0.9208465), (0.38996938, -0.8880991, 0.8681526), (0.41536248, -0.8574186, 0.8508439), (0.43973517, -0.879113, 0.90887445), (0.42372683, -0.879113, 0.88222206), (0.40579432, -0.8880991, 0.8944996), (0.408113, -0.8791131, 0.8562266), (0.43115973, -0.8574186, 0.8771449), (-0.061330378, -1.3063885, 0.87057436), (-0.09201083, -1.3063885, 0.90125483), (-0.06133038, -1.2757081, 0.90125483), (-0.08302474, -1.3063885, 0.8795605), (-0.08302474, -1.2846942, 0.90125483), (-0.06133038, -1.2846942, 0.8795605), (0.061330292, -1.3063885, 0.87057436), (0.061330292, -1.2757081, 0.90125483), (0.092010744, -1.3063885, 0.90125483), (0.061330292, -1.2846942, 0.8795605), (0.08302465, -1.2846942, 0.90125483), (-0.06133038, -1.3063885, 1.0102918), (-0.09201083, -1.3063885, 0.97961134), (-0.079043746, -1.2886751, 0.99732476), (-0.08302474, -1.2846942, 0.9796114), (-0.08302474, -1.3063885, 1.0013058), (0.092010744, -1.3063885, 0.97961134), (0.061330292, -1.2757081, 0.97961134), (0.08302465, -1.3063885, 1.0013058), (0.07904366, -1.2886751, 0.99732476), (0.08302465, -1.2846942, 0.9796114), (0.061330292, -1.2846942, 1.0013058), (-0.06133038, -1.3339916, 0.87057436), (-0.09201083, -1.3339916, 0.90125483), (-0.06133038, -1.3556858, 0.8795605), (-0.08302474, -1.3556858, 0.90125483), (0.06133029, -1.3339916, 0.87057436), (0.092010744, -1.3339916, 0.90125483), (0.061330292, -1.3646722, 0.90125483), (0.08302465, -1.3339916, 0.8795605), (0.07904366, -1.3517051, 0.88354146), (0.08302465, -1.3556861, 0.90125483), (0.061330292, -1.3556861, 0.8795605), (-0.061330378, -1.3339916, 1.0102918), (-0.06133038, -1.3646722, 0.97961134), (-0.08302474, -1.3339916, 1.0013058), (-0.079043746, -1.3517051, 0.99732476), (-0.08302474, -1.3556861, 0.9796114), (-0.06133038, -1.3556861, 1.0013058), (0.061330292, -1.3339916, 1.0102918), (0.07904366, -1.3517048, 0.99732476), (0.08302465, -1.3556858, 0.9796114), (0.08302465, -1.3339914, 1.0013058), (-0.121718824, -0.73755443, 1.0391579), (-0.14711191, -0.70687395, 1.0218493), (-0.13124266, -0.73755443, 0.99553263), (-0.12917121, -0.71586007, 1.0340917), (-0.12331544, -0.71984106, 1.0166544), (-0.13590558, -0.71586007, 1.003244), (-0.11794995, -0.73755443, 1.015483), (-0.12171882, -0.85741866, 1.0391579), (-0.13124266, -0.85741866, 0.99553263), (-0.14711191, -0.88809913, 1.0218493), (-0.11794995, -0.85741866, 1.0154829), (-0.123315446, -0.875132, 1.0166543), (-0.13590558, -0.879113, 1.0032439), (-0.12917121, -0.879113, 1.0340916), (-0.41000146, -0.7375543, 0.8419184), (-0.36888316, -0.7375543, 0.83294183), (-0.3846637, -0.70687383, 0.85931915), (-0.3914182, -0.7375543, 0.8283792), (-0.39017543, -0.71984094, 0.8340718), (-0.3735017, -0.71585995, 0.8406834), (-0.40257674, -0.71585995, 0.84703076), (-0.41000146, -0.8574186, 0.8419184), (-0.3846637, -0.8880991, 0.85931915), (-0.36888316, -0.8574186, 0.83294183), (-0.4025768, -0.879113, 0.84703076), (-0.3901755, -0.875132, 0.8340718), (-0.37350175, -0.879113, 0.8406834), (-0.39141825, -0.85741866, 0.8283792), (-0.16403535, -0.8574187, 1.109611), (-0.18937309, -0.8880992, 1.0922103), (-0.20515364, -0.8574187, 1.1185875), (-0.17146006, -0.8791131, 1.1044987), (-0.18386135, -0.8751321, 1.1174576), (-0.20053507, -0.8791131, 1.110846), (-0.18261859, -0.8574187, 1.1231502), (-0.16403536, -0.73755443, 1.109611), (-0.20515363, -0.73755443, 1.1185875), (-0.18937308, -0.70687395, 1.0922103), (-0.1826186, -0.73755443, 1.1231501), (-0.18386136, -0.71984106, 1.1174575), (-0.20053507, -0.71586007, 1.1108459), (-0.17146008, -0.71586007, 1.1044986), (-0.452318, -0.85741866, 0.9123714), (-0.44279417, -0.85741866, 0.9559967), (-0.42692494, -0.88809913, 0.9296801), (-0.45608687, -0.85741866, 0.9360464), (-0.4507214, -0.875132, 0.93487513), (-0.4381313, -0.879113, 0.9482855), (-0.44486567, -0.879113, 0.9174378), (-0.45231798, -0.73755443, 0.9123714), (-0.42692485, -0.70687395, 0.92968005), (-0.4427941, -0.73755443, 0.9559967), (-0.44486555, -0.71586007, 0.9174377), (-0.45072126, -0.71984106, 0.934875), (-0.43813118, -0.71586007, 0.9482854), (-0.45608678, -0.73755443, 0.9360463), (-0.1637425, -1.1354328, 0.74915576), (-0.1637425, -1.1444191, 0.72746134), (0.18543692, -1.1661134, 0.72746134), (0.19442303, -1.1661134, 0.9870956), (-0.19442295, -1.1661134, 0.9870956), (-0.18145585, -1.1484, 1.0048089), (-0.18543684, -1.1444191, 0.9870956), (-0.1637425, -1.1444191, 1.00879), (0.16374259, -1.2867485, 1.017776), (0.18145593, -1.304462, 1.0048089), (-0.25054726, -0.5779419, 0.73717505), (-0.21986681, -1.1855931, 0.70649457), (-0.21986681, -1.2162737, 0.73717505), (0.25054732, -1.1855931, 0.73717505), (0.21986689, -1.2072877, 0.7154807), (0.21986687, -0.5779419, 1.1904703), (0.24156123, -0.57794183, 1.1814842), (0.21986687, -1.1855931, 1.1904703), (0.25054732, -1.1855931, 1.1597898), (0.23758025, -1.2033067, 1.1775032), (-0.23758017, -1.2033067, 1.1775032), (-0.2702228, -0.9871652, 0.9090164), (-0.2702228, -0.95648474, 0.9396968), (-0.30090326, -0.9871652, 0.9396968), (-0.2702228, -0.96547085, 0.9180025), (-0.28793618, -0.96945184, 0.9219834), (-0.29191718, -0.96547085, 0.9396968), (-0.29191718, -0.9871652, 0.9180025), (-0.2702228, -1.0797441, 0.9090164), (-0.30090326, -1.0797442, 0.9396968), (-0.2702228, -1.1104245, 0.9396968), (-0.29191718, -1.0797442, 0.9180025), (-0.28793618, -1.0974576, 0.9219834), (-0.29191718, -1.1014385, 0.9396968), (-0.2702228, -1.1014385, 0.9180025), (-0.2702228, -0.9871652, 1.0856323), (-0.30090326, -0.9871652, 1.0549518), (-0.2702228, -0.95648474, 1.0549518), (-0.29191718, -0.9871652, 1.0766462), (-0.28793618, -0.96945184, 1.0726652), (-0.29191718, -0.96547085, 1.0549518), (-0.2702228, -0.96547085, 1.0766462), (-0.2702228, -1.0797441, 1.0856323), (-0.2702228, -1.1104245, 1.0549518), (-0.30090326, -1.0797442, 1.0549518), (-0.2702228, -1.1014385, 1.0766462), (-0.28793618, -1.0974576, 1.0726652), (-0.29191718, -1.1014385, 1.0549518), (-0.29191718, -1.0797442, 1.0766462), (-0.26717925, -1.0797441, 0.9090164), (-0.26717922, -1.1104245, 0.9396968), (-0.23649877, -1.0797442, 0.9396968), (-0.26717922, -1.1014385, 0.9180025), (-0.24946584, -1.0974576, 0.9219834), (-0.24548484, -1.1014385, 0.9396968), (-0.24548487, -1.0797442, 0.9180025), (-0.26717925, -0.9871652, 0.9090164), (-0.23649877, -0.9871652, 0.9396968), (-0.26717922, -0.95648474, 0.9396968), (-0.2454849, -0.9871652, 0.9180025), (-0.24946587, -0.96945184, 0.9219834), (-0.24548487, -0.96547085, 0.9396968), (-0.26717925, -0.96547085, 0.9180025), (-0.26717925, -1.0797441, 1.0856323), (-0.23649877, -1.0797442, 1.0549518), (-0.26717922, -1.1104245, 1.0549518), (-0.2454849, -1.0797442, 1.0766462), (-0.24946587, -1.0974576, 1.0726652), (-0.24548487, -1.1014385, 1.0549518), (-0.26717925, -1.1014385, 1.0766462), (-0.26717925, -0.9871652, 1.0856323), (-0.26717922, -0.95648474, 1.0549518), (-0.23649877, -0.9871652, 1.0549518), (-0.26717922, -0.96547085, 1.0766462), (-0.24946584, -0.96945184, 1.0726652), (-0.24548484, -0.96547085, 1.0549518), (-0.24548487, -0.9871652, 1.0766462), (0.13005419, 0.7421897, 0.8605322), (0.15174854, 0.7511758, 0.86053234), (0.15174854, 0.7728702, 0.83883804), (-0.15174854, 0.7728702, 0.83883804), (-0.14776756, 0.7551568, 0.84281904), (-0.15174854, 0.7511758, 0.86053234), (0.16073464, 0.7728702, 1.0111862), (0.13005419, 0.7421897, 1.0725473), (0.16073464, 0.7728702, 1.0725473), (0.15174858, 0.75117576, 1.0418668), (0.15174854, 0.75117576, 1.0725473), (0.16073464, 0.7728702, 1.0418668), (-0.16073464, 0.7728702, 1.0111862), (-0.16073464, 0.7728702, 1.0725473), (-0.13005419, 0.7421897, 1.0111862), (-0.16073464, 0.7728702, 1.0418668), (0.13005419, 0.9964867, 0.8298518), (0.16073464, 0.9964867, 0.8605322), (0.15174854, 0.9351258, 0.838838), (0.16073464, 0.9658063, 0.8605322), (0.15174855, 0.9964867, 0.838838), (-0.13005419, 0.9964867, 0.8298518), (-0.16073464, 0.9964867, 0.8605322), (-0.13005419, 0.9351258, 0.8298518), (-0.15174855, 0.9351258, 0.838838), (0.16073464, 0.9351258, 1.0111862), (0.16073464, 0.9351258, 1.0725473), (0.13005419, 0.9964867, 1.0418668), (0.16073464, 0.9658063, 1.0111862), (0.15570225, 0.96580637, 1.0418669), (0.16073464, 0.9351258, 1.0418668), (0.15174854, 0.9964867, 1.0328807), (-0.16073464, 0.9964867, 1.0111862), (-0.13005419, 0.9964867, 1.0418668), (-0.16073464, 0.9351258, 1.0725473), (-0.16073464, 0.9351258, 1.0111862), (-0.15174855, 0.9964867, 1.0328807), (-0.13005419, 0.9747925, 1.0508528), (-0.16073464, 0.9658063, 1.0111862), (0.13005419, 0.7511758, 1.2442573), (-0.14776756, 0.7551568, 1.2402762), (-0.13005419, 0.7511758, 1.2442572), (0.13005419, 0.9658063, 1.2225628), (0.13005419, 0.9351258, 1.2532433), (0.15174854, 0.9568202, 1.2225628), (0.14776756, 0.9528392, 1.2402762), (0.15174854, 0.9351258, 1.2442572), (0.13005419, 0.9568202, 1.2442572), (-0.13005419, 0.9658063, 1.2225628), (-0.13005419, 0.9568202, 1.2442573), (0.13005419, 1.1710923, 0.8298518), (0.13005419, 1.1097312, 0.8298518), (0.16073464, 1.1097312, 0.8605322), (0.16073464, 1.1404117, 0.8605322), (-0.16073464, 1.1097312, 0.8605322), (-0.16073464, 1.1404117, 0.8605322), (-0.13005419, 1.1404117, 0.8298518), (0.16073464, 1.1710923, 1.0725473), (0.16073464, 1.1710923, 1.0418668), (-0.16073464, 1.1710923, 1.0111862), (-0.16073464, 1.1710923, 1.0725473), (-0.13005419, 1.1097312, 1.0418668), (-0.16073464, 1.1710923, 1.0418668), (-0.15570225, 1.1404116, 1.0418669), (-0.16073464, 1.1404117, 1.0111862), (0.13005419, 1.1816276, 0.8298518), (0.16073464, 1.1816276, 0.8605322), (0.13005419, 1.212308, 0.8605322), (0.15174854, 1.1816276, 0.83883804), (0.13005419, 1.2033219, 0.83883804), (-0.13005419, 1.2033219, 0.83883804), (-0.14776756, 1.199341, 0.84281904), (-0.15174854, 1.2033219, 0.86053234), (0.13005419, 1.212308, 1.0111862), (0.15174854, 1.203322, 1.0418669), (0.15174855, 1.203322, 1.0725473), (0.13005419, 1.212308, 1.0418668), (0.15174854, 1.203322, 1.0111862), (-0.13005419, 1.212308, 1.0725473), (-0.15174855, 1.203322, 1.0111862), (-0.15174855, 1.203322, 1.0418668), (-0.13005419, 1.212308, 1.0418668), (-0.16073464, 1.1816276, 1.0418668), (0.16073464, 1.1097312, 1.2129164), (0.16073464, 1.1710923, 1.1515554), (0.13005419, 1.1404117, 1.1515554), (0.15174854, 1.1097312, 1.191222), (0.15570225, 1.1404116, 1.182236), (0.16073464, 1.1404117, 1.2129164), (0.15174854, 1.149398, 1.1515554), (-0.16073464, 1.1710923, 1.2129164), (-0.16073464, 1.1097312, 1.2129164), (-0.15570225, 1.1404119, 1.182236), (-0.15174855, 1.149398, 1.1515554), (-0.16073464, 1.1404117, 1.2129164), (-0.15174855, 1.1097312, 1.191222), (0.13005419, 1.212308, 1.1515554), (0.16073464, 1.1816276, 1.1515554), (0.15174855, 1.203322, 1.182236), (0.15174854, 1.203322, 1.1515554), (0.16073464, 1.1816276, 1.182236), (-0.13005419, 1.212308, 1.2129164), (-0.16073464, 1.1816276, 1.2129164), (-0.16073464, 1.1816276, 1.182236), (-0.15174855, 1.203322, 1.1515554), (-0.13005419, 1.212308, 1.182236), (0.13005419, 1.1097312, 1.2507086), (0.13005419, 1.1710923, 1.2507086), (0.16073464, 1.1710923, 1.220028), (0.1517485, 1.1404119, 1.2417227), (0.15174854, 1.1710923, 1.2417226), (0.15174855, 1.1097312, 1.2417226), (-0.16073464, 1.1097312, 1.220028), (-0.13005419, 1.1710923, 1.2507086), (-0.15174855, 1.1404119, 1.2417226), (-0.15174855, 1.1710923, 1.2417226), (0.16073464, 1.1816276, 1.220028), (0.15174854, 1.2033219, 1.220028), (0.15174854, 1.1816276, 1.2417225), (0.13005419, 1.2033219, 1.2417225), (-0.13005419, 1.212308, 1.220028), (-0.13005419, 1.1816276, 1.2507086), (-0.16073464, 1.1816276, 1.220028), (-0.13005419, 1.2033219, 1.2417225), (-0.14776756, 1.199341, 1.2377415), (-0.15174854, 1.2033219, 1.220028), (0.13005419, 1.0569595, 1.1912221), (-0.13005419, 1.078654, 1.182236), (-0.13005419, 1.0479735, 1.2129164), (-0.13005419, 1.0569596, 1.1912221), (0.13005419, 1.078654, 1.2507086), (0.16073464, 1.078654, 1.220028), (0.13005419, 1.0479735, 1.220028), (-0.13005419, 1.078654, 1.2507086), (-0.13005419, 1.0479735, 1.220028), (-0.15174854, 1.0569595, 1.220028), (-0.15174854, 1.0786539, 1.2417225), (0.21986687, -1.1424924, 0.70649457), (0.24156113, -1.1118118, 0.7154806), (0.25054732, -1.1118119, 0.73717505), (0.21986687, -1.1118119, 0.70649457), (-0.25054726, -1.1424924, 0.73717505), (-0.24156116, -1.1424924, 0.71548074), (-0.21986681, -1.1424924, 1.1904703), (-0.25054726, -1.1424924, 1.1597898), (-0.21986681, -1.1118119, 1.1904703), (-0.25054726, -1.1118119, 1.1597898), (0.2670633, -0.6698481, 1.1295321), (0.2887576, -0.669848, 1.1385183), (-0.29774368, -0.6698481, 1.1602126), (-0.2887576, -0.64815366, 1.1602126), (-0.26706326, -0.64815366, 1.1385183), (0.26706326, -1.2496458, 1.1385183), (-0.26706326, -1.2496458, 1.1385183), (-0.2887576, -1.2279514, 1.1385183), (-0.2887576, -1.2496458, 1.1602126), (0.28477663, -0.65213466, 1.4168377), (0.26706326, -0.64815366, 1.4208186), (-0.2887576, -0.64815366, 1.3991243), (0.29774374, -1.2279514, 1.3991243), (0.28477663, -1.2456648, 1.4168377), (-0.28477663, -1.2456648, 1.4168377), (-0.1586743, -0.73755443, 1.1006854), (-0.18406738, -0.70687395, 1.0833768), (-0.1524176, -0.70687395, 1.0306828), (-0.12707987, -0.73755443, 1.0480837), (-0.16592371, -0.7158601, 1.0953027), (-0.15031005, -0.71586007, 1.0693073), (-0.1682425, -0.70687395, 1.0570297), (-0.13430168, -0.71586007, 1.042655), (-0.14287709, -0.73755443, 1.0743845), (-0.12707986, -0.8574187, 1.0480837), (-0.1524176, -0.8880992, 1.0306828), (-0.18406738, -0.8880992, 1.0833768), (-0.15867428, -0.8574187, 1.1006854), (-0.13430165, -0.87911314, 1.0426549), (-0.1503099, -0.8791132, 1.0693073), (-0.1682425, -0.8880992, 1.0570297), (-0.16592368, -0.87911314, 1.0953027), (-0.14287709, -0.8574187, 1.0743845), (-0.42161915, -0.7068739, 0.9208465), (-0.44695693, -0.7375544, 0.9034458), (-0.41536248, -0.7375544, 0.8508439), (-0.38996938, -0.7068739, 0.8681526), (-0.43973514, -0.71585995, 0.90887445), (-0.42372668, -0.71585995, 0.8822219), (-0.4311597, -0.7375544, 0.8771449), (-0.408113, -0.71585995, 0.8562266), (-0.40579426, -0.7068739, 0.8944996), (-0.44695696, -0.8574186, 0.9034458), (-0.4216192, -0.8880991, 0.9208465), (-0.38996938, -0.8880991, 0.8681526), (-0.41536248, -0.8574186, 0.8508439), (-0.43973517, -0.879113, 0.90887445), (-0.42372683, -0.879113, 0.88222206), (-0.40579432, -0.8880991, 0.8944996), (-0.408113, -0.8791131, 0.8562266), (-0.43115973, -0.8574186, 0.8771449), (0.08302474, -1.3063885, 0.8795605), (0.079043746, -1.2886751, 0.88354146), (-0.07904366, -1.2886751, 0.88354146), (0.06133038, -1.3063885, 1.0102918), (-0.061330292, -1.2757081, 0.97961134), (-0.061330292, -1.2846942, 1.0013058), (-0.061330292, -1.3646722, 0.90125483), (-0.08302465, -1.3339916, 0.8795605), (-0.07904366, -1.3517051, 0.88354146), (0.09201083, -1.3339916, 0.97961134), (0.06133038, -1.3646722, 0.97961134), (0.06133038, -1.3556861, 1.0013058), (-0.092010744, -1.3339916, 0.97961134)]
                color4f[] primvars:Col = [(1, 1, 1, 1), (1, 1, 1, 1), (1, 1, 1, 1), (1, 1, 1, 1), (1, 1, 1, 1), (1, 1, 1, 1), (1, 1, 1, 1), (1, 1, 1, 1), (1, 1, 1, 1), (1, 1, 1, 1), (1, 1, 1, 1), (1, 1, 1, 1), (1, 1, 1, 1), (1, 1, 1, 1), (1, 1, 1, 1), (1, 1, 1, 1), (1, 1, 1, 1), (1, 1, 1, 1), (1, 1, 1, 1), (1, 1, 1, 1), (1, 1, 1, 1), (1, 1, 1, 1), (1, 1, 1, 1), (1, 1, 1, 1), (1, 1, 1, 1), (1, 1, 1, 1), (1, 1, 1, 1), (1, 1, 1, 1), (1, 1, 1, 1), (1, 1, 1, 1), (1, 1, 1, 1), (1, 1, 1, 1), (1, 1, 1, 1), (1, 1, 1, 1), (1, 1, 1, 1), (1, 1, 1, 1), (1, 1, 1, 1), (1, 1, 1, 1), (1, 1, 1, 1), (1, 1, 1, 1), (1, 1, 1, 1), (1, 1, 1, 1), (1, 1, 1, 1), (1, 1, 1, 1), (1, 1, 1, 1), (1, 1, 1, 1), (1, 1, 1, 1), (1, 1, 1, 1), (1, 1, 1, 1), (1, 1, 1, 1), (1, 1, 1, 1), (1, 1, 1, 1), (1, 1, 1, 1), (1, 1, 1, 1), (1, 1, 1, 1), (1, 1, 1, 1), (1, 1, 1, 1), (1, 1, 1, 1), (1, 1, 1, 1), (1, 1, 1, 1), (1, 1, 1, 1), (1, 1, 1, 1), (1, 1, 1, 1), (1, 1, 1, 1), (1, 1, 1, 1), (1, 1, 1, 1), (1, 1, 1, 1), (1, 1, 1, 1), (1, 1, 1, 1), (1, 1, 1, 1), (1, 1, 1, 1), (1, 1, 1, 1), (1, 1, 1, 1), (1, 1, 1, 1), (1, 1, 1, 1), (1, 1, 1, 1), (1, 1, 1, 1), (1, 1, 1, 1), (1, 1, 1, 1), (1, 1, 1, 1), (1, 1, 1, 1), (1, 1, 1, 1), (1, 1, 1, 1), (1, 1, 1, 1), (1, 1, 1, 1), (1, 1, 1, 1), (1, 1, 1, 1), (1, 1, 1, 1), (1, 1, 1, 1), (1, 1, 1, 1), (1, 1, 1, 1), (1, 1, 1, 1), (1, 1, 1, 1), (1, 1, 1, 1), (1, 1, 1, 1), (1, 1, 1, 1), (1, 1, 1, 1), (1, 1, 1, 1), (1, 1, 1, 1), (1, 1, 1, 1), (1, 1, 1, 1), (1, 1, 1, 1), (1, 1, 1, 1), (1, 1, 1, 1), (1, 1, 1, 1), (1, 1, 1, 1), (1, 1, 1, 1), (1, 1, 1, 1), (1, 1, 1, 1), (1, 1, 1, 1), (1, 1, 1, 1), (1, 1, 1, 1), (1, 1, 1, 1), (1, 1, 1, 1), (1, 1, 1, 1), (1, 1, 1, 1), (1, 1, 1, 1), (1, 1, 1, 1), (1, 1, 1, 1), (1, 1, 1, 1), (1, 1, 1, 1), (1, 1, 1, 1), (1, 1, 1, 1), (1, 1, 1, 1), (1, 1, 1, 1), (1, 1, 1, 1), (1, 1, 1, 1), (1, 1, 1, 1), (1, 1, 1, 1), (1, 1, 1, 1), (1, 1, 1, 1), (1, 1, 1, 1), (1, 1, 1, 1), (1, 1, 1, 1), (1, 1, 1, 1), (1, 1, 1, 1), (1, 1, 1, 1), (1, 1, 1, 1), (1, 1, 1, 1), (1, 1, 1, 1), (1, 1, 1, 1), (1, 1, 1, 1), (1, 1, 1, 1), (1, 1, 1, 1), (1, 1, 1, 1), (1, 1, 1, 1), (1, 1, 1, 1), (1, 1, 1, 1), (1, 1, 1, 1), (1, 1, 1, 1), (1, 1, 1, 1), (1, 1, 1, 1), (1, 1, 1, 1), (1, 1, 1, 1), (1, 1, 1, 1), (1, 1, 1, 1), (1, 1, 1, 1), (1, 1, 1, 1), (1, 1, 1, 1), (1, 1, 1, 1), (1, 1, 1, 1), (1, 1, 1, 1), (1, 1, 1, 1), (1, 1, 1, 1), (1, 1, 1, 1), (1, 1, 1, 1), (1, 1, 1, 1), (1, 1, 1, 1), (1, 1, 1, 1), (1, 1, 1, 1), (1, 1, 1, 1), (1, 1, 1, 1), (1, 1, 1, 1), (1, 1, 1, 1), (1, 1, 1, 1), (1, 1, 1, 1), (1, 1, 1, 1), (1, 1, 1, 1), (1, 1, 1, 1), (1, 1, 1, 1), (1, 1, 1, 1), (1, 1, 1, 1), (1, 1, 1, 1), (1, 1, 1, 1), (1, 1, 1, 1), (1, 1, 1, 1), (1, 1, 1, 1), (1, 1, 1, 1), (1, 1, 1, 1), (1, 1, 1, 1), (1, 1, 1, 1), (1, 1, 1, 1), (1, 1, 1, 1), (1, 1, 1, 1), (1, 1, 1, 1), (1, 1, 1, 1), (1, 1, 1, 1), (1, 1, 1, 1), (1, 1, 1, 1), (1, 1, 1, 1), (1, 1, 1, 1), (1, 1, 1, 1), (1, 1, 1, 1), (1, 1, 1, 1), (1, 1, 1, 1), (1, 1, 1, 1), (1, 1, 1, 1), (1, 1, 1, 1), (1, 1, 1, 1), (1, 1, 1, 1), (1, 1, 1, 1), (1, 1, 1, 1), (1, 1, 1, 1), (1, 1, 1, 1), (1, 1, 1, 1), (1, 1, 1, 1), (1, 1, 1, 1), (1, 1, 1, 1), (1, 1, 1, 1), (1, 1, 1, 1), (1, 1, 1, 1), (1, 1, 1, 1), (1, 1, 1, 1), (1, 1, 1, 1), (1, 1, 1, 1), (1, 1, 1, 1), (1, 1, 1, 1), (1, 1, 1, 1), (1, 1, 1, 1), (1, 1, 1, 1), (1, 1, 1, 1), (1, 1, 1, 1), (1, 1, 1, 1), (1, 1, 1, 1), (1, 1, 1, 1), (1, 1, 1, 1), (1, 1, 1, 1), (1, 1, 1, 1), (1, 1, 1, 1), (1, 1, 1, 1), (1, 1, 1, 1), (1, 1, 1, 1), (1, 1, 1, 1), (1, 1, 1, 1), (1, 1, 1, 1), (1, 1, 1, 1), (1, 1, 1, 1), (1, 1, 1, 1), (1, 1, 1, 1), (1, 1, 1, 1), (1, 1, 1, 1), (1, 1, 1, 1), (1, 1, 1, 1), (1, 1, 1, 1), (1, 1, 1, 1), (1, 1, 1, 1), (1, 1, 1, 1), (1, 1, 1, 1), (1, 1, 1, 1), (1, 1, 1, 1), (1, 1, 1, 1), (1, 1, 1, 1), (1, 1, 1, 1), (1, 1, 1, 1), (1, 1, 1, 1), (1, 1, 1, 1), (1, 1, 1, 1), (1, 1, 1, 1), (1, 1, 1, 1), (1, 1, 1, 1), (1, 1, 1, 1), (1, 1, 1, 1), (1, 1, 1, 1), (1, 1, 1, 1), (1, 1, 1, 1), (1, 1, 1, 1), (1, 1, 1, 1), (1, 1, 1, 1), (1, 1, 1, 1), (1, 1, 1, 1), (1, 1, 1, 1), (1, 1, 1, 1), (1, 1, 1, 1), (1, 1, 1, 1), (1, 1, 1, 1), (1, 1, 1, 1), (1, 1, 1, 1), (1, 1, 1, 1), (1, 1, 1, 1), (1, 1, 1, 1), (1, 1, 1, 1), (1, 1, 1, 1), (1, 1, 1, 1), (1, 1, 1, 1), (1, 1, 1, 1), (1, 1, 1, 1), (1, 1, 1, 1), (1, 1, 1, 1), (1, 1, 1, 1), (1, 1, 1, 1), (1, 1, 1, 1), (1, 1, 1, 1), (1, 1, 1, 1), (1, 1, 1, 1), (1, 1, 1, 1), (1, 1, 1, 1), (1, 1, 1, 1), (1, 1, 1, 1), (1, 1, 1, 1), (1, 1, 1, 1), (1, 1, 1, 1), (1, 1, 1, 1), (1, 1, 1, 1), (1, 1, 1, 1), (1, 1, 1, 1), (1, 1, 1, 1), (1, 1, 1, 1), (1, 1, 1, 1), (1, 1, 1, 1), (1, 1, 1, 1), (1, 1, 1, 1), (1, 1, 1, 1), (1, 1, 1, 1), (1, 1, 1, 1), (1, 1, 1, 1), (1, 1, 1, 1), (1, 1, 1, 1), (1, 1, 1, 1), (1, 1, 1, 1), (1, 1, 1, 1), (1, 1, 1, 1), (1, 1, 1, 1), (1, 1, 1, 1), (1, 1, 1, 1), (1, 1, 1, 1), (1, 1, 1, 1), (1, 1, 1, 1), (1, 1, 1, 1), (1, 1, 1, 1), (1, 1, 1, 1), (1, 1, 1, 1), (1, 1, 1, 1), (1, 1, 1, 1), (1, 1, 1, 1), (1, 1, 1, 1), (1, 1, 1, 1), (1, 1, 1, 1), (1, 1, 1, 1), (1, 1, 1, 1), (1, 1, 1, 1), (1, 1, 1, 1), (1, 1, 1, 1), (1, 1, 1, 1), (1, 1, 1, 1), (1, 1, 1, 1), (1, 1, 1, 1), (1, 1, 1, 1), (1, 1, 1, 1), (1, 1, 1, 1), (1, 1, 1, 1), (1, 1, 1, 1), (1, 1, 1, 1), (1, 1, 1, 1), (1, 1, 1, 1), (1, 1, 1, 1), (1, 1, 1, 1), (1, 1, 1, 1), (1, 1, 1, 1), (1, 1, 1, 1), (1, 1, 1, 1), (1, 1, 1, 1), (1, 1, 1, 1), (1, 1, 1, 1), (1, 1, 1, 1), (1, 1, 1, 1), (1, 1, 1, 1), (1, 1, 1, 1), (1, 1, 1, 1), (1, 1, 1, 1), (1, 1, 1, 1), (1, 1, 1, 1), (1, 1, 1, 1), (1, 1, 1, 1), (1, 1, 1, 1), (1, 1, 1, 1), (1, 1, 1, 1), (1, 1, 1, 1), (1, 1, 1, 1), (1, 1, 1, 1), (1, 1, 1, 1), (1, 1, 1, 1), (1, 1, 1, 1), (1, 1, 1, 1), (1, 1, 1, 1), (1, 1, 1, 1), (1, 1, 1, 1), (1, 1, 1, 1), (1, 1, 1, 1), (1, 1, 1, 1), (1, 1, 1, 1), (1, 1, 1, 1), (1, 1, 1, 1), (1, 1, 1, 1), (1, 1, 1, 1), (1, 1, 1, 1), (1, 1, 1, 1), (1, 1, 1, 1), (1, 1, 1, 1), (1, 1, 1, 1), (1, 1, 1, 1), (1, 1, 1, 1), (1, 1, 1, 1), (1, 1, 1, 1), (1, 1, 1, 1), (1, 1, 1, 1), (1, 1, 1, 1), (1, 1, 1, 1), (1, 1, 1, 1), (1, 1, 1, 1), (1, 1, 1, 1), (1, 1, 1, 1), (1, 1, 1, 1), (1, 1, 1, 1), (1, 1, 1, 1), (1, 1, 1, 1), (1, 1, 1, 1), (1, 1, 1, 1), (1, 1, 1, 1), (1, 1, 1, 1), (1, 1, 1, 1), (1, 1, 1, 1), (1, 1, 1, 1), (1, 1, 1, 1), (1, 1, 1, 1), (1, 1, 1, 1), (1, 1, 1, 1), (1, 1, 1, 1), (1, 1, 1, 1), (1, 1, 1, 1), (1, 1, 1, 1), (1, 1, 1, 1), (1, 1, 1, 1), (1, 1, 1, 1), (1, 1, 1, 1), (1, 1, 1, 1), (1, 1, 1, 1), (1, 1, 1, 1), (1, 1, 1, 1), (1, 1, 1, 1), (1, 1, 1, 1), (1, 1, 1, 1), (1, 1, 1, 1), (1, 1, 1, 1), (1, 1, 1, 1), (1, 1, 1, 1), (1, 1, 1, 1), (1, 1, 1, 1), (1, 1, 1, 1), (1, 1, 1, 1), (1, 1, 1, 1), (1, 1, 1, 1), (1, 1, 1, 1), (1, 1, 1, 1), (1, 1, 1, 1), (1, 1, 1, 1), (1, 1, 1, 1), (1, 1, 1, 1), (1, 1, 1, 1), (1, 1, 1, 1), (1, 1, 1, 1), (1, 1, 1, 1), (1, 1, 1, 1), (1, 1, 1, 1), (1, 1, 1, 1), (1, 1, 1, 1), (1, 1, 1, 1), (1, 1, 1, 1), (1, 1, 1, 1), (1, 1, 1, 1), (1, 1, 1, 1), (1, 1, 1, 1), (1, 1, 1, 1), (1, 1, 1, 1), (1, 1, 1, 1), (1, 1, 1, 1), (1, 1, 1, 1), (1, 1, 1, 1), (1, 1, 1, 1), (1, 1, 1, 1), (1, 1, 1, 1), (1, 1, 1, 1), (1, 1, 1, 1), (1, 1, 1, 1), (1, 1, 1, 1), (1, 1, 1, 1), (1, 1, 1, 1), (1, 1, 1, 1), (1, 1, 1, 1), (1, 1, 1, 1), (1, 1, 1, 1), (1, 1, 1, 1), (1, 1, 1, 1), (1, 1, 1, 1), (1, 1, 1, 1), (1, 1, 1, 1), (1, 1, 1, 1), (1, 1, 1, 1), (1, 1, 1, 1), (1, 1, 1, 1), (1, 1, 1, 1), (1, 1, 1, 1), (1, 1, 1, 1), (1, 1, 1, 1), (1, 1, 1, 1), (1, 1, 1, 1), (1, 1, 1, 1), (1, 1, 1, 1), (1, 1, 1, 1), (1, 1, 1, 1), (1, 1, 1, 1), (1, 1, 1, 1), (1, 1, 1, 1), (1, 1, 1, 1), (1, 1, 1, 1), (1, 1, 1, 1), (1, 1, 1, 1), (1, 1, 1, 1), (1, 1, 1, 1), (1, 1, 1, 1), (1, 1, 1, 1), (1, 1, 1, 1), (1, 1, 1, 1), (1, 1, 1, 1), (1, 1, 1, 1), (1, 1, 1, 1), (1, 1, 1, 1), (1, 1, 1, 1), (1, 1, 1, 1), (1, 1, 1, 1), (1, 1, 1, 1), (1, 1, 1, 1), (1, 1, 1, 1), (1, 1, 1, 1), (1, 1, 1, 1), (1, 1, 1, 1), (1, 1, 1, 1), (1, 1, 1, 1), (1, 1, 1, 1), (1, 1, 1, 1), (1, 1, 1, 1), (1, 1, 1, 1), (1, 1, 1, 1), (1, 1, 1, 1), (1, 1, 1, 1), (1, 1, 1, 1), (1, 1, 1, 1), (1, 1, 1, 1), (1, 1, 1, 1), (1, 1, 1, 1), (1, 1, 1, 1), (1, 1, 1, 1), (1, 1, 1, 1), (1, 1, 1, 1), (1, 1, 1, 1), (1, 1, 1, 1), (1, 1, 1, 1), (1, 1, 1, 1), (1, 1, 1, 1), (1, 1, 1, 1), (1, 1, 1, 1), (1, 1, 1, 1), (1, 1, 1, 1), (1, 1, 1, 1), (1, 1, 1, 1), (1, 1, 1, 1), (1, 1, 1, 1), (1, 1, 1, 1), (1, 1, 1, 1), (1, 1, 1, 1), (1, 1, 1, 1), (1, 1, 1, 1), (1, 1, 1, 1), (1, 1, 1, 1), (1, 1, 1, 1), (1, 1, 1, 1), (1, 1, 1, 1), (1, 1, 1, 1), (1, 1, 1, 1), (1, 1, 1, 1), (1, 1, 1, 1), (1, 1, 1, 1), (1, 1, 1, 1), (1, 1, 1, 1), (1, 1, 1, 1), (1, 1, 1, 1), (1, 1, 1, 1), (1, 1, 1, 1), (1, 1, 1, 1), (1, 1, 1, 1), (1, 1, 1, 1), (1, 1, 1, 1), (1, 1, 1, 1), (1, 1, 1, 1), (1, 1, 1, 1), (1, 1, 1, 1), (1, 1, 1, 1), (1, 1, 1, 1), (1, 1, 1, 1), (1, 1, 1, 1), (1, 1, 1, 1), (1, 1, 1, 1), (1, 1, 1, 1), (1, 1, 1, 1), (1, 1, 1, 1), (1, 1, 1, 1), (1, 1, 1, 1), (1, 1, 1, 1), (1, 1, 1, 1), (1, 1, 1, 1), (1, 1, 1, 1), (1, 1, 1, 1), (1, 1, 1, 1), (1, 1, 1, 1), (1, 1, 1, 1), (1, 1, 1, 1), (1, 1, 1, 1), (1, 1, 1, 1), (1, 1, 1, 1), (1, 1, 1, 1), (1, 1, 1, 1), (1, 1, 1, 1), (1, 1, 1, 1), (1, 1, 1, 1), (1, 1, 1, 1), (1, 1, 1, 1), (1, 1, 1, 1), (1, 1, 1, 1), (1, 1, 1, 1), (1, 1, 1, 1), (1, 1, 1, 1), (1, 1, 1, 1), (1, 1, 1, 1), (1, 1, 1, 1), (1, 1, 1, 1), (1, 1, 1, 1), (1, 1, 1, 1), (1, 1, 1, 1), (1, 1, 1, 1), (1, 1, 1, 1), (1, 1, 1, 1), (1, 1, 1, 1), (1, 1, 1, 1), (1, 1, 1, 1), (1, 1, 1, 1), (1, 1, 1, 1), (1, 1, 1, 1), (1, 1, 1, 1), (1, 1, 1, 1), (1, 1, 1, 1), (1, 1, 1, 1), (1, 1, 1, 1), (1, 1, 1, 1), (1, 1, 1, 1), (1, 1, 1, 1), (1, 1, 1, 1), (1, 1, 1, 1), (1, 1, 1, 1), (1, 1, 1, 1), (1, 1, 1, 1), (1, 1, 1, 1), (1, 1, 1, 1), (1, 1, 1, 1), (1, 1, 1, 1), (1, 1, 1, 1), (1, 1, 1, 1), (1, 1, 1, 1), (1, 1, 1, 1), (1, 1, 1, 1), (1, 1, 1, 1), (1, 1, 1, 1), (1, 1, 1, 1), (1, 1, 1, 1), (1, 1, 1, 1), (1, 1, 1, 1), (1, 1, 1, 1), (1, 1, 1, 1), (1, 1, 1, 1), (1, 1, 1, 1), (1, 1, 1, 1), (1, 1, 1, 1), (1, 1, 1, 1), (1, 1, 1, 1), (1, 1, 1, 1), (1, 1, 1, 1), (1, 1, 1, 1), (1, 1, 1, 1), (1, 1, 1, 1), (1, 1, 1, 1), (1, 1, 1, 1), (1, 1, 1, 1), (1, 1, 1, 1), (1, 1, 1, 1), (1, 1, 1, 1), (1, 1, 1, 1), (1, 1, 1, 1), (1, 1, 1, 1), (1, 1, 1, 1), (1, 1, 1, 1), (1, 1, 1, 1), (1, 1, 1, 1), (1, 1, 1, 1), (1, 1, 1, 1), (1, 1, 1, 1), (1, 1, 1, 1), (1, 1, 1, 1), (1, 1, 1, 1), (1, 1, 1, 1), (1, 1, 1, 1), (1, 1, 1, 1), (1, 1, 1, 1), (1, 1, 1, 1), (1, 1, 1, 1), (1, 1, 1, 1), (1, 1, 1, 1), (1, 1, 1, 1), (1, 1, 1, 1), (1, 1, 1, 1), (1, 1, 1, 1), (1, 1, 1, 1), (1, 1, 1, 1), (1, 1, 1, 1), (1, 1, 1, 1), (1, 1, 1, 1), (1, 1, 1, 1), (1, 1, 1, 1), (1, 1, 1, 1), (1, 1, 1, 1), (1, 1, 1, 1), (1, 1, 1, 1), (1, 1, 1, 1), (1, 1, 1, 1), (1, 1, 1, 1), (1, 1, 1, 1), (1, 1, 1, 1), (1, 1, 1, 1), (1, 1, 1, 1), (1, 1, 1, 1), (1, 1, 1, 1), (1, 1, 1, 1), (1, 1, 1, 1), (1, 1, 1, 1), (1, 1, 1, 1), (1, 1, 1, 1), (1, 1, 1, 1), (1, 1, 1, 1), (1, 1, 1, 1), (1, 1, 1, 1), (1, 1, 1, 1), (1, 1, 1, 1), (1, 1, 1, 1), (1, 1, 1, 1), (1, 1, 1, 1), (1, 1, 1, 1), (1, 1, 1, 1), (1, 1, 1, 1), (1, 1, 1, 1), (1, 1, 1, 1), (1, 1, 1, 1), (1, 1, 1, 1), (1, 1, 1, 1), (1, 1, 1, 1), (1, 1, 1, 1), (1, 1, 1, 1), (1, 1, 1, 1), (1, 1, 1, 1), (1, 1, 1, 1), (1, 1, 1, 1), (1, 1, 1, 1), (1, 1, 1, 1), (1, 1, 1, 1), (1, 1, 1, 1), (1, 1, 1, 1), (1, 1, 1, 1), (1, 1, 1, 1), (1, 1, 1, 1), (1, 1, 1, 1), (1, 1, 1, 1), (1, 1, 1, 1), (1, 1, 1, 1), (1, 1, 1, 1), (1, 1, 1, 1), (1, 1, 1, 1), (1, 1, 1, 1), (1, 1, 1, 1), (1, 1, 1, 1), (1, 1, 1, 1), (1, 1, 1, 1), (1, 1, 1, 1), (1, 1, 1, 1), (1, 1, 1, 1), (1, 1, 1, 1), (1, 1, 1, 1), (1, 1, 1, 1), (1, 1, 1, 1), (1, 1, 1, 1), (1, 1, 1, 1), (1, 1, 1, 1), (1, 1, 1, 1), (1, 1, 1, 1), (1, 1, 1, 1), (1, 1, 1, 1), (1, 1, 1, 1), (1, 1, 1, 1), (1, 1, 1, 1), (1, 1, 1, 1), (1, 1, 1, 1), (1, 1, 1, 1), (1, 1, 1, 1), (1, 1, 1, 1), (1, 1, 1, 1), (1, 1, 1, 1), (1, 1, 1, 1), (1, 1, 1, 1), (1, 1, 1, 1), (1, 1, 1, 1), (1, 1, 1, 1), (1, 1, 1, 1), (1, 1, 1, 1), (1, 1, 1, 1), (1, 1, 1, 1), (1, 1, 1, 1), (1, 1, 1, 1), (1, 1, 1, 1), (1, 1, 1, 1), (1, 1, 1, 1), (1, 1, 1, 1), (1, 1, 1, 1), (1, 1, 1, 1), (1, 1, 1, 1), (1, 1, 1, 1), (1, 1, 1, 1), (1, 1, 1, 1), (1, 1, 1, 1), (1, 1, 1, 1), (1, 1, 1, 1), (1, 1, 1, 1), (1, 1, 1, 1), (1, 1, 1, 1), (1, 1, 1, 1), (1, 1, 1, 1), (1, 1, 1, 1), (1, 1, 1, 1), (1, 1, 1, 1), (1, 1, 1, 1), (1, 1, 1, 1), (1, 1, 1, 1), (1, 1, 1, 1), (1, 1, 1, 1), (1, 1, 1, 1), (1, 1, 1, 1), (1, 1, 1, 1), (1, 1, 1, 1), (1, 1, 1, 1), (1, 1, 1, 1), (1, 1, 1, 1), (1, 1, 1, 1), (1, 1, 1, 1), (1, 1, 1, 1), (1, 1, 1, 1), (1, 1, 1, 1), (1, 1, 1, 1), (1, 1, 1, 1), (1, 1, 1, 1), (1, 1, 1, 1), (1, 1, 1, 1), (1, 1, 1, 1), (1, 1, 1, 1), (1, 1, 1, 1), (1, 1, 1, 1), (1, 1, 1, 1), (1, 1, 1, 1), (1, 1, 1, 1), (1, 1, 1, 1), (1, 1, 1, 1), (1, 1, 1, 1), (1, 1, 1, 1), (1, 1, 1, 1), (1, 1, 1, 1), (1, 1, 1, 1), (1, 1, 1, 1), (1, 1, 1, 1), (1, 1, 1, 1), (1, 1, 1, 1), (1, 1, 1, 1), (1, 1, 1, 1), (1, 1, 1, 1), (1, 1, 1, 1), (1, 1, 1, 1), (1, 1, 1, 1), (1, 1, 1, 1), (1, 1, 1, 1), (1, 1, 1, 1), (1, 1, 1, 1), (1, 1, 1, 1), (1, 1, 1, 1), (1, 1, 1, 1), (1, 1, 1, 1), (1, 1, 1, 1), (1, 1, 1, 1), (1, 1, 1, 1), (1, 1, 1, 1), (1, 1, 1, 1), (1, 1, 1, 1), (1, 1, 1, 1), (1, 1, 1, 1), (1, 1, 1, 1), (1, 1, 1, 1), (1, 1, 1, 1), (1, 1, 1, 1), (1, 1, 1, 1), (1, 1, 1, 1), (1, 1, 1, 1), (1, 1, 1, 1), (1, 1, 1, 1), (1, 1, 1, 1), (1, 1, 1, 1), (1, 1, 1, 1), (1, 1, 1, 1), (1, 1, 1, 1), (1, 1, 1, 1), (1, 1, 1, 1), (1, 1, 1, 1), (1, 1, 1, 1), (1, 1, 1, 1), (1, 1, 1, 1), (1, 1, 1, 1), (1, 1, 1, 1), (1, 1, 1, 1), (1, 1, 1, 1), (1, 1, 1, 1), (1, 1, 1, 1), (1, 1, 1, 1), (1, 1, 1, 1), (1, 1, 1, 1), (1, 1, 1, 1), (1, 1, 1, 1), (1, 1, 1, 1), (1, 1, 1, 1), (1, 1, 1, 1), (1, 1, 1, 1), (1, 1, 1, 1), (1, 1, 1, 1), (1, 1, 1, 1), (1, 1, 1, 1), (1, 1, 1, 1), (1, 1, 1, 1), (1, 1, 1, 1), (1, 1, 1, 1), (1, 1, 1, 1), (1, 1, 1, 1), (1, 1, 1, 1), (1, 1, 1, 1), (1, 1, 1, 1), (1, 1, 1, 1), (1, 1, 1, 1), (1, 1, 1, 1), (1, 1, 1, 1), (1, 1, 1, 1), (1, 1, 1, 1), (1, 1, 1, 1), (1, 1, 1, 1), (1, 1, 1, 1), (1, 1, 1, 1), (1, 1, 1, 1), (1, 1, 1, 1), (1, 1, 1, 1), (1, 1, 1, 1), (1, 1, 1, 1), (1, 1, 1, 1), (1, 1, 1, 1), (1, 1, 1, 1), (1, 1, 1, 1), (1, 1, 1, 1), (1, 1, 1, 1), (1, 1, 1, 1), (1, 1, 1, 1), (1, 1, 1, 1), (1, 1, 1, 1), (1, 1, 1, 1), (1, 1, 1, 1), (1, 1, 1, 1), (1, 1, 1, 1), (1, 1, 1, 1), (1, 1, 1, 1), (1, 1, 1, 1), (1, 1, 1, 1), (1, 1, 1, 1), (1, 1, 1, 1), (1, 1, 1, 1), (1, 1, 1, 1), (1, 1, 1, 1), (1, 1, 1, 1), (1, 1, 1, 1), (1, 1, 1, 1), (1, 1, 1, 1), (1, 1, 1, 1), (1, 1, 1, 1), (1, 1, 1, 1), (1, 1, 1, 1), (1, 1, 1, 1), (1, 1, 1, 1), (1, 1, 1, 1), (1, 1, 1, 1), (1, 1, 1, 1), (1, 1, 1, 1), (1, 1, 1, 1), (1, 1, 1, 1), (1, 1, 1, 1), (1, 1, 1, 1), (1, 1, 1, 1), (1, 1, 1, 1), (1, 1, 1, 1), (1, 1, 1, 1), (1, 1, 1, 1), (1, 1, 1, 1), (1, 1, 1, 1), (1, 1, 1, 1), (1, 1, 1, 1), (1, 1, 1, 1), (1, 1, 1, 1), (1, 1, 1, 1), (1, 1, 1, 1), (1, 1, 1, 1), (1, 1, 1, 1), (1, 1, 1, 1), (1, 1, 1, 1), (1, 1, 1, 1), (1, 1, 1, 1), (1, 1, 1, 1), (1, 1, 1, 1), (1, 1, 1, 1), (1, 1, 1, 1), (1, 1, 1, 1), (1, 1, 1, 1), (1, 1, 1, 1), (1, 1, 1, 1), (1, 1, 1, 1), (1, 1, 1, 1), (1, 1, 1, 1), (1, 1, 1, 1), (1, 1, 1, 1), (1, 1, 1, 1), (1, 1, 1, 1), (1, 1, 1, 1), (1, 1, 1, 1), (1, 1, 1, 1), (1, 1, 1, 1), (1, 1, 1, 1), (1, 1, 1, 1), (1, 1, 1, 1), (1, 1, 1, 1), (1, 1, 1, 1), (1, 1, 1, 1), (1, 1, 1, 1), (1, 1, 1, 1), (1, 1, 1, 1), (1, 1, 1, 1), (1, 1, 1, 1), (1, 1, 1, 1), (1, 1, 1, 1), (1, 1, 1, 1), (1, 1, 1, 1), (1, 1, 1, 1), (1, 1, 1, 1), (1, 1, 1, 1), (1, 1, 1, 1), (1, 1, 1, 1), (1, 1, 1, 1), (1, 1, 1, 1), (1, 1, 1, 1), (1, 1, 1, 1), (1, 1, 1, 1), (1, 1, 1, 1), (1, 1, 1, 1), (1, 1, 1, 1), (1, 1, 1, 1), (1, 1, 1, 1), (1, 1, 1, 1), (1, 1, 1, 1), (1, 1, 1, 1), (1, 1, 1, 1), (1, 1, 1, 1), (1, 1, 1, 1), (1, 1, 1, 1), (1, 1, 1, 1), (1, 1, 1, 1), (1, 1, 1, 1), (1, 1, 1, 1), (1, 1, 1, 1), (1, 1, 1, 1), (1, 1, 1, 1), (1, 1, 1, 1), (1, 1, 1, 1), (1, 1, 1, 1), (1, 1, 1, 1), (1, 1, 1, 1), (1, 1, 1, 1), (1, 1, 1, 1), (1, 1, 1, 1), (1, 1, 1, 1), (1, 1, 1, 1), (1, 1, 1, 1), (1, 1, 1, 1), (1, 1, 1, 1), (1, 1, 1, 1), (1, 1, 1, 1), (1, 1, 1, 1), (1, 1, 1, 1), (1, 1, 1, 1), (1, 1, 1, 1), (1, 1, 1, 1), (1, 1, 1, 1), (1, 1, 1, 1), (1, 1, 1, 1), (1, 1, 1, 1), (1, 1, 1, 1), (1, 1, 1, 1), (1, 1, 1, 1), (1, 1, 1, 1), (1, 1, 1, 1), (1, 1, 1, 1), (1, 1, 1, 1), (1, 1, 1, 1), (1, 1, 1, 1), (1, 1, 1, 1), (1, 1, 1, 1), (1, 1, 1, 1), (1, 1, 1, 1), (1, 1, 1, 1), (1, 1, 1, 1), (1, 1, 1, 1), (1, 1, 1, 1), (1, 1, 1, 1), (1, 1, 1, 1), (1, 1, 1, 1), (1, 1, 1, 1), (1, 1, 1, 1), (1, 1, 1, 1), (1, 1, 1, 1), (1, 1, 1, 1), (1, 1, 1, 1), (1, 1, 1, 1), (1, 1, 1, 1), (1, 1, 1, 1), (1, 1, 1, 1), (1, 1, 1, 1), (1, 1, 1, 1), (1, 1, 1, 1), (1, 1, 1, 1), (1, 1, 1, 1), (1, 1, 1, 1), (1, 1, 1, 1), (1, 1, 1, 1), (1, 1, 1, 1), (1, 1, 1, 1), (1, 1, 1, 1), (1, 1, 1, 1), (1, 1, 1, 1), (1, 1, 1, 1), (1, 1, 1, 1), (1, 1, 1, 1), (1, 1, 1, 1), (1, 1, 1, 1), (1, 1, 1, 1), (1, 1, 1, 1), (1, 1, 1, 1), (1, 1, 1, 1), (1, 1, 1, 1), (1, 1, 1, 1), (1, 1, 1, 1), (1, 1, 1, 1), (1, 1, 1, 1), (1, 1, 1, 1), (1, 1, 1, 1), (1, 1, 1, 1), (1, 1, 1, 1), (1, 1, 1, 1), (1, 1, 1, 1), (1, 1, 1, 1), (1, 1, 1, 1), (1, 1, 1, 1), (1, 1, 1, 1), (1, 1, 1, 1), (1, 1, 1, 1), (1, 1, 1, 1), (1, 1, 1, 1), (1, 1, 1, 1), (1, 1, 1, 1), (1, 1, 1, 1), (1, 1, 1, 1), (1, 1, 1, 1), (1, 1, 1, 1), (1, 1, 1, 1), (1, 1, 1, 1), (1, 1, 1, 1), (1, 1, 1, 1), (1, 1, 1, 1), (1, 1, 1, 1), (1, 1, 1, 1), (1, 1, 1, 1), (1, 1, 1, 1), (1, 1, 1, 1), (1, 1, 1, 1), (1, 1, 1, 1), (1, 1, 1, 1), (1, 1, 1, 1), (1, 1, 1, 1), (1, 1, 1, 1), (1, 1, 1, 1), (1, 1, 1, 1), (1, 1, 1, 1), (1, 1, 1, 1), (1, 1, 1, 1), (1, 1, 1, 1), (1, 1, 1, 1), (1, 1, 1, 1), (1, 1, 1, 1), (1, 1, 1, 1), (1, 1, 1, 1), (1, 1, 1, 1), (1, 1, 1, 1), (1, 1, 1, 1), (1, 1, 1, 1), (1, 1, 1, 1), (1, 1, 1, 1), (1, 1, 1, 1), (1, 1, 1, 1), (1, 1, 1, 1), (1, 1, 1, 1), (1, 1, 1, 1), (1, 1, 1, 1), (1, 1, 1, 1), (1, 1, 1, 1), (1, 1, 1, 1), (1, 1, 1, 1), (1, 1, 1, 1), (1, 1, 1, 1), (1, 1, 1, 1), (1, 1, 1, 1), (1, 1, 1, 1), (1, 1, 1, 1), (1, 1, 1, 1), (1, 1, 1, 1), (1, 1, 1, 1), (1, 1, 1, 1), (1, 1, 1, 1), (1, 1, 1, 1), (1, 1, 1, 1), (1, 1, 1, 1), (1, 1, 1, 1), (1, 1, 1, 1), (1, 1, 1, 1), (1, 1, 1, 1), (1, 1, 1, 1), (1, 1, 1, 1), (1, 1, 1, 1), (1, 1, 1, 1), (1, 1, 1, 1), (1, 1, 1, 1), (1, 1, 1, 1), (1, 1, 1, 1), (1, 1, 1, 1), (1, 1, 1, 1), (1, 1, 1, 1), (1, 1, 1, 1), (1, 1, 1, 1), (1, 1, 1, 1), (1, 1, 1, 1), (1, 1, 1, 1), (1, 1, 1, 1), (1, 1, 1, 1), (1, 1, 1, 1), (1, 1, 1, 1), (1, 1, 1, 1), (1, 1, 1, 1), (1, 1, 1, 1), (1, 1, 1, 1), (1, 1, 1, 1), (1, 1, 1, 1), (1, 1, 1, 1), (1, 1, 1, 1), (1, 1, 1, 1), (1, 1, 1, 1), (1, 1, 1, 1), (1, 1, 1, 1), (1, 1, 1, 1), (1, 1, 1, 1), (1, 1, 1, 1), (1, 1, 1, 1), (1, 1, 1, 1), (1, 1, 1, 1), (1, 1, 1, 1), (1, 1, 1, 1), (1, 1, 1, 1), (1, 1, 1, 1), (1, 1, 1, 1), (1, 1, 1, 1), (1, 1, 1, 1), (1, 1, 1, 1), (1, 1, 1, 1), (1, 1, 1, 1), (1, 1, 1, 1), (1, 1, 1, 1), (1, 1, 1, 1), (1, 1, 1, 1), (1, 1, 1, 1), (1, 1, 1, 1), (1, 1, 1, 1), (1, 1, 1, 1), (1, 1, 1, 1), (1, 1, 1, 1), (1, 1, 1, 1), (1, 1, 1, 1), (1, 1, 1, 1), (1, 1, 1, 1), (1, 1, 1, 1), (1, 1, 1, 1), (1, 1, 1, 1), (1, 1, 1, 1), (1, 1, 1, 1), (1, 1, 1, 1), (1, 1, 1, 1), (1, 1, 1, 1), (1, 1, 1, 1), (1, 1, 1, 1), (1, 1, 1, 1), (1, 1, 1, 1), (1, 1, 1, 1), (1, 1, 1, 1), (1, 1, 1, 1), (1, 1, 1, 1), (1, 1, 1, 1), (1, 1, 1, 1), (1, 1, 1, 1), (1, 1, 1, 1), (1, 1, 1, 1), (1, 1, 1, 1), (1, 1, 1, 1), (1, 1, 1, 1), (1, 1, 1, 1), (1, 1, 1, 1), (1, 1, 1, 1), (1, 1, 1, 1), (1, 1, 1, 1), (1, 1, 1, 1), (1, 1, 1, 1), (1, 1, 1, 1), (1, 1, 1, 1), (1, 1, 1, 1), (1, 1, 1, 1), (1, 1, 1, 1), (1, 1, 1, 1), (1, 1, 1, 1), (1, 1, 1, 1), (1, 1, 1, 1), (1, 1, 1, 1), (1, 1, 1, 1), (1, 1, 1, 1), (1, 1, 1, 1), (1, 1, 1, 1), (1, 1, 1, 1), (1, 1, 1, 1), (1, 1, 1, 1), (1, 1, 1, 1), (1, 1, 1, 1), (1, 1, 1, 1), (1, 1, 1, 1), (1, 1, 1, 1), (1, 1, 1, 1), (1, 1, 1, 1), (1, 1, 1, 1), (1, 1, 1, 1), (1, 1, 1, 1), (1, 1, 1, 1), (1, 1, 1, 1), (1, 1, 1, 1), (1, 1, 1, 1), (1, 1, 1, 1), (1, 1, 1, 1), (1, 1, 1, 1), (1, 1, 1, 1), (1, 1, 1, 1), (1, 1, 1, 1), (1, 1, 1, 1), (1, 1, 1, 1), (1, 1, 1, 1), (1, 1, 1, 1), (1, 1, 1, 1), (1, 1, 1, 1), (1, 1, 1, 1), (1, 1, 1, 1), (1, 1, 1, 1), (1, 1, 1, 1), (1, 1, 1, 1), (1, 1, 1, 1), (1, 1, 1, 1), (1, 1, 1, 1), (1, 1, 1, 1), (1, 1, 1, 1), (1, 1, 1, 1), (1, 1, 1, 1), (1, 1, 1, 1), (1, 1, 1, 1), (1, 1, 1, 1), (1, 1, 1, 1), (1, 1, 1, 1), (1, 1, 1, 1), (1, 1, 1, 1), (1, 1, 1, 1), (1, 1, 1, 1), (1, 1, 1, 1), (1, 1, 1, 1), (1, 1, 1, 1), (1, 1, 1, 1), (1, 1, 1, 1), (1, 1, 1, 1), (1, 1, 1, 1), (1, 1, 1, 1), (1, 1, 1, 1), (1, 1, 1, 1), (1, 1, 1, 1), (1, 1, 1, 1), (1, 1, 1, 1), (1, 1, 1, 1), (1, 1, 1, 1), (1, 1, 1, 1), (1, 1, 1, 1), (1, 1, 1, 1), (1, 1, 1, 1), (1, 1, 1, 1), (1, 1, 1, 1), (1, 1, 1, 1), (1, 1, 1, 1), (1, 1, 1, 1), (1, 1, 1, 1), (1, 1, 1, 1), (1, 1, 1, 1), (1, 1, 1, 1), (1, 1, 1, 1), (1, 1, 1, 1), (1, 1, 1, 1), (1, 1, 1, 1), (1, 1, 1, 1), (1, 1, 1, 1), (1, 1, 1, 1), (1, 1, 1, 1), (1, 1, 1, 1), (1, 1, 1, 1), (1, 1, 1, 1), (1, 1, 1, 1), (1, 1, 1, 1), (1, 1, 1, 1), (1, 1, 1, 1), (1, 1, 1, 1), (1, 1, 1, 1), (1, 1, 1, 1), (1, 1, 1, 1), (1, 1, 1, 1), (1, 1, 1, 1), (1, 1, 1, 1), (1, 1, 1, 1), (1, 1, 1, 1), (1, 1, 1, 1), (1, 1, 1, 1), (1, 1, 1, 1), (1, 1, 1, 1), (1, 1, 1, 1), (1, 1, 1, 1), (1, 1, 1, 1), (1, 1, 1, 1), (1, 1, 1, 1), (1, 1, 1, 1), (1, 1, 1, 1), (1, 1, 1, 1), (1, 1, 1, 1), (1, 1, 1, 1), (1, 1, 1, 1), (1, 1, 1, 1), (1, 1, 1, 1), (1, 1, 1, 1), (1, 1, 1, 1), (1, 1, 1, 1), (1, 1, 1, 1), (1, 1, 1, 1), (1, 1, 1, 1), (1, 1, 1, 1), (1, 1, 1, 1), (1, 1, 1, 1), (1, 1, 1, 1), (1, 1, 1, 1), (1, 1, 1, 1), (1, 1, 1, 1), (1, 1, 1, 1), (1, 1, 1, 1), (1, 1, 1, 1), (1, 1, 1, 1), (1, 1, 1, 1), (1, 1, 1, 1), (1, 1, 1, 1), (1, 1, 1, 1), (1, 1, 1, 1), (1, 1, 1, 1), (1, 1, 1, 1), (1, 1, 1, 1), (1, 1, 1, 1), (1, 1, 1, 1), (1, 1, 1, 1), (1, 1, 1, 1), (1, 1, 1, 1), (1, 1, 1, 1), (1, 1, 1, 1), (1, 1, 1, 1), (1, 1, 1, 1), (1, 1, 1, 1), (1, 1, 1, 1), (1, 1, 1, 1), (1, 1, 1, 1), (1, 1, 1, 1), (1, 1, 1, 1), (1, 1, 1, 1), (1, 1, 1, 1), (1, 1, 1, 1), (1, 1, 1, 1), (1, 1, 1, 1), (1, 1, 1, 1), (1, 1, 1, 1), (1, 1, 1, 1), (1, 1, 1, 1), (1, 1, 1, 1), (1, 1, 1, 1), (1, 1, 1, 1), (1, 1, 1, 1), (1, 1, 1, 1), (1, 1, 1, 1), (1, 1, 1, 1), (1, 1, 1, 1), (1, 1, 1, 1), (1, 1, 1, 1), (1, 1, 1, 1), (1, 1, 1, 1), (1, 1, 1, 1), (1, 1, 1, 1), (1, 1, 1, 1), (1, 1, 1, 1), (1, 1, 1, 1), (1, 1, 1, 1), (1, 1, 1, 1), (1, 1, 1, 1), (1, 1, 1, 1), (1, 1, 1, 1), (1, 1, 1, 1), (1, 1, 1, 1), (1, 1, 1, 1), (1, 1, 1, 1), (1, 1, 1, 1), (1, 1, 1, 1), (1, 1, 1, 1), (1, 1, 1, 1), (1, 1, 1, 1), (1, 1, 1, 1), (1, 1, 1, 1), (1, 1, 1, 1), (1, 1, 1, 1), (1, 1, 1, 1), (1, 1, 1, 1), (1, 1, 1, 1), (1, 1, 1, 1), (1, 1, 1, 1), (1, 1, 1, 1), (1, 1, 1, 1), (1, 1, 1, 1), (1, 1, 1, 1), (1, 1, 1, 1), (1, 1, 1, 1), (1, 1, 1, 1), (1, 1, 1, 1), (1, 1, 1, 1), (1, 1, 1, 1), (1, 1, 1, 1), (1, 1, 1, 1), (1, 1, 1, 1), (1, 1, 1, 1), (1, 1, 1, 1), (1, 1, 1, 1), (1, 1, 1, 1), (1, 1, 1, 1), (1, 1, 1, 1), (1, 1, 1, 1), (1, 1, 1, 1), (1, 1, 1, 1), (1, 1, 1, 1), (1, 1, 1, 1), (1, 1, 1, 1), (1, 1, 1, 1), (1, 1, 1, 1), (1, 1, 1, 1), (1, 1, 1, 1), (1, 1, 1, 1), (1, 1, 1, 1), (1, 1, 1, 1), (1, 1, 1, 1), (1, 1, 1, 1), (1, 1, 1, 1), (1, 1, 1, 1), (1, 1, 1, 1), (1, 1, 1, 1), (1, 1, 1, 1), (1, 1, 1, 1), (1, 1, 1, 1), (1, 1, 1, 1), (1, 1, 1, 1), (1, 1, 1, 1), (1, 1, 1, 1), (1, 1, 1, 1), (1, 1, 1, 1), (1, 1, 1, 1), (1, 1, 1, 1), (1, 1, 1, 1), (1, 1, 1, 1), (1, 1, 1, 1), (1, 1, 1, 1), (1, 1, 1, 1), (1, 1, 1, 1), (1, 1, 1, 1), (1, 1, 1, 1), (1, 1, 1, 1), (1, 1, 1, 1), (1, 1, 1, 1), (1, 1, 1, 1), (1, 1, 1, 1), (1, 1, 1, 1), (1, 1, 1, 1), (1, 1, 1, 1), (1, 1, 1, 1), (1, 1, 1, 1), (1, 1, 1, 1), (1, 1, 1, 1), (1, 1, 1, 1), (1, 1, 1, 1), (1, 1, 1, 1), (1, 1, 1, 1), (1, 1, 1, 1), (1, 1, 1, 1), (1, 1, 1, 1), (1, 1, 1, 1), (1, 1, 1, 1), (1, 1, 1, 1), (1, 1, 1, 1), (1, 1, 1, 1), (1, 1, 1, 1), (1, 1, 1, 1), (1, 1, 1, 1), (1, 1, 1, 1), (1, 1, 1, 1), (1, 1, 1, 1), (1, 1, 1, 1), (1, 1, 1, 1), (1, 1, 1, 1), (1, 1, 1, 1), (1, 1, 1, 1), (1, 1, 1, 1), (1, 1, 1, 1), (1, 1, 1, 1), (1, 1, 1, 1), (1, 1, 1, 1), (1, 1, 1, 1), (1, 1, 1, 1), (1, 1, 1, 1), (1, 1, 1, 1), (1, 1, 1, 1), (1, 1, 1, 1), (1, 1, 1, 1), (1, 1, 1, 1), (1, 1, 1, 1), (1, 1, 1, 1), (1, 1, 1, 1), (1, 1, 1, 1), (1, 1, 1, 1), (1, 1, 1, 1), (1, 1, 1, 1), (1, 1, 1, 1), (1, 1, 1, 1), (1, 1, 1, 1), (1, 1, 1, 1), (1, 1, 1, 1), (1, 1, 1, 1), (1, 1, 1, 1), (1, 1, 1, 1), (1, 1, 1, 1), (1, 1, 1, 1), (1, 1, 1, 1), (1, 1, 1, 1), (1, 1, 1, 1), (1, 1, 1, 1), (1, 1, 1, 1), (1, 1, 1, 1), (1, 1, 1, 1), (1, 1, 1, 1), (1, 1, 1, 1), (1, 1, 1, 1), (1, 1, 1, 1), (1, 1, 1, 1), (1, 1, 1, 1), (1, 1, 1, 1), (1, 1, 1, 1), (1, 1, 1, 1), (1, 1, 1, 1), (1, 1, 1, 1), (1, 1, 1, 1), (1, 1, 1, 1), (1, 1, 1, 1), (1, 1, 1, 1), (1, 1, 1, 1), (1, 1, 1, 1), (1, 1, 1, 1), (1, 1, 1, 1), (1, 1, 1, 1), (1, 1, 1, 1), (1, 1, 1, 1), (1, 1, 1, 1), (1, 1, 1, 1), (1, 1, 1, 1), (1, 1, 1, 1), (1, 1, 1, 1), (1, 1, 1, 1), (1, 1, 1, 1), (1, 1, 1, 1), (1, 1, 1, 1), (1, 1, 1, 1), (1, 1, 1, 1), (1, 1, 1, 1), (1, 1, 1, 1), (1, 1, 1, 1), (1, 1, 1, 1), (1, 1, 1, 1), (1, 1, 1, 1), (1, 1, 1, 1), (1, 1, 1, 1), (1, 1, 1, 1), (1, 1, 1, 1), (1, 1, 1, 1), (1, 1, 1, 1), (1, 1, 1, 1), (1, 1, 1, 1), (1, 1, 1, 1), (1, 1, 1, 1), (1, 1, 1, 1), (1, 1, 1, 1), (1, 1, 1, 1), (1, 1, 1, 1), (1, 1, 1, 1), (1, 1, 1, 1), (1, 1, 1, 1), (1, 1, 1, 1), (1, 1, 1, 1), (1, 1, 1, 1), (1, 1, 1, 1), (1, 1, 1, 1), (1, 1, 1, 1), (1, 1, 1, 1), (1, 1, 1, 1), (1, 1, 1, 1), (1, 1, 1, 1), (1, 1, 1, 1), (1, 1, 1, 1), (1, 1, 1, 1), (1, 1, 1, 1), (1, 1, 1, 1), (1, 1, 1, 1), (1, 1, 1, 1), (1, 1, 1, 1), (1, 1, 1, 1), (1, 1, 1, 1), (1, 1, 1, 1), (1, 1, 1, 1), (1, 1, 1, 1), (1, 1, 1, 1), (1, 1, 1, 1), (1, 1, 1, 1), (1, 1, 1, 1), (1, 1, 1, 1), (1, 1, 1, 1), (1, 1, 1, 1), (1, 1, 1, 1), (1, 1, 1, 1), (1, 1, 1, 1), (1, 1, 1, 1), (1, 1, 1, 1), (1, 1, 1, 1), (1, 1, 1, 1), (1, 1, 1, 1), (1, 1, 1, 1), (1, 1, 1, 1), (1, 1, 1, 1), (1, 1, 1, 1), (1, 1, 1, 1), (1, 1, 1, 1), (1, 1, 1, 1), (1, 1, 1, 1), (1, 1, 1, 1), (1, 1, 1, 1), (1, 1, 1, 1), (1, 1, 1, 1), (1, 1, 1, 1), (1, 1, 1, 1), (1, 1, 1, 1), (1, 1, 1, 1), (1, 1, 1, 1), (1, 1, 1, 1), (1, 1, 1, 1), (1, 1, 1, 1), (1, 1, 1, 1), (1, 1, 1, 1), (1, 1, 1, 1), (1, 1, 1, 1), (1, 1, 1, 1), (1, 1, 1, 1), (1, 1, 1, 1), (1, 1, 1, 1), (1, 1, 1, 1), (1, 1, 1, 1), (1, 1, 1, 1), (1, 1, 1, 1), (1, 1, 1, 1), (1, 1, 1, 1), (1, 1, 1, 1), (1, 1, 1, 1), (1, 1, 1, 1), (1, 1, 1, 1), (1, 1, 1, 1), (1, 1, 1, 1), (1, 1, 1, 1), (1, 1, 1, 1), (1, 1, 1, 1), (1, 1, 1, 1), (1, 1, 1, 1), (1, 1, 1, 1), (1, 1, 1, 1), (1, 1, 1, 1), (1, 1, 1, 1), (1, 1, 1, 1), (1, 1, 1, 1), (1, 1, 1, 1), (1, 1, 1, 1), (1, 1, 1, 1), (1, 1, 1, 1), (1, 1, 1, 1), (1, 1, 1, 1), (1, 1, 1, 1), (1, 1, 1, 1), (1, 1, 1, 1), (1, 1, 1, 1), (1, 1, 1, 1), (1, 1, 1, 1), (1, 1, 1, 1), (1, 1, 1, 1), (1, 1, 1, 1), (1, 1, 1, 1), (1, 1, 1, 1), (1, 1, 1, 1), (1, 1, 1, 1), (1, 1, 1, 1), (1, 1, 1, 1), (1, 1, 1, 1), (1, 1, 1, 1), (1, 1, 1, 1), (1, 1, 1, 1), (1, 1, 1, 1), (1, 1, 1, 1), (1, 1, 1, 1), (1, 1, 1, 1), (1, 1, 1, 1), (1, 1, 1, 1), (1, 1, 1, 1), (1, 1, 1, 1), (1, 1, 1, 1), (1, 1, 1, 1), (1, 1, 1, 1), (1, 1, 1, 1), (1, 1, 1, 1), (1, 1, 1, 1), (1, 1, 1, 1), (1, 1, 1, 1), (1, 1, 1, 1), (1, 1, 1, 1), (1, 1, 1, 1), (1, 1, 1, 1), (1, 1, 1, 1), (1, 1, 1, 1), (1, 1, 1, 1), (1, 1, 1, 1), (1, 1, 1, 1), (1, 1, 1, 1), (1, 1, 1, 1), (1, 1, 1, 1), (1, 1, 1, 1), (1, 1, 1, 1), (1, 1, 1, 1), (1, 1, 1, 1), (1, 1, 1, 1), (1, 1, 1, 1), (1, 1, 1, 1), (1, 1, 1, 1), (1, 1, 1, 1), (1, 1, 1, 1), (1, 1, 1, 1), (1, 1, 1, 1), (1, 1, 1, 1), (1, 1, 1, 1), (1, 1, 1, 1), (1, 1, 1, 1), (1, 1, 1, 1), (1, 1, 1, 1), (1, 1, 1, 1), (1, 1, 1, 1), (1, 1, 1, 1), (1, 1, 1, 1), (1, 1, 1, 1), (1, 1, 1, 1), (1, 1, 1, 1), (1, 1, 1, 1), (1, 1, 1, 1), (1, 1, 1, 1), (1, 1, 1, 1), (1, 1, 1, 1), (1, 1, 1, 1), (1, 1, 1, 1), (1, 1, 1, 1), (1, 1, 1, 1), (1, 1, 1, 1), (1, 1, 1, 1), (1, 1, 1, 1), (1, 1, 1, 1), (1, 1, 1, 1), (1, 1, 1, 1), (1, 1, 1, 1), (1, 1, 1, 1), (1, 1, 1, 1), (1, 1, 1, 1), (1, 1, 1, 1), (1, 1, 1, 1), (1, 1, 1, 1), (1, 1, 1, 1), (1, 1, 1, 1), (1, 1, 1, 1), (1, 1, 1, 1), (1, 1, 1, 1), (1, 1, 1, 1), (1, 1, 1, 1), (1, 1, 1, 1), (1, 1, 1, 1), (1, 1, 1, 1), (1, 1, 1, 1), (1, 1, 1, 1), (1, 1, 1, 1), (1, 1, 1, 1), (1, 1, 1, 1), (1, 1, 1, 1), (1, 1, 1, 1), (1, 1, 1, 1), (1, 1, 1, 1), (1, 1, 1, 1), (1, 1, 1, 1), (1, 1, 1, 1), (1, 1, 1, 1), (1, 1, 1, 1), (1, 1, 1, 1), (1, 1, 1, 1), (1, 1, 1, 1), (1, 1, 1, 1), (1, 1, 1, 1), (1, 1, 1, 1), (1, 1, 1, 1), (1, 1, 1, 1), (1, 1, 1, 1), (1, 1, 1, 1), (1, 1, 1, 1), (1, 1, 1, 1), (1, 1, 1, 1), (1, 1, 1, 1), (1, 1, 1, 1), (1, 1, 1, 1), (1, 1, 1, 1), (1, 1, 1, 1), (1, 1, 1, 1), (1, 1, 1, 1), (1, 1, 1, 1), (1, 1, 1, 1), (1, 1, 1, 1), (1, 1, 1, 1), (1, 1, 1, 1), (1, 1, 1, 1), (1, 1, 1, 1), (1, 1, 1, 1), (1, 1, 1, 1), (1, 1, 1, 1), (1, 1, 1, 1), (1, 1, 1, 1), (1, 1, 1, 1), (1, 1, 1, 1), (1, 1, 1, 1), (1, 1, 1, 1), (1, 1, 1, 1), (1, 1, 1, 1), (1, 1, 1, 1), (1, 1, 1, 1), (1, 1, 1, 1), (1, 1, 1, 1), (1, 1, 1, 1), (1, 1, 1, 1), (1, 1, 1, 1), (1, 1, 1, 1), (1, 1, 1, 1), (1, 1, 1, 1), (1, 1, 1, 1), (1, 1, 1, 1), (1, 1, 1, 1), (1, 1, 1, 1), (1, 1, 1, 1), (1, 1, 1, 1), (1, 1, 1, 1), (1, 1, 1, 1), (1, 1, 1, 1), (1, 1, 1, 1), (1, 1, 1, 1), (1, 1, 1, 1), (1, 1, 1, 1), (1, 1, 1, 1), (1, 1, 1, 1), (1, 1, 1, 1), (1, 1, 1, 1), (1, 1, 1, 1), (1, 1, 1, 1), (1, 1, 1, 1), (1, 1, 1, 1), (1, 1, 1, 1), (1, 1, 1, 1), (1, 1, 1, 1), (1, 1, 1, 1), (1, 1, 1, 1), (1, 1, 1, 1), (1, 1, 1, 1), (1, 1, 1, 1), (1, 1, 1, 1), (1, 1, 1, 1), (1, 1, 1, 1), (1, 1, 1, 1), (1, 1, 1, 1), (1, 1, 1, 1), (1, 1, 1, 1), (1, 1, 1, 1), (1, 1, 1, 1), (1, 1, 1, 1), (1, 1, 1, 1), (1, 1, 1, 1), (1, 1, 1, 1), (1, 1, 1, 1), (1, 1, 1, 1), (1, 1, 1, 1), (1, 1, 1, 1), (1, 1, 1, 1), (1, 1, 1, 1), (1, 1, 1, 1), (1, 1, 1, 1), (1, 1, 1, 1), (1, 1, 1, 1), (1, 1, 1, 1), (1, 1, 1, 1), (1, 1, 1, 1), (1, 1, 1, 1), (1, 1, 1, 1), (1, 1, 1, 1), (1, 1, 1, 1), (1, 1, 1, 1), (1, 1, 1, 1), (1, 1, 1, 1), (1, 1, 1, 1), (1, 1, 1, 1), (1, 1, 1, 1), (1, 1, 1, 1), (1, 1, 1, 1), (1, 1, 1, 1), (1, 1, 1, 1), (1, 1, 1, 1), (1, 1, 1, 1), (1, 1, 1, 1), (1, 1, 1, 1), (1, 1, 1, 1), (1, 1, 1, 1), (1, 1, 1, 1), (1, 1, 1, 1), (1, 1, 1, 1), (1, 1, 1, 1), (1, 1, 1, 1), (1, 1, 1, 1), (1, 1, 1, 1), (1, 1, 1, 1), (1, 1, 1, 1), (1, 1, 1, 1), (1, 1, 1, 1), (1, 1, 1, 1), (1, 1, 1, 1), (1, 1, 1, 1), (1, 1, 1, 1), (1, 1, 1, 1), (1, 1, 1, 1), (1, 1, 1, 1), (1, 1, 1, 1), (1, 1, 1, 1), (1, 1, 1, 1), (1, 1, 1, 1), (1, 1, 1, 1), (1, 1, 1, 1), (1, 1, 1, 1), (1, 1, 1, 1), (1, 1, 1, 1), (1, 1, 1, 1), (1, 1, 1, 1), (1, 1, 1, 1), (1, 1, 1, 1), (1, 1, 1, 1), (1, 1, 1, 1), (1, 1, 1, 1), (1, 1, 1, 1), (1, 1, 1, 1), (1, 1, 1, 1), (1, 1, 1, 1), (1, 1, 1, 1), (1, 1, 1, 1), (1, 1, 1, 1), (1, 1, 1, 1), (1, 1, 1, 1), (1, 1, 1, 1), (1, 1, 1, 1), (1, 1, 1, 1), (1, 1, 1, 1), (1, 1, 1, 1), (1, 1, 1, 1), (1, 1, 1, 1), (1, 1, 1, 1), (1, 1, 1, 1), (1, 1, 1, 1), (1, 1, 1, 1), (1, 1, 1, 1), (1, 1, 1, 1), (1, 1, 1, 1), (1, 1, 1, 1), (1, 1, 1, 1), (1, 1, 1, 1), (1, 1, 1, 1), (1, 1, 1, 1), (1, 1, 1, 1), (1, 1, 1, 1), (1, 1, 1, 1), (1, 1, 1, 1), (1, 1, 1, 1), (1, 1, 1, 1), (1, 1, 1, 1), (1, 1, 1, 1), (1, 1, 1, 1), (1, 1, 1, 1), (1, 1, 1, 1), (1, 1, 1, 1), (1, 1, 1, 1), (1, 1, 1, 1), (1, 1, 1, 1), (1, 1, 1, 1), (1, 1, 1, 1), (1, 1, 1, 1), (1, 1, 1, 1), (1, 1, 1, 1), (1, 1, 1, 1), (1, 1, 1, 1), (1, 1, 1, 1), (1, 1, 1, 1), (1, 1, 1, 1), (1, 1, 1, 1), (1, 1, 1, 1), (1, 1, 1, 1), (1, 1, 1, 1), (1, 1, 1, 1), (1, 1, 1, 1), (1, 1, 1, 1), (1, 1, 1, 1), (1, 1, 1, 1), (1, 1, 1, 1), (1, 1, 1, 1), (1, 1, 1, 1), (1, 1, 1, 1), (1, 1, 1, 1), (1, 1, 1, 1), (1, 1, 1, 1), (1, 1, 1, 1), (1, 1, 1, 1), (1, 1, 1, 1), (1, 1, 1, 1), (1, 1, 1, 1), (1, 1, 1, 1), (1, 1, 1, 1), (1, 1, 1, 1), (1, 1, 1, 1), (1, 1, 1, 1), (1, 1, 1, 1), (1, 1, 1, 1), (1, 1, 1, 1), (1, 1, 1, 1), (1, 1, 1, 1), (1, 1, 1, 1), (1, 1, 1, 1), (1, 1, 1, 1), (1, 1, 1, 1), (1, 1, 1, 1), (1, 1, 1, 1), (1, 1, 1, 1), (1, 1, 1, 1), (1, 1, 1, 1), (1, 1, 1, 1), (1, 1, 1, 1), (1, 1, 1, 1), (1, 1, 1, 1), (1, 1, 1, 1), (1, 1, 1, 1), (1, 1, 1, 1), (1, 1, 1, 1), (1, 1, 1, 1), (1, 1, 1, 1), (1, 1, 1, 1), (1, 1, 1, 1), (1, 1, 1, 1), (1, 1, 1, 1), (1, 1, 1, 1), (1, 1, 1, 1), (1, 1, 1, 1), (1, 1, 1, 1), (1, 1, 1, 1), (1, 1, 1, 1), (1, 1, 1, 1), (1, 1, 1, 1), (1, 1, 1, 1), (1, 1, 1, 1), (1, 1, 1, 1), (1, 1, 1, 1), (1, 1, 1, 1), (1, 1, 1, 1), (1, 1, 1, 1), (1, 1, 1, 1), (1, 1, 1, 1), (1, 1, 1, 1), (1, 1, 1, 1), (1, 1, 1, 1), (1, 1, 1, 1), (1, 1, 1, 1), (1, 1, 1, 1), (1, 1, 1, 1), (1, 1, 1, 1), (1, 1, 1, 1), (1, 1, 1, 1), (1, 1, 1, 1), (1, 1, 1, 1), (1, 1, 1, 1), (1, 1, 1, 1), (1, 1, 1, 1), (1, 1, 1, 1), (1, 1, 1, 1), (1, 1, 1, 1), (1, 1, 1, 1), (1, 1, 1, 1), (1, 1, 1, 1), (1, 1, 1, 1), (1, 1, 1, 1), (1, 1, 1, 1), (1, 1, 1, 1), (1, 1, 1, 1), (1, 1, 1, 1), (1, 1, 1, 1), (1, 1, 1, 1), (1, 1, 1, 1), (1, 1, 1, 1), (1, 1, 1, 1), (1, 1, 1, 1), (1, 1, 1, 1), (1, 1, 1, 1), (1, 1, 1, 1), (1, 1, 1, 1), (1, 1, 1, 1), (1, 1, 1, 1), (1, 1, 1, 1), (1, 1, 1, 1), (1, 1, 1, 1), (1, 1, 1, 1), (1, 1, 1, 1), (1, 1, 1, 1), (1, 1, 1, 1), (1, 1, 1, 1), (1, 1, 1, 1), (1, 1, 1, 1), (1, 1, 1, 1), (1, 1, 1, 1), (1, 1, 1, 1), (1, 1, 1, 1), (1, 1, 1, 1), (1, 1, 1, 1), (1, 1, 1, 1), (1, 1, 1, 1), (1, 1, 1, 1), (1, 1, 1, 1), (1, 1, 1, 1), (1, 1, 1, 1), (1, 1, 1, 1), (1, 1, 1, 1), (1, 1, 1, 1), (1, 1, 1, 1), (1, 1, 1, 1), (1, 1, 1, 1), (1, 1, 1, 1), (1, 1, 1, 1), (1, 1, 1, 1), (1, 1, 1, 1), (1, 1, 1, 1), (1, 1, 1, 1), (1, 1, 1, 1), (1, 1, 1, 1), (1, 1, 1, 1), (1, 1, 1, 1), (1, 1, 1, 1), (1, 1, 1, 1), (1, 1, 1, 1), (1, 1, 1, 1), (1, 1, 1, 1), (1, 1, 1, 1), (1, 1, 1, 1), (1, 1, 1, 1), (1, 1, 1, 1), (1, 1, 1, 1), (1, 1, 1, 1), (1, 1, 1, 1), (1, 1, 1, 1), (1, 1, 1, 1), (1, 1, 1, 1), (1, 1, 1, 1), (1, 1, 1, 1), (1, 1, 1, 1), (1, 1, 1, 1), (1, 1, 1, 1), (1, 1, 1, 1), (1, 1, 1, 1), (1, 1, 1, 1), (1, 1, 1, 1), (1, 1, 1, 1), (1, 1, 1, 1), (1, 1, 1, 1), (1, 1, 1, 1), (1, 1, 1, 1), (1, 1, 1, 1), (1, 1, 1, 1), (1, 1, 1, 1), (1, 1, 1, 1), (1, 1, 1, 1), (1, 1, 1, 1), (1, 1, 1, 1), (1, 1, 1, 1), (1, 1, 1, 1), (1, 1, 1, 1), (1, 1, 1, 1), (1, 1, 1, 1), (1, 1, 1, 1), (1, 1, 1, 1), (1, 1, 1, 1), (1, 1, 1, 1), (1, 1, 1, 1), (1, 1, 1, 1), (1, 1, 1, 1), (1, 1, 1, 1), (1, 1, 1, 1), (1, 1, 1, 1), (1, 1, 1, 1), (1, 1, 1, 1), (1, 1, 1, 1), (1, 1, 1, 1), (1, 1, 1, 1), (1, 1, 1, 1), (1, 1, 1, 1), (1, 1, 1, 1), (1, 1, 1, 1), (1, 1, 1, 1), (1, 1, 1, 1), (1, 1, 1, 1), (1, 1, 1, 1), (1, 1, 1, 1), (1, 1, 1, 1), (1, 1, 1, 1), (1, 1, 1, 1), (1, 1, 1, 1), (1, 1, 1, 1), (1, 1, 1, 1), (1, 1, 1, 1), (1, 1, 1, 1), (1, 1, 1, 1), (1, 1, 1, 1), (1, 1, 1, 1), (1, 1, 1, 1), (1, 1, 1, 1), (1, 1, 1, 1), (1, 1, 1, 1), (1, 1, 1, 1), (1, 1, 1, 1), (1, 1, 1, 1), (1, 1, 1, 1), (1, 1, 1, 1), (1, 1, 1, 1), (1, 1, 1, 1), (1, 1, 1, 1), (1, 1, 1, 1), (1, 1, 1, 1), (1, 1, 1, 1), (1, 1, 1, 1), (1, 1, 1, 1), (1, 1, 1, 1), (1, 1, 1, 1), (1, 1, 1, 1), (1, 1, 1, 1), (1, 1, 1, 1), (1, 1, 1, 1), (1, 1, 1, 1), (1, 1, 1, 1), (1, 1, 1, 1), (1, 1, 1, 1), (1, 1, 1, 1), (1, 1, 1, 1), (1, 1, 1, 1), (1, 1, 1, 1), (1, 1, 1, 1), (1, 1, 1, 1), (1, 1, 1, 1), (1, 1, 1, 1), (1, 1, 1, 1), (1, 1, 1, 1), (1, 1, 1, 1), (1, 1, 1, 1), (1, 1, 1, 1), (1, 1, 1, 1), (1, 1, 1, 1), (1, 1, 1, 1), (1, 1, 1, 1), (1, 1, 1, 1), (1, 1, 1, 1), (1, 1, 1, 1), (1, 1, 1, 1), (1, 1, 1, 1), (1, 1, 1, 1), (1, 1, 1, 1), (1, 1, 1, 1), (1, 1, 1, 1), (1, 1, 1, 1), (1, 1, 1, 1), (1, 1, 1, 1), (1, 1, 1, 1), (1, 1, 1, 1), (1, 1, 1, 1), (1, 1, 1, 1), (1, 1, 1, 1), (1, 1, 1, 1), (1, 1, 1, 1), (1, 1, 1, 1), (1, 1, 1, 1), (1, 1, 1, 1), (1, 1, 1, 1), (1, 1, 1, 1), (1, 1, 1, 1), (1, 1, 1, 1), (1, 1, 1, 1), (1, 1, 1, 1), (1, 1, 1, 1), (1, 1, 1, 1), (1, 1, 1, 1), (1, 1, 1, 1), (1, 1, 1, 1), (1, 1, 1, 1), (1, 1, 1, 1), (1, 1, 1, 1), (1, 1, 1, 1), (1, 1, 1, 1), (1, 1, 1, 1), (1, 1, 1, 1), (1, 1, 1, 1), (1, 1, 1, 1), (1, 1, 1, 1), (1, 1, 1, 1), (1, 1, 1, 1), (1, 1, 1, 1), (1, 1, 1, 1), (1, 1, 1, 1), (1, 1, 1, 1), (1, 1, 1, 1), (1, 1, 1, 1), (1, 1, 1, 1), (1, 1, 1, 1), (1, 1, 1, 1), (1, 1, 1, 1), (1, 1, 1, 1), (1, 1, 1, 1), (1, 1, 1, 1), (1, 1, 1, 1), (1, 1, 1, 1), (1, 1, 1, 1), (1, 1, 1, 1), (1, 1, 1, 1), (1, 1, 1, 1), (1, 1, 1, 1), (1, 1, 1, 1), (1, 1, 1, 1), (1, 1, 1, 1), (1, 1, 1, 1), (1, 1, 1, 1), (1, 1, 1, 1), (1, 1, 1, 1), (1, 1, 1, 1), (1, 1, 1, 1), (1, 1, 1, 1), (1, 1, 1, 1), (1, 1, 1, 1), (1, 1, 1, 1), (1, 1, 1, 1), (1, 1, 1, 1), (1, 1, 1, 1), (1, 1, 1, 1), (1, 1, 1, 1), (1, 1, 1, 1), (1, 1, 1, 1), (1, 1, 1, 1), (1, 1, 1, 1), (1, 1, 1, 1), (1, 1, 1, 1), (1, 1, 1, 1), (1, 1, 1, 1), (1, 1, 1, 1), (1, 1, 1, 1), (1, 1, 1, 1), (1, 1, 1, 1), (1, 1, 1, 1), (1, 1, 1, 1), (1, 1, 1, 1), (1, 1, 1, 1), (1, 1, 1, 1), (1, 1, 1, 1), (1, 1, 1, 1), (1, 1, 1, 1), (1, 1, 1, 1), (1, 1, 1, 1), (1, 1, 1, 1), (1, 1, 1, 1), (1, 1, 1, 1), (1, 1, 1, 1), (1, 1, 1, 1), (1, 1, 1, 1), (1, 1, 1, 1), (1, 1, 1, 1), (1, 1, 1, 1), (1, 1, 1, 1), (1, 1, 1, 1), (1, 1, 1, 1), (1, 1, 1, 1), (1, 1, 1, 1), (1, 1, 1, 1), (1, 1, 1, 1), (1, 1, 1, 1), (1, 1, 1, 1), (1, 1, 1, 1), (1, 1, 1, 1), (1, 1, 1, 1), (1, 1, 1, 1), (1, 1, 1, 1), (1, 1, 1, 1), (1, 1, 1, 1), (1, 1, 1, 1), (1, 1, 1, 1), (1, 1, 1, 1), (1, 1, 1, 1), (1, 1, 1, 1), (1, 1, 1, 1), (1, 1, 1, 1), (1, 1, 1, 1), (1, 1, 1, 1), (1, 1, 1, 1), (1, 1, 1, 1), (1, 1, 1, 1), (1, 1, 1, 1), (1, 1, 1, 1), (1, 1, 1, 1), (1, 1, 1, 1), (1, 1, 1, 1), (1, 1, 1, 1), (1, 1, 1, 1), (1, 1, 1, 1), (1, 1, 1, 1), (1, 1, 1, 1), (1, 1, 1, 1), (1, 1, 1, 1), (1, 1, 1, 1), (1, 1, 1, 1), (1, 1, 1, 1), (1, 1, 1, 1), (1, 1, 1, 1), (1, 1, 1, 1), (1, 1, 1, 1), (1, 1, 1, 1), (1, 1, 1, 1), (1, 1, 1, 1), (1, 1, 1, 1), (1, 1, 1, 1), (1, 1, 1, 1), (1, 1, 1, 1), (1, 1, 1, 1), (1, 1, 1, 1), (1, 1, 1, 1), (1, 1, 1, 1), (1, 1, 1, 1), (1, 1, 1, 1), (1, 1, 1, 1), (1, 1, 1, 1), (1, 1, 1, 1), (1, 1, 1, 1), (1, 1, 1, 1), (1, 1, 1, 1), (1, 1, 1, 1), (1, 1, 1, 1), (1, 1, 1, 1), (1, 1, 1, 1), (1, 1, 1, 1), (1, 1, 1, 1), (1, 1, 1, 1), (1, 1, 1, 1), (1, 1, 1, 1), (1, 1, 1, 1), (1, 1, 1, 1), (1, 1, 1, 1), (1, 1, 1, 1), (1, 1, 1, 1), (1, 1, 1, 1), (1, 1, 1, 1), (1, 1, 1, 1), (1, 1, 1, 1), (1, 1, 1, 1), (1, 1, 1, 1), (1, 1, 1, 1), (1, 1, 1, 1), (1, 1, 1, 1), (1, 1, 1, 1), (1, 1, 1, 1), (1, 1, 1, 1), (1, 1, 1, 1), (1, 1, 1, 1), (1, 1, 1, 1), (1, 1, 1, 1), (1, 1, 1, 1), (1, 1, 1, 1), (1, 1, 1, 1), (1, 1, 1, 1), (1, 1, 1, 1), (1, 1, 1, 1), (1, 1, 1, 1), (1, 1, 1, 1), (1, 1, 1, 1), (1, 1, 1, 1), (1, 1, 1, 1), (1, 1, 1, 1), (1, 1, 1, 1), (1, 1, 1, 1), (1, 1, 1, 1), (1, 1, 1, 1), (1, 1, 1, 1), (1, 1, 1, 1), (1, 1, 1, 1), (1, 1, 1, 1), (1, 1, 1, 1), (1, 1, 1, 1), (1, 1, 1, 1), (1, 1, 1, 1), (1, 1, 1, 1), (1, 1, 1, 1), (1, 1, 1, 1), (1, 1, 1, 1), (1, 1, 1, 1), (1, 1, 1, 1), (1, 1, 1, 1), (1, 1, 1, 1), (1, 1, 1, 1), (1, 1, 1, 1), (1, 1, 1, 1), (1, 1, 1, 1), (1, 1, 1, 1), (1, 1, 1, 1), (1, 1, 1, 1), (1, 1, 1, 1), (1, 1, 1, 1), (1, 1, 1, 1), (1, 1, 1, 1), (1, 1, 1, 1), (1, 1, 1, 1), (1, 1, 1, 1), (1, 1, 1, 1), (1, 1, 1, 1), (1, 1, 1, 1), (1, 1, 1, 1), (1, 1, 1, 1), (1, 1, 1, 1), (1, 1, 1, 1), (1, 1, 1, 1), (1, 1, 1, 1), (1, 1, 1, 1), (1, 1, 1, 1), (1, 1, 1, 1), (1, 1, 1, 1), (1, 1, 1, 1), (1, 1, 1, 1), (1, 1, 1, 1), (1, 1, 1, 1), (1, 1, 1, 1), (1, 1, 1, 1), (1, 1, 1, 1), (1, 1, 1, 1), (1, 1, 1, 1), (1, 1, 1, 1), (1, 1, 1, 1), (1, 1, 1, 1), (1, 1, 1, 1), (1, 1, 1, 1), (1, 1, 1, 1), (1, 1, 1, 1), (1, 1, 1, 1), (1, 1, 1, 1), (1, 1, 1, 1), (1, 1, 1, 1), (1, 1, 1, 1), (1, 1, 1, 1), (1, 1, 1, 1), (1, 1, 1, 1), (1, 1, 1, 1), (1, 1, 1, 1), (1, 1, 1, 1), (1, 1, 1, 1), (1, 1, 1, 1), (1, 1, 1, 1), (1, 1, 1, 1), (1, 1, 1, 1), (1, 1, 1, 1), (1, 1, 1, 1), (1, 1, 1, 1), (1, 1, 1, 1), (1, 1, 1, 1), (1, 1, 1, 1), (1, 1, 1, 1), (1, 1, 1, 1), (1, 1, 1, 1), (1, 1, 1, 1), (1, 1, 1, 1), (1, 1, 1, 1), (1, 1, 1, 1), (1, 1, 1, 1), (1, 1, 1, 1), (1, 1, 1, 1), (1, 1, 1, 1), (1, 1, 1, 1), (1, 1, 1, 1), (1, 1, 1, 1), (1, 1, 1, 1), (1, 1, 1, 1), (1, 1, 1, 1), (1, 1, 1, 1), (1, 1, 1, 1), (1, 1, 1, 1), (1, 1, 1, 1), (1, 1, 1, 1), (1, 1, 1, 1), (1, 1, 1, 1), (1, 1, 1, 1), (1, 1, 1, 1), (1, 1, 1, 1), (1, 1, 1, 1), (1, 1, 1, 1), (1, 1, 1, 1), (1, 1, 1, 1), (1, 1, 1, 1), (1, 1, 1, 1), (1, 1, 1, 1), (1, 1, 1, 1), (1, 1, 1, 1), (1, 1, 1, 1), (1, 1, 1, 1), (1, 1, 1, 1), (1, 1, 1, 1), (1, 1, 1, 1), (1, 1, 1, 1), (1, 1, 1, 1), (1, 1, 1, 1), (1, 1, 1, 1), (1, 1, 1, 1), (1, 1, 1, 1), (1, 1, 1, 1), (1, 1, 1, 1), (1, 1, 1, 1), (1, 1, 1, 1), (1, 1, 1, 1), (1, 1, 1, 1), (1, 1, 1, 1), (1, 1, 1, 1), (1, 1, 1, 1), (1, 1, 1, 1), (1, 1, 1, 1), (1, 1, 1, 1), (1, 1, 1, 1), (1, 1, 1, 1), (1, 1, 1, 1), (1, 1, 1, 1), (1, 1, 1, 1), (1, 1, 1, 1), (1, 1, 1, 1), (1, 1, 1, 1), (1, 1, 1, 1), (1, 1, 1, 1), (1, 1, 1, 1), (1, 1, 1, 1), (1, 1, 1, 1), (1, 1, 1, 1), (1, 1, 1, 1), (1, 1, 1, 1), (1, 1, 1, 1), (1, 1, 1, 1), (1, 1, 1, 1), (1, 1, 1, 1), (1, 1, 1, 1), (1, 1, 1, 1), (1, 1, 1, 1), (1, 1, 1, 1), (1, 1, 1, 1), (1, 1, 1, 1), (1, 1, 1, 1), (1, 1, 1, 1), (1, 1, 1, 1), (1, 1, 1, 1), (1, 1, 1, 1), (1, 1, 1, 1), (1, 1, 1, 1), (1, 1, 1, 1), (1, 1, 1, 1), (1, 1, 1, 1), (1, 1, 1, 1), (1, 1, 1, 1), (1, 1, 1, 1), (1, 1, 1, 1), (1, 1, 1, 1), (1, 1, 1, 1), (1, 1, 1, 1), (1, 1, 1, 1), (1, 1, 1, 1), (1, 1, 1, 1), (1, 1, 1, 1), (1, 1, 1, 1), (1, 1, 1, 1), (1, 1, 1, 1), (1, 1, 1, 1), (1, 1, 1, 1), (1, 1, 1, 1), (1, 1, 1, 1), (1, 1, 1, 1), (1, 1, 1, 1), (1, 1, 1, 1), (1, 1, 1, 1), (1, 1, 1, 1), (1, 1, 1, 1), (1, 1, 1, 1), (1, 1, 1, 1), (1, 1, 1, 1), (1, 1, 1, 1), (1, 1, 1, 1), (1, 1, 1, 1), (1, 1, 1, 1), (1, 1, 1, 1), (1, 1, 1, 1), (1, 1, 1, 1), (1, 1, 1, 1), (1, 1, 1, 1), (1, 1, 1, 1), (1, 1, 1, 1), (1, 1, 1, 1), (1, 1, 1, 1), (1, 1, 1, 1), (1, 1, 1, 1), (1, 1, 1, 1), (1, 1, 1, 1), (1, 1, 1, 1), (1, 1, 1, 1), (1, 1, 1, 1), (1, 1, 1, 1), (1, 1, 1, 1), (1, 1, 1, 1), (1, 1, 1, 1), (1, 1, 1, 1), (1, 1, 1, 1), (1, 1, 1, 1), (1, 1, 1, 1), (1, 1, 1, 1), (1, 1, 1, 1), (1, 1, 1, 1), (1, 1, 1, 1), (1, 1, 1, 1), (1, 1, 1, 1), (1, 1, 1, 1), (1, 1, 1, 1), (1, 1, 1, 1), (1, 1, 1, 1), (1, 1, 1, 1), (1, 1, 1, 1), (1, 1, 1, 1), (1, 1, 1, 1), (1, 1, 1, 1), (1, 1, 1, 1), (1, 1, 1, 1), (1, 1, 1, 1), (1, 1, 1, 1), (1, 1, 1, 1), (1, 1, 1, 1), (1, 1, 1, 1), (1, 1, 1, 1), (1, 1, 1, 1), (1, 1, 1, 1), (1, 1, 1, 1), (1, 1, 1, 1), (1, 1, 1, 1), (1, 1, 1, 1), (1, 1, 1, 1), (1, 1, 1, 1), (1, 1, 1, 1), (1, 1, 1, 1), (1, 1, 1, 1), (1, 1, 1, 1), (1, 1, 1, 1), (1, 1, 1, 1), (1, 1, 1, 1), (1, 1, 1, 1), (1, 1, 1, 1), (1, 1, 1, 1), (1, 1, 1, 1), (1, 1, 1, 1), (1, 1, 1, 1), (1, 1, 1, 1), (1, 1, 1, 1), (1, 1, 1, 1), (1, 1, 1, 1), (1, 1, 1, 1), (1, 1, 1, 1), (1, 1, 1, 1), (1, 1, 1, 1), (1, 1, 1, 1), (1, 1, 1, 1), (1, 1, 1, 1), (1, 1, 1, 1), (1, 1, 1, 1), (1, 1, 1, 1), (1, 1, 1, 1), (1, 1, 1, 1), (1, 1, 1, 1), (1, 1, 1, 1), (1, 1, 1, 1), (1, 1, 1, 1), (1, 1, 1, 1), (1, 1, 1, 1), (1, 1, 1, 1), (1, 1, 1, 1), (1, 1, 1, 1), (1, 1, 1, 1), (1, 1, 1, 1), (1, 1, 1, 1), (1, 1, 1, 1), (1, 1, 1, 1), (1, 1, 1, 1), (1, 1, 1, 1), (1, 1, 1, 1), (1, 1, 1, 1), (1, 1, 1, 1), (1, 1, 1, 1), (1, 1, 1, 1), (1, 1, 1, 1), (1, 1, 1, 1), (1, 1, 1, 1), (1, 1, 1, 1), (1, 1, 1, 1), (1, 1, 1, 1), (1, 1, 1, 1), (1, 1, 1, 1), (1, 1, 1, 1), (1, 1, 1, 1), (1, 1, 1, 1), (1, 1, 1, 1), (1, 1, 1, 1), (1, 1, 1, 1), (1, 1, 1, 1), (1, 1, 1, 1), (1, 1, 1, 1), (1, 1, 1, 1), (1, 1, 1, 1), (1, 1, 1, 1), (1, 1, 1, 1), (1, 1, 1, 1), (1, 1, 1, 1), (1, 1, 1, 1), (1, 1, 1, 1), (1, 1, 1, 1), (1, 1, 1, 1), (1, 1, 1, 1), (1, 1, 1, 1), (1, 1, 1, 1), (1, 1, 1, 1), (1, 1, 1, 1), (1, 1, 1, 1), (1, 1, 1, 1), (1, 1, 1, 1), (1, 1, 1, 1), (1, 1, 1, 1), (1, 1, 1, 1), (1, 1, 1, 1), (1, 1, 1, 1), (1, 1, 1, 1), (1, 1, 1, 1), (1, 1, 1, 1), (1, 1, 1, 1), (1, 1, 1, 1), (1, 1, 1, 1), (1, 1, 1, 1), (1, 1, 1, 1), (1, 1, 1, 1), (1, 1, 1, 1), (1, 1, 1, 1), (1, 1, 1, 1), (1, 1, 1, 1), (1, 1, 1, 1), (1, 1, 1, 1), (1, 1, 1, 1), (1, 1, 1, 1), (1, 1, 1, 1), (1, 1, 1, 1), (1, 1, 1, 1), (1, 1, 1, 1), (1, 1, 1, 1), (1, 1, 1, 1), (1, 1, 1, 1), (1, 1, 1, 1), (1, 1, 1, 1), (1, 1, 1, 1), (1, 1, 1, 1), (1, 1, 1, 1), (1, 1, 1, 1), (1, 1, 1, 1), (1, 1, 1, 1), (1, 1, 1, 1), (1, 1, 1, 1), (1, 1, 1, 1), (1, 1, 1, 1), (1, 1, 1, 1), (1, 1, 1, 1), (1, 1, 1, 1), (1, 1, 1, 1), (1, 1, 1, 1), (1, 1, 1, 1), (1, 1, 1, 1), (1, 1, 1, 1), (1, 1, 1, 1), (1, 1, 1, 1), (1, 1, 1, 1), (1, 1, 1, 1), (1, 1, 1, 1), (1, 1, 1, 1), (1, 1, 1, 1), (1, 1, 1, 1), (1, 1, 1, 1), (1, 1, 1, 1), (1, 1, 1, 1), (1, 1, 1, 1), (1, 1, 1, 1), (1, 1, 1, 1), (1, 1, 1, 1), (1, 1, 1, 1), (1, 1, 1, 1), (1, 1, 1, 1), (1, 1, 1, 1), (1, 1, 1, 1), (1, 1, 1, 1), (1, 1, 1, 1), (1, 1, 1, 1), (1, 1, 1, 1), (1, 1, 1, 1), (1, 1, 1, 1), (1, 1, 1, 1), (1, 1, 1, 1), (1, 1, 1, 1), (1, 1, 1, 1), (1, 1, 1, 1), (1, 1, 1, 1), (1, 1, 1, 1), (1, 1, 1, 1), (1, 1, 1, 1), (1, 1, 1, 1), (1, 1, 1, 1), (1, 1, 1, 1), (1, 1, 1, 1), (1, 1, 1, 1), (1, 1, 1, 1), (1, 1, 1, 1), (1, 1, 1, 1), (1, 1, 1, 1), (1, 1, 1, 1), (1, 1, 1, 1), (1, 1, 1, 1), (1, 1, 1, 1), (1, 1, 1, 1), (1, 1, 1, 1), (1, 1, 1, 1), (1, 1, 1, 1), (1, 1, 1, 1), (1, 1, 1, 1), (1, 1, 1, 1), (1, 1, 1, 1), (1, 1, 1, 1), (1, 1, 1, 1), (1, 1, 1, 1), (1, 1, 1, 1), (1, 1, 1, 1), (1, 1, 1, 1), (1, 1, 1, 1), (1, 1, 1, 1), (1, 1, 1, 1), (1, 1, 1, 1), (1, 1, 1, 1), (1, 1, 1, 1), (1, 1, 1, 1), (1, 1, 1, 1), (1, 1, 1, 1), (1, 1, 1, 1), (1, 1, 1, 1), (1, 1, 1, 1), (1, 1, 1, 1), (1, 1, 1, 1), (1, 1, 1, 1), (1, 1, 1, 1), (1, 1, 1, 1), (1, 1, 1, 1), (1, 1, 1, 1), (1, 1, 1, 1), (1, 1, 1, 1), (1, 1, 1, 1), (1, 1, 1, 1), (1, 1, 1, 1), (1, 1, 1, 1), (1, 1, 1, 1), (1, 1, 1, 1), (1, 1, 1, 1), (1, 1, 1, 1), (1, 1, 1, 1), (1, 1, 1, 1), (1, 1, 1, 1), (1, 1, 1, 1), (1, 1, 1, 1), (1, 1, 1, 1), (1, 1, 1, 1), (1, 1, 1, 1), (1, 1, 1, 1), (1, 1, 1, 1), (1, 1, 1, 1), (1, 1, 1, 1), (1, 1, 1, 1), (1, 1, 1, 1), (1, 1, 1, 1), (1, 1, 1, 1), (1, 1, 1, 1), (1, 1, 1, 1), (1, 1, 1, 1), (1, 1, 1, 1), (1, 1, 1, 1), (1, 1, 1, 1), (1, 1, 1, 1), (1, 1, 1, 1), (1, 1, 1, 1), (1, 1, 1, 1), (1, 1, 1, 1), (1, 1, 1, 1), (1, 1, 1, 1), (1, 1, 1, 1), (1, 1, 1, 1), (1, 1, 1, 1), (1, 1, 1, 1), (1, 1, 1, 1), (1, 1, 1, 1), (1, 1, 1, 1), (1, 1, 1, 1), (1, 1, 1, 1), (1, 1, 1, 1), (1, 1, 1, 1), (1, 1, 1, 1), (1, 1, 1, 1), (1, 1, 1, 1), (1, 1, 1, 1), (1, 1, 1, 1), (1, 1, 1, 1), (1, 1, 1, 1), (1, 1, 1, 1), (1, 1, 1, 1), (1, 1, 1, 1), (1, 1, 1, 1), (1, 1, 1, 1), (1, 1, 1, 1), (1, 1, 1, 1), (1, 1, 1, 1), (1, 1, 1, 1), (1, 1, 1, 1), (1, 1, 1, 1), (1, 1, 1, 1), (1, 1, 1, 1), (1, 1, 1, 1), (1, 1, 1, 1), (1, 1, 1, 1), (1, 1, 1, 1), (1, 1, 1, 1), (1, 1, 1, 1), (1, 1, 1, 1), (1, 1, 1, 1), (1, 1, 1, 1), (1, 1, 1, 1), (1, 1, 1, 1), (1, 1, 1, 1), (1, 1, 1, 1), (1, 1, 1, 1), (1, 1, 1, 1), (1, 1, 1, 1), (1, 1, 1, 1), (1, 1, 1, 1), (1, 1, 1, 1), (1, 1, 1, 1), (1, 1, 1, 1), (1, 1, 1, 1), (1, 1, 1, 1), (1, 1, 1, 1), (1, 1, 1, 1), (1, 1, 1, 1), (1, 1, 1, 1), (1, 1, 1, 1), (1, 1, 1, 1), (1, 1, 1, 1), (1, 1, 1, 1), (1, 1, 1, 1), (1, 1, 1, 1), (1, 1, 1, 1), (1, 1, 1, 1), (1, 1, 1, 1), (1, 1, 1, 1), (1, 1, 1, 1), (1, 1, 1, 1), (1, 1, 1, 1), (1, 1, 1, 1), (1, 1, 1, 1), (1, 1, 1, 1), (1, 1, 1, 1), (1, 1, 1, 1), (1, 1, 1, 1), (1, 1, 1, 1), (1, 1, 1, 1), (1, 1, 1, 1), (1, 1, 1, 1), (1, 1, 1, 1), (1, 1, 1, 1), (1, 1, 1, 1), (1, 1, 1, 1), (1, 1, 1, 1), (1, 1, 1, 1), (1, 1, 1, 1), (1, 1, 1, 1), (1, 1, 1, 1), (1, 1, 1, 1), (1, 1, 1, 1), (1, 1, 1, 1), (1, 1, 1, 1), (1, 1, 1, 1), (1, 1, 1, 1), (1, 1, 1, 1), (1, 1, 1, 1), (1, 1, 1, 1), (1, 1, 1, 1), (1, 1, 1, 1), (1, 1, 1, 1), (1, 1, 1, 1), (1, 1, 1, 1), (1, 1, 1, 1), (1, 1, 1, 1), (1, 1, 1, 1), (1, 1, 1, 1), (1, 1, 1, 1), (1, 1, 1, 1), (1, 1, 1, 1), (1, 1, 1, 1), (1, 1, 1, 1), (1, 1, 1, 1), (1, 1, 1, 1), (1, 1, 1, 1), (1, 1, 1, 1), (1, 1, 1, 1), (1, 1, 1, 1), (1, 1, 1, 1), (1, 1, 1, 1), (1, 1, 1, 1), (1, 1, 1, 1), (1, 1, 1, 1), (1, 1, 1, 1), (1, 1, 1, 1), (1, 1, 1, 1), (1, 1, 1, 1), (1, 1, 1, 1), (1, 1, 1, 1), (1, 1, 1, 1), (1, 1, 1, 1), (1, 1, 1, 1), (1, 1, 1, 1), (1, 1, 1, 1), (1, 1, 1, 1), (1, 1, 1, 1), (1, 1, 1, 1), (1, 1, 1, 1), (1, 1, 1, 1), (1, 1, 1, 1), (1, 1, 1, 1), (1, 1, 1, 1), (1, 1, 1, 1), (1, 1, 1, 1), (1, 1, 1, 1), (1, 1, 1, 1), (1, 1, 1, 1), (1, 1, 1, 1), (1, 1, 1, 1), (1, 1, 1, 1), (1, 1, 1, 1), (1, 1, 1, 1), (1, 1, 1, 1), (1, 1, 1, 1), (1, 1, 1, 1), (1, 1, 1, 1), (1, 1, 1, 1), (1, 1, 1, 1), (1, 1, 1, 1), (1, 1, 1, 1), (1, 1, 1, 1), (1, 1, 1, 1), (1, 1, 1, 1), (1, 1, 1, 1), (1, 1, 1, 1), (1, 1, 1, 1), (1, 1, 1, 1), (1, 1, 1, 1), (1, 1, 1, 1), (1, 1, 1, 1), (1, 1, 1, 1), (1, 1, 1, 1), (1, 1, 1, 1), (1, 1, 1, 1), (1, 1, 1, 1), (1, 1, 1, 1), (1, 1, 1, 1), (1, 1, 1, 1), (1, 1, 1, 1), (1, 1, 1, 1), (1, 1, 1, 1), (1, 1, 1, 1), (1, 1, 1, 1), (1, 1, 1, 1), (1, 1, 1, 1), (1, 1, 1, 1), (1, 1, 1, 1), (1, 1, 1, 1), (1, 1, 1, 1), (1, 1, 1, 1), (1, 1, 1, 1), (1, 1, 1, 1), (1, 1, 1, 1), (1, 1, 1, 1), (1, 1, 1, 1), (1, 1, 1, 1), (1, 1, 1, 1), (1, 1, 1, 1), (1, 1, 1, 1), (1, 1, 1, 1), (1, 1, 1, 1), (1, 1, 1, 1), (1, 1, 1, 1), (1, 1, 1, 1), (1, 1, 1, 1), (1, 1, 1, 1), (1, 1, 1, 1), (1, 1, 1, 1), (1, 1, 1, 1), (1, 1, 1, 1), (1, 1, 1, 1), (1, 1, 1, 1), (1, 1, 1, 1), (1, 1, 1, 1), (1, 1, 1, 1), (1, 1, 1, 1), (1, 1, 1, 1), (1, 1, 1, 1), (1, 1, 1, 1), (1, 1, 1, 1), (1, 1, 1, 1), (1, 1, 1, 1), (1, 1, 1, 1), (1, 1, 1, 1), (1, 1, 1, 1), (1, 1, 1, 1), (1, 1, 1, 1), (1, 1, 1, 1), (1, 1, 1, 1), (1, 1, 1, 1), (1, 1, 1, 1), (1, 1, 1, 1), (1, 1, 1, 1), (1, 1, 1, 1), (1, 1, 1, 1), (1, 1, 1, 1), (1, 1, 1, 1), (1, 1, 1, 1), (1, 1, 1, 1), (1, 1, 1, 1), (1, 1, 1, 1), (1, 1, 1, 1), (1, 1, 1, 1), (1, 1, 1, 1), (1, 1, 1, 1), (1, 1, 1, 1), (1, 1, 1, 1), (1, 1, 1, 1), (1, 1, 1, 1), (1, 1, 1, 1), (1, 1, 1, 1), (1, 1, 1, 1), (1, 1, 1, 1), (1, 1, 1, 1), (1, 1, 1, 1), (1, 1, 1, 1), (1, 1, 1, 1), (1, 1, 1, 1), (1, 1, 1, 1), (1, 1, 1, 1), (1, 1, 1, 1), (1, 1, 1, 1), (1, 1, 1, 1), (1, 1, 1, 1), (1, 1, 1, 1), (1, 1, 1, 1), (1, 1, 1, 1), (1, 1, 1, 1), (1, 1, 1, 1), (1, 1, 1, 1), (1, 1, 1, 1), (1, 1, 1, 1), (1, 1, 1, 1), (1, 1, 1, 1), (1, 1, 1, 1), (1, 1, 1, 1), (1, 1, 1, 1), (1, 1, 1, 1), (1, 1, 1, 1), (1, 1, 1, 1), (1, 1, 1, 1), (1, 1, 1, 1), (1, 1, 1, 1), (1, 1, 1, 1), (1, 1, 1, 1), (1, 1, 1, 1), (1, 1, 1, 1), (1, 1, 1, 1), (1, 1, 1, 1), (1, 1, 1, 1), (1, 1, 1, 1), (1, 1, 1, 1), (1, 1, 1, 1), (1, 1, 1, 1), (1, 1, 1, 1), (1, 1, 1, 1), (1, 1, 1, 1), (1, 1, 1, 1), (1, 1, 1, 1), (1, 1, 1, 1), (1, 1, 1, 1), (1, 1, 1, 1), (1, 1, 1, 1), (1, 1, 1, 1), (1, 1, 1, 1), (1, 1, 1, 1), (1, 1, 1, 1), (1, 1, 1, 1), (1, 1, 1, 1), (1, 1, 1, 1), (1, 1, 1, 1), (1, 1, 1, 1), (1, 1, 1, 1), (1, 1, 1, 1), (1, 1, 1, 1), (1, 1, 1, 1), (1, 1, 1, 1), (1, 1, 1, 1), (1, 1, 1, 1), (1, 1, 1, 1), (1, 1, 1, 1), (1, 1, 1, 1), (1, 1, 1, 1), (1, 1, 1, 1), (1, 1, 1, 1), (1, 1, 1, 1), (1, 1, 1, 1), (1, 1, 1, 1), (1, 1, 1, 1), (1, 1, 1, 1), (1, 1, 1, 1), (1, 1, 1, 1), (1, 1, 1, 1), (1, 1, 1, 1), (1, 1, 1, 1), (1, 1, 1, 1), (1, 1, 1, 1), (1, 1, 1, 1), (1, 1, 1, 1), (1, 1, 1, 1), (1, 1, 1, 1), (1, 1, 1, 1), (1, 1, 1, 1), (1, 1, 1, 1), (1, 1, 1, 1), (1, 1, 1, 1), (1, 1, 1, 1), (1, 1, 1, 1), (1, 1, 1, 1), (1, 1, 1, 1), (1, 1, 1, 1), (1, 1, 1, 1), (1, 1, 1, 1), (1, 1, 1, 1), (1, 1, 1, 1), (1, 1, 1, 1), (1, 1, 1, 1), (1, 1, 1, 1), (1, 1, 1, 1), (1, 1, 1, 1), (1, 1, 1, 1), (1, 1, 1, 1), (1, 1, 1, 1), (1, 1, 1, 1), (1, 1, 1, 1), (1, 1, 1, 1), (1, 1, 1, 1), (1, 1, 1, 1), (1, 1, 1, 1), (1, 1, 1, 1), (1, 1, 1, 1), (1, 1, 1, 1), (1, 1, 1, 1), (1, 1, 1, 1), (1, 1, 1, 1), (1, 1, 1, 1), (1, 1, 1, 1), (1, 1, 1, 1), (1, 1, 1, 1), (1, 1, 1, 1), (1, 1, 1, 1), (1, 1, 1, 1), (1, 1, 1, 1), (1, 1, 1, 1), (1, 1, 1, 1), (1, 1, 1, 1), (1, 1, 1, 1), (1, 1, 1, 1), (1, 1, 1, 1), (1, 1, 1, 1), (1, 1, 1, 1), (1, 1, 1, 1), (1, 1, 1, 1), (1, 1, 1, 1), (1, 1, 1, 1), (1, 1, 1, 1), (1, 1, 1, 1), (1, 1, 1, 1), (1, 1, 1, 1), (1, 1, 1, 1), (1, 1, 1, 1), (1, 1, 1, 1), (1, 1, 1, 1), (1, 1, 1, 1), (1, 1, 1, 1), (1, 1, 1, 1), (1, 1, 1, 1), (1, 1, 1, 1), (1, 1, 1, 1), (1, 1, 1, 1), (1, 1, 1, 1), (1, 1, 1, 1), (1, 1, 1, 1), (1, 1, 1, 1), (1, 1, 1, 1), (1, 1, 1, 1), (1, 1, 1, 1), (1, 1, 1, 1), (1, 1, 1, 1), (1, 1, 1, 1), (1, 1, 1, 1), (1, 1, 1, 1), (1, 1, 1, 1), (1, 1, 1, 1), (1, 1, 1, 1), (1, 1, 1, 1), (1, 1, 1, 1), (1, 1, 1, 1), (1, 1, 1, 1), (1, 1, 1, 1), (1, 1, 1, 1), (1, 1, 1, 1), (1, 1, 1, 1), (1, 1, 1, 1), (1, 1, 1, 1), (1, 1, 1, 1), (1, 1, 1, 1), (1, 1, 1, 1), (1, 1, 1, 1), (1, 1, 1, 1), (1, 1, 1, 1), (1, 1, 1, 1), (1, 1, 1, 1), (1, 1, 1, 1), (1, 1, 1, 1), (1, 1, 1, 1), (1, 1, 1, 1), (1, 1, 1, 1), (1, 1, 1, 1), (1, 1, 1, 1), (1, 1, 1, 1), (1, 1, 1, 1), (1, 1, 1, 1), (1, 1, 1, 1), (1, 1, 1, 1), (1, 1, 1, 1), (1, 1, 1, 1), (1, 1, 1, 1), (1, 1, 1, 1), (1, 1, 1, 1), (1, 1, 1, 1), (1, 1, 1, 1), (1, 1, 1, 1), (1, 1, 1, 1), (1, 1, 1, 1), (1, 1, 1, 1), (1, 1, 1, 1), (1, 1, 1, 1), (1, 1, 1, 1), (1, 1, 1, 1), (1, 1, 1, 1), (1, 1, 1, 1), (1, 1, 1, 1), (1, 1, 1, 1), (1, 1, 1, 1), (1, 1, 1, 1), (1, 1, 1, 1), (1, 1, 1, 1), (1, 1, 1, 1), (1, 1, 1, 1), (1, 1, 1, 1), (1, 1, 1, 1), (1, 1, 1, 1), (1, 1, 1, 1), (1, 1, 1, 1), (1, 1, 1, 1), (1, 1, 1, 1), (1, 1, 1, 1), (1, 1, 1, 1), (1, 1, 1, 1), (1, 1, 1, 1), (1, 1, 1, 1), (1, 1, 1, 1), (1, 1, 1, 1), (1, 1, 1, 1), (1, 1, 1, 1), (1, 1, 1, 1), (1, 1, 1, 1), (1, 1, 1, 1), (1, 1, 1, 1), (1, 1, 1, 1), (1, 1, 1, 1), (1, 1, 1, 1), (1, 1, 1, 1), (1, 1, 1, 1), (1, 1, 1, 1), (1, 1, 1, 1), (1, 1, 1, 1), (1, 1, 1, 1), (1, 1, 1, 1), (1, 1, 1, 1), (1, 1, 1, 1), (1, 1, 1, 1), (1, 1, 1, 1), (1, 1, 1, 1), (1, 1, 1, 1), (1, 1, 1, 1), (1, 1, 1, 1), (1, 1, 1, 1), (1, 1, 1, 1), (1, 1, 1, 1), (1, 1, 1, 1), (1, 1, 1, 1), (1, 1, 1, 1), (1, 1, 1, 1), (1, 1, 1, 1), (1, 1, 1, 1), (1, 1, 1, 1), (1, 1, 1, 1), (1, 1, 1, 1), (1, 1, 1, 1), (1, 1, 1, 1), (1, 1, 1, 1), (1, 1, 1, 1), (1, 1, 1, 1), (1, 1, 1, 1), (1, 1, 1, 1), (1, 1, 1, 1), (1, 1, 1, 1), (1, 1, 1, 1), (1, 1, 1, 1), (1, 1, 1, 1), (1, 1, 1, 1), (1, 1, 1, 1), (1, 1, 1, 1), (1, 1, 1, 1), (1, 1, 1, 1), (1, 1, 1, 1), (1, 1, 1, 1), (1, 1, 1, 1), (1, 1, 1, 1), (1, 1, 1, 1), (1, 1, 1, 1), (1, 1, 1, 1), (1, 1, 1, 1), (1, 1, 1, 1), (1, 1, 1, 1), (1, 1, 1, 1), (1, 1, 1, 1), (1, 1, 1, 1), (1, 1, 1, 1), (1, 1, 1, 1), (1, 1, 1, 1), (1, 1, 1, 1), (1, 1, 1, 1), (1, 1, 1, 1), (1, 1, 1, 1), (1, 1, 1, 1), (1, 1, 1, 1), (1, 1, 1, 1), (1, 1, 1, 1), (1, 1, 1, 1), (1, 1, 1, 1), (1, 1, 1, 1), (1, 1, 1, 1), (1, 1, 1, 1), (1, 1, 1, 1), (1, 1, 1, 1), (1, 1, 1, 1), (1, 1, 1, 1), (1, 1, 1, 1), (1, 1, 1, 1), (1, 1, 1, 1), (1, 1, 1, 1), (1, 1, 1, 1), (1, 1, 1, 1), (1, 1, 1, 1), (1, 1, 1, 1), (1, 1, 1, 1), (1, 1, 1, 1), (1, 1, 1, 1), (1, 1, 1, 1), (1, 1, 1, 1), (1, 1, 1, 1), (1, 1, 1, 1), (1, 1, 1, 1), (1, 1, 1, 1), (1, 1, 1, 1), (1, 1, 1, 1), (1, 1, 1, 1), (1, 1, 1, 1), (1, 1, 1, 1), (1, 1, 1, 1), (1, 1, 1, 1), (1, 1, 1, 1), (1, 1, 1, 1), (1, 1, 1, 1), (1, 1, 1, 1), (1, 1, 1, 1), (1, 1, 1, 1), (1, 1, 1, 1), (1, 1, 1, 1), (1, 1, 1, 1), (1, 1, 1, 1), (1, 1, 1, 1), (1, 1, 1, 1), (1, 1, 1, 1), (1, 1, 1, 1), (1, 1, 1, 1), (1, 1, 1, 1), (1, 1, 1, 1), (1, 1, 1, 1), (1, 1, 1, 1), (1, 1, 1, 1), (1, 1, 1, 1), (1, 1, 1, 1), (1, 1, 1, 1), (1, 1, 1, 1), (1, 1, 1, 1), (1, 1, 1, 1), (1, 1, 1, 1), (1, 1, 1, 1), (1, 1, 1, 1), (1, 1, 1, 1), (1, 1, 1, 1), (1, 1, 1, 1), (1, 1, 1, 1), (1, 1, 1, 1), (1, 1, 1, 1), (1, 1, 1, 1), (1, 1, 1, 1), (1, 1, 1, 1), (1, 1, 1, 1), (1, 1, 1, 1), (1, 1, 1, 1), (1, 1, 1, 1), (1, 1, 1, 1), (1, 1, 1, 1), (1, 1, 1, 1), (1, 1, 1, 1), (1, 1, 1, 1), (1, 1, 1, 1), (1, 1, 1, 1), (1, 1, 1, 1), (1, 1, 1, 1), (1, 1, 1, 1), (1, 1, 1, 1), (1, 1, 1, 1), (1, 1, 1, 1), (1, 1, 1, 1), (1, 1, 1, 1), (1, 1, 1, 1), (1, 1, 1, 1), (1, 1, 1, 1), (1, 1, 1, 1), (1, 1, 1, 1), (1, 1, 1, 1), (1, 1, 1, 1), (1, 1, 1, 1), (1, 1, 1, 1), (1, 1, 1, 1), (1, 1, 1, 1), (1, 1, 1, 1), (1, 1, 1, 1), (1, 1, 1, 1), (1, 1, 1, 1), (1, 1, 1, 1), (1, 1, 1, 1), (1, 1, 1, 1), (1, 1, 1, 1), (1, 1, 1, 1), (1, 1, 1, 1), (1, 1, 1, 1), (1, 1, 1, 1), (1, 1, 1, 1), (1, 1, 1, 1), (1, 1, 1, 1), (1, 1, 1, 1), (1, 1, 1, 1), (1, 1, 1, 1), (1, 1, 1, 1), (1, 1, 1, 1), (1, 1, 1, 1), (1, 1, 1, 1), (1, 1, 1, 1), (1, 1, 1, 1), (1, 1, 1, 1), (1, 1, 1, 1), (1, 1, 1, 1), (1, 1, 1, 1), (1, 1, 1, 1), (1, 1, 1, 1), (1, 1, 1, 1), (1, 1, 1, 1), (1, 1, 1, 1), (1, 1, 1, 1), (1, 1, 1, 1), (1, 1, 1, 1), (1, 1, 1, 1), (1, 1, 1, 1), (1, 1, 1, 1), (1, 1, 1, 1), (1, 1, 1, 1), (1, 1, 1, 1), (1, 1, 1, 1), (1, 1, 1, 1), (1, 1, 1, 1), (1, 1, 1, 1), (1, 1, 1, 1), (1, 1, 1, 1), (1, 1, 1, 1), (1, 1, 1, 1), (1, 1, 1, 1), (1, 1, 1, 1), (1, 1, 1, 1), (1, 1, 1, 1), (1, 1, 1, 1), (1, 1, 1, 1), (1, 1, 1, 1), (1, 1, 1, 1), (1, 1, 1, 1), (1, 1, 1, 1), (1, 1, 1, 1), (1, 1, 1, 1), (1, 1, 1, 1), (1, 1, 1, 1), (1, 1, 1, 1), (1, 1, 1, 1), (1, 1, 1, 1), (1, 1, 1, 1), (1, 1, 1, 1), (1, 1, 1, 1), (1, 1, 1, 1), (1, 1, 1, 1), (1, 1, 1, 1), (1, 1, 1, 1), (1, 1, 1, 1), (1, 1, 1, 1), (1, 1, 1, 1), (1, 1, 1, 1), (1, 1, 1, 1), (1, 1, 1, 1), (1, 1, 1, 1), (1, 1, 1, 1), (1, 1, 1, 1), (1, 1, 1, 1), (1, 1, 1, 1), (1, 1, 1, 1), (1, 1, 1, 1), (1, 1, 1, 1), (1, 1, 1, 1), (1, 1, 1, 1), (1, 1, 1, 1), (1, 1, 1, 1), (1, 1, 1, 1), (1, 1, 1, 1), (1, 1, 1, 1), (1, 1, 1, 1), (1, 1, 1, 1), (1, 1, 1, 1), (1, 1, 1, 1), (1, 1, 1, 1), (1, 1, 1, 1), (1, 1, 1, 1), (1, 1, 1, 1), (1, 1, 1, 1), (1, 1, 1, 1), (1, 1, 1, 1), (1, 1, 1, 1), (1, 1, 1, 1), (1, 1, 1, 1), (1, 1, 1, 1), (1, 1, 1, 1), (1, 1, 1, 1), (1, 1, 1, 1), (1, 1, 1, 1), (1, 1, 1, 1), (1, 1, 1, 1), (1, 1, 1, 1), (1, 1, 1, 1), (1, 1, 1, 1), (1, 1, 1, 1), (1, 1, 1, 1), (1, 1, 1, 1), (1, 1, 1, 1), (1, 1, 1, 1), (1, 1, 1, 1), (1, 1, 1, 1), (1, 1, 1, 1), (1, 1, 1, 1), (1, 1, 1, 1), (1, 1, 1, 1), (1, 1, 1, 1), (1, 1, 1, 1), (1, 1, 1, 1), (1, 1, 1, 1), (1, 1, 1, 1), (1, 1, 1, 1), (1, 1, 1, 1), (1, 1, 1, 1), (1, 1, 1, 1), (1, 1, 1, 1), (1, 1, 1, 1), (1, 1, 1, 1), (1, 1, 1, 1), (1, 1, 1, 1), (1, 1, 1, 1), (1, 1, 1, 1), (1, 1, 1, 1), (1, 1, 1, 1), (1, 1, 1, 1), (1, 1, 1, 1), (1, 1, 1, 1), (1, 1, 1, 1), (1, 1, 1, 1), (1, 1, 1, 1), (1, 1, 1, 1), (1, 1, 1, 1), (1, 1, 1, 1), (1, 1, 1, 1), (1, 1, 1, 1), (1, 1, 1, 1), (1, 1, 1, 1), (1, 1, 1, 1), (1, 1, 1, 1), (1, 1, 1, 1), (1, 1, 1, 1), (1, 1, 1, 1), (1, 1, 1, 1), (1, 1, 1, 1), (1, 1, 1, 1), (1, 1, 1, 1), (1, 1, 1, 1), (1, 1, 1, 1), (1, 1, 1, 1), (1, 1, 1, 1), (1, 1, 1, 1), (1, 1, 1, 1), (1, 1, 1, 1), (1, 1, 1, 1), (1, 1, 1, 1), (1, 1, 1, 1), (1, 1, 1, 1), (1, 1, 1, 1), (1, 1, 1, 1), (1, 1, 1, 1), (1, 1, 1, 1), (1, 1, 1, 1), (1, 1, 1, 1), (1, 1, 1, 1), (1, 1, 1, 1), (1, 1, 1, 1), (1, 1, 1, 1), (1, 1, 1, 1), (1, 1, 1, 1), (1, 1, 1, 1), (1, 1, 1, 1), (1, 1, 1, 1), (1, 1, 1, 1), (1, 1, 1, 1), (1, 1, 1, 1), (1, 1, 1, 1), (1, 1, 1, 1), (1, 1, 1, 1), (1, 1, 1, 1), (1, 1, 1, 1), (1, 1, 1, 1), (1, 1, 1, 1), (1, 1, 1, 1), (1, 1, 1, 1), (1, 1, 1, 1), (1, 1, 1, 1), (1, 1, 1, 1), (1, 1, 1, 1), (1, 1, 1, 1), (1, 1, 1, 1), (1, 1, 1, 1), (1, 1, 1, 1), (1, 1, 1, 1), (1, 1, 1, 1), (1, 1, 1, 1), (1, 1, 1, 1), (1, 1, 1, 1), (1, 1, 1, 1), (1, 1, 1, 1), (1, 1, 1, 1), (1, 1, 1, 1), (1, 1, 1, 1), (1, 1, 1, 1), (1, 1, 1, 1), (1, 1, 1, 1), (1, 1, 1, 1), (1, 1, 1, 1), (1, 1, 1, 1), (1, 1, 1, 1), (1, 1, 1, 1), (1, 1, 1, 1), (1, 1, 1, 1), (1, 1, 1, 1), (1, 1, 1, 1), (1, 1, 1, 1), (1, 1, 1, 1), (1, 1, 1, 1), (1, 1, 1, 1), (1, 1, 1, 1), (1, 1, 1, 1), (1, 1, 1, 1), (1, 1, 1, 1), (1, 1, 1, 1), (1, 1, 1, 1), (1, 1, 1, 1), (1, 1, 1, 1), (1, 1, 1, 1), (1, 1, 1, 1), (1, 1, 1, 1), (1, 1, 1, 1), (1, 1, 1, 1), (1, 1, 1, 1), (1, 1, 1, 1), (1, 1, 1, 1), (1, 1, 1, 1), (1, 1, 1, 1), (1, 1, 1, 1), (1, 1, 1, 1), (1, 1, 1, 1), (1, 1, 1, 1), (1, 1, 1, 1), (1, 1, 1, 1), (1, 1, 1, 1), (1, 1, 1, 1), (1, 1, 1, 1), (1, 1, 1, 1), (1, 1, 1, 1), (1, 1, 1, 1), (1, 1, 1, 1), (1, 1, 1, 1), (1, 1, 1, 1), (1, 1, 1, 1), (1, 1, 1, 1), (1, 1, 1, 1), (1, 1, 1, 1), (1, 1, 1, 1), (1, 1, 1, 1), (1, 1, 1, 1), (1, 1, 1, 1), (1, 1, 1, 1), (1, 1, 1, 1), (1, 1, 1, 1), (1, 1, 1, 1), (1, 1, 1, 1), (1, 1, 1, 1), (1, 1, 1, 1), (1, 1, 1, 1), (1, 1, 1, 1), (1, 1, 1, 1), (1, 1, 1, 1), (1, 1, 1, 1), (1, 1, 1, 1), (1, 1, 1, 1), (1, 1, 1, 1), (1, 1, 1, 1), (1, 1, 1, 1), (1, 1, 1, 1), (1, 1, 1, 1), (1, 1, 1, 1), (1, 1, 1, 1), (1, 1, 1, 1), (1, 1, 1, 1), (1, 1, 1, 1), (1, 1, 1, 1), (1, 1, 1, 1), (1, 1, 1, 1), (1, 1, 1, 1), (1, 1, 1, 1), (1, 1, 1, 1), (1, 1, 1, 1), (1, 1, 1, 1), (1, 1, 1, 1), (1, 1, 1, 1), (1, 1, 1, 1), (1, 1, 1, 1), (1, 1, 1, 1), (1, 1, 1, 1), (1, 1, 1, 1), (1, 1, 1, 1), (1, 1, 1, 1), (1, 1, 1, 1), (1, 1, 1, 1), (1, 1, 1, 1), (1, 1, 1, 1), (1, 1, 1, 1), (1, 1, 1, 1), (1, 1, 1, 1), (1, 1, 1, 1), (1, 1, 1, 1), (1, 1, 1, 1), (1, 1, 1, 1), (1, 1, 1, 1), (1, 1, 1, 1), (1, 1, 1, 1), (1, 1, 1, 1), (1, 1, 1, 1), (1, 1, 1, 1), (1, 1, 1, 1), (1, 1, 1, 1), (1, 1, 1, 1), (1, 1, 1, 1), (1, 1, 1, 1), (1, 1, 1, 1), (1, 1, 1, 1), (1, 1, 1, 1), (1, 1, 1, 1), (1, 1, 1, 1), (1, 1, 1, 1), (1, 1, 1, 1), (1, 1, 1, 1), (1, 1, 1, 1), (1, 1, 1, 1), (1, 1, 1, 1), (1, 1, 1, 1), (1, 1, 1, 1), (1, 1, 1, 1), (1, 1, 1, 1), (1, 1, 1, 1), (1, 1, 1, 1), (1, 1, 1, 1), (1, 1, 1, 1), (1, 1, 1, 1), (1, 1, 1, 1), (1, 1, 1, 1), (1, 1, 1, 1), (1, 1, 1, 1), (1, 1, 1, 1), (1, 1, 1, 1), (1, 1, 1, 1), (1, 1, 1, 1), (1, 1, 1, 1), (1, 1, 1, 1), (1, 1, 1, 1), (1, 1, 1, 1), (1, 1, 1, 1), (1, 1, 1, 1), (1, 1, 1, 1), (1, 1, 1, 1), (1, 1, 1, 1), (1, 1, 1, 1), (1, 1, 1, 1), (1, 1, 1, 1), (1, 1, 1, 1), (1, 1, 1, 1), (1, 1, 1, 1), (1, 1, 1, 1), (1, 1, 1, 1), (1, 1, 1, 1), (1, 1, 1, 1), (1, 1, 1, 1), (1, 1, 1, 1), (1, 1, 1, 1), (1, 1, 1, 1), (1, 1, 1, 1), (1, 1, 1, 1), (1, 1, 1, 1), (1, 1, 1, 1), (1, 1, 1, 1), (1, 1, 1, 1), (1, 1, 1, 1), (1, 1, 1, 1), (1, 1, 1, 1), (1, 1, 1, 1), (1, 1, 1, 1), (1, 1, 1, 1), (1, 1, 1, 1), (1, 1, 1, 1), (1, 1, 1, 1), (1, 1, 1, 1), (1, 1, 1, 1), (1, 1, 1, 1), (1, 1, 1, 1), (1, 1, 1, 1), (1, 1, 1, 1), (1, 1, 1, 1), (1, 1, 1, 1), (1, 1, 1, 1), (1, 1, 1, 1), (1, 1, 1, 1), (1, 1, 1, 1), (1, 1, 1, 1), (1, 1, 1, 1), (1, 1, 1, 1), (1, 1, 1, 1), (1, 1, 1, 1), (1, 1, 1, 1), (1, 1, 1, 1), (1, 1, 1, 1), (1, 1, 1, 1), (1, 1, 1, 1), (1, 1, 1, 1), (1, 1, 1, 1), (1, 1, 1, 1), (1, 1, 1, 1), (1, 1, 1, 1), (1, 1, 1, 1), (1, 1, 1, 1), (1, 1, 1, 1), (1, 1, 1, 1), (1, 1, 1, 1), (1, 1, 1, 1), (1, 1, 1, 1), (1, 1, 1, 1), (1, 1, 1, 1), (1, 1, 1, 1), (1, 1, 1, 1), (1, 1, 1, 1), (1, 1, 1, 1), (1, 1, 1, 1), (1, 1, 1, 1), (1, 1, 1, 1), (1, 1, 1, 1), (1, 1, 1, 1), (1, 1, 1, 1), (1, 1, 1, 1), (1, 1, 1, 1), (1, 1, 1, 1), (1, 1, 1, 1), (1, 1, 1, 1), (1, 1, 1, 1), (1, 1, 1, 1), (1, 1, 1, 1), (1, 1, 1, 1), (1, 1, 1, 1), (1, 1, 1, 1), (1, 1, 1, 1), (1, 1, 1, 1), (1, 1, 1, 1), (1, 1, 1, 1), (1, 1, 1, 1), (1, 1, 1, 1), (1, 1, 1, 1), (1, 1, 1, 1), (1, 1, 1, 1), (1, 1, 1, 1), (1, 1, 1, 1), (1, 1, 1, 1), (1, 1, 1, 1), (1, 1, 1, 1), (1, 1, 1, 1), (1, 1, 1, 1), (1, 1, 1, 1), (1, 1, 1, 1), (1, 1, 1, 1), (1, 1, 1, 1), (1, 1, 1, 1), (1, 1, 1, 1), (1, 1, 1, 1), (1, 1, 1, 1), (1, 1, 1, 1), (1, 1, 1, 1), (1, 1, 1, 1), (1, 1, 1, 1), (1, 1, 1, 1), (1, 1, 1, 1), (1, 1, 1, 1), (1, 1, 1, 1), (1, 1, 1, 1), (1, 1, 1, 1), (1, 1, 1, 1), (1, 1, 1, 1), (1, 1, 1, 1), (1, 1, 1, 1), (1, 1, 1, 1), (1, 1, 1, 1), (1, 1, 1, 1), (1, 1, 1, 1), (1, 1, 1, 1), (1, 1, 1, 1), (1, 1, 1, 1), (1, 1, 1, 1), (1, 1, 1, 1), (1, 1, 1, 1), (1, 1, 1, 1), (1, 1, 1, 1), (1, 1, 1, 1), (1, 1, 1, 1), (1, 1, 1, 1), (1, 1, 1, 1), (1, 1, 1, 1), (1, 1, 1, 1), (1, 1, 1, 1), (1, 1, 1, 1), (1, 1, 1, 1), (1, 1, 1, 1), (1, 1, 1, 1), (1, 1, 1, 1), (1, 1, 1, 1), (1, 1, 1, 1), (1, 1, 1, 1), (1, 1, 1, 1), (1, 1, 1, 1), (1, 1, 1, 1), (1, 1, 1, 1), (1, 1, 1, 1), (1, 1, 1, 1), (1, 1, 1, 1), (1, 1, 1, 1), (1, 1, 1, 1), (1, 1, 1, 1), (1, 1, 1, 1), (1, 1, 1, 1), (1, 1, 1, 1), (1, 1, 1, 1), (1, 1, 1, 1), (1, 1, 1, 1), (1, 1, 1, 1), (1, 1, 1, 1), (1, 1, 1, 1), (1, 1, 1, 1), (1, 1, 1, 1), (1, 1, 1, 1), (1, 1, 1, 1), (1, 1, 1, 1), (1, 1, 1, 1), (1, 1, 1, 1), (1, 1, 1, 1), (1, 1, 1, 1), (1, 1, 1, 1), (1, 1, 1, 1), (1, 1, 1, 1), (1, 1, 1, 1), (1, 1, 1, 1), (1, 1, 1, 1), (1, 1, 1, 1), (1, 1, 1, 1), (1, 1, 1, 1), (1, 1, 1, 1), (1, 1, 1, 1), (1, 1, 1, 1), (1, 1, 1, 1), (1, 1, 1, 1), (1, 1, 1, 1), (1, 1, 1, 1), (1, 1, 1, 1), (1, 1, 1, 1), (1, 1, 1, 1), (1, 1, 1, 1), (1, 1, 1, 1), (1, 1, 1, 1), (1, 1, 1, 1), (1, 1, 1, 1), (1, 1, 1, 1), (1, 1, 1, 1), (1, 1, 1, 1), (1, 1, 1, 1), (1, 1, 1, 1), (1, 1, 1, 1), (1, 1, 1, 1), (1, 1, 1, 1), (1, 1, 1, 1), (1, 1, 1, 1), (1, 1, 1, 1), (1, 1, 1, 1), (1, 1, 1, 1), (1, 1, 1, 1), (1, 1, 1, 1), (1, 1, 1, 1), (1, 1, 1, 1), (1, 1, 1, 1), (1, 1, 1, 1), (1, 1, 1, 1), (1, 1, 1, 1), (1, 1, 1, 1), (1, 1, 1, 1), (1, 1, 1, 1), (1, 1, 1, 1), (1, 1, 1, 1), (1, 1, 1, 1), (1, 1, 1, 1), (1, 1, 1, 1), (1, 1, 1, 1), (1, 1, 1, 1), (1, 1, 1, 1), (1, 1, 1, 1), (1, 1, 1, 1), (1, 1, 1, 1), (1, 1, 1, 1), (1, 1, 1, 1), (1, 1, 1, 1), (1, 1, 1, 1), (1, 1, 1, 1), (1, 1, 1, 1), (1, 1, 1, 1), (1, 1, 1, 1), (1, 1, 1, 1), (1, 1, 1, 1), (1, 1, 1, 1), (1, 1, 1, 1), (1, 1, 1, 1), (1, 1, 1, 1), (1, 1, 1, 1), (1, 1, 1, 1), (1, 1, 1, 1), (1, 1, 1, 1), (1, 1, 1, 1), (1, 1, 1, 1), (1, 1, 1, 1), (1, 1, 1, 1), (1, 1, 1, 1), (1, 1, 1, 1), (1, 1, 1, 1), (1, 1, 1, 1), (1, 1, 1, 1), (1, 1, 1, 1), (1, 1, 1, 1), (1, 1, 1, 1), (1, 1, 1, 1), (1, 1, 1, 1), (1, 1, 1, 1), (1, 1, 1, 1), (1, 1, 1, 1), (1, 1, 1, 1), (1, 1, 1, 1), (1, 1, 1, 1), (1, 1, 1, 1), (1, 1, 1, 1), (1, 1, 1, 1), (1, 1, 1, 1), (1, 1, 1, 1), (1, 1, 1, 1), (1, 1, 1, 1), (1, 1, 1, 1), (1, 1, 1, 1), (1, 1, 1, 1), (1, 1, 1, 1), (1, 1, 1, 1), (1, 1, 1, 1), (1, 1, 1, 1), (1, 1, 1, 1), (1, 1, 1, 1), (1, 1, 1, 1), (1, 1, 1, 1), (1, 1, 1, 1), (1, 1, 1, 1), (1, 1, 1, 1), (1, 1, 1, 1), (1, 1, 1, 1), (1, 1, 1, 1), (1, 1, 1, 1), (1, 1, 1, 1), (1, 1, 1, 1), (1, 1, 1, 1), (1, 1, 1, 1), (1, 1, 1, 1), (1, 1, 1, 1), (1, 1, 1, 1), (1, 1, 1, 1), (1, 1, 1, 1), (1, 1, 1, 1), (1, 1, 1, 1), (1, 1, 1, 1), (1, 1, 1, 1), (1, 1, 1, 1), (1, 1, 1, 1), (1, 1, 1, 1), (1, 1, 1, 1), (1, 1, 1, 1), (1, 1, 1, 1), (1, 1, 1, 1), (1, 1, 1, 1), (1, 1, 1, 1), (1, 1, 1, 1), (1, 1, 1, 1), (1, 1, 1, 1), (1, 1, 1, 1), (1, 1, 1, 1), (1, 1, 1, 1), (1, 1, 1, 1), (1, 1, 1, 1), (1, 1, 1, 1), (1, 1, 1, 1), (1, 1, 1, 1), (1, 1, 1, 1), (1, 1, 1, 1), (1, 1, 1, 1), (1, 1, 1, 1), (1, 1, 1, 1), (1, 1, 1, 1), (1, 1, 1, 1), (1, 1, 1, 1), (1, 1, 1, 1), (1, 1, 1, 1), (1, 1, 1, 1), (1, 1, 1, 1), (1, 1, 1, 1), (1, 1, 1, 1), (1, 1, 1, 1), (1, 1, 1, 1), (1, 1, 1, 1), (1, 1, 1, 1), (1, 1, 1, 1), (1, 1, 1, 1), (1, 1, 1, 1), (1, 1, 1, 1), (1, 1, 1, 1), (1, 1, 1, 1), (1, 1, 1, 1), (1, 1, 1, 1), (1, 1, 1, 1), (1, 1, 1, 1), (1, 1, 1, 1), (1, 1, 1, 1), (1, 1, 1, 1), (1, 1, 1, 1), (1, 1, 1, 1), (1, 1, 1, 1), (1, 1, 1, 1), (1, 1, 1, 1), (1, 1, 1, 1), (1, 1, 1, 1), (1, 1, 1, 1), (1, 1, 1, 1), (1, 1, 1, 1), (1, 1, 1, 1), (1, 1, 1, 1), (1, 1, 1, 1), (1, 1, 1, 1), (1, 1, 1, 1), (1, 1, 1, 1), (1, 1, 1, 1), (1, 1, 1, 1), (1, 1, 1, 1), (1, 1, 1, 1), (1, 1, 1, 1), (1, 1, 1, 1), (1, 1, 1, 1), (1, 1, 1, 1), (1, 1, 1, 1), (1, 1, 1, 1), (1, 1, 1, 1), (1, 1, 1, 1), (1, 1, 1, 1), (1, 1, 1, 1), (1, 1, 1, 1), (1, 1, 1, 1), (1, 1, 1, 1), (1, 1, 1, 1), (1, 1, 1, 1), (1, 1, 1, 1), (1, 1, 1, 1), (1, 1, 1, 1), (1, 1, 1, 1), (1, 1, 1, 1), (1, 1, 1, 1), (1, 1, 1, 1), (1, 1, 1, 1), (1, 1, 1, 1), (1, 1, 1, 1), (1, 1, 1, 1), (1, 1, 1, 1), (1, 1, 1, 1), (1, 1, 1, 1), (1, 1, 1, 1), (1, 1, 1, 1), (1, 1, 1, 1), (1, 1, 1, 1), (1, 1, 1, 1), (1, 1, 1, 1), (1, 1, 1, 1), (1, 1, 1, 1), (1, 1, 1, 1), (1, 1, 1, 1), (1, 1, 1, 1), (1, 1, 1, 1), (1, 1, 1, 1), (1, 1, 1, 1), (1, 1, 1, 1), (1, 1, 1, 1), (1, 1, 1, 1), (1, 1, 1, 1), (1, 1, 1, 1), (1, 1, 1, 1), (1, 1, 1, 1), (1, 1, 1, 1), (1, 1, 1, 1), (1, 1, 1, 1), (1, 1, 1, 1), (1, 1, 1, 1), (1, 1, 1, 1), (1, 1, 1, 1), (1, 1, 1, 1), (1, 1, 1, 1), (1, 1, 1, 1), (1, 1, 1, 1), (1, 1, 1, 1), (1, 1, 1, 1), (1, 1, 1, 1), (1, 1, 1, 1), (1, 1, 1, 1), (1, 1, 1, 1), (1, 1, 1, 1), (1, 1, 1, 1), (1, 1, 1, 1), (1, 1, 1, 1), (1, 1, 1, 1), (1, 1, 1, 1), (1, 1, 1, 1), (1, 1, 1, 1), (1, 1, 1, 1), (1, 1, 1, 1), (1, 1, 1, 1), (1, 1, 1, 1), (1, 1, 1, 1), (1, 1, 1, 1), (1, 1, 1, 1), (1, 1, 1, 1), (1, 1, 1, 1), (1, 1, 1, 1), (1, 1, 1, 1), (1, 1, 1, 1), (1, 1, 1, 1), (1, 1, 1, 1), (1, 1, 1, 1), (1, 1, 1, 1), (1, 1, 1, 1), (1, 1, 1, 1), (1, 1, 1, 1), (1, 1, 1, 1), (1, 1, 1, 1), (1, 1, 1, 1), (1, 1, 1, 1), (1, 1, 1, 1), (1, 1, 1, 1), (1, 1, 1, 1), (1, 1, 1, 1), (1, 1, 1, 1), (1, 1, 1, 1), (1, 1, 1, 1), (1, 1, 1, 1), (1, 1, 1, 1), (1, 1, 1, 1), (1, 1, 1, 1), (1, 1, 1, 1), (1, 1, 1, 1), (1, 1, 1, 1), (1, 1, 1, 1), (1, 1, 1, 1), (1, 1, 1, 1), (1, 1, 1, 1), (1, 1, 1, 1), (1, 1, 1, 1), (1, 1, 1, 1), (1, 1, 1, 1), (1, 1, 1, 1), (1, 1, 1, 1), (1, 1, 1, 1), (1, 1, 1, 1), (1, 1, 1, 1), (1, 1, 1, 1), (1, 1, 1, 1), (1, 1, 1, 1), (1, 1, 1, 1), (1, 1, 1, 1), (1, 1, 1, 1), (1, 1, 1, 1), (1, 1, 1, 1), (1, 1, 1, 1), (1, 1, 1, 1), (1, 1, 1, 1), (1, 1, 1, 1), (1, 1, 1, 1), (1, 1, 1, 1), (1, 1, 1, 1), (1, 1, 1, 1), (1, 1, 1, 1), (1, 1, 1, 1), (1, 1, 1, 1), (1, 1, 1, 1), (1, 1, 1, 1), (1, 1, 1, 1), (1, 1, 1, 1), (1, 1, 1, 1), (1, 1, 1, 1), (1, 1, 1, 1), (1, 1, 1, 1), (1, 1, 1, 1), (1, 1, 1, 1), (1, 1, 1, 1), (1, 1, 1, 1), (1, 1, 1, 1), (1, 1, 1, 1), (1, 1, 1, 1), (1, 1, 1, 1), (1, 1, 1, 1), (1, 1, 1, 1), (1, 1, 1, 1), (1, 1, 1, 1), (1, 1, 1, 1), (1, 1, 1, 1), (1, 1, 1, 1), (1, 1, 1, 1), (1, 1, 1, 1), (1, 1, 1, 1), (1, 1, 1, 1), (1, 1, 1, 1), (1, 1, 1, 1), (1, 1, 1, 1), (1, 1, 1, 1), (1, 1, 1, 1), (1, 1, 1, 1), (1, 1, 1, 1), (1, 1, 1, 1), (1, 1, 1, 1), (1, 1, 1, 1), (1, 1, 1, 1), (1, 1, 1, 1), (1, 1, 1, 1), (1, 1, 1, 1), (1, 1, 1, 1), (1, 1, 1, 1), (1, 1, 1, 1), (1, 1, 1, 1), (1, 1, 1, 1), (1, 1, 1, 1), (1, 1, 1, 1), (1, 1, 1, 1), (1, 1, 1, 1), (1, 1, 1, 1), (1, 1, 1, 1), (1, 1, 1, 1), (1, 1, 1, 1), (1, 1, 1, 1), (1, 1, 1, 1), (1, 1, 1, 1), (1, 1, 1, 1), (1, 1, 1, 1), (1, 1, 1, 1), (1, 1, 1, 1), (1, 1, 1, 1), (1, 1, 1, 1), (1, 1, 1, 1), (1, 1, 1, 1), (1, 1, 1, 1), (1, 1, 1, 1), (1, 1, 1, 1), (1, 1, 1, 1), (1, 1, 1, 1), (1, 1, 1, 1), (1, 1, 1, 1), (1, 1, 1, 1), (1, 1, 1, 1), (1, 1, 1, 1), (1, 1, 1, 1), (1, 1, 1, 1), (1, 1, 1, 1), (1, 1, 1, 1), (1, 1, 1, 1), (1, 1, 1, 1), (1, 1, 1, 1), (1, 1, 1, 1), (1, 1, 1, 1), (1, 1, 1, 1), (1, 1, 1, 1), (1, 1, 1, 1), (1, 1, 1, 1), (1, 1, 1, 1), (1, 1, 1, 1), (1, 1, 1, 1), (1, 1, 1, 1), (1, 1, 1, 1), (1, 1, 1, 1), (1, 1, 1, 1), (1, 1, 1, 1), (1, 1, 1, 1), (1, 1, 1, 1), (1, 1, 1, 1), (1, 1, 1, 1), (1, 1, 1, 1), (1, 1, 1, 1), (1, 1, 1, 1), (1, 1, 1, 1), (1, 1, 1, 1), (1, 1, 1, 1), (1, 1, 1, 1), (1, 1, 1, 1), (1, 1, 1, 1), (1, 1, 1, 1), (1, 1, 1, 1), (1, 1, 1, 1), (1, 1, 1, 1), (1, 1, 1, 1), (1, 1, 1, 1), (1, 1, 1, 1), (1, 1, 1, 1), (1, 1, 1, 1), (1, 1, 1, 1), (1, 1, 1, 1), (1, 1, 1, 1), (1, 1, 1, 1), (1, 1, 1, 1), (1, 1, 1, 1), (1, 1, 1, 1), (1, 1, 1, 1), (1, 1, 1, 1), (1, 1, 1, 1), (1, 1, 1, 1), (1, 1, 1, 1), (1, 1, 1, 1), (1, 1, 1, 1), (1, 1, 1, 1), (1, 1, 1, 1), (1, 1, 1, 1), (1, 1, 1, 1), (1, 1, 1, 1), (1, 1, 1, 1), (1, 1, 1, 1), (1, 1, 1, 1), (1, 1, 1, 1), (1, 1, 1, 1), (1, 1, 1, 1), (1, 1, 1, 1), (1, 1, 1, 1), (1, 1, 1, 1), (1, 1, 1, 1), (1, 1, 1, 1), (1, 1, 1, 1), (1, 1, 1, 1), (1, 1, 1, 1), (1, 1, 1, 1), (1, 1, 1, 1), (1, 1, 1, 1), (1, 1, 1, 1), (1, 1, 1, 1), (1, 1, 1, 1), (1, 1, 1, 1), (1, 1, 1, 1), (1, 1, 1, 1), (1, 1, 1, 1), (1, 1, 1, 1), (1, 1, 1, 1), (1, 1, 1, 1), (1, 1, 1, 1), (1, 1, 1, 1), (1, 1, 1, 1), (1, 1, 1, 1), (1, 1, 1, 1), (1, 1, 1, 1), (1, 1, 1, 1), (1, 1, 1, 1), (1, 1, 1, 1), (1, 1, 1, 1), (1, 1, 1, 1), (1, 1, 1, 1), (1, 1, 1, 1), (1, 1, 1, 1), (1, 1, 1, 1), (1, 1, 1, 1), (1, 1, 1, 1), (1, 1, 1, 1), (1, 1, 1, 1), (1, 1, 1, 1), (1, 1, 1, 1), (1, 1, 1, 1), (1, 1, 1, 1), (1, 1, 1, 1), (1, 1, 1, 1), (1, 1, 1, 1), (1, 1, 1, 1), (1, 1, 1, 1), (1, 1, 1, 1), (1, 1, 1, 1), (1, 1, 1, 1), (1, 1, 1, 1), (1, 1, 1, 1), (1, 1, 1, 1), (1, 1, 1, 1), (1, 1, 1, 1), (1, 1, 1, 1), (1, 1, 1, 1), (1, 1, 1, 1), (1, 1, 1, 1), (1, 1, 1, 1), (1, 1, 1, 1), (1, 1, 1, 1), (1, 1, 1, 1), (1, 1, 1, 1), (1, 1, 1, 1), (1, 1, 1, 1), (1, 1, 1, 1), (1, 1, 1, 1), (1, 1, 1, 1), (1, 1, 1, 1), (1, 1, 1, 1), (1, 1, 1, 1), (1, 1, 1, 1), (1, 1, 1, 1), (1, 1, 1, 1), (1, 1, 1, 1), (1, 1, 1, 1), (1, 1, 1, 1), (1, 1, 1, 1), (1, 1, 1, 1), (1, 1, 1, 1), (1, 1, 1, 1), (1, 1, 1, 1), (1, 1, 1, 1), (1, 1, 1, 1), (1, 1, 1, 1), (1, 1, 1, 1), (1, 1, 1, 1), (1, 1, 1, 1), (1, 1, 1, 1), (1, 1, 1, 1), (1, 1, 1, 1), (1, 1, 1, 1), (1, 1, 1, 1), (1, 1, 1, 1), (1, 1, 1, 1), (1, 1, 1, 1), (1, 1, 1, 1), (1, 1, 1, 1), (1, 1, 1, 1), (1, 1, 1, 1), (1, 1, 1, 1), (1, 1, 1, 1), (1, 1, 1, 1), (1, 1, 1, 1), (1, 1, 1, 1), (1, 1, 1, 1), (1, 1, 1, 1), (1, 1, 1, 1), (1, 1, 1, 1), (1, 1, 1, 1), (1, 1, 1, 1), (1, 1, 1, 1), (1, 1, 1, 1), (1, 1, 1, 1), (1, 1, 1, 1), (1, 1, 1, 1), (1, 1, 1, 1), (1, 1, 1, 1), (1, 1, 1, 1), (1, 1, 1, 1), (1, 1, 1, 1), (1, 1, 1, 1), (1, 1, 1, 1), (1, 1, 1, 1), (1, 1, 1, 1), (1, 1, 1, 1), (1, 1, 1, 1), (1, 1, 1, 1), (1, 1, 1, 1), (1, 1, 1, 1), (1, 1, 1, 1), (1, 1, 1, 1), (1, 1, 1, 1), (1, 1, 1, 1), (1, 1, 1, 1), (1, 1, 1, 1), (1, 1, 1, 1)] (
                    interpolation = "faceVarying"
                )
                matrix4d primvars:skel:geomBindTransform = ( (1, 0, 0, 0), (0, 1, 0, 0), (0, 0, 1, 0), (0, 0, 0, 1) )
                int[] primvars:skel:jointIndices = [1, 1, 1, 1, 1, 1, 1, 1, 1, 1, 1, 1, 1, 1, 1, 1, 1, 1, 1, 1, 1, 1, 1, 1, 1, 1, 1, 1, 1, 1, 1, 1, 1, 1, 1, 1, 1, 1, 1, 1, 1, 1, 1, 1, 1, 1, 1, 1, 1, 1, 1, 1, 1, 1, 1, 1, 3, 3, 3, 3, 3, 3, 3, 3, 3, 3, 3, 3, 3, 3, 3, 3, 3, 3, 3, 3, 3, 3, 3, 3, 3, 3, 3, 3, 3, 3, 3, 3, 3, 3, 3, 3, 3, 3, 3, 3, 3, 3, 3, 3, 3, 3, 3, 3, 3, 3, 3, 3, 3, 3, 3, 3, 3, 3, 3, 3, 3, 3, 3, 3, 3, 1, 1, 1, 1, 1, 1, 1, 1, 1, 3, 3, 3, 3, 3, 3, 3, 3, 3, 1, 1, 1, 1, 1, 1, 1, 1, 1, 1, 1, 1, 1, 1, 1, 1, 1, 1, 1, 1, 1, 1, 1, 1, 1, 1, 1, 3, 3, 3, 3, 3, 3, 3, 3, 3, 3, 3, 3, 3, 3, 3, 3, 3, 3, 10, 10, 10, 10, 10, 10, 10, 10, 10, 10, 10, 10, 10, 10, 10, 10, 10, 10, 10, 10, 10, 10, 10, 10, 10, 10, 10, 10, 10, 10, 10, 10, 10, 10, 10, 10, 10, 10, 10, 10, 10, 10, 10, 10, 10, 10, 10, 10, 10, 10, 10, 10, 10, 10, 10, 10, 12, 12, 12, 12, 12, 12, 12, 12, 12, 12, 12, 12, 12, 12, 12, 12, 12, 12, 12, 12, 12, 12, 12, 12, 12, 12, 12, 12, 12, 12, 12, 12, 12, 12, 12, 12, 12, 12, 12, 12, 12, 12, 12, 12, 12, 12, 12, 12, 12, 12, 12, 12, 12, 12, 12, 12, 12, 12, 12, 12, 12, 12, 12, 12, 12, 10, 10, 10, 10, 10, 10, 10, 10, 10, 12, 12, 12, 12, 12, 12, 12, 12, 12, 10, 10, 10, 10, 10, 10, 10, 10, 10, 10, 10, 10, 10, 10, 10, 10, 10, 10, 10, 10, 10, 10, 10, 10, 10, 10, 10, 12, 12, 12, 12, 12, 12, 12, 12, 12, 12, 12, 12, 12, 12, 12, 12, 12, 12, 5, 5, 5, 5, 5, 5, 5, 5, 5, 5, 5, 5, 5, 5, 5, 5, 5, 5, 5, 5, 5, 5, 5, 5, 5, 5, 5, 5, 5, 5, 5, 5, 5, 5, 5, 5, 5, 5, 5, 5, 5, 5, 5, 5, 5, 5, 5, 5, 5, 5, 5, 5, 5, 5, 5, 5, 5, 5, 5, 5, 5, 5, 5, 5, 5, 5, 5, 5, 5, 5, 5, 5, 5, 5, 5, 5, 5, 5, 5, 5, 5, 5, 5, 5, 5, 5, 5, 5, 5, 5, 5, 5, 5, 5, 5, 5, 6, 6, 6, 6, 6, 6, 6, 6, 6, 6, 6, 6, 6, 6, 6, 6, 6, 6, 6, 6, 6, 6, 6, 6, 6, 6, 6, 6, 6, 6, 6, 6, 6, 6, 6, 6, 6, 6, 6, 6, 6, 6, 6, 6, 6, 6, 6, 6, 6, 6, 6, 6, 6, 6, 6, 6, 6, 6, 6, 6, 6, 6, 6, 6, 6, 6, 6, 6, 6, 6, 6, 6, 6, 6, 6, 6, 6, 6, 6, 6, 6, 6, 6, 6, 6, 6, 6, 6, 6, 6, 6, 6, 6, 6, 6, 6, 6, 6, 6, 6, 6, 6, 6, 6, 6, 6, 6, 6, 6, 6, 6, 6, 6, 6, 6, 6, 6, 6, 6, 6, 6, 6, 6, 6, 6, 6, 6, 6, 6, 6, 6, 6, 6, 6, 6, 6, 6, 6, 6, 6, 6, 6, 6, 6, 6, 6, 6, 6, 6, 6, 6, 6, 6, 6, 6, 6, 6, 6, 6, 6, 6, 6, 6, 6, 6, 6, 6, 6, 6, 6, 6, 6, 6, 6, 6, 6, 6, 6, 6, 6, 6, 6, 6, 6, 6, 6, 6, 6, 6, 6, 6, 6, 6, 6, 6, 6, 6, 6, 6, 6, 6, 6, 6, 8, 8, 8, 8, 8, 8, 8, 8, 8, 8, 8, 8, 8, 8, 8, 8, 8, 8, 8, 8, 8, 8, 8, 8, 8, 8, 8, 8, 8, 8, 8, 8, 8, 8, 8, 8, 8, 8, 8, 8, 8, 8, 8, 8, 8, 8, 8, 8, 8, 8, 8, 8, 8, 8, 8, 8, 8, 8, 8, 8, 8, 8, 8, 8, 8, 8, 8, 8, 8, 8, 8, 8, 8, 8, 8, 8, 8, 8, 8, 8, 8, 8, 8, 8, 8, 8, 8, 8, 8, 8, 8, 8, 8, 8, 8, 8, 8, 8, 8, 8, 8, 8, 8, 8, 8, 8, 8, 8, 8, 8, 8, 8, 8, 8, 8, 8, 8, 8, 8, 8, 8, 8, 8, 8, 8, 8, 8, 8, 8, 8, 8, 8, 8, 8, 8, 6, 6, 6, 6, 6, 6, 6, 6, 6, 6, 6, 6, 6, 6, 6, 6, 6, 6, 6, 6, 6, 6, 6, 6, 6, 6, 6, 6, 6, 6, 6, 6, 6, 6, 6, 6, 6, 6, 6, 6, 6, 6, 6, 6, 6, 6, 6, 6, 6, 6, 6, 6, 6, 6, 6, 6, 6, 6, 6, 6, 6, 6, 6, 6, 6, 6, 6, 6, 6, 6, 6, 6, 6, 6, 6, 6, 6, 6, 6, 6, 6, 6, 6, 6, 6, 6, 6, 6, 6, 6, 6, 6, 6, 6, 6, 6, 6, 6, 6, 6, 6, 6, 6, 6, 6, 6, 6, 6, 6, 6, 6, 6, 6, 6, 6, 6, 6, 6, 6, 6, 6, 6, 6, 6, 6, 6, 6, 6, 6, 6, 6, 6, 6, 6, 6, 6, 6, 6, 6, 6, 6, 6, 6, 6, 6, 6, 6, 6, 6, 6, 6, 6, 6, 6, 6, 6, 6, 6, 6, 6, 6, 6, 6, 6, 6, 6, 6, 6, 6, 6, 6, 6, 6, 6, 6, 6, 6, 6, 6, 6, 6, 6, 6, 6, 6, 6, 6, 6, 6, 6, 6, 6, 6, 6, 6, 6, 6, 6, 6, 6, 6, 6, 6, 6, 6, 6, 6, 6, 6, 6, 6, 6, 6, 6, 6, 6, 6, 6, 6, 6, 6, 6, 6, 6, 6, 6, 6, 6, 6, 6, 6, 6, 6, 6, 6, 6, 6, 6, 6, 6, 6, 6, 6, 6, 6, 6, 6, 6, 6, 6, 6, 6, 6, 6, 6, 6, 6, 6, 6, 6, 6, 6, 6, 6, 6, 6, 6, 6, 6, 6, 6, 6, 6, 6, 6, 6, 6, 6, 6, 8, 8, 8, 8, 8, 8, 8, 8, 8, 8, 8, 8, 8, 8, 8, 8, 8, 8, 8, 8, 8, 8, 8, 8, 8, 8, 8, 8, 8, 8, 8, 8, 8, 8, 8, 8, 8, 8, 8, 8, 8, 8, 8, 8, 8, 8, 8, 8, 8, 8, 8, 8, 8, 8, 8, 8, 8, 8, 8, 8, 8, 8, 8, 8, 8, 8, 8, 8, 8, 8, 8, 8, 8, 8, 8, 8, 8, 8, 8, 8, 8, 8, 8, 8, 8, 8, 8, 8, 8, 8, 8, 8, 8, 8, 8, 8, 8, 8, 8, 8, 8, 8, 8, 8, 8, 8, 8, 8, 8, 8, 8, 8, 8, 8, 8, 8, 8, 8, 8, 8, 8, 8, 8, 8, 8, 8, 8, 8, 8, 8, 8, 8, 8, 8, 8, 8, 8, 6, 6, 6, 6, 6, 6, 6, 6, 6, 6, 6, 6, 6, 6, 6, 6, 6, 6, 6, 6, 6, 6, 6, 6, 6, 6, 6, 6, 6, 6, 6, 6, 6, 6, 6, 6, 6, 6, 6, 6, 6, 6, 6, 6, 6, 6, 6, 6, 6, 6, 6, 6, 6, 6, 6, 6, 6, 6, 6, 6, 6, 6, 6, 6, 6, 6, 6, 6, 6, 6, 6, 6, 6, 6] (
                    elementSize = 1
                    interpolation = "vertex"
                )
                float[] primvars:skel:jointWeights = [1, 1, 1, 1, 1, 1, 1, 1, 1, 1, 1, 1, 1, 1, 1, 1, 1, 1, 1, 1, 1, 1, 1, 1, 1, 1, 1, 1, 1, 1, 1, 1, 1, 1, 1, 1, 1, 1, 1, 1, 1, 1, 1, 1, 1, 1, 1, 1, 1, 1, 1, 1, 1, 1, 1, 1, 1, 1, 1, 1, 1, 1, 1, 1, 1, 1, 1, 1, 1, 1, 1, 1, 1, 1, 1, 1, 1, 1, 1, 1, 1, 1, 1, 1, 1, 1, 1, 1, 1, 1, 1, 1, 1, 1, 1, 1, 1, 1, 1, 1, 1, 1, 1, 1, 1, 1, 1, 1, 1, 1, 1, 1, 1, 1, 1, 1, 1, 1, 1, 1, 1, 1, 1, 1, 1, 1, 1, 1, 1, 1, 1, 1, 1, 1, 1, 1, 1, 1, 1, 1, 1, 1, 1, 1, 1, 1, 1, 1, 1, 1, 1, 1, 1, 1, 1, 1, 1, 1, 1, 1, 1, 1, 1, 1, 1, 1, 1, 1, 1, 1, 1, 1, 1, 1, 1, 1, 1, 1, 1, 1, 1, 1, 1, 1, 1, 1, 1, 1, 1, 1, 1, 1, 1, 1, 1, 1, 1, 1, 1, 1, 1, 1, 1, 1, 1, 1, 1, 1, 1, 1, 1, 1, 1, 1, 1, 1, 1, 1, 1, 1, 1, 1, 1, 1, 1, 1, 1, 1, 1, 1, 1, 1, 1, 1, 1, 1, 1, 1, 1, 1, 1, 1, 1, 1, 1, 1, 1, 1, 1, 1, 1, 1, 1, 1, 1, 1, 1, 1, 1, 1, 1, 1, 1, 1, 1, 1, 1, 1, 1, 1, 1, 1, 1, 1, 1, 1, 1, 1, 1, 1, 1, 1, 1, 1, 1, 1, 1, 1, 1, 1, 1, 1, 1, 1, 1, 1, 1, 1, 1, 1, 1, 1, 1, 1, 1, 1, 1, 1, 1, 1, 1, 1, 1, 1, 1, 1, 1, 1, 1, 1, 1, 1, 1, 1, 1, 1, 1, 1, 1, 1, 1, 1, 1, 1, 1, 1, 1, 1, 1, 1, 1, 1, 1, 1, 1, 1, 1, 1, 1, 1, 1, 1, 1, 1, 1, 1, 1, 1, 1, 1, 1, 1, 1, 1, 1, 1, 1, 1, 1, 1, 1, 1, 1, 1, 1, 1, 1, 1, 1, 1, 1, 1, 1, 1, 1, 1, 1, 1, 1, 1, 1, 1, 1, 1, 1, 1, 1, 1, 1, 1, 1, 1, 1, 1, 1, 1, 1, 1, 1, 1, 1, 1, 1, 1, 1, 1, 1, 1, 1, 1, 1, 1, 1, 1, 1, 1, 1, 1, 1, 1, 1, 1, 1, 1, 1, 1, 1, 1, 1, 1, 1, 1, 1, 1, 1, 1, 1, 1, 1, 1, 1, 1, 1, 1, 1, 1, 1, 1, 1, 1, 1, 1, 1, 1, 1, 1, 1, 1, 1, 1, 1, 1, 1, 1, 1, 1, 1, 1, 1, 1, 1, 1, 1, 1, 1, 1, 1, 1, 1, 1, 1, 1, 1, 1, 1, 1, 1, 1, 1, 1, 1, 1, 1, 1, 1, 1, 1, 1, 1, 1, 1, 1, 1, 1, 1, 1, 1, 1, 1, 1, 1, 1, 1, 1, 1, 1, 1, 1, 1, 1, 1, 1, 1, 1, 1, 1, 1, 1, 1, 1, 1, 1, 1, 1, 1, 1, 1, 1, 1, 1, 1, 1, 1, 1, 1, 1, 1, 1, 1, 1, 1, 1, 1, 1, 1, 1, 1, 1, 1, 1, 1, 1, 1, 1, 1, 1, 1, 1, 1, 1, 1, 1, 1, 1, 1, 1, 1, 1, 1, 1, 1, 1, 1, 1, 1, 1, 1, 1, 1, 1, 1, 1, 1, 1, 1, 1, 1, 1, 1, 1, 1, 1, 1, 1, 1, 1, 1, 1, 1, 1, 1, 1, 1, 1, 1, 1, 1, 1, 1, 1, 1, 1, 1, 1, 1, 1, 1, 1, 1, 1, 1, 1, 1, 1, 1, 1, 1, 1, 1, 1, 1, 1, 1, 1, 1, 1, 1, 1, 1, 1, 1, 1, 1, 1, 1, 1, 1, 1, 1, 1, 1, 1, 1, 1, 1, 1, 1, 1, 1, 1, 1, 1, 1, 1, 1, 1, 1, 1, 1, 1, 1, 1, 1, 1, 1, 1, 1, 1, 1, 1, 1, 1, 1, 1, 1, 1, 1, 1, 1, 1, 1, 1, 1, 1, 1, 1, 1, 1, 1, 1, 1, 1, 1, 1, 1, 1, 1, 1, 1, 1, 1, 1, 1, 1, 1, 1, 1, 1, 1, 1, 1, 1, 1, 1, 1, 1, 1, 1, 1, 1, 1, 1, 1, 1, 1, 1, 1, 1, 1, 1, 1, 1, 1, 1, 1, 1, 1, 1, 1, 1, 1, 1, 1, 1, 1, 1, 1, 1, 1, 1, 1, 1, 1, 1, 1, 1, 1, 1, 1, 1, 1, 1, 1, 1, 1, 1, 1, 1, 1, 1, 1, 1, 1, 1, 1, 1, 1, 1, 1, 1, 1, 1, 1, 1, 1, 1, 1, 1, 1, 1, 1, 1, 1, 1, 1, 1, 1, 1, 1, 1, 1, 1, 1, 1, 1, 1, 1, 1, 1, 1, 1, 1, 1, 1, 1, 1, 1, 1, 1, 1, 1, 1, 1, 1, 1, 1, 1, 1, 1, 1, 1, 1, 1, 1, 1, 1, 1, 1, 1, 1, 1, 1, 1, 1, 1, 1, 1, 1, 1, 1, 1, 1, 1, 1, 1, 1, 1, 1, 1, 1, 1, 1, 1, 1, 1, 1, 1, 1, 1, 1, 1, 1, 1, 1, 1, 1, 1, 1, 1, 1, 1, 1, 1, 1, 1, 1, 1, 1, 1, 1, 1, 1, 1, 1, 1, 1, 1, 1, 1, 1, 1, 1, 1, 1, 1, 1, 1, 1, 1, 1, 1, 1, 1, 1, 1, 1, 1, 1, 1, 1, 1, 1, 1, 1, 1, 1, 1, 1, 1, 1, 1, 1, 1, 1, 1, 1, 1, 1, 1, 1, 1, 1, 1, 1, 1, 1, 1, 1, 1, 1, 1, 1, 1, 1, 1, 1, 1, 1, 1, 1, 1, 1, 1, 1, 1, 1, 1, 1, 1, 1, 1, 1, 1, 1, 1, 1, 1, 1, 1, 1, 1, 1, 1, 1, 1, 1, 1, 1, 1, 1, 1, 1, 1, 1, 1, 1, 1, 1, 1, 1, 1, 1, 1, 1, 1, 1, 1, 1, 1, 1, 1, 1, 1, 1, 1, 1, 1, 1, 1, 1, 1, 1, 1, 1, 1, 1, 1, 1, 1, 1, 1, 1, 1, 1, 1, 1, 1, 1, 1, 1, 1, 1, 1, 1, 1, 1, 1, 1, 1, 1, 1, 1, 1, 1, 1, 1, 1, 1, 1, 1, 1, 1, 1, 1, 1, 1, 1, 1, 1, 1, 1, 1, 1, 1, 1, 1, 1, 1, 1, 1, 1, 1, 1, 1, 1, 1, 1, 1, 1, 1, 1, 1, 1, 1, 1, 1, 1, 1, 1, 1, 1, 1, 1, 1, 1, 1, 1, 1, 1, 1, 1, 1, 1, 1, 1, 1, 1, 1, 1, 1, 1, 1, 1, 1, 1, 1, 1, 1, 1, 1, 1, 1, 1, 1, 1, 1, 1, 1, 1, 1, 1, 1, 1, 1, 1, 1, 1, 1, 1, 1, 1, 1, 1, 1, 1, 1, 1, 1, 1, 1, 1, 1, 1, 1, 1, 1, 1, 1, 1, 1, 1, 1, 1, 1, 1, 1, 1, 1, 1, 1, 1, 1, 1, 1, 1, 1, 1, 1, 1, 1, 1, 1, 1, 1, 1, 1, 1, 1, 1, 1, 1, 1, 1, 1, 1, 1, 1, 1, 1, 1, 1, 1, 1, 1, 1, 1, 1, 1, 1, 1, 1, 1, 1, 1, 1, 1, 1, 1, 1, 1, 1, 1, 1, 1, 1, 1, 1, 1, 1, 1, 1, 1, 1, 1, 1, 1, 1, 1, 1, 1, 1, 1, 1, 1, 1, 1, 1, 1, 1, 1, 1, 1] (
                    elementSize = 1
                    interpolation = "vertex"
                )
                texCoord2f[] primvars:st = [(0.28222662, 0.09375003), (0.28222662, 0.09375003), (0.28222662, 0.09375003), (0.28222662, 0.09375003), (0.28222662, 0.09375003), (0.28222662, 0.09375003), (0.28222662, 0.09375003), (0.28222662, 0.09375003), (0.28222662, 0.09375003), (0.28222662, 0.09375003), (0.28222662, 0.09375003), (0.28222662, 0.09375003), (0.28222662, 0.09375003), (0.28222662, 0.09375003), (0.3476563, 0.09277347), (0.3476563, 0.09277347), (0.3476563, 0.09277347), (0.3476563, 0.09277347), (0.3476563, 0.09277347), (0.3476563, 0.09277347), (0.3476563, 0.09277347), (0.3476563, 0.09277347), (0.3476563, 0.09277347), (0.3476563, 0.09277347), (0.3476563, 0.09277347), (0.3476563, 0.09277347), (0.3476563, 0.09277347), (0.3476563, 0.09277347), (0.28222662, 0.09375003), (0.28222662, 0.09375003), (0.28222662, 0.09375003), (0.28222662, 0.09375003), (0.28222662, 0.09375003), (0.28222662, 0.09375003), (0.28222662, 0.09375003), (0.28222662, 0.09375003), (0.28222662, 0.09375003), (0.28222662, 0.09375003), (0.28222662, 0.09375003), (0.28222662, 0.09375003), (0.28222662, 0.09375003), (0.28222662, 0.09375003), (0.3476563, 0.09277347), (0.3476563, 0.09277347), (0.3476563, 0.09277347), (0.3476563, 0.09277347), (0.3476563, 0.09277347), (0.3476563, 0.09277347), (0.3476563, 0.09277347), (0.3476563, 0.09277347), (0.3476563, 0.09277347), (0.3476563, 0.09277347), (0.3476563, 0.09277347), (0.3476563, 0.09277347), (0.3476563, 0.09277347), (0.3476563, 0.09277347), (0.28222662, 0.09375003), (0.28222662, 0.09375003), (0.28222662, 0.09375003), (0.28222662, 0.09375003), (0.28222662, 0.09375003), (0.28222662, 0.09375003), (0.28222662, 0.09375003), (0.28222662, 0.09375003), (0.28222662, 0.09375003), (0.28222662, 0.09375003), (0.28222662, 0.09375003), (0.28222662, 0.09375003), (0.28222662, 0.09375003), (0.28222662, 0.09375003), (0.3476563, 0.09277347), (0.3476563, 0.09277347), (0.3476563, 0.09277347), (0.3476563, 0.09277347), (0.3476563, 0.09277347), (0.3476563, 0.09277347), (0.3476563, 0.09277347), (0.3476563, 0.09277347), (0.3476563, 0.09277347), (0.3476563, 0.09277347), (0.3476563, 0.09277347), (0.3476563, 0.09277347), (0.3476563, 0.09277347), (0.3476563, 0.09277347), (0.28222662, 0.09375003), (0.28222662, 0.09375003), (0.28222662, 0.09375003), (0.28222662, 0.09375003), (0.28222662, 0.09375003), (0.28222662, 0.09375003), (0.28222662, 0.09375003), (0.28222662, 0.09375003), (0.28222662, 0.09375003), (0.28222662, 0.09375003), (0.28222662, 0.09375003), (0.28222662, 0.09375003), (0.28222662, 0.09375003), (0.28222662, 0.09375003), (0.3476563, 0.09277347), (0.3476563, 0.09277347), (0.3476563, 0.09277347), (0.3476563, 0.09277347), (0.3476563, 0.09277347), (0.3476563, 0.09277347), (0.3476563, 0.09277347), (0.3476563, 0.09277347), (0.3476563, 0.09277347), (0.3476563, 0.09277347), (0.3476563, 0.09277347), (0.3476563, 0.09277347), (0.3476563, 0.09277347), (0.3476563, 0.09277347), (0.3476563, 0.09277347), (0.28222662, 0.09375003), (0.28222662, 0.09375003), (0.3476563, 0.09277347), (0.28222662, 0.09375003), (0.3476563, 0.09277347), (0.28222662, 0.09375003), (0.3476563, 0.09277347), (0.28222662, 0.09375003), (0.28222662, 0.09375003), (0.3476563, 0.09277347), (0.3476563, 0.09277347), (0.28222662, 0.09375003), (0.28222662, 0.09375003), (0.3476563, 0.09277347), (0.3476563, 0.09277347), (0.28222662, 0.09375003), (0.28222662, 0.09375003), (0.3476563, 0.09277347), (0.3476563, 0.09277347), (0.28222662, 0.09375003), (0.3476563, 0.09277347), (0.3476563, 0.09277347), (0.28222662, 0.09375003), (0.28222662, 0.09375003), (0.3476563, 0.09277347), (0.3476563, 0.09277347), (0.28222662, 0.09375003), (0.3476563, 0.09277347), (0.28222662, 0.09375003), (0.3476563, 0.09277347), (0.28222662, 0.09375003), (0.3476563, 0.09277347), (0.3476563, 0.09277347), (0.28222662, 0.09375003), (0.28222662, 0.09375003), (0.28222662, 0.09375003), (0.28222662, 0.09375003), (0.3476563, 0.09277347), (0.3476563, 0.09277347), (0.28222662, 0.09375003), (0.28222662, 0.09375003), (0.3476563, 0.09277347), (0.28222662, 0.09375003), (0.3476563, 0.09277347), (0.3476563, 0.09277347), (0.3476563, 0.09277347), (0.28222662, 0.09375003), (0.3476563, 0.09277347), (0.28222662, 0.09375003), (0.28222662, 0.09375003), (0.3476563, 0.09277347), (0.28222662, 0.09375003), (0.3476563, 0.09277347), (0.28222662, 0.09375003), (0.3476563, 0.09277347), (0.28222662, 0.09375003), (0.3476563, 0.09277347), (0.28222662, 0.09375003), (0.3476563, 0.09277347), (0.3476563, 0.09277347), (0.3476563, 0.09277347), (0.28222662, 0.09375003), (0.28222662, 0.09375003), (0.3476563, 0.09277347), (0.3476563, 0.09277347), (0.28222662, 0.09375003), (0.28222662, 0.09375003), (0.3476563, 0.09277347), (0.28222662, 0.09375003), (0.28222662, 0.09375003), (0.3476563, 0.09277347), (0.28222662, 0.09375003), (0.28222662, 0.09375003), (0.3476563, 0.09277347), (0.3476563, 0.09277347), (0.28222662, 0.09375003), (0.28222662, 0.09375003), (0.3476563, 0.09277347), (0.28222662, 0.09375003), (0.3476563, 0.09277347), (0.3476563, 0.09277347), (0.3476563, 0.09277347), (0.28222662, 0.09375003), (0.3476563, 0.09277347), (0.28222662, 0.09375003), (0.28222662, 0.09375003), (0.3476563, 0.09277347), (0.28222662, 0.09375003), (0.3476563, 0.09277347), (0.28222662, 0.09375003), (0.3476563, 0.09277347), (0.28222662, 0.09375003), (0.3476563, 0.09277347), (0.28222662, 0.09375003), (0.3476563, 0.09277347), (0.28222662, 0.09375003), (0.28222662, 0.09375003), (0.28222662, 0.09375003), (0.28222662, 0.09375003), (0.28222662, 0.09375003), (0.28222662, 0.09375003), (0.28222662, 0.09375003), (0.28222662, 0.09375003), (0.28222662, 0.09375003), (0.28222662, 0.09375003), (0.28222662, 0.09375003), (0.28222662, 0.09375003), (0.28222662, 0.09375003), (0.28222662, 0.09375003), (0.3476563, 0.09277347), (0.3476563, 0.09277347), (0.3476563, 0.09277347), (0.3476563, 0.09277347), (0.3476563, 0.09277347), (0.3476563, 0.09277347), (0.3476563, 0.09277347), (0.3476563, 0.09277347), (0.3476563, 0.09277347), (0.3476563, 0.09277347), (0.3476563, 0.09277347), (0.3476563, 0.09277347), (0.3476563, 0.09277347), (0.3476563, 0.09277347), (0.28222662, 0.09375003), (0.28222662, 0.09375003), (0.28222662, 0.09375003), (0.28222662, 0.09375003), (0.28222662, 0.09375003), (0.28222662, 0.09375003), (0.28222662, 0.09375003), (0.28222662, 0.09375003), (0.28222662, 0.09375003), (0.28222662, 0.09375003), (0.28222662, 0.09375003), (0.28222662, 0.09375003), (0.28222662, 0.09375003), (0.28222662, 0.09375003), (0.3476563, 0.09277347), (0.3476563, 0.09277347), (0.3476563, 0.09277347), (0.3476563, 0.09277347), (0.3476563, 0.09277347), (0.3476563, 0.09277347), (0.3476563, 0.09277347), (0.3476563, 0.09277347), (0.3476563, 0.09277347), (0.3476563, 0.09277347), (0.3476563, 0.09277347), (0.3476563, 0.09277347), (0.3476563, 0.09277347), (0.3476563, 0.09277347), (0.28222662, 0.09375003), (0.28222662, 0.09375003), (0.28222662, 0.09375003), (0.28222662, 0.09375003), (0.28222662, 0.09375003), (0.28222662, 0.09375003), (0.28222662, 0.09375003), (0.28222662, 0.09375003), (0.28222662, 0.09375003), (0.28222662, 0.09375003), (0.28222662, 0.09375003), (0.28222662, 0.09375003), (0.28222662, 0.09375003), (0.28222662, 0.09375003), (0.3476563, 0.09277347), (0.3476563, 0.09277347), (0.3476563, 0.09277347), (0.3476563, 0.09277347), (0.3476563, 0.09277347), (0.3476563, 0.09277347), (0.3476563, 0.09277347), (0.3476563, 0.09277347), (0.3476563, 0.09277347), (0.3476563, 0.09277347), (0.3476563, 0.09277347), (0.3476563, 0.09277347), (0.3476563, 0.09277347), (0.3476563, 0.09277347), (0.28222662, 0.09375003), (0.28222662, 0.09375003), (0.28222662, 0.09375003), (0.28222662, 0.09375003), (0.28222662, 0.09375003), (0.28222662, 0.09375003), (0.28222662, 0.09375003), (0.28222662, 0.09375003), (0.28222662, 0.09375003), (0.28222662, 0.09375003), (0.28222662, 0.09375003), (0.28222662, 0.09375003), (0.28222662, 0.09375003), (0.28222662, 0.09375003), (0.3476563, 0.09277347), (0.3476563, 0.09277347), (0.3476563, 0.09277347), (0.3476563, 0.09277347), (0.3476563, 0.09277347), (0.3476563, 0.09277347), (0.3476563, 0.09277347), (0.3476563, 0.09277347), (0.3476563, 0.09277347), (0.3476563, 0.09277347), (0.3476563, 0.09277347), (0.3476563, 0.09277347), (0.3476563, 0.09277347), (0.3476563, 0.09277347), (0.3476563, 0.09277347), (0.28222662, 0.09375003), (0.28222662, 0.09375003), (0.3476563, 0.09277347), (0.28222662, 0.09375003), (0.3476563, 0.09277347), (0.28222662, 0.09375003), (0.3476563, 0.09277347), (0.28222662, 0.09375003), (0.28222662, 0.09375003), (0.3476563, 0.09277347), (0.3476563, 0.09277347), (0.28222662, 0.09375003), (0.28222662, 0.09375003), (0.3476563, 0.09277347), (0.3476563, 0.09277347), (0.28222662, 0.09375003), (0.28222662, 0.09375003), (0.3476563, 0.09277347), (0.3476563, 0.09277347), (0.28222662, 0.09375003), (0.3476563, 0.09277347), (0.3476563, 0.09277347), (0.28222662, 0.09375003), (0.28222662, 0.09375003), (0.3476563, 0.09277347), (0.3476563, 0.09277347), (0.28222662, 0.09375003), (0.3476563, 0.09277347), (0.28222662, 0.09375003), (0.3476563, 0.09277347), (0.28222662, 0.09375003), (0.3476563, 0.09277347), (0.3476563, 0.09277347), (0.28222662, 0.09375003), (0.28222662, 0.09375003), (0.28222662, 0.09375003), (0.28222662, 0.09375003), (0.3476563, 0.09277347), (0.3476563, 0.09277347), (0.28222662, 0.09375003), (0.28222662, 0.09375003), (0.3476563, 0.09277347), (0.28222662, 0.09375003), (0.3476563, 0.09277347), (0.3476563, 0.09277347), (0.3476563, 0.09277347), (0.28222662, 0.09375003), (0.3476563, 0.09277347), (0.28222662, 0.09375003), (0.28222662, 0.09375003), (0.3476563, 0.09277347), (0.28222662, 0.09375003), (0.3476563, 0.09277347), (0.28222662, 0.09375003), (0.3476563, 0.09277347), (0.28222662, 0.09375003), (0.3476563, 0.09277347), (0.28222662, 0.09375003), (0.3476563, 0.09277347), (0.3476563, 0.09277347), (0.3476563, 0.09277347), (0.28222662, 0.09375003), (0.28222662, 0.09375003), (0.3476563, 0.09277347), (0.3476563, 0.09277347), (0.28222662, 0.09375003), (0.28222662, 0.09375003), (0.3476563, 0.09277347), (0.28222662, 0.09375003), (0.28222662, 0.09375003), (0.3476563, 0.09277347), (0.28222662, 0.09375003), (0.28222662, 0.09375003), (0.3476563, 0.09277347), (0.3476563, 0.09277347), (0.28222662, 0.09375003), (0.28222662, 0.09375003), (0.3476563, 0.09277347), (0.28222662, 0.09375003), (0.3476563, 0.09277347), (0.3476563, 0.09277347), (0.3476563, 0.09277347), (0.28222662, 0.09375003), (0.3476563, 0.09277347), (0.28222662, 0.09375003), (0.28222662, 0.09375003), (0.3476563, 0.09277347), (0.28222662, 0.09375003), (0.3476563, 0.09277347), (0.28222662, 0.09375003), (0.3476563, 0.09277347), (0.28222662, 0.09375003), (0.3476563, 0.09277347), (0.28222662, 0.09375003), (0.3476563, 0.09277347), (0.40625003, 0.09472659), (0.40625003, 0.09472659), (0.40625003, 0.09472659), (0.40625003, 0.09472659), (0.40625003, 0.09472659), (0.40625003, 0.09472659), (0.40625003, 0.09472659), (0.40625003, 0.09472659), (0.40625003, 0.09472659), (0.40625003, 0.09472659), (0.40625003, 0.09472659), (0.40625003, 0.09472659), (0.40625003, 0.09472659), (0.40625003, 0.09472659), (0.40625003, 0.09472659), (0.40625003, 0.09472659), (0.40625003, 0.09472659), (0.40625003, 0.09472659), (0.40625003, 0.09472659), (0.40625003, 0.09472659), (0.40625003, 0.09472659), (0.40625003, 0.09472659), (0.40625003, 0.09472659), (0.40625003, 0.09472659), (0.40625003, 0.09472659), (0.40625003, 0.09472659), (0.40625003, 0.09472659), (0.40625003, 0.09472659), (0.40625003, 0.09472659), (0.40625003, 0.09472659), (0.40625003, 0.09472659), (0.40625003, 0.09472659), (0.40625003, 0.09472659), (0.40625003, 0.09472659), (0.40625003, 0.09472659), (0.40625003, 0.09472659), (0.40625003, 0.09472659), (0.40625003, 0.09472659), (0.40625003, 0.09472659), (0.40625003, 0.09472659), (0.40625003, 0.09472659), (0.40625003, 0.09472659), (0.40625003, 0.09472659), (0.40625003, 0.09472659), (0.40625003, 0.09472659), (0.40625003, 0.09472659), (0.40625003, 0.09472659), (0.40625003, 0.09472659), (0.40625003, 0.09472659), (0.40625003, 0.09472659), (0.40625003, 0.09472659), (0.40625003, 0.09472659), (0.40625003, 0.09472659), (0.40625003, 0.09472659), (0.40625003, 0.09472659), (0.40625003, 0.09472659), (0.40625003, 0.09472659), (0.40625003, 0.09472659), (0.40625003, 0.09472659), (0.40625003, 0.09472659), (0.40625003, 0.09472659), (0.40625003, 0.09472659), (0.40625003, 0.09472659), (0.40625003, 0.09472659), (0.40625003, 0.09472659), (0.40625003, 0.09472659), (0.40625003, 0.09472659), (0.40625003, 0.09472659), (0.40625003, 0.09472659), (0.40625003, 0.09472659), (0.40625003, 0.09472659), (0.40625003, 0.09472659), (0.40625003, 0.09472659), (0.40625003, 0.09472659), (0.40625003, 0.09472659), (0.40625003, 0.09472659), (0.40625003, 0.09472659), (0.40625003, 0.09472659), (0.40625003, 0.09472659), (0.40625003, 0.09472659), (0.40625003, 0.09472659), (0.40625003, 0.09472659), (0.40625003, 0.09472659), (0.40625003, 0.09472659), (0.40625003, 0.09472659), (0.40625003, 0.09472659), (0.40625003, 0.09472659), (0.40625003, 0.09472659), (0.40625003, 0.09472659), (0.40625003, 0.09472659), (0.40625003, 0.09472659), (0.40625003, 0.09472659), (0.40625003, 0.09472659), (0.40625003, 0.09472659), (0.40625003, 0.09472659), (0.40625003, 0.09472659), (0.46679693, 0.09277347), (0.46679693, 0.09277347), (0.46679693, 0.09277347), (0.46679693, 0.09277347), (0.46679693, 0.09277347), (0.46679693, 0.09277347), (0.46679693, 0.09277347), (0.46679693, 0.09277347), (0.46679693, 0.09277347), (0.46679693, 0.09277347), (0.46679693, 0.09277347), (0.46679693, 0.09277347), (0.46679693, 0.09277347), (0.46679693, 0.09277347), (0.46679693, 0.09277347), (0.46679693, 0.09277347), (0.46679693, 0.09277347), (0.46679693, 0.09277347), (0.46679693, 0.09277347), (0.46679693, 0.09277347), (0.46679693, 0.09277347), (0.46679693, 0.09277347), (0.46679693, 0.09277347), (0.46679693, 0.09277347), (0.46679693, 0.09277347), (0.46679693, 0.09277347), (0.46679693, 0.09277347), (0.46679693, 0.09277347), (0.28222662, 0.09375003), (0.28222662, 0.09375003), (0.28222662, 0.09375003), (0.28222662, 0.09375003), (0.28222662, 0.09375003), (0.28222662, 0.09375003), (0.28222662, 0.09375003), (0.28222662, 0.09375003), (0.28222662, 0.09375003), (0.28222662, 0.09375003), (0.28222662, 0.09375003), (0.28222662, 0.09375003), (0.28222662, 0.09375003), (0.28222662, 0.09375003), (0.28222662, 0.09375003), (0.28222662, 0.09375003), (0.28222662, 0.09375003), (0.28222662, 0.09375003), (0.28222662, 0.09375003), (0.28222662, 0.09375003), (0.28222662, 0.09375003), (0.28222662, 0.09375003), (0.28222662, 0.09375003), (0.28222662, 0.09375003), (0.28222662, 0.09375003), (0.28222662, 0.09375003), (0.28222662, 0.09375003), (0.28222662, 0.09375003), (0.28222662, 0.09375003), (0.28222662, 0.09375003), (0.28222662, 0.09375003), (0.28222662, 0.09375003), (0.28222662, 0.09375003), (0.28222662, 0.09375003), (0.28222662, 0.09375003), (0.28222662, 0.09375003), (0.28222662, 0.09375003), (0.28222662, 0.09375003), (0.28222662, 0.09375003), (0.28222662, 0.09375003), (0.28222662, 0.09375003), (0.28222662, 0.09375003), (0.28222662, 0.09375003), (0.28222662, 0.09375003), (0.28222662, 0.09375003), (0.28222662, 0.09375003), (0.28222662, 0.09375003), (0.28222662, 0.09375003), (0.28222662, 0.09375003), (0.28222662, 0.09375003), (0.28222662, 0.09375003), (0.28222662, 0.09375003), (0.28222662, 0.09375003), (0.28222662, 0.09375003), (0.28222662, 0.09375003), (0.28222662, 0.09375003), (0.28222662, 0.09375003), (0.28222662, 0.09375003), (0.28222662, 0.09375003), (0.28222662, 0.09375003), (0.28222662, 0.09375003), (0.28222662, 0.09375003), (0.28222662, 0.09375003), (0.28222662, 0.09375003), (0.28222662, 0.09375003), (0.28222662, 0.09375003), (0.28222662, 0.09375003), (0.28222662, 0.09375003), (0.28222662, 0.09375003), (0.28222662, 0.09375003), (0.28222662, 0.09375003), (0.28222662, 0.09375003), (0.28222662, 0.09375003), (0.28222662, 0.09375003), (0.28222662, 0.09375003), (0.28222662, 0.09375003), (0.28222662, 0.09375003), (0.28222662, 0.09375003), (0.28222662, 0.09375003), (0.28222662, 0.09375003), (0.28222662, 0.09375003), (0.28222662, 0.09375003), (0.28222662, 0.09375003), (0.28222662, 0.09375003), (0.28222662, 0.09375003), (0.28222662, 0.09375003), (0.28222662, 0.09375003), (0.28222662, 0.09375003), (0.28222662, 0.09375003), (0.28222662, 0.09375003), (0.28222662, 0.09375003), (0.28222662, 0.09375003), (0.28222662, 0.09375003), (0.28222662, 0.09375003), (0.28222662, 0.09375003), (0.28222662, 0.09375003), (0.28222662, 0.09375003), (0.28222662, 0.09375003), (0.28222662, 0.09375003), (0.28222662, 0.09375003), (0.28222662, 0.09375003), (0.28222662, 0.09375003), (0.28222662, 0.09375003), (0.28222662, 0.09375003), (0.28222662, 0.09375003), (0.28222662, 0.09375003), (0.28222662, 0.09375003), (0.28222662, 0.09375003), (0.28222662, 0.09375003), (0.28222662, 0.09375003), (0.28222662, 0.09375003), (0.28222662, 0.09375003), (0.28222662, 0.09375003), (0.28222662, 0.09375003), (0.28222662, 0.09375003), (0.28222662, 0.09375003), (0.28222662, 0.09375003), (0.28222662, 0.09375003), (0.28222662, 0.09375003), (0.40625003, 0.09472659), (0.40625003, 0.09472659), (0.40625003, 0.09472659), (0.40625003, 0.09472659), (0.40625003, 0.09472659), (0.40625003, 0.09472659), (0.40625003, 0.09472659), (0.40625003, 0.09472659), (0.40625003, 0.09472659), (0.40625003, 0.09472659), (0.40625003, 0.09472659), (0.40625003, 0.09472659), (0.40625003, 0.09472659), (0.40625003, 0.09472659), (0.40625003, 0.09472659), (0.40625003, 0.09472659), (0.40625003, 0.09472659), (0.40625003, 0.09472659), (0.40625003, 0.09472659), (0.40625003, 0.09472659), (0.40625003, 0.09472659), (0.40625003, 0.09472659), (0.40625003, 0.09472659), (0.40625003, 0.09472659), (0.40625003, 0.09472659), (0.40625003, 0.09472659), (0.40625003, 0.09472659), (0.40625003, 0.09472659), (0.40625003, 0.09472659), (0.40625003, 0.09472659), (0.40625003, 0.09472659), (0.40625003, 0.09472659), (0.40625003, 0.09472659), (0.40625003, 0.09472659), (0.40625003, 0.09472659), (0.40625003, 0.09472659), (0.40625003, 0.09472659), (0.40625003, 0.09472659), (0.40625003, 0.09472659), (0.40625003, 0.09472659), (0.40625003, 0.09472659), (0.40625003, 0.09472659), (0.40625003, 0.09472659), (0.40625003, 0.09472659), (0.40625003, 0.09472659), (0.40625003, 0.09472659), (0.40625003, 0.09472659), (0.40625003, 0.09472659), (0.40625003, 0.09472659), (0.40625003, 0.09472659), (0.40625003, 0.09472659), (0.40625003, 0.09472659), (0.40625003, 0.09472659), (0.40625003, 0.09472659), (0.40625003, 0.09472659), (0.40625003, 0.09472659), (0.40625003, 0.09472659), (0.40625003, 0.09472659), (0.40625003, 0.09472659), (0.40625003, 0.09472659), (0.40625003, 0.09472659), (0.40625003, 0.09472659), (0.40625003, 0.09472659), (0.40625003, 0.09472659), (0.40625003, 0.09472659), (0.40625003, 0.09472659), (0.40625003, 0.09472659), (0.40625003, 0.09472659), (0.40625003, 0.09472659), (0.40625003, 0.09472659), (0.40625003, 0.09472659), (0.40625003, 0.09472659), (0.40625003, 0.09472659), (0.40625003, 0.09472659), (0.40625003, 0.09472659), (0.40625003, 0.09472659), (0.40625003, 0.09472659), (0.40625003, 0.09472659), (0.40625003, 0.09472659), (0.40625003, 0.09472659), (0.40625003, 0.09472659), (0.40625003, 0.09472659), (0.40625003, 0.09472659), (0.40625003, 0.09472659), (0.40625003, 0.09472659), (0.40625003, 0.09472659), (0.40625003, 0.09472659), (0.40625003, 0.09472659), (0.40625003, 0.09472659), (0.40625003, 0.09472659), (0.40625003, 0.09472659), (0.40625003, 0.09472659), (0.40625003, 0.09472659), (0.40625003, 0.09472659), (0.40625003, 0.09472659), (0.40625003, 0.09472659), (0.40625003, 0.09472659), (0.40625003, 0.09472659), (0.40625003, 0.09472659), (0.40625003, 0.09472659), (0.40625003, 0.09472659), (0.40625003, 0.09472659), (0.40625003, 0.09472659), (0.40625003, 0.09472659), (0.40625003, 0.09472659), (0.40625003, 0.09472659), (0.40625003, 0.09472659), (0.40625003, 0.09472659), (0.40625003, 0.09472659), (0.40625003, 0.09472659), (0.40625003, 0.09472659), (0.40625003, 0.09472659), (0.40625003, 0.09472659), (0.40625003, 0.09472659), (0.40625003, 0.09472659), (0.40625003, 0.09472659), (0.40625003, 0.09472659), (0.40625003, 0.09472659), (0.40625003, 0.09472659), (0.40625003, 0.09472659), (0.40625003, 0.09472659), (0.40625003, 0.09472659), (0.40625003, 0.09472659), (0.40625003, 0.09472659), (0.40625003, 0.09472659), (0.40625003, 0.09472659), (0.40625003, 0.09472659), (0.40625003, 0.09472659), (0.40625003, 0.09472659), (0.40625003, 0.09472659), (0.40625003, 0.09472659), (0.40625003, 0.09472659), (0.40625003, 0.09472659), (0.40625003, 0.09472659), (0.40625003, 0.09472659), (0.40625003, 0.09472659), (0.40625003, 0.09472659), (0.40625003, 0.09472659), (0.40625003, 0.09472659), (0.40625003, 0.09472659), (0.40625003, 0.09472659), (0.40625003, 0.09472659), (0.40625003, 0.09472659), (0.40625003, 0.09472659), (0.40625003, 0.09472659), (0.40625003, 0.09472659), (0.40625003, 0.09472659), (0.40625003, 0.09472659), (0.40625003, 0.09472659), (0.40625003, 0.09472659), (0.40625003, 0.09472659), (0.40625003, 0.09472659), (0.40625003, 0.09472659), (0.40625003, 0.09472659), (0.40625003, 0.09472659), (0.40625003, 0.09472659), (0.40625003, 0.09472659), (0.40625003, 0.09472659), (0.40625003, 0.09472659), (0.40625003, 0.09472659), (0.40625003, 0.09472659), (0.40625003, 0.09472659), (0.40625003, 0.09472659), (0.40625003, 0.09472659), (0.40625003, 0.09472659), (0.40625003, 0.09472659), (0.40625003, 0.09472659), (0.40625003, 0.09472659), (0.40625003, 0.09472659), (0.40625003, 0.09472659), (0.40625003, 0.09472659), (0.40625003, 0.09472659), (0.40625003, 0.09472659), (0.40625003, 0.09472659), (0.40625003, 0.09472659), (0.40625003, 0.09472659), (0.40625003, 0.09472659), (0.40625003, 0.09472659), (0.40625003, 0.09472659), (0.40625003, 0.09472659), (0.40625003, 0.09472659), (0.40625003, 0.09472659), (0.40625003, 0.09472659), (0.40625003, 0.09472659), (0.40625003, 0.09472659), (0.40625003, 0.09472659), (0.40625003, 0.09472659), (0.40625003, 0.09472659), (0.40625003, 0.09472659), (0.40625003, 0.09472659), (0.40625003, 0.09472659), (0.28222662, 0.09375003), (0.28222662, 0.09375003), (0.28222662, 0.09375003), (0.28222662, 0.09375003), (0.28222662, 0.09375003), (0.28222662, 0.09375003), (0.28222662, 0.09375003), (0.28222662, 0.09375003), (0.28222662, 0.09375003), (0.28222662, 0.09375003), (0.28222662, 0.09375003), (0.28222662, 0.09375003), (0.28222662, 0.09375003), (0.28222662, 0.09375003), (0.28222662, 0.09375003), (0.28222662, 0.09375003), (0.28222662, 0.09375003), (0.28222662, 0.09375003), (0.28222662, 0.09375003), (0.28222662, 0.09375003), (0.28222662, 0.09375003), (0.28222662, 0.09375003), (0.28222662, 0.09375003), (0.28222662, 0.09375003), (0.28222662, 0.09375003), (0.28222662, 0.09375003), (0.40625003, 0.09472659), (0.40625003, 0.09472659), (0.40625003, 0.09472659), (0.40625003, 0.09472659), (0.40625003, 0.09472659), (0.40625003, 0.09472659), (0.40625003, 0.09472659), (0.40625003, 0.09472659), (0.40625003, 0.09472659), (0.40625003, 0.09472659), (0.40625003, 0.09472659), (0.40625003, 0.09472659), (0.40625003, 0.09472659), (0.40625003, 0.09472659), (0.40625003, 0.09472659), (0.40625003, 0.09472659), (0.40625003, 0.09472659), (0.40625003, 0.09472659), (0.40625003, 0.09472659), (0.40625003, 0.09472659), (0.40625003, 0.09472659), (0.40625003, 0.09472659), (0.40625003, 0.09472659), (0.40625003, 0.09472659), (0.40625003, 0.09472659), (0.40625003, 0.09472659), (0.40625003, 0.09472659), (0.40625003, 0.09472659), (0.40625003, 0.09472659), (0.40625003, 0.09472659), (0.40625003, 0.09472659), (0.40625003, 0.09472659), (0.40625003, 0.09472659), (0.40625003, 0.09472659), (0.40625003, 0.09472659), (0.40625003, 0.09472659), (0.40625003, 0.09472659), (0.40625003, 0.09472659), (0.40625003, 0.09472659), (0.40625003, 0.09472659), (0.40625003, 0.09472659), (0.28222662, 0.09375003), (0.28222662, 0.09375003), (0.46679693, 0.09277347), (0.46679693, 0.09277347), (0.28222662, 0.09375003), (0.28222662, 0.09375003), (0.46679693, 0.09277347), (0.28222662, 0.09375003), (0.46679693, 0.09277347), (0.46679693, 0.09277347), (0.28222662, 0.09375003), (0.46679693, 0.09277347), (0.46679693, 0.09277347), (0.46679693, 0.09277347), (0.28222662, 0.09375003), (0.28222662, 0.09375003), (0.46679693, 0.09277347), (0.46679693, 0.09277347), (0.28222662, 0.09375003), (0.28222662, 0.09375003), (0.46679693, 0.09277347), (0.28222662, 0.09375003), (0.28222662, 0.09375003), (0.46679693, 0.09277347), (0.28222662, 0.09375003), (0.28222662, 0.09375003), (0.46679693, 0.09277347), (0.46679693, 0.09277347), (0.28222662, 0.09375003), (0.28222662, 0.09375003), (0.46679693, 0.09277347), (0.28222662, 0.09375003), (0.46679693, 0.09277347), (0.46679693, 0.09277347), (0.28222662, 0.09375003), (0.46679693, 0.09277347), (0.28222662, 0.09375003), (0.28222662, 0.09375003), (0.46679693, 0.09277347), (0.46679693, 0.09277347), (0.28222662, 0.09375003), (0.28222662, 0.09375003), (0.46679693, 0.09277347), (0.28222662, 0.09375003), (0.46679693, 0.09277347), (0.46679693, 0.09277347), (0.28222662, 0.09375003), (0.46679693, 0.09277347), (0.46679693, 0.09277347), (0.46679693, 0.09277347), (0.46679693, 0.09277347), (0.46679693, 0.09277347), (0.46679693, 0.09277347), (0.46679693, 0.09277347), (0.46679693, 0.09277347), (0.46679693, 0.09277347), (0.46679693, 0.09277347), (0.46679693, 0.09277347), (0.46679693, 0.09277347), (0.46679693, 0.09277347), (0.46679693, 0.09277347), (0.46679693, 0.09277347), (0.46679693, 0.09277347), (0.46679693, 0.09277347), (0.46679693, 0.09277347), (0.46679693, 0.09277347), (0.46679693, 0.09277347), (0.46679693, 0.09277347), (0.46679693, 0.09277347), (0.46679693, 0.09277347), (0.46679693, 0.09277347), (0.46679693, 0.09277347), (0.46679693, 0.09277347), (0.46679693, 0.09277347), (0.46679693, 0.09277347), (0.46679693, 0.09277347), (0.46679693, 0.09277347), (0.46679693, 0.09277347), (0.46679693, 0.09277347), (0.46679693, 0.09277347), (0.46679693, 0.09277347), (0.46679693, 0.09277347), (0.46679693, 0.09277347), (0.46679693, 0.09277347), (0.46679693, 0.09277347), (0.46679693, 0.09277347), (0.46679693, 0.09277347), (0.46679693, 0.09277347), (0.46679693, 0.09277347), (0.46679693, 0.09277347), (0.46679693, 0.09277347), (0.46679693, 0.09277347), (0.46679693, 0.09277347), (0.46679693, 0.09277347), (0.46679693, 0.09277347), (0.46679693, 0.09277347), (0.46679693, 0.09277347), (0.46679693, 0.09277347), (0.46679693, 0.09277347), (0.46679693, 0.09277347), (0.46679693, 0.09277347), (0.46679693, 0.09277347), (0.46679693, 0.09277347), (0.46679693, 0.09277347), (0.46679693, 0.09277347), (0.46679693, 0.09277347), (0.46679693, 0.09277347), (0.46679693, 0.09277347), (0.46679693, 0.09277347), (0.46679693, 0.09277347), (0.46679693, 0.09277347), (0.46679693, 0.09277347), (0.46679693, 0.09277347), (0.46679693, 0.09277347), (0.46679693, 0.09277347), (0.46679693, 0.09277347), (0.46679693, 0.09277347), (0.46679693, 0.09277347), (0.46679693, 0.09277347), (0.28222662, 0.09375003), (0.28222662, 0.09375003), (0.28222662, 0.09375003), (0.28222662, 0.09375003), (0.28222662, 0.09375003), (0.28222662, 0.09375003), (0.28222662, 0.09375003), (0.28222662, 0.09375003), (0.28222662, 0.09375003), (0.28222662, 0.09375003), (0.28222662, 0.09375003), (0.28222662, 0.09375003), (0.28222662, 0.09375003), (0.28222662, 0.09375003), (0.28222662, 0.09375003), (0.28222662, 0.09375003), (0.28222662, 0.09375003), (0.28222662, 0.09375003), (0.28222662, 0.09375003), (0.28222662, 0.09375003), (0.28222662, 0.09375003), (0.28222662, 0.09375003), (0.28222662, 0.09375003), (0.28222662, 0.09375003), (0.28222662, 0.09375003), (0.28222662, 0.09375003), (0.28222662, 0.09375003), (0.28222662, 0.09375003), (0.28222662, 0.09375003), (0.28222662, 0.09375003), (0.28222662, 0.09375003), (0.28222662, 0.09375003), (0.28222662, 0.09375003), (0.28222662, 0.09375003), (0.28222662, 0.09375003), (0.28222662, 0.09375003), (0.28222662, 0.09375003), (0.28222662, 0.09375003), (0.28222662, 0.09375003), (0.28222662, 0.09375003), (0.28222662, 0.09375003), (0.28222662, 0.09375003), (0.28222662, 0.09375003), (0.28222662, 0.09375003), (0.28222662, 0.09375003), (0.28222662, 0.09375003), (0.28222662, 0.09375003), (0.28222662, 0.09375003), (0.28222662, 0.09375003), (0.40625003, 0.09472659), (0.40625003, 0.09472659), (0.40625003, 0.09472659), (0.40625003, 0.09472659), (0.40625003, 0.09472659), (0.40625003, 0.09472659), (0.40625003, 0.09472659), (0.40625003, 0.09472659), (0.40625003, 0.09472659), (0.40625003, 0.09472659), (0.40625003, 0.09472659), (0.40625003, 0.09472659), (0.40625003, 0.09472659), (0.40625003, 0.09472659), (0.40625003, 0.09472659), (0.40625003, 0.09472659), (0.40625003, 0.09472659), (0.40625003, 0.09472659), (0.40625003, 0.09472659), (0.40625003, 0.09472659), (0.40625003, 0.09472659), (0.40625003, 0.09472659), (0.40625003, 0.09472659), (0.40625003, 0.09472659), (0.40625003, 0.09472659), (0.40625003, 0.09472659), (0.40625003, 0.09472659), (0.40625003, 0.09472659), (0.40625003, 0.09472659), (0.40625003, 0.09472659), (0.40625003, 0.09472659), (0.40625003, 0.09472659), (0.40625003, 0.09472659), (0.40625003, 0.09472659), (0.40625003, 0.09472659), (0.40625003, 0.09472659), (0.40625003, 0.09472659), (0.40625003, 0.09472659), (0.40625003, 0.09472659), (0.40625003, 0.09472659), (0.40625003, 0.09472659), (0.40625003, 0.09472659), (0.40625003, 0.09472659), (0.40625003, 0.09472659), (0.40625003, 0.09472659), (0.40625003, 0.09472659), (0.40625003, 0.09472659), (0.40625003, 0.09472659), (0.40625003, 0.09472659), (0.40625003, 0.09472659), (0.40625003, 0.09472659), (0.40625003, 0.09472659), (0.40625003, 0.09472659), (0.40625003, 0.09472659), (0.40625003, 0.09472659), (0.40625003, 0.09472659), (0.40625003, 0.09472659), (0.40625003, 0.09472659), (0.40625003, 0.09472659), (0.40625003, 0.09472659), (0.40625003, 0.09472659), (0.40625003, 0.09472659), (0.40625003, 0.09472659), (0.40625003, 0.09472659), (0.40625003, 0.09472659), (0.40625003, 0.09472659), (0.40625003, 0.09472659), (0.40625003, 0.09472659), (0.40625003, 0.09472659), (0.40625003, 0.09472659), (0.40625003, 0.09472659), (0.40625003, 0.09472659), (0.40625003, 0.09472659), (0.40625003, 0.09472659), (0.40625003, 0.09472659), (0.40625003, 0.09472659), (0.40625003, 0.09472659), (0.40625003, 0.09472659), (0.40625003, 0.09472659), (0.40625003, 0.09472659), (0.40625003, 0.09472659), (0.40625003, 0.09472659), (0.40625003, 0.09472659), (0.40625003, 0.09472659), (0.40625003, 0.09472659), (0.40625003, 0.09472659), (0.40625003, 0.09472659), (0.40625003, 0.09472659), (0.40625003, 0.09472659), (0.40625003, 0.09472659), (0.40625003, 0.09472659), (0.40625003, 0.09472659), (0.40625003, 0.09472659), (0.40625003, 0.09472659), (0.40625003, 0.09472659), (0.40625003, 0.09472659), (0.40625003, 0.09472659), (0.40625003, 0.09472659), (0.40625003, 0.09472659), (0.40625003, 0.09472659), (0.40625003, 0.09472659), (0.40625003, 0.09472659), (0.40625003, 0.09472659), (0.40625003, 0.09472659), (0.40625003, 0.09472659), (0.40625003, 0.09472659), (0.40625003, 0.09472659), (0.40625003, 0.09472659), (0.40625003, 0.09472659), (0.40625003, 0.09472659), (0.40625003, 0.09472659), (0.40625003, 0.09472659), (0.40625003, 0.09472659), (0.40625003, 0.09472659), (0.40625003, 0.09472659), (0.40625003, 0.09472659), (0.40625003, 0.09472659), (0.40625003, 0.09472659), (0.40625003, 0.09472659), (0.40625003, 0.09472659), (0.40625003, 0.09472659), (0.40625003, 0.09472659), (0.40625003, 0.09472659), (0.40625003, 0.09472659), (0.40625003, 0.09472659), (0.40625003, 0.09472659), (0.40625003, 0.09472659), (0.40625003, 0.09472659), (0.40625003, 0.09472659), (0.40625003, 0.09472659), (0.40625003, 0.09472659), (0.40625003, 0.09472659), (0.40625003, 0.09472659), (0.40625003, 0.09472659), (0.40625003, 0.09472659), (0.40625003, 0.09472659), (0.40625003, 0.09472659), (0.40625003, 0.09472659), (0.40625003, 0.09472659), (0.40625003, 0.09472659), (0.40625003, 0.09472659), (0.40625003, 0.09472659), (0.40625003, 0.09472659), (0.40625003, 0.09472659), (0.40625003, 0.09472659), (0.40625003, 0.09472659), (0.40625003, 0.09472659), (0.40625003, 0.09472659), (0.40625003, 0.09472659), (0.40625003, 0.09472659), (0.40625003, 0.09472659), (0.40625003, 0.09472659), (0.40625003, 0.09472659), (0.40625003, 0.09472659), (0.40625003, 0.09472659), (0.40625003, 0.09472659), (0.40625003, 0.09472659), (0.40625003, 0.09472659), (0.40625003, 0.09472659), (0.40625003, 0.09472659), (0.40625003, 0.09472659), (0.40625003, 0.09472659), (0.40625003, 0.09472659), (0.40625003, 0.09472659), (0.40625003, 0.09472659), (0.40625003, 0.09472659), (0.40625003, 0.09472659), (0.40625003, 0.09472659), (0.40625003, 0.09472659), (0.40625003, 0.09472659), (0.40625003, 0.09472659), (0.40625003, 0.09472659), (0.40625003, 0.09472659), (0.40625003, 0.09472659), (0.40625003, 0.09472659), (0.40625003, 0.09472659), (0.40625003, 0.09472659), (0.40625003, 0.09472659), (0.40625003, 0.09472659), (0.40625003, 0.09472659), (0.40625003, 0.09472659), (0.40625003, 0.09472659), (0.40625003, 0.09472659), (0.40625003, 0.09472659), (0.40625003, 0.09472659), (0.40625003, 0.09472659), (0.40625003, 0.09472659), (0.40625003, 0.09472659), (0.40625003, 0.09472659), (0.40625003, 0.09472659), (0.40625003, 0.09472659), (0.40625003, 0.09472659), (0.40625003, 0.09472659), (0.28222662, 0.09375003), (0.28222662, 0.09375003), (0.28222662, 0.09375003), (0.28222662, 0.09375003), (0.28222662, 0.09375003), (0.28222662, 0.09375003), (0.28222662, 0.09375003), (0.28222662, 0.09375003), (0.28222662, 0.09375003), (0.28222662, 0.09375003), (0.40625003, 0.09472659), (0.40625003, 0.09472659), (0.40625003, 0.09472659), (0.40625003, 0.09472659), (0.40625003, 0.09472659), (0.40625003, 0.09472659), (0.40625003, 0.09472659), (0.40625003, 0.09472659), (0.40625003, 0.09472659), (0.40625003, 0.09472659), (0.40625003, 0.09472659), (0.40625003, 0.09472659), (0.40625003, 0.09472659), (0.40625003, 0.09472659), (0.40625003, 0.09472659), (0.28222662, 0.09375003), (0.28222662, 0.09375003), (0.46679693, 0.09277347), (0.46679693, 0.09277347), (0.28222662, 0.09375003), (0.28222662, 0.09375003), (0.46679693, 0.09277347), (0.28222662, 0.09375003), (0.46679693, 0.09277347), (0.46679693, 0.09277347), (0.28222662, 0.09375003), (0.46679693, 0.09277347), (0.46679693, 0.09277347), (0.46679693, 0.09277347), (0.28222662, 0.09375003), (0.28222662, 0.09375003), (0.46679693, 0.09277347), (0.46679693, 0.09277347), (0.28222662, 0.09375003), (0.28222662, 0.09375003), (0.46679693, 0.09277347), (0.28222662, 0.09375003), (0.28222662, 0.09375003), (0.46679693, 0.09277347), (0.28222662, 0.09375003), (0.28222662, 0.09375003), (0.46679693, 0.09277347), (0.46679693, 0.09277347), (0.28222662, 0.09375003), (0.28222662, 0.09375003), (0.46679693, 0.09277347), (0.28222662, 0.09375003), (0.46679693, 0.09277347), (0.46679693, 0.09277347), (0.28222662, 0.09375003), (0.46679693, 0.09277347), (0.28222662, 0.09375003), (0.28222662, 0.09375003), (0.46679693, 0.09277347), (0.46679693, 0.09277347), (0.28222662, 0.09375003), (0.28222662, 0.09375003), (0.46679693, 0.09277347), (0.28222662, 0.09375003), (0.46679693, 0.09277347), (0.46679693, 0.09277347), (0.28222662, 0.09375003), (0.46679693, 0.09277347), (0.46679693, 0.09277347), (0.46679693, 0.09277347), (0.46679693, 0.09277347), (0.46679693, 0.09277347), (0.46679693, 0.09277347), (0.46679693, 0.09277347), (0.46679693, 0.09277347), (0.46679693, 0.09277347), (0.46679693, 0.09277347), (0.46679693, 0.09277347), (0.46679693, 0.09277347), (0.46679693, 0.09277347), (0.46679693, 0.09277347)] (
                    interpolation = "faceVarying"
                )
                int[] primvars:st:indices = [148, 125, 36, 2, 163, 127, 49, 44, 150, 173, 22, 14, 1, 7, 174, 149, 172, 160, 43, 23, 16, 50, 126, 151, 184, 136, 92, 58, 199, 138, 105, 100, 186, 112, 78, 70, 57, 63, 113, 185, 115, 196, 99, 79, 72, 106, 137, 187, 21, 42, 51, 15, 9, 29, 161, 175, 56, 91, 86, 64, 93, 139, 198, 84, 37, 124, 162, 28, 77, 98, 107, 71, 65, 85, 197, 114, 0, 3, 4, 6, 1, 5, 4, 3, 2, 6, 4, 5, 7, 10, 11, 13, 8, 12, 11, 10, 9, 13, 11, 12, 14, 17, 18, 20, 15, 19, 18, 17, 16, 20, 18, 19, 21, 24, 25, 27, 22, 26, 25, 24, 23, 27, 25, 26, 28, 31, 32, 34, 29, 33, 32, 31, 30, 34, 32, 33, 35, 38, 39, 41, 36, 40, 39, 38, 37, 41, 39, 40, 42, 45, 46, 48, 43, 47, 46, 45, 44, 48, 46, 47, 49, 52, 53, 55, 50, 54, 53, 52, 51, 55, 53, 54, 56, 59, 60, 62, 57, 61, 60, 59, 58, 62, 60, 61, 63, 66, 67, 69, 64, 68, 67, 66, 65, 69, 67, 68, 70, 73, 74, 76, 71, 75, 74, 73, 72, 76, 74, 75, 77, 80, 81, 83, 78, 82, 81, 80, 79, 83, 81, 82, 84, 87, 88, 90, 85, 89, 88, 87, 86, 90, 88, 89, 91, 94, 95, 97, 92, 96, 95, 94, 93, 97, 95, 96, 98, 101, 102, 104, 99, 103, 102, 101, 100, 104, 102, 103, 105, 108, 109, 111, 106, 110, 109, 108, 107, 111, 109, 110, 112, 117, 119, 123, 113, 120, 118, 116, 114, 121, 118, 120, 115, 123, 119, 122, 124, 128, 129, 135, 125, 132, 129, 128, 126, 133, 130, 131, 127, 134, 130, 133, 136, 141, 143, 147, 137, 144, 142, 140, 138, 145, 142, 144, 139, 147, 143, 146, 148, 152, 153, 159, 149, 155, 153, 152, 150, 157, 154, 156, 151, 158, 154, 157, 160, 165, 167, 171, 161, 168, 166, 164, 162, 170, 166, 168, 163, 171, 167, 169, 172, 176, 177, 183, 173, 180, 177, 176, 174, 181, 178, 179, 175, 182, 178, 181, 184, 188, 189, 195, 185, 191, 189, 188, 186, 193, 190, 192, 187, 194, 190, 193, 196, 201, 203, 207, 197, 204, 202, 200, 198, 206, 202, 204, 199, 207, 203, 205, 7, 1, 3, 10, 10, 3, 0, 8, 21, 15, 17, 24, 24, 17, 14, 22, 172, 23, 26, 176, 176, 26, 22, 173, 148, 2, 5, 152, 152, 5, 1, 149, 30, 35, 41, 34, 34, 41, 37, 28, 44, 49, 55, 48, 48, 55, 51, 42, 163, 44, 47, 171, 171, 47, 43, 160, 124, 37, 40, 128, 128, 40, 36, 125, 23, 43, 45, 27, 27, 45, 42, 21, 29, 9, 12, 33, 33, 12, 8, 30, 35, 0, 6, 38, 38, 6, 2, 36, 50, 16, 19, 54, 54, 19, 15, 51, 63, 57, 59, 66, 66, 59, 56, 64, 77, 71, 73, 80, 80, 73, 70, 78, 115, 79, 82, 123, 123, 82, 78, 112, 184, 58, 61, 188, 188, 61, 57, 185, 86, 91, 97, 90, 90, 97, 93, 84, 100, 105, 111, 104, 104, 111, 107, 98, 199, 100, 103, 207, 207, 103, 99, 196, 139, 93, 96, 147, 147, 96, 92, 136, 79, 99, 101, 83, 83, 101, 98, 77, 85, 65, 68, 89, 89, 68, 64, 86, 91, 56, 62, 94, 94, 62, 58, 92, 106, 72, 75, 110, 110, 75, 71, 107, 65, 114, 120, 69, 69, 120, 113, 63, 49, 127, 133, 52, 52, 133, 126, 50, 105, 138, 144, 108, 108, 144, 137, 106, 16, 151, 157, 20, 20, 157, 150, 14, 28, 162, 168, 31, 31, 168, 161, 29, 9, 175, 181, 13, 13, 181, 174, 7, 72, 187, 193, 76, 76, 193, 186, 70, 84, 198, 204, 87, 87, 204, 197, 85, 149, 174, 179, 155, 156, 180, 173, 150, 138, 199, 205, 145, 146, 206, 198, 139, 151, 126, 131, 158, 159, 132, 125, 148, 127, 163, 169, 134, 135, 170, 162, 124, 114, 197, 200, 121, 122, 201, 196, 115, 175, 161, 164, 182, 183, 165, 160, 172, 185, 113, 116, 191, 192, 117, 112, 186, 187, 137, 140, 194, 195, 141, 136, 184, 0, 35, 30, 8, 356, 210, 244, 333, 371, 252, 257, 335, 358, 222, 230, 381, 209, 357, 382, 215, 380, 231, 251, 368, 224, 359, 334, 258, 392, 266, 300, 344, 407, 308, 313, 346, 394, 278, 286, 320, 265, 393, 321, 271, 323, 287, 307, 404, 280, 395, 345, 314, 229, 223, 259, 250, 217, 383, 369, 237, 264, 272, 294, 299, 301, 292, 406, 347, 245, 236, 370, 332, 285, 279, 315, 306, 273, 322, 405, 293, 208, 214, 212, 211, 209, 211, 212, 213, 210, 213, 212, 214, 215, 221, 219, 218, 216, 218, 219, 220, 217, 220, 219, 221, 222, 228, 226, 225, 223, 225, 226, 227, 224, 227, 226, 228, 229, 235, 233, 232, 230, 232, 233, 234, 231, 234, 233, 235, 236, 242, 240, 239, 237, 239, 240, 241, 238, 241, 240, 242, 243, 249, 247, 246, 244, 246, 247, 248, 245, 248, 247, 249, 250, 256, 254, 253, 251, 253, 254, 255, 252, 255, 254, 256, 257, 263, 261, 260, 258, 260, 261, 262, 259, 262, 261, 263, 264, 270, 268, 267, 265, 267, 268, 269, 266, 269, 268, 270, 271, 277, 275, 274, 272, 274, 275, 276, 273, 276, 275, 277, 278, 284, 282, 281, 279, 281, 282, 283, 280, 283, 282, 284, 285, 291, 289, 288, 286, 288, 289, 290, 287, 290, 289, 291, 292, 298, 296, 295, 293, 295, 296, 297, 294, 297, 296, 298, 299, 305, 303, 302, 300, 302, 303, 304, 301, 304, 303, 305, 306, 312, 310, 309, 307, 309, 310, 311, 308, 311, 310, 312, 313, 319, 317, 316, 314, 316, 317, 318, 315, 318, 317, 319, 320, 331, 327, 325, 321, 324, 326, 328, 322, 328, 326, 329, 323, 330, 327, 331, 332, 343, 337, 336, 333, 336, 337, 340, 334, 339, 338, 341, 335, 341, 338, 342, 344, 355, 351, 349, 345, 348, 350, 352, 346, 352, 350, 353, 347, 354, 351, 355, 356, 367, 361, 360, 357, 360, 361, 363, 358, 364, 362, 365, 359, 365, 362, 366, 368, 379, 375, 373, 369, 372, 374, 376, 370, 376, 374, 378, 371, 377, 375, 379, 380, 391, 385, 384, 381, 384, 385, 388, 382, 387, 386, 389, 383, 389, 386, 390, 392, 403, 397, 396, 393, 396, 397, 399, 394, 400, 398, 401, 395, 401, 398, 402, 404, 415, 411, 409, 405, 408, 410, 412, 406, 412, 410, 414, 407, 413, 411, 415, 215, 218, 211, 209, 218, 216, 208, 211, 229, 232, 225, 223, 232, 230, 222, 225, 380, 384, 234, 231, 384, 381, 230, 234, 356, 360, 213, 210, 360, 357, 209, 213, 238, 242, 249, 243, 242, 236, 245, 249, 252, 256, 263, 257, 256, 250, 259, 263, 371, 379, 255, 252, 379, 368, 251, 255, 332, 336, 248, 245, 336, 333, 244, 248, 231, 235, 253, 251, 235, 229, 250, 253, 237, 241, 220, 217, 241, 238, 216, 220, 243, 246, 214, 208, 246, 244, 210, 214, 258, 262, 227, 224, 262, 259, 223, 227, 271, 274, 267, 265, 274, 272, 264, 267, 285, 288, 281, 279, 288, 286, 278, 281, 323, 331, 290, 287, 331, 320, 286, 290, 392, 396, 269, 266, 396, 393, 265, 269, 294, 298, 305, 299, 298, 292, 301, 305, 308, 312, 319, 313, 312, 306, 315, 319, 407, 415, 311, 308, 415, 404, 307, 311, 347, 355, 304, 301, 355, 344, 300, 304, 287, 291, 309, 307, 291, 285, 306, 309, 293, 297, 276, 273, 297, 294, 272, 276, 299, 302, 270, 264, 302, 300, 266, 270, 314, 318, 283, 280, 318, 315, 279, 283, 273, 277, 328, 322, 277, 271, 321, 328, 257, 260, 341, 335, 260, 258, 334, 341, 313, 316, 352, 346, 316, 314, 345, 352, 224, 228, 365, 359, 228, 222, 358, 365, 236, 239, 376, 370, 239, 237, 369, 376, 217, 221, 389, 383, 221, 215, 382, 389, 280, 284, 401, 395, 284, 278, 394, 401, 292, 295, 412, 406, 295, 293, 405, 412, 357, 363, 387, 382, 364, 358, 381, 388, 346, 353, 413, 407, 354, 347, 406, 414, 359, 366, 339, 334, 367, 356, 333, 340, 335, 342, 377, 371, 343, 332, 370, 378, 322, 329, 408, 405, 330, 323, 404, 409, 383, 390, 372, 369, 391, 380, 368, 373, 393, 399, 324, 321, 400, 394, 320, 325, 395, 402, 348, 345, 403, 392, 344, 349, 208, 216, 238, 243, 442, 417, 466, 489, 452, 440, 488, 500, 418, 441, 454, 429, 430, 453, 502, 477, 465, 478, 501, 490, 416, 419, 421, 420, 419, 423, 424, 421, 417, 422, 424, 423, 422, 426, 427, 424, 418, 425, 427, 426, 425, 420, 421, 427, 421, 424, 427, 428, 431, 433, 432, 431, 435, 436, 433, 429, 434, 436, 435, 434, 438, 439, 436, 430, 437, 439, 438, 437, 432, 433, 439, 433, 436, 439, 440, 443, 445, 444, 443, 447, 448, 445, 441, 446, 448, 447, 446, 450, 451, 448, 442, 449, 451, 450, 449, 444, 445, 451, 445, 448, 451, 452, 455, 457, 456, 455, 459, 460, 457, 453, 458, 460, 459, 458, 462, 463, 460, 454, 461, 463, 462, 461, 456, 457, 463, 457, 460, 463, 464, 467, 469, 468, 467, 471, 472, 469, 465, 470, 472, 471, 470, 474, 475, 472, 466, 473, 475, 474, 473, 468, 469, 475, 469, 472, 475, 476, 479, 481, 480, 479, 483, 484, 481, 477, 482, 484, 483, 482, 486, 487, 484, 478, 485, 487, 486, 485, 480, 481, 487, 481, 484, 487, 488, 491, 493, 492, 491, 495, 496, 493, 489, 494, 496, 495, 494, 498, 499, 496, 490, 497, 499, 498, 497, 492, 493, 499, 493, 496, 499, 500, 503, 505, 504, 503, 507, 508, 505, 501, 506, 508, 507, 506, 510, 511, 508, 502, 509, 511, 510, 509, 504, 505, 511, 505, 508, 511, 418, 429, 435, 425, 425, 435, 431, 420, 420, 431, 428, 416, 440, 452, 456, 443, 443, 456, 461, 447, 447, 461, 454, 441, 453, 430, 438, 458, 458, 438, 434, 462, 462, 434, 429, 454, 417, 442, 450, 422, 422, 450, 446, 426, 426, 446, 441, 418, 464, 476, 480, 467, 467, 480, 485, 471, 471, 485, 478, 465, 490, 501, 507, 497, 497, 507, 503, 492, 492, 503, 500, 488, 501, 478, 486, 506, 506, 486, 482, 510, 510, 482, 477, 502, 465, 490, 498, 470, 470, 498, 494, 474, 474, 494, 489, 466, 452, 500, 504, 455, 455, 504, 509, 459, 459, 509, 502, 453, 476, 428, 432, 479, 479, 432, 437, 483, 483, 437, 430, 477, 466, 417, 423, 473, 473, 423, 419, 468, 468, 419, 416, 464, 488, 440, 444, 491, 491, 444, 449, 495, 495, 449, 442, 489, 416, 428, 476, 464, 513, 919, 944, 528, 954, 556, 541, 931, 542, 555, 563, 548, 942, 561, 554, 953, 574, 568, 595, 588, 918, 549, 562, 941, 570, 1067, 610, 596, 616, 857, 852, 621, 582, 579, 602, 1072, 589, 597, 609, 604, 1068, 575, 590, 603, 1282, 632, 651, 1285, 666, 687, 694, 659, 1077, 859, 869, 1082, 1079, 637, 862, 867, 1074, 851, 863, 639, 614, 622, 638, 644, 660, 696, 709, 675, 1141, 728, 1155, 716, 667, 661, 674, 682, 681, 703, 688, 668, 689, 702, 710, 695, 673, 708, 701, 680, 1147, 720, 736, 1166, 749, 755, 1184, 760, 1174, 1168, 783, 1202, 719, 715, 1164, 737, 723, 1148, 753, 748, 1191, 765, 790, 1206, 1175, 1154, 750, 759, 1157, 1162, 766, 1192, 1149, 1167, 764, 754, 717, 1153, 1176, 731, 767, 1200, 796, 791, 744, 1158, 1193, 784, 745, 740, 1189, 1183, 1163, 1173, 776, 1195, 801, 1219, 813, 1237, 804, 809, 837, 1268, 781, 771, 1207, 800, 777, 782, 1226, 806, 1224, 826, 1272, 838, 797, 1201, 805, 814, 1208, 792, 798, 1214, 1198, 802, 1238, 1225, 1269, 839, 1273, 1275, 817, 1242, 1261, 830, 1253, 1232, 833, 843, 1247, 821, 1274, 1271, 1288, 890, 887, 877, 1243, 1231, 822, 1263, 810, 818, 1257, 1249, 1254, 1248, 831, 1262, 1278, 627, 1075, 850, 1076, 628, 655, 649, 868, 1284, 650, 1081, 858, 615, 645, 870, 1064, 580, 583, 569, 965, 971, 991, 987, 880, 876, 895, 901, 885, 889, 912, 906, 881, 903, 1300, 891, 902, 897, 907, 913, 886, 908, 896, 1290, 526, 943, 956, 533, 932, 540, 547, 917, 534, 955, 930, 521, 520, 514, 527, 535, 977, 966, 988, 1363, 1357, 993, 1361, 999, 1354, 976, 998, 1004, 967, 1355, 982, 972, 973, 981, 1360, 992, 512, 515, 516, 518, 513, 517, 516, 515, 514, 518, 516, 517, 519, 522, 523, 525, 520, 524, 523, 522, 521, 525, 523, 524, 526, 529, 530, 532, 527, 531, 530, 529, 528, 532, 530, 531, 533, 536, 537, 539, 534, 538, 537, 536, 535, 539, 537, 538, 540, 543, 544, 546, 541, 545, 544, 543, 542, 546, 544, 545, 547, 550, 551, 553, 548, 552, 551, 550, 549, 553, 551, 552, 554, 557, 558, 560, 555, 559, 558, 557, 556, 560, 558, 559, 561, 564, 565, 567, 562, 566, 565, 564, 563, 567, 565, 566, 568, 571, 572, 1066, 569, 573, 572, 571, 570, 1066, 572, 573, 574, 576, 577, 1065, 575, 578, 577, 576, 1064, 1065, 577, 578, 579, 1071, 1069, 581, 580, 1070, 1069, 1071, 1068, 581, 1069, 1070, 582, 584, 585, 587, 1067, 586, 585, 584, 583, 587, 585, 586, 588, 591, 592, 594, 589, 593, 592, 591, 590, 594, 592, 593, 595, 598, 599, 601, 596, 600, 599, 598, 597, 601, 599, 600, 602, 605, 606, 608, 603, 607, 606, 605, 604, 608, 606, 607, 1072, 611, 1073, 613, 609, 612, 1073, 611, 610, 613, 1073, 612, 614, 617, 618, 620, 615, 619, 618, 617, 616, 620, 618, 619, 621, 623, 624, 626, 1074, 625, 624, 623, 622, 626, 624, 625, 627, 629, 630, 1078, 1077, 631, 630, 629, 628, 1078, 630, 631, 1076, 633, 634, 636, 632, 635, 634, 633, 1075, 636, 634, 635, 637, 640, 641, 643, 638, 642, 641, 640, 639, 643, 641, 642, 644, 646, 647, 648, 1079, 1080, 647, 646, 645, 648, 647, 1080, 649, 652, 1084, 654, 650, 653, 1084, 652, 651, 654, 1084, 653, 1081, 656, 1083, 658, 655, 657, 1083, 656, 1082, 658, 1083, 657, 659, 662, 663, 665, 660, 664, 663, 662, 661, 665, 663, 664, 666, 669, 670, 672, 667, 671, 670, 669, 668, 672, 670, 671, 673, 676, 677, 679, 674, 678, 677, 676, 675, 679, 677, 678, 680, 683, 684, 686, 681, 685, 684, 683, 682, 686, 684, 685, 687, 690, 691, 693, 688, 692, 691, 690, 689, 693, 691, 692, 694, 697, 698, 700, 695, 699, 698, 697, 696, 700, 698, 699, 701, 704, 705, 707, 702, 706, 705, 704, 703, 707, 705, 706, 708, 711, 712, 714, 709, 713, 712, 711, 710, 714, 712, 713, 715, 718, 1145, 1144, 716, 1146, 1145, 718, 717, 1144, 1145, 1146, 719, 1143, 721, 722, 720, 1142, 721, 1143, 1141, 722, 721, 1142, 1153, 724, 725, 1156, 1155, 726, 725, 724, 723, 727, 725, 726, 1154, 1156, 725, 727, 1147, 1152, 1150, 730, 1148, 729, 1150, 1151, 728, 730, 1150, 729, 1162, 732, 733, 735, 1164, 1165, 733, 732, 731, 734, 733, 1165, 1163, 735, 733, 734, 1157, 1161, 738, 739, 1158, 1160, 738, 1161, 736, 1159, 738, 1160, 737, 739, 738, 1159, 1173, 1179, 741, 1177, 1176, 742, 741, 1179, 1175, 743, 741, 742, 740, 1178, 741, 743, 1174, 1177, 741, 1178, 744, 1172, 1170, 1169, 1168, 746, 1170, 1172, 745, 747, 1170, 746, 1167, 1171, 1170, 747, 748, 1182, 1181, 752, 749, 751, 1181, 1182, 750, 752, 1181, 751, 753, 756, 757, 1180, 754, 758, 757, 756, 755, 1180, 757, 758, 1189, 761, 762, 1190, 759, 763, 762, 761, 760, 1190, 762, 763, 764, 1185, 1186, 1187, 765, 1197, 768, 770, 766, 769, 768, 1197, 1195, 1196, 768, 769, 767, 770, 768, 1196, 1191, 772, 773, 775, 771, 1194, 773, 772, 1193, 774, 773, 1194, 1192, 775, 773, 774, 776, 778, 1204, 1205, 1202, 779, 1204, 778, 777, 780, 1204, 779, 1201, 1203, 1204, 780, 781, 1199, 785, 789, 1198, 786, 785, 1199, 782, 787, 785, 786, 783, 788, 785, 787, 784, 789, 785, 788, 790, 793, 1212, 1211, 791, 1213, 1212, 793, 792, 1211, 1212, 1213, 1206, 1210, 794, 1209, 1208, 795, 794, 1210, 1207, 1209, 794, 795, 796, 1223, 1221, 1220, 797, 799, 1221, 1223, 1219, 1222, 1221, 799, 798, 1220, 1221, 1222, 800, 1218, 1215, 803, 801, 1216, 1215, 1217, 802, 803, 1215, 1216, 804, 1236, 1233, 808, 1231, 807, 1233, 1235, 805, 1234, 1233, 807, 806, 808, 1233, 1234, 809, 811, 1228, 1227, 1226, 1230, 1228, 811, 1225, 812, 1228, 1230, 810, 1229, 1228, 812, 1242, 1246, 815, 816, 813, 1245, 815, 1246, 814, 1244, 815, 1245, 1243, 816, 815, 1244, 817, 819, 1239, 820, 818, 1241, 1239, 819, 1237, 820, 1239, 1240, 821, 823, 1255, 825, 1254, 1256, 1255, 823, 822, 824, 1255, 1256, 1253, 825, 1255, 824, 1247, 1252, 1250, 828, 826, 827, 1250, 1252, 1249, 1251, 1250, 827, 1248, 828, 1250, 1251, 1263, 829, 1265, 1266, 1262, 1264, 1265, 829, 830, 1260, 832, 1258, 831, 1259, 832, 1260, 1257, 1258, 832, 1259, 1268, 1270, 834, 836, 1269, 835, 834, 1270, 833, 836, 834, 835, 837, 840, 841, 1267, 838, 842, 841, 840, 839, 1267, 841, 842, 1274, 1277, 844, 845, 843, 1276, 844, 1277, 1275, 845, 844, 1276, 1271, 846, 847, 849, 1273, 848, 847, 846, 1272, 849, 847, 848, 850, 1283, 853, 856, 1282, 854, 853, 1283, 851, 855, 853, 854, 852, 856, 853, 855, 857, 860, 1279, 1281, 858, 1280, 1279, 860, 859, 861, 1279, 1280, 1278, 1281, 1279, 861, 1284, 1286, 864, 866, 862, 865, 864, 1286, 863, 1287, 864, 865, 1285, 866, 864, 1287, 867, 871, 872, 875, 868, 873, 872, 871, 869, 874, 872, 873, 870, 875, 872, 874, 876, 1292, 878, 1291, 877, 879, 878, 1292, 1290, 1291, 878, 879, 880, 882, 883, 884, 881, 1289, 883, 882, 1288, 884, 883, 1289, 885, 1296, 888, 1294, 886, 1295, 888, 1296, 887, 1294, 888, 1295, 889, 1293, 892, 894, 890, 893, 892, 1293, 891, 894, 892, 893, 895, 1299, 898, 900, 896, 899, 898, 1299, 897, 900, 898, 899, 901, 1298, 1297, 905, 902, 904, 1297, 1298, 903, 905, 1297, 904, 906, 909, 1302, 911, 907, 910, 1302, 909, 908, 911, 1302, 910, 912, 914, 1301, 916, 1300, 915, 1301, 914, 913, 916, 1301, 915, 917, 921, 922, 927, 918, 924, 922, 921, 919, 926, 923, 925, 920, 928, 923, 926, 929, 933, 934, 940, 930, 937, 934, 933, 931, 938, 935, 936, 932, 939, 935, 938, 941, 945, 946, 951, 942, 948, 946, 945, 943, 950, 947, 949, 944, 952, 947, 950, 953, 957, 958, 963, 954, 960, 958, 957, 955, 962, 959, 961, 956, 964, 959, 962, 965, 968, 1353, 970, 966, 969, 1353, 968, 967, 970, 1353, 969, 971, 974, 1352, 1351, 972, 975, 1352, 974, 973, 1351, 1352, 975, 976, 1356, 978, 980, 1355, 979, 978, 1356, 977, 980, 978, 979, 1354, 983, 984, 986, 981, 985, 984, 983, 982, 986, 984, 985, 987, 989, 1359, 1358, 1357, 990, 1359, 989, 988, 1358, 1359, 990, 991, 994, 995, 997, 992, 996, 995, 994, 993, 997, 995, 996, 998, 1000, 1001, 1003, 1363, 1002, 1001, 1000, 999, 1003, 1001, 1002, 1004, 1362, 1005, 1007, 1361, 1006, 1005, 1362, 1360, 1007, 1005, 1006, 519, 512, 518, 522, 522, 518, 514, 520, 535, 527, 529, 539, 539, 529, 526, 533, 520, 535, 538, 524, 524, 538, 534, 521, 527, 514, 517, 531, 531, 517, 513, 528, 542, 548, 550, 546, 546, 550, 547, 540, 554, 561, 567, 557, 557, 567, 563, 555, 541, 556, 559, 545, 545, 559, 555, 542, 562, 549, 552, 566, 566, 552, 548, 563, 917, 547, 553, 921, 921, 553, 549, 918, 929, 519, 525, 933, 933, 525, 521, 930, 941, 562, 564, 945, 945, 564, 561, 942, 953, 554, 560, 957, 957, 560, 556, 954, 1064, 569, 571, 1065, 1065, 571, 568, 574, 579, 582, 587, 1071, 1071, 587, 583, 580, 569, 583, 586, 573, 573, 586, 1067, 570, 580, 1064, 578, 1070, 1070, 578, 575, 1068, 588, 595, 601, 591, 591, 601, 597, 589, 604, 609, 611, 608, 608, 611, 1072, 602, 596, 610, 612, 600, 600, 612, 609, 597, 603, 590, 593, 607, 607, 593, 589, 604, 622, 614, 620, 626, 626, 620, 616, 621, 1075, 627, 1078, 636, 636, 1078, 628, 1076, 850, 1075, 635, 1283, 1283, 635, 632, 1282, 857, 616, 619, 860, 860, 619, 615, 858, 637, 1079, 646, 640, 640, 646, 644, 638, 649, 655, 656, 652, 652, 656, 1081, 650, 1285, 651, 653, 866, 866, 653, 650, 1284, 870, 645, 1080, 875, 875, 1080, 1079, 867, 1077, 1082, 657, 631, 631, 657, 655, 628, 651, 632, 633, 654, 654, 633, 1076, 649, 638, 622, 625, 642, 642, 625, 1074, 639, 645, 615, 617, 648, 648, 617, 614, 644, 666, 659, 665, 669, 669, 665, 661, 667, 682, 674, 676, 686, 686, 676, 673, 680, 667, 682, 685, 671, 671, 685, 681, 668, 674, 661, 664, 678, 678, 664, 660, 675, 689, 695, 697, 693, 693, 697, 694, 687, 701, 708, 714, 704, 704, 714, 710, 702, 688, 703, 706, 692, 692, 706, 702, 689, 709, 696, 699, 713, 713, 699, 695, 710, 659, 694, 700, 662, 662, 700, 696, 660, 687, 666, 672, 690, 690, 672, 668, 688, 675, 709, 711, 679, 679, 711, 708, 673, 680, 701, 707, 683, 683, 707, 703, 681, 715, 719, 722, 718, 718, 722, 1141, 716, 1153, 717, 1146, 724, 724, 1146, 716, 1155, 720, 1147, 730, 1142, 1142, 730, 728, 1141, 1155, 728, 729, 726, 726, 729, 1148, 723, 1162, 1157, 739, 732, 732, 739, 737, 1164, 1173, 1163, 734, 1179, 1179, 734, 731, 1176, 1158, 744, 1169, 1160, 1160, 1169, 1166, 736, 740, 745, 746, 1178, 1178, 746, 1168, 1174, 717, 731, 1165, 1144, 1144, 1165, 1164, 715, 736, 720, 1143, 1159, 1159, 1143, 719, 737, 1176, 1153, 1156, 742, 742, 1156, 1154, 1175, 748, 753, 1180, 1182, 1182, 1180, 755, 749, 760, 1184, 1188, 1190, 754, 764, 1187, 758, 758, 1187, 1184, 755, 759, 750, 751, 763, 763, 751, 749, 760, 1175, 759, 761, 743, 743, 761, 1189, 740, 764, 1167, 747, 1185, 1185, 747, 745, 1183, 1149, 754, 756, 1151, 1151, 756, 753, 1148, 750, 1154, 727, 752, 752, 727, 723, 748, 765, 1191, 775, 1197, 1197, 775, 1192, 766, 1200, 767, 1196, 1205, 1205, 1196, 1195, 776, 771, 781, 789, 1194, 1194, 789, 784, 1193, 1202, 783, 787, 779, 779, 787, 782, 777, 744, 784, 788, 1172, 1172, 788, 783, 1168, 776, 1173, 1177, 778, 778, 1177, 1174, 1202, 766, 1162, 735, 769, 769, 735, 1163, 1195, 1157, 1192, 774, 1161, 1161, 774, 1193, 1158, 792, 1208, 1210, 1211, 1211, 1210, 1206, 790, 798, 792, 1213, 1220, 1220, 1213, 791, 796, 1208, 1214, 1218, 795, 795, 1218, 800, 1207, 1219, 801, 1217, 1222, 1222, 1217, 1214, 798, 767, 791, 793, 770, 770, 793, 790, 765, 1207, 771, 772, 1209, 1209, 772, 1191, 1206, 781, 800, 803, 1199, 1199, 803, 802, 1198, 796, 1200, 1203, 1223, 1223, 1203, 1201, 797, 806, 1226, 811, 808, 808, 811, 809, 804, 1242, 817, 820, 1246, 1246, 820, 1237, 813, 1225, 1238, 1241, 812, 812, 1241, 818, 810, 814, 805, 807, 1244, 1244, 807, 1231, 1243, 797, 814, 1245, 799, 799, 1245, 813, 1219, 1238, 802, 1216, 1240, 1240, 1216, 801, 1237, 1198, 1225, 1230, 786, 786, 1230, 1226, 782, 805, 1201, 780, 1234, 1234, 780, 777, 806, 821, 1247, 828, 823, 823, 828, 1248, 1254, 1262, 831, 1260, 1264, 1264, 1260, 830, 1261, 1251, 1259, 831, 1248, 1263, 822, 1256, 829, 829, 1256, 1254, 1262, 817, 830, 1258, 819, 819, 1258, 1257, 818, 826, 1224, 1229, 827, 827, 1229, 810, 1249, 822, 1231, 1235, 824, 824, 1235, 1232, 1253, 1261, 1242, 816, 1266, 1266, 816, 1243, 1263, 1268, 837, 1267, 1270, 1270, 1267, 839, 1269, 1275, 1273, 846, 845, 845, 846, 1271, 1274, 1273, 839, 842, 848, 848, 842, 838, 1272, 843, 833, 835, 1276, 1276, 835, 1269, 1275, 1247, 1271, 849, 1252, 1252, 849, 1272, 826, 837, 809, 1227, 840, 840, 1227, 1224, 838, 833, 1232, 1236, 836, 836, 1236, 804, 1268, 1274, 821, 825, 1277, 1277, 825, 1253, 843, 621, 852, 855, 623, 623, 855, 851, 1074, 627, 1278, 861, 629, 629, 861, 859, 1077, 639, 863, 865, 643, 643, 865, 862, 637, 1082, 869, 873, 658, 658, 873, 868, 1081, 858, 870, 874, 1280, 1280, 874, 869, 859, 1282, 1285, 1287, 854, 854, 1287, 863, 851, 1284, 868, 871, 1286, 1286, 871, 867, 862, 1278, 850, 856, 1281, 1281, 856, 852, 857, 574, 588, 594, 576, 576, 594, 590, 575, 602, 579, 581, 605, 605, 581, 1068, 603, 610, 1067, 584, 613, 613, 584, 582, 1072, 595, 568, 1066, 598, 598, 1066, 570, 596, 876, 880, 884, 1292, 1292, 884, 1288, 877, 887, 890, 1293, 1294, 1294, 1293, 889, 885, 877, 887, 1295, 879, 879, 1295, 886, 1290, 890, 1288, 1289, 893, 893, 1289, 881, 891, 897, 902, 1298, 900, 900, 1298, 901, 895, 906, 912, 916, 909, 909, 916, 913, 907, 896, 908, 910, 899, 899, 910, 907, 897, 1300, 903, 904, 915, 915, 904, 902, 913, 895, 876, 1291, 1299, 1299, 1291, 1290, 896, 885, 906, 911, 1296, 1296, 911, 908, 886, 903, 881, 882, 905, 905, 882, 880, 901, 912, 889, 894, 914, 914, 894, 891, 1300, 512, 920, 926, 515, 515, 926, 919, 513, 540, 932, 938, 543, 543, 938, 931, 541, 528, 944, 950, 532, 532, 950, 943, 526, 533, 956, 962, 536, 536, 962, 955, 534, 954, 931, 936, 960, 961, 937, 930, 955, 942, 953, 963, 948, 949, 964, 956, 943, 918, 941, 951, 924, 925, 952, 944, 919, 932, 917, 927, 939, 940, 928, 920, 929, 967, 972, 974, 970, 970, 974, 971, 965, 976, 1354, 986, 1356, 1356, 986, 982, 1355, 972, 982, 985, 975, 975, 985, 981, 973, 1355, 967, 969, 979, 979, 969, 966, 977, 987, 991, 997, 989, 989, 997, 993, 1357, 999, 1361, 1362, 1003, 1003, 1362, 1004, 998, 992, 1360, 1006, 996, 996, 1006, 1361, 993, 1363, 988, 990, 1002, 1002, 990, 1357, 999, 977, 1363, 1000, 980, 980, 1000, 998, 976, 1360, 981, 983, 1007, 1007, 983, 1354, 1004, 991, 971, 1351, 994, 994, 1351, 973, 992, 988, 966, 968, 1358, 1358, 968, 965, 987, 519, 929, 920, 512, 1009, 1024, 1330, 1305, 1340, 1317, 1037, 1052, 1038, 1044, 1059, 1051, 1328, 1339, 1050, 1057, 1304, 1327, 1058, 1045, 1092, 1085, 1120, 1113, 1086, 1101, 1135, 1122, 1093, 1108, 1100, 1087, 1107, 1094, 1114, 1129, 1115, 1121, 1136, 1128, 1099, 1106, 1127, 1134, 1022, 1029, 1342, 1329, 1318, 1303, 1043, 1036, 1030, 1017, 1316, 1341, 1016, 1031, 1023, 1010, 1008, 1014, 1012, 1011, 1009, 1011, 1012, 1013, 1010, 1013, 1012, 1014, 1015, 1021, 1019, 1018, 1016, 1018, 1019, 1020, 1017, 1020, 1019, 1021, 1022, 1028, 1026, 1025, 1023, 1025, 1026, 1027, 1024, 1027, 1026, 1028, 1029, 1035, 1033, 1032, 1030, 1032, 1033, 1034, 1031, 1034, 1033, 1035, 1036, 1042, 1040, 1039, 1037, 1039, 1040, 1041, 1038, 1041, 1040, 1042, 1043, 1049, 1047, 1046, 1044, 1046, 1047, 1048, 1045, 1048, 1047, 1049, 1050, 1056, 1054, 1053, 1051, 1053, 1054, 1055, 1052, 1055, 1054, 1056, 1057, 1063, 1061, 1060, 1058, 1060, 1061, 1062, 1059, 1062, 1061, 1063, 1085, 1091, 1089, 1088, 1086, 1088, 1089, 1090, 1087, 1090, 1089, 1091, 1092, 1098, 1096, 1095, 1093, 1095, 1096, 1097, 1094, 1097, 1096, 1098, 1099, 1105, 1103, 1102, 1100, 1102, 1103, 1104, 1101, 1104, 1103, 1105, 1106, 1112, 1110, 1109, 1107, 1109, 1110, 1111, 1108, 1111, 1110, 1112, 1113, 1119, 1117, 1116, 1114, 1116, 1117, 1118, 1115, 1118, 1117, 1119, 1120, 1126, 1124, 1123, 1121, 1123, 1124, 1125, 1122, 1125, 1124, 1126, 1127, 1133, 1131, 1130, 1128, 1130, 1131, 1132, 1129, 1132, 1131, 1133, 1134, 1140, 1138, 1137, 1135, 1137, 1138, 1139, 1136, 1139, 1138, 1140, 1149, 1151, 1150, 1152, 1166, 1169, 1170, 1171, 1183, 1188, 1186, 1185, 1184, 1187, 1186, 1188, 1200, 1205, 1204, 1203, 1214, 1217, 1215, 1218, 1224, 1227, 1228, 1229, 1232, 1235, 1233, 1236, 1238, 1240, 1239, 1241, 1261, 1266, 1265, 1264, 1303, 1313, 1308, 1307, 1304, 1307, 1308, 1310, 1305, 1311, 1309, 1312, 1306, 1312, 1309, 1314, 1315, 1326, 1320, 1319, 1316, 1319, 1320, 1323, 1317, 1322, 1321, 1324, 1318, 1324, 1321, 1325, 1327, 1337, 1332, 1331, 1328, 1331, 1332, 1334, 1329, 1335, 1333, 1336, 1330, 1336, 1333, 1338, 1339, 1349, 1344, 1343, 1340, 1343, 1344, 1346, 1341, 1347, 1345, 1348, 1342, 1348, 1345, 1350, 1015, 1018, 1014, 1008, 1018, 1016, 1010, 1014, 1031, 1035, 1025, 1023, 1035, 1029, 1022, 1025, 1016, 1020, 1034, 1031, 1020, 1017, 1030, 1034, 1023, 1027, 1013, 1010, 1027, 1024, 1009, 1013, 1038, 1042, 1046, 1044, 1042, 1036, 1043, 1046, 1050, 1053, 1063, 1057, 1053, 1051, 1059, 1063, 1037, 1041, 1055, 1052, 1041, 1038, 1051, 1055, 1058, 1062, 1048, 1045, 1062, 1059, 1044, 1048, 1303, 1307, 1049, 1043, 1307, 1304, 1045, 1049, 1315, 1319, 1021, 1015, 1319, 1316, 1017, 1021, 1327, 1331, 1060, 1058, 1331, 1328, 1057, 1060, 1339, 1343, 1056, 1050, 1343, 1340, 1052, 1056, 1092, 1095, 1091, 1085, 1095, 1093, 1087, 1091, 1108, 1112, 1102, 1100, 1112, 1106, 1099, 1102, 1093, 1097, 1111, 1108, 1097, 1094, 1107, 1111, 1100, 1104, 1090, 1087, 1104, 1101, 1086, 1090, 1115, 1119, 1123, 1121, 1119, 1113, 1120, 1123, 1127, 1130, 1140, 1134, 1130, 1128, 1136, 1140, 1114, 1118, 1132, 1129, 1118, 1115, 1128, 1132, 1135, 1139, 1125, 1122, 1139, 1136, 1121, 1125, 1085, 1088, 1126, 1120, 1088, 1086, 1122, 1126, 1113, 1116, 1098, 1092, 1116, 1114, 1094, 1098, 1101, 1105, 1137, 1135, 1105, 1099, 1134, 1137, 1106, 1109, 1133, 1127, 1109, 1107, 1129, 1133, 1166, 1171, 1152, 1147, 1171, 1167, 1149, 1152, 1188, 1183, 1189, 1190, 1257, 1259, 1251, 1249, 1008, 1011, 1312, 1306, 1011, 1009, 1305, 1312, 1036, 1039, 1324, 1318, 1039, 1037, 1317, 1324, 1024, 1028, 1336, 1330, 1028, 1022, 1329, 1336, 1029, 1032, 1348, 1342, 1032, 1030, 1341, 1348, 1340, 1346, 1322, 1317, 1347, 1341, 1316, 1323, 1328, 1334, 1349, 1339, 1335, 1329, 1342, 1350, 1304, 1310, 1337, 1327, 1311, 1305, 1330, 1338, 1318, 1325, 1313, 1303, 1326, 1315, 1306, 1314, 1015, 1008, 1306, 1315]
                rel skel:skeleton = </root/AnimalArmature/AnimalArmature>
                uniform token subdivisionScheme = "none"
                custom string userProperties:blender:data_name = "Cube.240"
            }
        }
    }

    def Scope "_materials"
    {
        def Material "Atlas"
        {
            token outputs:surface.connect = </root/_materials/Atlas/Principled_BSDF.outputs:surface>
            custom string userProperties:blender:data_name = "Atlas"

            def Shader "Principled_BSDF"
            {
                uniform token info:id = "UsdPreviewSurface"
                float inputs:clearcoat = 0
                float inputs:clearcoatRoughness = 0.03
                color3f inputs:diffuseColor.connect = </root/_materials/Atlas/Image_Texture.outputs:rgb>
                color3f inputs:emissiveColor = (0, 0, 0)
                float inputs:ior = 1.5
                float inputs:metallic = 0
                float inputs:opacity = 1
                float inputs:roughness = 0.5
                float inputs:specular = 0.5
                token outputs:surface
            }

            def Shader "Image_Texture"
            {
                uniform token info:id = "UsdUVTexture"
                asset inputs:file = @./textures/T_Atlas_D.png@
                token inputs:sourceColorSpace = "sRGB"
                float2 inputs:st.connect = </root/_materials/Atlas/uvmap.outputs:result>
                token inputs:wrapS = "repeat"
                token inputs:wrapT = "repeat"
                float3 outputs:rgb
            }

            def Shader "uvmap"
            {
                uniform token info:id = "UsdPrimvarReader_float2"
                string inputs:varname = "st"
                float2 outputs:result
            }
        }
    }
}

