#usda 1.0
(
    defaultPrim = "root"
    doc = "Blender v5.1.2"
    metersPerUnit = 1
    upAxis = "Y"
)

def Xform "root" (
    customData = {
        dictionary Blender = {
            bool generated = 1
        }
    }
)
{
    float3 xformOp:rotateXYZ = (-90, -0, 0)
    uniform token[] xformOpOrder = ["xformOp:rotateXYZ"]

    def Xform "Potion3_Filled"
    {
        custom string userProperties:blender:object_name = "Potion3_Filled"

        def Mesh "Cube_066" (
            active = true
            prepend apiSchemas = ["MaterialBindingAPI"]
        )
        {
            uniform bool doubleSided = 1
            float3[] extent = [(-0.3593295, -0.3593295, 0.0062270463), (0.3593295, 0.3593295, 1.2305146)]
            int[] faceVertexCounts = [4, 4, 4, 4, 4, 4, 4, 4, 4, 4, 4, 4, 4, 4, 4, 4, 4, 4, 4, 4, 4, 4, 4, 4, 4, 4, 4, 4, 4, 4, 4, 4, 4, 4, 4, 4, 4, 4, 4, 4, 4, 4, 4, 4, 4, 4, 4, 4, 4, 4, 4, 4, 4, 4, 4, 4, 4, 4, 4, 4, 4, 4, 4, 4, 4, 4, 4, 4, 4, 4, 4, 4, 4, 4, 4, 4, 4, 4, 4, 4, 4, 4, 4, 4, 4, 4, 4, 4, 4, 4, 4, 4, 4, 4, 4, 4, 4, 4, 4, 4, 4, 4, 4, 4, 4, 4, 4, 4, 4, 4, 4, 4, 4, 4, 4, 4, 4, 4, 4, 4, 4, 4, 4, 4, 4, 4, 4, 4, 4, 4, 4, 4, 4, 4, 4, 4, 4, 4, 4, 4, 4, 4, 4, 4, 4, 4, 4, 4, 4, 4, 4, 4, 4, 4, 4, 4, 4, 4, 4, 4, 4, 4, 4, 4, 4, 4, 4, 4, 4, 4, 4, 4, 4, 4, 4, 4, 4, 4, 4, 4, 4, 4, 4, 4, 4, 4, 4, 4, 4, 4, 4, 4, 4, 4, 4, 4, 4, 4, 4, 4, 4, 4, 4, 4, 4, 4, 4, 4, 4, 4, 4, 4, 4, 4, 4, 4, 4, 4, 4, 4, 4, 4, 4, 4, 4, 4, 4, 4, 4, 4, 4, 4, 4, 4, 4, 4, 4, 4, 4, 4, 4, 4, 4, 4, 4, 4, 4, 4, 4, 4, 4, 4, 4, 4, 4, 4, 4, 4, 4, 4, 4, 4, 4, 4, 4, 4, 4, 4, 4, 4, 4, 4, 4, 4, 4, 4, 4, 4, 4, 4, 4, 4, 4, 4, 4, 4, 4, 4, 4, 4, 4, 4, 4, 4, 4, 4, 4, 4, 4, 4, 4, 4, 4, 4, 4, 4, 4, 4, 4, 4, 4, 4, 4, 4, 4, 4, 4, 4, 4, 4, 4, 4, 4, 4, 4, 4, 4, 4, 4, 4, 4, 4, 4, 4, 4, 4, 4, 4, 4, 4, 4, 4, 4, 4, 4, 4, 4, 4, 4, 4, 4, 4, 4, 4, 4, 4, 4, 4, 4, 4, 4, 4, 4, 4, 4, 4, 4, 4, 4, 4, 4, 4, 4, 4, 4, 4, 4, 4, 4, 4, 4, 4, 4, 4, 4, 4, 4, 4, 4, 4, 4, 4, 4, 4, 4, 4, 4, 4, 4, 4, 4, 4, 4, 4, 4, 4, 4, 4, 4, 4, 4, 4, 4, 4, 4, 4, 4, 4, 4, 4, 4, 4, 4, 4, 4, 4, 4, 4, 4, 4, 4, 4, 4, 4, 4, 4, 4, 4, 4, 4, 4, 4, 4, 4, 4, 4, 4, 4, 4, 4, 4, 4, 4, 4, 4, 4, 4, 4, 4, 4, 4, 4, 4, 4, 4, 4, 4, 4, 4, 4, 4, 4, 4, 4, 4, 4, 4, 4, 4, 4, 4, 4, 4, 4, 4, 4, 4, 4, 4, 4, 4, 4, 4, 4, 4, 4, 4, 4, 4, 4, 4, 4, 4, 4, 4, 4, 4, 4, 4, 4, 4, 4, 4, 4, 4, 4, 4, 4, 4, 4, 4, 4, 4, 4, 4, 4, 4, 4, 4, 4, 4, 4, 4, 4, 4, 4, 4, 4, 4, 4, 4, 4, 4, 4, 4, 4, 4, 4, 4, 4, 4, 4, 4, 4, 4, 4, 4, 4, 4, 4, 4, 4, 4, 4, 4, 4, 4, 4, 4, 4, 4, 4, 4, 4, 4, 4, 4, 4, 4, 4, 4, 4, 4, 4, 4, 4, 4, 4, 4, 4, 4, 4, 4, 4, 4, 4, 4, 4, 4, 4, 4, 4, 4, 4, 4, 4, 4, 4, 4, 4, 4, 4, 4, 4, 4, 4, 4, 4, 4, 4, 4, 4, 4, 4, 4, 4, 4, 4, 4, 4, 4, 4, 4, 4, 4, 4, 4, 4, 4, 4, 4, 4, 4, 4, 4, 4, 4, 4, 4, 4, 4, 4, 4, 4, 4, 4, 4, 4, 4, 4, 4, 4, 4, 4, 4, 4, 4, 4, 4, 4, 4, 4, 4, 4, 4, 4, 4, 4, 4, 4, 4, 4, 4, 4, 4, 4, 4, 4, 4, 4, 4, 4, 4, 4, 4, 4, 4, 4, 4, 4, 4, 4, 4, 4, 4, 4, 4, 4, 4, 4, 4, 4, 4, 4, 4, 4, 4, 4, 4, 4, 4, 4, 4, 4, 4, 4, 4, 4, 4, 4, 4, 4, 4, 4, 4, 4, 16, 4, 4, 4, 4, 4, 4, 4, 4, 4, 4, 4, 4, 4, 4, 4, 4, 4, 4, 4, 4, 4, 4, 4, 4, 4, 4, 4, 4, 4, 4, 4, 4, 4, 4, 4, 4, 4, 4, 4, 4, 4, 4, 4, 4, 4, 4, 4, 4, 4, 4, 4, 4, 4, 4, 4, 4, 4, 4, 4, 4, 4, 4, 4, 4, 4, 4, 4, 4, 4, 4, 4, 4, 4, 4, 4, 4, 4, 4, 4, 4, 4, 4, 4, 4, 4, 4, 4, 4, 4, 4, 4, 4, 4, 4, 4, 4, 4, 4, 4, 4, 4, 4, 4, 4, 4, 4, 4, 4, 4, 4, 4, 4, 4, 4, 4, 4, 4, 4, 4, 4, 4, 4, 4, 4, 4, 4, 4, 4, 4, 4, 4, 4, 4, 4, 4, 4, 4, 4, 4, 4, 4, 4, 4, 4, 4, 4, 4, 4, 4, 4, 4, 4, 4, 4, 4, 4, 4, 4, 4, 4, 4, 4, 4, 4, 4, 4, 4, 4, 4, 4, 4, 4, 4, 4, 4, 4, 4, 4, 4, 4, 4, 4, 4, 4, 4, 4, 4, 4, 4, 4, 4, 4, 4, 4, 4, 4, 4, 4, 4, 4, 4, 4, 4, 4, 4, 4, 4, 4, 4, 4, 4, 4, 4, 4, 4, 4, 4, 4, 4, 4, 4, 4, 4, 4, 4, 4, 4, 4, 4, 4, 4, 4, 4, 4, 4, 4, 4, 4, 4, 4, 4, 4, 4, 4, 4, 4, 4, 4]
            int[] faceVertexIndices = [0, 4, 5, 1, 1, 5, 417, 418, 4, 544, 543, 5, 5, 543, 710, 417, 0, 1, 6, 2, 2, 6, 420, 421, 1, 418, 419, 6, 6, 419, 691, 420, 0, 2, 7, 3, 3, 7, 525, 526, 2, 421, 422, 7, 7, 422, 693, 525, 0, 3, 8, 4, 4, 8, 545, 544, 3, 526, 527, 8, 8, 527, 711, 545, 9, 13, 14, 10, 10, 14, 527, 526, 13, 541, 540, 14, 14, 540, 711, 527, 9, 10, 15, 11, 11, 15, 429, 430, 10, 526, 525, 15, 15, 525, 693, 429, 9, 11, 16, 12, 12, 16, 528, 529, 11, 430, 431, 16, 16, 431, 697, 528, 9, 12, 17, 13, 13, 17, 542, 541, 12, 529, 530, 17, 17, 530, 712, 542, 18, 22, 23, 19, 19, 23, 530, 529, 22, 538, 537, 23, 23, 537, 712, 530, 18, 19, 24, 20, 20, 24, 438, 439, 19, 529, 528, 24, 24, 528, 697, 438, 18, 20, 25, 21, 21, 25, 531, 532, 20, 439, 440, 25, 25, 440, 695, 531, 18, 21, 26, 22, 22, 26, 539, 538, 21, 532, 533, 26, 26, 533, 713, 539, 27, 31, 32, 28, 28, 32, 533, 532, 31, 535, 534, 32, 32, 534, 713, 533, 27, 28, 33, 29, 29, 33, 447, 448, 28, 532, 531, 33, 33, 531, 695, 447, 27, 29, 34, 30, 30, 34, 419, 418, 29, 448, 449, 34, 34, 449, 691, 419, 27, 30, 35, 31, 31, 35, 536, 535, 30, 418, 417, 35, 35, 417, 710, 536, 36, 40, 41, 37, 37, 41, 428, 427, 40, 415, 414, 41, 41, 414, 692, 428, 36, 37, 42, 38, 38, 42, 437, 436, 37, 427, 426, 42, 42, 426, 696, 437, 36, 38, 43, 39, 39, 43, 446, 445, 38, 436, 435, 43, 43, 435, 694, 446, 36, 39, 44, 40, 40, 44, 416, 415, 39, 445, 444, 44, 44, 444, 690, 416, 45, 49, 50, 46, 46, 50, 440, 439, 49, 466, 467, 50, 50, 467, 695, 440, 45, 46, 51, 47, 47, 51, 462, 463, 46, 439, 438, 51, 51, 438, 697, 462, 45, 47, 52, 48, 48, 52, 456, 457, 47, 463, 464, 52, 52, 464, 700, 456, 45, 48, 53, 49, 49, 53, 465, 466, 48, 457, 458, 53, 53, 458, 701, 465, 54, 58, 59, 55, 55, 59, 521, 520, 58, 502, 503, 59, 59, 503, 707, 521, 54, 55, 60, 56, 56, 60, 486, 487, 55, 520, 519, 60, 60, 519, 706, 486, 54, 56, 61, 57, 57, 61, 474, 475, 56, 487, 488, 61, 61, 488, 702, 474, 54, 57, 62, 58, 58, 62, 501, 502, 57, 475, 476, 62, 62, 476, 703, 501, 63, 67, 68, 64, 64, 68, 422, 421, 67, 472, 473, 68, 68, 473, 693, 422, 63, 64, 69, 65, 65, 69, 468, 469, 64, 421, 420, 69, 69, 420, 691, 468, 63, 65, 70, 66, 66, 70, 450, 451, 65, 469, 470, 70, 70, 470, 698, 450, 63, 66, 71, 67, 67, 71, 471, 472, 66, 451, 452, 71, 71, 452, 699, 471, 72, 76, 77, 73, 73, 77, 449, 448, 76, 469, 468, 77, 77, 468, 691, 449, 72, 73, 78, 74, 74, 78, 467, 466, 73, 448, 447, 78, 78, 447, 695, 467, 72, 74, 79, 75, 75, 79, 459, 460, 74, 466, 465, 79, 79, 465, 701, 459, 72, 75, 80, 76, 76, 80, 470, 469, 75, 460, 461, 80, 80, 461, 698, 470, 81, 85, 86, 82, 82, 86, 431, 430, 85, 463, 462, 86, 86, 462, 697, 431, 81, 82, 87, 83, 83, 87, 473, 472, 82, 430, 429, 87, 87, 429, 693, 473, 81, 83, 88, 84, 84, 88, 453, 454, 83, 472, 471, 88, 88, 471, 699, 453, 81, 84, 89, 85, 85, 89, 464, 463, 84, 454, 455, 89, 89, 455, 700, 464, 90, 94, 95, 91, 91, 95, 518, 517, 94, 487, 486, 95, 95, 486, 706, 518, 90, 91, 96, 92, 92, 96, 492, 493, 91, 517, 516, 96, 96, 516, 708, 492, 90, 92, 97, 93, 93, 97, 483, 484, 92, 493, 494, 97, 97, 494, 705, 483, 90, 93, 98, 94, 94, 98, 488, 487, 93, 484, 485, 98, 98, 485, 702, 488, 99, 103, 104, 100, 100, 104, 515, 514, 103, 508, 509, 104, 104, 509, 709, 515, 99, 100, 105, 101, 101, 105, 503, 502, 100, 514, 513, 105, 105, 513, 707, 503, 99, 101, 106, 102, 102, 106, 477, 478, 101, 502, 501, 106, 106, 501, 703, 477, 99, 102, 107, 103, 103, 107, 507, 508, 102, 478, 479, 107, 107, 479, 704, 507, 108, 112, 113, 109, 109, 113, 512, 511, 112, 493, 492, 113, 113, 492, 708, 512, 108, 109, 114, 110, 110, 114, 509, 508, 109, 511, 510, 114, 114, 510, 709, 509, 108, 110, 115, 111, 111, 115, 480, 481, 110, 508, 507, 115, 115, 507, 704, 480, 108, 111, 116, 112, 112, 116, 494, 493, 111, 481, 482, 116, 116, 482, 705, 494, 117, 121, 122, 118, 118, 122, 458, 457, 121, 505, 504, 122, 122, 504, 701, 458, 117, 118, 123, 119, 119, 123, 497, 496, 118, 457, 456, 123, 123, 456, 700, 497, 117, 119, 124, 120, 120, 124, 510, 511, 119, 496, 495, 124, 124, 495, 709, 510, 117, 120, 125, 121, 121, 125, 506, 505, 120, 511, 512, 125, 125, 512, 708, 506, 126, 130, 131, 127, 127, 131, 455, 454, 130, 496, 497, 131, 131, 497, 700, 455, 126, 127, 132, 128, 128, 132, 491, 490, 127, 454, 453, 132, 132, 453, 699, 491, 126, 128, 133, 129, 129, 133, 513, 514, 128, 490, 489, 133, 133, 489, 707, 513, 126, 129, 134, 130, 130, 134, 495, 496, 129, 514, 515, 134, 134, 515, 709, 495, 135, 139, 140, 136, 136, 140, 461, 460, 139, 499, 498, 140, 140, 498, 698, 461, 135, 136, 141, 137, 137, 141, 504, 505, 136, 460, 459, 141, 141, 459, 701, 504, 135, 137, 142, 138, 138, 142, 516, 517, 137, 505, 506, 142, 142, 506, 708, 516, 135, 138, 143, 139, 139, 143, 500, 499, 138, 517, 518, 143, 143, 518, 706, 500, 144, 148, 149, 145, 145, 149, 452, 451, 148, 490, 491, 149, 149, 491, 699, 452, 144, 145, 150, 146, 146, 150, 498, 499, 145, 451, 450, 150, 150, 450, 698, 498, 144, 146, 151, 147, 147, 151, 519, 520, 146, 499, 500, 151, 151, 500, 706, 519, 144, 147, 152, 148, 148, 152, 489, 490, 147, 520, 521, 152, 152, 521, 707, 489, 153, 157, 158, 154, 154, 158, 443, 442, 157, 445, 446, 158, 158, 446, 694, 443, 153, 154, 159, 155, 155, 159, 534, 535, 154, 442, 441, 159, 159, 441, 713, 534, 153, 155, 160, 156, 156, 160, 524, 523, 155, 535, 536, 160, 160, 536, 710, 524, 153, 156, 161, 157, 157, 161, 444, 445, 156, 523, 522, 161, 161, 522, 690, 444, 162, 166, 167, 163, 163, 167, 434, 433, 166, 436, 437, 167, 167, 437, 696, 434, 162, 163, 168, 164, 164, 168, 537, 538, 163, 433, 432, 168, 168, 432, 712, 537, 162, 164, 169, 165, 165, 169, 441, 442, 164, 538, 539, 169, 169, 539, 713, 441, 162, 165, 170, 166, 166, 170, 435, 436, 165, 442, 443, 170, 170, 443, 694, 435, 171, 175, 176, 172, 172, 176, 425, 424, 175, 427, 428, 176, 176, 428, 692, 425, 171, 172, 177, 173, 173, 177, 540, 541, 172, 424, 423, 177, 177, 423, 711, 540, 171, 173, 178, 174, 174, 178, 432, 433, 173, 541, 542, 178, 178, 542, 712, 432, 171, 174, 179, 175, 175, 179, 426, 427, 174, 433, 434, 179, 179, 434, 696, 426, 180, 184, 185, 181, 181, 185, 522, 523, 184, 415, 416, 185, 185, 416, 690, 522, 180, 181, 186, 182, 182, 186, 543, 544, 181, 523, 524, 186, 186, 524, 710, 543, 180, 182, 187, 183, 183, 187, 423, 424, 182, 544, 545, 187, 187, 545, 711, 423, 180, 183, 188, 184, 184, 188, 414, 415, 183, 424, 425, 188, 188, 425, 692, 414, 189, 193, 194, 190, 190, 194, 675, 676, 193, 550, 549, 194, 194, 549, 734, 675, 189, 190, 195, 191, 191, 195, 659, 658, 190, 676, 677, 195, 195, 677, 735, 659, 189, 191, 196, 192, 192, 196, 554, 553, 191, 658, 657, 196, 196, 657, 717, 554, 189, 192, 197, 193, 193, 197, 551, 550, 192, 553, 552, 197, 197, 552, 715, 551, 198, 202, 203, 199, 199, 203, 672, 673, 202, 658, 659, 203, 203, 659, 735, 672, 198, 199, 204, 200, 200, 204, 662, 661, 199, 673, 674, 204, 204, 674, 736, 662, 198, 200, 205, 201, 201, 205, 563, 562, 200, 661, 660, 205, 205, 660, 721, 563, 198, 201, 206, 202, 202, 206, 657, 658, 201, 562, 561, 206, 206, 561, 717, 657, 207, 211, 212, 208, 208, 212, 669, 670, 211, 661, 662, 212, 212, 662, 736, 669, 207, 208, 213, 209, 209, 213, 665, 664, 208, 670, 671, 213, 213, 671, 737, 665, 207, 209, 214, 210, 210, 214, 572, 571, 209, 664, 663, 214, 214, 663, 719, 572, 207, 210, 215, 211, 211, 215, 660, 661, 210, 571, 570, 215, 215, 570, 721, 660, 216, 220, 221, 217, 217, 221, 666, 667, 220, 664, 665, 221, 221, 665, 737, 666, 216, 217, 222, 218, 218, 222, 549, 550, 217, 667, 668, 222, 222, 668, 734, 549, 216, 218, 223, 219, 219, 223, 581, 580, 218, 550, 551, 223, 223, 551, 715, 581, 216, 219, 224, 220, 220, 224, 663, 664, 219, 580, 579, 224, 224, 579, 719, 663, 225, 229, 230, 226, 226, 230, 546, 547, 229, 559, 560, 230, 230, 560, 716, 546, 225, 226, 231, 227, 227, 231, 576, 577, 226, 547, 548, 231, 231, 548, 714, 576, 225, 227, 232, 228, 228, 232, 567, 568, 227, 577, 578, 232, 232, 578, 718, 567, 225, 228, 233, 229, 229, 233, 558, 559, 228, 568, 569, 233, 233, 569, 720, 558, 234, 238, 239, 235, 235, 239, 599, 598, 238, 571, 572, 239, 239, 572, 719, 599, 234, 235, 240, 236, 236, 240, 590, 589, 235, 598, 597, 240, 240, 597, 725, 590, 234, 236, 241, 237, 237, 241, 596, 595, 236, 589, 588, 241, 241, 588, 724, 596, 234, 237, 242, 238, 238, 242, 570, 571, 237, 595, 594, 242, 242, 594, 721, 570, 243, 247, 248, 244, 244, 248, 635, 634, 247, 652, 653, 248, 248, 653, 731, 635, 243, 244, 249, 245, 245, 249, 608, 607, 244, 634, 633, 249, 249, 633, 727, 608, 243, 245, 250, 246, 246, 250, 620, 619, 245, 607, 606, 250, 250, 606, 726, 620, 243, 246, 251, 247, 247, 251, 651, 652, 246, 619, 618, 251, 251, 618, 730, 651, 252, 256, 257, 253, 253, 257, 605, 604, 256, 553, 554, 257, 257, 554, 717, 605, 252, 253, 258, 254, 254, 258, 584, 583, 253, 604, 603, 258, 258, 603, 723, 584, 252, 254, 259, 255, 255, 259, 602, 601, 254, 583, 582, 259, 259, 582, 722, 602, 252, 255, 260, 256, 256, 260, 552, 553, 255, 601, 600, 260, 260, 600, 715, 552, 261, 265, 266, 262, 262, 266, 600, 601, 265, 580, 581, 266, 266, 581, 715, 600, 261, 262, 267, 263, 263, 267, 593, 592, 262, 601, 602, 267, 267, 602, 722, 593, 261, 263, 268, 264, 264, 268, 597, 598, 263, 592, 591, 268, 268, 591, 725, 597, 261, 264, 269, 265, 265, 269, 579, 580, 264, 598, 599, 269, 269, 599, 719, 579, 270, 274, 275, 271, 271, 275, 594, 595, 274, 562, 563, 275, 275, 563, 721, 594, 270, 271, 276, 272, 272, 276, 587, 586, 271, 595, 596, 276, 276, 596, 724, 587, 270, 272, 277, 273, 273, 277, 603, 604, 272, 586, 585, 277, 277, 585, 723, 603, 270, 273, 278, 274, 274, 278, 561, 562, 273, 604, 605, 278, 278, 605, 717, 561, 279, 283, 284, 280, 280, 284, 618, 619, 283, 649, 650, 284, 284, 650, 730, 618, 279, 280, 285, 281, 281, 285, 617, 616, 280, 619, 620, 285, 285, 620, 726, 617, 279, 281, 286, 282, 282, 286, 626, 625, 281, 616, 615, 286, 286, 615, 729, 626, 279, 282, 287, 283, 283, 287, 648, 649, 282, 625, 624, 287, 287, 624, 732, 648, 288, 292, 293, 289, 289, 293, 641, 640, 292, 646, 647, 293, 293, 647, 733, 641, 288, 289, 294, 290, 290, 294, 611, 610, 289, 640, 639, 294, 294, 639, 728, 611, 288, 290, 295, 291, 291, 295, 633, 634, 290, 610, 609, 295, 295, 609, 727, 633, 288, 291, 296, 292, 292, 296, 645, 646, 291, 634, 635, 296, 296, 635, 731, 645, 297, 301, 302, 298, 298, 302, 624, 625, 301, 643, 644, 302, 302, 644, 732, 624, 297, 298, 303, 299, 299, 303, 614, 613, 298, 625, 626, 303, 303, 626, 729, 614, 297, 299, 304, 300, 300, 304, 639, 640, 299, 613, 612, 304, 304, 612, 728, 639, 297, 300, 305, 301, 301, 305, 642, 643, 300, 640, 641, 305, 305, 641, 733, 642, 306, 310, 311, 307, 307, 311, 636, 637, 310, 589, 590, 311, 311, 590, 725, 636, 306, 307, 312, 308, 308, 312, 644, 643, 307, 637, 638, 312, 312, 638, 732, 644, 306, 308, 313, 309, 309, 313, 627, 628, 308, 643, 642, 313, 313, 642, 733, 627, 306, 309, 314, 310, 310, 314, 588, 589, 309, 628, 629, 314, 314, 629, 724, 588, 315, 319, 320, 316, 316, 320, 629, 628, 319, 586, 587, 320, 320, 587, 724, 629, 315, 316, 321, 317, 317, 321, 647, 646, 316, 628, 627, 321, 321, 627, 733, 647, 315, 317, 322, 318, 318, 322, 621, 622, 317, 646, 645, 322, 322, 645, 731, 621, 315, 318, 323, 319, 319, 323, 585, 586, 318, 622, 623, 323, 323, 623, 723, 585, 324, 328, 329, 325, 325, 329, 630, 631, 328, 592, 593, 329, 329, 593, 722, 630, 324, 325, 330, 326, 326, 330, 650, 649, 325, 631, 632, 330, 330, 632, 730, 650, 324, 326, 331, 327, 327, 331, 638, 637, 326, 649, 648, 331, 331, 648, 732, 638, 324, 327, 332, 328, 328, 332, 591, 592, 327, 637, 636, 332, 332, 636, 725, 591, 333, 337, 338, 334, 334, 338, 623, 622, 337, 583, 584, 338, 338, 584, 723, 623, 333, 334, 339, 335, 335, 339, 653, 652, 334, 622, 621, 339, 339, 621, 731, 653, 333, 335, 340, 336, 336, 340, 632, 631, 335, 652, 651, 340, 340, 651, 730, 632, 333, 336, 341, 337, 337, 341, 582, 583, 336, 631, 630, 341, 341, 630, 722, 582, 342, 346, 347, 343, 343, 347, 578, 577, 346, 574, 575, 347, 347, 575, 718, 578, 342, 343, 348, 344, 344, 348, 654, 655, 343, 577, 576, 348, 348, 576, 714, 654, 342, 344, 349, 345, 345, 349, 668, 667, 344, 655, 656, 349, 349, 656, 734, 668, 342, 345, 350, 346, 346, 350, 573, 574, 345, 667, 666, 350, 350, 666, 737, 573, 351, 355, 356, 352, 352, 356, 569, 568, 355, 565, 566, 356, 356, 566, 720, 569, 351, 352, 357, 353, 353, 357, 575, 574, 352, 568, 567, 357, 357, 567, 718, 575, 351, 353, 358, 354, 354, 358, 671, 670, 353, 574, 573, 358, 358, 573, 737, 671, 351, 354, 359, 355, 355, 359, 564, 565, 354, 670, 669, 359, 359, 669, 736, 564, 360, 364, 365, 361, 361, 365, 560, 559, 364, 556, 557, 365, 365, 557, 716, 560, 360, 361, 366, 362, 362, 366, 566, 565, 361, 559, 558, 366, 366, 558, 720, 566, 360, 362, 367, 363, 363, 367, 674, 673, 362, 565, 564, 367, 367, 564, 736, 674, 360, 363, 368, 364, 364, 368, 555, 556, 363, 673, 672, 368, 368, 672, 735, 555, 369, 373, 374, 370, 370, 374, 548, 547, 373, 655, 654, 374, 374, 654, 714, 548, 369, 370, 375, 371, 371, 375, 557, 556, 370, 547, 546, 375, 375, 546, 716, 557, 369, 371, 376, 372, 372, 376, 677, 676, 371, 556, 555, 376, 376, 555, 735, 677, 369, 372, 377, 373, 373, 377, 656, 655, 372, 676, 675, 377, 377, 675, 734, 656, 378, 382, 383, 379, 379, 383, 476, 475, 382, 682, 681, 383, 383, 681, 703, 476, 378, 379, 384, 380, 380, 384, 678, 679, 379, 475, 474, 384, 384, 474, 702, 678, 378, 380, 385, 381, 381, 385, 606, 607, 380, 679, 680, 385, 385, 680, 726, 606, 378, 381, 386, 382, 382, 386, 683, 682, 381, 607, 608, 386, 386, 608, 727, 683, 387, 391, 392, 388, 388, 392, 479, 478, 391, 685, 684, 392, 392, 684, 704, 479, 387, 388, 393, 389, 389, 393, 681, 682, 388, 478, 477, 393, 393, 477, 703, 681, 387, 389, 394, 390, 390, 394, 609, 610, 389, 682, 683, 394, 394, 683, 727, 609, 387, 390, 395, 391, 391, 395, 686, 685, 390, 610, 611, 395, 395, 611, 728, 686, 396, 400, 401, 397, 397, 401, 482, 481, 400, 688, 687, 401, 401, 687, 705, 482, 396, 397, 402, 398, 398, 402, 684, 685, 397, 481, 480, 402, 402, 480, 704, 684, 396, 398, 403, 399, 399, 403, 612, 613, 398, 685, 686, 403, 403, 686, 728, 612, 396, 399, 404, 400, 400, 404, 689, 688, 399, 613, 614, 404, 404, 614, 729, 689, 405, 409, 410, 406, 406, 410, 485, 484, 409, 679, 678, 410, 410, 678, 702, 485, 405, 406, 411, 407, 407, 411, 687, 688, 406, 484, 483, 411, 411, 483, 705, 687, 405, 407, 412, 408, 408, 412, 615, 616, 407, 688, 689, 412, 412, 689, 729, 615, 405, 408, 413, 409, 409, 413, 680, 679, 408, 616, 617, 413, 413, 617, 726, 680, 785, 790, 893, 816, 812, 817, 900, 798, 794, 799, 899, 807, 803, 808, 894, 789, 738, 739, 743, 742, 739, 925, 924, 743, 742, 743, 858, 859, 743, 924, 935, 858, 738, 740, 744, 739, 740, 907, 908, 744, 739, 744, 926, 925, 744, 908, 936, 926, 738, 741, 745, 740, 741, 862, 863, 745, 740, 745, 906, 907, 745, 863, 930, 906, 738, 742, 746, 741, 742, 859, 860, 746, 741, 746, 861, 862, 746, 860, 928, 861, 747, 748, 752, 751, 748, 922, 921, 752, 751, 752, 908, 907, 752, 921, 936, 908, 747, 749, 753, 748, 749, 910, 911, 753, 748, 753, 923, 922, 753, 911, 937, 923, 747, 750, 754, 749, 750, 871, 872, 754, 749, 754, 909, 910, 754, 872, 934, 909, 747, 751, 755, 750, 751, 907, 906, 755, 750, 755, 870, 871, 755, 906, 930, 870, 756, 757, 761, 760, 757, 919, 918, 761, 760, 761, 911, 910, 761, 918, 937, 911, 756, 758, 762, 757, 758, 913, 914, 762, 757, 762, 920, 919, 762, 914, 938, 920, 756, 759, 763, 758, 759, 880, 881, 763, 758, 763, 912, 913, 763, 881, 932, 912, 756, 760, 764, 759, 760, 910, 909, 764, 759, 764, 879, 880, 764, 909, 934, 879, 765, 766, 770, 769, 766, 916, 915, 770, 769, 770, 914, 913, 770, 915, 938, 914, 765, 767, 771, 766, 767, 859, 858, 771, 766, 771, 917, 916, 771, 858, 935, 917, 765, 768, 772, 767, 768, 889, 890, 772, 767, 772, 860, 859, 772, 890, 928, 860, 765, 769, 773, 768, 769, 913, 912, 773, 768, 773, 888, 889, 773, 912, 932, 888, 774, 775, 779, 778, 775, 856, 855, 779, 778, 779, 869, 868, 779, 855, 929, 869, 774, 776, 780, 775, 776, 886, 885, 780, 775, 780, 857, 856, 780, 885, 927, 857, 774, 777, 781, 776, 777, 877, 876, 781, 776, 781, 887, 886, 781, 876, 931, 887, 774, 778, 782, 777, 778, 868, 867, 782, 777, 782, 878, 877, 782, 867, 933, 878, 783, 784, 788, 787, 784, 895, 896, 788, 787, 788, 881, 880, 788, 896, 932, 881, 783, 785, 789, 784, 784, 789, 894, 895, 783, 786, 790, 785, 786, 892, 893, 790, 783, 787, 791, 786, 787, 880, 879, 791, 786, 791, 891, 892, 791, 879, 934, 891, 792, 793, 797, 796, 793, 901, 902, 797, 796, 797, 863, 862, 797, 902, 930, 863, 792, 794, 798, 793, 793, 798, 900, 901, 792, 795, 799, 794, 795, 898, 899, 799, 792, 796, 800, 795, 796, 862, 861, 800, 795, 800, 897, 898, 800, 861, 928, 897, 801, 802, 806, 805, 802, 898, 897, 806, 805, 806, 890, 889, 806, 897, 928, 890, 801, 803, 807, 802, 802, 807, 899, 898, 801, 804, 808, 803, 804, 895, 894, 808, 801, 805, 809, 804, 805, 889, 888, 809, 804, 809, 896, 895, 809, 888, 932, 896, 810, 811, 815, 814, 811, 892, 891, 815, 814, 815, 872, 871, 815, 891, 934, 872, 810, 812, 816, 811, 811, 816, 893, 892, 810, 813, 817, 812, 813, 901, 900, 817, 810, 814, 818, 813, 814, 871, 870, 818, 813, 818, 902, 901, 818, 870, 930, 902, 819, 820, 824, 823, 820, 886, 887, 824, 823, 824, 884, 883, 824, 887, 931, 884, 819, 821, 825, 820, 821, 904, 903, 825, 820, 825, 885, 886, 825, 903, 927, 885, 819, 822, 826, 821, 822, 916, 917, 826, 821, 826, 905, 904, 826, 917, 935, 905, 819, 823, 827, 822, 823, 883, 882, 827, 822, 827, 915, 916, 827, 882, 938, 915, 828, 829, 833, 832, 829, 877, 878, 833, 832, 833, 875, 874, 833, 878, 933, 875, 828, 830, 834, 829, 830, 883, 884, 834, 829, 834, 876, 877, 834, 884, 931, 876, 828, 831, 835, 830, 831, 919, 920, 835, 830, 835, 882, 883, 835, 920, 938, 882, 828, 832, 836, 831, 832, 874, 873, 836, 831, 836, 918, 919, 836, 873, 937, 918, 837, 838, 842, 841, 838, 868, 869, 842, 841, 842, 866, 865, 842, 869, 929, 866, 837, 839, 843, 838, 839, 874, 875, 843, 838, 843, 867, 868, 843, 875, 933, 867, 837, 840, 844, 839, 840, 922, 923, 844, 839, 844, 873, 874, 844, 923, 937, 873, 837, 841, 845, 840, 841, 865, 864, 845, 840, 845, 921, 922, 845, 864, 936, 921, 846, 847, 851, 850, 847, 856, 857, 851, 850, 851, 903, 904, 851, 857, 927, 903, 846, 848, 852, 847, 848, 865, 866, 852, 847, 852, 855, 856, 852, 866, 929, 855, 846, 849, 853, 848, 849, 925, 926, 853, 848, 853, 864, 865, 853, 926, 936, 864, 846, 850, 854, 849, 850, 904, 905, 854, 849, 854, 924, 925, 854, 905, 935, 924, 939, 967, 991, 972, 939, 972, 989, 957, 939, 957, 981, 953, 939, 953, 982, 967, 940, 957, 989, 971, 940, 971, 990, 958, 940, 958, 984, 956, 940, 956, 981, 957, 941, 968, 992, 970, 941, 970, 991, 967, 941, 967, 982, 954, 941, 954, 983, 968, 942, 958, 990, 969, 942, 969, 992, 968, 942, 968, 983, 955, 942, 955, 984, 958, 943, 962, 988, 961, 943, 961, 987, 963, 943, 963, 985, 964, 943, 964, 986, 962, 944, 953, 981, 956, 944, 956, 984, 955, 944, 955, 983, 954, 944, 954, 982, 953, 945, 966, 996, 980, 945, 980, 994, 974, 945, 974, 992, 969, 945, 969, 990, 966, 946, 974, 994, 979, 946, 979, 993, 973, 946, 973, 991, 970, 946, 970, 992, 974, 947, 965, 995, 978, 947, 978, 996, 966, 947, 966, 990, 971, 947, 971, 989, 965, 948, 973, 993, 977, 948, 977, 995, 965, 948, 965, 989, 972, 948, 972, 991, 973, 949, 959, 986, 964, 949, 964, 985, 975, 949, 975, 995, 977, 949, 977, 993, 959, 950, 975, 985, 963, 950, 963, 987, 976, 950, 976, 996, 978, 950, 978, 995, 975, 951, 960, 988, 962, 951, 962, 986, 959, 951, 959, 993, 979, 951, 979, 994, 960, 952, 976, 987, 961, 952, 961, 988, 960, 952, 960, 994, 980, 952, 980, 996, 976]
            rel material:binding = </root/_materials/Glass>
            normal3f[] normals = [(-0.8855901, 1.1987297e-8, -0.46446764), (-0.92093146, -2.3882174e-9, -0.38972458), (-0.862423, -0.31684393, -0.39476153), (-0.8286522, -0.30472228, -0.4695528), (-0.8286522, -0.30472228, -0.4695528), (-0.862423, -0.31684393, -0.39476153), (-0.64699787, -0.64699787, -0.40346935), (-0.62117165, -0.62117153, -0.4777989), (-0.92093146, -2.3882174e-9, -0.38972458), (-0.9938539, 4.8043155e-8, -0.11069891), (-0.932906, -0.34210956, -0.11246113), (-0.862423, -0.31684393, -0.39476153), (-0.862423, -0.31684393, -0.39476153), (-0.932906, -0.34210956, -0.11246113), (-0.7023548, -0.70235497, -0.11573797), (-0.64699787, -0.64699787, -0.40346935), (-0.8855901, 1.1987297e-8, -0.46446764), (-0.8286522, -0.30472228, -0.4695528), (-0.8759787, -0.32285967, -0.35836136), (-0.93498003, -7.574835e-8, -0.35470042), (-0.93498003, -7.574835e-8, -0.35470042), (-0.8759787, -0.32285967, -0.35836136), (-0.93439054, -0.34608325, 0.08450341), (-0.99646676, -6.3264906e-8, 0.08398789), (-0.8286522, -0.30472228, -0.4695528), (-0.62117165, -0.62117153, -0.4777989), (-0.6586732, -0.6586731, -0.36372977), (-0.8759787, -0.32285967, -0.35836136), (-0.8759787, -0.32285967, -0.35836136), (-0.6586732, -0.6586731, -0.36372977), (-0.7045517, -0.70455146, 0.0849362), (-0.93439054, -0.34608325, 0.08450341), (-0.8855901, 1.1987297e-8, -0.46446764), (-0.93498003, -7.574835e-8, -0.35470042), (-0.87597865, 0.32285967, -0.35836145), (-0.8286522, 0.30472228, -0.46955287), (-0.8286522, 0.30472228, -0.46955287), (-0.87597865, 0.32285967, -0.35836145), (-0.6586731, 0.6586732, -0.3637297), (-0.62117153, 0.62117153, -0.47779894), (-0.93498003, -7.574835e-8, -0.35470042), (-0.99646676, -6.3264906e-8, 0.08398789), (-0.9343904, 0.34608325, 0.084503576), (-0.87597865, 0.32285967, -0.35836145), (-0.87597865, 0.32285967, -0.35836145), (-0.9343904, 0.34608325, 0.084503576), (-0.7045515, 0.7045516, 0.084936306), (-0.6586731, 0.6586732, -0.3637297), (-0.8855901, 1.1987297e-8, -0.46446764), (-0.8286522, 0.30472228, -0.46955287), (-0.862423, 0.3168439, -0.3947615), (-0.92093146, -2.3882174e-9, -0.38972458), (-0.92093146, -2.3882174e-9, -0.38972458), (-0.862423, 0.3168439, -0.3947615), (-0.932906, 0.3421095, -0.112461135), (-0.9938539, 4.8043155e-8, -0.11069891), (-0.8286522, 0.30472228, -0.46955287), (-0.62117153, 0.62117153, -0.47779894), (-0.64699787, 0.64699787, -0.40346938), (-0.862423, 0.3168439, -0.3947615), (-0.862423, 0.3168439, -0.3947615), (-0.64699787, 0.64699787, -0.40346938), (-0.70235497, 0.70235485, -0.11573795), (-0.932906, 0.3421095, -0.112461135), (-1.2227045e-7, 0.8855901, -0.46446773), (-8.5975834e-8, 0.9209314, -0.38972464), (-0.31684393, 0.862423, -0.39476147), (-0.3047223, 0.82865214, -0.46955281), (-0.3047223, 0.82865214, -0.46955281), (-0.31684393, 0.862423, -0.39476147), (-0.64699787, 0.64699787, -0.40346938), (-0.62117153, 0.62117153, -0.47779894), (-8.5975834e-8, 0.9209314, -0.38972464), (-2.8825895e-8, 0.9938539, -0.11069887), (-0.34210953, 0.932906, -0.11246101), (-0.31684393, 0.862423, -0.39476147), (-0.31684393, 0.862423, -0.39476147), (-0.34210953, 0.932906, -0.11246101), (-0.70235497, 0.70235485, -0.11573795), (-0.64699787, 0.64699787, -0.40346938), (-1.2227045e-7, 0.8855901, -0.46446773), (-0.3047223, 0.82865214, -0.46955281), (-0.32285967, 0.87597877, -0.3583613), (-1.5394019e-7, 0.93498003, -0.35470033), (-1.5394019e-7, 0.93498003, -0.35470033), (-0.32285967, 0.87597877, -0.3583613), (-0.34608322, 0.9343904, 0.08450371), (-1.2125774e-7, 0.99646676, 0.083988056), (-0.3047223, 0.82865214, -0.46955281), (-0.62117153, 0.62117153, -0.47779894), (-0.6586731, 0.6586732, -0.3637297), (-0.32285967, 0.87597877, -0.3583613), (-0.32285967, 0.87597877, -0.3583613), (-0.6586731, 0.6586732, -0.3637297), (-0.7045515, 0.7045516, 0.084936306), (-0.34608322, 0.9343904, 0.08450371), (-1.2227045e-7, 0.8855901, -0.46446773), (-1.5394019e-7, 0.93498003, -0.35470033), (0.3228596, 0.8759788, -0.35836136), (0.30472234, 0.82865214, -0.46955287), (0.30472234, 0.82865214, -0.46955287), (0.3228596, 0.8759788, -0.35836136), (0.6586732, 0.65867317, -0.36372977), (0.62117165, 0.62117153, -0.47779885), (-1.5394019e-7, 0.93498003, -0.35470033), (-1.2125774e-7, 0.99646676, 0.083988056), (0.34608322, 0.9343905, 0.08450377), (0.3228596, 0.8759788, -0.35836136), (0.3228596, 0.8759788, -0.35836136), (0.34608322, 0.9343905, 0.08450377), (0.70455176, 0.70455146, 0.0849362), (0.6586732, 0.65867317, -0.36372977), (-1.2227045e-7, 0.8855901, -0.46446773), (0.30472234, 0.82865214, -0.46955287), (0.3168439, 0.862423, -0.3947615), (-8.5975834e-8, 0.9209314, -0.38972464), (-8.5975834e-8, 0.9209314, -0.38972464), (0.3168439, 0.862423, -0.3947615), (0.34210956, 0.93290603, -0.112461105), (-2.8825895e-8, 0.9938539, -0.11069887), (0.30472234, 0.82865214, -0.46955287), (0.62117165, 0.62117153, -0.47779885), (0.64699787, 0.6469978, -0.40346935), (0.3168439, 0.862423, -0.3947615), (0.3168439, 0.862423, -0.3947615), (0.64699787, 0.6469978, -0.40346935), (0.70235485, 0.7023549, -0.11573795), (0.34210956, 0.93290603, -0.112461105), (0.8855901, -1.1987297e-8, -0.46446764), (0.92093146, 2.3882174e-9, -0.38972458), (0.862423, 0.31684393, -0.39476153), (0.8286522, 0.30472228, -0.4695528), (0.8286522, 0.30472228, -0.4695528), (0.862423, 0.31684393, -0.39476153), (0.64699787, 0.6469978, -0.40346935), (0.62117165, 0.62117153, -0.47779885), (0.92093146, 2.3882174e-9, -0.38972458), (0.9938539, -4.8043155e-8, -0.11069891), (0.932906, 0.34210953, -0.11246113), (0.862423, 0.31684393, -0.39476153), (0.862423, 0.31684393, -0.39476153), (0.932906, 0.34210953, -0.11246113), (0.70235485, 0.7023549, -0.11573795), (0.64699787, 0.6469978, -0.40346935), (0.8855901, -1.1987297e-8, -0.46446764), (0.8286522, 0.30472228, -0.4695528), (0.8759787, 0.32285967, -0.35836136), (0.93498003, 7.574835e-8, -0.35470042), (0.93498003, 7.574835e-8, -0.35470042), (0.8759787, 0.32285967, -0.35836136), (0.93439054, 0.34608325, 0.08450341), (0.99646676, 6.3264906e-8, 0.08398789), (0.8286522, 0.30472228, -0.4695528), (0.62117165, 0.62117153, -0.47779885), (0.6586732, 0.65867317, -0.36372977), (0.8759787, 0.32285967, -0.35836136), (0.8759787, 0.32285967, -0.35836136), (0.6586732, 0.65867317, -0.36372977), (0.70455176, 0.70455146, 0.0849362), (0.93439054, 0.34608325, 0.08450341), (0.8855901, -1.1987297e-8, -0.46446764), (0.93498003, 7.574835e-8, -0.35470042), (0.87597865, -0.32285967, -0.35836145), (0.8286522, -0.30472228, -0.46955287), (0.8286522, -0.30472228, -0.46955287), (0.87597865, -0.32285967, -0.35836145), (0.6586731, -0.6586732, -0.3637297), (0.62117153, -0.62117153, -0.47779894), (0.93498003, 7.574835e-8, -0.35470042), (0.99646676, 6.3264906e-8, 0.08398789), (0.9343904, -0.34608325, 0.084503576), (0.87597865, -0.32285967, -0.35836145), (0.87597865, -0.32285967, -0.35836145), (0.9343904, -0.34608325, 0.084503576), (0.7045515, -0.7045516, 0.084936306), (0.6586731, -0.6586732, -0.3637297), (0.8855901, -1.1987297e-8, -0.46446764), (0.8286522, -0.30472228, -0.46955287), (0.862423, -0.3168439, -0.3947615), (0.92093146, 2.3882174e-9, -0.38972458), (0.92093146, 2.3882174e-9, -0.38972458), (0.862423, -0.3168439, -0.3947615), (0.932906, -0.3421095, -0.112461135), (0.9938539, -4.8043155e-8, -0.11069891), (0.8286522, -0.30472228, -0.46955287), (0.62117153, -0.62117153, -0.47779894), (0.64699787, -0.64699787, -0.40346938), (0.862423, -0.3168439, -0.3947615), (0.862423, -0.3168439, -0.3947615), (0.64699787, -0.64699787, -0.40346938), (0.70235497, -0.70235485, -0.11573795), (0.932906, -0.3421095, -0.112461135), (1.2227045e-7, -0.8855901, -0.46446773), (8.5975834e-8, -0.9209314, -0.38972464), (0.31684393, -0.862423, -0.39476147), (0.3047223, -0.82865214, -0.46955281), (0.3047223, -0.82865214, -0.46955281), (0.31684393, -0.862423, -0.39476147), (0.64699787, -0.64699787, -0.40346938), (0.62117153, -0.62117153, -0.47779894), (8.5975834e-8, -0.9209314, -0.38972464), (2.8825895e-8, -0.9938539, -0.11069887), (0.34210953, -0.932906, -0.11246101), (0.31684393, -0.862423, -0.39476147), (0.31684393, -0.862423, -0.39476147), (0.34210953, -0.932906, -0.11246101), (0.70235497, -0.70235485, -0.11573795), (0.64699787, -0.64699787, -0.40346938), (1.2227045e-7, -0.8855901, -0.46446773), (0.3047223, -0.82865214, -0.46955281), (0.32285967, -0.87597877, -0.3583613), (1.5394019e-7, -0.93498003, -0.35470033), (1.5394019e-7, -0.93498003, -0.35470033), (0.32285967, -0.87597877, -0.3583613), (0.34608322, -0.9343904, 0.08450371), (1.2125774e-7, -0.99646676, 0.083988056), (0.3047223, -0.82865214, -0.46955281), (0.62117153, -0.62117153, -0.47779894), (0.6586731, -0.6586732, -0.3637297), (0.32285967, -0.87597877, -0.3583613), (0.32285967, -0.87597877, -0.3583613), (0.6586731, -0.6586732, -0.3637297), (0.7045515, -0.7045516, 0.084936306), (0.34608322, -0.9343904, 0.08450371), (1.2227045e-7, -0.8855901, -0.46446773), (1.5394019e-7, -0.93498003, -0.35470033), (-0.3228596, -0.8759788, -0.35836136), (-0.30472234, -0.82865214, -0.46955287), (-0.30472234, -0.82865214, -0.46955287), (-0.3228596, -0.8759788, -0.35836136), (-0.6586732, -0.6586731, -0.36372977), (-0.62117165, -0.62117153, -0.4777989), (1.5394019e-7, -0.93498003, -0.35470033), (1.2125774e-7, -0.99646676, 0.083988056), (-0.34608322, -0.9343905, 0.08450377), (-0.3228596, -0.8759788, -0.35836136), (-0.3228596, -0.8759788, -0.35836136), (-0.34608322, -0.9343905, 0.08450377), (-0.7045517, -0.70455146, 0.0849362), (-0.6586732, -0.6586731, -0.36372977), (1.2227045e-7, -0.8855901, -0.46446773), (-0.30472234, -0.82865214, -0.46955287), (-0.31684387, -0.862423, -0.3947615), (8.5975834e-8, -0.9209314, -0.38972464), (8.5975834e-8, -0.9209314, -0.38972464), (-0.31684387, -0.862423, -0.3947615), (-0.3421095, -0.93290603, -0.112461105), (2.8825895e-8, -0.9938539, -0.11069887), (-0.30472234, -0.82865214, -0.46955287), (-0.62117165, -0.62117153, -0.4777989), (-0.64699787, -0.64699787, -0.40346935), (-0.31684387, -0.862423, -0.3947615), (-0.31684387, -0.862423, -0.3947615), (-0.64699787, -0.64699787, -0.40346935), (-0.7023548, -0.70235497, -0.11573797), (-0.3421095, -0.93290603, -0.112461105), (7.193135e-9, -2.3977118e-9, -1), (-0.20214099, 1.208194e-8, -0.9793564), (-0.22221544, 0.22221546, -0.9493368), (3.624582e-9, 0.20214096, -0.9793564), (3.624582e-9, 0.20214096, -0.9793564), (-0.22221544, 0.22221546, -0.9493368), (-0.2946996, 0.5686968, -0.76794285), (1.3063933e-8, 0.5999202, -0.80005985), (-0.20214099, 1.208194e-8, -0.9793564), (-0.5999202, 2.0902293e-8, -0.8000598), (-0.5686968, 0.29469967, -0.76794267), (-0.22221544, 0.22221546, -0.9493368), (-0.22221544, 0.22221546, -0.9493368), (-0.5686968, 0.29469967, -0.76794267), (-0.51307356, 0.51307356, -0.68812144), (-0.2946996, 0.5686968, -0.76794285), (7.193135e-9, -2.3977118e-9, -1), (3.624582e-9, 0.20214096, -0.9793564), (0.22221549, 0.22221546, -0.94933695), (0.20214096, -1.08737455e-8, -0.9793564), (0.20214096, -1.08737455e-8, -0.9793564), (0.22221549, 0.22221546, -0.94933695), (0.56869686, 0.2946996, -0.76794267), (0.5999203, -2.8740654e-8, -0.8000598), (3.624582e-9, 0.20214096, -0.9793564), (1.3063933e-8, 0.5999202, -0.80005985), (0.29469964, 0.56869686, -0.7679427), (0.22221549, 0.22221546, -0.94933695), (0.22221549, 0.22221546, -0.94933695), (0.29469964, 0.56869686, -0.7679427), (0.5130736, 0.5130735, -0.68812126), (0.56869686, 0.2946996, -0.76794267), (7.193135e-9, -2.3977118e-9, -1), (0.20214096, -1.08737455e-8, -0.9793564), (0.22221544, -0.22221546, -0.9493368), (3.624582e-9, -0.20214096, -0.9793564), (3.624582e-9, -0.20214096, -0.9793564), (0.22221544, -0.22221546, -0.9493368), (0.2946996, -0.5686968, -0.76794285), (-1.3063933e-8, -0.5999202, -0.80005985), (0.20214096, -1.08737455e-8, -0.9793564), (0.5999203, -2.8740654e-8, -0.8000598), (0.5686968, -0.29469967, -0.76794267), (0.22221544, -0.22221546, -0.9493368), (0.22221544, -0.22221546, -0.9493368), (0.5686968, -0.29469967, -0.76794267), (0.51307356, -0.51307356, -0.68812144), (0.2946996, -0.5686968, -0.76794285), (7.193135e-9, -2.3977118e-9, -1), (3.624582e-9, -0.20214096, -0.9793564), (-0.22221544, -0.22221546, -0.9493368), (-0.20214099, 1.208194e-8, -0.9793564), (-0.20214099, 1.208194e-8, -0.9793564), (-0.22221544, -0.22221546, -0.9493368), (-0.56869686, -0.29469958, -0.76794267), (-0.5999202, 2.0902293e-8, -0.8000598), (3.624582e-9, -0.20214096, -0.9793564), (-1.3063933e-8, -0.5999202, -0.80005985), (-0.29469964, -0.56869674, -0.7679427), (-0.22221544, -0.22221546, -0.9493368), (-0.22221544, -0.22221546, -0.9493368), (-0.29469964, -0.56869674, -0.7679427), (-0.51307356, -0.5130735, -0.68812144), (-0.56869686, -0.29469958, -0.76794267), (0.64369893, 3.597202e-8, 0.7652789), (0.5998803, -0.22006012, 0.7692316), (0.76639295, -0.2820947, 0.5771174), (0.81920946, -4.9636006e-9, 0.5734945), (0.81920946, -4.9636006e-9, 0.5734945), (0.76639295, -0.2820947, 0.5771174), (0.9343904, -0.34608325, 0.084503576), (0.99646676, 6.3264906e-8, 0.08398789), (0.5998803, -0.22006012, 0.7692316), (0.44670466, -0.44670445, 0.77518386), (0.57516795, -0.5751677, 0.5816906), (0.76639295, -0.2820947, 0.5771174), (0.76639295, -0.2820947, 0.5771174), (0.57516795, -0.5751677, 0.5816906), (0.7045515, -0.7045516, 0.084936306), (0.9343904, -0.34608325, 0.084503576), (0.64369893, 3.597202e-8, 0.7652789), (0.81920946, -4.9636006e-9, 0.5734945), (0.76639295, 0.28209472, 0.5771173), (0.59988004, 0.22006014, 0.7692317), (0.59988004, 0.22006014, 0.7692317), (0.76639295, 0.28209472, 0.5771173), (0.57516795, 0.57516766, 0.5816906), (0.44670454, 0.44670445, 0.7751839), (0.81920946, -4.9636006e-9, 0.5734945), (0.99646676, 6.3264906e-8, 0.08398789), (0.93439054, 0.34608325, 0.08450341), (0.76639295, 0.28209472, 0.5771173), (0.76639295, 0.28209472, 0.5771173), (0.93439054, 0.34608325, 0.08450341), (0.70455176, 0.70455146, 0.0849362), (0.57516795, 0.57516766, 0.5816906), (0.64369893, 3.597202e-8, 0.7652789), (0.59988004, 0.22006014, 0.7692317), (0.5808731, 0.21317251, 0.7855851), (0.6243959, 9.758245e-8, 0.7811081), (0.6243959, 9.758245e-8, 0.7811081), (0.5808731, 0.21317251, 0.7855851), (0.7095866, 0.26045802, 0.65471244), (0.76116115, 2.2229688e-7, 0.6485627), (0.59988004, 0.22006014, 0.7692317), (0.44670454, 0.44670445, 0.7751839), (0.43080643, 0.43080613, 0.79297656), (0.5808731, 0.21317251, 0.7855851), (0.5808731, 0.21317251, 0.7855851), (0.43080643, 0.43080613, 0.79297656), (0.5276187, 0.5276183, 0.6657608), (0.7095866, 0.26045802, 0.65471244), (0.64369893, 3.597202e-8, 0.7652789), (0.6243959, 9.758245e-8, 0.7811081), (0.5808731, -0.21317255, 0.7855851), (0.5998803, -0.22006012, 0.7692316), (0.5998803, -0.22006012, 0.7692316), (0.5808731, -0.21317255, 0.7855851), (0.43080616, -0.43080637, 0.79297656), (0.44670466, -0.44670445, 0.77518386), (0.6243959, 9.758245e-8, 0.7811081), (0.76116115, 2.2229688e-7, 0.6485627), (0.7095866, -0.26045802, 0.65471244), (0.5808731, -0.21317255, 0.7855851), (0.5808731, -0.21317255, 0.7855851), (0.7095866, -0.26045802, 0.65471244), (0.5276183, -0.5276187, 0.6657609), (0.43080616, -0.43080637, 0.79297656), (-0.95835006, -2.3931333e-8, -0.28559634), (-0.89837724, 0.33035752, -0.28945175), (-0.9204963, 0.3385301, -0.19515087), (-0.98131335, 6.223745e-8, -0.19241622), (-0.98131335, 6.223745e-8, -0.19241622), (-0.9204963, 0.3385301, -0.19515087), (-0.9335162, 0.343415, -0.10302303), (-0.9948303, -4.3122075e-8, -0.101551086), (-0.89837724, 0.33035752, -0.28945175), (-0.6754293, 0.67543054, -0.29595402), (-0.69285136, 0.6928515, -0.19978444), (-0.9204963, 0.3385301, -0.19515087), (-0.9204963, 0.3385301, -0.19515087), (-0.69285136, 0.6928515, -0.19978444), (-0.7031602, 0.70316017, -0.10550537), (-0.9335162, 0.343415, -0.10302303), (-0.95835006, -2.3931333e-8, -0.28559634), (-0.98131335, 6.223745e-8, -0.19241622), (-0.9204963, -0.33853006, -0.19515102), (-0.89837706, -0.33035782, -0.28945202), (-0.89837706, -0.33035782, -0.28945202), (-0.9204963, -0.33853006, -0.19515102), (-0.69285107, -0.69285166, -0.19978459), (-0.67542964, -0.6754303, -0.2959539), (-0.98131335, 6.223745e-8, -0.19241622), (-0.9948303, -4.3122075e-8, -0.101551086), (-0.9335162, -0.34341502, -0.10302305), (-0.9204963, -0.33853006, -0.19515102), (-0.9204963, -0.33853006, -0.19515102), (-0.9335162, -0.34341502, -0.10302305), (-0.7031603, -0.7031601, -0.10550539), (-0.69285107, -0.69285166, -0.19978459), (-0.95835006, -2.3931333e-8, -0.28559634), (-0.89837706, -0.33035782, -0.28945202), (-0.8879384, -0.3267798, -0.32369792), (-0.94751424, 3.075871e-7, -0.31971344), (-0.94751424, 3.075871e-7, -0.31971344), (-0.8879384, -0.3267798, -0.32369792), (-0.9247988, -0.3413538, -0.16800219), (-0.9860937, 9.127113e-8, -0.16619019), (-0.89837706, -0.33035782, -0.28945202), (-0.67542964, -0.6754303, -0.2959539), (-0.66745704, -0.6674571, -0.3301545), (-0.8879384, -0.3267798, -0.32369792), (-0.8879384, -0.3267798, -0.32369792), (-0.66745704, -0.6674571, -0.3301545), (-0.6967443, -0.69674265, -0.1705782), (-0.9247988, -0.3413538, -0.16800219), (-0.95835006, -2.3931333e-8, -0.28559634), (-0.94751424, 3.075871e-7, -0.31971344), (-0.88793916, 0.3267789, -0.32369682), (-0.89837724, 0.33035752, -0.28945175), (-0.89837724, 0.33035752, -0.28945175), (-0.88793916, 0.3267789, -0.32369682), (-0.66745687, 0.66745734, -0.3301545), (-0.6754293, 0.67543054, -0.29595402), (-0.94751424, 3.075871e-7, -0.31971344), (-0.9860937, 9.127113e-8, -0.16619019), (-0.92479867, 0.34135464, -0.1680013), (-0.88793916, 0.3267789, -0.32369682), (-0.88793916, 0.3267789, -0.32369682), (-0.92479867, 0.34135464, -0.1680013), (-0.6967444, 0.69674283, -0.17057793), (-0.66745687, 0.66745734, -0.3301545), (-0.64369893, -3.597202e-8, 0.7652789), (-0.5998803, 0.22006012, 0.7692316), (-0.76639295, 0.2820947, 0.5771174), (-0.81920946, 4.9636006e-9, 0.5734945), (-0.81920946, 4.9636006e-9, 0.5734945), (-0.76639295, 0.2820947, 0.5771174), (-0.9343904, 0.34608325, 0.084503576), (-0.99646676, -6.3264906e-8, 0.08398789), (-0.5998803, 0.22006012, 0.7692316), (-0.44670466, 0.44670445, 0.77518386), (-0.57516795, 0.5751677, 0.5816906), (-0.76639295, 0.2820947, 0.5771174), (-0.76639295, 0.2820947, 0.5771174), (-0.57516795, 0.5751677, 0.5816906), (-0.7045515, 0.7045516, 0.084936306), (-0.9343904, 0.34608325, 0.084503576), (-0.64369893, -3.597202e-8, 0.7652789), (-0.81920946, 4.9636006e-9, 0.5734945), (-0.76639295, -0.28209472, 0.5771173), (-0.59988004, -0.22006014, 0.7692317), (-0.59988004, -0.22006014, 0.7692317), (-0.76639295, -0.28209472, 0.5771173), (-0.57516795, -0.57516766, 0.5816906), (-0.44670454, -0.44670445, 0.7751839), (-0.81920946, 4.9636006e-9, 0.5734945), (-0.99646676, -6.3264906e-8, 0.08398789), (-0.93439054, -0.34608325, 0.08450341), (-0.76639295, -0.28209472, 0.5771173), (-0.76639295, -0.28209472, 0.5771173), (-0.93439054, -0.34608325, 0.08450341), (-0.7045517, -0.70455146, 0.0849362), (-0.57516795, -0.57516766, 0.5816906), (-0.64369893, -3.597202e-8, 0.7652789), (-0.59988004, -0.22006014, 0.7692317), (-0.5808731, -0.21317251, 0.7855851), (-0.6243959, -9.758245e-8, 0.7811081), (-0.6243959, -9.758245e-8, 0.7811081), (-0.5808731, -0.21317251, 0.7855851), (-0.7095866, -0.26045802, 0.65471244), (-0.76116115, -2.2229688e-7, 0.6485627), (-0.59988004, -0.22006014, 0.7692317), (-0.44670454, -0.44670445, 0.7751839), (-0.43080643, -0.43080613, 0.79297656), (-0.5808731, -0.21317251, 0.7855851), (-0.5808731, -0.21317251, 0.7855851), (-0.43080643, -0.43080613, 0.79297656), (-0.5276187, -0.5276183, 0.6657608), (-0.7095866, -0.26045802, 0.65471244), (-0.64369893, -3.597202e-8, 0.7652789), (-0.6243959, -9.758245e-8, 0.7811081), (-0.5808731, 0.21317255, 0.7855851), (-0.5998803, 0.22006012, 0.7692316), (-0.5998803, 0.22006012, 0.7692316), (-0.5808731, 0.21317255, 0.7855851), (-0.43080616, 0.43080637, 0.79297656), (-0.44670466, 0.44670445, 0.77518386), (-0.6243959, -9.758245e-8, 0.7811081), (-0.76116115, -2.2229688e-7, 0.6485627), (-0.7095866, 0.26045802, 0.65471244), (-0.5808731, 0.21317255, 0.7855851), (-0.5808731, 0.21317255, 0.7855851), (-0.7095866, 0.26045802, 0.65471244), (-0.5276183, 0.5276187, 0.6657609), (-0.43080616, 0.43080637, 0.79297656), (1.1271232e-7, -0.64369905, 0.7652787), (-0.22006021, -0.5998802, 0.7692316), (-0.28209493, -0.76639277, 0.57711744), (5.4599607e-8, -0.81920946, 0.57349455), (5.4599607e-8, -0.81920946, 0.57349455), (-0.28209493, -0.76639277, 0.57711744), (-0.34608322, -0.9343905, 0.08450377), (1.2125774e-7, -0.99646676, 0.083988056), (-0.22006021, -0.5998802, 0.7692316), (-0.44670454, -0.44670445, 0.7751839), (-0.57516795, -0.57516766, 0.5816906), (-0.28209493, -0.76639277, 0.57711744), (-0.28209493, -0.76639277, 0.57711744), (-0.57516795, -0.57516766, 0.5816906), (-0.7045517, -0.70455146, 0.0849362), (-0.34608322, -0.9343905, 0.08450377), (1.1271232e-7, -0.64369905, 0.7652787), (5.4599607e-8, -0.81920946, 0.57349455), (0.28209484, -0.7663928, 0.5771174), (0.22006032, -0.59988016, 0.7692316), (0.22006032, -0.59988016, 0.7692316), (0.28209484, -0.7663928, 0.5771174), (0.57516795, -0.5751677, 0.5816906), (0.44670466, -0.44670445, 0.77518386), (5.4599607e-8, -0.81920946, 0.57349455), (1.2125774e-7, -0.99646676, 0.083988056), (0.34608322, -0.9343904, 0.08450371), (0.28209484, -0.7663928, 0.5771174), (0.28209484, -0.7663928, 0.5771174), (0.34608322, -0.9343904, 0.08450371), (0.7045515, -0.7045516, 0.084936306), (0.57516795, -0.5751677, 0.5816906), (1.1271232e-7, -0.64369905, 0.7652787), (0.22006032, -0.59988016, 0.7692316), (0.21317242, -0.580873, 0.7855851), (3.59389e-7, -0.624396, 0.78110796), (3.59389e-7, -0.624396, 0.78110796), (0.21317242, -0.580873, 0.7855851), (0.26045784, -0.70958674, 0.6547124), (2.581512e-7, -0.76116115, 0.6485628), (0.22006032, -0.59988016, 0.7692316), (0.44670466, -0.44670445, 0.77518386), (0.43080616, -0.43080637, 0.79297656), (0.21317242, -0.580873, 0.7855851), (0.21317242, -0.580873, 0.7855851), (0.43080616, -0.43080637, 0.79297656), (0.5276183, -0.5276187, 0.6657609), (0.26045784, -0.70958674, 0.6547124), (1.1271232e-7, -0.64369905, 0.7652787), (3.59389e-7, -0.624396, 0.78110796), (-0.21317235, -0.58087313, 0.7855851), (-0.22006021, -0.5998802, 0.7692316), (-0.22006021, -0.5998802, 0.7692316), (-0.21317235, -0.58087313, 0.7855851), (-0.43080643, -0.43080613, 0.79297656), (-0.44670454, -0.44670445, 0.7751839), (3.59389e-7, -0.624396, 0.78110796), (2.581512e-7, -0.76116115, 0.6485628), (-0.26045808, -0.70958674, 0.65471226), (-0.21317235, -0.58087313, 0.7855851), (-0.21317235, -0.58087313, 0.7855851), (-0.26045808, -0.70958674, 0.65471226), (-0.5276187, -0.5276183, 0.6657608), (-0.43080643, -0.43080613, 0.79297656), (-1.1271232e-7, 0.64369905, 0.7652787), (0.22006021, 0.5998802, 0.7692316), (0.28209493, 0.76639277, 0.57711744), (-5.4599607e-8, 0.81920946, 0.57349455), (-5.4599607e-8, 0.81920946, 0.57349455), (0.28209493, 0.76639277, 0.57711744), (0.34608322, 0.9343905, 0.08450377), (-1.2125774e-7, 0.99646676, 0.083988056), (0.22006021, 0.5998802, 0.7692316), (0.44670454, 0.44670445, 0.7751839), (0.57516795, 0.57516766, 0.5816906), (0.28209493, 0.76639277, 0.57711744), (0.28209493, 0.76639277, 0.57711744), (0.57516795, 0.57516766, 0.5816906), (0.70455176, 0.70455146, 0.0849362), (0.34608322, 0.9343905, 0.08450377), (-1.1271232e-7, 0.64369905, 0.7652787), (-5.4599607e-8, 0.81920946, 0.57349455), (-0.28209484, 0.7663928, 0.5771174), (-0.22006032, 0.59988016, 0.7692316), (-0.22006032, 0.59988016, 0.7692316), (-0.28209484, 0.7663928, 0.5771174), (-0.57516795, 0.5751677, 0.5816906), (-0.44670466, 0.44670445, 0.77518386), (-5.4599607e-8, 0.81920946, 0.57349455), (-1.2125774e-7, 0.99646676, 0.083988056), (-0.34608322, 0.9343904, 0.08450371), (-0.28209484, 0.7663928, 0.5771174), (-0.28209484, 0.7663928, 0.5771174), (-0.34608322, 0.9343904, 0.08450371), (-0.7045515, 0.7045516, 0.084936306), (-0.57516795, 0.5751677, 0.5816906), (-1.1271232e-7, 0.64369905, 0.7652787), (-0.22006032, 0.59988016, 0.7692316), (-0.21317242, 0.580873, 0.7855851), (-3.59389e-7, 0.624396, 0.78110796), (-3.59389e-7, 0.624396, 0.78110796), (-0.21317242, 0.580873, 0.7855851), (-0.26045784, 0.70958674, 0.6547124), (-2.581512e-7, 0.76116115, 0.6485628), (-0.22006032, 0.59988016, 0.7692316), (-0.44670466, 0.44670445, 0.77518386), (-0.43080616, 0.43080637, 0.79297656), (-0.21317242, 0.580873, 0.7855851), (-0.21317242, 0.580873, 0.7855851), (-0.43080616, 0.43080637, 0.79297656), (-0.5276183, 0.5276187, 0.6657609), (-0.26045784, 0.70958674, 0.6547124), (-1.1271232e-7, 0.64369905, 0.7652787), (-3.59389e-7, 0.624396, 0.78110796), (0.21317235, 0.58087313, 0.7855851), (0.22006021, 0.5998802, 0.7692316), (0.22006021, 0.5998802, 0.7692316), (0.21317235, 0.58087313, 0.7855851), (0.43080643, 0.43080613, 0.79297656), (0.44670454, 0.44670445, 0.7751839), (-3.59389e-7, 0.624396, 0.78110796), (-2.581512e-7, 0.76116115, 0.6485628), (0.26045808, 0.70958674, 0.65471226), (0.21317235, 0.58087313, 0.7855851), (0.21317235, 0.58087313, 0.7855851), (0.26045808, 0.70958674, 0.65471226), (0.5276187, 0.5276183, 0.6657608), (0.43080643, 0.43080613, 0.79297656), (1.5794679e-7, -0.95835006, -0.28559616), (-0.33035725, -0.89837736, -0.28945157), (-0.3385298, -0.92049646, -0.19515096), (-8.1387434e-8, -0.98131335, -0.19241644), (-8.1387434e-8, -0.98131335, -0.19241644), (-0.3385298, -0.92049646, -0.19515096), (-0.3434153, -0.933516, -0.10302313), (-4.3122075e-8, -0.9948303, -0.101551205), (-0.33035725, -0.89837736, -0.28945157), (-0.67542964, -0.6754303, -0.2959539), (-0.69285107, -0.69285166, -0.19978459), (-0.3385298, -0.92049646, -0.19515096), (-0.3385298, -0.92049646, -0.19515096), (-0.69285107, -0.69285166, -0.19978459), (-0.7031603, -0.7031601, -0.10550539), (-0.3434153, -0.933516, -0.10302313), (1.5794679e-7, -0.95835006, -0.28559616), (-8.1387434e-8, -0.98131335, -0.19241644), (0.3385301, -0.92049634, -0.195151), (0.33035678, -0.8983776, -0.28945172), (0.33035678, -0.8983776, -0.28945172), (0.3385301, -0.92049634, -0.195151), (0.69285136, -0.6928514, -0.19978459), (0.6754293, -0.6754306, -0.29595402), (-8.1387434e-8, -0.98131335, -0.19241644), (-4.3122075e-8, -0.9948303, -0.101551205), (0.34341523, -0.933516, -0.10302315), (0.3385301, -0.92049634, -0.195151), (0.3385301, -0.92049634, -0.195151), (0.34341523, -0.933516, -0.10302315), (0.70316035, -0.7031601, -0.1055054), (0.69285136, -0.6928514, -0.19978459), (1.5794679e-7, -0.95835006, -0.28559616), (0.33035678, -0.8983776, -0.28945172), (0.3267777, -0.8879395, -0.3236971), (3.8928982e-7, -0.94751483, -0.31971174), (3.8928982e-7, -0.94751483, -0.31971174), (0.3267777, -0.8879395, -0.3236971), (0.34135512, -0.9247984, -0.16800146), (-1.0853861e-7, -0.98609394, -0.16618852), (0.33035678, -0.8983776, -0.28945172), (0.6754293, -0.6754306, -0.29595402), (0.66745687, -0.66745734, -0.33015442), (0.3267777, -0.8879395, -0.3236971), (0.3267777, -0.8879395, -0.3236971), (0.66745687, -0.66745734, -0.33015442), (0.6967445, -0.6967426, -0.17057793), (0.34135512, -0.9247984, -0.16800146), (1.5794679e-7, -0.95835006, -0.28559616), (3.8928982e-7, -0.94751483, -0.31971174), (-0.32677937, -0.88793916, -0.32369614), (-0.33035725, -0.89837736, -0.28945157), (-0.33035725, -0.89837736, -0.28945157), (-0.32677937, -0.88793916, -0.32369614), (-0.66745704, -0.6674571, -0.3301545), (-0.67542964, -0.6754303, -0.2959539), (3.8928982e-7, -0.94751483, -0.31971174), (-1.0853861e-7, -0.98609394, -0.16618852), (-0.34135488, -0.9247987, -0.16800043), (-0.32677937, -0.88793916, -0.32369614), (-0.32677937, -0.88793916, -0.32369614), (-0.34135488, -0.9247987, -0.16800043), (-0.6967443, -0.69674265, -0.1705782), (-0.66745704, -0.6674571, -0.3301545), (-1.5794679e-7, 0.95835006, -0.28559616), (0.33035696, 0.8983774, -0.28945178), (0.33853012, 0.9204963, -0.1951509), (8.1387434e-8, 0.98131335, -0.19241644), (8.1387434e-8, 0.98131335, -0.19241644), (0.33853012, 0.9204963, -0.1951509), (0.3434153, 0.933516, -0.10302311), (4.3122075e-8, 0.9948303, -0.101551205), (0.33035696, 0.8983774, -0.28945178), (0.67542946, 0.67543036, -0.29595402), (0.6928514, 0.69285136, -0.19978446), (0.33853012, 0.9204963, -0.1951509), (0.33853012, 0.9204963, -0.1951509), (0.6928514, 0.69285136, -0.19978446), (0.7031603, 0.7031601, -0.105505385), (0.3434153, 0.933516, -0.10302311), (-1.5794679e-7, 0.95835006, -0.28559616), (8.1387434e-8, 0.98131335, -0.19241644), (-0.33853003, 0.92049634, -0.19515093), (-0.3303567, 0.89837754, -0.28945157), (-0.3303567, 0.89837754, -0.28945157), (-0.33853003, 0.92049634, -0.19515093), (-0.69285136, 0.6928515, -0.19978444), (-0.6754293, 0.67543054, -0.29595402), (8.1387434e-8, 0.98131335, -0.19241644), (4.3122075e-8, 0.9948303, -0.101551205), (-0.3434152, 0.93351614, -0.10302312), (-0.33853003, 0.92049634, -0.19515093), (-0.33853003, 0.92049634, -0.19515093), (-0.3434152, 0.93351614, -0.10302312), (-0.7031602, 0.70316017, -0.10550537), (-0.69285136, 0.6928515, -0.19978444), (-1.5794679e-7, 0.95835006, -0.28559616), (-0.3303567, 0.89837754, -0.28945157), (-0.3267777, 0.8879395, -0.32369706), (-3.8928982e-7, 0.94751483, -0.31971174), (-3.8928982e-7, 0.94751483, -0.31971174), (-0.3267777, 0.8879395, -0.32369706), (-0.34135512, 0.9247984, -0.16800146), (1.0853861e-7, 0.98609394, -0.16618852), (-0.3303567, 0.89837754, -0.28945157), (-0.6754293, 0.67543054, -0.29595402), (-0.66745687, 0.66745734, -0.3301545), (-0.3267777, 0.8879395, -0.32369706), (-0.3267777, 0.8879395, -0.32369706), (-0.66745687, 0.66745734, -0.3301545), (-0.6967444, 0.69674283, -0.17057793), (-0.34135512, 0.9247984, -0.16800146), (-1.5794679e-7, 0.95835006, -0.28559616), (-3.8928982e-7, 0.94751483, -0.31971174), (0.32677838, 0.8879395, -0.3236963), (0.33035696, 0.8983774, -0.28945178), (0.33035696, 0.8983774, -0.28945178), (0.32677838, 0.8879395, -0.3236963), (0.66745615, 0.6674579, -0.33015496), (0.67542946, 0.67543036, -0.29595402), (-3.8928982e-7, 0.94751483, -0.31971174), (1.0853861e-7, 0.98609394, -0.16618852), (0.34135452, 0.9247989, -0.16800039), (0.32677838, 0.8879395, -0.3236963), (0.32677838, 0.8879395, -0.3236963), (0.34135452, 0.9247989, -0.16800039), (0.6967442, 0.69674283, -0.17057842), (0.66745615, 0.6674579, -0.33015496), (0.95835006, 2.3931333e-8, -0.28559634), (0.89837724, -0.3303576, -0.2894517), (0.92049634, -0.3385301, -0.19515093), (0.98131335, -6.223745e-8, -0.19241622), (0.98131335, -6.223745e-8, -0.19241622), (0.92049634, -0.3385301, -0.19515093), (0.9335162, -0.343415, -0.10302303), (0.9948303, 4.3122075e-8, -0.101551086), (0.89837724, -0.3303576, -0.2894517), (0.6754293, -0.6754306, -0.29595402), (0.69285136, -0.6928514, -0.19978459), (0.92049634, -0.3385301, -0.19515093), (0.92049634, -0.3385301, -0.19515093), (0.69285136, -0.6928514, -0.19978459), (0.70316035, -0.7031601, -0.1055054), (0.9335162, -0.343415, -0.10302303), (0.95835006, 2.3931333e-8, -0.28559634), (0.98131335, -6.223745e-8, -0.19241622), (0.92049634, 0.33852997, -0.19515093), (0.89837706, 0.33035776, -0.28945193), (0.89837706, 0.33035776, -0.28945193), (0.92049634, 0.33852997, -0.19515093), (0.6928514, 0.69285136, -0.19978446), (0.67542946, 0.67543036, -0.29595402), (0.98131335, -6.223745e-8, -0.19241622), (0.9948303, 4.3122075e-8, -0.101551086), (0.9335162, 0.34341505, -0.10302305), (0.92049634, 0.33852997, -0.19515093), (0.92049634, 0.33852997, -0.19515093), (0.9335162, 0.34341505, -0.10302305), (0.7031603, 0.7031601, -0.105505385), (0.6928514, 0.69285136, -0.19978446), (0.95835006, 2.3931333e-8, -0.28559634), (0.89837706, 0.33035776, -0.28945193), (0.8879383, 0.32677978, -0.3236981), (0.94751424, -3.075871e-7, -0.31971344), (0.94751424, -3.075871e-7, -0.31971344), (0.8879383, 0.32677978, -0.3236981), (0.92479885, 0.3413535, -0.16800241), (0.9860937, -9.127113e-8, -0.16619019), (0.89837706, 0.33035776, -0.28945193), (0.67542946, 0.67543036, -0.29595402), (0.66745615, 0.6674579, -0.33015496), (0.8879383, 0.32677978, -0.3236981), (0.8879383, 0.32677978, -0.3236981), (0.66745615, 0.6674579, -0.33015496), (0.6967442, 0.69674283, -0.17057842), (0.92479885, 0.3413535, -0.16800241), (0.95835006, 2.3931333e-8, -0.28559634), (0.94751424, -3.075871e-7, -0.31971344), (0.8879392, -0.3267788, -0.3236967), (0.89837724, -0.3303576, -0.2894517), (0.89837724, -0.3303576, -0.2894517), (0.8879392, -0.3267788, -0.3236967), (0.66745687, -0.66745734, -0.33015442), (0.6754293, -0.6754306, -0.29595402), (0.94751424, -3.075871e-7, -0.31971344), (0.9860937, -9.127113e-8, -0.16619019), (0.9247987, -0.34135443, -0.1680013), (0.8879392, -0.3267788, -0.3236967), (0.8879392, -0.3267788, -0.3236967), (0.9247987, -0.34135443, -0.1680013), (0.6967445, -0.6967426, -0.17057793), (0.66745687, -0.66745734, -0.33015442), (0.98480153, 4.7810246e-8, 0.17368342), (0.92394274, -0.3395008, 0.17626372), (0.85930043, -0.31547758, 0.40258726), (0.91767967, 1.6487647e-7, 0.3973211), (0.91767967, 1.6487647e-7, 0.3973211), (0.85930043, -0.31547758, 0.40258726), (0.7095866, -0.26045802, 0.65471244), (0.76116115, 2.2229688e-7, 0.6485627), (0.92394274, -0.3395008, 0.17626372), (0.6954571, -0.69545686, 0.18077385), (0.64431983, -0.64431983, 0.4119513), (0.85930043, -0.31547758, 0.40258726), (0.85930043, -0.31547758, 0.40258726), (0.64431983, -0.64431983, 0.4119513), (0.5276183, -0.5276187, 0.6657609), (0.7095866, -0.26045802, 0.65471244), (0.98480153, 4.7810246e-8, 0.17368342), (0.91767967, 1.6487647e-7, 0.3973211), (0.85930043, 0.31547776, 0.40258726), (0.92394286, 0.3395009, 0.17626365), (0.92394286, 0.3395009, 0.17626365), (0.85930043, 0.31547776, 0.40258726), (0.6443198, 0.64431983, 0.41195142), (0.6954569, 0.69545704, 0.18077402), (0.91767967, 1.6487647e-7, 0.3973211), (0.76116115, 2.2229688e-7, 0.6485627), (0.7095866, 0.26045802, 0.65471244), (0.85930043, 0.31547776, 0.40258726), (0.85930043, 0.31547776, 0.40258726), (0.7095866, 0.26045802, 0.65471244), (0.5276187, 0.5276183, 0.6657608), (0.6443198, 0.64431983, 0.41195142), (0.98480153, 4.7810246e-8, 0.17368342), (0.92394286, 0.3395009, 0.17626365), (0.9385342, 0.34509903, 0.007761258), (0.99997073, 6.699756e-8, 0.007646708), (0.99997073, 6.699756e-8, 0.007646708), (0.9385342, 0.34509903, 0.007761258), (0.9335162, 0.34341505, -0.10302305), (0.9948303, 4.3122075e-8, -0.101551086), (0.92394286, 0.3395009, 0.17626365), (0.6954569, 0.69545704, 0.18077402), (0.7070844, 0.70708436, 0.0079578655), (0.9385342, 0.34509903, 0.007761258), (0.9385342, 0.34509903, 0.007761258), (0.7070844, 0.70708436, 0.0079578655), (0.7031603, 0.7031601, -0.105505385), (0.9335162, 0.34341505, -0.10302305), (0.98480153, 4.7810246e-8, 0.17368342), (0.99997073, 6.699756e-8, 0.007646708), (0.9385342, -0.34509894, 0.0077612884), (0.92394274, -0.3395008, 0.17626372), (0.92394274, -0.3395008, 0.17626372), (0.9385342, -0.34509894, 0.0077612884), (0.7070844, -0.70708436, 0.00795788), (0.6954571, -0.69545686, 0.18077385), (0.99997073, 6.699756e-8, 0.007646708), (0.9948303, 4.3122075e-8, -0.101551086), (0.9335162, -0.343415, -0.10302303), (0.9385342, -0.34509894, 0.0077612884), (0.9385342, -0.34509894, 0.0077612884), (0.9335162, -0.343415, -0.10302303), (0.70316035, -0.7031601, -0.1055054), (0.7070844, -0.70708436, 0.00795788), (5.259127e-8, 0.98480153, 0.17368342), (0.33950076, 0.9239428, 0.1762637), (0.3154778, 0.85930043, 0.40258726), (1.4098133e-7, 0.91767967, 0.3973211), (1.4098133e-7, 0.91767967, 0.3973211), (0.3154778, 0.85930043, 0.40258726), (0.26045808, 0.70958674, 0.65471226), (-2.581512e-7, 0.76116115, 0.6485628), (0.33950076, 0.9239428, 0.1762637), (0.6954569, 0.69545704, 0.18077402), (0.6443198, 0.64431983, 0.41195142), (0.3154778, 0.85930043, 0.40258726), (0.3154778, 0.85930043, 0.40258726), (0.6443198, 0.64431983, 0.41195142), (0.5276187, 0.5276183, 0.6657608), (0.26045808, 0.70958674, 0.65471226), (5.259127e-8, 0.98480153, 0.17368342), (1.4098133e-7, 0.91767967, 0.3973211), (-0.31547773, 0.8593006, 0.40258703), (-0.33950102, 0.92394274, 0.17626362), (-0.33950102, 0.92394274, 0.17626362), (-0.31547773, 0.8593006, 0.40258703), (-0.64431983, 0.6443199, 0.4119513), (-0.6954571, 0.69545686, 0.18077385), (1.4098133e-7, 0.91767967, 0.3973211), (-2.581512e-7, 0.76116115, 0.6485628), (-0.26045784, 0.70958674, 0.6547124), (-0.31547773, 0.8593006, 0.40258703), (-0.31547773, 0.8593006, 0.40258703), (-0.26045784, 0.70958674, 0.6547124), (-0.5276183, 0.5276187, 0.6657609), (-0.64431983, 0.6443199, 0.4119513), (5.259127e-8, 0.98480153, 0.17368342), (-0.33950102, 0.92394274, 0.17626362), (-0.3450991, 0.9385342, 0.007761265), (-4.78554e-8, 0.99997073, 0.0076467656), (-4.78554e-8, 0.99997073, 0.0076467656), (-0.3450991, 0.9385342, 0.007761265), (-0.3434152, 0.93351614, -0.10302312), (4.3122075e-8, 0.9948303, -0.101551205), (-0.33950102, 0.92394274, 0.17626362), (-0.6954571, 0.69545686, 0.18077385), (-0.70708454, 0.70708436, 0.00795787), (-0.3450991, 0.9385342, 0.007761265), (-0.3450991, 0.9385342, 0.007761265), (-0.70708454, 0.70708436, 0.00795787), (-0.7031602, 0.70316017, -0.10550537), (-0.3434152, 0.93351614, -0.10302312), (5.259127e-8, 0.98480153, 0.17368342), (-4.78554e-8, 0.99997073, 0.0076467656), (0.3450991, 0.9385342, 0.0077612638), (0.33950076, 0.9239428, 0.1762637), (0.33950076, 0.9239428, 0.1762637), (0.3450991, 0.9385342, 0.0077612638), (0.7070844, 0.70708436, 0.0079578655), (0.6954569, 0.69545704, 0.18077402), (-4.78554e-8, 0.99997073, 0.0076467656), (4.3122075e-8, 0.9948303, -0.101551205), (0.3434153, 0.933516, -0.10302311), (0.3450991, 0.9385342, 0.0077612638), (0.3450991, 0.9385342, 0.0077612638), (0.3434153, 0.933516, -0.10302311), (0.7031603, 0.7031601, -0.105505385), (0.7070844, 0.70708436, 0.0079578655), (-5.259127e-8, -0.98480153, 0.17368342), (-0.33950076, -0.9239428, 0.1762637), (-0.3154778, -0.85930043, 0.40258726), (-1.4098133e-7, -0.91767967, 0.3973211), (-1.4098133e-7, -0.91767967, 0.3973211), (-0.3154778, -0.85930043, 0.40258726), (-0.26045808, -0.70958674, 0.65471226), (2.581512e-7, -0.76116115, 0.6485628), (-0.33950076, -0.9239428, 0.1762637), (-0.69545686, -0.69545704, 0.18077403), (-0.6443198, -0.64431983, 0.41195142), (-0.3154778, -0.85930043, 0.40258726), (-0.3154778, -0.85930043, 0.40258726), (-0.6443198, -0.64431983, 0.41195142), (-0.5276187, -0.5276183, 0.6657608), (-0.26045808, -0.70958674, 0.65471226), (-5.259127e-8, -0.98480153, 0.17368342), (-1.4098133e-7, -0.91767967, 0.3973211), (0.31547773, -0.8593006, 0.40258703), (0.33950102, -0.92394274, 0.17626362), (0.33950102, -0.92394274, 0.17626362), (0.31547773, -0.8593006, 0.40258703), (0.64431983, -0.64431983, 0.4119513), (0.6954571, -0.69545686, 0.18077385), (-1.4098133e-7, -0.91767967, 0.3973211), (2.581512e-7, -0.76116115, 0.6485628), (0.26045784, -0.70958674, 0.6547124), (0.31547773, -0.8593006, 0.40258703), (0.31547773, -0.8593006, 0.40258703), (0.26045784, -0.70958674, 0.6547124), (0.5276183, -0.5276187, 0.6657609), (0.64431983, -0.64431983, 0.4119513), (-5.259127e-8, -0.98480153, 0.17368342), (0.33950102, -0.92394274, 0.17626362), (0.3450991, -0.9385342, 0.007761265), (4.78554e-8, -0.99997073, 0.0076467656), (4.78554e-8, -0.99997073, 0.0076467656), (0.3450991, -0.9385342, 0.007761265), (0.34341523, -0.933516, -0.10302315), (-4.3122075e-8, -0.9948303, -0.101551205), (0.33950102, -0.92394274, 0.17626362), (0.6954571, -0.69545686, 0.18077385), (0.7070844, -0.70708436, 0.00795788), (0.3450991, -0.9385342, 0.007761265), (0.3450991, -0.9385342, 0.007761265), (0.7070844, -0.70708436, 0.00795788), (0.70316035, -0.7031601, -0.1055054), (0.34341523, -0.933516, -0.10302315), (-5.259127e-8, -0.98480153, 0.17368342), (4.78554e-8, -0.99997073, 0.0076467656), (-0.3450991, -0.9385342, 0.0077612437), (-0.33950076, -0.9239428, 0.1762637), (-0.33950076, -0.9239428, 0.1762637), (-0.3450991, -0.9385342, 0.0077612437), (-0.7070844, -0.70708436, 0.007957844), (-0.69545686, -0.69545704, 0.18077403), (4.78554e-8, -0.99997073, 0.0076467656), (-4.3122075e-8, -0.9948303, -0.101551205), (-0.3434153, -0.933516, -0.10302313), (-0.3450991, -0.9385342, 0.0077612437), (-0.3450991, -0.9385342, 0.0077612437), (-0.3434153, -0.933516, -0.10302313), (-0.7031603, -0.7031601, -0.10550539), (-0.7070844, -0.70708436, 0.007957844), (-0.98480153, -4.7810246e-8, 0.17368342), (-0.92394274, 0.3395008, 0.17626372), (-0.85930043, 0.31547758, 0.40258726), (-0.91767967, -1.6487647e-7, 0.3973211), (-0.91767967, -1.6487647e-7, 0.3973211), (-0.85930043, 0.31547758, 0.40258726), (-0.7095866, 0.26045802, 0.65471244), (-0.76116115, -2.2229688e-7, 0.6485627), (-0.92394274, 0.3395008, 0.17626372), (-0.6954571, 0.69545686, 0.18077385), (-0.64431983, 0.6443199, 0.4119513), (-0.85930043, 0.31547758, 0.40258726), (-0.85930043, 0.31547758, 0.40258726), (-0.64431983, 0.6443199, 0.4119513), (-0.5276183, 0.5276187, 0.6657609), (-0.7095866, 0.26045802, 0.65471244), (-0.98480153, -4.7810246e-8, 0.17368342), (-0.91767967, -1.6487647e-7, 0.3973211), (-0.85930043, -0.31547776, 0.40258726), (-0.92394286, -0.3395009, 0.17626365), (-0.92394286, -0.3395009, 0.17626365), (-0.85930043, -0.31547776, 0.40258726), (-0.6443198, -0.64431983, 0.41195142), (-0.69545686, -0.69545704, 0.18077403), (-0.91767967, -1.6487647e-7, 0.3973211), (-0.76116115, -2.2229688e-7, 0.6485627), (-0.7095866, -0.26045802, 0.65471244), (-0.85930043, -0.31547776, 0.40258726), (-0.85930043, -0.31547776, 0.40258726), (-0.7095866, -0.26045802, 0.65471244), (-0.5276187, -0.5276183, 0.6657608), (-0.6443198, -0.64431983, 0.41195142), (-0.98480153, -4.7810246e-8, 0.17368342), (-0.92394286, -0.3395009, 0.17626365), (-0.9385342, -0.34509903, 0.007761258), (-0.99997073, -6.699756e-8, 0.007646708), (-0.99997073, -6.699756e-8, 0.007646708), (-0.9385342, -0.34509903, 0.007761258), (-0.9335162, -0.34341502, -0.10302305), (-0.9948303, -4.3122075e-8, -0.101551086), (-0.92394286, -0.3395009, 0.17626365), (-0.69545686, -0.69545704, 0.18077403), (-0.7070844, -0.70708436, 0.007957844), (-0.9385342, -0.34509903, 0.007761258), (-0.9385342, -0.34509903, 0.007761258), (-0.7070844, -0.70708436, 0.007957844), (-0.7031603, -0.7031601, -0.10550539), (-0.9335162, -0.34341502, -0.10302305), (-0.98480153, -4.7810246e-8, 0.17368342), (-0.99997073, -6.699756e-8, 0.007646708), (-0.9385342, 0.34509894, 0.0077612814), (-0.92394274, 0.3395008, 0.17626372), (-0.92394274, 0.3395008, 0.17626372), (-0.9385342, 0.34509894, 0.0077612814), (-0.70708454, 0.70708436, 0.00795787), (-0.6954571, 0.69545686, 0.18077385), (-0.99997073, -6.699756e-8, 0.007646708), (-0.9948303, -4.3122075e-8, -0.101551086), (-0.9335162, 0.343415, -0.10302303), (-0.9385342, 0.34509894, 0.0077612814), (-0.9385342, 0.34509894, 0.0077612814), (-0.9335162, 0.343415, -0.10302303), (-0.7031602, 0.70316017, -0.10550537), (-0.70708454, 0.70708436, 0.00795787), (-1.4680142e-8, -0.9937349, 0.11176265), (-3.1888685e-8, -0.9527792, -0.3036641), (0.35648763, -0.88524514, -0.29876032), (0.35843614, -0.9286233, 0.095824115), (0.35843614, -0.9286233, 0.095824115), (0.35648763, -0.88524514, -0.29876032), (0.6761945, -0.6761944, -0.29244167), (0.70476425, -0.70476425, 0.08133117), (-3.1888685e-8, -0.9527792, -0.3036641), (-1.3063933e-8, -0.5999202, -0.80005985), (0.2946996, -0.5686968, -0.76794285), (0.35648763, -0.88524514, -0.29876032), (0.35648763, -0.88524514, -0.29876032), (0.2946996, -0.5686968, -0.76794285), (0.51307356, -0.51307356, -0.68812144), (0.6761945, -0.6761944, -0.29244167), (-1.4680142e-8, -0.9937349, 0.11176265), (0.35843614, -0.9286233, 0.095824115), (0.34323958, -0.92650765, 0.15417582), (-1.4357166e-8, -0.98791105, 0.15502217), (-1.4357166e-8, -0.98791105, 0.15502217), (0.34323958, -0.92650765, 0.15417582), (0.34210953, -0.932906, -0.11246101), (2.8825895e-8, -0.9938539, -0.11069887), (0.35843614, -0.9286233, 0.095824115), (0.70476425, -0.70476425, 0.08133117), (0.6985887, -0.6985887, 0.15474996), (0.34323958, -0.92650765, 0.15417582), (0.34323958, -0.92650765, 0.15417582), (0.6985887, -0.6985887, 0.15474996), (0.70235497, -0.70235485, -0.11573795), (0.34210953, -0.932906, -0.11246101), (-1.4680142e-8, -0.9937349, 0.11176265), (-1.4357166e-8, -0.98791105, 0.15502217), (-0.34323967, -0.92650765, 0.15417574), (-0.3584362, -0.9286233, 0.0958241), (-0.3584362, -0.9286233, 0.0958241), (-0.34323967, -0.92650765, 0.15417574), (-0.6985888, -0.6985888, 0.15474999), (-0.70476425, -0.70476425, 0.081331156), (-1.4357166e-8, -0.98791105, 0.15502217), (2.8825895e-8, -0.9938539, -0.11069887), (-0.3421095, -0.93290603, -0.112461105), (-0.34323967, -0.92650765, 0.15417574), (-0.34323967, -0.92650765, 0.15417574), (-0.3421095, -0.93290603, -0.112461105), (-0.7023548, -0.70235497, -0.11573797), (-0.6985888, -0.6985888, 0.15474999), (-1.4680142e-8, -0.9937349, 0.11176265), (-0.3584362, -0.9286233, 0.0958241), (-0.35648763, -0.885245, -0.29876024), (-3.1888685e-8, -0.9527792, -0.3036641), (-3.1888685e-8, -0.9527792, -0.3036641), (-0.35648763, -0.885245, -0.29876024), (-0.29469964, -0.56869674, -0.7679427), (-1.3063933e-8, -0.5999202, -0.80005985), (-0.3584362, -0.9286233, 0.0958241), (-0.70476425, -0.70476425, 0.081331156), (-0.6761945, -0.67619437, -0.29244173), (-0.35648763, -0.885245, -0.29876024), (-0.35648763, -0.885245, -0.29876024), (-0.6761945, -0.67619437, -0.29244173), (-0.51307356, -0.5130735, -0.68812144), (-0.29469964, -0.56869674, -0.7679427), (0.9937349, 4.893381e-9, 0.11176255), (0.9527792, -2.6573904e-8, -0.30366418), (0.88524514, 0.35648766, -0.2987602), (0.9286233, 0.3584361, 0.09582409), (0.9286233, 0.3584361, 0.09582409), (0.88524514, 0.35648766, -0.2987602), (0.6761945, 0.6761944, -0.29244164), (0.70476437, 0.7047642, 0.08133114), (0.9527792, -2.6573904e-8, -0.30366418), (0.5999203, -2.8740654e-8, -0.8000598), (0.56869686, 0.2946996, -0.76794267), (0.88524514, 0.35648766, -0.2987602), (0.88524514, 0.35648766, -0.2987602), (0.56869686, 0.2946996, -0.76794267), (0.5130736, 0.5130735, -0.68812126), (0.6761945, 0.6761944, -0.29244164), (0.9937349, 4.893381e-9, 0.11176255), (0.9286233, 0.3584361, 0.09582409), (0.92650765, 0.34323958, 0.1541758), (0.98791105, -4.785722e-8, 0.15502219), (0.98791105, -4.785722e-8, 0.15502219), (0.92650765, 0.34323958, 0.1541758), (0.932906, 0.34210953, -0.11246113), (0.9938539, -4.8043155e-8, -0.11069891), (0.9286233, 0.3584361, 0.09582409), (0.70476437, 0.7047642, 0.08133114), (0.6985888, 0.69858867, 0.15474996), (0.92650765, 0.34323958, 0.1541758), (0.92650765, 0.34323958, 0.1541758), (0.6985888, 0.69858867, 0.15474996), (0.70235485, 0.7023549, -0.11573795), (0.932906, 0.34210953, -0.11246113), (0.9937349, 4.893381e-9, 0.11176255), (0.98791105, -4.785722e-8, 0.15502219), (0.92650765, -0.34323958, 0.15417579), (0.9286233, -0.3584362, 0.0958241), (0.9286233, -0.3584362, 0.0958241), (0.92650765, -0.34323958, 0.15417579), (0.6985887, -0.6985887, 0.15474996), (0.70476425, -0.70476425, 0.08133117), (0.98791105, -4.785722e-8, 0.15502219), (0.9938539, -4.8043155e-8, -0.11069891), (0.932906, -0.3421095, -0.112461135), (0.92650765, -0.34323958, 0.15417579), (0.92650765, -0.34323958, 0.15417579), (0.932906, -0.3421095, -0.112461135), (0.70235497, -0.70235485, -0.11573795), (0.6985887, -0.6985887, 0.15474996), (0.9937349, 4.893381e-9, 0.11176255), (0.9286233, -0.3584362, 0.0958241), (0.885245, -0.35648766, -0.29876032), (0.9527792, -2.6573904e-8, -0.30366418), (0.9527792, -2.6573904e-8, -0.30366418), (0.885245, -0.35648766, -0.29876032), (0.5686968, -0.29469967, -0.76794267), (0.5999203, -2.8740654e-8, -0.8000598), (0.9286233, -0.3584362, 0.0958241), (0.70476425, -0.70476425, 0.08133117), (0.6761945, -0.6761944, -0.29244167), (0.885245, -0.35648766, -0.29876032), (0.885245, -0.35648766, -0.29876032), (0.6761945, -0.6761944, -0.29244167), (0.51307356, -0.51307356, -0.68812144), (0.5686968, -0.29469967, -0.76794267), (1.4680142e-8, 0.9937349, 0.11176265), (3.1888685e-8, 0.9527792, -0.3036641), (-0.35648763, 0.88524514, -0.29876032), (-0.35843614, 0.9286233, 0.095824115), (-0.35843614, 0.9286233, 0.095824115), (-0.35648763, 0.88524514, -0.29876032), (-0.6761945, 0.6761944, -0.29244167), (-0.70476425, 0.70476425, 0.08133117), (3.1888685e-8, 0.9527792, -0.3036641), (1.3063933e-8, 0.5999202, -0.80005985), (-0.2946996, 0.5686968, -0.76794285), (-0.35648763, 0.88524514, -0.29876032), (-0.35648763, 0.88524514, -0.29876032), (-0.2946996, 0.5686968, -0.76794285), (-0.51307356, 0.51307356, -0.68812144), (-0.6761945, 0.6761944, -0.29244167), (1.4680142e-8, 0.9937349, 0.11176265), (-0.35843614, 0.9286233, 0.095824115), (-0.34323958, 0.92650765, 0.15417582), (1.4357166e-8, 0.98791105, 0.15502217), (1.4357166e-8, 0.98791105, 0.15502217), (-0.34323958, 0.92650765, 0.15417582), (-0.34210953, 0.932906, -0.11246101), (-2.8825895e-8, 0.9938539, -0.11069887), (-0.35843614, 0.9286233, 0.095824115), (-0.70476425, 0.70476425, 0.08133117), (-0.6985887, 0.6985887, 0.15474996), (-0.34323958, 0.92650765, 0.15417582), (-0.34323958, 0.92650765, 0.15417582), (-0.6985887, 0.6985887, 0.15474996), (-0.70235497, 0.70235485, -0.11573795), (-0.34210953, 0.932906, -0.11246101), (1.4680142e-8, 0.9937349, 0.11176265), (1.4357166e-8, 0.98791105, 0.15502217), (0.34323964, 0.92650765, 0.15417573), (0.3584362, 0.9286233, 0.09582409), (0.3584362, 0.9286233, 0.09582409), (0.34323964, 0.92650765, 0.15417573), (0.6985888, 0.69858867, 0.15474996), (0.70476437, 0.7047642, 0.08133114), (1.4357166e-8, 0.98791105, 0.15502217), (-2.8825895e-8, 0.9938539, -0.11069887), (0.34210956, 0.93290603, -0.112461105), (0.34323964, 0.92650765, 0.15417573), (0.34323964, 0.92650765, 0.15417573), (0.34210956, 0.93290603, -0.112461105), (0.70235485, 0.7023549, -0.11573795), (0.6985888, 0.69858867, 0.15474996), (1.4680142e-8, 0.9937349, 0.11176265), (0.3584362, 0.9286233, 0.09582409), (0.35648763, 0.885245, -0.29876024), (3.1888685e-8, 0.9527792, -0.3036641), (3.1888685e-8, 0.9527792, -0.3036641), (0.35648763, 0.885245, -0.29876024), (0.29469964, 0.56869686, -0.7679427), (1.3063933e-8, 0.5999202, -0.80005985), (0.3584362, 0.9286233, 0.09582409), (0.70476437, 0.7047642, 0.08133114), (0.6761945, 0.6761944, -0.29244164), (0.35648763, 0.885245, -0.29876024), (0.35648763, 0.885245, -0.29876024), (0.6761945, 0.6761944, -0.29244164), (0.5130736, 0.5130735, -0.68812126), (0.29469964, 0.56869686, -0.7679427), (-0.9937349, 0, 0.11176254), (-0.9527792, 2.1259124e-8, -0.30366418), (-0.88524514, -0.35648763, -0.2987602), (-0.9286233, -0.3584362, 0.095824115), (-0.9286233, -0.3584362, 0.095824115), (-0.88524514, -0.35648763, -0.2987602), (-0.6761945, -0.67619437, -0.29244173), (-0.70476425, -0.70476425, 0.081331156), (-0.9527792, 2.1259124e-8, -0.30366418), (-0.5999202, 2.0902293e-8, -0.8000598), (-0.56869686, -0.29469958, -0.76794267), (-0.88524514, -0.35648763, -0.2987602), (-0.88524514, -0.35648763, -0.2987602), (-0.56869686, -0.29469958, -0.76794267), (-0.51307356, -0.5130735, -0.68812144), (-0.6761945, -0.67619437, -0.29244173), (-0.9937349, 0, 0.11176254), (-0.9286233, -0.3584362, 0.095824115), (-0.92650765, -0.34323967, 0.1541758), (-0.98791105, 4.785722e-8, 0.15502219), (-0.98791105, 4.785722e-8, 0.15502219), (-0.92650765, -0.34323967, 0.1541758), (-0.932906, -0.34210956, -0.11246113), (-0.9938539, 4.8043155e-8, -0.11069891), (-0.9286233, -0.3584362, 0.095824115), (-0.70476425, -0.70476425, 0.081331156), (-0.6985888, -0.6985888, 0.15474999), (-0.92650765, -0.34323967, 0.1541758), (-0.92650765, -0.34323967, 0.1541758), (-0.6985888, -0.6985888, 0.15474999), (-0.7023548, -0.70235497, -0.11573797), (-0.932906, -0.34210956, -0.11246113), (-0.9937349, 0, 0.11176254), (-0.98791105, 4.785722e-8, 0.15502219), (-0.92650765, 0.34323958, 0.15417579), (-0.9286233, 0.3584362, 0.09582409), (-0.9286233, 0.3584362, 0.09582409), (-0.92650765, 0.34323958, 0.15417579), (-0.6985887, 0.6985887, 0.15474996), (-0.70476425, 0.70476425, 0.08133117), (-0.98791105, 4.785722e-8, 0.15502219), (-0.9938539, 4.8043155e-8, -0.11069891), (-0.932906, 0.3421095, -0.112461135), (-0.92650765, 0.34323958, 0.15417579), (-0.92650765, 0.34323958, 0.15417579), (-0.932906, 0.3421095, -0.112461135), (-0.70235497, 0.70235485, -0.11573795), (-0.6985887, 0.6985887, 0.15474996), (-0.9937349, 0, 0.11176254), (-0.9286233, 0.3584362, 0.09582409), (-0.885245, 0.35648766, -0.2987603), (-0.9527792, 2.1259124e-8, -0.30366418), (-0.9527792, 2.1259124e-8, -0.30366418), (-0.885245, 0.35648766, -0.2987603), (-0.5686968, 0.29469967, -0.76794267), (-0.5999202, 2.0902293e-8, -0.8000598), (-0.9286233, 0.3584362, 0.09582409), (-0.70476425, 0.70476425, 0.08133117), (-0.6761945, 0.6761944, -0.29244167), (-0.885245, 0.35648766, -0.2987603), (-0.885245, 0.35648766, -0.2987603), (-0.6761945, 0.6761944, -0.29244167), (-0.51307356, 0.51307356, -0.68812144), (-0.5686968, 0.29469967, -0.76794267), (0.87882286, 5.0322882e-8, 0.477148), (0.8221824, 0.30230987, 0.48231205), (0.85832345, 0.31533042, 0.40478098), (0.9166626, 5.7313258e-8, 0.3996621), (0.9166626, 5.7313258e-8, 0.3996621), (0.85832345, 0.31533042, 0.40478098), (0.9314366, 0.34158504, 0.12548134), (0.9923418, 0, 0.123521924), (0.8221824, 0.30230987, 0.48231205), (0.616121, 0.616121, 0.49070358), (0.64378226, 0.6437822, 0.4136288), (0.85832345, 0.31533042, 0.40478098), (0.85832345, 0.31533042, 0.40478098), (0.64378226, 0.6437822, 0.4136288), (0.70118755, 0.7011875, 0.12912041), (0.9314366, 0.34158504, 0.12548134), (0.87882286, 5.0322882e-8, 0.477148), (0.9166626, 5.7313258e-8, 0.3996621), (0.85832345, -0.31533042, 0.40478095), (0.8221824, -0.30230993, 0.48231205), (0.8221824, -0.30230993, 0.48231205), (0.85832345, -0.31533042, 0.40478095), (0.64378226, -0.6437823, 0.4136288), (0.616121, -0.61612093, 0.49070355), (0.9166626, 5.7313258e-8, 0.3996621), (0.9923418, 0, 0.123521924), (0.93143654, -0.34158498, 0.1254814), (0.85832345, -0.31533042, 0.40478095), (0.85832345, -0.31533042, 0.40478095), (0.93143654, -0.34158498, 0.1254814), (0.7011875, -0.70118755, 0.12912044), (0.64378226, -0.6437823, 0.4136288), (0.87882286, 5.0322882e-8, 0.477148), (0.8221824, -0.30230993, 0.48231205), (0.86787474, -0.31979915, 0.38016036), (0.9264925, 9.759412e-9, 0.37631324), (0.9264925, 9.759412e-9, 0.37631324), (0.86787474, -0.31979915, 0.38016036), (0.9353419, -0.34653008, -0.0710797), (0.9974993, -2.6544769e-9, -0.070676975), (0.8221824, -0.30230993, 0.48231205), (0.616121, -0.61612093, 0.49070355), (0.6523554, -0.65235525, 0.3858304), (0.86787474, -0.31979915, 0.38016036), (0.86787474, -0.31979915, 0.38016036), (0.6523554, -0.65235525, 0.3858304), (0.7053031, -0.70530313, -0.07137989), (0.9353419, -0.34653008, -0.0710797), (0.87882286, 5.0322882e-8, 0.477148), (0.9264925, 9.759412e-9, 0.37631324), (0.8678748, 0.31979915, 0.38016033), (0.8221824, 0.30230987, 0.48231205), (0.8221824, 0.30230987, 0.48231205), (0.8678748, 0.31979915, 0.38016033), (0.6523554, 0.65235525, 0.38583034), (0.616121, 0.616121, 0.49070358), (0.9264925, 9.759412e-9, 0.37631324), (0.9974993, -2.6544769e-9, -0.070676975), (0.9353419, 0.34653014, -0.071079694), (0.8678748, 0.31979915, 0.38016033), (0.8678748, 0.31979915, 0.38016033), (0.9353419, 0.34653014, -0.071079694), (0.7053031, 0.70530313, -0.07137988), (0.6523554, 0.65235525, 0.38583034), (-2.396328e-9, -0.87882304, 0.47714797), (0.30230993, -0.82218236, 0.48231193), (0.31533036, -0.85832345, 0.404781), (3.8208835e-8, -0.9166626, 0.39966208), (3.8208835e-8, -0.9166626, 0.39966208), (0.31533036, -0.85832345, 0.404781), (0.341585, -0.9314366, 0.1254815), (6.244301e-8, -0.9923418, 0.12352207), (0.30230993, -0.82218236, 0.48231193), (0.616121, -0.61612093, 0.49070355), (0.64378226, -0.6437823, 0.4136288), (0.31533036, -0.85832345, 0.404781), (0.31533036, -0.85832345, 0.404781), (0.64378226, -0.6437823, 0.4136288), (0.7011875, -0.70118755, 0.12912044), (0.341585, -0.9314366, 0.1254815), (-2.396328e-9, -0.87882304, 0.47714797), (3.8208835e-8, -0.9166626, 0.39966208), (-0.31533036, -0.8583235, 0.40478095), (-0.30231, -0.8221824, 0.48231193), (-0.30231, -0.8221824, 0.48231193), (-0.31533036, -0.8583235, 0.40478095), (-0.6437824, -0.6437822, 0.4136288), (-0.616121, -0.6161209, 0.49070355), (3.8208835e-8, -0.9166626, 0.39966208), (6.244301e-8, -0.9923418, 0.12352207), (-0.34158492, -0.9314366, 0.1254815), (-0.31533036, -0.8583235, 0.40478095), (-0.31533036, -0.8583235, 0.40478095), (-0.34158492, -0.9314366, 0.1254815), (-0.7011875, -0.70118755, 0.12912041), (-0.6437824, -0.6437822, 0.4136288), (-2.396328e-9, -0.87882304, 0.47714797), (-0.30231, -0.8221824, 0.48231193), (-0.31979924, -0.86787474, 0.38016042), (-2.4398523e-9, -0.92649245, 0.3763133), (-2.4398523e-9, -0.92649245, 0.3763133), (-0.31979924, -0.86787474, 0.38016042), (-0.34653005, -0.935342, -0.071079314), (0, -0.9974993, -0.07067671), (-0.30231, -0.8221824, 0.48231193), (-0.616121, -0.6161209, 0.49070355), (-0.65235543, -0.65235513, 0.3858304), (-0.31979924, -0.86787474, 0.38016042), (-0.31979924, -0.86787474, 0.38016042), (-0.65235543, -0.65235513, 0.3858304), (-0.705303, -0.70530313, -0.07137985), (-0.34653005, -0.935342, -0.071079314), (-2.396328e-9, -0.87882304, 0.47714797), (-2.4398523e-9, -0.92649245, 0.3763133), (0.31979918, -0.86787474, 0.38016036), (0.30230993, -0.82218236, 0.48231193), (0.30230993, -0.82218236, 0.48231193), (0.31979918, -0.86787474, 0.38016036), (0.6523554, -0.65235525, 0.3858304), (0.616121, -0.61612093, 0.49070355), (-2.4398523e-9, -0.92649245, 0.3763133), (0, -0.9974993, -0.07067671), (0.34653002, -0.935342, -0.071079426), (0.31979918, -0.86787474, 0.38016036), (0.31979918, -0.86787474, 0.38016036), (0.34653002, -0.935342, -0.071079426), (0.7053031, -0.70530313, -0.07137989), (0.6523554, -0.65235525, 0.3858304), (-0.87882286, -5.0322882e-8, 0.477148), (-0.82218236, -0.30230987, 0.48231205), (-0.85832345, -0.31533036, 0.40478098), (-0.9166626, -5.7313258e-8, 0.3996621), (-0.9166626, -5.7313258e-8, 0.3996621), (-0.85832345, -0.31533036, 0.40478098), (-0.9314366, -0.341585, 0.12548137), (-0.9923418, 0, 0.123521924), (-0.82218236, -0.30230987, 0.48231205), (-0.616121, -0.6161209, 0.49070355), (-0.6437824, -0.6437822, 0.4136288), (-0.85832345, -0.31533036, 0.40478098), (-0.85832345, -0.31533036, 0.40478098), (-0.6437824, -0.6437822, 0.4136288), (-0.7011875, -0.70118755, 0.12912041), (-0.9314366, -0.341585, 0.12548137), (-0.87882286, -5.0322882e-8, 0.477148), (-0.9166626, -5.7313258e-8, 0.3996621), (-0.85832345, 0.31533042, 0.40478095), (-0.8221824, 0.30230993, 0.48231205), (-0.8221824, 0.30230993, 0.48231205), (-0.85832345, 0.31533042, 0.40478095), (-0.64378226, 0.6437823, 0.4136288), (-0.616121, 0.61612093, 0.49070355), (-0.9166626, -5.7313258e-8, 0.3996621), (-0.9923418, 0, 0.123521924), (-0.93143654, 0.34158498, 0.1254814), (-0.85832345, 0.31533042, 0.40478095), (-0.85832345, 0.31533042, 0.40478095), (-0.93143654, 0.34158498, 0.1254814), (-0.7011875, 0.70118755, 0.12912044), (-0.64378226, 0.6437823, 0.4136288), (-0.87882286, -5.0322882e-8, 0.477148), (-0.8221824, 0.30230993, 0.48231205), (-0.86787474, 0.31979915, 0.38016036), (-0.9264925, -9.759412e-9, 0.37631324), (-0.9264925, -9.759412e-9, 0.37631324), (-0.86787474, 0.31979915, 0.38016036), (-0.9353419, 0.34653008, -0.0710797), (-0.9974993, 2.6544769e-9, -0.070676975), (-0.8221824, 0.30230993, 0.48231205), (-0.616121, 0.61612093, 0.49070355), (-0.6523554, 0.65235525, 0.3858304), (-0.86787474, 0.31979915, 0.38016036), (-0.86787474, 0.31979915, 0.38016036), (-0.6523554, 0.65235525, 0.3858304), (-0.7053031, 0.70530313, -0.07137989), (-0.9353419, 0.34653008, -0.0710797), (-0.87882286, -5.0322882e-8, 0.477148), (-0.9264925, -9.759412e-9, 0.37631324), (-0.86787474, -0.31979913, 0.38016033), (-0.82218236, -0.30230987, 0.48231205), (-0.82218236, -0.30230987, 0.48231205), (-0.86787474, -0.31979913, 0.38016033), (-0.65235543, -0.65235513, 0.3858304), (-0.616121, -0.6161209, 0.49070355), (-0.9264925, -9.759412e-9, 0.37631324), (-0.9974993, 2.6544769e-9, -0.070676975), (-0.9353419, -0.34653014, -0.07107972), (-0.86787474, -0.31979913, 0.38016033), (-0.86787474, -0.31979913, 0.38016033), (-0.9353419, -0.34653014, -0.07107972), (-0.705303, -0.70530313, -0.07137985), (-0.65235543, -0.65235513, 0.3858304), (2.396328e-9, 0.87882304, 0.47714797), (-0.30230993, 0.82218236, 0.48231193), (-0.31533036, 0.85832345, 0.404781), (-3.8208835e-8, 0.9166626, 0.39966208), (-3.8208835e-8, 0.9166626, 0.39966208), (-0.31533036, 0.85832345, 0.404781), (-0.341585, 0.9314366, 0.1254815), (-6.244301e-8, 0.9923418, 0.12352207), (-0.30230993, 0.82218236, 0.48231193), (-0.616121, 0.61612093, 0.49070355), (-0.64378226, 0.6437823, 0.4136288), (-0.31533036, 0.85832345, 0.404781), (-0.31533036, 0.85832345, 0.404781), (-0.64378226, 0.6437823, 0.4136288), (-0.7011875, 0.70118755, 0.12912044), (-0.341585, 0.9314366, 0.1254815), (2.396328e-9, 0.87882304, 0.47714797), (-3.8208835e-8, 0.9166626, 0.39966208), (0.3153303, 0.8583235, 0.40478095), (0.30230987, 0.8221824, 0.48231193), (0.30230987, 0.8221824, 0.48231193), (0.3153303, 0.8583235, 0.40478095), (0.64378226, 0.6437822, 0.4136288), (0.616121, 0.616121, 0.49070358), (-3.8208835e-8, 0.9166626, 0.39966208), (-6.244301e-8, 0.9923418, 0.12352207), (0.34158492, 0.9314366, 0.12548152), (0.3153303, 0.8583235, 0.40478095), (0.3153303, 0.8583235, 0.40478095), (0.34158492, 0.9314366, 0.12548152), (0.70118755, 0.7011875, 0.12912041), (0.64378226, 0.6437822, 0.4136288), (2.396328e-9, 0.87882304, 0.47714797), (0.30230987, 0.8221824, 0.48231193), (0.3197992, 0.8678747, 0.38016036), (2.4398523e-9, 0.92649245, 0.3763133), (2.4398523e-9, 0.92649245, 0.3763133), (0.3197992, 0.8678747, 0.38016036), (0.34653008, 0.935342, -0.07107937), (0, 0.9974993, -0.07067671), (0.30230987, 0.8221824, 0.48231193), (0.616121, 0.616121, 0.49070358), (0.6523554, 0.65235525, 0.38583034), (0.3197992, 0.8678747, 0.38016036), (0.3197992, 0.8678747, 0.38016036), (0.6523554, 0.65235525, 0.38583034), (0.7053031, 0.70530313, -0.07137988), (0.34653008, 0.935342, -0.07107937), (2.396328e-9, 0.87882304, 0.47714797), (2.4398523e-9, 0.92649245, 0.3763133), (-0.31979918, 0.86787474, 0.38016036), (-0.30230993, 0.82218236, 0.48231193), (-0.30230993, 0.82218236, 0.48231193), (-0.31979918, 0.86787474, 0.38016036), (-0.6523554, 0.65235525, 0.3858304), (-0.616121, 0.61612093, 0.49070355), (2.4398523e-9, 0.92649245, 0.3763133), (0, 0.9974993, -0.07067671), (-0.34653002, 0.935342, -0.071079426), (-0.31979918, 0.86787474, 0.38016036), (-0.31979918, 0.86787474, 0.38016036), (-0.34653002, 0.935342, -0.071079426), (-0.7053031, 0.70530313, -0.07137989), (-0.6523554, 0.65235525, 0.3858304), (0, 0, 1), (0, -0.22534736, 0.9742785), (0.24660417, -0.24660417, 0.9372154), (0.22534736, -7.2829374e-9, 0.9742785), (0.22534736, -7.2829374e-9, 0.9742785), (0.24660417, -0.24660417, 0.9372154), (0.6104774, -0.31653705, 0.72603154), (0.64568764, -8.49346e-8, 0.7636016), (0, -0.22534736, 0.9742785), (-2.6542063e-8, -0.64568776, 0.76360154), (0.316537, -0.6104774, 0.7260314), (0.24660417, -0.24660417, 0.9372154), (0.24660417, -0.24660417, 0.9372154), (0.316537, -0.6104774, 0.7260314), (0.5483072, -0.5483072, 0.63144153), (0.6104774, -0.31653705, 0.72603154), (0, 0, 1), (0.22534736, -7.2829374e-9, 0.9742785), (0.2466042, 0.2466042, 0.93721545), (0, 0.22534736, 0.9742785), (0, 0.22534736, 0.9742785), (0.2466042, 0.2466042, 0.93721545), (0.31653696, 0.6104775, 0.7260314), (2.3887857e-8, 0.64568776, 0.7636016), (0.22534736, -7.2829374e-9, 0.9742785), (0.64568764, -8.49346e-8, 0.7636016), (0.6104773, 0.31653693, 0.72603154), (0.2466042, 0.2466042, 0.93721545), (0.2466042, 0.2466042, 0.93721545), (0.6104773, 0.31653693, 0.72603154), (0.5483072, 0.5483072, 0.63144153), (0.31653696, 0.6104775, 0.7260314), (0, 0, 1), (0, 0.22534736, 0.9742785), (-0.24660417, 0.24660417, 0.9372154), (-0.22534736, 7.2829374e-9, 0.9742785), (-0.22534736, 7.2829374e-9, 0.9742785), (-0.24660417, 0.24660417, 0.9372154), (-0.6104774, 0.31653705, 0.72603154), (-0.64568764, 8.49346e-8, 0.7636016), (0, 0.22534736, 0.9742785), (2.3887857e-8, 0.64568776, 0.7636016), (-0.316537, 0.6104774, 0.7260314), (-0.24660417, 0.24660417, 0.9372154), (-0.24660417, 0.24660417, 0.9372154), (-0.316537, 0.6104774, 0.7260314), (-0.5483072, 0.5483072, 0.63144153), (-0.6104774, 0.31653705, 0.72603154), (0, 0, 1), (-0.22534736, 7.2829374e-9, 0.9742785), (-0.2466042, -0.2466042, 0.93721545), (0, -0.22534736, 0.9742785), (0, -0.22534736, 0.9742785), (-0.2466042, -0.2466042, 0.93721545), (-0.31653696, -0.6104775, 0.7260314), (-2.6542063e-8, -0.64568776, 0.76360154), (-0.22534736, 7.2829374e-9, 0.9742785), (-0.64568764, 8.49346e-8, 0.7636016), (-0.6104773, -0.31653693, 0.72603154), (-0.2466042, -0.2466042, 0.93721545), (-0.2466042, -0.2466042, 0.93721545), (-0.6104773, -0.31653693, 0.72603154), (-0.5483072, -0.5483072, 0.63144153), (-0.31653696, -0.6104775, 0.7260314), (-0.6338443, 1.4606553e-7, -0.7734607), (-0.8126294, 4.7285614e-8, -0.5827807), (-0.7602499, 0.27981636, -0.5862789), (-0.5905144, 0.21661134, -0.7774138), (-0.5905144, 0.21661134, -0.7774138), (-0.7602499, 0.27981636, -0.5862789), (-0.5706204, 0.5706207, -0.59057957), (-0.43944883, 0.43944845, -0.7834345), (-0.8126294, 4.7285614e-8, -0.5827807), (-0.9974993, 2.6544769e-9, -0.070676975), (-0.9353419, 0.34653008, -0.0710797), (-0.7602499, 0.27981636, -0.5862789), (-0.7602499, 0.27981636, -0.5862789), (-0.9353419, 0.34653008, -0.0710797), (-0.7053031, 0.70530313, -0.07137989), (-0.5706204, 0.5706207, -0.59057957), (-0.6338443, 1.4606553e-7, -0.7734607), (-0.5905144, 0.21661134, -0.7774138), (-0.5949336, 0.21837285, -0.77354205), (-0.6395131, 2.1178494e-7, -0.7687803), (-0.6395131, 2.1178494e-7, -0.7687803), (-0.5949336, 0.21837285, -0.77354205), (-0.74469554, 0.27329108, -0.6088847), (-0.798055, 6.702703e-8, -0.60258466), (-0.5905144, 0.21661134, -0.7774138), (-0.43944883, 0.43944845, -0.7834345), (-0.44112748, 0.4411266, -0.7815458), (-0.5949336, 0.21837285, -0.77354205), (-0.5949336, 0.21837285, -0.77354205), (-0.44112748, 0.4411266, -0.7815458), (-0.5546193, 0.5546193, -0.6203183), (-0.74469554, 0.27329108, -0.6088847), (-0.6338443, 1.4606553e-7, -0.7734607), (-0.6395131, 2.1178494e-7, -0.7687803), (-0.5949333, -0.21837287, -0.77354234), (-0.5905145, -0.21661144, -0.7774137), (-0.5905145, -0.21661144, -0.7774137), (-0.5949333, -0.21837287, -0.77354234), (-0.44112659, -0.44112706, -0.78154606), (-0.43944815, -0.43944877, -0.78343475), (-0.6395131, 2.1178494e-7, -0.7687803), (-0.798055, 6.702703e-8, -0.60258466), (-0.74469537, -0.27329102, -0.60888493), (-0.5949333, -0.21837287, -0.77354234), (-0.5949333, -0.21837287, -0.77354234), (-0.74469537, -0.27329102, -0.60888493), (-0.55461913, -0.55461955, -0.6203183), (-0.44112659, -0.44112706, -0.78154606), (-0.6338443, 1.4606553e-7, -0.7734607), (-0.5905145, -0.21661144, -0.7774137), (-0.76025003, -0.27981642, -0.5862787), (-0.8126294, 4.7285614e-8, -0.5827807), (-0.8126294, 4.7285614e-8, -0.5827807), (-0.76025003, -0.27981642, -0.5862787), (-0.9353419, -0.34653014, -0.07107972), (-0.9974993, 2.6544769e-9, -0.070676975), (-0.5905145, -0.21661144, -0.7774137), (-0.43944815, -0.43944877, -0.78343475), (-0.5706203, -0.5706209, -0.59057957), (-0.76025003, -0.27981642, -0.5862787), (-0.76025003, -0.27981642, -0.5862787), (-0.5706203, -0.5706209, -0.59057957), (-0.705303, -0.70530313, -0.07137985), (-0.9353419, -0.34653014, -0.07107972), (0.9152013, -2.4841947e-7, 0.40299687), (0.976291, 8.130547e-8, 0.21646212), (0.9156871, -0.3366153, 0.21956153), (0.8569178, -0.31465015, 0.40827334), (0.8569178, -0.31465015, 0.40827334), (0.9156871, -0.3366153, 0.21956153), (0.6889946, -0.6889939, 0.2248864), (0.64250207, -0.6424997, 0.41759452), (0.976291, 8.130547e-8, 0.21646212), (0.994906, -6.7064754e-8, 0.10080681), (0.93359596, -0.34342226, 0.102272905), (0.9156871, -0.3366153, 0.21956153), (0.9156871, -0.3366153, 0.21956153), (0.93359596, -0.34342226, 0.102272905), (0.7032165, -0.70321673, 0.104750805), (0.6889946, -0.6889939, 0.2248864), (0.9152013, -2.4841947e-7, 0.40299687), (0.8569178, -0.31465015, 0.40827334), (0.6806511, -0.24984398, 0.6886887), (0.7308834, -8.093795e-7, 0.68250227), (0.7308834, -8.093795e-7, 0.68250227), (0.6806511, -0.24984398, 0.6886887), (0.3163297, -0.1171763, 0.9413848), (0.34427083, -2.8682462e-7, 0.9388704), (0.8569178, -0.31465015, 0.40827334), (0.64250207, -0.6424997, 0.41759452), (0.5049018, -0.5048944, 0.70011127), (0.6806511, -0.24984398, 0.6886887), (0.6806511, -0.24984398, 0.6886887), (0.5049018, -0.5048944, 0.70011127), (0.22863801, -0.22863911, 0.94628155), (0.3163297, -0.1171763, 0.9413848), (0.9152013, -2.4841947e-7, 0.40299687), (0.7308834, -8.093795e-7, 0.68250227), (0.6806484, 0.24984443, 0.6886912), (0.85691744, 0.3146506, 0.40827376), (0.85691744, 0.3146506, 0.40827376), (0.6806484, 0.24984443, 0.6886912), (0.5048955, 0.50489557, 0.70011497), (0.64250183, 0.6425004, 0.4175938), (0.7308834, -8.093795e-7, 0.68250227), (0.34427083, -2.8682462e-7, 0.9388704), (0.31633055, 0.11717786, 0.94138426), (0.6806484, 0.24984443, 0.6886912), (0.6806484, 0.24984443, 0.6886912), (0.31633055, 0.11717786, 0.94138426), (0.22863406, 0.2286382, 0.9462828), (0.5048955, 0.50489557, 0.70011497), (0.9152013, -2.4841947e-7, 0.40299687), (0.85691744, 0.3146506, 0.40827376), (0.915687, 0.3366157, 0.2195618), (0.976291, 8.130547e-8, 0.21646212), (0.976291, 8.130547e-8, 0.21646212), (0.915687, 0.3366157, 0.2195618), (0.9335959, 0.34342235, 0.10227285), (0.994906, -6.7064754e-8, 0.10080681), (0.85691744, 0.3146506, 0.40827376), (0.64250183, 0.6425004, 0.4175938), (0.6889943, 0.6889941, 0.22488664), (0.915687, 0.3366157, 0.2195618), (0.915687, 0.3366157, 0.2195618), (0.6889943, 0.6889941, 0.22488664), (0.7032163, 0.70321685, 0.10475085), (0.9335959, 0.34342235, 0.10227285), (0.6338443, -1.4606553e-7, -0.7734607), (0.8126294, -4.7285614e-8, -0.5827807), (0.7602499, -0.27981636, -0.5862789), (0.5905144, -0.21661134, -0.7774138), (0.5905144, -0.21661134, -0.7774138), (0.7602499, -0.27981636, -0.5862789), (0.5706204, -0.5706207, -0.59057957), (0.43944883, -0.43944845, -0.7834345), (0.8126294, -4.7285614e-8, -0.5827807), (0.9974993, -2.6544769e-9, -0.070676975), (0.9353419, -0.34653008, -0.0710797), (0.7602499, -0.27981636, -0.5862789), (0.7602499, -0.27981636, -0.5862789), (0.9353419, -0.34653008, -0.0710797), (0.7053031, -0.70530313, -0.07137989), (0.5706204, -0.5706207, -0.59057957), (0.6338443, -1.4606553e-7, -0.7734607), (0.5905144, -0.21661134, -0.7774138), (0.5949336, -0.21837285, -0.77354205), (0.6395131, -2.1178494e-7, -0.7687803), (0.6395131, -2.1178494e-7, -0.7687803), (0.5949336, -0.21837285, -0.77354205), (0.74469554, -0.27329108, -0.6088847), (0.798055, -6.702703e-8, -0.60258466), (0.5905144, -0.21661134, -0.7774138), (0.43944883, -0.43944845, -0.7834345), (0.44112748, -0.4411266, -0.7815458), (0.5949336, -0.21837285, -0.77354205), (0.5949336, -0.21837285, -0.77354205), (0.44112748, -0.4411266, -0.7815458), (0.5546193, -0.5546193, -0.6203183), (0.74469554, -0.27329108, -0.6088847), (0.6338443, -1.4606553e-7, -0.7734607), (0.6395131, -2.1178494e-7, -0.7687803), (0.5949333, 0.21837287, -0.77354234), (0.5905145, 0.21661144, -0.7774137), (0.5905145, 0.21661144, -0.7774137), (0.5949333, 0.21837287, -0.77354234), (0.44112659, 0.44112706, -0.78154606), (0.43944815, 0.43944877, -0.78343475), (0.6395131, -2.1178494e-7, -0.7687803), (0.798055, -6.702703e-8, -0.60258466), (0.74469537, 0.27329102, -0.60888493), (0.5949333, 0.21837287, -0.77354234), (0.5949333, 0.21837287, -0.77354234), (0.74469537, 0.27329102, -0.60888493), (0.55461913, 0.55461955, -0.6203183), (0.44112659, 0.44112706, -0.78154606), (0.6338443, -1.4606553e-7, -0.7734607), (0.5905145, 0.21661144, -0.7774137), (0.76025003, 0.27981642, -0.5862787), (0.8126294, -4.7285614e-8, -0.5827807), (0.8126294, -4.7285614e-8, -0.5827807), (0.76025003, 0.27981642, -0.5862787), (0.9353419, 0.34653014, -0.071079694), (0.9974993, -2.6544769e-9, -0.070676975), (0.5905145, 0.21661144, -0.7774137), (0.43944815, 0.43944877, -0.78343475), (0.5706203, 0.5706209, -0.59057957), (0.76025003, 0.27981642, -0.5862787), (0.76025003, 0.27981642, -0.5862787), (0.5706203, 0.5706209, -0.59057957), (0.7053031, 0.70530313, -0.07137988), (0.9353419, 0.34653014, -0.071079694), (3.472049e-7, 0.63384426, -0.77346075), (8.212765e-8, 0.8126295, -0.5827806), (0.27981612, 0.7602503, -0.58627856), (0.21661119, 0.5905144, -0.7774139), (0.21661119, 0.5905144, -0.7774139), (0.27981612, 0.7602503, -0.58627856), (0.5706203, 0.5706209, -0.59057957), (0.43944815, 0.43944877, -0.78343475), (8.212765e-8, 0.8126295, -0.5827806), (0, 0.9974993, -0.07067671), (0.34653008, 0.935342, -0.07107937), (0.27981612, 0.7602503, -0.58627856), (0.27981612, 0.7602503, -0.58627856), (0.34653008, 0.935342, -0.07107937), (0.7053031, 0.70530313, -0.07137988), (0.5706203, 0.5706209, -0.59057957), (3.472049e-7, 0.63384426, -0.77346075), (0.21661119, 0.5905144, -0.7774139), (0.21837291, 0.59493333, -0.7735422), (5.1161527e-7, 0.6395131, -0.76878023), (5.1161527e-7, 0.6395131, -0.76878023), (0.21837291, 0.59493333, -0.7735422), (0.27329096, 0.74469566, -0.60888463), (1.4362934e-7, 0.798055, -0.60258466), (0.21661119, 0.5905144, -0.7774139), (0.43944815, 0.43944877, -0.78343475), (0.44112659, 0.44112706, -0.78154606), (0.21837291, 0.59493333, -0.7735422), (0.21837291, 0.59493333, -0.7735422), (0.44112659, 0.44112706, -0.78154606), (0.55461913, 0.55461955, -0.6203183), (0.27329096, 0.74469566, -0.60888463), (3.472049e-7, 0.63384426, -0.77346075), (5.1161527e-7, 0.6395131, -0.76878023), (-0.21837269, 0.59493333, -0.7735423), (-0.21661139, 0.5905145, -0.7774137), (-0.21661139, 0.5905145, -0.7774137), (-0.21837269, 0.59493333, -0.7735423), (-0.44112748, 0.4411266, -0.7815458), (-0.43944883, 0.43944845, -0.7834345), (5.1161527e-7, 0.6395131, -0.76878023), (1.4362934e-7, 0.798055, -0.60258466), (-0.2732909, 0.74469537, -0.6088849), (-0.21837269, 0.59493333, -0.7735423), (-0.21837269, 0.59493333, -0.7735423), (-0.2732909, 0.74469537, -0.6088849), (-0.5546193, 0.5546193, -0.6203183), (-0.44112748, 0.4411266, -0.7815458), (3.472049e-7, 0.63384426, -0.77346075), (-0.21661139, 0.5905145, -0.7774137), (-0.27981624, 0.7602502, -0.58627844), (8.212765e-8, 0.8126295, -0.5827806), (8.212765e-8, 0.8126295, -0.5827806), (-0.27981624, 0.7602502, -0.58627844), (-0.34653002, 0.935342, -0.071079426), (0, 0.9974993, -0.07067671), (-0.21661139, 0.5905145, -0.7774137), (-0.43944883, 0.43944845, -0.7834345), (-0.5706204, 0.5706207, -0.59057957), (-0.27981624, 0.7602502, -0.58627844), (-0.27981624, 0.7602502, -0.58627844), (-0.5706204, 0.5706207, -0.59057957), (-0.7053031, 0.70530313, -0.07137989), (-0.34653002, 0.935342, -0.071079426), (-3.472049e-7, -0.63384426, -0.77346075), (-8.212765e-8, -0.8126295, -0.5827806), (-0.27981612, -0.7602503, -0.58627856), (-0.21661119, -0.5905144, -0.7774139), (-0.21661119, -0.5905144, -0.7774139), (-0.27981612, -0.7602503, -0.58627856), (-0.5706203, -0.5706209, -0.59057957), (-0.43944815, -0.43944877, -0.78343475), (-8.212765e-8, -0.8126295, -0.5827806), (0, -0.9974993, -0.07067671), (-0.34653005, -0.935342, -0.071079314), (-0.27981612, -0.7602503, -0.58627856), (-0.27981612, -0.7602503, -0.58627856), (-0.34653005, -0.935342, -0.071079314), (-0.705303, -0.70530313, -0.07137985), (-0.5706203, -0.5706209, -0.59057957), (-3.472049e-7, -0.63384426, -0.77346075), (-0.21661119, -0.5905144, -0.7774139), (-0.21837291, -0.59493333, -0.7735422), (-5.1161527e-7, -0.6395131, -0.76878023), (-5.1161527e-7, -0.6395131, -0.76878023), (-0.21837291, -0.59493333, -0.7735422), (-0.27329096, -0.74469566, -0.60888463), (-1.4362934e-7, -0.798055, -0.60258466), (-0.21661119, -0.5905144, -0.7774139), (-0.43944815, -0.43944877, -0.78343475), (-0.44112659, -0.44112706, -0.78154606), (-0.21837291, -0.59493333, -0.7735422), (-0.21837291, -0.59493333, -0.7735422), (-0.44112659, -0.44112706, -0.78154606), (-0.55461913, -0.55461955, -0.6203183), (-0.27329096, -0.74469566, -0.60888463), (-3.472049e-7, -0.63384426, -0.77346075), (-5.1161527e-7, -0.6395131, -0.76878023), (0.21837269, -0.59493333, -0.7735423), (0.21661139, -0.5905145, -0.7774137), (0.21661139, -0.5905145, -0.7774137), (0.21837269, -0.59493333, -0.7735423), (0.44112748, -0.4411266, -0.7815458), (0.43944883, -0.43944845, -0.7834345), (-5.1161527e-7, -0.6395131, -0.76878023), (-1.4362934e-7, -0.798055, -0.60258466), (0.2732909, -0.74469537, -0.6088849), (0.21837269, -0.59493333, -0.7735423), (0.21837269, -0.59493333, -0.7735423), (0.2732909, -0.74469537, -0.6088849), (0.5546193, -0.5546193, -0.6203183), (0.44112748, -0.4411266, -0.7815458), (-3.472049e-7, -0.63384426, -0.77346075), (0.21661139, -0.5905145, -0.7774137), (0.27981624, -0.7602502, -0.58627844), (-8.212765e-8, -0.8126295, -0.5827806), (-8.212765e-8, -0.8126295, -0.5827806), (0.27981624, -0.7602502, -0.58627844), (0.34653002, -0.935342, -0.071079426), (0, -0.9974993, -0.07067671), (0.21661139, -0.5905145, -0.7774137), (0.43944883, -0.43944845, -0.7834345), (0.5706204, -0.5706207, -0.59057957), (0.27981624, -0.7602502, -0.58627844), (0.27981624, -0.7602502, -0.58627844), (0.5706204, -0.5706207, -0.59057957), (0.7053031, -0.70530313, -0.07137989), (0.34653002, -0.935342, -0.071079426), (1.2182109e-7, 0.9152012, 0.4029972), (-1.0521885e-7, 0.9762912, 0.2164616), (0.33661565, 0.915687, 0.21956156), (0.3146511, 0.8569173, 0.40827358), (0.3146511, 0.8569173, 0.40827358), (0.33661565, 0.915687, 0.21956156), (0.6889943, 0.6889941, 0.22488664), (0.64250183, 0.6425004, 0.4175938), (-1.0521885e-7, 0.9762912, 0.2164616), (-4.7903397e-9, 0.994906, 0.10080694), (0.34342197, 0.9335961, 0.102272935), (0.33661565, 0.915687, 0.21956156), (0.33661565, 0.915687, 0.21956156), (0.34342197, 0.9335961, 0.102272935), (0.7032163, 0.70321685, 0.10475085), (0.6889943, 0.6889941, 0.22488664), (1.2182109e-7, 0.9152012, 0.4029972), (0.3146511, 0.8569173, 0.40827358), (0.24984534, 0.6806482, 0.68869114), (0.0000013809886, 0.7308834, 0.6825024), (0.0000013809886, 0.7308834, 0.6825024), (0.24984534, 0.6806482, 0.68869114), (0.117174074, 0.3163278, 0.94138557), (5.9066446e-7, 0.34427086, 0.9388704), (0.3146511, 0.8569173, 0.40827358), (0.64250183, 0.6425004, 0.4175938), (0.5048955, 0.50489557, 0.70011497), (0.24984534, 0.6806482, 0.68869114), (0.24984534, 0.6806482, 0.68869114), (0.5048955, 0.50489557, 0.70011497), (0.22863406, 0.2286382, 0.9462828), (0.117174074, 0.3163278, 0.94138557), (1.2182109e-7, 0.9152012, 0.4029972), (0.0000013809886, 0.7308834, 0.6825024), (-0.24984455, 0.6806477, 0.6886919), (-0.31465155, 0.8569168, 0.4082745), (-0.31465155, 0.8569168, 0.4082745), (-0.24984455, 0.6806477, 0.6886919), (-0.5048984, 0.5048942, 0.70011383), (-0.6425019, 0.6425002, 0.41759402), (0.0000013809886, 0.7308834, 0.6825024), (5.9066446e-7, 0.34427086, 0.9388704), (-0.11717271, 0.31633252, 0.94138426), (-0.24984455, 0.6806477, 0.6886919), (-0.24984455, 0.6806477, 0.6886919), (-0.11717271, 0.31633252, 0.94138426), (-0.22863482, 0.22863789, 0.9462827), (-0.5048984, 0.5048942, 0.70011383), (1.2182109e-7, 0.9152012, 0.4029972), (-0.31465155, 0.8569168, 0.4082745), (-0.33661574, 0.915687, 0.21956149), (-1.0521885e-7, 0.9762912, 0.2164616), (-1.0521885e-7, 0.9762912, 0.2164616), (-0.33661574, 0.915687, 0.21956149), (-0.34342206, 0.933596, 0.1022728), (-4.7903397e-9, 0.994906, 0.10080694), (-0.31465155, 0.8569168, 0.4082745), (-0.6425019, 0.6425002, 0.41759402), (-0.6889946, 0.6889939, 0.2248864), (-0.33661574, 0.915687, 0.21956149), (-0.33661574, 0.915687, 0.21956149), (-0.6889946, 0.6889939, 0.2248864), (-0.7032165, 0.70321673, 0.10475082), (-0.34342206, 0.933596, 0.1022728), (-1.2182109e-7, -0.9152012, 0.4029972), (1.0521885e-7, -0.9762912, 0.2164616), (-0.33661565, -0.915687, 0.21956156), (-0.3146514, -0.8569171, 0.40827388), (-0.3146514, -0.8569171, 0.40827388), (-0.33661565, -0.915687, 0.21956156), (-0.6889943, -0.6889941, 0.22488661), (-0.6425017, -0.6424999, 0.41759473), (1.0521885e-7, -0.9762912, 0.2164616), (4.7903397e-9, -0.994906, 0.10080694), (-0.34342197, -0.9335961, 0.102272935), (-0.33661565, -0.915687, 0.21956156), (-0.33661565, -0.915687, 0.21956156), (-0.34342197, -0.9335961, 0.102272935), (-0.7032163, -0.70321685, 0.10475086), (-0.6889943, -0.6889941, 0.22488661), (-1.2182109e-7, -0.9152012, 0.4029972), (-0.3146514, -0.8569171, 0.40827388), (-0.24984515, -0.68064874, 0.68869054), (-0.0000013809886, -0.7308834, 0.6825024), (-0.0000013809886, -0.7308834, 0.6825024), (-0.24984515, -0.68064874, 0.68869054), (-0.117173895, -0.31632897, 0.9413853), (-5.9066446e-7, -0.34427086, 0.9388704), (-0.3146514, -0.8569171, 0.40827388), (-0.6425017, -0.6424999, 0.41759473), (-0.504897, -0.5048966, 0.70011324), (-0.24984515, -0.68064874, 0.68869054), (-0.24984515, -0.68064874, 0.68869054), (-0.504897, -0.5048966, 0.70011324), (-0.2286357, -0.22863969, 0.94628197), (-0.117173895, -0.31632897, 0.9413853), (-1.2182109e-7, -0.9152012, 0.4029972), (-0.0000013809886, -0.7308834, 0.6825024), (0.24984714, -0.680648, 0.68869054), (0.31465042, -0.8569169, 0.4082751), (0.31465042, -0.8569169, 0.4082751), (0.24984714, -0.680648, 0.68869054), (0.5049018, -0.5048944, 0.70011127), (0.64250207, -0.6424997, 0.41759452), (-0.0000013809886, -0.7308834, 0.6825024), (-5.9066446e-7, -0.34427086, 0.9388704), (0.117176116, -0.31633332, 0.94138354), (0.24984714, -0.680648, 0.68869054), (0.24984714, -0.680648, 0.68869054), (0.117176116, -0.31633332, 0.94138354), (0.22863801, -0.22863911, 0.94628155), (0.5049018, -0.5048944, 0.70011127), (-1.2182109e-7, -0.9152012, 0.4029972), (0.31465042, -0.8569169, 0.4082751), (0.33661574, -0.915687, 0.21956149), (1.0521885e-7, -0.9762912, 0.2164616), (1.0521885e-7, -0.9762912, 0.2164616), (0.33661574, -0.915687, 0.21956149), (0.34342206, -0.933596, 0.1022728), (4.7903397e-9, -0.994906, 0.10080694), (0.31465042, -0.8569169, 0.4082751), (0.64250207, -0.6424997, 0.41759452), (0.6889946, -0.6889939, 0.2248864), (0.33661574, -0.915687, 0.21956149), (0.33661574, -0.915687, 0.21956149), (0.6889946, -0.6889939, 0.2248864), (0.7032165, -0.70321673, 0.104750805), (0.34342206, -0.933596, 0.1022728), (-0.9152013, 2.4841947e-7, 0.40299687), (-0.976291, -8.130547e-8, 0.21646212), (-0.9156871, 0.3366153, 0.21956153), (-0.85691714, 0.31465128, 0.40827388), (-0.85691714, 0.31465128, 0.40827388), (-0.9156871, 0.3366153, 0.21956153), (-0.6889946, 0.6889939, 0.2248864), (-0.6425019, 0.6425002, 0.41759402), (-0.976291, -8.130547e-8, 0.21646212), (-0.994906, 6.7064754e-8, 0.10080681), (-0.93359596, 0.34342226, 0.102272905), (-0.9156871, 0.3366153, 0.21956153), (-0.9156871, 0.3366153, 0.21956153), (-0.93359596, 0.34342226, 0.102272905), (-0.7032165, 0.70321673, 0.10475082), (-0.6889946, 0.6889939, 0.2248864), (-0.9152013, 2.4841947e-7, 0.40299687), (-0.85691714, 0.31465128, 0.40827388), (-0.68065053, 0.24984437, 0.6886892), (-0.7308834, 8.093795e-7, 0.68250227), (-0.7308834, 8.093795e-7, 0.68250227), (-0.68065053, 0.24984437, 0.6886892), (-0.31632972, 0.11717574, 0.94138473), (-0.34427083, 2.8682462e-7, 0.9388704), (-0.85691714, 0.31465128, 0.40827388), (-0.6425019, 0.6425002, 0.41759402), (-0.5048984, 0.5048942, 0.70011383), (-0.68065053, 0.24984437, 0.6886892), (-0.68065053, 0.24984437, 0.6886892), (-0.5048984, 0.5048942, 0.70011383), (-0.22863482, 0.22863789, 0.9462827), (-0.31632972, 0.11717574, 0.94138473), (-0.9152013, 2.4841947e-7, 0.40299687), (-0.7308834, 8.093795e-7, 0.68250227), (-0.6806494, -0.24984428, 0.6886902), (-0.8569172, -0.3146505, 0.40827447), (-0.8569172, -0.3146505, 0.40827447), (-0.6806494, -0.24984428, 0.6886902), (-0.504897, -0.5048966, 0.70011324), (-0.6425017, -0.6424999, 0.41759473), (-0.7308834, 8.093795e-7, 0.68250227), (-0.34427083, 2.8682462e-7, 0.9388704), (-0.31633237, -0.117178105, 0.9413836), (-0.6806494, -0.24984428, 0.6886902), (-0.6806494, -0.24984428, 0.6886902), (-0.31633237, -0.117178105, 0.9413836), (-0.2286357, -0.22863969, 0.94628197), (-0.504897, -0.5048966, 0.70011324), (-0.9152013, 2.4841947e-7, 0.40299687), (-0.8569172, -0.3146505, 0.40827447), (-0.915687, -0.3366157, 0.2195618), (-0.976291, -8.130547e-8, 0.21646212), (-0.976291, -8.130547e-8, 0.21646212), (-0.915687, -0.3366157, 0.2195618), (-0.9335959, -0.34342235, 0.10227285), (-0.994906, 6.7064754e-8, 0.10080681), (-0.8569172, -0.3146505, 0.40827447), (-0.6425017, -0.6424999, 0.41759473), (-0.6889943, -0.6889941, 0.22488661), (-0.915687, -0.3366157, 0.2195618), (-0.915687, -0.3366157, 0.2195618), (-0.6889943, -0.6889941, 0.22488661), (-0.7032163, -0.70321685, 0.10475086), (-0.9335959, -0.34342235, 0.10227285), (-0.9903139, 7.174038e-8, -0.13884681), (-0.94134605, 3.5841e-8, -0.33744282), (-0.8820667, 0.32391635, -0.34210587), (-0.92923445, 0.3415676, -0.14090738), (-0.92923445, 0.3415676, -0.14090738), (-0.8820667, 0.32391635, -0.34210587), (-0.6622894, 0.6622893, -0.35035074), (-0.6996885, 0.6996883, -0.14447217), (-0.94134605, 3.5841e-8, -0.33744282), (-0.798055, 6.702703e-8, -0.60258466), (-0.74469554, 0.27329108, -0.6088847), (-0.8820667, 0.32391635, -0.34210587), (-0.8820667, 0.32391635, -0.34210587), (-0.74469554, 0.27329108, -0.6088847), (-0.5546193, 0.5546193, -0.6203183), (-0.6622894, 0.6622893, -0.35035074), (-0.9903139, 7.174038e-8, -0.13884681), (-0.92923445, 0.3415676, -0.14090738), (-0.93853766, 0.34517583, -0.0008196188), (-0.99999964, 5.2666003e-8, -0.0008076822), (-0.99999964, 5.2666003e-8, -0.0008076822), (-0.93853766, 0.34517583, -0.0008196188), (-0.93359596, 0.34342226, 0.102272905), (-0.994906, 6.7064754e-8, 0.10080681), (-0.92923445, 0.3415676, -0.14090738), (-0.6996885, 0.6996883, -0.14447217), (-0.7071063, 0.70710677, -0.0008399972), (-0.93853766, 0.34517583, -0.0008196188), (-0.93853766, 0.34517583, -0.0008196188), (-0.7071063, 0.70710677, -0.0008399972), (-0.7032165, 0.70321673, 0.10475082), (-0.93359596, 0.34342226, 0.102272905), (-0.9903139, 7.174038e-8, -0.13884681), (-0.99999964, 5.2666003e-8, -0.0008076822), (-0.93853766, -0.34517586, -0.0008196488), (-0.92923445, -0.34156772, -0.14090721), (-0.92923445, -0.34156772, -0.14090721), (-0.93853766, -0.34517586, -0.0008196488), (-0.7071062, -0.7071069, -0.0008400336), (-0.69968826, -0.6996886, -0.14447208), (-0.99999964, 5.2666003e-8, -0.0008076822), (-0.994906, 6.7064754e-8, 0.10080681), (-0.9335959, -0.34342235, 0.10227285), (-0.93853766, -0.34517586, -0.0008196488), (-0.93853766, -0.34517586, -0.0008196488), (-0.9335959, -0.34342235, 0.10227285), (-0.7032163, -0.70321685, 0.10475086), (-0.7071062, -0.7071069, -0.0008400336), (-0.9903139, 7.174038e-8, -0.13884681), (-0.92923445, -0.34156772, -0.14090721), (-0.88206685, -0.3239163, -0.34210575), (-0.94134605, 3.5841e-8, -0.33744282), (-0.94134605, 3.5841e-8, -0.33744282), (-0.88206685, -0.3239163, -0.34210575), (-0.74469537, -0.27329102, -0.60888493), (-0.798055, 6.702703e-8, -0.60258466), (-0.92923445, -0.34156772, -0.14090721), (-0.69968826, -0.6996886, -0.14447208), (-0.6622892, -0.66228944, -0.35035077), (-0.88206685, -0.3239163, -0.34210575), (-0.88206685, -0.3239163, -0.34210575), (-0.6622892, -0.66228944, -0.35035077), (-0.55461913, -0.55461955, -0.6203183), (-0.74469537, -0.27329102, -0.60888493), (-7.174038e-8, -0.9903139, -0.1388468), (1.266382e-7, -0.94134593, -0.33744296), (-0.32391614, -0.88206685, -0.3421059), (-0.34156755, -0.92923456, -0.14090738), (-0.34156755, -0.92923456, -0.14090738), (-0.32391614, -0.88206685, -0.3421059), (-0.6622892, -0.66228944, -0.35035077), (-0.69968826, -0.6996886, -0.14447208), (1.266382e-7, -0.94134593, -0.33744296), (-1.4362934e-7, -0.798055, -0.60258466), (-0.27329096, -0.74469566, -0.60888463), (-0.32391614, -0.88206685, -0.3421059), (-0.32391614, -0.88206685, -0.3421059), (-0.27329096, -0.74469566, -0.60888463), (-0.55461913, -0.55461955, -0.6203183), (-0.6622892, -0.66228944, -0.35035077), (-7.174038e-8, -0.9903139, -0.1388468), (-0.34156755, -0.92923456, -0.14090738), (-0.34517545, -0.93853784, -0.0008195948), (-1.00544185e-7, -0.99999964, -0.00080760923), (-1.00544185e-7, -0.99999964, -0.00080760923), (-0.34517545, -0.93853784, -0.0008195948), (-0.34342197, -0.9335961, 0.102272935), (4.7903397e-9, -0.994906, 0.10080694), (-0.34156755, -0.92923456, -0.14090738), (-0.69968826, -0.6996886, -0.14447208), (-0.7071062, -0.7071069, -0.0008400336), (-0.34517545, -0.93853784, -0.0008195948), (-0.34517545, -0.93853784, -0.0008195948), (-0.7071062, -0.7071069, -0.0008400336), (-0.7032163, -0.70321685, 0.10475086), (-0.34342197, -0.9335961, 0.102272935), (-7.174038e-8, -0.9903139, -0.1388468), (-1.00544185e-7, -0.99999964, -0.00080760923), (0.34517556, -0.93853784, -0.00081958156), (0.34156755, -0.92923456, -0.14090721), (0.34156755, -0.92923456, -0.14090721), (0.34517556, -0.93853784, -0.00081958156), (0.7071064, -0.70710665, -0.0008399996), (0.69968843, -0.6996884, -0.14447208), (-1.00544185e-7, -0.99999964, -0.00080760923), (4.7903397e-9, -0.994906, 0.10080694), (0.34342206, -0.933596, 0.1022728), (0.34517556, -0.93853784, -0.00081958156), (0.34517556, -0.93853784, -0.00081958156), (0.34342206, -0.933596, 0.1022728), (0.7032165, -0.70321673, 0.104750805), (0.7071064, -0.70710665, -0.0008399996), (-7.174038e-8, -0.9903139, -0.1388468), (0.34156755, -0.92923456, -0.14090721), (0.3239163, -0.8820668, -0.34210584), (1.266382e-7, -0.94134593, -0.33744296), (1.266382e-7, -0.94134593, -0.33744296), (0.3239163, -0.8820668, -0.34210584), (0.2732909, -0.74469537, -0.6088849), (-1.4362934e-7, -0.798055, -0.60258466), (0.34156755, -0.92923456, -0.14090721), (0.69968843, -0.6996884, -0.14447208), (0.66228926, -0.6622895, -0.3503507), (0.3239163, -0.8820668, -0.34210584), (0.3239163, -0.8820668, -0.34210584), (0.66228926, -0.6622895, -0.3503507), (0.5546193, -0.5546193, -0.6203183), (0.2732909, -0.74469537, -0.6088849), (7.174038e-8, 0.9903139, -0.1388468), (-1.266382e-7, 0.94134593, -0.33744296), (0.32391623, 0.8820668, -0.34210593), (0.3415676, 0.92923445, -0.14090735), (0.3415676, 0.92923445, -0.14090735), (0.32391623, 0.8820668, -0.34210593), (0.66228926, 0.66228944, -0.3503508), (0.6996884, 0.69968843, -0.14447215), (-1.266382e-7, 0.94134593, -0.33744296), (1.4362934e-7, 0.798055, -0.60258466), (0.27329096, 0.74469566, -0.60888463), (0.32391623, 0.8820668, -0.34210593), (0.32391623, 0.8820668, -0.34210593), (0.27329096, 0.74469566, -0.60888463), (0.55461913, 0.55461955, -0.6203183), (0.66228926, 0.66228944, -0.3503508), (7.174038e-8, 0.9903139, -0.1388468), (0.3415676, 0.92923445, -0.14090735), (0.34517536, 0.93853784, -0.0008195898), (1.00544185e-7, 0.99999964, -0.00080760923), (1.00544185e-7, 0.99999964, -0.00080760923), (0.34517536, 0.93853784, -0.0008195898), (0.34342197, 0.9335961, 0.102272935), (-4.7903397e-9, 0.994906, 0.10080694), (0.3415676, 0.92923445, -0.14090735), (0.6996884, 0.69968843, -0.14447215), (0.70710623, 0.7071068, -0.00084000453), (0.34517536, 0.93853784, -0.0008195898), (0.34517536, 0.93853784, -0.0008195898), (0.70710623, 0.7071068, -0.00084000453), (0.7032163, 0.70321685, 0.10475085), (0.34342197, 0.9335961, 0.102272935), (7.174038e-8, 0.9903139, -0.1388468), (1.00544185e-7, 0.99999964, -0.00080760923), (-0.34517556, 0.93853784, -0.0008195792), (-0.3415677, 0.92923445, -0.14090717), (-0.3415677, 0.92923445, -0.14090717), (-0.34517556, 0.93853784, -0.0008195792), (-0.7071063, 0.70710677, -0.0008399972), (-0.6996885, 0.6996883, -0.14447217), (1.00544185e-7, 0.99999964, -0.00080760923), (-4.7903397e-9, 0.994906, 0.10080694), (-0.34342206, 0.933596, 0.1022728), (-0.34517556, 0.93853784, -0.0008195792), (-0.34517556, 0.93853784, -0.0008195792), (-0.34342206, 0.933596, 0.1022728), (-0.7032165, 0.70321673, 0.10475082), (-0.7071063, 0.70710677, -0.0008399972), (7.174038e-8, 0.9903139, -0.1388468), (-0.3415677, 0.92923445, -0.14090717), (-0.32391644, 0.8820667, -0.34210587), (-1.266382e-7, 0.94134593, -0.33744296), (-1.266382e-7, 0.94134593, -0.33744296), (-0.32391644, 0.8820667, -0.34210587), (-0.2732909, 0.74469537, -0.6088849), (1.4362934e-7, 0.798055, -0.60258466), (-0.3415677, 0.92923445, -0.14090717), (-0.6996885, 0.6996883, -0.14447217), (-0.6622894, 0.6622893, -0.35035074), (-0.32391644, 0.8820667, -0.34210587), (-0.32391644, 0.8820667, -0.34210587), (-0.6622894, 0.6622893, -0.35035074), (-0.5546193, 0.5546193, -0.6203183), (-0.2732909, 0.74469537, -0.6088849), (0.9903139, -7.174038e-8, -0.13884681), (0.94134605, -3.5841e-8, -0.33744282), (0.8820667, -0.3239163, -0.34210587), (0.9292345, -0.34156758, -0.1409074), (0.9292345, -0.34156758, -0.1409074), (0.8820667, -0.3239163, -0.34210587), (0.66228926, -0.6622895, -0.3503507), (0.69968843, -0.6996884, -0.14447208), (0.94134605, -3.5841e-8, -0.33744282), (0.798055, -6.702703e-8, -0.60258466), (0.74469554, -0.27329108, -0.6088847), (0.8820667, -0.3239163, -0.34210587), (0.8820667, -0.3239163, -0.34210587), (0.74469554, -0.27329108, -0.6088847), (0.5546193, -0.5546193, -0.6203183), (0.66228926, -0.6622895, -0.3503507), (0.9903139, -7.174038e-8, -0.13884681), (0.9292345, -0.34156758, -0.1409074), (0.93853766, -0.3451758, -0.0008196188), (0.99999964, -5.2666003e-8, -0.0008076822), (0.99999964, -5.2666003e-8, -0.0008076822), (0.93853766, -0.3451758, -0.0008196188), (0.93359596, -0.34342226, 0.102272905), (0.994906, -6.7064754e-8, 0.10080681), (0.9292345, -0.34156758, -0.1409074), (0.69968843, -0.6996884, -0.14447208), (0.7071064, -0.70710665, -0.0008399996), (0.93853766, -0.3451758, -0.0008196188), (0.93853766, -0.3451758, -0.0008196188), (0.7071064, -0.70710665, -0.0008399996), (0.7032165, -0.70321673, 0.104750805), (0.93359596, -0.34342226, 0.102272905), (0.9903139, -7.174038e-8, -0.13884681), (0.99999964, -5.2666003e-8, -0.0008076822), (0.9385378, 0.3451757, -0.000819626), (0.92923456, 0.34156758, -0.14090715), (0.92923456, 0.34156758, -0.14090715), (0.9385378, 0.3451757, -0.000819626), (0.70710623, 0.7071068, -0.00084000453), (0.6996884, 0.69968843, -0.14447215), (0.99999964, -5.2666003e-8, -0.0008076822), (0.994906, -6.7064754e-8, 0.10080681), (0.9335959, 0.34342235, 0.10227285), (0.9385378, 0.3451757, -0.000819626), (0.9385378, 0.3451757, -0.000819626), (0.9335959, 0.34342235, 0.10227285), (0.7032163, 0.70321685, 0.10475085), (0.70710623, 0.7071068, -0.00084000453), (0.9903139, -7.174038e-8, -0.13884681), (0.92923456, 0.34156758, -0.14090715), (0.88206685, 0.3239163, -0.34210575), (0.94134605, -3.5841e-8, -0.33744282), (0.94134605, -3.5841e-8, -0.33744282), (0.88206685, 0.3239163, -0.34210575), (0.74469537, 0.27329102, -0.60888493), (0.798055, -6.702703e-8, -0.60258466), (0.92923456, 0.34156758, -0.14090715), (0.6996884, 0.69968843, -0.14447215), (0.66228926, 0.66228944, -0.3503508), (0.88206685, 0.3239163, -0.34210575), (0.88206685, 0.3239163, -0.34210575), (0.66228926, 0.66228944, -0.3503508), (0.55461913, 0.55461955, -0.6203183), (0.74469537, 0.27329102, -0.60888493), (0, 0.9916581, -0.12889609), (-0.3583858, 0.92656237, -0.114200644), (-0.364766, 0.89893806, 0.24260278), (3.162491e-8, 0.9683507, 0.24959332), (3.162491e-8, 0.9683507, 0.24959332), (-0.364766, 0.89893806, 0.24260278), (-0.316537, 0.6104774, 0.7260314), (2.3887857e-8, 0.64568776, 0.7636016), (-0.3583858, 0.92656237, -0.114200644), (-0.7034949, 0.70349485, -0.10094521), (-0.687338, 0.68733793, 0.23480444), (-0.364766, 0.89893806, 0.24260278), (-0.364766, 0.89893806, 0.24260278), (-0.687338, 0.68733793, 0.23480444), (-0.5483072, 0.5483072, 0.63144153), (-0.316537, 0.6104774, 0.7260314), (0, 0.9916581, -0.12889609), (3.162491e-8, 0.9683507, 0.24959332), (0.364766, 0.8989381, 0.24260268), (0.3583858, 0.92656237, -0.11420065), (0.3583858, 0.92656237, -0.11420065), (0.364766, 0.8989381, 0.24260268), (0.6873379, 0.6873379, 0.23480448), (0.70349485, 0.70349485, -0.100945204), (3.162491e-8, 0.9683507, 0.24959332), (2.3887857e-8, 0.64568776, 0.7636016), (0.31653696, 0.6104775, 0.7260314), (0.364766, 0.8989381, 0.24260268), (0.364766, 0.8989381, 0.24260268), (0.31653696, 0.6104775, 0.7260314), (0.5483072, 0.5483072, 0.63144153), (0.6873379, 0.6873379, 0.23480448), (0, 0.9916581, -0.12889609), (0.3583858, 0.92656237, -0.11420065), (0.34376422, 0.9276207, -0.14610277), (-1.4354439e-8, 0.98914695, -0.14692953), (-1.4354439e-8, 0.98914695, -0.14692953), (0.34376422, 0.9276207, -0.14610277), (0.34158492, 0.9314366, 0.12548152), (-6.244301e-8, 0.9923418, 0.12352207), (0.3583858, 0.92656237, -0.11420065), (0.70349485, 0.70349485, -0.100945204), (0.6994626, 0.6994626, -0.14664327), (0.34376422, 0.9276207, -0.14610277), (0.34376422, 0.9276207, -0.14610277), (0.6994626, 0.6994626, -0.14664327), (0.70118755, 0.7011875, 0.12912041), (0.34158492, 0.9314366, 0.12548152), (0, 0.9916581, -0.12889609), (-1.4354439e-8, 0.98914695, -0.14692953), (-0.3437642, 0.92762065, -0.14610282), (-0.3583858, 0.92656237, -0.114200644), (-0.3583858, 0.92656237, -0.114200644), (-0.3437642, 0.92762065, -0.14610282), (-0.69946253, 0.6994626, -0.14664331), (-0.7034949, 0.70349485, -0.10094521), (-1.4354439e-8, 0.98914695, -0.14692953), (-6.244301e-8, 0.9923418, 0.12352207), (-0.341585, 0.9314366, 0.1254815), (-0.3437642, 0.92762065, -0.14610282), (-0.3437642, 0.92762065, -0.14610282), (-0.341585, 0.9314366, 0.1254815), (-0.7011875, 0.70118755, 0.12912044), (-0.69946253, 0.6994626, -0.14664331), (-0.9916581, 1.4627234e-8, -0.12889613), (-0.92656237, -0.35838577, -0.11420064), (-0.89893806, -0.36476597, 0.24260281), (-0.9683507, 8.960393e-8, 0.2495934), (-0.9683507, 8.960393e-8, 0.2495934), (-0.89893806, -0.36476597, 0.24260281), (-0.6104773, -0.31653693, 0.72603154), (-0.64568764, 8.49346e-8, 0.7636016), (-0.92656237, -0.35838577, -0.11420064), (-0.70349485, -0.70349485, -0.100945204), (-0.6873379, -0.6873379, 0.23480447), (-0.89893806, -0.36476597, 0.24260281), (-0.89893806, -0.36476597, 0.24260281), (-0.6873379, -0.6873379, 0.23480447), (-0.5483072, -0.5483072, 0.63144153), (-0.6104773, -0.31653693, 0.72603154), (-0.9916581, 1.4627234e-8, -0.12889613), (-0.9683507, 8.960393e-8, 0.2495934), (-0.89893806, 0.3647661, 0.24260269), (-0.9265624, 0.35838583, -0.11420065), (-0.9265624, 0.35838583, -0.11420065), (-0.89893806, 0.3647661, 0.24260269), (-0.687338, 0.68733793, 0.23480444), (-0.7034949, 0.70349485, -0.10094521), (-0.9683507, 8.960393e-8, 0.2495934), (-0.64568764, 8.49346e-8, 0.7636016), (-0.6104774, 0.31653705, 0.72603154), (-0.89893806, 0.3647661, 0.24260269), (-0.89893806, 0.3647661, 0.24260269), (-0.6104774, 0.31653705, 0.72603154), (-0.5483072, 0.5483072, 0.63144153), (-0.687338, 0.68733793, 0.23480444), (-0.9916581, 1.4627234e-8, -0.12889613), (-0.9265624, 0.35838583, -0.11420065), (-0.92762077, 0.34376416, -0.14610271), (-0.98914695, 0, -0.14692947), (-0.98914695, 0, -0.14692947), (-0.92762077, 0.34376416, -0.14610271), (-0.93143654, 0.34158498, 0.1254814), (-0.9923418, 0, 0.123521924), (-0.9265624, 0.35838583, -0.11420065), (-0.7034949, 0.70349485, -0.10094521), (-0.69946253, 0.6994626, -0.14664331), (-0.92762077, 0.34376416, -0.14610271), (-0.92762077, 0.34376416, -0.14610271), (-0.69946253, 0.6994626, -0.14664331), (-0.7011875, 0.70118755, 0.12912044), (-0.93143654, 0.34158498, 0.1254814), (-0.9916581, 1.4627234e-8, -0.12889613), (-0.98914695, 0, -0.14692947), (-0.92762065, -0.34376416, -0.14610276), (-0.92656237, -0.35838577, -0.11420064), (-0.92656237, -0.35838577, -0.11420064), (-0.92762065, -0.34376416, -0.14610276), (-0.6994626, -0.6994626, -0.14664327), (-0.70349485, -0.70349485, -0.100945204), (-0.98914695, 0, -0.14692947), (-0.9923418, 0, 0.123521924), (-0.9314366, -0.341585, 0.12548137), (-0.92762065, -0.34376416, -0.14610276), (-0.92762065, -0.34376416, -0.14610276), (-0.9314366, -0.341585, 0.12548137), (-0.7011875, -0.70118755, 0.12912041), (-0.6994626, -0.6994626, -0.14664327), (0, -0.9916581, -0.12889609), (0.3583858, -0.92656237, -0.114200644), (0.364766, -0.89893806, 0.24260278), (-3.162491e-8, -0.9683507, 0.24959332), (-3.162491e-8, -0.9683507, 0.24959332), (0.364766, -0.89893806, 0.24260278), (0.316537, -0.6104774, 0.7260314), (-2.6542063e-8, -0.64568776, 0.76360154), (0.3583858, -0.92656237, -0.114200644), (0.7034949, -0.70349485, -0.10094521), (0.687338, -0.68733793, 0.23480444), (0.364766, -0.89893806, 0.24260278), (0.364766, -0.89893806, 0.24260278), (0.687338, -0.68733793, 0.23480444), (0.5483072, -0.5483072, 0.63144153), (0.316537, -0.6104774, 0.7260314), (0, -0.9916581, -0.12889609), (-3.162491e-8, -0.9683507, 0.24959332), (-0.364766, -0.8989381, 0.24260268), (-0.3583858, -0.92656237, -0.11420065), (-0.3583858, -0.92656237, -0.11420065), (-0.364766, -0.8989381, 0.24260268), (-0.6873379, -0.6873379, 0.23480447), (-0.70349485, -0.70349485, -0.100945204), (-3.162491e-8, -0.9683507, 0.24959332), (-2.6542063e-8, -0.64568776, 0.76360154), (-0.31653696, -0.6104775, 0.7260314), (-0.364766, -0.8989381, 0.24260268), (-0.364766, -0.8989381, 0.24260268), (-0.31653696, -0.6104775, 0.7260314), (-0.5483072, -0.5483072, 0.63144153), (-0.6873379, -0.6873379, 0.23480447), (0, -0.9916581, -0.12889609), (-0.3583858, -0.92656237, -0.11420065), (-0.34376422, -0.9276207, -0.14610277), (1.4354439e-8, -0.98914695, -0.14692953), (1.4354439e-8, -0.98914695, -0.14692953), (-0.34376422, -0.9276207, -0.14610277), (-0.34158492, -0.9314366, 0.1254815), (6.244301e-8, -0.9923418, 0.12352207), (-0.3583858, -0.92656237, -0.11420065), (-0.70349485, -0.70349485, -0.100945204), (-0.6994626, -0.6994626, -0.14664327), (-0.34376422, -0.9276207, -0.14610277), (-0.34376422, -0.9276207, -0.14610277), (-0.6994626, -0.6994626, -0.14664327), (-0.7011875, -0.70118755, 0.12912041), (-0.34158492, -0.9314366, 0.1254815), (0, -0.9916581, -0.12889609), (1.4354439e-8, -0.98914695, -0.14692953), (0.3437642, -0.92762065, -0.14610282), (0.3583858, -0.92656237, -0.114200644), (0.3583858, -0.92656237, -0.114200644), (0.3437642, -0.92762065, -0.14610282), (0.69946253, -0.6994626, -0.14664331), (0.7034949, -0.70349485, -0.10094521), (1.4354439e-8, -0.98914695, -0.14692953), (6.244301e-8, -0.9923418, 0.12352207), (0.341585, -0.9314366, 0.1254815), (0.3437642, -0.92762065, -0.14610282), (0.3437642, -0.92762065, -0.14610282), (0.341585, -0.9314366, 0.1254815), (0.7011875, -0.70118755, 0.12912044), (0.69946253, -0.6994626, -0.14664331), (0.9916581, -1.4627234e-8, -0.12889613), (0.92656237, 0.35838577, -0.11420064), (0.89893806, 0.36476597, 0.24260281), (0.9683507, -8.960393e-8, 0.2495934), (0.9683507, -8.960393e-8, 0.2495934), (0.89893806, 0.36476597, 0.24260281), (0.6104773, 0.31653693, 0.72603154), (0.64568764, -8.49346e-8, 0.7636016), (0.92656237, 0.35838577, -0.11420064), (0.70349485, 0.70349485, -0.100945204), (0.6873379, 0.6873379, 0.23480448), (0.89893806, 0.36476597, 0.24260281), (0.89893806, 0.36476597, 0.24260281), (0.6873379, 0.6873379, 0.23480448), (0.5483072, 0.5483072, 0.63144153), (0.6104773, 0.31653693, 0.72603154), (0.9916581, -1.4627234e-8, -0.12889613), (0.9683507, -8.960393e-8, 0.2495934), (0.89893806, -0.3647661, 0.24260269), (0.9265624, -0.35838583, -0.11420065), (0.9265624, -0.35838583, -0.11420065), (0.89893806, -0.3647661, 0.24260269), (0.687338, -0.68733793, 0.23480444), (0.7034949, -0.70349485, -0.10094521), (0.9683507, -8.960393e-8, 0.2495934), (0.64568764, -8.49346e-8, 0.7636016), (0.6104774, -0.31653705, 0.72603154), (0.89893806, -0.3647661, 0.24260269), (0.89893806, -0.3647661, 0.24260269), (0.6104774, -0.31653705, 0.72603154), (0.5483072, -0.5483072, 0.63144153), (0.687338, -0.68733793, 0.23480444), (0.9916581, -1.4627234e-8, -0.12889613), (0.9265624, -0.35838583, -0.11420065), (0.92762077, -0.34376416, -0.14610271), (0.98914695, 0, -0.14692947), (0.98914695, 0, -0.14692947), (0.92762077, -0.34376416, -0.14610271), (0.93143654, -0.34158498, 0.1254814), (0.9923418, 0, 0.123521924), (0.9265624, -0.35838583, -0.11420065), (0.7034949, -0.70349485, -0.10094521), (0.69946253, -0.6994626, -0.14664331), (0.92762077, -0.34376416, -0.14610271), (0.92762077, -0.34376416, -0.14610271), (0.69946253, -0.6994626, -0.14664331), (0.7011875, -0.70118755, 0.12912044), (0.93143654, -0.34158498, 0.1254814), (0.9916581, -1.4627234e-8, -0.12889613), (0.98914695, 0, -0.14692947), (0.92762065, 0.34376416, -0.14610276), (0.92656237, 0.35838577, -0.11420064), (0.92656237, 0.35838577, -0.11420064), (0.92762065, 0.34376416, -0.14610276), (0.6994626, 0.6994626, -0.14664327), (0.70349485, 0.70349485, -0.100945204), (0.98914695, 0, -0.14692947), (0.9923418, 0, 0.123521924), (0.9314366, 0.34158504, 0.12548134), (0.92762065, 0.34376416, -0.14610276), (0.92762065, 0.34376416, -0.14610276), (0.9314366, 0.34158504, 0.12548134), (0.70118755, 0.7011875, 0.12912041), (0.6994626, 0.6994626, -0.14664327), (-0.7964262, -2.82122e-8, 0.60473585), (-0.74566287, 0.27451363, 0.60714835), (-0.9242126, 0.3414121, 0.1710815), (-0.9855438, -3.523097e-7, 0.16942061), (-0.9855438, -3.523097e-7, 0.16942061), (-0.9242126, 0.3414121, 0.1710815), (-0.92479867, 0.34135464, -0.1680013), (-0.9860937, 9.127113e-8, -0.16619019), (-0.74566287, 0.27451363, 0.60714835), (-0.56076485, 0.56076646, 0.6091665), (-0.69640845, 0.6964097, 0.17328818), (-0.9242126, 0.3414121, 0.1710815), (-0.9242126, 0.3414121, 0.1710815), (-0.69640845, 0.6964097, 0.17328818), (-0.6967444, 0.69674283, -0.17057793), (-0.92479867, 0.34135464, -0.1680013), (-0.7964262, -2.82122e-8, 0.60473585), (-0.9855438, -3.523097e-7, 0.16942061), (-0.92421305, -0.34141088, 0.17108133), (-0.74566346, -0.27451354, 0.60714763), (-0.74566346, -0.27451354, 0.60714763), (-0.92421305, -0.34141088, 0.17108133), (-0.69640875, -0.69640934, 0.17328835), (-0.560765, -0.5607666, 0.6091661), (-0.9855438, -3.523097e-7, 0.16942061), (-0.9860937, 9.127113e-8, -0.16619019), (-0.9247988, -0.3413538, -0.16800219), (-0.92421305, -0.34141088, 0.17108133), (-0.92421305, -0.34141088, 0.17108133), (-0.9247988, -0.3413538, -0.16800219), (-0.6967443, -0.69674265, -0.1705782), (-0.69640875, -0.69640934, 0.17328835), (-0.7964262, -2.82122e-8, 0.60473585), (-0.74566346, -0.27451354, 0.60714763), (-0.25844714, -0.092711754, 0.96156627), (-0.2725673, 1.8982941e-7, 0.96213675), (-0.2725673, 1.8982941e-7, 0.96213675), (-0.25844714, -0.092711754, 0.96156627), (0.31633055, 0.11717786, 0.94138426), (0.34427083, -2.8682462e-7, 0.9388704), (-0.74566346, -0.27451354, 0.60714763), (-0.560765, -0.5607666, 0.6091661), (-0.19905104, -0.19904728, 0.9595618), (-0.25844714, -0.092711754, 0.96156627), (-0.25844714, -0.092711754, 0.96156627), (-0.19905104, -0.19904728, 0.9595618), (0.22863406, 0.2286382, 0.9462828), (0.31633055, 0.11717786, 0.94138426), (-0.7964262, -2.82122e-8, 0.60473585), (-0.2725673, 1.8982941e-7, 0.96213675), (-0.2584493, 0.092713475, 0.9615655), (-0.74566287, 0.27451363, 0.60714835), (-0.74566287, 0.27451363, 0.60714835), (-0.2584493, 0.092713475, 0.9615655), (-0.19905216, 0.19904679, 0.95956165), (-0.56076485, 0.56076646, 0.6091665), (-0.2725673, 1.8982941e-7, 0.96213675), (0.34427083, -2.8682462e-7, 0.9388704), (0.3163297, -0.1171763, 0.9413848), (-0.2584493, 0.092713475, 0.9615655), (-0.2584493, 0.092713475, 0.9615655), (0.3163297, -0.1171763, 0.9413848), (0.22863801, -0.22863911, 0.94628155), (-0.19905216, 0.19904679, 0.95956165), (3.949712e-7, 0.7964253, 0.604737), (0.27451438, 0.7456628, 0.6071482), (0.34141204, 0.92421275, 0.17108086), (3.4981105e-7, 0.9855439, 0.1694201), (3.4981105e-7, 0.9855439, 0.1694201), (0.34141204, 0.92421275, 0.17108086), (0.34135452, 0.9247989, -0.16800039), (1.0853861e-7, 0.98609394, -0.16618852), (0.27451438, 0.7456628, 0.6071482), (0.5607657, 0.5607662, 0.60916597), (0.69640964, 0.6964085, 0.17328832), (0.34141204, 0.92421275, 0.17108086), (0.34141204, 0.92421275, 0.17108086), (0.69640964, 0.6964085, 0.17328832), (0.6967442, 0.69674283, -0.17057842), (0.34135452, 0.9247989, -0.16800039), (3.949712e-7, 0.7964253, 0.604737), (3.4981105e-7, 0.9855439, 0.1694201), (-0.34141198, 0.92421275, 0.171081), (-0.27451324, 0.7456633, 0.6071481), (-0.27451324, 0.7456633, 0.6071481), (-0.34141198, 0.92421275, 0.171081), (-0.69640845, 0.6964097, 0.17328818), (-0.56076485, 0.56076646, 0.6091665), (3.4981105e-7, 0.9855439, 0.1694201), (1.0853861e-7, 0.98609394, -0.16618852), (-0.34135512, 0.9247984, -0.16800146), (-0.34141198, 0.92421275, 0.171081), (-0.34141198, 0.92421275, 0.171081), (-0.34135512, 0.9247984, -0.16800146), (-0.6967444, 0.69674283, -0.17057793), (-0.69640845, 0.6964097, 0.17328818), (3.949712e-7, 0.7964253, 0.604737), (-0.27451324, 0.7456633, 0.6071481), (-0.09271699, 0.25844318, 0.9615668), (8.362747e-7, 0.272565, 0.96213734), (8.362747e-7, 0.272565, 0.96213734), (-0.09271699, 0.25844318, 0.9615668), (0.117176116, -0.31633332, 0.94138354), (-5.9066446e-7, -0.34427086, 0.9388704), (-0.27451324, 0.7456633, 0.6071481), (-0.56076485, 0.56076646, 0.6091665), (-0.19905216, 0.19904679, 0.95956165), (-0.09271699, 0.25844318, 0.9615668), (-0.09271699, 0.25844318, 0.9615668), (-0.19905216, 0.19904679, 0.95956165), (0.22863801, -0.22863911, 0.94628155), (0.117176116, -0.31633332, 0.94138354), (3.949712e-7, 0.7964253, 0.604737), (8.362747e-7, 0.272565, 0.96213734), (0.09271633, 0.2584472, 0.96156573), (0.27451438, 0.7456628, 0.6071482), (0.27451438, 0.7456628, 0.6071482), (0.09271633, 0.2584472, 0.96156573), (0.19905104, 0.19904728, 0.9595618), (0.5607657, 0.5607662, 0.60916597), (8.362747e-7, 0.272565, 0.96213734), (-5.9066446e-7, -0.34427086, 0.9388704), (-0.117173895, -0.31632897, 0.9413853), (0.09271633, 0.2584472, 0.96156573), (0.09271633, 0.2584472, 0.96156573), (-0.117173895, -0.31632897, 0.9413853), (-0.2286357, -0.22863969, 0.94628197), (0.19905104, 0.19904728, 0.9595618), (0.7964262, 2.82122e-8, 0.60473585), (0.74566287, -0.27451363, 0.60714835), (0.9242126, -0.3414121, 0.1710815), (0.9855438, 3.523097e-7, 0.16942061), (0.9855438, 3.523097e-7, 0.16942061), (0.9242126, -0.3414121, 0.1710815), (0.9247987, -0.34135443, -0.1680013), (0.9860937, -9.127113e-8, -0.16619019), (0.74566287, -0.27451363, 0.60714835), (0.56076485, -0.56076646, 0.6091665), (0.69640845, -0.6964097, 0.17328818), (0.9242126, -0.3414121, 0.1710815), (0.9242126, -0.3414121, 0.1710815), (0.69640845, -0.6964097, 0.17328818), (0.6967445, -0.6967426, -0.17057793), (0.9247987, -0.34135443, -0.1680013), (0.7964262, 2.82122e-8, 0.60473585), (0.9855438, 3.523097e-7, 0.16942061), (0.924213, 0.34141096, 0.17108159), (0.74566317, 0.2745138, 0.60714793), (0.74566317, 0.2745138, 0.60714793), (0.924213, 0.34141096, 0.17108159), (0.69640964, 0.6964085, 0.17328832), (0.5607657, 0.5607662, 0.60916597), (0.9855438, 3.523097e-7, 0.16942061), (0.9860937, -9.127113e-8, -0.16619019), (0.92479885, 0.3413535, -0.16800241), (0.924213, 0.34141096, 0.17108159), (0.924213, 0.34141096, 0.17108159), (0.92479885, 0.3413535, -0.16800241), (0.6967442, 0.69674283, -0.17057842), (0.69640964, 0.6964085, 0.17328832), (0.7964262, 2.82122e-8, 0.60473585), (0.74566317, 0.2745138, 0.60714793), (0.25844714, 0.092711754, 0.96156627), (0.2725673, -1.8982941e-7, 0.96213675), (0.2725673, -1.8982941e-7, 0.96213675), (0.25844714, 0.092711754, 0.96156627), (-0.31633237, -0.117178105, 0.9413836), (-0.34427083, 2.8682462e-7, 0.9388704), (0.74566317, 0.2745138, 0.60714793), (0.5607657, 0.5607662, 0.60916597), (0.19905104, 0.19904728, 0.9595618), (0.25844714, 0.092711754, 0.96156627), (0.25844714, 0.092711754, 0.96156627), (0.19905104, 0.19904728, 0.9595618), (-0.2286357, -0.22863969, 0.94628197), (-0.31633237, -0.117178105, 0.9413836), (0.7964262, 2.82122e-8, 0.60473585), (0.2725673, -1.8982941e-7, 0.96213675), (0.2584493, -0.092713475, 0.9615655), (0.74566287, -0.27451363, 0.60714835), (0.74566287, -0.27451363, 0.60714835), (0.2584493, -0.092713475, 0.9615655), (0.19905216, -0.19904679, 0.95956165), (0.56076485, -0.56076646, 0.6091665), (0.2725673, -1.8982941e-7, 0.96213675), (-0.34427083, 2.8682462e-7, 0.9388704), (-0.31632972, 0.11717574, 0.94138473), (0.2584493, -0.092713475, 0.9615655), (0.2584493, -0.092713475, 0.9615655), (-0.31632972, 0.11717574, 0.94138473), (-0.22863482, 0.22863789, 0.9462827), (0.19905216, -0.19904679, 0.95956165), (-3.949712e-7, -0.7964253, 0.604737), (-0.2745131, -0.74566317, 0.60714823), (-0.34141085, -0.9242131, 0.17108105), (-3.4981105e-7, -0.9855439, 0.1694201), (-3.4981105e-7, -0.9855439, 0.1694201), (-0.34141085, -0.9242131, 0.17108105), (-0.34135488, -0.9247987, -0.16800043), (-1.0853861e-7, -0.98609394, -0.16618852), (-0.2745131, -0.74566317, 0.60714823), (-0.560765, -0.5607666, 0.6091661), (-0.69640875, -0.69640934, 0.17328835), (-0.34141085, -0.9242131, 0.17108105), (-0.34141085, -0.9242131, 0.17108105), (-0.69640875, -0.69640934, 0.17328835), (-0.6967443, -0.69674265, -0.1705782), (-0.34135488, -0.9247987, -0.16800043), (-3.949712e-7, -0.7964253, 0.604737), (-3.4981105e-7, -0.9855439, 0.1694201), (0.34141198, -0.92421275, 0.171081), (0.27451324, -0.7456633, 0.6071481), (0.27451324, -0.7456633, 0.6071481), (0.34141198, -0.92421275, 0.171081), (0.69640845, -0.6964097, 0.17328818), (0.56076485, -0.56076646, 0.6091665), (-3.4981105e-7, -0.9855439, 0.1694201), (-1.0853861e-7, -0.98609394, -0.16618852), (0.34135512, -0.9247984, -0.16800146), (0.34141198, -0.92421275, 0.171081), (0.34141198, -0.92421275, 0.171081), (0.34135512, -0.9247984, -0.16800146), (0.6967445, -0.6967426, -0.17057793), (0.69640845, -0.6964097, 0.17328818), (-3.949712e-7, -0.7964253, 0.604737), (0.27451324, -0.7456633, 0.6071481), (0.09271699, -0.25844318, 0.9615668), (-8.362747e-7, -0.272565, 0.96213734), (-8.362747e-7, -0.272565, 0.96213734), (0.09271699, -0.25844318, 0.9615668), (-0.11717271, 0.31633252, 0.94138426), (5.9066446e-7, 0.34427086, 0.9388704), (0.27451324, -0.7456633, 0.6071481), (0.56076485, -0.56076646, 0.6091665), (0.19905216, -0.19904679, 0.95956165), (0.09271699, -0.25844318, 0.9615668), (0.09271699, -0.25844318, 0.9615668), (0.19905216, -0.19904679, 0.95956165), (-0.22863482, 0.22863789, 0.9462827), (-0.11717271, 0.31633252, 0.94138426), (-3.949712e-7, -0.7964253, 0.604737), (-8.362747e-7, -0.272565, 0.96213734), (-0.09271633, -0.2584472, 0.96156573), (-0.2745131, -0.74566317, 0.60714823), (-0.2745131, -0.74566317, 0.60714823), (-0.09271633, -0.2584472, 0.96156573), (-0.19905104, -0.19904728, 0.9595618), (-0.560765, -0.5607666, 0.6091661), (-8.362747e-7, -0.272565, 0.96213734), (5.9066446e-7, 0.34427086, 0.9388704), (0.117174074, 0.3163278, 0.94138557), (-0.09271633, -0.2584472, 0.96156573), (-0.09271633, -0.2584472, 0.96156573), (0.117174074, 0.3163278, 0.94138557), (0.22863406, 0.2286382, 0.9462828), (-0.19905104, -0.19904728, 0.9595618), (-3.5664367e-8, 0, 1), (-3.5664367e-8, 0, 1), (-3.5664367e-8, 0, 1), (-3.5664367e-8, 0, 1), (-3.5664367e-8, 0, 1), (-3.5664367e-8, 0, 1), (-3.5664367e-8, 0, 1), (-3.5664367e-8, 0, 1), (-3.5664367e-8, 0, 1), (-3.5664367e-8, 0, 1), (-3.5664367e-8, 0, 1), (-3.5664367e-8, 0, 1), (-3.5664367e-8, 0, 1), (-3.5664367e-8, 0, 1), (-3.5664367e-8, 0, 1), (-3.5664367e-8, 0, 1), (-0.87882286, 7.188984e-9, -0.47714815), (-0.91666263, 9.552211e-9, -0.399662), (-0.85832345, -0.3153304, -0.4047809), (-0.82218236, -0.3023099, -0.48231214), (-0.91666263, 9.552211e-9, -0.399662), (-0.9923418, -9.606615e-9, -0.123521924), (-0.9314366, -0.34158498, -0.12548126), (-0.85832345, -0.3153304, -0.4047809), (-0.82218236, -0.3023099, -0.48231214), (-0.85832345, -0.3153304, -0.4047809), (-0.64378226, -0.6437824, -0.41362867), (-0.6161207, -0.616121, -0.49070373), (-0.85832345, -0.3153304, -0.4047809), (-0.9314366, -0.34158498, -0.12548126), (-0.7011876, -0.7011875, -0.12912017), (-0.64378226, -0.6437824, -0.41362867), (-0.87882286, 7.188984e-9, -0.47714815), (-0.8221823, 0.30230993, -0.48231217), (-0.85832345, 0.31533048, -0.40478086), (-0.91666263, 9.552211e-9, -0.399662), (-0.8221823, 0.30230993, -0.48231217), (-0.6161208, 0.61612093, -0.4907037), (-0.64378226, 0.6437824, -0.41362864), (-0.85832345, 0.31533048, -0.40478086), (-0.91666263, 9.552211e-9, -0.399662), (-0.85832345, 0.31533048, -0.40478086), (-0.9314366, 0.341585, -0.12548134), (-0.9923418, -9.606615e-9, -0.123521924), (-0.85832345, 0.31533048, -0.40478086), (-0.64378226, 0.6437824, -0.41362864), (-0.70118755, 0.70118755, -0.12912022), (-0.9314366, 0.341585, -0.12548134), (-0.87882286, 7.188984e-9, -0.47714815), (-0.92649245, 0, -0.3763134), (-0.8678747, 0.31979924, -0.3801604), (-0.8221823, 0.30230993, -0.48231217), (-0.92649245, 0, -0.3763134), (-0.9974993, 1.3272386e-8, 0.07067725), (-0.93534184, 0.34653023, 0.07107981), (-0.8678747, 0.31979924, -0.3801604), (-0.8221823, 0.30230993, -0.48231217), (-0.8678747, 0.31979924, -0.3801604), (-0.6523553, 0.6523553, -0.38583037), (-0.6161208, 0.61612093, -0.4907037), (-0.8678747, 0.31979924, -0.3801604), (-0.93534184, 0.34653023, 0.07107981), (-0.70530313, 0.7053031, 0.07138014), (-0.6523553, 0.6523553, -0.38583037), (-0.87882286, 7.188984e-9, -0.47714815), (-0.82218236, -0.3023099, -0.48231214), (-0.86787474, -0.31979927, -0.38016036), (-0.92649245, 0, -0.3763134), (-0.82218236, -0.3023099, -0.48231214), (-0.6161207, -0.616121, -0.49070373), (-0.6523553, -0.6523553, -0.38583037), (-0.86787474, -0.31979927, -0.38016036), (-0.92649245, 0, -0.3763134), (-0.86787474, -0.31979927, -0.38016036), (-0.93534184, -0.34653023, 0.071079776), (-0.9974993, 1.3272386e-8, 0.07067725), (-0.86787474, -0.31979927, -0.38016036), (-0.6523553, -0.6523553, -0.38583037), (-0.705303, -0.70530313, 0.07138016), (-0.93534184, -0.34653023, 0.071079776), (1.4377966e-8, 0.8788228, -0.47714815), (-1.6716367e-8, 0.9166626, -0.399662), (-0.31533045, 0.85832345, -0.40478086), (-0.3023098, 0.8221822, -0.48231226), (-1.6716367e-8, 0.9166626, -0.399662), (-5.7639696e-8, 0.9923418, -0.12352191), (-0.34158504, 0.9314366, -0.12548123), (-0.31533045, 0.85832345, -0.40478086), (-0.3023098, 0.8221822, -0.48231226), (-0.31533045, 0.85832345, -0.40478086), (-0.64378226, 0.6437824, -0.41362864), (-0.6161208, 0.61612093, -0.4907037), (-0.31533045, 0.85832345, -0.40478086), (-0.34158504, 0.9314366, -0.12548123), (-0.70118755, 0.70118755, -0.12912022), (-0.64378226, 0.6437824, -0.41362864), (1.4377966e-8, 0.8788228, -0.47714815), (0.30231, 0.82218224, -0.48231217), (0.31533056, 0.85832345, -0.4047808), (-1.6716367e-8, 0.9166626, -0.399662), (0.30231, 0.82218224, -0.48231217), (0.6161209, 0.6161209, -0.4907037), (0.6437823, 0.6437823, -0.41362867), (0.31533056, 0.85832345, -0.4047808), (-1.6716367e-8, 0.9166626, -0.399662), (0.31533056, 0.85832345, -0.4047808), (0.341585, 0.93143666, -0.12548135), (-5.7639696e-8, 0.9923418, -0.12352191), (0.31533056, 0.85832345, -0.4047808), (0.6437823, 0.6437823, -0.41362867), (0.70118755, 0.70118755, -0.12912023), (0.341585, 0.93143666, -0.12548135), (1.4377966e-8, 0.8788228, -0.47714815), (0, 0.9264925, -0.37631324), (0.31979913, 0.86787474, -0.38016033), (0.30231, 0.82218224, -0.48231217), (0, 0.9264925, -0.37631324), (0, 0.99749917, 0.070677154), (0.34653005, 0.935342, 0.07107985), (0.31979913, 0.86787474, -0.38016033), (0.30231, 0.82218224, -0.48231217), (0.31979913, 0.86787474, -0.38016033), (0.6523553, 0.6523553, -0.38583034), (0.6161209, 0.6161209, -0.4907037), (0.31979913, 0.86787474, -0.38016033), (0.34653005, 0.935342, 0.07107985), (0.70530295, 0.70530325, 0.07138015), (0.6523553, 0.6523553, -0.38583034), (1.4377966e-8, 0.8788228, -0.47714815), (-0.3023098, 0.8221822, -0.48231226), (-0.31979915, 0.86787474, -0.38016033), (0, 0.9264925, -0.37631324), (-0.3023098, 0.8221822, -0.48231226), (-0.6161208, 0.61612093, -0.4907037), (-0.6523553, 0.6523553, -0.38583037), (-0.31979915, 0.86787474, -0.38016033), (0, 0.9264925, -0.37631324), (-0.31979915, 0.86787474, -0.38016033), (-0.34653017, 0.9353419, 0.07107984), (0, 0.99749917, 0.070677154), (-0.31979915, 0.86787474, -0.38016033), (-0.6523553, 0.6523553, -0.38583037), (-0.70530313, 0.7053031, 0.07138014), (-0.34653017, 0.9353419, 0.07107984), (0.87882286, -7.188984e-9, -0.47714815), (0.91666263, -9.552211e-9, -0.399662), (0.85832345, 0.3153305, -0.4047809), (0.8221823, 0.3023099, -0.48231217), (0.91666263, -9.552211e-9, -0.399662), (0.9923418, 9.606615e-9, -0.123521924), (0.9314366, 0.34158504, -0.12548131), (0.85832345, 0.3153305, -0.4047809), (0.8221823, 0.3023099, -0.48231217), (0.85832345, 0.3153305, -0.4047809), (0.6437823, 0.6437823, -0.41362867), (0.6161209, 0.6161209, -0.4907037), (0.85832345, 0.3153305, -0.4047809), (0.9314366, 0.34158504, -0.12548131), (0.70118755, 0.70118755, -0.12912023), (0.6437823, 0.6437823, -0.41362867), (0.87882286, -7.188984e-9, -0.47714815), (0.8221823, -0.30230993, -0.48231217), (0.85832345, -0.31533048, -0.40478086), (0.91666263, -9.552211e-9, -0.399662), (0.8221823, -0.30230993, -0.48231217), (0.6161208, -0.61612093, -0.4907037), (0.64378226, -0.6437824, -0.41362864), (0.85832345, -0.31533048, -0.40478086), (0.91666263, -9.552211e-9, -0.399662), (0.85832345, -0.31533048, -0.40478086), (0.9314366, -0.341585, -0.12548134), (0.9923418, 9.606615e-9, -0.123521924), (0.85832345, -0.31533048, -0.40478086), (0.64378226, -0.6437824, -0.41362864), (0.70118755, -0.70118755, -0.12912022), (0.9314366, -0.341585, -0.12548134), (0.87882286, -7.188984e-9, -0.47714815), (0.92649245, 0, -0.3763134), (0.8678747, -0.31979924, -0.3801604), (0.8221823, -0.30230993, -0.48231217), (0.92649245, 0, -0.3763134), (0.9974993, -1.3272386e-8, 0.07067725), (0.93534184, -0.34653023, 0.07107981), (0.8678747, -0.31979924, -0.3801604), (0.8221823, -0.30230993, -0.48231217), (0.8678747, -0.31979924, -0.3801604), (0.6523553, -0.6523553, -0.38583037), (0.6161208, -0.61612093, -0.4907037), (0.8678747, -0.31979924, -0.3801604), (0.93534184, -0.34653023, 0.07107981), (0.70530313, -0.7053031, 0.07138014), (0.6523553, -0.6523553, -0.38583037), (0.87882286, -7.188984e-9, -0.47714815), (0.8221823, 0.3023099, -0.48231217), (0.86787474, 0.31979924, -0.38016036), (0.92649245, 0, -0.3763134), (0.8221823, 0.3023099, -0.48231217), (0.6161209, 0.6161209, -0.4907037), (0.6523553, 0.6523553, -0.38583034), (0.86787474, 0.31979924, -0.38016036), (0.92649245, 0, -0.3763134), (0.86787474, 0.31979924, -0.38016036), (0.93534184, 0.34653023, 0.07107981), (0.9974993, -1.3272386e-8, 0.07067725), (0.86787474, 0.31979924, -0.38016036), (0.6523553, 0.6523553, -0.38583034), (0.70530295, 0.70530325, 0.07138015), (0.93534184, 0.34653023, 0.07107981), (-1.4377966e-8, -0.8788228, -0.47714815), (1.6716367e-8, -0.9166626, -0.399662), (0.31533045, -0.85832345, -0.40478086), (0.3023098, -0.8221822, -0.48231226), (1.6716367e-8, -0.9166626, -0.399662), (5.7639696e-8, -0.9923418, -0.12352191), (0.34158504, -0.9314366, -0.12548123), (0.31533045, -0.85832345, -0.40478086), (0.3023098, -0.8221822, -0.48231226), (0.31533045, -0.85832345, -0.40478086), (0.64378226, -0.6437824, -0.41362864), (0.6161208, -0.61612093, -0.4907037), (0.31533045, -0.85832345, -0.40478086), (0.34158504, -0.9314366, -0.12548123), (0.70118755, -0.70118755, -0.12912022), (0.64378226, -0.6437824, -0.41362864), (-1.4377966e-8, -0.8788228, -0.47714815), (-0.3023098, -0.82218236, -0.4823122), (-0.31533042, -0.8583235, -0.40478078), (1.6716367e-8, -0.9166626, -0.399662), (-0.3023098, -0.82218236, -0.4823122), (-0.6161207, -0.616121, -0.49070373), (-0.64378226, -0.6437824, -0.41362867), (-0.31533042, -0.8583235, -0.40478078), (1.6716367e-8, -0.9166626, -0.399662), (-0.31533042, -0.8583235, -0.40478078), (-0.34158495, -0.9314366, -0.12548131), (5.7639696e-8, -0.9923418, -0.12352191), (-0.31533042, -0.8583235, -0.40478078), (-0.64378226, -0.6437824, -0.41362867), (-0.7011876, -0.7011875, -0.12912017), (-0.34158495, -0.9314366, -0.12548131), (-1.4377966e-8, -0.8788228, -0.47714815), (0, -0.9264925, -0.37631324), (-0.31979915, -0.86787474, -0.38016036), (-0.3023098, -0.82218236, -0.4823122), (0, -0.9264925, -0.37631324), (0, -0.99749917, 0.070677154), (-0.34653014, -0.9353419, 0.07107991), (-0.31979915, -0.86787474, -0.38016036), (-0.3023098, -0.82218236, -0.4823122), (-0.31979915, -0.86787474, -0.38016036), (-0.6523553, -0.6523553, -0.38583037), (-0.6161207, -0.616121, -0.49070373), (-0.31979915, -0.86787474, -0.38016036), (-0.34653014, -0.9353419, 0.07107991), (-0.705303, -0.70530313, 0.07138016), (-0.6523553, -0.6523553, -0.38583037), (-1.4377966e-8, -0.8788228, -0.47714815), (0.3023098, -0.8221822, -0.48231226), (0.31979915, -0.86787474, -0.38016033), (0, -0.9264925, -0.37631324), (0.3023098, -0.8221822, -0.48231226), (0.6161208, -0.61612093, -0.4907037), (0.6523553, -0.6523553, -0.38583037), (0.31979915, -0.86787474, -0.38016033), (0, -0.9264925, -0.37631324), (0.31979915, -0.86787474, -0.38016033), (0.34653017, -0.9353419, 0.07107984), (0, -0.99749917, 0.070677154), (0.31979915, -0.86787474, -0.38016033), (0.6523553, -0.6523553, -0.38583037), (0.70530313, -0.7053031, 0.07138014), (0.34653017, -0.9353419, 0.07107984), (0, 0, -1), (-0.2253472, 4.8552913e-9, -0.9742785), (-0.24660407, 0.24660406, -0.93721557), (-2.4276456e-9, 0.22534718, -0.9742785), (-0.2253472, 4.8552913e-9, -0.9742785), (-0.6456876, 1.5925238e-8, -0.76360166), (-0.61047715, 0.3165369, -0.72603166), (-0.24660407, 0.24660406, -0.93721557), (-2.4276456e-9, 0.22534718, -0.9742785), (-0.24660407, 0.24660406, -0.93721557), (-0.3165369, 0.6104772, -0.72603166), (2.6542064e-9, 0.6456876, -0.76360166), (-0.24660407, 0.24660406, -0.93721557), (-0.61047715, 0.3165369, -0.72603166), (-0.5483072, 0.5483072, -0.6314416), (-0.3165369, 0.6104772, -0.72603166), (0, 0, -1), (2.4276456e-9, -0.22534716, -0.9742785), (-0.24660407, -0.24660403, -0.93721557), (-0.2253472, 4.8552913e-9, -0.9742785), (2.4276456e-9, -0.22534716, -0.9742785), (-5.308413e-9, -0.6456876, -0.76360166), (-0.3165369, -0.6104772, -0.72603166), (-0.24660407, -0.24660403, -0.93721557), (-0.2253472, 4.8552913e-9, -0.9742785), (-0.24660407, -0.24660403, -0.93721557), (-0.6104772, -0.31653687, -0.72603166), (-0.6456876, 1.5925238e-8, -0.76360166), (-0.24660407, -0.24660403, -0.93721557), (-0.3165369, -0.6104772, -0.72603166), (-0.5483071, -0.5483072, -0.63144153), (-0.6104772, -0.31653687, -0.72603166), (0, 0, -1), (0.2253472, -4.8552913e-9, -0.9742785), (0.24660407, -0.24660406, -0.93721557), (2.4276456e-9, -0.22534716, -0.9742785), (0.2253472, -4.8552913e-9, -0.9742785), (0.6456876, -1.5925238e-8, -0.76360166), (0.61047715, -0.3165369, -0.72603166), (0.24660407, -0.24660406, -0.93721557), (2.4276456e-9, -0.22534716, -0.9742785), (0.24660407, -0.24660406, -0.93721557), (0.3165369, -0.6104772, -0.72603166), (-5.308413e-9, -0.6456876, -0.76360166), (0.24660407, -0.24660406, -0.93721557), (0.61047715, -0.3165369, -0.72603166), (0.5483072, -0.5483072, -0.6314416), (0.3165369, -0.6104772, -0.72603166), (0, 0, -1), (-2.4276456e-9, 0.22534718, -0.9742785), (0.24660407, 0.24660403, -0.93721557), (0.2253472, -4.8552913e-9, -0.9742785), (-2.4276456e-9, 0.22534718, -0.9742785), (2.6542064e-9, 0.6456876, -0.76360166), (0.3165369, 0.6104772, -0.72603166), (0.24660407, 0.24660403, -0.93721557), (0.2253472, -4.8552913e-9, -0.9742785), (0.24660407, 0.24660403, -0.93721557), (0.6104772, 0.31653687, -0.72603166), (0.6456876, -1.5925238e-8, -0.76360166), (0.24660407, 0.24660403, -0.93721557), (0.3165369, 0.6104772, -0.72603166), (0.5483071, 0.5483072, -0.63144153), (0.6104772, 0.31653687, -0.72603166), (0.63384396, -7.4230016e-8, 0.77346104), (0.5905142, -0.21661133, 0.777414), (0.76025003, -0.27981636, 0.5862786), (0.8126293, -9.954866e-9, 0.582781), (0.5905142, -0.21661133, 0.777414), (0.4394484, -0.4394485, 0.78343475), (0.57062054, -0.5706208, 0.59057945), (0.76025003, -0.27981636, 0.5862786), (0.8126293, -9.954866e-9, 0.582781), (0.76025003, -0.27981636, 0.5862786), (0.93534184, -0.34653023, 0.07107981), (0.9974993, -1.3272386e-8, 0.07067725), (0.76025003, -0.27981636, 0.5862786), (0.57062054, -0.5706208, 0.59057945), (0.70530313, -0.7053031, 0.07138014), (0.93534184, -0.34653023, 0.07107981), (0.63384396, -7.4230016e-8, 0.77346104), (0.3423862, 0.000018626451, 0.9395592), (0.3224601, -0.11657823, 0.93937695), (0.5905142, -0.21661133, 0.777414), (0.5905142, -0.21661133, 0.777414), (0.3224601, -0.11657823, 0.93937695), (0.24529964, -0.24530964, 0.93789726), (0.4394484, -0.4394485, 0.78343475), (0.63384396, -7.4230016e-8, 0.77346104), (0.59051424, 0.2166114, 0.77741396), (0.322456, 0.11658975, 0.93937695), (0.3423862, 0.000018626451, 0.9395592), (0.59051424, 0.2166114, 0.77741396), (0.43944836, 0.43944868, 0.7834348), (0.24530943, 0.24529997, 0.93789726), (0.322456, 0.11658975, 0.93937695), (0.63384396, -7.4230016e-8, 0.77346104), (0.8126293, -9.954866e-9, 0.582781), (0.76025, 0.2798164, 0.5862787), (0.59051424, 0.2166114, 0.77741396), (0.8126293, -9.954866e-9, 0.582781), (0.9974993, -1.3272386e-8, 0.07067725), (0.93534184, 0.34653023, 0.07107981), (0.76025, 0.2798164, 0.5862787), (0.59051424, 0.2166114, 0.77741396), (0.76025, 0.2798164, 0.5862787), (0.57062054, 0.57062083, 0.5905795), (0.43944836, 0.43944868, 0.7834348), (0.76025, 0.2798164, 0.5862787), (0.93534184, 0.34653023, 0.07107981), (0.70530295, 0.70530325, 0.07138015), (0.57062054, 0.57062083, 0.5905795), (-0.63384396, 7.4230016e-8, 0.77346104), (-0.5905142, 0.21661133, 0.777414), (-0.76025003, 0.27981636, 0.5862786), (-0.8126293, 9.954866e-9, 0.582781), (-0.5905142, 0.21661133, 0.777414), (-0.4394484, 0.4394485, 0.78343475), (-0.57062054, 0.5706208, 0.59057945), (-0.76025003, 0.27981636, 0.5862786), (-0.8126293, 9.954866e-9, 0.582781), (-0.76025003, 0.27981636, 0.5862786), (-0.93534184, 0.34653023, 0.07107981), (-0.9974993, 1.3272386e-8, 0.07067725), (-0.76025003, 0.27981636, 0.5862786), (-0.57062054, 0.5706208, 0.59057945), (-0.70530313, 0.7053031, 0.07138014), (-0.93534184, 0.34653023, 0.07107981), (-0.63384396, 7.4230016e-8, 0.77346104), (-0.3423862, -0.000018626451, 0.9395592), (-0.3224601, 0.11657823, 0.93937695), (-0.5905142, 0.21661133, 0.777414), (-0.5905142, 0.21661133, 0.777414), (-0.3224601, 0.11657823, 0.93937695), (-0.24529964, 0.24530964, 0.93789726), (-0.4394484, 0.4394485, 0.78343475), (-0.63384396, 7.4230016e-8, 0.77346104), (-0.59051424, -0.2166114, 0.77741396), (-0.322456, -0.11658975, 0.93937695), (-0.3423862, -0.000018626451, 0.9395592), (-0.59051424, -0.2166114, 0.77741396), (-0.43944836, -0.43944868, 0.7834348), (-0.24530943, -0.24529997, 0.93789726), (-0.322456, -0.11658975, 0.93937695), (-0.63384396, 7.4230016e-8, 0.77346104), (-0.8126293, 9.954866e-9, 0.582781), (-0.76025, -0.2798164, 0.5862787), (-0.59051424, -0.2166114, 0.77741396), (-0.8126293, 9.954866e-9, 0.582781), (-0.9974993, 1.3272386e-8, 0.07067725), (-0.93534184, -0.34653023, 0.071079776), (-0.76025, -0.2798164, 0.5862787), (-0.59051424, -0.2166114, 0.77741396), (-0.76025, -0.2798164, 0.5862787), (-0.57062054, -0.57062083, 0.5905795), (-0.43944836, -0.43944868, 0.7834348), (-0.76025, -0.2798164, 0.5862787), (-0.93534184, -0.34653023, 0.071079776), (-0.705303, -0.70530313, 0.07138016), (-0.57062054, -0.57062083, 0.5905795), (-1.9635034e-7, -0.63384384, 0.773461), (-0.21661127, -0.5905141, 0.7774141), (-0.27981624, -0.7602501, 0.5862787), (-3.733075e-8, -0.81262934, 0.5827808), (-0.21661127, -0.5905141, 0.7774141), (-0.43944836, -0.43944868, 0.7834348), (-0.57062054, -0.57062083, 0.5905795), (-0.27981624, -0.7602501, 0.5862787), (-3.733075e-8, -0.81262934, 0.5827808), (-0.27981624, -0.7602501, 0.5862787), (-0.34653014, -0.9353419, 0.07107991), (0, -0.99749917, 0.070677154), (-0.27981624, -0.7602501, 0.5862787), (-0.57062054, -0.57062083, 0.5905795), (-0.705303, -0.70530313, 0.07138016), (-0.34653014, -0.9353419, 0.07107991), (-1.9635034e-7, -0.63384384, 0.773461), (0.000018466264, -0.34238625, 0.93955934), (-0.116578214, -0.3224601, 0.93937695), (-0.21661127, -0.5905141, 0.7774141), (-0.21661127, -0.5905141, 0.7774141), (-0.116578214, -0.3224601, 0.93937695), (-0.24530943, -0.24529997, 0.93789726), (-0.43944836, -0.43944868, 0.7834348), (-1.9635034e-7, -0.63384384, 0.773461), (0.21661118, -0.5905143, 0.77741396), (0.11658938, -0.32245624, 0.9393769), (0.000018466264, -0.34238625, 0.93955934), (0.21661118, -0.5905143, 0.77741396), (0.4394484, -0.4394485, 0.78343475), (0.24529964, -0.24530964, 0.93789726), (0.11658938, -0.32245624, 0.9393769), (-1.9635034e-7, -0.63384384, 0.773461), (-3.733075e-8, -0.81262934, 0.5827808), (0.27981627, -0.7602501, 0.5862787), (0.21661118, -0.5905143, 0.77741396), (-3.733075e-8, -0.81262934, 0.5827808), (0, -0.99749917, 0.070677154), (0.34653017, -0.9353419, 0.07107984), (0.27981627, -0.7602501, 0.5862787), (0.21661118, -0.5905143, 0.77741396), (0.27981627, -0.7602501, 0.5862787), (0.57062054, -0.5706208, 0.59057945), (0.4394484, -0.4394485, 0.78343475), (0.27981627, -0.7602501, 0.5862787), (0.34653017, -0.9353419, 0.07107984), (0.70530313, -0.7053031, 0.07138014), (0.57062054, -0.5706208, 0.59057945), (1.9635034e-7, 0.63384384, 0.773461), (0.21661127, 0.5905141, 0.7774141), (0.27981624, 0.7602501, 0.5862787), (3.733075e-8, 0.81262934, 0.5827808), (0.21661127, 0.5905141, 0.7774141), (0.43944836, 0.43944868, 0.7834348), (0.57062054, 0.57062083, 0.5905795), (0.27981624, 0.7602501, 0.5862787), (3.733075e-8, 0.81262934, 0.5827808), (0.27981624, 0.7602501, 0.5862787), (0.34653005, 0.935342, 0.07107985), (0, 0.99749917, 0.070677154), (0.27981624, 0.7602501, 0.5862787), (0.57062054, 0.57062083, 0.5905795), (0.70530295, 0.70530325, 0.07138015), (0.34653005, 0.935342, 0.07107985), (1.9635034e-7, 0.63384384, 0.773461), (-0.000018466264, 0.34238625, 0.93955934), (0.116578214, 0.3224601, 0.93937695), (0.21661127, 0.5905141, 0.7774141), (0.21661127, 0.5905141, 0.7774141), (0.116578214, 0.3224601, 0.93937695), (0.24530943, 0.24529997, 0.93789726), (0.43944836, 0.43944868, 0.7834348), (1.9635034e-7, 0.63384384, 0.773461), (-0.21661118, 0.5905143, 0.77741396), (-0.11658938, 0.32245624, 0.9393769), (-0.000018466264, 0.34238625, 0.93955934), (-0.21661118, 0.5905143, 0.77741396), (-0.4394484, 0.4394485, 0.78343475), (-0.24529964, 0.24530964, 0.93789726), (-0.11658938, 0.32245624, 0.9393769), (1.9635034e-7, 0.63384384, 0.773461), (3.733075e-8, 0.81262934, 0.5827808), (-0.27981627, 0.7602501, 0.5862787), (-0.21661118, 0.5905143, 0.77741396), (3.733075e-8, 0.81262934, 0.5827808), (0, 0.99749917, 0.070677154), (-0.34653017, 0.9353419, 0.07107984), (-0.27981627, 0.7602501, 0.5862787), (-0.21661118, 0.5905143, 0.77741396), (-0.27981627, 0.7602501, 0.5862787), (-0.57062054, 0.5706208, 0.59057945), (-0.4394484, 0.4394485, 0.78343475), (-0.27981627, 0.7602501, 0.5862787), (-0.34653017, 0.9353419, 0.07107984), (-0.70530313, 0.7053031, 0.07138014), (-0.57062054, 0.5706208, 0.59057945), (-1.4627232e-8, -0.9916581, 0.12889604), (-1.5812457e-8, -0.9683507, -0.24959339), (0.36476606, -0.8989381, -0.24260262), (0.3583859, -0.92656237, 0.114200644), (-1.5812457e-8, -0.9683507, -0.24959339), (-5.308413e-9, -0.6456876, -0.76360166), (0.3165369, -0.6104772, -0.72603166), (0.36476606, -0.8989381, -0.24260262), (0.3583859, -0.92656237, 0.114200644), (0.36476606, -0.8989381, -0.24260262), (0.68733793, -0.68733793, -0.23480444), (0.7034949, -0.7034949, 0.10094513), (0.36476606, -0.8989381, -0.24260262), (0.3165369, -0.6104772, -0.72603166), (0.5483072, -0.5483072, -0.6314416), (0.68733793, -0.68733793, -0.23480444), (-1.4627232e-8, -0.9916581, 0.12889604), (-0.35838586, -0.92656237, 0.11420056), (-0.36476606, -0.8989381, -0.24260268), (-1.5812457e-8, -0.9683507, -0.24959339), (-0.35838586, -0.92656237, 0.11420056), (-0.7034949, -0.7034949, 0.1009451), (-0.6873379, -0.6873379, -0.23480447), (-0.36476606, -0.8989381, -0.24260268), (-1.5812457e-8, -0.9683507, -0.24959339), (-0.36476606, -0.8989381, -0.24260268), (-0.3165369, -0.6104772, -0.72603166), (-5.308413e-9, -0.6456876, -0.76360166), (-0.36476606, -0.8989381, -0.24260268), (-0.6873379, -0.6873379, -0.23480447), (-0.5483071, -0.5483072, -0.63144153), (-0.3165369, -0.6104772, -0.72603166), (-1.4627232e-8, -0.9916581, 0.12889604), (1.43544385e-8, -0.98914695, 0.14692947), (-0.34376416, -0.92762065, 0.14610267), (-0.35838586, -0.92656237, 0.11420056), (1.43544385e-8, -0.98914695, 0.14692947), (5.7639696e-8, -0.9923418, -0.12352191), (-0.34158495, -0.9314366, -0.12548131), (-0.34376416, -0.92762065, 0.14610267), (-0.35838586, -0.92656237, 0.11420056), (-0.34376416, -0.92762065, 0.14610267), (-0.6994626, -0.69946253, 0.14664324), (-0.7034949, -0.7034949, 0.1009451), (-0.34376416, -0.92762065, 0.14610267), (-0.34158495, -0.9314366, -0.12548131), (-0.7011876, -0.7011875, -0.12912017), (-0.6994626, -0.69946253, 0.14664324), (-1.4627232e-8, -0.9916581, 0.12889604), (0.3583859, -0.92656237, 0.114200644), (0.34376413, -0.92762065, 0.14610277), (1.43544385e-8, -0.98914695, 0.14692947), (0.3583859, -0.92656237, 0.114200644), (0.7034949, -0.7034949, 0.10094513), (0.69946253, -0.69946253, 0.14664324), (0.34376413, -0.92762065, 0.14610277), (1.43544385e-8, -0.98914695, 0.14692947), (0.34376413, -0.92762065, 0.14610277), (0.34158504, -0.9314366, -0.12548123), (5.7639696e-8, -0.9923418, -0.12352191), (0.34376413, -0.92762065, 0.14610277), (0.69946253, -0.69946253, 0.14664324), (0.70118755, -0.70118755, -0.12912022), (0.34158504, -0.9314366, -0.12548123), (0.9916581, -1.4627232e-8, 0.12889613), (0.96835077, -3.6895734e-8, -0.24959326), (0.8989381, 0.36476606, -0.24260257), (0.92656237, 0.35838592, 0.11420062), (0.96835077, -3.6895734e-8, -0.24959326), (0.6456876, -1.5925238e-8, -0.76360166), (0.6104772, 0.31653687, -0.72603166), (0.8989381, 0.36476606, -0.24260257), (0.92656237, 0.35838592, 0.11420062), (0.8989381, 0.36476606, -0.24260257), (0.6873379, 0.6873379, -0.23480447), (0.7034949, 0.7034949, 0.1009451), (0.8989381, 0.36476606, -0.24260257), (0.6104772, 0.31653687, -0.72603166), (0.5483071, 0.5483072, -0.63144153), (0.6873379, 0.6873379, -0.23480447), (0.9916581, -1.4627232e-8, 0.12889613), (0.92656237, -0.35838592, 0.114200614), (0.8989381, -0.3647661, -0.24260254), (0.96835077, -3.6895734e-8, -0.24959326), (0.92656237, -0.35838592, 0.114200614), (0.7034949, -0.7034949, 0.10094513), (0.68733793, -0.68733793, -0.23480444), (0.8989381, -0.3647661, -0.24260254), (0.96835077, -3.6895734e-8, -0.24959326), (0.8989381, -0.3647661, -0.24260254), (0.61047715, -0.3165369, -0.72603166), (0.6456876, -1.5925238e-8, -0.76360166), (0.8989381, -0.3647661, -0.24260254), (0.68733793, -0.68733793, -0.23480444), (0.5483072, -0.5483072, -0.6314416), (0.61047715, -0.3165369, -0.72603166), (0.9916581, -1.4627232e-8, 0.12889613), (0.98914695, 4.784813e-9, 0.1469294), (0.92762077, -0.3437642, 0.14610265), (0.92656237, -0.35838592, 0.114200614), (0.98914695, 4.784813e-9, 0.1469294), (0.9923418, 9.606615e-9, -0.123521924), (0.9314366, -0.341585, -0.12548134), (0.92762077, -0.3437642, 0.14610265), (0.92656237, -0.35838592, 0.114200614), (0.92762077, -0.3437642, 0.14610265), (0.69946253, -0.69946253, 0.14664324), (0.7034949, -0.7034949, 0.10094513), (0.92762077, -0.3437642, 0.14610265), (0.9314366, -0.341585, -0.12548134), (0.70118755, -0.70118755, -0.12912022), (0.69946253, -0.69946253, 0.14664324), (0.9916581, -1.4627232e-8, 0.12889613), (0.92656237, 0.35838592, 0.11420062), (0.92762065, 0.3437642, 0.14610268), (0.98914695, 4.784813e-9, 0.1469294), (0.92656237, 0.35838592, 0.11420062), (0.7034949, 0.7034949, 0.1009451), (0.6994626, 0.69946253, 0.14664324), (0.92762065, 0.3437642, 0.14610268), (0.98914695, 4.784813e-9, 0.1469294), (0.92762065, 0.3437642, 0.14610268), (0.9314366, 0.34158504, -0.12548131), (0.9923418, 9.606615e-9, -0.123521924), (0.92762065, 0.3437642, 0.14610268), (0.6994626, 0.69946253, 0.14664324), (0.70118755, 0.70118755, -0.12912023), (0.9314366, 0.34158504, -0.12548131), (1.4627232e-8, 0.9916581, 0.12889604), (1.5812457e-8, 0.9683507, -0.24959339), (-0.36476606, 0.8989381, -0.24260262), (-0.3583859, 0.92656237, 0.114200644), (1.5812457e-8, 0.9683507, -0.24959339), (2.6542064e-9, 0.6456876, -0.76360166), (-0.3165369, 0.6104772, -0.72603166), (-0.36476606, 0.8989381, -0.24260262), (-0.3583859, 0.92656237, 0.114200644), (-0.36476606, 0.8989381, -0.24260262), (-0.68733793, 0.68733793, -0.23480444), (-0.7034949, 0.7034949, 0.10094513), (-0.36476606, 0.8989381, -0.24260262), (-0.3165369, 0.6104772, -0.72603166), (-0.5483072, 0.5483072, -0.6314416), (-0.68733793, 0.68733793, -0.23480444), (1.4627232e-8, 0.9916581, 0.12889604), (0.35838586, 0.92656237, 0.11420056), (0.36476606, 0.8989381, -0.24260268), (1.5812457e-8, 0.9683507, -0.24959339), (0.35838586, 0.92656237, 0.11420056), (0.7034949, 0.7034949, 0.1009451), (0.6873379, 0.6873379, -0.23480447), (0.36476606, 0.8989381, -0.24260268), (1.5812457e-8, 0.9683507, -0.24959339), (0.36476606, 0.8989381, -0.24260268), (0.3165369, 0.6104772, -0.72603166), (2.6542064e-9, 0.6456876, -0.76360166), (0.36476606, 0.8989381, -0.24260268), (0.6873379, 0.6873379, -0.23480447), (0.5483071, 0.5483072, -0.63144153), (0.3165369, 0.6104772, -0.72603166), (1.4627232e-8, 0.9916581, 0.12889604), (-1.43544385e-8, 0.98914695, 0.14692947), (0.34376416, 0.92762065, 0.14610267), (0.35838586, 0.92656237, 0.11420056), (-1.43544385e-8, 0.98914695, 0.14692947), (-5.7639696e-8, 0.9923418, -0.12352191), (0.341585, 0.93143666, -0.12548135), (0.34376416, 0.92762065, 0.14610267), (0.35838586, 0.92656237, 0.11420056), (0.34376416, 0.92762065, 0.14610267), (0.6994626, 0.69946253, 0.14664324), (0.7034949, 0.7034949, 0.1009451), (0.34376416, 0.92762065, 0.14610267), (0.341585, 0.93143666, -0.12548135), (0.70118755, 0.70118755, -0.12912023), (0.6994626, 0.69946253, 0.14664324), (1.4627232e-8, 0.9916581, 0.12889604), (-0.3583859, 0.92656237, 0.114200644), (-0.34376413, 0.92762065, 0.14610277), (-1.43544385e-8, 0.98914695, 0.14692947), (-0.3583859, 0.92656237, 0.114200644), (-0.7034949, 0.7034949, 0.10094513), (-0.69946253, 0.69946253, 0.14664324), (-0.34376413, 0.92762065, 0.14610277), (-1.43544385e-8, 0.98914695, 0.14692947), (-0.34376413, 0.92762065, 0.14610277), (-0.34158504, 0.9314366, -0.12548123), (-5.7639696e-8, 0.9923418, -0.12352191), (-0.34376413, 0.92762065, 0.14610277), (-0.69946253, 0.69946253, 0.14664324), (-0.70118755, 0.70118755, -0.12912022), (-0.34158504, 0.9314366, -0.12548123), (-0.9916581, 1.4627232e-8, 0.12889613), (-0.96835077, 3.6895734e-8, -0.24959326), (-0.8989381, -0.36476606, -0.24260257), (-0.92656237, -0.35838592, 0.11420062), (-0.96835077, 3.6895734e-8, -0.24959326), (-0.6456876, 1.5925238e-8, -0.76360166), (-0.6104772, -0.31653687, -0.72603166), (-0.8989381, -0.36476606, -0.24260257), (-0.92656237, -0.35838592, 0.11420062), (-0.8989381, -0.36476606, -0.24260257), (-0.6873379, -0.6873379, -0.23480447), (-0.7034949, -0.7034949, 0.1009451), (-0.8989381, -0.36476606, -0.24260257), (-0.6104772, -0.31653687, -0.72603166), (-0.5483071, -0.5483072, -0.63144153), (-0.6873379, -0.6873379, -0.23480447), (-0.9916581, 1.4627232e-8, 0.12889613), (-0.92656237, 0.35838592, 0.114200614), (-0.8989381, 0.3647661, -0.24260254), (-0.96835077, 3.6895734e-8, -0.24959326), (-0.92656237, 0.35838592, 0.114200614), (-0.7034949, 0.7034949, 0.10094513), (-0.68733793, 0.68733793, -0.23480444), (-0.8989381, 0.3647661, -0.24260254), (-0.96835077, 3.6895734e-8, -0.24959326), (-0.8989381, 0.3647661, -0.24260254), (-0.61047715, 0.3165369, -0.72603166), (-0.6456876, 1.5925238e-8, -0.76360166), (-0.8989381, 0.3647661, -0.24260254), (-0.68733793, 0.68733793, -0.23480444), (-0.5483072, 0.5483072, -0.6314416), (-0.61047715, 0.3165369, -0.72603166), (-0.9916581, 1.4627232e-8, 0.12889613), (-0.98914695, -4.784813e-9, 0.1469294), (-0.92762077, 0.3437642, 0.14610265), (-0.92656237, 0.35838592, 0.114200614), (-0.98914695, -4.784813e-9, 0.1469294), (-0.9923418, -9.606615e-9, -0.123521924), (-0.9314366, 0.341585, -0.12548134), (-0.92762077, 0.3437642, 0.14610265), (-0.92656237, 0.35838592, 0.114200614), (-0.92762077, 0.3437642, 0.14610265), (-0.69946253, 0.69946253, 0.14664324), (-0.7034949, 0.7034949, 0.10094513), (-0.92762077, 0.3437642, 0.14610265), (-0.9314366, 0.341585, -0.12548134), (-0.70118755, 0.70118755, -0.12912022), (-0.69946253, 0.69946253, 0.14664324), (-0.9916581, 1.4627232e-8, 0.12889613), (-0.92656237, -0.35838592, 0.11420062), (-0.92762065, -0.3437642, 0.14610268), (-0.98914695, -4.784813e-9, 0.1469294), (-0.92656237, -0.35838592, 0.11420062), (-0.7034949, -0.7034949, 0.1009451), (-0.6994626, -0.69946253, 0.14664324), (-0.92762065, -0.3437642, 0.14610268), (-0.98914695, -4.784813e-9, 0.1469294), (-0.92762065, -0.3437642, 0.14610268), (-0.9314366, -0.34158498, -0.12548126), (-0.9923418, -9.606615e-9, -0.123521924), (-0.92762065, -0.3437642, 0.14610268), (-0.6994626, -0.69946253, 0.14664324), (-0.7011876, -0.7011875, -0.12912017), (-0.9314366, -0.34158498, -0.12548126), (-0.8724258, -1.5083857e-7, 0.48874658), (-0.6256211, 0.62562054, 0.4660441), (-0.70017034, 0.70017004, -0.13972633), (-0.9912659, -1.7983466e-7, -0.13187836), (-0.8724258, -1.5083857e-7, 0.48874658), (-0.9912659, -1.7983466e-7, -0.13187836), (-0.7001702, -0.7001701, -0.1397265), (-0.6256213, -0.6256205, 0.46604395), (-0.8724258, -1.5083857e-7, 0.48874658), (-0.6256213, -0.6256205, 0.46604395), (-0.14979215, -0.14979114, 0.97730494), (-0.1974723, 4.854736e-9, 0.9803085), (-0.8724258, -1.5083857e-7, 0.48874658), (-0.1974723, 4.854736e-9, 0.9803085), (-0.14979199, 0.14979118, 0.977305), (-0.6256211, 0.62562054, 0.4660441), (-1.7597846e-7, -0.8724257, 0.4887468), (-0.6256213, -0.6256205, 0.46604395), (-0.7001702, -0.7001701, -0.1397265), (-9.990815e-9, -0.9912659, -0.13187851), (-1.7597846e-7, -0.8724257, 0.4887468), (-9.990815e-9, -0.9912659, -0.13187851), (0.70017034, -0.70017004, -0.13972633), (0.62562114, -0.6256205, 0.46604425), (-1.7597846e-7, -0.8724257, 0.4887468), (0.62562114, -0.6256205, 0.46604425), (0.14979197, -0.14979121, 0.977305), (-6.0684215e-8, -0.1974712, 0.9803087), (-1.7597846e-7, -0.8724257, 0.4887468), (-6.0684215e-8, -0.1974712, 0.9803087), (-0.14979215, -0.14979114, 0.97730494), (-0.6256213, -0.6256205, 0.46604395), (1.8675266e-7, 0.8724257, 0.48874673), (0.62562126, 0.6256205, 0.46604398), (0.7001702, 0.70017004, -0.13972647), (1.998163e-8, 0.9912659, -0.13187851), (1.8675266e-7, 0.8724257, 0.48874673), (1.998163e-8, 0.9912659, -0.13187851), (-0.70017034, 0.70017004, -0.13972633), (-0.6256211, 0.62562054, 0.4660441), (1.8675266e-7, 0.8724257, 0.48874673), (-0.6256211, 0.62562054, 0.4660441), (-0.14979199, 0.14979118, 0.977305), (6.0684215e-8, 0.19747116, 0.9803087), (1.8675266e-7, 0.8724257, 0.48874673), (6.0684215e-8, 0.19747116, 0.9803087), (0.14979215, 0.14979112, 0.97730494), (0.62562126, 0.6256205, 0.46604398), (0.8724258, 1.6520416e-7, 0.48874664), (0.62562114, -0.6256205, 0.46604425), (0.70017034, -0.70017004, -0.13972633), (0.9912659, 1.7983467e-7, -0.13187836), (0.8724258, 1.6520416e-7, 0.48874664), (0.9912659, 1.7983467e-7, -0.13187836), (0.7001702, 0.70017004, -0.13972647), (0.62562126, 0.6256205, 0.46604398), (0.8724258, 1.6520416e-7, 0.48874664), (0.62562126, 0.6256205, 0.46604398), (0.14979215, 0.14979112, 0.97730494), (0.1974723, -9.709472e-9, 0.9803085), (0.8724258, 1.6520416e-7, 0.48874664), (0.1974723, -9.709472e-9, 0.9803085), (0.14979197, -0.14979121, 0.977305), (0.62562114, -0.6256205, 0.46604425), (-7.305505e-9, -2.1916517e-8, -1), (8.942234e-8, 0.424351, -0.9054978), (0.33331025, 0.33331046, -0.88193446), (0.42435083, 9.99426e-8, -0.9054978), (-7.305505e-9, -2.1916517e-8, -1), (0.42435083, 9.99426e-8, -0.9054978), (0.33331028, -0.3333104, -0.88193446), (-8.416219e-8, -0.4243509, -0.9054978), (-7.305505e-9, -2.1916517e-8, -1), (-8.416219e-8, -0.4243509, -0.9054978), (-0.33331043, -0.33331043, -0.88193446), (-0.42435086, 1.1046289e-7, -0.9054979), (-7.305505e-9, -2.1916517e-8, -1), (-0.42435086, 1.1046289e-7, -0.9054979), (-0.33331013, 0.33331043, -0.8819345), (8.942234e-8, 0.424351, -0.9054978), (0, -1.1896738e-9, 1), (-0.1974723, 4.854736e-9, 0.9803085), (-0.14979215, -0.14979114, 0.97730494), (-6.0684215e-8, -0.1974712, 0.9803087), (0, -1.1896738e-9, 1), (-6.0684215e-8, -0.1974712, 0.9803087), (0.14979197, -0.14979121, 0.977305), (0.1974723, -9.709472e-9, 0.9803085), (0, -1.1896738e-9, 1), (0.1974723, -9.709472e-9, 0.9803085), (0.14979215, 0.14979112, 0.97730494), (6.0684215e-8, 0.19747116, 0.9803087), (0, -1.1896738e-9, 1), (6.0684215e-8, 0.19747116, 0.9803087), (-0.14979199, 0.14979118, 0.977305), (-0.1974723, 4.854736e-9, 0.9803085), (0.9912659, 2.797429e-7, -0.1318784), (0.7001701, -0.7001702, -0.13972619), (0.7001702, -0.70017004, -0.13972643), (0.9912659, 2.6975206e-7, -0.13187863), (0.9912659, 2.797429e-7, -0.1318784), (0.9912659, 2.6975206e-7, -0.13187863), (0.70017004, 0.7001703, -0.13972674), (0.7001699, 0.7001704, -0.13972649), (0.9912659, 2.797429e-7, -0.1318784), (0.7001699, 0.7001704, -0.13972649), (0.7001702, 0.70017004, -0.13972647), (0.9912659, 1.7983467e-7, -0.13187836), (0.9912659, 2.797429e-7, -0.1318784), (0.9912659, 1.7983467e-7, -0.13187836), (0.70017034, -0.70017004, -0.13972633), (0.7001701, -0.7001702, -0.13972619), (4.9954078e-8, 0.9912659, -0.13187835), (0.7001699, 0.7001704, -0.13972649), (0.70017004, 0.7001703, -0.13972674), (0, 0.9912659, -0.1318788), (4.9954078e-8, 0.9912659, -0.13187835), (0, 0.9912659, -0.1318788), (-0.70017004, 0.7001702, -0.13972673), (-0.7001699, 0.70017046, -0.13972633), (4.9954078e-8, 0.9912659, -0.13187835), (-0.7001699, 0.70017046, -0.13972633), (-0.70017034, 0.70017004, -0.13972633), (1.998163e-8, 0.9912659, -0.13187851), (4.9954078e-8, 0.9912659, -0.13187835), (1.998163e-8, 0.9912659, -0.13187851), (0.7001702, 0.70017004, -0.13972647), (0.7001699, 0.7001704, -0.13972649), (2.9972448e-8, -0.99126595, -0.13187826), (-0.70017016, -0.7001703, -0.13972631), (-0.7001702, -0.70017004, -0.13972645), (6.993572e-8, -0.9912659, -0.13187847), (2.9972448e-8, -0.99126595, -0.13187826), (6.993572e-8, -0.9912659, -0.13187847), (0.7001702, -0.70017004, -0.13972643), (0.7001701, -0.7001702, -0.13972619), (2.9972448e-8, -0.99126595, -0.13187826), (0.7001701, -0.7001702, -0.13972619), (0.70017034, -0.70017004, -0.13972633), (-9.990815e-9, -0.9912659, -0.13187851), (2.9972448e-8, -0.99126595, -0.13187826), (-9.990815e-9, -0.9912659, -0.13187851), (-0.7001702, -0.7001701, -0.1397265), (-0.70017016, -0.7001703, -0.13972631), (-0.9912659, 2.4977044e-7, -0.13187839), (-0.7001699, 0.70017046, -0.13972633), (-0.70017004, 0.7001702, -0.13972673), (-0.9912659, 3.1970612e-7, -0.13187861), (-0.9912659, 2.4977044e-7, -0.13187839), (-0.9912659, 3.1970612e-7, -0.13187861), (-0.7001702, -0.70017004, -0.13972645), (-0.70017016, -0.7001703, -0.13972631), (-0.9912659, 2.4977044e-7, -0.13187839), (-0.70017016, -0.7001703, -0.13972631), (-0.7001702, -0.7001701, -0.1397265), (-0.9912659, -1.7983466e-7, -0.13187836), (-0.9912659, 2.4977044e-7, -0.13187839), (-0.9912659, -1.7983466e-7, -0.13187836), (-0.70017034, 0.70017004, -0.13972633), (-0.7001699, 0.70017046, -0.13972633), (-0.88414943, 7.961354e-8, -0.4672042), (-0.6281446, 0.62814474, -0.4592042), (-0.33331013, 0.33331043, -0.8819345), (-0.42435086, 1.1046289e-7, -0.9054979), (-0.88414943, 7.961354e-8, -0.4672042), (-0.42435086, 1.1046289e-7, -0.9054979), (-0.33331043, -0.33331043, -0.88193446), (-0.62814504, -0.6281446, -0.45920387), (-0.88414943, 7.961354e-8, -0.4672042), (-0.62814504, -0.6281446, -0.45920387), (-0.7001702, -0.70017004, -0.13972645), (-0.9912659, 3.1970612e-7, -0.13187861), (-0.88414943, 7.961354e-8, -0.4672042), (-0.9912659, 3.1970612e-7, -0.13187861), (-0.70017004, 0.7001702, -0.13972673), (-0.6281446, 0.62814474, -0.4592042), (3.41201e-8, -0.88414943, -0.46720427), (-0.62814504, -0.6281446, -0.45920387), (-0.33331043, -0.33331043, -0.88193446), (-8.416219e-8, -0.4243509, -0.9054978), (3.41201e-8, -0.88414943, -0.46720427), (-8.416219e-8, -0.4243509, -0.9054978), (0.33331028, -0.3333104, -0.88193446), (0.62814504, -0.6281446, -0.4592038), (3.41201e-8, -0.88414943, -0.46720427), (0.62814504, -0.6281446, -0.4592038), (0.7001702, -0.70017004, -0.13972643), (6.993572e-8, -0.9912659, -0.13187847), (3.41201e-8, -0.88414943, -0.46720427), (6.993572e-8, -0.9912659, -0.13187847), (-0.7001702, -0.70017004, -0.13972645), (-0.62814504, -0.6281446, -0.45920387), (-3.4120095e-8, 0.8841494, -0.46720436), (0.6281445, 0.62814474, -0.4592042), (0.33331025, 0.33331046, -0.88193446), (8.942234e-8, 0.424351, -0.9054978), (-3.4120095e-8, 0.8841494, -0.46720436), (8.942234e-8, 0.424351, -0.9054978), (-0.33331013, 0.33331043, -0.8819345), (-0.6281446, 0.62814474, -0.4592042), (-3.4120095e-8, 0.8841494, -0.46720436), (-0.6281446, 0.62814474, -0.4592042), (-0.70017004, 0.7001702, -0.13972673), (0, 0.9912659, -0.1318788), (-3.4120095e-8, 0.8841494, -0.46720436), (0, 0.9912659, -0.1318788), (0.70017004, 0.7001703, -0.13972674), (0.6281445, 0.62814474, -0.4592042), (0.8841494, 1.02360275e-7, -0.4672042), (0.62814504, -0.6281446, -0.4592038), (0.33331028, -0.3333104, -0.88193446), (0.42435083, 9.99426e-8, -0.9054978), (0.8841494, 1.02360275e-7, -0.4672042), (0.42435083, 9.99426e-8, -0.9054978), (0.33331025, 0.33331046, -0.88193446), (0.6281445, 0.62814474, -0.4592042), (0.8841494, 1.02360275e-7, -0.4672042), (0.6281445, 0.62814474, -0.4592042), (0.70017004, 0.7001703, -0.13972674), (0.9912659, 2.6975206e-7, -0.13187863), (0.8841494, 1.02360275e-7, -0.4672042), (0.9912659, 2.6975206e-7, -0.13187863), (0.7001702, -0.70017004, -0.13972643), (0.62814504, -0.6281446, -0.4592038)] (
                interpolation = "faceVarying"
            )
            point3f[] points = [(-0.30254832, 1.1517063e-10, 0.4920719), (-0.28237846, -0.12101933, 0.4920719), (-0.34221846, 0, 0.56784534), (-0.28237846, 0.12101933, 0.4920719), (-0.25952366, 0, 0.41019902), (-0.24222206, -0.10380946, 0.41019902), (-0.31940386, -0.13688739, 0.56784534), (-0.3194039, 0.13688739, 0.56784534), (-0.24222207, 0.10380946, 0.41019902), (1.1517063e-10, 0.30254832, 0.4920719), (-0.12101933, 0.28237846, 0.4920719), (0, 0.34221846, 0.56784534), (0.12101933, 0.28237846, 0.4920719), (0, 0.25952366, 0.41019902), (-0.10380946, 0.24222206, 0.41019902), (-0.13688739, 0.31940386, 0.56784534), (0.13688739, 0.3194039, 0.56784534), (0.10380946, 0.24222207, 0.41019902), (0.30254832, -1.1517063e-10, 0.4920719), (0.28237846, 0.12101933, 0.4920719), (0.34221846, 0, 0.56784534), (0.28237846, -0.12101933, 0.4920719), (0.25952366, 0, 0.41019902), (0.24222206, 0.10380946, 0.41019902), (0.31940386, 0.13688739, 0.56784534), (0.3194039, -0.13688739, 0.56784534), (0.24222207, -0.10380946, 0.41019902), (-1.1517063e-10, -0.30254832, 0.4920719), (0.12101933, -0.28237846, 0.4920719), (0, -0.34221846, 0.56784534), (-0.12101933, -0.28237846, 0.4920719), (0, -0.25952366, 0.41019902), (0.10380946, -0.24222206, 0.41019902), (0.13688739, -0.31940386, 0.56784534), (-0.13688739, -0.3194039, 0.56784534), (-0.10380946, -0.24222207, 0.41019902), (0, -8.061944e-10, 0.0062270463), (1.8427301e-9, 0.12713423, 0.016252637), (0.12713423, -1.8427301e-9, 0.016252637), (-1.8427301e-9, -0.12713423, 0.016252637), (-0.12713423, 0, 0.016252637), (-0.11576883, 0.115768835, 0.02568844), (0.115768835, 0.11576883, 0.02568844), (0.11576883, -0.115768835, 0.02568844), (-0.115768835, -0.115768835, 0.02568844), (0.28415814, 0, 0.7360739), (0.33467704, 0, 0.6888951), (0.26521426, 0.11366326, 0.7360739), (0.2236697, 0, 0.7809583), (0.26521426, -0.11366326, 0.7360739), (0.31236526, -0.13387083, 0.6888951), (0.31236526, 0.13387083, 0.6888951), (0.20875837, 0.089467876, 0.7809583), (0.20875838, -0.089467876, 0.7809583), (-0.12893131, 0, 1.094043), (-0.12369821, 0, 1.072897), (-0.12033591, -0.051572528, 1.094043), (-0.13364998, 0, 1.1076448), (-0.1203359, 0.051572528, 1.094043), (-0.11545166, 0.04947928, 1.072897), (-0.11545166, -0.04947928, 1.072897), (-0.124739975, -0.053459983, 1.1076448), (-0.124739975, 0.053459983, 1.1076448), (-0.28415814, 0, 0.7360739), (-0.33467704, 0, 0.6888951), (-0.26521426, -0.11366326, 0.7360739), (-0.2236697, 0, 0.7809583), (-0.26521426, 0.11366326, 0.7360739), (-0.31236526, 0.13387083, 0.6888951), (-0.31236526, -0.13387083, 0.6888951), (-0.20875837, -0.089467876, 0.7809583), (-0.20875838, 0.089467876, 0.7809583), (0, -0.28415814, 0.7360739), (0, -0.33467704, 0.6888951), (0.11366326, -0.26521426, 0.7360739), (0, -0.2236697, 0.7809583), (-0.11366326, -0.26521426, 0.7360739), (-0.13387083, -0.31236526, 0.6888951), (0.13387083, -0.31236526, 0.6888951), (0.089467876, -0.20875837, 0.7809583), (-0.089467876, -0.20875838, 0.7809583), (0, 0.28415814, 0.7360739), (0, 0.33467704, 0.6888951), (-0.11366326, 0.26521426, 0.7360739), (0, 0.2236697, 0.7809583), (0.11366326, 0.26521426, 0.7360739), (0.13387083, 0.31236526, 0.6888951), (-0.13387083, 0.31236526, 0.6888951), (-0.089467876, 0.20875837, 0.7809583), (0.089467876, 0.20875838, 0.7809583), (0, -0.12893131, 1.094043), (0, -0.12369821, 1.072897), (0.051572528, -0.12033591, 1.094043), (0, -0.13364998, 1.1076448), (-0.051572528, -0.1203359, 1.094043), (-0.04947928, -0.11545166, 1.072897), (0.04947928, -0.11545166, 1.072897), (0.053459983, -0.124739975, 1.1076448), (-0.053459983, -0.124739975, 1.1076448), (0, 0.12893131, 1.094043), (0, 0.12369821, 1.072897), (-0.051572528, 0.12033591, 1.094043), (0, 0.13364998, 1.1076448), (0.051572528, 0.1203359, 1.094043), (0.04947928, 0.11545166, 1.072897), (-0.04947928, 0.11545166, 1.072897), (-0.053459983, 0.124739975, 1.1076448), (0.053459983, 0.124739975, 1.1076448), (0.12893131, 0, 1.094043), (0.12369821, 0, 1.072897), (0.12033591, 0.051572528, 1.094043), (0.13364998, 0, 1.1076448), (0.1203359, -0.051572528, 1.094043), (0.11545166, -0.04947928, 1.072897), (0.11545166, 0.04947928, 1.072897), (0.124739975, 0.053459983, 1.1076448), (0.124739975, -0.053459983, 1.1076448), (0.12046124, 0, 0.9410418), (0.13637201, 0, 0.8836528), (0.11243049, 0.048184503, 0.9410418), (0.116377726, 0, 0.9952944), (0.1124305, -0.0481845, 0.9410418), (0.12728056, -0.05454881, 0.8836528), (0.12728055, 0.05454881, 0.8836528), (0.10861921, 0.04655109, 0.9952944), (0.10861921, -0.04655109, 0.9952944), (0, 0.12046124, 0.9410418), (0, 0.13637201, 0.8836528), (-0.048184503, 0.11243049, 0.9410418), (0, 0.116377726, 0.9952944), (0.0481845, 0.1124305, 0.9410418), (0.05454881, 0.12728056, 0.8836528), (-0.05454881, 0.12728055, 0.8836528), (-0.04655109, 0.10861921, 0.9952944), (0.04655109, 0.10861921, 0.9952944), (0, -0.12046124, 0.9410418), (0, -0.13637201, 0.8836528), (0.048184503, -0.11243049, 0.9410418), (0, -0.116377726, 0.9952944), (-0.0481845, -0.1124305, 0.9410418), (-0.05454881, -0.12728056, 0.8836528), (0.05454881, -0.12728055, 0.8836528), (0.04655109, -0.10861921, 0.9952944), (-0.04655109, -0.10861921, 0.9952944), (-0.12046124, 0, 0.9410418), (-0.13637201, 0, 0.8836528), (-0.11243049, -0.048184503, 0.9410418), (-0.116377726, 0, 0.9952944), (-0.1124305, 0.0481845, 0.9410418), (-0.12728056, 0.05454881, 0.8836528), (-0.12728055, -0.05454881, 0.8836528), (-0.10861921, -0.04655109, 0.9952944), (-0.10861921, 0.04655109, 0.9952944), (-4.7219957e-9, -0.25786227, 0.161771), (0.102061234, -0.23994902, 0.16280305), (-3.6854602e-9, -0.24022818, 0.24035385), (-0.10206124, -0.23994902, 0.16280305), (-5.5281903e-9, -0.25995156, 0.095867544), (0.099645935, -0.2397317, 0.09999573), (0.09609126, -0.22421296, 0.24035387), (-0.09609127, -0.22421296, 0.24035385), (-0.09964595, -0.23973168, 0.0999957), (0.25786227, -4.7219957e-9, 0.161771), (0.23994902, 0.102061234, 0.16280305), (0.24022818, -3.6854602e-9, 0.24035385), (0.23994902, -0.10206124, 0.16280305), (0.25995156, -5.5281903e-9, 0.095867544), (0.2397317, 0.099645935, 0.09999573), (0.22421296, 0.09609126, 0.24035387), (0.22421296, -0.09609127, 0.24035385), (0.23973168, -0.09964595, 0.0999957), (4.7219957e-9, 0.25786227, 0.161771), (-0.102061234, 0.23994902, 0.16280305), (3.6854602e-9, 0.24022818, 0.24035385), (0.10206124, 0.23994902, 0.16280305), (5.5281903e-9, 0.25995156, 0.095867544), (-0.099645935, 0.2397317, 0.09999573), (-0.09609126, 0.22421296, 0.24035387), (0.09609127, 0.22421296, 0.24035385), (0.09964595, 0.23973168, 0.0999957), (-0.25786227, 4.7219957e-9, 0.161771), (-0.23994902, -0.102061234, 0.16280305), (-0.24022818, 3.6854602e-9, 0.24035385), (-0.23994902, 0.10206124, 0.16280305), (-0.25995156, 3.6854602e-9, 0.095867544), (-0.2397317, -0.09964594, 0.09999573), (-0.22421296, -0.09609126, 0.24035387), (-0.22421296, 0.09609127, 0.24035385), (-0.23973168, 0.09964595, 0.0999957), (-0.2604931, 0, 0.490233), (-0.21863364, 0, 0.41262794), (-0.24312688, 0.10419724, 0.490233), (-0.29926696, 0, 0.56122655), (-0.24312688, -0.10419724, 0.490233), (-0.20405807, -0.087453455, 0.41262794), (-0.20405808, 0.087453455, 0.41262794), (-0.27931583, 0.11970678, 0.56122655), (-0.27931583, -0.11970678, 0.56122655), (0, 0.2604931, 0.490233), (0, 0.21863364, 0.41262794), (0.10419724, 0.24312688, 0.490233), (0, 0.29926696, 0.56122655), (-0.10419724, 0.24312688, 0.490233), (-0.087453455, 0.20405807, 0.41262794), (0.087453455, 0.20405808, 0.41262794), (0.11970678, 0.27931583, 0.56122655), (-0.11970678, 0.27931583, 0.56122655), (0.2604931, 0, 0.490233), (0.21863364, 0, 0.41262794), (0.24312688, -0.10419724, 0.490233), (0.29926696, 0, 0.56122655), (0.24312688, 0.10419724, 0.490233), (0.20405807, 0.087453455, 0.41262794), (0.20405808, -0.087453455, 0.41262794), (0.27931583, -0.11970678, 0.56122655), (0.27931583, 0.11970678, 0.56122655), (0, -0.2604931, 0.490233), (0, -0.21863364, 0.41262794), (-0.10419724, -0.24312688, 0.490233), (0, -0.29926696, 0.56122655), (0.10419724, -0.24312688, 0.490233), (0.087453455, -0.20405807, 0.41262794), (-0.087453455, -0.20405808, 0.41262794), (-0.11970678, -0.27931583, 0.56122655), (0.11970678, -0.27931583, 0.56122655), (0, 0, 0.02818489), (-0.10838201, 0, 0.037719846), (0, -0.10838201, 0.037719846), (0.10838201, 0, 0.037719846), (0, 0.10838201, 0.037719846), (-0.0985044, 0.0985044, 0.04669392), (-0.0985044, -0.0985044, 0.04669392), (0.0985044, -0.0985044, 0.04669392), (0.0985044, 0.0985044, 0.04669392), (0.24890533, 3.800631e-9, 0.7112748), (0.23231164, -0.09956213, 0.71127474), (0.19304837, 1.8427301e-9, 0.75262946), (0.23231164, 0.09956213, 0.7112748), (0.29511377, 1.8427301e-9, 0.6700596), (0.27543956, -0.11804552, 0.6700596), (0.18017848, -0.077219345, 0.75262946), (0.1801785, 0.077219345, 0.7526295), (0.27543956, 0.11804552, 0.6700596), (-0.10885562, 0, 1.1144781), (-0.10159858, 0.043542244, 1.1144781), (-0.116639964, 0, 1.1277211), (-0.10159858, -0.043542244, 1.1144781), (-0.10166689, 0, 1.0901992), (-0.0948891, 0.04066675, 1.0901992), (-0.108863965, 0.046655986, 1.1277211), (-0.108863965, -0.046655986, 1.127721), (-0.09488909, -0.04066675, 1.0901992), (-0.24890533, -3.800631e-9, 0.7112748), (-0.23231164, 0.09956213, 0.71127474), (-0.19304837, -1.8427301e-9, 0.75262946), (-0.23231164, -0.09956213, 0.7112748), (-0.29511377, -1.8427301e-9, 0.6700596), (-0.27543956, 0.11804552, 0.6700596), (-0.18017848, 0.077219345, 0.75262946), (-0.1801785, -0.077219345, 0.7526295), (-0.27543956, -0.11804552, 0.6700596), (3.800631e-9, -0.24890533, 0.7112748), (-0.09956213, -0.23231164, 0.71127474), (1.8427301e-9, -0.19304837, 0.75262946), (0.09956213, -0.23231164, 0.7112748), (1.8427301e-9, -0.29511377, 0.6700596), (-0.11804552, -0.27543956, 0.6700596), (-0.077219345, -0.18017848, 0.75262946), (0.077219345, -0.1801785, 0.7526295), (0.11804552, -0.27543956, 0.6700596), (-3.800631e-9, 0.24890533, 0.7112748), (0.09956213, 0.23231164, 0.71127474), (-1.8427301e-9, 0.19304837, 0.75262946), (-0.09956213, 0.23231164, 0.7112748), (-1.8427301e-9, 0.29511377, 0.6700596), (0.11804552, 0.27543956, 0.6700596), (0.077219345, 0.18017848, 0.75262946), (-0.077219345, 0.1801785, 0.7526295), (-0.11804552, 0.27543956, 0.6700596), (0, -0.10885562, 1.1144781), (-0.043542244, -0.10159858, 1.1144781), (0, -0.116639964, 1.1277211), (0.043542244, -0.10159858, 1.1144781), (0, -0.10166689, 1.0901992), (-0.04066675, -0.0948891, 1.0901992), (-0.046655986, -0.108863965, 1.1277211), (0.046655986, -0.108863965, 1.127721), (0.04066675, -0.09488909, 1.0901992), (0, 0.10885562, 1.1144781), (0.043542244, 0.10159858, 1.1144781), (0, 0.116639964, 1.1277211), (-0.043542244, 0.10159858, 1.1144781), (0, 0.10166689, 1.0901992), (0.04066675, 0.0948891, 1.0901992), (0.046655986, 0.108863965, 1.1277211), (-0.046655986, 0.108863965, 1.127721), (-0.04066675, 0.09488909, 1.0901992), (0.10885562, 0, 1.1144781), (0.10159858, -0.043542244, 1.1144781), (0.116639964, 0, 1.1277211), (0.10159858, 0.043542244, 1.1144781), (0.10166689, 0, 1.0901992), (0.0948891, -0.04066675, 1.0901992), (0.108863965, -0.046655986, 1.1277211), (0.108863965, 0.046655986, 1.127721), (0.09488909, 0.04066675, 1.0901992), (0.09667855, -1.1517063e-10, 0.9301351), (0.09023331, -0.038671415, 0.930135), (0.09291176, 0, 0.99575317), (0.09023331, 0.038671415, 0.9301351), (0.11170736, 0, 0.862579), (0.1042602, -0.04468294, 0.862579), (0.086717635, -0.0371647, 0.99575317), (0.08671764, 0.0371647, 0.99575317), (0.10426019, 0.04468294, 0.862579), (1.1517063e-10, 0.09667855, 0.9301351), (0.038671415, 0.09023331, 0.930135), (0, 0.09291176, 0.99575317), (-0.038671415, 0.09023331, 0.9301351), (0, 0.11170736, 0.862579), (0.04468294, 0.1042602, 0.862579), (0.0371647, 0.086717635, 0.99575317), (-0.0371647, 0.08671764, 0.99575317), (-0.04468294, 0.10426019, 0.862579), (-1.1517063e-10, -0.09667855, 0.9301351), (-0.038671415, -0.09023331, 0.930135), (0, -0.09291176, 0.99575317), (0.038671415, -0.09023331, 0.9301351), (0, -0.11170736, 0.862579), (-0.04468294, -0.1042602, 0.862579), (-0.0371647, -0.086717635, 0.99575317), (0.0371647, -0.08671764, 0.99575317), (0.04468294, -0.10426019, 0.862579), (-0.09667855, 1.1517063e-10, 0.9301351), (-0.09023331, 0.038671415, 0.930135), (-0.09291176, 0, 0.99575317), (-0.09023331, -0.038671415, 0.9301351), (-0.11170736, 0, 0.862579), (-0.1042602, 0.04468294, 0.862579), (-0.086717635, 0.0371647, 0.99575317), (-0.08671764, -0.0371647, 0.99575317), (-0.10426019, -0.04468294, 0.862579), (0, -0.21472903, 0.17612898), (0, -0.2188684, 0.113438636), (-0.084897056, -0.19975074, 0.17711052), (0, -0.1981021, 0.2509023), (0.084897056, -0.19975074, 0.17711052), (0.08356917, -0.20162505, 0.117364764), (-0.08356917, -0.20162505, 0.117364794), (-0.07924084, -0.1848953, 0.2509023), (0.07924084, -0.1848953, 0.2509023), (0.21472903, 0, 0.17612898), (0.2188684, 0, 0.113438636), (0.19975074, -0.084897056, 0.17711052), (0.1981021, 0, 0.2509023), (0.19975074, 0.084897056, 0.17711052), (0.20162505, 0.08356917, 0.117364764), (0.20162505, -0.08356917, 0.117364794), (0.1848953, -0.07924084, 0.2509023), (0.1848953, 0.07924084, 0.2509023), (0, 0.21472903, 0.17612898), (0, 0.2188684, 0.113438636), (0.084897056, 0.19975074, 0.17711052), (0, 0.1981021, 0.2509023), (-0.084897056, 0.19975074, 0.17711052), (-0.08356917, 0.20162505, 0.117364764), (0.08356917, 0.20162505, 0.117364794), (0.07924084, 0.1848953, 0.2509023), (-0.07924084, 0.1848953, 0.2509023), (-0.21472903, 0, 0.17612898), (-0.2188684, 0, 0.113438636), (-0.19975074, 0.084897056, 0.17711052), (-0.1981021, 0, 0.2509023), (-0.19975074, -0.084897056, 0.17711052), (-0.20162505, -0.08356917, 0.117364764), (-0.20162505, 0.08356917, 0.117364794), (-0.1848953, 0.07924084, 0.2509023), (-0.1848953, -0.07924084, 0.2509023), (-0.13455264, 0, 1.1308488), (-0.13685463, 0, 1.1248931), (-0.12558247, -0.053821057, 1.1308488), (-0.13016002, 0, 1.1338787), (-0.12558246, 0.053821057, 1.1308488), (-0.127731, 0.05474186, 1.1248931), (-0.127731, -0.05474186, 1.1248931), (-0.121482685, -0.05206401, 1.1338787), (-0.121482685, 0.05206401, 1.1338787), (0, 0.13455264, 1.1308488), (0, 0.13685463, 1.1248931), (-0.053821057, 0.12558247, 1.1308488), (0, 0.13016002, 1.1338787), (0.053821057, 0.12558246, 1.1308488), (0.05474186, 0.127731, 1.1248931), (-0.05474186, 0.127731, 1.1248931), (-0.05206401, 0.121482685, 1.1338787), (0.05206401, 0.121482685, 1.1338787), (0.13455264, 0, 1.1308488), (0.13685463, 0, 1.1248931), (0.12558247, 0.053821057, 1.1308488), (0.13016002, 0, 1.1338787), (0.12558246, -0.053821057, 1.1308488), (0.127731, -0.05474186, 1.1248931), (0.127731, 0.05474186, 1.1248931), (0.121482685, 0.05206401, 1.1338787), (0.121482685, -0.05206401, 1.1338787), (0, -0.13455264, 1.1308488), (0, -0.13685463, 1.1248931), (0.053821057, -0.12558247, 1.1308488), (0, -0.13016002, 1.1338787), (-0.053821057, -0.12558246, 1.1308488), (-0.05474186, -0.127731, 1.1248931), (0.05474186, -0.127731, 1.1248931), (0.05206401, -0.121482685, 1.1338787), (-0.05206401, -0.121482685, 1.1338787), (-0.20464396, 0.10037271, 0.053701133), (-0.2239057, 1.8427301e-9, 0.046181947), (-0.20464396, -0.1003727, 0.053701133), (-0.19031733, -0.19031733, 0.41019902), (-0.22186878, -0.22186878, 0.4920719), (-0.2509602, -0.2509602, 0.56784534), (-0.33537418, -0.1437318, 0.6344696), (-0.3593295, 0, 0.6344696), (-0.3353742, 0.1437318, 0.6344696), (-0.17616732, 0.17616732, 0.24035387), (-0.1875638, 0.1875638, 0.16383511), (-0.18449037, 0.18449037, 0.10412392), (0.10037271, 0.20464396, 0.053701133), (3.6854602e-9, 0.2239057, 0.046181947), (-0.100372694, 0.20464396, 0.053701133), (-0.1437318, 0.33537418, 0.6344696), (0, 0.3593295, 0.6344696), (0.1437318, 0.3353742, 0.6344696), (0.17616732, 0.17616732, 0.24035387), (0.1875638, 0.1875638, 0.16383511), (0.18449037, 0.18449037, 0.10412392), (0.20464396, -0.10037271, 0.053701133), (0.2239057, -3.6854602e-9, 0.046181947), (0.20464396, 0.100372694, 0.053701133), (0.33537418, 0.1437318, 0.6344696), (0.3593295, 0, 0.6344696), (0.3353742, -0.1437318, 0.6344696), (0.17616732, -0.17616732, 0.24035387), (0.1875638, -0.1875638, 0.16383511), (0.18449037, -0.18449037, 0.10412392), (-0.10037271, -0.20464396, 0.053701133), (-3.6854602e-9, -0.2239057, 0.046181947), (0.100372694, -0.20464396, 0.053701133), (0.1437318, -0.33537418, 0.6344696), (0, -0.3593295, 0.6344696), (-0.1437318, -0.3353742, 0.6344696), (-0.15783472, -0.067643456, 0.8285005), (-0.16910864, 0, 0.8285005), (-0.15783474, 0.067643456, 0.82850057), (-0.067643456, 0.15783472, 0.8285005), (0, 0.16910864, 0.8285005), (0.067643456, 0.15783474, 0.82850057), (0.15783472, 0.067643456, 0.8285005), (0.16910864, 0, 0.8285005), (0.15783474, -0.067643456, 0.82850057), (0.067643456, -0.15783472, 0.8285005), (0, -0.16910864, 0.8285005), (-0.067643456, -0.15783474, 0.82850057), (0.24542986, 0.24542986, 0.6888951), (0.20838265, 0.20838265, 0.7360739), (0.16402444, 0.16402444, 0.7809583), (0.16402444, -0.16402444, 0.7809583), (0.20838265, -0.20838265, 0.7360739), (0.24542986, -0.24542986, 0.6888951), (-0.24542986, -0.24542986, 0.6888951), (-0.20838265, -0.20838265, 0.7360739), (-0.16402444, -0.16402444, 0.7809583), (-0.16402444, 0.16402444, 0.7809583), (-0.20838265, 0.20838265, 0.7360739), (-0.24542986, 0.24542986, 0.6888951), (-0.12756972, -0.054672737, 1.1168716), (-0.13668184, 0, 1.1168716), (-0.12756972, 0.054672737, 1.1168717), (-0.054672737, 0.12756972, 1.1168716), (0, 0.13668184, 1.1168716), (0.054672737, 0.12756972, 1.1168717), (0.12756972, 0.054672737, 1.1168716), (0.13668184, 0, 1.1168716), (0.12756972, -0.054672737, 1.1168717), (0.054672737, -0.12756972, 1.1168716), (0, -0.13668184, 1.1168716), (-0.054672737, -0.12756972, 1.1168717), (-0.09071202, -0.09071202, 1.072897), (-0.09454964, -0.09454964, 1.094043), (-0.09800998, -0.098009974, 1.1076448), (-0.085343674, 0.085343674, 0.9952944), (-0.08833825, 0.08833824, 0.9410418), (-0.100006156, 0.100006156, 0.8836528), (0.09071202, -0.09071202, 1.072897), (0.09454964, -0.09454964, 1.094043), (0.098009974, -0.09800998, 1.1076448), (0.085343674, 0.085343674, 0.9952944), (0.08833824, 0.08833825, 0.9410418), (0.100006156, 0.100006156, 0.8836528), (-0.100006156, -0.100006156, 0.8836528), (-0.08833824, -0.08833825, 0.9410418), (-0.085343674, -0.085343674, 0.9952944), (-0.09800998, 0.098009974, 1.1076448), (-0.09454963, 0.09454964, 1.094043), (-0.09071202, 0.09071202, 1.072897), (0.100006156, -0.100006156, 0.8836528), (0.08833825, -0.08833824, 0.9410418), (0.085343674, -0.085343674, 0.9952944), (0.098009974, 0.09800998, 1.1076448), (0.09454964, 0.09454963, 1.094043), (0.09071202, 0.09071202, 1.072897), (0.11118138, 0.047649164, 1.0410371), (0.11912291, 0, 1.0410371), (0.11118138, -0.047649164, 1.0410371), (-0.047649164, 0.11118138, 1.0410371), (0, 0.11912291, 1.0410371), (0.047649164, 0.11118138, 1.0410371), (0.047649164, -0.11118138, 1.0410371), (0, -0.11912291, 1.0410371), (-0.047649164, -0.11118138, 1.0410371), (-0.11118138, -0.047649164, 1.0410371), (-0.11912291, 0, 1.0410371), (-0.11118138, 0.047649164, 1.0410371), (-0.18449037, -0.18449037, 0.10412389), (-0.1875638, -0.1875638, 0.16383511), (-0.17616732, -0.17616732, 0.24035385), (-0.2509602, 0.2509602, 0.56784534), (-0.22186878, 0.22186878, 0.4920719), (-0.19031733, 0.19031733, 0.41019902), (0.2509602, 0.2509602, 0.56784534), (0.22186878, 0.22186878, 0.4920719), (0.19031733, 0.19031733, 0.41019902), (0.2509602, -0.2509602, 0.56784534), (0.22186878, -0.22186878, 0.4920719), (0.19031733, -0.19031733, 0.41019902), (0.0929395, -0.21685886, 0.32527643), (-1.8427301e-9, -0.23234877, 0.32527643), (-0.0929395, -0.21685886, 0.32527643), (0.21685886, 0.0929395, 0.32527643), (0.23234877, -1.8427301e-9, 0.32527643), (0.21685886, -0.0929395, 0.32527643), (-0.0929395, 0.21685886, 0.32527643), (1.8427301e-9, 0.23234877, 0.32527643), (0.0929395, 0.21685886, 0.32527643), (-0.21685886, -0.0929395, 0.32527643), (-0.23234877, 1.8427301e-9, 0.32527643), (-0.21685886, 0.0929395, 0.32527643), (-0.17353676, 0.08489299, 0.07333574), (-0.1901946, 0, 0.06618449), (-0.17353676, -0.08489299, 0.07333574), (-0.16033132, -0.16033134, 0.41262794), (-0.19102825, -0.19102828, 0.490233), (-0.21946242, -0.21946244, 0.56122655), (-0.29572126, -0.12673768, 0.6222787), (-0.3168442, -1.3820476e-9, 0.6222787), (-0.29572126, 0.12673768, 0.6222787), (-0.14527488, 0.14527488, 0.2509023), (-0.15605901, 0.15605901, 0.17809206), (-0.15486772, 0.15486772, 0.12129095), (0.08489299, 0.17353676, 0.07333574), (0, 0.1901946, 0.06618449), (-0.08489299, 0.17353676, 0.07333574), (-0.12673768, 0.29572126, 0.6222787), (-1.3820476e-9, 0.3168442, 0.6222787), (0.12673768, 0.29572126, 0.6222787), (0.14527488, 0.14527488, 0.2509023), (0.15605901, 0.15605901, 0.17809206), (0.15486772, 0.15486772, 0.12129095), (0.17353676, -0.08489299, 0.07333574), (0.1901946, 0, 0.06618449), (0.17353676, 0.08489299, 0.07333574), (0.29572126, 0.12673768, 0.6222787), (0.3168442, 1.3820476e-9, 0.6222787), (0.29572126, -0.12673768, 0.6222787), (0.14527488, -0.14527488, 0.2509023), (0.15605901, -0.15605901, 0.17809206), (0.15486772, -0.15486772, 0.12129095), (-0.08489299, -0.17353676, 0.07333574), (0, -0.1901946, 0.06618449), (0.08489299, -0.17353676, 0.07333574), (0.12673768, -0.29572126, 0.6222787), (1.3820476e-9, -0.3168442, 0.6222787), (-0.12673768, -0.29572126, 0.6222787), (-0.13288102, -0.056949005, 0.80082905), (-0.14237252, -1.3820476e-9, 0.80082905), (-0.13288102, 0.056949005, 0.80082905), (-0.056949005, 0.13288102, 0.80082905), (-1.3820476e-9, 0.14237252, 0.80082905), (0.056949005, 0.13288102, 0.80082905), (0.13288102, 0.056949005, 0.80082905), (0.14237252, 1.3820476e-9, 0.80082905), (0.13288102, -0.056949005, 0.80082905), (0.056949005, -0.13288102, 0.80082905), (1.3820476e-9, -0.14237252, 0.80082905), (-0.056949005, -0.13288102, 0.80082905), (0.21641678, 0.21641678, 0.6700596), (0.18253057, 0.18253057, 0.7112748), (0.1415688, 0.1415688, 0.75262946), (0.1415688, -0.14156881, 0.75262946), (0.18253057, -0.18253057, 0.7112748), (0.21641678, -0.21641678, 0.6700596), (-0.21641678, -0.21641678, 0.6700596), (-0.18253057, -0.18253057, 0.7112748), (-0.1415688, -0.1415688, 0.75262946), (-0.1415688, 0.14156881, 0.75262946), (-0.18253057, 0.18253057, 0.7112748), (-0.21641678, 0.21641678, 0.6700596), (-0.115790315, -0.04962442, 1.1331228), (-0.12406105, 0, 1.1331228), (-0.115790315, 0.04962442, 1.1331229), (-0.04962442, 0.115790315, 1.1331228), (0, 0.12406105, 1.1331228), (0.04962442, 0.115790315, 1.1331229), (0.115790315, 0.04962442, 1.1331228), (0.12406105, 0, 1.1331228), (0.115790315, -0.04962442, 1.1331229), (0.04962442, -0.115790315, 1.1331228), (0, -0.12406105, 1.1331228), (-0.04962442, -0.115790315, 1.1331229), (-0.07455572, -0.07455572, 1.0901992), (-0.07982745, -0.07982745, 1.1144781), (-0.08553598, -0.08553598, 1.1277211), (-0.068135284, 0.068135284, 0.99575317), (-0.070897594, 0.070897594, 0.9301351), (-0.081918724, 0.081918724, 0.862579), (0.07455572, -0.07455572, 1.0901992), (0.07982745, -0.07982745, 1.1144781), (0.08553598, -0.08553598, 1.1277211), (0.068135284, 0.068135284, 0.99575317), (0.070897594, 0.070897594, 0.9301351), (0.081918724, 0.081918724, 0.862579), (-0.081918724, -0.081918724, 0.862579), (-0.070897594, -0.070897594, 0.930135), (-0.068135284, -0.068135284, 0.99575317), (-0.08553598, 0.08553598, 1.127721), (-0.07982745, 0.07982745, 1.1144781), (-0.07455572, 0.07455572, 1.0901992), (0.081918724, -0.081918724, 0.862579), (0.070897594, -0.070897594, 0.930135), (0.068135284, -0.068135284, 0.99575317), (0.08553598, 0.08553598, 1.127721), (0.07982745, 0.07982745, 1.1144781), (0.07455572, 0.07455572, 1.0901992), (0.08963047, 0.03841306, 1.0516893), (0.09603265, 0, 1.0516893), (0.08963047, -0.03841306, 1.0516893), (-0.03841306, 0.08963047, 1.0516893), (0, 0.09603265, 1.0516893), (0.03841306, 0.08963047, 1.0516893), (0.03841306, -0.08963047, 1.0516893), (0, -0.09603265, 1.0516893), (-0.03841306, -0.08963047, 1.0516893), (-0.08963047, -0.03841306, 1.0516893), (-0.09603265, 0, 1.0516893), (-0.08963047, 0.03841306, 1.0516893), (-0.15486772, -0.15486772, 0.12129095), (-0.15605901, -0.15605901, 0.17809206), (-0.14527488, -0.14527488, 0.2509023), (-0.21946242, 0.21946244, 0.56122655), (-0.19102825, 0.19102825, 0.490233), (-0.16033132, 0.16033134, 0.41262794), (0.21946244, 0.21946242, 0.56122655), (0.19102825, 0.19102825, 0.490233), (0.16033134, 0.16033132, 0.41262794), (0.21946242, -0.21946244, 0.56122655), (0.19102825, -0.19102825, 0.490233), (0.16033132, -0.16033134, 0.41262794), (0.07671986, -0.17901298, 0.3317411), (0, -0.19179963, 0.3317411), (-0.07671986, -0.179013, 0.3317411), (0.17901298, 0.07671986, 0.3317411), (0.19179963, 0, 0.3317411), (0.179013, -0.07671986, 0.3317411), (-0.07671986, 0.17901298, 0.3317411), (0, 0.19179963, 0.3317411), (0.07671986, 0.179013, 0.3317411), (-0.17901298, -0.07671986, 0.3317411), (-0.19179963, 0, 0.3317411), (-0.179013, 0.07671986, 0.3317411), (-0.10036007, -0.10036008, 1.1248931), (-0.09867193, -0.09867193, 1.1308488), (-0.09545068, -0.09545068, 1.1338787), (-0.10036007, 0.10036008, 1.1248931), (-0.09867193, 0.09867193, 1.1308488), (-0.09545068, 0.09545068, 1.1338787), (0.10036008, 0.10036007, 1.1248931), (0.09867193, 0.09867193, 1.1308488), (0.09545068, 0.09545068, 1.1338787), (0.10036007, -0.10036008, 1.1248931), (0.09867193, -0.09867193, 1.1308488), (0.09545068, -0.09545068, 1.1338787), (-0.16698684, -0.16698684, 0.06893602), (-0.26350832, -0.26350832, 0.6344696), (-0.16698684, 0.16698684, 0.06893602), (-0.26350832, 0.26350832, 0.6344696), (0.16698684, -0.16698684, 0.06893602), (0.26350832, -0.26350832, 0.6344696), (0.16698684, 0.16698684, 0.06893602), (0.26350832, 0.26350832, 0.6344696), (-0.12401301, -0.12401301, 0.8285005), (-0.12401301, 0.12401301, 0.8285005), (0.12401301, 0.12401301, 0.8285005), (0.12401301, -0.12401301, 0.8285005), (-0.10023334, -0.10023334, 1.1168717), (-0.10023334, 0.10023334, 1.1168717), (0.10023334, 0.10023334, 1.1168717), (0.10023334, -0.10023334, 1.1168717), (-0.08735679, -0.0873568, 1.0410371), (-0.08735679, 0.0873568, 1.0410371), (0.0873568, -0.08735679, 1.0410371), (0.0873568, 0.08735679, 1.0410371), (-0.1703891, -0.1703891, 0.32527643), (-0.17038912, 0.1703891, 0.32527643), (0.1703891, 0.17038912, 0.32527643), (0.17038912, -0.1703891, 0.32527643), (-0.1410546, -0.1410546, 0.08782509), (-0.23235242, -0.23235242, 0.6222787), (-0.1410546, 0.1410546, 0.08782509), (-0.23235242, 0.23235242, 0.6222787), (0.1410546, -0.1410546, 0.08782509), (0.23235242, -0.23235242, 0.6222787), (0.1410546, 0.1410546, 0.08782509), (0.23235242, 0.23235242, 0.6222787), (-0.10440651, -0.104406506, 0.80082905), (-0.104406506, 0.10440651, 0.80082905), (0.10440651, 0.104406506, 0.80082905), (0.104406506, -0.10440651, 0.80082905), (-0.090978116, -0.090978116, 1.1331229), (-0.090978116, 0.090978116, 1.1331229), (0.090978116, 0.090978116, 1.1331229), (0.090978116, -0.090978116, 1.1331229), (-0.07042394, -0.07042394, 1.0516893), (-0.07042394, 0.07042394, 1.0516893), (0.07042394, -0.07042394, 1.0516893), (0.07042394, 0.07042394, 1.0516893), (-0.14065306, -0.14065306, 0.3317411), (-0.14065306, 0.14065306, 0.3317411), (0.14065306, 0.14065306, 0.3317411), (0.14065306, -0.14065306, 0.3317411), (-0.24515693, 0, 0.48661265), (-0.20576188, 0, 0.41357645), (-0.22881311, 0.09806276, 0.48661265), (-0.28164804, 0, 0.5534265), (-0.22881311, -0.09806276, 0.48661265), (-0.19204442, -0.082304746, 0.41357645), (-0.19204444, 0.082304746, 0.41357645), (-0.2628715, 0.1126592, 0.5534265), (-0.2628715, -0.1126592, 0.5534265), (0, 0.24515693, 0.48661265), (0, 0.20576188, 0.41357645), (0.09806276, 0.22881311, 0.48661265), (0, 0.28164804, 0.5534265), (-0.09806276, 0.22881311, 0.48661265), (-0.082304746, 0.19204442, 0.41357645), (0.082304746, 0.19204444, 0.41357645), (0.1126592, 0.2628715, 0.5534265), (-0.1126592, 0.2628715, 0.5534265), (0.24515693, 0, 0.48661265), (0.20576188, 0, 0.41357645), (0.22881311, -0.09806276, 0.48661265), (0.28164804, 0, 0.5534265), (0.22881311, 0.09806276, 0.48661265), (0.19204442, 0.082304746, 0.41357645), (0.19204444, -0.082304746, 0.41357645), (0.2628715, -0.1126592, 0.5534265), (0.2628715, 0.1126592, 0.5534265), (0, -0.24515693, 0.48661265), (0, -0.20576188, 0.41357645), (-0.09806276, -0.22881311, 0.48661265), (0, -0.28164804, 0.5534265), (0.09806276, -0.22881311, 0.48661265), (0.082304746, -0.19204442, 0.41357645), (-0.082304746, -0.19204444, 0.41357645), (-0.1126592, -0.2628715, 0.5534265), (0.1126592, -0.2628715, 0.5534265), (0, 0, 0.05176699), (-0.10200116, 0, 0.06074062), (0, -0.10200116, 0.06074062), (0.10200116, 0, 0.06074062), (0, 0.10200116, 0.06074062), (-0.09270508, 0.09270508, 0.06918636), (-0.09270508, -0.09270508, 0.06918636), (0.09270508, -0.09270508, 0.06918636), (0.09270508, 0.09270508, 0.06918636), (0.23425137, 3.576874e-9, 0.6946409), (0.2186346, -0.09370054, 0.6946409), (0.1816829, 1.7342419e-9, 0.7335608), (0.2186346, 0.09370054, 0.6946409), (0.27773935, 1.7342419e-9, 0.6558522), (0.2592234, -0.11109574, 0.6558522), (0.1695707, -0.072673164, 0.7335608), (0.16957071, 0.072673164, 0.73356086), (0.2592234, 0.11109574, 0.6558522), (-0.23425137, -3.576874e-9, 0.6946409), (-0.2186346, 0.09370054, 0.6946409), (-0.1816829, -1.7342419e-9, 0.7335608), (-0.2186346, -0.09370054, 0.6946409), (-0.27773935, -1.7342419e-9, 0.6558522), (-0.2592234, 0.11109574, 0.6558522), (-0.1695707, 0.072673164, 0.7335608), (-0.16957071, -0.072673164, 0.73356086), (-0.2592234, -0.11109574, 0.6558522), (3.576874e-9, -0.23425137, 0.6946409), (-0.09370054, -0.2186346, 0.6946409), (1.7342419e-9, -0.1816829, 0.7335608), (0.09370054, -0.2186346, 0.6946409), (1.7342419e-9, -0.27773935, 0.6558522), (-0.11109574, -0.2592234, 0.6558522), (-0.072673164, -0.1695707, 0.7335608), (0.072673164, -0.16957071, 0.73356086), (0.11109574, -0.2592234, 0.6558522), (-3.576874e-9, 0.23425137, 0.6946409), (0.09370054, 0.2186346, 0.6946409), (-1.7342419e-9, 0.1816829, 0.7335608), (-0.09370054, 0.2186346, 0.6946409), (-1.7342419e-9, 0.27773935, 0.6558522), (0.11109574, 0.2592234, 0.6558522), (0.072673164, 0.1695707, 0.7335608), (-0.072673164, 0.16957071, 0.73356086), (-0.11109574, 0.2592234, 0.6558522), (0, -0.20208713, 0.19100106), (0, -0.20598282, 0.13200155), (-0.07989885, -0.18799068, 0.19192484), (0, -0.18643911, 0.2613722), (0.07989885, -0.18799068, 0.19192484), (0.07864914, -0.18975465, 0.13569656), (-0.07864914, -0.18975465, 0.13569656), (-0.07457565, -0.17400984, 0.2613722), (0.07457565, -0.17400984, 0.2613722), (0.20208713, 0, 0.19100106), (0.20598282, 0, 0.13200155), (0.18799068, -0.07989885, 0.19192484), (0.18643911, 0, 0.2613722), (0.18799068, 0.07989885, 0.19192484), (0.18975465, 0.07864914, 0.13569656), (0.18975465, -0.07864914, 0.13569656), (0.17400984, -0.07457565, 0.2613722), (0.17400984, 0.07457565, 0.2613722), (0, 0.20208713, 0.19100106), (0, 0.20598282, 0.13200155), (0.07989885, 0.18799068, 0.19192484), (0, 0.18643911, 0.2613722), (-0.07989885, 0.18799068, 0.19192484), (-0.07864914, 0.18975465, 0.13569656), (0.07864914, 0.18975465, 0.13569656), (0.07457565, 0.17400984, 0.2613722), (-0.07457565, 0.17400984, 0.2613722), (-0.20208713, 0, 0.19100106), (-0.20598282, 0, 0.13200155), (-0.18799068, 0.07989885, 0.19192484), (-0.18643911, 0, 0.2613722), (-0.18799068, -0.07989885, 0.19192484), (-0.18975465, -0.07864914, 0.13569656), (-0.18975465, 0.07864914, 0.13569656), (-0.17400984, 0.07457565, 0.2613722), (-0.17400984, -0.07457565, 0.2613722), (-0.16332, 0.07989503, 0.09425962), (-0.17899716, 0, 0.08752942), (-0.16332, -0.07989503, 0.09425962), (-0.15089202, -0.15089203, 0.41357645), (-0.17978172, -0.17978175, 0.48661265), (-0.20654187, -0.20654188, 0.5534265), (-0.27831107, -0.11927617, 0.6108843), (-0.29819044, -1.3006813e-9, 0.6108843), (-0.27831107, 0.11927617, 0.6108843), (-0.13672203, 0.13672203, 0.2613722), (-0.14687124, 0.14687124, 0.1928486), (-0.14575009, 0.14575009, 0.13939154), (0.07989503, 0.16332, 0.09425962), (0, 0.17899716, 0.08752942), (-0.07989503, 0.16332, 0.09425962), (-0.11927617, 0.27831107, 0.6108843), (-1.3006813e-9, 0.29819044, 0.6108843), (0.11927617, 0.27831107, 0.6108843), (0.13672203, 0.13672203, 0.2613722), (0.14687124, 0.14687124, 0.1928486), (0.14575009, 0.14575009, 0.13939154), (0.16332, -0.07989503, 0.09425962), (0.17899716, 0, 0.08752942), (0.16332, 0.07989503, 0.09425962), (0.27831107, 0.11927617, 0.6108843), (0.29819044, 1.3006813e-9, 0.6108843), (0.27831107, -0.11927617, 0.6108843), (0.13672203, -0.13672203, 0.2613722), (0.14687124, -0.14687124, 0.1928486), (0.14575009, -0.14575009, 0.13939154), (-0.07989503, -0.16332, 0.09425962), (0, -0.17899716, 0.08752942), (0.07989503, -0.16332, 0.09425962), (0.11927617, -0.27831107, 0.6108843), (1.3006813e-9, -0.29819044, 0.6108843), (-0.11927617, -0.27831107, 0.6108843), (0.20367552, 0.20367552, 0.6558522), (0.17178433, 0.17178433, 0.6946409), (0.13323411, 0.13323411, 0.7335608), (0.13323411, -0.13323413, 0.7335608), (0.17178433, -0.17178433, 0.6946409), (0.20367552, -0.20367552, 0.6558522), (-0.20367552, -0.20367552, 0.6558522), (-0.17178433, -0.17178433, 0.6946409), (-0.13323411, -0.13323411, 0.7335608), (-0.13323411, 0.13323413, 0.7335608), (-0.17178433, 0.17178433, 0.6946409), (-0.20367552, 0.20367552, 0.6558522), (-0.14575009, -0.14575009, 0.13939154), (-0.14687124, -0.14687124, 0.1928486), (-0.13672203, -0.13672203, 0.2613722), (-0.20654187, 0.20654188, 0.5534265), (-0.17978172, 0.17978172, 0.48661265), (-0.15089202, 0.15089203, 0.41357645), (0.20654188, 0.20654187, 0.5534265), (0.17978172, 0.17978172, 0.48661265), (0.15089203, 0.15089202, 0.41357645), (0.20654187, -0.20654188, 0.5534265), (0.17978172, -0.17978172, 0.48661265), (0.15089202, -0.15089203, 0.41357645), (0.07220308, -0.16847384, 0.3374517), (0, -0.18050769, 0.3374517), (-0.07220308, -0.16847385, 0.3374517), (0.16847384, 0.07220308, 0.3374517), (0.18050769, 0, 0.3374517), (0.16847385, -0.07220308, 0.3374517), (-0.07220308, 0.16847384, 0.3374517), (0, 0.18050769, 0.3374517), (0.07220308, 0.16847385, 0.3374517), (-0.16847384, -0.07220308, 0.3374517), (-0.18050769, 0, 0.3374517), (-0.16847385, 0.07220308, 0.3374517), (-0.1327502, -0.1327502, 0.10789597), (-0.21867296, -0.21867296, 0.6108843), (-0.1327502, 0.1327502, 0.10789597), (-0.21867296, 0.21867296, 0.6108843), (0.1327502, -0.1327502, 0.10789597), (0.21867296, -0.21867296, 0.6108843), (0.1327502, 0.1327502, 0.10789597), (0.21867296, 0.21867296, 0.6108843), (-0.1323723, -0.1323723, 0.3374517), (-0.1323723, 0.1323723, 0.3374517), (0.1323723, 0.1323723, 0.3374517), (0.1323723, -0.1323723, 0.3374517), (-0.13185109, 4.565029e-8, 1.2146937), (-1.15279825e-7, -0.13185094, 1.2146937), (-1.2313876e-7, 0.13185103, 1.2146937), (0.13185085, 4.565029e-8, 1.2146937), (-1.1920929e-7, 3.4375038e-8, 1.0255263), (-1.1920929e-7, 4.6593293e-8, 1.2305146), (0.12317509, 4.176338e-8, 1.1494821), (-1.228802e-7, 0.12317526, 1.1494821), (-1.15538384e-7, -0.123175174, 1.1494821), (-0.12317533, 4.176338e-8, 1.1494821), (-0.11164429, 3.6597253e-8, 1.062809), (-1.1588203e-7, -0.11164414, 1.062809), (-1.2253655e-7, 0.111644216, 1.062809), (0.11164405, 3.6597253e-8, 1.062809), (-0.09994077, 4.6357542e-8, 1.2265594), (-1.2218776e-7, 0.0999407, 1.2265594), (0.09994053, 4.6357542e-8, 1.2265594), (-1.1623082e-7, -0.09994061, 1.2265594), (-0.09888835, -0.098888196, 1.2146937), (0.098888114, -0.098888196, 1.2146937), (-0.083733246, 0.08373317, 1.062809), (0.08373301, 0.08373317, 1.062809), (0.08125296, 3.4930594e-8, 1.034847), (-1.2163082e-7, 0.081253126, 1.034847), (-1.1678776e-7, -0.08125305, 1.034847), (-0.0812532, 3.4930594e-8, 1.034847), (-0.09238153, -0.09238137, 1.1494821), (0.09238129, -0.09238137, 1.1494821), (-0.09888835, 0.098888285, 1.2146937), (0.098888114, 0.098888285, 1.2146937), (0.12862949, 4.4207063e-8, 1.1904804), (-1.2304275e-7, 0.12862967, 1.1904804), (-1.15375826e-7, -0.12862958, 1.1904804), (-0.12862973, 4.4207063e-8, 1.1904804), (-0.09238153, 0.09238146, 1.1494821), (0.09238129, 0.09238146, 1.1494821), (-0.083733246, -0.0837331, 1.062809), (0.08373301, -0.0837331, 1.062809), (-0.1170071, 3.8999893e-8, 1.1031185), (-1.1572221e-7, -0.11700695, 1.1031185), (-1.2269636e-7, 0.117007025, 1.1031185), (0.11700686, 3.8999893e-8, 1.1031185), (-0.073718406, -0.07371825, 1.2234831), (-0.073718406, 0.07371834, 1.2234831), (0.07371817, 0.07371834, 1.2234831), (0.07371817, -0.07371825, 1.2234831), (-0.06092242, -0.060922273, 1.0420964), (-0.06092242, 0.06092234, 1.0420964), (0.060922183, -0.060922273, 1.0420964), (0.060922183, 0.06092234, 1.0420964), (-0.09647233, -0.096472174, 1.1904802), (0.09647209, -0.096472174, 1.1904802), (-0.09647233, 0.09647226, 1.1904802), (0.09647209, 0.09647226, 1.1904802), (-0.08775535, 0.08775528, 1.1031185), (0.087755114, 0.08775528, 1.1031185), (-0.08775535, -0.0877552, 1.1031185), (0.087755114, -0.0877552, 1.1031185)]
            uniform token subdivisionScheme = "none"
            uniform token subsetFamily:materialBind:familyType = "nonOverlapping"
            custom string userProperties:blender:data_name = "Cube.066"

            def GeomSubset "Glass" (
                prepend apiSchemas = ["MaterialBindingAPI"]
            )
            {
                uniform token elementType = "face"
                uniform token familyName = "materialBind"
                int[] indices = [0, 1, 2, 3, 4, 5, 6, 7, 8, 9, 10, 11, 12, 13, 14, 15, 16, 17, 18, 19, 20, 21, 22, 23, 24, 25, 26, 27, 28, 29, 30, 31, 32, 33, 34, 35, 36, 37, 38, 39, 40, 41, 42, 43, 44, 45, 46, 47, 48, 49, 50, 51, 52, 53, 54, 55, 56, 57, 58, 59, 60, 61, 62, 63, 64, 65, 66, 67, 68, 69, 70, 71, 72, 73, 74, 75, 76, 77, 78, 79, 80, 81, 82, 83, 84, 85, 86, 87, 88, 89, 90, 91, 92, 93, 94, 95, 96, 97, 98, 99, 100, 101, 102, 103, 104, 105, 106, 107, 108, 109, 110, 111, 112, 113, 114, 115, 116, 117, 118, 119, 120, 121, 122, 123, 124, 125, 126, 127, 128, 129, 130, 131, 132, 133, 134, 135, 136, 137, 138, 139, 140, 141, 142, 143, 144, 145, 146, 147, 148, 149, 150, 151, 152, 153, 154, 155, 156, 157, 158, 159, 160, 161, 162, 163, 164, 165, 166, 167, 168, 169, 170, 171, 172, 173, 174, 175, 176, 177, 178, 179, 180, 181, 182, 183, 184, 185, 186, 187, 188, 189, 190, 191, 192, 193, 194, 195, 196, 197, 198, 199, 200, 201, 202, 203, 204, 205, 206, 207, 208, 209, 210, 211, 212, 213, 214, 215, 216, 217, 218, 219, 220, 221, 222, 223, 224, 225, 226, 227, 228, 229, 230, 231, 232, 233, 234, 235, 236, 237, 238, 239, 240, 241, 242, 243, 244, 245, 246, 247, 248, 249, 250, 251, 252, 253, 254, 255, 256, 257, 258, 259, 260, 261, 262, 263, 264, 265, 266, 267, 268, 269, 270, 271, 272, 273, 274, 275, 276, 277, 278, 279, 280, 281, 282, 283, 284, 285, 286, 287, 288, 289, 290, 291, 292, 293, 294, 295, 296, 297, 298, 299, 300, 301, 302, 303, 304, 305, 306, 307, 308, 309, 310, 311, 312, 313, 314, 315, 316, 317, 318, 319, 320, 321, 322, 323, 324, 325, 326, 327, 328, 329, 330, 331, 332, 333, 334, 335, 336, 337, 338, 339, 340, 341, 342, 343, 344, 345, 346, 347, 348, 349, 350, 351, 352, 353, 354, 355, 356, 357, 358, 359, 360, 361, 362, 363, 364, 365, 366, 367, 368, 369, 370, 371, 372, 373, 374, 375, 376, 377, 378, 379, 380, 381, 382, 383, 384, 385, 386, 387, 388, 389, 390, 391, 392, 393, 394, 395, 396, 397, 398, 399, 400, 401, 402, 403, 404, 405, 406, 407, 408, 409, 410, 411, 412, 413, 414, 415, 416, 417, 418, 419, 420, 421, 422, 423, 424, 425, 426, 427, 428, 429, 430, 431, 432, 433, 434, 435, 436, 437, 438, 439, 440, 441, 442, 443, 444, 445, 446, 447, 448, 449, 450, 451, 452, 453, 454, 455, 456, 457, 458, 459, 460, 461, 462, 463, 464, 465, 466, 467, 468, 469, 470, 471, 472, 473, 474, 475, 476, 477, 478, 479, 480, 481, 482, 483, 484, 485, 486, 487, 488, 489, 490, 491, 492, 493, 494, 495, 496, 497, 498, 499, 500, 501, 502, 503, 504, 505, 506, 507, 508, 509, 510, 511, 512, 513, 514, 515, 516, 517, 518, 519, 520, 521, 522, 523, 524, 525, 526, 527, 528, 529, 530, 531, 532, 533, 534, 535, 536, 537, 538, 539, 540, 541, 542, 543, 544, 545, 546, 547, 548, 549, 550, 551, 552, 553, 554, 555, 556, 557, 558, 559, 560, 561, 562, 563, 564, 565, 566, 567, 568, 569, 570, 571, 572, 573, 574, 575, 576, 577, 578, 579, 580, 581, 582, 583, 584, 585, 586, 587, 588, 589, 590, 591, 592, 593, 594, 595, 596, 597, 598, 599, 600, 601, 602, 603, 604, 605, 606, 607, 608, 609, 610, 611, 612, 613, 614, 615, 616, 617, 618, 619, 620, 621, 622, 623, 624, 625, 626, 627, 628, 629, 630, 631, 632, 633, 634, 635, 636, 637, 638, 639, 640, 641, 642, 643, 644, 645, 646, 647, 648, 649, 650, 651, 652, 653, 654, 655, 656, 657, 658, 659, 660, 661, 662, 663, 664, 665, 666, 667, 668, 669, 670, 671, 672, 673, 674, 675, 676, 677, 678, 679, 680, 681, 682, 683, 684, 685, 686, 687, 688, 689, 690, 691, 692, 693, 694, 695, 696, 697, 698, 699, 700, 701, 702, 703, 704, 705, 706, 707, 708, 709, 710, 711, 712, 713, 714, 715, 716, 717, 718, 719, 720, 721, 722, 723, 724, 725, 726, 727, 728, 729, 730, 731, 732, 733, 734, 735]
                rel material:binding = </root/_materials/Glass>
            }

            def GeomSubset "Liquid_Green" (
                prepend apiSchemas = ["MaterialBindingAPI"]
            )
            {
                uniform token elementType = "face"
                uniform token familyName = "materialBind"
                int[] indices = [736, 737, 738, 739, 740, 741, 742, 743, 744, 745, 746, 747, 748, 749, 750, 751, 752, 753, 754, 755, 756, 757, 758, 759, 760, 761, 762, 763, 764, 765, 766, 767, 768, 769, 770, 771, 772, 773, 774, 775, 776, 777, 778, 779, 780, 781, 782, 783, 784, 785, 786, 787, 788, 789, 790, 791, 792, 793, 794, 795, 796, 797, 798, 799, 800, 801, 802, 803, 804, 805, 806, 807, 808, 809, 810, 811, 812, 813, 814, 815, 816, 817, 818, 819, 820, 821, 822, 823, 824, 825, 826, 827, 828, 829, 830, 831, 832, 833, 834, 835, 836, 837, 838, 839, 840, 841, 842, 843, 844, 845, 846, 847, 848, 849, 850, 851, 852, 853, 854, 855, 856, 857, 858, 859, 860, 861, 862, 863, 864, 865, 866, 867, 868, 869, 870, 871, 872, 873, 874, 875, 876, 877, 878, 879, 880, 881, 882, 883, 884, 885, 886, 887, 888, 889, 890, 891, 892, 893, 894, 895, 896, 897, 898, 899, 900, 901, 902, 903, 904, 905, 906, 907, 908, 909, 910, 911, 912, 913, 914, 915, 916, 917, 918, 919, 920, 921, 922, 923, 924, 925, 926, 927, 928]
                rel material:binding = </root/_materials/Liquid_Green>
            }

            def GeomSubset "Brown" (
                prepend apiSchemas = ["MaterialBindingAPI"]
            )
            {
                uniform token elementType = "face"
                uniform token familyName = "materialBind"
                int[] indices = [929, 930, 931, 932, 933, 934, 935, 936, 937, 938, 939, 940, 941, 942, 943, 944, 945, 946, 947, 948, 949, 950, 951, 952, 953, 954, 955, 956, 957, 958, 959, 960, 961, 962, 963, 964, 965, 966, 967, 968, 969, 970, 971, 972, 973, 974, 975, 976, 977, 978, 979, 980, 981, 982, 983, 984]
                rel material:binding = </root/_materials/Brown>
            }
        }
    }

    def Scope "_materials"
    {
        def Material "Glass"
        {
            token outputs:surface.connect = </root/_materials/Glass/Principled_BSDF.outputs:surface>
            custom string userProperties:blender:data_name = "Glass"

            def Shader "Principled_BSDF"
            {
                uniform token info:id = "UsdPreviewSurface"
                float inputs:clearcoat = 0
                float inputs:clearcoatRoughness = 0.03
                color3f inputs:diffuseColor = (0.8, 0.8, 0.8)
                color3f inputs:emissiveColor = (0, 0, 0)
                float inputs:ior = 1.5
                float inputs:metallic = 0
                float inputs:opacity = 1
                float inputs:roughness = 0.5527864
                float inputs:specular = 1
                token outputs:surface
            }
        }

        def Material "Liquid_Green"
        {
            token outputs:surface.connect = </root/_materials/Liquid_Green/Principled_BSDF.outputs:surface>
            custom string userProperties:blender:data_name = "Liquid_Green"

            def Shader "Principled_BSDF"
            {
                uniform token info:id = "UsdPreviewSurface"
                float inputs:clearcoat = 0
                float inputs:clearcoatRoughness = 0.03
                color3f inputs:diffuseColor = (0.8, 0.8, 0.8)
                color3f inputs:emissiveColor = (0, 0, 0)
                float inputs:ior = 1.5
                float inputs:metallic = 0
                float inputs:opacity = 1
                float inputs:roughness = 0.5527864
                float inputs:specular = 1
                token outputs:surface
            }
        }

        def Material "Brown"
        {
            token outputs:surface.connect = </root/_materials/Brown/Principled_BSDF.outputs:surface>
            custom string userProperties:blender:data_name = "Brown"

            def Shader "Principled_BSDF"
            {
                uniform token info:id = "UsdPreviewSurface"
                float inputs:clearcoat = 0
                float inputs:clearcoatRoughness = 0.03
                color3f inputs:diffuseColor = (0.13757768, 0.07494225, 0.051091988)
                float inputs:ior = 1.5
                float inputs:metallic = 0
                float inputs:opacity = 1
                float inputs:roughness = 0.6900348
                float inputs:specular = 0.5
                token outputs:surface
            }
        }
    }
}

